Timestamp,Open,High,Low,Close,AdjClose,Volume,AdjHigh,AdjLow,AdjOpen,AdjVolume,DivCash,SplitFactor
2016-10-07 00:00:00,17.8,17.93,17.56,17.66,17.66,1061337,17.93,17.56,17.8,1061337,0.0,1.0
2016-10-10 00:00:00,17.77,18.28,17.7274,17.98,17.98,1179423,18.28,17.7274,17.77,1179423,0.0,1.0
2016-10-11 00:00:00,17.86,17.97,17.71,17.9,17.9,937108,17.97,17.71,17.86,937108,0.0,1.0
2016-10-12 00:00:00,17.9,18.25,17.61,18.19,18.19,1517907,18.25,17.61,17.9,1517907,0.0,1.0
2016-10-13 00:00:00,17.88,17.89,17.5,17.72,17.72,1328341,17.89,17.5,17.88,1328341,0.0,1.0
2016-10-14 00:00:00,17.96,18.02,17.76,17.78,17.78,594985,18.02,17.76,17.96,594985,0.0,1.0
2016-10-17 00:00:00,17.71,17.93,17.67,17.75,17.75,726544,17.93,17.67,17.71,726544,0.0,1.0
2016-10-18 00:00:00,17.97,17.97,17.27,17.47,17.47,1073170,17.97,17.27,17.97,1073170,0.0,1.0
2016-10-19 00:00:00,17.46,17.99,17.43,17.79,17.79,1587829,17.99,17.43,17.46,1587829,0.0,1.0
2016-10-20 00:00:00,17.85,17.91,17.565,17.74,17.74,504173,17.91,17.565,17.85,504173,0.0,1.0
2016-10-21 00:00:00,17.46,17.7231,17.41,17.52,17.52,615944,17.7231,17.41,17.46,615944,0.0,1.0
2016-10-24 00:00:00,17.7,17.89,17.47,17.69,17.69,847759,17.89,17.47,17.7,847759,0.0,1.0
2016-10-25 00:00:00,17.62,17.74,17.04,17.2,17.2,756379,17.74,17.04,17.62,756379,0.0,1.0
2016-10-26 00:00:00,17.1,17.72,17.09,17.49,17.49,598591,17.72,17.09,17.1,598591,0.0,1.0
2016-10-27 00:00:00,17.48,17.505,17.14,17.36,17.36,628411,17.505,17.14,17.48,628411,0.0,1.0
2016-10-28 00:00:00,17.19,17.67,17.03,17.58,17.58,811204,17.67,17.03,17.19,811204,0.0,1.0
2016-10-31 00:00:00,17.65,17.95,17.57,17.92,17.92,1032323,17.95,17.57,17.65,1032323,0.0,1.0
2016-11-01 00:00:00,18.02,18.04,16.85,17.06,17.06,2376315,18.04,16.85,18.02,2376315,0.0,1.0
2016-11-02 00:00:00,16.94,17.2,16.5007,16.61,16.61,1268666,17.2,16.5007,16.94,1268666,0.0,1.0
2016-11-03 00:00:00,14.91,15.01,13.66,13.68,13.68,8362348,15.01,13.66,14.91,8362348,0.0,1.0
2016-11-04 00:00:00,13.38,13.94,12.85,13.65,13.65,4914879,13.94,12.85,13.38,4914879,0.0,1.0
2016-11-07 00:00:00,13.98,14.07,13.61,13.79,13.79,2202172,14.07,13.61,13.98,2202172,0.0,1.0
2016-11-08 00:00:00,13.69,13.805,13.4,13.74,13.74,2379437,13.805,13.4,13.69,2379437,0.0,1.0
2016-11-09 00:00:00,12.79,13.805,12.61,13.76,13.76,2459531,13.805,12.61,12.79,2459531,0.0,1.0
2016-11-10 00:00:00,13.27,14.0,13.27,13.45,13.45,2407109,14.0,13.27,13.27,2407109,0.0,1.0
2016-11-11 00:00:00,13.56,13.86,13.37,13.75,13.75,1934443,13.86,13.37,13.56,1934443,0.0,1.0
2016-11-14 00:00:00,13.91,14.755,13.85,14.49,14.49,2847888,14.755,13.85,13.91,2847888,0.0,1.0
2016-11-15 00:00:00,14.44,15.11,14.37,15.11,15.11,2300987,15.11,14.37,14.44,2300987,0.0,1.0
2016-11-16 00:00:00,15.0,15.45,14.96,15.37,15.37,2686749,15.45,14.96,15.0,2686749,0.0,1.0
2016-11-17 00:00:00,15.46,15.91,15.29,15.71,15.71,1858029,15.91,15.29,15.46,1858029,0.0,1.0
2016-11-18 00:00:00,15.7,16.16,15.63,15.67,15.67,1827919,16.16,15.63,15.7,1827919,0.0,1.0
2016-11-21 00:00:00,15.78,15.91,15.6,15.77,15.77,1208013,15.91,15.6,15.78,1208013,0.0,1.0
2016-11-22 00:00:00,15.86,15.98,15.7,15.96,15.96,1052793,15.98,15.7,15.86,1052793,0.0,1.0
2016-11-23 00:00:00,15.95,16.2,15.93,16.04,16.04,1047425,16.2,15.93,15.95,1047425,0.0,1.0
2016-11-25 00:00:00,16.1,16.23,15.9,15.98,15.98,435166,16.23,15.9,16.1,435166,0.0,1.0
2016-11-28 00:00:00,15.94,16.19,15.54,15.59,15.59,1326104,16.19,15.54,15.94,1326104,0.0,1.0
2016-11-29 00:00:00,15.6,15.81,15.3425,15.37,15.37,1691204,15.81,15.3425,15.6,1691204,0.0,1.0
2016-11-30 00:00:00,15.48,15.715,15.19,15.66,15.66,2108861,15.715,15.19,15.48,2108861,0.0,1.0
2016-12-01 00:00:00,16.39,16.73,16.22,16.22,16.22,2144565,16.73,16.22,16.39,2144565,0.0,1.0
2016-12-02 00:00:00,16.24,16.4,15.77,15.8,15.8,1274396,16.4,15.77,16.24,1274396,0.0,1.0
2016-12-05 00:00:00,16.02,16.17,15.695,16.01,16.01,980112,16.17,15.695,16.02,980112,0.0,1.0
2016-12-06 00:00:00,16.14,16.93,16.08,16.69,16.69,1381875,16.93,16.08,16.14,1381875,0.0,1.0
2016-12-07 00:00:00,16.76,17.64,16.76,17.49,17.49,1864767,17.64,16.76,16.76,1864767,0.0,1.0
2016-12-08 00:00:00,17.61,17.93,17.34,17.9,17.9,1433001,17.93,17.34,17.61,1433001,0.0,1.0
2016-12-09 00:00:00,17.98,18.09,17.72,18.01,18.01,942822,18.09,17.72,17.98,942822,0.0,1.0
2016-12-12 00:00:00,18.02,18.26,17.9,18.03,18.03,1172084,18.26,17.9,18.02,1172084,0.0,1.0
2016-12-13 00:00:00,18.24,18.25,17.82,17.99,17.99,996113,18.25,17.82,18.24,996113,0.0,1.0
2016-12-14 00:00:00,17.81,17.925,17.36,17.47,17.47,1139608,17.925,17.36,17.81,1139608,0.0,1.0
2016-12-15 00:00:00,17.48,18.08,17.39,18.04,18.04,867859,18.08,17.39,17.48,867859,0.0,1.0
2016-12-16 00:00:00,18.54,18.99,18.47,18.6,18.6,3453295,18.99,18.47,18.54,3453295,0.0,1.0
2016-12-19 00:00:00,18.63,18.689,18.07,18.53,18.53,1299084,18.689,18.07,18.63,1299084,0.0,1.0
2016-12-20 00:00:00,18.99,19.13,18.69,18.83,18.83,1860844,19.13,18.69,18.99,1860844,0.0,1.0
2016-12-21 00:00:00,18.78,19.39,18.67,19.25,19.25,1167351,19.39,18.67,18.78,1167351,0.0,1.0
2016-12-22 00:00:00,19.14,19.14,18.77,18.98,18.98,1108499,19.14,18.77,19.14,1108499,0.0,1.0
2016-12-23 00:00:00,18.95,19.12,18.86,19.11,19.11,450133,19.12,18.86,18.95,450133,0.0,1.0
2016-12-27 00:00:00,19.22,19.58,19.14,19.51,19.51,871440,19.58,19.14,19.22,871440,0.0,1.0
2016-12-28 00:00:00,19.58,19.74,19.13,19.22,19.22,1048405,19.74,19.13,19.58,1048405,0.0,1.0
2016-12-29 00:00:00,19.27,19.46,19.12,19.43,19.43,734287,19.46,19.12,19.27,734287,0.0,1.0
2016-12-30 00:00:00,19.47,19.5,19.19,19.3,19.3,626869,19.5,19.19,19.47,626869,0.0,1.0
2017-01-03 00:00:00,19.57,19.7,19.1,19.48,19.48,1838036,19.7,19.1,19.57,1838036,0.0,1.0
2017-01-04 00:00:00,19.69,20.265,19.58,20.04,20.04,3424153,20.265,19.58,19.69,3424153,0.0,1.0
2017-01-05 00:00:00,19.85,20.02,19.48,19.52,19.52,2347469,20.02,19.48,19.85,2347469,0.0,1.0
2017-01-06 00:00:00,19.74,19.76,19.06,19.25,19.25,1616594,19.76,19.06,19.74,1616594,0.0,1.0
2017-01-09 00:00:00,19.25,19.33,18.84,19.11,19.11,1651924,19.33,18.84,19.25,1651924,0.0,1.0
2017-01-10 00:00:00,19.18,19.99,19.1,19.93,19.93,2178212,19.99,19.1,19.18,2178212,0.0,1.0
2017-01-11 00:00:00,20.51,20.82,20.24,20.61,20.61,2136249,20.82,20.24,20.51,2136249,0.0,1.0
2017-01-12 00:00:00,20.51,20.67,19.88,20.47,20.47,2110187,20.67,19.88,20.51,2110187,0.0,1.0
2017-01-13 00:00:00,20.49,20.73,20.41,20.69,20.69,724053,20.73,20.41,20.49,724053,0.0,1.0
2017-01-17 00:00:00,20.54,20.54,19.99,20.31,20.31,1579024,20.54,19.99,20.54,1579024,0.0,1.0
2017-01-18 00:00:00,20.25,20.45,20.01,20.34,20.34,1257688,20.45,20.01,20.25,1257688,0.0,1.0
2017-01-19 00:00:00,20.43,20.9,20.41,20.57,20.57,2578576,20.9,20.41,20.43,2578576,0.0,1.0
2017-01-20 00:00:00,20.62,20.64,19.925,20.02,20.02,1607239,20.64,19.925,20.62,1607239,0.0,1.0
2017-01-23 00:00:00,19.81,19.9,19.55,19.72,19.72,1987412,19.9,19.55,19.81,1987412,0.0,1.0
2017-01-24 00:00:00,19.72,20.21,19.72,20.1,20.1,1937270,20.21,19.72,19.72,1937270,0.0,1.0
2017-01-25 00:00:00,20.2,20.74,20.2,20.69,20.69,1197743,20.74,20.2,20.2,1197743,0.0,1.0
2017-01-26 00:00:00,20.68,20.88,20.38,20.45,20.45,1659062,20.88,20.38,20.68,1659062,0.0,1.0
2017-01-27 00:00:00,20.48,20.48,20.045,20.13,20.13,2019016,20.48,20.045,20.48,2019016,0.0,1.0
2017-01-30 00:00:00,19.88,20.14,19.62,20.12,20.12,1348911,20.14,19.62,19.88,1348911,0.0,1.0
2017-01-31 00:00:00,20.1,20.44,19.9,20.4,20.4,1814821,20.44,19.9,20.1,1814821,0.0,1.0
2017-02-01 00:00:00,20.58,20.83,20.43,20.7,20.7,1277166,20.83,20.43,20.58,1277166,0.0,1.0
2017-02-02 00:00:00,20.84,20.84,20.23,20.24,20.24,1477772,20.84,20.23,20.84,1477772,0.0,1.0
2017-02-03 00:00:00,20.51,20.63,20.16,20.2,20.2,1220140,20.63,20.16,20.51,1220140,0.0,1.0
2017-02-06 00:00:00,20.05,20.42,20.0,20.42,20.42,1293707,20.42,20.0,20.05,1293707,0.0,1.0
2017-02-07 00:00:00,20.42,20.55,20.16,20.27,20.27,1294264,20.55,20.16,20.42,1294264,0.0,1.0
2017-02-08 00:00:00,20.27,20.43,20.07,20.41,20.41,1168386,20.43,20.07,20.27,1168386,0.0,1.0
2017-02-09 00:00:00,20.46,21.25,20.44,21.2,21.2,2240196,21.25,20.44,20.46,2240196,0.0,1.0
2017-02-10 00:00:00,20.64,21.15,19.89,20.49,20.49,2880949,21.15,19.89,20.64,2880949,0.0,1.0
2017-02-13 00:00:00,20.39,20.74,20.05,20.34,20.34,2101326,20.74,20.05,20.39,2101326,0.0,1.0
2017-02-14 00:00:00,20.2,20.62,20.2,20.36,20.36,1313033,20.62,20.2,20.2,1313033,0.0,1.0
2017-02-15 00:00:00,20.39,20.42,20.16,20.4,20.4,1151935,20.42,20.16,20.39,1151935,0.0,1.0
2017-02-16 00:00:00,20.43,20.63,19.68,19.95,19.95,1457113,20.63,19.68,20.43,1457113,0.0,1.0
2017-02-17 00:00:00,19.86,20.2,19.66,20.19,20.19,1546129,20.2,19.66,19.86,1546129,0.0,1.0
2017-02-21 00:00:00,20.33,20.69,20.31,20.59,20.59,1390034,20.69,20.31,20.33,1390034,0.0,1.0
2017-02-22 00:00:00,20.59,20.66,20.29,20.49,20.49,703361,20.66,20.29,20.59,703361,0.0,1.0
2017-02-23 00:00:00,20.56,20.77,19.95,20.04,20.04,1000187,20.77,19.95,20.56,1000187,0.0,1.0
2017-02-24 00:00:00,19.85,19.96,19.45,19.67,19.67,924144,19.96,19.45,19.85,924144,0.0,1.0
2017-02-27 00:00:00,19.55,20.12,19.47,20.05,20.05,1046804,20.12,19.47,19.55,1046804,0.0,1.0
2017-02-28 00:00:00,20.07,20.07,19.57,19.82,19.82,1589657,20.07,19.57,20.07,1589657,0.0,1.0
2017-03-01 00:00:00,20.19,20.81,20.03,20.3,20.3,2083733,20.81,20.03,20.19,2083733,0.0,1.0
2017-03-02 00:00:00,20.31,20.83,20.21,20.52,20.52,1441956,20.83,20.21,20.31,1441956,0.0,1.0
2017-03-03 00:00:00,20.56,20.69,20.33,20.44,20.44,1285977,20.69,20.33,20.56,1285977,0.0,1.0
2017-03-06 00:00:00,20.23,20.31,19.72,19.8,19.8,1072020,20.31,19.72,20.23,1072020,0.0,1.0
2017-03-07 00:00:00,19.74,19.81,19.34,19.35,19.35,1740187,19.81,19.34,19.74,1740187,0.0,1.0
2017-03-08 00:00:00,19.5,19.95,19.36,19.84,19.84,1344093,19.95,19.36,19.5,1344093,0.0,1.0
2017-03-09 00:00:00,19.82,19.91,19.34,19.4,19.4,1278314,19.91,19.34,19.82,1278314,0.0,1.0
2017-03-10 00:00:00,19.61,19.68,19.44,19.56,19.56,772961,19.68,19.44,19.61,772961,0.0,1.0
2017-03-13 00:00:00,19.6,19.93,19.54,19.75,19.75,638793,19.93,19.54,19.6,638793,0.0,1.0
2017-03-14 00:00:00,19.65,20.08,19.64,19.92,19.92,671854,20.08,19.64,19.65,671854,0.0,1.0
2017-03-15 00:00:00,19.98,20.59,19.95,20.39,20.39,1258701,20.59,19.95,19.98,1258701,0.0,1.0
2017-03-16 00:00:00,20.52,20.76,20.44,20.64,20.64,1148353,20.76,20.44,20.52,1148353,0.0,1.0
2017-03-17 00:00:00,20.7,20.77,20.22,20.38,20.38,1808307,20.77,20.22,20.7,1808307,0.0,1.0
2017-03-20 00:00:00,20.29,20.34,19.95,20.09,20.09,1052705,20.34,19.95,20.29,1052705,0.0,1.0
2017-03-21 00:00:00,20.19,20.2,18.93,18.97,18.97,1530243,20.2,18.93,20.19,1530243,0.0,1.0
2017-03-22 00:00:00,18.9,19.16,18.56,18.77,18.77,1173087,19.16,18.56,18.9,1173087,0.0,1.0
2017-03-23 00:00:00,18.64,18.82,18.47,18.62,18.62,1362870,18.82,18.47,18.64,1362870,0.0,1.0
2017-03-24 00:00:00,18.66,18.95,18.5,18.62,18.62,1093127,18.95,18.5,18.66,1093127,0.0,1.0
2017-03-27 00:00:00,18.31,18.58,18.16,18.54,18.54,997696,18.58,18.16,18.31,997696,0.0,1.0
2017-03-28 00:00:00,18.52,18.88,18.38,18.71,18.71,1009342,18.88,18.38,18.52,1009342,0.0,1.0
2017-03-29 00:00:00,18.7,18.9,18.6,18.65,18.65,945606,18.9,18.6,18.7,945606,0.0,1.0
2017-03-30 00:00:00,18.66,18.98,18.61,18.89,18.89,800622,18.98,18.61,18.66,800622,0.0,1.0
2017-03-31 00:00:00,18.91,19.0,18.64,18.78,18.78,806777,19.0,18.64,18.91,806777,0.0,1.0
2017-04-03 00:00:00,18.81,18.97,17.14,17.61,17.61,3763944,18.97,17.14,18.81,3763944,0.0,1.0
2017-04-04 00:00:00,17.48,17.65,17.33,17.39,17.39,3558437,17.65,17.33,17.48,3558437,0.0,1.0
2017-04-05 00:00:00,17.64,17.68,16.77,16.88,16.88,3695416,17.68,16.77,17.64,3695416,0.0,1.0
2017-04-06 00:00:00,16.98,17.35,16.9,17.0,17.0,1663195,17.35,16.9,16.98,1663195,0.0,1.0
2017-04-07 00:00:00,16.89,17.07,16.78,16.96,16.96,1853900,17.07,16.78,16.89,1853900,0.0,1.0
2017-04-10 00:00:00,16.92,16.99,16.64,16.78,16.78,1630156,16.99,16.64,16.92,1630156,0.0,1.0
2017-04-11 00:00:00,16.71,16.87,16.56,16.78,16.78,1575993,16.87,16.56,16.71,1575993,0.0,1.0
2017-04-12 00:00:00,16.78,16.94,16.59,16.7,16.7,1436742,16.94,16.59,16.78,1436742,0.0,1.0
2017-04-13 00:00:00,16.64,16.81,16.47,16.68,16.68,1892273,16.81,16.47,16.64,1892273,0.0,1.0
2017-04-17 00:00:00,16.69,16.94,16.64,16.85,16.85,1458632,16.94,16.64,16.69,1458632,0.0,1.0
2017-04-18 00:00:00,16.78,17.12,16.75,17.01,17.01,1173303,17.12,16.75,16.78,1173303,0.0,1.0
2017-04-19 00:00:00,17.05,17.36,17.01,17.03,17.03,1085853,17.36,17.01,17.05,1085853,0.0,1.0
2017-04-20 00:00:00,17.21,17.57,17.19,17.29,17.29,1391000,17.57,17.19,17.21,1391000,0.0,1.0
2017-04-21 00:00:00,17.25,17.34,16.94,16.99,16.99,1300354,17.34,16.94,17.25,1300354,0.0,1.0
2017-04-24 00:00:00,17.25,17.39,17.12,17.22,17.22,1326118,17.39,17.12,17.25,1326118,0.0,1.0
2017-04-25 00:00:00,17.46,17.67,17.33,17.61,17.61,903002,17.67,17.33,17.46,903002,0.0,1.0
2017-04-26 00:00:00,17.62,17.95,17.46,17.47,17.47,1566709,17.95,17.46,17.62,1566709,0.0,1.0
2017-04-27 00:00:00,17.59,17.76,17.43,17.69,17.69,1271383,17.76,17.43,17.59,1271383,0.0,1.0
2017-04-28 00:00:00,17.75,17.8,17.54,17.59,17.59,843587,17.8,17.54,17.75,843587,0.0,1.0
2017-05-01 00:00:00,17.77,17.82,17.51,17.53,17.53,1186721,17.82,17.51,17.77,1186721,0.0,1.0
2017-05-02 00:00:00,17.63,17.77,16.19,16.57,16.57,3816349,17.77,16.19,17.63,3816349,0.0,1.0
2017-05-03 00:00:00,16.72,16.87,16.55,16.62,16.62,1456628,16.87,16.55,16.72,1456628,0.0,1.0
2017-05-04 00:00:00,16.66,16.81,16.45,16.64,16.64,1819987,16.81,16.45,16.66,1819987,0.0,1.0
2017-05-05 00:00:00,17.62,18.14,17.15,17.57,17.57,2661336,18.14,17.15,17.62,2661336,0.0,1.0
2017-05-08 00:00:00,17.59,18.0,17.55,17.89,17.89,1460089,18.0,17.55,17.59,1460089,0.0,1.0
2017-05-09 00:00:00,18.01,18.09,17.85,17.92,17.92,1708966,18.09,17.85,18.01,1708966,0.0,1.0
2017-05-10 00:00:00,17.9,18.05,17.62,17.68,17.68,1358938,18.05,17.62,17.9,1358938,0.0,1.0
2017-05-11 00:00:00,17.69,17.84,17.54,17.69,17.69,935856,17.84,17.54,17.69,935856,0.0,1.0
2017-05-12 00:00:00,17.62,17.81,17.2,17.25,17.25,839123,17.81,17.2,17.62,839123,0.0,1.0
2017-05-15 00:00:00,17.31,17.58,17.3,17.33,17.33,846686,17.58,17.3,17.31,846686,0.0,1.0
2017-05-16 00:00:00,17.46,17.48,16.71,16.82,16.82,2093146,17.48,16.71,17.46,2093146,0.0,1.0
2017-05-17 00:00:00,16.82,16.82,15.78,15.85,15.85,1915041,16.82,15.78,16.82,1915041,0.0,1.0
2017-05-18 00:00:00,15.76,15.87,15.51,15.77,15.77,2159873,15.87,15.51,15.76,2159873,0.0,1.0
2017-05-19 00:00:00,15.81,15.96,15.66,15.68,15.68,1598799,15.96,15.66,15.81,1598799,0.0,1.0
2017-05-22 00:00:00,15.72,15.82,15.56,15.66,15.66,1026181,15.82,15.56,15.72,1026181,0.0,1.0
2017-05-23 00:00:00,15.7,15.82,15.6,15.64,15.64,1263984,15.82,15.6,15.7,1263984,0.0,1.0
2017-05-24 00:00:00,15.7,15.71,15.53,15.58,15.58,816202,15.71,15.53,15.7,816202,0.0,1.0
2017-05-25 00:00:00,15.66,15.7,15.09,15.22,15.22,2261497,15.7,15.09,15.66,2261497,0.0,1.0
2017-05-26 00:00:00,15.18,15.37,15.02,15.23,15.23,796743,15.37,15.02,15.18,796743,0.0,1.0
2017-05-30 00:00:00,15.22,15.33,15.16,15.24,15.24,1778878,15.33,15.16,15.22,1778878,0.0,1.0
2017-05-31 00:00:00,15.25,15.25,14.76,15.11,15.11,1800347,15.25,14.76,15.25,1800347,0.0,1.0
2017-06-01 00:00:00,15.32,15.89,14.99,15.74,15.74,1682215,15.89,14.99,15.32,1682215,0.0,1.0
2017-06-02 00:00:00,15.75,15.92,15.51,15.55,15.55,1645583,15.92,15.51,15.75,1645583,0.0,1.0
2017-06-05 00:00:00,15.63,15.72,15.43,15.63,15.63,1136304,15.72,15.43,15.63,1136304,0.0,1.0
2017-06-06 00:00:00,15.5,15.77,15.41,15.71,15.71,853022,15.77,15.41,15.5,853022,0.0,1.0
2017-06-07 00:00:00,15.8,16.17,15.66,16.14,16.14,1661043,16.17,15.66,15.8,1661043,0.0,1.0
2017-06-08 00:00:00,15.82,15.97,15.5,15.75,15.75,1757111,15.97,15.5,15.82,1757111,0.0,1.0
2017-06-09 00:00:00,15.82,16.4,15.71,16.26,16.26,1705738,16.4,15.71,15.82,1705738,0.0,1.0
2017-06-12 00:00:00,16.18,16.68,16.11,16.34,16.34,1615565,16.68,16.11,16.18,1615565,0.0,1.0
2017-06-13 00:00:00,16.41,16.49,16.12,16.28,16.28,1376154,16.49,16.12,16.41,1376154,0.0,1.0
2017-06-14 00:00:00,16.14,16.22,15.82,15.84,15.84,1654124,16.22,15.82,16.14,1654124,0.0,1.0
2017-06-15 00:00:00,15.7,15.96,15.55,15.86,15.86,1605995,15.96,15.55,15.7,1605995,0.0,1.0
2017-06-16 00:00:00,15.63,15.63,14.38,14.55,14.55,4232059,15.63,14.38,15.63,4232059,0.0,1.0
2017-06-19 00:00:00,14.58,14.61,14.31,14.52,14.52,1447660,14.61,14.31,14.58,1447660,0.0,1.0
2017-06-20 00:00:00,14.46,14.49,14.25,14.3,14.3,1578066,14.49,14.25,14.46,1578066,0.0,1.0
2017-06-21 00:00:00,14.55,14.76,14.39,14.7,14.7,1496166,14.76,14.39,14.55,1496166,0.0,1.0
2017-06-22 00:00:00,14.55,14.83,14.4,14.63,14.63,1708734,14.83,14.4,14.55,1708734,0.0,1.0
2017-06-23 00:00:00,14.65,14.79,14.51,14.72,14.72,2363560,14.79,14.51,14.65,2363560,0.0,1.0
2017-06-26 00:00:00,14.8,15.06,14.74,14.97,14.97,2745110,15.06,14.74,14.8,2745110,0.0,1.0
2017-06-27 00:00:00,14.9,14.97,14.54,14.66,14.66,1294880,14.97,14.54,14.9,1294880,0.0,1.0
2017-06-28 00:00:00,14.8,14.96,14.74,14.8,14.8,1437381,14.96,14.74,14.8,1437381,0.0,1.0
2017-06-29 00:00:00,14.93,15.15,14.81,15.14,15.14,1583707,15.15,14.81,14.93,1583707,0.0,1.0
2017-06-30 00:00:00,15.22,15.73,15.2,15.6,15.6,1989937,15.73,15.2,15.22,1989937,0.0,1.0
2017-07-03 00:00:00,15.74,16.46,15.7,15.89,15.89,1384287,16.46,15.7,15.74,1384287,0.0,1.0
2017-07-05 00:00:00,15.89,15.96,15.26,15.43,15.43,1458310,15.96,15.26,15.89,1458310,0.0,1.0
2017-07-06 00:00:00,15.37,15.67,15.28,15.42,15.42,1123226,15.67,15.28,15.37,1123226,0.0,1.0
2017-07-07 00:00:00,15.49,15.82,15.44,15.76,15.76,1087149,15.82,15.44,15.49,1087149,0.0,1.0
2017-07-10 00:00:00,15.78,16.07,15.64,16.05,16.05,918686,16.07,15.64,15.78,918686,0.0,1.0
2017-07-11 00:00:00,15.95,16.19,15.86,16.13,16.13,1124034,16.19,15.86,15.95,1124034,0.0,1.0
2017-07-12 00:00:00,16.15,16.43,16.14,16.29,16.29,917008,16.43,16.14,16.15,917008,0.0,1.0
2017-07-13 00:00:00,16.31,16.94,16.29,16.77,16.77,1964022,16.94,16.29,16.31,1964022,0.0,1.0
2017-07-14 00:00:00,16.67,16.91,16.4,16.9,16.9,1297739,16.91,16.4,16.67,1297739,0.0,1.0
2017-07-17 00:00:00,16.9,16.92,16.54,16.57,16.57,1843358,16.92,16.54,16.9,1843358,0.0,1.0
2017-07-18 00:00:00,16.5,16.56,16.23,16.32,16.32,1239200,16.56,16.23,16.5,1239200,0.0,1.0
2017-07-19 00:00:00,16.27,16.74,16.23,16.64,16.64,1332469,16.74,16.23,16.27,1332469,0.0,1.0
2017-07-20 00:00:00,16.66,16.75,16.46,16.52,16.52,855935,16.75,16.46,16.66,855935,0.0,1.0
2017-07-21 00:00:00,16.44,16.46,15.17,15.5,15.5,2804546,16.46,15.17,16.44,2804546,0.0,1.0
2017-07-24 00:00:00,15.5,15.67,15.23,15.43,15.43,2094370,15.67,15.23,15.5,2094370,0.0,1.0
2017-07-25 00:00:00,15.52,15.97,15.43,15.84,15.84,1513463,15.97,15.43,15.52,1513463,0.0,1.0
2017-07-26 00:00:00,15.84,16.03,15.62,16.0,16.0,1580154,16.03,15.62,15.84,1580154,0.0,1.0
2017-07-27 00:00:00,16.06,16.21,15.79,16.0,16.0,2611016,16.21,15.79,16.06,2611016,0.0,1.0
2017-07-28 00:00:00,16.2,16.37,14.8,15.43,15.43,3396624,16.37,14.8,16.2,3396624,0.0,1.0
2017-07-31 00:00:00,15.16,15.28,14.47,14.74,14.74,5187820,15.28,14.47,15.16,5187820,0.0,1.0
2017-08-01 00:00:00,14.85,14.88,13.88,14.33,14.33,4727216,14.88,13.88,14.85,4727216,0.0,1.0
2017-08-02 00:00:00,14.09,14.45,14.01,14.42,14.42,2684828,14.45,14.01,14.09,2684828,0.0,1.0
2017-08-03 00:00:00,14.45,14.6,14.08,14.09,14.09,2655540,14.6,14.08,14.45,2655540,0.0,1.0
2017-08-04 00:00:00,14.18,14.42,13.96,14.29,14.29,1654797,14.42,13.96,14.18,1654797,0.0,1.0
2017-08-07 00:00:00,14.22,14.65,14.1,14.63,14.63,1620219,14.65,14.1,14.22,1620219,0.0,1.0
2017-08-08 00:00:00,14.5,14.78,14.5,14.69,14.69,1955984,14.78,14.5,14.5,1955984,0.0,1.0
2017-08-09 00:00:00,14.5,14.63,14.27,14.48,14.48,1644312,14.63,14.27,14.5,1644312,0.0,1.0
2017-08-10 00:00:00,14.33,14.4,13.99,14.14,14.14,1833771,14.4,13.99,14.33,1833771,0.0,1.0
2017-08-11 00:00:00,14.11,14.47,14.06,14.35,14.35,1603582,14.47,14.06,14.11,1603582,0.0,1.0
2017-08-14 00:00:00,14.48,14.51,14.22,14.42,14.42,1432633,14.51,14.22,14.48,1432633,0.0,1.0
2017-08-15 00:00:00,14.48,14.54,14.29,14.3,14.3,836460,14.54,14.29,14.48,836460,0.0,1.0
2017-08-16 00:00:00,14.41,14.61,14.37,14.43,14.43,759846,14.61,14.37,14.41,759846,0.0,1.0
2017-08-17 00:00:00,14.36,14.48,14.02,14.02,14.02,1350005,14.48,14.02,14.36,1350005,0.0,1.0
2017-08-18 00:00:00,13.91,14.04,13.79,13.99,13.99,1351129,14.04,13.79,13.91,1351129,0.0,1.0
2017-08-21 00:00:00,13.99,14.02,13.82,13.82,13.82,862393,14.02,13.82,13.99,862393,0.0,1.0
2017-08-22 00:00:00,13.89,13.97,13.74,13.79,13.79,986853,13.97,13.74,13.89,986853,0.0,1.0
2017-08-23 00:00:00,13.68,14.03,13.63,13.82,13.82,800503,14.03,13.63,13.68,800503,0.0,1.0
2017-08-24 00:00:00,13.9,14.09,13.8,13.83,13.83,913140,14.09,13.8,13.9,913140,0.0,1.0
2017-08-25 00:00:00,13.88,14.0,13.83,13.91,13.91,2553865,14.0,13.83,13.88,2553865,0.0,1.0
2017-08-28 00:00:00,13.98,13.98,13.74,13.84,13.84,860897,13.98,13.74,13.98,860897,0.0,1.0
2017-08-29 00:00:00,13.7,13.81,13.38,13.59,13.59,1471492,13.81,13.38,13.7,1471492,0.0,1.0
2017-08-30 00:00:00,13.63,14.62,13.56,14.59,14.59,2793955,14.62,13.56,13.63,2793955,0.0,1.0
2017-08-31 00:00:00,14.6,14.85,14.56,14.61,14.61,1562825,14.85,14.56,14.6,1562825,0.0,1.0
2017-09-01 00:00:00,14.63,15.45,14.6,15.32,15.32,2338090,15.45,14.6,14.63,2338090,0.0,1.0
2017-09-05 00:00:00,15.27,15.4,14.93,15.02,15.02,1947984,15.4,14.93,15.27,1947984,0.0,1.0
2017-09-06 00:00:00,15.16,15.16,14.8,14.94,14.94,1869624,15.16,14.8,15.16,1869624,0.0,1.0
2017-09-07 00:00:00,14.94,14.94,14.43,14.48,14.48,1099354,14.94,14.43,14.94,1099354,0.0,1.0
2017-09-08 00:00:00,14.65,15.04,14.25,14.96,14.96,1752666,15.04,14.25,14.65,1752666,0.0,1.0
2017-09-11 00:00:00,15.05,15.2,14.91,15.01,15.01,1199982,15.2,14.91,15.05,1199982,0.0,1.0
2017-09-12 00:00:00,15.1,15.57,14.96,15.4,15.4,1730060,15.57,14.96,15.1,1730060,0.0,1.0
2017-09-13 00:00:00,15.35,15.95,15.34,15.73,15.73,2426423,15.95,15.34,15.35,2426423,0.0,1.0
2017-09-14 00:00:00,15.73,15.92,15.6,15.88,15.88,1835340,15.92,15.6,15.73,1835340,0.0,1.0
2017-09-15 00:00:00,15.89,16.34,15.89,16.17,16.17,2402595,16.34,15.89,15.89,2402595,0.0,1.0
2017-09-18 00:00:00,16.24,16.24,15.88,16.15,16.15,1286864,16.24,15.88,16.24,1286864,0.0,1.0
2017-09-19 00:00:00,16.2,16.2,15.78,16.05,16.05,1160190,16.2,15.78,16.2,1160190,0.0,1.0
2017-09-20 00:00:00,16.05,16.22,15.93,16.19,16.19,1202440,16.22,15.93,16.05,1202440,0.0,1.0
2017-09-21 00:00:00,16.12,16.31,16.01,16.2,16.2,1140874,16.31,16.01,16.12,1140874,0.0,1.0
2017-09-22 00:00:00,16.16,16.77,16.16,16.52,16.52,2440337,16.77,16.16,16.16,2440337,0.0,1.0
2017-09-25 00:00:00,16.5,17.19,16.45,17.16,17.16,2662578,17.19,16.45,16.5,2662578,0.0,1.0
2017-09-26 00:00:00,17.16,17.81,17.05,17.71,17.71,3081093,17.81,17.05,17.16,3081093,0.0,1.0
2017-09-27 00:00:00,17.79,18.28,17.61,18.21,18.21,3256640,18.28,17.61,17.79,3256640,0.0,1.0
2017-09-28 00:00:00,18.3,18.34,17.31,17.57,17.57,2449156,18.34,17.31,18.3,2449156,0.0,1.0
2017-09-29 00:00:00,17.58,17.77,17.39,17.58,17.58,1400068,17.77,17.39,17.58,1400068,0.0,1.0
2017-10-02 00:00:00,17.54,17.74,17.48,17.65,17.65,2306159,17.74,17.48,17.54,2306159,0.0,1.0
2017-10-03 00:00:00,17.8,18.14,17.63,17.8,17.8,2165538,18.14,17.63,17.8,2165538,0.0,1.0
2017-10-04 00:00:00,17.85,18.07,17.77,17.97,17.97,1652118,18.07,17.77,17.85,1652118,0.0,1.0
2017-10-05 00:00:00,17.97,18.0,17.8,17.87,17.87,826653,18.0,17.8,17.97,826653,0.0,1.0
2017-10-06 00:00:00,17.77,18.02,17.68,17.85,17.85,1818721,18.02,17.68,17.77,1818721,0.0,1.0
2017-10-09 00:00:00,17.79,17.97,17.57,17.63,17.63,1796666,17.97,17.57,17.79,1796666,0.0,1.0
2017-10-10 00:00:00,17.73,17.85,17.57,17.78,17.78,925336,17.85,17.57,17.73,925336,0.0,1.0
2017-10-11 00:00:00,17.83,17.85,17.51,17.6,17.6,824935,17.85,17.51,17.83,824935,0.0,1.0
2017-10-12 00:00:00,17.33,17.73,17.16,17.56,17.56,1644398,17.73,17.16,17.33,1644398,0.0,1.0
2017-10-13 00:00:00,17.67,17.95,17.55,17.59,17.59,1527366,17.95,17.55,17.67,1527366,0.0,1.0
2017-10-16 00:00:00,17.65,17.84,17.49,17.81,17.81,1017126,17.84,17.49,17.65,1017126,0.0,1.0
2017-10-17 00:00:00,17.86,18.1,17.82,17.94,17.94,1220286,18.1,17.82,17.86,1220286,0.0,1.0
2017-10-18 00:00:00,18.1,18.47,18.0,18.41,18.41,1427329,18.47,18.0,18.1,1427329,0.0,1.0
2017-10-19 00:00:00,18.3,18.45,17.91,18.31,18.31,1911170,18.45,17.91,18.3,1911170,0.0,1.0
2017-10-20 00:00:00,18.49,18.76,18.22,18.7,18.7,1706187,18.76,18.22,18.49,1706187,0.0,1.0
2017-10-23 00:00:00,18.7,18.85,18.36,18.39,18.39,1151344,18.85,18.36,18.7,1151344,0.0,1.0
2017-10-24 00:00:00,18.58,18.87,18.55,18.67,18.67,2138385,18.87,18.55,18.58,2138385,0.0,1.0
2017-10-25 00:00:00,18.64,18.73,18.05,18.19,18.19,1636916,18.73,18.05,18.64,1636916,0.0,1.0
2017-10-26 00:00:00,18.25,18.58,18.21,18.43,18.43,1013173,18.58,18.21,18.25,1013173,0.0,1.0
2017-10-27 00:00:00,18.35,18.45,17.86,18.15,18.15,1477678,18.45,17.86,18.35,1477678,0.0,1.0
2017-10-30 00:00:00,18.09,18.17,17.68,17.83,17.83,1579847,18.17,17.68,18.09,1579847,0.0,1.0
2017-10-31 00:00:00,17.95,17.99,17.73,17.79,17.79,1616061,17.99,17.73,17.95,1616061,0.0,1.0
2017-11-01 00:00:00,18.12,18.28,17.7,17.81,17.81,2038730,18.28,17.7,18.12,2038730,0.0,1.0
2017-11-02 00:00:00,17.8,18.22,17.39,18.02,18.02,2429564,18.22,17.39,17.8,2429564,0.0,1.0
2017-11-03 00:00:00,19.75,20.25,18.79,18.94,18.94,954664,20.25,18.79,19.75,954664,0.0,1.0
2017-11-06 00:00:00,19.13,19.43,18.35,18.36,18.36,2203648,19.43,18.35,19.13,2203648,0.0,1.0
2017-11-07 00:00:00,18.36,18.52,17.71,17.91,17.91,2386494,18.52,17.71,18.36,2386494,0.0,1.0
2017-11-08 00:00:00,17.43,17.92,17.43,17.56,17.56,7624831,17.92,17.43,17.43,7624831,0.0,1.0
2017-11-09 00:00:00,17.41,17.7,17.33,17.67,17.67,4302193,17.7,17.33,17.41,4302193,0.0,1.0
2017-11-10 00:00:00,17.52,17.58,17.35,17.45,17.45,4592770,17.58,17.35,17.52,4592770,0.0,1.0
2017-11-13 00:00:00,17.41,17.55,17.32,17.44,17.44,3104002,17.55,17.32,17.41,3104002,0.0,1.0
2017-11-14 00:00:00,17.39,17.48,16.97,17.26,17.26,3372949,17.48,16.97,17.39,3372949,0.0,1.0
2017-11-15 00:00:00,17.03,17.43,16.96,17.29,17.29,2375019,17.43,16.96,17.03,2375019,0.0,1.0
2017-11-16 00:00:00,17.47,17.81,17.41,17.68,17.68,2139068,17.81,17.41,17.47,2139068,0.0,1.0
2017-11-17 00:00:00,17.69,18.1,17.65,17.99,17.99,4375355,18.1,17.65,17.69,4375355,0.0,1.0
2017-11-20 00:00:00,18.06,18.3,17.91,18.16,18.16,1557284,18.3,17.91,18.06,1557284,0.0,1.0
2017-11-21 00:00:00,18.26,18.34,17.96,18.0,18.0,1802076,18.34,17.96,18.26,1802076,0.0,1.0
2017-11-22 00:00:00,18.06,18.14,17.7,17.88,17.88,1558703,18.14,17.7,18.06,1558703,0.0,1.0
2017-11-24 00:00:00,17.95,17.95,17.53,17.59,17.59,694616,17.95,17.53,17.95,694616,0.0,1.0
2017-11-27 00:00:00,17.56,17.77,17.47,17.7,17.7,2825863,17.77,17.47,17.56,2825863,0.0,1.0
2017-11-28 00:00:00,17.81,18.17,17.74,18.13,18.13,2718425,18.17,17.74,17.81,2718425,0.0,1.0
2017-11-29 00:00:00,18.17,18.32,18.03,18.26,18.26,1937901,18.32,18.03,18.17,1937901,0.0,1.0
2017-11-30 00:00:00,18.36,18.43,17.765,17.95,17.95,2190911,18.43,17.765,18.36,2190911,0.0,1.0
2017-12-01 00:00:00,17.97,18.17,17.1,17.57,17.57,3047046,18.17,17.1,17.97,3047046,0.0,1.0
2017-12-04 00:00:00,17.75,17.86,17.39,17.45,17.45,2661560,17.86,17.39,17.75,2661560,0.0,1.0
2017-12-05 00:00:00,18.22,18.22,17.11,17.12,17.12,1494547,18.22,17.11,18.22,1494547,0.0,1.0
2017-12-06 00:00:00,16.98,17.07,16.56,16.57,16.57,2395114,17.07,16.56,16.98,2395114,0.0,1.0
2017-12-07 00:00:00,16.62,16.65,16.27,16.46,16.46,2685205,16.65,16.27,16.62,2685205,0.0,1.0
2017-12-08 00:00:00,16.56,16.99,16.44,16.8,16.8,1401913,16.99,16.44,16.56,1401913,0.0,1.0
2017-12-11 00:00:00,16.76,17.01,16.62,16.96,16.96,2418317,17.01,16.62,16.76,2418317,0.0,1.0
2017-12-12 00:00:00,17.0,17.5,16.99,17.2,17.2,2360717,17.5,16.99,17.0,2360717,0.0,1.0
2017-12-13 00:00:00,17.11,17.44,17.0,17.0,17.0,3700758,17.44,17.0,17.11,3700758,0.0,1.0
2017-12-14 00:00:00,17.08,17.15,16.75,16.81,16.81,2283184,17.15,16.75,17.08,2283184,0.0,1.0
2017-12-15 00:00:00,16.98,17.31,16.85,17.19,17.19,2962009,17.31,16.85,16.98,2962009,0.0,1.0
2017-12-18 00:00:00,17.45,17.73,17.36,17.64,17.64,2035628,17.73,17.36,17.45,2035628,0.0,1.0
2017-12-19 00:00:00,17.62,17.8,17.56,17.64,17.64,1785837,17.8,17.56,17.62,1785837,0.0,1.0
2017-12-20 00:00:00,17.75,17.79,17.485,17.73,17.73,1400015,17.79,17.485,17.75,1400015,0.0,1.0
2017-12-21 00:00:00,17.75,17.79,17.565,17.58,17.58,903349,17.79,17.565,17.75,903349,0.0,1.0
2017-12-22 00:00:00,17.39,17.63,17.175,17.24,17.24,1688839,17.63,17.175,17.39,1688839,0.0,1.0
2017-12-26 00:00:00,17.23,17.4945,17.139,17.19,17.19,625744,17.4945,17.139,17.23,625744,0.0,1.0
2017-12-27 00:00:00,17.2,17.39,17.1127,17.31,17.31,921319,17.39,17.1127,17.2,921319,0.0,1.0
2017-12-28 00:00:00,17.31,17.4,17.16,17.36,17.36,973548,17.4,17.16,17.31,973548,0.0,1.0
2017-12-29 00:00:00,17.41,17.417,16.99,17.03,17.03,1240019,17.417,16.99,17.41,1240019,0.0,1.0
2018-01-02 00:00:00,17.15,17.52,17.09,17.47,17.47,2354963,17.52,17.09,17.15,2354963,0.0,1.0
2018-01-03 00:00:00,17.53,17.8006,17.48,17.58,17.58,2444547,17.8006,17.48,17.53,2444547,0.0,1.0
2018-01-04 00:00:00,17.79,18.4,17.76,18.24,18.24,2509583,18.4,17.76,17.79,2509583,0.0,1.0
2018-01-05 00:00:00,18.37,18.63,18.25,18.37,18.37,2042030,18.63,18.25,18.37,2042030,0.0,1.0
2018-01-08 00:00:00,18.35,18.55,18.1833,18.42,18.42,1959144,18.55,18.1833,18.35,1959144,0.0,1.0
2018-01-09 00:00:00,18.5,18.94,18.42,18.74,18.74,2312437,18.94,18.42,18.5,2312437,0.0,1.0
2018-01-10 00:00:00,18.59,18.98,17.97,18.01,18.01,3254131,18.98,17.97,18.59,3254131,0.0,1.0
2018-01-11 00:00:00,18.1,18.43,17.75,18.38,18.38,1670797,18.43,17.75,18.1,1670797,0.0,1.0
2018-01-12 00:00:00,18.49,19.0,18.46,18.78,18.78,2285118,19.0,18.46,18.49,2285118,0.0,1.0
2018-01-16 00:00:00,19.05,19.18,18.27,18.41,18.41,3327957,19.18,18.27,19.05,3327957,0.0,1.0
2018-01-17 00:00:00,18.47,19.63,18.47,19.59,19.59,4719082,19.63,18.47,18.47,4719082,0.0,1.0
2018-01-18 00:00:00,19.47,19.6,18.98,19.05,19.05,2160296,19.6,18.98,19.47,2160296,0.0,1.0
2018-01-19 00:00:00,19.12,19.16,18.55,18.99,18.99,1556715,19.16,18.55,19.12,1556715,0.0,1.0
2018-01-22 00:00:00,19.09,19.09,18.49,18.87,18.87,2730446,19.09,18.49,19.09,2730446,0.0,1.0
2018-01-23 00:00:00,18.78,18.85,18.5,18.68,18.68,1403503,18.85,18.5,18.78,1403503,0.0,1.0
2018-01-24 00:00:00,18.82,18.955,18.44,18.64,18.64,1579192,18.955,18.44,18.82,1579192,0.0,1.0
2018-01-25 00:00:00,18.72,18.72,17.77,18.18,18.18,2848069,18.72,17.77,18.72,2848069,0.0,1.0
2018-01-26 00:00:00,18.29,18.5,18.17,18.49,18.49,1077586,18.5,18.17,18.29,1077586,0.0,1.0
2018-01-29 00:00:00,18.42,18.52,18.07,18.16,18.16,1552394,18.52,18.07,18.42,1552394,0.0,1.0
2018-01-30 00:00:00,17.91,18.2,17.72,18.1,18.1,1837408,18.2,17.72,17.91,1837408,0.0,1.0
2018-01-31 00:00:00,18.2,18.32,17.52,17.65,17.65,1984834,18.32,17.52,18.2,1984834,0.0,1.0
2018-02-01 00:00:00,17.55,17.73,17.19,17.51,17.51,2703568,17.73,17.19,17.55,2703568,0.0,1.0
2018-02-02 00:00:00,17.36,17.48,16.68,16.75,16.75,2667591,17.48,16.68,17.36,2667591,0.0,1.0
2018-02-05 00:00:00,16.44,16.91,15.98,16.01,16.01,2927539,16.91,15.98,16.44,2927539,0.0,1.0
2018-02-06 00:00:00,15.64,16.57,15.56,16.48,16.48,3308852,16.57,15.56,15.64,3308852,0.0,1.0
2018-02-07 00:00:00,16.46,17.04,16.38,16.59,16.59,2171125,17.04,16.38,16.46,2171125,0.0,1.0
2018-02-08 00:00:00,16.59,16.69,15.76,15.77,15.77,3172869,16.69,15.76,16.59,3172869,0.0,1.0
2018-02-09 00:00:00,16.05,16.05,15.04,15.7,15.7,3315546,16.05,15.04,16.05,3315546,0.0,1.0
2018-02-12 00:00:00,15.83,16.075,15.57,15.92,15.92,1576521,16.075,15.57,15.83,1576521,0.0,1.0
2018-02-13 00:00:00,15.75,15.84,15.245,15.41,15.41,2760045,15.84,15.245,15.75,2760045,0.0,1.0
2018-02-14 00:00:00,15.23,15.905,15.23,15.79,15.79,2507234,15.905,15.23,15.23,2507234,0.0,1.0
2018-02-15 00:00:00,15.94,16.0,15.46,15.78,15.78,2873150,16.0,15.46,15.94,2873150,0.0,1.0
2018-02-16 00:00:00,16.79,16.8,15.15,15.22,15.22,5425272,16.8,15.15,16.79,5425272,0.0,1.0
2018-02-20 00:00:00,15.15,15.6,14.949,15.41,15.41,3598967,15.6,14.949,15.15,3598967,0.0,1.0
2018-02-21 00:00:00,15.41,16.08,15.3595,15.77,15.77,3824887,16.08,15.3595,15.41,3824887,0.0,1.0
2018-02-22 00:00:00,15.77,15.86,15.49,15.72,15.72,3213790,15.86,15.49,15.77,3213790,0.0,1.0
2018-02-23 00:00:00,15.8,15.98,15.585,15.7,15.7,1847009,15.98,15.585,15.8,1847009,0.0,1.0
2018-02-26 00:00:00,15.79,15.98,15.54,15.97,15.97,1794280,15.98,15.54,15.79,1794280,0.0,1.0
2018-02-27 00:00:00,15.97,15.97,15.09,15.09,15.09,2048344,15.97,15.09,15.97,2048344,0.0,1.0
2018-02-28 00:00:00,15.09,15.295,14.75,14.76,14.76,2213816,15.295,14.75,15.09,2213816,0.0,1.0
2018-03-01 00:00:00,14.83,15.02,14.25,14.54,14.54,2802757,15.02,14.25,14.83,2802757,0.0,1.0
2018-03-02 00:00:00,14.24,14.34,13.955,14.28,14.28,2871864,14.34,13.955,14.24,2871864,0.0,1.0
2018-03-05 00:00:00,14.14,14.67,14.12,14.59,14.59,1364686,14.67,14.12,14.14,1364686,0.0,1.0
2018-03-06 00:00:00,14.66,14.9,14.43,14.83,14.83,1488875,14.9,14.43,14.66,1488875,0.0,1.0
2018-03-07 00:00:00,14.6,15.04,14.5301,14.96,14.96,1803569,15.04,14.5301,14.6,1803569,0.0,1.0
2018-03-08 00:00:00,15.12,15.21,14.93,15.06,15.06,1578431,15.21,14.93,15.12,1578431,0.0,1.0
2018-03-09 00:00:00,15.25,15.58,15.15,15.53,15.53,2115931,15.58,15.15,15.25,2115931,0.0,1.0
2018-03-12 00:00:00,15.69,15.895,15.36,15.58,15.58,1339217,15.895,15.36,15.69,1339217,0.0,1.0
2018-03-13 00:00:00,15.6,15.92,15.36,15.44,15.44,2041816,15.92,15.36,15.6,2041816,0.0,1.0
2018-03-14 00:00:00,15.56,15.6,14.69,14.77,14.77,2828094,15.6,14.69,15.56,2828094,0.0,1.0
2018-03-15 00:00:00,14.78,15.135,14.75,14.79,14.79,1936048,15.135,14.75,14.78,1936048,0.0,1.0
2018-03-16 00:00:00,14.775,14.9,14.545,14.86,14.86,2150410,14.9,14.545,14.775,2150410,0.0,1.0
2018-03-19 00:00:00,14.74,14.8,14.38,14.74,14.74,1762430,14.8,14.38,14.74,1762430,0.0,1.0
2018-03-20 00:00:00,14.75,14.81,14.47,14.5,14.5,2594943,14.81,14.47,14.75,2594943,0.0,1.0
2018-03-21 00:00:00,14.58,15.26,14.58,15.05,15.05,2426397,15.26,14.58,14.58,2426397,0.0,1.0
2018-03-22 00:00:00,15.51,15.8,15.12,15.13,15.13,4641294,15.8,15.12,15.51,4641294,0.0,1.0
2018-03-23 00:00:00,15.2,15.31,14.83,14.85,14.85,2251947,15.31,14.83,15.2,2251947,0.0,1.0
2018-03-26 00:00:00,15.09,15.39,14.96,15.34,15.34,1925290,15.39,14.96,15.09,1925290,0.0,1.0
2018-03-27 00:00:00,15.76,15.83,15.245,15.36,15.36,2756631,15.83,15.245,15.76,2756631,0.0,1.0
2018-03-28 00:00:00,15.31,15.45,14.755,14.83,14.83,2097438,15.45,14.755,15.31,2097438,0.0,1.0
2018-03-29 00:00:00,14.96,15.29,14.9,15.22,15.22,2422940,15.29,14.9,14.96,2422940,0.0,1.0
2018-04-02 00:00:00,15.07,15.13,14.58,14.72,14.72,1566208,15.13,14.58,15.07,1566208,0.0,1.0
2018-04-03 00:00:00,14.87,15.45,14.87,15.23,15.23,1766661,15.45,14.87,14.87,1766661,0.0,1.0
2018-04-04 00:00:00,14.9,15.67,14.83,15.6,15.6,2692030,15.67,14.83,14.9,2692030,0.0,1.0
2018-04-05 00:00:00,15.73,16.08,15.6,15.99,15.99,1547789,16.08,15.6,15.73,1547789,0.0,1.0
2018-04-06 00:00:00,15.86,16.12,15.605,15.8,15.8,2397541,16.12,15.605,15.86,2397541,0.0,1.0
2018-04-09 00:00:00,16.03,16.28,15.93,16.0,16.0,2533349,16.28,15.93,16.03,2533349,0.0,1.0
2018-04-10 00:00:00,16.31,16.42,15.98,16.01,16.01,3801410,16.42,15.98,16.31,3801410,0.0,1.0
2018-04-11 00:00:00,15.95,16.13,15.735,15.77,15.77,1535042,16.13,15.735,15.95,1535042,0.0,1.0
2018-04-12 00:00:00,15.99,16.2,15.89,16.05,16.05,2561688,16.2,15.89,15.99,2561688,0.0,1.0
2018-04-13 00:00:00,16.19,16.21,15.995,16.06,16.06,1746243,16.21,15.995,16.19,1746243,0.0,1.0
2018-04-16 00:00:00,16.14,16.43,15.955,16.27,16.27,2638296,16.43,15.955,16.14,2638296,0.0,1.0
2018-04-17 00:00:00,16.42,16.42,15.95,16.08,16.08,1915083,16.42,15.95,16.42,1915083,0.0,1.0
2018-04-18 00:00:00,16.18,16.255,16.095,16.13,16.13,1414208,16.255,16.095,16.18,1414208,0.0,1.0
2018-04-19 00:00:00,16.1,16.2,15.35,15.54,15.54,1798346,16.2,15.35,16.1,1798346,0.0,1.0
2018-04-20 00:00:00,15.46,15.61,15.26,15.58,15.58,1728144,15.61,15.26,15.46,1728144,0.0,1.0
2018-04-23 00:00:00,15.59,15.66,15.45,15.59,15.59,1011138,15.66,15.45,15.59,1011138,0.0,1.0
2018-04-24 00:00:00,15.65,15.8203,15.46,15.77,15.77,3820013,15.8203,15.46,15.65,3820013,0.0,1.0
2018-04-25 00:00:00,15.74,16.1,15.61,15.91,15.91,1726647,16.1,15.61,15.74,1726647,0.0,1.0
2018-04-26 00:00:00,15.99,16.01,15.7287,15.91,15.91,1434411,16.01,15.7287,15.99,1434411,0.0,1.0
2018-04-27 00:00:00,15.86,16.02,15.735,15.89,15.89,1881622,16.02,15.735,15.86,1881622,0.0,1.0
2018-04-30 00:00:00,15.94,16.08,15.33,15.34,15.34,3345437,16.08,15.33,15.94,3345437,0.0,1.0
2018-05-01 00:00:00,15.32,15.54,14.84,15.04,15.04,4004865,15.54,14.84,15.32,4004865,0.0,1.0
2018-05-02 00:00:00,15.08,15.2,14.785,14.81,14.81,2396399,15.2,14.785,15.08,2396399,0.0,1.0
2018-05-03 00:00:00,14.77,14.85,13.985,14.35,14.35,4829691,14.85,13.985,14.77,4829691,0.0,1.0
2018-05-04 00:00:00,15.0,15.33,14.62,15.0,15.0,4419149,15.33,14.62,15.0,4419149,0.0,1.0
2018-05-07 00:00:00,15.03,15.12,14.9,14.9,14.9,1749766,15.12,14.9,15.03,1749766,0.0,1.0
2018-05-08 00:00:00,14.9,15.13,14.77,15.0,15.0,3730924,15.13,14.77,14.9,3730924,0.0,1.0
2018-05-09 00:00:00,15.03,15.13,14.8,14.92,14.92,2027443,15.13,14.8,15.03,2027443,0.0,1.0
2018-05-10 00:00:00,15.0,15.555,14.8877,15.49,15.49,2085643,15.555,14.8877,15.0,2085643,0.0,1.0
2018-05-11 00:00:00,15.47,15.63,15.3,15.4,15.4,1001173,15.63,15.3,15.47,1001173,0.0,1.0
2018-05-14 00:00:00,15.45,15.62,15.45,15.51,15.51,889974,15.62,15.45,15.45,889974,0.0,1.0
2018-05-15 00:00:00,15.45,15.66,15.45,15.56,15.56,1290762,15.66,15.45,15.45,1290762,0.0,1.0
2018-05-16 00:00:00,15.53,16.1,15.53,15.95,15.95,1509912,16.1,15.53,15.53,1509912,0.0,1.0
2018-05-17 00:00:00,15.99,16.24,15.94,16.17,16.17,1134552,16.24,15.94,15.99,1134552,0.0,1.0
2018-05-18 00:00:00,16.25,16.28,16.11,16.12,16.12,1266004,16.28,16.11,16.25,1266004,0.0,1.0
2018-05-21 00:00:00,16.25,16.4,16.16,16.27,16.27,1201646,16.4,16.16,16.25,1201646,0.0,1.0
2018-05-22 00:00:00,16.37,16.53,16.175,16.2,16.2,1115488,16.53,16.175,16.37,1115488,0.0,1.0
2018-05-23 00:00:00,16.18,16.25,16.025,16.24,16.24,891684,16.25,16.025,16.18,891684,0.0,1.0
2018-05-24 00:00:00,16.14,16.46,16.04,16.4,16.4,2482432,16.46,16.04,16.14,2482432,0.0,1.0
2018-05-25 00:00:00,16.44,16.55,16.3,16.36,16.36,815087,16.55,16.3,16.44,815087,0.0,1.0
2018-05-29 00:00:00,16.21,16.25,15.48,15.66,15.66,1736112,16.25,15.48,16.21,1736112,0.0,1.0
2018-05-30 00:00:00,15.75,15.84,15.53,15.71,15.71,2038183,15.84,15.53,15.75,2038183,0.0,1.0
2018-05-31 00:00:00,15.8,15.95,15.5401,15.82,15.82,1125446,15.95,15.5401,15.8,1125446,0.0,1.0
2018-06-01 00:00:00,15.93,16.01,15.6,15.75,15.75,1223612,16.01,15.6,15.93,1223612,0.0,1.0
2018-06-04 00:00:00,15.76,16.05,15.59,16.0,16.0,1228605,16.05,15.59,15.76,1228605,0.0,1.0
2018-06-05 00:00:00,15.95,16.13,15.81,16.02,16.02,2439855,16.13,15.81,15.95,2439855,0.0,1.0
2018-06-06 00:00:00,16.07,16.465,16.0,16.44,16.44,1615023,16.465,16.0,16.07,1615023,0.0,1.0
2018-06-07 00:00:00,16.46,16.87,16.43,16.82,16.82,2201042,16.87,16.43,16.46,2201042,0.0,1.0
2018-06-08 00:00:00,16.81,17.33,16.81,17.26,17.26,2332481,17.33,16.81,16.81,2332481,0.0,1.0
2018-06-11 00:00:00,17.33,17.43,17.155,17.28,17.28,2111921,17.43,17.155,17.33,2111921,0.0,1.0
2018-06-12 00:00:00,17.33,17.49,17.14,17.23,17.23,1344547,17.49,17.14,17.33,1344547,0.0,1.0
2018-06-13 00:00:00,17.22,17.29,17.09,17.2,17.2,1415724,17.29,17.09,17.22,1415724,0.0,1.0
2018-06-14 00:00:00,17.45,17.59,16.98,17.03,17.03,2506591,17.59,16.98,17.45,2506591,0.0,1.0
2018-06-15 00:00:00,16.96,17.17,16.795,17.12,17.12,1749225,17.17,16.795,16.96,1749225,0.0,1.0
2018-06-18 00:00:00,17.95,17.99,17.43,17.98,17.98,5020611,17.99,17.43,17.95,5020611,0.0,1.0
2018-06-19 00:00:00,17.81,18.21,17.6299,18.11,18.11,3232842,18.21,17.6299,17.81,3232842,0.0,1.0
2018-06-20 00:00:00,18.17,18.55,18.005,18.39,18.39,1975227,18.55,18.005,18.17,1975227,0.0,1.0
2018-06-21 00:00:00,18.43,18.43,17.75,17.86,17.86,2909885,18.43,17.75,18.43,2909885,0.0,1.0
2018-06-22 00:00:00,17.97,18.04,17.13,17.41,17.41,5291290,18.04,17.13,17.97,5291290,0.0,1.0
2018-06-25 00:00:00,17.25,17.36,16.35,16.46,16.46,3174612,17.36,16.35,17.25,3174612,0.0,1.0
2018-06-26 00:00:00,16.45,16.91,16.28,16.83,16.83,2216291,16.91,16.28,16.45,2216291,0.0,1.0
2018-06-27 00:00:00,16.83,16.87,16.02,16.05,16.05,1393805,16.87,16.02,16.83,1393805,0.0,1.0
2018-06-28 00:00:00,16.0,16.03,15.41,15.8,15.8,2372528,16.03,15.41,16.0,2372528,0.0,1.0
2018-06-29 00:00:00,15.91,16.03,15.54,15.56,15.56,1719252,16.03,15.54,15.91,1719252,0.0,1.0
2018-07-02 00:00:00,15.33,16.085,15.24,16.08,16.08,1815440,16.085,15.24,15.33,1815440,0.0,1.0
2018-07-03 00:00:00,16.15,16.2699,15.84,15.9,15.9,856974,16.2699,15.84,16.15,856974,0.0,1.0
2018-07-05 00:00:00,16.14,16.44,15.9,16.44,16.44,2601904,16.44,15.9,16.14,2601904,0.0,1.0
2018-07-06 00:00:00,16.39,16.52,16.25,16.41,16.41,1040072,16.52,16.25,16.39,1040072,0.0,1.0
2018-07-09 00:00:00,16.61,17.09,16.51,16.93,16.93,1370762,17.09,16.51,16.61,1370762,0.0,1.0
2018-07-10 00:00:00,17.04,17.1,16.7,16.87,16.87,1191658,17.1,16.7,17.04,1191658,0.0,1.0
2018-07-11 00:00:00,16.6,16.77,16.37,16.39,16.39,1154480,16.77,16.37,16.6,1154480,0.0,1.0
2018-07-12 00:00:00,16.47,16.63,16.17,16.3,16.3,1051075,16.63,16.17,16.47,1051075,0.0,1.0
2018-07-13 00:00:00,16.23,16.64,16.2,16.61,16.61,1017987,16.64,16.2,16.23,1017987,0.0,1.0
2018-07-16 00:00:00,16.62,16.75,16.495,16.64,16.64,1121478,16.75,16.495,16.62,1121478,0.0,1.0
2018-07-17 00:00:00,16.57,16.96,16.57,16.73,16.73,1340959,16.96,16.57,16.57,1340959,0.0,1.0
2018-07-18 00:00:00,16.65,17.03,16.595,17.03,17.03,1007985,17.03,16.595,16.65,1007985,0.0,1.0
2018-07-19 00:00:00,16.77,17.0,16.435,16.47,16.47,1514857,17.0,16.435,16.77,1514857,0.0,1.0
2018-07-20 00:00:00,16.34,16.39,15.91,16.13,16.13,1795396,16.39,15.91,16.34,1795396,0.0,1.0
2018-07-23 00:00:00,16.12,16.15,15.75,15.89,15.89,992478,16.15,15.75,16.12,992478,0.0,1.0
2018-07-24 00:00:00,16.06,16.32,15.815,15.98,15.98,1122696,16.32,15.815,16.06,1122696,0.0,1.0
2018-07-25 00:00:00,15.39,15.75,14.68,15.62,15.62,5801622,15.75,14.68,15.39,5801622,0.0,1.0
2018-07-26 00:00:00,15.55,16.0434,15.28,15.45,15.45,1680408,16.0434,15.28,15.55,1680408,0.0,1.0
2018-07-27 00:00:00,15.44,16.12,15.43,16.09,16.09,1703215,16.12,15.43,15.44,1703215,0.0,1.0
2018-07-30 00:00:00,16.15,16.86,16.085,16.77,16.77,1620452,16.86,16.085,16.15,1620452,0.0,1.0
2018-07-31 00:00:00,16.84,16.9,16.425,16.72,16.72,1764635,16.9,16.425,16.84,1764635,0.0,1.0
2018-08-01 00:00:00,16.63,16.9,16.26,16.54,16.54,1815728,16.9,16.26,16.63,1815728,0.0,1.0
2018-08-02 00:00:00,16.42,16.49,15.905,16.03,16.03,2908172,16.49,15.905,16.42,2908172,0.0,1.0
2018-08-03 00:00:00,16.9,17.22,16.41,17.02,17.02,2975052,17.22,16.41,16.9,2975052,0.0,1.0
2018-08-06 00:00:00,17.03,17.5,16.99,17.05,17.05,1996647,17.5,16.99,17.03,1996647,0.0,1.0
2018-08-07 00:00:00,17.19,17.455,17.14,17.3,17.3,1851294,17.455,17.14,17.19,1851294,0.0,1.0
2018-08-08 00:00:00,17.21,17.61,17.01,17.46,17.46,1470263,17.61,17.01,17.21,1470263,0.0,1.0
2018-08-09 00:00:00,17.4,17.44,16.91,17.07,17.07,1437218,17.44,16.91,17.4,1437218,0.0,1.0
2018-08-10 00:00:00,16.87,16.8836,16.25,16.53,16.53,1211289,16.8836,16.25,16.87,1211289,0.0,1.0
2018-08-13 00:00:00,16.55,16.63,16.15,16.24,16.24,1149900,16.63,16.15,16.55,1149900,0.0,1.0
2018-08-14 00:00:00,16.37,16.75,16.27,16.63,16.63,1504180,16.75,16.27,16.37,1504180,0.0,1.0
2018-08-15 00:00:00,16.52,16.58,16.035,16.34,16.34,1631785,16.58,16.035,16.52,1631785,0.0,1.0
2018-08-16 00:00:00,16.46,16.9081,16.44,16.69,16.69,1425132,16.9081,16.44,16.46,1425132,0.0,1.0
2018-08-17 00:00:00,16.66,17.5,16.44,17.35,17.35,2382807,17.5,16.44,16.66,2382807,0.0,1.0
2018-08-20 00:00:00,17.42,17.81,17.4,17.7,17.7,1212212,17.81,17.4,17.42,1212212,0.0,1.0
2018-08-21 00:00:00,17.79,18.05,17.72,17.96,17.96,1963310,18.05,17.72,17.79,1963310,0.0,1.0
2018-08-22 00:00:00,17.69,18.0,17.5,17.75,17.75,2278649,18.0,17.5,17.69,2278649,0.0,1.0
2018-08-23 00:00:00,17.69,17.76,17.37,17.72,17.72,1406437,17.76,17.37,17.69,1406437,0.0,1.0
2018-08-24 00:00:00,17.77,18.04,17.71,17.96,17.96,1201573,18.04,17.71,17.77,1201573,0.0,1.0
2018-08-27 00:00:00,18.13,18.72,18.11,18.59,18.59,2007008,18.72,18.11,18.13,2007008,0.0,1.0
2018-08-28 00:00:00,18.75,18.83,18.11,18.35,18.35,1513218,18.83,18.11,18.75,1513218,0.0,1.0
2018-08-29 00:00:00,18.33,18.465,17.85,18.4,18.4,1026116,18.465,17.85,18.33,1026116,0.0,1.0
2018-08-30 00:00:00,18.42,18.42,17.91,17.96,17.96,803607,18.42,17.91,18.42,803607,0.0,1.0
2018-08-31 00:00:00,17.8,17.92,17.35,17.71,17.71,1274611,17.92,17.35,17.8,1274611,0.0,1.0
2018-09-04 00:00:00,17.71,17.74,17.23,17.31,17.31,1372353,17.74,17.23,17.71,1372353,0.0,1.0
2018-09-05 00:00:00,17.29,17.375,17.03,17.26,17.26,1860837,17.375,17.03,17.29,1860837,0.0,1.0
2018-09-06 00:00:00,17.43,17.88,17.355,17.45,17.45,1729802,17.88,17.355,17.43,1729802,0.0,1.0
2018-09-07 00:00:00,17.37,17.71,17.23,17.69,17.69,1269558,17.71,17.23,17.37,1269558,0.0,1.0
2018-09-10 00:00:00,17.76,18.29,17.76,18.15,18.15,1758320,18.29,17.76,17.76,1758320,0.0,1.0
2018-09-11 00:00:00,18.09,18.28,17.95,18.01,18.01,1636232,18.28,17.95,18.09,1636232,0.0,1.0
2018-09-12 00:00:00,17.99,18.295,17.9,17.99,17.99,1451691,18.295,17.9,17.99,1451691,0.0,1.0
2018-09-13 00:00:00,18.12,18.5,18.07,18.3,18.3,1417780,18.5,18.07,18.12,1417780,0.0,1.0
2018-09-14 00:00:00,18.33,18.595,18.28,18.48,18.48,1673528,18.595,18.28,18.33,1673528,0.0,1.0
2018-09-17 00:00:00,18.47,18.53,18.2,18.22,18.22,981003,18.53,18.2,18.47,981003,0.0,1.0
2018-09-18 00:00:00,18.22,18.32,17.68,17.86,17.86,1625197,18.32,17.68,18.22,1625197,0.0,1.0
2018-09-19 00:00:00,17.93,18.53,17.91,18.24,18.24,1552756,18.53,17.91,17.93,1552756,0.0,1.0
2018-09-20 00:00:00,18.41,19.0,18.41,18.94,18.94,2041563,19.0,18.41,18.41,2041563,0.0,1.0
2018-09-21 00:00:00,19.03,19.34,18.525,18.54,18.54,3436160,19.34,18.525,19.03,3436160,0.0,1.0
2018-09-24 00:00:00,18.4,18.4904,18.03,18.36,18.36,1555406,18.4904,18.03,18.4,1555406,0.0,1.0
2018-09-25 00:00:00,18.29,18.32,17.61,17.69,17.69,1588424,18.32,17.61,18.29,1588424,0.0,1.0
2018-09-26 00:00:00,17.73,18.13,17.69,17.76,17.76,1157283,18.13,17.69,17.73,1157283,0.0,1.0
2018-09-27 00:00:00,17.73,17.77,17.48,17.64,17.64,1112546,17.77,17.48,17.73,1112546,0.0,1.0
2018-09-28 00:00:00,17.53,17.64,17.27,17.44,17.44,1079441,17.64,17.27,17.53,1079441,0.0,1.0
2018-10-01 00:00:00,17.83,18.05,17.31,17.41,17.41,1627955,18.05,17.31,17.83,1627955,0.0,1.0
2018-10-02 00:00:00,17.57,17.81,17.31,17.65,17.65,1660766,17.81,17.31,17.57,1660766,0.0,1.0
2018-10-03 00:00:00,17.8,18.4,17.68,18.14,18.14,2111311,18.4,17.68,17.8,2111311,0.0,1.0
2018-10-04 00:00:00,18.12,18.5,17.85,17.98,17.98,1629910,18.5,17.85,18.12,1629910,0.0,1.0
2018-10-05 00:00:00,17.87,17.89,17.12,17.26,17.26,1890580,17.89,17.12,17.87,1890580,0.0,1.0
2018-10-08 00:00:00,17.13,17.81,17.09,17.77,17.77,1002710,17.81,17.09,17.13,1002710,0.0,1.0
2018-10-09 00:00:00,17.71,17.76,16.84,17.12,17.12,2199725,17.76,16.84,17.71,2199725,0.0,1.0
2018-10-10 00:00:00,17.07,17.07,16.12,16.14,16.14,2737754,17.07,16.12,17.07,2737754,0.0,1.0
2018-10-11 00:00:00,16.02,16.49,15.89,15.93,15.93,1505498,16.49,15.89,16.02,1505498,0.0,1.0
2018-10-12 00:00:00,16.27,16.305,15.4,15.86,15.86,1672527,16.305,15.4,16.27,1672527,0.0,1.0
2018-10-15 00:00:00,15.73,16.135,15.52,15.83,15.83,2171530,16.135,15.52,15.73,2171530,0.0,1.0
2018-10-16 00:00:00,16.15,16.31,15.95,16.25,16.25,1875945,16.31,15.95,16.15,1875945,0.0,1.0
2018-10-17 00:00:00,16.21,16.34,15.55,16.3,16.3,1886375,16.34,15.55,16.21,1886375,0.0,1.0
2018-10-18 00:00:00,16.22,16.24,15.55,15.58,15.58,2018959,16.24,15.55,16.22,2018959,0.0,1.0
2018-10-19 00:00:00,15.28,15.82,15.16,15.59,15.59,1874210,15.82,15.16,15.28,1874210,0.0,1.0
2018-10-22 00:00:00,15.61,15.82,15.24,15.5,15.5,1037695,15.82,15.24,15.61,1037695,0.0,1.0
2018-10-23 00:00:00,15.2,15.92,14.97,15.55,15.55,2326614,15.92,14.97,15.2,2326614,0.0,1.0
2018-10-24 00:00:00,15.49,15.58,14.39,14.46,14.46,3003843,15.58,14.39,15.49,3003843,0.0,1.0
2018-10-25 00:00:00,14.6,15.23,14.6,15.08,15.08,2326428,15.23,14.6,14.6,2326428,0.0,1.0
2018-10-26 00:00:00,14.71,15.26,14.535,15.09,15.09,2217043,15.26,14.535,14.71,2217043,0.0,1.0
2018-10-29 00:00:00,15.54,16.17,14.435,14.59,14.59,2596543,16.17,14.435,15.54,2596543,0.0,1.0
2018-10-30 00:00:00,14.56,15.02,14.31,14.73,14.73,1663390,15.02,14.31,14.56,1663390,0.0,1.0
2018-10-31 00:00:00,15.25,15.38,15.0,15.17,15.17,1830669,15.38,15.0,15.25,1830669,0.0,1.0
2018-11-01 00:00:00,15.37,15.95,15.17,15.72,15.72,3239704,15.95,15.17,15.37,3239704,0.0,1.0
2018-11-02 00:00:00,13.25,14.13,11.35,11.49,11.49,14080976,14.13,11.35,13.25,14080976,0.0,1.0
2018-11-05 00:00:00,11.66,12.33,11.26,11.46,11.46,6856394,12.33,11.26,11.66,6856394,0.0,1.0
2018-11-06 00:00:00,11.76,12.37,11.7,12.35,12.35,4056936,12.37,11.7,11.76,4056936,0.0,1.0
2018-11-07 00:00:00,12.46,13.03,12.2708,12.92,12.92,3982590,13.03,12.2708,12.46,3982590,0.0,1.0
2018-11-08 00:00:00,13.22,13.28,12.415,12.47,12.47,2757387,13.28,12.415,13.22,2757387,0.0,1.0
2018-11-09 00:00:00,12.23,12.44,11.76,11.91,11.91,2657526,12.44,11.76,12.23,2657526,0.0,1.0
2018-11-12 00:00:00,11.89,12.09,11.64,11.66,11.66,2618245,12.09,11.64,11.89,2618245,0.0,1.0
2018-11-13 00:00:00,11.74,12.07,11.52,11.58,11.58,2509957,12.07,11.52,11.74,2509957,0.0,1.0
2018-11-14 00:00:00,11.72,12.35,11.64,12.26,12.26,3176813,12.35,11.64,11.72,3176813,0.0,1.0
2018-11-15 00:00:00,12.15,12.69,11.95,12.59,12.59,3251864,12.69,11.95,12.15,3251864,0.0,1.0
2018-11-16 00:00:00,12.45,12.54,11.86,11.94,11.94,3464512,12.54,11.86,12.45,3464512,0.0,1.0
2018-11-19 00:00:00,11.84,12.28,11.76,11.97,11.97,2602418,12.28,11.76,11.84,2602418,0.0,1.0
2018-11-20 00:00:00,11.97,12.13,11.39,11.47,11.47,2149526,12.13,11.39,11.97,2149526,0.0,1.0
2018-11-21 00:00:00,11.65,11.92,11.54,11.68,11.68,1905086,11.92,11.54,11.65,1905086,0.0,1.0
2018-11-23 00:00:00,11.54,11.98,11.511,11.7,11.7,717904,11.98,11.511,11.54,717904,0.0,1.0
2018-11-26 00:00:00,11.83,12.28,11.765,12.04,12.04,2744345,12.28,11.765,11.83,2744345,0.0,1.0
2018-11-27 00:00:00,11.99,12.13,11.795,11.87,11.87,1700730,12.13,11.795,11.99,1700730,0.0,1.0
2018-11-28 00:00:00,11.89,12.495,11.78,12.43,12.43,2120363,12.495,11.78,11.89,2120363,0.0,1.0
2018-11-29 00:00:00,12.38,12.5,12.04,12.19,12.19,1534836,12.5,12.04,12.38,1534836,0.0,1.0
2018-11-30 00:00:00,12.12,12.5,11.97,12.45,12.45,1501969,12.5,11.97,12.12,1501969,0.0,1.0
2018-12-03 00:00:00,12.77,12.96,12.52,12.6,12.6,1872015,12.96,12.52,12.77,1872015,0.0,1.0
2018-12-04 00:00:00,12.65,12.76,12.19,12.27,12.27,2155694,12.76,12.19,12.65,2155694,0.0,1.0
2018-12-06 00:00:00,12.04,12.07,11.62,11.98,11.98,3027127,12.07,11.62,12.04,3027127,0.0,1.0
2018-12-07 00:00:00,11.99,12.145,11.22,11.33,11.33,2407546,12.145,11.22,11.99,2407546,0.0,1.0
2018-12-10 00:00:00,11.25,11.4,10.82,11.38,11.38,2297436,11.4,10.82,11.25,2297436,0.0,1.0
2018-12-11 00:00:00,11.6,11.81,11.27,11.32,11.32,2032321,11.81,11.27,11.6,2032321,0.0,1.0
2018-12-12 00:00:00,11.52,11.71,11.34,11.52,11.52,1537725,11.71,11.34,11.52,1537725,0.0,1.0
2018-12-13 00:00:00,11.6,11.81,11.48,11.52,11.52,1795186,11.81,11.48,11.6,1795186,0.0,1.0
2018-12-14 00:00:00,11.35,11.7,11.21,11.27,11.27,1676987,11.7,11.21,11.35,1676987,0.0,1.0
2018-12-17 00:00:00,11.24,11.81,11.08,11.25,11.25,1634845,11.81,11.08,11.24,1634845,0.0,1.0
2018-12-18 00:00:00,11.44,11.79,11.36,11.43,11.43,1700094,11.79,11.36,11.44,1700094,0.0,1.0
2018-12-19 00:00:00,11.46,11.82,11.15,11.22,11.22,2605230,11.82,11.15,11.46,2605230,0.0,1.0
2018-12-20 00:00:00,11.21,11.32,10.84,11.04,11.04,2159200,11.32,10.84,11.21,2159200,0.0,1.0
2018-12-21 00:00:00,11.0,11.05,10.58,10.62,10.62,3237156,11.05,10.58,11.0,3237156,0.0,1.0
2018-12-24 00:00:00,10.5,10.63,10.22,10.35,10.35,924216,10.63,10.22,10.5,924216,0.0,1.0
2018-12-26 00:00:00,10.44,10.85,10.13,10.85,10.85,1861680,10.85,10.13,10.44,1861680,0.0,1.0
2018-12-27 00:00:00,10.66,11.12,10.59,11.12,11.12,1789876,11.12,10.59,10.66,1789876,0.0,1.0
2018-12-28 00:00:00,11.15,11.38,10.95,11.13,11.13,2155703,11.38,10.95,11.15,2155703,0.0,1.0
2018-12-31 00:00:00,11.24,11.24,10.75,11.1,11.1,1142207,11.24,10.75,11.24,1142207,0.0,1.0
2019-01-02 00:00:00,10.85,11.43,10.81,11.34,11.34,1420941,11.43,10.81,10.85,1420941,0.0,1.0
2019-01-03 00:00:00,11.22,11.38,11.05,11.19,11.19,1171888,11.38,11.05,11.22,1171888,0.0,1.0
2019-01-04 00:00:00,11.4,11.88,11.29,11.78,11.78,1554843,11.88,11.29,11.4,1554843,0.0,1.0
2019-01-07 00:00:00,11.8,12.4401,11.53,12.27,12.27,3192291,12.4401,11.53,11.8,3192291,0.0,1.0
2019-01-08 00:00:00,12.54,12.72,12.28,12.71,12.71,2475183,12.72,12.28,12.54,2475183,0.0,1.0
2019-01-09 00:00:00,12.84,12.98,12.64,12.83,12.83,1947224,12.98,12.64,12.84,1947224,0.0,1.0
2019-01-10 00:00:00,12.69,12.76,12.43,12.75,12.75,2167222,12.76,12.43,12.69,2167222,0.0,1.0
2019-01-11 00:00:00,12.87,13.24,12.625,12.92,12.92,2920128,13.24,12.625,12.87,2920128,0.0,1.0
2019-01-14 00:00:00,12.87,13.355,12.83,13.12,13.12,2323890,13.355,12.83,12.87,2323890,0.0,1.0
2019-01-15 00:00:00,13.32,14.24,13.31,13.87,13.87,3509877,14.24,13.31,13.32,3509877,0.0,1.0
2019-01-16 00:00:00,13.85,14.18,13.73,13.91,13.91,2031457,14.18,13.73,13.85,2031457,0.0,1.0
2019-01-17 00:00:00,13.8,14.22,13.73,14.16,14.16,1896196,14.22,13.73,13.8,1896196,0.0,1.0
2019-01-18 00:00:00,14.25,14.62,14.13,14.61,14.61,2281451,14.62,14.13,14.25,2281451,0.0,1.0
2019-01-22 00:00:00,14.44,14.67,14.305,14.52,14.52,2181937,14.67,14.305,14.44,2181937,0.0,1.0
2019-01-23 00:00:00,14.56,14.56,14.02,14.18,14.18,1545421,14.56,14.02,14.56,1545421,0.0,1.0
2019-01-24 00:00:00,14.2,14.48,14.08,14.38,14.38,1274045,14.48,14.08,14.2,1274045,0.0,1.0
2019-01-25 00:00:00,14.51,14.865,14.49,14.71,14.71,1384224,14.865,14.49,14.51,1384224,0.0,1.0
2019-01-28 00:00:00,14.46,14.61,14.37,14.43,14.43,1274379,14.61,14.37,14.46,1274379,0.0,1.0
2019-01-29 00:00:00,14.43,14.54,14.25,14.33,14.33,1239304,14.54,14.25,14.43,1239304,0.0,1.0
2019-01-30 00:00:00,14.41,14.6,14.11,14.59,14.59,885656,14.6,14.11,14.41,885656,0.0,1.0
2019-01-31 00:00:00,14.54,14.79,14.42,14.78,14.78,1444322,14.79,14.42,14.54,1444322,0.0,1.0
2019-02-01 00:00:00,14.7,15.06,14.67,14.92,14.92,1578258,15.06,14.67,14.7,1578258,0.0,1.0
2019-02-04 00:00:00,14.9,15.2,14.805,15.2,15.2,1128186,15.2,14.805,14.9,1128186,0.0,1.0
2019-02-05 00:00:00,15.24,15.27,14.82,14.87,14.87,1113858,15.27,14.82,15.24,1113858,0.0,1.0
2019-02-06 00:00:00,14.85,15.05,14.55,14.59,14.59,1885734,15.05,14.55,14.85,1885734,0.0,1.0
2019-02-07 00:00:00,14.31,14.43,13.715,14.0,14.0,2508037,14.43,13.715,14.31,2508037,0.0,1.0
2019-02-08 00:00:00,13.87,13.96,13.4401,13.75,13.75,1955057,13.96,13.4401,13.87,1955057,0.0,1.0
2019-02-11 00:00:00,13.78,14.115,13.59,14.01,14.01,1841301,14.115,13.59,13.78,1841301,0.0,1.0
2019-02-12 00:00:00,14.14,14.395,14.14,14.34,14.34,2304800,14.395,14.14,14.14,2304800,0.0,1.0
2019-02-13 00:00:00,14.41,14.52,14.305,14.45,14.45,1514470,14.52,14.305,14.41,1514470,0.0,1.0
2019-02-14 00:00:00,14.22,14.8,14.1,14.7,14.7,2726979,14.8,14.1,14.22,2726979,0.0,1.0
2019-02-15 00:00:00,15.64,17.103,15.18,16.83,16.83,6710809,17.103,15.18,15.64,6710809,0.0,1.0
2019-02-19 00:00:00,16.61,16.84,16.12,16.61,16.61,3679282,16.84,16.12,16.61,3679282,0.0,1.0
2019-02-20 00:00:00,16.9,17.2,16.84,16.93,16.93,2970545,17.2,16.84,16.9,2970545,0.0,1.0
2019-02-21 00:00:00,17.16,17.2,16.415,16.52,16.52,1950444,17.2,16.415,17.16,1950444,0.0,1.0
2019-02-22 00:00:00,16.67,16.82,16.52,16.81,16.81,1317753,16.82,16.52,16.67,1317753,0.0,1.0
2019-02-25 00:00:00,16.93,17.005,16.645,16.67,16.67,1093886,17.005,16.645,16.93,1093886,0.0,1.0
2019-02-26 00:00:00,16.61,16.83,16.53,16.56,16.56,1367042,16.83,16.53,16.61,1367042,0.0,1.0
2019-02-27 00:00:00,16.6,16.65,16.23,16.43,16.43,1618892,16.65,16.23,16.6,1618892,0.0,1.0
2019-02-28 00:00:00,16.4,16.43,16.01,16.1,16.1,1980738,16.43,16.01,16.4,1980738,0.0,1.0
2019-03-01 00:00:00,16.2,16.49,15.78,16.08,16.08,1524864,16.49,15.78,16.2,1524864,0.0,1.0
2019-03-04 00:00:00,16.14,16.28,15.92,16.14,16.14,1445444,16.28,15.92,16.14,1445444,0.0,1.0
2019-03-05 00:00:00,16.13,16.14,15.7,15.74,15.74,1218532,16.14,15.7,16.13,1218532,0.0,1.0
2019-03-06 00:00:00,15.73,15.74,15.02,15.02,15.02,1556578,15.74,15.02,15.73,1556578,0.0,1.0
2019-03-07 00:00:00,15.01,15.145,14.7,14.8,14.8,1897294,15.145,14.7,15.01,1897294,0.0,1.0
2019-03-08 00:00:00,14.67,14.88,14.41,14.49,14.49,1304782,14.88,14.41,14.67,1304782,0.0,1.0
2019-03-11 00:00:00,14.56,14.73,14.4,14.71,14.71,973063,14.73,14.4,14.56,973063,0.0,1.0
2019-03-12 00:00:00,14.76,14.83,14.4,14.53,14.53,1140130,14.83,14.4,14.76,1140130,0.0,1.0
2019-03-13 00:00:00,14.58,14.7,14.43,14.44,14.44,1442415,14.7,14.43,14.58,1442415,0.0,1.0
2019-03-14 00:00:00,14.39,14.48,13.94,14.03,14.03,1512309,14.48,13.94,14.39,1512309,0.0,1.0
2019-03-15 00:00:00,14.13,14.2,14.03,14.08,14.08,1725127,14.2,14.03,14.13,1725127,0.0,1.0
2019-03-18 00:00:00,14.11,14.47,14.08,14.35,14.35,1293519,14.47,14.08,14.11,1293519,0.0,1.0
2019-03-19 00:00:00,14.47,14.72,14.43,14.49,14.49,1733155,14.72,14.43,14.47,1733155,0.0,1.0
2019-03-20 00:00:00,14.46,14.51,13.9127,14.09,14.09,1458255,14.51,13.9127,14.46,1458255,0.0,1.0
2019-03-21 00:00:00,14.07,14.4,13.97,14.33,14.33,1581076,14.4,13.97,14.07,1581076,0.0,1.0
2019-03-22 00:00:00,14.15,14.15,13.42,13.47,13.47,1560676,14.15,13.42,14.15,1560676,0.0,1.0
2019-03-25 00:00:00,13.47,13.72,13.34,13.53,13.53,1358525,13.72,13.34,13.47,1358525,0.0,1.0
2019-03-26 00:00:00,13.61,13.815,13.55,13.74,13.74,1393825,13.815,13.55,13.61,1393825,0.0,1.0
2019-03-27 00:00:00,13.77,13.92,13.565,13.85,13.85,1177428,13.92,13.565,13.77,1177428,0.0,1.0
2019-03-28 00:00:00,13.88,14.44,13.83,14.19,14.19,1803636,14.44,13.83,13.88,1803636,0.0,1.0
2019-03-29 00:00:00,14.4,14.5187,14.27,14.31,14.31,2295196,14.5187,14.27,14.4,2295196,0.0,1.0
2019-04-01 00:00:00,14.51,15.07,14.42,15.03,15.03,1799249,15.07,14.42,14.51,1799249,0.0,1.0
2019-04-02 00:00:00,15.0,15.18,14.865,15.15,15.15,2102157,15.18,14.865,15.0,2102157,0.0,1.0
2019-04-03 00:00:00,15.39,15.665,15.26,15.38,15.38,1536794,15.665,15.26,15.39,1536794,0.0,1.0
2019-04-04 00:00:00,15.38,15.75,15.33,15.59,15.59,862851,15.75,15.33,15.38,862851,0.0,1.0
2019-04-05 00:00:00,15.51,15.66,15.22,15.32,15.32,1275290,15.66,15.22,15.51,1275290,0.0,1.0
2019-04-08 00:00:00,15.24,15.74,15.22,15.69,15.69,1005828,15.74,15.22,15.24,1005828,0.0,1.0
2019-04-09 00:00:00,15.57,15.58,15.25,15.29,15.29,1073000,15.58,15.25,15.57,1073000,0.0,1.0
2019-04-10 00:00:00,15.31,15.66,15.155,15.65,15.65,2052191,15.66,15.155,15.31,2052191,0.0,1.0
2019-04-11 00:00:00,15.65,15.81,15.48,15.51,15.51,897016,15.81,15.48,15.65,897016,0.0,1.0
2019-04-12 00:00:00,15.73,16.15,15.73,16.1,16.1,1197446,16.15,15.73,15.73,1197446,0.0,1.0
2019-04-15 00:00:00,16.05,16.22,15.75,15.88,15.88,1106014,16.22,15.75,16.05,1106014,0.0,1.0
2019-04-16 00:00:00,15.93,16.3,15.8666,16.22,16.22,1495888,16.3,15.8666,15.93,1495888,0.0,1.0
2019-04-17 00:00:00,16.37,16.435,15.62,15.65,15.65,2527216,16.435,15.62,16.37,2527216,0.0,1.0
2019-04-18 00:00:00,15.62,16.01,15.49,15.92,15.92,1253471,16.01,15.49,15.62,1253471,0.0,1.0
2019-04-22 00:00:00,15.9,15.93,15.43,15.49,15.49,1024714,15.93,15.43,15.9,1024714,0.0,1.0
2019-04-23 00:00:00,15.41,16.29,15.17,15.44,15.44,4558115,16.29,15.17,15.41,4558115,0.0,1.0
2019-04-24 00:00:00,15.41,15.79,15.34,15.67,15.67,1676179,15.79,15.34,15.41,1676179,0.0,1.0
2019-04-25 00:00:00,15.59,15.59,14.495,14.67,14.67,2380202,15.59,14.495,15.59,2380202,0.0,1.0
2019-04-26 00:00:00,14.89,15.38,14.62,15.35,15.35,1642898,15.38,14.62,14.89,1642898,0.0,1.0
2019-04-29 00:00:00,15.36,15.48,15.181,15.19,15.19,1106137,15.48,15.181,15.36,1106137,0.0,1.0
2019-04-30 00:00:00,15.08,15.14,14.61,14.75,14.75,1972478,15.14,14.61,15.08,1972478,0.0,1.0
2019-05-01 00:00:00,14.86,14.96,14.24,14.27,14.27,2774614,14.96,14.24,14.86,2774614,0.0,1.0
2019-05-02 00:00:00,14.22,14.43,14.11,14.35,14.35,2123640,14.43,14.11,14.22,2123640,0.0,1.0
2019-05-03 00:00:00,14.16,14.29,13.4,13.61,13.61,3811059,14.29,13.4,14.16,3811059,0.0,1.0
2019-05-06 00:00:00,13.06,13.445,12.95,13.24,13.24,2657981,13.445,12.95,13.06,2657981,0.0,1.0
2019-05-07 00:00:00,13.01,13.17,12.67,12.85,12.85,2217962,13.17,12.67,13.01,2217962,0.0,1.0
2019-05-08 00:00:00,12.77,12.99,12.62,12.63,12.63,1714847,12.99,12.62,12.77,1714847,0.0,1.0
2019-05-09 00:00:00,12.39,12.39,11.87,12.19,12.19,2087925,12.39,11.87,12.39,2087925,0.0,1.0
2019-05-10 00:00:00,12.05,12.16,11.695,12.1,12.1,1975911,12.16,11.695,12.05,1975911,0.0,1.0
2019-05-13 00:00:00,11.75,11.79,11.38,11.54,11.54,1858622,11.79,11.38,11.75,1858622,0.0,1.0
2019-05-14 00:00:00,11.61,12.04,11.61,11.94,11.94,1990360,12.04,11.61,11.61,1990360,0.0,1.0
2019-05-15 00:00:00,11.74,12.06,11.525,11.89,11.89,1490034,12.06,11.525,11.74,1490034,0.0,1.0
2019-05-16 00:00:00,11.83,11.96,11.57,11.67,11.67,1632285,11.96,11.57,11.83,1632285,0.0,1.0
2019-05-17 00:00:00,11.51,11.86,11.47,11.62,11.62,2192968,11.86,11.47,11.51,2192968,0.0,1.0
2019-05-20 00:00:00,11.48,11.63,11.39,11.46,11.46,1568007,11.63,11.39,11.48,1568007,0.0,1.0
2019-05-21 00:00:00,11.68,11.845,11.49,11.61,11.61,1643578,11.845,11.49,11.68,1643578,0.0,1.0
2019-05-22 00:00:00,11.55,11.6,10.99,11.14,11.14,1845672,11.6,10.99,11.55,1845672,0.0,1.0
2019-05-23 00:00:00,10.95,10.96,10.58,10.62,10.62,1803730,10.96,10.58,10.95,1803730,0.0,1.0
2019-05-24 00:00:00,10.72,10.89,10.585,10.74,10.74,1334325,10.89,10.585,10.72,1334325,0.0,1.0
2019-05-28 00:00:00,10.72,11.02,10.69,10.9,10.9,1665176,11.02,10.69,10.72,1665176,0.0,1.0
2019-05-29 00:00:00,10.77,10.8,10.46,10.77,10.77,1496069,10.8,10.46,10.77,1496069,0.0,1.0
2019-05-30 00:00:00,10.76,11.0,10.64,10.66,10.66,1852045,11.0,10.64,10.76,1852045,0.0,1.0
2019-05-31 00:00:00,10.28,10.3684,10.05,10.11,10.11,1789864,10.3684,10.05,10.28,1789864,0.0,1.0
2019-06-03 00:00:00,10.06,10.5,9.96,10.39,10.39,2218166,10.5,9.96,10.06,2218166,0.0,1.0
2019-06-04 00:00:00,10.67,11.26,10.635,11.24,11.24,2363526,11.26,10.635,10.67,2363526,0.0,1.0
2019-06-05 00:00:00,11.24,11.415,10.99,11.35,11.35,2330256,11.415,10.99,11.24,2330256,0.0,1.0
2019-06-06 00:00:00,11.3,11.33,10.88,11.16,11.16,1375924,11.33,10.88,11.3,1375924,0.0,1.0
2019-06-07 00:00:00,11.2,11.39,11.08,11.23,11.23,975316,11.39,11.08,11.2,975316,0.0,1.0
2019-06-10 00:00:00,11.38,11.73,11.36,11.5,11.5,1228697,11.73,11.36,11.38,1228697,0.0,1.0
2019-06-11 00:00:00,11.66,11.915,11.545,11.68,11.68,1053669,11.915,11.545,11.66,1053669,0.0,1.0
2019-06-12 00:00:00,11.66,11.72,11.47,11.53,11.53,756185,11.72,11.47,11.66,756185,0.0,1.0
2019-06-13 00:00:00,11.6,11.77,11.47,11.67,11.67,779877,11.77,11.47,11.6,779877,0.0,1.0
2019-06-14 00:00:00,11.64,11.64,11.25,11.38,11.38,946019,11.64,11.25,11.64,946019,0.0,1.0
2019-06-17 00:00:00,11.42,11.48,11.27,11.35,11.35,798668,11.48,11.27,11.42,798668,0.0,1.0
2019-06-18 00:00:00,11.45,11.87,11.44,11.75,11.75,1252852,11.87,11.44,11.45,1252852,0.0,1.0
2019-06-19 00:00:00,11.76,11.81,11.6,11.77,11.77,908533,11.81,11.6,11.76,908533,0.0,1.0
2019-06-20 00:00:00,11.92,12.095,11.85,11.94,11.94,1254318,12.095,11.85,11.92,1254318,0.0,1.0
2019-06-21 00:00:00,11.9,12.16,11.75,12.11,12.11,2104191,12.16,11.75,11.9,2104191,0.0,1.0
2019-06-24 00:00:00,12.07,12.22,11.695,11.76,11.76,1003504,12.22,11.695,12.07,1003504,0.0,1.0
2019-06-25 00:00:00,11.77,11.8301,11.66,11.8,11.8,723926,11.8301,11.66,11.77,723926,0.0,1.0
2019-06-26 00:00:00,11.81,12.07,11.76,12.05,12.05,1403590,12.07,11.76,11.81,1403590,0.0,1.0
2019-06-27 00:00:00,12.26,12.93,12.22,12.9,12.9,3380011,12.93,12.22,12.26,3380011,0.0,1.0
2019-06-28 00:00:00,12.96,13.19,12.615,12.76,12.76,3230340,13.19,12.615,12.96,3230340,0.0,1.0
2019-07-01 00:00:00,13.05,13.23,12.21,12.38,12.38,2168071,13.23,12.21,13.05,2168071,0.0,1.0
2019-07-02 00:00:00,12.35,12.36,11.7,11.82,11.82,1745904,12.36,11.7,12.35,1745904,0.0,1.0
2019-07-03 00:00:00,11.9,12.03,11.79,11.91,11.91,774804,12.03,11.79,11.9,774804,0.0,1.0
2019-07-05 00:00:00,11.83,11.99,11.56,11.74,11.74,917726,11.99,11.56,11.83,917726,0.0,1.0
2019-07-08 00:00:00,11.67,11.8,11.32,11.36,11.36,1646362,11.8,11.32,11.67,1646362,0.0,1.0
2019-07-09 00:00:00,11.25,11.32,11.01,11.15,11.15,1355664,11.32,11.01,11.25,1355664,0.0,1.0
2019-07-10 00:00:00,11.24,11.425,11.125,11.37,11.37,1103997,11.425,11.125,11.24,1103997,0.0,1.0
2019-07-11 00:00:00,11.36,11.365,10.77,10.87,10.87,2649532,11.365,10.77,11.36,2649532,0.0,1.0
2019-07-12 00:00:00,10.93,11.5,10.9226,11.41,11.41,2579450,11.5,10.9226,10.93,2579450,0.0,1.0
2019-07-15 00:00:00,11.47,11.75,11.09,11.71,11.71,1584783,11.75,11.09,11.47,1584783,0.0,1.0
2019-07-16 00:00:00,11.42,12.065,11.21,12.0,12.0,3048891,12.065,11.21,11.42,3048891,0.0,1.0
2019-07-17 00:00:00,11.92,11.92,11.5,11.65,11.65,1332785,11.92,11.5,11.92,1332785,0.0,1.0
2019-07-18 00:00:00,11.61,11.88,11.55,11.65,11.65,1401094,11.88,11.55,11.61,1401094,0.0,1.0
2019-07-19 00:00:00,11.72,12.08,11.64,11.68,11.68,1585263,12.08,11.64,11.72,1585263,0.0,1.0
2019-07-22 00:00:00,11.72,11.91,11.49,11.53,11.53,905328,11.91,11.49,11.72,905328,0.0,1.0
2019-07-23 00:00:00,11.78,12.31,11.68,12.3,12.3,1748398,12.31,11.68,11.78,1748398,0.0,1.0
2019-07-24 00:00:00,12.24,12.72,12.2199,12.66,12.66,1721833,12.72,12.2199,12.24,1721833,0.0,1.0
2019-07-25 00:00:00,12.56,12.595,12.25,12.34,12.34,1565400,12.595,12.25,12.56,1565400,0.0,1.0
2019-07-26 00:00:00,12.34,12.58,12.13,12.52,12.52,950675,12.58,12.13,12.34,950675,0.0,1.0
2019-07-29 00:00:00,12.48,12.53,12.22,12.33,12.33,1190763,12.53,12.22,12.48,1190763,0.0,1.0
2019-07-30 00:00:00,12.19,12.275,11.75,12.26,12.26,1391635,12.275,11.75,12.19,1391635,0.0,1.0
2019-07-31 00:00:00,12.27,12.415,11.95,12.07,12.07,1852388,12.415,11.95,12.27,1852388,0.0,1.0
2019-08-01 00:00:00,12.08,12.15,10.96,11.02,11.02,3333293,12.15,10.96,12.08,3333293,0.0,1.0
2019-08-02 00:00:00,10.01,10.18,8.65,9.38,9.38,7950208,10.18,8.65,10.01,7950208,0.0,1.0
2019-08-05 00:00:00,9.11,9.15,8.2,8.55,8.55,5743950,9.15,8.2,9.11,5743950,0.0,1.0
2019-08-06 00:00:00,8.68,9.01,8.305,8.44,8.44,2554288,9.01,8.305,8.68,2554288,0.0,1.0
2019-08-07 00:00:00,8.24,8.27,7.88,8.07,8.07,2484114,8.27,7.88,8.24,2484114,0.0,1.0
2019-08-08 00:00:00,8.1,8.32,7.86,7.98,7.98,3082766,8.32,7.86,8.1,3082766,0.0,1.0
2019-08-09 00:00:00,7.92,8.03,7.65,7.71,7.71,2632593,8.03,7.65,7.92,2632593,0.0,1.0
2019-08-12 00:00:00,7.62,7.66,7.105,7.15,7.15,2484956,7.66,7.105,7.62,2484956,0.0,1.0
2019-08-13 00:00:00,7.15,7.76,7.12,7.59,7.59,2245360,7.76,7.12,7.15,2245360,0.0,1.0
2019-08-14 00:00:00,7.31,7.35,6.97,7.18,7.18,2135373,7.35,6.97,7.31,2135373,0.0,1.0
2019-08-15 00:00:00,7.21,7.235,6.945,7.02,7.02,2478411,7.235,6.945,7.21,2478411,0.0,1.0
2019-08-16 00:00:00,7.11,7.31,7.06,7.23,7.23,1874650,7.31,7.06,7.11,1874650,0.0,1.0
2019-08-19 00:00:00,7.41,7.4165,7.14,7.15,7.15,1824555,7.4165,7.14,7.41,1824555,0.0,1.0
2019-08-20 00:00:00,7.1,7.14,6.65,6.65,6.65,2616431,7.14,6.65,7.1,2616431,0.0,1.0
2019-08-21 00:00:00,6.83,6.95,6.67,6.75,6.75,2587912,6.95,6.67,6.83,2587912,0.0,1.0
2019-08-22 00:00:00,6.76,7.02,6.71,6.95,6.95,3350372,7.02,6.71,6.76,3350372,0.0,1.0
2019-08-23 00:00:00,6.84,7.169,6.515,6.55,6.55,4117924,7.169,6.515,6.84,4117924,0.0,1.0
2019-08-26 00:00:00,6.71,6.72,6.31,6.36,6.36,2553405,6.72,6.31,6.71,2553405,0.0,1.0
2019-08-27 00:00:00,6.44,6.45,6.06,6.17,6.17,3241832,6.45,6.06,6.44,3241832,0.0,1.0
2019-08-28 00:00:00,6.12,6.32,6.03,6.25,6.25,3105225,6.32,6.03,6.12,3105225,0.0,1.0
2019-08-29 00:00:00,6.33,6.57,6.33,6.38,6.38,1827128,6.57,6.33,6.33,1827128,0.0,1.0
2019-08-30 00:00:00,6.46,6.6,6.28,6.34,6.34,2166195,6.6,6.28,6.46,2166195,0.0,1.0
2019-09-03 00:00:00,6.26,6.27,5.865,6.01,6.01,3960822,6.27,5.865,6.26,3960822,0.0,1.0
2019-09-04 00:00:00,6.12,6.35,6.01,6.31,6.31,3435354,6.35,6.01,6.12,3435354,0.0,1.0
2019-09-05 00:00:00,6.47,7.31,6.47,7.21,7.21,4396621,7.31,6.47,6.47,4396621,0.0,1.0
2019-09-06 00:00:00,7.21,7.69,7.2,7.68,7.68,4954835,7.69,7.2,7.21,4954835,0.0,1.0
2019-09-09 00:00:00,7.82,8.6,7.82,8.23,8.23,4630899,8.6,7.82,7.82,4630899,0.0,1.0
2019-09-10 00:00:00,8.19,8.445,8.03,8.39,8.39,3693129,8.445,8.03,8.19,3693129,0.0,1.0
2019-09-11 00:00:00,8.45,8.65,7.9135,8.59,8.59,3215990,8.65,7.9135,8.45,3215990,0.0,1.0
2019-09-12 00:00:00,8.58,8.68,8.185,8.61,8.61,2228111,8.68,8.185,8.58,2228111,0.0,1.0
2019-09-13 00:00:00,8.71,9.23,8.66,8.96,8.96,3890784,9.23,8.66,8.71,3890784,0.0,1.0
2019-09-16 00:00:00,8.78,8.92,8.59,8.64,8.64,2958037,8.92,8.59,8.78,2958037,0.0,1.0
2019-09-17 00:00:00,8.56,8.63,8.16,8.28,8.28,2483858,8.63,8.16,8.56,2483858,0.0,1.0
2019-09-18 00:00:00,8.49,8.68,7.92,8.08,8.08,3486720,8.68,7.92,8.49,3486720,0.0,1.0
2019-09-19 00:00:00,8.1,8.35,8.01,8.05,8.05,2961366,8.35,8.01,8.1,2961366,0.0,1.0
2019-09-20 00:00:00,8.03,8.13,7.86,8.0,8.0,6466652,8.13,7.86,8.03,6466652,0.0,1.0
2019-09-23 00:00:00,7.89,8.07,7.78,7.98,7.98,1674652,8.07,7.78,7.89,1674652,0.0,1.0
2019-09-24 00:00:00,8.02,8.02,7.335,7.5,7.5,3189851,8.02,7.335,8.02,3189851,0.0,1.0
2019-09-25 00:00:00,7.51,7.73,7.51,7.65,7.65,2440159,7.73,7.51,7.51,2440159,0.0,1.0
2019-09-26 00:00:00,7.63,7.83,7.58,7.64,7.64,2765680,7.83,7.58,7.63,2765680,0.0,1.0
2019-09-27 00:00:00,7.67,7.98,7.65,7.97,7.97,1671245,7.98,7.65,7.67,1671245,0.0,1.0
2019-09-30 00:00:00,7.97,8.28,7.83,8.22,8.22,2071241,8.28,7.83,7.97,2071241,0.0,1.0
2019-10-01 00:00:00,8.3,8.57,7.71,7.73,7.73,2296522,8.57,7.71,8.3,2296522,0.0,1.0
2019-10-02 00:00:00,7.6,7.67,7.1,7.3,7.3,2100284,7.67,7.1,7.6,2100284,0.0,1.0
2019-10-03 00:00:00,7.21,7.27,6.75,7.2,7.2,2681528,7.27,6.75,7.21,2681528,0.0,1.0
2019-10-04 00:00:00,7.16,7.38,7.145,7.38,7.38,2098841,7.38,7.145,7.16,2098841,0.0,1.0
2019-10-07 00:00:00,7.34,7.43,7.11,7.18,7.18,1679054,7.43,7.11,7.34,1679054,0.0,1.0
2019-10-08 00:00:00,7.01,7.07,6.765,6.81,6.81,2851589,7.07,6.765,7.01,2851589,0.0,1.0
2019-10-09 00:00:00,6.96,7.23,6.93,7.18,7.18,1518238,7.23,6.93,6.96,1518238,0.0,1.0
2019-10-10 00:00:00,7.24,7.53,7.19,7.42,7.42,2158725,7.53,7.19,7.24,2158725,0.0,1.0
2019-10-11 00:00:00,7.57,8.085,7.57,7.93,7.93,2303506,8.085,7.57,7.57,2303506,0.0,1.0
2019-10-14 00:00:00,7.84,7.92,7.54,7.87,7.87,1465454,7.92,7.54,7.84,1465454,0.0,1.0
2019-10-15 00:00:00,7.91,8.255,7.66,8.17,8.17,3031652,8.255,7.66,7.91,3031652,0.0,1.0
2019-10-16 00:00:00,8.21,8.585,8.16,8.34,8.34,4267948,8.585,8.16,8.21,4267948,0.0,1.0
2019-10-17 00:00:00,8.4,8.51,8.23,8.45,8.45,3075981,8.51,8.23,8.4,3075981,0.0,1.0
2019-10-18 00:00:00,8.36,8.41,8.18,8.31,8.31,2061911,8.41,8.18,8.36,2061911,0.0,1.0
2019-10-21 00:00:00,8.45,8.61,8.34,8.55,8.55,1798362,8.61,8.34,8.45,1798362,0.0,1.0
2019-10-22 00:00:00,8.54,8.77,8.29,8.74,8.74,3026560,8.77,8.29,8.54,3026560,0.0,1.0
2019-10-23 00:00:00,8.74,8.77,8.33,8.76,8.76,2144708,8.77,8.33,8.74,2144708,0.0,1.0
2019-10-24 00:00:00,8.84,8.88,8.52,8.64,8.64,1295616,8.88,8.52,8.84,1295616,0.0,1.0
2019-10-25 00:00:00,8.56,9.07,8.56,9.04,9.04,1768744,9.07,8.56,8.56,1768744,0.0,1.0
2019-10-28 00:00:00,9.14,9.32,9.0935,9.26,9.26,1768976,9.32,9.0935,9.14,1768976,0.0,1.0
2019-10-29 00:00:00,9.19,9.29,8.92,9.13,9.13,1496921,9.29,8.92,9.19,1496921,0.0,1.0
2019-10-30 00:00:00,9.12,9.17,8.81,8.83,8.83,2335346,9.17,8.81,9.12,2335346,0.0,1.0
2019-10-31 00:00:00,8.81,9.025,8.315,8.36,8.36,4724980,9.025,8.315,8.81,4724980,0.0,1.0
2019-11-01 00:00:00,8.89,10.91,8.75,10.19,10.19,9005582,10.91,8.75,8.89,9005582,0.0,1.0
2019-11-04 00:00:00,10.54,11.14,10.33,11.05,11.05,5590818,11.14,10.33,10.54,5590818,0.0,1.0
2019-11-05 00:00:00,10.98,11.2082,10.63,10.65,10.65,4434099,11.2082,10.63,10.98,4434099,0.0,1.0
2019-11-06 00:00:00,10.61,10.705,10.21,10.41,10.41,3500184,10.705,10.21,10.61,3500184,0.0,1.0
2019-11-07 00:00:00,10.6,11.02,10.6,10.85,10.85,2423389,11.02,10.6,10.6,2423389,0.0,1.0
2019-11-08 00:00:00,10.77,11.155,10.66,11.06,11.06,1750763,11.155,10.66,10.77,1750763,0.0,1.0
2019-11-11 00:00:00,10.89,10.98,10.71,10.85,10.85,1195100,10.98,10.71,10.89,1195100,0.0,1.0
2019-11-12 00:00:00,10.88,10.97,10.54,10.55,10.55,1827989,10.97,10.54,10.88,1827989,0.0,1.0
2019-11-13 00:00:00,10.35,10.47,10.03,10.18,10.18,2042759,10.47,10.03,10.35,2042759,0.0,1.0
2019-11-14 00:00:00,10.21,10.35,10.07,10.09,10.09,1004777,10.35,10.07,10.21,1004777,0.0,1.0
2019-11-15 00:00:00,10.21,10.3399,9.83,9.96,9.96,2160876,10.3399,9.83,10.21,2160876,0.0,1.0
2019-11-18 00:00:00,9.81,9.835,9.525,9.73,9.73,1458979,9.835,9.525,9.81,1458979,0.0,1.0
2019-11-19 00:00:00,9.81,10.22,9.78,10.16,10.16,2614466,10.22,9.78,9.81,2614466,0.0,1.0
2019-11-20 00:00:00,10.08,10.08,9.31,9.46,9.46,2493196,10.08,9.31,10.08,2493196,0.0,1.0
2019-11-21 00:00:00,9.54,9.56,9.34,9.49,9.49,1181565,9.56,9.34,9.54,1181565,0.0,1.0
2019-11-22 00:00:00,9.62,9.785,9.545,9.67,9.67,942038,9.785,9.545,9.62,942038,0.0,1.0
2019-11-25 00:00:00,9.74,10.055,9.55,10.0,10.0,988704,10.055,9.55,9.74,988704,0.0,1.0
2019-11-26 00:00:00,9.88,10.085,9.81,9.9,9.9,1242632,10.085,9.81,9.88,1242632,0.0,1.0
2019-11-27 00:00:00,9.94,10.09,9.8,9.98,9.98,879063,10.09,9.8,9.94,879063,0.0,1.0
2019-11-29 00:00:00,9.95,10.01,9.82,9.86,9.86,424399,10.01,9.82,9.95,424399,0.0,1.0
2019-12-02 00:00:00,10.0,10.42,9.89,10.01,10.01,1427996,10.42,9.89,10.0,1427996,0.0,1.0
2019-12-03 00:00:00,9.76,9.76,9.23,9.52,9.52,1876405,9.76,9.23,9.76,1876405,0.0,1.0
2019-12-04 00:00:00,9.63,9.85,9.445,9.49,9.49,1042266,9.85,9.445,9.63,1042266,0.0,1.0
2019-12-05 00:00:00,9.57,9.625,9.33,9.49,9.49,866332,9.625,9.33,9.57,866332,0.0,1.0
2019-12-06 00:00:00,9.76,10.1,9.72,10.09,10.09,1273646,10.1,9.72,9.76,1273646,0.0,1.0
2019-12-09 00:00:00,10.01,10.16,9.88,10.02,10.02,837175,10.16,9.88,10.01,837175,0.0,1.0
2019-12-10 00:00:00,10.05,10.085,9.69,10.06,10.06,1884982,10.085,9.69,10.05,1884982,0.0,1.0
2019-12-11 00:00:00,10.16,10.64,10.085,10.53,10.53,2473784,10.64,10.085,10.16,2473784,0.0,1.0
2019-12-12 00:00:00,10.55,11.075,10.46,11.04,11.04,2203476,11.075,10.46,10.55,2203476,0.0,1.0
2019-12-13 00:00:00,11.03,11.26,10.48,10.54,10.54,1661632,11.26,10.48,11.03,1661632,0.0,1.0
2019-12-16 00:00:00,10.68,10.94,10.645,10.67,10.67,992704,10.94,10.645,10.68,992704,0.0,1.0
2019-12-17 00:00:00,10.65,10.72,10.57,10.64,10.64,991655,10.72,10.57,10.65,991655,0.0,1.0
2019-12-18 00:00:00,10.69,10.785,10.54,10.77,10.77,1193345,10.785,10.54,10.69,1193345,0.0,1.0
2019-12-19 00:00:00,10.7,10.79,10.58,10.75,10.75,816844,10.79,10.58,10.7,816844,0.0,1.0
2019-12-20 00:00:00,10.83,10.91,10.6419,10.72,10.72,2908703,10.91,10.6419,10.83,2908703,0.0,1.0
2019-12-23 00:00:00,10.76,10.77,10.58,10.7,10.7,752707,10.77,10.58,10.76,752707,0.0,1.0
2019-12-24 00:00:00,10.75,10.75,10.57,10.61,10.61,282584,10.75,10.57,10.75,282584,0.0,1.0
2019-12-26 00:00:00,10.66,10.66,10.41,10.58,10.58,777301,10.66,10.41,10.66,777301,0.0,1.0
2019-12-27 00:00:00,10.55,10.77,10.55,10.63,10.63,904390,10.77,10.55,10.55,904390,0.0,1.0
2019-12-30 00:00:00,10.63,10.88,10.54,10.72,10.72,846059,10.88,10.54,10.63,846059,0.0,1.0
2019-12-31 00:00:00,10.64,10.99,10.64,10.76,10.76,810792,10.99,10.64,10.64,810792,0.0,1.0
2020-01-02 00:00:00,10.95,10.99,10.6519,10.97,10.97,1156583,10.99,10.6519,10.95,1156583,0.0,1.0
2020-01-03 00:00:00,10.8,10.8,10.15,10.3,10.3,1991337,10.8,10.15,10.8,1991337,0.0,1.0
2020-01-06 00:00:00,10.08,10.22,9.8,9.92,9.92,1864553,10.22,9.8,10.08,1864553,0.0,1.0
2020-01-07 00:00:00,9.86,10.34,9.86,10.22,10.22,1509725,10.34,9.86,9.86,1509725,0.0,1.0
2020-01-08 00:00:00,10.2,10.2,9.62,9.64,9.64,3110554,10.2,9.62,10.2,3110554,0.0,1.0
2020-01-09 00:00:00,9.76,9.835,9.49,9.51,9.51,1380473,9.835,9.49,9.76,1380473,0.0,1.0
2020-01-10 00:00:00,9.49,9.54,9.1,9.14,9.14,1387478,9.54,9.1,9.49,1387478,0.0,1.0
2020-01-13 00:00:00,9.1,9.11,8.8,9.05,9.05,1071264,9.11,8.8,9.1,1071264,0.0,1.0
2020-01-14 00:00:00,9.04,9.41,8.94,9.19,9.19,1360522,9.41,8.94,9.04,1360522,0.0,1.0
2020-01-15 00:00:00,9.11,9.34,8.99,9.33,9.33,1169267,9.34,8.99,9.11,1169267,0.0,1.0
2020-01-16 00:00:00,9.44,9.725,9.39,9.58,9.58,1047335,9.725,9.39,9.44,1047335,0.0,1.0
2020-01-17 00:00:00,9.66,9.705,9.47,9.63,9.63,924457,9.705,9.47,9.66,924457,0.0,1.0
2020-01-21 00:00:00,9.55,9.62,9.3,9.39,9.39,765243,9.62,9.3,9.55,765243,0.0,1.0
2020-01-22 00:00:00,9.39,9.58,9.32,9.34,9.34,957874,9.58,9.32,9.39,957874,0.0,1.0
2020-01-23 00:00:00,9.24,9.54,8.935,9.5,9.5,1458285,9.54,8.935,9.24,1458285,0.0,1.0
2020-01-24 00:00:00,9.75,9.79,9.2,9.31,9.31,1240622,9.79,9.2,9.75,1240622,0.0,1.0
2020-01-27 00:00:00,9.02,9.525,8.93,9.39,9.39,2031806,9.525,8.93,9.02,2031806,0.0,1.0
2020-01-28 00:00:00,9.64,10.01,9.44,9.56,9.56,1835894,10.01,9.44,9.64,1835894,0.0,1.0
2020-01-29 00:00:00,9.57,9.845,9.42,9.44,9.44,1304853,9.845,9.42,9.57,1304853,0.0,1.0
2020-01-30 00:00:00,9.25,9.44,9.1732,9.41,9.41,1230000,9.44,9.1732,9.25,1230000,0.0,1.0
2020-01-31 00:00:00,9.28,9.35,9.045,9.24,9.24,1265132,9.35,9.045,9.28,1265132,0.0,1.0
2020-02-03 00:00:00,9.29,9.69,9.29,9.45,9.45,1533759,9.69,9.29,9.29,1533759,0.0,1.0
2020-02-04 00:00:00,9.69,10.005,9.63,9.8,9.8,1168873,10.005,9.63,9.69,1168873,0.0,1.0
2020-02-05 00:00:00,9.97,10.37,9.97,10.18,10.18,1571536,10.37,9.97,9.97,1571536,0.0,1.0
2020-02-06 00:00:00,10.28,10.3,9.76,9.85,9.85,1335515,10.3,9.76,10.28,1335515,0.0,1.0
2020-02-07 00:00:00,9.72,9.77,9.47,9.69,9.69,985064,9.77,9.47,9.72,985064,0.0,1.0
2020-02-10 00:00:00,9.59,9.68,9.46,9.54,9.54,962950,9.68,9.46,9.59,962950,0.0,1.0
2020-02-11 00:00:00,9.51,9.94,9.28,9.84,9.84,1398241,9.94,9.28,9.51,1398241,0.0,1.0
2020-02-12 00:00:00,10.08,10.62,10.07,10.34,10.34,1584667,10.62,10.07,10.08,1584667,0.0,1.0
2020-02-13 00:00:00,10.14,10.31,10.01,10.22,10.22,1275100,10.31,10.01,10.14,1275100,0.0,1.0
2020-02-14 00:00:00,10.31,10.4,8.5764,8.77,8.77,5076073,10.4,8.5764,10.31,5076073,0.0,1.0
2020-02-18 00:00:00,8.75,8.78,8.01,8.27,8.27,3344178,8.78,8.01,8.75,3344178,0.0,1.0
2020-02-19 00:00:00,8.27,8.43,7.89,7.92,7.92,2730135,8.43,7.89,8.27,2730135,0.0,1.0
2020-02-20 00:00:00,7.83,8.37,7.83,8.23,8.23,1793861,8.37,7.83,7.83,1793861,0.0,1.0
2020-02-21 00:00:00,8.17,8.21,7.9123,8.0,8.0,1179665,8.21,7.9123,8.17,1179665,0.0,1.0
2020-02-24 00:00:00,7.64,7.7,7.36,7.4,7.4,1921261,7.7,7.36,7.64,1921261,0.0,1.0
2020-02-25 00:00:00,7.36,7.45,6.53,6.56,6.56,3492998,7.45,6.53,7.36,3492998,0.0,1.0
2020-02-26 00:00:00,6.76,6.87,6.31,6.38,6.38,1820304,6.87,6.31,6.76,1820304,0.0,1.0
2020-02-27 00:00:00,6.08,6.61,5.77,6.17,6.17,2964994,6.61,5.77,6.08,2964994,0.0,1.0
2020-02-28 00:00:00,5.83,6.35,5.83,6.33,6.33,2561773,6.35,5.83,5.83,2561773,0.0,1.0
2020-03-02 00:00:00,6.36,6.49,5.95,6.4,6.4,3164724,6.49,5.95,6.36,3164724,0.0,1.0
2020-03-03 00:00:00,6.4,6.64,5.97,6.0,6.0,2155769,6.64,5.97,6.4,2155769,0.0,1.0
2020-03-04 00:00:00,6.24,6.41,5.97,6.38,6.38,1780638,6.41,5.97,6.24,1780638,0.0,1.0
2020-03-05 00:00:00,6.12,6.14,5.74,5.75,5.75,2995272,6.14,5.74,6.12,2995272,0.0,1.0
2020-03-06 00:00:00,5.43,5.78,5.03,5.14,5.14,2697814,5.78,5.03,5.43,2697814,0.0,1.0
2020-03-09 00:00:00,4.56,4.96,4.5,4.67,4.67,3120245,4.96,4.5,4.56,3120245,0.0,1.0
2020-03-10 00:00:00,4.94,5.0,4.58,4.98,4.98,2208400,5.0,4.58,4.94,2208400,0.0,1.0
2020-03-11 00:00:00,4.8,5.07,4.5,4.88,4.88,3568330,5.07,4.5,4.8,3568330,0.0,1.0
2020-03-12 00:00:00,4.36,4.77,4.0,4.02,4.02,3104395,4.77,4.0,4.36,3104395,0.0,1.0
2020-03-13 00:00:00,4.45,4.94,4.07,4.92,4.92,2605943,4.94,4.07,4.45,2605943,0.0,1.0
2020-03-16 00:00:00,3.3,5.14,3.3,4.3,4.3,2718093,5.14,3.3,3.3,2718093,0.0,1.0
2020-03-17 00:00:00,4.41,4.4499,3.73,3.84,3.84,3126958,4.4499,3.73,4.41,3126958,0.0,1.0
2020-03-18 00:00:00,3.66,3.68,3.0,3.05,3.05,3148755,3.68,3.0,3.66,3148755,0.0,1.0
2020-03-19 00:00:00,2.95,3.14,2.805,2.97,2.97,3480821,3.14,2.805,2.95,3480821,0.0,1.0
2020-03-20 00:00:00,3.08,3.44,2.87,2.98,2.98,6121601,3.44,2.87,3.08,6121601,0.0,1.0
2020-03-23 00:00:00,3.1,3.16,2.5,2.77,2.77,3984486,3.16,2.5,3.1,3984486,0.0,1.0
2020-03-24 00:00:00,3.05,4.1543,3.01,4.06,4.06,5413544,4.1543,3.01,3.05,5413544,0.0,1.0
2020-03-25 00:00:00,4.29,4.63,3.81,4.2,4.2,3334966,4.63,3.81,4.29,3334966,0.0,1.0
2020-03-26 00:00:00,4.2,4.54,3.845,4.44,4.44,2463718,4.54,3.845,4.2,2463718,0.0,1.0
2020-03-27 00:00:00,4.15,4.2,3.7,3.78,3.78,2972868,4.2,3.7,4.15,2972868,0.0,1.0
2020-03-30 00:00:00,3.72,3.82,3.5,3.62,3.62,1769038,3.82,3.5,3.72,1769038,0.0,1.0
2020-03-31 00:00:00,3.63,3.98,3.53,3.61,3.61,2569223,3.98,3.53,3.63,2569223,0.0,1.0
2020-04-01 00:00:00,3.4,3.525,3.24,3.31,3.31,1839996,3.525,3.24,3.4,1839996,0.0,1.0
2020-04-02 00:00:00,3.25,3.46,3.18,3.23,3.23,1087561,3.46,3.18,3.25,1087561,0.0,1.0
2020-04-03 00:00:00,3.21,3.22,2.72,2.74,2.74,3152666,3.22,2.72,3.21,3152666,0.0,1.0
2020-04-06 00:00:00,3.07,3.16,2.94,3.09,3.09,2461664,3.16,2.94,3.07,2461664,0.0,1.0
2020-04-07 00:00:00,3.4,3.5,2.985,3.03,3.03,3442906,3.5,2.985,3.4,3442906,0.0,1.0
2020-04-08 00:00:00,3.15,3.7,3.01,3.66,3.66,3513482,3.7,3.01,3.15,3513482,0.0,1.0
2020-04-09 00:00:00,3.95,4.63,3.91,4.23,4.23,5491053,4.63,3.91,3.95,5491053,0.0,1.0
2020-04-13 00:00:00,4.23,4.33,3.71,3.82,3.82,2858375,4.33,3.71,4.23,2858375,0.0,1.0
2020-04-14 00:00:00,3.96,4.25,3.705,3.82,3.82,2689140,4.25,3.705,3.96,2689140,0.0,1.0
2020-04-15 00:00:00,3.6,3.76,3.4272,3.61,3.61,1954937,3.76,3.4272,3.6,1954937,0.0,1.0
2020-04-16 00:00:00,3.61,3.61,3.285,3.31,3.31,1907535,3.61,3.285,3.61,1907535,0.0,1.0
2020-04-17 00:00:00,3.58,3.98,3.5,3.74,3.74,2345650,3.98,3.5,3.58,2345650,0.0,1.0
2020-04-20 00:00:00,3.59,3.915,3.51,3.7,3.7,1455077,3.915,3.51,3.59,1455077,0.0,1.0
2020-04-21 00:00:00,3.52,3.71,3.45,3.46,3.46,2001351,3.71,3.45,3.52,2001351,0.0,1.0
2020-04-22 00:00:00,3.7,3.7,3.23,3.26,3.26,2118359,3.7,3.23,3.7,2118359,0.0,1.0
2020-04-23 00:00:00,3.28,3.63,3.28,3.52,3.52,2301733,3.63,3.28,3.28,2301733,0.0,1.0
2020-04-24 00:00:00,3.62,3.765,3.5,3.6,3.6,1785561,3.765,3.5,3.62,1785561,0.0,1.0
2020-04-27 00:00:00,3.6,3.88,3.42,3.75,3.75,2333619,3.88,3.42,3.6,2333619,0.0,1.0
2020-04-28 00:00:00,3.95,4.05,3.7,3.87,3.87,2513993,4.05,3.7,3.95,2513993,0.0,1.0
2020-04-29 00:00:00,4.05,4.67,4.05,4.52,4.52,3037393,4.67,4.05,4.05,3037393,0.0,1.0
2020-04-30 00:00:00,4.39,4.5,4.11,4.32,4.32,2973805,4.5,4.11,4.39,2973805,0.0,1.0
2020-05-01 00:00:00,4.1,4.275,3.93,4.19,4.19,2500729,4.275,3.93,4.1,2500729,0.0,1.0
2020-05-04 00:00:00,4.0,4.23,3.87,3.96,3.96,2130485,4.23,3.87,4.0,2130485,0.0,1.0
2020-05-05 00:00:00,4.15,4.4,3.9,3.96,3.96,1695612,4.4,3.9,4.15,1695612,0.0,1.0
2020-05-06 00:00:00,4.07,4.26,3.93,4.1,4.1,1333334,4.26,3.93,4.07,1333334,0.0,1.0
2020-05-07 00:00:00,4.2,4.42,4.12,4.26,4.26,1831176,4.42,4.12,4.2,1831176,0.0,1.0
2020-05-08 00:00:00,4.63,6.1,4.61,5.96,5.96,12395671,6.1,4.61,4.63,12395671,0.0,1.0
2020-05-11 00:00:00,5.75,5.93,5.4873,5.62,5.62,3075267,5.93,5.4873,5.75,3075267,0.0,1.0
2020-05-12 00:00:00,5.67,5.89,5.26,5.27,5.27,2230187,5.89,5.26,5.67,2230187,0.0,1.0
2020-05-13 00:00:00,5.24,5.25,4.75,4.9,4.9,2626191,5.25,4.75,5.24,2626191,0.0,1.0
2020-05-14 00:00:00,4.65,5.44,4.55,5.36,5.36,3047928,5.44,4.55,4.65,3047928,0.0,1.0
2020-05-15 00:00:00,5.3,5.75,5.19,5.72,5.72,3854611,5.75,5.19,5.3,3854611,0.0,1.0
2020-05-18 00:00:00,6.1,6.73,6.09,6.64,6.64,4342293,6.73,6.09,6.1,4342293,0.0,1.0
2020-05-19 00:00:00,6.57,6.995,6.43,6.43,6.43,4635245,6.995,6.43,6.57,4635245,0.0,1.0
2020-05-20 00:00:00,6.61,6.89,6.61,6.79,6.79,2450610,6.89,6.61,6.61,2450610,0.0,1.0
2020-05-21 00:00:00,6.84,7.04,6.69,6.76,6.76,2177444,7.04,6.69,6.84,2177444,0.0,1.0
2020-05-22 00:00:00,6.81,6.99,6.57,6.94,6.94,2532349,6.99,6.57,6.81,2532349,0.0,1.0
2020-05-26 00:00:00,7.47,8.03,7.36,7.5,7.5,3716194,8.03,7.36,7.47,3716194,0.0,1.0
2020-05-27 00:00:00,7.85,7.96,7.36,7.91,7.91,4308754,7.96,7.36,7.85,4308754,0.0,1.0
2020-05-28 00:00:00,8.0,8.0,7.37,7.42,7.42,2087956,8.0,7.37,8.0,2087956,0.0,1.0
2020-05-29 00:00:00,7.24,7.4,6.8,7.11,7.11,2485173,7.4,6.8,7.24,2485173,0.0,1.0
2020-06-01 00:00:00,7.21,7.805,7.17,7.54,7.54,2129357,7.805,7.17,7.21,2129357,0.0,1.0
2020-06-02 00:00:00,7.7,7.85,7.565,7.8,7.8,1414734,7.85,7.565,7.7,1414734,0.0,1.0
2020-06-03 00:00:00,8.04,8.585,8.0,8.41,8.41,2410425,8.585,8.0,8.04,2410425,0.0,1.0
2020-06-04 00:00:00,8.31,8.58,8.17,8.32,8.32,2296135,8.58,8.17,8.31,2296135,0.0,1.0
2020-06-05 00:00:00,9.0,9.62,8.35,8.75,8.75,3476130,9.62,8.35,9.0,3476130,0.0,1.0
2020-06-08 00:00:00,8.84,9.245,8.83,9.22,9.22,2339536,9.245,8.83,8.84,2339536,0.0,1.0
2020-06-09 00:00:00,8.81,8.96,8.66,8.81,8.81,2376691,8.96,8.66,8.81,2376691,0.0,1.0
2020-06-10 00:00:00,8.71,8.88,8.025,8.31,8.31,2379402,8.88,8.025,8.71,2379402,0.0,1.0
2020-06-11 00:00:00,7.48,7.85,7.085,7.12,7.12,2307543,7.85,7.085,7.48,2307543,0.0,1.0
2020-06-12 00:00:00,7.62,7.98,7.35,7.78,7.78,1744668,7.98,7.35,7.62,1744668,0.0,1.0
2020-06-15 00:00:00,7.3,7.87,7.03,7.77,7.77,1824720,7.87,7.03,7.3,1824720,0.0,1.0
2020-06-16 00:00:00,8.27,8.28,7.53,7.76,7.76,1976074,8.28,7.53,8.27,1976074,0.0,1.0
2020-06-17 00:00:00,7.71,7.71,7.26,7.27,7.27,1277574,7.71,7.26,7.71,1277574,0.0,1.0
2020-06-18 00:00:00,7.15,7.3,6.96,7.01,7.01,1299136,7.3,6.96,7.15,1299136,0.0,1.0
2020-06-19 00:00:00,7.23,7.44,7.08,7.38,7.38,2817744,7.44,7.08,7.23,2817744,0.0,1.0
2020-06-22 00:00:00,7.35,7.505,7.14,7.47,7.47,1377724,7.505,7.14,7.35,1377724,0.0,1.0
2020-06-23 00:00:00,7.65,7.68,7.32,7.49,7.49,1273176,7.68,7.32,7.65,1273176,0.0,1.0
2020-06-24 00:00:00,7.31,7.355,6.92,7.08,7.08,2009244,7.355,6.92,7.31,2009244,0.0,1.0
2020-06-25 00:00:00,6.96,7.52,6.81,7.52,7.52,1898491,7.52,6.81,6.96,1898491,0.0,1.0
2020-06-26 00:00:00,7.41,7.44,7.08,7.16,7.16,2239510,7.44,7.08,7.41,2239510,0.0,1.0
2020-06-29 00:00:00,7.36,7.98,7.33,7.74,7.74,2172000,7.98,7.33,7.36,2172000,0.0,1.0
2020-06-30 00:00:00,7.63,7.74,7.4,7.6,7.6,1696700,7.74,7.4,7.63,1696700,0.0,1.0
2020-07-01 00:00:00,7.58,7.82,7.2,7.23,7.23,1683200,7.82,7.2,7.58,1683200,0.0,1.0
2020-07-02 00:00:00,7.52,7.69,7.28,7.31,7.31,1336600,7.69,7.28,7.52,1336600,0.0,1.0
2020-07-06 00:00:00,7.59,7.63,7.25,7.51,7.51,1146800,7.63,7.25,7.59,1146800,0.0,1.0
2020-07-07 00:00:00,7.35,7.46,7.18,7.19,7.19,1369300,7.46,7.18,7.35,1369300,0.0,1.0
2020-07-08 00:00:00,7.11,7.25,6.92,7.11,7.11,1288600,7.25,6.92,7.11,1288600,0.0,1.0
2020-07-09 00:00:00,7.11,7.2,6.46,6.47,6.47,2225600,7.2,6.46,7.11,2225600,0.0,1.0
2020-07-10 00:00:00,6.49,6.88,6.42,6.84,6.84,1509400,6.88,6.42,6.49,1509400,0.0,1.0
2020-07-13 00:00:00,6.92,7.11,6.72,6.88,6.88,1466800,7.11,6.72,6.92,1466800,0.0,1.0
2020-07-14 00:00:00,6.89,7.28,6.71,7.26,7.26,1239900,7.28,6.71,6.89,1239900,0.0,1.0
2020-07-15 00:00:00,7.54,7.59,7.13,7.44,7.44,1628800,7.59,7.13,7.54,1628800,0.0,1.0
2020-07-16 00:00:00,7.37,7.57,7.2,7.46,7.46,1464700,7.57,7.2,7.37,1464700,0.0,1.0
2020-07-17 00:00:00,7.46,7.63,7.12,7.17,7.17,1488800,7.63,7.12,7.46,1488800,0.0,1.0
2020-07-20 00:00:00,7.12,7.26,7.03,7.2,7.2,1259183,7.26,7.03,7.12,1259183,0.0,1.0
2020-07-21 00:00:00,7.36,7.58,7.26,7.4,7.4,1454675,7.58,7.26,7.36,1454675,0.0,1.0
2020-07-22 00:00:00,7.32,7.72,7.32,7.59,7.59,767395,7.72,7.32,7.32,767395,0.0,1.0
2020-07-23 00:00:00,7.6,7.86,7.5101,7.76,7.76,1364037,7.86,7.5101,7.6,1364037,0.0,1.0
2020-07-24 00:00:00,7.69,7.79,7.445,7.49,7.49,1027575,7.79,7.445,7.69,1027575,0.0,1.0
2020-07-27 00:00:00,7.44,7.88,7.39,7.86,7.86,1203935,7.88,7.39,7.44,1203935,0.0,1.0
2020-07-28 00:00:00,7.83,7.95,7.71,7.86,7.86,910558,7.95,7.71,7.83,910558,0.0,1.0
2020-07-29 00:00:00,7.95,8.15,7.905,8.01,8.01,944273,8.15,7.905,7.95,944273,0.0,1.0
2020-07-30 00:00:00,7.76,7.83,7.045,7.09,7.09,2242153,7.83,7.045,7.76,2242153,0.0,1.0
2020-07-31 00:00:00,7.16,7.22,6.39,7.06,7.06,3356630,7.22,6.39,7.16,3356630,0.0,1.0
2020-08-03 00:00:00,7.14,7.18,6.635,6.88,6.88,2780769,7.18,6.635,7.14,2780769,0.0,1.0
2020-08-04 00:00:00,6.79,6.9,6.54,6.7,6.7,3430249,6.9,6.54,6.79,3430249,0.0,1.0
2020-08-05 00:00:00,6.78,7.02,6.745,6.93,6.93,2948750,7.02,6.745,6.78,2948750,0.0,1.0
2020-08-06 00:00:00,6.97,7.235,6.79,6.91,6.91,2031375,7.235,6.79,6.97,2031375,0.0,1.0
2020-08-07 00:00:00,6.81,7.16,6.63,7.15,7.15,1817893,7.16,6.63,6.81,1817893,0.0,1.0
2020-08-10 00:00:00,7.23,7.66,7.1824,7.55,7.55,2443029,7.66,7.1824,7.23,2443029,0.0,1.0
2020-08-11 00:00:00,7.78,8.165,7.7401,7.99,7.99,2453229,8.165,7.7401,7.78,2453229,0.0,1.0
2020-08-12 00:00:00,8.2,8.237,7.98,8.12,8.12,1968481,8.237,7.98,8.2,1968481,0.0,1.0
2020-08-13 00:00:00,8.01,8.13,7.935,7.94,7.94,1325476,8.13,7.935,8.01,1325476,0.0,1.0
2020-08-14 00:00:00,7.85,8.03,7.76,7.95,7.95,1243928,8.03,7.76,7.85,1243928,0.0,1.0
2020-08-17 00:00:00,7.98,8.01,7.635,7.74,7.74,1285790,8.01,7.635,7.98,1285790,0.0,1.0
2020-08-18 00:00:00,7.74,7.88,7.3,7.31,7.31,1236867,7.88,7.3,7.74,1236867,0.0,1.0
2020-08-19 00:00:00,7.3,7.47,7.22,7.26,7.26,1009256,7.47,7.22,7.3,1009256,0.0,1.0
2020-08-20 00:00:00,7.12,7.25,7.04,7.15,7.15,902821,7.25,7.04,7.12,902821,0.0,1.0
2020-08-21 00:00:00,7.03,7.12,6.87,6.91,6.91,1235459,7.12,6.87,7.03,1235459,0.0,1.0
2020-08-24 00:00:00,7.04,7.38,6.9,7.38,7.38,1258091,7.38,6.9,7.04,1258091,0.0,1.0
2020-08-25 00:00:00,7.56,7.6,7.4,7.46,7.46,1280345,7.6,7.4,7.56,1280345,0.0,1.0
2020-08-26 00:00:00,7.45,7.545,7.33,7.47,7.47,859157,7.545,7.33,7.45,859157,0.0,1.0
2020-08-27 00:00:00,7.59,7.745,7.47,7.61,7.61,1327565,7.745,7.47,7.59,1327565,0.0,1.0
2020-08-28 00:00:00,7.63,8.0,7.565,7.96,7.96,1229018,8.0,7.565,7.63,1229018,0.0,1.0
2020-08-31 00:00:00,7.9,7.95,7.75,7.78,7.78,1202173,7.95,7.75,7.9,1202173,0.0,1.0
2020-09-01 00:00:00,7.68,8.04,7.4799,7.98,7.98,1182826,8.04,7.4799,7.68,1182826,0.0,1.0
2020-09-02 00:00:00,8.0,8.53,8.0,8.51,8.51,1932669,8.53,8.0,8.0,1932669,0.0,1.0
2020-09-03 00:00:00,8.5,8.53,7.95,8.13,8.13,1568337,8.53,7.95,8.5,1568337,0.0,1.0
2020-09-04 00:00:00,8.34,8.355,7.93,8.06,8.06,1416688,8.355,7.93,8.34,1416688,0.0,1.0
2020-09-08 00:00:00,7.95,7.99,7.74,7.75,7.75,1142695,7.99,7.74,7.95,1142695,0.0,1.0
2020-09-09 00:00:00,7.82,7.93,7.58,7.79,7.79,1005025,7.93,7.58,7.82,1005025,0.0,1.0
2020-09-10 00:00:00,7.89,7.975,7.41,7.42,7.42,953065,7.975,7.41,7.89,953065,0.0,1.0
2020-09-11 00:00:00,7.43,7.62,7.32,7.49,7.49,874110,7.62,7.32,7.43,874110,0.0,1.0
2020-09-14 00:00:00,7.52,7.825,7.4566,7.79,7.79,699188,7.825,7.4566,7.52,699188,0.0,1.0
2020-09-15 00:00:00,7.89,7.99,7.71,7.74,7.74,623984,7.99,7.71,7.89,623984,0.0,1.0
2020-09-16 00:00:00,7.68,7.68,6.6,6.73,6.73,7120629,7.68,6.6,7.68,7120629,0.0,1.0
2020-09-17 00:00:00,6.51,6.63,6.25,6.27,6.27,3210012,6.63,6.25,6.51,3210012,0.0,1.0
2020-09-18 00:00:00,6.27,6.27,5.75,5.84,5.84,6991464,6.27,5.75,6.27,6991464,0.0,1.0
2020-09-21 00:00:00,5.56,5.7,5.33,5.39,5.39,3403055,5.7,5.33,5.56,3403055,0.0,1.0
2020-09-22 00:00:00,5.41,5.53,5.31,5.41,5.41,2111391,5.53,5.31,5.41,2111391,0.0,1.0
2020-09-23 00:00:00,5.41,5.5,5.1,5.1,5.1,2212287,5.5,5.1,5.41,2212287,0.0,1.0
2020-09-24 00:00:00,5.03,5.315,4.82,5.11,5.11,2617536,5.315,4.82,5.03,2617536,0.0,1.0
2020-09-25 00:00:00,5.03,5.195,4.98,5.04,5.04,1705605,5.195,4.98,5.03,1705605,0.0,1.0
2020-09-28 00:00:00,5.17,5.69,5.15,5.6,5.6,2869918,5.69,5.15,5.17,2869918,0.0,1.0
2020-09-29 00:00:00,5.59,5.62,5.37,5.58,5.58,2041493,5.62,5.37,5.59,2041493,0.0,1.0
2020-09-30 00:00:00,5.58,5.91,5.55,5.77,5.77,1980425,5.91,5.55,5.58,1980425,0.0,1.0
2020-10-01 00:00:00,5.85,6.09,5.66,6.07,6.07,2318789,6.09,5.66,5.85,2318789,0.0,1.0
2020-10-02 00:00:00,5.75,6.295,5.7299,6.28,6.28,1937349,6.295,5.7299,5.75,1937349,0.0,1.0
2020-10-05 00:00:00,6.42,6.5,6.23,6.38,6.38,2242710,6.5,6.23,6.42,2242710,0.0,1.0
2020-10-06 00:00:00,6.48,6.55,6.15,6.18,6.18,2225742,6.55,6.15,6.48,2225742,0.0,1.0
2020-10-07 00:00:00,6.32,6.63,6.25,6.59,6.59,1993754,6.63,6.25,6.32,1993754,0.0,1.0
2020-10-08 00:00:00,6.68,6.93,6.62,6.8,6.8,2329344,6.93,6.62,6.68,2329344,0.0,1.0
2020-10-09 00:00:00,6.9,6.95,6.755,6.85,6.85,1423639,6.95,6.755,6.9,1423639,0.0,1.0
2020-10-12 00:00:00,6.83,7.06,6.83,6.91,6.91,1134485,7.06,6.83,6.83,1134485,0.0,1.0
2020-10-13 00:00:00,6.81,6.97,6.64,6.88,6.88,1465494,6.97,6.64,6.81,1465494,0.0,1.0
2020-10-14 00:00:00,6.95,7.01,6.79,6.8,6.8,981758,7.01,6.79,6.95,981758,0.0,1.0
2020-10-15 00:00:00,6.59,6.94,6.59,6.88,6.88,1548872,6.94,6.59,6.59,1548872,0.0,1.0
2020-10-16 00:00:00,6.92,7.06,6.76,6.77,6.77,1209385,7.06,6.76,6.92,1209385,0.0,1.0
2020-10-19 00:00:00,6.82,6.82,6.62,6.66,6.66,1243305,6.82,6.62,6.82,1243305,0.0,1.0
2020-10-20 00:00:00,6.76,6.96,6.66,6.67,6.67,2268590,6.96,6.66,6.76,2268590,0.0,1.0
2020-10-21 00:00:00,6.68,6.97,6.64,6.8,6.8,1689473,6.97,6.64,6.68,1689473,0.0,1.0
2020-10-22 00:00:00,6.99,7.41,6.95,7.39,7.39,2623533,7.41,6.95,6.99,2623533,0.0,1.0
2020-10-23 00:00:00,7.45,7.74,7.3,7.36,7.36,2041207,7.74,7.3,7.45,2041207,0.0,1.0
2020-10-26 00:00:00,7.14,7.28,7.06,7.19,7.19,1738552,7.28,7.06,7.14,1738552,0.0,1.0
2020-10-27 00:00:00,7.1,7.146,6.78,6.79,6.79,2029095,7.146,6.78,7.1,2029095,0.0,1.0
2020-10-28 00:00:00,6.48,6.7,6.47,6.49,6.49,1307037,6.7,6.47,6.48,1307037,0.0,1.0
2020-10-29 00:00:00,6.43,6.66,6.33,6.63,6.63,2211882,6.66,6.33,6.43,2211882,0.0,1.0
2020-10-30 00:00:00,6.98,6.99,6.41,6.72,6.72,2187799,6.99,6.41,6.98,2187799,0.0,1.0
2020-11-02 00:00:00,6.84,7.18,6.75,6.91,6.91,1961284,7.18,6.75,6.84,1961284,0.0,1.0
2020-11-03 00:00:00,7.1,7.36,7.07,7.21,7.21,2223874,7.36,7.07,7.1,2223874,0.0,1.0
2020-11-04 00:00:00,7.0,7.09,6.76,6.79,6.79,2453345,7.09,6.76,7.0,2453345,0.0,1.0
2020-11-05 00:00:00,6.9,7.25,6.9,7.17,7.17,1812167,7.25,6.9,6.9,1812167,0.0,1.0
2020-11-06 00:00:00,7.22,7.39,7.11,7.35,7.35,2132600,7.39,7.11,7.22,2132600,0.0,1.0
2020-11-09 00:00:00,8.0,8.39,7.55,7.59,7.59,3686893,8.39,7.55,8.0,3686893,0.0,1.0
2020-11-10 00:00:00,7.72,7.88,7.6059,7.81,7.81,1924230,7.88,7.6059,7.72,1924230,0.0,1.0
2020-11-11 00:00:00,7.91,7.91,7.53,7.69,7.69,1050884,7.91,7.53,7.91,1050884,0.0,1.0
2020-11-12 00:00:00,7.55,7.68,7.24,7.4,7.4,1965975,7.68,7.24,7.55,1965975,0.0,1.0
2020-11-13 00:00:00,7.53,7.71,7.47,7.69,7.69,1158035,7.71,7.47,7.53,1158035,0.0,1.0
2020-11-16 00:00:00,8.0,8.22,7.85,8.11,8.11,1835197,8.22,7.85,8.0,1835197,0.0,1.0
2020-11-17 00:00:00,7.97,8.34,7.89,8.2,8.2,1550851,8.34,7.89,7.97,1550851,0.0,1.0
2020-11-18 00:00:00,8.27,8.48,8.17,8.17,8.17,1487611,8.48,8.17,8.27,1487611,0.0,1.0
2020-11-19 00:00:00,8.21,8.21,8.0,8.07,8.07,2014072,8.21,8.0,8.21,2014072,0.0,1.0
2020-11-20 00:00:00,8.01,8.11,7.85,7.99,7.99,1700385,8.11,7.85,8.01,1700385,0.0,1.0
2020-11-23 00:00:00,8.09,8.36,8.09,8.27,8.27,1291318,8.36,8.09,8.09,1291318,0.0,1.0
2020-11-24 00:00:00,8.47,8.86,8.38,8.7,8.7,1966241,8.86,8.38,8.47,1966241,0.0,1.0
2020-11-25 00:00:00,8.55,8.58,8.1,8.24,8.24,1555727,8.58,8.1,8.55,1555727,0.0,1.0
2020-11-27 00:00:00,8.14,8.29,8.04,8.28,8.28,567449,8.29,8.04,8.14,567449,0.0,1.0
2020-11-30 00:00:00,8.18,8.35,7.91,7.96,7.96,1643909,8.35,7.91,8.18,1643909,0.0,1.0
2020-12-01 00:00:00,8.1,8.15,7.66,7.68,7.68,2612845,8.15,7.66,8.1,2612845,0.0,1.0
2020-12-02 00:00:00,7.57,7.935,7.545,7.91,7.91,1360663,7.935,7.545,7.57,1360663,0.0,1.0
2020-12-03 00:00:00,7.9,7.99,7.74,7.81,7.81,1215074,7.99,7.74,7.9,1215074,0.0,1.0
2020-12-04 00:00:00,7.89,8.43,7.89,8.41,8.41,1814671,8.43,7.89,7.89,1814671,0.0,1.0
2020-12-07 00:00:00,8.41,8.425,8.12,8.24,8.24,1035873,8.425,8.12,8.41,1035873,0.0,1.0
2020-12-08 00:00:00,8.13,8.27,8.13,8.24,8.24,1530177,8.27,8.13,8.13,1530177,0.0,1.0
2020-12-09 00:00:00,8.34,8.615,8.1699,8.29,8.29,1075553,8.615,8.1699,8.34,1075553,0.0,1.0
2020-12-10 00:00:00,8.15,8.27,8.0,8.15,8.15,1354491,8.27,8.0,8.15,1354491,0.0,1.0
2020-12-11 00:00:00,8.03,8.11,7.815,7.86,7.86,1707109,8.11,7.815,8.03,1707109,0.0,1.0
2020-12-14 00:00:00,8.03,8.05,7.72,7.86,7.86,1440321,8.05,7.72,8.03,1440321,0.0,1.0
2020-12-15 00:00:00,7.97,8.11,7.79,8.04,8.04,1289321,8.11,7.79,7.97,1289321,0.0,1.0
2020-12-16 00:00:00,8.14,8.26,8.03,8.11,8.11,1005805,8.26,8.03,8.14,1005805,0.0,1.0
2020-12-17 00:00:00,7.95,7.985,7.75,7.78,7.78,1348284,7.985,7.75,7.95,1348284,0.0,1.0
2020-12-18 00:00:00,7.84,7.87,7.38,7.52,7.52,3236349,7.87,7.38,7.84,3236349,0.0,1.0
2020-12-21 00:00:00,7.36,7.765,7.2799,7.73,7.73,1647444,7.765,7.2799,7.36,1647444,0.0,1.0
2020-12-22 00:00:00,7.74,8.33,7.7,8.14,8.14,4427810,8.33,7.7,7.74,4427810,0.0,1.0
2020-12-23 00:00:00,8.37,8.6,8.3,8.33,8.33,2151308,8.6,8.3,8.37,2151308,0.0,1.0
2020-12-24 00:00:00,8.45,8.45,8.0282,8.23,8.23,969173,8.45,8.0282,8.45,969173,0.0,1.0
2020-12-28 00:00:00,8.36,8.68,8.2522,8.41,8.41,1479789,8.68,8.2522,8.36,1479789,0.0,1.0
2020-12-29 00:00:00,8.5,8.59,8.25,8.3,8.3,1235281,8.59,8.25,8.5,1235281,0.0,1.0
2020-12-30 00:00:00,8.32,8.57,8.29,8.47,8.47,885717,8.57,8.29,8.32,885717,0.0,1.0
2020-12-31 00:00:00,8.47,8.52,8.29,8.34,8.34,1128003,8.52,8.29,8.47,1128003,0.0,1.0
2021-01-04 00:00:00,8.43,8.49,7.86,8.12,8.12,2828518,8.49,7.86,8.43,2828518,0.0,1.0
2021-01-05 00:00:00,8.1,8.3,8.04,8.23,8.23,1173838,8.3,8.04,8.1,1173838,0.0,1.0
2021-01-06 00:00:00,8.41,8.77,8.385,8.67,8.67,2798061,8.77,8.385,8.41,2798061,0.0,1.0
2021-01-07 00:00:00,8.92,9.89,8.8599,9.76,9.76,4565635,9.89,8.8599,8.92,4565635,0.0,1.0
2021-01-08 00:00:00,9.84,9.9,9.08,9.26,9.26,2469400,9.9,9.08,9.84,2469400,0.0,1.0
2021-01-11 00:00:00,9.26,9.26,8.88,8.98,8.98,2194506,9.26,8.88,9.26,2194506,0.0,1.0
2021-01-12 00:00:00,9.0,9.41,8.8537,9.29,9.29,1780607,9.41,8.8537,9.0,1780607,0.0,1.0
2021-01-13 00:00:00,9.31,9.42,8.82,8.84,8.84,1660617,9.42,8.82,9.31,1660617,0.0,1.0
2021-01-14 00:00:00,8.95,9.2,8.64,9.05,9.05,2146664,9.2,8.64,8.95,2146664,0.0,1.0
2021-01-15 00:00:00,8.88,9.075,8.68,8.74,8.74,2514681,9.075,8.68,8.88,2514681,0.0,1.0
2021-01-19 00:00:00,8.95,9.16,8.5982,9.1,9.1,2185512,9.16,8.5982,8.95,2185512,0.0,1.0
2021-01-20 00:00:00,9.16,9.44,9.11,9.41,9.41,1570678,9.44,9.11,9.16,1570678,0.0,1.0
2021-01-21 00:00:00,9.45,9.58,9.13,9.47,9.47,1814023,9.58,9.13,9.45,1814023,0.0,1.0
2021-01-22 00:00:00,9.44,9.71,9.3,9.68,9.68,1907676,9.71,9.3,9.44,1907676,0.0,1.0
2021-01-25 00:00:00,9.7,9.74,8.9277,9.11,9.11,2005816,9.74,8.9277,9.7,2005816,0.0,1.0
2021-01-26 00:00:00,9.24,9.25,8.945,8.97,8.97,1297924,9.25,8.945,9.24,1297924,0.0,1.0
2021-01-27 00:00:00,8.87,9.62,8.65,9.48,9.48,3754320,9.62,8.65,8.87,3754320,0.0,1.0
2021-01-28 00:00:00,9.51,9.62,8.85,9.02,9.02,2320655,9.62,8.85,9.51,2320655,0.0,1.0
2021-01-29 00:00:00,8.96,9.395,8.7,8.81,8.81,1899797,9.395,8.7,8.96,1899797,0.0,1.0
2021-02-01 00:00:00,8.95,8.97,8.34,8.93,8.93,2457706,8.97,8.34,8.95,2457706,0.0,1.0
2021-02-02 00:00:00,9.05,9.175,8.91,9.04,9.04,1447263,9.175,8.91,9.05,1447263,0.0,1.0
2021-02-03 00:00:00,9.08,9.29,8.985,9.28,9.28,1929645,9.29,8.985,9.08,1929645,0.0,1.0
2021-02-04 00:00:00,9.37,9.76,9.25,9.75,9.75,2284876,9.76,9.25,9.37,2284876,0.0,1.0
2021-02-05 00:00:00,9.83,10.35,9.82,10.34,10.34,2238653,10.35,9.82,9.83,2238653,0.0,1.0
2021-02-08 00:00:00,10.41,11.03,10.41,11.03,11.03,2102121,11.03,10.41,10.41,2102121,0.0,1.0
2021-02-09 00:00:00,10.96,11.06,10.56,10.72,10.72,1409878,11.06,10.56,10.96,1409878,0.0,1.0
2021-02-10 00:00:00,10.82,10.8499,10.325,10.43,10.43,1635317,10.8499,10.325,10.82,1635317,0.0,1.0
2021-02-11 00:00:00,10.47,10.69,10.19,10.56,10.56,1572409,10.69,10.19,10.47,1572409,0.0,1.0
2021-02-12 00:00:00,10.37,10.73,9.6,9.82,9.82,3993697,10.73,9.6,10.37,3993697,0.0,1.0
2021-02-16 00:00:00,10.09,10.1592,9.31,9.77,9.77,2506752,10.1592,9.31,10.09,2506752,0.0,1.0
2021-02-17 00:00:00,9.75,9.75,9.26,9.36,9.36,1892217,9.75,9.26,9.75,1892217,0.0,1.0
2021-02-18 00:00:00,9.28,9.41,8.98,9.04,9.04,1840101,9.41,8.98,9.28,1840101,0.0,1.0
2021-02-19 00:00:00,9.24,9.55,9.2,9.32,9.32,1817450,9.55,9.2,9.24,1817450,0.0,1.0
2021-02-22 00:00:00,9.25,9.64,9.24,9.4,9.4,2253828,9.64,9.24,9.25,2253828,0.0,1.0
2021-02-23 00:00:00,9.2,9.535,8.89,9.42,9.42,1705470,9.535,8.89,9.2,1705470,0.0,1.0
2021-02-24 00:00:00,9.52,9.76,9.4,9.71,9.71,1477158,9.76,9.4,9.52,1477158,0.0,1.0
2021-02-25 00:00:00,9.83,10.13,9.6,9.91,9.91,2267840,10.13,9.6,9.83,2267840,0.0,1.0
2021-02-26 00:00:00,9.9,10.01,9.47,9.77,9.77,1702442,10.01,9.47,9.9,1702442,0.0,1.0
2021-03-01 00:00:00,9.96,10.41,9.765,10.37,10.37,1932595,10.41,9.765,9.96,1932595,0.0,1.0
2021-03-02 00:00:00,10.4,10.7,10.3,10.49,10.49,2050200,10.7,10.3,10.4,2050200,0.0,1.0
2021-03-03 00:00:00,10.6,10.95,10.6,10.61,10.61,1086659,10.95,10.6,10.6,1086659,0.0,1.0
2021-03-04 00:00:00,10.44,10.65,9.5013,9.78,9.78,2603851,10.65,9.5013,10.44,2603851,0.0,1.0
2021-03-05 00:00:00,9.87,10.28,9.355,10.27,10.27,1914380,10.28,9.355,9.87,1914380,0.0,1.0
2021-03-08 00:00:00,10.4,11.42,10.3,11.28,11.28,3132125,11.42,10.3,10.4,3132125,0.0,1.0
2021-03-09 00:00:00,11.38,11.67,11.28,11.42,11.42,1459005,11.67,11.28,11.38,1459005,0.0,1.0
2021-03-10 00:00:00,11.58,11.85,11.38,11.53,11.53,1296064,11.85,11.38,11.58,1296064,0.0,1.0
2021-03-11 00:00:00,11.72,12.025,11.64,11.95,11.95,1493551,12.025,11.64,11.72,1493551,0.0,1.0
2021-03-12 00:00:00,11.96,12.92,11.96,12.9,12.9,2488510,12.92,11.96,11.96,2488510,0.0,1.0
2021-03-15 00:00:00,12.46,12.62,12.31,12.46,12.46,2126714,12.62,12.31,12.46,2126714,0.0,1.0
2021-03-16 00:00:00,12.33,12.43,11.52,11.54,11.54,1712785,12.43,11.52,12.33,1712785,0.0,1.0
2021-03-17 00:00:00,11.42,11.96,11.34,11.93,11.93,1153583,11.96,11.34,11.42,1153583,0.0,1.0
2021-03-18 00:00:00,11.93,12.0881,11.33,11.43,11.43,1131670,12.0881,11.33,11.93,1131670,0.0,1.0
2021-03-19 00:00:00,11.4,11.5,11.1399,11.43,11.43,3975675,11.5,11.1399,11.4,3975675,0.0,1.0
2021-03-22 00:00:00,11.36,11.4655,10.465,10.71,10.71,2094198,11.4655,10.465,11.36,2094198,0.0,1.0
2021-03-23 00:00:00,10.46,10.6,10.0,10.13,10.13,1672467,10.6,10.0,10.46,1672467,0.0,1.0
2021-03-24 00:00:00,10.3,10.4099,9.18,9.21,9.21,4289628,10.4099,9.18,10.3,4289628,0.0,1.0
2021-03-25 00:00:00,8.99,9.6,8.75,9.48,9.48,3339858,9.6,8.75,8.99,3339858,0.0,1.0
2021-03-26 00:00:00,9.67,9.75,9.38,9.61,9.61,2079014,9.75,9.38,9.67,2079014,0.0,1.0
2021-03-29 00:00:00,9.55,9.86,9.22,9.24,9.24,1532725,9.86,9.22,9.55,1532725,0.0,1.0
2021-03-30 00:00:00,9.23,9.75,9.16,9.68,9.68,1523202,9.75,9.16,9.23,1523202,0.0,1.0
2021-03-31 00:00:00,9.78,9.915,9.61,9.66,9.66,1088728,9.915,9.61,9.78,1088728,0.0,1.0
2021-04-01 00:00:00,9.84,9.89,9.32,9.8,9.8,1615760,9.89,9.32,9.84,1615760,0.0,1.0
2021-04-05 00:00:00,9.95,9.97,9.7,9.86,9.86,1231318,9.97,9.7,9.95,1231318,0.0,1.0
2021-04-06 00:00:00,9.82,10.17,9.76,9.81,9.81,1240174,10.17,9.76,9.82,1240174,0.0,1.0
2021-04-07 00:00:00,9.75,9.83,9.47,9.57,9.57,1367924,9.83,9.47,9.75,1367924,0.0,1.0
2021-04-08 00:00:00,9.49,9.53,9.08,9.46,9.46,1691610,9.53,9.08,9.49,1691610,0.0,1.0
2021-04-09 00:00:00,9.5,9.66,9.405,9.55,9.55,1427947,9.66,9.405,9.5,1427947,0.0,1.0
2021-04-12 00:00:00,9.64,9.67,9.3,9.43,9.43,1156395,9.67,9.3,9.64,1156395,0.0,1.0
2021-04-13 00:00:00,9.38,9.45,8.99,9.17,9.17,1594857,9.45,8.99,9.38,1594857,0.0,1.0
2021-04-14 00:00:00,9.23,9.6,9.22,9.41,9.41,1386999,9.6,9.22,9.23,1386999,0.0,1.0
2021-04-15 00:00:00,9.49,9.49,9.1,9.41,9.41,1567015,9.49,9.1,9.49,1567015,0.0,1.0
2021-04-16 00:00:00,9.5,9.59,9.41,9.54,9.54,847410,9.59,9.41,9.5,847410,0.0,1.0
2021-04-19 00:00:00,9.47,9.5,9.11,9.27,9.27,2278610,9.5,9.11,9.47,2278610,0.0,1.0
2021-04-20 00:00:00,9.23,9.27,8.78,8.93,8.93,1810893,9.27,8.78,9.23,1810893,0.0,1.0
2021-04-21 00:00:00,8.9,9.245,8.65,9.23,9.23,1156600,9.245,8.65,8.9,1156600,0.0,1.0
2021-04-22 00:00:00,9.27,9.33,9.06,9.07,9.07,1387889,9.33,9.06,9.27,1387889,0.0,1.0
2021-04-23 00:00:00,9.15,9.87,9.07,9.75,9.75,2345423,9.87,9.07,9.15,2345423,0.0,1.0
2021-04-26 00:00:00,9.9,10.07,9.805,9.85,9.85,1339234,10.07,9.805,9.9,1339234,0.0,1.0
2021-04-27 00:00:00,9.86,10.18,9.78,10.11,10.11,1377047,10.18,9.78,9.86,1377047,0.0,1.0
2021-04-28 00:00:00,10.17,10.31,10.01,10.25,10.25,1231050,10.31,10.01,10.17,1231050,0.0,1.0
2021-04-29 00:00:00,10.26,10.39,9.68,9.8,9.8,1885182,10.39,9.68,10.26,1885182,0.0,1.0
2021-04-30 00:00:00,9.67,9.825,9.095,9.28,9.28,2717184,9.825,9.095,9.67,2717184,0.0,1.0
2021-05-03 00:00:00,9.36,9.66,9.36,9.6,9.6,1679998,9.66,9.36,9.36,1679998,0.0,1.0
2021-05-04 00:00:00,9.55,9.55,9.19,9.37,9.37,1112598,9.55,9.19,9.55,1112598,0.0,1.0
2021-05-05 00:00:00,9.47,9.86,9.42,9.65,9.65,1196600,9.86,9.42,9.47,1196600,0.0,1.0
2021-05-06 00:00:00,9.69,9.84,9.47,9.76,9.76,949236,9.84,9.47,9.69,949236,0.0,1.0
2021-05-07 00:00:00,9.91,10.48,9.84,10.48,10.48,1829061,10.48,9.84,9.91,1829061,0.0,1.0
2021-05-10 00:00:00,10.64,11.19,10.325,10.35,10.35,3130254,11.19,10.325,10.64,3130254,0.0,1.0
2021-05-11 00:00:00,10.04,10.435,9.91,10.39,10.39,1483446,10.435,9.91,10.04,1483446,0.0,1.0
2021-05-12 00:00:00,10.3,10.46,9.995,10.04,10.04,1363333,10.46,9.995,10.3,1363333,0.0,1.0
2021-05-13 00:00:00,10.12,10.295,9.9,10.19,10.19,1127035,10.295,9.9,10.12,1127035,0.0,1.0
2021-05-14 00:00:00,10.32,10.63,10.23,10.63,10.63,826570,10.63,10.23,10.32,826570,0.0,1.0
2021-05-17 00:00:00,10.61,10.87,10.485,10.81,10.81,988732,10.87,10.485,10.61,988732,0.0,1.0
2021-05-18 00:00:00,10.92,11.11,10.75,10.75,10.75,1425250,11.11,10.75,10.92,1425250,0.0,1.0
2021-05-19 00:00:00,10.48,10.75,10.33,10.75,10.75,1062324,10.75,10.33,10.48,1062324,0.0,1.0
2021-05-20 00:00:00,10.75,10.79,10.48,10.6,10.6,819382,10.79,10.48,10.75,819382,0.0,1.0
2021-05-21 00:00:00,10.72,11.192,10.72,11.13,11.13,1037582,11.192,10.72,10.72,1037582,0.0,1.0
2021-05-24 00:00:00,11.24,11.24,10.92,10.92,10.92,916591,11.24,10.92,11.24,916591,0.0,1.0
2021-05-25 00:00:00,11.0,11.08,10.47,10.47,10.47,1276338,11.08,10.47,11.0,1276338,0.0,1.0
2021-05-26 00:00:00,10.53,10.81,10.45,10.77,10.77,945745,10.81,10.45,10.53,945745,0.0,1.0
2021-05-27 00:00:00,11.09,11.525,10.95,11.29,11.29,1690532,11.525,10.95,11.09,1690532,0.0,1.0
2021-05-28 00:00:00,11.44,11.44,11.025,11.2,11.2,762023,11.44,11.025,11.44,762023,0.0,1.0
2021-06-01 00:00:00,11.39,11.98,11.26,11.92,11.92,1723454,11.98,11.26,11.39,1723454,0.0,1.0
2021-06-02 00:00:00,11.98,11.99,11.64,11.88,11.88,972382,11.99,11.64,11.98,972382,0.0,1.0
2021-06-03 00:00:00,11.98,13.055,11.83,12.87,12.87,3663814,13.055,11.83,11.98,3663814,0.0,1.0
2021-06-04 00:00:00,12.88,12.89,12.18,12.33,12.33,1560122,12.89,12.18,12.88,1560122,0.0,1.0
2021-06-07 00:00:00,12.38,12.47,12.22,12.42,12.42,771130,12.47,12.22,12.38,771130,0.0,1.0
2021-06-08 00:00:00,12.4,12.61,12.21,12.57,12.57,690079,12.61,12.21,12.4,690079,0.0,1.0
2021-06-09 00:00:00,12.54,12.575,12.29,12.32,12.32,718268,12.575,12.29,12.54,718268,0.0,1.0
2021-06-10 00:00:00,12.35,12.42,11.88,11.88,11.88,949209,12.42,11.88,12.35,949209,0.0,1.0
2021-06-11 00:00:00,12.01,12.15,11.91,12.15,12.15,831141,12.15,11.91,12.01,831141,0.0,1.0
2021-06-14 00:00:00,12.07,12.11,11.5826,11.63,11.63,1363832,12.11,11.5826,12.07,1363832,0.0,1.0
2021-06-15 00:00:00,11.59,11.76,11.5,11.75,11.75,1081075,11.76,11.5,11.59,1081075,0.0,1.0
2021-06-16 00:00:00,11.71,11.75,11.41,11.67,11.67,1000247,11.75,11.41,11.71,1000247,0.0,1.0
2021-06-17 00:00:00,11.68,11.72,10.76,10.96,10.96,1535769,11.72,10.76,11.68,1535769,0.0,1.0
2021-06-18 00:00:00,10.71,10.83,10.295,10.5,10.5,3324426,10.83,10.295,10.71,3324426,0.0,1.0
2021-06-21 00:00:00,10.66,10.87,10.58,10.77,10.77,1338805,10.87,10.58,10.66,1338805,0.0,1.0
2021-06-22 00:00:00,10.71,10.805,10.5,10.79,10.79,1159074,10.805,10.5,10.71,1159074,0.0,1.0
2021-06-23 00:00:00,10.94,11.1299,10.8,11.03,11.03,906390,11.1299,10.8,10.94,906390,0.0,1.0
2021-06-24 00:00:00,11.19,11.325,11.0699,11.09,11.09,1020984,11.325,11.0699,11.19,1020984,0.0,1.0
2021-06-25 00:00:00,11.16,11.255,10.89,10.91,10.91,3814547,11.255,10.89,11.16,3814547,0.0,1.0
2021-06-28 00:00:00,10.9,10.93,10.25,10.35,10.35,2179603,10.93,10.25,10.9,2179603,0.0,1.0
2021-06-29 00:00:00,10.38,10.46,10.2602,10.32,10.32,780516,10.46,10.2602,10.38,780516,0.0,1.0
2021-06-30 00:00:00,10.3,10.4499,10.13,10.35,10.35,977561,10.4499,10.13,10.3,977561,0.0,1.0
2021-07-01 00:00:00,10.76,11.44,10.75,11.41,11.41,2315050,11.44,10.75,10.76,2315050,0.0,1.0
2021-07-02 00:00:00,11.44,11.5,11.1502,11.2,11.2,978944,11.5,11.1502,11.44,978944,0.0,1.0
2021-07-06 00:00:00,11.04,11.06,10.58,10.76,10.76,1113838,11.06,10.58,11.04,1113838,0.0,1.0
2021-07-07 00:00:00,10.65,10.67,10.095,10.45,10.45,1756684,10.67,10.095,10.65,1756684,0.0,1.0
2021-07-08 00:00:00,10.07,10.47,9.9,10.08,10.08,1888507,10.47,9.9,10.07,1888507,0.0,1.0
2021-07-09 00:00:00,10.34,10.521,10.26,10.4,10.4,694985,10.521,10.26,10.34,694985,0.0,1.0
2021-07-12 00:00:00,10.26,10.54,10.14,10.4,10.4,1038804,10.54,10.14,10.26,1038804,0.0,1.0
2021-07-13 00:00:00,10.26,10.35,9.72,9.74,9.74,1825695,10.35,9.72,10.26,1825695,0.0,1.0
2021-07-14 00:00:00,9.79,9.96,9.45,9.46,9.46,1206183,9.96,9.45,9.79,1206183,0.0,1.0
2021-07-15 00:00:00,9.34,9.59,9.27,9.41,9.41,1006140,9.59,9.27,9.34,1006140,0.0,1.0
2021-07-16 00:00:00,9.39,9.49,9.07,9.17,9.17,1162247,9.49,9.07,9.39,1162247,0.0,1.0
2021-07-19 00:00:00,8.81,9.2,8.8,9.08,9.08,1253374,9.2,8.8,8.81,1253374,0.0,1.0
2021-07-20 00:00:00,9.2,9.565,9.08,9.41,9.41,1143888,9.565,9.08,9.2,1143888,0.0,1.0
2021-07-21 00:00:00,9.6,9.86,9.59,9.7,9.7,947596,9.86,9.59,9.6,947596,0.0,1.0
2021-07-22 00:00:00,9.57,9.58,9.11,9.22,9.22,1044847,9.58,9.11,9.57,1044847,0.0,1.0
2021-07-23 00:00:00,9.395,9.395,9.06,9.37,9.37,876370,9.395,9.06,9.395,876370,0.0,1.0
2021-07-26 00:00:00,9.435,9.58,9.315,9.44,9.44,527747,9.58,9.315,9.435,527747,0.0,1.0
2021-07-27 00:00:00,9.21,9.3,8.99,9.24,9.24,1376426,9.3,8.99,9.21,1376426,0.0,1.0
2021-07-28 00:00:00,9.42,9.56,9.12,9.31,9.31,936505,9.56,9.12,9.42,936505,0.0,1.0
2021-07-29 00:00:00,9.54,9.885,9.51,9.78,9.78,1638924,9.885,9.51,9.54,1638924,0.0,1.0
2021-07-30 00:00:00,9.7,10.59,9.52,9.69,9.69,2701130,10.59,9.52,9.7,2701130,0.0,1.0
2021-08-02 00:00:00,9.89,10.25,9.69,9.72,9.72,1493500,10.25,9.69,9.89,1493500,0.0,1.0
2021-08-03 00:00:00,9.85,10.0,9.56,9.89,9.89,1648454,10.0,9.56,9.85,1648454,0.0,1.0
2021-08-04 00:00:00,9.76,9.84,9.17,9.21,9.21,1704763,9.84,9.17,9.76,1704763,0.0,1.0
2021-08-05 00:00:00,9.19,9.47,9.19,9.38,9.38,924487,9.47,9.19,9.19,924487,0.0,1.0
2021-08-06 00:00:00,9.52,9.58,9.24,9.29,9.29,966884,9.58,9.24,9.52,966884,0.0,1.0
2021-08-09 00:00:00,9.16,9.27,9.0,9.13,9.13,863902,9.27,9.0,9.16,863902,0.0,1.0
2021-08-10 00:00:00,9.18,9.46,9.06,9.4,9.4,851774,9.46,9.06,9.18,851774,0.0,1.0
2021-08-11 00:00:00,9.31,9.5,9.12,9.49,9.49,829013,9.5,9.12,9.31,829013,0.0,1.0
2021-08-12 00:00:00,9.55,9.56,9.2553,9.39,9.39,772751,9.56,9.2553,9.55,772751,0.0,1.0
2021-08-13 00:00:00,9.34,9.45,9.1899,9.36,9.36,784186,9.45,9.1899,9.34,784186,0.0,1.0
2021-08-16 00:00:00,9.23,9.47,9.035,9.42,9.42,1196485,9.47,9.035,9.23,1196485,0.0,1.0
2021-08-17 00:00:00,9.21,9.2634,9.005,9.1,9.1,1744909,9.2634,9.005,9.21,1744909,0.0,1.0
2021-08-18 00:00:00,9.03,9.15,8.81,8.82,8.82,1510439,9.15,8.81,9.03,1510439,0.0,1.0
2021-08-19 00:00:00,8.56,8.615,8.33,8.48,8.48,1471403,8.615,8.33,8.56,1471403,0.0,1.0
2021-08-20 00:00:00,8.4,8.5,8.28,8.42,8.42,1027019,8.5,8.28,8.4,1027019,0.0,1.0
2021-08-23 00:00:00,8.47,8.55,8.31,8.5,8.5,881999,8.55,8.31,8.47,881999,0.0,1.0
2021-08-24 00:00:00,8.6,8.85,8.58,8.75,8.75,988817,8.85,8.58,8.6,988817,0.0,1.0
2021-08-25 00:00:00,8.78,8.88,8.67,8.82,8.82,590399,8.88,8.67,8.78,590399,0.0,1.0
2021-08-26 00:00:00,8.8,8.85,8.57,8.65,8.65,545478,8.85,8.57,8.8,545478,0.0,1.0
2021-08-27 00:00:00,8.63,9.17,8.61,9.17,9.17,1096096,9.17,8.61,8.63,1096096,0.0,1.0
2021-08-30 00:00:00,9.2,9.2,8.82,8.84,8.84,743021,9.2,8.82,9.2,743021,0.0,1.0
2021-08-31 00:00:00,8.84,8.95,8.72,8.87,8.87,845180,8.95,8.72,8.84,845180,0.0,1.0
2021-09-01 00:00:00,8.81,8.985,8.685,8.96,8.96,1031213,8.985,8.685,8.81,1031213,0.0,1.0
2021-09-02 00:00:00,8.97,9.0201,8.67,8.69,8.69,1353391,9.0201,8.67,8.97,1353391,0.0,1.0
2021-09-03 00:00:00,8.7,8.74,8.5897,8.64,8.64,677137,8.74,8.5897,8.7,677137,0.0,1.0
2021-09-07 00:00:00,8.57,8.775,8.49,8.57,8.57,648515,8.775,8.49,8.57,648515,0.0,1.0
2021-09-08 00:00:00,8.47,8.535,8.25,8.31,8.31,825756,8.535,8.25,8.47,825756,0.0,1.0
2021-09-09 00:00:00,8.26,8.355,8.1489,8.26,8.26,905612,8.355,8.1489,8.26,905612,0.0,1.0
2021-09-10 00:00:00,8.33,8.44,8.09,8.11,8.11,810023,8.44,8.09,8.33,810023,0.0,1.0
2021-09-13 00:00:00,8.28,8.445,8.155,8.42,8.42,1111528,8.445,8.155,8.28,1111528,0.0,1.0
2021-09-14 00:00:00,8.52,8.52,8.16,8.24,8.24,785315,8.52,8.16,8.52,785315,0.0,1.0
2021-09-15 00:00:00,8.24,8.52,8.21,8.45,8.45,946339,8.52,8.21,8.24,946339,0.0,1.0
2021-09-16 00:00:00,8.31,8.49,8.0736,8.36,8.36,2040554,8.49,8.0736,8.31,2040554,0.0,1.0
2021-09-17 00:00:00,8.37,8.65,8.34,8.64,8.64,3851204,8.65,8.34,8.37,3851204,0.0,1.0
2021-09-20 00:00:00,8.21,8.29,7.925,8.15,8.15,2075499,8.29,7.925,8.21,2075499,0.0,1.0
2021-09-21 00:00:00,8.19,8.29,7.9,7.96,7.96,1460454,8.29,7.9,8.19,1460454,0.0,1.0
2021-09-22 00:00:00,8.14,8.59,8.0,8.42,8.42,1775185,8.59,8.0,8.14,1775185,0.0,1.0
2021-09-23 00:00:00,8.58,8.85,8.501,8.73,8.73,1226206,8.85,8.501,8.58,1226206,0.0,1.0
2021-09-24 00:00:00,8.62,8.78,8.5715,8.69,8.69,655190,8.78,8.5715,8.62,655190,0.0,1.0
2021-09-27 00:00:00,8.68,9.215,8.67,9.08,9.08,1451348,9.215,8.67,8.68,1451348,0.0,1.0
2021-09-28 00:00:00,9.19,9.32,8.985,9.14,9.14,1088129,9.32,8.985,9.19,1088129,0.0,1.0
2021-09-29 00:00:00,9.14,9.19,8.965,9.12,9.12,751049,9.19,8.965,9.14,751049,0.0,1.0
2021-09-30 00:00:00,9.04,9.15,8.81,8.81,8.81,822154,9.15,8.81,9.04,822154,0.0,1.0
2021-10-01 00:00:00,8.9,9.0,8.69,8.92,8.92,999828,9.0,8.69,8.9,999828,0.0,1.0
2021-10-04 00:00:00,9.04,9.285,9.0,9.09,9.09,1411648,9.285,9.0,9.04,1411648,0.0,1.0
2021-10-05 00:00:00,9.07,9.44,8.97,9.42,9.42,1273071,9.44,8.97,9.07,1273071,0.0,1.0
2021-10-06 00:00:00,9.24,9.42,8.94,9.15,9.15,1660062,9.42,8.94,9.24,1660062,0.0,1.0
2021-10-07 00:00:00,9.29,9.59,9.23,9.51,9.51,1119508,9.59,9.23,9.29,1119508,0.0,1.0
2021-10-08 00:00:00,9.57,9.96,9.54,9.89,9.89,1192973,9.96,9.54,9.57,1192973,0.0,1.0
2021-10-11 00:00:00,9.91,10.25,9.8392,10.11,10.11,1365220,10.25,9.8392,9.91,1365220,0.0,1.0
2021-10-12 00:00:00,10.19,10.57,10.19,10.45,10.45,1540635,10.57,10.19,10.19,1540635,0.0,1.0
2021-10-13 00:00:00,10.36,10.565,10.2,10.46,10.46,1522180,10.565,10.2,10.36,1522180,0.0,1.0
2021-10-14 00:00:00,10.52,10.725,10.4698,10.65,10.65,1127980,10.725,10.4698,10.52,1127980,0.0,1.0
2021-10-15 00:00:00,10.86,10.91,10.61,10.61,10.61,1128241,10.91,10.61,10.86,1128241,0.0,1.0
2021-10-18 00:00:00,10.51,10.65,10.37,10.43,10.43,1036320,10.65,10.37,10.51,1036320,0.0,1.0
2021-10-19 00:00:00,10.44,10.52,10.225,10.28,10.28,711130,10.52,10.225,10.44,711130,0.0,1.0
2021-10-20 00:00:00,10.08,10.57,10.01,10.37,10.37,722309,10.57,10.01,10.08,722309,0.0,1.0
2021-10-21 00:00:00,10.44,10.66,10.38,10.44,10.44,565802,10.66,10.38,10.44,565802,0.0,1.0
2021-10-22 00:00:00,10.48,10.57,10.23,10.26,10.26,713540,10.57,10.23,10.48,713540,0.0,1.0
2021-10-25 00:00:00,10.32,10.4,10.09,10.23,10.23,813518,10.4,10.09,10.32,813518,0.0,1.0
2021-10-26 00:00:00,10.23,10.23,9.25,9.28,9.28,1624357,10.23,9.25,10.23,1624357,0.0,1.0
2021-10-27 00:00:00,9.11,9.36,8.935,9.09,9.09,1558874,9.36,8.935,9.11,1558874,0.0,1.0
2021-10-28 00:00:00,9.22,9.36,9.05,9.27,9.27,978415,9.36,9.05,9.22,978415,0.0,1.0
2021-10-29 00:00:00,9.24,9.33,8.98,9.08,9.08,1412895,9.33,8.98,9.24,1412895,0.0,1.0
2021-11-01 00:00:00,9.23,9.555,9.1199,9.36,9.36,1468552,9.555,9.1199,9.23,1468552,0.0,1.0
2021-11-02 00:00:00,9.36,9.4,9.1,9.36,9.36,843775,9.4,9.1,9.36,843775,0.0,1.0
2021-11-03 00:00:00,9.27,9.93,9.26,9.85,9.85,1201673,9.93,9.26,9.27,1201673,0.0,1.0
2021-11-04 00:00:00,9.8,10.07,9.405,9.56,9.56,1719170,10.07,9.405,9.8,1719170,0.0,1.0
2021-11-05 00:00:00,9.75,9.99,9.13,9.82,9.82,1391136,9.99,9.13,9.75,1391136,0.0,1.0
2021-11-08 00:00:00,9.86,9.88,9.625,9.75,9.75,1149912,9.88,9.625,9.86,1149912,0.0,1.0
2021-11-09 00:00:00,9.75,9.94,9.595,9.67,9.67,1080218,9.94,9.595,9.75,1080218,0.0,1.0
2021-11-10 00:00:00,9.65,9.78,9.465,9.49,9.49,1156796,9.78,9.465,9.65,1156796,0.0,1.0
2021-11-11 00:00:00,9.57,9.74,9.48,9.66,9.66,1048045,9.74,9.48,9.57,1048045,0.0,1.0
2021-11-12 00:00:00,9.67,9.815,9.62,9.73,9.73,741531,9.815,9.62,9.67,741531,0.0,1.0
2021-11-15 00:00:00,9.77,9.9,9.715,9.84,9.84,762370,9.9,9.715,9.77,762370,0.0,1.0
2021-11-16 00:00:00,9.91,10.12,9.8401,9.92,9.92,948351,10.12,9.8401,9.91,948351,0.0,1.0
2021-11-17 00:00:00,10.04,10.04,9.605,9.77,9.77,997506,10.04,9.605,10.04,997506,0.0,1.0
2021-11-18 00:00:00,9.77,9.89,9.46,9.62,9.62,941372,9.89,9.46,9.77,941372,0.0,1.0
2021-11-19 00:00:00,9.46,9.68,9.4,9.43,9.43,625574,9.68,9.4,9.46,625574,0.0,1.0
2021-11-22 00:00:00,9.45,9.8956,9.435,9.77,9.77,895273,9.8956,9.435,9.45,895273,0.0,1.0
2021-11-23 00:00:00,9.83,9.9,9.68,9.73,9.73,965598,9.9,9.68,9.83,965598,0.0,1.0
2021-11-24 00:00:00,9.605,9.86,9.59,9.73,9.73,560208,9.86,9.59,9.605,560208,0.0,1.0
2021-11-26 00:00:00,9.16,9.38,8.85,9.36,9.36,1881867,9.38,8.85,9.16,1881867,0.0,1.0
2021-11-29 00:00:00,9.47,9.54,9.11,9.2,9.2,1248084,9.54,9.11,9.47,1248084,0.0,1.0
2021-11-30 00:00:00,9.05,9.2,8.64,8.86,8.86,2038877,9.2,8.64,9.05,2038877,0.0,1.0
2021-12-01 00:00:00,9.19,9.24,8.71,8.71,8.71,1449303,9.24,8.71,9.19,1449303,0.0,1.0
2021-12-02 00:00:00,8.83,9.105,8.725,9.02,9.02,1258645,9.105,8.725,8.83,1258645,0.0,1.0
2021-12-03 00:00:00,9.1,9.13,8.865,9.01,9.01,742861,9.13,8.865,9.1,742861,0.0,1.0
2021-12-06 00:00:00,9.16,9.54,9.06,9.42,9.42,1150478,9.54,9.06,9.16,1150478,0.0,1.0
2021-12-07 00:00:00,9.49,9.79,9.49,9.68,9.68,889364,9.79,9.49,9.49,889364,0.0,1.0
2021-12-08 00:00:00,9.78,9.965,9.71,9.85,9.85,1048228,9.965,9.71,9.78,1048228,0.0,1.0
2021-12-09 00:00:00,9.71,9.88,9.71,9.75,9.75,768525,9.88,9.71,9.71,768525,0.0,1.0
2021-12-10 00:00:00,9.87,10.005,9.65,9.76,9.76,890246,10.005,9.65,9.87,890246,0.0,1.0
2021-12-13 00:00:00,9.64,9.79,9.4416,9.51,9.51,844583,9.79,9.4416,9.64,844583,0.0,1.0
2021-12-14 00:00:00,9.39,9.675,9.37,9.4,9.4,1119663,9.675,9.37,9.39,1119663,0.0,1.0
2021-12-15 00:00:00,9.37,9.48,9.03,9.45,9.45,1629599,9.48,9.03,9.37,1629599,0.0,1.0
2021-12-16 00:00:00,9.52,9.74,9.08,9.11,9.11,1142923,9.74,9.08,9.52,1142923,0.0,1.0
2021-12-17 00:00:00,9.03,9.11,8.75,8.94,8.94,2945984,9.11,8.75,9.03,2945984,0.0,1.0
2021-12-20 00:00:00,8.72,8.765,8.18,8.42,8.42,2336326,8.765,8.18,8.72,2336326,0.0,1.0
2021-12-21 00:00:00,8.58,8.8658,8.57,8.72,8.72,1538089,8.8658,8.57,8.58,1538089,0.0,1.0
2021-12-22 00:00:00,8.7,9.035,8.62,9.01,9.01,984223,9.035,8.62,8.7,984223,0.0,1.0
2021-12-23 00:00:00,9.09,9.37,9.02,9.34,9.34,761519,9.37,9.02,9.09,761519,0.0,1.0
2021-12-27 00:00:00,9.3,9.485,9.19,9.46,9.46,518721,9.485,9.19,9.3,518721,0.0,1.0
2021-12-28 00:00:00,9.41,9.5501,9.36,9.42,9.42,451262,9.5501,9.36,9.41,451262,0.0,1.0
2021-12-29 00:00:00,9.44,9.47,9.26,9.27,9.27,556190,9.47,9.26,9.44,556190,0.0,1.0
2021-12-30 00:00:00,9.28,9.445,9.21,9.22,9.22,737478,9.445,9.21,9.28,737478,0.0,1.0
2021-12-31 00:00:00,9.22,9.38,9.19,9.33,9.33,488446,9.38,9.19,9.22,488446,0.0,1.0
2022-01-03 00:00:00,9.49,9.85,9.47,9.57,9.57,1133192,9.85,9.47,9.49,1133192,0.0,1.0
2022-01-04 00:00:00,9.71,10.3,9.67,10.16,10.16,2009774,10.3,9.67,9.71,2009774,0.0,1.0
2022-01-05 00:00:00,10.25,10.485,9.995,10.02,10.02,1804286,10.485,9.995,10.25,1804286,0.0,1.0
2022-01-06 00:00:00,10.05,10.45,9.87,10.36,10.36,1152261,10.45,9.87,10.05,1152261,0.0,1.0
2022-01-07 00:00:00,10.44,10.54,9.94,9.94,9.94,1075352,10.54,9.94,10.44,1075352,0.0,1.0
2022-01-10 00:00:00,9.9,9.99,9.68,9.82,9.82,633372,9.99,9.68,9.9,633372,0.0,1.0
2022-01-11 00:00:00,9.76,9.785,9.54,9.71,9.71,628503,9.785,9.54,9.76,628503,0.0,1.0
2022-01-12 00:00:00,9.77,10.06,9.545,9.64,9.64,995669,10.06,9.545,9.77,995669,0.0,1.0
2022-01-13 00:00:00,9.68,10.225,9.58,10.09,10.09,1251039,10.225,9.58,9.68,1251039,0.0,1.0
2022-01-14 00:00:00,9.93,9.96,9.67,9.94,9.94,959093,9.96,9.67,9.93,959093,0.0,1.0
2022-01-18 00:00:00,9.79,9.86,9.54,9.63,9.63,915018,9.86,9.54,9.79,915018,0.0,1.0
2022-01-19 00:00:00,9.74,9.74,9.07,9.11,9.11,1195643,9.74,9.07,9.74,1195643,0.0,1.0
2022-01-20 00:00:00,9.08,9.145,8.47,8.53,8.53,2562898,9.145,8.47,9.08,2562898,0.0,1.0
2022-01-21 00:00:00,8.43,8.545,8.04,8.04,8.04,2345782,8.545,8.04,8.43,2345782,0.0,1.0
2022-01-24 00:00:00,7.81,8.19,7.61,8.19,8.19,1779766,8.19,7.61,7.81,1779766,0.0,1.0
2022-01-25 00:00:00,7.97,8.085,7.67,7.95,7.95,2889154,8.085,7.67,7.97,2889154,0.0,1.0
2022-01-26 00:00:00,8.2,8.4494,7.94,8.06,8.06,2356293,8.4494,7.94,8.2,2356293,0.0,1.0
2022-01-27 00:00:00,8.17,8.35,7.725,7.86,7.86,1543604,8.35,7.725,8.17,1543604,0.0,1.0
2022-01-28 00:00:00,7.83,7.9,7.5,7.85,7.85,1938455,7.9,7.5,7.83,1938455,0.0,1.0
2022-01-31 00:00:00,7.71,8.19,7.65,8.14,8.14,2081576,8.19,7.65,7.71,2081576,0.0,1.0
2022-02-01 00:00:00,8.19,8.66,8.02,8.64,8.64,2080379,8.66,8.02,8.19,2080379,0.0,1.0
2022-02-02 00:00:00,8.68,8.76,8.4,8.49,8.49,2028035,8.76,8.4,8.68,2028035,0.0,1.0
2022-02-03 00:00:00,8.35,8.6099,8.29,8.33,8.33,1433996,8.6099,8.29,8.35,1433996,0.0,1.0
2022-02-04 00:00:00,8.16,8.24,7.93,8.11,8.11,1396977,8.24,7.93,8.16,1396977,0.0,1.0
2022-02-07 00:00:00,8.18,8.265,8.06,8.09,8.09,1048847,8.265,8.06,8.18,1048847,0.0,1.0
2022-02-08 00:00:00,8.15,8.34,8.0576,8.33,8.33,859873,8.34,8.0576,8.15,859873,0.0,1.0
2022-02-09 00:00:00,8.45,8.65,8.425,8.44,8.44,816068,8.65,8.425,8.45,816068,0.0,1.0
2022-02-10 00:00:00,8.3,8.67,8.285,8.36,8.36,2292810,8.67,8.285,8.3,2292810,0.0,1.0
2022-02-11 00:00:00,7.92,8.29,7.74,7.93,7.93,3953174,8.29,7.74,7.92,3953174,0.0,1.0
2022-02-14 00:00:00,7.76,7.77,7.41,7.45,7.45,2836779,7.77,7.41,7.76,2836779,0.0,1.0
2022-02-15 00:00:00,7.62,8.37,7.59,8.36,8.36,2114019,8.37,7.59,7.62,2114019,0.0,1.0
2022-02-16 00:00:00,8.23,8.52,8.23,8.47,8.47,1345659,8.52,8.23,8.23,1345659,0.0,1.0
2022-02-17 00:00:00,8.32,8.435,8.215,8.36,8.36,987995,8.435,8.215,8.32,987995,0.0,1.0
2022-02-18 00:00:00,8.3,8.57,8.255,8.27,8.27,2167943,8.57,8.255,8.3,2167943,0.0,1.0
2022-02-22 00:00:00,8.09,8.29,7.9,7.91,7.91,3379322,8.29,7.9,8.09,3379322,0.0,1.0
2022-02-23 00:00:00,8.14,8.81,8.05,8.46,8.46,3881502,8.81,8.05,8.14,3881502,0.0,1.0
2022-02-24 00:00:00,8.01,8.45,7.965,8.45,8.45,2251112,8.45,7.965,8.01,2251112,0.0,1.0
2022-02-25 00:00:00,8.48,8.63,8.384,8.63,8.63,1293367,8.63,8.384,8.48,1293367,0.0,1.0
2022-02-28 00:00:00,8.9,9.37,8.88,9.26,9.26,3899338,9.37,8.88,8.9,3899338,0.0,1.0
2022-03-01 00:00:00,9.15,9.29,8.44,8.48,8.48,2231968,9.29,8.44,9.15,2231968,0.0,1.0
2022-03-02 00:00:00,8.54,8.87,8.5,8.78,8.78,1594910,8.87,8.5,8.54,1594910,0.0,1.0
2022-03-03 00:00:00,8.73,8.81,8.43,8.53,8.53,1320749,8.81,8.43,8.73,1320749,0.0,1.0
2022-03-04 00:00:00,8.31,8.47,7.86,7.96,7.96,2134048,8.47,7.86,8.31,2134048,0.0,1.0
2022-03-07 00:00:00,7.91,7.95,7.24,7.28,7.28,2217617,7.95,7.24,7.91,2217617,0.0,1.0
2022-03-08 00:00:00,7.36,7.795,7.015,7.51,7.51,2553390,7.795,7.015,7.36,2553390,0.0,1.0
2022-03-09 00:00:00,7.84,8.29,7.8,8.18,8.18,2099393,8.29,7.8,7.84,2099393,0.0,1.0
2022-03-10 00:00:00,7.98,8.405,7.93,8.4,8.4,1659738,8.405,7.93,7.98,1659738,0.0,1.0
2022-03-11 00:00:00,8.48,8.66,8.355,8.4,8.4,2273545,8.66,8.355,8.48,2273545,0.0,1.0
2022-03-14 00:00:00,8.48,8.48,7.99,8.06,8.06,1503211,8.48,7.99,8.48,1503211,0.0,1.0
2022-03-15 00:00:00,8.12,8.33,7.94,8.05,8.05,2060691,8.33,7.94,8.12,2060691,0.0,1.0
2022-03-16 00:00:00,8.25,8.7,8.1901,8.67,8.67,1798455,8.7,8.1901,8.25,1798455,0.0,1.0
2022-03-17 00:00:00,8.5,8.6317,8.41,8.56,8.56,974635,8.6317,8.41,8.5,974635,0.0,1.0
2022-03-18 00:00:00,8.43,8.595,8.265,8.5,8.5,2763677,8.595,8.265,8.43,2763677,0.0,1.0
2022-03-21 00:00:00,8.54,8.54,8.18,8.27,8.27,934388,8.54,8.18,8.54,934388,0.0,1.0
2022-03-22 00:00:00,8.32,8.46,8.3,8.4,8.4,1039508,8.46,8.3,8.32,1039508,0.0,1.0
2022-03-23 00:00:00,8.22,8.35,8.04,8.05,8.05,1356524,8.35,8.04,8.22,1356524,0.0,1.0
2022-03-24 00:00:00,8.07,8.1399,8.0,8.08,8.08,1156118,8.1399,8.0,8.07,1156118,0.0,1.0
2022-03-25 00:00:00,8.05,8.06,7.8597,7.97,7.97,1252248,8.06,7.8597,8.05,1252248,0.0,1.0
2022-03-28 00:00:00,7.97,8.03,7.7,7.81,7.81,1411272,8.03,7.7,7.97,1411272,0.0,1.0
2022-03-29 00:00:00,7.99,8.355,7.96,8.19,8.19,1901240,8.355,7.96,7.99,1901240,0.0,1.0
2022-03-30 00:00:00,8.11,8.265,8.005,8.01,8.01,1181382,8.265,8.005,8.11,1181382,0.0,1.0
2022-03-31 00:00:00,7.94,8.08,7.76,7.76,7.76,1855379,8.08,7.76,7.94,1855379,0.0,1.0
2022-04-01 00:00:00,7.86,7.92,7.5799,7.7,7.7,1477208,7.92,7.5799,7.86,1477208,0.0,1.0
2022-04-04 00:00:00,7.73,7.78,7.58,7.62,7.62,1105810,7.78,7.58,7.73,1105810,0.0,1.0
2022-04-05 00:00:00,7.51,7.56,7.125,7.17,7.17,2470152,7.56,7.125,7.51,2470152,0.0,1.0
2022-04-06 00:00:00,7.03,7.12,6.82,6.85,6.85,2451793,7.12,6.82,7.03,2451793,0.0,1.0
2022-04-07 00:00:00,6.71,6.775,6.405,6.66,6.66,2975812,6.775,6.405,6.71,2975812,0.0,1.0
2022-04-08 00:00:00,6.63,6.83,6.52,6.76,6.76,2713791,6.83,6.52,6.63,2713791,0.0,1.0
2022-04-11 00:00:00,6.8,7.13,6.63,6.84,6.84,2319357,7.13,6.63,6.8,2319357,0.0,1.0
2022-04-12 00:00:00,6.91,7.2,6.91,6.95,6.95,1799191,7.2,6.91,6.91,1799191,0.0,1.0
2022-04-13 00:00:00,6.95,7.04,6.885,6.93,6.93,1223157,7.04,6.885,6.95,1223157,0.0,1.0
2022-04-14 00:00:00,6.93,7.02,6.8226,6.86,6.86,1424244,7.02,6.8226,6.93,1424244,0.0,1.0
2022-04-18 00:00:00,6.85,6.96,6.745,6.87,6.87,1508556,6.96,6.745,6.85,1508556,0.0,1.0
2022-04-19 00:00:00,6.89,7.32,6.89,7.27,7.27,1835337,7.32,6.89,6.89,1835337,0.0,1.0
2022-04-20 00:00:00,7.37,7.5,7.23,7.24,7.24,1092655,7.5,7.23,7.37,1092655,0.0,1.0
2022-04-21 00:00:00,7.41,7.48,6.97,6.97,6.97,1539233,7.48,6.97,7.41,1539233,0.0,1.0
2022-04-22 00:00:00,6.75,6.96,6.72,6.77,6.77,1501164,6.96,6.72,6.75,1501164,0.0,1.0
2022-04-25 00:00:00,6.69,6.925,6.6,6.89,6.89,1599494,6.925,6.6,6.69,1599494,0.0,1.0
2022-04-26 00:00:00,6.75,6.8298,6.57,6.6,6.6,1797039,6.8298,6.57,6.75,1797039,0.0,1.0
2022-04-27 00:00:00,6.64,6.74,6.47,6.54,6.54,1673171,6.74,6.47,6.64,1673171,0.0,1.0
2022-04-28 00:00:00,6.67,6.85,6.45,6.76,6.76,1421025,6.85,6.45,6.67,1421025,0.0,1.0
2022-04-29 00:00:00,6.68,6.93,6.59,6.62,6.62,1336123,6.93,6.59,6.68,1336123,0.0,1.0
2022-05-02 00:00:00,6.61,6.77,6.475,6.77,6.77,1311835,6.77,6.475,6.61,1311835,0.0,1.0
2022-05-03 00:00:00,6.75,6.97,6.65,6.92,6.92,1242650,6.97,6.65,6.75,1242650,0.0,1.0
2022-05-04 00:00:00,6.86,7.17,6.735,7.17,7.17,1326160,7.17,6.735,6.86,1326160,0.0,1.0
2022-05-05 00:00:00,6.99,7.18,6.93,7.07,7.07,1798251,7.18,6.93,6.99,1798251,0.0,1.0
2022-05-06 00:00:00,7.12,7.21,6.73,6.95,6.95,2121276,7.21,6.73,7.12,2121276,0.0,1.0
2022-05-09 00:00:00,6.71,6.95,6.545,6.68,6.68,1788584,6.95,6.545,6.71,1788584,0.0,1.0
2022-05-10 00:00:00,6.77,6.86,6.36,6.69,6.69,2415155,6.86,6.36,6.77,2415155,0.0,1.0
2022-05-11 00:00:00,6.74,7.17,6.66,6.71,6.71,2551718,7.17,6.66,6.74,2551718,0.0,1.0
2022-05-12 00:00:00,6.62,6.73,6.415,6.6,6.6,1831447,6.73,6.415,6.62,1831447,0.0,1.0
2022-05-13 00:00:00,6.79,7.175,6.78,7.13,7.13,1872140,7.175,6.78,6.79,1872140,0.0,1.0
2022-05-16 00:00:00,7.07,7.12,6.88,6.92,6.92,1240778,7.12,6.88,7.07,1240778,0.0,1.0
2022-05-17 00:00:00,7.15,7.42,7.08,7.42,7.42,2054485,7.42,7.08,7.15,2054485,0.0,1.0
2022-05-18 00:00:00,7.32,7.43,7.01,7.03,7.03,1803345,7.43,7.01,7.32,1803345,0.0,1.0
2022-05-19 00:00:00,6.96,7.18,6.88,7.02,7.02,2159812,7.18,6.88,6.96,2159812,0.0,1.0
2022-05-20 00:00:00,7.2,7.24,6.48,6.75,6.75,2859259,7.24,6.48,7.2,2859259,0.0,1.0
2022-05-23 00:00:00,6.81,7.62,6.81,7.21,7.21,4322173,7.62,6.81,6.81,4322173,0.0,1.0
2022-05-24 00:00:00,7.07,7.19,6.695,6.8,6.8,1922526,7.19,6.695,7.07,1922526,0.0,1.0
2022-05-25 00:00:00,6.77,7.16,6.76,7.11,7.11,1398640,7.16,6.76,6.77,1398640,0.0,1.0
2022-05-26 00:00:00,7.24,7.53,7.21,7.52,7.52,2043156,7.53,7.21,7.24,2043156,0.0,1.0
2022-05-27 00:00:00,7.61,8.03,7.61,7.94,7.94,1990931,8.03,7.61,7.61,1990931,0.0,1.0
2022-05-31 00:00:00,7.98,8.21,7.8099,8.11,8.11,4554551,8.21,7.8099,7.98,4554551,0.0,1.0
2022-06-01 00:00:00,8.24,8.78,8.145,8.75,8.75,3190902,8.78,8.145,8.24,3190902,0.0,1.0
2022-06-02 00:00:00,8.84,8.97,8.73,8.9,8.9,1943498,8.97,8.73,8.84,1943498,0.0,1.0
2022-06-03 00:00:00,8.74,8.76,8.55,8.74,8.74,1450433,8.76,8.55,8.74,1450433,0.0,1.0
2022-06-06 00:00:00,8.9,9.22,8.85,9.14,9.14,2880315,9.22,8.85,8.9,2880315,0.0,1.0
2022-06-07 00:00:00,9.01,9.24,8.92,9.18,9.18,1379068,9.24,8.92,9.01,1379068,0.0,1.0
2022-06-08 00:00:00,9.16,9.28,9.07,9.23,9.23,1027575,9.28,9.07,9.16,1027575,0.0,1.0
2022-06-09 00:00:00,9.14,9.41,9.06,9.31,9.31,1203723,9.41,9.06,9.14,1203723,0.0,1.0
2022-06-10 00:00:00,9.08,9.26,8.825,8.88,8.88,1407036,9.26,8.825,9.08,1407036,0.0,1.0
2022-06-13 00:00:00,8.61,8.65,8.16,8.21,8.21,1334848,8.65,8.16,8.61,1334848,0.0,1.0
2022-06-14 00:00:00,8.21,8.43,8.12,8.24,8.24,1381155,8.43,8.12,8.21,1381155,0.0,1.0
2022-06-15 00:00:00,8.43,8.84,8.26,8.73,8.73,2403903,8.84,8.26,8.43,2403903,0.0,1.0
2022-06-16 00:00:00,8.36,8.44,7.52,7.6,7.6,2827460,8.44,7.52,8.36,2827460,0.0,1.0
2022-06-17 00:00:00,7.65,7.78,7.28,7.66,7.66,3784169,7.78,7.28,7.65,3784169,0.0,1.0
2022-06-21 00:00:00,8.02,8.14,7.79,8.09,8.09,1356223,8.14,7.79,8.02,1356223,0.0,1.0
2022-06-22 00:00:00,7.92,8.39,7.92,8.3,8.3,1281590,8.39,7.92,7.92,1281590,0.0,1.0
2022-06-23 00:00:00,8.29,8.44,8.175,8.34,8.34,1068837,8.44,8.175,8.29,1068837,0.0,1.0
2022-06-24 00:00:00,8.34,8.97,8.33,8.93,8.93,3663619,8.97,8.33,8.34,3663619,0.0,1.0
2022-06-27 00:00:00,9.0,9.025,8.65,8.82,8.82,1461709,9.025,8.65,9.0,1461709,0.0,1.0
2022-06-28 00:00:00,8.89,9.075,8.38,8.4,8.4,1992375,9.075,8.38,8.89,1992375,0.0,1.0
2022-06-29 00:00:00,8.34,8.395,7.69,7.93,7.93,1983865,8.395,7.69,8.34,1983865,0.0,1.0
2022-06-30 00:00:00,7.66,7.67,7.385,7.53,7.53,1616111,7.67,7.385,7.66,1616111,0.0,1.0
2022-07-01 00:00:00,7.45,7.74,7.34,7.45,7.45,1596099,7.74,7.34,7.45,1596099,0.0,1.0
2022-07-05 00:00:00,7.17,7.39,7.03,7.38,7.38,1626712,7.39,7.03,7.17,1626712,0.0,1.0
2022-07-06 00:00:00,7.29,7.39,6.795,6.83,6.83,1801234,7.39,6.795,7.29,1801234,0.0,1.0
2022-07-07 00:00:00,6.99,7.465,6.92,7.4,7.4,1918450,7.465,6.92,6.99,1918450,0.0,1.0
2022-07-08 00:00:00,7.49,7.59,7.29,7.39,7.39,1018001,7.59,7.29,7.49,1018001,0.0,1.0
2022-07-11 00:00:00,7.36,7.45,7.18,7.21,7.21,904763,7.45,7.18,7.36,904763,0.0,1.0
2022-07-12 00:00:00,7.25,7.8965,7.25,7.76,7.76,1654142,7.8965,7.25,7.25,1654142,0.0,1.0
2022-07-13 00:00:00,7.52,7.775,7.43,7.74,7.74,853743,7.775,7.43,7.52,853743,0.0,1.0
2022-07-14 00:00:00,7.47,7.52,7.22,7.49,7.49,1339237,7.52,7.22,7.47,1339237,0.0,1.0
2022-07-15 00:00:00,7.7,7.94,7.435,7.92,7.92,1413264,7.94,7.435,7.7,1413264,0.0,1.0
2022-07-18 00:00:00,8.0,8.2487,7.88,7.93,7.93,1425998,8.2487,7.88,8.0,1425998,0.0,1.0
2022-07-19 00:00:00,8.18,8.48,8.0802,8.41,8.41,1777702,8.48,8.0802,8.18,1777702,0.0,1.0
2022-07-20 00:00:00,8.33,8.49,8.14,8.41,8.41,1444915,8.49,8.14,8.33,1444915,0.0,1.0
2022-07-21 00:00:00,8.31,8.43,8.18,8.42,8.42,876276,8.43,8.18,8.31,876276,0.0,1.0
2022-07-22 00:00:00,8.45,8.5725,8.2806,8.43,8.43,1054665,8.5725,8.2806,8.45,1054665,0.0,1.0
2022-07-25 00:00:00,8.52,8.52,8.28,8.33,8.33,1148555,8.52,8.28,8.52,1148555,0.0,1.0
2022-07-26 00:00:00,8.21,8.375,8.11,8.32,8.32,900979,8.375,8.11,8.21,900979,0.0,1.0
2022-07-27 00:00:00,8.48,8.76,8.33,8.74,8.74,1177422,8.76,8.33,8.48,1177422,0.0,1.0
2022-07-28 00:00:00,8.81,8.97,8.6,8.92,8.92,898647,8.97,8.6,8.81,898647,0.0,1.0
2022-07-29 00:00:00,8.9,9.0,8.75,8.91,8.91,933672,9.0,8.75,8.9,933672,0.0,1.0
2022-08-01 00:00:00,8.89,9.0,8.71,8.91,8.91,1007992,9.0,8.71,8.89,1007992,0.0,1.0
2022-08-02 00:00:00,8.83,9.02,8.75,8.82,8.82,877276,9.02,8.75,8.83,877276,0.0,1.0
2022-08-03 00:00:00,8.93,8.96,8.645,8.66,8.66,1322453,8.96,8.645,8.93,1322453,0.0,1.0
2022-08-04 00:00:00,8.61,8.72,8.435,8.5,8.5,1542591,8.72,8.435,8.61,1542591,0.0,1.0
2022-08-05 00:00:00,8.71,9.24,8.44,9.23,9.23,3140553,9.24,8.44,8.71,3140553,0.0,1.0
2022-08-08 00:00:00,9.39,9.77,9.37,9.73,9.73,1819915,9.77,9.37,9.39,1819915,0.0,1.0
2022-08-09 00:00:00,9.74,9.89,9.57,9.73,9.73,1725226,9.89,9.57,9.74,1725226,0.0,1.0
2022-08-10 00:00:00,9.99,10.59,9.91,10.37,10.37,2344083,10.59,9.91,9.99,2344083,0.0,1.0
2022-08-11 00:00:00,10.56,10.83,10.51,10.72,10.72,1423095,10.83,10.51,10.56,1423095,0.0,1.0
2022-08-12 00:00:00,10.84,11.11,10.64,11.1,11.1,1107363,11.11,10.64,10.84,1107363,0.0,1.0
2022-08-15 00:00:00,10.83,11.46,10.79,11.43,11.43,1771892,11.46,10.79,10.83,1771892,0.0,1.0
2022-08-16 00:00:00,11.5,11.96,11.43,11.71,11.71,1838017,11.96,11.43,11.5,1838017,0.0,1.0
2022-08-17 00:00:00,11.46,11.48,11.045,11.4,11.4,1221023,11.48,11.045,11.46,1221023,0.0,1.0
2022-08-18 00:00:00,11.06,11.28,11.0413,11.26,11.26,1513364,11.28,11.0413,11.06,1513364,0.0,1.0
2022-08-19 00:00:00,11.1,11.12,10.93,10.98,10.98,851638,11.12,10.93,11.1,851638,0.0,1.0
2022-08-22 00:00:00,10.64,10.71,10.04,10.13,10.13,1434885,10.71,10.04,10.64,1434885,0.0,1.0
2022-08-23 00:00:00,10.23,10.525,10.2,10.26,10.26,1092134,10.525,10.2,10.23,1092134,0.0,1.0
2022-08-24 00:00:00,10.26,10.58,10.19,10.39,10.39,649690,10.58,10.19,10.26,649690,0.0,1.0
2022-08-25 00:00:00,10.42,10.95,10.42,10.92,10.92,1003159,10.95,10.42,10.42,1003159,0.0,1.0
2022-08-26 00:00:00,10.91,11.016,10.59,10.66,10.66,731960,11.016,10.59,10.91,731960,0.0,1.0
2022-08-29 00:00:00,10.48,10.7,10.34,10.59,10.59,844560,10.7,10.34,10.48,844560,0.0,1.0
2022-08-30 00:00:00,10.75,10.75,10.245,10.43,10.43,1126960,10.75,10.245,10.75,1126960,0.0,1.0
2022-08-31 00:00:00,10.47,10.49,10.25,10.35,10.35,963111,10.49,10.25,10.47,963111,0.0,1.0
2022-09-01 00:00:00,10.19,10.24,9.97,10.24,10.24,973796,10.24,9.97,10.19,973796,0.0,1.0
2022-09-02 00:00:00,10.44,10.44,10.025,10.09,10.09,540397,10.44,10.025,10.44,540397,0.0,1.0
2022-09-06 00:00:00,10.08,10.15,9.56,9.68,9.68,1148589,10.15,9.56,10.08,1148589,0.0,1.0
2022-09-07 00:00:00,9.63,10.07,9.55,10.06,10.06,974957,10.07,9.55,9.63,974957,0.0,1.0
2022-09-08 00:00:00,9.86,9.92,9.66,9.87,9.87,663341,9.92,9.66,9.86,663341,0.0,1.0
2022-09-09 00:00:00,9.61,9.75,9.32,9.71,9.71,1821097,9.75,9.32,9.61,1821097,0.0,1.0
2022-09-12 00:00:00,9.92,10.13,9.825,10.09,10.09,900845,10.13,9.825,9.92,900845,0.0,1.0
2022-09-13 00:00:00,9.7,9.89,9.16,9.19,9.19,2601090,9.89,9.16,9.7,2601090,0.0,1.0
2022-09-14 00:00:00,9.19,9.19,8.68,8.93,8.93,2004961,9.19,8.68,9.19,2004961,0.0,1.0
2022-09-15 00:00:00,8.84,9.25,8.74,8.96,8.96,1700042,9.25,8.74,8.84,1700042,0.0,1.0
2022-09-16 00:00:00,8.77,8.82,8.38,8.7,8.7,3017163,8.82,8.38,8.77,3017163,0.0,1.0
2022-09-19 00:00:00,8.54,9.01,8.48,8.91,8.91,1715311,9.01,8.48,8.54,1715311,0.0,1.0
2022-09-20 00:00:00,8.77,8.84,8.22,8.24,8.24,1791176,8.84,8.22,8.77,1791176,0.0,1.0
2022-09-21 00:00:00,8.22,8.24,7.725,7.76,7.76,2553521,8.24,7.725,8.22,2553521,0.0,1.0
2022-09-22 00:00:00,7.79,7.81,7.39,7.46,7.46,2284888,7.81,7.39,7.79,2284888,0.0,1.0
2022-09-23 00:00:00,7.2,7.33,6.95,7.18,7.18,2360056,7.33,6.95,7.2,2360056,0.0,1.0
2022-09-26 00:00:00,7.16,7.425,7.12,7.19,7.19,1574859,7.425,7.12,7.16,1574859,0.0,1.0
2022-09-27 00:00:00,7.35,7.405,7.1,7.23,7.23,1271817,7.405,7.1,7.35,1271817,0.0,1.0
2022-09-28 00:00:00,7.28,7.57,7.23,7.43,7.43,1683791,7.57,7.23,7.28,1683791,0.0,1.0
2022-09-29 00:00:00,7.16,7.28,6.72,6.96,6.96,2470150,7.28,6.72,7.16,2470150,0.0,1.0
2022-09-30 00:00:00,6.96,7.065,6.81,6.83,6.83,1470438,7.065,6.81,6.96,1470438,0.0,1.0
2022-10-03 00:00:00,7.02,7.18,6.8,7.08,7.08,1189205,7.18,6.8,7.02,1189205,0.0,1.0
2022-10-04 00:00:00,7.39,7.96,7.39,7.95,7.95,3371382,7.96,7.39,7.39,3371382,0.0,1.0
2022-10-05 00:00:00,7.73,8.01,7.55,7.95,7.95,2233371,8.01,7.55,7.73,2233371,0.0,1.0
2022-10-06 00:00:00,7.91,8.105,7.865,8.02,8.02,1204957,8.105,7.865,7.91,1204957,0.0,1.0
2022-10-07 00:00:00,7.9,7.97,7.59,7.65,7.65,1151729,7.97,7.59,7.9,1151729,0.0,1.0
2022-10-10 00:00:00,7.54,7.58,7.23,7.42,7.42,1225528,7.58,7.23,7.54,1225528,0.0,1.0
2022-10-11 00:00:00,7.35,7.82,7.31,7.63,7.63,1491661,7.82,7.31,7.35,1491661,0.0,1.0
2022-10-12 00:00:00,7.66,7.805,7.53,7.65,7.65,1294597,7.805,7.53,7.66,1294597,0.0,1.0
2022-10-13 00:00:00,7.39,7.87,7.29,7.76,7.76,1082838,7.87,7.29,7.39,1082838,0.0,1.0
2022-10-14 00:00:00,7.85,7.96,7.57,7.63,7.63,695092,7.96,7.57,7.85,695092,0.0,1.0
2022-10-17 00:00:00,7.91,7.95,7.605,7.77,7.77,1247392,7.95,7.605,7.91,1247392,0.0,1.0
2022-10-18 00:00:00,8.08,8.23,7.85,8.02,8.02,990334,8.23,7.85,8.08,990334,0.0,1.0
2022-10-19 00:00:00,7.75,7.98,7.55,7.68,7.68,1050285,7.98,7.55,7.75,1050285,0.0,1.0
2022-10-20 00:00:00,7.72,7.95,7.615,7.7,7.7,1095162,7.95,7.615,7.72,1095162,0.0,1.0
2022-10-21 00:00:00,7.78,8.005,7.71,7.98,7.98,891852,8.005,7.71,7.78,891852,0.0,1.0
2022-10-24 00:00:00,8.09,8.57,7.955,8.55,8.55,1974564,8.57,7.955,8.09,1974564,0.0,1.0
2022-10-25 00:00:00,8.59,9.22,8.525,8.99,8.99,2007943,9.22,8.525,8.59,2007943,0.0,1.0
2022-10-26 00:00:00,9.06,9.24,8.86,8.96,8.96,1037710,9.24,8.86,9.06,1037710,0.0,1.0
2022-10-27 00:00:00,9.14,9.75,9.06,9.37,9.37,2372938,9.75,9.06,9.14,2372938,0.0,1.0
2022-10-28 00:00:00,9.37,9.7,9.335,9.65,9.65,1033897,9.7,9.335,9.37,1033897,0.0,1.0
2022-10-31 00:00:00,9.56,9.78,9.47,9.69,9.69,1101794,9.78,9.47,9.56,1101794,0.0,1.0
2022-11-01 00:00:00,9.83,9.86,9.575,9.61,9.61,1115126,9.86,9.575,9.83,1115126,0.0,1.0
2022-11-02 00:00:00,9.51,9.6,9.075,9.11,9.11,1454163,9.6,9.075,9.51,1454163,0.0,1.0
2022-11-03 00:00:00,8.91,11.19,8.895,10.8,10.8,8898216,11.19,8.895,8.91,8898216,0.0,1.0
2022-11-04 00:00:00,9.67,9.88,9.1625,9.5,9.5,2824515,9.88,9.1625,9.67,2824515,0.0,1.0
2022-11-07 00:00:00,9.65,10.095,9.55,9.69,9.69,1495702,10.095,9.55,9.65,1495702,0.0,1.0
2022-11-08 00:00:00,9.72,9.72,9.135,9.23,9.23,1656539,9.72,9.135,9.72,1656539,0.0,1.0
2022-11-09 00:00:00,9.11,9.31,8.97,9.11,9.11,1048835,9.31,8.97,9.11,1048835,0.0,1.0
2022-11-10 00:00:00,9.54,10.17,9.4,9.7,9.7,2228198,10.17,9.4,9.54,2228198,0.0,1.0
2022-11-11 00:00:00,9.56,10.04,9.56,9.63,9.63,1351069,10.04,9.56,9.56,1351069,0.0,1.0
2022-11-14 00:00:00,9.5,10.27,9.42,9.87,9.87,1775673,10.27,9.42,9.5,1775673,0.0,1.0
2022-11-15 00:00:00,10.15,10.49,9.93,10.05,10.05,913921,10.49,9.93,10.15,913921,0.0,1.0
2022-11-16 00:00:00,9.85,10.02,9.62,9.64,9.64,759548,10.02,9.62,9.85,759548,0.0,1.0
2022-11-17 00:00:00,9.45,9.82,9.43,9.82,9.82,966987,9.82,9.43,9.45,966987,0.0,1.0
2022-11-18 00:00:00,10.04,10.5,9.89,10.5,10.5,1826370,10.5,9.89,10.04,1826370,0.0,1.0
2022-11-21 00:00:00,10.38,10.555,10.045,10.2,10.2,817212,10.555,10.045,10.38,817212,0.0,1.0
2022-11-22 00:00:00,10.31,10.385,10.16,10.3,10.3,590410,10.385,10.16,10.31,590410,0.0,1.0
2022-11-23 00:00:00,10.29,10.315,9.98,10.16,10.16,454452,10.315,9.98,10.29,454452,0.0,1.0
2022-11-25 00:00:00,10.24,10.48,10.16,10.38,10.38,244694,10.48,10.16,10.24,244694,0.0,1.0
2022-11-28 00:00:00,10.16,10.3,10.095,10.16,10.16,572184,10.3,10.095,10.16,572184,0.0,1.0
2022-11-29 00:00:00,10.15,10.295,10.08,10.22,10.22,923217,10.295,10.08,10.15,923217,0.0,1.0
2022-11-30 00:00:00,10.34,10.42,10.02,10.41,10.41,808504,10.42,10.02,10.34,808504,0.0,1.0
2022-12-01 00:00:00,10.41,10.77,10.255,10.27,10.27,564942,10.77,10.255,10.41,564942,0.0,1.0
2022-12-02 00:00:00,10.06,10.285,10.01,10.21,10.21,433024,10.285,10.01,10.06,433024,0.0,1.0
2022-12-05 00:00:00,10.06,10.14,9.725,9.75,9.75,663396,10.14,9.725,10.06,663396,0.0,1.0
2022-12-06 00:00:00,9.75,10.0,9.67,9.92,9.92,897155,10.0,9.67,9.75,897155,0.0,1.0
2022-12-07 00:00:00,9.81,9.92,9.27,9.27,9.27,970881,9.92,9.27,9.81,970881,0.0,1.0
2022-12-08 00:00:00,9.35,9.525,9.22,9.42,9.42,609594,9.525,9.22,9.35,609594,0.0,1.0
2022-12-09 00:00:00,9.26,9.34,9.2,9.3,9.3,558903,9.34,9.2,9.26,558903,0.0,1.0
2022-12-12 00:00:00,9.39,9.7,9.3,9.59,9.59,591583,9.7,9.3,9.39,591583,0.0,1.0
2022-12-13 00:00:00,9.88,10.04,9.48,9.5,9.5,1453515,10.04,9.48,9.88,1453515,0.0,1.0
2022-12-14 00:00:00,9.52,9.92,9.52,9.82,9.82,936618,9.92,9.52,9.52,936618,0.0,1.0
2022-12-15 00:00:00,9.56,9.695,9.22,9.25,9.25,1188574,9.695,9.22,9.56,1188574,0.0,1.0
2022-12-16 00:00:00,9.11,9.13,8.6,8.6,8.6,5817254,9.13,8.6,9.11,5817254,0.0,1.0
2022-12-19 00:00:00,8.64,8.64,7.955,8.09,8.09,1882063,8.64,7.955,8.64,1882063,0.0,1.0
2022-12-20 00:00:00,8.08,8.19,7.88,8.06,8.06,1300984,8.19,7.88,8.08,1300984,0.0,1.0
2022-12-21 00:00:00,8.23,8.405,8.1117,8.23,8.23,1044128,8.405,8.1117,8.23,1044128,0.0,1.0
2022-12-22 00:00:00,8.05,8.09,7.58,7.67,7.67,1021090,8.09,7.58,8.05,1021090,0.0,1.0
2022-12-23 00:00:00,7.62,7.82,7.62,7.65,7.65,500922,7.82,7.62,7.62,500922,0.0,1.0
2022-12-27 00:00:00,7.63,7.79,7.57,7.6,7.6,461584,7.79,7.57,7.63,461584,0.0,1.0
2022-12-28 00:00:00,7.63,7.71,7.38,7.47,7.47,730696,7.71,7.38,7.63,730696,0.0,1.0
2022-12-29 00:00:00,7.57,7.83,7.51,7.78,7.78,653367,7.83,7.51,7.57,653367,0.0,1.0
2022-12-30 00:00:00,7.65,7.85,7.6,7.82,7.82,605898,7.85,7.6,7.65,605898,0.0,1.0
2023-01-03 00:00:00,7.98,7.99,7.66,7.68,7.68,923873,7.99,7.66,7.98,923873,0.0,1.0
2023-01-04 00:00:00,7.82,8.115,7.77,8.07,8.07,944613,8.115,7.77,7.82,944613,0.0,1.0
2023-01-05 00:00:00,8.01,8.47,7.865,8.47,8.47,1009491,8.47,7.865,8.01,1009491,0.0,1.0
2023-01-06 00:00:00,8.6,8.75,8.34,8.64,8.64,824886,8.75,8.34,8.6,824886,0.0,1.0
2023-01-09 00:00:00,8.73,8.88,8.49,8.61,8.61,870258,8.88,8.49,8.73,870258,0.0,1.0
2023-01-10 00:00:00,8.61,8.65,8.42,8.49,8.49,833752,8.65,8.42,8.61,833752,0.0,1.0
2023-01-11 00:00:00,8.6,8.79,8.49,8.64,8.64,1170111,8.79,8.49,8.6,1170111,0.0,1.0
2023-01-12 00:00:00,8.72,8.935,8.69,8.93,8.93,691080,8.935,8.69,8.72,691080,0.0,1.0
2023-01-13 00:00:00,8.69,8.91,8.65,8.83,8.83,595792,8.91,8.65,8.69,595792,0.0,1.0
2023-01-17 00:00:00,8.72,8.9101,8.715,8.72,8.72,498716,8.9101,8.715,8.72,498716,0.0,1.0
2023-01-18 00:00:00,8.86,8.91,8.52,8.53,8.53,571059,8.91,8.52,8.86,571059,0.0,1.0
2023-01-19 00:00:00,8.42,8.43,8.11,8.14,8.14,1130819,8.43,8.11,8.42,1130819,0.0,1.0
2023-01-20 00:00:00,8.14,8.19,8.0,8.09,8.09,777901,8.19,8.0,8.14,777901,0.0,1.0
2023-01-23 00:00:00,8.14,8.355,8.095,8.3,8.3,957362,8.355,8.095,8.14,957362,0.0,1.0
2023-01-24 00:00:00,8.15,8.465,8.04,8.32,8.32,614802,8.465,8.04,8.15,614802,0.0,1.0
2023-01-25 00:00:00,8.16,8.325,8.1,8.27,8.27,469048,8.325,8.1,8.16,469048,0.0,1.0
2023-01-26 00:00:00,8.39,8.45,8.19,8.36,8.36,600184,8.45,8.19,8.39,600184,0.0,1.0
2023-01-27 00:00:00,8.45,8.685,8.315,8.5,8.5,712362,8.685,8.315,8.45,712362,0.0,1.0
2023-01-30 00:00:00,8.33,8.625,8.31,8.4,8.4,672796,8.625,8.31,8.33,672796,0.0,1.0
2023-01-31 00:00:00,8.56,8.87,8.44,8.87,8.87,1642649,8.87,8.44,8.56,1642649,0.0,1.0
2023-02-01 00:00:00,8.86,9.43,8.86,9.35,9.35,1503865,9.43,8.86,8.86,1503865,0.0,1.0
2023-02-02 00:00:00,9.38,9.9,9.36,9.59,9.59,1300175,9.9,9.36,9.38,1300175,0.0,1.0
2023-02-03 00:00:00,9.41,9.8,9.41,9.6,9.6,1134720,9.8,9.41,9.41,1134720,0.0,1.0
2023-02-06 00:00:00,9.55,9.595,9.335,9.48,9.48,588194,9.595,9.335,9.55,588194,0.0,1.0
2023-02-07 00:00:00,9.45,9.89,9.37,9.83,9.83,954253,9.89,9.37,9.45,954253,0.0,1.0
2023-02-08 00:00:00,9.71,9.835,9.165,9.27,9.27,1437914,9.835,9.165,9.71,1437914,0.0,1.0
2023-02-09 00:00:00,9.44,9.62,9.18,9.2,9.2,1357473,9.62,9.18,9.44,1357473,0.0,1.0
2023-02-10 00:00:00,9.01,9.14,8.83,9.13,9.13,581957,9.14,8.83,9.01,581957,0.0,1.0
2023-02-13 00:00:00,9.08,9.46,9.04,9.45,9.45,581031,9.46,9.04,9.08,581031,0.0,1.0
2023-02-14 00:00:00,9.36,9.77,9.295,9.69,9.69,856266,9.77,9.295,9.36,856266,0.0,1.0
2023-02-15 00:00:00,9.54,9.9,9.53,9.9,9.9,809819,9.9,9.53,9.54,809819,0.0,1.0
2023-02-16 00:00:00,9.71,10.12,9.61,10.05,10.05,1206936,10.12,9.61,9.71,1206936,0.0,1.0
2023-02-17 00:00:00,9.27,9.34,8.81,9.25,9.25,1525349,9.34,8.81,9.27,1525349,0.0,1.0
2023-02-21 00:00:00,9.02,9.13,8.91,9.1,9.1,1454422,9.13,8.91,9.02,1454422,0.0,1.0
2023-02-22 00:00:00,8.95,9.1,8.785,8.82,8.82,1348657,9.1,8.785,8.95,1348657,0.0,1.0
2023-02-23 00:00:00,8.81,8.875,8.315,8.63,8.63,1150271,8.875,8.315,8.81,1150271,0.0,1.0
2023-02-24 00:00:00,8.42,8.76,8.41,8.63,8.63,745196,8.76,8.41,8.42,745196,0.0,1.0
2023-02-27 00:00:00,8.74,8.975,8.7,8.89,8.89,844808,8.975,8.7,8.74,844808,0.0,1.0
2023-02-28 00:00:00,8.84,8.98,8.745,8.8,8.8,1354312,8.98,8.745,8.84,1354312,0.0,1.0
2023-03-01 00:00:00,8.77,9.13,8.77,9.04,9.04,757495,9.13,8.77,8.77,757495,0.0,1.0
2023-03-02 00:00:00,8.91,9.42,8.87,9.37,9.37,964195,9.42,8.87,8.91,964195,0.0,1.0
2023-03-03 00:00:00,9.49,9.675,9.32,9.59,9.59,905132,9.675,9.32,9.49,905132,0.0,1.0
2023-03-06 00:00:00,9.63,9.63,9.155,9.19,9.19,865242,9.63,9.155,9.63,865242,0.0,1.0
2023-03-07 00:00:00,9.15,9.35,9.015,9.07,9.07,669772,9.35,9.015,9.15,669772,0.0,1.0
2023-03-08 00:00:00,9.08,9.14,8.965,9.13,9.13,488433,9.14,8.965,9.08,488433,0.0,1.0
2023-03-09 00:00:00,9.15,9.18,8.6,8.61,8.61,799890,9.18,8.6,9.15,799890,0.0,1.0
2023-03-10 00:00:00,8.46,8.61,8.27,8.42,8.42,1097781,8.61,8.27,8.46,1097781,0.0,1.0
2023-03-13 00:00:00,8.08,8.24,7.725,8.04,8.04,1870948,8.24,7.725,8.08,1870948,0.0,1.0
2023-03-14 00:00:00,8.26,8.47,7.985,8.1,8.1,2103646,8.47,7.985,8.26,2103646,0.0,1.0
2023-03-15 00:00:00,7.69,7.87,7.44,7.66,7.66,2118423,7.87,7.44,7.69,2118423,0.0,1.0
2023-03-16 00:00:00,7.68,7.885,7.49,7.78,7.78,1179266,7.885,7.49,7.68,1179266,0.0,1.0
2023-03-17 00:00:00,7.65,7.85,7.35,7.52,7.52,5962833,7.85,7.35,7.65,5962833,0.0,1.0
2023-03-20 00:00:00,7.59,7.76,7.315,7.32,7.32,1021009,7.76,7.315,7.59,1021009,0.0,1.0
2023-03-21 00:00:00,7.56,7.795,7.56,7.6,7.6,1240952,7.795,7.56,7.56,1240952,0.0,1.0
2023-03-22 00:00:00,7.59,7.71,7.39,7.4,7.4,813417,7.71,7.39,7.59,813417,0.0,1.0
2023-03-23 00:00:00,7.47,7.67,7.295,7.43,7.43,856742,7.67,7.295,7.47,856742,0.0,1.0
2023-03-24 00:00:00,7.29,7.43,7.17,7.36,7.36,688208,7.43,7.17,7.29,688208,0.0,1.0
2023-03-27 00:00:00,7.53,7.57,7.4001,7.43,7.43,746263,7.57,7.4001,7.53,746263,0.0,1.0
2023-03-28 00:00:00,7.41,7.555,7.365,7.42,7.42,624168,7.555,7.365,7.41,624168,0.0,1.0
2023-03-29 00:00:00,7.58,7.68,7.435,7.59,7.59,733888,7.68,7.435,7.58,733888,0.0,1.0
2023-03-30 00:00:00,7.73,7.78,7.56,7.62,7.62,674590,7.78,7.56,7.73,674590,0.0,1.0
2023-03-31 00:00:00,7.76,7.83,7.67,7.81,7.81,826466,7.83,7.67,7.76,826466,0.0,1.0
2023-04-03 00:00:00,7.84,7.955,7.65,7.88,7.88,1082382,7.955,7.65,7.84,1082382,0.0,1.0
2023-04-04 00:00:00,7.91,7.93,7.47,7.57,7.57,847788,7.93,7.47,7.91,847788,0.0,1.0
2023-04-05 00:00:00,7.42,7.5399,7.195,7.32,7.32,826035,7.5399,7.195,7.42,826035,0.0,1.0
2023-04-06 00:00:00,7.35,7.37,7.13,7.13,7.13,783982,7.37,7.13,7.35,783982,0.0,1.0
2023-04-10 00:00:00,7.15,7.41,7.13,7.39,7.39,706359,7.41,7.13,7.15,706359,0.0,1.0
2023-04-11 00:00:00,7.41,7.63,7.4,7.54,7.54,799755,7.63,7.4,7.41,799755,0.0,1.0
2023-04-12 00:00:00,7.64,7.66,7.395,7.44,7.44,734564,7.66,7.395,7.64,734564,0.0,1.0
2023-04-13 00:00:00,7.53,7.6,7.425,7.54,7.54,703230,7.6,7.425,7.53,703230,0.0,1.0
2023-04-14 00:00:00,7.53,7.68,7.47,7.68,7.68,496117,7.68,7.47,7.53,496117,0.0,1.0
2023-04-17 00:00:00,7.69,7.69,7.4718,7.65,7.65,706531,7.69,7.4718,7.69,706531,0.0,1.0
2023-04-18 00:00:00,7.71,7.7879,7.535,7.61,7.61,399351,7.7879,7.535,7.71,399351,0.0,1.0
2023-04-19 00:00:00,7.37,7.4399,7.255,7.36,7.36,755712,7.4399,7.255,7.37,755712,0.0,1.0
2023-04-20 00:00:00,7.16,7.32,7.08,7.24,7.24,834894,7.32,7.08,7.16,834894,0.0,1.0
2023-04-21 00:00:00,7.2,7.2,7.025,7.14,7.14,959531,7.2,7.025,7.2,959531,0.0,1.0
2023-04-24 00:00:00,7.14,7.33,7.11,7.27,7.27,587780,7.33,7.11,7.14,587780,0.0,1.0
2023-04-25 00:00:00,7.14,7.1899,6.89,6.94,6.94,851278,7.1899,6.89,7.14,851278,0.0,1.0
2023-04-26 00:00:00,6.9,7.085,6.86,7.01,7.01,816810,7.085,6.86,6.9,816810,0.0,1.0
2023-04-27 00:00:00,7.07,7.12,6.78,6.94,6.94,953275,7.12,6.78,7.07,953275,0.0,1.0
2023-04-28 00:00:00,6.94,7.24,6.87,7.15,7.15,791708,7.24,6.87,6.94,791708,0.0,1.0
2023-05-01 00:00:00,7.17,7.35,7.1,7.14,7.14,842410,7.35,7.1,7.17,842410,0.0,1.0
2023-05-02 00:00:00,7.08,7.08,6.85,7.02,7.02,872536,7.08,6.85,7.08,872536,0.0,1.0
2023-05-03 00:00:00,7.03,7.21,6.95,6.96,6.96,918215,7.21,6.95,7.03,918215,0.0,1.0
2023-05-04 00:00:00,6.94,6.94,6.605,6.74,6.74,1221399,6.94,6.605,6.94,1221399,0.0,1.0
2023-05-05 00:00:00,7.33,7.63,6.97,7.41,7.41,1628692,7.63,6.97,7.33,1628692,0.0,1.0
2023-05-08 00:00:00,7.39,7.41,7.18,7.28,7.28,1118235,7.41,7.18,7.39,1118235,0.0,1.0
2023-05-09 00:00:00,7.13,7.23,7.07,7.07,7.07,700790,7.23,7.07,7.13,700790,0.0,1.0
2023-05-10 00:00:00,7.26,7.3,7.02,7.11,7.11,829003,7.3,7.02,7.26,829003,0.0,1.0
2023-05-11 00:00:00,7.03,7.235,7.005,7.17,7.17,723673,7.235,7.005,7.03,723673,0.0,1.0
2023-05-12 00:00:00,7.25,7.26,7.0,7.11,7.11,710666,7.26,7.0,7.25,710666,0.0,1.0
2023-05-15 00:00:00,7.2,7.2275,7.1,7.15,7.15,519140,7.2275,7.1,7.2,519140,0.0,1.0
2023-05-16 00:00:00,6.99,7.07,6.85,6.87,6.87,747756,7.07,6.85,6.99,747756,0.0,1.0
2023-05-17 00:00:00,6.91,7.18,6.905,7.13,7.13,619386,7.18,6.905,6.91,619386,0.0,1.0
2023-05-18 00:00:00,7.11,7.11,6.95,7.04,7.04,1255264,7.11,6.95,7.11,1255264,0.0,1.0
2023-05-19 00:00:00,7.2,7.255,6.95,6.99,6.99,1230252,7.255,6.95,7.2,1230252,0.0,1.0
2023-05-22 00:00:00,7.03,7.135,6.92,7.11,7.11,1003170,7.135,6.92,7.03,1003170,0.0,1.0
2023-05-23 00:00:00,7.07,7.36,7.05,7.27,7.27,1176996,7.36,7.05,7.07,1176996,0.0,1.0
2023-05-24 00:00:00,7.21,7.21,6.9791,7.08,7.08,827205,7.21,6.9791,7.21,827205,0.0,1.0
2023-05-25 00:00:00,7.01,7.12,6.765,6.82,6.82,1474303,7.12,6.765,7.01,1474303,0.0,1.0
2023-05-26 00:00:00,6.97,7.22,6.91,7.16,7.16,1071798,7.22,6.91,6.97,1071798,0.0,1.0
2023-05-30 00:00:00,7.19,7.29,7.055,7.1,7.1,634841,7.29,7.055,7.19,634841,0.0,1.0
2023-05-31 00:00:00,7.03,7.06,6.675,6.75,6.75,2359789,7.06,6.675,7.03,2359789,0.0,1.0
2023-06-01 00:00:00,6.75,6.9,6.7,6.85,6.85,1214542,6.9,6.7,6.75,1214542,0.0,1.0
2023-06-02 00:00:00,7.02,7.315,6.97,7.3,7.3,1301520,7.315,6.97,7.02,1301520,0.0,1.0
2023-06-05 00:00:00,7.28,7.28,6.94,6.97,6.97,1400500,7.28,6.94,7.28,1400500,0.0,1.0
2023-06-06 00:00:00,6.91,7.34,6.87,7.32,7.32,1612853,7.34,6.87,6.91,1612853,0.0,1.0
2023-06-07 00:00:00,7.41,7.79,7.33,7.74,7.74,1553255,7.79,7.33,7.41,1553255,0.0,1.0
2023-06-08 00:00:00,7.76,7.87,7.53,7.62,7.62,956848,7.87,7.53,7.76,956848,0.0,1.0
2023-06-09 00:00:00,7.67,7.74,7.45,7.57,7.57,837026,7.74,7.45,7.67,837026,0.0,1.0
2023-06-12 00:00:00,7.63,7.9,7.565,7.76,7.76,950865,7.9,7.565,7.63,950865,0.0,1.0
2023-06-13 00:00:00,7.87,8.12,7.84,8.11,8.11,1118562,8.12,7.84,7.87,1118562,0.0,1.0
2023-06-14 00:00:00,8.19,8.3,7.965,8.06,8.06,1030006,8.3,7.965,8.19,1030006,0.0,1.0
2023-06-15 00:00:00,7.95,8.245,7.93,8.21,8.21,1006298,8.245,7.93,7.95,1006298,0.0,1.0
2023-06-16 00:00:00,8.32,8.32,8.0,8.09,8.09,9705313,8.32,8.0,8.32,9705313,0.0,1.0
2023-06-20 00:00:00,8.03,8.09,7.94,8.07,8.07,971524,8.09,7.94,8.03,971524,0.0,1.0
2023-06-21 00:00:00,8.05,8.225,7.951,8.2,8.2,872336,8.225,7.951,8.05,872336,0.0,1.0
2023-06-22 00:00:00,8.11,8.14,7.855,7.94,7.94,879871,8.14,7.855,8.11,879871,0.0,1.0
2023-06-23 00:00:00,7.75,7.7701,7.6,7.73,7.73,1916896,7.7701,7.6,7.75,1916896,0.0,1.0
2023-06-26 00:00:00,7.68,7.94,7.68,7.84,7.84,798879,7.94,7.68,7.68,798879,0.0,1.0
2023-06-27 00:00:00,7.91,8.1,7.85,8.06,8.06,772453,8.1,7.85,7.91,772453,0.0,1.0
2023-06-28 00:00:00,8.07,8.17,8.025,8.14,8.14,733022,8.17,8.025,8.07,733022,0.0,1.0
2023-06-29 00:00:00,8.23,8.375,8.2,8.34,8.34,832734,8.375,8.2,8.23,832734,0.0,1.0
2023-06-30 00:00:00,8.4,8.4,8.25,8.27,8.27,652912,8.4,8.25,8.4,652912,0.0,1.0
2023-07-03 00:00:00,8.27,8.4,8.27,8.36,8.36,508624,8.4,8.27,8.27,508624,0.0,1.0
2023-07-05 00:00:00,8.28,8.305,8.01,8.01,8.01,1140699,8.305,8.01,8.28,1140699,0.0,1.0
2023-07-06 00:00:00,7.93,8.055,7.82,7.88,7.88,989692,8.055,7.82,7.93,989692,0.0,1.0
2023-07-07 00:00:00,7.88,8.64,7.88,8.58,8.58,2008824,8.64,7.88,7.88,2008824,0.0,1.0
2023-07-10 00:00:00,8.56,8.75,8.495,8.67,8.67,1104492,8.75,8.495,8.56,1104492,0.0,1.0
2023-07-11 00:00:00,8.68,8.815,8.61,8.75,8.75,1044184,8.815,8.61,8.68,1044184,0.0,1.0
2023-07-12 00:00:00,8.93,9.01,8.81,8.82,8.82,1137190,9.01,8.81,8.93,1137190,0.0,1.0
2023-07-13 00:00:00,8.92,9.08,8.83,8.84,8.84,1285596,9.08,8.83,8.92,1285596,0.0,1.0
2023-07-14 00:00:00,8.81,8.89,8.48,8.77,8.77,1048948,8.89,8.48,8.81,1048948,0.0,1.0
2023-07-17 00:00:00,8.7,8.81,8.61,8.67,8.67,1982359,8.81,8.61,8.7,1982359,0.0,1.0
2023-07-18 00:00:00,8.76,9.135,8.71,9.0,9.0,1195920,9.135,8.71,8.76,1195920,0.0,1.0
2023-07-19 00:00:00,9.0,9.095,8.92,8.98,8.98,933837,9.095,8.92,9.0,933837,0.0,1.0
2023-07-20 00:00:00,9.0,9.2,8.97,9.18,9.18,982336,9.2,8.97,9.0,982336,0.0,1.0
2023-07-21 00:00:00,9.31,9.41,9.14,9.19,9.19,1466485,9.41,9.14,9.31,1466485,0.0,1.0
2023-07-24 00:00:00,9.25,9.42,9.215,9.41,9.41,1599273,9.42,9.215,9.25,1599273,0.0,1.0
2023-07-25 00:00:00,9.38,9.505,9.22,9.31,9.31,968100,9.505,9.22,9.38,968100,0.0,1.0
2023-07-26 00:00:00,9.32,9.47,9.225,9.36,9.36,974156,9.47,9.225,9.32,974156,0.0,1.0
2023-07-27 00:00:00,9.43,9.44,9.14,9.18,9.18,729350,9.44,9.14,9.43,729350,0.0,1.0
2023-07-28 00:00:00,9.34,9.55,9.25,9.26,9.26,1026810,9.55,9.25,9.34,1026810,0.0,1.0
2023-07-31 00:00:00,9.24,9.525,9.24,9.45,9.45,1605565,9.525,9.24,9.24,1605565,0.0,1.0
2023-08-01 00:00:00,9.39,9.54,9.34,9.52,9.52,1019917,9.54,9.34,9.39,1019917,0.0,1.0
2023-08-02 00:00:00,9.39,9.46,9.171,9.37,9.37,999629,9.46,9.171,9.39,999629,0.0,1.0
2023-08-03 00:00:00,9.31,9.35,9.15,9.18,9.18,1335505,9.35,9.15,9.31,1335505,0.0,1.0
2023-08-04 00:00:00,9.45,9.45,8.1,8.18,8.18,2192908,9.45,8.1,9.45,2192908,0.0,1.0
2023-08-07 00:00:00,8.2,8.32,8.07,8.14,8.14,1690923,8.32,8.07,8.2,1690923,0.0,1.0
2023-08-08 00:00:00,8.0,8.31,7.86,8.24,8.24,993318,8.31,7.86,8.0,993318,0.0,1.0
2023-08-09 00:00:00,8.13,8.19,7.845,7.98,7.98,1613070,8.19,7.845,8.13,1613070,0.0,1.0
2023-08-10 00:00:00,7.92,7.94,7.595,7.69,7.69,1841010,7.94,7.595,7.92,1841010,0.0,1.0
2023-08-11 00:00:00,7.65,7.715,7.49,7.53,7.53,1299889,7.715,7.49,7.65,1299889,0.0,1.0
2023-08-14 00:00:00,7.45,7.54,7.25,7.54,7.54,1192450,7.54,7.25,7.45,1192450,0.0,1.0
2023-08-15 00:00:00,7.46,7.475,7.19,7.29,7.29,1808621,7.475,7.19,7.46,1808621,0.0,1.0
2023-08-16 00:00:00,7.28,7.405,7.24,7.25,7.25,951008,7.405,7.24,7.28,951008,0.0,1.0
2023-08-17 00:00:00,7.3,7.54,7.3,7.37,7.37,1285608,7.54,7.3,7.3,1285608,0.0,1.0
2023-08-18 00:00:00,7.29,7.47,7.28,7.47,7.47,1249475,7.47,7.28,7.29,1249475,0.0,1.0
2023-08-21 00:00:00,7.51,7.54,7.13,7.25,7.25,1144707,7.54,7.13,7.51,1144707,0.0,1.0
2023-08-22 00:00:00,7.39,7.4,7.17,7.22,7.22,677123,7.4,7.17,7.39,677123,0.0,1.0
2023-08-23 00:00:00,7.19,7.3201,7.1692,7.3,7.3,781559,7.3201,7.1692,7.19,781559,0.0,1.0
2023-08-24 00:00:00,7.26,7.31,7.135,7.16,7.16,603687,7.31,7.135,7.26,603687,0.0,1.0
2023-08-25 00:00:00,7.19,7.305,7.01,7.18,7.18,632945,7.305,7.01,7.19,632945,0.0,1.0
2023-08-28 00:00:00,7.24,7.41,7.24,7.39,7.39,1056499,7.41,7.24,7.24,1056499,0.0,1.0
2023-08-29 00:00:00,7.38,7.67,7.34,7.65,7.65,804624,7.67,7.34,7.38,804624,0.0,1.0
2023-08-30 00:00:00,7.63,7.735,7.565,7.58,7.58,500242,7.735,7.565,7.63,500242,0.0,1.0
2023-08-31 00:00:00,7.54,7.68,7.51,7.55,7.55,970412,7.68,7.51,7.54,970412,0.0,1.0
2023-09-01 00:00:00,7.58,7.71,7.48,7.7,7.7,930998,7.71,7.48,7.58,930998,0.0,1.0
2023-09-05 00:00:00,7.605,7.86,7.505,7.85,7.85,1193064,7.86,7.505,7.605,1193064,0.0,1.0
2023-09-06 00:00:00,7.92,8.04,7.745,7.85,7.85,1273031,8.04,7.745,7.92,1273031,0.0,1.0
2023-09-07 00:00:00,7.72,7.8,7.49,7.72,7.72,1770718,7.8,7.49,7.72,1770718,0.0,1.0
2023-09-08 00:00:00,7.76,7.76,7.615,7.64,7.64,1061904,7.76,7.615,7.76,1061904,0.0,1.0
2023-09-11 00:00:00,7.72,7.75,7.635,7.65,7.65,835355,7.75,7.635,7.72,835355,0.0,1.0
2023-09-12 00:00:00,7.62,7.855,7.62,7.76,7.76,715401,7.855,7.62,7.62,715401,0.0,1.0
2023-09-13 00:00:00,7.74,7.845,7.475,7.49,7.49,1627954,7.845,7.475,7.74,1627954,0.0,1.0
2023-09-14 00:00:00,7.56,7.63,7.324,7.58,7.58,2309519,7.63,7.324,7.56,2309519,0.0,1.0
2023-09-15 00:00:00,7.52,7.72,7.49,7.55,7.55,3057783,7.72,7.49,7.52,3057783,0.0,1.0
2023-09-18 00:00:00,7.43,7.48,7.32,7.4,7.4,1394396,7.48,7.32,7.43,1394396,0.0,1.0
2023-09-19 00:00:00,7.42,7.49,7.19,7.22,7.22,1144736,7.49,7.19,7.42,1144736,0.0,1.0
2023-09-20 00:00:00,7.28,7.44,7.19,7.21,7.21,1091313,7.44,7.19,7.28,1091313,0.0,1.0
2023-09-21 00:00:00,7.1,7.32,7.02,7.19,7.19,1149579,7.32,7.02,7.1,1149579,0.0,1.0
2023-09-22 00:00:00,7.26,7.385,7.16,7.21,7.21,949188,7.385,7.16,7.26,949188,0.0,1.0
2023-09-25 00:00:00,7.17,7.645,7.145,7.5,7.5,1316135,7.645,7.145,7.17,1316135,0.0,1.0
2023-09-26 00:00:00,7.43,7.545,7.25,7.29,7.29,865748,7.545,7.25,7.43,865748,0.0,1.0
2023-09-27 00:00:00,7.31,7.5,7.255,7.32,7.32,948863,7.5,7.255,7.31,948863,0.0,1.0
2023-09-28 00:00:00,7.19,7.5,7.0393,7.36,7.36,1798700,7.5,7.0393,7.19,1798700,0.0,1.0
2023-09-29 00:00:00,7.41,7.455,7.22,7.26,7.26,1188380,7.455,7.22,7.41,1188380,0.0,1.0
2023-10-02 00:00:00,7.21,7.23,7.06,7.12,7.12,1447604,7.23,7.06,7.21,1447604,0.0,1.0
2023-10-03 00:00:00,7.06,7.14,7.0,7.07,7.07,1222613,7.14,7.0,7.06,1222613,0.0,1.0
2023-10-04 00:00:00,7.07,7.22,6.99,7.14,7.14,1063555,7.22,6.99,7.07,1063555,0.0,1.0
2023-10-05 00:00:00,7.07,7.13,6.85,6.95,6.95,1143876,7.13,6.85,7.07,1143876,0.0,1.0
2023-10-06 00:00:00,6.92,7.275,6.86,7.13,7.13,1992661,7.275,6.86,6.92,1992661,0.0,1.0
2023-10-09 00:00:00,7.02,7.24,6.98,7.19,7.19,807927,7.24,6.98,7.02,807927,0.0,1.0
2023-10-10 00:00:00,7.15,7.23,7.04,7.14,7.14,1563330,7.23,7.04,7.15,1563330,0.0,1.0
2023-10-11 00:00:00,7.14,7.21,7.04,7.14,7.14,1663749,7.21,7.04,7.14,1663749,0.0,1.0
2023-10-12 00:00:00,7.11,7.27,7.02,7.14,7.14,872824,7.27,7.02,7.11,872824,0.0,1.0
2023-10-13 00:00:00,7.11,7.15,7.0,7.02,7.02,1216754,7.15,7.0,7.11,1216754,0.0,1.0
2023-10-16 00:00:00,7.12,7.325,7.11,7.18,7.18,938420,7.325,7.11,7.12,938420,0.0,1.0
2023-10-17 00:00:00,7.1,7.405,7.1,7.31,7.31,1180976,7.405,7.1,7.1,1180976,0.0,1.0
2023-10-18 00:00:00,7.21,7.21,6.99,7.01,7.01,1179215,7.21,6.99,7.21,1179215,0.0,1.0
2023-10-19 00:00:00,6.96,7.0871,6.86,6.9,6.9,1418950,7.0871,6.86,6.96,1418950,0.0,1.0
2023-10-20 00:00:00,6.96,7.3,6.95,7.08,7.08,1946723,7.3,6.95,6.96,1946723,0.0,1.0
2023-10-23 00:00:00,7.0,7.27,7.0,7.05,7.05,1255631,7.27,7.0,7.0,1255631,0.0,1.0
2023-10-24 00:00:00,7.1,7.185,7.025,7.04,7.04,1230192,7.185,7.025,7.1,1230192,0.0,1.0
2023-10-25 00:00:00,6.98,7.14,6.83,7.09,7.09,1171153,7.14,6.83,6.98,1171153,0.0,1.0
2023-10-26 00:00:00,7.36,7.42,7.08,7.15,7.15,1459128,7.42,7.08,7.36,1459128,0.0,1.0
2023-10-27 00:00:00,7.15,7.15,6.81,6.83,6.83,1679225,7.15,6.81,7.15,1679225,0.0,1.0
2023-10-30 00:00:00,7.03,7.1187,6.595,6.68,6.68,1350197,7.1187,6.595,7.03,1350197,0.0,1.0
2023-10-31 00:00:00,6.68,6.88,6.63,6.75,6.75,1005345,6.88,6.63,6.68,1005345,0.0,1.0
2023-11-01 00:00:00,6.61,6.66,6.29,6.38,6.38,1874110,6.66,6.29,6.61,1874110,0.0,1.0
2023-11-02 00:00:00,6.52,6.6,6.32,6.5,6.5,2005122,6.6,6.32,6.52,2005122,0.0,1.0
2023-11-03 00:00:00,6.95,7.5101,6.86,7.24,7.24,2568953,7.5101,6.86,6.95,2568953,0.0,1.0
2023-11-06 00:00:00,7.16,7.19,6.595,6.85,6.85,1940385,7.19,6.595,7.16,1940385,0.0,1.0
2023-11-07 00:00:00,6.75,6.89,6.72,6.76,6.76,1006136,6.89,6.72,6.75,1006136,0.0,1.0
2023-11-08 00:00:00,6.72,6.76,6.58,6.63,6.63,997201,6.76,6.58,6.72,997201,0.0,1.0
2023-11-09 00:00:00,6.66,6.705,6.5025,6.56,6.56,1108169,6.705,6.5025,6.66,1108169,0.0,1.0
2023-11-10 00:00:00,6.59,6.715,6.49,6.67,6.67,866006,6.715,6.49,6.59,866006,0.0,1.0
2023-11-13 00:00:00,6.64,6.72,6.5503,6.63,6.63,772519,6.72,6.5503,6.64,772519,0.0,1.0
2023-11-14 00:00:00,6.97,7.22,6.9501,7.2,7.2,1446115,7.22,6.9501,6.97,1446115,0.0,1.0
2023-11-15 00:00:00,7.24,7.31,7.07,7.2,7.2,2015063,7.31,7.07,7.24,2015063,0.0,1.0
2023-11-16 00:00:00,7.19,7.22,7.02,7.05,7.05,1152255,7.22,7.02,7.19,1152255,0.0,1.0
2023-11-17 00:00:00,7.12,7.18,7.07,7.11,7.11,939475,7.18,7.07,7.12,939475,0.0,1.0
2023-11-20 00:00:00,7.19,7.24,7.11,7.2,7.2,1594211,7.24,7.11,7.19,1594211,0.0,1.0
2023-11-21 00:00:00,7.09,7.145,7.0393,7.13,7.13,1171895,7.145,7.0393,7.09,1171895,0.0,1.0
2023-11-22 00:00:00,7.15,7.2401,7.115,7.2,7.2,985642,7.2401,7.115,7.15,985642,0.0,1.0
2023-11-24 00:00:00,7.18,7.29,7.18,7.24,7.24,657324,7.29,7.18,7.18,657324,0.0,1.0
2023-11-27 00:00:00,7.2,7.25,7.11,7.19,7.19,1007502,7.25,7.11,7.2,1007502,0.0,1.0
2023-11-28 00:00:00,6.79,7.135,6.425,7.1,7.1,1893383,7.135,6.425,6.79,1893383,0.0,1.0
2023-11-29 00:00:00,7.31,7.35,7.08,7.2,7.2,2007653,7.35,7.08,7.31,2007653,0.0,1.0
2023-11-30 00:00:00,7.26,7.3,6.94,6.96,6.96,1766873,7.3,6.94,7.26,1766873,0.0,1.0
2023-12-01 00:00:00,6.91,7.36,6.8692,7.36,7.36,2753585,7.36,6.8692,6.91,2753585,0.0,1.0
2023-12-04 00:00:00,7.36,7.605,7.36,7.55,7.55,1717161,7.605,7.36,7.36,1717161,0.0,1.0
2023-12-05 00:00:00,7.49,7.58,7.425,7.47,7.47,1169297,7.58,7.425,7.49,1169297,0.0,1.0
2023-12-06 00:00:00,7.55,7.79,7.5,7.59,7.59,1593437,7.79,7.5,7.55,1593437,0.0,1.0
2023-12-07 00:00:00,7.63,7.6379,7.5,7.59,7.59,1286278,7.6379,7.5,7.63,1286278,0.0,1.0
2023-12-08 00:00:00,7.58,7.65,7.515,7.54,7.54,1051606,7.65,7.515,7.58,1051606,0.0,1.0
2023-12-11 00:00:00,7.51,7.72,7.51,7.69,7.69,1929710,7.72,7.51,7.51,1929710,0.0,1.0
2023-12-12 00:00:00,7.68,7.84,7.56,7.82,7.82,2033220,7.84,7.56,7.68,2033220,0.0,1.0
2023-12-13 00:00:00,7.81,8.01,7.525,7.98,7.98,2165608,8.01,7.525,7.81,2165608,0.0,1.0
2023-12-14 00:00:00,8.2,8.74,8.08,8.7,8.7,3909145,8.74,8.08,8.2,3909145,0.0,1.0
2023-12-15 00:00:00,8.65,8.82,8.4,8.82,8.82,20826562,8.82,8.4,8.65,20826562,0.0,1.0
2023-12-18 00:00:00,8.81,8.81,8.29,8.4,8.4,2384576,8.81,8.29,8.81,2384576,0.0,1.0
2023-12-19 00:00:00,8.51,8.715,8.45,8.66,8.66,1950135,8.715,8.45,8.51,1950135,0.0,1.0
2023-12-20 00:00:00,8.6,8.805,8.46,8.52,8.52,2142967,8.805,8.46,8.6,2142967,0.0,1.0
2023-12-21 00:00:00,8.63,8.79,8.54,8.73,8.73,1176220,8.79,8.54,8.63,1176220,0.0,1.0
2023-12-22 00:00:00,8.8,8.89,8.72,8.83,8.83,934164,8.89,8.72,8.8,934164,0.0,1.0
2023-12-26 00:00:00,8.92,8.97,8.825,8.92,8.92,684186,8.97,8.825,8.92,684186,0.0,1.0
2023-12-27 00:00:00,8.95,8.995,8.88,8.93,8.93,596325,8.995,8.88,8.95,596325,0.0,1.0
2023-12-28 00:00:00,8.9,8.91,8.8,8.88,8.88,728385,8.91,8.8,8.9,728385,0.0,1.0
2023-12-29 00:00:00,8.84,8.9,8.76,8.81,8.81,691346,8.9,8.76,8.84,691346,0.0,1.0
2024-01-02 00:00:00,8.7,8.885,8.57,8.74,8.74,796911,8.885,8.57,8.7,796911,0.0,1.0
2024-01-03 00:00:00,8.54,8.68,8.02,8.03,8.03,1492658,8.68,8.02,8.54,1492658,0.0,1.0
2024-01-04 00:00:00,8.03,8.27,7.95,8.19,8.19,1054927,8.27,7.95,8.03,1054927,0.0,1.0
2024-01-05 00:00:00,8.12,8.455,8.08,8.29,8.29,903069,8.455,8.08,8.12,903069,0.0,1.0
2024-01-08 00:00:00,8.22,8.435,8.185,8.39,8.39,665686,8.435,8.185,8.22,665686,0.0,1.0
2024-01-09 00:00:00,8.27,8.34,8.2,8.22,8.22,728727,8.34,8.2,8.27,728727,0.0,1.0
2024-01-10 00:00:00,8.19,8.24,8.05,8.13,8.13,966452,8.24,8.05,8.19,966452,0.0,1.0
2024-01-11 00:00:00,8.08,8.08,7.9,8.06,8.06,798915,8.08,7.9,8.08,798915,0.0,1.0
2024-01-12 00:00:00,8.14,8.18,7.99,8.02,8.02,543772,8.18,7.99,8.14,543772,0.0,1.0
2024-01-16 00:00:00,7.85,8.01,7.83,7.98,7.98,1032038,8.01,7.83,7.85,1032038,0.0,1.0
2024-01-17 00:00:00,7.46,7.505,7.17,7.31,7.31,1865460,7.505,7.17,7.46,1865460,0.0,1.0
2024-01-18 00:00:00,7.36,7.415,7.25,7.4,7.4,637249,7.415,7.25,7.36,637249,0.0,1.0
2024-01-19 00:00:00,7.38,7.54,7.28,7.52,7.52,824392,7.54,7.28,7.38,824392,0.0,1.0
2024-01-22 00:00:00,7.6,7.78,7.56,7.66,7.66,1379767,7.78,7.56,7.6,1379767,0.0,1.0
2024-01-23 00:00:00,7.85,7.91,7.705,7.75,7.75,794435,7.91,7.705,7.85,794435,0.0,1.0
2024-01-24 00:00:00,7.87,7.87,7.56,7.64,7.64,682107,7.87,7.56,7.87,682107,0.0,1.0
2024-01-25 00:00:00,7.81,8.0,7.685,7.99,7.99,1450642,8.0,7.685,7.81,1450642,0.0,1.0
2024-01-26 00:00:00,8.07,8.215,8.0,8.06,8.06,864121,8.215,8.0,8.07,864121,0.0,1.0
2024-01-29 00:00:00,8.05,8.13,7.865,8.11,8.11,779184,8.13,7.865,8.05,779184,0.0,1.0
2024-01-30 00:00:00,8.12,8.28,8.05,8.21,8.21,936601,8.28,8.05,8.12,936601,0.0,1.0
2024-01-31 00:00:00,8.22,8.375,8.08,8.09,8.09,1018631,8.375,8.08,8.22,1018631,0.0,1.0
2024-02-01 00:00:00,8.2,8.31,8.09,8.23,8.23,1211524,8.31,8.09,8.2,1211524,0.0,1.0
2024-02-02 00:00:00,8.06,8.27,7.95,8.21,8.21,869181,8.27,7.95,8.06,869181,0.0,1.0
2024-02-05 00:00:00,8.06,8.08,7.87,7.9,7.9,765077,8.08,7.87,8.06,765077,0.0,1.0
2024-02-06 00:00:00,7.86,8.21,7.85,8.19,8.19,808973,8.21,7.85,7.86,808973,0.0,1.0
2024-02-07 00:00:00,8.27,8.27,8.005,8.07,8.07,749567,8.27,8.005,8.27,749567,0.0,1.0
2024-02-08 00:00:00,8.05,8.14,7.9499,8.12,8.12,680808,8.14,7.9499,8.05,680808,0.0,1.0
2024-02-09 00:00:00,8.13,8.24,8.075,8.2,8.2,718735,8.24,8.075,8.13,718735,0.0,1.0
2024-02-12 00:00:00,8.2,8.455,8.2,8.34,8.34,1190500,8.455,8.2,8.2,1190500,0.0,1.0
2024-02-13 00:00:00,8.06,8.075,7.805,7.98,7.98,1239755,8.075,7.805,8.06,1239755,0.0,1.0
2024-02-14 00:00:00,8.17,8.185,7.985,8.15,8.15,1575167,8.185,7.985,8.17,1575167,0.0,1.0
2024-02-15 00:00:00,8.29,8.55,8.19,8.55,8.55,2500495,8.55,8.19,8.29,2500495,0.0,1.0
2024-02-16 00:00:00,8.9,8.98,8.085,8.28,8.28,1760696,8.98,8.085,8.9,1760696,0.0,1.0
2024-02-20 00:00:00,8.1,8.2,7.655,7.72,7.72,2124204,8.2,7.655,8.1,2124204,0.0,1.0
2024-02-21 00:00:00,7.62,7.67,7.32,7.37,7.37,2147050,7.67,7.32,7.62,2147050,0.0,1.0
2024-02-22 00:00:00,7.4,7.51,7.135,7.29,7.29,1999148,7.51,7.135,7.4,1999148,0.0,1.0
2024-02-23 00:00:00,7.29,7.34,7.05,7.09,7.09,2348930,7.34,7.05,7.29,2348930,0.0,1.0
2024-02-26 00:00:00,7.06,7.13,6.68,6.71,6.71,3985869,7.13,6.68,7.06,3985869,0.0,1.0
2024-02-27 00:00:00,6.83,6.87,6.63,6.7,6.7,2647441,6.87,6.63,6.83,2647441,0.0,1.0
2024-02-28 00:00:00,6.78,7.07,6.615,6.62,6.62,3244573,7.07,6.615,6.78,3244573,0.0,1.0
2024-02-29 00:00:00,6.77,6.96,6.73,6.92,6.92,2022845,6.96,6.73,6.77,2022845,0.0,1.0
2024-03-01 00:00:00,6.92,6.92,6.72,6.87,6.87,1838768,6.92,6.72,6.92,1838768,0.0,1.0
2024-03-04 00:00:00,6.88,6.9,6.67,6.76,6.76,1723488,6.9,6.67,6.88,1723488,0.0,1.0
2024-03-05 00:00:00,6.7,6.845,6.66,6.76,6.76,1845337,6.845,6.66,6.7,1845337,0.0,1.0
2024-03-06 00:00:00,6.86,6.86,6.605,6.66,6.66,2021061,6.86,6.605,6.86,2021061,0.0,1.0
2024-03-07 00:00:00,6.7,6.865,6.62,6.78,6.78,2177682,6.865,6.62,6.7,2177682,0.0,1.0
2024-03-08 00:00:00,6.89,6.9299,6.62,6.69,6.69,1867139,6.9299,6.62,6.89,1867139,0.0,1.0
2024-03-11 00:00:00,6.67,6.74,6.53,6.67,6.67,2167685,6.74,6.53,6.67,2167685,0.0,1.0
2024-03-12 00:00:00,6.64,6.655,6.54,6.58,6.58,1825629,6.655,6.54,6.64,1825629,0.0,1.0
2024-03-13 00:00:00,6.55,6.72,6.49,6.52,6.52,2453140,6.72,6.49,6.55,2453140,0.0,1.0
2024-03-14 00:00:00,6.53,6.7,6.44,6.54,6.54,3373821,6.7,6.44,6.53,3373821,0.0,1.0
2024-03-15 00:00:00,6.56,6.76,6.475,6.59,6.59,29101995,6.76,6.475,6.56,29101995,0.0,1.0
2024-03-18 00:00:00,6.71,6.88,6.49,6.76,6.76,2620358,6.88,6.49,6.71,2620358,0.0,1.0
2024-03-19 00:00:00,6.71,6.91,6.71,6.9,6.9,1931738,6.91,6.71,6.71,1931738,0.0,1.0
2024-03-20 00:00:00,6.9,7.09,6.81,7.06,7.06,2156258,7.09,6.81,6.9,2156258,0.0,1.0
2024-03-21 00:00:00,7.15,7.54,7.15,7.33,7.33,2486715,7.54,7.15,7.15,2486715,0.0,1.0
2024-03-22 00:00:00,7.32,7.345,7.185,7.2,7.2,1024969,7.345,7.185,7.32,1024969,0.0,1.0
2024-03-25 00:00:00,7.21,7.29,7.11,7.17,7.17,1267656,7.29,7.11,7.21,1267656,0.0,1.0
2024-03-26 00:00:00,7.2,7.24,7.04,7.05,7.05,1094570,7.24,7.04,7.2,1094570,0.0,1.0
2024-03-27 00:00:00,7.11,7.38,7.04,7.38,7.38,1640454,7.38,7.04,7.11,1640454,0.0,1.0
2024-03-28 00:00:00,7.37,7.53,7.3,7.36,7.36,1063275,7.53,7.3,7.37,1063275,0.0,1.0
2024-04-01 00:00:00,7.36,7.39,7.2,7.24,7.24,1308217,7.39,7.2,7.36,1308217,0.0,1.0
2024-04-02 00:00:00,7.12,7.19,7.04,7.19,7.19,1727369,7.19,7.04,7.12,1727369,0.0,1.0
2024-04-03 00:00:00,7.1,7.33,7.095,7.26,7.26,1341098,7.33,7.095,7.1,1341098,0.0,1.0
2024-04-04 00:00:00,7.38,7.415,7.08,7.1,7.1,926118,7.415,7.08,7.38,926118,0.0,1.0
2024-04-05 00:00:00,7.12,7.3,7.105,7.27,7.27,955634,7.3,7.105,7.12,955634,0.0,1.0
2024-04-08 00:00:00,7.32,7.46,7.32,7.38,7.38,982130,7.46,7.32,7.32,982130,0.0,1.0
2024-04-09 00:00:00,7.44,7.64,7.42,7.59,7.59,1280603,7.64,7.42,7.44,1280603,0.0,1.0
2024-04-10 00:00:00,7.33,7.39,7.18,7.23,7.23,1511753,7.39,7.18,7.33,1511753,0.0,1.0
2024-04-11 00:00:00,7.24,7.32,7.125,7.25,7.25,594356,7.32,7.125,7.24,594356,0.0,1.0
2024-04-12 00:00:00,7.16,7.23,7.055,7.07,7.07,1019301,7.23,7.055,7.16,1019301,0.0,1.0
2024-04-15 00:00:00,7.1,7.15,6.94,6.99,6.99,1363079,7.15,6.94,7.1,1363079,0.0,1.0
2024-04-16 00:00:00,6.92,7.155,6.86,7.02,7.02,1311962,7.155,6.86,6.92,1311962,0.0,1.0
2024-04-17 00:00:00,7.09,7.1,6.93,6.95,6.95,1153836,7.1,6.93,7.09,1153836,0.0,1.0
2024-04-18 00:00:00,6.95,7.115,6.92,6.98,6.98,1342803,7.115,6.92,6.95,1342803,0.0,1.0
2024-04-19 00:00:00,6.95,7.11,6.9,7.08,7.08,1186547,7.11,6.9,6.95,1186547,0.0,1.0
2024-04-22 00:00:00,7.17,7.31,7.09,7.22,7.22,1422690,7.31,7.09,7.17,1422690,0.0,1.0
2024-04-23 00:00:00,7.37,7.5093,7.345,7.49,7.49,1745407,7.5093,7.345,7.37,1745407,0.0,1.0
2024-04-24 00:00:00,7.42,7.57,7.37,7.56,7.56,1308758,7.57,7.37,7.42,1308758,0.0,1.0
2024-04-25 00:00:00,7.41,7.47,7.26,7.47,7.47,1236810,7.47,7.26,7.41,1236810,0.0,1.0
2024-04-26 00:00:00,7.46,7.56,7.41,7.52,7.52,811892,7.56,7.41,7.46,811892,0.0,1.0
2024-04-29 00:00:00,7.53,7.65,7.49,7.56,7.56,1057354,7.65,7.49,7.53,1057354,0.0,1.0
2024-04-30 00:00:00,7.45,7.47,7.34,7.34,7.34,1785169,7.47,7.34,7.45,1785169,0.0,1.0
2024-05-01 00:00:00,7.33,7.615,7.33,7.39,7.39,1234897,7.615,7.33,7.33,1234897,0.0,1.0
2024-05-02 00:00:00,7.51,7.59,7.32,7.32,7.32,1394914,7.59,7.32,7.51,1394914,0.0,1.0
2024-05-03 00:00:00,7.75,7.85,7.27,7.49,7.49,2015503,7.85,7.27,7.75,2015503,0.0,1.0
2024-05-06 00:00:00,7.63,7.7,7.56,7.66,7.66,1071928,7.7,7.56,7.63,1071928,0.0,1.0
2024-05-07 00:00:00,7.66,7.79,7.57,7.58,7.58,1421128,7.79,7.57,7.66,1421128,0.0,1.0
2024-05-08 00:00:00,7.46,7.8,7.41,7.8,7.8,1389894,7.8,7.41,7.46,1389894,0.0,1.0
2024-05-09 00:00:00,7.82,7.8406,7.67,7.71,7.71,1368753,7.8406,7.67,7.82,1368753,0.0,1.0
2024-05-10 00:00:00,7.76,7.78,7.495,7.62,7.62,998325,7.78,7.495,7.76,998325,0.0,1.0
2024-05-13 00:00:00,7.68,7.775,7.651,7.67,7.67,1062297,7.775,7.651,7.68,1062297,0.0,1.0
2024-05-14 00:00:00,7.84,7.945,7.74,7.85,7.85,1438561,7.945,7.74,7.84,1438561,0.0,1.0
2024-05-15 00:00:00,7.97,7.97,7.795,7.9,7.9,870553,7.97,7.795,7.97,870553,0.0,1.0
2024-05-16 00:00:00,7.87,7.92,7.81,7.9,7.9,1085232,7.92,7.81,7.87,1085232,0.0,1.0
2024-05-17 00:00:00,7.91,7.955,7.81,7.95,7.95,1066108,7.955,7.81,7.91,1066108,0.0,1.0
2024-05-20 00:00:00,7.95,7.98,7.875,7.88,7.88,1133302,7.98,7.875,7.95,1133302,0.0,1.0
2024-05-21 00:00:00,7.86,7.86,7.59,7.64,7.64,954483,7.86,7.59,7.86,954483,0.0,1.0
2024-05-22 00:00:00,7.57,7.58,7.35,7.41,7.41,1105517,7.58,7.35,7.57,1105517,0.0,1.0
2024-05-23 00:00:00,7.43,7.455,7.21,7.32,7.32,1133480,7.455,7.21,7.43,1133480,0.0,1.0
2024-05-24 00:00:00,7.39,7.41,7.28,7.41,7.41,864721,7.41,7.28,7.39,864721,0.0,1.0
2024-05-28 00:00:00,7.48,7.545,7.35,7.45,7.45,973924,7.545,7.35,7.48,973924,0.0,1.0
2024-05-29 00:00:00,7.28,7.37,7.24,7.27,7.27,880392,7.37,7.24,7.28,880392,0.0,1.0
2024-05-30 00:00:00,7.35,7.52,7.335,7.52,7.52,926963,7.52,7.335,7.35,926963,0.0,1.0
2024-05-31 00:00:00,7.54,7.69,7.53,7.64,7.64,1398312,7.69,7.53,7.54,1398312,0.0,1.0
2024-06-03 00:00:00,7.74,7.76,7.495,7.74,7.74,1282282,7.76,7.495,7.74,1282282,0.0,1.0
2024-06-04 00:00:00,7.61,7.695,7.59,7.6,7.6,1112518,7.695,7.59,7.61,1112518,0.0,1.0
2024-06-05 00:00:00,7.7,7.76,7.57,7.76,7.76,1090824,7.76,7.57,7.7,1090824,0.0,1.0
2024-06-06 00:00:00,7.7,7.735,7.62,7.65,7.65,1131809,7.735,7.62,7.7,1131809,0.0,1.0
2024-06-07 00:00:00,7.57,7.59,7.41,7.53,7.53,1163969,7.59,7.41,7.57,1163969,0.0,1.0
2024-06-10 00:00:00,7.4,7.535,7.37,7.5,7.5,1067669,7.535,7.37,7.4,1067669,0.0,1.0
2024-06-11 00:00:00,7.45,7.45,7.28,7.3,7.3,1770057,7.45,7.28,7.45,1770057,0.0,1.0
2024-06-12 00:00:00,7.52,7.71,7.405,7.48,7.48,1022740,7.71,7.405,7.52,1022740,0.0,1.0
2024-06-13 00:00:00,7.44,7.465,7.17,7.18,7.18,1303739,7.465,7.17,7.44,1303739,0.0,1.0
2024-06-14 00:00:00,7.05,7.05,6.86,6.91,6.91,1462230,7.05,6.86,7.05,1462230,0.0,1.0
2024-06-17 00:00:00,6.85,7.065,6.84,7.06,7.06,1222464,7.065,6.84,6.85,1222464,0.0,1.0
2024-06-18 00:00:00,7.07,7.13,6.885,6.89,6.89,1012302,7.13,6.885,7.07,1012302,0.0,1.0
2024-06-20 00:00:00,6.85,6.9,6.75,6.8,6.8,1260675,6.9,6.75,6.85,1260675,0.0,1.0
2024-06-21 00:00:00,6.8,7.01,6.775,6.92,6.92,4499476,7.01,6.775,6.8,4499476,0.0,1.0
2024-06-24 00:00:00,6.94,7.22,6.94,7.12,7.12,1366944,7.22,6.94,6.94,1366944,0.0,1.0
2024-06-25 00:00:00,7.1,7.13,6.98,7.11,7.11,783631,7.13,6.98,7.1,783631,0.0,1.0
2024-06-26 00:00:00,7.02,7.19,6.97,7.03,7.03,1285917,7.19,6.97,7.02,1285917,0.0,1.0
2024-06-27 00:00:00,7.04,7.045,6.87,6.9,6.9,1039025,7.045,6.87,7.04,1039025,0.0,1.0
2024-06-28 00:00:00,7.0,7.03,6.86,6.99,6.99,1754544,7.03,6.86,7.0,1754544,0.0,1.0
2024-07-01 00:00:00,7.04,7.09,6.84,6.91,6.91,988013,7.09,6.84,7.04,988013,0.0,1.0
2024-07-02 00:00:00,6.93,7.04,6.88,6.95,6.95,1201462,7.04,6.88,6.93,1201462,0.0,1.0
2024-07-03 00:00:00,6.96,7.0199,6.92,6.99,6.99,420455,7.0199,6.92,6.96,420455,0.0,1.0
2024-07-05 00:00:00,6.9,6.95,6.66,6.67,6.67,1510048,6.95,6.66,6.9,1510048,0.0,1.0
2024-07-08 00:00:00,6.77,6.85,6.7,6.71,6.71,993260,6.85,6.7,6.77,993260,0.0,1.0
2024-07-09 00:00:00,6.67,6.83,6.615,6.77,6.77,1475155,6.83,6.615,6.67,1475155,0.0,1.0
2024-07-10 00:00:00,6.79,6.83,6.715,6.81,6.81,1180521,6.83,6.715,6.79,1180521,0.0,1.0
2024-07-11 00:00:00,6.99,7.116,6.93,7.03,7.03,1473800,7.116,6.93,6.99,1473800,0.0,1.0
2024-07-12 00:00:00,7.14,7.2,7.05,7.17,7.17,967178,7.2,7.05,7.14,967178,0.0,1.0
2024-07-15 00:00:00,7.16,7.27,7.095,7.15,7.15,917091,7.27,7.095,7.16,917091,0.0,1.0
2024-07-16 00:00:00,7.25,7.35,7.23,7.35,7.35,1701504,7.35,7.23,7.25,1701504,0.0,1.0
2024-07-17 00:00:00,7.25,7.45,7.25,7.43,7.43,1433382,7.45,7.25,7.25,1433382,0.0,1.0
2024-07-18 00:00:00,7.37,7.58,7.2847,7.35,7.35,1001871,7.58,7.2847,7.37,1001871,0.0,1.0
2024-07-19 00:00:00,7.26,7.28,6.95,6.99,6.99,1393198,7.28,6.95,7.26,1393198,0.0,1.0
2024-07-22 00:00:00,7.07,7.24,6.95,7.23,7.23,1289703,7.24,6.95,7.07,1289703,0.0,1.0
2024-07-23 00:00:00,7.16,7.325,7.05,7.24,7.24,1264408,7.325,7.05,7.16,1264408,0.0,1.0
2024-07-24 00:00:00,7.18,7.38,7.09,7.09,7.09,898630,7.38,7.09,7.18,898630,0.0,1.0
2024-07-25 00:00:00,7.07,7.14,6.9,7.03,7.03,1284604,7.14,6.9,7.07,1284604,0.0,1.0
2024-07-26 00:00:00,7.18,7.235,7.02,7.21,7.21,1046128,7.235,7.02,7.18,1046128,0.0,1.0
2024-07-29 00:00:00,7.21,7.24,7.07,7.13,7.13,935537,7.24,7.07,7.21,935537,0.0,1.0
2024-07-30 00:00:00,7.2,7.24,7.06,7.11,7.11,960864,7.24,7.06,7.2,960864,0.0,1.0
2024-07-31 00:00:00,7.19,7.65,7.18,7.43,7.43,3445034,7.65,7.18,7.19,3445034,0.0,1.0
2024-08-01 00:00:00,7.42,7.44,7.04,7.16,7.16,1315905,7.44,7.04,7.42,1315905,0.0,1.0
2024-08-02 00:00:00,6.99,7.12,6.6225,6.66,6.66,1965725,7.12,6.6225,6.99,1965725,0.0,1.0
2024-08-05 00:00:00,6.41,6.475,6.19,6.36,6.36,2010909,6.475,6.19,6.41,2010909,0.0,1.0
2024-08-06 00:00:00,6.36,6.49,6.28,6.32,6.32,1504089,6.49,6.28,6.36,1504089,0.0,1.0
2024-08-07 00:00:00,6.4,6.44,6.06,6.07,6.07,1548123,6.44,6.06,6.4,1548123,0.0,1.0
2024-08-08 00:00:00,6.16,6.24,6.08,6.21,6.21,1528156,6.24,6.08,6.16,1528156,0.0,1.0
2024-08-09 00:00:00,6.9,7.25,6.48,6.51,6.51,3058737,7.25,6.48,6.9,3058737,0.0,1.0
2024-08-12 00:00:00,6.45,6.6,5.99,6.06,6.06,2604904,6.6,5.99,6.45,2604904,0.0,1.0
2024-08-13 00:00:00,6.11,6.245,6.025,6.17,6.17,1551883,6.245,6.025,6.11,1551883,0.0,1.0
2024-08-14 00:00:00,6.22,6.26,6.08,6.16,6.16,1248308,6.26,6.08,6.22,1248308,0.0,1.0
2024-08-15 00:00:00,6.35,6.44,6.285,6.33,6.33,947390,6.44,6.285,6.35,947390,0.0,1.0
2024-08-16 00:00:00,6.28,6.36,6.225,6.35,6.35,1364981,6.36,6.225,6.28,1364981,0.0,1.0
2024-08-19 00:00:00,6.39,6.4736,6.38,6.43,6.43,1479153,6.4736,6.38,6.39,1479153,0.0,1.0
2024-08-20 00:00:00,6.41,6.47,6.32,6.33,6.33,1151376,6.47,6.32,6.41,1151376,0.0,1.0
2024-08-21 00:00:00,6.4,6.43,6.35,6.39,6.39,748145,6.43,6.35,6.4,748145,0.0,1.0
2024-08-22 00:00:00,6.37,6.39,6.24,6.25,6.25,1122786,6.39,6.24,6.37,1122786,0.0,1.0
2024-08-23 00:00:00,6.33,6.66,6.295,6.53,6.53,2038567,6.66,6.295,6.33,2038567,0.0,1.0
2024-08-26 00:00:00,6.61,6.63,6.505,6.51,6.51,1060485,6.63,6.505,6.61,1060485,0.0,1.0
2024-08-27 00:00:00,6.48,6.54,6.36,6.48,6.48,1544909,6.54,6.36,6.48,1544909,0.0,1.0
2024-08-28 00:00:00,6.44,6.455,6.305,6.43,6.43,1050617,6.455,6.305,6.44,1050617,0.0,1.0
2024-08-29 00:00:00,6.51,6.55,6.419,6.46,6.46,913570,6.55,6.419,6.51,913570,0.0,1.0
2024-08-30 00:00:00,6.51,6.52,6.395,6.43,6.43,998784,6.52,6.395,6.51,998784,0.0,1.0
2024-09-03 00:00:00,6.33,6.41,6.19,6.22,6.22,1968549,6.41,6.19,6.33,1968549,0.0,1.0
2024-09-04 00:00:00,6.21,6.365,6.13,6.15,6.15,1715111,6.365,6.13,6.21,1715111,0.0,1.0
2024-09-05 00:00:00,6.21,6.2276,6.04,6.08,6.08,1826897,6.2276,6.04,6.21,1826897,0.0,1.0
2024-09-06 00:00:00,6.07,6.14,5.85,5.9,5.9,1984824,6.14,5.85,6.07,1984824,0.0,1.0
2024-09-09 00:00:00,5.9,5.95,5.79,5.85,5.85,1445886,5.95,5.79,5.9,1445886,0.0,1.0
2024-09-10 00:00:00,5.75,5.78,5.43,5.65,5.65,2826442,5.78,5.43,5.75,2826442,0.0,1.0
2024-09-11 00:00:00,5.65,5.67,5.55,5.65,5.65,1394434,5.67,5.55,5.65,1394434,0.0,1.0
2024-09-12 00:00:00,5.7,5.74,5.52,5.55,5.55,1314881,5.74,5.52,5.7,1314881,0.0,1.0
2024-09-13 00:00:00,5.65,5.93,5.625,5.83,5.83,1769046,5.93,5.625,5.65,1769046,0.0,1.0
2024-09-16 00:00:00,5.89,5.95,5.765,5.93,5.93,1313536,5.95,5.765,5.89,1313536,0.0,1.0
2024-09-17 00:00:00,6.0,6.225,5.995,6.13,6.13,1106741,6.225,5.995,6.0,1106741,0.0,1.0
2024-09-18 00:00:00,6.13,6.34,6.08,6.08,6.08,1613544,6.34,6.08,6.13,1613544,0.0,1.0
2024-09-19 00:00:00,6.3,6.315,6.205,6.28,6.28,1001913,6.315,6.205,6.3,1001913,0.0,1.0
2024-09-20 00:00:00,6.19,6.225,6.08,6.1,6.1,3834940,6.225,6.08,6.19,3834940,0.0,1.0
2024-09-23 00:00:00,6.14,6.15,6.05,6.08,6.08,1146534,6.15,6.05,6.14,1146534,0.0,1.0
2024-09-24 00:00:00,6.16,6.21,6.105,6.12,6.12,1372931,6.21,6.105,6.16,1372931,0.0,1.0
2024-09-25 00:00:00,6.06,6.15,6.01,6.1,6.1,1391748,6.15,6.01,6.06,1391748,0.0,1.0
2024-09-26 00:00:00,6.22,6.35,6.18,6.18,6.18,1833245,6.35,6.18,6.22,1833245,0.0,1.0
2024-09-27 00:00:00,6.29,6.62,6.25,6.38,6.38,2813385,6.62,6.25,6.29,2813385,0.0,1.0
2024-09-30 00:00:00,6.17,6.25,6.1,6.18,6.18,1705410,6.25,6.1,6.17,1705410,0.0,1.0
2024-10-01 00:00:00,6.14,6.17,6.03,6.08,6.08,1737849,6.17,6.03,6.14,1737849,0.0,1.0
2024-10-02 00:00:00,6.04,6.25,6.04,6.25,6.25,1171196,6.25,6.04,6.04,1171196,0.0,1.0
2024-10-03 00:00:00,6.16,6.195,6.03,6.1,6.1,1241550,6.195,6.03,6.16,1241550,0.0,1.0
2024-10-04 00:00:00,6.22,6.3,6.115,6.26,6.26,1188365,6.3,6.115,6.22,1188365,0.0,1.0
2024-10-07 00:00:00,6.24,6.2591,6.05,6.11,6.11,1182827,6.2591,6.05,6.24,1182827,0.0,1.0
2024-10-08 00:00:00,6.11,6.11,5.96,5.98,5.98,1350718,6.11,5.96,6.11,1350718,0.0,1.0
2024-10-09 00:00:00,5.95,6.08,5.94,6.0,6.0,855018,6.08,5.94,5.95,855018,0.0,1.0
2024-10-10 00:00:00,5.96,6.03,5.905,6.01,6.01,1633701,6.03,5.905,5.96,1633701,0.0,1.0
2024-10-11 00:00:00,6.01,6.17,6.01,6.13,6.13,688985,6.17,6.01,6.01,688985,0.0,1.0
2024-10-14 00:00:00,6.09,6.15,6.02,6.14,6.14,1201005,6.15,6.02,6.09,1201005,0.0,1.0
2024-10-15 00:00:00,6.08,6.17,6.03,6.03,6.03,977121,6.17,6.03,6.08,977121,0.0,1.0
2024-10-16 00:00:00,6.1,6.22,6.05,6.18,6.18,1514612,6.22,6.05,6.1,1514612,0.0,1.0
2024-10-17 00:00:00,6.19,6.315,6.13,6.29,6.29,1173842,6.315,6.13,6.19,1173842,0.0,1.0
2024-10-18 00:00:00,6.5,6.55,6.27,6.31,6.31,2163674,6.55,6.27,6.5,2163674,0.0,1.0
2024-10-21 00:00:00,6.29,6.31,6.184,6.22,6.22,1361837,6.31,6.184,6.29,1361837,0.0,1.0
2024-10-22 00:00:00,6.21,6.24,6.04,6.05,6.05,1313846,6.24,6.04,6.21,1313846,0.0,1.0
2024-10-23 00:00:00,6.02,6.075,5.955,6.04,6.04,1074407,6.075,5.955,6.02,1074407,0.0,1.0
2024-10-24 00:00:00,6.13,6.16,5.95,6.14,6.14,2021338,6.16,5.95,6.13,2021338,0.0,1.0
2024-10-25 00:00:00,6.21,6.24,6.0,6.0,6.0,1305633,6.24,6.0,6.21,1305633,0.0,1.0
2024-10-28 00:00:00,6.05,6.31,6.03,6.3,6.3,2532093,6.31,6.03,6.05,2532093,0.0,1.0
2024-10-29 00:00:00,6.19,6.22,6.08,6.11,6.11,1079318,6.22,6.08,6.19,1079318,0.0,1.0
2024-10-30 00:00:00,6.02,6.035,5.8,5.81,5.81,1799045,6.035,5.8,6.02,1799045,0.0,1.0
2024-10-31 00:00:00,5.78,5.81,5.65,5.65,5.65,1675776,5.81,5.65,5.78,1675776,0.0,1.0
2024-11-01 00:00:00,5.7,5.84,5.7,5.76,5.76,2052796,5.84,5.7,5.7,2052796,0.0,1.0
2024-11-04 00:00:00,5.75,5.8892,5.75,5.8,5.8,1933431,5.8892,5.75,5.75,1933431,0.0,1.0
2024-11-05 00:00:00,5.74,5.95,5.71,5.88,5.88,1898664,5.95,5.71,5.74,1898664,0.0,1.0
2024-11-06 00:00:00,6.25,6.39,6.11,6.2,6.2,1958741,6.39,6.11,6.25,1958741,0.0,1.0
2024-11-07 00:00:00,6.25,6.34,6.165,6.22,6.22,2816885,6.34,6.165,6.25,2816885,0.0,1.0
2024-11-08 00:00:00,6.515,6.78,6.24,6.77,6.77,3467553,6.78,6.24,6.515,3467553,0.0,1.0
2024-11-11 00:00:00,6.71,6.79,6.56,6.71,6.71,1600274,6.79,6.56,6.71,1600274,0.0,1.0
2024-11-12 00:00:00,6.64,6.72,6.5,6.54,6.54,2432146,6.72,6.5,6.64,2432146,0.0,1.0
2024-11-13 00:00:00,6.63,6.785,6.5,6.51,6.51,2071296,6.785,6.5,6.63,2071296,0.0,1.0
2024-11-14 00:00:00,6.54,6.58,6.175,6.28,6.28,2268938,6.58,6.175,6.54,2268938,0.0,1.0
2024-11-15 00:00:00,6.32,6.41,6.055,6.31,6.31,2523465,6.41,6.055,6.32,2523465,0.0,1.0
2024-11-18 00:00:00,6.3,6.322,6.19,6.19,6.19,1122361,6.322,6.19,6.3,1122361,0.0,1.0
2024-11-19 00:00:00,6.09,6.19,6.08,6.15,6.15,934851,6.19,6.08,6.09,934851,0.0,1.0
2024-11-20 00:00:00,6.1,6.2,6.04,6.19,6.19,1030834,6.2,6.04,6.1,1030834,0.0,1.0
2024-11-21 00:00:00,6.24,6.4,6.14,6.38,6.38,1386151,6.4,6.14,6.24,1386151,0.0,1.0
2024-11-22 00:00:00,6.44,6.615,6.41,6.52,6.52,1349517,6.615,6.41,6.44,1349517,0.0,1.0
2024-11-25 00:00:00,6.66,6.88,6.645,6.82,6.82,1688759,6.88,6.645,6.66,1688759,0.0,1.0
2024-11-26 00:00:00,6.73,6.8399,6.585,6.63,6.63,1842110,6.8399,6.585,6.73,1842110,0.0,1.0
2024-11-27 00:00:00,6.66,6.84,6.64,6.7,6.7,1052899,6.84,6.64,6.66,1052899,0.0,1.0
2024-11-29 00:00:00,6.74,6.76,6.61,6.61,6.61,918955,6.76,6.61,6.74,918955,0.0,1.0
2024-12-02 00:00:00,6.67,6.92,6.62,6.83,6.83,2254804,6.92,6.62,6.67,2254804,0.0,1.0
2024-12-03 00:00:00,6.81,6.84,6.695,6.77,6.77,994659,6.84,6.695,6.81,994659,0.0,1.0
2024-12-04 00:00:00,6.78,6.94,6.78,6.87,6.87,1069617,6.94,6.78,6.78,1069617,0.0,1.0
2024-12-05 00:00:00,6.9,6.99,6.63,6.67,6.67,950192,6.99,6.63,6.9,950192,0.0,1.0
2024-12-06 00:00:00,6.79,6.79,6.58,6.63,6.63,1227777,6.79,6.58,6.79,1227777,0.0,1.0
2024-12-09 00:00:00,6.74,7.0288,6.74,6.84,6.84,1188791,7.0288,6.74,6.74,1188791,0.0,1.0
2024-12-10 00:00:00,6.87,6.88,6.73,6.83,6.83,1756917,6.88,6.73,6.87,1756917,0.0,1.0
2024-12-11 00:00:00,6.89,6.89,6.75,6.88,6.88,1268975,6.89,6.75,6.89,1268975,0.0,1.0
2024-12-12 00:00:00,6.87,6.895,6.69,6.76,6.76,1152882,6.895,6.69,6.87,1152882,0.0,1.0
2024-12-13 00:00:00,6.74,6.74,6.5101,6.61,6.61,1560316,6.74,6.5101,6.74,1560316,0.0,1.0
2024-12-16 00:00:00,6.51,6.555,6.34,6.37,6.37,1444127,6.555,6.34,6.51,1444127,0.0,1.0
2024-12-17 00:00:00,6.28,6.38,6.23,6.29,6.29,1264056,6.38,6.23,6.28,1264056,0.0,1.0
2024-12-18 00:00:00,6.33,6.38,5.9,5.98,5.98,1858833,6.38,5.9,6.33,1858833,0.0,1.0
2024-12-19 00:00:00,6.06,6.14,5.875,5.89,5.89,1497846,6.14,5.875,6.06,1497846,0.0,1.0
2024-12-20 00:00:00,5.82,6.06,5.74,5.78,5.78,4445268,6.06,5.74,5.82,4445268,0.0,1.0
2024-12-23 00:00:00,5.75,5.83,5.69,5.75,5.75,1279746,5.83,5.69,5.75,1279746,0.0,1.0
2024-12-24 00:00:00,5.8,5.9,5.76,5.89,5.89,911859,5.9,5.76,5.8,911859,0.0,1.0
2024-12-26 00:00:00,5.81,6.025,5.78,5.99,5.99,1495553,6.025,5.78,5.81,1495553,0.0,1.0
2024-12-27 00:00:00,5.96,6.04,5.84,5.86,5.86,1326698,6.04,5.84,5.96,1326698,0.0,1.0
2024-12-30 00:00:00,5.81,5.815,5.6,5.78,5.78,1362776,5.815,5.6,5.81,1362776,0.0,1.0
2024-12-31 00:00:00,5.82,6.0,5.81,5.83,5.83,1476738,6.0,5.81,5.82,1476738,0.0,1.0
2025-01-02 00:00:00,5.87,5.93,5.71,5.76,5.76,1384227,5.93,5.71,5.87,1384227,0.0,1.0
2025-01-03 00:00:00,5.79,5.81,5.66,5.76,5.76,1745804,5.81,5.66,5.79,1745804,0.0,1.0
2025-01-06 00:00:00,5.84,6.005,5.81,5.84,5.84,1618531,6.005,5.81,5.84,1618531,0.0,1.0
2025-01-07 00:00:00,5.87,5.99,5.78,5.84,5.84,1317624,5.99,5.78,5.87,1317624,0.0,1.0
2025-01-08 00:00:00,5.76,5.76,5.635,5.71,5.71,1354361,5.76,5.635,5.76,1354361,0.0,1.0
2025-01-10 00:00:00,5.59,5.61,5.47,5.55,5.55,2143073,5.61,5.47,5.59,2143073,0.0,1.0
2025-01-13 00:00:00,5.5,5.55,5.41,5.44,5.44,1967144,5.55,5.41,5.5,1967144,0.0,1.0
2025-01-14 00:00:00,5.62,5.88,5.535,5.86,5.86,2343600,5.88,5.535,5.62,2343600,0.0,1.0
2025-01-15 00:00:00,6.05,6.1029,5.84,5.85,5.85,1065447,6.1029,5.84,6.05,1065447,0.0,1.0
2025-01-16 00:00:00,5.9,6.01,5.815,5.99,5.99,1302586,6.01,5.815,5.9,1302586,0.0,1.0
2025-01-17 00:00:00,6.07,6.09,5.87,5.89,5.89,1196844,6.09,5.87,6.07,1196844,0.0,1.0
2025-01-21 00:00:00,5.9,5.975,5.76,5.91,5.91,1317073,5.975,5.76,5.9,1317073,0.0,1.0
2025-01-22 00:00:00,5.86,5.885,5.62,5.67,5.67,2013014,5.885,5.62,5.86,2013014,0.0,1.0
2025-01-23 00:00:00,5.62,5.76,5.62,5.72,5.72,1315169,5.76,5.62,5.62,1315169,0.0,1.0
2025-01-24 00:00:00,5.75,5.91,5.75,5.86,5.86,1453430,5.91,5.75,5.75,1453430,0.0,1.0
2025-01-27 00:00:00,5.84,5.955,5.83,5.85,5.85,1143926,5.955,5.83,5.84,1143926,0.0,1.0
2025-01-28 00:00:00,5.84,5.88,5.775,5.82,5.82,836126,5.88,5.775,5.84,836126,0.0,1.0
2025-01-29 00:00:00,5.24,5.7,5.15,5.24,5.24,6816491,5.7,5.15,5.24,6816491,0.0,1.0
2025-01-30 00:00:00,5.3,5.48,5.22,5.41,5.41,3970701,5.48,5.22,5.3,3970701,0.0,1.0
2025-01-31 00:00:00,5.22,5.415,5.11,5.23,5.23,3938776,5.415,5.11,5.22,3938776,0.0,1.0
2025-02-03 00:00:00,5.01,5.07,4.8,4.95,4.95,3888400,5.07,4.8,5.01,3888400,0.0,1.0
2025-02-04 00:00:00,4.91,5.13,4.86,5.09,5.09,3390533,5.13,4.86,4.91,3390533,0.0,1.0
2025-02-05 00:00:00,5.05,5.145,5.021,5.12,5.12,1807710,5.145,5.021,5.05,1807710,0.0,1.0
2025-02-06 00:00:00,5.18,5.25,5.07,5.12,5.12,1883424,5.25,5.07,5.18,1883424,0.0,1.0
2025-02-07 00:00:00,5.13,5.135,4.985,5.04,5.04,1125165,5.135,4.985,5.13,1125165,0.0,1.0
2025-02-10 00:00:00,5.08,5.08,4.9,4.9,4.9,1868158,5.08,4.9,5.08,1868158,0.0,1.0
2025-02-11 00:00:00,4.82,4.93,4.81,4.87,4.87,1554705,4.93,4.81,4.82,1554705,0.0,1.0
2025-02-12 00:00:00,4.78,4.8,4.7,4.72,4.72,1515928,4.8,4.7,4.78,1515928,0.0,1.0
2025-02-13 00:00:00,4.82,4.84,4.71,4.75,4.75,3228687,4.84,4.71,4.82,3228687,0.0,1.0
2025-02-14 00:00:00,5.32,5.4252,5.12,5.15,5.15,6302109,5.4252,5.12,5.32,6302109,0.0,1.0
2025-02-18 00:00:00,5.29,5.875,5.2,5.78,5.78,6619484,5.875,5.2,5.29,6619484,0.0,1.0
2025-02-19 00:00:00,5.7,5.93,5.65,5.85,5.85,3182613,5.93,5.65,5.7,3182613,0.0,1.0
2025-02-20 00:00:00,5.85,5.91,5.68,5.88,5.88,2393442,5.91,5.68,5.85,2393442,0.0,1.0
2025-02-21 00:00:00,5.98,5.98,5.6,5.6,5.6,1627973,5.98,5.6,5.98,1627973,0.0,1.0
2025-02-24 00:00:00,5.58,5.585,5.36,5.43,5.43,2204668,5.585,5.36,5.58,2204668,0.0,1.0
2025-02-25 00:00:00,5.49,5.49,5.14,5.25,5.25,3103131,5.49,5.14,5.49,3103131,0.0,1.0
2025-02-26 00:00:00,5.22,5.41,5.18,5.29,5.29,2820183,5.41,5.18,5.22,2820183,0.0,1.0
2025-02-27 00:00:00,5.21,5.3,4.895,5.0,5.0,2418294,5.3,4.895,5.21,2418294,0.0,1.0
2025-02-28 00:00:00,4.98,5.12,4.8905,4.96,4.96,2293663,5.12,4.8905,4.98,2293663,0.0,1.0
2025-03-03 00:00:00,5.03,5.09,4.75,4.75,4.75,2429070,5.09,4.75,5.03,2429070,0.0,1.0
2025-03-04 00:00:00,4.65,4.65,4.45,4.55,4.55,3621981,4.65,4.45,4.65,3621981,0.0,1.0
2025-03-05 00:00:00,4.56,4.745,4.5,4.67,4.67,4215807,4.745,4.5,4.56,4215807,0.0,1.0
2025-03-06 00:00:00,4.56,4.79,4.56,4.79,4.79,3401694,4.79,4.56,4.56,3401694,0.0,1.0
2025-03-07 00:00:00,4.67,4.75,4.56,4.67,4.67,2288578,4.75,4.56,4.67,2288578,0.0,1.0
2025-03-10 00:00:00,4.61,4.69,4.49,4.59,4.59,2343104,4.69,4.49,4.61,2343104,0.0,1.0
2025-03-11 00:00:00,4.59,4.61,4.4544,4.55,4.55,1641311,4.61,4.4544,4.59,1641311,0.0,1.0
2025-03-12 00:00:00,4.58,4.59,4.44,4.5,4.5,1674484,4.59,4.44,4.58,1674484,0.0,1.0
2025-03-13 00:00:00,4.48,4.565,4.39,4.43,4.43,3043791,4.565,4.39,4.48,3043791,0.0,1.0
2025-03-14 00:00:00,4.48,4.55,4.425,4.5,4.5,1961095,4.55,4.425,4.48,1961095,0.0,1.0
2025-03-17 00:00:00,4.5,4.61,4.5,4.56,4.56,2028163,4.61,4.5,4.5,2028163,0.0,1.0
2025-03-18 00:00:00,4.5,4.67,4.495,4.56,4.56,1688463,4.67,4.495,4.5,1688463,0.0,1.0
2025-03-19 00:00:00,4.55,4.67,4.51,4.61,4.61,3179892,4.67,4.51,4.55,3179892,0.0,1.0
2025-03-20 00:00:00,4.54,4.68,4.53,4.64,4.64,1963567,4.68,4.53,4.54,1963567,0.0,1.0
2025-03-21 00:00:00,4.53,4.6,4.38,4.45,4.45,5282533,4.6,4.38,4.53,5282533,0.0,1.0
2025-03-24 00:00:00,4.53,4.62,4.49,4.56,4.56,2115344,4.62,4.49,4.53,2115344,0.0,1.0
2025-03-25 00:00:00,4.58,4.63,4.49,4.5,4.5,2230147,4.63,4.49,4.58,2230147,0.0,1.0
2025-03-26 00:00:00,4.51,4.52,4.3,4.49,4.49,2728190,4.52,4.3,4.51,2728190,0.0,1.0
2025-03-27 00:00:00,4.45,4.45,4.2,4.31,4.31,2712896,4.45,4.2,4.45,2712896,0.0,1.0
2025-03-28 00:00:00,4.28,4.28,4.075,4.12,4.12,1900201,4.28,4.075,4.28,1900201,0.0,1.0
2025-03-31 00:00:00,4.03,4.1125,3.94,4.07,4.07,2337821,4.1125,3.94,4.03,2337821,0.0,1.0
2025-04-01 00:00:00,3.89,4.0,3.83,3.92,3.92,2571976,4.0,3.83,3.89,2571976,0.0,1.0
2025-04-02 00:00:00,3.78,3.985,3.72,3.95,3.95,1885445,3.985,3.72,3.78,1885445,0.0,1.0
2025-04-03 00:00:00,3.77,3.8,3.55,3.57,3.57,2799720,3.8,3.55,3.77,2799720,0.0,1.0
2025-04-04 00:00:00,3.38,3.46,3.17,3.41,3.41,3529896,3.46,3.17,3.38,3529896,0.0,1.0
2025-04-07 00:00:00,3.36,3.475,3.06,3.19,3.19,3898350,3.475,3.06,3.36,3898350,0.0,1.0
2025-04-08 00:00:00,3.31,3.3265,3.03,3.11,3.11,2872400,3.3265,3.03,3.31,2872400,0.0,1.0
2025-04-09 00:00:00,3.06,3.505,3.015,3.46,3.46,3816790,3.505,3.015,3.06,3816790,0.0,1.0
2025-04-10 00:00:00,3.33,3.35,3.01,3.12,3.12,3299944,3.35,3.01,3.33,3299944,0.0,1.0
2025-04-11 00:00:00,3.11,3.18,3.02,3.1,3.1,1908646,3.18,3.02,3.11,1908646,0.0,1.0
2025-04-14 00:00:00,3.16,3.24,3.0,3.16,3.16,4197969,3.24,3.0,3.16,4197969,0.0,1.0
2025-04-15 00:00:00,3.14,3.22,3.1,3.22,3.22,2814490,3.22,3.1,3.14,2814490,0.0,1.0
2025-04-16 00:00:00,3.21,3.275,3.16,3.22,3.22,2660202,3.275,3.16,3.21,2660202,0.0,1.0
2025-04-17 00:00:00,3.24,3.36,3.23,3.34,3.34,2204616,3.36,3.23,3.24,2204616,0.0,1.0
2025-04-21 00:00:00,3.29,3.35,3.2,3.33,3.33,2392403,3.35,3.2,3.29,2392403,0.0,1.0
2025-04-22 00:00:00,3.38,3.42,3.275,3.37,3.37,2363096,3.42,3.275,3.38,2363096,0.0,1.0
2025-04-23 00:00:00,3.47,3.55,3.37,3.39,3.39,2512333,3.55,3.37,3.47,2512333,0.0,1.0
2025-04-24 00:00:00,3.39,3.71,3.38,3.7,3.7,3525062,3.71,3.38,3.39,3525062,0.0,1.0
2025-04-25 00:00:00,3.64,3.74,3.605,3.73,3.73,2528162,3.74,3.605,3.64,2528162,0.0,1.0
2025-04-28 00:00:00,3.75,3.85,3.72,3.76,3.76,1848841,3.85,3.72,3.75,1848841,0.0,1.0
2025-04-29 00:00:00,3.75,3.87,3.68,3.84,3.84,2505682,3.87,3.68,3.75,2505682,0.0,1.0
2025-04-30 00:00:00,3.76,3.87,3.72,3.82,3.82,2499691,3.87,3.72,3.76,2499691,0.0,1.0
2025-05-01 00:00:00,3.9,3.97,3.765,3.8,3.8,4181155,3.97,3.765,3.9,4181155,0.0,1.0
2025-05-02 00:00:00,3.86,4.24,3.85,3.99,3.99,3936876,4.24,3.85,3.86,3936876,0.0,1.0
2025-05-05 00:00:00,4.09,4.42,3.975,4.29,4.29,4005515,4.42,3.975,4.09,4005515,0.0,1.0
2025-05-06 00:00:00,4.19,4.225,4.075,4.15,4.15,4610289,4.225,4.075,4.19,4610289,0.0,1.0
2025-05-07 00:00:00,4.16,4.16,4.0411,4.13,4.13,3006392,4.16,4.0411,4.16,3006392,0.0,1.0
2025-05-08 00:00:00,4.17,4.385,4.09,4.33,4.33,4662988,4.385,4.09,4.17,4662988,0.0,1.0
2025-05-09 00:00:00,4.38,4.395,4.26,4.28,4.28,3316669,4.395,4.26,4.38,3316669,0.0,1.0
2025-05-12 00:00:00,4.56,4.675,4.4,4.59,4.59,4113485,4.675,4.4,4.56,4113485,0.0,1.0
2025-05-13 00:00:00,4.65,4.74,4.61,4.72,4.72,2992686,4.74,4.61,4.65,2992686,0.0,1.0
2025-05-14 00:00:00,4.7,4.745,4.66,4.72,4.72,1755084,4.745,4.66,4.7,1755084,0.0,1.0
2025-05-15 00:00:00,4.66,4.67,4.49,4.5,4.5,1816487,4.67,4.49,4.66,1816487,0.0,1.0
2025-05-16 00:00:00,4.52,4.555,4.4301,4.48,4.48,2355381,4.555,4.4301,4.52,2355381,0.0,1.0
2025-05-19 00:00:00,4.38,4.565,4.33,4.53,4.53,2683137,4.565,4.33,4.38,2683137,0.0,1.0
2025-05-20 00:00:00,4.5,4.575,4.46,4.57,4.57,2430854,4.575,4.46,4.5,2430854,0.0,1.0
2025-05-21 00:00:00,4.46,4.5,4.36,4.38,4.38,2218639,4.5,4.36,4.46,2218639,0.0,1.0
2025-05-22 00:00:00,4.36,4.4599,4.325,4.38,4.38,1928216,4.4599,4.325,4.36,1928216,0.0,1.0
2025-05-23 00:00:00,4.24,4.33,4.21,4.28,4.28,2759393,4.33,4.21,4.24,2759393,0.0,1.0
2025-05-27 00:00:00,4.37,4.43,4.31,4.43,4.43,2159125,4.43,4.31,4.37,2159125,0.0,1.0
2025-05-28 00:00:00,4.44,4.48,4.36,4.45,4.45,2026766,4.48,4.36,4.44,2026766,0.0,1.0
2025-05-29 00:00:00,4.52,4.52,4.36,4.46,4.46,2165954,4.52,4.36,4.52,2165954,0.0,1.0
2025-05-30 00:00:00,4.45,4.46,4.36,4.39,4.39,4414560,4.46,4.36,4.45,4414560,0.0,1.0
2025-06-02 00:00:00,4.35,4.42,4.29,4.33,4.33,2355771,4.42,4.29,4.35,2355771,0.0,1.0
2025-06-03 00:00:00,4.32,4.46,4.2996,4.4,4.4,1675976,4.46,4.2996,4.32,1675976,0.0,1.0
2025-06-04 00:00:00,4.4,4.425,4.28,4.29,4.29,2017109,4.425,4.28,4.4,2017109,0.0,1.0
2025-06-05 00:00:00,4.27,4.27,4.07,4.23,4.23,4441851,4.27,4.07,4.27,4441851,0.0,1.0
2025-06-06 00:00:00,4.36,4.37,4.275,4.29,4.29,2261403,4.37,4.275,4.36,2261403,0.0,1.0
2025-06-09 00:00:00,4.31,4.4205,4.25,4.26,4.26,2099570,4.4205,4.25,4.31,2099570,0.0,1.0
2025-06-10 00:00:00,4.31,4.44,4.22,4.41,4.41,2622987,4.44,4.22,4.31,2622987,0.0,1.0
2025-06-11 00:00:00,4.52,4.58,4.39,4.53,4.53,3924918,4.58,4.39,4.52,3924918,0.0,1.0
2025-06-12 00:00:00,4.43,4.47,4.385,4.44,4.44,2839938,4.47,4.385,4.43,2839938,0.0,1.0
2025-06-13 00:00:00,4.3,4.37,4.12,4.14,4.14,2382458,4.37,4.12,4.3,2382458,0.0,1.0
2025-06-16 00:00:00,4.24,4.395,4.2101,4.32,4.32,2715806,4.395,4.2101,4.24,2715806,0.0,1.0
2025-06-17 00:00:00,4.24,4.34,4.21,4.23,4.23,2256642,4.34,4.21,4.24,2256642,0.0,1.0
2025-06-18 00:00:00,4.19,4.34,4.16,4.29,4.29,4395682,4.34,4.16,4.19,4395682,0.0,1.0
2025-06-20 00:00:00,4.33,4.33,4.11,4.19,4.19,7228360,4.33,4.11,4.33,7228360,0.0,1.0
2025-06-23 00:00:00,4.11,4.14,3.95,4.1,4.1,3796910,4.14,3.95,4.11,3796910,0.0,1.0
2025-06-24 00:00:00,4.19,4.28,4.15,4.18,4.18,2554221,4.28,4.15,4.19,2554221,0.0,1.0
2025-06-25 00:00:00,4.14,4.175,4.05,4.12,4.12,2503068,4.175,4.05,4.14,2503068,0.0,1.0
2025-06-26 00:00:00,4.13,4.23,4.11,4.2,4.2,2569509,4.23,4.11,4.13,2569509,0.0,1.0
2025-06-27 00:00:00,4.21,4.21,4.08,4.18,4.18,5686633,4.21,4.08,4.21,5686633,0.0,1.0
2025-06-30 00:00:00,4.16,4.16,4.05,4.08,4.08,3995354,4.16,4.05,4.16,3995354,0.0,1.0
2025-07-01 00:00:00,4.03,4.255,3.94,4.25,4.25,6001539,4.255,3.94,4.03,6001539,0.0,1.0
2025-07-02 00:00:00,4.29,4.39,4.25,4.38,4.38,4240432,4.39,4.25,4.29,4240432,0.0,1.0
2025-07-03 00:00:00,4.39,4.46,4.34,4.38,4.38,2727930,4.46,4.34,4.39,2727930,0.0,1.0
2025-07-07 00:00:00,4.31,4.455,4.2617,4.34,4.34,4769761,4.455,4.2617,4.31,4769761,0.0,1.0
2025-07-08 00:00:00,4.37,4.415,4.28,4.36,4.36,2612529,4.415,4.28,4.37,2612529,0.0,1.0
2025-07-09 00:00:00,4.41,4.46,4.32,4.45,4.45,2158297,4.46,4.32,4.41,2158297,0.0,1.0
2025-07-10 00:00:00,4.48,4.49,4.435,4.46,4.46,1736090,4.49,4.435,4.48,1736090,0.0,1.0
2025-07-11 00:00:00,4.42,4.47,4.33,4.41,4.41,2521656,4.47,4.33,4.42,2521656,0.0,1.0
2025-07-14 00:00:00,4.84,4.93,4.63,4.82,4.82,5017357,4.93,4.63,4.84,5017357,0.0,1.0
2025-07-15 00:00:00,4.85,4.9553,4.765,4.78,4.78,3104259,4.9553,4.765,4.85,3104259,0.0,1.0
2025-07-16 00:00:00,4.82,4.86,4.71,4.85,4.85,3037769,4.86,4.71,4.82,3037769,0.0,1.0
2025-07-17 00:00:00,4.81,4.96,4.77,4.77,4.77,2806259,4.96,4.77,4.81,2806259,0.0,1.0
2025-07-18 00:00:00,4.8,4.825,4.5,4.55,4.55,2865667,4.825,4.5,4.8,2865667,0.0,1.0
2025-07-21 00:00:00,4.61,4.72,4.5241,4.53,4.53,2297598,4.72,4.5241,4.61,2297598,0.0,1.0
2025-07-22 00:00:00,4.53,4.73,4.53,4.68,4.68,5096620,4.73,4.53,4.53,5096620,0.0,1.0
2025-07-23 00:00:00,4.8,4.945,4.74,4.94,4.94,5762006,4.945,4.74,4.8,5762006,0.0,1.0
2025-07-24 00:00:00,4.84,4.8999,4.775,4.85,4.85,4125090,4.8999,4.775,4.84,4125090,0.0,1.0
2025-07-25 00:00:00,4.87,4.94,4.745,4.93,4.93,3859585,4.94,4.745,4.87,3859585,0.0,1.0
2025-07-28 00:00:00,4.9,4.93,4.83,4.89,4.89,2978040,4.93,4.83,4.9,2978040,0.0,1.0
2025-07-29 00:00:00,4.9,4.92,4.64,4.64,4.64,2406825,4.92,4.64,4.9,2406825,0.0,1.0
2025-07-30 00:00:00,4.61,4.63,4.39,4.42,4.42,4181491,4.63,4.39,4.61,4181491,0.0,1.0
2025-07-31 00:00:00,4.36,4.485,4.3,4.45,4.45,3862672,4.485,4.3,4.36,3862672,0.0,1.0
2025-08-01 00:00:00,4.39,4.43,4.27,4.31,4.31,2514202,4.43,4.27,4.39,2514202,0.0,1.0
2025-08-04 00:00:00,4.36,4.39,4.31,4.35,4.35,1579473,4.39,4.31,4.36,1579473,0.0,1.0
2025-08-05 00:00:00,4.4,4.44,4.255,4.43,4.43,4750221,4.44,4.255,4.4,4750221,0.0,1.0
2025-08-06 00:00:00,4.43,4.51,4.39,4.5,4.5,3468713,4.51,4.39,4.43,3468713,0.0,1.0
2025-08-07 00:00:00,4.6,4.64,4.51,4.58,4.58,3523467,4.64,4.51,4.6,3523467,0.0,1.0
2025-08-08 00:00:00,4.47,5.325,4.47,5.28,5.28,7660738,5.325,4.47,4.47,7660738,0.0,1.0
2025-08-11 00:00:00,5.28,5.605,5.185,5.54,5.54,5341655,5.605,5.185,5.28,5341655,0.0,1.0
2025-08-12 00:00:00,5.63,5.755,5.53,5.71,5.71,5296656,5.755,5.53,5.63,5296656,0.0,1.0
2025-08-13 00:00:00,5.76,5.8897,5.715,5.82,5.82,4456097,5.8897,5.715,5.76,4456097,0.0,1.0
2025-08-14 00:00:00,5.71,5.835,5.68,5.82,5.82,4567501,5.835,5.68,5.71,4567501,0.0,1.0
2025-08-15 00:00:00,5.87,5.87,5.68,5.74,5.74,2925974,5.87,5.68,5.87,2925974,0.0,1.0
2025-08-18 00:00:00,5.73,5.76,5.46,5.55,5.55,3605491,5.76,5.46,5.73,3605491,0.0,1.0
2025-08-19 00:00:00,5.63,5.69,5.5,5.6,5.6,2398570,5.69,5.5,5.63,2398570,0.0,1.0
2025-08-20 00:00:00,5.52,5.62,5.475,5.61,5.61,3268794,5.62,5.475,5.52,3268794,0.0,1.0
2025-08-21 00:00:00,5.42,5.725,5.4,5.7,5.7,4761900,5.725,5.4,5.42,4761900,0.0,1.0
2025-08-22 00:00:00,5.74,6.025,5.72,5.83,5.83,3491835,6.025,5.72,5.74,3491835,0.0,1.0
2025-08-25 00:00:00,5.78,5.925,5.77,5.88,5.88,1603861,5.925,5.77,5.78,1603861,0.0,1.0
2025-08-26 00:00:00,5.9,5.96,5.85,5.9,5.9,1946177,5.96,5.85,5.9,1946177,0.0,1.0
2025-08-27 00:00:00,5.85,6.17,5.85,6.01,6.01,3391421,6.17,5.85,5.85,3391421,0.0,1.0
2025-08-28 00:00:00,6.04,6.04,5.83,5.97,5.97,3313043,6.04,5.83,6.04,3313043,0.0,1.0
2025-08-29 00:00:00,5.92,5.92,5.6701,5.82,5.82,11904720,5.92,5.6701,5.92,11904720,0.0,1.0
2025-09-02 00:00:00,5.8,6.09,5.7502,5.96,5.96,6511889,6.09,5.7502,5.8,6511889,0.0,1.0
2025-09-03 00:00:00,5.94,6.029,5.82,5.96,5.96,4003252,6.029,5.82,5.94,4003252,0.0,1.0
2025-09-04 00:00:00,5.96,6.07,5.89,5.98,5.98,2287792,6.07,5.89,5.96,2287792,0.0,1.0
2025-09-05 00:00:00,5.94,6.115,5.875,5.95,5.95,4027726,6.115,5.875,5.94,4027726,0.0,1.0
2025-09-08 00:00:00,5.98,6.15,5.945,6.09,6.09,3695463,6.15,5.945,5.98,3695463,0.0,1.0
2025-09-09 00:00:00,5.9,6.035,5.9,5.99,5.99,2842329,6.035,5.9,5.9,2842329,0.0,1.0
2025-09-10 00:00:00,5.97,5.98,5.86,5.93,5.93,2390841,5.98,5.86,5.97,2390841,0.0,1.0
2025-09-11 00:00:00,5.95,6.14,5.92,6.05,6.05,2983652,6.14,5.92,5.95,2983652,0.0,1.0
2025-09-12 00:00:00,6.03,6.04,5.87,5.87,5.87,2356514,6.04,5.87,6.03,2356514,0.0,1.0
2025-09-15 00:00:00,5.88,6.235,5.8038,6.22,6.22,4812911,6.235,5.8038,5.88,4812911,0.0,1.0
2025-09-16 00:00:00,6.22,6.27,6.0802,6.26,6.26,2537538,6.27,6.0802,6.22,2537538,0.0,1.0
2025-09-17 00:00:00,6.23,6.52,6.19,6.26,6.26,2973300,6.52,6.19,6.23,2973300,0.0,1.0
2025-09-18 00:00:00,6.37,6.445,6.245,6.31,6.31,4739227,6.445,6.245,6.37,4739227,0.0,1.0
2025-09-19 00:00:00,6.31,6.34,6.17,6.19,6.19,8804253,6.34,6.17,6.31,8804253,0.0,1.0
2025-09-22 00:00:00,6.18,6.23,6.01,6.05,6.05,2490911,6.23,6.01,6.18,2490911,0.0,1.0
2025-09-23 00:00:00,6.16,6.16,5.94,6.0,6.0,3019598,6.16,5.94,6.16,3019598,0.0,1.0
2025-09-24 00:00:00,6.0,6.2,6.0,6.05,6.05,2034234,6.2,6.0,6.0,2034234,0.0,1.0
2025-09-25 00:00:00,6.02,6.16,5.95,6.15,6.15,2969427,6.16,5.95,6.02,2969427,0.0,1.0
2025-09-26 00:00:00,6.13,6.22,6.09,6.18,6.18,2056910,6.22,6.09,6.13,2056910,0.0,1.0
2025-09-29 00:00:00,6.24,6.24,5.92,6.03,6.03,3432892,6.24,5.92,6.24,3432892,0.0,1.0
2025-09-30 00:00:00,6.0,6.095,5.93,6.01,6.01,2131026,6.095,5.93,6.0,2131026,0.0,1.0
2025-10-01 00:00:00,5.99,6.055,5.89,5.91,5.91,2618685,6.055,5.89,5.99,2618685,0.0,1.0
2025-10-02 00:00:00,5.96,6.21,5.96,6.08,6.08,2561341,6.21,5.96,5.96,2561341,0.0,1.0
2025-10-03 00:00:00,6.1,6.28,6.035,6.22,6.22,2999880,6.28,6.035,6.1,2999880,0.0,1.0
2025-10-06 00:00:00,6.27,6.41,6.16,6.16,6.16,2515717,6.41,6.16,6.27,2515717,0.0,1.0
2025-10-07 00:00:00,6.16,6.18,5.8,5.8,5.8,3702615,6.18,5.8,6.16,3702615,0.0,1.0
2025-10-08 00:00:00,5.84,5.94,5.76,5.88,5.88,3755686,5.94,5.76,5.84,3755686,0.0,1.0
2025-10-09 00:00:00,5.88,5.88,5.53,5.69,5.69,4336927,5.88,5.53,5.88,4336927,0.0,1.0
2025-10-10 00:00:00,5.7,5.8,5.31,5.32,5.32,2659687,5.8,5.31,5.7,2659687,0.0,1.0
2025-10-13 00:00:00,5.44,5.47,5.36,5.41,5.41,2154535,5.47,5.36,5.44,2154535,0.0,1.0
2025-10-14 00:00:00,5.29,5.635,5.29,5.6,5.6,2446206,5.635,5.29,5.29,2446206,0.0,1.0
2025-10-15 00:00:00,5.63,5.77,5.565,5.58,5.58,4588369,5.77,5.565,5.63,4588369,0.0,1.0
2025-10-16 00:00:00,5.56,5.64,5.41,5.52,5.52,2066781,5.64,5.41,5.56,2066781,0.0,1.0
2025-10-17 00:00:00,5.45,5.5,5.37,5.43,5.43,4241334,5.5,5.37,5.45,4241334,0.0,1.0
2025-10-20 00:00:00,5.65,5.745,5.565,5.66,5.66,3275385,5.745,5.565,5.65,3275385,0.0,1.0
2025-10-21 00:00:00,5.68,6.07,5.68,6.03,6.03,5041721,6.07,5.68,5.68,5041721,0.0,1.0
2025-10-22 00:00:00,6.03,6.19,6.008,6.18,6.18,3960085,6.19,6.008,6.03,3960085,0.0,1.0
2025-10-23 00:00:00,6.21,6.44,6.185,6.38,6.38,3304339,6.44,6.185,6.21,3304339,0.0,1.0
2025-10-24 00:00:00,6.43,6.54,6.3,6.49,6.49,4358111,6.54,6.3,6.43,4358111,0.0,1.0
2025-10-27 00:00:00,6.56,6.565,6.33,6.35,6.35,2998660,6.565,6.33,6.56,2998660,0.0,1.0
2025-10-28 00:00:00,6.31,6.54,6.27,6.53,6.53,4712035,6.54,6.27,6.31,4712035,0.0,1.0
2025-10-29 00:00:00,6.46,6.78,6.38,6.64,6.64,5264693,6.78,6.38,6.46,5264693,0.0,1.0
2025-10-30 00:00:00,6.51,6.52,6.38,6.41,6.41,2832918,6.52,6.38,6.51,2832918,0.0,1.0
2025-10-31 00:00:00,6.38,6.395,6.2,6.2,6.2,2218372,6.395,6.2,6.38,2218372,0.0,1.0
2025-11-03 00:00:00,6.23,6.38,6.105,6.37,6.37,3857645,6.38,6.105,6.23,3857645,0.0,1.0
2025-11-04 00:00:00,6.26,6.315,6.14,6.27,6.27,2318674,6.315,6.14,6.26,2318674,0.0,1.0
2025-11-05 00:00:00,6.29,6.42,6.27,6.35,6.35,2121625,6.42,6.27,6.29,2121625,0.0,1.0
2025-11-06 00:00:00,6.37,6.4763,6.15,6.17,6.17,2867505,6.4763,6.15,6.37,2867505,0.0,1.0
2025-11-07 00:00:00,6.0,6.625,5.87,6.55,6.55,5989670,6.625,5.87,6.0,5989670,0.0,1.0
2025-11-10 00:00:00,6.54,6.64,6.165,6.17,6.17,5616221,6.64,6.165,6.54,5616221,0.0,1.0
2025-11-11 00:00:00,6.19,6.395,6.17,6.29,6.29,4684593,6.395,6.17,6.19,4684593,0.0,1.0
2025-11-12 00:00:00,6.32,6.56,6.26,6.49,6.49,4703774,6.56,6.26,6.32,4703774,0.0,1.0
2025-11-13 00:00:00,6.47,6.51,6.21,6.23,6.23,3376800,6.51,6.21,6.47,3376800,0.0,1.0
2025-11-14 00:00:00,6.13,6.205,6.06,6.18,6.18,2696286,6.205,6.06,6.13,2696286,0.0,1.0
2025-11-17 00:00:00,6.12,6.29,6.075,6.09,6.09,2161321,6.29,6.075,6.12,2161321,0.0,1.0
2025-11-18 00:00:00,6.01,6.18,5.99,6.03,6.03,2326875,6.18,5.99,6.01,2326875,0.0,1.0
2025-11-19 00:00:00,6.07,6.24,5.995,6.21,6.21,3497433,6.24,5.995,6.07,3497433,0.0,1.0
2025-11-20 00:00:00,6.24,6.34,5.83,5.83,5.83,3285703,6.34,5.83,6.24,3285703,0.0,1.0
2025-11-21 00:00:00,5.87,6.26,5.86,6.23,6.23,2578243,6.26,5.86,5.87,2578243,0.0,1.0
2025-11-24 00:00:00,6.24,6.36,6.14,6.26,6.26,2688488,6.36,6.14,6.24,2688488,0.0,1.0
2025-11-25 00:00:00,6.29,6.42,6.275,6.37,6.37,1562200,6.42,6.275,6.29,1562200,0.0,1.0
2025-11-26 00:00:00,6.37,6.58,6.27,6.53,6.53,3018884,6.58,6.27,6.37,3018884,0.0,1.0
2025-11-28 00:00:00,6.53,6.65,6.5,6.57,6.57,1039633,6.65,6.5,6.53,1039633,0.0,1.0
2025-12-01 00:00:00,6.53,6.61,6.415,6.44,6.44,1513205,6.61,6.415,6.53,1513205,0.0,1.0
2025-12-02 00:00:00,6.49,6.59,6.4,6.54,6.54,1545710,6.59,6.4,6.49,1545710,0.0,1.0
2025-12-03 00:00:00,6.54,6.675,6.49,6.64,6.64,1268269,6.675,6.49,6.54,1268269,0.0,1.0
2025-12-04 00:00:00,6.68,6.68,6.3,6.34,6.34,1949727,6.68,6.3,6.68,1949727,0.0,1.0
2025-12-05 00:00:00,6.39,6.47,6.29,6.31,6.31,1503125,6.47,6.29,6.39,1503125,0.0,1.0
2025-12-08 00:00:00,6.25,6.33,6.07,6.13,6.13,3881318,6.33,6.07,6.25,3881318,0.0,1.0
2025-12-09 00:00:00,6.01,6.205,6.0,6.01,6.01,3426185,6.205,6.0,6.01,3426185,0.0,1.0
2025-12-10 00:00:00,6.0,6.38,5.992,6.28,6.28,4591749,6.38,5.992,6.0,4591749,0.0,1.0
2025-12-11 00:00:00,6.27,6.445,6.27,6.44,6.44,2051340,6.445,6.27,6.27,2051340,0.0,1.0
2025-12-12 00:00:00,6.45,6.53,6.365,6.39,6.39,1740678,6.53,6.365,6.45,1740678,0.0,1.0
2025-12-15 00:00:00,6.48,6.49,6.27,6.33,6.33,2107056,6.49,6.27,6.48,2107056,0.0,1.0
2025-12-16 00:00:00,6.35,6.53,6.31,6.47,6.47,2563652,6.53,6.31,6.35,2563652,0.0,1.0
2025-12-17 00:00:00,6.39,6.58,6.39,6.56,6.56,3345706,6.58,6.39,6.39,3345706,0.0,1.0
2025-12-18 00:00:00,6.61,6.81,6.52,6.7,6.7,3430940,6.81,6.52,6.61,3430940,0.0,1.0
2025-12-19 00:00:00,6.68,6.815,6.63,6.63,6.63,5139615,6.815,6.63,6.68,5139615,0.0,1.0
2025-12-22 00:00:00,6.66,6.675,6.48,6.5,6.5,3554942,6.675,6.48,6.66,3554942,0.0,1.0
2025-12-23 00:00:00,6.46,6.47,6.32,6.4,6.4,1802979,6.47,6.32,6.46,1802979,0.0,1.0
2025-12-24 00:00:00,6.42,6.51,6.405,6.44,6.44,645020,6.51,6.405,6.42,645020,0.0,1.0
2025-12-26 00:00:00,6.44,6.555,6.4,6.46,6.46,1081365,6.555,6.4,6.44,1081365,0.0,1.0
2025-12-29 00:00:00,6.44,6.51,6.385,6.47,6.47,1054444,6.51,6.385,6.44,1054444,0.0,1.0
2025-12-30 00:00:00,6.48,6.52,6.415,6.45,6.45,864233,6.52,6.415,6.48,864233,0.0,1.0
2025-12-31 00:00:00,6.45,6.465,6.33,6.41,6.41,1684690,6.465,6.33,6.45,1684690,0.0,1.0
2026-01-02 00:00:00,6.46,6.585,6.34,6.49,6.49,1729282,6.585,6.34,6.46,1729282,0.0,1.0
2026-01-05 00:00:00,6.46,6.55,6.3905,6.42,6.42,1652491,6.55,6.3905,6.46,1652491,0.0,1.0
2026-01-06 00:00:00,6.37,7.075,6.34,7.05,7.05,6303769,7.075,6.34,6.37,6303769,0.0,1.0
2026-01-07 00:00:00,7.02,7.07,6.88,6.9,6.9,2432296,7.07,6.88,7.02,2432296,0.0,1.0
2026-01-08 00:00:00,6.91,7.645,6.88,7.49,7.49,4155386,7.645,6.88,6.91,4155386,0.0,1.0
2026-01-09 00:00:00,7.5,7.86,7.3,7.83,7.83,4440172,7.86,7.3,7.5,4440172,0.0,1.0
2026-01-12 00:00:00,7.75,7.81,7.6401,7.73,7.73,1943368,7.81,7.6401,7.75,1943368,0.0,1.0
2026-01-13 00:00:00,7.78,7.92,7.57,7.75,7.75,2922992,7.92,7.57,7.78,2922992,0.0,1.0
2026-01-14 00:00:00,7.91,7.92,7.68,7.77,7.77,2392275,7.92,7.68,7.91,2392275,0.0,1.0
2026-01-15 00:00:00,7.83,7.9,7.74,7.8,7.8,1614185,7.9,7.74,7.83,1614185,0.0,1.0
2026-01-16 00:00:00,7.86,8.08,7.69,7.7,7.7,3744428,8.08,7.69,7.86,3744428,0.0,1.0
2026-01-20 00:00:00,7.52,7.765,7.47,7.74,7.74,4928302,7.765,7.47,7.52,4928302,0.0,1.0
2026-01-21 00:00:00,7.75,8.63,7.75,8.43,8.43,10429625,8.63,7.75,7.75,10429625,0.0,1.0
2026-01-22 00:00:00,8.44,8.51,8.14,8.14,8.14,3713765,8.51,8.14,8.44,3713765,0.0,1.0
2026-01-23 00:00:00,8.39,8.39,8.1,8.28,8.28,3848669,8.39,8.1,8.39,3848669,0.0,1.0
2026-01-26 00:00:00,8.23,8.46,7.93,7.97,7.97,5718982,8.46,7.93,8.23,5718982,0.0,1.0
2026-01-27 00:00:00,8.02,8.23,7.98,8.04,8.04,6233774,8.23,7.98,8.02,6233774,0.0,1.0
2026-01-28 00:00:00,8.21,8.27,7.965,8.04,8.04,4093411,8.27,7.965,8.21,4093411,0.0,1.0
2026-01-29 00:00:00,8.15,8.29,8.055,8.08,8.08,5173895,8.29,8.055,8.15,5173895,0.0,1.0
2026-01-30 00:00:00,7.92,8.07,7.82,7.97,7.97,5690526,8.07,7.82,7.92,5690526,0.0,1.0
2026-02-02 00:00:00,7.95,8.04,7.72,7.98,7.98,47767279,8.04,7.72,7.95,47767279,0.0,1.0
2026-02-03 00:00:00,7.99,8.425,7.925,8.22,8.22,7178575,8.425,7.925,7.99,7178575,0.0,1.0
2026-02-04 00:00:00,8.39,9.0,8.32,9.0,9.0,10021920,9.0,8.32,8.39,10021920,0.0,1.0
2026-02-05 00:00:00,8.92,9.25,8.17,8.21,8.21,16240117,9.25,8.17,8.92,16240117,0.0,1.0
2026-02-06 00:00:00,8.16,8.7,8.13,8.62,8.62,9099180,8.7,8.13,8.16,9099180,0.0,1.0
2026-02-09 00:00:00,8.6,8.65,8.405,8.55,8.55,4542336,8.65,8.405,8.6,4542336,0.0,1.0
2026-02-10 00:00:00,8.37,8.69,8.37,8.46,8.46,8620520,8.69,8.37,8.37,8620520,0.0,1.0
2026-02-11 00:00:00,8.57,8.75,8.46,8.59,8.59,14560117,8.75,8.46,8.57,14560117,0.0,1.0
2026-02-12 00:00:00,8.31,8.6,8.25,8.43,8.43,20252252,8.6,8.25,8.31,20252252,0.0,1.0
2026-02-13 00:00:00,8.0,8.0,6.4101,7.25,7.25,22079415,8.0,6.4101,8.0,22079415,0.0,1.0
2026-02-17 00:00:00,7.2,7.41,6.85,7.28,7.28,9119760,7.41,6.85,7.2,9119760,0.0,1.0
2026-02-18 00:00:00,7.06,7.305,6.975,7.12,7.12,16782567,7.305,6.975,7.06,16782567,0.0,1.0
2026-02-19 00:00:00,7.01,7.29,6.96,7.02,7.02,13376467,7.29,6.96,7.01,13376467,0.0,1.0
2026-02-20 00:00:00,6.88,7.13,6.72,7.01,7.01,6194346,7.13,6.72,6.88,6194346,0.0,1.0
2026-02-23 00:00:00,6.81,6.925,6.71,6.72,6.72,4191375,6.925,6.71,6.81,4191375,0.0,1.0
2026-02-24 00:00:00,6.77,7.12,6.77,6.98,6.98,4753375,7.12,6.77,6.77,4753375,0.0,1.0
2026-02-25 00:00:00,7.06,7.09,6.85,6.94,6.94,3992698,7.09,6.85,7.06,3992698,0.0,1.0
2026-02-26 00:00:00,6.91,6.97,6.6,6.77,6.77,6017439,6.97,6.6,6.91,6017439,0.0,1.0
2026-02-27 00:00:00,6.61,6.65,6.44,6.6,6.6,6285731,6.65,6.44,6.61,6285731,0.0,1.0
2026-03-02 00:00:00,6.41,6.46,6.24,6.41,6.41,3505002,6.46,6.24,6.41,3505002,0.0,1.0
2026-03-03 00:00:00,6.09,6.17,5.815,6.04,6.04,5681398,6.17,5.815,6.09,5681398,0.0,1.0
2026-03-04 00:00:00,6.13,6.33,6.055,6.08,6.08,4435139,6.33,6.055,6.13,4435139,0.0,1.0
2026-03-05 00:00:00,6.1,6.22,5.725,5.84,5.84,5769805,6.22,5.725,6.1,5769805,0.0,1.0
2026-03-06 00:00:00,5.65,5.73,5.43,5.57,5.57,5288840,5.73,5.43,5.65,5288840,0.0,1.0
2026-03-09 00:00:00,5.45,5.82,5.24,5.79,5.79,7423776,5.82,5.24,5.45,7423776,0.0,1.0
2026-03-10 00:00:00,5.79,5.96,5.71,5.8,5.8,6348416,5.96,5.71,5.79,6348416,0.0,1.0
2026-03-11 00:00:00,5.8,5.875,5.56,5.57,5.57,5638936,5.875,5.56,5.8,5638936,0.0,1.0
2026-03-12 00:00:00,5.43,5.48,5.2,5.31,5.31,8909391,5.48,5.2,5.43,8909391,0.0,1.0
2026-03-13 00:00:00,5.28,5.37,5.16,5.18,5.18,4033619,5.37,5.16,5.28,4033619,0.0,1.0
2026-03-16 00:00:00,5.27,5.53,5.23,5.43,5.43,4664492,5.53,5.23,5.27,4664492,0.0,1.0
2026-03-17 00:00:00,5.69,5.86,5.52,5.55,5.55,4944521,5.86,5.52,5.69,4944521,0.0,1.0
2026-03-18 00:00:00,5.45,5.5,5.15,5.19,5.19,6648977,5.5,5.15,5.45,6648977,0.0,1.0
2026-03-19 00:00:00,5.11,5.51,5.07,5.44,5.44,5969289,5.51,5.07,5.11,5969289,0.0,1.0
2026-03-20 00:00:00,5.41,5.47,5.2401,5.35,5.35,9513319,5.47,5.2401,5.41,9513319,0.0,1.0
2026-03-23 00:00:00,5.61,5.75,5.49,5.66,5.66,5395207,5.75,5.49,5.61,5395207,0.0,1.0
2026-03-24 00:00:00,5.59,5.775,5.57,5.75,5.75,3861187,5.775,5.57,5.59,3861187,0.0,1.0
2026-03-25 00:00:00,5.87,6.01,5.73,5.99,5.99,4156669,6.01,5.73,5.87,4156669,0.0,1.0
2026-03-26 00:00:00,5.87,6.01,5.78,5.9,5.9,3582091,6.01,5.78,5.87,3582091,0.0,1.0
2026-03-27 00:00:00,5.83,5.99,5.58,5.61,5.61,2684109,5.99,5.58,5.83,2684109,0.0,1.0
2026-03-30 00:00:00,5.68,5.77,5.39,5.45,5.45,4411164,5.77,5.39,5.68,4411164,0.0,1.0
2026-03-31 00:00:00,5.59,5.965,5.52,5.93,5.93,4294381,5.965,5.52,5.59,4294381,0.0,1.0
2026-04-01 00:00:00,6.02,6.18,5.91,5.96,5.96,4425056,6.18,5.91,6.02,4425056,0.0,1.0
2026-04-02 00:00:00,5.68,6.15,5.65,6.1,6.1,4602062,6.15,5.65,5.68,4602062,0.0,1.0
2026-04-06 00:00:00,6.11,6.18,5.77,5.78,5.78,2689975,6.18,5.77,6.11,2689975,0.0,1.0
2026-04-07 00:00:00,5.72,5.77,5.6,5.69,5.69,3307647,5.77,5.6,5.72,3307647,0.0,1.0
2026-04-08 00:00:00,6.19,6.25,6.02,6.03,6.03,4411849,6.25,6.02,6.19,4411849,0.0,1.0
2026-04-09 00:00:00,5.97,6.08,5.705,5.77,5.77,4363439,6.08,5.705,5.97,4363439,0.0,1.0
2026-04-10 00:00:00,5.87,6.055,5.78,5.98,5.98,3558788,6.055,5.78,5.87,3558788,0.0,1.0
2026-04-13 00:00:00,5.88,6.1,5.8,6.1,6.1,3351559,6.1,5.8,5.88,3351559,0.0,1.0
2026-04-14 00:00:00,6.12,6.3,6.08,6.21,6.21,3160770,6.3,6.08,6.12,3160770,0.0,1.0
2026-04-15 00:00:00,6.18,6.18,5.83,5.87,5.87,4140604,6.18,5.83,6.18,4140604,0.0,1.0
2026-04-16 00:00:00,5.87,5.94,5.75,5.8,5.8,3595951,5.94,5.75,5.87,3595951,0.0,1.0
2026-04-17 00:00:00,6.0,6.28,6.0,6.12,6.12,5659128,6.28,6.0,6.0,5659128,0.0,1.0
2026-04-20 00:00:00,6.05,6.17,5.98,6.09,6.09,4822251,6.17,5.98,6.05,4822251,0.0,1.0
2026-04-21 00:00:00,6.1,6.265,5.875,5.91,5.91,4868156,6.265,5.875,6.1,4868156,0.0,1.0
2026-04-22 00:00:00,5.99,6.03,5.79,5.82,5.82,2761214,6.03,5.79,5.99,2761214,0.0,1.0
2026-04-23 00:00:00,5.82,5.86,5.665,5.82,5.82,3639659,5.86,5.665,5.82,3639659,0.0,1.0
2026-04-24 00:00:00,5.8,5.95,5.76,5.94,5.94,2123452,5.95,5.76,5.8,2123452,0.0,1.0
2026-04-27 00:00:00,5.9,6.02,5.755,5.82,5.82,4375741,6.02,5.755,5.9,4375741,0.0,1.0
2026-04-28 00:00:00,5.79,5.845,5.66,5.73,5.73,2345775,5.845,5.66,5.79,2345775,0.0,1.0
2026-04-29 00:00:00,5.69,5.73,5.6,5.6,5.6,2248978,5.73,5.6,5.69,2248978,0.0,1.0
2026-04-30 00:00:00,5.62,5.78,5.62,5.71,5.71,2251294,5.78,5.62,5.62,2251294,0.0,1.0
2026-05-01 00:00:00,5.7,5.765,5.59,5.71,5.71,4755567,5.765,5.59,5.7,4755567,0.0,1.0
2026-05-04 00:00:00,5.67,5.72,5.35,5.36,5.36,3040436,5.72,5.35,5.67,3040436,0.0,1.0
2026-05-05 00:00:00,5.42,5.465,5.31,5.38,5.38,3299678,5.465,5.31,5.42,3299678,0.0,1.0
2026-05-06 00:00:00,5.59,5.91,5.565,5.8,5.8,4257829,5.91,5.565,5.59,4257829,0.0,1.0
2026-05-07 00:00:00,5.85,5.9,5.68,5.78,5.78,5750654,5.9,5.68,5.85,5750654,0.0,1.0
2026-05-08 00:00:00,6.01,6.85,5.71,6.64,6.64,10758397,6.85,5.71,6.01,10758397,0.0,1.0
2026-05-11 00:00:00,6.71,7.34,6.635,6.69,6.69,9044697,7.34,6.635,6.71,9044697,0.0,1.0
2026-05-12 00:00:00,6.71,6.78,6.415,6.48,6.48,4908571,6.78,6.415,6.71,4908571,0.0,1.0
2026-05-13 00:00:00,6.53,6.645,6.3708,6.55,6.55,5237546,6.645,6.3708,6.53,5237546,0.0,1.0
2026-05-14 00:00:00,6.62,7.025,6.585,6.87,6.87,4872634,7.025,6.585,6.62,4872634,0.0,1.0
2026-05-15 00:00:00,6.72,6.77,6.325,6.36,6.36,4691853,6.77,6.325,6.72,4691853,0.0,1.0
2026-05-18 00:00:00,6.42,6.445,6.185,6.2,6.2,4782411,6.445,6.185,6.42,4782411,0.0,1.0
2026-05-19 00:00:00,6.06,6.13,5.605,5.61,5.61,5784274,6.13,5.605,6.06,5784274,0.0,1.0
2026-05-20 00:00:00,5.66,5.85,5.56,5.85,5.85,3675084,5.85,5.56,5.66,3675084,0.0,1.0
2026-05-21 00:00:00,5.73,6.15,5.67,6.15,6.15,4112759,6.15,5.67,5.73,4112759,0.0,1.0
2026-05-22 00:00:00,6.25,6.465,6.24,6.39,6.39,3716359,6.465,6.24,6.25,3716359,0.0,1.0
2026-05-26 00:00:00,6.59,6.63,6.395,6.49,6.49,3866524,6.63,6.395,6.59,3866524,0.0,1.0
2026-05-27 00:00:00,6.66,7.065,6.65,6.89,6.89,5550181,7.065,6.65,6.66,5550181,0.0,1.0
2026-05-28 00:00:00,6.79,6.825,6.62,6.77,6.77,2785364,6.825,6.62,6.79,2785364,0.0,1.0
2026-05-29 00:00:00,6.77,6.89,6.63,6.64,6.64,3280728,6.89,6.63,6.77,3280728,0.0,1.0
2026-06-01 00:00:00,6.49,6.49,6.15,6.36,6.36,4876399,6.49,6.15,6.49,4876399,0.0,1.0
2026-06-02 00:00:00,6.21,6.66,6.21,6.55,6.55,3645804,6.66,6.21,6.21,3645804,0.0,1.0
2026-06-03 00:00:00,6.5,6.755,6.45,6.47,6.47,3810089,6.755,6.45,6.5,3810089,0.0,1.0
2026-06-04 00:00:00,6.42,6.725,6.34,6.6,6.6,3177365,6.725,6.34,6.42,3177365,0.0,1.0
2026-06-05 00:00:00,6.5,6.65,6.125,6.32,6.32,3424494,6.65,6.125,6.5,3424494,0.0,1.0
2026-06-08 00:00:00,6.36,6.38,6.222,6.28,6.28,4118919,6.38,6.222,6.36,4118919,0.0,1.0
2026-06-09 00:00:00,6.42,6.4799,6.06,6.3,6.3,3027289,6.4799,6.06,6.42,3027289,0.0,1.0
2026-06-10 00:00:00,6.24,6.28,5.955,6.04,6.04,4015336,6.28,5.955,6.24,4015336,0.0,1.0
2026-06-11 00:00:00,6.07,6.245,5.935,6.23,6.23,4647270,6.245,5.935,6.07,4647270,0.0,1.0
2026-06-12 00:00:00,6.3,6.45,6.235,6.35,6.35,3603902,6.45,6.235,6.3,3603902,0.0,1.0
2026-06-15 00:00:00,6.66,6.79,6.46,6.5,6.5,3830705,6.79,6.46,6.66,3830705,0.0,1.0
2026-06-16 00:00:00,6.59,6.62,6.445,6.61,6.61,3374431,6.62,6.445,6.59,3374431,0.0,1.0
2026-06-17 00:00:00,6.51,6.66,6.155,6.17,6.17,3332634,6.66,6.155,6.51,3332634,0.0,1.0
2026-06-18 00:00:00,6.23,6.33,6.095,6.31,6.31,4333349,6.33,6.095,6.23,4333349,0.0,1.0
2026-06-22 00:00:00,6.24,6.345,6.135,6.16,6.16,1829914,6.345,6.135,6.24,1829914,0.0,1.0
2026-06-23 00:00:00,5.93,6.0,5.67,5.68,5.68,3633904,6.0,5.67,5.93,3633904,0.0,1.0
2026-06-24 00:00:00,5.7,5.81,5.495,5.57,5.57,4122616,5.81,5.495,5.7,4122616,0.0,1.0
2026-06-25 00:00:00,5.66,5.99,5.65,5.79,5.79,4329040,5.99,5.65,5.66,4329040,0.0,1.0
2026-06-26 00:00:00,5.65,5.73,5.415,5.45,5.45,10448212,5.73,5.415,5.65,10448212,0.0,1.0
2026-06-29 00:00:00,5.46,5.47,4.915,5.15,5.15,10095699,5.47,4.915,5.46,10095699,0.0,1.0
2026-06-30 00:00:00,5.27,5.44,5.1156,5.42,5.42,5856924,5.44,5.1156,5.27,5856924,0.0,1.0
2026-07-01 00:00:00,5.34,5.41,5.235,5.25,5.25,3313928,5.41,5.235,5.34,3313928,0.0,1.0
2026-07-02 00:00:00,5.32,5.45,5.01,5.13,5.13,4073121,5.45,5.01,5.32,4073121,0.0,1.0
2026-07-06 00:00:00,5.14,5.535,5.14,5.51,5.51,3102849,5.535,5.14,5.14,3102849,0.0,1.0
2026-07-07 00:00:00,5.41,5.44,5.15,5.18,5.18,2773115,5.44,5.15,5.41,2773115,0.0,1.0
2026-07-08 00:00:00,5.03,5.11,4.93,5.09,5.09,4320652,5.11,4.93,5.03,4320652,0.0,1.0
2026-07-09 00:00:00,5.09,5.18,5.04,5.12,5.12,2315524,5.18,5.04,5.09,2315524,0.0,1.0
2026-07-10 00:00:00,5.14,5.31,5.11,5.13,5.13,2527945,5.31,5.11,5.14,2527945,0.0,1.0
2026-07-13 00:00:00,5.21,5.23,5.07,5.12,5.12,2644282,5.23,5.07,5.21,2644282,0.0,1.0
2026-07-14 00:00:00,5.25,5.25,5.11,5.17,5.17,1937378,5.25,5.11,5.25,1937378,0.0,1.0
2026-07-15 00:00:00,5.23,5.345,5.205,5.31,5.31,3129774,5.345,5.205,5.23,3129774,0.0,1.0
2026-07-16 00:00:00,5.31,5.52,5.28,5.49,5.49,3238319,5.52,5.28,5.31,3238319,0.0,1.0
2026-07-17 00:00:00,5.29,5.63,5.21,5.44,5.44,3116396,5.63,5.21,5.29,3116396,0.0,1.0
2026-07-20 00:00:00,5.46,5.5,5.29,5.3,5.3,2734768,5.5,5.29,5.46,2734768,0.0,1.0
2026-07-21 00:00:00,5.36,5.59,5.3,5.52,5.52,2315675,5.59,5.3,5.36,2315675,0.0,1.0
2026-07-22 00:00:00,5.57,5.77,5.535,5.7,5.7,4194054,5.77,5.535,5.57,4194054,0.0,1.0
2026-07-23 00:00:00,5.58,5.62,5.435,5.59,5.59,2750928,5.62,5.435,5.58,2750928,0.0,1.0
2026-07-24 00:00:00,5.61,5.7,5.47,5.48,5.48,2402187,5.7,5.47,5.61,2402187,0.0,1.0
2026-07-27 00:00:00,5.62,5.63,5.435,5.57,5.57,2854021,5.63,5.435,5.62,2854021,0.0,1.0
2026-07-28 00:00:00,5.58,5.65,5.47,5.61,5.61,3160507,5.65,5.47,5.58,3160507,0.0,1.0
2026-07-29 00:00:00,5.55,5.71,5.46,5.53,5.53,2985000,5.71,5.46,5.55,2985000,0.0,1.0
2026-07-30 00:00:00,5.59,5.885,5.51,5.86,5.86,3733420,5.885,5.51,5.59,3733420,0.0,1.0
2026-07-31 00:00:00,5.84,5.84,5.54,5.65,5.65,2821783,5.84,5.54,5.84,2821783,0.0,1.0
2026-08-03 00:00:00,5.62,5.955,5.585,5.8,5.8,3033434,5.955,5.585,5.62,3033434,0.0,1.0
2026-08-04 00:00:00,5.76,6.02,5.69,5.99,5.99,3005600,6.02,5.69,5.76,3005600,0.0,1.0
2026-08-05 00:00:00,6.01,6.11,5.93,6.0,6.0,2724119,6.11,5.93,6.01,2724119,0.0,1.0
2026-08-06 00:00:00,6.0,6.0,5.65,5.67,5.67,3026472,6.0,5.65,6.0,3026472,0.0,1.0
2026-08-07 00:00:00,6.21,6.82,6.17,6.35,6.35,9084387,6.82,6.17,6.21,9084387,0.0,1.0
2026-08-10 00:00:00,6.33,6.8,6.3,6.64,6.64,4511934,6.8,6.3,6.33,4511934,0.0,1.0
2026-08-11 00:00:00,6.74,7.06,6.65,6.89,6.89,2539832,7.06,6.65,6.74,2539832,0.0,1.0
2026-08-12 00:00:00,6.97,7.0,6.67,6.78,6.78,3411709,7.0,6.67,6.97,3411709,0.0,1.0
2026-08-13 00:00:00,6.76,6.81,6.61,6.75,6.75,2246547,6.81,6.61,6.76,2246547,0.0,1.0
2026-08-14 00:00:00,6.77,6.8,6.675,6.73,6.73,1959068,6.8,6.675,6.77,1959068,0.0,1.0
2026-08-17 00:00:00,6.74,6.87,6.7,6.8,6.8,2347988,6.87,6.7,6.74,2347988,0.0,1.0
2026-08-18 00:00:00,6.67,6.68,6.455,6.49,6.49,2373727,6.68,6.455,6.67,2373727,0.0,1.0
2026-08-19 00:00:00,6.54,6.75,6.53,6.61,6.61,1821321,6.75,6.53,6.54,1821321,0.0,1.0
2026-08-20 00:00:00,6.49,6.51,6.3,6.36,6.36,1798750,6.51,6.3,6.49,1798750,0.0,1.0
2026-08-21 00:00:00,6.45,6.985,6.35,6.88,6.88,4624126,6.985,6.35,6.45,4624126,0.0,1.0
2026-08-24 00:00:00,6.81,6.8899,6.4,6.46,6.46,2188571,6.8899,6.4,6.81,2188571,0.0,1.0
2026-08-25 00:00:00,6.47,6.51,6.335,6.43,6.43,1432155,6.51,6.335,6.47,1432155,0.0,1.0
2026-08-26 00:00:00,6.29,6.4449,6.24,6.4,6.4,1902625,6.4449,6.24,6.29,1902625,0.0,1.0
2026-08-27 00:00:00,6.38,6.445,6.285,6.32,6.32,2301546,6.445,6.285,6.38,2301546,0.0,1.0
2026-08-28 00:00:00,6.36,6.44,6.28,6.32,6.32,1989295,6.44,6.28,6.36,1989295,0.0,1.0
2026-08-31 00:00:00,6.36,6.38,6.192,6.26,6.26,2969280,6.38,6.192,6.36,2969280,0.0,1.0
2026-09-01 00:00:00,6.19,6.385,6.065,6.08,6.08,2707706,6.385,6.065,6.19,2707706,0.0,1.0
2026-09-02 00:00:00,6.14,6.6,6.13,6.56,6.56,2170429,6.6,6.13,6.14,2170429,0.0,1.0
2026-09-03 00:00:00,6.66,6.859,6.545,6.67,6.67,2119707,6.859,6.545,6.66,2119707,0.0,1.0
2026-09-04 00:00:00,6.64,7.0,6.64,6.99,6.99,2596764,7.0,6.64,6.64,2596764,0.0,1.0
2026-09-08 00:00:00,7.37,7.545,6.99,7.0,7.0,2801553,7.545,6.99,7.37,2801553,0.0,1.0
2026-09-09 00:00:00,6.97,7.0499,6.61,6.72,6.72,3056341,7.0499,6.61,6.97,3056341,0.0,1.0
2026-09-10 00:00:00,6.55,6.715,6.475,6.56,6.56,1666205,6.715,6.475,6.55,1666205,0.0,1.0
2026-09-11 00:00:00,6.7,6.74,6.45,6.48,6.48,1590858,6.74,6.45,6.7,1590858,0.0,1.0
2026-09-14 00:00:00,6.31,6.4,6.23,6.25,6.25,2917326,6.4,6.23,6.31,2917326,0.0,1.0
2026-09-15 00:00:00,6.24,6.271,6.045,6.1,6.1,2666397,6.271,6.045,6.24,2666397,0.0,1.0
2026-09-16 00:00:00,6.16,6.16,5.88,6.0,6.0,3135620,6.16,5.88,6.16,3135620,0.0,1.0
2026-09-17 00:00:00,6.17,6.31,6.085,6.11,6.11,3511695,6.31,6.085,6.17,3511695,0.0,1.0
2026-09-18 00:00:00,6.09,6.131,5.82,5.89,5.89,7322591,6.131,5.82,6.09,7322591,0.0,1.0
2026-09-21 00:00:00,6.01,6.03,5.86,5.91,5.91,1840776,6.03,5.86,6.01,1840776,0.0,1.0
2026-09-22 00:00:00,6.06,6.06,5.91,5.91,5.91,2188342,6.06,5.91,6.06,2188342,0.0,1.0
2026-09-23 00:00:00,5.62,5.745,5.51,5.68,5.68,4492731,5.745,5.51,5.62,4492731,0.0,1.0
2026-09-24 00:00:00,5.61,5.76,5.175,5.42,5.42,14141622,5.76,5.175,5.61,14141622,0.0,1.0
2026-09-25 00:00:00,5.46,5.535,5.38,5.46,5.46,5274796,5.535,5.38,5.46,5274796,0.0,1.0
2026-09-28 00:00:00,5.38,5.405,5.11,5.11,5.11,3769991,5.405,5.11,5.38,3769991,0.0,1.0
2026-09-29 00:00:00,5.16,5.32,5.05,5.31,5.31,4329228,5.32,5.05,5.16,4329228,0.0,1.0
2026-09-30 00:00:00,5.4,5.41,5.2039,5.22,5.22,4053853,5.41,5.2039,5.4,4053853,0.0,1.0
2026-10-01 00:00:00,5.16,5.45,5.05,5.43,5.43,3836059,5.45,5.05,5.16,3836059,0.0,1.0
2026-10-02 00:00:00,5.51,5.675,5.4,5.6,5.6,4880379,5.675,5.4,5.51,4880379,0.0,1.0
