Date,Open,High,Low,Close,Volume,Dividends,Stock Splits
2016-09-30 00:00:00,5.386131286621093,5.411979522375647,5.379669073614817,5.386131286621094,67000,0.0,0.0
2016-10-03 00:00:00,5.395828155373857,5.395828155373857,5.334438323974609,5.334438323974609,41100,0.0,0.0
2016-10-04 00:00:00,5.337668897316652,5.337668897316652,5.198734321579713,5.263355255126953,211700,0.0,0.0
2016-10-05 00:00:00,5.266585307742645,5.295664663785575,5.224582135831103,5.227813243865967,74600,0.0,0.0
2016-10-06 00:00:00,5.221351000913345,5.2278132169498015,5.0985716694394645,5.121189117431641,207500,0.0,0.0
2016-10-07 00:00:00,5.137344510073442,5.214889260774936,5.098572134722695,5.105034351348877,186100,0.0,0.0
2016-10-10 00:00:00,5.137343219701043,5.22135016592827,5.130881312833378,5.189039707183838,141400,0.0,0.0
2016-10-11 00:00:00,5.153498390595682,5.221350106680769,5.153498390595682,5.192270755767822,45800,0.0,0.0
2016-10-12 00:00:00,5.176115658949408,5.24719817195024,5.176115658949408,5.201963901519775,33600,0.0,0.0
2016-10-13 00:00:00,5.1858085408381145,5.23104342907533,5.176115834714289,5.192270755767822,91200,0.0,0.0
2016-10-14 00:00:00,5.221349359926603,5.224580466929345,5.147035747675464,5.172883987426758,55400,0.0,0.0
2016-10-17 00:00:00,5.169653866597634,5.195502111279792,5.10503325489224,5.137343406677246,46000,0.0,0.0
2016-10-18 00:00:00,5.156730103924875,5.224581827981863,5.088878379867888,5.143805980682373,63300,0.0,0.0
2016-10-19 00:00:00,5.143805921459083,5.166423059839207,5.127650690558108,5.147037029266357,40500,0.0,0.0
2016-10-20 00:00:00,5.121186659861294,5.153496800132226,5.121186659861294,5.150265693664551,33600,0.0,0.0
2016-10-21 00:00:00,5.1373419180668956,5.17611458199064,5.127648906153605,5.140573024749756,58700,0.0,0.0
2016-10-24 00:00:00,5.124419841560495,5.176116644681652,5.108264917979013,5.166423320770264,64300,0.0,0.0
2016-10-25 00:00:00,5.147037289218319,5.176116644681652,5.140575073277393,5.166423320770264,77300,0.0,0.0
2016-10-26 00:00:00,5.140574468365306,5.176116035587245,5.140574468365306,5.156729698181152,58300,0.0,0.0
2016-10-27 00:00:00,5.156729280088285,5.172884508594313,5.140574051582258,5.15349817276001,20800,0.0,0.0
2016-10-28 00:00:00,5.143803788864473,5.185806940403158,5.140572682396798,5.150265693664551,34600,0.0,0.0
2016-10-31 00:00:00,5.147035699338462,5.147035699338462,5.08887700637657,5.124418258666992,52400,0.0,0.0
2016-11-01 00:00:00,5.008105347350557,5.088881240049759,4.959639934985266,5.053339958190918,129800,0.0,0.0
2016-11-02 00:00:00,5.027488898076355,5.059799052285707,4.991947327870039,5.0339508056640625,52200,0.0,0.0
2016-11-03 00:00:00,5.001639684805764,5.095339951641949,4.979022549023438,5.085646629333496,78100,0.0,0.0
2016-11-04 00:00:00,4.975792843708352,5.072723937159388,4.943482684648308,5.011334419250488,139000,0.0,0.0
2016-11-07 00:00:00,5.024256954630016,5.095339775085449,5.024256954630016,5.095339775085449,74600,0.0,0.0
2016-11-08 00:00:00,5.059799281025583,5.163192272186279,5.059799281025583,5.163192272186279,59900,0.0,0.0
2016-11-09 00:00:00,5.046875093049617,5.169654422561707,5.0436439850830155,5.092109680175781,95700,0.0,0.0
2016-11-10 00:00:00,5.1276487542912665,5.159959203892371,5.098569411277329,5.114724636077881,77500,0.0,0.0
2016-11-11 00:00:00,5.11149345264858,5.243965739378115,5.11149345264858,5.195500373840332,93200,0.0,0.0
2016-11-14 00:00:00,5.205193579209208,5.250427837215568,5.1470348953321485,5.150265693664551,79400,0.0,0.0
2016-11-15 00:00:00,5.14703713530074,5.2084269523620605,5.14703713530074,5.2084269523620605,77700,0.0,0.0
2016-11-16 00:00:00,5.22458257174443,5.279510180378315,5.221351463439978,5.263355255126953,72700,0.0,0.0
2016-11-17 00:00:00,5.2375056165601315,5.273047186398542,5.234275125002825,5.253661155700684,34400,0.0,0.0
2016-11-18 00:00:00,5.266585371408084,5.305358052024312,5.243968231161472,5.298895835876465,77700,0.0,0.0
2016-11-21 00:00:00,5.302127598579291,5.315052032470703,5.237506661664083,5.315052032470703,139800,0.0,0.0
2016-11-22 00:00:00,5.315050446768344,5.331205368041992,5.292432694206196,5.331205368041992,80100,0.0,0.0
2016-11-23 00:00:00,5.3312041120214735,5.3635145632272385,5.302124767563345,5.3215107917785645,76300,0.0,0.0
2016-11-25 00:00:00,5.357054433876934,5.405519821405587,5.340899510124329,5.379671573638916,55300,0.0,0.0
2016-11-28 00:00:00,5.39582645777758,5.4249058100142244,5.331205538080421,5.389364242553711,171400,0.0,0.0
2016-11-29 00:00:00,5.439173094687286,5.439173094687286,5.286424940106345,5.332913398742676,113200,0.45,0.0
2016-11-30 00:00:00,5.3262740895117595,5.346197629573662,5.286426376030036,5.303029537200928,139500,0.0,0.0
2016-12-01 00:00:00,5.283103310397789,5.3196303119231,5.256538391113281,5.256538391113281,54600,0.0,0.0
2016-12-02 00:00:00,5.246579199963751,5.246579199963751,5.183487248195721,5.196769714355469,92400,0.0,0.0
2016-12-05 00:00:00,5.196769495714597,5.312991307231878,5.1901284212536165,5.303029537200928,105600,0.0,0.0
2016-12-06 00:00:00,5.303027621010002,5.352837086524572,5.286424465838478,5.346195697784424,124500,0.0,0.0
2016-12-07 00:00:00,5.339555705172055,5.449136114605595,5.336235009933723,5.412609100341797,112500,0.0,0.0
2016-12-08 00:00:00,5.402648740643544,5.469060758768122,5.399328044733617,5.439175128936768,64000,0.0,0.0
2016-12-09 00:00:00,5.429212430176995,5.429212430176995,5.37940326966044,5.382723331451416,74000,0.0,0.0
2016-12-12 00:00:00,5.382722877169725,5.382722877169725,5.319631574740416,5.326272964477539,74900,0.0,0.0
2016-12-13 00:00:00,5.3163124827381205,5.3362360245986435,5.253220527928826,5.299709320068359,136600,0.0,0.0
2016-12-14 00:00:00,5.29638719659211,5.336234586251541,5.2831047333723,5.293066501617432,92300,0.0,0.0
2016-12-15 00:00:00,5.326272830344389,5.326272830344389,5.233295276439511,5.249898433685303,107700,0.0,0.0
2016-12-16 00:00:00,5.283105876260209,5.31299150413963,5.239937782287598,5.239937782287598,222000,0.0,0.0
2016-12-19 00:00:00,5.23661470416727,5.266499999963953,5.213370162975883,5.2266526222229,89500,0.0,0.0
2016-12-20 00:00:00,5.213371114843091,5.243256732775155,5.213371114843091,5.22333288192749,139400,0.0,0.0
2016-12-21 00:00:00,5.180165440758832,5.552074390679618,5.180165440758832,5.206730365753174,125600,0.0,0.0
2016-12-22 00:00:00,5.196768281371131,5.229974595953501,5.166882978261661,5.206730365753174,93600,0.0,0.0
2016-12-23 00:00:00,5.223331292146998,5.223331292146998,5.176842848783178,5.200087070465088,132300,0.0,0.0
2016-12-27 00:00:00,5.180163859753443,5.21004915374181,5.156919319968551,5.170201778411865,117300,0.0,0.0
2016-12-28 00:00:00,5.156921548122556,5.1668836337684585,5.14695977915558,5.153601169586182,97200,0.0,0.0
2016-12-29 00:00:00,5.146960091091535,5.2034106464571765,5.146960091091535,5.163563251495361,73200,0.0,0.0
2016-12-30 00:00:00,5.150280474370881,5.163562938553158,5.136998010188604,5.153601169586182,93900,0.0,0.0
2017-01-03 00:00:00,5.146960541984005,5.216693568445787,5.140319150569087,5.203411102294922,54300,0.0,0.0
2017-01-04 00:00:00,5.223332083668239,5.2764622389160705,5.213370318106253,5.256538391113281,64100,0.0,0.0
2017-01-05 00:00:00,5.246577253651762,5.3030277930590906,5.246577253651762,5.283103942871094,60000,0.0,0.0
2017-01-06 00:00:00,5.286425428346978,5.303028586541466,5.276463660101846,5.293066501617432,62000,0.0,0.0
2017-01-09 00:00:00,5.29306459619271,5.306347054631032,5.249896843777254,5.263179302215576,40000,0.0,0.0
2017-01-10 00:00:00,5.279785152838253,5.289747239865053,5.2532202207913885,5.286426544189453,30000,0.0,0.0
2017-01-11 00:00:00,5.26318230781819,5.299709010212886,5.259861612142589,5.286426544189453,27300,0.0,0.0
2017-01-12 00:00:00,5.2797838895421085,5.2797838895421085,5.246577890768227,5.266501426696777,28000,0.0,0.0
2017-01-13 00:00:00,5.2598616626058385,5.266502737341784,5.156922312427411,5.203411102294922,131500,0.0,0.0
2017-01-17 00:00:00,5.19344774134951,5.229974432908284,5.186806351968528,5.216691970825195,41100,0.0,0.0
2017-01-18 00:00:00,5.210050420255335,5.2399360381874,5.186806191498781,5.22333288192749,37700,0.0,0.0
2017-01-19 00:00:00,5.229976177215576,5.276464968350815,5.226655481417564,5.229976177215576,29600,0.0,0.0
2017-01-20 00:00:00,5.2266537382177924,5.239936200300881,5.196768119361125,5.216691970825195,19200,0.0,0.0
2017-01-23 00:00:00,5.186806499487072,5.2864251262829365,5.186806499487072,5.249898433685303,48600,0.0,0.0
2017-01-24 00:00:00,5.213373663282535,5.23661822008053,5.163564486833586,5.210052967071533,73800,0.0,0.0
2017-01-25 00:00:00,5.2465764694328305,5.2465764694328305,5.193446632444761,5.2266526222229,40200,0.0,0.0
2017-01-26 00:00:00,5.226655481417564,5.236617568811603,5.21005231910648,5.229976177215576,63400,0.0,0.0
2017-01-27 00:00:00,5.253219290048328,5.253219290048328,5.220013289212531,5.246578216552734,52500,0.0,0.0
2017-01-30 00:00:00,5.229974432908284,5.229974432908284,5.19344774134951,5.216691970825195,46100,0.0,0.0
2017-01-31 00:00:00,5.20340967095916,5.229974595953501,5.180165440758832,5.206730365753174,66700,0.0,0.0
2017-02-01 00:00:00,5.2067331942287405,5.29971048221738,5.2067331942287405,5.243259906768799,50800,0.0,0.0
2017-02-02 00:00:00,5.243258283657301,5.303029537200928,5.22665512248641,5.303029537200928,72500,0.0,0.0
2017-02-03 00:00:00,5.30634799870123,5.36943992501725,5.30634799870123,5.346195697784424,62700,0.0,0.0
2017-02-06 00:00:00,5.359479758770199,5.369441845443444,5.322953374350799,5.336235523223877,54400,0.0,0.0
2017-02-07 00:00:00,5.3694400992209905,5.3694400992209905,5.249897948129571,5.283103942871094,37100,0.0,0.0
2017-02-08 00:00:00,5.283106157398598,5.309671090998621,5.253220527928826,5.299709320068359,82300,0.0,0.0
2017-02-09 00:00:00,5.356157302856445,5.359477997322814,5.3262723193745485,5.356157302856445,83300,0.0,0.0
2017-02-10 00:00:00,5.369439602299723,5.386042439794526,5.356156825617758,5.36279821395874,86300,0.0,0.0
2017-02-13 00:00:00,5.362798202041807,5.4491343502097696,5.362798202041807,5.442492961883545,95400,0.0,0.0
2017-02-14 00:00:00,5.442494911073894,5.442494911073894,5.213372315300583,5.3594794273376465,167600,0.0,0.0
2017-02-15 00:00:00,5.359476885477939,5.372759660587847,5.316309133085892,5.339553356170654,71700,0.0,0.0
2017-02-16 00:00:00,5.36943992501725,5.386042763509928,5.339554309044277,5.346195697784424,50000,0.0,0.0
2017-02-17 00:00:00,5.346197134760395,5.356158587190412,5.316311510754623,5.329593658447266,74200,0.0,0.0
2017-02-21 00:00:00,5.369438807362011,5.415927252151035,5.339553197609764,5.399324417114258,108600,0.0,0.0
2017-02-22 00:00:00,5.402649067315211,5.432534698953603,5.382724890650935,5.425893306732178,107600,0.0,0.0
2017-02-23 00:00:00,5.4292120933532715,5.43917354482388,5.402647167168651,5.4292120933532715,91600,0.0,0.0
2017-02-24 00:00:00,5.419249656585002,5.545433522785595,5.3561577234847055,5.538792133331299,278300,0.0,0.0
2017-02-27 00:00:00,5.48077780170651,5.504666518162099,5.392048143960314,5.422762393951416,219300,0.45,0.0
2017-02-28 00:00:00,5.4125228635700795,5.456887845090237,5.402284891052897,5.432999134063721,81700,0.0,0.0
2017-03-01 00:00:00,5.45006307404221,5.521729538307411,5.422761594842067,5.436412334442139,111800,0.0,0.0
2017-03-02 00:00:00,5.412522873477605,5.432999144008728,5.378396189871439,5.392046928405762,90700,0.0,0.0
2017-03-03 00:00:00,5.422761327594784,5.422761327594784,5.36815804642618,5.405697822570801,59200,0.0,0.0
2017-03-06 00:00:00,5.402284350257219,5.402284350257219,5.354506607527698,5.371570110321045,73500,0.0,0.0
2017-03-07 00:00:00,5.36133380387675,5.378397311969442,5.3510958292048745,5.364746570587158,48300,0.0,0.0
2017-03-08 00:00:00,5.364747026177735,5.3852229772603675,5.340857982635498,5.340857982635498,67700,0.0,0.0
2017-03-09 00:00:00,5.340857917266547,5.361334193557936,5.306731224060059,5.306731224060059,47500,0.0,0.0
2017-03-10 00:00:00,5.289664590916538,5.3886324960508025,5.289664590916538,5.3579182624816895,68400,0.0,0.0
2017-03-13 00:00:00,5.357919929298009,5.374983433862444,5.323793245628418,5.351094722747803,58700,0.0,0.0
2017-03-14 00:00:00,5.334029036504218,5.398869936777262,5.299902041333681,5.320378303527832,65300,0.0,0.0
2017-03-15 00:00:00,5.361330747865727,5.412520917505558,5.323791311827129,5.395457744598389,91000,0.0,0.0
2017-03-16 00:00:00,5.409109515250169,5.44664895848594,5.398871218991957,5.4295854568481445,56900,0.0,0.0
2017-03-17 00:00:00,5.42958422217434,5.432996986817689,5.388632022831591,5.39886999130249,61100,0.0,0.0
2017-03-20 00:00:00,5.42617483525982,5.436413135563088,5.388635377192558,5.422762393951416,54300,0.0,0.0
2017-03-21 00:00:00,5.422760417288027,5.422760417288027,5.357919174173505,5.361331939697266,36100,0.0,0.0
2017-03-22 00:00:00,5.368159141675829,5.368159141675829,5.320381708411934,5.354508399963379,43600,0.0,0.0
2017-03-23 00:00:00,5.323794560469511,5.395461036972502,5.323794560469511,5.3340325355529785,49000,0.0,0.0
2017-03-24 00:00:00,5.34085765825093,5.3988733918936775,5.334032450124383,5.354508399963379,65100,0.0,0.0
2017-03-27 00:00:00,5.310142003634366,5.361332187015245,5.310142003634366,5.327205181121826,28800,0.0,0.0
2017-03-28 00:00:00,5.334032450124383,5.364746700342232,5.323794475204885,5.354508399963379,73100,0.0,0.0
2017-03-29 00:00:00,5.323793389006829,5.4159357954014755,5.323793389006829,5.405697822570801,36000,0.0,0.0
2017-03-30 00:00:00,5.388634162407361,5.405697666940084,5.3715706578746385,5.392046928405762,22700,0.0,0.0
2017-03-31 00:00:00,5.374980774395598,5.405695002322746,5.334028578979106,5.402282238006592,71300,0.0,0.0
2017-04-03 00:00:00,5.398872144977085,5.422761181551006,5.344269190738316,5.351094722747803,69900,0.0,0.0
2017-04-04 00:00:00,5.351093375444756,5.3545058151310325,5.3272043448856365,5.344267845153809,66000,0.0,0.0
2017-04-05 00:00:00,5.344268684068536,5.38863366154628,5.327205181121826,5.327205181121826,63900,0.0,0.0
2017-04-06 00:00:00,5.323793081683439,5.385221240580748,5.323793081683439,5.378396034240723,24900,0.0,0.0
2017-04-07 00:00:00,5.374981761737772,5.3886324960508025,5.334029558798681,5.3579182624816895,36600,0.0,0.0
2017-04-10 00:00:00,5.381806819004041,5.41252072441674,5.351092588132192,5.39886999130249,53800,0.0,0.0
2017-04-11 00:00:00,5.402285003265303,5.463713490562897,5.398872237202262,5.4500627517700195,63300,0.0,0.0
2017-04-12 00:00:00,5.460298973617712,5.467124503555141,5.426171974848929,5.463711738586426,23300,0.0,0.0
2017-04-13 00:00:00,5.47395202991953,5.47395202991953,5.43641225249075,5.456888198852539,49900,0.0,0.0
2017-04-17 00:00:00,5.45006261905721,5.514903545379639,5.45006261905721,5.514903545379639,49300,0.0,0.0
2017-04-18 00:00:00,5.518316925672134,5.559269471071769,5.494428212071775,5.555856704711914,53900,0.0,0.0
2017-04-19 00:00:00,5.549031174788971,5.579745421124521,5.531967342981095,5.569507122039795,87400,0.0,0.0
2017-04-20 00:00:00,5.572919203617566,5.61045897806349,5.552443258882765,5.600220680236816,85600,0.0,0.0
2017-04-21 00:00:00,5.600222932091566,5.634349954317772,5.586572513752369,5.624111652374268,68500,0.0,0.0
2017-04-24 00:00:00,5.637759932282375,5.654823109493861,5.576331452851449,5.603632926940918,40900,0.0,0.0
2017-04-25 00:00:00,5.5968095175825425,5.665063554142308,5.5968095175825425,5.637762069702148,90100,0.0,0.0
2017-04-26 00:00:00,5.610460456864855,5.685539374627406,5.579746206207739,5.661650657653809,71000,0.0,0.0
2017-04-27 00:00:00,5.66165035328477,5.682126302315826,5.593396321956341,5.647999286651611,35300,0.0,0.0
2017-04-28 00:00:00,5.648000372656969,5.6548259072859715,5.586572513752369,5.624111652374268,31900,0.0,0.0
2017-05-01 00:00:00,5.6172854249880775,5.661650743686391,5.600222241438713,5.641174793243408,19800,0.0,0.0
2017-05-02 00:00:00,5.647999590286771,5.6650634244955675,5.5968093894978175,5.661650657653809,49800,0.0,0.0
2017-05-03 00:00:00,5.658235633805129,5.658235633805129,5.624108629919133,5.651410102844238,28400,0.0,0.0
2017-05-04 00:00:00,5.641172295358331,5.651409940587276,5.5626799933985875,5.583156585693359,112400,0.0,0.0
2017-05-05 00:00:00,5.665060051964251,5.770853157403021,5.6445841140221775,5.746964454650879,295700,0.0,0.0
2017-05-08 00:00:00,5.7401402755869775,5.791330457945497,5.7401402755869775,5.767441749572754,123000,0.0,0.0
2017-05-09 00:00:00,5.76744330483396,5.79815755271524,5.695777160390081,5.7299041748046875,109800,0.0,0.0
2017-05-10 00:00:00,5.68212733847303,5.774270102293383,5.675301803911789,5.757206916809082,65400,0.0,0.0
2017-05-11 00:00:00,5.750379519743938,5.764029933526354,5.706014210384255,5.7537922859191895,53000,0.0,0.0
2017-05-12 00:00:00,5.733314029827536,5.757203386141473,5.716250854807412,5.719663619995117,58600,0.0,0.0
2017-05-15 00:00:00,5.750380123085987,5.781094370967266,5.723078641738034,5.7299041748046875,67900,0.0,0.0
2017-05-16 00:00:00,5.757206527036901,5.770856944316427,5.723079507459951,5.764031410217285,121200,0.0,0.0
2017-05-17 00:00:00,5.770854673098394,5.770854673098394,5.70601342651344,5.726490020751953,82800,0.0,0.0
2017-05-18 00:00:00,5.733317545844737,5.770857335012762,5.706016058518573,5.757206916809082,54100,0.0,0.0
2017-05-19 00:00:00,5.764028858042615,5.791330331431982,5.750378446807167,5.777679920196533,90700,0.0,0.0
2017-05-22 00:00:00,5.787918440119386,5.79815673828125,5.7708552607681805,5.79815673828125,67400,0.0,0.0
2017-05-23 00:00:00,5.801569546897975,5.801569546897975,5.7572048897082215,5.79474401473999,83300,0.0,0.0
2017-05-24 00:00:00,5.791331244723553,5.801569542953569,5.770855299182093,5.781093597412109,62200,0.0,0.0
2017-05-25 00:00:00,5.801569628426619,5.801569628426619,5.753792204486464,5.77426815032959,89100,0.0,0.0
2017-05-26 00:00:00,5.750377979391189,5.801568156470481,5.733314153085814,5.791329860687256,154800,0.0,0.0
2017-05-30 00:00:00,5.808860820829427,5.878974074744445,5.770298464311212,5.861445426940918,136700,0.45,0.0
2017-05-31 00:00:00,5.861446780407666,5.868458241148094,5.7422546224192,5.815873622894287,65500,0.0,0.0
2017-06-01 00:00:00,5.801848810920108,5.868456328951158,5.798343750341694,5.843916893005371,50200,0.0,0.0
2017-06-02 00:00:00,5.805356884901918,5.885987352410782,5.805356884901918,5.8474249839782715,73000,0.0,0.0
2017-06-05 00:00:00,5.854434113540325,5.871962091128676,5.78432086588795,5.8088603019714355,61500,0.0,0.0
2017-06-06 00:00:00,5.798345153325721,5.798345153325721,5.742254140756937,5.759782791137695,45500,0.0,0.0
2017-06-07 00:00:00,5.745757059818461,5.763285701623627,5.738746271745709,5.752768516540527,31400,0.0,0.0
2017-06-08 00:00:00,5.773800752152526,5.8684533879212095,5.752767055975866,5.822880268096924,46400,0.0,0.0
2017-06-09 00:00:00,5.829892136971868,5.885983118274019,5.826387077499174,5.864948749542236,58800,0.0,0.0
2017-06-12 00:00:00,5.868454371244223,5.900005255120476,5.85443212765992,5.882477283477783,39100,0.0,0.0
2017-06-13 00:00:00,5.87897257412249,5.88247830278835,5.826387981433343,5.8719611167907715,51300,0.0,0.0
2017-06-14 00:00:00,5.8509279407158195,5.885984561884256,5.808859861583809,5.833399295806885,52300,0.0,0.0
2017-06-15 00:00:00,5.833399750176301,5.854434125705412,5.8123660432966755,5.836905479431152,74900,0.0,0.0
2017-06-16 00:00:00,5.868456886062329,5.868456886062329,5.819378009511543,5.861445426940918,83000,0.0,0.0
2017-06-19 00:00:00,5.871960688793756,5.871960688793756,5.784319484483401,5.801847457885742,85600,0.0,0.0
2017-06-20 00:00:00,5.812363666641279,5.819375122284023,5.79132996836226,5.805352210998535,51300,0.0,0.0
2017-06-21 00:00:00,5.7948361722451285,5.819375600361499,5.759779559800626,5.773801803588867,44500,0.0,0.0
2017-06-22 00:00:00,5.777307946418445,5.780813674779479,5.724723358301577,5.752768516540527,46600,0.0,0.0
2017-06-23 00:00:00,5.735240927348434,5.801847764719325,5.721218012965492,5.798342704772949,58300,0.0,0.0
2017-06-26 00:00:00,5.7983437233114925,5.7983437233114925,5.710702498971109,5.7282304763793945,117000,0.0,0.0
2017-06-27 00:00:00,5.724722904836111,5.749262332770217,5.68966629265199,5.717711448669434,67100,0.0,0.0
2017-06-28 00:00:00,5.73173331624655,5.756272739707713,5.7001824378967285,5.7001824378967285,32300,0.0,0.0
2017-06-29 00:00:00,5.700185707752095,5.735242333656134,5.6616233523927,5.710702896118164,187600,0.0,0.0
2017-06-30 00:00:00,5.742250897975535,5.742250897975535,5.658115429610059,5.682654857635498,92300,0.0,0.0
2017-07-03 00:00:00,5.696677727613781,5.742250855229017,5.679149755911596,5.721217155456543,24000,0.0,0.0
2017-07-05 00:00:00,5.717712275941924,5.728229461713628,5.679150598744395,5.70719575881958,37300,0.0,0.0
2017-07-06 00:00:00,5.675644870153827,5.717712275941924,5.675644870153827,5.70719575881958,40000,0.0,0.0
2017-07-07 00:00:00,5.7142098883233805,5.7142098883233805,5.661625266018516,5.679153919219971,55900,0.0,0.0
2017-07-10 00:00:00,5.679151043006373,5.71420699435565,5.626565778683634,5.651105880737305,123800,0.0,0.0
2017-07-11 00:00:00,5.651108742747392,5.689670442491093,5.647603012107101,5.679153919219971,57200,0.0,0.0
2017-07-12 00:00:00,5.7071978204030165,5.7071978204030165,5.626567370992925,5.6546125411987305,109600,0.0,0.0
2017-07-13 00:00:00,5.647600173950195,5.661622420814839,5.619555011571491,5.647600173950195,41900,0.0,0.0
2017-07-14 00:00:00,5.6476011931126076,5.7282309659205985,5.6476011931126076,5.696680068969727,54900,0.0,0.0
2017-07-17 00:00:00,5.675643527958929,5.71771092379879,5.6475983745159555,5.661620616912842,67300,0.0,0.0
2017-07-18 00:00:00,5.65461013783909,5.658115866205988,5.616048463101845,5.626564979553223,47300,0.0,0.0
2017-07-19 00:00:00,5.623062309785601,5.67214119048336,5.612545120214823,5.6546125411987305,47400,0.0,0.0
2017-07-20 00:00:00,5.658118678178864,5.665130138397217,5.644096426391807,5.665130138397217,38400,0.0,0.0
2017-07-21 00:00:00,5.665128752815008,5.689668188927717,5.651106504457525,5.658117294311523,111300,0.0,0.0
2017-07-24 00:00:00,5.661621507931848,5.668632964558346,5.630070621761912,5.64058780670166,48300,0.0,0.0
2017-07-25 00:00:00,5.665128149693354,5.703690498707601,5.626565800679107,5.647600173950195,61900,0.0,0.0
2017-07-26 00:00:00,5.644093535014909,5.661621507931848,5.630070621761912,5.64058780670166,62700,0.0,0.0
2017-07-27 00:00:00,5.644094944000244,5.654611462916017,5.644094944000244,5.644094944000244,68400,0.0,0.0
2017-07-28 00:00:00,5.609038320765564,5.651106402377074,5.609038320765564,5.644094944000244,57500,0.0,0.0
2017-07-31 00:00:00,5.647600673188659,5.654611462916017,5.637083485623413,5.644094944000244,47400,0.0,0.0
2017-08-01 00:00:00,5.644093185873779,5.70018349811743,5.644093185873779,5.682654857635498,111700,0.0,0.0
2017-08-02 00:00:00,5.696676710452399,5.714204679024904,5.668631559546907,5.7001824378967285,99400,0.0,0.0
2017-08-03 00:00:00,5.672141598615569,5.689669580511803,5.6616244082880405,5.665130138397217,74300,0.0,0.0
2017-08-04 00:00:00,5.679151567234923,5.679151567234923,5.612544049953979,5.644094944000244,100600,0.0,0.0
2017-08-07 00:00:00,5.640589202154897,5.647600660515994,5.612544037359978,5.616049766540527,73100,0.0,0.0
2017-08-08 00:00:00,5.612544566650579,5.714208047875973,5.612544566650579,5.696680068969727,345200,0.0,0.0
2017-08-09 00:00:00,5.682654815332625,5.742250855229017,5.626564503506523,5.721217155456543,64700,0.0,0.0
2017-08-10 00:00:00,5.7071972575031955,5.7282309659205985,5.668634901530011,5.696680068969727,85300,0.0,0.0
2017-08-11 00:00:00,5.573982210677395,5.714208047875973,5.573982210677395,5.696680068969727,54900,0.0,0.0
2017-08-14 00:00:00,5.700186344834256,5.731737244809229,5.679152634400807,5.686163425445557,61100,0.0,0.0
2017-08-15 00:00:00,5.700187634411966,5.71070482633284,5.679153919219971,5.679153919219971,43200,0.0,0.0
2017-08-16 00:00:00,5.682656103221771,5.689667560951391,5.644094423007685,5.651105880737305,61700,0.0,0.0
2017-08-17 00:00:00,5.651106823901684,5.682657051651854,5.623061656951904,5.623061656951904,30100,0.0,0.0
2017-08-18 00:00:00,5.616049766540527,5.6686343669498145,5.612544037359978,5.616049766540527,44700,0.0,0.0
2017-08-21 00:00:00,5.6160490651567345,5.626565582735509,5.588003569539659,5.598520755767822,122700,0.0,0.0
2017-08-22 00:00:00,5.63357817665212,5.644095365001858,5.60553300970234,5.623061656951904,67500,0.0,0.0
2017-08-23 00:00:00,5.598521454962519,5.665128637769266,5.598521454962519,5.616049766540527,57600,0.0,0.0
2017-08-24 00:00:00,5.616050198052078,5.63357817665212,5.602027280252426,5.623061656951904,66800,0.0,0.0
2017-08-25 00:00:00,5.644093621387713,5.69667820959255,5.612542734734947,5.626564979553223,82900,0.0,0.0
2017-08-28 00:00:00,5.661620616912842,5.672137800197407,5.626564007946824,5.661620616912842,69200,0.0,0.0
2017-08-29 00:00:00,5.644094931335445,5.658117179408168,5.616049766540527,5.616049766540527,257200,0.0,0.0
2017-08-30 00:00:00,5.641297875561918,5.68097439831793,5.626870017833617,5.652118682861328,112400,0.45,0.0
2017-08-31 00:00:00,5.644903306643459,5.77836139046197,5.61965464732021,5.717042922973633,1112600,0.0,0.0
2017-09-01 00:00:00,5.727865893982517,5.731472944960571,5.666547403304862,5.713438034057617,35300,0.0,0.0
2017-09-05 00:00:00,5.680973379194254,5.7134361392561726,5.623261958634042,5.641296863555908,95600,0.0,0.0
2017-09-06 00:00:00,5.641298889343397,5.670154609985577,5.594408257303023,5.598015308380127,97600,0.0,0.0
2017-09-07 00:00:00,5.5908042790175445,5.605232147268412,5.522271990822802,5.540306568145752,164400,0.0,0.0
2017-09-08 00:00:00,5.551125204077481,5.626871563961136,5.529483239544713,5.608836650848389,58100,0.0,0.0
2017-09-11 00:00:00,5.626869201660156,5.652117863025567,5.612441346024605,5.626869201660156,128600,0.0,0.0
2017-09-12 00:00:00,5.626869201660156,5.637690007390016,5.626869201660156,5.626869201660156,52800,0.0,0.0
2017-09-13 00:00:00,5.630477736112087,5.63408478718919,5.594408257303023,5.598015308380127,315000,0.0,0.0
2017-09-14 00:00:00,5.594406723474599,5.626869486293509,5.594406723474599,5.616048336029053,76000,0.0,0.0
2017-09-15 00:00:00,5.655726919584416,5.655726919584416,5.612443337320739,5.6304779052734375,125600,0.0,0.0
2017-09-18 00:00:00,5.69179520561734,5.69179520561734,5.630476724275245,5.652118682861328,107100,0.0,0.0
2017-09-19 00:00:00,5.65933394964131,5.699010826970369,5.655727242237412,5.680975914001465,56700,0.0,0.0
2017-09-20 00:00:00,5.6773668999821085,5.6881880504150635,5.630476280067676,5.644904136657715,86300,0.0,0.0
2017-09-21 00:00:00,5.662937803336254,5.662937803336254,5.626868341753175,5.655724048614502,44000,0.0,0.0
2017-09-22 00:00:00,5.659331129224755,5.69900798678023,5.659331129224755,5.6737589836120605,27600,0.0,0.0
2017-09-25 00:00:00,5.644903274837451,5.695400937186609,5.634082470043769,5.6737589836120605,68100,0.0,0.0
2017-09-26 00:00:00,5.652117313303522,5.691793826445567,5.652117313303522,5.662938117980957,34600,0.0,0.0
2017-09-27 00:00:00,5.677368618094266,5.691796479050532,5.626871276741006,5.6593337059021,67100,0.0,0.0
2017-09-28 00:00:00,5.655724808814623,5.67736641987594,5.644903659296758,5.67015266418457,24400,0.0,0.0
2017-09-29 00:00:00,5.677367237578965,5.717044103551326,5.673760187220158,5.695402145385742,66100,0.0,0.0
2017-10-02 00:00:00,5.688187881752806,5.709829494002544,5.677366731640713,5.702615737915039,24500,0.0,0.0
2017-10-03 00:00:00,5.68097235216927,5.699007253830727,5.673758253909832,5.677365303039551,109800,0.0,0.0
2017-10-04 00:00:00,5.680973469715229,5.695401325085176,5.6629385645059935,5.67015266418457,32500,0.0,0.0
2017-10-05 00:00:00,5.684582965392717,5.713438688548021,5.662941001032562,5.680975914001465,47700,0.0,0.0
2017-10-06 00:00:00,5.6701535910185195,5.673760297460149,5.626870017833617,5.652118682861328,16200,0.0,0.0
2017-10-09 00:00:00,5.655724362858393,5.680973021768133,5.605226701051737,5.662938117980957,62900,0.0,0.0
2017-10-10 00:00:00,5.659333593651368,5.666547695980081,5.630477872311179,5.637691974639893,39400,0.0,0.0
2017-10-11 00:00:00,5.6412990258042495,5.652119835309987,5.623264113969798,5.637691974639893,63100,0.0,0.0
2017-10-12 00:00:00,5.644905766027996,5.6485128172134695,5.612443337320739,5.6304779052734375,36800,0.0,0.0
2017-10-13 00:00:00,5.659331993247752,5.6773668999821085,5.626869573910593,5.644904136657715,44100,0.0,0.0
2017-10-16 00:00:00,5.626871198075298,5.644905766027996,5.626871198075298,5.6304779052734375,84800,0.0,0.0
2017-10-17 00:00:00,5.644905510617571,5.644905510617571,5.612443083379116,5.634084701538086,54900,0.0,0.0
2017-10-18 00:00:00,5.619654908852228,5.644903569350521,5.619654908852228,5.641296863555908,30500,0.0,0.0
2017-10-19 00:00:00,5.637690380356313,5.644904136657715,5.619655473621957,5.644904136657715,40500,0.0,0.0
2017-10-20 00:00:00,5.644903274837451,5.69900798678023,5.63768951963739,5.6737589836120605,77600,0.0,0.0
2017-10-23 00:00:00,5.691794756572147,5.691794756572147,5.626869573910593,5.644904136657715,53500,0.0,0.0
2017-10-24 00:00:00,5.648509630965251,5.677365336197254,5.6160468765824625,5.623260974884033,40700,0.0,0.0
2017-10-25 00:00:00,5.608833633889554,5.6232614878216225,5.54030106972185,5.54390811920166,100300,0.0,0.0
2017-10-26 00:00:00,5.543909576557885,5.5871931497322675,5.536695819689119,5.561944484710693,54800,0.0,0.0
2017-10-27 00:00:00,5.540304480362227,5.57276725769043,5.540304480362227,5.57276725769043,69300,0.0,0.0
2017-10-30 00:00:00,5.565555595575405,5.572769357707082,5.52948575295448,5.540306568145752,67300,0.0,0.0
2017-10-31 00:00:00,5.533086997120516,5.551121899497094,5.504231290912851,5.511445045471191,52800,0.0,0.0
2017-11-01 00:00:00,5.5114472008064475,5.540302918298579,5.446522008442795,5.5330891609191895,168500,0.0,0.0
2017-11-02 00:00:00,5.460947230876827,5.5294794408393955,5.460947230876827,5.518658638000488,233400,0.0,0.0
2017-11-03 00:00:00,5.50062377132891,5.572763030680061,5.50062377132891,5.536693572998047,220100,0.0,0.0
2017-11-06 00:00:00,5.504231290912851,5.547514850224347,5.489803437809019,5.511445045471191,125000,0.0,0.0
2017-11-07 00:00:00,5.489802934438658,5.565549242285243,5.4753750826577425,5.518658638000488,144300,0.0,0.0
2017-11-08 00:00:00,5.50062377132891,5.5547281298454925,5.323882499921808,5.536693572998047,254200,0.0,0.0
2017-11-09 00:00:00,5.52587366104126,5.554729371230467,5.518659905487557,5.52587366104126,98400,0.0,0.0
2017-11-10 00:00:00,5.561946961189375,5.565554013223443,5.478986484342885,5.482593536376953,101700,0.0,0.0
2017-11-13 00:00:00,5.453734605840262,5.540301739904264,5.453734605840262,5.529480934143066,64500,0.0,0.0
2017-11-14 00:00:00,5.500626335400956,5.529482052592273,5.500626335400956,5.522268295288086,113500,0.0,0.0
2017-11-15 00:00:00,5.507840697926688,5.522268557206653,5.482591686196274,5.493412494659424,54900,0.0,0.0
2017-11-16 00:00:00,5.511444696443153,5.5258725486333,5.486196041107178,5.486196041107178,81100,0.0,0.0
2017-11-17 00:00:00,5.482590095757448,5.52948071081171,5.482590095757448,5.52587366104126,44700,0.0,0.0
2017-11-20 00:00:00,5.504233468779237,5.551124095916748,5.504233468779237,5.551124095916748,84600,0.0,0.0
2017-11-21 00:00:00,5.601621007457061,5.601621007457061,5.536695819689119,5.561944484710693,48400,0.0,0.0
2017-11-22 00:00:00,5.579978242616591,5.630475562250312,5.561943338181467,5.576371192932129,58100,0.0,0.0
2017-11-24 00:00:00,5.616047513773786,5.616047513773786,5.569156901454833,5.590798854827881,54000,0.0,0.0
2017-11-27 00:00:00,5.590798730477675,5.601619534929934,5.54390811920166,5.54390811920166,98000,0.0,0.0
2017-11-28 00:00:00,5.540300277975263,5.5583351788098305,5.497016722364571,5.536693572998047,97400,0.0,0.0
2017-11-29 00:00:00,5.533092806014075,5.554734436396619,5.511450831644018,5.540306568145752,120700,0.0,0.0
2017-11-30 00:00:00,5.599598835489668,5.607010784036816,5.53289306567113,5.540304660797119,131100,0.41,0.0
2017-12-01 00:00:00,5.532891171636892,5.555126302824428,5.484714582835847,5.547714710235596,159000,0.0,0.0
2017-12-04 00:00:00,5.577363049818704,5.577363049818704,5.492127418518066,5.492127418518066,152200,0.0,0.0
2017-12-05 00:00:00,5.4921269562660795,5.529185984742212,5.4921269562660795,5.503244876861572,70500,0.0,0.0
2017-12-06 00:00:00,5.536596882488461,5.566244313595627,5.503244185157357,5.525479316711426,117900,0.0,0.0
2017-12-07 00:00:00,5.525478845517829,5.547714328596778,5.4958317703599056,5.529184818267822,73300,0.0,0.0
2017-12-08 00:00:00,5.5291837538912265,5.544007288616633,5.495830712403823,5.536595344543457,110000,0.0,0.0
2017-12-11 00:00:00,5.544007977830049,5.544007977830049,5.495831395628078,5.5143609046936035,48700,0.0,0.0
2017-12-12 00:00:00,5.506949160170756,5.514361105435182,5.46618452147942,5.484714031219482,115200,0.0,0.0
2017-12-13 00:00:00,5.4847121309162095,5.521770784135519,5.4661826275961145,5.488418102264404,328500,0.0,0.0
2017-12-14 00:00:00,5.4884189454744865,5.499536507806232,5.451359933140757,5.495830535888672,271900,0.0,0.0
2017-12-15 00:00:00,5.49953821209133,5.558832367463575,5.484714673248269,5.525479316711426,100600,0.0,0.0
2017-12-18 00:00:00,5.55882979077571,5.588476854719509,5.469888598944309,5.488418102264404,306400,0.0,0.0
2017-12-19 00:00:00,5.477302099634266,5.4884200175586715,5.399478441268443,5.403184413909912,179500,0.0,0.0
2017-12-20 00:00:00,5.410595690498213,5.440242761123878,5.4068897183147655,5.43653678894043,255000,0.0,0.0
2017-12-21 00:00:00,5.418007001183449,5.469889548805081,5.40688943862915,5.40688943862915,227900,0.0,0.0
2017-12-22 00:00:00,5.403184508891362,5.425419991710043,5.377243406787076,5.384654998779297,169100,0.0,0.0
2017-12-26 00:00:00,5.392069443321753,5.421716531873558,5.369833950197313,5.373539924621582,292500,0.0,0.0
2017-12-27 00:00:00,5.373537434080461,5.410596454304592,5.3587138966750105,5.384654998779297,184300,0.0,0.0
2017-12-28 00:00:00,5.377243406787076,5.418008046296813,5.362419869381625,5.384654998779297,210400,0.0,0.0
2017-12-29 00:00:00,5.410596567041819,5.410596567041819,5.366125600477844,5.377243518829346,159200,0.0,0.0
2018-01-02 00:00:00,5.377243518829346,5.38094949161318,5.358714008331193,5.377243518829346,151500,0.0,0.0
2018-01-03 00:00:00,5.373538006688893,5.392067518775478,5.355008494602308,5.36612606048584,156600,0.0,0.0
2018-01-04 00:00:00,5.373537057652081,5.395772538913117,5.355007548838049,5.369831085205078,92200,0.0,0.0
2018-01-05 00:00:00,5.358714008331193,5.392067056543666,5.358714008331193,5.377243518829346,67300,0.0,0.0
2018-01-08 00:00:00,5.3846540577741475,5.425419043580934,5.3846540577741475,5.39206600189209,58700,0.0,0.0
2018-01-09 00:00:00,5.3809490801684134,5.436537253991405,5.3809490801684134,5.4291253089904785,100500,0.0,0.0
2018-01-10 00:00:00,5.418009069236951,5.44765614964533,5.414303095830634,5.443950176239014,42500,0.0,0.0
2018-01-11 00:00:00,5.436535375996831,5.529182535978481,5.436535375996831,5.518064975738525,66700,0.0,0.0
2018-01-12 00:00:00,5.525480545425055,5.577363119623537,5.5180689510659136,5.562539577484131,116300,0.0,0.0
2018-01-16 00:00:00,5.566241249608234,5.573652838239468,5.532888217215562,5.558829307556152,92400,0.0,0.0
2018-01-17 00:00:00,5.5477129944279575,5.61812469263947,5.5291834885551605,5.595889568328857,78300,0.0,0.0
2018-01-18 00:00:00,5.58847999076183,5.61071547790783,5.562538883609063,5.584774017333984,78600,0.0,0.0
2018-01-19 00:00:00,5.592183596470112,5.629242254794777,5.573654090597316,5.595889568328857,75500,0.0,0.0
2018-01-22 00:00:00,5.59218528295469,5.625538332900111,5.588479309978302,5.614420413970947,62900,0.0,0.0
2018-01-23 00:00:00,5.6070093129037195,5.662597498737803,5.603303339602497,5.6255388259887695,29800,0.0,0.0
2018-01-24 00:00:00,5.621832274708636,5.684832400668141,5.621832274708636,5.640361785888672,68900,0.0,0.0
2018-01-25 00:00:00,5.644069044232085,5.662598560792458,5.592186821968399,5.607010364532471,46000,0.0,0.0
2018-01-26 00:00:00,5.603302891625474,5.610714837635345,5.53659679122079,5.547714710235596,348000,0.0,0.0
2018-01-29 00:00:00,5.551421809138991,5.551421809138991,5.455068959282236,5.469892501831055,84900,0.0,0.0
2018-01-30 00:00:00,5.414301989925366,5.462478574103881,5.4105963706970215,5.4105963706970215,49400,0.0,0.0
2018-01-31 00:00:00,5.429124563737749,5.462477604821587,5.351300919015772,5.40688943862915,172000,0.0,0.0
2018-02-01 00:00:00,5.36983079486656,5.436536881621984,5.362419203794271,5.4180073738098145,134600,0.0,0.0
2018-02-02 00:00:00,5.373537351045547,5.414301989925366,5.35500784121981,5.4105963706970215,174000,0.0,0.0
2018-02-05 00:00:00,5.373538917819594,5.418009542315154,5.258656206140232,5.31795072555542,234700,0.0,0.0
2018-02-06 00:00:00,5.31794917498934,5.421713935224062,5.277184182688517,5.4105963706970215,100100,0.0,0.0
2018-02-07 00:00:00,5.421713346056442,5.462477980506442,5.414301401563187,5.4180073738098145,115000,0.0,0.0
2018-02-08 00:00:00,5.46247665624792,5.540300287455615,5.451359095624214,5.488418102264404,183000,0.0,0.0
2018-02-09 00:00:00,5.525477696224257,5.529183668203412,5.410595392237958,5.477301120758057,145900,0.0,0.0
2018-02-12 00:00:00,5.503243168246639,5.532890240454459,5.418007570583421,5.473596096038818,79300,0.0,0.0
2018-02-13 00:00:00,5.392068028773117,5.521773918805081,5.280891299159233,5.506950378417969,109300,0.0,0.0
2018-02-14 00:00:00,5.451363398758296,5.555128204470257,5.451363398758296,5.540304660797119,106700,0.0,0.0
2018-02-15 00:00:00,5.51806807420076,5.636656392471373,5.51806807420076,5.6255388259887695,89600,0.0,0.0
2018-02-16 00:00:00,5.603303339602497,5.666303472039027,5.603303339602497,5.6255388259887695,74700,0.0,0.0
2018-02-20 00:00:00,5.584772615037413,5.614419688173858,5.469890294988936,5.5143609046936035,90400,0.0,0.0
2018-02-21 00:00:00,5.50324115584893,5.588476368922784,5.50324115584893,5.558829307556152,117300,0.0,0.0
2018-02-22 00:00:00,5.577359101579442,5.6255356671804035,5.518064975738525,5.518064975738525,78300,0.0,0.0
2018-02-23 00:00:00,5.521774558096806,5.577363106050136,5.521774558096806,5.551421642303467,56300,0.0,0.0
2018-02-26 00:00:00,5.5588307508781805,5.5847718479542445,5.536595272369454,5.566242694854736,127300,0.0,0.0
2018-02-27 00:00:00,5.58847780618614,5.5995953687026665,5.469889530220685,5.477301120758057,153500,0.0,0.0
2018-02-28 00:00:00,5.481116122873619,5.500174318242366,5.38201379776001,5.38201379776001,152900,0.41,0.0
2018-03-01 00:00:00,5.382011117796855,5.47348997380929,5.382011117796855,5.408692359924316,104600,0.0,0.0
2018-03-02 00:00:00,5.393445799692767,5.439185590489327,5.38582274356311,5.423938751220703,39100,0.0,0.0
2018-03-05 00:00:00,5.404882043314308,5.526853874569501,5.404882043314308,5.503983974456787,68000,0.0,0.0
2018-03-06 00:00:00,5.477302579697674,5.568781450674799,5.4696795222019405,5.5497236251831055,90700,0.0,0.0
2018-03-07 00:00:00,5.542100643383345,5.553535412285489,5.503984262369867,5.530665874481201,28900,0.0,0.0
2018-03-08 00:00:00,5.553534541792076,5.6602602464991065,5.553534541792076,5.625955581665039,75900,0.0,0.0
2018-03-09 00:00:00,5.603085473175087,5.6450135568416435,5.591650706495425,5.63739013671875,106900,0.0,0.0
2018-03-12 00:00:00,5.591652296184413,5.686942893783323,5.591652296184413,5.6640729904174805,79700,0.0,0.0
2018-03-13 00:00:00,5.679317335562118,5.725057125091553,5.660259514013606,5.725057125091553,79500,0.0,0.0
2018-03-14 00:00:00,5.744112399434717,5.770793992079142,5.72886593085411,5.755547523498535,67200,0.0,0.0
2018-03-15 00:00:00,5.782231245429653,5.782231245429653,5.721245344815452,5.744114875793457,71800,0.0,0.0
2018-03-16 00:00:00,5.77460533659593,5.79366351319781,5.7403010549179285,5.755547523498535,104800,0.0,0.0
2018-03-19 00:00:00,5.751738336560821,5.751738336560821,5.671694250551846,5.709810256958008,41400,0.0,0.0
2018-03-20 00:00:00,5.698376742894132,5.698376742894132,5.645014249504826,5.683130264282227,26100,0.0,0.0
2018-03-21 00:00:00,5.660261291510646,5.732681981249405,5.633579678655517,5.667884349822998,81100,0.0,0.0
2018-03-22 00:00:00,5.652635995090914,5.686940654881825,5.629766464233398,5.629766464233398,55700,0.0,0.0
2018-03-23 00:00:00,5.622144929324098,5.645014831351579,5.542100817485056,5.557347297668457,37100,0.0,0.0
2018-03-26 00:00:00,5.561160255346278,5.64501609690699,5.561160255346278,5.587841510772705,50600,0.0,0.0
2018-03-27 00:00:00,5.595461774987127,5.641201199966018,5.545910640383837,5.6145195960998535,38500,0.0,0.0
2018-03-28 00:00:00,5.599272981393081,5.637389349676723,5.5611569766140665,5.60689640045166,34300,0.0,0.0
2018-03-29 00:00:00,5.610707722308558,5.683128380838013,5.610707722308558,5.645012378692627,37700,0.0,0.0
2018-04-02 00:00:00,5.610708852616745,5.679317815701933,5.595462375986184,5.6183319091796875,20300,0.0,0.0
2018-04-03 00:00:00,5.5954636239280084,5.68313079322975,5.5954636239280084,5.6488261222839355,29200,0.0,0.0
2018-04-04 00:00:00,5.637388796740354,5.7021863983641765,5.6183306144678316,5.6755051612854,29800,0.0,0.0
2018-04-05 00:00:00,5.690752364526291,5.690752364526291,5.629766464233398,5.629766464233398,35800,0.0,0.0
2018-04-06 00:00:00,5.622143015348654,5.690752334569308,5.603084830731291,5.6145195960998535,67500,0.0,0.0
2018-04-09 00:00:00,5.633577087584931,5.717432871481276,5.633577087584931,5.6755051612854,483000,0.0,0.0
2018-04-10 00:00:00,5.706000857991225,5.706000857991225,5.660261416592078,5.671696186065674,145900,0.0,0.0
2018-04-11 00:00:00,5.683130692061732,5.70981194076473,5.656449443358733,5.660261154174805,86900,0.0,0.0
2018-04-12 00:00:00,5.671695192974451,5.694564727917276,5.652637004852295,5.652637004852295,38500,0.0,0.0
2018-04-13 00:00:00,5.660260425503039,5.690753381096608,5.63739052705551,5.652637004852295,82400,0.0,0.0
2018-04-16 00:00:00,5.6869412770035215,5.6869412770035215,5.6259553700390885,5.63739013671875,39500,0.0,0.0
2018-04-17 00:00:00,5.648826021726591,5.671695923118269,5.648826021726591,5.660261154174805,35500,0.0,0.0
2018-04-18 00:00:00,5.6640725014861255,5.698377171821267,5.660261154174805,5.660261154174805,86700,0.0,0.0
2018-04-19 00:00:00,5.6450135568416435,5.679317856880628,5.633578426657303,5.63739013671875,29500,0.0,0.0
2018-04-20 00:00:00,5.637391252783127,5.671695923118269,5.6297681946557345,5.660261154174805,29700,0.0,0.0
2018-04-23 00:00:00,5.671696186065674,5.67931924454648,5.652637994606504,5.671696186065674,29700,0.0,0.0
2018-04-24 00:00:00,5.660260602825063,5.686941848929118,5.660260602825063,5.679318428039551,59600,0.0,0.0
2018-04-25 00:00:00,5.690753685340541,5.690753685340541,5.656449017587574,5.683130264282227,30400,0.0,0.0
2018-04-26 00:00:00,5.683128134380549,5.69456289817782,5.652635188584773,5.690751552581787,59300,0.0,0.0
2018-04-27 00:00:00,5.69456490631397,5.713623095033173,5.679318428039551,5.679318428039551,75900,0.0,0.0
2018-04-30 00:00:00,5.66407220034913,5.713623347809362,5.66407220034913,5.686942100524902,65800,0.0,0.0
2018-05-01 00:00:00,5.656447775288454,5.717433676342026,5.656447775288454,5.709810256958008,55100,0.0,0.0
2018-05-02 00:00:00,5.698375491386623,5.744114917176803,5.698375491386623,5.709810256958008,40400,0.0,0.0
2018-05-03 00:00:00,5.7212493911031705,5.763177136552188,5.709814254022159,5.751742362976074,39600,0.0,0.0
2018-05-04 00:00:00,5.732681737687437,5.816537556589116,5.732681737687437,5.786044597625732,68500,0.0,0.0
2018-05-07 00:00:00,5.808914343110664,5.915640066809057,5.793667863083002,5.88895845413208,81300,0.0,0.0
2018-05-08 00:00:00,5.89276947497983,5.9461323305803075,5.87371128630075,5.900392532348633,81300,0.0,0.0
2018-05-09 00:00:00,5.908012899770838,5.999491721945558,5.908012899770838,5.965187072753906,92000,0.0,0.0
2018-05-10 00:00:00,5.9842480353131045,5.999494512767857,5.965189847618491,5.980436325073242,81300,0.0,0.0
2018-05-11 00:00:00,5.991871226388936,6.049045423779121,5.984247806201081,6.041422367095947,178700,0.0,0.0
2018-05-14 00:00:00,6.071913270040594,6.155768682756621,6.056666798319083,6.129087448120117,141300,0.0,0.0
2018-05-15 00:00:00,6.129087797738546,6.2396251784055226,6.098594852556132,6.1252760887146,111900,0.0,0.0
2018-05-16 00:00:00,6.132900685767602,6.136712395524323,6.098596024966422,6.117653846740723,49600,0.0,0.0
2018-05-17 00:00:00,6.136713200405192,6.136713200405192,6.106220245361328,6.106220245361328,25400,0.0,0.0
2018-05-18 00:00:00,6.1176538757750265,6.132900714874268,6.098596053910278,6.132900714874268,30800,0.0,0.0
2018-05-21 00:00:00,6.136710832463712,6.167203775741419,6.125275706106154,6.163392066955566,99100,0.0,0.0
2018-05-22 00:00:00,6.171019735830152,6.171019735830152,6.117656503074643,6.14052677154541,72400,0.0,0.0
2018-05-23 00:00:00,6.171019202461357,6.174830913543701,6.113844990245306,6.174830913543701,62400,0.0,0.0
2018-05-24 00:00:00,6.182452075737802,6.190075496012236,6.136713008109947,6.178640365600586,115600,0.0,0.0
2018-05-25 00:00:00,6.19388640665728,6.212944227874053,6.174828585440507,6.19769811630249,76900,0.0,0.0
2018-05-29 00:00:00,6.159579787186159,6.228189084953302,6.1557680787536455,6.216753959655762,101700,0.0,0.0
2018-05-30 00:00:00,6.212946237524574,6.262497751931048,6.212946237524574,6.243439197540283,123700,0.0,0.0
2018-05-31 00:00:00,6.235617140295516,6.262983738968183,6.1808846886239115,6.231707572937012,92000,0.41,0.0
2018-06-01 00:00:00,6.251256543197854,6.251256543197854,6.153519572705691,6.204342842102051,79300,0.0,0.0
2018-06-04 00:00:00,6.212161456872834,6.235618119031866,6.165247759717847,6.216070652008057,58200,0.0,0.0
2018-06-05 00:00:00,6.216072578033286,6.247348385827294,6.208253812503303,6.219982147216797,27500,0.0,0.0
2018-06-06 00:00:00,6.227799859422548,6.247346955189756,6.192614490502451,6.200433254241943,46400,0.0,0.0
2018-06-07 00:00:00,6.176977606145221,6.216072176946669,6.176977606145221,6.192615509033203,35100,0.0,0.0
2018-06-08 00:00:00,6.157429205478002,6.219980807594024,6.157429205478002,6.196524143218994,132300,0.0,0.0
2018-06-11 00:00:00,6.192612627262054,6.216069284259818,6.1887030601501465,6.1887030601501465,80000,0.0,0.0
2018-06-12 00:00:00,6.216071180400572,6.216071180400572,6.169157479257721,6.184795379638672,26700,0.0,0.0
2018-06-13 00:00:00,6.180887710175336,6.192616045147428,6.157430667394105,6.161340236663818,20700,0.0,0.0
2018-06-14 00:00:00,6.200433280019622,6.200433280019622,6.157429147181247,6.184795379638672,30400,0.0,0.0
2018-06-15 00:00:00,6.196525547301405,6.196525547301405,6.14961146224708,6.169158935546875,30200,0.0,0.0
2018-06-18 00:00:00,6.196524097860495,6.212161998275032,6.16915749250734,6.208252429962158,74900,0.0,0.0
2018-06-19 00:00:00,6.184795968559371,6.196524674589615,6.153520164819366,6.165248870849609,23100,0.0,0.0
2018-06-20 00:00:00,6.184797831813422,6.196526541377099,6.165250728214832,6.176979064941406,144900,0.0,0.0
2018-06-21 00:00:00,6.188705006536013,6.208252475406509,6.14961006879502,6.196524143218994,68900,0.0,0.0
2018-06-22 00:00:00,6.2121635186589454,6.2121635186589454,6.161340236663818,6.161340236663818,60400,0.0,0.0
2018-06-25 00:00:00,6.165249805933531,6.196525614417141,6.161340236663818,6.161340236663818,57000,0.0,0.0
2018-06-26 00:00:00,6.161338715485723,6.200433280019622,6.161338715485723,6.184795379638672,52900,0.0,0.0
2018-06-27 00:00:00,6.176975256000109,6.176975256000109,6.118332862854004,6.118332862854004,45400,0.0,0.0
2018-06-28 00:00:00,6.130063448997675,6.141791782096348,6.118334743062015,6.133972644805908,37300,0.0,0.0
2018-06-29 00:00:00,6.141788957374164,6.141788957374164,6.075327812320082,6.102694034576416,38000,0.0,0.0
2018-07-02 00:00:00,6.0909685003742835,6.161339244549656,6.083149735930902,6.153520107269287,15700,0.0,0.0
2018-07-03 00:00:00,6.141791801323475,6.17306760490917,6.137882232666016,6.137882232666016,16900,0.0,0.0
2018-07-05 00:00:00,6.157430219342055,6.169158553460722,6.10269737205991,6.145701885223389,20200,0.0,0.0
2018-07-06 00:00:00,6.137882747252931,6.157430219342055,6.137882747252931,6.145701885223389,23300,0.0,0.0
2018-07-09 00:00:00,6.145700434914426,6.157428766265352,6.13006253550088,6.141790866851807,41800,0.0,0.0
2018-07-10 00:00:00,6.14179177418572,6.1769771462734075,6.14179177418572,6.153520107269287,32700,0.0,0.0
2018-07-11 00:00:00,6.161338689870576,6.212161959106611,6.130062889238702,6.200433254241943,26700,0.0,0.0
2018-07-12 00:00:00,6.204343842989936,6.251257551653883,6.184796371170705,6.192615509033203,50300,0.0,0.0
2018-07-13 00:00:00,6.192613017862561,6.2473454695341655,6.192613017862561,6.231707572937012,16100,0.0,0.0
2018-07-16 00:00:00,6.235620468317216,6.251258373260498,6.23171089887213,6.251258373260498,19200,0.0,0.0
2018-07-17 00:00:00,6.251257989697857,6.298172074486225,6.239529654919285,6.270805835723877,36500,0.0,0.0
2018-07-18 00:00:00,6.270805646496497,6.274714469909668,6.235619897548463,6.274714469909668,32000,0.0,0.0
2018-07-19 00:00:00,6.274716482372174,6.3020834747600745,6.270807657705342,6.298173904418945,104100,0.0,0.0
2018-07-20 00:00:00,6.298173904418945,6.337268116481638,6.2825356230544305,6.298173904418945,35500,0.0,0.0
2018-07-23 00:00:00,6.313811440109163,6.333359291814807,6.290354763736688,6.298173904418945,14000,0.0,0.0
2018-07-24 00:00:00,6.282532638962829,6.333356283582875,6.282532638962829,6.313808441162109,38200,0.0,0.0
2018-07-25 00:00:00,6.3294500091690375,6.3646353981641965,6.3294500091690375,6.348997116088867,21300,0.0,0.0
2018-07-26 00:00:00,6.360723476697131,6.372451438244596,6.3372660622540895,6.356813907623291,36000,0.0,0.0
2018-07-27 00:00:00,6.372452295584281,6.411547245908399,6.348995623659471,6.3802714347839355,63300,0.0,0.0
2018-07-30 00:00:00,6.356814250761151,6.41936586797099,6.356814250761151,6.3724517822265625,41900,0.0,0.0
2018-07-31 00:00:00,6.39200002072443,6.4428229331970215,6.372452173101017,6.4428229331970215,53300,0.0,0.0
2018-08-01 00:00:00,6.450642072246387,6.450642072246387,6.341176362577697,6.4428229331970215,36400,0.0,0.0
2018-08-02 00:00:00,6.42327585596891,6.431094995048369,6.364633804221259,6.403728008270264,36500,0.0,0.0
2018-08-03 00:00:00,6.423277429820278,6.423277429820278,6.3646353637039645,6.388092041015625,23700,0.0,0.0
2018-08-06 00:00:00,6.411545276641846,6.411545276641846,6.372450338325496,6.411545276641846,25500,0.0,0.0
2018-08-07 00:00:00,6.442822055446614,6.446731624438669,6.3919991498979805,6.4154558181762695,41400,0.0,0.0
2018-08-08 00:00:00,6.415454845040874,6.427183550237957,6.391998180320634,6.411545276641846,44800,0.0,0.0
2018-08-09 00:00:00,6.415456272922512,6.470188751342799,6.415456272922512,6.4545512199401855,34600,0.0,0.0
2018-08-10 00:00:00,6.4545489238648,6.470186449704679,6.427182694389639,6.431092262268066,19100,0.0,0.0
2018-08-13 00:00:00,6.431093118636984,6.4467306465591685,6.411545276641846,6.411545276641846,26600,0.0,0.0
2018-08-14 00:00:00,6.399816345170682,6.435000964070546,6.391997209560128,6.407634735107422,26400,0.0,0.0
2018-08-15 00:00:00,6.423272696249859,6.423272696249859,6.380268198141638,6.399816036224365,22600,0.0,0.0
2018-08-16 00:00:00,6.372451304937705,6.431094094144489,6.372451304937705,6.4154558181762695,44200,0.0,0.0
2018-08-17 00:00:00,6.431090665660487,6.450637754525958,6.423271531844843,6.43890905380249,22100,0.0,0.0
2018-08-20 00:00:00,6.431093637942294,6.470187833741541,6.391998696469061,6.462369441986084,43000,0.0,0.0
2018-08-21 00:00:00,6.466278481267042,6.513191810654652,6.462368912872421,6.493644714355469,67500,0.0,0.0
2018-08-22 00:00:00,6.489736597688682,6.501464559822119,6.423275411460866,6.4545512199401855,62700,0.0,0.0
2018-08-23 00:00:00,6.481916539885707,6.4975548147445945,6.458459873271361,6.462369441986084,26300,0.0,0.0
2018-08-24 00:00:00,6.489736461046082,6.536649799940247,6.481917322672363,6.513193130493164,81100,0.0,0.0
2018-08-27 00:00:00,6.536648750305176,6.583562827340098,6.532739181746102,6.536648750305176,85000,0.0,0.0
2018-08-28 00:00:00,6.548378430120923,6.548378430120923,6.536649722698938,6.5405592918396,79000,0.0,0.0
2018-08-29 00:00:00,6.564017700163671,6.564017700163671,6.536650712036977,6.548379421234131,131700,0.0,0.0
2018-08-30 00:00:00,6.548379613537953,6.588455528669365,6.5283420381644985,6.584447860717773,65400,0.41,0.0
2018-08-31 00:00:00,6.564406188666988,6.564406188666988,6.480247497558594,6.480247497558594,40000,0.0,0.0
2018-09-04 00:00:00,6.47223449542065,6.552386313846821,6.4642191607011545,6.540363311767578,56800,0.0,0.0
2018-09-05 00:00:00,6.55639456222998,6.55639456222998,6.500287978605774,6.512310981750488,32800,0.0,0.0
2018-09-06 00:00:00,6.536355714844669,6.536355714844669,6.504295140005588,6.524333477020264,18800,0.0,0.0
2018-09-07 00:00:00,6.536355972290039,6.536355972290039,6.480250155207926,6.536355972290039,37800,0.0,0.0
2018-09-10 00:00:00,6.49627874900164,6.5283400830124245,6.456203610256709,6.460211277008057,58000,0.0,0.0
2018-09-11 00:00:00,6.45219637163291,6.45219637163291,6.39208251295032,6.400097846984863,60100,0.0,0.0
2018-09-12 00:00:00,6.39609349835767,6.412123792551355,6.311934358292739,6.384070873260498,62500,0.0,0.0
2018-09-13 00:00:00,6.408114186602594,6.428152526028563,6.34800069709367,6.368038654327393,63600,0.0,0.0
2018-09-14 00:00:00,6.3479973117076725,6.440171330757266,6.3479973117076725,6.412118434906006,14100,0.0,0.0
2018-09-17 00:00:00,6.4562036667261955,6.468225902701119,6.428150763605668,6.4361653327941895,48200,0.0,0.0
2018-09-18 00:00:00,6.472233772277832,6.488264439925715,6.452196202102282,6.472233772277832,55400,0.0,0.0
2018-09-19 00:00:00,6.468225424399549,6.496278325445668,6.448187856333528,6.492271423339844,50500,0.0,0.0
2018-09-20 00:00:00,6.492272106837687,6.496279009365352,6.456203869014254,6.472233772277832,46100,0.0,0.0
2018-09-21 00:00:00,6.480251419415404,6.496281328401324,6.452198505401611,6.452198505401611,20500,0.0,0.0
2018-09-24 00:00:00,6.448189838226713,6.4722350801732444,6.384068683446323,6.42013692855835,35300,0.0,0.0
2018-09-25 00:00:00,6.412121593114686,6.448189838226713,6.412121593114686,6.42013692855835,15900,0.0,0.0
2018-09-26 00:00:00,6.4081105873516195,6.432155816772779,6.38406535793046,6.392080307006836,32900,0.0,0.0
2018-09-27 00:00:00,6.392085222976728,6.424146190515499,6.38407026773628,6.396092891693115,18300,0.0,0.0
2018-09-28 00:00:00,6.396087353507051,6.424140628038919,6.396087353507051,6.416125297546387,51300,0.0,0.0
2018-10-01 00:00:00,6.42414106648084,6.42414106648084,6.299906110711623,6.372042179107666,67400,0.0,0.0
2018-10-02 00:00:00,6.376053958328874,6.4081145387879594,6.339985709764336,6.380061626434326,47200,0.0,0.0
2018-10-03 00:00:00,6.384065175667023,6.432155633136372,6.33998161933342,6.372042179107666,39400,0.0,0.0
2018-10-04 00:00:00,6.360021837976034,6.42815102958746,6.315938648077983,6.335976600646973,37000,0.0,0.0
2018-10-05 00:00:00,6.327958616513183,6.408110011028564,6.327958616513183,6.34398889541626,26000,0.0,0.0
2018-10-08 00:00:00,6.356013289076315,6.432157039642334,6.356013289076315,6.432157039642334,46900,0.0,0.0
2018-10-09 00:00:00,6.396089486438176,6.4401726722717285,6.396089486438176,6.4401726722717285,29400,0.0,0.0
2018-10-10 00:00:00,6.4281506289394,6.444180531364905,6.339983490254188,6.356013774871826,42000,0.0,0.0
2018-10-11 00:00:00,6.315938670685168,6.347999242033445,6.167658432651345,6.2317795753479,118900,0.0,0.0
2018-10-12 00:00:00,6.255824966172927,6.263840300302633,6.187696154839093,6.207734107971191,50900,0.0,0.0
2018-10-15 00:00:00,6.191701513569576,6.3359744165804255,6.191701513569576,6.267845630645752,148100,0.0,0.0
2018-10-16 00:00:00,6.275860158588036,6.291890437603648,6.243799600556812,6.271852493286133,28400,0.0,0.0
2018-10-17 00:00:00,6.267848467430405,6.267848467430405,6.2518181800842285,6.2518181800842285,33100,0.0,0.0
2018-10-18 00:00:00,6.231778081487932,6.315937156650882,6.163649288156399,6.171664237976074,219900,0.0,0.0
2018-10-19 00:00:00,6.211740942947021,6.239793844258853,6.179680375107179,6.1957106590271,22600,0.0,0.0
2018-10-22 00:00:00,6.207732139421296,6.22777008619911,6.175671577453613,6.175671577453613,30000,0.0,0.0
2018-10-23 00:00:00,6.163647836453714,6.199716057627392,6.139602228273937,6.183685779571533,39100,0.0,0.0
2018-10-24 00:00:00,6.175674937193427,6.247811431961005,6.163652315462914,6.191705226898193,69100,0.0,0.0
2018-10-25 00:00:00,6.219757915668887,6.231780536230227,6.17968200420813,6.2037272453308105,53200,0.0,0.0
2018-10-26 00:00:00,6.1716627843856555,6.203723340497375,6.135594945403954,6.183685779571533,72300,0.0,0.0
2018-10-29 00:00:00,6.203727324306343,6.243803236277279,6.15964412689209,6.15964412689209,50900,0.0,0.0
2018-10-30 00:00:00,6.135599404027635,6.215750852551471,6.135599404027635,6.191705226898193,40500,0.0,0.0
2018-10-31 00:00:00,6.199722586549709,6.2197605507694895,6.159646658110146,6.163654327392578,47700,0.0,0.0
2018-11-01 00:00:00,6.183688588098627,6.211741491889543,6.147620350543363,6.151628017425537,143500,0.0,0.0
2018-11-02 00:00:00,6.151629173813236,6.187697035956413,6.1115532618423,6.15964412689209,73400,0.0,0.0
2018-11-05 00:00:00,6.15563530211556,6.195711206552998,6.143612683661189,6.151628017425537,71400,0.0,0.0
2018-11-06 00:00:00,6.179678114509574,6.191700727503474,6.1596401713917555,6.183685779571533,54200,0.0,0.0
2018-11-07 00:00:00,6.191703303047038,6.364029150473359,6.159642733599182,6.295900344848633,229900,0.0,0.0
2018-11-08 00:00:00,6.4121191200259275,6.4642172515471055,6.307922092599407,6.448187351226807,77900,0.0,0.0
2018-11-09 00:00:00,6.44017648809951,6.484260082244873,6.436168819142233,6.484260082244873,28800,0.0,0.0
2018-11-12 00:00:00,6.484254773463011,6.520323000164079,6.432155884057438,6.500284671783447,66900,0.0,0.0
2018-11-13 00:00:00,6.488264439925715,6.548377914836669,6.452196202102282,6.472233772277832,53500,0.0,0.0
2018-11-14 00:00:00,6.47223409991514,6.504294672449572,6.448188861610402,6.468226432800293,128000,0.0,0.0
2018-11-15 00:00:00,6.480246854989761,6.480246854989761,6.356011899220543,6.372042179107666,86700,0.0,0.0
2018-11-16 00:00:00,6.364030986442199,6.420137190258176,6.364030986442199,6.368038654327393,72100,0.0,0.0
2018-11-19 00:00:00,6.372044560056123,6.400097846984863,6.31994641760024,6.400097846984863,49900,0.0,0.0
2018-11-20 00:00:00,6.380059187281639,6.384066853854925,6.271854482955634,6.34799861907959,90600,0.0,0.0
2018-11-21 00:00:00,6.360020431660021,6.388073329738307,6.331967533581736,6.352005481719971,44900,0.0,0.0
2018-11-23 00:00:00,6.327959867515674,6.400096327936492,6.327959867515674,6.352005481719971,9200,0.0,0.0
2018-11-26 00:00:00,6.408110404401698,6.408110404401698,6.33998161933342,6.372042179107666,91600,0.0,0.0
2018-11-27 00:00:00,6.364028097726083,6.408111277876542,6.343990149587848,6.352005481719971,68300,0.0,0.0
2018-11-28 00:00:00,6.396090076161784,6.396090076161784,6.311930981125754,6.335976600646973,138500,0.0,0.0
2018-11-29 00:00:00,6.315405454763731,6.447061986880514,6.315405454763731,6.414147853851318,85900,0.41,0.0
2018-11-30 00:00:00,6.397689965631867,6.4059183016486285,6.344204408237133,6.368889808654785,61300,0.0,0.0
2018-12-03 00:00:00,6.389460617766904,6.438831806182861,6.348318156937269,6.438831806182861,73400,0.0,0.0
2018-12-04 00:00:00,6.426492438091871,6.447063875352752,6.364778518676758,6.364778518676758,58400,0.0,0.0
2018-12-06 00:00:00,6.323634496264457,6.3976915000135035,6.1055782425636025,6.385348796844482,111300,0.0,0.0
2018-12-07 00:00:00,6.389462008624515,6.4182621690785355,6.360662240537907,6.405919075012207,77900,0.0,0.0
2018-12-10 00:00:00,6.405919124410311,6.414147853851318,6.323633791837322,6.414147853851318,127200,0.0,0.0
2018-12-11 00:00:00,6.418262212189935,6.488204842899284,6.381233714477054,6.4552903175354,160500,0.0,0.0
2018-12-12 00:00:00,6.475859757462722,6.51700260724084,6.38946008682251,6.38946008682251,58200,0.0,0.0
2018-12-13 00:00:00,6.335978545732243,6.397692859425619,6.327750205993652,6.327750205993652,47000,0.0,0.0
2018-12-14 00:00:00,6.315406261909667,6.430605742235021,6.290720462799072,6.290720462799072,49400,0.0,0.0
2018-12-17 00:00:00,6.335975712998524,6.335975712998524,6.1384909391547415,6.1837477684021,214300,0.0,0.0
2018-12-18 00:00:00,6.257804376419204,6.315404294824731,6.216661521505636,6.241347312927246,112000,0.0,0.0
2018-12-19 00:00:00,6.241347242791088,6.274261369405138,6.150833198418781,6.175518989562988,118400,0.0,0.0
2018-12-20 00:00:00,6.167290157285681,6.171404521134597,6.043861988389522,6.117918968200684,273200,0.0,0.0
2018-12-21 00:00:00,6.150835844587907,6.29072113906175,6.150835844587907,6.1960930824279785,220600,0.0,0.0
2018-12-24 00:00:00,6.134378910064697,6.171407417347585,6.101464768561578,6.134378910064697,106400,0.0,0.0
2018-12-26 00:00:00,6.126148463011678,6.340090309169685,6.126148463011678,6.331861972808838,126900,0.0,0.0
2018-12-27 00:00:00,6.233119335770508,6.311290691048479,6.183748139347922,6.3030619621276855,143300,0.0,0.0
2018-12-28 00:00:00,6.335973527830386,6.3771163710420655,6.298945439780551,6.340087890625,87900,0.0,0.0
2018-12-31 00:00:00,6.3442060461940555,6.360663114843857,6.237234903786615,6.307177543640137,145100,0.0,0.0
2019-01-02 00:00:00,6.261921410055434,6.3935779741208005,6.253692678617593,6.335978031158447,66400,0.0,0.0
2019-01-03 00:00:00,6.278376184208348,6.442946829097317,6.278376184208348,6.360661506652832,58500,0.0,0.0
2019-01-04 00:00:00,6.377118537038913,6.40180432982393,6.34009004404507,6.368889808654785,79000,0.0,0.0
2019-01-07 00:00:00,6.36888801728274,6.451173708510123,6.36888801728274,6.426487922668457,38500,0.0,0.0
2019-01-08 00:00:00,6.463518390224974,6.500546884175474,6.414147195746765,6.451175689697266,71500,0.0,0.0
2019-01-09 00:00:00,6.4511763944983445,6.517004660994463,6.4264905983785905,6.463519096374512,145200,0.0,0.0
2019-01-10 00:00:00,6.467634403577296,6.48820583794683,6.434720265533033,6.447062969207764,50900,0.0,0.0
2019-01-11 00:00:00,6.455289629413475,6.492318123179187,6.414147163737308,6.418261528015137,196300,0.0,0.0
2019-01-14 00:00:00,6.405917623093715,6.42237468575137,6.282489849344968,6.348318099975586,190600,0.0,0.0
2019-01-15 00:00:00,6.335976649842201,6.360662446406423,6.298948543547006,6.344205379486084,70900,0.0,0.0
2019-01-16 00:00:00,6.373004991381116,6.434719285086419,6.3565479248665175,6.414147853851318,63000,0.0,0.0
2019-01-17 00:00:00,6.434717300051898,6.434717300051898,6.327746204522628,6.38946008682251,70700,0.0,0.0
2019-01-18 00:00:00,6.418259599624795,6.418259599624795,6.35654533110177,6.4018025398254395,47100,0.0,0.0
2019-01-22 00:00:00,6.401803709146388,6.447060533769184,6.3812322825479075,6.438831806182861,35400,0.0,0.0
2019-01-23 00:00:00,6.438835025371437,6.554034914971846,6.438835025371437,6.533463478088379,42600,0.0,0.0
2019-01-24 00:00:00,6.5581486712766885,6.669233798980713,6.549920332216303,6.669233798980713,101700,0.0,0.0
2019-01-25 00:00:00,6.739176562529508,6.7474052940988996,6.665120332610091,6.7186055183410645,87400,0.0,0.0
2019-01-28 00:00:00,6.69803146042513,6.7474022581574,6.632203206958985,6.730945587158203,64900,0.0,0.0
2019-01-29 00:00:00,6.743290019692159,6.747404384922466,6.710375882584632,6.726833343505859,52900,0.0,0.0
2019-01-30 00:00:00,6.71037486173515,6.767975181461781,6.706260497130761,6.743288993835449,55600,0.0,0.0
2019-01-31 00:00:00,6.730946178360959,6.8050031661987305,6.730946178360959,6.8050031661987305,73000,0.0,0.0
2019-02-01 00:00:00,6.83380376903323,6.846146078695615,6.796775270576378,6.813231945037842,61400,0.0,0.0
2019-02-04 00:00:00,6.813230666880348,6.850259158390679,6.772087811342792,6.837916851043701,67700,0.0,0.0
2019-02-05 00:00:00,6.821459049873487,6.879058573871592,6.821459049873487,6.87494421005249,67200,0.0,0.0
2019-02-06 00:00:00,6.883175469425907,6.92431833801523,6.837919020239106,6.899632930755615,92000,0.0,0.0
2019-02-07 00:00:00,6.8996328583374895,6.9160895347595215,6.796776080311235,6.9160895347595215,64600,0.0,0.0
2019-02-08 00:00:00,6.9160883178123544,6.9160883178123544,6.8626031479332665,6.91197395324707,46600,0.0,0.0
2019-02-11 00:00:00,6.911970246791987,6.932542058587037,6.899627944449338,6.928427696228027,71000,0.0,0.0
2019-02-12 00:00:00,6.911975169470279,6.936661361205736,6.891404127759004,6.9160895347595215,44100,0.0,0.0
2019-02-13 00:00:00,6.90786216023277,6.940776300533948,6.858490557413502,6.932547569274902,69500,0.0,0.0
2019-02-14 00:00:00,6.940776312046549,7.138261154181179,6.936661946410202,7.080660820007324,273000,0.0,0.0
2019-02-15 00:00:00,7.134144238259251,7.191743767107648,7.109458838000612,7.150600910186768,100900,0.0,0.0
2019-02-19 00:00:00,7.162945404556086,7.162945404556086,7.018945769517944,7.060088634490967,148500,0.0,0.0
2019-02-20 00:00:00,7.035403229401105,7.08477403958083,6.9490031344842675,7.060088634490967,157100,0.0,0.0
2019-02-21 00:00:00,6.998375630301458,7.043632866071247,6.973690222033838,6.994261264801025,108100,0.0,0.0
2019-02-22 00:00:00,6.99426095407673,7.010718415347331,6.940775774417166,6.981917858123779,60700,0.0,0.0
2019-02-25 00:00:00,7.002490688359259,7.0395191967903585,6.973690911742862,6.990147590637207,162600,0.0,0.0
2019-02-26 00:00:00,6.994258718447689,7.035401573738438,6.981915626440056,7.006601810455322,338900,0.0,0.0
2019-02-27 00:00:00,7.006603027250711,7.014830971950004,6.986031203665402,7.010717391967773,203400,0.0,0.0
2019-02-28 00:00:00,7.082385857647152,7.082385857647152,6.976993206169771,7.010718822479248,90600,0.41,0.0
2019-03-01 00:00:00,7.019148528352011,7.116109548496003,7.00650192820917,7.090815544128418,151600,0.0,0.0
2019-03-04 00:00:00,7.124537713676646,7.381695846925967,7.061302331228219,7.318460464477539,202900,0.0,0.0
2019-03-05 00:00:00,7.293168853806771,7.39856147194896,7.200423639311115,7.301600456237793,224900,0.0,0.0
2019-03-06 00:00:00,7.272092819213867,7.314250039851817,7.187778377937966,7.272092819213867,256300,0.0,0.0
2019-03-07 00:00:00,7.25944541179785,7.3226816447958285,7.208857390297993,7.272092819213867,362600,0.0,0.0
2019-03-08 00:00:00,7.288953011233909,7.415423816702553,7.2594424061482385,7.3774824142456055,276200,0.0,0.0
2019-03-11 00:00:00,7.377487050019728,7.3985652628154455,7.331114016970419,7.360623836517334,261400,0.0,0.0
2019-03-12 00:00:00,7.343757062031567,7.415424068653944,7.343757062031567,7.364835262298584,159000,0.0,0.0
2019-03-13 00:00:00,7.360620851722144,7.440719475213285,7.3479742508059305,7.406993865966797,325100,0.0,0.0
2019-03-14 00:00:00,7.4154250024800215,7.495523620928761,7.390130998157962,7.487092018127441,360600,0.0,0.0
2019-03-15 00:00:00,7.474444521163824,7.575621341278309,7.457582119852355,7.508170127868652,368000,0.0,0.0
2019-03-18 00:00:00,7.525030448112959,7.562971841619133,7.4744416554108675,7.533462047576904,284800,0.0,0.0
2019-03-19 00:00:00,7.533464062897023,7.537679059674992,7.466012053222567,7.503953456878662,944500,0.0,0.0
2019-03-20 00:00:00,7.49130717488375,7.512385375991323,7.444934167548896,7.495522975921631,160700,0.0,0.0
2019-03-21 00:00:00,7.449155848759069,7.6177840029758705,7.440724240027613,7.525038719177246,233900,0.0,0.0
2019-03-22 00:00:00,7.5292506618872945,7.584054482368656,7.525034859683797,7.567192077636719,195500,0.0,0.0
2019-03-25 00:00:00,7.546112105471111,7.609347522305175,7.546112105471111,7.5840535163879395,136400,0.0,0.0
2019-03-26 00:00:00,7.592483855102474,7.6304252596997095,7.554542450505237,7.575620651245117,188400,0.0,0.0
2019-03-27 00:00:00,7.584050346817168,7.588266146721807,7.49130516115995,7.558756351470947,187100,0.0,0.0
2019-03-28 00:00:00,7.575751804854823,7.626738713340325,7.550258755816781,7.554507732391357,245400,0.14,0.0
2019-03-29 00:00:00,7.563009807693486,7.630991856405477,7.546014700720462,7.605498790740967,317200,0.0,0.0
2019-04-01 00:00:00,7.61824393600077,7.63523903897439,7.592750876335461,7.609745979309082,203000,0.0,0.0
2019-04-02 00:00:00,7.60124626574822,7.622491152567128,7.567255257247535,7.575753211975098,269000,0.0,0.0
2019-04-03 00:00:00,7.567256409653624,7.643736393029579,7.567256409653624,7.62249231338501,148500,0.0,0.0
2019-04-04 00:00:00,7.622494576670356,7.707471730889899,7.618245597397888,7.703222751617432,198300,0.0,0.0
2019-04-05 00:00:00,7.728714521711618,7.800945528845735,7.694723507202017,7.77545166015625,181800,0.0,0.0
2019-04-08 00:00:00,7.771203727668917,7.800945764963832,7.724465777399915,7.783949851989746,218600,0.0,0.0
2019-04-09 00:00:00,7.783949851989746,7.817940867528184,7.737211901720744,7.783949851989746,128200,0.0,0.0
2019-04-10 00:00:00,7.771203369288738,7.8434335648684,7.771203369288738,7.788198471069336,146100,0.0,0.0
2019-04-11 00:00:00,7.796696786720311,7.80944291104114,7.758456792938352,7.783949851989746,177200,0.0,0.0
2019-04-12 00:00:00,7.796698546559779,7.796698546559779,7.694725476927515,7.715969562530518,158700,0.0,0.0
2019-04-15 00:00:00,7.715968768584046,7.7244667261148034,7.643737750392274,7.68197774887085,153100,0.0,0.0
2019-04-16 00:00:00,7.669231601712011,7.73721364813352,7.669231601712011,7.715969562530518,147000,0.0,0.0
2019-04-17 00:00:00,7.6989715116736965,7.720215589151944,7.6097446033639216,7.690473556518555,166400,0.0,0.0
2019-04-18 00:00:00,7.681976200351504,7.715967213212851,7.669229266624872,7.677727222442627,74700,0.0,0.0
2019-04-22 00:00:00,7.660734176848373,7.745711326599121,7.656485197799353,7.745711326599121,184700,0.0,0.0
2019-04-23 00:00:00,7.745711606538688,7.766956502551609,7.6989744561301,7.715969562530518,155800,0.0,0.0
2019-04-24 00:00:00,7.7414592758168155,7.7414592758168155,7.711717244684898,7.732962131500244,149200,0.0,0.0
2019-04-25 00:00:00,7.741456766057505,7.745705742043068,7.677723747092674,7.711714744567871,117400,0.0,0.0
2019-04-26 00:00:00,7.732962131500245,7.754206207906023,7.707468267321829,7.732962131500244,131900,0.0,0.0
2019-04-29 00:00:00,7.715837593118818,7.797191561451849,7.715837593118818,7.754374027252197,127900,0.14,0.0
2019-04-30 00:00:00,7.754372638737193,7.762935654028542,7.702990463529254,7.724400043487549,103600,0.0,0.0
2019-05-01 00:00:00,7.720118316744754,7.775781592616898,7.668736140277247,7.741527080535889,68800,0.0,0.0
2019-05-02 00:00:00,7.750091353146723,7.750091353146723,7.694427257419345,7.707273006439209,84300,0.0,0.0
2019-05-03 00:00:00,7.7158368391191186,7.732963687786903,7.68586424143147,7.707273006439209,78200,0.0,0.0
2019-05-06 00:00:00,7.664454224180622,7.780063508713522,7.660172308083998,7.741527080535889,76600,0.0,0.0
2019-05-07 00:00:00,7.702990368437658,7.741526795194897,7.655890109802819,7.694426536560059,91300,0.0,0.0
2019-05-08 00:00:00,7.69442698216115,7.788627504886184,7.655890553172182,7.750091075897217,228900,0.0,0.0
2019-05-09 00:00:00,7.73296297534037,7.797190081138308,7.724399960141415,7.7843451499938965,274500,0.0,0.0
2019-05-10 00:00:00,7.737246940592174,7.771501460536608,7.69014666940901,7.767219543457031,119000,0.0,0.0
2019-05-13 00:00:00,7.7115515517151225,7.762932891949429,7.702987722778845,7.737242221832275,118500,0.0,0.0
2019-05-14 00:00:00,7.715832931538535,7.7843419248982775,7.715832931538535,7.758651256561279,113200,0.0,0.0
2019-05-15 00:00:00,7.7672211893188505,7.771503107305759,7.72440364283447,7.74581241607666,72300,0.0,0.0
2019-05-16 00:00:00,7.7543707179088885,7.8057520636972315,7.750088802977899,7.762933731079102,63300,0.0,0.0
2019-05-17 00:00:00,7.754370572552004,7.792906989516773,7.750088657701279,7.7800612449646,106100,0.0,0.0
2019-05-20 00:00:00,7.7800612449646,7.8228795767800925,7.775779330113875,7.7800612449646,218700,0.0,0.0
2019-05-21 00:00:00,7.810036740476191,7.822882489811777,7.78862797494227,7.814318656921387,139700,0.0,0.0
2019-05-22 00:00:00,7.822883282751243,7.822883282751243,7.792910681288862,7.805755615234375,83000,0.0,0.0
2019-05-23 00:00:00,7.805755394968626,7.810037311727014,7.74581019373542,7.754374027252197,155200,0.0,0.0
2019-05-24 00:00:00,7.77149741526315,7.792906989516773,7.745806742850554,7.7800612449646,49700,0.0,0.0
2019-05-28 00:00:00,7.814319398512502,7.814319398512502,7.634482974207817,7.6730194091796875,190700,0.0,0.0
2019-05-29 00:00:00,7.643048366393977,7.677302891499083,7.621638777770599,7.647330284118652,167400,0.0,0.0
2019-05-30 00:00:00,7.707744081347974,7.707744081347974,7.578274206421023,7.595537185668945,226300,0.14,0.0
2019-05-31 00:00:00,7.53943243456148,7.55237966746614,7.448804273661035,7.487645149230957,227500,0.0,0.0
2019-06-03 00:00:00,7.509225405904368,7.586907181440561,7.4962789920778805,7.53511905670166,246300,0.0,0.0
2019-06-04 00:00:00,7.573961527018836,7.6128024229025835,7.53512063113509,7.6041717529296875,169200,0.0,0.0
2019-06-05 00:00:00,7.599853674166789,7.655956715924203,7.530803396706476,7.543749809265137,88400,0.0,0.0
2019-06-06 00:00:00,7.543751545161887,7.6214333309661955,7.543751545161887,7.599855422973633,154200,0.0,0.0
2019-06-07 00:00:00,7.617115103129705,7.7767943689432,7.591221457345735,7.755215644836426,236700,0.0,0.0
2019-06-10 00:00:00,7.7767995784625015,7.7767995784625015,7.694802018216585,7.703433513641357,195700,0.0,0.0
2019-06-11 00:00:00,7.699116682780806,7.750904001754336,7.677538770399268,7.742273330688477,138800,0.0,0.0
2019-06-12 00:00:00,7.707744706345637,7.755216256838435,7.703428961183706,7.712060451507568,192100,0.0,0.0
2019-06-13 00:00:00,7.729322609011071,7.746585589658796,7.694797470859843,7.712060451507568,179900,0.0,0.0
2019-06-14 00:00:00,7.699113189025739,7.815635838556643,7.699113189025739,7.7595319747924805,202600,0.0,0.0
2019-06-17 00:00:00,7.768168857357786,7.919216749768701,7.768168857357786,7.854482173919678,552100,0.0,0.0
2019-06-18 00:00:00,7.858791418205886,7.914895280359989,7.828582026189459,7.837213516235352,323700,0.0,0.0
2019-06-19 00:00:00,7.841531962819297,7.971001065535531,7.832900469799687,7.9623703956604,378600,0.0,0.0
2019-06-20 00:00:00,7.95373831951095,7.979631973526903,7.910581680721416,7.958054065704346,318100,0.0,0.0
2019-06-21 00:00:00,7.971004161702903,7.971004161702903,7.854482253255623,7.863112926483154,1375000,0.0,0.0
2019-06-24 00:00:00,7.867425178605839,7.945106965147616,7.867425178605839,7.876056671142578,270100,0.0,0.0
2019-06-25 00:00:00,7.897637109516229,7.906268604818251,7.7509049819606535,7.768167972564697,275500,0.0,0.0
2019-06-26 00:00:00,7.763845777197274,7.863105421303309,7.755214289063528,7.819949626922607,313100,0.0,0.0
2019-06-27 00:00:00,7.806904902665352,7.867794143610295,7.67207754121056,7.693824291229248,300400,0.14,0.0
2019-06-28 00:00:00,7.724267504103365,7.828649396510412,7.706870107258753,7.815601348876953,3583600,0.0,0.0
2019-07-01 00:00:00,7.846048353810796,7.9025882456935985,7.815602903277605,7.889540195465088,302300,0.0,0.0
2019-07-02 00:00:00,7.906937352802609,7.906937352802609,7.772110822799149,7.8069047927856445,173900,0.0,0.0
2019-07-03 00:00:00,7.802555442843123,7.819952013059531,7.776459343187992,7.8069047927856445,138400,0.0,0.0
2019-07-05 00:00:00,7.806902431011935,7.889537566259717,7.798203733758454,7.867791652679443,329700,0.0,0.0
2019-07-08 00:00:00,7.863444923500877,7.88084232380321,7.785158281247784,7.859095573425293,156100,0.0,0.0
2019-07-09 00:00:00,7.924331889443221,7.937379935922341,7.746012735329243,7.885188579559326,492400,0.0,0.0
2019-07-10 00:00:00,7.906937595769769,7.906937595769769,7.859095574485601,7.889540195465088,193900,0.0,0.0
2019-07-11 00:00:00,7.9069416495444536,7.915640354156494,7.867798308344401,7.915640354156494,188700,0.0,0.0
2019-07-12 00:00:00,7.919986705512317,8.033067345803515,7.915638183952646,8.028717994689941,237900,0.0,0.0
2019-07-15 00:00:00,8.041765100663488,8.046114451264682,7.876493925587131,7.93738317489624,201100,0.0,0.0
2019-07-16 00:00:00,7.906936292388711,7.967825524310691,7.8721423270685,7.9330315589904785,134800,0.0,0.0
2019-07-17 00:00:00,7.967827557597176,7.967827557597176,7.880843036876106,7.9591288566589355,160100,0.0,0.0
2019-07-18 00:00:00,7.693823696444557,7.785157550801247,7.637282980320641,7.6981730461120605,1798600,0.0,0.0
2019-07-19 00:00:00,7.680777672945833,7.73731840398015,7.524204361840151,7.645983695983887,972400,0.0,0.0
2019-07-22 00:00:00,7.659030201149513,7.719919441143609,7.650331501277876,7.711220741271973,341000,0.0,0.0
2019-07-23 00:00:00,7.715569500528275,7.776458735860885,7.693823582067662,7.74601411819458,304100,0.0,0.0
2019-07-24 00:00:00,7.746015669281803,7.780809643518212,7.706872344571622,7.759063720703125,304500,0.0,0.0
2019-07-25 00:00:00,7.785158754377335,7.7895081047172425,7.645982861715311,7.7199201583862305,330000,0.0,0.0
2019-07-26 00:00:00,7.728614721860226,7.793853282928467,7.719916025836911,7.793853282928467,680500,0.0,0.0
2019-07-29 00:00:00,7.780809762671632,7.802556515373525,7.728619215294676,7.754714488983154,292000,0.0,0.0
2019-07-30 00:00:00,7.72403029258927,7.763482570648193,7.693343886802674,7.763482570648193,261300,0.14,0.0
2019-07-31 00:00:00,7.759102910525119,7.781020944936327,7.6012903871822814,7.662661552429199,471100,0.0,0.0
2019-08-01 00:00:00,7.63197055197042,7.693341673650788,7.535530098455725,7.553064346313477,558700,0.0,0.0
2019-08-02 00:00:00,7.535530098455725,7.570599430290053,7.430322102952742,7.553064346313477,240100,0.0,0.0
2019-08-05 00:00:00,7.517995916380265,7.522379687900311,7.311963671651655,7.395253658294678,398100,0.0,0.0
2019-08-06 00:00:00,7.566215584774081,7.697725368827826,7.474158067041407,7.6582722663879395,454100,0.0,0.0
2019-08-07 00:00:00,7.614437707448267,7.653889981428941,7.500462148951379,7.64950704574585,312100,0.0,0.0
2019-08-08 00:00:00,7.67142606496693,7.7722503211522005,7.509229831700946,7.741564750671387,230200,0.0,0.0
2019-08-09 00:00:00,7.719648279786168,7.767868113345749,7.6319744869372395,7.653892517089844,145100,0.0,0.0
2019-08-12 00:00:00,7.636358452985316,7.7897871762849,7.596905328819158,7.772252082824707,235200,0.0,0.0
2019-08-13 00:00:00,7.754715862256802,7.776633887413878,7.693343886802674,7.763482570648193,264700,0.0,0.0
2019-08-14 00:00:00,7.745946214679881,7.745946214679881,7.579367094803672,7.636354446411133,176300,0.0,0.0
2019-08-15 00:00:00,7.649504466037095,7.7284098235074845,7.618818073771243,7.671422481536865,144500,0.0,0.0
2019-08-16 00:00:00,7.702107494303435,7.745944358328998,7.662654400292293,7.710875034332275,137400,0.0,0.0
2019-08-19 00:00:00,7.776633388598173,7.851155839918836,7.618820942008766,7.811702728271484,207500,0.0,0.0
2019-08-20 00:00:00,7.807318763844697,7.833621395040572,7.737180086227014,7.750331401824951,116600,0.0,0.0
2019-08-21 00:00:00,7.798550964064498,7.798550964064498,7.688959191120043,7.715260982513428,173200,0.0,0.0
2019-08-22 00:00:00,7.728411674499512,7.745946759994022,7.675808090253773,7.728411674499512,162900,0.0,0.0
2019-08-23 00:00:00,7.72402613640157,7.767862163128185,7.636352410711112,7.6670379638671875,155200,0.0,0.0
2019-08-26 00:00:00,7.688960267939225,7.781016968767814,7.688960267939225,7.750331401824951,201800,0.0,0.0
2019-08-27 00:00:00,7.767865124278736,7.772248895846237,7.636355321729443,7.675808429718018,209200,0.0,0.0
2019-08-28 00:00:00,7.6538886288973185,7.6933417320251465,7.588133735723883,7.6933417320251465,196900,0.0,0.0
2019-08-29 00:00:00,7.71985302179741,7.746367148936416,7.684501695120845,7.741948127746582,219400,0.14,0.0
2019-08-30 00:00:00,7.750790859763545,7.759628064648077,7.688925368516088,7.719857692718506,116900,0.0,0.0
2019-09-03 00:00:00,7.657988987221001,7.697759338080812,7.591705350068709,7.67124605178833,200300,0.0,0.0
2019-09-04 00:00:00,7.711018258120443,7.755206798293438,7.662409852519295,7.706599235534668,134400,0.0,0.0
2019-09-05 00:00:00,7.746367148936416,7.7905556751505385,7.711015822259852,7.741948127746582,133300,0.0,0.0
2019-09-06 00:00:00,7.750788405308576,7.794976944265846,7.715436225594994,7.75520658493042,106500,0.0,0.0
2019-09-09 00:00:00,7.78171993246875,7.85684162107563,7.777300910451608,7.821490287780762,159700,0.0,0.0
2019-09-10 00:00:00,7.843584520086418,7.9408004755037105,7.8259084320965835,7.865678787231445,318500,0.0,0.0
2019-09-11 00:00:00,7.887776504627739,7.914289802534547,7.861263206720931,7.8966145515441895,373800,0.0,0.0
2019-09-12 00:00:00,7.870095987080902,7.945217657960392,7.86567696610657,7.9098663330078125,194200,0.0,0.0
2019-09-13 00:00:00,7.927546480634093,7.940802707510273,7.861262817725685,7.870100021362305,123700,0.0,0.0
2019-09-16 00:00:00,7.870100324734628,7.892195441784143,7.794978612451349,7.874519348144531,178900,0.0,0.0
2019-09-17 00:00:00,7.8524247712465645,7.9010323411967285,7.821492451412141,7.870100021362305,177200,0.0,0.0
2019-09-18 00:00:00,7.883354647068623,7.918705979182921,7.865678559590354,7.905448913574219,135500,0.0,0.0
2019-09-19 00:00:00,7.918702951187671,7.945216229424548,7.878932612411397,7.887770652770996,170200,0.0,0.0
2019-09-20 00:00:00,7.892192652001785,7.9849895822796935,7.887773630153945,7.918705940246582,1407200,0.0,0.0
2019-09-23 00:00:00,7.9408031370016765,8.073371312831162,7.9408031370016765,7.962898254394531,214500,0.0,0.0
2019-09-24 00:00:00,7.958477020263672,8.015922623843146,7.931963729599478,7.958477020263672,195400,0.0,0.0
2019-09-25 00:00:00,7.95406010219988,8.00266851697849,7.927546804521791,7.9319658279418945,336900,0.0,0.0
2019-09-26 00:00:00,7.914286388680718,7.998246112485605,7.914286388680718,7.954056739807129,329800,0.0,0.0
2019-09-27 00:00:00,8.038677327622889,8.123295225125577,7.962966756057188,8.029770851135254,262300,0.14,0.0
2019-09-30 00:00:00,8.038673397412055,8.083209155873542,8.02976692527891,8.04758071899414,179800,0.0,0.0
2019-10-01 00:00:00,8.052036409618578,8.083211193565772,7.980779517896666,8.020861625671387,193200,0.0,0.0
2019-10-02 00:00:00,8.0119525174827,8.016406178404576,7.882799748544087,7.980777740478516,177100,0.0,0.0
2019-10-03 00:00:00,7.967420702574746,7.97187436570174,7.864988999002036,7.94515323638916,188900,0.0,0.0
2019-10-04 00:00:00,7.949606303178764,7.989688418865579,7.931791652007148,7.962966442108154,141000,0.0,0.0
2019-10-07 00:00:00,7.91843116366338,8.007501867243096,7.91843116366338,7.936244964599609,168100,0.0,0.0
2019-10-08 00:00:00,7.927337989214244,8.034224197345296,7.913977850284854,7.962966442108154,169300,0.0,0.0
2019-10-09 00:00:00,7.954058407217891,8.025315299041525,7.954058407217891,8.003046989440918,114000,0.0,0.0
2019-10-10 00:00:00,7.980781407931167,8.052038316528373,7.980781407931167,8.029770851135254,142900,0.0,0.0
2019-10-11 00:00:00,8.056488035378823,8.114383926727148,8.043127053014315,8.060941696166992,172000,0.0,0.0
2019-10-14 00:00:00,8.04757976773379,8.065394408792189,8.016404995330431,8.03867244720459,68600,0.0,0.0
2019-10-15 00:00:00,8.02085759204354,8.105475426953085,8.02085759204354,8.09656810760498,148500,0.0,0.0
2019-10-16 00:00:00,8.10993205545254,8.11438571722344,8.06539713664178,8.101025581359863,122700,0.0,0.0
2019-10-17 00:00:00,8.114386545860356,8.172283305345333,8.105480070858155,8.132201194763184,198100,0.0,0.0
2019-10-18 00:00:00,8.09657072522019,8.181188587486625,8.09657072522019,8.172281265258789,169100,0.0,0.0
2019-10-21 00:00:00,8.194550637030945,8.221271760512085,8.15001486492958,8.167829513549805,128100,0.0,0.0
2019-10-22 00:00:00,8.181190383463537,8.207911506563999,8.17228305928032,8.185643196105957,133400,0.0,0.0
2019-10-23 00:00:00,8.199005119866666,8.225726246022461,8.181191318912564,8.20791244506836,340700,0.0,0.0
2019-10-24 00:00:00,8.230178958436273,8.230178958436273,8.18119037438134,8.199004173278809,85600,0.0,0.0
2019-10-25 00:00:00,8.221272713152006,8.22572637582313,8.17228412266823,8.176737785339355,109900,0.0,0.0
2019-10-28 00:00:00,8.185643177961243,8.225725287247684,8.185643177961243,8.21236515045166,193400,0.0,0.0
2019-10-29 00:00:00,8.212364082771689,8.234631540836217,8.203456759766247,8.230177879333496,165700,0.0,0.0
2019-10-30 00:00:00,8.257108421356183,8.284033535800793,8.1987705307372,8.239158630371094,158600,0.14,0.0
2019-10-31 00:00:00,8.261586524065683,8.275049493677717,8.216710814625205,8.266074180603027,227500,0.0,0.0
2019-11-01 00:00:00,8.270565932937835,8.328903784947789,8.270565932937835,8.284028053283691,199200,0.0,0.0
2019-11-04 00:00:00,8.2885160446167,8.324416460201789,8.261590946911237,8.2885160446167,165300,0.0,0.0
2019-11-05 00:00:00,8.297491306895044,8.315441942534013,8.180814743041992,8.180814743041992,165100,0.0,0.0
2019-11-06 00:00:00,8.18081698562692,8.266080816418333,8.171841665347056,8.252617835998535,172800,0.0,0.0
2019-11-07 00:00:00,8.315441742831762,8.432118303882728,8.230177937461173,8.337879180908203,447600,0.0,0.0
2019-11-08 00:00:00,8.382760057143605,8.459048591725342,8.360321749364317,8.423148155212402,587100,0.0,0.0
2019-11-11 00:00:00,8.441094770684312,8.476995193694584,8.427632647013962,8.45904541015625,301200,0.0,0.0
2019-11-12 00:00:00,8.468021032826792,8.476995496950211,8.3468567798575,8.35583209991455,453900,0.0,0.0
2019-11-13 00:00:00,8.351344399603603,8.39173248373189,8.306468655468436,8.342369079589844,436700,0.0,0.0
2019-11-14 00:00:00,8.355829772031534,8.40519230672595,8.324416160583496,8.324416160583496,405800,0.0,0.0
2019-11-15 00:00:00,8.355831104079638,8.44109406665922,8.319930684063621,8.436606407165527,479900,0.0,0.0
2019-11-18 00:00:00,8.454557377508875,8.463532696849104,8.414169296411416,8.441094398498535,291100,0.0,0.0
2019-11-19 00:00:00,8.122475994495764,8.230177228667422,8.122475994495764,8.167351722717285,4970900,0.0,0.0
2019-11-20 00:00:00,8.194278312194454,8.2212034116661,8.1269651355486,8.135939598083496,670200,0.0,0.0
2019-11-21 00:00:00,8.149402575786059,8.167353212722809,8.100039180143474,8.135939598083496,401700,0.0,0.0
2019-11-22 00:00:00,8.131452794782788,8.153890235020246,8.095552376842766,8.135939598083496,374400,0.0,0.0
2019-11-25 00:00:00,8.158377271308288,8.17183939204945,8.117989197217977,8.140426635742188,365100,0.0,0.0
2019-11-26 00:00:00,8.12247845363491,8.176328659057617,8.1135031340866,8.176328659057617,998200,0.0,0.0
2019-11-27 00:00:00,8.19894036672787,8.257730827534635,8.140150768482519,8.239641189575195,667800,0.14,0.0
2019-11-29 00:00:00,8.235117995349281,8.275818814318168,8.189895629882812,8.189895629882812,417200,0.0,0.0
2019-12-02 00:00:00,8.207984575024994,8.239640576537361,8.180850982666016,8.180850982666016,390700,0.0,0.0
2019-12-03 00:00:00,8.176328141414645,8.221551367997245,8.140149732660827,8.198939323425293,258400,0.0,0.0
2019-12-04 00:00:00,8.230595143409099,8.230595143409099,8.189894330895708,8.203460693359375,261100,0.0,0.0
2019-12-05 00:00:00,8.221551367997245,8.221551367997245,8.15823936831839,8.198939323425293,283000,0.0,0.0
2019-12-06 00:00:00,8.221550426413886,8.244161605834961,8.20798320122452,8.244161605834961,507700,0.0,0.0
2019-12-09 00:00:00,8.235116180510898,8.253205812759994,8.203460186636123,8.230594635009766,213900,0.0,0.0
2019-12-10 00:00:00,8.217030697666155,8.257731523945962,8.207985877923646,8.253209114074707,277100,0.0,0.0
2019-12-11 00:00:00,8.262252366372289,8.262252366372289,8.19893950274739,8.23511791229248,274900,0.0,0.0
2019-12-12 00:00:00,8.235117732179111,8.262252185665453,8.198939323425293,8.198939323425293,186800,0.0,0.0
2019-12-13 00:00:00,8.198937778573848,8.253205812759994,8.198937778573848,8.230594635009766,178200,0.0,0.0
2019-12-16 00:00:00,8.235114664085376,8.262249107462445,8.158236328866627,8.162757873535156,615000,0.0,0.0
2019-12-17 00:00:00,8.171804192761346,8.239638588573174,8.171804192761346,8.230594635009766,549700,0.0,0.0
2019-12-18 00:00:00,8.239639197438505,8.271296056213695,8.212505609620976,8.244161605834961,394300,0.0,0.0
2019-12-19 00:00:00,8.253207291990506,8.271296927481824,8.230596110187653,8.248684883117676,286400,0.0,0.0
2019-12-20 00:00:00,8.2712984085083,8.275819955629446,8.230597583926398,8.2712984085083,529400,0.0,0.0
2019-12-23 00:00:00,8.280342188028152,8.302954235956998,8.262253412246508,8.275819778442383,628500,0.0,0.0
2019-12-24 00:00:00,8.275815378733396,8.325560995168939,8.271293834112868,8.307472229003906,191200,0.0,0.0
2019-12-26 00:00:00,8.311996556736101,8.36626459852375,8.307475010601621,8.352697372436523,259200,0.0,0.0
2019-12-27 00:00:00,8.366264074328432,8.366264074328432,8.316518444353381,8.33460807800293,229600,0.0,0.0
2019-12-30 00:00:00,8.343721236624395,8.393847640524033,8.316379956844417,8.357392311096191,273500,0.14,0.0
2019-12-31 00:00:00,8.334608424275201,8.371063755313255,8.320937349199562,8.352835655212402,213100,0.0,0.0
2020-01-02 00:00:00,8.34372236839815,8.348279393840215,8.275368725094655,8.320938110351562,281200,0.0,0.0
2020-01-03 00:00:00,8.270812620258058,8.35739437496703,8.261698568359465,8.34372329711914,250800,0.0,0.0
2020-01-06 00:00:00,8.311823513249422,8.37562012691841,8.311823513249422,8.361949920654297,204700,0.0,0.0
2020-01-07 00:00:00,8.393847640524033,8.393847640524033,8.330051031316213,8.357392311096191,179000,0.0,0.0
2020-01-08 00:00:00,8.35739192156761,8.389290224684776,8.343720847733008,8.384733200073242,229300,0.0,0.0
2020-01-09 00:00:00,8.43030257702501,8.443973650859613,8.366505970790678,8.384733200073242,333200,0.0,0.0
2020-01-10 00:00:00,8.384736486389514,8.421191828406533,8.366509249962961,8.40296459197998,272300,0.0,0.0
2020-01-13 00:00:00,8.416631329974438,8.425745379009937,8.375618978478245,8.421188354492188,367700,0.0,0.0
2020-01-14 00:00:00,8.42574679935764,8.484987258911133,8.402962542091652,8.484987258911133,401900,0.0,0.0
2020-01-15 00:00:00,8.484988371936979,8.58068330800344,8.46676026840214,8.539670944213867,354200,0.0,0.0
2020-01-16 00:00:00,8.56701188568053,8.571568911380899,8.507772289903285,8.521443367004395,345300,0.0,0.0
2020-01-17 00:00:00,8.553342021864998,8.553342021864998,8.512329658075423,8.539670944213867,586000,0.0,0.0
2020-01-21 00:00:00,8.544223471977146,8.658146451603507,8.539666448492488,8.59434986114502,616100,0.0,0.0
2020-01-22 00:00:00,8.389293457948058,8.421191773358949,8.339167037065858,8.380179405212402,4773300,0.0,0.0
2020-01-23 00:00:00,8.361948794332228,8.434859448465623,8.352834745274665,8.398404121398926,777200,0.0,0.0
2020-01-24 00:00:00,8.398406367059339,8.398406367059339,8.334609744924848,8.34827995300293,674200,0.0,0.0
2020-01-27 00:00:00,8.316378611622124,8.357390959239915,8.243467964560159,8.293594360351562,838300,0.0,0.0
2020-01-28 00:00:00,8.334611061299812,8.434863036082714,8.33005403483278,8.412077903747559,657200,0.0,0.0
2020-01-29 00:00:00,8.416634373887616,8.471317818713567,8.398407138388212,8.453089714050293,585800,0.0,0.0
2020-01-30 00:00:00,8.411741860331858,8.471465260574814,8.402554386351586,8.430118560791016,661800,0.15,0.0
2020-01-31 00:00:00,8.420926206621445,8.457678713815556,8.388767872357711,8.393362045288086,678100,0.0,0.0
2020-02-03 00:00:00,8.384180666055704,8.430121557284014,8.374992312560117,8.402557373046875,593700,0.0,0.0
2020-02-04 00:00:00,8.430116978512746,8.443898625021083,8.393364460741948,8.425522804260254,477100,0.0,0.0
2020-02-05 00:00:00,8.443899936204566,8.53118750805781,8.439306637487961,8.499029159545898,402200,0.0,0.0
2020-02-06 00:00:00,8.521999460722201,8.540376161238251,8.480652760810397,8.508217811584473,359700,0.0,0.0
2020-02-07 00:00:00,8.544970711570748,8.572534887305837,8.503624009843442,8.567940711975098,573900,0.0,0.0
2020-02-10 00:00:00,8.567939107723976,8.590909980076633,8.531186588208909,8.577127456665039,560700,0.0,0.0
2020-02-11 00:00:00,8.586319652786576,8.59550712959499,8.549567116804193,8.563348770141602,546000,0.0,0.0
2020-02-12 00:00:00,8.567939912652891,8.623069135229288,8.52659321478291,8.618474960327148,424200,0.0,0.0
2020-02-13 00:00:00,8.457682640029082,8.7517028340716,8.457682640029082,8.627663612365723,645600,0.0,0.0
2020-02-14 00:00:00,8.655227335491256,8.696574032655167,8.623068987974714,8.659821510314941,382400,0.0,0.0
2020-02-18 00:00:00,8.655227637401701,8.696574336007862,8.655227637401701,8.669010162353516,296700,0.0,0.0
2020-02-19 00:00:00,8.69198325238296,8.779270855623611,8.678200722529303,8.75629997253418,723500,0.0,0.0
2020-02-20 00:00:00,8.751703863991334,8.783863093217438,8.71954551101463,8.77008056640625,763500,0.0,0.0
2020-02-21 00:00:00,8.765484104627834,8.765484104627834,8.544968990659012,8.604691505432129,786100,0.0,0.0
2020-02-24 00:00:00,8.499030909923281,8.595505975328075,8.499030909923281,8.540377616882324,610000,0.0,0.0
2020-02-25 00:00:00,8.55875418724697,8.61847760303869,8.117723776398282,8.283110618591309,1346100,0.0,0.0
2020-02-26 00:00:00,8.273918908466644,8.402553164223328,8.103937958939927,8.145284652709961,1286000,0.0,0.0
2020-02-27 00:00:00,8.057252769889446,8.159185231482544,7.84875624010725,7.890455722808838,1300000,0.15,0.0
2020-02-28 00:00:00,7.723658928156853,7.7885244069118515,7.399330208793059,7.6587934494018555,2274500,0.0,0.0
2020-03-02 00:00:00,7.6865937909858575,7.983122741525923,7.672693665032049,7.969223499298096,1381200,0.0,0.0
2020-03-03 00:00:00,7.950687446456973,8.085052636378114,7.668057828847467,7.75609016418457,754500,0.0,0.0
2020-03-04 00:00:00,7.876555356446528,7.895088852061803,7.714390804715722,7.820955753326416,521800,0.0,0.0
2020-03-05 00:00:00,7.723657325738876,7.793156164804085,7.672691098019069,7.746823310852051,542000,0.0,0.0
2020-03-06 00:00:00,7.57539537872092,7.617094872549139,7.339098541603001,7.50126314163208,868400,0.0,0.0
2020-03-09 00:00:00,7.0935350147301675,7.2927652807384336,6.898937681893841,7.102801322937012,1313300,0.0,0.0
2020-03-10 00:00:00,7.2695983111208236,7.329830856542098,7.056467935731288,7.251065254211426,769100,0.0,0.0
2020-03-11 00:00:00,7.144499430764628,7.176932166001392,6.75067146633444,6.857236862182617,1329500,0.0,0.0
2020-03-12 00:00:00,6.417076285120924,6.472675447476809,5.374590996756628,5.388490676879883,1104700,0.0,0.0
2020-03-13 00:00:00,5.64795443492354,5.7776862785953025,4.990030676247341,5.541389465332031,1217800,0.0,0.0
2020-03-16 00:00:00,5.110495389564825,5.198527744671216,4.132875826692204,4.225541114807129,834900,0.0,0.0
2020-03-17 00:00:00,4.2857748456647995,4.290408221815357,3.3452209174603786,3.3822872638702393,1249500,0.0,0.0
2020-03-18 00:00:00,3.1737878366319303,3.243286885507657,1.5011785057107432,2.5390303134918213,2298400,0.0,0.0
2020-03-19 00:00:00,2.5575641609918316,3.243287896522397,2.3537003238415064,3.025524377822876,1379300,0.0,0.0
2020-03-20 00:00:00,3.0486917310899493,3.5907843753650783,3.020892136631166,3.1506237983703613,2554000,0.0,0.0
2020-03-23 00:00:00,3.1830555488541736,3.1830555488541736,2.344433939354497,2.488065242767334,1090900,0.0,0.0
2020-03-24 00:00:00,2.622431137715619,2.7336297490698716,1.7838091700173657,1.8347752094268799,1967500,0.0,0.0
2020-03-25 00:00:00,2.020104464834129,2.6594951400692137,1.94597204293204,2.5390303134918213,1687300,0.0,0.0
2020-03-26 00:00:00,2.5992642359206086,3.2896212812726096,2.3676007622967417,2.918959856033325,3476200,0.0,0.0
2020-03-27 00:00:00,3.006991351495655,3.2432881668411917,2.803127718285334,3.1552560329437256,1454500,0.0,0.0
2020-03-30 00:00:00,3.216845610643473,3.231058577327207,2.6388557738080487,2.7099199295043945,888400,0.15,0.0
2020-03-31 00:00:00,2.6814931670606876,2.9704880847324384,2.5393646856783656,2.705181360244751,1625800,0.0,0.0
2020-04-01 00:00:00,2.534627296999234,2.558315493363876,1.928211909864133,2.004013776779175,1351100,0.0,0.0
2020-04-02 00:00:00,2.1082418700169727,2.240895396136782,1.9187371554278727,1.9424251317977905,842300,0.0,0.0
2020-04-03 00:00:00,1.9187363362094105,1.923473839097707,1.7434443241492557,1.8476719856262207,1179100,0.0,0.0
2020-04-06 00:00:00,1.966112604310059,2.288270725443035,1.966112604310059,2.165092706680298,1265300,0.0,0.0
2020-04-07 00:00:00,2.2787968957931977,2.5441037869431704,2.2787968957931977,2.473039388656616,1362900,0.0,0.0
2020-04-08 00:00:00,3.8043098545616343,4.405987988737664,3.6053299456875667,4.3207106590271,11804600,0.0,0.0
2020-04-09 00:00:00,4.4770527756745535,5.604606885042527,4.4770527756745535,5.230334758758545,5466100,0.0,0.0
2020-04-13 00:00:00,5.126107920923409,5.211385279163222,4.292286619636644,4.709197044372559,2410600,0.0,0.0
2020-04-14 00:00:00,4.969765772623238,4.969765772623238,4.481790793555563,4.7423601150512695,2424000,0.0,0.0
2020-04-15 00:00:00,4.4486262620657335,4.652343656934725,4.263858881225967,4.477051734924316,1258800,0.0,0.0
2020-04-16 00:00:00,4.505478538343451,4.5575922166249025,4.3112361126041465,4.358612060546875,913600,0.0,0.0
2020-04-17 00:00:00,4.5575932535594985,4.7281475182241905,4.448628141866346,4.709197044372559,1015100,0.0,0.0
2020-04-20 00:00:00,4.486528571248348,4.685508749610104,4.486528571248348,4.590755939483643,519200,0.0,0.0
2020-04-21 00:00:00,4.462839330834919,4.671294470641882,4.462839330834919,4.642868995666504,683600,0.0,0.0
2020-04-22 00:00:00,4.756571190430991,4.766046648753259,4.439150565670534,4.581279277801514,475900,0.0,0.0
2020-04-23 00:00:00,4.571804290896782,4.803948073767727,4.571804290896782,4.6002302169799805,522900,0.0,0.0
2020-04-24 00:00:00,4.709198151451081,4.74236182734904,4.533906114160597,4.676034927368164,493900,0.0,0.0
2020-04-27 00:00:00,4.680768740427705,4.8134219774964,4.604966890674166,4.747095584869385,595700,0.0,0.0
2020-04-28 00:00:00,4.941339480768984,5.078730489301818,4.8513244172181045,4.979240417480469,744900,0.0,0.0
2020-04-29 00:00:00,5.0890417029859085,5.284774006134545,4.96969269323378,5.208390712738037,891400,0.08,0.0
2020-04-30 00:00:00,5.079495959335556,5.232262604485929,4.845571464848405,4.960146903991699,740000,0.0,0.0
2020-05-01 00:00:00,4.7835068743351625,4.9314993402663045,4.702349539361239,4.788280487060547,596500,0.0,0.0
2020-05-04 00:00:00,4.688027069093805,4.7596367192697935,4.501842980252581,4.7262187004089355,398500,0.0,0.0
2020-05-05 00:00:00,4.864663828846926,5.026978501291155,4.649835773374348,4.692801475524902,432000,0.0,0.0
2020-05-06 00:00:00,4.740542200537313,4.783507911341502,4.525713646516367,4.573453426361084,421900,0.0,0.0
2020-05-07 00:00:00,4.592552118936992,4.8217025680855805,4.592552118936992,4.7119011878967285,510600,0.0,0.0
2020-05-08 00:00:00,4.864666149720952,4.9410499095860425,4.540037105236051,4.902858257293701,883400,0.0,0.0
2020-05-11 00:00:00,4.9028563601726605,4.9028563601726605,4.66415839806759,4.67848014831543,618100,0.0,0.0
2020-05-12 00:00:00,4.769185014699358,4.788280832820348,4.482747742884508,4.530487060546875,615000,0.0,0.0
2020-05-13 00:00:00,4.487522350620348,4.511392242382435,4.024448544725315,4.1819891929626465,672700,0.0,0.0
2020-05-14 00:00:00,4.043543886331571,4.659384653116877,3.9050990769079057,4.645062446594238,683700,0.0,0.0
2020-05-15 00:00:00,4.6020973853239715,4.616419137165273,4.415912790265912,4.573453426361084,354700,0.0,0.0
2020-05-18 00:00:00,4.764412462173228,4.898083686828613,4.587775974536141,4.898083686828613,674400,0.0,0.0
2020-05-19 00:00:00,4.902858257293701,5.599856139269134,4.721447681264876,4.902858257293701,765000,0.0,0.0
2020-05-20 00:00:00,5.0126559027093744,5.174970547641925,4.874211138845749,4.941046714782715,461500,0.0,0.0
2020-05-21 00:00:00,4.931500097993095,5.0078833766977695,4.692802124400863,4.850342750549316,462600,0.0,0.0
2020-05-22 00:00:00,4.8837588181052505,4.941046714782715,4.6498349852460406,4.941046714782715,330300,0.0,0.0
2020-05-26 00:00:00,5.165424310334038,5.213164090006444,5.01265774383079,5.036527633666992,479500,0.0,0.0
2020-05-27 00:00:00,5.174973191374068,5.227486592329067,4.845569665957189,5.098589897155762,502300,0.0,0.0
2020-05-28 00:00:00,5.098590838304699,5.141880373636951,4.973530957434181,4.9975810050964355,566800,0.08,0.0
2020-05-29 00:00:00,4.935050541232222,4.987960273504183,4.809990673625996,4.906190395355225,775000,0.0,0.0
2020-06-01 00:00:00,4.906190178911678,5.137069959592694,4.834040505476856,5.012010097503662,413600,0.0,0.0
2020-06-02 00:00:00,4.992768119319707,5.132257767506643,4.925428115164677,4.9494781494140625,238600,0.0,0.0
2020-06-03 00:00:00,5.031250596182566,5.21403030893188,5.031250596182566,5.194790363311768,510900,0.0,0.0
2020-06-04 00:00:00,5.165928918018016,5.594018173939696,5.1082090956549315,5.497818470001221,561400,0.0,0.0
2020-06-05 00:00:00,5.853759948141392,6.185649174317316,5.637310412920872,5.675790309906006,839700,0.0,0.0
2020-06-08 00:00:00,6.036536766871866,6.310706014889277,5.974006849852462,6.248176097869873,826900,0.0,0.0
2020-06-09 00:00:00,6.036537931632811,6.219317618484201,5.921098274268697,6.012487888336182,641000,0.0,0.0
2020-06-10 00:00:00,6.012486876086894,6.0509667553965425,5.656547763114472,5.791227340698242,432100,0.0,0.0
2020-06-11 00:00:00,5.300608737975478,5.656547856845967,5.19478883876229,5.363138198852539,580700,0.0,0.0
2020-06-12 00:00:00,5.627686092178239,5.7431256986796075,5.44009684629257,5.738316059112549,329900,0.0,0.0
2020-06-15 00:00:00,5.468957230610456,5.959576310193526,5.358327707988556,5.853756427764893,418900,0.0,0.0
2020-06-16 00:00:00,6.151977462237837,6.2145073900340995,5.796038296674263,5.959578037261963,441000,0.0,0.0
2020-06-17 00:00:00,5.964388058581525,6.007678046636328,5.85375849685609,5.887428283691406,313800,0.0,0.0
2020-06-18 00:00:00,5.76717745895374,5.945147020300346,5.714267738137082,5.834517478942871,263600,0.0,0.0
2020-06-19 00:00:00,5.897048658792836,5.954768491662367,5.685408812888098,5.699839115142822,867800,0.0,0.0
2020-06-22 00:00:00,5.651736909649764,5.743126496140851,5.569967062344763,5.685406684875488,335300,0.0,0.0
2020-06-23 00:00:00,5.762368272369053,5.781608674314632,5.666168556223308,5.733508586883545,419000,0.0,0.0
2020-06-24 00:00:00,5.6421184946259695,5.709458525072782,5.339089504406383,5.512248992919922,436300,0.0,0.0
2020-06-25 00:00:00,5.440100826192919,5.680600411708287,5.425670520786076,5.675790309906006,273900,0.0,0.0
2020-06-26 00:00:00,5.574776715582797,5.71426636300072,5.4400971667314835,5.536296844482422,533400,0.0,0.0
2020-06-29 00:00:00,5.575085318636925,5.778697167260644,5.521758582028541,5.710826396942139,307200,0.09,0.0
2020-06-30 00:00:00,5.657499660333754,5.72537043065226,5.5169105707918344,5.710826396942139,273600,0.0,0.0
2020-07-01 00:00:00,5.705977142671166,5.7883909974048695,5.550844065784309,5.613866806030273,296200,0.0,0.0
2020-07-02 00:00:00,5.730211527462533,5.739907539018447,5.482969243093326,5.507208347320557,266700,0.0,0.0
2020-07-06 00:00:00,5.613866806030273,5.628410373061908,5.458734191475076,5.613866806030273,271900,0.0,0.0
2020-07-07 00:00:00,5.536298575321165,5.545994129196587,5.347230420269696,5.361774444580078,237700,0.0,0.0
2020-07-08 00:00:00,5.327839230465072,5.439341113145682,5.221185818565484,5.410253524780273,285600,0.0,0.0
2020-07-09 00:00:00,5.6235614089173005,5.80778111112711,5.3181438042038645,5.34238338470459,393500,0.0,0.0
2020-07-10 00:00:00,5.303598658720918,5.463579671315247,5.284207090880915,5.444187641143799,303900,0.0,0.0
2020-07-13 00:00:00,5.50236379568138,5.526602913088178,5.371470342493333,5.434493064880371,347100,0.0,0.0
2020-07-14 00:00:00,5.444185659200946,5.56053548621553,5.3763154276346565,5.507208347320557,140900,0.0,0.0
2020-07-15 00:00:00,5.6235605860834905,5.8659554309606845,5.6235605860834905,5.812628269195557,346500,0.0,0.0
2020-07-16 00:00:00,5.768998146057129,5.836868881096369,5.701127873349447,5.768998146057129,206600,0.0,0.0
2020-07-17 00:00:00,5.7738428311675225,5.807777947987238,5.66718901245104,5.7641472816467285,193500,0.0,0.0
2020-07-20 00:00:00,5.701127534185132,5.778693819711755,5.633256803183572,5.696279525756836,179100,0.0,0.0
2020-07-21 00:00:00,5.783542015036868,5.909587001925045,5.705975727003669,5.861108303070068,253000,0.0,0.0
2020-07-22 00:00:00,5.832020144412743,6.025936307891961,5.7932370041832,5.914434432983398,212300,0.0,0.0
2020-07-23 00:00:00,5.875651259679201,6.02108826588706,5.8659557058421425,5.933825969696045,161000,0.0,0.0
2020-07-24 00:00:00,5.948369263061833,6.0113915110877985,5.783540707101147,5.788388252258301,166300,0.0,0.0
2020-07-27 00:00:00,5.798085653996395,5.890195506652921,5.749606492178297,5.817477226257324,178500,0.0,0.0
2020-07-28 00:00:00,5.7738436523578205,5.933824172020277,5.7738436523578205,5.856257915496826,235100,0.0,0.0
2020-07-29 00:00:00,5.899890399641724,5.914433960483053,5.817476117655094,5.909585952758789,154400,0.0,0.0
2020-07-30 00:00:00,5.811907936616496,5.8900516303567185,5.772836322631574,5.870515823364258,122100,0.09,0.0
2020-07-31 00:00:00,5.841212174345069,5.841212174345069,5.680041642092846,5.743533134460449,330500,0.0,0.0
2020-08-03 00:00:00,5.733764702474357,5.738648770659808,5.592129985488887,5.694693088531494,370100,0.0,0.0
2020-08-04 00:00:00,5.655620739927528,5.763067897198279,5.626317266162071,5.71422815322876,256200,0.0,0.0
2020-08-05 00:00:00,5.772834195296569,5.9535404598277415,5.694690996123111,5.943772792816162,363300,0.0,0.0
2020-08-06 00:00:00,5.821675851666091,5.9144708149097545,5.821675851666091,5.850979328155518,230400,0.0,0.0
2020-08-07 00:00:00,6.056105506447535,6.056105506447535,5.733764471517667,5.958426475524902,436600,0.0,0.0
2020-08-10 00:00:00,5.958426781950077,6.183088797511049,5.958426781950077,6.12936544418335,465200,0.0,0.0
2020-08-11 00:00:00,6.25146636929612,6.319841483598282,6.070759978143854,6.090295791625977,292500,0.0,0.0
2020-08-12 00:00:00,6.178203599234086,6.2319274085057055,5.948658023189109,6.070756912231445,243900,0.0,0.0
2020-08-13 00:00:00,6.026801234816706,6.144016056457316,5.948658020389634,6.017033100128174,155500,0.0,0.0
2020-08-14 00:00:00,5.963309751440015,6.144016051087252,5.914470009580633,6.124480247497559,154100,0.0,0.0
2020-08-17 00:00:00,6.1147115850095215,6.158666786616336,5.982844582878413,6.109827518463135,180700,0.0,0.0
2020-08-18 00:00:00,6.090292145185674,6.139131416764179,5.997496737377082,6.041452407836914,136900,0.0,0.0
2020-08-19 00:00:00,6.02191532964126,6.202621574296616,6.002379531996631,6.139130115509033,202900,0.0,0.0
2020-08-20 00:00:00,6.036568906575789,6.129364323079331,6.031685304999522,6.070756912231445,143300,0.0,0.0
2020-08-21 00:00:00,6.041456025035403,6.153787301885508,6.007268467884322,6.090295791625977,318700,0.0,0.0
2020-08-24 00:00:00,6.129363919468086,6.290534405129463,6.041452576099965,6.26123046875,192900,0.0,0.0
2020-08-25 00:00:00,6.324724281146632,6.344260090698983,6.090294566518424,6.231929302215576,141700,0.0,0.0
2020-08-26 00:00:00,6.236812616609132,6.236812616609132,6.114713705234047,6.12936544418335,101300,0.0,0.0
2020-08-27 00:00:00,6.1195970277849785,6.285651614182796,6.1195970277849785,6.202624320983887,118200,0.0,0.0
2020-08-28 00:00:00,6.227216640211727,6.286242334775994,6.182947252014896,6.261648178100586,150000,0.09,0.0
2020-08-31 00:00:00,6.266569504073109,6.301001524247923,6.119004976580954,6.128842830657959,391400,0.0,0.0
2020-09-01 00:00:00,6.074736040518539,6.182949620797379,6.045222947382228,6.128842830657959,261500,0.0,0.0
2020-09-02 00:00:00,6.114085071198711,6.1386787623795485,5.971439504514735,6.109166145324707,406700,0.0,0.0
2020-09-03 00:00:00,6.148518069717266,6.251813192052304,6.074736040518539,6.128842830657959,294900,0.0,0.0
2020-09-04 00:00:00,6.222298983226472,6.251812071070939,6.005871392380649,6.104247570037842,184000,0.0,0.0
2020-09-08 00:00:00,6.104247570037842,6.182948512163596,6.030465554068601,6.104247570037842,174600,0.0,0.0
2020-09-09 00:00:00,6.143599745566813,6.2075443960582986,6.104249263586629,6.133762359619141,136700,0.0,0.0
2020-09-10 00:00:00,6.138678193838654,6.222298049573805,6.025545723782008,6.0304646492004395,204300,0.0,0.0
2020-09-11 00:00:00,6.015708572636154,6.089491055210677,5.917332398298058,6.020627498626709,201100,0.0,0.0
2020-09-14 00:00:00,6.055059408214365,6.202623432657929,6.000952161430105,6.148516654968262,432500,0.0,0.0
2020-09-15 00:00:00,6.1780290603637695,6.261648446087681,6.1386781265422545,6.1780290603637695,214800,0.0,0.0
2020-09-16 00:00:00,6.217379706019728,6.497751892632021,6.207541855004427,6.448563575744629,372700,0.0,0.0
2020-09-17 00:00:00,6.394456802444141,6.522346051075718,6.3600252620796995,6.448563575744629,162800,0.0,0.0
2020-09-18 00:00:00,6.478076703401069,6.52234609507948,6.389537920044248,6.487914085388184,518500,0.0,0.0
2020-09-21 00:00:00,6.335432962591371,6.4141339174281455,6.12392379464652,6.143599033355713,384700,0.0,0.0
2020-09-22 00:00:00,6.128840390218798,6.212460240197992,6.0747336216241195,6.182947158813477,251300,0.0,0.0
2020-09-23 00:00:00,6.178030297963787,6.2665686267884455,5.961602229515429,5.9812774658203125,289800,0.0,0.0
2020-09-24 00:00:00,6.01571061604743,6.182950403777358,5.912415949726339,6.045223712921143,236300,0.0,0.0
2020-09-25 00:00:00,6.025544405489927,6.2222966882354935,6.025544405489927,6.2026214599609375,107700,0.0,0.0
2020-09-28 00:00:00,6.266570242640502,6.423972642760843,6.266570242640502,6.310839653015137,176100,0.0,0.0
2020-09-29 00:00:00,6.251393409674475,6.305882406113014,6.082972273981089,6.152322292327881,195100,0.09,0.0
2020-09-30 00:00:00,6.191952077944283,6.23158053345045,6.058205686304629,6.073066711425781,231500,0.0,0.0
2020-10-01 00:00:00,6.073066262428152,6.142415818232524,5.983902007927195,6.137462615966797,250400,0.0,0.0
2020-10-02 00:00:00,6.048299097305587,6.325698771496944,6.043345422028773,6.310837745666504,163500,0.0,0.0
2020-10-05 00:00:00,6.380189148019341,6.380189148019341,6.1770931422813105,6.231582164764404,223600,0.0,0.0
2020-10-06 00:00:00,6.276163376633172,6.409909311050751,6.172138551015719,6.206813335418701,226600,0.0,0.0
2020-10-07 00:00:00,6.251396768090271,6.300932589579698,6.201861419009449,6.241489887237549,145100,0.0,0.0
2020-10-08 00:00:00,6.295975502991541,6.499071410764116,6.246439708331151,6.494117736816406,322500,0.0,0.0
2020-10-09 00:00:00,6.588237000293793,6.613004902692069,6.3554194736035114,6.414862155914307,200700,0.0,0.0
2020-10-12 00:00:00,6.390094672032916,6.499073166277769,6.360373565135169,6.464398384094238,208000,0.0,0.0
2020-10-13 00:00:00,6.4148618126640535,6.429722364344474,6.3504654588376725,6.380187034606934,111100,0.0,0.0
2020-10-14 00:00:00,6.449537356809887,6.533747468439063,6.365326772772269,6.3752336502075195,161400,0.0,0.0
2020-10-15 00:00:00,6.355419288882723,6.499072551727295,6.340558736839059,6.499072551727295,122300,0.0,0.0
2020-10-16 00:00:00,6.464397960710858,6.494119065662034,6.385141050963132,6.414862155914307,139300,0.0,0.0
2020-10-19 00:00:00,6.434677030326485,6.469352286133876,6.330652207721296,6.355420112609863,111900,0.0,0.0
2020-10-20 00:00:00,6.390093592453449,6.489165191797481,6.380186715964084,6.409907817840576,112500,0.0,0.0
2020-10-21 00:00:00,6.390094150975812,6.429722605213767,6.3058835676180465,6.335605144500732,127900,0.0,0.0
2020-10-22 00:00:00,6.345511494176895,6.4346752659553745,6.345511494176895,6.3851399421691895,99600,0.0,0.0
2020-10-23 00:00:00,6.414864216682025,6.573378559508473,6.414864216682025,6.508982181549072,96500,0.0,0.0
2020-10-26 00:00:00,6.439629713737034,6.499072392867134,6.305883331387992,6.380187034606934,230300,0.0,0.0
2020-10-27 00:00:00,6.360373881311377,6.454491354377489,6.271209611368796,6.281116962432861,229300,0.0,0.0
2020-10-28 00:00:00,6.182046412318086,6.276164374096386,6.013625666730619,6.117650508880615,343000,0.0,0.0
2020-10-29 00:00:00,6.0926969035655425,6.19748532110603,5.992898523973701,6.18750524520874,269700,0.09,0.0
2020-10-30 00:00:00,6.137608639910319,6.187507610845743,6.047789825999604,6.107668876647949,457100,0.0,0.0
2020-11-02 00:00:00,6.237408749533682,6.446985721588135,6.152579952469901,6.446985721588135,357600,0.0,0.0
2020-11-03 00:00:00,6.516844149340957,6.516844149340957,6.4370049264506,6.466944694519043,173000,0.0,0.0
2020-11-04 00:00:00,6.407066343661241,6.481915058305036,6.337207194350916,6.446985721588135,172500,0.0,0.0
2020-11-05 00:00:00,6.397085205876444,6.601672102969,6.397085205876444,6.516843795776367,166700,0.0,0.0
2020-11-06 00:00:00,6.486904381272515,6.586702815039875,6.4020755936011415,6.466944694519043,164500,0.0,0.0
2020-11-09 00:00:00,6.711451891789001,6.84618015266181,6.656562864698154,6.661552906036377,349500,0.0,0.0
2020-11-10 00:00:00,6.74638035087137,6.965936891032948,6.60666207671029,6.906057834625244,360400,0.0,0.0
2020-11-11 00:00:00,6.955955327373857,6.955955327373857,6.686499393048072,6.7862982749938965,254700,0.0,0.0
2020-11-12 00:00:00,6.741389323612166,6.801268371253725,6.62662079205857,6.7064595222473145,184300,0.0,0.0
2020-11-13 00:00:00,6.736400387167011,6.960946971563955,6.736400387167011,6.916037559509277,178200,0.0,0.0
2020-11-16 00:00:00,7.015834353342086,7.285290268712192,6.985894595689273,7.2104411125183105,287300,0.0,0.0
2020-11-17 00:00:00,7.210442309674154,7.3052511614190045,7.1655329036767395,7.230401992797852,252500,0.0,0.0
2020-11-18 00:00:00,7.305251346265868,7.4349890519145,7.240382255503354,7.245372295379639,246600,0.0,0.0
2020-11-19 00:00:00,7.205450616363175,7.290279369140845,7.105652223647173,7.250360012054443,169100,0.0,0.0
2020-11-20 00:00:00,7.2254121358745005,7.285291662637125,7.155553481112098,7.245372295379639,266800,0.0,0.0
2020-11-23 00:00:00,7.260341746112406,7.43498885425173,7.2154323401725735,7.425009250640869,246000,0.0,0.0
2020-11-24 00:00:00,7.6345871073680796,7.699456204446132,7.55474836508015,7.619617462158203,347800,0.0,0.0
2020-11-25 00:00:00,7.609636896498835,7.619616976587052,7.41004005349861,7.579697132110596,351700,0.0,0.0
2020-11-27 00:00:00,7.629925627269741,7.629925627269741,7.429006112810792,7.474213123321533,160200,0.1,0.0
2020-11-30 00:00:00,7.454123392300287,7.519422373708099,7.152743551807317,7.233111381530762,652600,0.0,0.0
2020-12-01 00:00:00,7.308458424247685,7.48426297634536,7.248182536754467,7.348642349243164,212100,0.0,0.0
2020-12-02 00:00:00,7.3586824878796655,7.418958808507055,7.288360912197389,7.388820648193359,156900,0.0,0.0
2020-12-03 00:00:00,7.418960199326317,7.4742129447247825,7.35868386739903,7.413937091827393,156700,0.0,0.0
2020-12-04 00:00:00,7.434030806662122,7.584720714174667,7.41896195961987,7.534490585327148,183900,0.0,0.0
2020-12-07 00:00:00,7.564625844046344,7.564625844046344,7.388820939841742,7.444073677062988,166900,0.0,0.0
2020-12-08 00:00:00,7.408915742238363,7.579697605483913,7.408915742238363,7.534490585327148,189400,0.0,0.0
2020-12-09 00:00:00,7.534490368719994,7.589743125639809,7.434030592943061,7.499329566955566,185500,0.0,0.0
2020-12-10 00:00:00,7.484257448755774,7.5495563984036345,7.429004712452116,7.519418716430664,149900,0.0,0.0
2020-12-11 00:00:00,7.484259565937882,7.55960475024394,7.444075659253299,7.554581642150879,166200,0.0,0.0
2020-12-14 00:00:00,7.5997886569285225,7.644995671706167,7.539512796901648,7.554581642150879,188500,0.0,0.0
2020-12-15 00:00:00,7.5395114204301645,7.715315860321508,7.5395114204301645,7.690201282501221,193000,0.0,0.0
2020-12-16 00:00:00,7.710297485050698,7.725366335860578,7.644998492834377,7.670113563537598,130300,0.0,0.0
2020-12-17 00:00:00,7.685182258867063,7.7504812497623075,7.655044078826904,7.655044078826904,262500,0.0,0.0
2020-12-18 00:00:00,7.655039243368667,7.845912985640146,7.514395609758562,7.519418716430664,739200,0.0,0.0
2020-12-21 00:00:00,7.4340309113839655,7.584720821019252,7.4038927378449015,7.529467582702637,264200,0.0,0.0
2020-12-22 00:00:00,7.494305878620244,7.549558631265488,7.444075755102778,7.504351615905762,194000,0.0,0.0
2020-12-23 00:00:00,7.529464967521575,7.650016661747025,7.494304176463281,7.609832763671875,146900,0.0,0.0
2020-12-24 00:00:00,7.594767200219207,7.639974224826532,7.519422478560368,7.5897440910339355,60700,0.0,0.0
2020-12-28 00:00:00,7.614860158126772,7.735411920227167,7.614860158126772,7.655044078826904,171900,0.0,0.0
2020-12-29 00:00:00,7.6851803847242035,7.6851803847242035,7.534490479331571,7.53951358795166,229000,0.0,0.0
2020-12-30 00:00:00,7.554686850806114,7.650764131703493,7.483893572505981,7.499063491821289,267500,0.1,0.0
2020-12-31 00:00:00,7.5243446792617315,7.574911222049012,7.478834453183156,7.504117965698242,261600,0.0,0.0
2021-01-04 00:00:00,7.539514572845938,7.554684487415525,7.301850327455605,7.382757663726807,475200,0.0,0.0
2021-01-05 00:00:00,7.372642143616504,7.40803876246437,7.311962018916122,7.342302322387695,343300,0.0,0.0
2021-01-06 00:00:00,7.428264477296542,7.686155334466819,7.372641157653868,7.610305309295654,468700,0.0,0.0
2021-01-07 00:00:00,7.5850229598981205,7.686156502914874,7.539512744979888,7.665929794311523,277500,0.0,0.0
2021-01-08 00:00:00,7.660871028900146,7.670984621725524,7.544567604864184,7.6608710289001465,219700,0.0,0.0
2021-01-11 00:00:00,7.610303970841682,7.77211758661081,7.600190378734805,7.655814170837402,246500,0.0,0.0
2021-01-12 00:00:00,7.655819066346499,7.716499211061806,7.6153656365362945,7.706385612487793,134500,0.0,0.0
2021-01-13 00:00:00,7.741777805001284,7.772117616955144,7.670984106704587,7.696267604827881,263800,0.0,0.0
2021-01-14 00:00:00,7.736725748298078,7.751895663567806,7.66593200663449,7.731668949127197,225000,0.0,0.0
2021-01-15 00:00:00,7.762008294300872,7.762008294300872,7.645704339083589,7.691214561462402,257000,0.0,0.0
2021-01-19 00:00:00,7.716495499979263,7.853025639366739,7.645701790736656,7.7923455238342285,445600,0.0,0.0
2021-01-20 00:00:00,7.787291594877129,7.898538755444764,7.746838169623964,7.832801818847656,229900,0.0,0.0
2021-01-21 00:00:00,7.837857593896001,8.030011579873555,7.812574085854227,7.984501361846924,252200,0.0,0.0
2021-01-22 00:00:00,7.918763835781881,7.974387645721435,7.827743406602807,7.9743876457214355,200700,0.0,0.0
2021-01-25 00:00:00,7.954162056043486,7.994615963343388,7.8530284934008945,7.949105739593506,163900,0.0,0.0
2021-01-26 00:00:00,8.004730882459597,8.024957599546477,7.812576829012751,7.817633628845215,197100,0.0,0.0
2021-01-27 00:00:00,7.736722530928651,7.817629355045425,7.5900787916563175,7.6254754066467285,285700,0.0,0.0
2021-01-28 00:00:00,7.676382234959604,7.783281477023797,7.594935285855859,7.742558002471924,235500,0.1,0.0
2021-01-29 00:00:00,7.6712914954693785,7.7171055246080495,7.584753992754579,7.615296840667725,380100,0.0,0.0
2021-02-01 00:00:00,7.656017939821165,7.686560778261814,7.559299841439347,7.661108493804932,186100,0.0,0.0
2021-02-02 00:00:00,7.717103687857628,7.869816920151836,7.691651401564929,7.8290934562683105,190900,0.0,0.0
2021-02-03 00:00:00,7.818915206182944,7.880000424341151,7.773101656660908,7.798553466796875,176500,0.0,0.0
2021-02-04 00:00:00,7.798553155783467,7.930904699245697,7.798553155783467,7.8952717781066895,137400,0.0,0.0
2021-02-05 00:00:00,7.925814475809776,8.012351989746094,7.900362665620874,8.012351989746094,223200,0.0,0.0
2021-02-08 00:00:00,8.058163626547577,8.073434805208327,7.976716693074214,8.027621269226074,276600,0.0,0.0
2021-02-09 00:00:00,8.027618851218877,8.032708918931265,7.941081389103961,7.966533184051514,293300,0.0,0.0
2021-02-10 00:00:00,8.007259839069913,8.063254975444599,7.96144629857526,7.991988658905029,313900,0.0,0.0
2021-02-11 00:00:00,8.017438227997737,8.078523413384195,7.890177303743804,7.981805324554443,155300,0.0,0.0
2021-02-12 00:00:00,7.951263489888131,8.083614984281033,7.951263489888131,8.073433876037598,135500,0.0,0.0
2021-02-16 00:00:00,8.109069547424879,8.277053996936022,8.073436144024688,8.251601219177246,247200,0.0,0.0
2021-02-17 00:00:00,8.15488273639289,8.261781479195013,8.04798350812872,8.103978157043457,149200,0.0,0.0
2021-02-18 00:00:00,8.09888789098335,8.18033483247882,7.966536368322179,7.991988658905029,205300,0.0,0.0
2021-02-19 00:00:00,7.986898919144608,8.1956073348631,7.986898919144608,8.124341011047363,244100,0.0,0.0
2021-02-22 00:00:00,8.114156723022461,8.205785233881926,8.007257521879303,8.114156723022461,237800,0.0,0.0
2021-02-23 00:00:00,8.109068884312899,8.159973464743578,7.925812783132096,8.13961124420166,231900,0.0,0.0
2021-02-24 00:00:00,8.149790020302786,8.29232261050131,8.149790020302786,8.246508598327637,355100,0.0,0.0
2021-02-25 00:00:00,8.27211624482499,8.323336975449358,7.99040369182222,8.00064754486084,223800,0.1,0.0
2021-02-26 00:00:00,8.021141602233499,8.138949173386704,7.934066589613394,8.051874160766602,168000,0.0,0.0
2021-03-01 00:00:00,8.195291944146952,8.26700043603266,8.067240507519656,8.174803733825684,217300,0.0,0.0
2021-03-02 00:00:00,8.215777755668372,8.215777755668372,8.062115499544307,8.169678688049316,257700,0.0,0.0
2021-03-03 00:00:00,8.195291944146952,8.307976856675198,8.159437698204098,8.174803733825684,286200,0.0,0.0
2021-03-04 00:00:00,8.26699979165247,8.307976209101056,8.021141286960951,8.113338470458984,281200,0.0,0.0
2021-03-05 00:00:00,8.174801151313014,8.21577804748795,7.85211157433624,8.103092193603516,289900,0.0,0.0
2021-03-08 00:00:00,8.164556335950559,8.384805369503349,8.164556335950559,8.272119522094727,253800,0.0,0.0
2021-03-09 00:00:00,8.333585693914522,8.384806451440957,8.215778635472004,8.31309700012207,151700,0.0,0.0
2021-03-10 00:00:00,8.354072488165638,8.46675833767021,8.292608367485494,8.328462600708008,251800,0.0,0.0
2021-03-11 00:00:00,8.37456243220347,8.446270909373295,8.307975151727439,8.430904388427734,310300,0.0,0.0
2021-03-12 00:00:00,8.441148979804062,8.6511532206921,8.39505039258915,8.523101806640625,442600,0.0,0.0
2021-03-15 00:00:00,8.528225112227194,8.610177949939805,8.389929332229077,8.599934577941895,185300,0.0,0.0
2021-03-16 00:00:00,8.523101817590833,8.57432257866818,8.4513933382554,8.528223991394043,162500,0.0,0.0
2021-03-17 00:00:00,8.52822250910104,8.687005961583335,8.477001756926386,8.681884765625,165100,0.0,0.0
2021-03-18 00:00:00,8.707493897064401,8.707493897064401,8.389926042723246,8.42578125,316400,0.0,0.0
2021-03-19 00:00:00,8.415536708352523,8.553832430895289,8.302850870597165,8.354071617126465,1017700,0.0,0.0
2021-03-22 00:00:00,8.420661665486707,8.430905036616554,8.31309796450748,8.318220138549805,338600,0.0,0.0
2021-03-23 00:00:00,8.272120418254678,8.379684104529037,8.22602183513062,8.256754875183105,364200,0.0,0.0
2021-03-24 00:00:00,8.29773120433918,8.507735424550617,8.21577838557153,8.22089958190918,283100,0.0,0.0
2021-03-25 00:00:00,8.215778533815012,8.34895113399938,8.046750231460164,8.277242660522461,300000,0.0,0.0
2021-03-26 00:00:00,8.307974723876187,8.34895113399938,8.20041201366081,8.277242660522461,207500,0.0,0.0
2021-03-29 00:00:00,8.200411899928241,8.318218955279205,8.200411899928241,8.236266136169434,232400,0.0,0.0
2021-03-30 00:00:00,8.215651678460027,8.365120858891077,8.17957306331489,8.339350700378418,185800,0.1,0.0
2021-03-31 00:00:00,8.349657362358661,8.406351895514453,8.251729011535645,8.251729011535645,520700,0.0,0.0
2021-04-01 00:00:00,8.236264605803411,8.406350135803223,8.22080241894908,8.406350135803223,160700,0.0,0.0
2021-04-05 00:00:00,8.689828410732792,8.895992581762094,8.566129908115212,8.798064231872559,769200,0.0,0.0
2021-04-06 00:00:00,8.813527934415044,8.916609540337747,8.803219478902246,8.87537670135498,366600,0.0,0.0
2021-04-07 00:00:00,8.890840077393172,9.060925674333605,8.885685849235157,9.050617218017578,299400,0.0,0.0
2021-04-08 00:00:00,9.076388008000842,9.189778073889048,9.024846711481306,9.097003936767578,468000,0.0,0.0
2021-04-09 00:00:00,9.133081363555943,9.164006727293343,9.050615693059555,9.055769920349121,267300,0.0,0.0
2021-04-12 00:00:00,9.071235849321353,9.189780170210025,9.04031145758272,9.060927391052246,529000,0.0,0.0
2021-04-13 00:00:00,9.081541981722147,9.091849454282725,8.973305163754361,9.030000686645508,414000,0.0,0.0
2021-04-14 00:00:00,9.071233780042041,9.220702458573385,9.030000939440106,9.097003936767578,376200,0.0,0.0
2021-04-15 00:00:00,9.122776630587639,9.282553792253939,9.081543782961864,9.143392562866211,548100,0.0,0.0
2021-04-16 00:00:00,9.261933548943103,9.277396229897512,9.076386292831582,9.08669376373291,560100,0.0,0.0
2021-04-19 00:00:00,9.091845800530532,9.138232849151038,9.009380154775863,9.019688606262207,473100,0.0,0.0
2021-04-20 00:00:00,9.019688606262207,9.06092142913954,8.968147331898528,9.019688606262207,520800,0.0,0.0
2021-04-21 00:00:00,9.009385025572838,9.194933320368932,8.973306408933281,9.17431640625,421200,0.0,0.0
2021-04-22 00:00:00,9.18462311068477,9.251627085716917,9.122774346267203,9.138236045837402,454600,0.0,0.0
2021-04-23 00:00:00,9.205235510178335,9.406245370640429,9.16915691810236,9.370166778564453,607000,0.0,0.0
2021-04-26 00:00:00,9.416557036757098,9.447481414374248,9.318628694056505,9.323782920837402,479700,0.0,0.0
2021-04-27 00:00:00,9.370171804118144,9.483561866181715,9.34955489297835,9.462945938110352,720200,0.0,0.0
2021-04-28 00:00:00,9.504178549061516,9.504178549061516,9.390787506652805,9.395941734313965,691500,0.0,0.0
2021-04-29 00:00:00,9.453073897857394,9.525789530853217,9.338805342376872,9.349193572998047,585200,0.14,0.0
2021-04-30 00:00:00,9.32841664310966,9.416714617601283,9.297252943487955,9.318029403686523,416700,0.0,0.0
2021-05-03 00:00:00,9.41152216661933,9.41152216661933,9.281672253115994,9.297253608703613,548200,0.0,0.0
2021-05-04 00:00:00,9.281674367991307,9.307643960338785,9.193376367062854,9.245315551757812,444200,0.0,0.0
2021-05-05 00:00:00,9.245315551757812,9.292061610524431,9.16740578403893,9.245315551757812,351700,0.0,0.0
2021-05-06 00:00:00,9.292060672881453,9.307643021123424,9.208956796943628,9.281673431396484,381500,0.0,0.0
2021-05-07 00:00:00,9.375161531433092,9.499818295895523,9.328415492428688,9.432295799255371,907700,0.0,0.0
2021-05-10 00:00:00,9.479044889079729,9.50501447880667,9.27128519923517,9.281673431396484,594200,0.0,0.0
2021-05-11 00:00:00,9.72835678702569,9.858206720618696,9.686804847902984,9.759521484375,4002100,0.0,0.0
2021-05-12 00:00:00,9.764715512092364,9.81665568846363,9.546567563874218,9.588119506835938,1822100,0.0,0.0
2021-05-13 00:00:00,9.634866194325307,9.837432796305153,9.588120131612767,9.764716148376465,10795500,0.0,0.0
2021-05-14 00:00:00,9.764713292014497,9.878981852186795,9.749131936119175,9.863399505615234,1306800,0.0,0.0
2021-05-17 00:00:00,9.863398914155441,10.050383099096683,9.723160775449509,10.019219398498535,1113800,0.0,0.0
2021-05-18 00:00:00,10.019220700880572,10.024413826091825,9.868594312170188,9.878982543945312,670000,0.0,0.0
2021-05-19 00:00:00,9.842627434724388,9.89456662655491,9.749135304346918,9.868597030639648,591400,0.0,0.0
2021-05-20 00:00:00,9.936116160647826,9.936116160647826,9.827042695489013,9.899758338928223,507200,0.0,0.0
2021-05-21 00:00:00,9.920531314348205,9.977664589525359,9.832233353791521,9.858202934265137,444400,0.0,0.0
2021-05-24 00:00:00,9.86859200290743,9.915338044280551,9.816651846862175,9.884174346923828,524800,0.0,0.0
2021-05-25 00:00:00,9.915342570600542,9.915342570600542,9.759523022009764,9.764716148376465,583300,0.0,0.0
2021-05-26 00:00:00,9.780295157378545,9.910145067057323,9.759519686981559,9.894562721252441,691200,0.0,0.0
2021-05-27 00:00:00,9.894562440087055,9.946914823074124,9.831740379333496,9.831740379333496,531800,0.15,0.0
2021-05-28 00:00:00,9.836976281933246,9.910269023197499,9.774153219036238,9.884092330932617,573100,0.0,0.0
2021-06-01 00:00:00,9.894563239310102,9.994032675166206,9.86838754497158,9.946915626525879,553300,0.0,0.0
2021-06-02 00:00:00,9.93644309350601,9.967855119091768,9.88932605366592,9.96261978149414,504900,0.0,0.0
2021-06-03 00:00:00,9.936450545168116,9.973096937295255,9.868393102437613,9.915510177612305,437600,0.0,0.0
2021-06-04 00:00:00,9.936450297043901,9.96262700400912,9.878863538798957,9.925979614257812,351400,0.0,0.0
2021-06-07 00:00:00,9.931211379112419,10.09350390823238,9.925976039604784,10.077797889709473,629600,0.0,0.0
2021-06-08 00:00:00,10.046385235916237,10.15108901361764,10.041149897250353,10.067325592041016,911100,0.0,0.0
2021-06-09 00:00:00,10.072561113767904,10.192970909655308,10.072561113767904,10.114442825317383,981300,0.0,0.0
2021-06-10 00:00:00,10.140619519122536,10.182501230672015,10.093502468812027,10.114442825317383,565800,0.0,0.0
2021-06-11 00:00:00,10.09873728949109,10.09873728949109,9.95738614581111,10.062089920043945,426400,0.0,0.0
2021-06-14 00:00:00,10.0620912321957,10.156325340270996,10.0620912321957,10.156325340270996,383500,0.0,0.0
2021-06-15 00:00:00,10.140617461624766,10.177263826977788,9.994031001674115,10.009737014770508,521200,0.0,0.0
2021-06-16 00:00:00,10.009740473188037,10.12491494673928,9.988799115157496,10.077797889709473,443600,0.0,0.0
2021-06-17 00:00:00,10.077798983483454,10.114445365475333,9.779391588933565,9.857919692993164,1038400,0.0,0.0
2021-06-18 00:00:00,9.810803123033965,9.847449506864304,9.695628631204459,9.821273803710938,1091400,0.0,0.0
2021-06-21 00:00:00,9.873624292994789,10.009740119770685,9.847447596380842,9.983563423156738,475200,0.0,0.0
2021-06-22 00:00:00,9.96785844793646,10.01497450497278,9.873624336786056,9.999269485473633,357500,0.0,0.0
2021-06-23 00:00:00,10.014974594116211,10.056856310718192,9.957387857875291,10.014974594116211,382500,0.0,0.0
2021-06-24 00:00:00,10.083032919146236,10.203442728502303,10.014974506178804,10.161561012268066,359800,0.0,0.0
2021-06-25 00:00:00,10.203443729020304,10.261031468941331,10.166797348539276,10.177268028259277,583600,0.0,0.0
2021-06-28 00:00:00,10.177265891910984,10.224382942221494,10.020208724696364,10.114442825317383,381600,0.0,0.0
2021-06-29 00:00:00,10.130274788117548,10.177760529808126,10.056407519736458,10.077512741088867,304900,0.15,0.0
2021-06-30 00:00:00,10.072232651549424,10.146098885826161,10.035299534411056,10.103889465332031,401200,0.0,0.0
2021-07-01 00:00:00,10.109166922895305,10.219967293312934,10.103890618937124,10.146100044250488,306500,0.0,0.0
2021-07-02 00:00:00,10.188309471254158,10.188309471254158,10.03530068184986,10.093338012695312,269100,0.0,0.0
2021-07-06 00:00:00,10.13027114806461,10.13027114806461,9.87173731115681,9.961432456970215,500900,0.0,0.0
2021-07-07 00:00:00,9.423264711760227,9.58682612991529,9.396883188604761,9.54461669921875,4550600,0.0,0.0
2021-07-08 00:00:00,9.444367983390615,9.555168356904819,9.33356861622852,9.491853713989258,1286900,0.0,0.0
2021-07-09 00:00:00,9.581550041255413,9.623759472903366,9.50240748270953,9.61320686340332,1124500,0.0,0.0
2021-07-12 00:00:00,9.607930355798485,9.629035574352978,9.534064103562184,9.623759269714355,731200,0.0,0.0
2021-07-13 00:00:00,9.607927446996912,9.607927446996912,9.433813472044227,9.43908977508545,888500,0.0,0.0
2021-07-14 00:00:00,9.449644829007122,9.491854257918932,9.270254504543885,9.328292846679688,938100,0.0,0.0
2021-07-15 00:00:00,9.333567275661235,9.491852350687708,9.264976338491657,9.40743350982666,745900,0.0,0.0
2021-07-16 00:00:00,9.486572510277675,9.6026491279465,9.4443631055849,9.581543922424316,1033500,0.0,0.0
2021-07-19 00:00:00,9.328293213807559,9.444368896295314,9.164731796131127,9.386331558227539,980900,0.0,0.0
2021-07-20 00:00:00,9.417987637506615,9.629034773742884,9.381054514459285,9.560444831848145,978900,0.0,0.0
2021-07-21 00:00:00,9.586827278137207,9.665969844378159,9.565722057085043,9.586827278137207,863500,0.0,0.0
2021-07-22 00:00:00,9.613206472780673,9.613206472780673,9.465473971191908,9.528787612915039,617000,0.0,0.0
2021-07-23 00:00:00,9.58682534649563,9.597377954895475,9.53406331084853,9.560444831848145,666800,0.0,0.0
2021-07-26 00:00:00,9.586826346005436,9.702902031449248,9.581550041255413,9.61320686340332,781800,0.0,0.0
2021-07-27 00:00:00,9.607932838740311,9.65541858640727,9.507686043756703,9.618485450744629,449900,0.0,0.0
2021-07-28 00:00:00,9.613211258944785,9.702906468002922,9.544621278536889,9.607934951782227,685900,0.0,0.0
2021-07-29 00:00:00,9.602613607168964,9.75689431937069,9.602613607168964,9.68773365020752,614200,0.15,0.0
2021-07-30 00:00:00,9.682408440836657,9.78880792030665,9.629208193746503,9.671768188476562,537700,0.0,0.0
2021-08-02 00:00:00,9.703691151675331,9.76753167231539,9.549411500087054,9.581331253051758,999600,0.0,0.0
2021-08-03 00:00:00,9.60260840153882,9.682409286499023,9.496208912775888,9.682409286499023,676000,0.0,0.0
2021-08-04 00:00:00,9.613250930608592,9.671771322843716,9.53345104146747,9.639851570129395,549500,0.0,0.0
2021-08-05 00:00:00,9.607930802704432,9.714331331366356,9.591971433702593,9.639851570129395,775800,0.0,0.0
2021-08-06 00:00:00,9.71965357540479,9.815413869107042,9.66645329949122,9.77285385131836,550300,0.0,0.0
2021-08-09 00:00:00,9.788811041456745,9.810091552962197,9.613250880379322,9.650490760803223,698300,0.0,0.0
2021-08-10 00:00:00,9.693051790278815,9.81009258646792,9.6504917774948,9.746252059936523,486800,0.0,0.0
2021-08-11 00:00:00,9.794130131789867,9.799450259102642,9.682410502353203,9.709010124206543,540100,0.0,0.0
2021-08-12 00:00:00,9.71965140675447,9.810091551215258,9.677091398461785,9.804771423339844,495200,0.0,0.0
2021-08-13 00:00:00,9.815408022267425,9.884567629460484,9.799447644587367,9.842007637023926,469600,0.0,0.0
2021-08-16 00:00:00,9.820733466537469,9.847334113158164,9.735613426773076,9.778173446655273,334500,0.0,0.0
2021-08-17 00:00:00,9.762210885107818,9.86329127983231,9.714330751538878,9.810091018676758,345700,0.0,0.0
2021-08-18 00:00:00,9.78881246519915,9.852652994290208,9.693052178917956,9.703692436218262,523100,0.0,0.0
2021-08-19 00:00:00,9.677091251245024,9.719651258890249,9.56005046918769,9.613250732421875,626700,0.0,0.0
2021-08-20 00:00:00,9.586650695135596,9.778170213932503,9.549410816889269,9.762210845947266,1275800,0.0,0.0
2021-08-23 00:00:00,9.799449920654297,9.863290431492166,9.772850299719641,9.799449920654297,464200,0.0,0.0
2021-08-24 00:00:00,9.84200932381575,9.959049069397802,9.831369070205444,9.921809196472168,458900,0.0,0.0
2021-08-25 00:00:00,9.943089485168457,10.001608849318156,9.884569106308346,9.943089485168457,486400,0.0,0.0
2021-08-26 00:00:00,9.975012832189714,10.001612460524575,9.863293175530362,9.868612289428711,446000,0.0,0.0
2021-08-27 00:00:00,9.895208784054978,10.006928393877542,9.895208784054978,9.9590482711792,525500,0.0,0.0
2021-08-30 00:00:00,10.001953865761514,10.012680067366773,9.841064933310173,9.889331817626953,396500,0.15,0.0
2021-08-31 00:00:00,9.841065993792192,9.96441425682413,9.841065993792192,9.932236671447754,306700,0.0,0.0
2021-09-01 00:00:00,9.948326270752665,10.001956268756816,9.87860798938226,9.937601089477539,330700,0.0,0.0
2021-09-02 00:00:00,9.932232843842618,10.018040387049789,9.926869744528846,9.959047317504883,356200,0.0,0.0
2021-09-03 00:00:00,9.953688054063006,9.959051155443568,9.905421164544943,9.932236671447754,300700,0.0,0.0
2021-09-07 00:00:00,9.926874427013152,10.001955807008493,9.792799949645994,9.792799949645996,458100,0.0,0.0
2021-09-08 00:00:00,9.765981950122775,9.889331215256131,9.739167470649816,9.798160552978516,322400,0.0,0.0
2021-09-09 00:00:00,9.79816324047509,9.975141513096984,9.782073934634152,9.90542221069336,432700,0.0,0.0
2021-09-10 00:00:00,9.894696582988152,9.926874170310194,9.819614182027312,9.830340385437012,282300,0.0,0.0
2021-09-13 00:00:00,9.894696573475496,9.959051748057707,9.857154861577639,9.926874160766602,294000,0.0,0.0
2021-09-14 00:00:00,9.980504776052788,9.980504776052788,9.87324478119706,9.894697189331055,240700,0.0,0.0
2021-09-15 00:00:00,9.889329212473024,9.991225032159829,9.889329212473024,9.975136756896973,307100,0.0,0.0
2021-09-16 00:00:00,9.975139391344092,10.055583857623704,9.975139391344092,9.985865592956543,359100,0.0,0.0
2021-09-17 00:00:00,10.028769945155908,10.060947528910924,9.814249992370605,9.814249992370605,2456700,0.0,0.0
2021-09-20 00:00:00,9.739168622639916,9.82497619459126,9.690901735553918,9.814249992370605,499800,0.0,0.0
2021-09-21 00:00:00,9.830339818037956,9.883969809083917,9.803525333968473,9.80888843536377,272500,0.0,0.0
2021-09-22 00:00:00,9.824973042701753,10.028766727888597,9.824973042701753,9.975136756896973,491200,0.0,0.0
2021-09-23 00:00:00,10.039496312721147,10.05558561795642,9.980504239339272,9.99659252166748,297500,0.0,0.0
2021-09-24 00:00:00,10.001950629265316,10.077032993299603,9.991224431130911,10.00731372833252,379700,0.0,0.0
2021-09-27 00:00:00,10.055586196899833,10.162846192162949,10.044859992792098,10.087763786315918,583900,0.0,0.0
2021-09-28 00:00:00,10.109214787494585,10.136029271124665,9.90542102944084,9.916147232055664,584800,0.0,0.0
2021-09-29 00:00:00,9.90533579766203,10.159458068072919,9.878301996299491,9.937776565551758,319200,0.15,0.0
2021-09-30 00:00:00,10.008062600732144,10.05672425119337,9.88911247253418,9.88911247253418,359000,0.0,0.0
2021-10-01 00:00:00,9.997250932280895,10.06213349132638,9.959403202534899,10.029691696166992,497900,0.0,0.0
2021-10-04 00:00:00,10.056722485607098,10.116197023628036,9.975620092834637,10.040501594543457,487900,0.0,0.0
2021-10-05 00:00:00,10.056723610322782,10.17567373094058,9.997248034377389,10.083757400512695,443400,0.0,0.0
2021-10-06 00:00:00,10.045908945555821,10.083756661557347,9.926958833654895,10.072942733764648,445500,0.0,0.0
2021-10-07 00:00:00,10.121604377558873,10.159453124833314,10.045908945555821,10.072942733764648,301300,0.0,0.0
2021-10-08 00:00:00,10.072945537416496,10.191896713698597,10.072945537416496,10.12701416015625,320700,0.0,0.0
2021-10-11 00:00:00,10.159455885043094,10.245965268342468,10.132421058216293,10.154048919677734,483400,0.0,0.0
2021-10-12 00:00:00,10.21352158838943,10.235149445853404,10.137826149811533,10.208114624023438,400200,0.0,0.0
2021-10-13 00:00:00,9.81341420394358,9.921551414361247,9.797194344271938,9.80800724029541,4033300,0.0,0.0
2021-10-14 00:00:00,9.840449889506704,9.943179114057731,9.79719520778181,9.916145324707031,1065600,0.0,0.0
2021-10-15 00:00:00,9.948588638214305,9.975623465794731,9.85126532147122,9.856672286987305,704000,0.0,0.0
2021-10-18 00:00:00,9.872892918629148,9.959402302018871,9.829638226934287,9.948588371276855,748300,0.0,0.0
2021-10-19 00:00:00,9.964809257079795,9.981029121902838,9.899926703968035,9.921554565429688,374800,0.0,0.0
2021-10-20 00:00:00,9.899924388041597,10.018875535707602,9.899924388041597,9.970213890075684,510600,0.0,0.0
2021-10-21 00:00:00,9.981030245298127,10.040505839738634,9.94858948072754,9.991844177246094,515500,0.0,0.0
2021-10-22 00:00:00,10.013472623309205,10.01887958959754,9.899928393800899,9.959403991699219,700800,0.0,0.0
2021-10-25 00:00:00,10.024282472136376,10.089163978617862,9.986433723537065,10.051316261291504,646800,0.0,0.0
2021-10-26 00:00:00,10.07294586274229,10.089166759470062,9.970216610619435,9.981029510498047,796600,0.0,0.0
2021-10-27 00:00:00,9.997247679305437,10.018875535707602,9.916145280343223,9.970213890075684,672900,0.0,0.0
2021-10-28 00:00:00,9.986565688144639,10.046529025443288,9.921152083573839,10.035626411437988,588900,0.15,0.0
2021-10-29 00:00:00,10.019275626087584,10.030178243504995,9.839386597623617,9.910252571105957,1002800,0.0,0.0
2021-11-01 00:00:00,9.970216935888343,10.041081876809482,9.921156192277197,10.013826370239258,644700,0.0,0.0
2021-11-02 00:00:00,10.019276510835745,10.030179129215906,9.839387466486748,9.86119270324707,889500,0.0,0.0
2021-11-03 00:00:00,9.866641125233729,10.0247248865635,9.844835894854112,9.970213890075684,783200,0.0,0.0
2021-11-04 00:00:00,9.959313499058904,10.024727125345091,9.910252759478844,9.953862190246582,491900,0.0,0.0
2021-11-05 00:00:00,9.992020581061247,10.06833682702555,9.9593137670381,10.04653263092041,708100,0.0,0.0
2021-11-08 00:00:00,9.95386029699622,10.046530449717913,9.877544067600935,9.899348258972168,863700,0.0,0.0
2021-11-09 00:00:00,9.904802933175999,9.964766299355771,9.812132748957714,9.926607131958008,676900,0.0,0.0
2021-11-10 00:00:00,9.932056789821827,9.975666219864316,9.839386621015182,9.855740547180176,691700,0.0,0.0
2021-11-11 00:00:00,9.86119270324707,9.94841157082653,9.844838775676829,9.86119270324707,433000,0.0,0.0
2021-11-12 00:00:00,9.866637107123227,9.904795205017358,9.719454981191415,9.76306438446045,1230600,0.0,0.0
2021-11-15 00:00:00,9.779425173023304,9.86664404085396,9.773973863817522,9.806680679321289,807000,0.0,0.0
2021-11-16 00:00:00,9.812130204499146,9.855739630485468,9.71946004431187,9.746715545654297,860000,0.0,0.0
2021-11-17 00:00:00,9.697658517554167,9.7412679555309,9.659499349559889,9.703108787536621,673400,0.0,0.0
2021-11-18 00:00:00,9.681302601628573,9.730363339250589,9.561376931736312,9.654046058654785,686500,0.0,0.0
2021-11-19 00:00:00,9.604982687009054,9.64314079284668,9.588628767479896,9.64314079284668,565100,0.0,0.0
2021-11-22 00:00:00,9.70310521614015,9.70310521614015,9.594082181191649,9.632240295410156,668300,0.0,0.0
2021-11-23 00:00:00,9.664947207653524,9.724910553356093,9.599533593914943,9.626789093017578,666000,0.0,0.0
2021-11-24 00:00:00,9.637691497802734,9.692203534546628,9.58863076870629,9.637691497802734,385000,0.0,0.0
2021-11-26 00:00:00,9.566828062475091,9.577730680646823,9.310622773824784,9.441451072692871,764300,0.0,0.0
2021-11-29 00:00:00,9.512935144546029,9.540429807256688,9.320477749642135,9.435952186584473,802200,0.15,0.0
2021-11-30 00:00:00,9.364465391595502,9.408455790108116,9.051032622277566,9.111519813537598,1255500,0.0,0.0
2021-12-01 00:00:00,9.226996503538546,9.413955984513287,9.034538090909962,9.067530632019043,844800,0.0,0.0
2021-12-02 00:00:00,9.128017938573707,9.397459299891773,9.111521143418486,9.353468894958496,824400,0.0,0.0
2021-12-03 00:00:00,9.35346772198083,9.452446382871717,9.3094773225642,9.391959190368652,1523200,0.0,0.0
2021-12-06 00:00:00,9.485443305084031,9.584422011729984,9.435953951761054,9.463447570800781,715100,0.0,0.0
2021-12-07 00:00:00,9.47994052277392,9.644905316481609,9.463443728758977,9.617410659790039,521900,0.0,0.0
2021-12-08 00:00:00,9.562422131253351,9.754880527525952,9.562422131253351,9.66140079498291,473500,0.0,0.0
2021-12-09 00:00:00,9.62291417017724,9.694398213963073,9.584422681306837,9.650407791137695,391400,0.0,0.0
2021-12-10 00:00:00,9.727388382286719,9.727388382286719,9.545927821116376,9.578920364379883,476300,0.0,0.0
2021-12-13 00:00:00,9.540429899068899,9.622911790366352,9.413957595825195,9.413957595825195,879300,0.0,0.0
2021-12-14 00:00:00,9.419454898820527,9.479942104822404,9.199502852651092,9.210500717163086,1183100,0.0,0.0
2021-12-15 00:00:00,9.226995468139648,9.27098586762007,9.095024269698383,9.226995468139648,1345800,0.0,0.0
2021-12-16 00:00:00,9.298481032252873,9.336972507147008,9.111521540926478,9.144514083862305,1053800,0.0,0.0
2021-12-17 00:00:00,9.166511374222916,9.183008172909894,8.963055052340342,9.05103588104248,4902300,0.0,0.0
2021-12-20 00:00:00,8.864075034606852,8.886069711489437,8.622127296014844,8.737602233886719,1693300,0.0,0.0
2021-12-21 00:00:00,8.836583589577696,9.298483508965473,8.836583589577696,9.20500373840332,1127100,0.0,0.0
2021-12-22 00:00:00,9.204999183473056,9.424951167481641,9.204999183473056,9.33147144317627,615000,0.0,0.0
2021-12-23 00:00:00,9.336973910599621,9.430453670313883,9.336973910599621,9.364468574523926,448700,0.0,0.0
2021-12-27 00:00:00,9.441449803152736,9.4964380720955,9.358967924145585,9.490939140319824,460000,0.0,0.0
2021-12-28 00:00:00,9.534928497073896,9.589916759969134,9.48543916534957,9.501935958862305,549800,0.0,0.0
2021-12-29 00:00:00,9.485295766586301,9.501935958862305,9.42982599033766,9.501935958862305,520300,0.15,0.0
2021-12-30 00:00:00,9.513032359943049,9.590690488129132,9.40763986611794,9.424281120300293,468000,0.0,0.0
2021-12-31 00:00:00,9.396543644838225,9.496389020891662,9.396543644838225,9.479747772216797,723400,0.0,0.0
2022-01-03 00:00:00,9.529672910261004,9.679441012845574,9.524125825943262,9.673893928527832,652600,0.0,0.0
2022-01-04 00:00:00,9.657254812543826,9.746006065270375,9.612879186180551,9.640613555908203,574600,0.0,0.0
2022-01-05 00:00:00,9.635062173566416,9.71271921204377,9.52966972277729,9.551856994628906,506600,0.0,0.0
2022-01-06 00:00:00,9.5740474543552,9.657251593804801,9.546312035873312,9.590688705444336,439600,0.0,0.0
2022-01-07 00:00:00,9.585143328252244,9.696081847936792,9.585143328252244,9.635066032409668,392700,0.0,0.0
2022-01-10 00:00:00,9.623969841204103,9.69607981095003,9.607328590648272,9.66834545135498,485100,0.0,0.0
2022-01-11 00:00:00,9.72381667451007,9.784832486292052,9.66279980472993,9.768192291259766,769400,0.0,0.0
2022-01-12 00:00:00,9.823658984987599,9.84584731776806,9.757096102642098,9.801471710205078,610600,0.0,0.0
2022-01-13 00:00:00,9.845849356072192,9.906866225852331,9.746003953885838,9.768192291259766,451600,0.0,0.0
2022-01-14 00:00:00,9.723815025178164,9.829206435833584,9.646156915539775,9.818113327026367,515800,0.0,0.0
2022-01-18 00:00:00,9.906867493268567,10.034447275495847,9.895773323162294,9.923507690429688,1728300,0.0,0.0
2022-01-19 00:00:00,9.962333263501991,9.995615763917577,9.818113327026367,9.818113327026367,924000,0.0,0.0
2022-01-20 00:00:00,9.823663403587986,9.92905591570395,9.779287776065225,9.784834861755371,617200,0.0,0.0
2022-01-21 00:00:00,9.740453903714036,9.79037658960647,9.623968341963575,9.696078300476074,787800,0.0,0.0
2022-01-24 00:00:00,9.601781537186929,9.679439648692567,9.108102740463247,9.457560539245605,1581300,0.0,0.0
2022-01-25 00:00:00,9.374361587281655,9.868041715064152,9.346627212259548,9.840306282043457,849700,0.0,0.0
2022-01-26 00:00:00,9.962337371846417,10.012260085059324,9.71272486378029,9.784834861755371,685600,0.0,0.0
2022-01-27 00:00:00,9.868036211087215,9.92905201370351,9.673892520221912,9.773737907409668,730600,0.0,0.0
2022-01-28 00:00:00,9.740172851930863,9.82409141741125,9.594713507126384,9.818496704101562,657600,0.15,0.0
2022-01-31 00:00:00,9.81849635707893,9.941577911376953,9.81849635707893,9.941577911376953,513000,0.0,0.0
2022-02-01 00:00:00,9.941571452787336,9.98073335204684,9.801706917099551,9.902409553527832,673400,0.0,0.0
2022-02-02 00:00:00,9.91360019412835,9.91360019412835,9.72897900708072,9.874438285827637,591000,0.0,0.0
2022-02-03 00:00:00,9.857656136412386,9.88562862577393,9.751358756090799,9.790520668029785,791200,0.0,0.0
2022-02-04 00:00:00,9.734574851639161,9.768142053080505,9.561143065929778,9.751358985900879,984900,0.0,0.0
2022-02-07 00:00:00,9.751359865767947,9.829683698558952,9.728981018066406,9.728981018066406,472200,0.0,0.0
2022-02-08 00:00:00,9.77373971038424,9.935983189236051,9.77373971038424,9.857659339904785,1117900,0.0,0.0
2022-02-09 00:00:00,9.941574477528452,9.95276389988749,9.863249588097238,9.91360092163086,849000,0.0,0.0
2022-02-10 00:00:00,9.87444166136028,9.963954930099318,9.751361183614685,9.807307243347168,974000,0.0,0.0
2022-02-11 00:00:00,9.796117782592773,9.902415188992226,9.745766435723683,9.796117782592773,822500,0.0,0.0
2022-02-14 00:00:00,9.796116296387131,9.852062347429705,9.734575533532082,9.779332160949707,567900,0.0,0.0
2022-02-15 00:00:00,9.824086955989012,9.885627707365545,9.790519758457254,9.874438285827637,431700,0.0,0.0
2022-02-16 00:00:00,9.896818387798037,9.963952791401182,9.874439541875585,9.93038558959961,489800,0.0,0.0
2022-02-17 00:00:00,9.902416652098701,9.919199725479917,9.773740376041935,9.801713943481445,638500,0.0,0.0
2022-02-18 00:00:00,9.75136072735271,9.885630624178836,9.75136072735271,9.812901496887207,916700,0.0,0.0
2022-02-22 00:00:00,9.796117641970465,9.796117641970465,9.527577840578394,9.594712257385254,909500,0.0,0.0
2022-02-23 00:00:00,9.71219704838294,9.728980115519958,9.41008903493152,9.41568374633789,1268700,0.0,0.0
2022-02-24 00:00:00,9.348549667945122,9.717793206147652,9.236658624410575,9.673036575317383,1378400,0.0,0.0
2022-02-25 00:00:00,9.763329410125273,9.994714597692811,9.763329410125273,9.904417991638184,805000,0.15,0.0
2022-02-28 00:00:00,9.86491741317383,9.989076104813938,9.768977095279608,9.972145080566406,934700,0.0,0.0
2022-03-01 00:00:00,9.96649731195841,10.006001942554752,9.791547772280126,9.904417991638184,839500,0.0,0.0
2022-03-02 00:00:00,9.921354110055189,10.068086439442384,9.91571043472249,10.034225463867188,623300,0.0,0.0
2022-03-03 00:00:00,10.062440531144015,10.073727879304629,9.949569202379399,10.051153182983398,419000,0.0,0.0
2022-03-04 00:00:00,10.00036271817811,10.068085741051782,9.898779798498998,9.98343276977539,519600,0.0,0.0
2022-03-07 00:00:00,9.983426247350488,10.017287198454643,9.814119338989258,9.814119338989258,836600,0.0,0.0
2022-03-08 00:00:00,9.864915793972962,10.085014767380837,9.836698501279482,9.949568748474121,666900,0.0,0.0
2022-03-09 00:00:00,10.045506509749531,10.073724871726286,9.910061601522441,9.960853576660156,506700,0.0,0.0
2022-03-10 00:00:00,9.87620623733033,10.045512199401855,9.836701584608377,10.045512199401855,495600,0.0,0.0
2022-03-11 00:00:00,10.05679413724062,10.079368827456609,10.017289505783118,10.028576850891113,499700,0.0,0.0
2022-03-14 00:00:00,10.056796101406844,10.073727122375587,9.910063815606458,9.943925857543945,707400,0.0,0.0
2022-03-15 00:00:00,10.011649727389752,10.06808539846063,9.943927783241415,9.972145080566406,467200,0.0,0.0
2022-03-16 00:00:00,10.039867081480669,10.101945344575123,9.898778456342969,10.05679702758789,783000,0.0,0.0
2022-03-17 00:00:00,10.011648084104639,10.0511527244438,9.943926151071999,9.949568748474121,866200,0.0,0.0
2022-03-18 00:00:00,9.949568454779508,10.045508754094348,9.910063815606458,9.943925857543945,1788500,0.0,0.0
2022-03-21 00:00:00,9.994717576431636,10.039866969335336,9.926995639917635,9.966500282287598,610500,0.0,0.0
2022-03-22 00:00:00,10.006002160675125,10.096298768698123,9.977784874325616,10.028576850891113,936300,0.0,0.0
2022-03-23 00:00:00,10.034222260697458,10.079370572525608,9.983430275338206,10.022934913635254,686000,0.0,0.0
2022-03-24 00:00:00,10.051153523649205,10.107589189944298,10.00600520589729,10.062440872192383,853000,0.0,0.0
2022-03-25 00:00:00,10.124519348144531,10.175311335830497,10.073727360458566,10.124519348144531,990700,0.0,0.0
2022-03-28 00:00:00,10.135804690326928,10.18659667335766,10.107587400385684,10.152735710144043,1050400,0.0,0.0
2022-03-29 00:00:00,10.158385444759064,10.23175108823475,10.124524461341153,10.164029121398926,1176000,0.0,0.0
2022-03-30 00:00:00,10.186788971368811,10.238007551332062,10.164025761085904,10.169716835021973,885500,0.15,0.0
2022-03-31 00:00:00,10.169716973600478,10.215244480248042,10.084351948857584,10.101425170898438,732400,0.0,0.0
2022-04-01 00:00:00,10.124187641517128,10.146950848005915,10.010368352689644,10.078659057617188,521700,0.0,0.0
2022-04-04 00:00:00,10.06158646498345,10.072968610439043,9.913621830444148,10.038822174072266,625200,0.0,0.0
2022-04-05 00:00:00,10.033133610102592,10.090043266149527,9.890860012715954,9.907933235168457,751100,0.0,0.0
2022-04-06 00:00:00,9.8965501796166,9.930696621391286,9.833950540618957,9.862404823303223,647000,0.0,0.0
2022-04-07 00:00:00,9.862406435357988,9.890860722693233,9.685987465864198,9.720132827758789,797500,0.0,0.0
2022-04-08 00:00:00,9.731514976877481,9.788424637009458,9.680296391304852,9.720132827758789,550900,0.0,0.0
2022-04-11 00:00:00,9.725821624186933,9.777040197762362,9.646148769941256,9.657529830932617,648000,0.0,0.0
2022-04-12 00:00:00,9.680294123837799,9.725821624186933,9.646148769941256,9.657529830932617,790500,0.0,0.0
2022-04-13 00:00:00,9.668913204149739,9.74289608001709,9.657531056253013,9.74289608001709,519600,0.0,0.0
2022-04-14 00:00:00,9.74289753384299,9.805497185693309,9.680296796531143,9.73720645904541,489300,0.0,0.0
2022-04-18 00:00:00,9.737203770639525,9.759966978083476,9.65183875770632,9.657529830932617,734300,0.0,0.0
2022-04-19 00:00:00,9.708748620361055,9.714439693713878,9.327455389411863,9.361601829528809,1468100,0.0,0.0
2022-04-20 00:00:00,9.41281978760158,9.640457279495562,9.41281978760158,9.572165489196777,819600,0.0,0.0
2022-04-21 00:00:00,9.600621354209512,9.66322098932804,9.53232956035329,9.566474914550781,558500,0.0,0.0
2022-04-22 00:00:00,9.560785398057332,9.577858620666731,9.429893947769523,9.435585021972656,811800,0.0,0.0
2022-04-25 00:00:00,9.390053790010631,9.446963424011983,9.207943829575091,9.378671646118164,786600,0.0,0.0
2022-04-26 00:00:00,9.333143770556813,9.407126617341426,9.162415961064683,9.168107032775879,788400,0.0,0.0
2022-04-27 00:00:00,9.219327020311043,9.367290565870261,9.185180584756353,9.242090225219727,777700,0.0,0.0
2022-04-28 00:00:00,9.305274515660868,9.368457730451235,9.230601949662674,9.32824993133545,633800,0.15,0.0
2022-04-29 00:00:00,9.333994656478747,9.443130900763173,9.28804272660853,9.299530982971191,1182100,0.0,0.0
2022-05-02 00:00:00,9.351225918536658,9.42015325727799,9.087001531814096,9.161673545837402,968400,0.0,0.0
2022-05-03 00:00:00,9.178910988262977,9.575247262693336,9.167423274051197,9.558014869689941,859700,0.0,0.0
2022-05-04 00:00:00,9.569497311300305,9.695864829722625,9.483337589849617,9.684377670288086,1217000,0.0,0.0
2022-05-05 00:00:00,9.649912849000273,9.678633486369973,9.431641482892012,9.563753128051758,1008600,0.0,0.0
2022-05-06 00:00:00,9.21337134073801,9.293786944895432,9.01807481521082,9.109978675842285,1190400,0.0,0.0
2022-05-09 00:00:00,8.977866396126062,9.046794286862575,8.51260244891688,8.63322639465332,1350500,0.0,0.0
2022-05-10 00:00:00,8.61599716528097,8.880221100261199,8.478141342106158,8.62174129486084,1065300,0.0,0.0
2022-05-11 00:00:00,8.5757877512385,8.78257144735889,8.54132352798998,8.610251426696777,591300,0.0,0.0
2022-05-12 00:00:00,8.564300206190996,8.564300206190996,8.20817242603856,8.391980171203613,989400,0.0,0.0
2022-05-13 00:00:00,8.466651413520736,8.70215520195612,8.432187738417639,8.656203269958496,848900,0.0,0.0
2022-05-16 00:00:00,8.67343521118164,8.748106686011589,8.60450676892441,8.67343521118164,550600,0.0,0.0
2022-05-17 00:00:00,8.75385245788575,8.874476432800293,8.75385245788575,8.874476432800293,648300,0.0,0.0
2022-05-18 00:00:00,8.868730985966252,8.868730985966252,8.598763525667502,8.638971328735352,674000,0.0,0.0
2022-05-19 00:00:00,8.587277561918986,8.725133393068326,8.575789849885064,8.581533432006836,584900,0.0,0.0
2022-05-20 00:00:00,8.627484618865857,8.66769242658993,8.47814055047602,8.615996360778809,616500,0.0,0.0
2022-05-23 00:00:00,8.690669911901098,8.799805643825843,8.627486124764708,8.736621856689453,578400,0.0,0.0
2022-05-24 00:00:00,8.736616208748387,8.776823997497559,8.558552126963413,8.776823997497559,585900,0.0,0.0
2022-05-25 00:00:00,8.782573600682092,8.857245646203541,8.696413843121391,8.765341758728027,662100,0.0,0.0
2022-05-26 00:00:00,8.79405717970953,8.926168810689088,8.776824799137344,8.868728637695312,732000,0.0,0.0
2022-05-27 00:00:00,8.915132724900372,8.984736818244395,8.857129590362435,8.961535453796387,510800,0.15,0.0
2022-05-31 00:00:00,8.944135144135284,9.007938762180807,8.868730566537378,8.984737396240234,601000,0.0,0.0
2022-06-01 00:00:00,9.019542494852734,9.12394839710351,8.909335557878002,9.089146614074707,647500,0.0,0.0
2022-06-02 00:00:00,9.112343852227372,9.181947939865,9.007937444188876,9.1761474609375,528800,0.0,0.0
2022-06-03 00:00:00,9.1645500177226,9.210952757809151,9.083344945988987,9.094945907592773,544100,0.0,0.0
2022-06-06 00:00:00,9.147150863405448,9.164551755947228,9.036943919923907,9.048544883728027,468300,0.0,0.0
2022-06-07 00:00:00,9.019538911311384,9.13554573059082,8.967335704344602,9.13554573059082,378300,0.0,0.0
2022-06-08 00:00:00,9.106545828334426,9.118146789316926,9.025341314113987,9.083344459533691,370900,0.0,0.0
2022-06-09 00:00:00,9.106544715283995,9.30955652918617,9.083343349319055,9.268954277038574,797100,0.0,0.0
2022-06-10 00:00:00,9.21095396100425,9.251556225592642,9.042743867926726,9.089146614074707,645200,0.0,0.0
2022-06-13 00:00:00,8.886132303077538,8.926735112232251,8.143687968765398,8.14948844909668,1377300,0.0,0.0
2022-06-14 00:00:00,8.178489439174518,8.2306920971841,7.900072497302454,7.992877960205078,890000,0.0,0.0
2022-06-15 00:00:00,8.050882572671588,8.166889414578966,7.865271625619784,8.045082092285156,933900,0.0,0.0
2022-06-16 00:00:00,7.865271050477245,7.8710709772753065,7.430245010262367,7.441845417022705,1066100,0.0,0.0
2022-06-17 00:00:00,7.465046196454513,7.871070358081504,7.389641622369417,7.755063533782959,1902800,0.0,0.0
2022-06-21 00:00:00,7.888475460903567,8.18429286198502,7.865274085266504,8.155291557312012,840800,0.0,0.0
2022-06-22 00:00:00,8.079886975804568,8.288699357251526,8.079886975804568,8.219095230102539,694500,0.0,0.0
2022-06-23 00:00:00,8.230692801631635,8.462707031909993,8.230692801631635,8.451106071472168,673100,0.0,0.0
2022-06-24 00:00:00,8.445308121890786,8.839731465339218,8.445308121890786,8.717924118041992,1036500,0.0,0.0
2022-06-27 00:00:00,8.816527764459549,8.886131865514782,8.60771546129385,8.625116348266602,802400,0.0,0.0
2022-06-28 00:00:00,8.677319598460295,8.810727321080288,8.52651043563091,8.57291316986084,648800,0.0,0.0
2022-06-29 00:00:00,8.53775385935248,8.637370800867203,8.432277525093633,8.549473762512207,456000,0.15,0.0
2022-06-30 00:00:00,8.42641788692311,8.649091025718302,8.40883859036542,8.596352577209473,536000,0.0,0.0
2022-07-01 00:00:00,8.57291611140831,8.924504950857859,8.57291611140831,8.871767044067383,598000,0.0,0.0
2022-07-05 00:00:00,8.836606710425402,8.889345169067383,8.660812034564083,8.889345169067383,706600,0.0,0.0
2022-07-06 00:00:00,8.854184807313292,8.965521662393295,8.701829963847919,8.801446914672852,440800,0.0,0.0
2022-07-07 00:00:00,8.860045168828629,8.96552207665477,8.795587368954777,8.9127836227417,435100,0.0,0.0
2022-07-08 00:00:00,8.94208302932243,9.070998632002858,8.860045370387384,9.035840034484863,456300,0.0,0.0
2022-07-11 00:00:00,9.024119860541303,9.112017469388983,8.924502905815421,8.953802108764648,382700,0.0,0.0
2022-07-12 00:00:00,8.971383027130713,9.123737894585473,8.959663121030257,9.012401580810547,420200,0.0,0.0
2022-07-13 00:00:00,8.95380211407015,9.135456725394343,8.942082768185005,9.088578224182129,441700,0.0,0.0
2022-07-14 00:00:00,8.97137890177163,9.041696629532131,8.860042080357452,8.965518951416016,619000,0.0,0.0
2022-07-15 00:00:00,9.100295953199046,9.135455102279316,8.778005895500145,9.000679016113281,654500,0.0,0.0
2022-07-18 00:00:00,8.807305914205127,8.971381213425838,8.561193524209825,8.660810470581055,1061800,0.0,0.0
2022-07-19 00:00:00,8.719406736814678,9.059276038106319,8.719406736814678,9.029976844787598,799000,0.0,0.0
2022-07-20 00:00:00,9.047558699120486,9.170614898834781,8.965521605201484,9.117877006530762,505800,0.0,0.0
2022-07-21 00:00:00,9.129595619165345,9.276091056647248,8.965520885659622,9.24093246459961,648000,0.0,0.0
2022-07-22 00:00:00,9.2585108782934,9.311249320174666,9.04755711076834,9.170613288879395,846100,0.0,0.0
2022-07-25 00:00:00,9.176475261102453,9.258512917524232,9.112017461736936,9.22921371459961,540900,0.0,0.0
2022-07-26 00:00:00,9.153036010529918,9.287812120448853,9.153036010529918,9.22921371459961,427500,0.0,0.0
2022-07-27 00:00:00,9.270232533075465,9.481186353201007,9.246793281821052,9.446027755737305,794900,0.0,0.0
2022-07-28 00:00:00,9.440113330840601,9.582070350646973,9.404623934867805,9.582070350646973,764100,0.15,0.0
2022-07-29 00:00:00,9.593896913374525,9.688534527875754,9.48743044318766,9.4933443069458,708100,0.0,0.0
2022-08-01 00:00:00,9.493346578672577,9.64121802773707,9.42236891489661,9.582070350646973,583300,0.0,0.0
2022-08-02 00:00:00,9.534748726076497,9.546577581111608,9.386876756444673,9.392791748046875,400700,0.0,0.0
2022-08-03 00:00:00,9.463770913185346,9.517004714825566,9.410537111545127,9.422367095947266,330000,0.0,0.0
2022-08-04 00:00:00,9.422367104107819,9.446026508847885,9.298155088201295,9.333643913269043,448000,0.0,0.0
2022-08-05 00:00:00,9.380961190936572,9.386876182176909,9.168026583045966,9.244919776916504,487000,0.0,0.0
2022-08-08 00:00:00,9.250835075062826,9.404620903821295,9.250835075062826,9.327728271484375,472500,0.0,0.0
2022-08-09 00:00:00,9.327728878907186,9.327728878907186,9.23309070201307,9.315898895263672,400800,0.0,0.0
2022-08-10 00:00:00,9.392794335335447,9.422368737408217,9.268582297897652,9.280411720275879,557900,0.0,0.0
2022-08-11 00:00:00,9.31590020842241,9.375049006808197,9.233092003499257,9.239006996154785,388900,0.0,0.0
2022-08-12 00:00:00,9.256752052966462,9.298156440346164,9.250837623984893,9.274497032165527,463300,0.0,0.0
2022-08-15 00:00:00,9.25675266248899,9.274497642856495,9.20351941364094,9.262667655944824,387800,0.0,0.0
2022-08-16 00:00:00,9.262665442762115,9.315899242975524,9.2271766186763,9.298154830932617,425100,0.0,0.0
2022-08-17 00:00:00,9.227177574928476,9.26858139534768,9.150284362660852,9.239006996154785,378700,0.0,0.0
2022-08-18 00:00:00,9.250835375581975,9.262664794754775,9.209430998265551,9.2330904006958,266700,0.0,0.0
2022-08-19 00:00:00,9.197600709477829,9.209430127532181,9.144366918021756,9.179856300354004,629900,0.0,0.0
2022-08-22 00:00:00,9.097051446987411,9.114795862605364,8.901861182935516,8.931435585021973,572800,0.0,0.0
2022-08-23 00:00:00,8.955093979168517,9.08522043106856,8.949178986604496,9.031987190246582,485300,0.0,0.0
2022-08-24 00:00:00,9.043816611289886,9.079306002589277,9.014242212554517,9.031987190246582,351900,0.0,0.0
2022-08-25 00:00:00,9.07930939868208,9.19169147901103,9.037904999331456,9.120713233947754,443400,0.0,0.0
2022-08-26 00:00:00,9.132537885081106,9.168027271101973,9.020155863503556,9.061559677124023,401500,0.0,0.0
2022-08-29 00:00:00,9.026071550851833,9.114794176615119,8.978752741900122,8.99649715423584,687400,0.0,0.0
2022-08-30 00:00:00,9.020391415695618,9.050259804925975,8.727676301792256,8.733650207519531,529300,0.15,0.0
2022-08-31 00:00:00,8.757547196280774,8.900917547204408,8.709757079306229,8.769495010375977,488500,0.0,0.0
2022-09-01 00:00:00,8.715727842321057,8.721701747213684,8.36924933438956,8.458855628967285,881800,0.0,0.0
2022-09-02 00:00:00,8.554439779008826,8.614177716117155,8.42899056684389,8.452885627746582,398700,0.0,0.0
2022-09-06 00:00:00,8.494700971859865,8.542491085565436,8.393146837809757,8.446910858154297,506600,0.0,0.0
2022-09-07 00:00:00,8.452885305777713,8.566387268019628,8.369252880655425,8.560413360595703,402200,0.0,0.0
2022-09-08 00:00:00,8.542491959331526,8.661967255815943,8.45288505969085,8.626124382019043,402900,0.0,0.0
2022-09-09 00:00:00,8.691832782762685,8.847150891580304,8.626120968422885,8.841176986694336,353300,0.0,0.0
2022-09-12 00:00:00,8.93078431512349,8.948705462153269,8.841178010271602,8.924810409545898,281700,0.0,0.0
2022-09-13 00:00:00,8.8053374482054,8.835206414198042,8.608203070238348,8.673914909362793,534800,0.0,0.0
2022-09-14 00:00:00,8.679888246798809,8.691836061077122,8.590281918524019,8.673914909362793,323600,0.0,0.0
2022-09-15 00:00:00,8.620151067928694,8.703783490843785,8.494701863852905,8.500675201416016,473400,0.0,0.0
2022-09-16 00:00:00,8.452887123288185,8.65002155303955,8.381201927897079,8.65002155303955,658700,0.0,0.0
2022-09-19 00:00:00,8.578332928290484,8.667939813984715,8.536516723455016,8.614175796508789,338500,0.0,0.0
2022-09-20 00:00:00,8.560412083044953,8.560412083044953,8.446910707445083,8.506648063659668,232700,0.0,0.0
2022-09-21 00:00:00,8.548465842858489,8.5902820540862,8.41704273223877,8.41704273223877,301500,0.0,0.0
2022-09-22 00:00:00,8.423015178331248,8.423015178331248,8.213933019055878,8.249775886535645,515500,0.0,0.0
2022-09-23 00:00:00,8.14225064213092,8.166145705399332,7.783824123401498,7.933168411254883,850000,0.0,0.0
2022-09-26 00:00:00,7.861483541990385,7.8853786062330835,7.174500017735344,7.258132457733154,1117400,0.0,0.0
2022-09-27 00:00:00,7.3537110760313995,7.455264641288102,7.204366826937938,7.276051998138428,872300,0.0,0.0
2022-09-28 00:00:00,7.371634983193231,7.706165907234157,7.293975876257902,7.455267429351807,761000,0.0,0.0
2022-09-29 00:00:00,7.437125652501999,7.437125652501999,6.820388136049589,6.977595806121826,977400,0.15,0.0
2022-09-30 00:00:00,6.9775959929412785,7.165036000989621,6.868759822033609,6.8748064041137695,764500,0.0,0.0
2022-10-03 00:00:00,6.929224017910857,7.013874431369726,6.536205435593196,6.941316604614258,985600,0.0,0.0
2022-10-04 00:00:00,7.0803875680939585,7.582242488861084,7.0743409843174945,7.582242488861084,1303500,0.0,0.0
2022-10-05 00:00:00,7.431079868337252,7.431079868337252,7.025968062463685,7.310151100158691,843800,0.0,0.0
2022-10-06 00:00:00,7.316198482919011,7.388755751761938,7.013876241089861,7.074340343475342,894100,0.0,0.0
2022-10-07 00:00:00,7.001779841545099,7.177126637773879,6.923176025768936,6.995733261108398,819300,0.0,0.0
2022-10-10 00:00:00,7.038061354165706,7.056200525560229,6.681321049148211,6.717599391937256,578800,0.0,0.0
2022-10-11 00:00:00,6.7236465890842405,7.14085160572346,6.602717807679363,7.074340343475342,1044400,0.0,0.0
2022-10-12 00:00:00,7.0441081026606795,7.092479615900364,6.765971613215532,7.050154685974121,688500,0.0,0.0
2022-10-13 00:00:00,6.856666430360167,7.219452663115309,6.7841091838091385,7.201313495635986,761900,0.0,0.0
2022-10-14 00:00:00,7.279918969854547,7.340383643970885,7.092478941400997,7.098525524139404,516800,0.0,0.0
2022-10-17 00:00:00,7.255731195890844,7.340381600764371,7.116663291420449,7.231545448303223,775700,0.0,0.0
2022-10-18 00:00:00,7.364567852422027,7.491543180106329,7.249685111042362,7.352474689483643,740500,0.0,0.0
2022-10-19 00:00:00,7.328290458271748,7.449219229536853,7.207361687006643,7.382708549499512,638000,0.0,0.0
2022-10-20 00:00:00,7.425032135119384,7.521775134670058,7.340382298829426,7.412939548492432,800600,0.0,0.0
2022-10-21 00:00:00,7.485496705168102,7.503635873200082,7.298056713391792,7.437125205993652,550000,0.0,0.0
2022-10-24 00:00:00,7.521775237268726,7.564100732624796,7.340382398953855,7.455264568328857,564300,0.0,0.0
2022-10-25 00:00:00,7.47945062002138,7.709215544666313,7.394800202530996,7.678983211517334,985200,0.0,0.0
2022-10-26 00:00:00,7.769678995730338,7.957118393996307,7.727353505288262,7.86037540435791,814700,0.0,0.0
2022-10-27 00:00:00,7.981306460587807,8.132467569980129,7.902702614507735,7.951074123382568,902700,0.0,0.0
2022-10-28 00:00:00,7.951073430919566,8.183489493510148,7.932724963245572,8.152908325195312,560000,0.15,0.0
2022-10-31 00:00:00,8.122329353676271,8.287467357267875,8.048934879842477,8.183491706848145,581300,0.0,0.0
2022-11-01 00:00:00,8.379206065480114,8.403670877716914,7.902141935218958,8.018349647521973,1000500,0.0,0.0
2022-11-02 00:00:00,8.036700320530096,8.085629954905452,7.773703098297119,7.773703098297119,572500,0.0,0.0
2022-11-03 00:00:00,7.712540595841481,7.816516212448174,7.529054762570601,7.80428409576416,664400,0.0,0.0
2022-11-04 00:00:00,7.938840922070122,8.122327353104652,7.902143985835587,8.085630416870117,554300,0.0,0.0
2022-11-07 00:00:00,8.165141991312526,8.22018740084328,8.05505000567634,8.195722579956055,489400,0.0,0.0
2022-11-08 00:00:00,8.256880246126276,8.53822581858502,8.159021018016626,8.342507362365723,744200,0.0,0.0
2022-11-09 00:00:00,8.354743957519531,8.5259976986088,8.281349497052704,8.354743957519531,530600,0.0,0.0
2022-11-10 00:00:00,8.562695137898055,8.807343337094501,8.562695137898055,8.801227569580078,597900,0.0,0.0
2022-11-11 00:00:00,8.764528924614993,8.941898992118857,8.629972140660849,8.911317825317383,511100,0.0,0.0
2022-11-14 00:00:00,8.874622164847848,8.935783923937196,8.703367839508093,8.764530181884766,653200,0.0,0.0
2022-11-15 00:00:00,8.880739038392413,8.935784449826162,8.611625416041962,8.770647048950195,725500,0.0,0.0
2022-11-16 00:00:00,8.7278328342183,8.7278328342183,8.495416760677127,8.636089324951172,492500,0.0,0.0
2022-11-17 00:00:00,8.49541706681524,8.49541706681524,8.366976615842662,8.446487426757812,682100,0.0,0.0
2022-11-18 00:00:00,8.587157002983357,8.587157002983357,8.366973699471465,8.43425178527832,1325800,0.0,0.0
2022-11-21 00:00:00,8.440368472166375,8.53822772209271,8.397554612858247,8.507646560668945,786900,0.0,0.0
2022-11-22 00:00:00,8.538229215745886,8.59327519928082,8.452602065437407,8.556577682495117,661800,0.0,0.0
2022-11-23 00:00:00,8.507647306954409,8.574925984645763,8.470950376656573,8.532112121582031,653100,0.0,0.0
2022-11-25 00:00:00,8.568811641029544,8.605508579917723,8.51376564940995,8.587160110473633,542100,0.0,0.0
2022-11-28 00:00:00,8.599393362163433,8.62385818408234,8.409790554826362,8.41590690612793,758500,0.0,0.0
2022-11-29 00:00:00,8.471559224000426,8.471559224000426,8.298418030307447,8.378805160522461,741800,0.15,0.0
2022-11-30 00:00:00,8.341698410414521,8.45918745265451,8.193291757841962,8.434453010559082,1186500,0.0,0.0
2022-12-01 00:00:00,8.471553763109377,8.73126568109261,8.471553763109377,8.58285903930664,892900,0.0,0.0
2022-12-02 00:00:00,8.50247641924325,8.521027111764788,8.30460079310449,8.514843940734863,898100,0.0,0.0
2022-12-05 00:00:00,8.422090103245713,8.453008320212438,8.255132675170898,8.255132675170898,542600,0.0,0.0
2022-12-06 00:00:00,8.230395301323712,8.279864195044118,8.112906236450952,8.150008201599121,398600,0.0,0.0
2022-12-07 00:00:00,8.162378065122818,8.31696856101422,8.12527667634981,8.279867172241211,302200,0.0,0.0
2022-12-08 00:00:00,8.28604799347005,8.409720826874853,8.28604799347005,8.391169548034668,714700,0.0,0.0
2022-12-09 00:00:00,8.354067900687687,8.4344550039251,8.316965933918205,8.403536796569824,697600,0.0,0.0
2022-12-12 00:00:00,8.384989059436483,8.40972351608372,8.32933638455121,8.372621536254883,587100,0.0,0.0
2022-12-13 00:00:00,8.545760194672203,8.619963542575322,8.403537258620176,8.490107536315918,1233300,0.0,0.0
2022-12-14 00:00:00,8.48392605821039,8.496292990469328,8.323151810832844,8.366436958312988,1404700,0.0,0.0
2022-12-15 00:00:00,8.27986667155683,8.347886273338155,8.236580934317889,8.286049842834473,757900,0.0,0.0
2022-12-16 00:00:00,8.248945658909218,8.248945658909218,7.908846585905724,7.9212141036987305,2593900,0.0,0.0
2022-12-19 00:00:00,7.939765503519977,8.193293743881798,7.9150310554289645,8.131457328796387,680000,0.0,0.0
2022-12-20 00:00:00,8.081988142634302,8.100539420323765,7.8222761521391995,7.896480083465576,865300,0.0,0.0
2022-12-21 00:00:00,7.9892367364171735,8.131459707109345,7.9892367364171735,8.02015495300293,582000,0.0,0.0
2022-12-22 00:00:00,7.958315579887462,8.026335159475732,7.877928482347301,7.9706830978393555,769000,0.0,0.0
2022-12-23 00:00:00,7.915033370440919,8.026338124547335,7.915033370440919,8.02015495300293,417900,0.0,0.0
2022-12-27 00:00:00,8.032521458858065,8.044888980721375,7.95213433589426,7.964501857757568,551500,0.0,0.0
2022-12-28 00:00:00,7.976867684074415,8.013969654805006,7.642952306362366,7.649136066436768,820400,0.0,0.0
2022-12-29 00:00:00,7.755549645286557,7.9182967986954065,7.680435436723704,7.855701923370361,826900,0.15,0.0
2022-12-30 00:00:00,7.743027210235596,7.805622657439922,7.680432359985696,7.743027210235596,750400,0.0,0.0
2023-01-03 00:00:00,7.811884525989275,7.987151602231528,7.793106123875691,7.868220329284668,444000,0.0,0.0
2023-01-04 00:00:00,7.980891376712939,8.131119777005491,7.962112975915019,8.099822044372559,739100,0.0,0.0
2023-01-05 00:00:00,8.03722557739549,8.11233976260098,7.993409118597576,8.074782371520996,420600,0.0,0.0
2023-01-06 00:00:00,8.143637954829954,8.193714081164666,8.087302163464773,8.118599891662598,500700,0.0,0.0
2023-01-09 00:00:00,8.093563478832396,8.206234487582691,8.087303812525537,8.11234188079834,510500,0.0,0.0
2023-01-10 00:00:00,8.156156807644761,8.268828392028809,8.099821015452738,8.268828392028809,647200,0.0,0.0
2023-01-11 00:00:00,8.325166631485251,8.487914390780283,8.29386889362779,8.462876319885254,491700,0.0,0.0
2023-01-12 00:00:00,8.481656074523926,8.525472556329337,8.444098663723006,8.481656074523926,653800,0.0,0.0
2023-01-13 00:00:00,8.450351359758455,8.55050357665772,8.431572968328418,8.537984848022461,954700,0.0,0.0
2023-01-17 00:00:00,8.575541630882535,8.61309901069691,8.506687131002867,8.537984848022461,566500,0.0,0.0
2023-01-18 00:00:00,8.594321686362836,8.606841014376412,8.500429114078678,8.531726837158203,448200,0.0,0.0
2023-01-19 00:00:00,8.500433309956392,8.575547524251542,8.469135571428069,8.550509452819824,610800,0.0,0.0
2023-01-20 00:00:00,8.575545310974121,8.588064641936198,8.506690781546363,8.575545310974121,607100,0.0,0.0
2023-01-23 00:00:00,8.638140380074747,8.694476172939757,8.6131023162408,8.663178443908691,696700,0.0,0.0
2023-01-24 00:00:00,8.688215999514126,8.76333018662206,8.625620545113598,8.65065860748291,548200,0.0,0.0
2023-01-25 00:00:00,8.606844650476969,8.625623053476158,8.556768511176022,8.600584983825684,748500,0.0,0.0
2023-01-26 00:00:00,8.65692008358019,8.681958151188155,8.556767813148326,8.606843948364258,828100,0.0,0.0
2023-01-27 00:00:00,8.613105410043858,8.694479295972082,8.588067337216307,8.669441223144531,1768900,0.0,0.0
2023-01-30 00:00:00,8.63779549838719,8.650451899036621,8.511234509344854,8.53654670715332,885400,0.15,0.0
2023-01-31 00:00:00,8.56818938239293,8.707406809083519,8.561861180386412,8.688422203063965,761400,0.0,0.0
2023-02-01 00:00:00,8.669441032236067,9.01748441089873,8.63147301477658,8.9478759765625,1129000,0.0,0.0
2023-02-02 00:00:00,9.030139037408153,9.12505966581988,8.871937587728183,8.890921592712402,1728300,0.0,0.0
2023-02-03 00:00:00,8.878264729253033,8.884592931751671,8.758031899231966,8.802328109741211,1233100,0.0,0.0
2023-02-06 00:00:00,8.764360108512019,8.789672315035546,8.612486265880257,8.618814468383789,632200,0.0,0.0
2023-02-07 00:00:00,8.618813124208799,8.789670944213867,8.561860517540442,8.789670944213867,876300,0.0,0.0
2023-02-08 00:00:00,8.795999828364554,8.827640237083395,8.64412659070283,8.720063209533691,618600,0.0,0.0
2023-02-09 00:00:00,8.745372024337328,8.789668820761559,8.403657070370915,8.485921859741211,1435800,0.0,0.0
2023-02-10 00:00:00,8.479597030759093,8.625142670887323,8.473269431746166,8.618814468383789,508700,0.0,0.0
2023-02-13 00:00:00,8.637797763575534,8.688422172468286,8.612485559129158,8.68209457397461,668100,0.0,0.0
2023-02-14 00:00:00,8.669436738126226,8.682093140004309,8.542875736797685,8.593500137329102,692700,0.0,0.0
2023-02-15 00:00:00,8.574519630682172,8.675768472986938,8.542879216589256,8.669440269470215,547100,0.0,0.0
2023-02-16 00:00:00,8.580845786405964,8.707406809083519,8.549205379863936,8.688422203063965,522300,0.0,0.0
2023-02-17 00:00:00,8.694752480046407,8.694752480046407,8.54920742010598,8.669440269470215,765100,0.0,0.0
2023-02-21 00:00:00,8.599830835880885,8.618814840720997,8.353036358996905,8.403660774230957,1046100,0.0,0.0
2023-02-22 00:00:00,8.403661416692671,8.511238458161978,8.403661416692671,8.479598045349121,675800,0.0,0.0
2023-02-23 00:00:00,8.530220871256423,8.549205477492773,8.422644453369939,8.441628456115723,594700,0.0,0.0
2023-02-24 00:00:00,8.441628895285497,8.46061289901891,8.20116263519674,8.30873966217041,924100,0.0,0.0
2023-02-27 00:00:00,8.353549061641298,8.359950395079695,8.155111998304237,8.212722778320312,907700,0.15,0.0
2023-02-28 00:00:00,8.231926646231354,8.283136095782966,8.193519864300043,8.238327980041504,730000,0.0,0.0
2023-03-01 00:00:00,8.244729521574753,8.244729521574753,8.07829850110645,8.116705894470215,721400,0.0,0.0
2023-03-02 00:00:00,8.097500677375637,8.180716175121757,8.046291234218748,8.174315452575684,660200,0.0,0.0
2023-03-03 00:00:00,8.225525445197109,8.263932224897987,8.167914665181035,8.212722778320312,588500,0.0,0.0
2023-03-06 00:00:00,8.289534259840085,8.321540306187565,8.174313347639542,8.193516731262207,655500,0.0,0.0
2023-03-07 00:00:00,8.193517511297102,8.263930331593313,8.052691260240064,8.071894645690918,528100,0.0,0.0
2023-03-08 00:00:00,8.084698171841668,8.084698171841668,7.8670577453059405,7.931069850921631,564200,0.0,0.0
2023-03-09 00:00:00,7.937469397181757,7.9886788299018,7.681422233581543,7.681422233581543,718700,0.0,0.0
2023-03-10 00:00:00,7.598207696138161,7.668620522254059,7.278148396669167,7.361363887786865,1264700,0.0,0.0
2023-03-13 00:00:00,7.201332580361421,7.431775003165757,7.0092969227922115,7.226937294006348,1641800,0.0,0.0
2023-03-14 00:00:00,7.374167307529471,7.643016584972465,7.361364641217327,7.406172752380371,1594400,0.0,0.0
2023-03-15 00:00:00,7.220536180880546,7.31015298657451,7.06690789437479,7.258943557739258,1340700,0.0,0.0
2023-03-16 00:00:00,7.239739734934563,7.4189727249746555,7.092512178124677,7.335757255554199,1241900,0.0,0.0
2023-03-17 00:00:00,7.265346103469319,7.310154208574363,6.926082817642241,6.932484149932861,3536900,0.0,0.0
2023-03-20 00:00:00,6.93888618360922,7.130921898486338,6.932484850671551,7.0669097900390625,1542700,0.0,0.0
2023-03-21 00:00:00,7.207735280998074,7.28454943652903,7.194932616510593,7.265346050262451,980800,0.0,0.0
2023-03-22 00:00:00,7.489389719463529,7.617413355345884,7.175731658935548,7.175731658935547,1764000,0.0,0.0
2023-03-23 00:00:00,7.252544388915266,7.3997719985619606,7.073311334552302,7.124520778656006,1214200,0.0,0.0
2023-03-24 00:00:00,7.054107006297683,7.418974399566651,7.002896958548433,7.41897439956665,952500,0.0,0.0
2023-03-27 00:00:00,7.540598053469345,7.636616223963813,7.450981826898885,7.5341973304748535,1020800,0.0,0.0
2023-03-28 00:00:00,7.514992194491691,7.630213737487793,7.4957888074805625,7.630213737487793,759700,0.0,0.0
2023-03-29 00:00:00,7.732633864701682,7.783843311980652,7.681424417422711,7.77744197845459,722700,0.0,0.0
2023-03-30 00:00:00,7.881139862424331,7.881139862424331,7.712628497803205,7.809846878051758,721200,0.15,0.0
2023-03-31 00:00:00,7.855215653441036,7.939471341852564,7.8228095243449856,7.913546562194824,794100,0.0,0.0
2023-04-03 00:00:00,7.94595154633711,8.062612728939158,7.9070640734061515,7.965394973754883,611000,0.0,0.0
2023-04-04 00:00:00,7.971879883246585,8.004286022148762,7.894105520738775,7.952436447143555,573600,0.0,0.0
2023-04-05 00:00:00,7.894105226578976,7.997804372725224,7.881142524262862,7.9459547996521,585000,0.0,0.0
2023-04-06 00:00:00,7.965396998944731,8.036689996332973,7.939472216431227,7.978359699249268,413700,0.0,0.0
2023-04-10 00:00:00,7.978360937346719,8.010766456945673,7.634856743117689,7.9459547996521,1052500,0.0,0.0
2023-04-11 00:00:00,7.97187708498295,8.07557619859322,7.887621400650737,8.017245292663574,531000,0.0,0.0
2023-04-12 00:00:00,8.101500976995787,8.127425755398354,7.97187708498295,8.017245292663574,555300,0.0,0.0
2023-04-13 00:00:00,8.030209246126292,8.043171328305961,7.79688558593655,7.939472198486328,739700,0.0,0.0
2023-04-14 00:00:00,7.99131994810455,8.02372607333577,7.796883814812662,7.86817741394043,526200,0.0,0.0
2023-04-17 00:00:00,7.8681796667349095,8.0626152376016,7.803367397715609,8.023728370666504,687100,0.0,0.0
2023-04-18 00:00:00,7.971875157219723,8.017243353929386,7.887619493262261,7.932987689971924,483400,0.0,0.0
2023-04-19 00:00:00,7.93299018165977,8.107982912095677,7.881140621107393,8.075576782226562,527900,0.0,0.0
2023-04-20 00:00:00,8.004281371586705,8.140386581420898,7.984837328685155,8.140386581420898,417500,0.0,0.0
2023-04-21 00:00:00,8.133908451332942,8.153351883830439,7.991321837461637,8.127427101135254,480200,0.0,0.0
2023-04-24 00:00:00,8.127423199968046,8.211678857808534,7.9977993487116334,8.198716163635254,509800,0.0,0.0
2023-04-25 00:00:00,8.166313171386719,8.224643458787586,8.133907044100368,8.166313171386719,554200,0.0,0.0
2023-04-26 00:00:00,8.179275920014742,8.26353161060809,8.030208587646484,8.030208587646484,1143300,0.0,0.0
2023-04-27 00:00:00,8.063012005347261,8.299194394502605,8.003966251640861,8.26639175415039,758900,0.15,0.0
2023-04-28 00:00:00,8.305752860465189,8.391041078110717,8.246707123197508,8.377920150756836,706800,0.0,0.0
2023-05-01 00:00:00,8.325434451642016,8.35823770808784,8.161418795082977,8.21390438079834,755900,0.0,0.0
2023-05-02 00:00:00,8.213904084897715,8.213904084897715,7.721857132946272,7.826827049255371,916800,0.0,0.0
2023-05-03 00:00:00,7.833386026134016,8.05644737770568,7.833386026134016,7.8530683517456055,654900,0.0,0.0
2023-05-04 00:00:00,7.800587572055342,7.839950992984337,7.636571858287175,7.728420257568359,779200,0.0,0.0
2023-05-05 00:00:00,7.748100825964611,7.95147991426059,7.7152975655610225,7.905555725097656,769300,0.0,0.0
2023-05-08 00:00:00,7.971159961607683,8.003963215185621,7.85962927484471,7.977720737457275,638700,0.0,0.0
2023-05-09 00:00:00,7.971162844495156,8.25983082957797,7.971162844495156,7.984284400939941,881000,0.0,0.0
2023-05-10 00:00:00,8.115493936016192,8.174539667570338,7.944917517230881,8.030205726623535,625200,0.0,0.0
2023-05-11 00:00:00,7.944917517230881,8.056448204462043,7.944917517230881,8.030205726623535,511600,0.0,0.0
2023-05-12 00:00:00,8.06957409195835,8.076134871360557,7.971164277936325,8.036770820617676,289300,0.0,0.0
2023-05-15 00:00:00,8.167981648971123,8.253269887154659,8.1417391622739,8.174542427062988,577700,0.0,0.0
2023-05-16 00:00:00,8.161421053262668,8.194224318784812,8.122057635172297,8.135178565979004,438100,0.0,0.0
2023-05-17 00:00:00,8.154858208120501,8.33199478238066,8.122054953429348,8.312313079833984,537500,0.0,0.0
2023-05-18 00:00:00,8.312312864787588,8.417282776547584,8.266388684810096,8.384479522705078,532800,0.0,0.0
2023-05-19 00:00:00,8.456648682915366,8.469769611962029,8.305753932022656,8.325435638427734,562500,0.0,0.0
2023-05-22 00:00:00,8.331996064040109,8.430405843251336,8.286071875810286,8.404163360595703,546000,0.0,0.0
2023-05-23 00:00:00,8.371359154560379,8.561617288724475,8.371359154560379,8.45008659362793,827400,0.0,0.0
2023-05-24 00:00:00,8.391040798006111,8.391040798006111,8.272949327412807,8.34511661529541,468800,0.0,0.0
2023-05-25 00:00:00,8.312315873813994,8.312315873813994,8.017087733700043,8.148300170898438,913900,0.0,0.0
2023-05-26 00:00:00,8.19422449712358,8.502574198670235,8.135178743032702,8.47633171081543,931900,0.0,0.0
2023-05-30 00:00:00,8.297112935500389,8.4298666158645,7.998416996426271,8.230735778808594,2166200,0.15,0.0
2023-05-31 00:00:00,8.197545994401668,8.330299644983127,8.131168852601268,8.323661804199219,2289900,0.0,0.0
2023-06-01 00:00:00,8.323665582262832,8.403317808765392,8.250651199557058,8.363492012023926,1105200,0.0,0.0
2023-06-02 00:00:00,8.383402998999863,8.609084572478764,8.376765156716488,8.582533836364746,1160000,0.0,0.0
2023-06-05 00:00:00,8.55598278920733,8.575895682314064,8.469692741718879,8.496243476867676,699200,0.0,0.0
2023-06-06 00:00:00,8.469696188043459,8.682102155661946,8.456420498557446,8.629000663757324,911200,0.0,0.0
2023-06-07 00:00:00,8.688737249507012,8.755113776862789,8.642273617056016,8.735200881958008,864900,0.0,0.0
2023-06-08 00:00:00,8.735198953699252,8.781662575893597,8.648908917467345,8.775025367736816,810000,0.0,0.0
2023-06-09 00:00:00,8.76175161950422,8.768389462145652,8.695375092148444,8.735200881958008,403800,0.0,0.0
2023-06-12 00:00:00,8.761750244310587,8.980793952941895,8.755112402710992,8.980793952941895,892700,0.0,0.0
2023-06-13 00:00:00,9.000709533691406,9.033897483231373,8.960883108016061,9.000709533691406,612100,0.0,0.0
2023-06-14 00:00:00,9.000707824145444,9.053809292947054,8.887867044687157,8.94096851348877,667200,0.0,0.0
2023-06-15 00:00:00,8.894502596928994,9.106909065594355,8.894502596928994,9.100271224975586,639800,0.0,0.0
2023-06-16 00:00:00,9.106910041200125,9.12682293217034,8.96751853836984,8.974156379699707,1834800,0.0,0.0
2023-06-20 00:00:00,8.974157602366065,8.980794811580814,8.887867552379527,8.967519760131836,644700,0.0,0.0
2023-06-21 00:00:00,8.99406941926756,9.100272350222552,8.921054429471454,9.08035945892334,552400,0.0,0.0
2023-06-22 00:00:00,9.027258211119644,9.067083994678383,8.960881061162526,8.980793952941895,532000,0.0,0.0
2023-06-23 00:00:00,8.947604884454405,8.980793457602434,8.794938334200603,8.828126907348633,1332000,0.0,0.0
2023-06-26 00:00:00,8.874592371852144,9.073723219050237,8.834766582224232,8.994071006774902,890900,0.0,0.0
2023-06-27 00:00:00,9.05381078317949,9.160013738263428,9.00070930563752,9.146738052368164,854300,0.0,0.0
2023-06-28 00:00:00,9.160013293106333,9.193201873212056,9.113549027750514,9.173288345336914,705400,0.0,0.0
2023-06-29 00:00:00,9.186709769628964,9.226973207026317,9.133025613076242,9.22026252746582,474800,0.15,0.0
2023-06-30 00:00:00,9.273947377263083,9.334342217890926,9.233684576821638,9.260526657104492,893900,0.0,0.0
2023-07-03 00:00:00,9.146444855707173,9.253813143967562,9.012234495381689,9.086050033569336,1228300,0.0,0.0
2023-07-05 00:00:00,9.10618538639454,9.126317429169553,8.938422203063965,8.938422203063965,1094900,0.0,0.0
2023-07-06 00:00:00,8.884735639074533,8.91828839468346,8.703551782731267,8.817630767822266,608900,0.0,0.0
2023-07-07 00:00:00,8.831050788959558,9.012235270965629,8.817630071754776,8.978682518005371,974300,0.0,0.0
2023-07-10 00:00:00,9.012238047661684,9.17329054353301,8.958553882371243,9.153159141540527,861500,0.0,0.0
2023-07-11 00:00:00,9.15315608365907,9.253813699959572,9.15315608365907,9.226971626281738,611300,0.0,0.0
2023-07-12 00:00:00,9.287365065321252,9.314207134991209,9.159864754414887,9.16657543182373,706000,0.0,0.0
2023-07-13 00:00:00,9.240393438117518,9.381313851891198,9.21355072315238,9.314208984375,806200,0.0,0.0
2023-07-14 00:00:00,9.314207358625817,9.334338751370286,9.226970470112537,9.294075965881348,572700,0.0,0.0
2023-07-17 00:00:00,9.320918380171365,9.33433909584114,9.240392166256346,9.307497024536133,455900,0.0,0.0
2023-07-18 00:00:00,9.320919094934974,9.461840140083986,9.30078705993832,9.354471206665039,674600,0.0,0.0
2023-07-19 00:00:00,9.414864588161947,9.53565421975939,9.388022518914228,9.441706657409668,460400,0.0,0.0
2023-07-20 00:00:00,9.455130863959036,9.481972941303107,9.394736029943473,9.434999465942383,676500,0.0,0.0
2023-07-21 00:00:00,9.495393659992342,9.522235737336413,9.414867427960127,9.434999465942383,568800,0.0,0.0
2023-07-24 00:00:00,9.435000879867621,9.475263681934692,9.287369112368392,9.300789833068848,1172300,0.0,0.0
2023-07-25 00:00:00,9.327630983911853,9.381315141289555,9.213551989492826,9.320920944213867,1094000,0.0,0.0
2023-07-26 00:00:00,9.320918517198546,9.394734054381114,9.314207839282275,9.388023376464844,1030200,0.0,0.0
2023-07-27 00:00:00,9.408155372671848,9.428286766374859,9.173286766263338,9.179997444152832,1198200,0.0,0.0
2023-07-28 00:00:00,9.241062485759524,9.288556726529714,9.139288927806117,9.27498722076416,769500,0.15,0.0
2023-07-31 00:00:00,9.288557026180182,9.288557026180182,9.132504146009264,9.173213958740234,718600,0.0,0.0
2023-08-01 00:00:00,9.152858728844489,9.227493277674512,9.098579409910212,9.173213958740234,688200,0.0,0.0
2023-08-02 00:00:00,9.132505732793316,9.159645396976005,9.05108674024525,9.08501148223877,681600,0.0,0.0
2023-08-03 00:00:00,9.08500954220305,9.08500954220305,8.86789162804481,8.874676704406738,1047800,0.0,0.0
2023-08-04 00:00:00,8.922171908833004,9.091794953845499,8.901817324608462,9.030731201171875,587700,0.0,0.0
2023-08-07 00:00:00,9.057868332354227,9.118932067970897,9.010373453016303,9.07143783569336,577500,0.0,0.0
2023-08-08 00:00:00,9.023942947387695,9.064652101505978,8.874674539146543,9.023942947387695,796800,0.0,0.0
2023-08-09 00:00:00,9.023942947387695,9.091791753271611,8.976448071502583,9.023942947387695,553700,0.0,0.0
2023-08-10 00:00:00,9.023943891972209,9.091792704958223,8.935739852736027,8.996804237365723,620500,0.0,0.0
2023-08-11 00:00:00,8.94930905057382,9.017158508300781,8.94930905057382,9.017158508300781,361700,0.0,0.0
2023-08-14 00:00:00,9.01037501236657,9.01037501236657,8.901816378624641,8.956095695495605,580700,0.0,0.0
2023-08-15 00:00:00,8.915387150248625,8.928956656878066,8.827183092445356,8.8882474899292,522900,0.0,0.0
2023-08-16 00:00:00,8.888247160614357,8.94931090877521,8.7864729528919,8.800043106079102,723300,0.0,0.0
2023-08-17 00:00:00,8.820397675498704,8.888247147211363,8.698268885240125,8.718624114990234,596400,0.0,0.0
2023-08-18 00:00:00,8.643989566694206,8.759333280369415,8.603280401315025,8.718624114990234,892800,0.0,0.0
2023-08-21 00:00:00,8.752549485283089,8.75933456285989,8.650775909873527,8.677915573120117,571800,0.0,0.0
2023-08-22 00:00:00,8.718622197248655,8.772901503855339,8.671127318672525,8.691482543945312,397800,0.0,0.0
2023-08-23 00:00:00,8.718625705290552,8.827184362183777,8.691486041067247,8.820399284362793,683900,0.0,0.0
2023-08-24 00:00:00,8.772904719809507,8.89503288091386,8.772904719809507,8.786474227905273,560900,0.0,0.0
2023-08-25 00:00:00,8.854321479797363,8.915385868502106,8.772902510544522,8.854321479797363,550200,0.0,0.0
2023-08-28 00:00:00,8.888249702227862,9.051087704675037,8.888249702227862,9.037517547607422,697700,0.0,0.0
2023-08-29 00:00:00,9.03751564954535,9.146074295043945,8.990021403904857,9.146074295043945,689900,0.0,0.0
2023-08-30 00:00:00,9.139211479871426,9.187240815082662,9.04315411813236,9.159795761108398,577100,0.15,0.0
2023-08-31 00:00:00,9.16665770656469,9.200964192006877,9.14607407703609,9.173519134521484,608600,0.0,0.0
2023-09-01 00:00:00,9.194102764050083,9.235270677449066,9.15979693294968,9.173519134521484,480800,0.0,0.0
2023-09-05 00:00:00,9.17351834914276,9.17351834914276,9.056876701230513,9.070599555969238,594400,0.0,0.0
2023-09-06 00:00:00,9.07060116761633,9.077461941862973,8.988265987580009,9.029433250427246,534100,0.0,0.0
2023-09-07 00:00:00,9.043155111053613,9.07060016804129,8.988264997078259,8.995125770568848,516500,0.0,0.0
2023-09-08 00:00:00,8.988262670692013,9.118626494056631,8.988262670692013,9.050013542175293,554800,0.0,0.0
2023-09-11 00:00:00,9.09804560688513,9.159797151284636,9.050016264384514,9.146074295043945,519900,0.0,0.0
2023-09-12 00:00:00,9.152932598870938,9.235267745185118,9.132348975877788,9.139209747314453,543500,0.0,0.0
2023-09-13 00:00:00,9.15293476528581,9.173518393150914,9.070599599483659,9.10490608215332,739300,0.0,0.0
2023-09-14 00:00:00,9.139213850835846,9.26271695293099,9.139213850835846,9.221549034118652,838400,0.0,0.0
2023-09-15 00:00:00,9.235271891836721,9.235271891836721,9.166658911930114,9.221549034118652,1389800,0.0,0.0
2023-09-18 00:00:00,9.228408988999446,9.228408988999446,9.159796674393593,9.166657447814941,636700,0.0,0.0
2023-09-19 00:00:00,9.180380821228027,9.242132365896081,9.152935762969094,9.180380821228027,447400,0.0,0.0
2023-09-20 00:00:00,9.242132022156062,9.242132022156062,9.063738822937012,9.063738822937012,398600,0.0,0.0
2023-09-21 00:00:00,9.084322421537745,9.084322421537745,8.741258880050594,8.748120307922363,1082100,0.0,0.0
2023-09-22 00:00:00,8.77556617705957,8.892207844305249,8.754982545881463,8.844179153442383,635700,0.0,0.0
2023-09-25 00:00:00,8.816732927139078,8.926513151352133,8.789287871085815,8.871623039245605,717200,0.0,0.0
2023-09-26 00:00:00,8.803011946985077,8.816734805105556,8.562867164611816,8.562867164611816,1125800,0.0,0.0
2023-09-27 00:00:00,8.624615350699782,8.672644681030473,8.507973719576386,8.542280197143555,777500,0.0,0.0
2023-09-28 00:00:00,8.486722599936266,8.58395140174836,8.465887288986641,8.542282104492188,823000,0.15,0.0
2023-09-29 00:00:00,8.604787475382846,8.750631353349387,8.56311751211172,8.660346984863281,711800,0.0,0.0
2023-10-02 00:00:00,8.667290658582242,8.681180865881991,8.438107536708682,8.542282104492188,1054600,0.0,0.0
2023-10-03 00:00:00,8.500611891896783,8.50755699533994,8.26448367340162,8.3408784866333,1004200,0.0,0.0
2023-10-04 00:00:00,8.33393460756579,8.382549014167006,8.174201178835155,8.361714363098145,918500,0.0,0.0
2023-10-05 00:00:00,8.333935228494763,8.528393531709574,8.313100575873591,8.521449089050293,801500,0.0,0.0
2023-10-06 00:00:00,8.451996192882858,8.618674675961488,8.451996192882858,8.577005386352539,880500,0.0,0.0
2023-10-09 00:00:00,8.514502425160666,8.771465301513672,8.514502425160666,8.771465301513672,855500,0.0,0.0
2023-10-10 00:00:00,8.77146557484837,8.847859731067452,8.750630925392542,8.7923002243042,572300,0.0,0.0
2023-10-11 00:00:00,8.820082121575455,8.910366507591478,8.806192572669303,8.903421401977539,605200,0.0,0.0
2023-10-12 00:00:00,8.903417136594705,8.931196883420219,8.750628860215084,8.820077896118164,597500,0.0,0.0
2023-10-13 00:00:00,8.875640293739057,8.889530502857175,8.674236897777709,8.729796409606934,440000,0.0,0.0
2023-10-16 00:00:00,8.757577495693461,8.910366507591478,8.736742841173372,8.903421401977539,629100,0.0,0.0
2023-10-17 00:00:00,8.854803867816713,8.938143118858761,8.827024117469364,8.882583618164062,603200,0.0,0.0
2023-10-18 00:00:00,8.84091625101592,8.875641114701507,8.667292594909668,8.667292594909668,557500,0.0,0.0
2023-10-19 00:00:00,8.729793664680574,8.764518514235643,8.563115181601944,8.577005386352539,922100,0.0,0.0
2023-10-20 00:00:00,8.590895143915162,8.632565096889028,8.49366569519043,8.49366569519043,827300,0.0,0.0
2023-10-23 00:00:00,8.458942699223416,8.528391747538878,8.31309883674296,8.389492988586426,2111000,0.0,0.0
2023-10-24 00:00:00,8.403379658396341,8.479773778083128,8.326984876388309,8.410324096679688,1314500,0.0,0.0
2023-10-25 00:00:00,8.36171538591259,8.396440250156022,8.160311968086722,8.181146621704102,1086800,0.0,0.0
2023-10-26 00:00:00,8.215868774516213,8.424217228895182,8.215868774516213,8.333932876586914,995700,0.0,0.0
2023-10-27 00:00:00,8.375603341527563,8.458942595880883,8.257539232279981,8.3408784866333,994900,0.0,0.0
2023-10-30 00:00:00,8.36900919649477,8.44637021743285,8.28461590422454,8.31274700164795,757600,0.15,0.0
2023-10-31 00:00:00,8.354943472420395,8.516697105042942,8.354943472420395,8.460434913635254,565400,0.0,0.0
2023-11-01 00:00:00,8.45340401679993,8.650321718735022,8.432305188568847,8.608124732971191,882800,0.0,0.0
2023-11-02 00:00:00,8.6714203240974,8.882403922415987,8.664387380990496,8.875370979309082,1001500,0.0,0.0
2023-11-03 00:00:00,9.037126712006309,9.093388924147954,8.97383155567234,9.001962661743164,1059400,0.0,0.0
2023-11-06 00:00:00,9.016028224395578,9.037127057779822,8.896470851345528,8.931634902954102,788700,0.0,0.0
2023-11-07 00:00:00,8.924598006707765,8.973827925440307,8.882401700020672,8.945696830749512,843600,0.0,0.0
2023-11-08 00:00:00,8.826141928507983,8.840207144357361,8.558896120385933,8.79801082611084,752600,0.0,0.0
2023-11-09 00:00:00,8.861303599897811,8.896466965448843,8.650320053100586,8.650320053100586,830800,0.0,0.0
2023-11-10 00:00:00,8.741750097385406,8.94570079187693,8.706586045776833,8.931634902954102,717900,0.0,0.0
2023-11-13 00:00:00,8.861305807372972,8.903502124825184,8.798010660496278,8.833174705505371,654000,0.0,0.0
2023-11-14 00:00:00,9.065253314847096,9.248105078125269,9.030089282051938,9.20590877532959,1173600,0.0,0.0
2023-11-15 00:00:00,9.212943587242984,9.269205782863235,9.184812489432858,9.248106956481934,1004100,0.0,0.0
2023-11-16 00:00:00,9.283272498877812,9.283272498877812,9.0582236799736,9.100419998168945,777600,0.0,0.0
2023-11-17 00:00:00,9.163715790551855,9.198879838652966,9.093388365048062,9.149650573730469,772000,0.0,0.0
2023-11-20 00:00:00,9.142616251474333,9.219976609073871,9.093386993974477,9.163714408874512,449000,0.0,0.0
2023-11-21 00:00:00,9.142617393443832,9.17074849705726,9.100420402674482,9.107453346252441,666600,0.0,0.0
2023-11-22 00:00:00,9.191845365848854,9.191845365848854,9.114485009453887,9.177780151367188,515100,0.0,0.0
2023-11-24 00:00:00,9.205911230843615,9.219976445294442,9.142616089069099,9.198878288269043,282700,0.0,0.0
2023-11-27 00:00:00,9.191842893932272,9.241072808124748,9.142613650437934,9.20590877532959,744600,0.0,0.0
2023-11-28 00:00:00,9.205909745723844,9.219974957905636,9.121516460538459,9.18481159210205,818900,0.0,0.0
2023-11-29 00:00:00,9.248841747201602,9.376902850049202,9.241727090712073,9.263071060180664,697000,0.15,0.0
2023-11-30 00:00:00,9.270184575618188,9.305757177799862,9.227497995792943,9.248841285705566,661200,0.0,0.0
2023-12-01 00:00:00,9.213271547290535,9.391133934993022,9.199042909089743,9.33421802520752,3131100,0.0,0.0
2023-12-04 00:00:00,9.305757485064387,9.327100775681737,9.206154331365118,9.220383644104004,1106700,0.0,0.0
2023-12-05 00:00:00,9.184812672190889,9.234613918640932,9.135011425740846,9.142126083374023,774000,0.0,0.0
2023-12-06 00:00:00,9.156355383502177,9.234614587663495,8.99272231703093,9.05675220489502,1276800,0.0,0.0
2023-12-07 00:00:00,9.056752674328074,9.163975202985675,8.99956723481679,9.149679183959961,1244200,0.06,0.0
2023-12-08 00:00:00,9.113935529396457,9.235454724324732,9.113935529396457,9.221158027648926,915300,0.0,0.0
2023-12-11 00:00:00,9.19971484186321,9.278344638532362,9.192566492610348,9.24260425567627,1362200,0.0,0.0
2023-12-12 00:00:00,9.256900362251795,9.364123556972247,9.214011629726905,9.32838249206543,1465600,0.0,0.0
2023-12-13 00:00:00,9.306939637476,9.349828376967064,9.092493894908014,9.321235656738281,5062200,0.0,0.0
2023-12-14 00:00:00,9.3641239515306,9.407012685862611,9.27119745153905,9.335531234741211,3873900,0.0,0.0
2023-12-15 00:00:00,9.356974107834194,9.364122456316165,9.192565501269018,9.264047622680664,4679500,0.0,0.0
2023-12-18 00:00:00,9.271199896830101,9.271199896830101,9.11393957215878,9.163976669311523,1786100,0.0,0.0
2023-12-19 00:00:00,9.163973777303012,9.249751923225023,9.135381061995673,9.24260425567627,1450700,0.0,0.0
2023-12-20 00:00:00,9.20686310015457,9.30693794359359,9.15682601928711,9.15682601928711,1596500,0.0,0.0
2023-12-21 00:00:00,9.221158027648926,9.256899087634421,9.171120952691643,9.221158027648926,985900,0.0,0.0
2023-12-22 00:00:00,9.271196970983606,9.31408570309256,9.20686319111607,9.24260425567627,883700,0.0,0.0
2023-12-26 00:00:00,9.30693703186846,9.32123304712837,9.256899274198693,9.264047622680664,950100,0.0,0.0
2023-12-27 00:00:00,9.271196365356445,9.314085094663756,9.24975131899873,9.271196365356445,1118400,0.0,0.0
2023-12-28 00:00:00,9.271199160263512,9.285595075160362,9.228010042637488,9.256802558898926,919200,0.09,0.0
2023-12-29 00:00:00,9.263999508391807,9.263999508391807,9.127235247714497,9.148829460144043,1319700,0.0,0.0
2024-01-02 00:00:00,9.127237638227777,9.127237638227777,8.976076738695152,9.019265174865723,1433700,0.0,0.0
2024-01-03 00:00:00,8.961677506684262,8.961677506684262,8.760129928588867,8.760129928588867,1521700,0.0,0.0
2024-01-04 00:00:00,8.774525840933302,8.817714950901836,8.731337417432382,8.760129928588867,1056100,0.0,0.0
2024-01-05 00:00:00,8.70974480050421,8.832113166942777,8.70254649978012,8.810518264770508,1079600,0.0,0.0
2024-01-08 00:00:00,8.846507344260633,8.990469898126092,8.803318234867193,8.983271598815918,801800,0.0,0.0
2024-01-09 00:00:00,8.97607494098877,9.098443296410775,8.91848991331579,9.040858268737793,866100,0.0,0.0
2024-01-10 00:00:00,9.055253556701455,9.141631092242212,9.019262745275897,9.134432792663574,990400,0.0,0.0
2024-01-11 00:00:00,9.127234331039736,9.163224452651841,8.968875187369713,9.156026840209961,1044300,0.0,0.0
2024-01-12 00:00:00,9.242405891418457,9.343179346893915,9.163225963296105,9.242405891418457,911400,0.0,0.0
2024-01-16 00:00:00,9.242406812165804,9.26400102813785,9.163226876155385,9.235208511352539,1044400,0.0,0.0
2024-01-17 00:00:00,9.192017906687362,9.278395436626203,9.084045479413117,9.098442077636719,1131300,0.0,0.0
2024-01-18 00:00:00,9.163225304510494,9.213612715093324,9.019262745275897,9.134432792663574,938100,0.0,0.0
2024-01-19 00:00:00,9.184818056008387,9.256798975564083,9.084043944869451,9.249601364135742,803200,0.0,0.0
2024-01-22 00:00:00,9.285595075160362,9.33598249346868,9.192019912161493,9.256802558898926,1336300,0.0,0.0
2024-01-23 00:00:00,9.249601046272764,9.328780261003272,9.249601046272764,9.292789459228516,1083100,0.0,0.0
2024-01-24 00:00:00,9.335982833997567,9.386369567676,9.19921786191645,9.213614463806152,967600,0.0,0.0
2024-01-25 00:00:00,9.307186374367287,9.321582283691438,9.21361056112416,9.249601364135742,1006000,0.0,0.0
2024-01-26 00:00:00,9.292790377522358,9.343177093105659,9.256799572191067,9.285592079162598,1286300,0.0,0.0
2024-01-29 00:00:00,9.321584667534509,9.328782967271167,9.242405429834207,9.314386367797852,1984300,0.0,0.0
2024-01-30 00:00:00,9.25612724230936,9.314387625549,9.132323754295486,9.139606475830078,1067500,0.15,0.0
2024-01-31 00:00:00,9.154169979954137,9.16145270049871,8.87743284992648,8.891998291015625,1588400,0.0,0.0
2024-02-01 00:00:00,8.921126355878974,9.081342697143555,8.797322914154291,9.081342697143555,1429100,0.0,0.0
2024-02-02 00:00:00,8.979388700339385,9.0376490746621,8.891998138855312,8.972105979919434,1238900,0.0,0.0
2024-02-05 00:00:00,8.91384645743384,8.91384645743384,8.724499875531198,8.87015151977539,1263800,0.0,0.0
2024-02-06 00:00:00,8.877432698015411,8.979388700339385,8.841020484952548,8.972105979919434,1357100,0.0,0.0
2024-02-07 00:00:00,8.979390245586602,8.986672967259825,8.607979774475098,8.607979774475098,2033700,0.0,0.0
2024-02-08 00:00:00,8.637109618824415,8.746348355967886,8.600697400961794,8.731782913208008,1440600,0.0,0.0
2024-02-09 00:00:00,8.76091455086559,8.775479996030603,8.658959212785097,8.739067077636719,1101100,0.0,0.0
2024-02-12 00:00:00,8.739065498305457,8.833738791212657,8.717218029024881,8.826456069946289,1183700,0.0,0.0
2024-02-13 00:00:00,8.702653957878537,8.709936680292534,8.498742591917058,8.506025314331055,1695200,0.0,0.0
2024-02-14 00:00:00,8.600698723004358,8.637110946464025,8.520590164548347,8.622546195983887,1056300,0.0,0.0
2024-02-15 00:00:00,8.658955833445702,8.913844773689819,8.658955833445702,8.877431869506836,1354500,0.0,0.0
2024-02-16 00:00:00,8.819172601707468,8.913845886595963,8.724499316818973,8.797325134277344,1062300,0.0,0.0
2024-02-20 00:00:00,8.782760725941518,8.782760725941518,8.644391806342243,8.673521995544434,1249400,0.0,0.0
2024-02-21 00:00:00,8.688088858502859,8.724501080072619,8.629828470568912,8.666240692138672,771800,0.0,0.0
2024-02-22 00:00:00,8.6735221441172,8.811891066086659,8.651674675470945,8.804608345031738,903500,0.0,0.0
2024-02-23 00:00:00,8.811890165440069,8.913845471714268,8.775477258405667,8.855585098266602,1049800,0.0,0.0
2024-02-26 00:00:00,8.833739236186878,8.957542725877264,8.760913408891863,8.782761573791504,1273300,0.0,0.0
2024-02-27 00:00:00,8.440481687934346,8.578849932785696,7.98896334352653,8.222004890441895,3936400,0.0,0.0
2024-02-28 00:00:00,8.22938545340699,8.22938545340699,8.03748999811628,8.052250862121582,2335400,0.15,0.0
2024-02-29 00:00:00,8.118675805105669,8.362236022949219,8.089153375787365,8.362236022949219,1781300,0.0,0.0
2024-03-01 00:00:00,8.36223477261602,8.428660404617705,8.317951487194986,8.36961555480957,1122000,0.0,0.0
2024-03-04 00:00:00,8.347475333692842,8.354855413273105,8.14819840375048,8.199862480163574,1294900,0.0,0.0
2024-03-05 00:00:00,8.18510008400899,8.229383368677015,8.13343601727292,8.155577659606934,871700,0.0,0.0
2024-03-06 00:00:00,8.229383937996461,8.288428790885373,8.17033908510755,8.258906364440918,739000,0.0,0.0
2024-03-07 00:00:00,8.340095788353747,8.391759872436523,8.310573354039253,8.391759872436523,794700,0.0,0.0
2024-03-08 00:00:00,8.39913959466068,8.502468453627568,8.295810735693793,8.376997947692871,1436800,0.0,0.0
2024-03-11 00:00:00,8.376996620307894,8.480324759031557,8.340093411962235,8.421279907226562,781700,0.0,0.0
2024-03-12 00:00:00,8.421280250224427,8.502467452665655,8.384377040375702,8.495086669921875,675600,0.0,0.0
2024-03-13 00:00:00,8.458185921951266,8.58365644963484,8.458185921951266,8.539372444152832,703900,0.0,0.0
2024-03-14 00:00:00,8.5393725817344,8.5393725817344,8.303193092346191,8.303193092346191,781600,0.0,0.0
2024-03-15 00:00:00,8.288427052305456,8.421278295373726,8.222002134641343,8.413897514343262,2391200,0.0,0.0
2024-03-18 00:00:00,8.42866309129723,8.487707959926219,8.362237438122028,8.391759872436523,711300,0.0,0.0
2024-03-19 00:00:00,8.362237407766209,8.450804710388184,8.340095758078304,8.450804710388184,751200,0.0,0.0
2024-03-20 00:00:00,8.450801354980293,8.642697453070344,8.406518073187248,8.598413467407227,853300,0.0,0.0
2024-03-21 00:00:00,8.650081709614431,8.797693881340885,8.61317849071523,8.72388744354248,865500,0.0,0.0
2024-03-22 00:00:00,8.753406361423025,8.768167924600755,8.591033389688434,8.598413467407227,910100,0.0,0.0
2024-03-25 00:00:00,8.650078762873864,8.782929320235551,8.650078762873864,8.709123611450195,760300,0.0,0.0
2024-03-26 00:00:00,8.760787520501474,8.79769072616583,8.539368990385434,8.554130554199219,1096700,0.0,0.0
2024-03-27 00:00:00,8.591452784442653,8.68102475059539,8.576523767489844,8.666095733642578,741000,0.13,0.0
2024-03-28 00:00:00,8.688491042086474,8.815384864807129,8.688491042086474,8.815384864807129,1105100,0.0,0.0
2024-04-01 00:00:00,8.815381985253342,8.815381985253342,8.651166377987545,8.673559188842773,888000,0.0,0.0
2024-04-02 00:00:00,8.583989064646474,8.621310898602848,8.472024274632126,8.50188159942627,1096700,0.0,0.0
2024-04-03 00:00:00,8.494418349111275,8.569061316231112,8.449631999355468,8.531740188598633,723300,0.0,0.0
2024-04-04 00:00:00,8.6063835022509,8.636240832672003,8.404846699872175,8.419775009155273,986700,0.0,0.0
2024-04-05 00:00:00,8.434701593288349,8.53920186364191,8.382450746256866,8.494416236877441,615000,0.0,0.0
2024-04-08 00:00:00,8.53920344196386,8.554132461547852,8.486953297129556,8.554132461547852,608100,0.0,0.0
2024-04-09 00:00:00,8.55412856105989,8.651165008544922,8.531735753749347,8.651165008544922,664900,0.0,0.0
2024-04-10 00:00:00,8.472023550624826,8.539201991779594,8.255557786402445,8.307807922363281,1392700,0.0,0.0
2024-04-11 00:00:00,8.360060348313064,8.427239519724276,8.270488357049754,8.419775009155273,712600,0.0,0.0
2024-04-12 00:00:00,8.404844268951715,8.43470159073723,8.32273610015052,8.352593421936035,602200,0.0,0.0
2024-04-15 00:00:00,8.382454320951407,8.419776167074152,8.17345297926104,8.23316764831543,838500,0.0,0.0
2024-04-16 00:00:00,8.218239336979336,8.263024982842625,8.1212028218022,8.23316764831543,794700,0.0,0.0
2024-04-17 00:00:00,8.28541330419738,8.322734414981552,8.240626974659994,8.300341606140137,605100,0.0,0.0
2024-04-18 00:00:00,8.300346967393859,8.449633642519554,8.2854186558088,8.412312507629395,971400,0.0,0.0
2024-04-19 00:00:00,8.39737913263739,8.531737426553077,8.374986320936326,8.524272918701172,912900,0.0,0.0
2024-04-22 00:00:00,8.54666594699159,8.591452283383344,8.494415814413436,8.56159496307373,663200,0.0,0.0
2024-04-23 00:00:00,8.569062185839103,8.710885047912598,8.546669364616166,8.710885047912598,731200,0.0,0.0
2024-04-24 00:00:00,8.71088509229586,8.71088509229586,8.583991251627749,8.621313095092773,578900,0.0,0.0
2024-04-25 00:00:00,8.583986723538539,8.673558673492044,8.539200392634497,8.65863037109375,807100,0.0,0.0
2024-04-26 00:00:00,8.658631415977958,8.770596188967593,8.621309587696524,8.740738868713379,903700,0.0,0.0
2024-04-29 00:00:00,8.76338516740884,8.823770194586363,8.68790424336009,8.725645065307617,656300,0.13,0.0
2024-04-30 00:00:00,8.665258543298133,8.69545177403284,8.604873521521203,8.635066032409668,580000,0.0,0.0
2024-05-01 00:00:00,8.64261665053985,8.861512592960633,8.627520750983123,8.763386726379395,725300,0.0,0.0
2024-05-02 00:00:00,8.823767792233806,8.838864404841146,8.702997770759518,8.793575286865234,596500,0.0,0.0
2024-05-03 00:00:00,8.869060780462206,8.914349918201248,8.793579124179278,8.801127433776855,621300,0.0,0.0
2024-05-06 00:00:00,8.853962129710636,8.899251257058012,8.793577106478308,8.838866233825684,765800,0.0,0.0
2024-05-07 00:00:00,8.869058996739534,8.90679981729066,8.763384843165637,8.770933151245117,620400,0.0,0.0
2024-05-08 00:00:00,8.718094178367075,8.899249206318773,8.687901673708458,8.869056701660156,1413300,0.0,0.0
2024-05-09 00:00:00,8.906799156662386,8.944539974414228,8.891702541623157,8.929443359375,852300,0.0,0.0
2024-05-10 00:00:00,8.944539680859844,8.989828084798738,8.936991373587961,8.982279777526855,698500,0.0,0.0
2024-05-13 00:00:00,8.982278414168444,9.004923332546976,8.86150839553398,8.869056701660156,639500,0.0,0.0
2024-05-14 00:00:00,8.959636574907094,9.01247329201123,8.936992370411934,8.997377395629883,797900,0.0,0.0
2024-05-15 00:00:00,9.057760902228074,9.12569422417017,9.042664288531537,9.110597610473633,815900,0.0,0.0
2024-05-16 00:00:00,9.125692367553711,9.140788258332838,9.095499866149442,9.125692367553711,534500,0.0,0.0
2024-05-17 00:00:00,9.133245116629592,9.170985221862793,9.095504291550025,9.170985221862793,694700,0.0,0.0
2024-05-20 00:00:00,9.178531757117293,9.246465085163276,9.103050841391042,9.140790939331055,1207000,0.0,0.0
2024-05-21 00:00:00,9.170984733360063,9.186081350526297,9.080407189901637,9.095503807067871,703100,0.0,0.0
2024-05-22 00:00:00,9.095503807067871,9.170984733360063,9.065311292581729,9.095503807067871,970900,0.0,0.0
2024-05-23 00:00:00,9.103048915459311,9.12569311340173,8.899248974439306,8.936989784240723,898000,0.0,0.0
2024-05-24 00:00:00,8.944540431115112,9.06531047821045,8.914347919341278,9.06531047821045,626000,0.0,0.0
2024-05-28 00:00:00,9.08040639850379,9.118147218283768,9.04266557872381,9.072858810424805,711800,0.0,0.0
2024-05-29 00:00:00,9.020021600125045,9.035118216352672,8.936992370411934,8.997377395629883,845300,0.0,0.0
2024-05-30 00:00:00,9.01247248237397,9.20872415662514,9.004924894784478,9.178531646728516,940900,0.0,0.0
2024-05-31 00:00:00,9.224310155471093,9.26245881232387,9.186161498618317,9.247199058532715,903600,0.13,0.0
2024-06-03 00:00:00,9.308239726414126,9.323499485300424,9.216683355972389,9.27009105682373,997900,0.0,0.0
2024-06-04 00:00:00,9.254831126562742,9.262461005264736,9.14801500761066,9.163274765014648,968400,0.0,0.0
2024-06-05 00:00:00,9.178533263175414,9.285349375940738,9.132755448865446,9.277719497680664,641000,0.0,0.0
2024-06-06 00:00:00,9.23957184217771,9.254831600362921,9.148015475942398,9.170905113220215,568400,0.0,0.0
2024-06-07 00:00:00,9.117493866231795,9.140382768802434,9.071716061090516,9.102234840393066,640200,0.0,0.0
2024-06-10 00:00:00,9.071716542077596,9.14801313056671,9.01830812974757,9.094605445861816,714500,0.0,0.0
2024-06-11 00:00:00,9.025937070430436,9.10223437862873,9.018307194085596,9.041196823120117,619300,0.0,0.0
2024-06-12 00:00:00,9.24719595562292,9.300603620720723,9.209047311570975,9.2243070602417,978200,0.0,0.0
2024-06-13 00:00:00,9.216682662368513,9.26246120795698,9.216682662368513,9.239571571350098,510300,0.0,0.0
2024-06-14 00:00:00,9.155643201508292,9.254829423506317,9.155643201508292,9.201421737670898,484500,0.0,0.0
2024-06-17 00:00:00,9.193789707924054,9.300605054587296,9.186159832412402,9.285346031188965,689700,0.0,0.0
2024-06-18 00:00:00,9.285346503494779,9.323495155368526,9.262457603420534,9.292976379394531,678100,0.0,0.0
2024-06-20 00:00:00,9.24719857656606,9.270087478434705,9.186161019832955,9.254828453063965,1169100,0.0,0.0
2024-06-21 00:00:00,9.285347715385491,9.29297759228107,9.216680278575515,9.247199058532715,2015800,0.0,0.0
2024-06-24 00:00:00,9.277720195443967,9.361647407366346,9.27009031661006,9.308238983154297,767200,0.0,0.0
2024-06-25 00:00:00,9.308233732175173,9.338752502669195,9.239566316657404,9.262455940246582,690400,0.0,0.0
2024-06-26 00:00:00,9.23193882744654,9.308235403569022,9.216679075647033,9.292976379394531,619400,0.0,0.0
2024-06-27 00:00:00,9.34638478816362,9.384533443028078,9.148012364968498,9.254828453063965,1137300,0.0,0.0
2024-06-28 00:00:00,9.308812927206374,9.347374852114713,9.254826673639226,9.31652545928955,2033600,0.13,0.0
2024-07-01 00:00:00,9.31652627522484,9.355088203510407,9.06973111100938,9.154566764831543,1027900,0.0,0.0
2024-07-02 00:00:00,9.17770311354621,9.37822454099364,9.17770311354621,9.370512008666992,947300,0.0,0.0
2024-07-03 00:00:00,9.37822454099364,9.393649605646933,9.316525753395595,9.370512008666992,444200,0.0,0.0
2024-07-05 00:00:00,9.331952380101155,9.39365117802681,9.301102981138328,9.38593864440918,495700,0.0,0.0
2024-07-08 00:00:00,9.401362202283567,9.509335457519715,9.378225338842832,9.478486061096191,911300,0.0,0.0
2024-07-09 00:00:00,9.470775094064315,9.524762098362716,9.424501359531684,9.493912696838379,572600,0.0,0.0
2024-07-10 00:00:00,9.501623940909875,9.709857940673828,9.501623940909875,9.709857940673828,1028800,0.0,0.0
2024-07-11 00:00:00,9.8255434011707,9.933516672301755,9.76384459924088,9.925804138183594,985100,0.0,0.0
2024-07-12 00:00:00,9.979788275387946,10.080048990995955,9.97207647842393,10.002925872802734,1792000,0.0,0.0
2024-07-15 00:00:00,10.04920072462617,10.064625791300804,9.941228199934377,9.995214462280273,1605300,0.0,0.0
2024-07-16 00:00:00,10.049201850815454,10.118613187614741,9.995215582419448,10.087763786315918,1592500,0.0,0.0
2024-07-17 00:00:00,10.026063699909713,10.16488635573245,10.026063699909713,10.103187561035156,1454100,0.0,0.0
2024-07-18 00:00:00,10.087766726598495,10.157178083629121,9.933519675145972,10.018355369567871,1159000,0.0,0.0
2024-07-19 00:00:00,10.026064533424744,10.103188400961866,9.995215133511438,10.041489601135254,931800,0.0,0.0
2024-07-22 00:00:00,10.07233816368651,10.134036958383803,9.995214302561067,10.103187561035156,1000300,0.0,0.0
2024-07-23 00:00:00,10.064626974410972,10.157175178814958,10.049201905923102,10.118613243103027,1333400,0.0,0.0
2024-07-24 00:00:00,10.056915775880912,10.072340846417472,9.779271125793457,9.779271125793457,1693000,0.0,0.0
2024-07-25 00:00:00,9.86410415188256,9.995214274118128,9.794692824168713,9.80240535736084,1056100,0.0,0.0
2024-07-26 00:00:00,9.956653198778453,9.956653198778453,9.810118733081369,9.941228866577148,997000,0.0,0.0
2024-07-29 00:00:00,10.002929088616737,10.056915362258648,9.848682067134266,9.887243270874023,1036100,0.0,0.0
2024-07-30 00:00:00,9.941227084045126,10.018350202238347,9.902665157194726,10.002925872802734,1017700,0.0,0.0
2024-07-31 00:00:00,9.979555243549601,10.041878712086087,9.886069297790527,9.886069297790527,1103500,0.13,0.0
2024-08-01 00:00:00,9.901650964401961,9.94839393930197,9.730261047041106,9.854907989501953,1176600,0.0,0.0
2024-08-02 00:00:00,9.652359721140352,9.78479731948915,9.636778477591276,9.730263710021973,1148600,0.0,0.0
2024-08-05 00:00:00,9.457593909529109,9.582240823830281,9.208299337972552,9.37968921661377,1560100,0.0,0.0
2024-08-06 00:00:00,9.387484144401634,9.597825723116626,9.356322401519614,9.488759994506836,913100,0.0,0.0
2024-08-07 00:00:00,9.792584419250488,9.886069625150817,9.66793747805005,9.792584419250488,1451200,0.0,0.0
2024-08-08 00:00:00,9.862698070612783,9.99513562548456,9.815955841219415,9.979555130004883,1012200,0.0,0.0
2024-08-09 00:00:00,10.002925926281025,10.057458773155469,9.901650108546827,9.995135307312012,749700,0.0,0.0
2024-08-12 00:00:00,9.948394640839407,9.948394640839407,9.714681235767205,9.815957069396973,1011100,0.0,0.0
2024-08-13 00:00:00,9.823745196049037,10.002925713757827,9.815955320199848,9.948392868041992,508000,0.0,0.0
2024-08-14 00:00:00,9.987344265359555,10.057458347202555,9.940602039433744,10.026296615600586,671200,0.0,0.0
2024-08-15 00:00:00,10.080830574035645,10.158735283125704,10.026297723445225,10.080830574035645,705900,0.0,0.0
2024-08-16 00:00:00,10.088623915561428,10.197690389124016,10.088623915561428,10.17431926727295,687000,0.0,0.0
2024-08-19 00:00:00,10.174318083069506,10.252222061157227,10.158736841679273,10.252222061157227,897000,0.0,0.0
2024-08-20 00:00:00,10.21326817195265,10.283382261805324,10.182106436790837,10.228849411010742,711200,0.0,0.0
2024-08-21 00:00:00,10.252222005994751,10.283383745653069,10.189898526678116,10.26001262664795,665800,0.0,0.0
2024-08-22 00:00:00,10.283382307625413,10.330125282053592,10.260011191888509,10.29896354675293,597000,0.0,0.0
2024-08-23 00:00:00,10.337916099279145,10.454772423152336,10.322334859853711,10.42361068725586,1006800,0.0,0.0
2024-08-26 00:00:00,10.470352884723155,10.485934124096653,10.260011353861652,10.275591850280762,1273100,0.0,0.0
2024-08-27 00:00:00,10.260011353861652,10.322334825446866,10.236640237755791,10.275591850280762,760600,0.0,0.0
2024-08-28 00:00:00,10.283382361657514,10.330125336331296,10.228849510333417,10.291172981262207,672000,0.0,0.0
2024-08-29 00:00:00,10.330125282053592,10.337915901617352,10.25222057232475,10.29896354675293,1130000,0.0,0.0
2024-08-30 00:00:00,10.354037461533048,10.354037461533048,10.228152626187072,10.346169471740723,751600,0.13,0.0
2024-09-03 00:00:00,10.28323027784816,10.354040707512459,10.236023824960654,10.338305473327637,756900,0.0,0.0
2024-09-04 00:00:00,10.306833732798435,10.361908175156497,10.212419331137466,10.220287322998047,749400,0.0,0.0
2024-09-05 00:00:00,10.275361316935733,10.377642197858894,10.267493325993055,10.330435752868652,557000,0.0,0.0
2024-09-06 00:00:00,10.3068308919272,10.36977330879703,10.212416516289661,10.251755714416504,526700,0.0,0.0
2024-09-09 00:00:00,10.283228696268075,10.322567901179246,10.173079822916309,10.291096687316895,661900,0.0,0.0
2024-09-10 00:00:00,10.330436007351475,10.393378435777613,10.283228810865403,10.385510444641113,685500,0.0,0.0
2024-09-11 00:00:00,10.314699770983296,10.346170984421095,10.173079685679658,10.330435752868652,654400,0.0,0.0
2024-09-12 00:00:00,10.346167662608035,10.424846046107957,10.306829221190748,10.409110069274902,767700,0.0,0.0
2024-09-13 00:00:00,10.472058475453665,10.472058475453665,10.377644067794927,10.464190483093262,1055500,0.0,0.0
2024-09-16 00:00:00,10.456320801052684,10.495660006164664,10.432717578118668,10.487792015075684,878300,0.0,0.0
2024-09-17 00:00:00,10.519263331233583,10.542866554396772,10.39337847391933,10.41698169708252,1023200,0.0,0.0
2024-09-18 00:00:00,10.401244649954192,10.456319077834856,10.30683102344471,10.346169471740723,1202900,0.0,0.0
2024-09-19 00:00:00,10.44058262691328,10.487789059477915,10.330433033707932,10.424846649169922,1134200,0.0,0.0
2024-09-20 00:00:00,10.369774356046403,10.409112807813262,10.306831932819984,10.314699172973633,1979200,0.0,0.0
2024-09-23 00:00:00,10.338302100362114,10.354037329413174,10.251755714416504,10.251755714416504,828300,0.0,0.0
2024-09-24 00:00:00,10.283227961360422,10.338303144433192,10.275360721206773,10.314699172973633,763000,0.0,0.0
2024-09-25 00:00:00,10.298962634986598,10.30683062447436,10.180945043668522,10.196681022644043,873500,0.0,0.0
2024-09-26 00:00:00,10.23602061824695,10.283227056345746,10.18881342981535,10.212416648864746,770200,0.0,0.0
2024-09-27 00:00:00,10.259625039754331,10.306832233718753,10.220285836506127,10.243889808654785,1019000,0.0,0.0
2024-09-30 00:00:00,10.25183448405184,10.29951777002655,10.19620461533144,10.243887901306152,781300,0.13,0.0
2024-10-01 00:00:00,10.267729701694167,10.283623625915903,9.957790221418668,9.997526168823242,1184900,0.0,0.0
2024-10-02 00:00:00,9.973685110425961,10.061103590209234,9.910107896419914,10.013421058654785,718900,0.0,0.0
2024-10-03 00:00:00,9.99752668649933,10.005474027971795,9.902160862530362,9.93394947052002,962700,0.0,0.0
2024-10-04 00:00:00,9.997525503541738,10.021366767237913,9.862423746096571,9.902159690856934,881200,0.0,0.0
2024-10-07 00:00:00,9.926000882796169,9.926000882796169,9.782952543753138,9.830635070800781,703300,0.0,0.0
2024-10-08 00:00:00,9.88626766204834,9.902162347376702,9.830637779199694,9.88626766204834,697000,0.0,0.0
2024-10-09 00:00:00,9.902161381873684,9.941897333419854,9.862425430327516,9.870372772216797,826900,0.0,0.0
2024-10-10 00:00:00,9.854479049291927,9.894215004712521,9.822690436535513,9.88626766204834,650700,0.0,0.0
2024-10-11 00:00:00,9.886266923979589,9.933950218504522,9.886266923979589,9.918055534362793,483900,0.0,0.0
2024-10-14 00:00:00,9.894216571814457,9.965741151319934,9.862427954023184,9.949847221374512,668400,0.0,0.0
2024-10-15 00:00:00,9.97368490354056,10.021367434105924,9.97368490354056,9.997526168823242,681500,0.0,0.0
2024-10-16 00:00:00,10.045208495824246,10.188256831728804,10.045208495824246,10.180310249328613,702800,0.0,0.0
2024-10-17 00:00:00,10.164416466213861,10.180311148217866,10.069050647890293,10.124680519104004,603300,0.0,0.0
2024-10-18 00:00:00,10.140574305727313,10.180310249328613,10.100838362126014,10.180310249328613,647300,0.0,0.0
2024-10-21 00:00:00,10.20415428147802,10.220048208491697,10.037263879382808,10.053157806396484,831600,0.0,0.0
2024-10-22 00:00:00,10.045211007269392,10.053157591656342,9.973686442484913,10.021368980407715,908100,0.0,0.0
2024-10-23 00:00:00,10.013421058654785,10.037262324432008,9.902160555194113,10.013421058654785,629600,0.0,0.0
2024-10-24 00:00:00,10.053156118446362,10.092892066159227,9.989578905265844,10.084944725036621,634500,0.0,0.0
2024-10-25 00:00:00,10.132628313582083,10.164416921112608,9.97368527592946,9.989579200744629,885100,0.0,0.0
2024-10-28 00:00:00,10.013421953899412,10.021368537935498,9.933950050336621,9.94189739227295,697600,0.0,0.0
2024-10-29 00:00:00,9.93394947052002,9.965738078509675,9.782953772044202,9.93394947052002,920000,0.0,0.0
2024-10-30 00:00:00,9.97368461529065,10.013420561546816,9.89421272277832,9.89421272277832,732000,0.0,0.0
2024-10-31 00:00:00,9.878152681749517,9.894214320114592,9.709501266479492,9.709501266479492,818100,0.13,0.0
2024-11-01 00:00:00,9.757687094836907,9.829966383315307,9.589035677019838,9.597066879272461,1078300,0.0,0.0
2024-11-04 00:00:00,9.613127535732163,9.677375610275108,9.564941096876224,9.572972297668457,831600,0.0,0.0
2024-11-05 00:00:00,9.572974038412195,9.613129283777706,9.51675715443904,9.597066879272461,789500,0.0,0.0
2024-11-06 00:00:00,9.813904428004665,9.878152512157104,9.460539199268679,9.66934585571289,1461900,0.0,0.0
2024-11-07 00:00:00,9.96649298614304,10.078927511279218,9.878152065898746,9.982555389404297,1169000,0.0,0.0
2024-11-08 00:00:00,10.006648539609886,10.191361587473759,9.950431658242197,9.97452449798584,1282800,0.0,0.0
2024-11-11 00:00:00,10.046803950205398,10.078927992363708,9.894214175530244,9.950431823730469,643700,0.0,0.0
2024-11-12 00:00:00,9.902243938974433,9.942399177313076,9.765716588161528,9.854058265686035,750800,0.0,0.0
2024-11-13 00:00:00,9.886182441300305,9.926336914302489,9.781779126520169,9.805871963500977,703500,0.0,0.0
2024-11-14 00:00:00,9.870121165863596,9.878152367739629,9.709500957830748,9.781780242919922,751500,0.0,0.0
2024-11-15 00:00:00,9.80587322775171,9.829966067838756,9.733593941592993,9.797842025756836,666300,0.0,0.0
2024-11-18 00:00:00,9.797841882574405,9.910276411166837,9.733593799349464,9.846028327941895,615000,0.0,0.0
2024-11-19 00:00:00,9.829963874920784,9.94239838007384,9.797839840005254,9.934367179870605,763900,0.0,0.0
2024-11-20 00:00:00,9.942401246746014,9.942401246746014,9.79784266499715,9.870121955871582,534700,0.0,0.0
2024-11-21 00:00:00,9.862089639822635,9.98255536631076,9.846028002496075,9.95846176147461,536600,0.0,0.0
2024-11-22 00:00:00,9.998618618725649,10.078929116023712,9.998618618725649,10.05483627319336,756500,0.0,0.0
2024-11-25 00:00:00,10.111052494548753,10.143176538168623,10.014680363689141,10.022710800170898,1127000,0.0,0.0
2024-11-26 00:00:00,10.014677650108132,10.014677650108132,9.894211944751842,9.934367179870605,1212600,0.0,0.0
2024-11-27 00:00:00,9.958462260548256,10.103020833219619,9.958462260548256,10.014679908752441,636000,0.0,0.0
2024-11-29 00:00:00,10.071488764740524,10.095835418832351,10.022795456556869,10.03091049194336,411200,0.13,0.0
2024-12-02 00:00:00,10.03902530670166,10.087719384027235,9.941637926016613,10.03902530670166,1121600,0.0,0.0
2024-12-03 00:00:00,10.047140839918745,10.103949950270035,9.933521845250084,9.974100112915039,753200,0.0,0.0
2024-12-04 00:00:00,9.998449415562586,10.006565226041143,9.90106201171875,9.90106201171875,591100,0.0,0.0
2024-12-05 00:00:00,9.901060447132123,9.93352290995028,9.852367139887967,9.868597984313965,673800,0.0,0.0
2024-12-06 00:00:00,9.852367284202504,9.97410132806218,9.852367284202504,9.957870483398438,624600,0.0,0.0
2024-12-09 00:00:00,9.957870483398438,10.006563791355838,9.933523055453561,9.957870483398438,572400,0.0,0.0
2024-12-10 00:00:00,9.949754072806202,10.022794804294527,9.917291611474296,10.006563186645508,612400,0.0,0.0
2024-12-11 00:00:00,10.030909839152907,10.047141456801924,9.949754072806202,10.006563186645508,477600,0.0,0.0
2024-12-12 00:00:00,10.00656314628635,10.055257225070878,9.990332302668923,10.014678955078125,533800,0.0,0.0
2024-12-13 00:00:00,9.998448248591101,10.022795677185059,9.94163912980426,10.022795677185059,712200,0.0,0.0
2024-12-16 00:00:00,9.998447566475596,10.136413223230925,9.974100913508815,10.087719917297363,1280000,0.0,0.0
2024-12-17 00:00:00,10.063373648875709,10.120183544293097,9.933523786149502,9.965986251831055,831500,0.0,0.0
2024-12-18 00:00:00,9.99844763622242,10.063372560564163,9.690053858616059,9.70628547668457,1128600,0.0,0.0
2024-12-19 00:00:00,9.819901838164037,9.9172891984641,9.771207771031035,9.77932357788086,931000,0.0,0.0
2024-12-20 00:00:00,9.730630737023569,9.97409955543918,9.690052471626627,9.844249725341797,4998800,0.0,0.0
2024-12-23 00:00:00,9.86048148210831,9.876713099359689,9.771209909124059,9.85236644744873,753600,0.0,0.0
2024-12-24 00:00:00,9.876713938181203,9.957870483398438,9.844251474887544,9.957870483398438,516900,0.0,0.0
2024-12-26 00:00:00,9.941639941969228,9.95787156235788,9.868599198152813,9.933524131774902,655200,0.0,0.0
2024-12-27 00:00:00,9.925407018892603,9.998447753122583,9.844251249499637,9.8848295211792,845100,0.0,0.0
2024-12-30 00:00:00,9.860481905413735,9.868597714387832,9.730632057692759,9.803672790527344,809900,0.0,0.0
2024-12-31 00:00:00,9.885713851484438,9.984160698959187,9.852898235659522,9.943140983581543,1214500,0.13,0.0
2025-01-02 00:00:00,9.967750911215273,10.000566521810107,9.902119690025602,9.97595500946045,723400,0.0,0.0
2025-01-03 00:00:00,9.975956994406522,10.15644327978295,9.975956994406522,10.123627662658691,1158900,0.0,0.0
2025-01-06 00:00:00,10.123628221798954,10.156443840735658,10.033384682933468,10.04158878326416,874800,0.0,0.0
2025-01-07 00:00:00,10.033384682933468,10.099016703192945,9.934937826123356,10.04158878326416,911900,0.0,0.0
2025-01-08 00:00:00,9.97595541128636,10.025179220354255,9.9103241874531,9.959547996520996,735500,0.0,0.0
2025-01-10 00:00:00,9.910323143005371,9.951342849174573,9.770856611461578,9.910323143005371,949300,0.0,0.0
2025-01-13 00:00:00,9.885711404395432,9.934934424755241,9.779060483768108,9.92673110961914,919500,0.0,0.0
2025-01-14 00:00:00,9.95954827596313,10.04158691686357,9.926732663125769,10.016975402832031,713200,0.0,0.0
2025-01-15 00:00:00,10.140033804056227,10.156442001746642,10.03338286622631,10.090810775756836,738100,0.0,0.0
2025-01-16 00:00:00,10.115422215700471,10.254888765502175,10.115422215700471,10.238480567932129,1145000,0.0,0.0
2025-01-17 00:00:00,10.295907020568848,10.320518531056418,10.230275804344785,10.295907020568848,723200,0.0,0.0
2025-01-21 00:00:00,10.32051845642624,10.36153816186611,10.263091338241908,10.34512996673584,677700,0.0,0.0
2025-01-22 00:00:00,10.345131504979662,10.353335603764686,10.230277251533028,10.238480567932129,649800,0.0,0.0
2025-01-23 00:00:00,10.238480608916298,10.271297004187753,10.197461679598831,10.213869094848633,634600,0.0,0.0
2025-01-24 00:00:00,10.21386859463303,10.336927723716494,10.181052983354618,10.271296501159668,533400,0.0,0.0
2025-01-27 00:00:00,10.271297687747941,10.394356048661791,10.246685389656388,10.353336334228516,1310800,0.0,0.0
2025-01-28 00:00:00,10.353333572380654,10.435372979362434,10.345129475205322,10.402557373046875,840900,0.0,0.0
2025-01-29 00:00:00,10.402559455729872,10.427170969797537,10.181053481963103,10.213869094848633,1247300,0.0,0.0
2025-01-30 00:00:00,10.295906394007046,10.377945018101723,10.263090787892024,10.32872200012207,951700,0.0,0.0
2025-01-31 00:00:00,10.3867481980793,10.477933247217827,10.378459294970186,10.411617279052734,994800,0.13,0.0
2025-02-03 00:00:00,10.196090611525502,10.411617916532657,10.162932625412767,10.378459930419922,1019600,0.0,0.0
2025-02-04 00:00:00,10.378461579843206,10.477935553990566,10.295566206112637,10.461356163024902,966000,0.0,0.0
2025-02-05 00:00:00,10.477935269790379,10.511093260273466,10.436487584049308,10.486224174499512,711100,0.0,0.0
2025-02-06 00:00:00,10.51109352457116,10.577409507204825,10.494514133638308,10.560830116271973,1045400,0.0,0.0
2025-02-07 00:00:00,10.519381523132324,10.544250607388866,10.444776642009108,10.519381523132324,750200,0.0,0.0
2025-02-10 00:00:00,10.519380135409705,10.552538119495406,10.461353860896907,10.511091232299805,759700,0.0,0.0
2025-02-11 00:00:00,10.461356497533565,10.55254077911377,10.461356497533565,10.55254077911377,677500,0.0,0.0
2025-02-12 00:00:00,10.428197252504747,10.527671217884505,10.411618653549187,10.519381523132324,596000,0.0,0.0
2025-02-13 00:00:00,10.544250787727364,10.70175103796851,10.535961092833405,10.67688274383545,1085900,0.0,0.0
2025-02-14 00:00:00,10.67688403042362,10.768068313598633,10.67688403042362,10.768068313598633,886200,0.0,0.0
2025-02-18 00:00:00,10.776356964153795,10.87583093357243,10.75977757397627,10.85096263885498,1292100,0.0,0.0
2025-02-19 00:00:00,10.801226800009909,10.859253883361816,10.776358501744204,10.859253883361816,1026300,0.0,0.0
2025-02-20 00:00:00,10.826093112876956,10.892409084947209,10.776355738549894,10.875829696655273,848200,0.0,0.0
2025-02-21 00:00:00,10.925569872436325,10.983596165239286,10.759779109201103,10.859253883361816,1438500,0.0,0.0
2025-02-24 00:00:00,10.867540002509305,10.93385597457956,10.801224030439052,10.875829696655273,1191600,0.0,0.0
2025-02-25 00:00:00,10.917277568919193,11.06648890397692,10.908987874627373,11.033330917358398,1775000,0.0,0.0
2025-02-26 00:00:00,11.033331945768959,11.124516219831936,11.02504225070446,11.049910545349121,1016200,0.0,0.0
2025-02-27 00:00:00,11.06649021971272,11.099648210273518,10.97530515275889,11.025042533874512,1007200,0.0,0.0
2025-02-28 00:00:00,11.225955628688158,12.054717271450494,11.092014449860192,12.012861251831055,3848000,0.13,0.0
2025-03-03 00:00:00,11.912402152959162,11.912402152959162,11.594292316946664,11.602663040161133,3023800,0.0,0.0
2025-03-04 00:00:00,11.46034914931528,11.502205954349444,11.292922727530776,11.385007858276367,1739000,0.0,0.0
2025-03-05 00:00:00,11.385010394584507,11.451980978217753,11.334782057683407,11.393381118774414,1414700,0.0,0.0
2025-03-06 00:00:00,11.351524275366492,11.385009564742404,11.251067608886478,11.276182174682617,1278000,0.0,0.0
2025-03-07 00:00:00,11.276180484528403,11.502205954349444,11.26780896385114,11.385007858276367,1679100,0.0,0.0
2025-03-10 00:00:00,11.36826589037673,11.435236465414265,11.100383590226587,11.108755111694336,1807200,0.0,0.0
2025-03-11 00:00:00,11.192469416012145,11.27618304508991,10.840873451249264,10.932958602905273,1435600,0.0,0.0
2025-03-12 00:00:00,10.991556628674592,11.075269451512987,10.907843007483937,11.008298873901367,1294600,0.0,0.0
2025-03-13 00:00:00,11.06689700525915,11.21758038225184,10.949698113507385,10.96644115447998,894600,0.0,0.0
2025-03-14 00:00:00,11.075270959915917,11.24269822510008,11.066900235338602,11.217583656311035,716200,0.0,0.0
2025-03-17 00:00:00,11.234326821224274,11.326411179369517,11.217583775187478,11.251069068908691,848300,0.0,0.0
2025-03-18 00:00:00,11.267812114945487,11.3012974086667,11.225955298205875,11.251069068908691,748200,0.0,0.0
2025-03-19 00:00:00,11.276183347926523,11.29292559518031,11.16735594654366,11.22595500946045,831200,0.0,0.0
2025-03-20 00:00:00,11.234326193208862,11.318039822008368,11.192469378809108,11.242697715759277,765200,0.0,0.0
2025-03-21 00:00:00,11.20083820471576,11.251065731221134,11.05015402849536,11.075267791748047,2006600,0.0,0.0
2025-03-24 00:00:00,11.209212762206661,11.25944030232038,11.092013838020726,11.22595500946045,992900,0.0,0.0
2025-03-25 00:00:00,11.259439841218397,11.29292513270702,11.133870197724134,11.209212303161621,885000,0.0,0.0
2025-03-26 00:00:00,11.22595321883391,11.276181549288175,11.016669972253554,11.108755111694336,811600,0.0,0.0
2025-03-27 00:00:00,11.133869753984103,11.251067870347201,11.100384463830034,11.184097290039062,646000,0.0,0.0
2025-03-28 00:00:00,11.175726320086758,11.200840087561033,10.9915568291201,11.11712646484375,912300,0.0,0.0
2025-03-31 00:00:00,11.041042369782431,11.235486061150734,10.998771756714792,11.210124015808105,884700,0.13,0.0
2025-04-01 00:00:00,11.210120159249922,11.252390757775432,11.083308363673392,11.201665878295898,695500,0.0,0.0
2025-04-02 00:00:00,11.16785041195172,11.16785041195172,11.049492888307858,11.150941848754883,797700,0.0,0.0
2025-04-03 00:00:00,10.97340690178663,11.176305646220474,10.97340690178663,11.057948112487793,1388900,0.0,0.0
2025-04-04 00:00:00,10.770509660879867,10.863505159920617,10.373168041096841,10.50843334197998,1963200,0.0,0.0
2025-04-07 00:00:00,9.78983514998395,10.483070200783251,9.646115570245838,9.95046329498291,2927100,0.0,0.0
2025-04-08 00:00:00,10.313988438763753,10.373167610125014,9.68838604504861,9.79828929901123,2000400,0.0,0.0
2025-04-09 00:00:00,9.654569091207973,10.322442047670938,9.400946276017482,10.229447364807129,2633800,0.0,0.0
2025-04-10 00:00:00,10.102635127133336,10.102635127133336,9.561574004254222,9.747563362121582,1867700,0.0,0.0
2025-04-11 00:00:00,9.747563502302388,9.865921027756642,9.578481898971082,9.806742668151855,1156200,0.0,0.0
2025-04-14 00:00:00,9.98428054809702,10.204086273223153,9.899739326417464,10.10263729095459,1141800,0.0,0.0
2025-04-15 00:00:00,10.136451835185019,10.313987724484313,10.085727756096478,10.220993041992188,950600,0.0,0.0
2025-04-16 00:00:00,10.212540527160618,10.237902571093338,10.060366651074618,10.127999305725098,846300,0.0,0.0
2025-04-17 00:00:00,10.144907023009681,10.364713535340304,10.136452740325096,10.305534362792969,821800,0.0,0.0
2025-04-21 00:00:00,10.237900799606802,10.246355081536459,10.035002870763236,10.220993041992188,944000,0.0,0.0
2025-04-22 00:00:00,10.339350016421962,10.626789159089359,10.305533694122547,10.609881401062012,1184600,0.0,0.0
2025-04-23 00:00:00,10.73669237248361,10.795871540994685,10.626789123814147,10.694421768188477,1180200,0.0,0.0
2025-04-24 00:00:00,10.702878025821567,10.863506190542699,10.643699652632131,10.804327011108398,1103000,0.0,0.0
2025-04-25 00:00:00,10.804327995165306,10.998772506025364,10.787420232533309,10.973409652709961,988500,0.0,0.0
2025-04-28 00:00:00,10.990316386372974,11.117127406794742,10.948045777484118,11.083311080932617,832700,0.0,0.0
2025-04-29 00:00:00,11.057948130006737,11.227029745432198,10.990315483836554,11.184759140014648,1257100,0.0,0.0
2025-04-30 00:00:00,11.09084141962085,11.21891167277608,10.911543716600034,11.124993324279785,736600,0.13,0.0
2025-05-01 00:00:00,11.150609597944666,11.235988965750016,11.048153053785029,11.065229415893555,716300,0.0,0.0
2025-05-02 00:00:00,11.159144344882488,11.17622070298194,11.05668863902249,11.116455078125,677700,0.0,0.0
2025-05-05 00:00:00,11.048151845200174,11.099380111676005,11.005462573090266,11.013999938964844,618400,0.0,0.0
2025-05-06 00:00:00,10.97984951999623,11.00546406382658,10.868855606135398,10.885931968688965,692600,0.0,0.0
2025-05-07 00:00:00,10.894468300721018,11.031075920978418,10.894468300721018,10.911543846130371,796400,0.0,0.0
2025-05-08 00:00:00,10.962771664176046,11.150607541499497,10.851777773677899,11.048151016235352,921300,0.0,0.0
2025-05-09 00:00:00,11.06522737519458,11.124993003060656,10.979847208889662,11.048151016235352,569000,0.0,0.0
2025-05-12 00:00:00,11.14206955686287,11.201835185774074,11.005461939782615,11.090841293334961,815600,0.0,0.0
2025-05-13 00:00:00,11.116455134576023,11.176220759736461,11.099378776389855,11.159144401550293,700200,0.0,0.0
2025-05-14 00:00:00,11.14206968373207,11.167683408664862,11.09084141962085,11.124993324279785,778500,0.0,0.0
2025-05-15 00:00:00,11.193297947191594,11.381133843591558,11.184760581090542,11.338443756103516,912700,0.0,0.0
2025-05-16 00:00:00,11.355517186763363,11.423820983421704,11.278675211961357,11.312827110290527,1223900,0.0,0.0
2025-05-19 00:00:00,11.26160215652238,11.26160215652238,11.056690706486487,11.19329833984375,1037300,0.0,0.0
2025-05-20 00:00:00,11.142069750211656,11.201835380159977,11.065227760709163,11.13353157043457,963300,0.0,0.0
2025-05-21 00:00:00,11.090841039156318,11.099379218589563,10.723708280228445,10.75786018371582,1071900,0.0,0.0
2025-05-22 00:00:00,10.766398619803347,10.903007061586464,10.587100905099048,10.809088706970215,873900,0.0,0.0
2025-05-23 00:00:00,10.740783824849329,10.860315894177942,10.698093741928709,10.75786018371582,922300,0.0,0.0
2025-05-27 00:00:00,10.877392138960538,10.962772310297574,10.800550147606339,10.937158584594727,1070900,0.0,0.0
2025-05-28 00:00:00,10.911543719854668,10.971310163709857,10.834701730787737,10.877391815185547,731200,0.0,0.0
2025-05-29 00:00:00,10.928619446099312,10.996923251479979,10.885929364174999,10.954233169555664,901800,0.0,0.0
2025-05-30 00:00:00,10.89385469106507,10.954232085912597,10.790350233077742,10.84210205078125,1065300,0.13,0.0
2025-06-02 00:00:00,10.807601533613164,10.807601533613164,10.652345244004664,10.686846733093262,805300,0.0,0.0
2025-06-03 00:00:00,10.69547404045641,10.885232687011836,10.609220708444367,10.790353775024414,758300,0.0,0.0
2025-06-04 00:00:00,10.790350507172699,10.824851994044876,10.721347533428343,10.78172492980957,658800,0.0,0.0
2025-06-05 00:00:00,10.798975810221764,10.928356177060845,10.747223169937945,10.84210205078125,656700,0.0,0.0
2025-06-06 00:00:00,10.876606104431229,10.971485830253222,10.86798134783146,10.945609092712402,506900,0.0,0.0
2025-06-09 00:00:00,10.98873355912538,11.109489171260279,10.971483227437716,11.014610290527344,831100,0.0,0.0
2025-06-10 00:00:00,11.023236923297617,11.195744382468854,10.971485096836473,11.169868469238281,737200,0.0,0.0
2025-06-11 00:00:00,11.212995396848727,11.29062395813209,11.16124274846634,11.187119483947754,676300,0.0,0.0
2025-06-12 00:00:00,11.161241654781598,11.281997274120757,11.09223867875361,11.273371696472168,756800,0.0,0.0
2025-06-13 00:00:00,11.18711950400653,11.25612248691981,11.092239785565436,11.100865364074707,762800,0.0,0.0
2025-06-16 00:00:00,11.221619895131271,11.238870227877895,11.057737209846355,11.07498836517334,686300,0.0,0.0
2025-06-17 00:00:00,11.049114675495415,11.092240927319988,10.919733452280122,10.928359031677246,677900,0.0,0.0
2025-06-18 00:00:00,10.936982821342303,11.118115846138616,10.893855753994535,11.040487289428711,620700,0.0,0.0
2025-06-20 00:00:00,11.100863863574615,11.143990927711055,11.040486467331798,11.109489440917969,2646300,0.0,0.0
2025-06-23 00:00:00,11.057739631957087,11.161244118849758,10.928359228986384,11.152619361877441,786100,0.0,0.0
2025-06-24 00:00:00,11.247496064368043,11.30787346424117,11.187118664494916,11.212994575500488,807400,0.0,0.0
2025-06-25 00:00:00,11.161242890634606,11.256122610114124,11.118116642777135,11.169868469238281,702500,0.0,0.0
2025-06-26 00:00:00,11.24749753373949,11.351002013863967,11.212996040364665,11.333751678466797,860100,0.0,0.0
2025-06-27 00:00:00,11.36825279825087,11.37687755437578,11.195744514465332,11.195744514465332,2198400,0.0,0.0
2025-06-30 00:00:00,11.256733140881833,11.317721366882324,11.178319232651335,11.317721366882324,853700,0.13,0.0
2025-07-01 00:00:00,11.239307725098662,11.430986079661464,11.239307725098662,11.300296783447266,1036500,0.0,0.0
2025-07-02 00:00:00,11.282871759513078,11.422273905187314,11.282871759513078,11.4048490524292,1038500,0.0,0.0
2025-07-03 00:00:00,11.36999870958062,11.483263162594804,11.335148172568745,11.465837478637695,723200,0.0,0.0
2025-07-07 00:00:00,11.413560738324366,11.500686655095716,11.31772114970296,11.343859672546387,817300,0.0,0.0
2025-07-08 00:00:00,11.326434992488098,11.526825366599004,11.326434992488098,11.491974830627441,962800,0.0,0.0
2025-07-09 00:00:00,11.544251099580046,11.6575155496993,11.500687721703054,11.570388793945312,995200,0.0,0.0
2025-07-10 00:00:00,11.544250561075998,11.622664471416352,11.47454949208508,11.535537719726562,1045000,0.0,0.0
2025-07-11 00:00:00,11.474550709498988,11.561677470432652,11.465837867225147,11.51811408996582,624800,0.0,0.0
2025-07-14 00:00:00,11.50939893146178,11.587812834341054,11.483261240802756,11.552962303161621,617200,0.0,0.0
2025-07-15 00:00:00,11.56167665992111,11.605239206431692,11.474549905095316,11.500687599182129,643900,0.0,0.0
2025-07-16 00:00:00,11.518111568031342,11.657513690280682,11.50939872766521,11.64880084991455,806300,0.0,0.0
2025-07-17 00:00:00,11.596526778270329,11.674939857708399,11.535537719726562,11.535537719726562,733200,0.0,0.0
2025-07-18 00:00:00,11.605237072269038,11.6226627523906,11.396133896223255,11.439697265625,861700,0.0,0.0
2025-07-21 00:00:00,11.491975173671015,11.596527615608988,11.430986941625818,11.465837478637695,1282600,0.0,0.0
2025-07-22 00:00:00,11.474549978092819,11.570388744289037,11.439699442121256,11.491974830627441,1001200,0.0,0.0
2025-07-23 00:00:00,11.509400079081141,11.631377365822793,11.491974396302782,11.613951683044434,1071300,0.0,0.0
2025-07-24 00:00:00,11.613949637967965,11.701076374713217,11.535535741077664,11.544248580932617,890700,0.0,0.0
2025-07-25 00:00:00,11.596526778270329,11.60523878871748,11.42227327489075,11.535537719726562,1009800,0.0,0.0
2025-07-28 00:00:00,11.552965081015868,11.579102777959573,11.361286697989753,11.396137237548828,990000,0.0,0.0
2025-07-29 00:00:00,11.45712463665914,11.509400857628126,11.396136404613943,11.465837478637695,863500,0.0,0.0
2025-07-30 00:00:00,11.474549455366958,11.509399989750897,11.2741582594826,11.300296783447266,1537200,0.0,0.0
2025-07-31 00:00:00,11.300296777364187,11.300296777364187,11.12427986355934,11.168283462524414,1227700,0.13,0.0
2025-08-01 00:00:00,11.168282914029492,11.221088405234996,11.08907593619345,11.177083969116211,1200700,0.0,0.0
2025-08-04 00:00:00,11.212287258247773,11.39710521697998,11.194685987533411,11.39710521697998,1238400,0.0,0.0
2025-08-05 00:00:00,11.405905167189594,11.423506436199052,11.317896304198142,11.370701789855957,1226100,0.0,0.0
2025-08-06 00:00:00,11.353101696102632,11.353101696102632,11.150682450344268,11.194686889648438,929100,0.0,0.0
2025-08-07 00:00:00,11.212287753672742,11.229889864479672,11.089076335283599,11.141880989074707,1460800,0.0,0.0
2025-08-08 00:00:00,11.441110755830271,11.485115195831057,11.282695107553398,11.423508644104004,1184200,0.0,0.0
2025-08-11 00:00:00,11.441110900149718,11.696335648195847,11.388305403619706,11.581924438476562,1723700,0.0,0.0
2025-08-12 00:00:00,11.581922446055454,11.872350528721379,11.581922446055454,11.757939338684082,1397800,0.0,0.0
2025-08-13 00:00:00,11.88115246010758,12.092372746851716,11.757940206516096,12.065970420837402,1764200,0.0,0.0
2025-08-14 00:00:00,12.013166280521324,12.162780876953112,11.97796289543825,12.11877727508545,1235500,0.0,0.0
2025-08-15 00:00:00,12.153979848307989,12.206784502747906,12.101174354553223,12.101174354553223,1112300,0.0,0.0
2025-08-18 00:00:00,12.057169365727693,12.092372746851716,11.995563658589356,12.065970420837402,948100,0.0,0.0
2025-08-19 00:00:00,12.101174354553223,12.365200144697354,12.09237329904162,12.101174354553223,1570700,0.0,0.0
2025-08-20 00:00:00,12.101173956532847,12.2067841012539,12.083571846088594,12.180381774902344,1530700,0.0,0.0
2025-08-21 00:00:00,12.136378288134711,12.162780616553027,12.039569191057629,12.048369407653809,912900,0.0,0.0
2025-08-22 00:00:00,12.118775285131086,12.38280021024267,12.039567471871704,12.338796615600586,1241000,0.0,0.0
2025-08-25 00:00:00,12.285992620371582,12.321196003953139,12.189183525351018,12.197983741760254,1259800,0.0,0.0
2025-08-26 00:00:00,12.197982645078184,12.27719046084408,12.189182429460146,12.215584754943848,1169400,0.0,0.0
2025-08-27 00:00:00,12.19798208398686,12.224385247570844,12.101173002123186,12.13637638092041,1202800,0.0,0.0
2025-08-28 00:00:00,12.162780064504743,12.180382175527948,12.030767589090102,12.101174354553223,1281600,0.0,0.0
2025-08-29 00:00:00,12.110060061503141,12.172253788685142,12.08340572804314,12.118945121765137,1237600,0.13,0.0
2025-09-02 00:00:00,12.00344195359079,12.08340580178478,11.905707984764366,12.065635681152344,1556300,0.0,0.0
2025-09-03 00:00:00,12.065634570725319,12.172252742729668,12.047865299054216,12.145598411560059,1260400,0.0,0.0
2025-09-04 00:00:00,12.181138038635254,12.216677429993107,12.11005925591955,12.181138038635254,1293700,0.0,0.0
2025-09-05 00:00:00,12.207792125404143,12.3055260851719,12.145598403607142,12.287755966186523,1160900,0.0,0.0
2025-09-08 00:00:00,12.28775588569996,12.385488997501641,12.154483383486221,12.172252655029297,1997700,0.0,0.0
2025-09-09 00:00:00,12.163369269949417,12.22556384722637,12.04786687070512,12.136714935302734,1403200,0.0,0.0
2025-09-10 00:00:00,12.14559697667431,12.172251304694967,11.994554372347572,12.074518203735352,1376200,0.0,0.0
2025-09-11 00:00:00,12.083405567615362,12.172253627077756,11.959017267576844,12.030096054077148,2295700,0.0,0.0
2025-09-12 00:00:00,12.003441340706072,12.012326400568627,11.905707376869854,11.93236255645752,1204900,0.0,0.0
2025-09-15 00:00:00,11.959017196048396,11.967902256139284,11.807974563807162,11.914592742919922,1498300,0.0,0.0
2025-09-16 00:00:00,11.905707045233878,11.93236222407906,11.719125029947223,11.754664421081543,1490700,0.0,0.0
2025-09-17 00:00:00,11.772434540311663,11.91459210484894,11.692470698427964,11.754664421081543,1480300,0.0,0.0
2025-09-18 00:00:00,11.763549480696604,11.816858991061043,11.585852525025008,11.754664421081543,1840700,0.0,0.0
2025-09-19 00:00:00,11.772433758014087,11.81685820581139,11.665815591696083,11.70135498046875,3147500,0.0,0.0
2025-09-22 00:00:00,11.639163167143527,11.68358677488659,11.4881205283043,11.532544136047363,1715100,0.0,0.0
2025-09-23 00:00:00,11.576965982289567,11.639160544301346,11.532541537231385,11.594736099243164,1533700,0.0,0.0
2025-09-24 00:00:00,11.594738493958722,11.674702342113594,11.425925737337106,11.523659706115723,1721800,0.0,0.0
2025-09-25 00:00:00,11.488119421041763,11.656931317242373,11.461464242173832,11.612506866455078,1206900,0.0,0.0
2025-09-26 00:00:00,11.65693053267145,11.75466363996482,11.630276202923413,11.70135498046875,1180500,0.0,0.0
2025-09-29 00:00:00,11.728009310687773,11.728009310687773,11.479233589269104,11.559197425842285,1653300,0.0,0.0
2025-09-30 00:00:00,11.541248658491753,11.675867161520276,11.442529107640004,11.648942947387695,1489600,0.13,0.0
2025-10-01 00:00:00,11.630992581150213,11.765610208092012,11.568171136027773,11.747661590576172,1681800,0.0,0.0
2025-10-02 00:00:00,11.720740731022552,11.828435026673398,11.675867893865153,11.80151081085205,915200,0.0,0.0
2025-10-03 00:00:00,11.8733064169432,12.115619212004802,11.855357796500565,11.972026824951172,1500400,0.0,0.0
2025-10-06 00:00:00,11.981001824639815,12.016899922186827,11.9002308911895,11.918179512023926,1464000,0.0,0.0
2025-10-07 00:00:00,11.891255937331755,12.115619256904052,11.891255937331755,12.070746421813965,1459100,0.0,0.0
2025-10-08 00:00:00,12.115619042817666,12.232288069639063,12.079720946555554,12.223313331604004,1107900,0.0,0.0
2025-10-09 00:00:00,12.214339397040613,12.232288874291466,12.088696479797363,12.088696479797363,891900,0.0,0.0
2025-10-10 00:00:00,12.133568246249263,12.250236414571026,12.025873104004685,12.052797317504883,1246400,0.0,0.0
2025-10-13 00:00:00,12.0527966727557,12.19638904689637,11.846381993019945,12.097668647766113,977400,0.0,0.0
2025-10-14 00:00:00,12.043821737097124,12.286133650500245,12.03484699989159,12.250235557556152,950800,0.0,0.0
2025-10-15 00:00:00,12.322034536322024,12.366907376642404,12.25023833416071,12.277162551879883,910000,0.0,0.0
2025-10-16 00:00:00,12.295109150731895,12.331007245903798,12.19638960297868,12.241262435913086,857700,0.0,0.0
2025-10-17 00:00:00,12.196389489615838,12.304083774130559,12.142541919419433,12.205364227294922,657900,0.0,0.0
2025-10-20 00:00:00,12.241264450799227,12.286136435241366,12.115620669077808,12.277162551879883,842800,0.0,0.0
2025-10-21 00:00:00,12.277159535949272,12.295108154141333,12.178439140319824,12.178439140319824,651500,0.0,0.0
2025-10-22 00:00:00,12.214337096134523,12.375878937448636,12.214337096134523,12.268184661865234,1348400,0.0,0.0
2025-10-23 00:00:00,12.295108590148564,12.304083327501871,12.079720028937562,12.097668647766113,1250500,0.0,0.0
2025-10-24 00:00:00,12.115618622481856,12.20536428796259,11.954076766967773,11.954076766967773,1296300,0.0,0.0
2025-10-27 00:00:00,11.989974975585938,12.034847808751461,11.801509760993222,11.989974975585938,1716100,0.0,0.0
2025-10-28 00:00:00,12.025872406964888,12.034847144278096,11.900229508092199,11.99894905090332,1040800,0.0,0.0
2025-10-29 00:00:00,12.025872762221123,12.1245931638266,11.882280384480154,11.94510269165039,1195600,0.0,0.0
2025-10-30 00:00:00,11.918176813725673,12.070743907728525,11.891253460630452,12.016897201538086,1568300,0.0,0.0
2025-10-31 00:00:00,11.989711002723311,12.0803365292138,11.871899028262376,12.071273803710938,1195100,0.13,0.0
2025-11-03 00:00:00,12.016898542909091,12.225336032823265,11.935335746240405,12.216273307800293,1139400,0.0,0.0
2025-11-04 00:00:00,12.189086424468865,12.42471209771529,12.170961838056325,12.406586647033691,1252700,0.0,0.0
2025-11-05 00:00:00,12.415649378416962,12.460962140873951,12.343149304193402,12.38846206665039,1103000,0.0,0.0
2025-11-06 00:00:00,12.506275093910965,12.723775319896077,12.415649567615965,12.488149642944336,1893400,0.0,0.0
2025-11-07 00:00:00,12.460962485953843,12.533462562185138,12.080336653604999,12.098462104797363,1873200,0.0,0.0
2025-11-10 00:00:00,12.161900216422458,12.189087530643077,12.02596278105022,12.035024642944336,1250100,0.0,0.0
2025-11-11 00:00:00,12.107524109665022,12.651275552115258,12.107524109665022,12.633150100708008,1975800,0.0,0.0
2025-11-12 00:00:00,12.633149799997932,12.68752528865628,12.451899611585228,12.470025062561035,1167800,0.0,0.0
2025-11-13 00:00:00,12.442836654302798,12.470024830260025,12.343149268600131,12.361274719238281,729000,0.0,0.0
2025-11-14 00:00:00,12.3703386230497,12.506276932476684,12.279713947700907,12.45190143585205,813800,0.0,0.0
2025-11-17 00:00:00,12.460962026653233,12.533462100212237,12.325024604797363,12.325024604797363,1128600,0.0,0.0
2025-11-18 00:00:00,12.352212029538611,12.415649378416962,12.27971195531505,12.38846206665039,1083500,0.0,0.0
2025-11-19 00:00:00,12.40658661729555,12.442836654302798,12.325024682231033,12.361274719238281,828000,0.0,0.0
2025-11-20 00:00:00,12.406586611296609,12.54252489820985,12.370336574306888,12.379399299621582,1109200,0.0,0.0
2025-11-21 00:00:00,12.433775018582594,12.560649718272707,12.388462255435094,12.488149642944336,1522500,0.0,0.0
2025-11-24 00:00:00,12.50627686945993,12.533464185500655,12.352213971447158,12.397526741027832,1531400,0.0,0.0
2025-11-25 00:00:00,12.397525214153003,12.624088169883757,12.397525214153003,12.578775405883789,1885500,0.0,0.0
2025-11-26 00:00:00,12.605962787866224,12.723775629206077,12.596900062162598,12.633150100708008,3179800,0.0,0.0
2025-11-28 00:00:00,12.651445014124345,12.678888251594858,12.51422795436699,12.532523155212402,1541000,0.13,0.0
2025-12-01 00:00:00,12.486784790909226,12.514228902864614,12.166611336406724,12.322124481201172,2171700,0.0,0.0
2025-12-02 00:00:00,12.377009903984833,12.48678372522316,12.331270593701,12.45019245147705,1472900,0.0,0.0
2025-12-03 00:00:00,12.495934650843882,12.541673971702728,12.477639445943332,12.514230728149414,847000,0.0,0.0
2025-12-04 00:00:00,12.532524163630224,12.532524163630224,12.431898369871725,12.468489646911621,1073300,0.0,0.0
2025-12-05 00:00:00,12.468488811050939,12.596558708307478,12.441045573211968,12.550819396972656,919800,0.0,0.0
2025-12-08 00:00:00,12.550819108582438,12.578262345790824,12.44104528734411,12.45019245147705,1264000,0.0,0.0
2025-12-09 00:00:00,12.477638220856711,12.523376664819857,12.358716347261758,12.413602828979492,998700,0.0,0.0
2025-12-10 00:00:00,12.431897759265155,12.587410897147729,12.42274972235328,12.523375511169434,843800,0.0,0.0
2025-12-11 00:00:00,12.596558934059601,12.61485413547853,12.46848903450783,12.523375511169434,1132600,0.0,0.0
2025-12-12 00:00:00,12.52337621228879,12.60570680429528,12.477637769978399,12.486784934997559,930300,0.0,0.0
2025-12-15 00:00:00,12.495932972421583,12.52337621228879,12.386159140547885,12.486784934997559,1588100,0.0,0.0
2025-12-16 00:00:00,12.477638698639995,12.532525182459397,12.395308100505963,12.40445613861084,1679000,0.0,0.0
2025-12-17 00:00:00,12.441046048369891,12.624002428291982,12.422749974175264,12.559967041015625,1689600,0.0,0.0
2025-12-18 00:00:00,12.624001502990723,12.660592776293111,12.569114156834756,12.624001502990723,1877600,0.0,0.0
2025-12-19 00:00:00,12.587411432910981,12.71548046550899,12.56911535830849,12.66059398651123,6404300,0.0,0.0
2025-12-22 00:00:00,12.624004239842849,12.788664569199153,12.624004239842849,12.752073287963867,1359500,0.0,0.0
2025-12-23 00:00:00,12.761220233372809,12.788663473847514,12.578263842866635,12.587411880493164,1163300,0.0,0.0
2025-12-24 00:00:00,12.614853331312396,12.67888784080383,12.596558131059743,12.669740676879883,757600,0.0,0.0
2025-12-26 00:00:00,12.697185263311356,12.724628502810235,12.605706635108616,12.66059398651123,915100,0.0,0.0
2025-12-29 00:00:00,12.697185404438658,12.724628644242564,12.569115498012314,12.61485481262207,1048200,0.0,0.0
2025-12-30 00:00:00,12.614853602799121,12.678888113668654,12.559966256050393,12.578262329101562,1440500,0.0,0.0
2025-12-31 00:00:00,12.605968419999781,12.633674479999826,12.532087354796536,12.541322708129883,1947000,0.13,0.0
2026-01-02 00:00:00,12.55055725471384,12.726024553109577,12.485911546999366,12.633673667907715,2055900,0.0,0.0
2026-01-05 00:00:00,12.596733819578308,12.633674351805093,12.24579832305797,12.430500984191895,3163900,0.0,0.0
2026-01-06 00:00:00,12.375090745456914,12.522853767035826,12.273504493807502,12.495147705078125,2374500,0.0,0.0
2026-01-07 00:00:00,12.559793428084452,12.689084851961034,12.532087368055096,12.5690279006958,2547000,0.0,0.0
2026-01-08 00:00:00,12.578263295951892,12.716790954364962,12.51361758379819,12.605968475341797,2097400,0.0,0.0
2026-01-09 00:00:00,12.698319420138224,12.8368461887925,12.661378889781636,12.670614242553711,1874100,0.0,0.0
2026-01-12 00:00:00,12.670615151930665,12.679849624633789,12.513617666464443,12.679849624633789,1168400,0.0,0.0
2026-01-13 00:00:00,12.716790125682376,12.716790125682376,12.578262476296384,12.670614242553711,894300,0.0,0.0
2026-01-14 00:00:00,12.679848787977686,12.753730729850163,12.60596772683693,12.716790199279785,1387400,0.0,0.0
2026-01-15 00:00:00,12.716790286921844,12.827611879396745,12.661379050318532,12.790671348571777,1170000,0.0,0.0
2026-01-16 00:00:00,12.809142291295279,12.956904427488304,12.799906937600262,12.938434600830078,1796800,0.0,0.0
2026-01-20 00:00:00,12.836847362225424,12.883023249575086,12.753731821874188,12.855318069458008,1287100,0.0,0.0
2026-01-21 00:00:00,12.855318122552477,12.929199190324358,12.744496520894655,12.919963836669922,1175800,0.0,0.0
2026-01-22 00:00:00,12.910728483015488,13.040020791982178,12.892258656438417,12.919963836669922,1144800,0.0,0.0
2026-01-23 00:00:00,12.938434433162959,12.947669786738293,12.772201591734087,12.836847305297852,1512400,0.0,0.0
2026-01-26 00:00:00,12.873787797553861,12.892258504645259,12.615204063396838,12.799906730651855,1923300,0.0,0.0
2026-01-27 00:00:00,12.356619805974432,12.402795691015726,12.116505908345111,12.347384452819824,9351700,0.0,0.0
2026-01-28 00:00:00,12.3750886460102,12.439735232212312,12.291973116433228,12.33814811706543,3742200,0.0,0.0
2026-01-29 00:00:00,12.301208722885889,12.46744155883789,12.282738897075534,12.46744155883789,2991700,0.0,0.0
2026-01-30 00:00:00,12.476767324544006,12.486092476104819,11.861321550256767,11.982545852661133,5248500,0.13,0.0
2026-02-02 00:00:00,11.935918807291939,11.935918807291939,11.693470246700725,11.80536937713623,4078200,0.0,0.0
2026-02-03 00:00:00,11.777395682030047,11.861320258345666,11.534947103628328,11.749421119689941,4683000,0.0,0.0
2026-02-04 00:00:00,11.796046378626478,12.001195266487358,11.712122682465363,11.982545852661133,2288400,0.0,0.0
2026-02-05 00:00:00,11.982545664333772,12.113094226951743,11.935920796557902,11.991869926452637,2259300,0.0,0.0
2026-02-06 00:00:00,11.982543758169832,12.131742599881992,11.982543758169832,12.122417449951172,1817900,0.0,0.0
2026-02-09 00:00:00,12.02917008141849,12.085120102648645,11.861321796318864,11.963895797729492,1522000,0.0,0.0
2026-02-10 00:00:00,11.991870114926545,12.066469548822248,11.926595832591657,11.982545852661133,1577300,0.0,0.0
2026-02-11 00:00:00,11.982545253284618,12.10376866032989,11.945245538202528,12.085119247436523,1239000,0.0,0.0
2026-02-12 00:00:00,12.150394046512407,12.224993479869251,12.075794613155562,12.113094329833984,1547900,0.0,0.0
2026-02-13 00:00:00,12.197017678622693,12.262291953871104,12.001193963582155,12.066468238830566,1541900,0.0,0.0
2026-02-17 00:00:00,12.066468961990891,12.103768677124737,11.814696107161275,11.954569816589355,1506600,0.0,0.0
2026-02-18 00:00:00,11.935919896120291,11.954569308246509,11.786721041929278,11.796045303344727,1768300,0.0,0.0
2026-02-19 00:00:00,11.777394848453909,11.833343969174173,11.572245997457381,11.609545707702637,2189500,0.0,0.0
2026-02-20 00:00:00,11.609547782823633,11.674822954391717,11.497648632086717,11.534948348999023,1787500,0.0,0.0
2026-02-23 00:00:00,11.562922354087904,11.73077151670799,11.525622638982924,11.572247505187988,1967700,0.0,0.0
2026-02-24 00:00:00,11.581571975928965,11.628196839395052,11.385748260807642,11.618871688842773,2154700,0.0,0.0
2026-02-25 00:00:00,11.637521250946858,11.740096129756031,11.506972698710186,11.674821853637695,1863300,0.0,0.0
2026-02-26 00:00:00,11.628198019830677,11.861321471531317,11.553598586430104,11.730772018432617,2211800,0.0,0.0
2026-02-27 00:00:00,11.693081636333067,11.834416765893984,11.598859115206915,11.70250415802002,2347300,0.13,0.0
2026-03-02 00:00:00,11.542324904133153,11.843838410001283,11.382145629495426,11.740193367004395,2263200,0.0,0.0
2026-03-03 00:00:00,11.551747561957862,11.693081794853692,11.50463585146554,11.5800142288208,1654900,0.0,0.0
2026-03-04 00:00:00,11.627127084939966,11.67423880007423,11.476370315375304,11.495214462280273,1683900,0.0,0.0
2026-03-05 00:00:00,11.476370315375304,11.636549607683065,11.438681122984137,11.495214462280273,1703700,0.0,0.0
2026-03-06 00:00:00,11.561169434699115,11.561169434699115,11.221965857063056,11.335033416748047,1978900,0.0,0.0
2026-03-09 00:00:00,11.212543719740122,11.259655429200768,10.901607695313423,11.1277437210083,2315700,0.0,0.0
2026-03-10 00:00:00,11.137164556280233,11.466945600597525,11.090053748732952,11.39156723022461,1751200,0.0,0.0
2026-03-11 00:00:00,11.36330098060511,11.438679353728437,11.269077564910408,11.335033416748047,1261300,0.0,0.0
2026-03-12 00:00:00,11.306767423317625,11.410412467875492,11.212544002024188,11.231389045715332,1376900,0.0,0.0
2026-03-13 00:00:00,11.297344839947415,11.372723217139203,11.071209708372056,11.118321418762207,1276100,0.0,0.0
2026-03-16 00:00:00,11.165432699392268,11.325611969404761,11.156010177960685,11.250232696533203,1829700,0.0,0.0
2026-03-17 00:00:00,11.287922639375592,11.43868029663044,11.259655971769567,11.297345161437988,1146800,0.0,0.0
2026-03-18 00:00:00,11.24081074027097,11.278499926298306,11.04294228898219,11.071208953857422,1934300,0.0,0.0
2026-03-19 00:00:00,11.06178643270532,11.193699033091532,11.033519767830088,11.071208953857422,1279000,0.0,0.0
2026-03-20 00:00:00,11.08063044752298,11.146586292309584,10.628359358552148,10.647204399108887,10726700,0.0,0.0
2026-03-23 00:00:00,10.835650687534683,10.901606534608531,10.656627288942369,10.863917350769043,2461200,0.0,0.0
2026-03-24 00:00:00,10.74142871031668,11.01467555421793,10.684895376312914,10.845074653625488,1891500,0.0,0.0
2026-03-25 00:00:00,10.97698605010138,11.156010365994481,10.939296862320903,11.090054512023926,1306200,0.0,0.0
2026-03-26 00:00:00,11.02409839630127,11.146588488308982,10.967565060655353,11.02409839630127,1348000,0.0,0.0
2026-03-27 00:00:00,10.976987347581922,11.071210777460887,10.87334229358004,10.88276481628418,1209900,0.0,0.0
2026-03-30 00:00:00,11.024097977697448,11.165433108607843,10.911030412117814,11.080632209777832,1599100,0.0,0.0
2026-03-31 00:00:00,11.185434846529468,11.337876746322822,11.10921389663279,11.290239334106445,1806900,0.13,0.0
2026-04-01 00:00:00,11.290238909460605,11.366459856490478,11.23307274487552,11.337876319885254,1323500,0.0,0.0
2026-04-02 00:00:00,11.147324393487864,11.490319577322364,11.128269610288946,11.471263885498047,1267100,0.0,0.0
2026-04-06 00:00:00,11.4331533437318,11.566540459847145,11.40457071478758,11.528429985046387,865100,0.0,0.0
2026-04-07 00:00:00,11.50937467548653,11.585595627618858,11.452209415699995,11.480792045593262,1249000,0.0,0.0
2026-04-08 00:00:00,11.671345324301598,11.747566282300875,11.614179151489395,11.71898365020752,2182900,0.0,0.0
2026-04-09 00:00:00,11.699927205738867,12.023866710764892,11.699927205738867,11.995284080505371,1279900,0.0,0.0
2026-04-10 00:00:00,12.033395258700752,12.052450043776332,11.861897649893104,11.957174301147461,1092100,0.0,0.0
2026-04-13 00:00:00,11.909534536118043,12.061976432800293,11.823785742077932,12.061976432800293,1051600,0.0,0.0
2026-04-14 00:00:00,12.100087479777711,12.16678149420246,12.03339437397838,12.109615325927734,923600,0.0,0.0
2026-04-15 00:00:00,12.13819814305441,12.2048921585083,12.023866713366154,12.2048921585083,838700,0.0,0.0
2026-04-16 00:00:00,12.19536541457608,12.243003741742008,12.061978280236588,12.090560913085938,986100,0.0,0.0
2026-04-17 00:00:00,12.166781443892852,12.414499082391231,12.166781443892852,12.347805976867676,1583500,0.0,0.0
2026-04-20 00:00:00,12.319222911622436,12.424026489257812,12.223946271135452,12.424026489257812,1608800,0.0,0.0
2026-04-21 00:00:00,12.433553869383685,12.595523606970415,12.290638914005502,12.319222450256348,1827700,0.0,0.0
2026-04-22 00:00:00,12.452609501089249,12.462137347156172,12.290639752453203,12.376388549804688,907600,0.0,0.0
2026-04-23 00:00:00,12.433555603027344,12.462138234638193,12.328751106078437,12.433555603027344,907900,0.0,0.0
2026-04-24 00:00:00,12.414499779660218,12.538359060178758,12.40497284163992,12.519304275512695,1255300,0.0,0.0
2026-04-27 00:00:00,12.585996246964056,12.690799824716457,12.576468401179643,12.633634567260742,1484200,0.0,0.0
2026-04-28 00:00:00,12.681274042225857,12.747967151538596,12.624107870939605,12.700328826904297,1623900,0.0,0.0
2026-04-29 00:00:00,12.671745482382843,12.728910741826255,12.519303579033192,12.557414054870605,1537100,0.0,0.0
2026-04-30 00:00:00,12.576658577112402,12.836467578814405,12.538168456602127,12.74986457824707,1636400,0.13,0.0
2026-05-01 00:00:00,12.74986476408157,12.76911028345565,12.672884521939002,12.740242004394531,1120100,0.0,0.0
2026-05-04 00:00:00,12.644017842785281,12.711375328875205,12.49967919272226,12.518924713134766,1273500,0.0,0.0
2026-05-05 00:00:00,12.5574147723959,12.663262381095402,12.499679129129042,12.61514949798584,936400,0.0,0.0
2026-05-06 00:00:00,12.855713557777113,13.125145347896696,12.817223433142452,13.05778694152832,2930400,0.0,0.0
2026-05-07 00:00:00,13.096275737084891,13.105898496686228,12.913447893043813,13.077031135559082,1702900,0.0,0.0
2026-05-08 00:00:00,13.134766219037738,13.173256340824754,13.000051251621631,13.1058988571167,2184400,0.0,0.0
2026-05-11 00:00:00,13.115520913718656,13.115520913718656,12.913447555752928,12.951937675476074,1202600,0.0,0.0
2026-05-12 00:00:00,12.903825340246016,13.038541223793167,12.817222337799766,12.971182823181152,1203900,0.0,0.0
2026-05-13 00:00:00,12.8942029998192,12.96156140262176,12.836468274762046,12.903825759887695,950300,0.0,0.0
2026-05-14 00:00:00,12.99042779519922,13.009673313899214,12.923070315102924,12.951937675476074,822100,0.0,0.0
2026-05-15 00:00:00,12.865335290627318,12.884580810245728,12.778732287698242,12.826845169067383,939100,0.0,0.0
2026-05-18 00:00:00,12.826845169067383,12.971182895497922,12.797977807316652,12.826845169067383,842200,0.0,0.0
2026-05-19 00:00:00,12.797977436796259,12.932692399517395,12.711374436374467,12.846090316772461,901900,0.0,0.0
2026-05-20 00:00:00,12.89420315804859,13.028919047629946,12.807601069400134,12.990428924560547,1108600,0.0,0.0
2026-05-21 00:00:00,12.913449203567582,13.105899826740886,12.865336318355018,13.05778694152832,1023400,0.0,0.0
2026-05-22 00:00:00,13.077030197113578,13.125143073990678,12.951937084303834,12.980804443359375,1063000,0.0,0.0
2026-05-26 00:00:00,13.009673653703453,13.096275737084891,12.971182615298105,13.077031135559082,1263800,0.0,0.0
2026-05-27 00:00:00,13.086652755737305,13.211744948955753,13.077029996973797,13.086652755737305,1334000,0.0,0.0
2026-05-28 00:00:00,13.067408375957745,13.096275737084891,12.942315254170959,13.077031135559082,1458000,0.0,0.0
2026-05-29 00:00:00,13.077030929082333,13.251909796196513,12.950729628004316,13.183900833129883,1534400,0.13,0.0
2026-06-01 00:00:00,13.06731541186111,13.164470545281349,12.999307374390954,13.047884941101074,964800,0.0,0.0
2026-06-02 00:00:00,13.018737716344225,13.222762753276097,13.018737716344225,13.213047981262207,981100,0.0,0.0
2026-06-03 00:00:00,13.125609224455776,13.203332963816427,12.970161745734474,12.979876518249512,1150400,0.0,0.0
2026-06-04 00:00:00,13.047885042698356,13.193616817423434,12.979876078158629,13.135324478149414,665600,0.0,0.0
2026-06-05 00:00:00,13.125607853312415,13.22276205409416,13.115892155272252,13.164469718933105,832400,0.0,0.0
2026-06-08 00:00:00,13.19361600867455,13.232477874655064,12.999306678771973,12.999306678771973,1127100,0.0,0.0
2026-06-09 00:00:00,13.106176817335536,13.251909512322223,13.096461119028426,13.20333194732666,983600,0.0,0.0
2026-06-10 00:00:00,13.232477805928783,13.33934770518515,13.203331638229766,13.222762107849121,1256400,0.0,0.0
2026-06-11 00:00:00,13.300485556202727,13.349063119026713,13.203331357094697,13.242193222045898,1005800,0.0,0.0
2026-06-12 00:00:00,13.310202909671814,13.358780478538145,13.271341039886758,13.290772438049316,965500,0.0,0.0
2026-06-15 00:00:00,13.358779414080471,13.378210810694693,13.174185778945319,13.20333194732666,1156600,0.0,0.0
2026-06-16 00:00:00,13.222762188147456,13.397641048483475,13.203331718410105,13.281055450439453,1321800,0.0,0.0
2026-06-17 00:00:00,13.183900677008273,13.203332073808637,12.960445173044064,13.038168907165527,1982500,0.0,0.0
2026-06-18 00:00:00,13.106177589218824,13.115893288098137,12.970161511068618,13.057600021362305,2512100,0.0,0.0
2026-06-22 00:00:00,13.03816877566552,13.145038677369667,12.89243700729259,12.92158317565918,1138700,0.0,0.0
2026-06-23 00:00:00,12.892436580018131,13.145038241723615,12.853573788097334,13.106176376342773,1228500,0.0,0.0
2026-06-24 00:00:00,13.154754434064145,13.339348069925242,13.1353239639135,13.261624336242676,1483400,0.0,0.0
2026-06-25 00:00:00,13.300486203083958,13.426787501953125,13.24219386609203,13.261624336242676,1286400,0.0,0.0
2026-06-26 00:00:00,13.3102021342079,13.339348303213594,13.174186061154655,13.183900833129883,3599600,0.0,0.0
2026-06-29 00:00:00,13.222762188147456,13.310201618315466,13.106176590103434,13.281055450439453,2116600,0.0,0.0
2026-06-30 00:00:00,13.251629190670466,13.428186157380154,13.241820210454415,13.349716186523438,1929000,0.13,0.0
2026-07-01 00:00:00,13.379143327801115,13.437995339108259,13.261438369750977,13.261438369750977,1321400,0.0,0.0
2026-07-02 00:00:00,13.339908655770087,13.428186674808627,13.153541766227232,13.212394714355469,998000,0.0,0.0
2026-07-06 00:00:00,13.232011611871846,13.339908526488637,13.182967644812928,13.320290565490723,1138000,0.0,0.0
2026-07-07 00:00:00,13.339908193200339,13.388951223598083,13.173159270627645,13.22220230102539,959700,0.0,0.0
2026-07-08 00:00:00,13.192777066003911,13.251630015527711,13.124116071089393,13.163351058959961,1191800,0.0,0.0
2026-07-09 00:00:00,13.290864871553838,13.359525865787244,13.16335092838045,13.271246910095215,1067600,0.0,0.0
2026-07-10 00:00:00,13.339908526488637,13.349716571551726,13.241820592370802,13.320290565490723,565900,0.0,0.0
2026-07-13 00:00:00,13.359525607422608,13.359525607422608,13.153541693270096,13.192776679992676,1036200,0.0,0.0
2026-07-14 00:00:00,13.261438680916628,13.477230641353954,13.261438680916628,13.359525680541992,1481400,0.0,0.0
2026-07-15 00:00:00,13.44780445098877,13.575318390649116,13.398760484129273,13.44780445098877,1774600,0.0,0.0
2026-07-16 00:00:00,13.45761291713862,13.526273906856382,13.398759972069232,13.437994956970215,1182600,0.0,0.0
2026-07-17 00:00:00,13.398760853268604,13.487039808960633,13.202585915861809,13.271246910095215,1066000,0.0,0.0
2026-07-20 00:00:00,13.310481510300585,13.3202904907445,13.114306578601612,13.153541564941406,1062400,0.0,0.0
2026-07-21 00:00:00,13.173159782107245,13.290864743416527,13.1633508014725,13.232011795043945,1001600,0.0,0.0
2026-07-22 00:00:00,13.241820647254869,13.261438608334094,13.133924667626742,13.192776679992676,770100,0.0,0.0
2026-07-23 00:00:00,13.14373263895038,13.173159580404036,12.986792692941018,13.02602767944336,1373100,0.0,0.0
2026-07-24 00:00:00,13.094689424630703,13.173159396540143,13.075071463935418,13.114306449890137,780000,0.0,0.0
2026-07-27 00:00:00,13.182967884090086,13.251629813393164,13.104497909545898,13.104497909545898,820400,0.0,0.0
2026-07-28 00:00:00,13.124116012888596,13.349716958284922,13.114307032105478,13.290864944458008,1094700,0.0,0.0
2026-07-29 00:00:00,13.261438166176468,13.349716181782037,13.163350234922492,13.202585220336914,1097800,0.0,0.0
2026-07-30 00:00:00,13.290864743416527,13.30067372405127,13.094689807901055,13.232011795043945,1312900,0.0,0.0
2026-07-31 00:00:00,13.241915625219104,13.251820052161484,13.073544145351205,13.152777671813965,1650200,0.13,0.0
2026-08-03 00:00:00,13.192394690907518,13.311244982906722,13.172586781176731,13.202299118041992,1656800,0.0,0.0
2026-08-04 00:00:00,13.20229877713808,13.232011113236123,13.083448488207779,13.172586441040039,1089400,0.0,0.0
2026-08-05 00:00:00,13.152777850806647,13.162682277883814,13.053736413649437,13.113161087036133,987500,0.0,0.0
2026-08-06 00:00:00,13.083449204800742,13.172587162515173,13.004215674507511,13.014120101928711,1126000,0.0,0.0
2026-08-07 00:00:00,13.32114963514647,13.618275842434494,13.241916105808087,13.46971321105957,2231500,0.0,0.0
2026-08-10 00:00:00,13.459808890223549,13.499425655206105,13.212203872948026,13.340958595275879,1350400,0.0,0.0
2026-08-11 00:00:00,13.301341725080961,13.568754650463461,13.251820533109928,13.46971321105957,1323300,0.0,0.0
2026-08-12 00:00:00,13.5192333637705,13.598466892553738,13.430096352292985,13.489521026611328,983000,0.0,0.0
2026-08-13 00:00:00,13.519233099498726,13.588563144232431,13.489520762920366,13.548946380615234,821300,0.0,0.0
2026-08-14 00:00:00,13.548946900258057,13.638084857949995,13.519233618001953,13.539042472839355,1023000,0.0,0.0
2026-08-17 00:00:00,13.489520686018349,13.608370976192388,13.42019158621803,13.459808349609375,755100,0.0,0.0
2026-08-18 00:00:00,13.499425018987925,13.51923292827658,13.400382638930239,13.479616165161133,789000,0.0,0.0
2026-08-19 00:00:00,13.618275822227595,13.687604924161265,13.53904229300678,13.578659057617188,1078500,0.0,0.0
2026-08-20 00:00:00,13.539042218235394,13.568754555394566,13.410287497828092,13.489521026611328,812300,0.0,0.0
2026-08-21 00:00:00,13.558849606418896,13.558849606418896,13.479616080684558,13.499424934387207,789400,0.0,0.0
2026-08-24 00:00:00,13.509329881076223,13.539042218235394,13.439999834987264,13.489521026611328,850500,0.0,0.0
2026-08-25 00:00:00,13.519233544310126,13.548946826404265,13.420192104277538,13.449904441833496,978800,0.0,0.0
2026-08-26 00:00:00,13.439999597845802,13.459808451961178,13.311244879710307,13.331053733825684,1012400,0.0,0.0
2026-08-27 00:00:00,13.331053716504735,13.479616344024429,13.22210785262617,13.4399995803833,941300,0.0,0.0
2026-08-28 00:00:00,13.499425198114068,13.529137534710378,13.400382816742173,13.4399995803833,1033800,0.0,0.0
2026-08-31 00:00:00,13.399999618530273,13.520000457763672,13.350000381469727,13.380000114440918,1314500,0.13,0.0
2026-09-01 00:00:00,13.34000015258789,13.420000076293945,13.239999771118164,13.260000228881836,1233000,0.0,0.0
2026-09-02 00:00:00,13.3100004196167,13.359999656677246,13.229999542236328,13.329999923706055,995100,0.0,0.0
2026-09-03 00:00:00,13.420000076293945,13.460000038146973,13.270000457763672,13.350000381469727,851600,0.0,0.0
2026-09-04 00:00:00,13.3100004196167,13.529999732971191,13.300000190734863,13.470000267028809,919100,0.0,0.0
2026-09-08 00:00:00,13.449999809265137,13.510000228881836,13.369999885559082,13.380000114440918,841500,0.0,0.0
2026-09-09 00:00:00,13.359999656677246,13.40999984741211,13.260000228881836,13.260000228881836,1040400,0.0,0.0
2026-09-10 00:00:00,13.25,13.260000228881836,12.979999542236328,13.039999961853027,1297700,0.0,0.0
2026-09-11 00:00:00,13.119999885559082,13.149999618530273,12.859999656677246,12.890000343322754,1155300,0.0,0.0
2026-09-14 00:00:00,12.880000114440918,12.970000267028809,12.729999542236328,12.8100004196167,1091000,0.0,0.0
2026-09-15 00:00:00,12.800000190734863,12.829999923706055,12.59000015258789,12.619999885559082,1254000,0.0,0.0
2026-09-16 00:00:00,12.649999618530273,12.75,12.529999732971191,12.619999885559082,1381300,0.0,0.0
2026-09-17 00:00:00,12.779999732971191,12.789999961853027,12.579999923706055,12.579999923706055,1418800,0.0,0.0
2026-09-18 00:00:00,12.550000190734863,12.550000190734863,12.359999656677246,12.4399995803833,3277100,0.0,0.0
2026-09-21 00:00:00,12.5,12.649999618530273,12.470000267028809,12.609999656677246,1333300,0.0,0.0
2026-09-22 00:00:00,12.720000267028809,12.789999961853027,12.65999984741211,12.699999809265137,1081200,0.0,0.0
2026-09-23 00:00:00,12.699999809265137,12.699999809265137,12.40999984741211,12.40999984741211,1584600,0.0,0.0
2026-09-24 00:00:00,12.449999809265137,12.489999771118164,12.300000190734863,12.369999885559082,1493700,0.0,0.0
2026-09-25 00:00:00,12.369999885559082,12.420000076293945,12.1899995803833,12.359999656677246,1575300,0.0,0.0
