Timestamp,Open,High,Low,Close,AdjClose,Volume,AdjHigh,AdjLow,AdjOpen,AdjVolume,DivCash,SplitFactor
2016-10-07 00:00:00,14.76,14.77,14.6,14.71,9.623955616842068,2150531,9.663210364429458,9.551988579598516,9.656667906498226,2150531,0.0,1.0
2016-10-10 00:00:00,14.76,15.12,14.74,15.11,9.885653934091344,3918537,9.892196392022573,9.643582990635764,9.656667906498226,3918537,0.0,1.0
2016-10-11 00:00:00,15.14,15.18,14.95,15.04,9.839856728572718,2037751,9.931451139609964,9.780974607191633,9.90528130788504,2037751,0.0,1.0
2016-10-12 00:00:00,15.09,15.11,14.88,15.04,9.839856728572718,1948215,9.885653934091344,9.73517740167301,9.872569018228878,1948215,0.0,1.0
2016-10-13 00:00:00,15.04,15.04,14.835,14.86,9.722092485810546,1800804,9.839856728572718,9.705736340982469,9.839856728572718,1800804,0.0,1.0
2016-10-14 00:00:00,14.92,15.24,14.86,15.2,9.944536055472428,1668433,9.970705887197356,9.722092485810546,9.761347233397936,1668433,0.0,1.0
2016-10-17 00:00:00,15.2,15.235,15.03,15.09,9.872569018228878,1418535,9.96743465823174,9.833314270641488,9.944536055472428,1418535,0.0,1.0
2016-10-18 00:00:00,15.16,15.6,15.16,15.47,10.121182419615687,1468329,10.206234372721704,9.9183662237475,9.9183662237475,1468329,0.0,1.0
2016-10-19 00:00:00,15.46,15.55,15.32,15.45,10.108097503753225,1562727,10.173522083065544,10.023045550647211,10.11463996168446,1562727,0.0,1.0
2016-10-20 00:00:00,15.51,15.82,15.49,15.78,10.323998615483877,2340056,10.350168447208803,10.134267335478151,10.147352251340616,2340056,0.0,1.0
2016-10-21 00:00:00,15.79,15.795,15.09,15.21,9.951078513403662,2349054,10.333812302380723,9.872569018228878,10.330541073415109,2349054,0.0,1.0
2016-10-24 00:00:00,15.35,15.58,15.21,15.36,10.049215382372138,1571393,10.19314945685924,9.951078513403662,10.042672924440907,1571393,0.0,1.0
2016-10-25 00:00:00,15.28,15.58,15.15,15.58,10.19314945685924,1514669,10.19314945685924,9.91182376581627,9.996875718922285,1514669,0.0,1.0
2016-10-26 00:00:00,15.52,15.6599,15.35,15.37,10.05575784030337,1292042,10.245423695729782,10.042672924440907,10.153894709271848,1292042,0.0,1.0
2016-10-27 00:00:00,15.44,15.48,15.25,15.33,10.029588008578443,929428,10.12772487754692,9.977248345128588,10.101555045821993,929428,0.0,1.0
2016-10-28 00:00:00,15.34,15.55,15.32,15.52,10.153894709271848,1414486,10.173522083065544,10.023045550647211,10.036130466509675,1414486,0.0,1.0
2016-10-31 00:00:00,15.55,15.58,15.4,15.52,10.153894709271848,1992591,10.19314945685924,10.075385214097066,10.173522083065544,1992591,0.0,1.0
2016-11-01 00:00:00,15.53,15.55,15.1,15.23,9.964163429266124,2357068,10.173522083065544,9.87911147616011,10.16043716720308,2357068,0.0,1.0
2016-11-02 00:00:00,15.18,15.35,15.14,15.25,9.977248345128588,1504356,10.042672924440907,9.90528130788504,9.931451139609964,1504356,0.0,1.0
2016-11-03 00:00:00,15.24,15.26,15.135,15.18,9.931451139609964,1883299,9.98379080305982,9.90201007891942,9.970705887197356,1883299,0.0,1.0
2016-11-04 00:00:00,15.22,15.38,15.05,15.25,9.977248345128588,1786610,10.062300298234604,9.846399186503952,9.957620971334894,1786610,0.0,1.0
2016-11-07 00:00:00,15.39,15.5793,15.32,15.51,10.147352251340616,1372562,10.192691484804053,10.023045550647211,10.068842756165834,1372562,0.0,1.0
2016-11-08 00:00:00,15.53,15.83,15.53,15.65,10.238946662377865,2381593,10.356710905140035,10.16043716720308,10.16043716720308,2381593,0.0,1.0
2016-11-09 00:00:00,15.44,15.99,15.23,15.87,10.382880736864964,2511108,10.461390232039744,9.964163429266124,10.101555045821993,2511108,0.0,1.0
2016-11-10 00:00:00,15.92,16.5,15.49,15.57,10.186606998928008,4041280,10.795055586532571,10.134267335478151,10.415593026521124,4041280,0.0,1.0
2016-11-11 00:00:00,15.47,15.74,15.43,15.5,10.140809793409383,4268418,10.29782878375895,10.095012587890762,10.121182419615687,4268418,0.0,1.0
2016-11-14 00:00:00,15.57,16.33,15.52,16.2,10.598781848595614,3948501,10.683833801701628,10.153894709271848,10.186606998928008,3948501,0.0,1.0
2016-11-15 00:00:00,16.24,16.5,16.03,16.05,10.500644979627138,3090408,10.795055586532571,10.487560063764674,10.62495168032054,3090408,0.0,1.0
2016-11-16 00:00:00,16.08,16.15,15.82,15.83,10.356710905140035,1840082,10.566069558939455,10.350168447208803,10.520272353420832,1840082,0.0,1.0
2016-11-17 00:00:00,15.73,15.98,15.7,15.9,10.40250811065866,1976429,10.454847774108517,10.271658952034022,10.291286325827718,1976429,0.0,1.0
2016-11-18 00:00:00,15.95,16.18,15.825,16.11,10.539899727214529,1536862,10.585696932733152,10.35343967617442,10.43522040031482,1536862,0.0,1.0
2016-11-21 00:00:00,16.14,16.22,16.035,16.2,10.598781848595614,1710484,10.611866764458078,10.49083129273029,10.559527101008223,1710484,0.0,1.0
2016-11-22 00:00:00,16.35,16.37,16.12,16.18,10.585696932733152,2130808,10.710003633426558,10.54644218514576,10.696918717564094,2130808,0.0,1.0
2016-11-23 00:00:00,16.17,16.22,15.6,15.62,10.219319288584169,3040546,10.611866764458078,10.206234372721704,10.57915447480192,3040546,0.0,1.0
2016-11-25 00:00:00,15.76,15.96,15.57,15.96,10.44176285824605,1226397,10.44176285824605,10.186606998928008,10.310913699621413,1226397,0.0,1.0
2016-11-28 00:00:00,15.97,16.04,15.7,15.78,10.323998615483877,2926599,10.494102521695904,10.271658952034022,10.448305316177285,2926599,0.0,1.0
2016-11-29 00:00:00,15.84,15.93,15.565,15.58,10.19314945685924,1977077,10.422135484452356,10.183335769962392,10.363253363071268,1977077,0.0,1.0
2016-11-30 00:00:00,15.41,15.63,15.31,15.52,10.258574036171558,2050818,10.331283001634114,10.119766011197587,10.185865070709005,2050818,0.16,1.0
2016-12-01 00:00:00,15.55,15.565,15.27,15.32,10.12637591714873,1906904,10.288318612951697,10.093326387393022,10.278403754024984,1906904,0.0,1.0
2016-12-02 00:00:00,15.41,15.5,15.3103,15.48,10.232134412366992,1632910,10.245354224269276,10.11996430837612,10.185865070709005,1632910,0.0,1.0
2016-12-05 00:00:00,15.47,15.74,15.47,15.72,10.390772155194387,1348577,10.40399196709667,10.225524506415852,10.225524506415852,1348577,0.0,1.0
2016-12-06 00:00:00,15.82,16.19,15.68,16.19,10.701437734898038,1950504,10.701437734898038,10.364332531389822,10.456871214705805,1950504,0.0,1.0
2016-12-07 00:00:00,16.14,16.59,16.1,16.57,10.952614161041412,1915612,10.965833972943695,10.641948581337765,10.66838820514233,1915612,0.0,1.0
2016-12-08 00:00:00,16.58,17.09,16.31,17.03,11.25666983479392,3056801,11.296329270500769,10.780756606311732,10.959224066992553,3056801,0.0,1.0
2016-12-09 00:00:00,17.0,19.95,16.765,19.3,12.757118485703034,13280864,13.186762372527228,11.081507327088673,11.236840116940495,13280864,0.0,1.0
2016-12-12 00:00:00,19.19,19.3,18.66,18.79,12.420013282194818,6058498,12.757118485703034,12.33408450482998,12.684409520240475,6058498,0.0,1.0
2016-12-13 00:00:00,19.02,19.55,19.02,19.3,12.757118485703034,3954788,12.922366134481573,12.572041119071072,12.572041119071072,3954788,0.0,1.0
2016-12-14 00:00:00,19.3,19.3899,18.89,19.01,12.56543121311993,2818605,12.816541540203795,12.486112341706232,12.757118485703034,2818605,0.0,1.0
2016-12-15 00:00:00,19.48,20.06,19.31,19.67,13.001685005895268,4205695,13.259471337989783,12.763728391654174,12.87609679282358,4205695,0.0,1.0
2016-12-16 00:00:00,19.57,19.62,19.135,19.2,12.691019426191618,9161082,12.96863547613956,12.6480550375092,12.935585946383853,9161082,0.0,1.0
2016-12-19 00:00:00,19.3,19.315,19.03,19.21,12.69762933214276,2224361,12.767033344629748,12.578651025022214,12.757118485703034,2224361,0.0,1.0
2016-12-20 00:00:00,19.12,19.31,19.0,19.07,12.60509064882678,3138914,12.763728391654174,12.558821307168788,12.638140178582487,3138914,0.0,1.0
2016-12-21 00:00:00,19.06,19.47,19.01,19.4,12.823217545214447,3314519,12.869486886872435,12.56543121311993,12.598480742875635,3314519,0.0,1.0
2016-12-22 00:00:00,19.37,19.485,19.22,19.35,12.79016801545874,1959181,12.87940174579915,12.7042392380939,12.803387827361025,1959181,0.0,1.0
2016-12-23 00:00:00,19.3,19.54,19.3,19.52,12.902536416628145,1053896,12.915756228530428,12.757118485703034,12.757118485703034,1053896,0.0,1.0
2016-12-27 00:00:00,19.56,19.81,19.5,19.77,13.067784065406682,1512531,13.094223689211248,12.889316604725863,12.92897604043271,1512531,0.0,1.0
2016-12-28 00:00:00,19.74,19.94,19.65,19.76,13.06117415945554,1607136,13.180152466576088,12.988465193992983,13.047954347553256,1607136,0.0,1.0
2016-12-29 00:00:00,19.81,20.05,19.81,20.01,13.22642180823408,1267688,13.252861432038644,13.094223689211248,13.094223689211248,1267688,0.0,1.0
2016-12-30 00:00:00,20.01,20.1,19.83,19.97,13.19998218442951,1787371,13.285910961794352,13.10744350111353,13.22642180823408,1787371,0.0,1.0
2017-01-03 00:00:00,19.99,20.25,19.87,19.93,13.173542560624943,2099307,13.385059551061472,13.133883124918098,13.213201996331794,2099307,0.0,1.0
2017-01-04 00:00:00,19.94,20.2,19.91,20.05,13.252861432038644,2281096,13.352010021305764,13.160322748722663,13.180152466576088,2281096,0.0,1.0
2017-01-05 00:00:00,19.96,20.1,19.83,19.92,13.166932654673806,3398216,13.285910961794352,13.10744350111353,13.193372278478371,3398216,0.0,1.0
2017-01-06 00:00:00,19.92,19.95,19.65,19.67,13.001685005895268,1571772,13.186762372527228,12.988465193992983,13.166932654673806,1571772,0.0,1.0
2017-01-09 00:00:00,19.6,19.66,19.37,19.44,12.849657169019014,1847684,12.995075099944126,12.803387827361025,12.95541566423728,1847684,0.0,1.0
2017-01-10 00:00:00,19.46,19.59,19.39,19.55,12.922366134481573,2483258,12.948805758286136,12.816607639263308,12.862876980921298,2483258,0.0,1.0
2017-01-11 00:00:00,19.51,19.92,19.51,19.78,13.074393971357823,1559234,13.166932654673806,12.895926510677004,12.895926510677004,1559234,0.0,1.0
2017-01-12 00:00:00,19.67,19.805,19.53,19.78,13.074393971357823,1024269,13.090918736235675,12.909146322579288,13.001685005895268,1024269,0.0,1.0
2017-01-13 00:00:00,20.02,20.16,19.945,20.04,13.246251526087502,1499492,13.3255703975012,13.183457419551658,13.233031714185218,1499492,0.0,1.0
2017-01-17 00:00:00,20.03,20.05,19.49,19.66,12.995075099944126,1789760,13.252861432038644,12.88270669877472,13.23964162013636,1789760,0.0,1.0
2017-01-18 00:00:00,19.67,19.81,19.4701,19.81,13.094223689211248,1358374,13.094223689211248,12.869552985931948,13.001685005895268,1358374,0.0,1.0
2017-01-19 00:00:00,19.83,19.89,19.51,19.64,12.981855288041844,1108578,13.14710293682038,12.895926510677004,13.10744350111353,1108578,0.0,1.0
2017-01-20 00:00:00,19.73,20.0,19.655,19.8,13.087613783260108,1108494,13.219811902282936,12.991770146968555,13.041344441602115,1108494,0.0,1.0
2017-01-23 00:00:00,19.71,19.92,19.68,19.84,13.114053407064672,1124293,13.166932654673806,13.00829491184641,13.028124629699834,1124293,0.0,1.0
2017-01-24 00:00:00,19.82,20.13,19.75,19.9,13.15371284277152,1662476,13.305740679647776,13.0545642535044,13.10083359516239,1662476,0.0,1.0
2017-01-25 00:00:00,19.93,20.04,19.83,19.96,13.193372278478371,904485,13.246251526087502,13.10744350111353,13.173542560624943,904485,0.0,1.0
2017-01-26 00:00:00,19.97,20.01,19.82,19.98,13.206592090380653,1210383,13.22642180823408,13.10083359516239,13.19998218442951,1210383,0.0,1.0
2017-01-27 00:00:00,20.0,20.01,19.76,19.97,13.19998218442951,1333652,13.22642180823408,13.06117415945554,13.219811902282936,1333652,0.0,1.0
2017-01-30 00:00:00,19.96,19.96,19.695,19.94,13.180152466576088,1159470,13.193372278478371,13.01820977077312,13.193372278478371,1159470,0.0,1.0
2017-01-31 00:00:00,19.87,20.12,19.76,20.11,13.292520867745491,1732078,13.299130773696634,13.06117415945554,13.133883124918098,1732078,0.0,1.0
2017-02-01 00:00:00,20.09,20.31,19.915,20.04,13.246251526087502,1396246,13.42471898676832,13.163627701698232,13.27930105584321,1396246,0.0,1.0
2017-02-02 00:00:00,20.08,20.26,20.05,20.17,13.332180303452342,1406837,13.391669457012616,13.252861432038644,13.272691149892069,1406837,0.0,1.0
2017-02-03 00:00:00,20.28,20.37,20.09,20.24,13.37844964511033,1425295,13.464378422475171,13.27930105584321,13.404889268914898,1425295,0.0,1.0
2017-02-06 00:00:00,20.27,20.29,20.09,20.17,13.332180303452342,1027654,13.411499174866035,13.27930105584321,13.398279362963756,1027654,0.0,1.0
2017-02-07 00:00:00,20.21,20.365,20.09,20.24,13.37844964511033,1401635,13.4610734694996,13.27930105584321,13.358619927256909,1401635,0.0,1.0
2017-02-08 00:00:00,20.24,20.33,20.0602,20.33,13.437938798670602,1151154,13.437938798670602,13.259603536108806,13.37844964511033,1151154,0.0,1.0
2017-02-09 00:00:00,20.34,20.725,20.34,20.7,13.682505318862836,1270402,13.699030083740691,13.444548704621743,13.444548704621743,1270402,0.0,1.0
2017-02-10 00:00:00,20.83,20.9093,20.67,20.71,13.68911522481398,1728418,13.82085065042023,13.662675601009417,13.768434096227676,1728418,0.0,1.0
2017-02-13 00:00:00,20.61,20.995,20.4915,20.84,13.775044002178818,2722388,13.877497544421512,13.544688779781538,13.623016165302564,2722388,0.0,1.0
2017-02-14 00:00:00,19.89,20.2,18.65,18.99,12.552211401217647,6310800,13.352010021305764,12.327474598878837,13.14710293682038,6310800,0.0,1.0
2017-02-15 00:00:00,19.03,19.45,18.9037,19.3,12.757118485703034,3895326,12.856267074970155,12.495167912859298,12.578651025022214,3895326,0.0,1.0
2017-02-16 00:00:00,19.3,19.42,19.08,19.41,12.82982745116559,1756311,12.836437357116733,12.61170055477792,12.757118485703034,1756311,0.0,1.0
2017-02-17 00:00:00,19.29,19.63,19.13,19.57,12.935585946383853,1931110,12.9752453820907,12.644750084533628,12.750508579751893,1931110,0.0,1.0
2017-02-21 00:00:00,19.61,19.78,19.41,19.46,12.862876980921298,1260353,13.074393971357823,12.82982745116559,12.962025570188418,1260353,0.0,1.0
2017-02-22 00:00:00,19.48,19.58,19.15,19.18,12.677799614289336,1922083,12.942195852334994,12.65796989643591,12.87609679282358,1922083,0.0,1.0
2017-02-23 00:00:00,19.27,19.405,19.1,19.2,12.691019426191618,1931100,12.82652249819002,12.624920366680204,12.73728876784961,1931100,0.0,1.0
2017-02-24 00:00:00,19.2,19.355,19.17,19.2,12.691019426191618,1673751,12.793472968434312,12.671189708338195,12.691019426191618,1673751,0.0,1.0
2017-02-27 00:00:00,19.21,19.32,19.06,19.31,12.763728391654174,1356362,12.770338297605315,12.598480742875635,12.69762933214276,1356362,0.0,1.0
2017-02-28 00:00:00,19.34,19.6,19.26,19.26,12.730678861898468,2466299,12.95541566423728,12.730678861898468,12.7835581095076,2466299,0.0,1.0
2017-03-01 00:00:00,19.21,19.42,19.19,19.29,12.856267074970155,1305413,12.942908584547457,12.789619759910694,12.802949222922589,1305413,0.16,1.0
2017-03-02 00:00:00,19.22,19.39,19.19,19.26,12.836272880452318,745746,12.922914390029618,12.789619759910694,12.809613954428531,745746,0.0,1.0
2017-03-03 00:00:00,19.23,19.27,19.06,19.2,12.79628449141664,691578,12.842937611958265,12.702978250333391,12.81627868593448,691578,0.0,1.0
2017-03-06 00:00:00,19.16,19.27,18.9843,19.17,12.776290296898802,939905,12.842937611958265,12.65252623283338,12.769625565392856,939905,0.0,1.0
2017-03-07 00:00:00,19.09,19.225,19.025,19.06,12.702978250333391,567661,12.812946320181506,12.67965169006258,12.722972444851232,567661,0.0,1.0
2017-03-08 00:00:00,18.88,19.2035,18.87,19.11,12.736301907863124,990632,12.79861714744372,12.576348351720418,12.583013083226362,990632,0.0,1.0
2017-03-09 00:00:00,19.14,19.16,19.0,19.08,12.716307713345286,741948,12.769625565392856,12.662989861297715,12.756296102380963,741948,0.0,1.0
2017-03-10 00:00:00,19.15,19.25,19.02,19.17,12.776290296898802,1363562,12.82960814894637,12.676319324309608,12.762960833886908,1363562,0.0,1.0
2017-03-13 00:00:00,19.16,19.17,18.94,19.08,12.716307713345286,1243984,12.776290296898802,12.62300147226204,12.769625565392856,1243984,0.0,1.0
2017-03-14 00:00:00,19.08,19.33,18.93,19.29,12.856267074970155,1365328,12.88292600099394,12.616336740756092,12.716307713345286,1365328,0.0,1.0
2017-03-15 00:00:00,19.27,19.66,19.26,19.58,13.049544288642592,1241015,13.102862140690164,12.836272880452318,12.842937611958265,1241015,0.0,1.0
2017-03-16 00:00:00,19.52,19.62,19.38,19.53,13.016220631112864,931976,13.07620321466638,12.91624965852367,13.009555899606918,931976,0.0,1.0
2017-03-17 00:00:00,19.5,19.74,19.49,19.65,13.096197409184215,3362639,13.156179992737732,12.989561705089075,12.996226436595023,3362639,0.0,1.0
2017-03-20 00:00:00,19.64,19.8,19.535,19.64,13.089532677678273,1253659,13.196168381773411,13.019552996865835,13.089532677678273,1253659,0.0,1.0
2017-03-21 00:00:00,19.63,19.7,19.4,19.47,12.976232242077186,1115249,13.129521066713949,12.929579121535562,13.082867946172325,1115249,0.0,1.0
2017-03-22 00:00:00,19.46,19.54,19.285,19.34,12.889590732499888,1038021,13.022885362618808,12.852934709217182,12.96956751057124,1038021,0.0,1.0
2017-03-23 00:00:00,19.33,19.55,19.33,19.35,12.896255464005831,1179181,13.029550094124756,12.88292600099394,12.88292600099394,1179181,0.0,1.0
2017-03-24 00:00:00,19.38,19.58,19.31,19.41,12.936243853041509,1200363,13.049544288642592,12.869596537982046,12.91624965852367,1200363,0.0,1.0
2017-03-27 00:00:00,19.33,19.48,19.21,19.44,12.95623804755935,1032035,12.982896973583133,12.802949222922589,12.88292600099394,1032035,0.0,1.0
2017-03-28 00:00:00,19.41,19.45,19.18,19.41,12.936243853041509,997978,12.962902779065294,12.782955028404748,12.936243853041509,997978,0.0,1.0
2017-03-29 00:00:00,19.5,19.67,19.45,19.5,12.996226436595023,926207,13.109526872196112,12.962902779065294,12.996226436595023,926207,0.0,1.0
2017-03-30 00:00:00,19.5,19.5648,19.365,19.47,12.976232242077186,932838,13.039413896753556,12.90625256126475,12.996226436595023,932838,0.0,1.0
2017-03-31 00:00:00,19.53,19.59,19.41,19.41,12.936243853041509,1510519,13.05620902014854,12.936243853041509,13.016220631112864,1510519,0.0,1.0
2017-04-03 00:00:00,19.42,19.52,19.215,19.3,12.862931806476102,1797632,13.009555899606918,12.806281588675558,12.942908584547457,1797632,0.0,1.0
2017-04-04 00:00:00,19.31,19.39,19.22,19.35,12.896255464005831,811422,12.922914390029618,12.809613954428531,12.869596537982046,811422,0.0,1.0
2017-04-05 00:00:00,19.37,19.47,19.2,19.22,12.809613954428531,1086304,12.976232242077186,12.79628449141664,12.909584927017724,1086304,0.0,1.0
2017-04-06 00:00:00,19.23,19.57,19.2,19.53,13.016220631112864,1117170,13.042879557136647,12.79628449141664,12.81627868593448,1117170,0.0,1.0
2017-04-07 00:00:00,19.46,19.56,19.39,19.42,12.942908584547457,598338,13.0362148256307,12.922914390029618,12.96956751057124,598338,0.0,1.0
2017-04-10 00:00:00,19.43,19.59,19.31,19.46,12.96956751057124,923099,13.05620902014854,12.869596537982046,12.9495733160534,923099,0.0,1.0
2017-04-11 00:00:00,19.45,19.49,19.34,19.49,12.989561705089075,986918,12.989561705089075,12.889590732499888,12.962902779065294,986918,0.0,1.0
2017-04-12 00:00:00,19.59,19.67,19.49,19.59,13.05620902014854,882411,13.109526872196112,12.989561705089075,13.05620902014854,882411,0.0,1.0
2017-04-13 00:00:00,19.59,19.64,19.27,19.27,12.842937611958265,1050118,13.089532677678273,12.842937611958265,13.05620902014854,1050118,0.0,1.0
2017-04-17 00:00:00,19.29,19.57,19.16,19.55,13.029550094124756,1004425,13.042879557136647,12.769625565392856,12.856267074970155,1004425,0.0,1.0
2017-04-18 00:00:00,19.7,19.845,19.57,19.63,13.082867946172325,1199032,13.226159673550168,13.042879557136647,13.129521066713949,1199032,0.0,1.0
2017-04-19 00:00:00,19.65,19.835,19.6,19.72,13.14285052972584,1058114,13.21949494204422,13.062873751654488,13.096197409184215,1058114,0.0,1.0
2017-04-20 00:00:00,19.74,19.925,19.65,19.83,13.216162576291246,972107,13.279477525597738,13.096197409184215,13.156179992737732,972107,0.0,1.0
2017-04-21 00:00:00,19.82,19.9,19.74,19.84,13.222827307797196,1065528,13.26281569683287,13.156179992737732,13.209497844785302,1065528,0.0,1.0
2017-04-24 00:00:00,19.97,20.0,19.81,19.88,13.249486233820978,1237836,13.329463011892331,13.202833113279356,13.309468817374494,1237836,0.0,1.0
2017-04-25 00:00:00,19.89,20.1,19.83,19.84,13.222827307797196,878884,13.396110326951796,13.216162576291246,13.256150965326926,878884,0.0,1.0
2017-04-26 00:00:00,19.87,19.94,19.75,19.82,13.209497844785302,1404610,13.289474622856655,13.16284472424368,13.242821502315032,1404610,0.0,1.0
2017-04-27 00:00:00,19.82,19.975,19.78,19.85,13.229492039303144,1057069,13.312801183127467,13.18283891876152,13.209497844785302,1057069,0.0,1.0
2017-04-28 00:00:00,19.85,19.87,19.54,19.61,13.069538483160432,1145405,13.242821502315032,13.022885362618808,13.229492039303144,1145405,0.0,1.0
2017-05-01 00:00:00,19.64,19.72,19.31,19.36,12.902920195511776,1058925,13.14285052972584,12.869596537982046,13.089532677678273,1058925,0.0,1.0
2017-05-02 00:00:00,19.38,19.43,18.59,18.65,12.4297242585896,2483163,12.9495733160534,12.389735869553924,12.91624965852367,2483163,0.0,1.0
2017-05-03 00:00:00,18.85,18.93,18.49,18.79,12.523030499672846,2321960,12.616336740756092,12.32308855449446,12.563018888708523,2321960,0.0,1.0
2017-05-04 00:00:00,18.86,19.02,18.68,18.96,12.636330935273932,1395921,12.676319324309608,12.44971845310744,12.56968362021447,1395921,0.0,1.0
2017-05-05 00:00:00,19.01,19.09,18.77,18.8,12.529695231178794,1100473,12.722972444851232,12.509701036660957,12.669654592803663,1100473,0.0,1.0
2017-05-08 00:00:00,18.8,18.94,18.72,18.91,12.6030072777442,1120423,12.62300147226204,12.476377379131224,12.529695231178794,1120423,0.0,1.0
2017-05-09 00:00:00,18.92,19.1199,18.84,19.0,12.662989861297715,1084770,12.742899992054012,12.556354157202575,12.609672009250149,1084770,0.0,1.0
2017-05-10 00:00:00,19.03,19.3,18.917,19.27,12.842937611958265,874563,12.862931806476102,12.607672589798364,12.682984055815556,874563,0.0,1.0
2017-05-11 00:00:00,19.24,19.51,19.11,19.45,12.962902779065294,1069660,13.002891168100971,12.736301907863124,12.822943417440424,1069660,0.0,1.0
2017-05-12 00:00:00,19.43,19.48,19.23,19.35,12.896255464005831,1092798,12.982896973583133,12.81627868593448,12.9495733160534,1092798,0.0,1.0
2017-05-15 00:00:00,19.37,19.72,19.29,19.63,13.082867946172325,1219970,13.14285052972584,12.856267074970155,12.909584927017724,1219970,0.0,1.0
2017-05-16 00:00:00,19.69,19.74,19.495,19.62,13.07620321466638,1756173,13.156179992737732,12.992894070842052,13.122856335208002,1756173,0.0,1.0
2017-05-17 00:00:00,19.51,19.71,19.32,19.4,12.929579121535562,2148030,13.136185798219897,12.876261269487994,13.002891168100971,2148030,0.0,1.0
2017-05-18 00:00:00,19.38,19.622,18.33,18.33,12.216452850399325,3716976,13.077536160967568,12.216452850399325,12.91624965852367,3716976,0.0,1.0
2017-05-19 00:00:00,18.05,18.585,17.78,18.51,12.336418017506356,1912469,12.38640350380095,11.849892617572284,12.029840368232833,1912469,0.0,1.0
2017-05-22 00:00:00,18.46,18.8,18.38,18.64,12.423059527083655,1254509,12.529695231178794,12.249776507929054,12.303094359976624,1254509,0.0,1.0
2017-05-23 00:00:00,18.69,18.76,18.53,18.56,12.369741675036083,1090266,12.50303630515501,12.349747480518248,12.456383184613388,1090266,0.0,1.0
2017-05-24 00:00:00,18.6,18.74,18.55,18.64,12.423059527083655,1505107,12.489706842143114,12.36307694353014,12.39640060105987,1505107,0.0,1.0
2017-05-25 00:00:00,18.74,18.79,18.49,18.49,12.32308855449446,1097019,12.523030499672846,12.32308855449446,12.489706842143114,1097019,0.0,1.0
2017-05-26 00:00:00,18.49,18.57,18.34,18.56,12.369741675036083,1625249,12.376406406542031,12.223117581905267,12.32308855449446,1625249,0.0,1.0
2017-05-30 00:00:00,18.49,18.56,18.39,18.53,12.349747480518248,1080666,12.369741675036083,12.256441239435,12.32308855449446,1080666,0.0,1.0
2017-05-31 00:00:00,18.54,18.62,18.4,18.48,12.316423822988517,1438569,12.409730064071764,12.263105970940943,12.356412212024193,1438569,0.0,1.0
2017-06-01 00:00:00,18.45,18.87,18.43,18.87,12.576348351720418,879686,12.576348351720418,12.283100165458784,12.296429628470676,879686,0.0,1.0
2017-06-02 00:00:00,18.89,18.99,18.69,18.7,12.463047916119333,1014183,12.65632512979177,12.456383184613388,12.589677814732308,1014183,0.0,1.0
2017-06-05 00:00:00,18.53,18.76,18.52,18.68,12.44971845310744,831477,12.50303630515501,12.3430827490123,12.349747480518248,831477,0.0,1.0
2017-06-06 00:00:00,18.65,18.84,18.52,18.52,12.3430827490123,1040534,12.556354157202575,12.3430827490123,12.4297242585896,1040534,0.0,1.0
2017-06-07 00:00:00,18.39,18.48,18.08,18.46,12.416394795577707,1518490,12.429847010957532,12.160802703361048,12.369312041748325,1518490,0.17,1.0
2017-06-08 00:00:00,18.46,18.525,18.24,18.24,12.268420426399642,632544,12.460114495562136,12.268420426399642,12.416394795577707,632544,0.0,1.0
2017-06-09 00:00:00,18.25,18.44,18.09,18.28,12.295324857159292,901244,12.402942580197886,12.16752881105096,12.275146534089554,901244,0.0,1.0
2017-06-12 00:00:00,18.3,18.5,18.23,18.29,12.302050964849204,877327,12.443299226337356,12.261694318709733,12.308777072539115,877327,0.0,1.0
2017-06-13 00:00:00,18.32,18.5,18.23,18.42,12.38949036481806,791404,12.443299226337356,12.261694318709733,12.32222928791894,791404,0.0,1.0
2017-06-14 00:00:00,18.5,18.54,18.33,18.39,12.369312041748325,844099,12.470203657097004,12.32895539560885,12.443299226337356,844099,0.0,1.0
2017-06-15 00:00:00,18.35,18.39,18.17,18.32,12.32222928791894,1050750,12.369312041748325,12.22133767257026,12.342407610988676,1050750,0.0,1.0
2017-06-16 00:00:00,18.21,18.21,17.3211,17.67,11.885032288074656,4012526,12.248242103329906,11.650358390773622,12.248242103329906,4012526,0.0,1.0
2017-06-19 00:00:00,17.79,17.84,17.57,17.83,11.992650011113245,1152316,11.99937611880316,11.817771211175533,11.965745580353598,1152316,0.0,1.0
2017-06-20 00:00:00,17.88,18.0,17.315,17.33,11.656344626617642,1379030,12.106993841841753,11.646255465082776,12.026280549562806,1379030,0.0,1.0
2017-06-21 00:00:00,17.35,17.64,17.25,17.37,11.683249057377292,2206433,11.864853965004915,11.602535765098343,11.669796841997467,2206433,0.0,1.0
2017-06-22 00:00:00,17.38,17.4565,17.12,17.35,11.669796841997467,1402331,11.741429888895029,11.515096365129487,11.689975165067205,1402331,0.0,1.0
2017-06-23 00:00:00,17.35,17.56,17.28,17.54,11.797592888105797,2665358,11.81104510348562,11.622714088168085,11.669796841997467,2665358,0.0,1.0
2017-06-26 00:00:00,17.58,17.81,17.505,17.71,11.911936718834305,972439,11.97919779573342,11.774051511191104,11.824497318865443,972439,0.0,1.0
2017-06-27 00:00:00,17.64,17.78,17.57,17.61,11.84467564193518,1105537,11.959019472663687,11.817771211175533,11.864853965004915,1105537,0.0,1.0
2017-06-28 00:00:00,17.75,17.91,17.69,17.79,11.965745580353598,922823,12.046458872632543,11.898484503454478,11.93884114959395,922823,0.0,1.0
2017-06-29 00:00:00,17.79,17.79,17.265,17.38,11.689975165067205,754125,11.965745580353598,11.612624926633217,11.965745580353598,754125,0.0,1.0
2017-06-30 00:00:00,17.44,17.54,17.3,17.31,11.642892411237815,1105260,11.797592888105797,11.636166303547906,11.730331811206677,1105260,0.0,1.0
2017-07-03 00:00:00,17.37,17.52,17.21,17.25,11.602535765098343,577134,11.784140672725972,11.5756313343387,11.683249057377292,577134,0.0,1.0
2017-07-05 00:00:00,17.22,17.37,16.96,17.0,11.434383072850544,1284778,11.683249057377292,11.407478642090895,11.58235744202861,1284778,0.0,1.0
2017-07-06 00:00:00,16.93,17.28,16.88,17.06,11.474739718990016,2311543,11.622714088168085,11.353669780571598,11.38730031902116,2311543,0.0,1.0
2017-07-07 00:00:00,17.13,17.31,17.05,17.31,11.642892411237815,1079548,11.642892411237815,11.468013611300105,11.5218224728194,1079548,0.0,1.0
2017-07-10 00:00:00,17.31,17.315,17.03,17.1,11.501644149749666,1294638,11.646255465082776,11.45456139592028,11.642892411237815,1294638,0.0,1.0
2017-07-11 00:00:00,17.09,17.2,16.9,17.03,11.45456139592028,1085363,11.568905226648784,11.367121995951422,11.494918042059751,1085363,0.0,1.0
2017-07-12 00:00:00,17.25,17.29,17.11,17.17,11.54872690357905,1278303,11.629440195857994,11.508370257439577,11.602535765098343,1278303,0.0,1.0
2017-07-13 00:00:00,17.19,17.37,17.12,17.33,11.656344626617642,1073944,11.683249057377292,11.515096365129487,11.562179118958872,1073944,0.0,1.0
2017-07-14 00:00:00,17.37,17.58,17.3206,17.55,11.80431899579571,1075715,11.824497318865443,11.650022085389123,11.683249057377292,1075715,0.0,1.0
2017-07-17 00:00:00,17.56,17.69,17.51,17.62,11.851401749625094,845230,11.898484503454478,11.77741456503606,11.81104510348562,845230,0.0,1.0
2017-07-18 00:00:00,17.62,17.635,17.46,17.49,11.763962349656236,948239,11.861490911159962,11.7437840265865,11.851401749625094,948239,0.0,1.0
2017-07-19 00:00:00,17.5,17.76,17.45,17.76,11.945567257283864,899844,11.945567257283864,11.737057918896587,11.770688457346148,899844,0.0,1.0
2017-07-20 00:00:00,17.84,17.95,17.805,17.9,12.039732764942633,885655,12.073363303392192,11.975834741888466,11.99937611880316,885655,0.0,1.0
2017-07-21 00:00:00,17.91,17.91,17.61,17.8,11.97247168804351,586232,12.046458872632543,11.84467564193518,12.046458872632543,586232,0.0,1.0
2017-07-24 00:00:00,17.8,17.875,17.66,17.72,11.918662826524214,803555,12.02291749571785,11.878306180384742,11.97247168804351,803555,0.0,1.0
2017-07-25 00:00:00,17.81,18.06,17.74,18.05,12.140624380291314,1397496,12.147350487981225,11.932115041904035,11.97919779573342,1397496,0.0,1.0
2017-07-26 00:00:00,18.05,18.05,17.73,17.74,11.932115041904035,988183,12.140624380291314,11.925388934214126,12.140624380291314,988183,0.0,1.0
2017-07-27 00:00:00,17.82,17.96,17.78,17.96,12.080089411082104,942090,12.080089411082104,11.959019472663687,11.985923903423336,942090,0.0,1.0
2017-07-28 00:00:00,17.73,17.77,17.3,17.4,11.703427380447026,1397397,11.952293364973777,11.636166303547906,11.925388934214126,1397397,0.0,1.0
2017-07-31 00:00:00,17.35,17.67,17.35,17.59,11.831223426555356,1125899,11.885032288074656,11.669796841997467,11.669796841997467,1125899,0.0,1.0
2017-08-01 00:00:00,17.62,17.69,17.34,17.48,11.757236241966323,1101244,11.898484503454478,11.663070734307556,11.851401749625094,1101244,0.0,1.0
2017-08-02 00:00:00,17.47,17.65,17.355,17.63,11.858127857315004,878105,11.871580072694828,11.673159895842424,11.75051013427641,878105,0.0,1.0
2017-08-03 00:00:00,17.63,17.81,17.54,17.66,11.878306180384742,1175264,11.97919779573342,11.797592888105797,11.858127857315004,1175264,0.0,1.0
2017-08-04 00:00:00,17.69,17.895,17.58,17.71,11.911936718834305,955125,12.036369711097676,11.824497318865443,11.898484503454478,955125,0.0,1.0
2017-08-07 00:00:00,17.69,17.925,17.66,17.79,11.965745580353598,1516019,12.056548034167411,11.878306180384742,11.898484503454478,1516019,0.0,1.0
2017-08-08 00:00:00,17.73,17.73,17.36,17.4,11.703427380447026,1961262,11.925388934214126,11.676522949687378,11.925388934214126,1961262,0.0,1.0
2017-08-09 00:00:00,17.36,17.785,17.3,17.53,11.790866780415884,2316704,11.962382526508645,11.636166303547906,11.676522949687378,2316704,0.0,1.0
2017-08-10 00:00:00,17.0,17.94,16.8,17.4,11.703427380447026,3006640,12.06663719570228,11.299860919052303,11.434383072850544,3006640,0.0,1.0
2017-08-11 00:00:00,16.97,18.085,16.95,17.68,11.891758395764564,1965711,12.164165757206003,11.400752534400985,11.414204749780806,1965711,0.0,1.0
2017-08-14 00:00:00,17.72,18.08,17.65,18.01,12.113719949531664,1361111,12.160802703361048,11.871580072694828,11.918662826524214,1361111,0.0,1.0
2017-08-15 00:00:00,18.03,18.03,17.8,17.8,11.97247168804351,1171766,12.127172164911489,11.97247168804351,12.127172164911489,1171766,0.0,1.0
2017-08-16 00:00:00,17.91,18.4,17.85,17.85,12.006102226493072,1504520,12.376038149438235,12.006102226493072,12.046458872632543,1504520,0.0,1.0
2017-08-17 00:00:00,17.74,17.99,17.68,17.71,11.911936718834305,1085476,12.10026773415184,11.891758395764564,11.932115041904035,1085476,0.0,1.0
2017-08-18 00:00:00,17.75,17.93,17.499,17.87,12.019554441872897,1117315,12.059911088012369,11.770015846577156,11.93884114959395,1117315,0.0,1.0
2017-08-21 00:00:00,17.87,17.99,17.85,17.92,12.053184980322456,790897,12.10026773415184,12.006102226493072,12.019554441872897,790897,0.0,1.0
2017-08-22 00:00:00,17.92,18.21,17.87,18.16,12.214611564880348,1101621,12.248242103329906,12.019554441872897,12.053184980322456,1101621,0.0,1.0
2017-08-23 00:00:00,18.05,18.18,17.96,17.98,12.093541626461928,946660,12.22806378026017,12.080089411082104,12.140624380291314,946660,0.0,1.0
2017-08-24 00:00:00,17.92,17.98,17.35,17.4,11.703427380447026,1592548,12.093541626461928,11.669796841997467,12.053184980322456,1592548,0.0,1.0
2017-08-25 00:00:00,17.47,17.8,17.35,17.72,11.918662826524214,1259274,11.97247168804351,11.669796841997467,11.75051013427641,1259274,0.0,1.0
2017-08-28 00:00:00,17.76,17.78,17.35,17.44,11.730331811206677,1097448,11.959019472663687,11.669796841997467,11.945567257283864,1097448,0.0,1.0
2017-08-29 00:00:00,17.41,17.59,17.355,17.52,11.784140672725972,997786,11.831223426555356,11.673159895842424,11.71015348813694,997786,0.0,1.0
2017-08-30 00:00:00,17.39,17.5,17.21,17.46,11.858127857315008,1009242,11.8852942441588,11.688337939541311,11.810586680338371,1009242,0.17,1.0
2017-08-31 00:00:00,17.45,17.5,17.25,17.37,11.797003486916475,1940433,11.8852942441588,11.7155043263851,11.85133626060406,1940433,0.0,1.0
2017-09-01 00:00:00,17.45,17.5,17.31,17.47,11.864919454025957,1849659,11.8852942441588,11.75625390665079,11.85133626060406,1849659,0.0,1.0
2017-09-05 00:00:00,17.44,17.68,17.34,17.38,11.803795083627424,1373188,12.007542984955862,11.776628696783632,11.844544663893112,1373188,0.0,1.0
2017-09-06 00:00:00,17.4,17.56,17.34,17.46,11.858127857315008,1109496,11.926043824424486,11.776628696783632,11.81737827704932,1109496,0.0,1.0
2017-09-07 00:00:00,17.52,17.8,17.41,17.52,11.898877437580694,2021550,12.089042145487236,11.824169873760267,11.898877437580694,2021550,0.0,1.0
2017-09-08 00:00:00,17.5,17.86,17.41,17.74,12.048292565221548,1429288,12.129791725752924,11.824169873760267,11.8852942441588,1429288,0.0,1.0
2017-09-11 00:00:00,17.83,18.2,17.83,18.12,12.30637324023757,1936913,12.360706013925151,12.10941693562008,12.10941693562008,1936913,0.0,1.0
2017-09-12 00:00:00,18.11,18.22,17.97,18.05,12.258832063260934,1131343,12.374289207347044,12.204499289573349,12.29958164352662,1131343,0.0,1.0
2017-09-13 00:00:00,18.06,18.23,18.035,18.08,12.279206853393775,1249344,12.381080804057994,12.248644668194512,12.26562365997188,1249344,0.0,1.0
2017-09-14 00:00:00,18.12,18.235,18.0,18.22,12.374289207347044,1070062,12.384476602413468,12.224874079706192,12.30637324023757,1070062,0.0,1.0
2017-09-15 00:00:00,18.28,18.37,18.155,18.31,12.435413577745576,1748551,12.476163158011266,12.330143828725886,12.415038787612737,1748551,0.0,1.0
2017-09-18 00:00:00,18.33,18.45,18.2701,18.38,12.482954754722211,865304,12.530495931698848,12.408315106868896,12.448996771167472,865304,0.0,1.0
2017-09-19 00:00:00,18.38,18.56,18.27,18.3,12.428621981034633,988253,12.605203495519277,12.408247190901786,12.482954754722211,988253,0.0,1.0
2017-09-20 00:00:00,18.26,18.35,17.88,18.31,12.435413577745576,1097330,12.46257996458937,12.143374919174818,12.40145559419084,1097330,0.0,1.0
2017-09-21 00:00:00,18.36,18.37,18.11,18.16,12.33353962708136,691053,12.476163158011266,12.29958164352662,12.469371561300315,691053,0.0,1.0
2017-09-22 00:00:00,18.13,18.25,18.03,18.13,12.313164836948514,984782,12.39466399747989,12.245248869839038,12.313164836948514,984782,0.0,1.0
2017-09-25 00:00:00,18.19,18.37,18.09,18.36,12.469371561300315,985407,12.476163158011266,12.285998450104724,12.353914417214204,985407,0.0,1.0
2017-09-26 00:00:00,18.42,18.75,18.32,18.75,12.734243833027286,1691170,12.734243833027286,12.442205174456523,12.510121141566003,1691170,0.0,1.0
2017-09-27 00:00:00,18.79,18.83,17.97,18.24,12.38787240076894,2815026,12.788576606714868,12.204499289573349,12.761410219871076,2815026,0.0,1.0
2017-09-28 00:00:00,18.46,18.8101,18.25,18.75,12.734243833027286,1819364,12.77506132926008,12.39466399747989,12.537287528409797,1819364,0.0,1.0
2017-09-29 00:00:00,18.83,18.88,18.65,18.81,12.774993413292972,1447060,12.822534590269608,12.666327865917806,12.788576606714868,1447060,0.0,1.0
2017-10-02 00:00:00,18.81,18.93,18.65,18.71,12.707077446183494,1684084,12.856492573824347,12.666327865917806,12.774993413292972,1684084,0.0,1.0
2017-10-03 00:00:00,18.73,18.735,18.53,18.67,12.679911059339704,1195866,12.724056437960863,12.584828705386432,12.72066063960539,1195866,0.0,1.0
2017-10-04 00:00:00,18.65,18.91,18.54,18.83,12.788576606714868,1061845,12.842909380402451,12.59162030209738,12.666327865917806,1061845,0.0,1.0
2017-10-05 00:00:00,18.85,18.9,18.7,18.7,12.700285849472545,733924,12.836117783691504,12.700285849472545,12.802159800136764,733924,0.0,1.0
2017-10-06 00:00:00,18.71,18.77,18.63,18.75,12.734243833027286,742108,12.74782702644918,12.65274467249591,12.707077446183494,742108,0.0,1.0
2017-10-09 00:00:00,18.75,18.79,18.55,18.7,12.700285849472545,764157,12.761410219871076,12.598411898808328,12.734243833027286,764157,0.0,1.0
2017-10-10 00:00:00,18.75,18.83,18.58,18.8,12.768201816582025,921040,12.788576606714868,12.618786688941167,12.734243833027286,921040,0.0,1.0
2017-10-11 00:00:00,18.8,18.84,18.69,18.75,12.734243833027286,1129301,12.795368203425816,12.693494252761598,12.768201816582025,1129301,0.0,1.0
2017-10-12 00:00:00,18.71,18.81,18.6,18.73,12.72066063960539,1120740,12.774993413292972,12.632369882363069,12.707077446183494,1120740,0.0,1.0
2017-10-13 00:00:00,18.79,18.97,18.66,18.95,12.870075767246242,881288,12.883658960668138,12.673119462628756,12.761410219871076,881288,0.0,1.0
2017-10-16 00:00:00,18.95,18.965,18.77,18.95,12.870075767246242,639435,12.880263162312664,12.74782702644918,12.870075767246242,639435,0.0,1.0
2017-10-17 00:00:00,18.93,19.09,18.74,18.82,12.78178501000392,1568235,12.965158121199511,12.727452236316337,12.856492573824347,1568235,0.0,1.0
2017-10-18 00:00:00,18.84,18.92,18.605,18.75,12.734243833027286,823493,12.8497009771134,12.63576568071854,12.795368203425816,823493,0.0,1.0
2017-10-19 00:00:00,18.72,18.735,18.6001,18.68,12.686702656050649,425416,12.724056437960863,12.632437798330177,12.71386904289444,425416,0.0,1.0
2017-10-20 00:00:00,18.73,18.76,18.6,18.7,12.700285849472545,594213,12.741035429738234,12.632369882363069,12.72066063960539,594213,0.0,1.0
2017-10-23 00:00:00,18.68,18.74,18.5,18.56,12.605203495519277,491979,12.727452236316337,12.564453915253589,12.686702656050649,491979,0.0,1.0
2017-10-24 00:00:00,18.63,18.66,18.405,18.55,12.598411898808328,485072,12.673119462628756,12.499933746499584,12.65274467249591,485072,0.0,1.0
2017-10-25 00:00:00,18.58,18.7,18.3,18.67,12.679911059339704,469887,12.700285849472545,12.428621981034633,12.618786688941167,469887,0.0,1.0
2017-10-26 00:00:00,18.71,18.835,18.6589,18.76,12.741035429738234,503497,12.791972405070345,12.67237238699055,12.707077446183494,503497,0.0,1.0
2017-10-27 00:00:00,18.69,18.97,18.63,18.97,12.883658960668138,641710,12.883658960668138,12.65274467249591,12.693494252761598,641710,0.0,1.0
2017-10-30 00:00:00,18.92,18.98,18.66,18.67,12.679911059339704,738751,12.890450557379086,12.673119462628756,12.8497009771134,738751,0.0,1.0
2017-10-31 00:00:00,18.81,19.05,18.81,19.03,12.924408540933827,705740,12.93799173435572,12.774993413292972,12.774993413292972,705740,0.0,1.0
2017-11-01 00:00:00,19.1,19.14,18.955,19.01,12.910825347511931,575836,12.999116104754252,12.873471565601715,12.971949717910462,575836,0.0,1.0
2017-11-02 00:00:00,18.89,19.005,18.73,18.73,12.72066063960539,1017547,12.907429549156456,12.72066063960539,12.829326186980555,1017547,0.0,1.0
2017-11-03 00:00:00,18.75,18.75,18.32,18.34,12.45578836787842,1235406,12.734243833027286,12.442205174456523,12.734243833027286,1235406,0.0,1.0
2017-11-06 00:00:00,18.25,18.29,17.825,17.99,12.218082482995245,1270422,12.421830384323682,12.106021137264603,12.39466399747989,1270422,0.0,1.0
2017-11-07 00:00:00,17.89,18.15,17.79,17.9,12.156958112596714,1638103,12.32674803037041,12.082250548776289,12.150166515885768,1638103,0.0,1.0
2017-11-08 00:00:00,18.01,18.1,17.76,18.02,12.23845727312809,2002542,12.292790046815671,12.061875758643446,12.231665676417142,2002542,0.0,1.0
2017-11-09 00:00:00,18.2,18.84,17.71,18.36,12.469371561300315,3311128,12.795368203425816,12.027917775088705,12.360706013925151,3311128,0.0,1.0
2017-11-10 00:00:00,18.43,18.73,18.4,18.7,12.700285849472545,1386845,12.72066063960539,12.496537948144107,12.516912738276952,1386845,0.0,1.0
2017-11-13 00:00:00,18.72,19.19,18.64,18.9,12.836117783691504,2001976,13.033074088308991,12.65953626920686,12.71386904289444,2001976,0.0,1.0
2017-11-14 00:00:00,18.9,19.67,18.87,19.57,13.291154763325013,2036515,13.35907073043449,12.81574299355866,12.836117783691504,2036515,0.0,1.0
2017-11-15 00:00:00,19.51,19.84,19.27,19.55,13.277571569903117,3121986,13.474527874520604,13.087406861996577,13.250405183059325,3121986,0.0,1.0
2017-11-16 00:00:00,19.66,20.2853,19.66,20.16,13.691858969270935,3421186,13.776957676059114,13.352279133723542,13.352279133723542,3421186,0.0,1.0
2017-11-17 00:00:00,20.02,20.12,19.7,19.78,13.433778294254918,2055856,13.664692582427143,13.379445520567334,13.596776615317664,2055856,0.0,1.0
2017-11-20 00:00:00,19.74,19.89,19.65,19.7,13.379445520567334,1252755,13.508485858075344,13.345487537012591,13.406611907411124,1252755,0.0,1.0
2017-11-21 00:00:00,19.7,19.72,19.3,19.33,13.12815644226226,1269360,13.39302871398923,13.10778165212942,13.379445520567334,1269360,0.0,1.0
2017-11-22 00:00:00,19.32,19.45,19.24,19.39,13.168906022527947,617619,13.209655602793635,13.06703207186373,13.121364845551314,617619,0.0,1.0
2017-11-24 00:00:00,19.44,19.48,19.35,19.39,13.168906022527947,293840,13.23003039292648,13.14173963568416,13.20286400608269,293840,0.0,1.0
2017-11-27 00:00:00,19.38,19.485,19.36,19.41,13.182489215949843,605666,13.233426191281954,13.148531232395106,13.162114425817,605666,0.0,1.0
2017-11-28 00:00:00,19.45,19.645,19.26,19.6,13.311529553457856,1328010,13.34209173865712,13.080615265285628,13.209655602793635,1328010,0.0,1.0
2017-11-29 00:00:00,19.55,20.42,19.43,20.03,13.603568212028614,1774367,13.868440483755585,13.19607240937174,13.277571569903117,1774367,0.0,1.0
2017-11-30 00:00:00,19.96,20.14,19.8,19.98,13.685067372559992,1485804,13.79465750166958,13.561778477311703,13.671368606421291,1485804,0.17,1.0
2017-12-01 00:00:00,19.97,20.09,19.78,20.07,13.746711820184135,1277186,13.760410586322834,13.548079711173004,13.67821798949064,1277186,0.0,1.0
2017-12-04 00:00:00,20.1,20.35,20.02,20.11,13.774109352461531,1275828,13.938494546125918,13.712464904837388,13.767259969392184,1275828,0.0,1.0
2017-12-05 00:00:00,20.17,20.18,19.92,19.98,13.685067372559992,1493578,13.822055033946976,13.643971074143897,13.81520565087763,1493578,0.0,1.0
2017-12-06 00:00:00,20.0,20.365,19.97,20.34,13.931645163056569,1056725,13.94876862072994,13.67821798949064,13.698766138698687,1056725,0.0,1.0
2017-12-07 00:00:00,20.23,20.38,20.175,20.2,13.835753800085676,861281,13.959042695333965,13.818630342412304,13.856301949293725,861281,0.0,1.0
2017-12-08 00:00:00,20.24,20.29,20.0,20.26,13.876850098501771,1034490,13.89739824770982,13.698766138698687,13.863151332363072,1034490,0.0,1.0
2017-12-11 00:00:00,20.17,20.22,19.84,20.18,13.822055033946976,2111863,13.849452566224375,13.5891760095891,13.81520565087763,2111863,0.0,1.0
2017-12-12 00:00:00,20.19,20.19,19.72,19.72,13.506983412756908,993977,13.828904417016329,13.506983412756908,13.828904417016329,993977,0.0,1.0
2017-12-13 00:00:00,19.76,19.82,19.65,19.68,13.47958588047951,1212597,13.575477243450402,13.459037731271462,13.534380945034307,1212597,0.0,1.0
2017-12-14 00:00:00,19.68,19.9,19.52,19.79,13.554929094242352,1529376,13.630272308005196,13.36999575136992,13.47958588047951,1529376,0.0,1.0
2017-12-15 00:00:00,19.79,19.91,19.29,19.61,13.431640198994064,3189777,13.637121691074546,13.212459940774886,13.554929094242352,3189777,0.0,1.0
2017-12-18 00:00:00,19.75,20.12,19.72,19.79,13.554929094242352,1546938,13.780958735530882,13.506983412756908,13.527531561964956,1546938,0.0,1.0
2017-12-19 00:00:00,19.76,19.83,19.55,19.55,13.39054390057797,903972,13.58232662651975,13.39054390057797,13.534380945034307,903972,0.0,1.0
2017-12-20 00:00:00,19.68,19.68,19.44,19.58,13.411092049786015,712887,13.47958588047951,13.315200686815126,13.47958588047951,712887,0.0,1.0
2017-12-21 00:00:00,19.59,19.7,19.52,19.54,13.38369451750862,524537,13.493284646618209,13.36999575136992,13.417941432855368,524537,0.0,1.0
2017-12-22 00:00:00,19.58,19.71,19.52,19.66,13.465887114340813,531732,13.50013402968756,13.36999575136992,13.411092049786015,531732,0.0,1.0
2017-12-26 00:00:00,19.59,19.8,19.42,19.43,13.308351303745775,506671,13.561778477311703,13.30150192067643,13.417941432855368,506671,0.0,1.0
2017-12-27 00:00:00,19.43,19.53,19.32,19.35,13.253556239190983,628597,13.376845134439272,13.233008089982937,13.308351303745775,628597,0.0,1.0
2017-12-28 00:00:00,19.37,19.45,19.19,19.43,13.308351303745775,588779,13.322050069884476,13.143966110081394,13.267255005329682,588779,0.0,1.0
2017-12-29 00:00:00,19.48,19.58,19.3,19.31,13.226158706913584,931408,13.411092049786015,13.219309323844236,13.342598219092524,931408,0.0,1.0
2018-01-02 00:00:00,19.35,19.4,19.08,19.32,13.233008089982937,1048706,13.287803154537729,13.06862289631855,13.253556239190983,1048706,0.0,1.0
2018-01-03 00:00:00,19.34,19.39,18.99,19.01,13.020677214833103,951881,13.28095377146838,13.006978448694404,13.246706856121634,951881,0.0,1.0
2018-01-04 00:00:00,19.07,19.14,18.93,18.99,13.006978448694404,1210839,13.109719194734646,12.96588215027831,13.0617735132492,1210839,0.0,1.0
2018-01-05 00:00:00,19.0,19.05,18.9,19.02,13.027526597902453,795149,13.048074747110505,12.94533400107026,13.013827831763756,795149,0.0,1.0
2018-01-08 00:00:00,18.97,19.21,18.97,19.1,13.08232166245725,1168706,13.157664876220093,12.993279682555706,12.993279682555706,1168706,0.0,1.0
2018-01-09 00:00:00,19.1,19.29,19.04,19.28,13.205610557705535,1909394,13.212459940774886,13.041225364041152,13.08232166245725,1909394,0.0,1.0
2018-01-10 00:00:00,19.2,19.21,18.55,18.65,12.774099424336526,1993474,13.157664876220093,12.705605593643035,13.15081549315074,1993474,0.0,1.0
2018-01-11 00:00:00,18.69,18.71,18.46,18.49,12.664509295226935,1048852,12.815195722752623,12.64396114601889,12.801496956613926,1048852,0.0,1.0
2018-01-12 00:00:00,18.43,18.71,18.15,18.69,12.801496956613926,1383513,12.815195722752623,12.43163027086906,12.623412996810842,1383513,0.0,1.0
2018-01-16 00:00:00,18.87,19.0,18.69,18.81,12.883689553446116,1652459,13.013827831763756,12.801496956613926,12.924785851862216,1652459,0.0,1.0
2018-01-17 00:00:00,18.9,19.24,18.9,19.22,13.16451425928944,978794,13.17821302542814,12.94533400107026,12.94533400107026,978794,0.0,1.0
2018-01-18 00:00:00,19.13,19.21,18.91,19.13,13.102869811665297,928648,13.157664876220093,12.95218338413961,13.102869811665297,928648,0.0,1.0
2018-01-19 00:00:00,19.14,19.36,19.07,19.34,13.246706856121634,891185,13.26040562226033,13.0617735132492,13.109719194734646,891185,0.0,1.0
2018-01-22 00:00:00,19.39,19.51,19.23,19.5,13.356296985231223,862783,13.363146368300573,13.17136364235879,13.28095377146838,862783,0.0,1.0
2018-01-23 00:00:00,19.38,19.55,19.26,19.49,13.349447602161872,814598,13.39054390057797,13.19191179156684,13.27410438839903,814598,0.0,1.0
2018-01-24 00:00:00,19.57,19.57,19.35,19.4,13.287803154537729,654935,13.404242666716668,13.253556239190983,13.404242666716668,654935,0.0,1.0
2018-01-25 00:00:00,19.45,19.5,19.09,19.27,13.198761174636187,943385,13.356296985231223,13.0754722793879,13.322050069884476,943385,0.0,1.0
2018-01-26 00:00:00,19.29,19.29,18.94,19.17,13.130267343942696,770126,13.212459940774886,12.97273153334766,13.212459940774886,770126,0.0,1.0
2018-01-29 00:00:00,19.18,19.58,19.17,19.5,13.356296985231223,1320760,13.411092049786015,13.130267343942696,13.137116727012042,1320760,0.0,1.0
2018-01-30 00:00:00,19.42,19.75,19.42,19.62,13.438489582063417,1744284,13.527531561964956,13.30150192067643,13.30150192067643,1744284,0.0,1.0
2018-01-31 00:00:00,19.68,19.72,19.41,19.61,13.431640198994064,1628473,13.506983412756908,13.294652537607078,13.47958588047951,1628473,0.0,1.0
2018-02-01 00:00:00,19.59,19.65,19.45,19.59,13.417941432855368,978833,13.459037731271462,13.322050069884476,13.417941432855368,978833,0.0,1.0
2018-02-02 00:00:00,19.55,19.55,19.17,19.17,13.130267343942696,1492158,13.39054390057797,13.130267343942696,13.39054390057797,1492158,0.0,1.0
2018-02-05 00:00:00,19.07,19.12,18.59,18.59,12.733003125920431,1546283,13.096020428595947,12.733003125920431,13.0617735132492,1546283,0.0,1.0
2018-02-06 00:00:00,18.35,19.0,18.2,18.9,12.94533400107026,1824277,13.013827831763756,12.465877186215808,12.568617932256048,1824277,0.0,1.0
2018-02-07 00:00:00,18.9,19.15,18.81,18.95,12.979580916417008,1126327,13.116568577803994,12.883689553446116,12.94533400107026,1126327,0.0,1.0
2018-02-08 00:00:00,19.19,20.36,19.18,19.96,13.671368606421291,3321246,13.945343929195266,13.137116727012042,13.143966110081394,3321246,0.0,1.0
2018-02-09 00:00:00,20.25,20.48,20.02,20.37,13.952193312264615,3088947,14.02753652602746,13.712464904837388,13.870000715432424,3088947,0.0,1.0
2018-02-12 00:00:00,20.47,20.47,19.98,20.4,13.972741461472662,1760189,14.020687142958108,13.685067372559992,14.020687142958108,1760189,0.0,1.0
2018-02-13 00:00:00,20.38,20.79,20.27,20.67,14.157674804345096,1514763,14.239867401177287,13.883699481571124,13.959042695333965,1514763,0.0,1.0
2018-02-14 00:00:00,20.65,20.98,20.52,20.86,14.287813082662732,1827182,14.370005679494923,14.054934058304855,14.143976038206397,1827182,0.0,1.0
2018-02-15 00:00:00,20.88,20.96,20.62,20.91,14.32205999800948,1067321,14.356306913356228,14.12342788899835,14.30151184880143,1067321,0.0,1.0
2018-02-16 00:00:00,20.82,21.46,20.72,21.35,14.623432853060851,1510065,14.698776066823696,14.19192171969184,14.260415550385336,1510065,0.0,1.0
2018-02-20 00:00:00,21.36,21.43,20.86,21.01,14.390553828702975,1417948,14.678227917615644,14.287813082662732,14.6302822361302,1417948,0.0,1.0
2018-02-21 00:00:00,20.96,21.26,20.72,20.72,14.19192171969184,1386655,14.561788405436708,14.19192171969184,14.356306913356228,1386655,0.0,1.0
2018-02-22 00:00:00,20.73,21.08,20.65,20.81,14.253566167315986,1873324,14.438499510188418,14.143976038206397,14.198771102761192,1873324,0.0,1.0
2018-02-23 00:00:00,20.8,21.29,20.71,21.24,14.548089639298007,1102546,14.582336554644757,14.185072336622492,14.246716784246638,1102546,0.0,1.0
2018-02-26 00:00:00,21.23,21.38,21.15,21.21,14.52754149008996,1034582,14.643981002268898,14.486445191673864,14.54124025622866,1034582,0.0,1.0
2018-02-27 00:00:00,21.21,21.35,20.95,20.98,14.370005679494923,1252716,14.623432853060851,14.349457530286877,14.52754149008996,1252716,0.0,1.0
2018-02-28 00:00:00,21.01,21.09,20.67,20.74,14.20562048583054,967675,14.445348893257767,14.157674804345096,14.390553828702975,967675,0.0,1.0
2018-03-01 00:00:00,20.54,20.77,20.32,20.47,14.137126655137047,1187233,14.344314637381364,14.033532664014892,14.185470517660722,1187233,0.17,1.0
2018-03-02 00:00:00,20.47,20.86,20.47,20.82,14.378845967755415,1091879,14.406471032054656,14.137126655137047,14.137126655137047,1091879,0.0,1.0
2018-03-05 00:00:00,20.76,21.07,20.65,21.05,14.537690087476058,981115,14.551502619625678,14.261439444483637,14.337408371306555,981115,0.0,1.0
2018-03-06 00:00:00,21.04,21.42,20.93,21.37,14.758690601869992,1045619,14.793221932244046,14.454814894578332,14.530783821401249,1045619,0.0,1.0
2018-03-07 00:00:00,21.26,21.4,21.13,21.28,14.6965342071967,791904,14.779409400094424,14.59294021607454,14.68272167504708,791904,0.0,1.0
2018-03-08 00:00:00,21.3,21.33,21.08,21.13,14.59294021607454,1081318,14.73106553757075,14.558408885700487,14.71034673934632,1081318,0.0,1.0
2018-03-09 00:00:00,21.31,21.45,21.12,21.44,14.807034464393666,589082,14.813940730468476,14.586033949999733,14.71725300542113,589082,0.0,1.0
2018-03-12 00:00:00,21.44,21.49,20.99,21.13,14.59294021607454,1473834,14.841565794767718,14.496252491027194,14.807034464393666,1473834,0.0,1.0
2018-03-13 00:00:00,21.22,21.27,21.0,21.21,14.648190344673026,742754,14.689627941121888,14.503158757102003,14.655096610747837,742754,0.0,1.0
2018-03-14 00:00:00,21.28,21.57,21.22,21.33,14.73106553757075,1358581,14.896815923366203,14.655096610747837,14.6965342071967,1358581,0.0,1.0
2018-03-15 00:00:00,21.29,21.45,20.91,20.95,14.468627426727952,785486,14.813940730468476,14.44100236242871,14.703440473271508,785486,0.0,1.0
2018-03-16 00:00:00,20.95,21.23,20.93,21.15,14.606752748224162,2188244,14.662002876822646,14.454814894578332,14.468627426727952,2188244,0.0,1.0
2018-03-19 00:00:00,21.22,21.35,21.07,21.17,14.620565280373784,869523,14.744878069720372,14.551502619625678,14.655096610747837,869523,0.0,1.0
2018-03-20 00:00:00,21.21,21.36,21.0,21.13,14.59294021607454,709892,14.751784335795184,14.503158757102003,14.648190344673026,709892,0.0,1.0
2018-03-21 00:00:00,20.98,21.01,20.55,20.8,14.365033435605795,1343850,14.510065023176816,14.192376783735536,14.489346224952383,1343850,0.0,1.0
2018-03-22 00:00:00,20.78,20.95,20.53,20.53,14.178564251585913,760895,14.468627426727952,14.178564251585913,14.351220903456175,760895,0.0,1.0
2018-03-23 00:00:00,20.67,20.95,20.57,20.77,14.344314637381364,1088781,14.468627426727952,14.206189315885156,14.27525197663326,1088781,0.0,1.0
2018-03-26 00:00:00,20.91,21.11,20.85,21.08,14.558408885700487,974954,14.57912768392492,14.399564765979848,14.44100236242871,974954,0.0,1.0
2018-03-27 00:00:00,21.07,21.18,20.89,21.01,14.510065023176816,627060,14.627471546448591,14.42718983027909,14.551502619625678,627060,0.0,1.0
2018-03-28 00:00:00,21.15,21.54,21.11,21.4,14.779409400094424,1063132,14.87609712514177,14.57912768392492,14.606752748224162,1063132,0.0,1.0
2018-03-29 00:00:00,21.55,21.95,21.49,21.86,15.097097639535706,1394779,15.159254034209,14.841565794767718,14.88300339121658,1394779,0.0,1.0
2018-04-02 00:00:00,21.79,21.86,21.16,21.22,14.655096610747837,1304427,15.097097639535706,14.613659014298973,15.048753777012031,1304427,0.0,1.0
2018-04-03 00:00:00,21.34,21.91,21.25,21.84,15.083285107386086,1448920,15.13162896990976,14.675815408972268,14.73797180364556,1448920,0.0,1.0
2018-04-04 00:00:00,21.73,22.5,21.68,22.22,15.345723218228882,1298892,15.539098668323575,14.972784850189118,15.007316180563173,1298892,0.0,1.0
2018-04-05 00:00:00,22.3,22.39,22.09,22.27,15.380254548602936,1188987,15.463129741500662,15.255941759256348,15.400973346827367,1188987,0.0,1.0
2018-04-06 00:00:00,22.23,22.42,21.97,22.08,15.249035493181536,1048767,15.483848539725097,15.17306656635862,15.352629484303694,1048767,0.0,1.0
2018-04-09 00:00:00,22.13,22.38,21.99,22.11,15.269754291405969,756447,15.45622347542585,15.18687909850824,15.283566823555589,756447,0.0,1.0
2018-04-10 00:00:00,22.46,22.67,22.18,22.52,15.552911200473195,1835942,15.656505191595356,15.31809815392964,15.511473604024337,1835942,0.0,1.0
2018-04-11 00:00:00,22.47,22.56,22.25,22.33,15.421692145051797,1006658,15.58053626477244,15.366442016453314,15.518379870099144,1006658,0.0,1.0
2018-04-12 00:00:00,22.34,22.47,22.21,22.25,15.366442016453314,872750,15.518379870099144,15.338816952154074,15.42859841112661,872750,0.0,1.0
2018-04-13 00:00:00,22.25,22.39,22.19,22.26,15.373348282528127,712632,15.463129741500662,15.325004420004452,15.366442016453314,712632,0.0,1.0
2018-04-16 00:00:00,22.28,22.56,22.2,22.43,15.490754805799902,1677152,15.58053626477244,15.331910686079262,15.387160814677747,1677152,0.0,1.0
2018-04-17 00:00:00,22.49,22.7,22.45,22.69,15.670317723744976,653665,15.677223989819783,15.504567337949524,15.532192402248764,653665,0.0,1.0
2018-04-18 00:00:00,22.7,22.82,22.49,22.52,15.552911200473195,869327,15.760099182717513,15.532192402248764,15.677223989819783,869327,0.0,1.0
2018-04-19 00:00:00,22.39,22.41,22.19,22.34,15.42859841112661,1104731,15.476942273650282,15.325004420004452,15.463129741500662,1104731,0.0,1.0
2018-04-20 00:00:00,22.45,22.52,22.09,22.25,15.366442016453314,734470,15.552911200473195,15.255941759256348,15.504567337949524,734470,0.0,1.0
2018-04-23 00:00:00,22.29,22.38,22.19,22.35,15.43550467720142,425334,15.45622347542585,15.325004420004452,15.394067080752556,425334,0.0,1.0
2018-04-24 00:00:00,22.44,22.44,22.23,22.36,15.44241094327623,1052004,15.497661071874717,15.352629484303694,15.497661071874717,1052004,0.0,1.0
2018-04-25 00:00:00,22.29,22.54,22.24,22.41,15.476942273650282,722148,15.566723732622815,15.359535750378503,15.394067080752556,722148,0.0,1.0
2018-04-26 00:00:00,22.46,22.63,22.17,22.6,15.608161329071685,733765,15.628880127296112,15.311191887854832,15.511473604024337,733765,0.0,1.0
2018-04-27 00:00:00,22.66,22.79,22.63,22.65,15.642692659445732,736068,15.73938038449308,15.628880127296112,15.649598925520545,736068,0.0,1.0
2018-04-30 00:00:00,22.73,22.73,22.39,22.61,15.615067595146492,1923785,15.697942788044218,15.463129741500662,15.697942788044218,1923785,0.0,1.0
2018-05-01 00:00:00,22.61,22.77,22.45,22.71,15.684130255894598,965729,15.72556785234346,15.504567337949524,15.615067595146492,965729,0.0,1.0
2018-05-02 00:00:00,22.67,22.73,22.36,22.39,15.463129741500662,1718680,15.697942788044218,15.44241094327623,15.656505191595356,1718680,0.0,1.0
2018-05-03 00:00:00,22.55,22.59,22.18,22.24,15.359535750378503,1914545,15.60125506299687,15.31809815392964,15.57362999869763,1914545,0.0,1.0
2018-05-04 00:00:00,22.18,22.42,22.13,22.34,15.42859841112661,1292358,15.483848539725097,15.283566823555589,15.31809815392964,1292358,0.0,1.0
2018-05-07 00:00:00,22.35,22.59,22.22,22.51,15.546004934398388,871750,15.60125506299687,15.345723218228882,15.43550467720142,871750,0.0,1.0
2018-05-08 00:00:00,22.49,22.56,22.18,22.53,15.559817466548008,1229494,15.58053626477244,15.31809815392964,15.532192402248764,1229494,0.0,1.0
2018-05-09 00:00:00,22.53,22.59,22.28,22.29,15.394067080752556,941786,15.60125506299687,15.387160814677747,15.559817466548008,941786,0.0,1.0
2018-05-10 00:00:00,22.4,22.51,22.33,22.38,15.45622347542585,648962,15.546004934398388,15.421692145051797,15.470036007575471,648962,0.0,1.0
2018-05-11 00:00:00,22.45,22.67,22.41,22.63,15.628880127296112,746622,15.656505191595356,15.476942273650282,15.504567337949524,746622,0.0,1.0
2018-05-14 00:00:00,22.63,22.64,21.89,22.01,15.200691630657865,1789842,15.635786393370925,15.11781643776014,15.628880127296112,1789842,0.0,1.0
2018-05-15 00:00:00,21.93,21.98,21.52,21.78,15.041847510937224,2342669,15.179972832433432,14.86228459299215,15.14544150205938,2342669,0.0,1.0
2018-05-16 00:00:00,21.77,21.82,21.56,21.62,14.931347253740256,2021034,15.069472575236464,14.88990965729139,15.034941244862411,2021034,0.0,1.0
2018-05-17 00:00:00,21.2,21.34,19.43,19.56,13.508656442329295,5739709,14.73797180364556,13.41887498335676,14.641284078598217,5739709,0.0,1.0
2018-05-18 00:00:00,19.45,19.61,19.11,19.29,13.322187258309413,2465527,13.543187772703348,13.197874468962825,13.43268751550638,2465527,0.0,1.0
2018-05-21 00:00:00,19.3,19.61,19.16,19.4,13.398156185132327,1698884,13.543187772703348,13.232405799336878,13.329093524384223,1698884,0.0,1.0
2018-05-22 00:00:00,19.42,19.52,19.24,19.49,13.460312579805622,1551886,13.481031378030051,13.28765592793536,13.411968717281953,1551886,0.0,1.0
2018-05-23 00:00:00,19.49,19.86,19.47,19.82,13.688219360274369,1825789,13.71584442457361,13.446500047656,13.460312579805622,1825789,0.0,1.0
2018-05-24 00:00:00,19.81,20.12,19.68,20.08,13.86778227821944,1421302,13.895407342518684,13.59153163522702,13.681313094199558,1421302,0.0,1.0
2018-05-25 00:00:00,20.12,20.3,20.0,20.02,13.826344681770578,999188,14.019720131865272,13.812532149620957,13.895407342518684,999188,0.0,1.0
2018-05-29 00:00:00,19.92,20.04,19.85,20.01,13.81943841569577,1042293,13.840157213920198,13.7089381584988,13.757282021022474,1042293,0.0,1.0
2018-05-30 00:00:00,20.07,20.93,20.01,20.75,14.330502105231744,3389993,14.454814894578332,13.81943841569577,13.860876012144631,3389993,0.0,1.0
2018-05-31 00:00:00,20.66,20.66,20.01,20.3,14.019720131865272,2546251,14.26834571055845,13.81943841569577,14.26834571055845,2546251,0.0,1.0
2018-06-01 00:00:00,20.34,20.34,19.8,19.82,13.688219360274369,1852798,14.047345196164514,13.674406828124749,14.047345196164514,1852798,0.0,1.0
2018-06-04 00:00:00,19.83,20.14,19.73,20.09,13.874688544294251,1357151,13.909219874668304,13.626062965601074,13.695125626349178,1357151,0.0,1.0
2018-06-05 00:00:00,20.06,20.58,20.06,20.53,14.178564251585913,1552814,14.213095581959964,13.85396974606982,13.85396974606982,1552814,0.0,1.0
2018-06-06 00:00:00,20.33,20.33,19.93,20.16,14.047345196164512,1484750,14.165799991965502,13.887082825374936,14.165799991965502,1484750,0.18,1.0
2018-06-07 00:00:00,19.98,20.31,19.94,20.26,14.117024487812154,1932697,14.151864133635971,13.894050754539702,13.92192247119876,1932697,0.0,1.0
2018-06-08 00:00:00,20.36,20.86,20.22,20.79,14.486324733544652,1690006,14.535100237698002,14.089152771153096,14.186703779459794,1690006,0.0,1.0
2018-06-11 00:00:00,20.79,21.04,20.78,20.97,14.611747458510408,977245,14.660522962663755,14.47935680437989,14.486324733544652,977245,0.0,1.0
2018-06-12 00:00:00,21.13,21.2,20.8,21.09,14.695362608487578,924022,14.772009829299982,14.493292662709418,14.723234325146633,924022,0.0,1.0
2018-06-13 00:00:00,21.02,21.05,20.22,20.37,14.19367170862456,2254683,14.66749089182852,14.089152771153096,14.646587104334229,2254683,0.0,1.0
2018-06-14 00:00:00,20.43,20.5,20.11,20.28,14.130960346141682,1675992,14.284254787766493,14.012505550340691,14.235479283613143,1675992,0.0,1.0
2018-06-15 00:00:00,20.25,20.55,20.13,20.55,14.319094433590314,2332483,14.319094433590314,14.02644140867022,14.11005655864739,2332483,0.0,1.0
2018-06-18 00:00:00,20.56,20.81,20.44,20.68,14.409677512732248,1304503,14.50026059187418,14.24244721277791,14.326062362755078,1304503,0.0,1.0
2018-06-19 00:00:00,20.66,21.04,20.59,21.01,14.639619175169466,1561787,14.660522962663755,14.34696615024937,14.39574165440272,1561787,0.0,1.0
2018-06-20 00:00:00,21.1,21.11,20.84,21.01,14.639619175169466,816139,14.709298466817105,14.521164379368471,14.702330537652342,816139,0.0,1.0
2018-06-21 00:00:00,20.95,21.07,20.28,20.36,14.186703779459794,1587515,14.68142675015805,14.130960346141682,14.59781160018088,1587515,0.0,1.0
2018-06-22 00:00:00,20.44,20.53,20.25,20.33,14.165799991965502,2017999,14.305158575260789,14.11005655864739,14.24244721277791,2017999,0.0,1.0
2018-06-25 00:00:00,20.44,20.66,20.3,20.46,14.256383071107438,1570019,14.39574165440272,14.14489620447121,14.24244721277791,1570019,0.0,1.0
2018-06-26 00:00:00,20.54,20.75,20.38,20.69,14.416645441897012,1016822,14.458453016885596,14.200639637789322,14.31212650442555,1016822,0.0,1.0
2018-06-27 00:00:00,20.63,20.94,20.45,20.63,14.374837866908424,1041191,14.590843671016115,14.249415141942672,14.374837866908424,1041191,0.0,1.0
2018-06-28 00:00:00,20.71,21.07,20.7,20.99,14.625683316839934,1093659,14.68142675015805,14.423613371061776,14.43058130022654,1093659,0.0,1.0
2018-06-29 00:00:00,20.96,21.0,20.66,20.83,14.514196450203707,856520,14.6326512460047,14.39574165440272,14.604779529345643,856520,0.0,1.0
2018-07-02 00:00:00,20.77,20.85,20.47,20.5,14.284254787766493,1201341,14.52813230853324,14.2633510002722,14.472388875215124,1201341,0.0,1.0
2018-07-03 00:00:00,20.57,20.86,20.51,20.69,14.416645441897012,450401,14.535100237698002,14.29122271693126,14.333030291919842,450401,0.0,1.0
2018-07-05 00:00:00,20.77,21.32,20.73,21.32,14.855624979277152,1068833,14.855624979277152,14.444517158556067,14.472388875215124,1068833,0.0,1.0
2018-07-06 00:00:00,21.36,21.42,21.24,21.32,14.855624979277152,668905,14.925304270924796,14.79988154595904,14.88349669593621,668905,0.0,1.0
2018-07-09 00:00:00,20.79,21.02,20.56,20.58,14.339998221084604,1580917,14.646587104334229,14.326062362755078,14.486324733544652,1580917,0.0,1.0
2018-07-10 00:00:00,20.6,20.61,20.37,20.47,14.2633510002722,657193,14.3609020085789,14.19367170862456,14.353934079414136,657193,0.0,1.0
2018-07-11 00:00:00,20.49,20.67,20.44,20.53,14.305158575260789,768850,14.402709583567484,14.24244721277791,14.277286858601729,768850,0.0,1.0
2018-07-12 00:00:00,20.7,20.7,20.36,20.51,14.29122271693126,808342,14.423613371061776,14.186703779459794,14.423613371061776,808342,0.0,1.0
2018-07-13 00:00:00,20.46,20.72,20.46,20.65,14.388773725237954,1451988,14.437549229391305,14.256383071107438,14.256383071107438,1451988,0.0,1.0
2018-07-16 00:00:00,20.65,20.67,20.2,20.28,14.130960346141682,1162906,14.402709583567484,14.075216912823567,14.388773725237954,1162906,0.0,1.0
2018-07-17 00:00:00,20.3,20.68,20.3,20.49,14.277286858601729,592947,14.409677512732248,14.14489620447121,14.14489620447121,592947,0.0,1.0
2018-07-18 00:00:00,20.48,20.48,20.09,20.26,14.117024487812154,727161,14.270318929436964,13.998569692011165,14.270318929436964,727161,0.0,1.0
2018-07-19 00:00:00,20.2,20.51,20.04,20.35,14.179735850295032,641789,14.29122271693126,13.963730046187342,14.075216912823567,641789,0.0,1.0
2018-07-20 00:00:00,20.37,20.5,20.32,20.42,14.22851135444838,644724,14.284254787766493,14.15883206280074,14.19367170862456,644724,0.0,1.0
2018-07-23 00:00:00,20.43,20.59,20.13,20.32,14.15883206280074,711588,14.34696615024937,14.02644140867022,14.235479283613143,711588,0.0,1.0
2018-07-24 00:00:00,20.28,20.28,19.86,20.08,13.9916017628464,904842,14.130960346141682,13.838307321221588,14.130960346141682,904842,0.0,1.0
2018-07-25 00:00:00,20.1,20.19,19.74,20.03,13.95676211702258,1284935,14.068248983658805,13.754692171244416,14.005537621175929,1284935,0.0,1.0
2018-07-26 00:00:00,20.14,20.38,20.08,20.17,14.054313125329278,716887,14.200639637789322,13.9916017628464,14.033409337834984,716887,0.0,1.0
2018-07-27 00:00:00,20.21,20.33,20.09,20.18,14.06128105449404,825861,14.165799991965502,13.998569692011165,14.082184841988331,825861,0.0,1.0
2018-07-30 00:00:00,20.1,20.5,19.99,20.39,14.207607566954088,1205653,14.284254787766493,13.92889040036352,14.005537621175929,1205653,0.0,1.0
2018-07-31 00:00:00,20.46,20.58,20.24,20.4,14.21457549611885,956596,14.339998221084604,14.103088629482624,14.256383071107438,956596,0.0,1.0
2018-08-01 00:00:00,20.36,20.47,20.05,20.1,14.005537621175929,952667,14.2633510002722,13.970697975352108,14.186703779459794,952667,0.0,1.0
2018-08-02 00:00:00,20.04,20.87,20.04,20.83,14.514196450203707,1499603,14.542068166862768,13.963730046187342,13.963730046187342,1499603,0.0,1.0
2018-08-03 00:00:00,20.9,21.73,20.9,21.47,14.960143916748612,2440655,15.141310075032482,14.562971954357058,14.562971954357058,2440655,0.0,1.0
2018-08-06 00:00:00,21.14,21.3,20.59,20.86,14.535100237698002,2006698,14.841689120947626,14.34696615024937,14.7302022543114,2006698,0.0,1.0
2018-08-07 00:00:00,20.83,20.96,20.68,20.7,14.423613371061776,1137393,14.604779529345643,14.409677512732248,14.514196450203707,1137393,0.0,1.0
2018-08-08 00:00:00,20.6,20.79,20.04,20.07,13.984633833681634,2913302,14.486324733544652,13.963730046187342,14.353934079414136,2913302,0.0,1.0
2018-08-09 00:00:00,19.45,19.89,19.07,19.46,13.559590154631024,4167977,13.85921110871588,13.28784091720522,13.552622225466257,4167977,0.0,1.0
2018-08-10 00:00:00,19.35,19.67,19.26,19.36,13.48991086298338,2095611,13.70591666709107,13.42023157133574,13.482942933818618,2095611,0.0,1.0
2018-08-13 00:00:00,19.36,19.55,19.2,19.44,13.545654296301494,1132140,13.6223015171139,13.378423996347154,13.48991086298338,1132140,0.0,1.0
2018-08-14 00:00:00,19.57,19.96,19.54,19.85,13.831339392056824,1155648,13.90798661286923,13.615333587949134,13.636237375443429,1155648,0.0,1.0
2018-08-15 00:00:00,19.78,20.36,19.7,20.25,14.11005655864739,1411471,14.186703779459794,13.72682045458536,13.782563887903477,1411471,0.0,1.0
2018-08-16 00:00:00,20.31,20.7,20.26,20.31,14.151864133635971,1598381,14.423613371061776,14.117024487812154,14.151864133635971,1598381,0.0,1.0
2018-08-17 00:00:00,20.27,20.72,20.14,20.63,14.374837866908424,810282,14.437549229391305,14.033409337834984,14.123992416976918,810282,0.0,1.0
2018-08-20 00:00:00,20.69,20.85,20.67,20.76,14.465420946050362,673203,14.52813230853324,14.402709583567484,14.416645441897012,673203,0.0,1.0
2018-08-21 00:00:00,20.78,20.79,20.4,20.51,14.29122271693126,946322,14.486324733544652,14.21457549611885,14.47935680437989,946322,0.0,1.0
2018-08-22 00:00:00,20.52,20.52,20.24,20.36,14.186703779459794,700011,14.29819064609602,14.103088629482624,14.29819064609602,700011,0.0,1.0
2018-08-23 00:00:00,20.22,20.43,20.12,20.37,14.19367170862456,530834,14.235479283613143,14.019473479505455,14.089152771153096,530834,0.0,1.0
2018-08-24 00:00:00,20.36,20.54,20.28,20.47,14.2633510002722,579018,14.31212650442555,14.130960346141682,14.186703779459794,579018,0.0,1.0
2018-08-27 00:00:00,20.54,20.58,20.17,20.21,14.082184841988331,871139,14.339998221084604,14.054313125329278,14.31212650442555,871139,0.0,1.0
2018-08-28 00:00:00,20.17,20.33,20.15,20.17,14.054313125329278,727926,14.165799991965502,14.040377266999746,14.054313125329278,727926,0.0,1.0
2018-08-29 00:00:00,20.25,20.43,20.09,20.19,14.068248983658805,931572,14.235479283613143,13.998569692011165,14.11005655864739,931572,0.0,1.0
2018-08-30 00:00:00,19.98,20.04,19.75,19.99,14.054313125329276,1107418,14.089466484822347,13.885576999762543,14.047282453430665,1107418,0.18,1.0
2018-08-31 00:00:00,20.0,20.18,19.9,20.15,14.1668038757071,942117,14.187895891402942,13.991037078241751,14.061343797227892,942117,0.0,1.0
2018-09-04 00:00:00,20.16,20.34,20.06,20.24,14.230079922794625,820149,14.300386641780763,14.103527828619574,14.173834547605717,820149,0.0,1.0
2018-09-05 00:00:00,20.11,20.49,20.11,20.43,14.363662688868292,988801,14.405846720259976,14.138681188112646,14.138681188112646,988801,0.0,1.0
2018-09-06 00:00:00,20.41,20.52,20.2,20.23,14.223049250896011,1113777,14.426938735955815,14.20195723520017,14.349601345071065,1113777,0.0,1.0
2018-09-07 00:00:00,20.17,20.41,20.12,20.39,14.335540001273836,654981,14.349601345071065,14.14571186001126,14.18086521950433,654981,0.0,1.0
2018-09-10 00:00:00,20.41,20.73,20.36,20.69,14.546460158232255,1066339,14.57458284582671,14.314447985577994,14.349601345071065,1066339,0.0,1.0
2018-09-11 00:00:00,20.73,20.74,20.33,20.47,14.391785376462746,639607,14.581613517725325,14.293355969882152,14.57458284582671,639607,0.0,1.0
2018-09-12 00:00:00,20.52,20.77,20.39,20.7,14.553490830130867,882420,14.602705533421164,14.335540001273836,14.426938735955815,882420,0.0,1.0
2018-09-13 00:00:00,20.71,20.79,20.5,20.55,14.44803075165166,934296,14.616766877218392,14.412877392158588,14.560521502029482,934296,0.0,1.0
2018-09-14 00:00:00,20.5,20.57,20.16,20.31,14.279294626084925,1197082,14.462092095448886,14.173834547605717,14.412877392158588,1197082,0.0,1.0
2018-09-17 00:00:00,20.28,20.32,19.93,20.0,14.061343797227892,921001,14.286325297983538,14.012129093937594,14.258202610389082,921001,0.0,1.0
2018-09-18 00:00:00,19.85,19.86,19.55,19.63,13.801208936979174,1143129,13.962914390647295,13.744963561790264,13.955883718748684,1143129,0.0,1.0
2018-09-19 00:00:00,19.66,19.66,19.23,19.3,13.569196764324916,962920,13.822300952675018,13.519982061034618,13.822300952675018,962920,0.0,1.0
2018-09-20 00:00:00,19.3,19.43,19.13,19.37,13.618411467615214,870939,13.660595499006895,13.449675342048478,13.569196764324916,870939,0.0,1.0
2018-09-21 00:00:00,19.35,19.58,19.28,19.35,13.604350123817987,2080199,13.766055577486105,13.555135420527687,13.604350123817987,2080199,0.0,1.0
2018-09-24 00:00:00,19.35,19.36,19.01,19.09,13.421552654454022,985784,13.6113807957166,13.365307279265112,13.604350123817987,985784,0.0,1.0
2018-09-25 00:00:00,19.06,19.11,18.65,18.69,13.140325778509466,1617968,13.43561399825125,13.112203090915008,13.40046063875818,1617968,0.0,1.0
2018-09-26 00:00:00,18.64,19.07,18.52,18.83,13.238755185090058,1882486,13.407491310656797,13.020804356233027,13.105172419016396,1882486,0.0,1.0
2018-09-27 00:00:00,18.78,18.82,18.58,18.6,13.07704973142194,865656,13.231724513191446,13.06298838762471,13.20360182559699,865656,0.0,1.0
2018-09-28 00:00:00,18.51,18.71,18.42,18.66,13.119233762813623,833064,13.154387122306693,12.95049763724689,13.013773684334415,833064,0.0,1.0
2018-10-01 00:00:00,18.76,18.8,18.48,18.51,13.013773684334415,810333,13.21766316939422,12.992681668638571,13.189540481799764,810333,0.0,1.0
2018-10-02 00:00:00,18.56,18.76,18.56,18.61,13.084080403320552,703875,13.189540481799764,13.048927043827485,13.048927043827485,703875,0.0,1.0
2018-10-03 00:00:00,18.62,18.78,18.45,18.47,12.985650996739958,964751,13.20360182559699,12.971589652942727,13.091111075219168,964751,0.0,1.0
2018-10-04 00:00:00,18.47,18.87,18.42,18.81,13.224693841292831,1631509,13.266877872684516,12.95049763724689,12.985650996739958,1631509,0.0,1.0
2018-10-05 00:00:00,18.85,19.28,18.84,18.99,13.35124593546788,984487,13.555135420527687,13.245785856988674,13.252816528887289,984487,0.0,1.0
2018-10-08 00:00:00,19.06,19.58,19.06,19.46,13.68168751470274,1042423,13.766055577486105,13.40046063875818,13.40046063875818,1042423,0.0,1.0
2018-10-09 00:00:00,19.41,19.56,19.18,19.22,13.512951389136004,889581,13.751994233688878,13.484828701541549,13.646534155209668,889581,0.0,1.0
2018-10-10 00:00:00,19.22,19.57,19.22,19.39,13.63247281141244,1307611,13.759024905587491,13.512951389136004,13.512951389136004,1307611,0.0,1.0
2018-10-11 00:00:00,19.4,19.4,18.75,18.81,13.224693841292831,1325808,13.639503483311056,13.182509809901148,13.639503483311056,1325808,0.0,1.0
2018-10-12 00:00:00,18.88,18.88,18.53,18.78,13.20360182559699,957455,13.27390854458313,13.027835028131642,13.27390854458313,957455,0.0,1.0
2018-10-15 00:00:00,18.7,19.06,18.63,18.94,13.316092575974814,786154,13.40046063875818,13.09814174711778,13.14735645040808,786154,0.0,1.0
2018-10-16 00:00:00,18.94,19.4,18.83,19.16,13.47076735774432,1647261,13.639503483311056,13.238755185090058,13.316092575974814,1647261,0.0,1.0
2018-10-17 00:00:00,19.02,19.17,18.42,18.82,13.231724513191446,1268327,13.477798029642935,12.95049763724689,13.372337951163724,1268327,0.0,1.0
2018-10-18 00:00:00,18.96,19.01,18.68,18.72,13.161417794205306,657485,13.365307279265112,13.13329510661085,13.330153919772044,657485,0.0,1.0
2018-10-19 00:00:00,18.85,19.14,18.84,19.06,13.40046063875818,672028,13.456706013947093,13.245785856988674,13.252816528887289,672028,0.0,1.0
2018-10-22 00:00:00,19.11,19.21,18.86,19.08,13.414521982555408,1323753,13.505920717237393,13.259847200785902,13.43561399825125,1323753,0.0,1.0
2018-10-23 00:00:00,19.0,19.53,18.97,19.4,13.639503483311056,1450603,13.730902217993036,13.337184591670654,13.358276607366497,1450603,0.0,1.0
2018-10-24 00:00:00,19.42,20.01,19.41,19.87,13.96994506254591,1655536,14.068374469126509,13.646534155209668,13.653564827108283,1655536,0.0,1.0
2018-10-25 00:00:00,19.73,20.1,19.22,19.33,13.590288780020757,1327791,14.131650516214032,13.512951389136004,13.871515655965316,1327791,0.0,1.0
2018-10-26 00:00:00,19.25,19.37,18.72,19.12,13.442644670149866,1295112,13.618411467615214,13.161417794205306,13.534043404831843,1295112,0.0,1.0
2018-10-29 00:00:00,19.26,19.68,19.18,19.39,13.63247281141244,1653323,13.836362296472243,13.484828701541549,13.54107407673046,1653323,0.0,1.0
2018-10-30 00:00:00,19.47,20.2,19.47,19.97,14.04025178153205,1829926,14.20195723520017,13.688718186601353,13.688718186601353,1829926,0.0,1.0
2018-10-31 00:00:00,19.86,19.86,18.93,19.31,13.576227436223528,2399155,13.962914390647295,13.3090619040762,13.962914390647295,2399155,0.0,1.0
2018-11-01 00:00:00,19.29,19.37,18.82,19.1,13.428583326352635,2881383,13.618411467615214,13.231724513191446,13.5621660924263,2881383,0.0,1.0
2018-11-02 00:00:00,19.04,19.14,18.48,18.77,13.196571153698375,2658336,13.456706013947093,12.992681668638571,13.386399294960952,2658336,0.0,1.0
2018-11-05 00:00:00,18.76,19.3,18.76,18.84,13.245785856988674,2146034,13.569196764324916,13.189540481799764,13.189540481799764,2146034,0.0,1.0
2018-11-06 00:00:00,18.82,19.34,18.76,19.04,13.386399294960952,3239668,13.597319451919372,13.189540481799764,13.231724513191446,3239668,0.0,1.0
2018-11-07 00:00:00,19.01,19.27,18.76,19.18,13.484828701541549,2420673,13.548104748629074,13.189540481799764,13.365307279265112,2420673,0.0,1.0
2018-11-08 00:00:00,19.38,19.42,18.12,18.84,13.245785856988674,5548885,13.653564827108283,12.739577480288473,13.625442139513826,5548885,0.0,1.0
2018-11-09 00:00:00,18.7,19.89,18.35,19.83,13.941822374951451,2584442,13.98400640634314,12.901282933956592,13.14735645040808,2584442,0.0,1.0
2018-11-12 00:00:00,19.63,20.3,19.54,20.09,14.124619844315417,2699552,14.272263954186313,13.737932889891647,13.801208936979174,2699552,0.0,1.0
2018-11-13 00:00:00,20.07,20.13,19.45,19.86,13.962914390647295,2828671,14.152742531909873,13.674656842804124,14.11055850051819,2828671,0.0,1.0
2018-11-14 00:00:00,19.84,19.86,19.34,19.6,13.780116921283335,2550096,13.962914390647295,13.597319451919372,13.948853046850068,2550096,0.0,1.0
2018-11-15 00:00:00,19.52,19.86,19.27,19.85,13.955883718748684,1621617,13.962914390647295,13.548104748629074,13.723871546094422,1621617,0.0,1.0
2018-11-16 00:00:00,19.82,19.92,19.59,19.61,13.787147593181947,1603815,14.005098422038982,13.77308624938472,13.93479170305284,1603815,0.0,1.0
2018-11-19 00:00:00,19.6,19.99,19.59,19.98,14.047282453430665,1469971,14.054313125329276,13.77308624938472,13.780116921283335,1469971,0.0,1.0
2018-11-20 00:00:00,19.99,20.4,19.95,20.17,14.18086521950433,1905548,14.342570673172448,14.026190437734822,14.054313125329276,1905548,0.0,1.0
2018-11-21 00:00:00,20.1,20.32,19.49,19.57,13.759024905587491,1627733,14.286325297983538,13.70277953039858,14.131650516214032,1627733,0.0,1.0
2018-11-23 00:00:00,19.59,19.78,19.48,19.62,13.794178265080562,481679,13.906669015458386,13.695748858499966,13.77308624938472,481679,0.0,1.0
2018-11-26 00:00:00,19.67,19.82,19.32,19.56,13.751994233688878,1018770,13.93479170305284,13.583258108122145,13.829331624573634,1018770,0.0,1.0
2018-11-27 00:00:00,19.56,19.88,19.47,19.84,13.948853046850068,1030364,13.976975734444524,13.688718186601353,13.751994233688878,1030364,0.0,1.0
2018-11-28 00:00:00,19.73,19.86,19.45,19.74,13.878546327863928,1276684,13.962914390647295,13.674656842804124,13.871515655965316,1276684,0.0,1.0
2018-11-29 00:00:00,19.59,19.87,19.49,19.74,14.005098422038978,1117697,14.097330579833564,13.827728887818626,13.89867670150677,1117697,0.18,1.0
2018-11-30 00:00:00,19.74,19.85,19.48,19.79,14.04057232888305,1558568,14.083141017095937,13.820634106449814,14.005098422038978,1558568,0.0,1.0
2018-12-03 00:00:00,19.74,19.74,19.14,19.43,13.785160199605745,1585292,14.005098422038978,13.579411539910136,14.005098422038978,1585292,0.0,1.0
2018-12-04 00:00:00,19.55,19.93,19.41,19.77,14.026382766145424,2047251,14.139899268046449,13.770970636868116,13.870297576031511,2047251,0.0,1.0
2018-12-06 00:00:00,19.75,19.963,19.05,19.36,13.735496730024044,2098194,14.163312046563536,13.515558507590807,14.012193203407794,2098194,0.0,1.0
2018-12-07 00:00:00,19.28,19.35,19.02,19.19,13.614885446754206,1074373,13.728401948655232,13.494274163484366,13.678738479073534,1074373,0.0,1.0
2018-12-10 00:00:00,19.24,19.24,18.86,19.05,13.515558507590807,1298565,13.650359353598276,13.380757661583342,13.650359353598276,1298565,0.0,1.0
2018-12-11 00:00:00,19.12,19.54,19.05,19.3,13.69292804181116,1229678,13.863202794662698,13.515558507590807,13.565221977172508,1229678,0.0,1.0
2018-12-12 00:00:00,19.46,19.56,19.33,19.51,13.841918450556255,973667,13.877392357400328,13.714212385917602,13.806444543712187,973667,0.0,1.0
2018-12-13 00:00:00,19.55,19.71,19.45,19.54,13.863202794662698,928739,13.983814077932538,13.799349762343372,13.870297576031511,928739,0.0,1.0
2018-12-14 00:00:00,19.46,19.72,19.0,19.04,13.508463726221994,1160361,13.990908859301353,13.48008460074674,13.806444543712187,1160361,0.0,1.0
2018-12-17 00:00:00,19.0,19.16,18.31,18.46,13.09696640683078,1364862,13.593601102647764,12.990544686298566,13.48008460074674,1364862,0.0,1.0
2018-12-18 00:00:00,18.48,18.68,18.18,18.25,12.947975998085685,1616144,13.253051596944688,12.898312528503984,13.111155969568408,1616144,0.0,1.0
2018-12-19 00:00:00,18.46,18.75,18.27,18.5,13.125345532306037,2455104,13.302715066526387,12.96216556082331,13.09696640683078,2455104,0.0,1.0
2018-12-20 00:00:00,18.39,18.66,18.2,18.54,13.153724657781291,1503589,13.23886203420706,12.912502091241612,13.04730293724908,1503589,0.0,1.0
2018-12-21 00:00:00,18.54,18.94,18.16,18.2,12.912502091241612,2505155,13.437515912533856,12.884122965766355,13.153724657781291,2505155,0.0,1.0
2018-12-24 00:00:00,18.23,18.37,17.87,17.96,12.742227338390077,756412,13.033113374511451,12.678374306070747,12.933786435348056,756412,0.0,1.0
2018-12-26 00:00:00,17.94,18.22,17.78,18.19,12.9054073098728,1302250,12.92669165397924,12.614521273751423,12.728037775652448,1302250,0.0,1.0
2018-12-27 00:00:00,18.14,18.34,17.85,18.33,13.004734249036195,1586441,13.011829030405009,12.664184743333122,12.869933403028728,1586441,0.0,1.0
2018-12-28 00:00:00,18.33,18.48,18.085,18.29,12.97635512356094,968440,13.111155969568408,12.830912105500252,13.004734249036195,968440,0.0,1.0
2018-12-31 00:00:00,18.24,18.48,18.11,18.47,13.104061188199593,983638,13.111155969568408,12.848649058922286,12.940881216716868,983638,0.0,1.0
2019-01-02 00:00:00,18.34,18.5,18.14,18.36,13.026018593142638,1379165,13.125345532306037,12.869933403028728,13.011829030405009,1379165,0.0,1.0
2019-01-03 00:00:00,18.34,18.74,18.33,18.56,13.167914220518918,926541,13.295620285157572,13.004734249036195,13.011829030405009,926541,0.0,1.0
2019-01-04 00:00:00,18.59,18.71,18.41,18.71,13.274335941051133,1059174,13.274335941051133,13.06149249998671,13.18919856462536,1059174,0.0,1.0
2019-01-07 00:00:00,18.64,18.91,18.53,18.77,13.316904629264014,690445,13.416231568427412,13.146629876412478,13.224672471469432,690445,0.0,1.0
2019-01-08 00:00:00,18.77,18.93,18.71,18.91,13.416231568427412,1080504,13.43042113116504,13.274335941051133,13.316904629264014,1080504,0.0,1.0
2019-01-09 00:00:00,18.92,19.03,18.71,18.76,13.309809847895202,962201,13.501368944853182,13.274335941051133,13.423326349796229,962201,0.0,1.0
2019-01-10 00:00:00,18.84,19.11,18.72,19.1,13.55103241443488,872370,13.558127195803692,13.281430722419945,13.366568098845711,872370,0.0,1.0
2019-01-11 00:00:00,19.18,19.29,18.94,19.29,13.685833260442346,936018,13.685833260442346,13.437515912533856,13.60779066538539,936018,0.0,1.0
2019-01-14 00:00:00,19.29,19.36,19.04,19.22,13.636169790860649,1966721,13.735496730024044,13.508463726221994,13.685833260442346,1966721,0.0,1.0
2019-01-15 00:00:00,19.21,19.52,19.12,19.47,13.813539325081,1739744,13.84901323192507,13.565221977172508,13.629075009491835,1739744,0.0,1.0
2019-01-16 00:00:00,19.46,19.53,19.07,19.27,13.671643697704718,984893,13.856108013293886,13.529748070328438,13.806444543712187,984893,0.0,1.0
2019-01-17 00:00:00,19.28,19.54,19.27,19.52,13.84901323192507,1096883,13.863202794662698,13.671643697704718,13.678738479073534,1096883,0.0,1.0
2019-01-18 00:00:00,19.57,19.71,19.48,19.61,13.912866264244396,495703,13.983814077932538,13.820634106449814,13.88448713876914,495703,0.0,1.0
2019-01-22 00:00:00,19.64,19.72,19.51,19.7,13.976719296563724,813173,13.990908859301353,13.841918450556255,13.93415060835084,813173,0.0,1.0
2019-01-23 00:00:00,19.74,19.75,19.55,19.71,13.983814077932538,1144548,14.012193203407794,13.870297576031511,14.005098422038978,1144548,0.0,1.0
2019-01-24 00:00:00,19.57,19.71,19.32,19.36,13.735496730024044,518927,13.983814077932538,13.70711760454879,13.88448713876914,518927,0.0,1.0
2019-01-25 00:00:00,19.41,19.48,19.23,19.25,13.657454134967091,360853,13.820634106449814,13.643264572229462,13.770970636868116,360853,0.0,1.0
2019-01-28 00:00:00,19.24,19.26,19.09,19.24,13.650359353598276,657410,13.664548916335905,13.543937633066063,13.650359353598276,657410,0.0,1.0
2019-01-29 00:00:00,19.29,19.33,19.15,19.22,13.636169790860649,949213,13.714212385917602,13.586506321278948,13.685833260442346,949213,0.0,1.0
2019-01-30 00:00:00,19.23,19.33,19.06,19.17,13.60069588401658,724361,13.714212385917602,13.522653288959622,13.643264572229462,724361,0.0,1.0
2019-01-31 00:00:00,19.21,19.69,19.18,19.66,13.948340171088468,1058764,13.96962451519491,13.60779066538539,13.629075009491835,1058764,0.0,1.0
2019-02-01 00:00:00,19.68,19.72,19.45,19.61,13.912866264244396,1439423,13.990908859301353,13.799349762343372,13.962529733826097,1439423,0.0,1.0
2019-02-04 00:00:00,19.6,19.78,19.5,19.69,13.96962451519491,809417,14.033477547514238,13.834823669187442,13.905771482875585,809417,0.0,1.0
2019-02-05 00:00:00,19.73,20.19,19.62,20.02,14.203752300365773,1930634,14.324363583635614,13.919961045613212,13.998003640670166,1930634,0.0,1.0
2019-02-06 00:00:00,19.94,20.07,19.75,19.88,14.104425361202376,1985507,14.239226207209844,14.012193203407794,14.146994049415262,1985507,0.0,1.0
2019-02-07 00:00:00,19.94,20.57,19.77,20.32,14.416595741430196,3214688,14.593965275650548,14.026382766145424,14.146994049415262,3214688,0.0,1.0
2019-02-08 00:00:00,20.37,20.37,19.45,19.83,14.068951454358306,2280856,14.452069648274268,13.799349762343372,14.452069648274268,2280856,0.0,1.0
2019-02-11 00:00:00,19.81,20.17,19.8,20.15,14.295984458160357,1527705,14.310174020897986,14.047667110251863,14.054761891620675,1527705,0.0,1.0
2019-02-12 00:00:00,20.19,20.66,20.13,20.61,14.622344401125805,1191964,14.657818307969874,14.281794895422728,14.324363583635614,1191964,0.0,1.0
2019-02-13 00:00:00,20.64,20.7,20.44,20.63,14.636533963863432,839671,14.68619743344513,14.501733117855968,14.643628745232247,839671,0.0,1.0
2019-02-14 00:00:00,20.57,20.88,20.4,20.74,14.714576558920388,1024816,14.813903498083784,14.473353992380709,14.593965275650548,1024816,0.0,1.0
2019-02-15 00:00:00,20.8,20.91,20.68,20.73,14.707481777551571,923284,14.835187842190226,14.672007870707503,14.757145247133272,923284,0.0,1.0
2019-02-19 00:00:00,20.7,21.04,20.64,20.93,14.849377404927855,992618,14.927419999984808,14.643628745232247,14.68619743344513,992618,0.0,1.0
2019-02-20 00:00:00,20.95,21.09,20.8,20.98,14.884851311771923,881284,14.96289390682888,14.757145247133272,14.863566967665482,881284,0.0,1.0
2019-02-21 00:00:00,20.93,21.12,20.85,21.0,14.899040874509554,838680,14.984178250935322,14.792619153977345,14.849377404927855,838680,0.0,1.0
2019-02-22 00:00:00,20.53,21.08,20.4,21.06,14.941609562722435,1285067,14.955799125460064,14.473353992380709,14.565586150175292,1285067,0.0,1.0
2019-02-25 00:00:00,21.07,21.07,20.62,20.76,14.728766121658015,1260937,14.948704344091253,14.62943918249462,14.948704344091253,1260937,0.0,1.0
2019-02-26 00:00:00,20.87,20.91,20.36,20.52,14.558491368806475,1521510,14.835187842190226,14.444974866905453,14.80680871671497,1521510,0.0,1.0
2019-02-27 00:00:00,20.55,20.68,20.36,20.63,14.636533963863432,1152342,14.672007870707503,14.444974866905453,14.57977571291292,1152342,0.0,1.0
2019-02-28 00:00:00,20.49,20.59,20.33,20.47,14.65072352660106,1252402,14.736609546297792,14.550523170288203,14.66503786321718,1252402,0.18,1.0
2019-03-01 00:00:00,20.49,20.69,20.43,20.62,14.758081051221977,753567,14.808181229378404,14.622094853368814,14.66503786321718,753567,0.0,1.0
2019-03-04 00:00:00,20.64,20.66,20.13,20.27,14.507580160439836,2227300,14.78670972445422,14.40737980412698,14.7723953878381,2227300,0.0,1.0
2019-03-05 00:00:00,20.25,20.39,20.11,20.34,14.557680338596263,1159410,14.593466180136572,14.39306546751086,14.493265823823716,1159410,0.0,1.0
2019-03-06 00:00:00,20.36,20.47,20.21,20.27,14.507580160439836,583490,14.65072352660106,14.464637150591471,14.571994675212387,583490,0.0,1.0
2019-03-07 00:00:00,20.3,20.43,20.17,20.25,14.493265823823716,853798,14.622094853368814,14.436008477359229,14.52905166536402,853798,0.0,1.0
2019-03-08 00:00:00,20.35,20.41,20.08,20.34,14.557680338596263,922631,14.607780516752692,14.371593962586676,14.564837506904327,922631,0.0,1.0
2019-03-11 00:00:00,20.3,20.5,20.11,20.38,14.58630901182851,1238511,14.672195031525243,14.39306546751086,14.52905166536402,1238511,0.0,1.0
2019-03-12 00:00:00,20.41,20.45,20.22,20.27,14.507580160439836,684826,14.636409189984937,14.471794318899532,14.607780516752692,684826,0.0,1.0
2019-03-13 00:00:00,20.28,20.38,20.22,20.29,14.52189449705596,939041,14.58630901182851,14.471794318899532,14.5147373287479,939041,0.0,1.0
2019-03-14 00:00:00,20.32,20.38,20.04,20.1,14.3859082992028,1135998,14.58630901182851,14.342965289354431,14.543366001980145,1135998,0.0,1.0
2019-03-15 00:00:00,20.16,20.39,20.095,20.35,14.564837506904327,1561370,14.593466180136572,14.382329715048767,14.428851309051163,1561370,0.0,1.0
2019-03-18 00:00:00,20.29,20.43,20.18,20.31,14.53620883367208,898728,14.622094853368814,14.443165645667287,14.52189449705596,898728,0.0,1.0
2019-03-19 00:00:00,20.51,20.51,20.21,20.31,14.53620883367208,701423,14.679352199833303,14.464637150591471,14.679352199833303,701423,0.0,1.0
2019-03-20 00:00:00,20.31,20.38,20.1,20.14,14.414536972435045,765147,14.58630901182851,14.3859082992028,14.53620883367208,765147,0.0,1.0
2019-03-21 00:00:00,20.16,20.57,20.16,20.52,14.686509368141364,994873,14.72229520968167,14.428851309051163,14.428851309051163,994873,0.0,1.0
2019-03-22 00:00:00,20.51,20.99,20.51,20.75,14.85112423922677,1096856,15.022896278620236,14.679352199833303,14.679352199833303,1096856,0.0,1.0
2019-03-25 00:00:00,20.76,20.93,20.59,20.89,14.951324595539626,914579,14.979953268771869,14.736609546297792,14.858281407534832,914579,0.0,1.0
2019-03-26 00:00:00,20.9,21.06,20.85,21.05,15.065839288468604,1357770,15.072996456776664,14.922695922307382,14.958481763847686,1357770,0.0,1.0
2019-03-27 00:00:00,21.05,21.29,21.04,21.19,15.16603964478146,1335254,15.23761132786207,15.058682120160542,15.065839288468604,1335254,0.0,1.0
2019-03-28 00:00:00,21.22,21.41,21.08,21.28,15.230454159554007,761244,15.323497347558805,15.087310793392785,15.18751114970564,761244,0.0,1.0
2019-03-29 00:00:00,21.28,21.4,21.2,21.32,15.259082832786254,900160,15.31634017925074,15.173196813089518,15.230454159554007,900160,0.0,1.0
2019-04-01 00:00:00,21.3,21.34,21.03,21.19,15.16603964478146,803037,15.273397169402374,15.051524951852482,15.244768496170131,803037,0.0,1.0
2019-04-02 00:00:00,21.2,21.2,20.93,21.0,15.030053446928298,614173,15.173196813089518,14.979953268771869,15.173196813089518,614173,0.0,1.0
2019-04-03 00:00:00,20.98,21.13,20.91,21.07,15.080153625084725,899236,15.123096634933091,14.965638932155748,15.015739110312175,899236,0.0,1.0
2019-04-04 00:00:00,21.11,21.16,20.91,21.07,15.080153625084725,984970,15.144568139857276,14.965638932155748,15.108782298316967,984970,0.0,1.0
2019-04-05 00:00:00,21.04,21.2,21.0,21.18,15.158882476473398,1060837,15.173196813089518,15.030053446928298,15.058682120160542,1060837,0.0,1.0
2019-04-08 00:00:00,21.11,21.26,21.01,21.25,15.208982654629825,980668,15.216139822937889,15.03721061523636,15.108782298316967,980668,0.0,1.0
2019-04-09 00:00:00,21.29,21.34,21.07,21.11,15.108782298316967,613432,15.273397169402374,15.080153625084725,15.23761132786207,613432,0.0,1.0
2019-04-10 00:00:00,21.15,21.41,21.09,21.4,15.31634017925074,603044,15.323497347558805,15.094467961700849,15.137410971549214,603044,0.0,1.0
2019-04-11 00:00:00,21.42,21.5,21.22,21.34,15.273397169402374,714474,15.387911862331352,15.18751114970564,15.330654515866865,714474,0.0,1.0
2019-04-12 00:00:00,21.26,21.47,21.26,21.39,15.30918301094268,524793,15.366440357407168,15.216139822937889,15.216139822937889,524793,0.0,1.0
2019-04-15 00:00:00,21.43,21.59,21.35,21.53,15.409383367255536,697925,15.4523263771039,15.280554337710436,15.337811684174923,697925,0.0,1.0
2019-04-16 00:00:00,21.55,21.635,21.39,21.58,15.44516920879584,1106003,15.484533634490178,15.30918301094268,15.42369770387166,1106003,0.0,1.0
2019-04-17 00:00:00,21.65,21.69,21.43,21.59,15.4523263771039,662767,15.523898060184514,15.337811684174923,15.495269386952268,662767,0.0,1.0
2019-04-18 00:00:00,21.64,21.72,21.51,21.6,15.459483545411963,553041,15.545369565108697,15.395069030639414,15.488112218644208,553041,0.0,1.0
2019-04-22 00:00:00,21.61,21.64,21.33,21.43,15.337811684174923,559046,15.488112218644208,15.266240001094312,15.466640713720023,559046,0.0,1.0
2019-04-23 00:00:00,21.45,21.6,21.39,21.45,15.352126020791044,906974,15.459483545411963,15.30918301094268,15.352126020791044,906974,0.0,1.0
2019-04-24 00:00:00,21.46,21.72,21.34,21.46,15.35928318909911,876145,15.545369565108697,15.273397169402374,15.35928318909911,876145,0.0,1.0
2019-04-25 00:00:00,21.39,21.47,21.24,21.28,15.230454159554007,449617,15.366440357407168,15.201825486321765,15.30918301094268,449617,0.0,1.0
2019-04-26 00:00:00,21.34,21.59,21.271,21.57,15.43801204048778,426321,15.4523263771039,15.224012708076753,15.273397169402374,426321,0.0,1.0
2019-04-29 00:00:00,21.53,21.69,21.47,21.64,15.488112218644208,525174,15.523898060184514,15.366440357407168,15.409383367255536,525174,0.0,1.0
2019-04-30 00:00:00,21.65,21.8,21.6,21.74,15.559683901724815,840945,15.602626911573186,15.459483545411963,15.495269386952268,840945,0.0,1.0
2019-05-01 00:00:00,21.85,21.87,21.45,21.46,15.35928318909911,894660,15.652727089729613,15.352126020791044,15.638412753113492,894660,0.0,1.0
2019-05-02 00:00:00,21.33,21.63,21.32,21.51,15.395069030639414,886128,15.480955050336146,15.259082832786254,15.266240001094312,886128,0.0,1.0
2019-05-03 00:00:00,21.58,21.71,21.48,21.6,15.459483545411963,698788,15.538212396800636,15.37359752571523,15.44516920879584,698788,0.0,1.0
2019-05-06 00:00:00,21.52,21.68,21.48,21.6,15.459483545411963,898974,15.516740891876452,15.37359752571523,15.402226198947474,898974,0.0,1.0
2019-05-07 00:00:00,21.63,21.69,21.25,21.41,15.323497347558805,957884,15.523898060184514,15.208982654629825,15.480955050336146,957884,0.0,1.0
2019-05-08 00:00:00,21.4,21.63,21.27,21.42,15.330654515866865,834797,15.480955050336146,15.223296991245949,15.31634017925074,834797,0.0,1.0
2019-05-09 00:00:00,21.35,21.59,21.29,21.54,15.416540535563596,728744,15.4523263771039,15.23761132786207,15.280554337710436,728744,0.0,1.0
2019-05-10 00:00:00,21.47,21.62,21.22,21.58,15.44516920879584,851439,15.473797882028084,15.18751114970564,15.366440357407168,851439,0.0,1.0
2019-05-13 00:00:00,21.4,21.5,21.13,21.34,15.273397169402374,1221497,15.387911862331352,15.123096634933091,15.31634017925074,1221497,0.0,1.0
2019-05-14 00:00:00,21.31,21.37,21.0,21.16,15.144568139857276,849259,15.294868674326558,15.030053446928298,15.25192566447819,849259,0.0,1.0
2019-05-15 00:00:00,21.19,21.29,21.04,21.23,15.194668318013704,1179647,15.23761132786207,15.058682120160542,15.16603964478146,1179647,0.0,1.0
2019-05-16 00:00:00,21.25,22.74,21.12,22.66,16.21814338606644,3352511,16.275400732530926,15.115939466625033,15.208982654629825,3352511,0.0,1.0
2019-05-17 00:00:00,22.73,23.18,22.71,22.8,16.318343742379295,1816918,16.590316138085615,16.253929227606744,16.268243564222868,1816918,0.0,1.0
2019-05-20 00:00:00,22.8,23.01,22.74,22.81,16.325500910687353,1667432,16.46864427684858,16.275400732530926,16.318343742379295,1667432,0.0,1.0
2019-05-21 00:00:00,22.91,22.94,22.6,22.77,16.296872237455112,937505,16.418544098692152,16.175200376218072,16.397072593767966,937505,0.0,1.0
2019-05-22 00:00:00,22.8,23.02,22.66,23.0,16.461487108540517,913379,16.475801445156637,16.21814338606644,16.318343742379295,913379,0.0,1.0
2019-05-23 00:00:00,23.05,23.39,22.91,23.08,16.518744455005002,1394079,16.7406166725549,16.397072593767966,16.497272950080824,1394079,0.0,1.0
2019-05-24 00:00:00,23.04,23.08,22.82,22.97,16.44001560361633,643429,16.518744455005002,16.33265807899542,16.49011578177276,643429,0.0,1.0
2019-05-28 00:00:00,22.93,22.99,22.52,22.53,16.125100198061645,703729,16.454329940232455,16.117943029753583,16.41138693038409,703729,0.0,1.0
2019-05-29 00:00:00,22.06,22.4,21.89,22.3,15.96048532697624,994193,16.03205701005685,15.667041426345737,15.788713287582771,994193,0.0,1.0
2019-05-30 00:00:00,22.35,22.49,22.1,22.26,15.931856653743996,886491,16.0964715248294,15.81734196081502,15.996271168516548,886491,0.0,1.0
2019-05-31 00:00:00,22.17,22.38,22.06,22.37,16.010585505132667,1249955,16.01774267344073,15.788713287582771,15.867442138971446,1249955,0.0,1.0
2019-06-03 00:00:00,22.39,22.85,22.38,22.85,16.3541295839196,1207240,16.3541295839196,16.01774267344073,16.02489984174879,1207240,0.0,1.0
2019-06-04 00:00:00,22.87,23.105,22.675,22.77,16.296872237455112,1132441,16.536637375775157,16.22887913852853,16.36844392053572,1132441,0.0,1.0
2019-06-05 00:00:00,22.78,22.83,22.58,22.68,16.23245772268256,1270157,16.339815247303477,16.160886039601948,16.304029405763174,1270157,0.0,1.0
2019-06-06 00:00:00,22.52,22.71,22.42,22.64,16.339815247303477,1168346,16.39033587748507,16.181036123875618,16.253208452706463,1168346,0.19,1.0
2019-06-07 00:00:00,22.73,22.89,22.68,22.77,16.433639274783577,735966,16.520246069380594,16.368684178835817,16.40477034325124,735966,0.0,1.0
2019-06-10 00:00:00,22.73,22.895,22.57,22.79,16.448073740549745,899353,16.523854685822133,16.289294617121886,16.40477034325124,899353,0.0,1.0
2019-06-11 00:00:00,22.79,23.1,22.71,23.0,16.59963563109452,946223,16.67180795992537,16.39033587748507,16.448073740549745,946223,0.0,1.0
2019-06-12 00:00:00,23.09,23.23,22.92,23.16,16.715111357223876,885291,16.765631987405467,16.54189776802985,16.664590727042285,885291,0.0,1.0
2019-06-13 00:00:00,23.25,23.33,23.11,23.22,16.75841475452238,957321,16.837804316236312,16.679025192808453,16.78006645317164,957321,0.0,1.0
2019-06-14 00:00:00,23.21,23.32,23.11,23.19,16.73676305587313,826987,16.83058708335323,16.679025192808453,16.7511975216393,826987,0.0,1.0
2019-06-17 00:00:00,23.22,23.22,22.81,22.96,16.570766699562185,917733,16.75841475452238,16.462508206315913,16.75841475452238,917733,0.0,1.0
2019-06-18 00:00:00,23.06,23.06,22.71,22.75,16.41920480901741,1346350,16.64293902839303,16.39033587748507,16.64293902839303,1346350,0.0,1.0
2019-06-19 00:00:00,22.66,23.18,22.62,23.16,16.715111357223876,1077078,16.729545822990044,16.32538078153731,16.35424971306965,1077078,0.0,1.0
2019-06-20 00:00:00,23.23,23.395,23.09,23.17,16.72232859010696,610681,16.884716329976364,16.664590727042285,16.765631987405467,610681,0.0,1.0
2019-06-21 00:00:00,23.14,23.91,23.06,23.53,16.982148973898006,3151504,17.25640382345522,16.64293902839303,16.700676891457707,3151504,0.0,1.0
2019-06-24 00:00:00,23.67,23.69,23.36,23.37,16.866673247768652,1028189,17.09762470002736,16.859456014885566,17.083190234261192,1028189,0.0,1.0
2019-06-25 00:00:00,23.43,23.75,23.39,23.64,17.061538535611938,1129695,17.140928097325865,16.88110771353482,16.90997664506716,1129695,0.0,1.0
2019-06-26 00:00:00,23.45,23.45,23.07,23.07,16.650156261276116,1539402,16.92441111083333,16.650156261276116,16.92441111083333,1539402,0.0,1.0
2019-06-27 00:00:00,22.97,23.14,22.84,23.02,16.61407009686069,1669057,16.700676891457707,16.484159904965168,16.577983932445267,1669057,0.0,1.0
2019-06-28 00:00:00,23.08,23.39,23.03,23.27,16.794500918937807,1915451,16.88110771353482,16.621287329743776,16.6573734941592,1915451,0.0,1.0
2019-07-01 00:00:00,23.28,23.48,23.13,23.27,16.794500918937807,757458,16.946062809482584,16.69345965857462,16.801718151820893,757458,0.0,1.0
2019-07-02 00:00:00,23.35,23.5,23.26,23.49,16.953280042365666,700008,16.960497275248752,16.78728368605472,16.852238782002484,700008,0.0,1.0
2019-07-03 00:00:00,23.58,23.95,23.5,23.75,17.140928097325865,863271,17.285272754987556,16.960497275248752,17.018235138313425,863271,0.0,1.0
2019-07-05 00:00:00,23.68,23.76,23.43,23.75,17.140928097325865,793842,17.14814533020895,16.90997664506716,17.090407467144274,793842,0.0,1.0
2019-07-08 00:00:00,23.75,23.81,23.54,23.61,17.03988683696268,869054,17.184231494624374,16.98936620678109,17.140928097325865,869054,0.0,1.0
2019-07-09 00:00:00,23.62,23.69,23.44,23.49,16.953280042365666,858672,17.09762470002736,16.917193877950243,17.047104069845766,858672,0.0,1.0
2019-07-10 00:00:00,23.53,23.66,23.46,23.52,16.97493174101492,779066,17.075973001378106,16.931628343716415,16.982148973898006,779066,0.0,1.0
2019-07-11 00:00:00,23.5,23.51,23.29,23.36,16.859456014885566,942458,16.967714508131838,16.808935384703975,16.960497275248752,942458,0.0,1.0
2019-07-12 00:00:00,23.43,23.45,23.3,23.32,16.83058708335323,745082,16.92441111083333,16.81615261758706,16.90997664506716,745082,0.0,1.0
2019-07-15 00:00:00,23.27,23.53,23.25,23.39,16.88110771353482,530879,16.982148973898006,16.78006645317164,16.794500918937807,530879,0.0,1.0
2019-07-16 00:00:00,23.4,23.47,23.31,23.41,16.89554217930099,517397,16.938845576599498,16.823369850470144,16.888324946417903,517397,0.0,1.0
2019-07-17 00:00:00,23.49,23.5,23.32,23.44,16.917193877950243,723837,16.960497275248752,16.83058708335323,16.953280042365666,723837,0.0,1.0
2019-07-18 00:00:00,23.47,23.72,23.34,23.59,17.02545237119651,702661,17.11927639867661,16.845021549119398,16.938845576599498,702661,0.0,1.0
2019-07-19 00:00:00,23.6,23.75,23.48,23.49,16.953280042365666,606982,17.140928097325865,16.946062809482584,17.032669604079597,606982,0.0,1.0
2019-07-22 00:00:00,23.55,23.68,23.38,23.43,16.90997664506716,504899,17.090407467144274,16.873890480651735,16.996583439664175,504899,0.0,1.0
2019-07-23 00:00:00,23.49,23.65,23.36,23.53,16.982148973898006,571648,17.06875576849502,16.859456014885566,16.953280042365666,571648,0.0,1.0
2019-07-24 00:00:00,23.51,23.73,23.46,23.68,17.090407467144274,508836,17.126493631559697,16.931628343716415,16.967714508131838,508836,0.0,1.0
2019-07-25 00:00:00,23.64,23.91,23.56,23.71,17.11205916579353,778088,17.25640382345522,17.003800672547257,17.061538535611938,778088,0.0,1.0
2019-07-26 00:00:00,23.76,23.89,23.69,23.85,17.213100426156714,388174,17.24196935768905,17.09762470002736,17.14814533020895,388174,0.0,1.0
2019-07-29 00:00:00,23.82,23.95,23.75,23.9,17.249186590572133,730310,17.285272754987556,17.140928097325865,17.191448727507456,730310,0.0,1.0
2019-07-30 00:00:00,23.88,24.09,23.81,23.87,17.227534891922883,1326667,17.38631401535074,17.184231494624374,17.234752124805965,1326667,0.0,1.0
2019-07-31 00:00:00,23.85,23.97,23.46,23.7,17.104841932910443,1452597,17.299707220753724,16.931628343716415,17.213100426156714,1452597,0.0,1.0
2019-08-01 00:00:00,23.83,24.04,23.74,23.84,17.20588319327363,825640,17.35022785093532,17.13371086444278,17.198665960390542,825640,0.0,1.0
2019-08-02 00:00:00,23.85,24.06,23.79,23.97,17.299707220753724,873851,17.364662316701487,17.169797028858202,17.213100426156714,873851,0.0,1.0
2019-08-05 00:00:00,23.9,24.01,23.68,23.88,17.234752124805965,1527768,17.328576152286065,17.090407467144274,17.249186590572133,1527768,0.0,1.0
2019-08-06 00:00:00,23.85,24.21,23.72,24.06,17.364662316701487,1639402,17.472920809947755,17.11927639867661,17.213100426156714,1639402,0.0,1.0
2019-08-07 00:00:00,24.01,24.36,23.82,24.24,17.49457250859701,1985144,17.581179303194023,17.191448727507456,17.328576152286065,1985144,0.0,1.0
2019-08-08 00:00:00,22.55,22.96,21.63,22.94,16.556332233796017,3231075,16.570766699562185,15.610874726111936,16.274860151355718,3231075,0.0,1.0
2019-08-09 00:00:00,22.82,22.92,22.31,22.32,16.108863795044773,2137682,16.54189776802985,16.101646562161687,16.469725439199,2137682,0.0,1.0
2019-08-12 00:00:00,22.32,22.5,22.2,22.37,16.144949959460195,2341990,16.238773986940295,16.022257000447755,16.108863795044773,2341990,0.0,1.0
2019-08-13 00:00:00,22.27,22.77,22.27,22.71,16.39033587748507,1714168,16.433639274783577,16.07277763062935,16.07277763062935,1714168,0.0,1.0
2019-08-14 00:00:00,22.74,22.83,22.46,22.46,16.209905055407955,1252108,16.476942672082085,16.209905055407955,16.411987576134322,1252108,0.0,1.0
2019-08-15 00:00:00,22.5,22.72,22.41,22.6,16.31094631577114,1202047,16.397553110368154,16.173818890992532,16.238773986940295,1202047,0.0,1.0
2019-08-16 00:00:00,22.74,23.17,22.63,22.99,16.592418398211436,5483041,16.72232859010696,16.33259801442039,16.411987576134322,5483041,0.0,1.0
2019-08-19 00:00:00,23.08,23.22,22.84,23.06,16.64293902839303,857103,16.75841475452238,16.484159904965168,16.6573734941592,857103,0.0,1.0
2019-08-20 00:00:00,23.07,23.07,22.79,22.8,16.45529097343283,915410,16.650156261276116,16.448073740549745,16.650156261276116,915410,0.0,1.0
2019-08-21 00:00:00,22.83,22.88,22.59,22.73,16.40477034325124,989994,16.513028836497508,16.303729082888054,16.476942672082085,989994,0.0,1.0
2019-08-22 00:00:00,22.85,23.09,22.75,23.04,16.628504562626862,881827,16.664590727042285,16.41920480901741,16.491377137848254,881827,0.0,1.0
2019-08-23 00:00:00,23.03,23.21,22.8,23.0,16.59963563109452,937143,16.7511975216393,16.45529097343283,16.621287329743776,937143,0.0,1.0
2019-08-26 00:00:00,23.09,23.27,23.02,23.24,16.772849220288553,1060610,16.794500918937807,16.61407009686069,16.664590727042285,1060610,0.0,1.0
2019-08-27 00:00:00,23.21,23.24,22.93,22.93,16.54911500091293,809421,16.772849220288553,16.54911500091293,16.7511975216393,809421,0.0,1.0
2019-08-28 00:00:00,23.01,23.04,22.93,22.97,16.577983932445267,671164,16.628504562626862,16.54911500091293,16.606852863977608,671164,0.0,1.0
2019-08-29 00:00:00,22.85,22.95,22.65,22.76,16.563549466679103,1099463,16.70182162830779,16.483497162578278,16.629046806397955,1099463,0.19,1.0
2019-08-30 00:00:00,22.85,22.99,22.76,22.8,16.592659395443036,1289165,16.730931557071727,16.563549466679103,16.629046806397955,1289165,0.0,1.0
2019-09-03 00:00:00,22.84,23.07,22.79,23.02,16.75276400364468,2091367,16.789151414599598,16.58538191325205,16.62176932420697,2091367,0.0,1.0
2019-09-04 00:00:00,23.04,23.47,22.97,23.41,17.036585809093047,1303509,17.08025070223895,16.71637659268976,16.767318968026647,1303509,0.0,1.0
2019-09-05 00:00:00,23.47,23.59,23.01,23.02,16.75276400364468,1115230,17.167580488530753,16.745486521453696,17.08025070223895,1115230,0.0,1.0
2019-09-06 00:00:00,22.99,23.09,22.72,22.73,16.541717020106148,1239608,16.803706378981566,16.534439537915162,16.730931557071727,1239608,0.0,1.0
2019-09-09 00:00:00,22.7,22.78,22.55,22.62,16.461664716005327,1270689,16.578104431061067,16.41072234066844,16.519884573533197,1270689,0.0,1.0
2019-09-10 00:00:00,22.52,22.58,22.23,22.34,16.25789521465778,1228170,16.43255478724139,16.177842910556958,16.388889894095488,1228170,0.0,1.0
2019-09-11 00:00:00,22.34,22.6,22.28,22.6,16.447109751623362,1409328,16.447109751623362,16.214230321511877,16.25789521465778,1409328,0.0,1.0
2019-09-12 00:00:00,22.75,22.84,22.41,22.43,16.323392554376635,560046,16.62176932420697,16.308837589994667,16.556271984488117,560046,0.0,1.0
2019-09-13 00:00:00,22.3,22.56,22.27,22.32,16.243340250275814,780710,16.41799982285942,16.206952839320895,16.228785285893846,780710,0.0,1.0
2019-09-16 00:00:00,22.31,22.45,22.21,22.42,16.316115072185653,896007,16.3379475187586,16.163287946174993,16.236062768084828,896007,0.0,1.0
2019-09-17 00:00:00,22.49,23.06,22.48,22.75,16.556271984488117,786457,16.78187393240861,16.359779965331555,16.367057447522537,786457,0.0,1.0
2019-09-18 00:00:00,22.91,23.09,22.6,22.84,16.62176932420697,1421361,16.803706378981566,16.447109751623362,16.672711699543857,1421361,0.0,1.0
2019-09-19 00:00:00,22.88,22.89,22.7,22.75,16.556271984488117,715663,16.65815673516189,16.519884573533197,16.650879252970906,715663,0.0,1.0
2019-09-20 00:00:00,22.85,22.98,22.75,22.86,16.636324288588938,1934024,16.723654074880745,16.556271984488117,16.629046806397955,1934024,0.0,1.0
2019-09-23 00:00:00,22.97,23.02,22.74,22.76,16.563549466679103,906937,16.75276400364468,16.54899450229713,16.71637659268976,906937,0.0,1.0
2019-09-24 00:00:00,22.93,23.02,22.84,22.9,16.66543421735287,1111348,16.75276400364468,16.62176932420697,16.687266663925826,1111348,0.0,1.0
2019-09-25 00:00:00,22.99,23.23,22.89,23.03,16.760041485835664,865763,16.90559112965534,16.65815673516189,16.730931557071727,865763,0.0,1.0
2019-09-26 00:00:00,23.24,23.26,22.86,22.88,16.650879252970906,1085728,16.92742357622829,16.636324288588938,16.91286861184632,1085728,0.0,1.0
2019-09-27 00:00:00,22.95,23.03,22.78,22.83,16.614491842015987,657273,16.760041485835664,16.578104431061067,16.70182162830779,657273,0.0,1.0
2019-09-30 00:00:00,22.78,23.13,22.78,23.13,16.8328163077455,887930,16.8328163077455,16.578104431061067,16.578104431061067,887930,0.0,1.0
2019-10-01 00:00:00,23.08,23.16,22.7,22.7,16.519884573533197,1047997,16.85464875431845,16.519884573533197,16.79642889679058,1047997,0.0,1.0
2019-10-02 00:00:00,22.76,22.77,22.41,22.55,16.41072234066844,761465,16.570826948870085,16.308837589994667,16.563549466679103,761465,0.0,1.0
2019-10-03 00:00:00,22.54,22.61,22.39,22.51,16.381612411904506,600641,16.45438723381434,16.2942826256127,16.403444858477457,600641,0.0,1.0
2019-10-04 00:00:00,22.58,22.67,22.4,22.52,16.388889894095488,720049,16.498052126960246,16.30156010780368,16.43255478724139,720049,0.0,1.0
2019-10-07 00:00:00,22.47,22.47,22.27,22.34,16.25789521465778,777989,16.35250248314057,16.206952839320895,16.35250248314057,777989,0.0,1.0
2019-10-08 00:00:00,22.35,22.35,22.18,22.18,16.14145549960204,775760,16.265172696848765,16.14145549960204,16.265172696848765,775760,0.0,1.0
2019-10-09 00:00:00,22.23,22.55,22.2,22.5,16.37433492971352,862615,16.41072234066844,16.156010463984007,16.177842910556958,862615,0.0,1.0
2019-10-10 00:00:00,22.39,22.5,22.33,22.35,16.265172696848765,515001,16.37433492971352,16.250617732466797,16.2942826256127,515001,0.0,1.0
2019-10-11 00:00:00,22.39,22.4,22.23,22.3,16.228785285893846,679599,16.30156010780368,16.177842910556958,16.2942826256127,679599,0.0,1.0
2019-10-14 00:00:00,22.35,22.36,22.03,22.11,16.090513124265154,524985,16.272450179039748,16.032293266737284,16.265172696848765,524985,0.0,1.0
2019-10-15 00:00:00,22.11,22.19,21.89,21.9,15.937685998254493,585506,16.148732981793025,15.93040851606351,16.090513124265154,585506,0.0,1.0
2019-10-16 00:00:00,21.93,21.94,21.66,21.7,15.79213635443482,685257,15.96679592701843,15.763026425670883,15.959518444827443,685257,0.0,1.0
2019-10-17 00:00:00,21.72,21.99,21.68,21.89,15.93040851606351,651158,16.003183337973347,15.77758139005285,15.806691318816783,651158,0.0,1.0
2019-10-18 00:00:00,21.86,21.91,21.71,21.81,15.87218865853564,596232,15.94496348044548,15.799413836625805,15.90857606949056,596232,0.0,1.0
2019-10-21 00:00:00,21.78,22.06,21.66,21.91,15.94496348044548,568452,16.054125713310235,15.763026425670883,15.850356211962689,568452,0.0,1.0
2019-10-22 00:00:00,21.98,22.06,21.75,21.78,15.850356211962689,410566,16.054125713310235,15.828523765389738,15.995905855782365,410566,0.0,1.0
2019-10-23 00:00:00,21.82,21.9,21.67,21.73,15.81396880100777,334622,15.937685998254493,15.770303907861868,15.879466140726624,334622,0.0,1.0
2019-10-24 00:00:00,21.68,21.7,21.58,21.7,15.79213635443482,470008,15.79213635443482,15.704806568143011,15.77758139005285,470008,0.0,1.0
2019-10-25 00:00:00,21.76,21.85,21.44,21.57,15.697529085952027,433638,15.901298587299577,15.60292181746924,15.835801247580722,433638,0.0,1.0
2019-10-28 00:00:00,21.57,21.77,21.57,21.57,15.697529085952027,581920,15.843078729771705,15.697529085952027,15.697529085952027,581920,0.0,1.0
2019-10-29 00:00:00,21.66,21.93,21.59,21.87,15.915853551681543,558226,15.959518444827443,15.712084050333996,15.763026425670883,558226,0.0,1.0
2019-10-30 00:00:00,21.92,21.92,21.59,21.71,15.799413836625805,560951,15.952240962636465,15.712084050333996,15.952240962636465,560951,0.0,1.0
2019-10-31 00:00:00,21.76,21.86,21.56,21.72,15.806691318816783,919159,15.90857606949056,15.690251603761045,15.835801247580722,919159,0.0,1.0
2019-11-01 00:00:00,21.68,21.8,21.5,21.55,15.682974121570062,730255,15.864911176344656,15.646586710615145,15.77758139005285,730255,0.0,1.0
2019-11-04 00:00:00,21.41,21.47,21.18,21.22,15.442817209267597,1251080,15.62475426404219,15.413707280503662,15.581089370896288,1251080,0.0,1.0
2019-11-05 00:00:00,21.19,21.29,21.11,21.14,15.384597351739728,1087261,15.493759584604485,15.362764905166774,15.420984762694646,1087261,0.0,1.0
2019-11-06 00:00:00,21.21,21.52,21.2,21.42,15.588366853087274,1400965,15.66114167499711,15.428262244885628,15.435539727076613,1400965,0.0,1.0
2019-11-07 00:00:00,21.17,21.35,20.43,20.91,15.2172152613471,2281873,15.537424477750386,14.867896116179876,15.40642979831268,2281873,0.0,1.0
2019-11-08 00:00:00,20.9,21.34,20.77,20.9,15.209937779156114,1317567,15.530146995559402,15.115330510673326,15.209937779156114,1317567,0.0,1.0
2019-11-11 00:00:00,20.98,21.22,20.89,21.14,15.384597351739728,1154891,15.442817209267597,15.202660296965131,15.268157636683986,1154891,0.0,1.0
2019-11-12 00:00:00,20.99,21.1,20.86,21.07,15.33365497640284,864344,15.355487422975791,15.18082785039218,15.275435118874968,864344,0.0,1.0
2019-11-13 00:00:00,21.08,21.28,21.03,21.22,15.442817209267597,1384756,15.4864821024135,15.304545047638904,15.340932458593825,1384756,0.0,1.0
2019-11-14 00:00:00,21.28,21.41,21.27,21.37,15.551979442132357,873928,15.581089370896288,15.479204620222514,15.4864821024135,873928,0.0,1.0
2019-11-15 00:00:00,21.36,21.48,21.33,21.48,15.632031746233176,1609397,15.632031746233176,15.522869513368416,15.544701959941367,1609397,0.0,1.0
2019-11-18 00:00:00,21.37,21.51,21.3,21.42,15.588366853087274,1186370,15.653864192806129,15.501037066795467,15.551979442132357,1186370,0.0,1.0
2019-11-19 00:00:00,21.6,21.66,21.4,21.56,15.690251603761045,840685,15.763026425670883,15.573811888705304,15.719361532524982,840685,0.0,1.0
2019-11-20 00:00:00,21.55,21.91,21.55,21.85,15.901298587299577,1491069,15.94496348044548,15.682974121570062,15.682974121570062,1491069,0.0,1.0
2019-11-21 00:00:00,21.81,21.81,21.51,21.54,15.675696639379078,960080,15.87218865853564,15.653864192806129,15.87218865853564,960080,0.0,1.0
2019-11-22 00:00:00,21.6,21.67,21.47,21.58,15.704806568143011,695240,15.770303907861868,15.62475426404219,15.719361532524982,695240,0.0,1.0
2019-11-25 00:00:00,21.6,21.65,21.5,21.57,15.697529085952027,558939,15.7557489434799,15.646586710615145,15.719361532524982,558939,0.0,1.0
2019-11-26 00:00:00,21.64,21.91,21.57,21.91,15.94496348044548,841839,15.94496348044548,15.697529085952027,15.748471461288917,841839,0.0,1.0
2019-11-27 00:00:00,21.75,21.86,21.68,21.74,15.959518444827443,556499,16.047611462922166,15.91547193578008,15.966859529668673,556499,0.19,1.0
2019-11-29 00:00:00,21.73,21.73,21.52,21.53,15.80535566316168,321938,15.952177359986218,15.79801457832045,15.952177359986218,321938,0.0,1.0
2019-12-02 00:00:00,21.41,21.58,21.35,21.56,15.827378917685357,685957,15.842061087367812,15.673216136019592,15.717262645066954,685957,0.0,1.0
2019-12-03 00:00:00,21.5,21.64,21.39,21.52,15.79801457832045,591457,15.886107596415174,15.7025804753845,15.783332408637996,591457,0.0,1.0
2019-12-04 00:00:00,21.47,21.71,21.39,21.69,15.92281302062131,1629549,15.937495190303764,15.7025804753845,15.761309154114317,1629549,0.0,1.0
2019-12-05 00:00:00,21.63,21.83,21.63,21.82,16.01824712355726,1277735,16.025588208398485,15.878766511573946,15.878766511573946,1277735,0.0,1.0
2019-12-06 00:00:00,21.86,21.95,21.85,21.91,16.084316887128303,971964,16.11368122649321,16.04027037808094,16.047611462922166,971964,0.0,1.0
2019-12-09 00:00:00,21.97,21.98,21.75,21.81,16.010906038716033,748628,16.13570448101689,15.966859529668673,16.128363396175665,748628,0.0,1.0
2019-12-10 00:00:00,21.79,21.85,21.55,21.57,15.834720002526586,884749,16.04027037808094,15.820037832844132,15.996223869033578,884749,0.0,1.0
2019-12-11 00:00:00,21.51,21.6,21.41,21.53,15.80535566316168,768209,15.856743257050269,15.717262645066954,15.790673493479224,768209,0.0,1.0
2019-12-12 00:00:00,21.41,21.45,21.23,21.29,15.62916962697223,1025133,15.74662698443186,15.58512311792487,15.717262645066954,1025133,0.0,1.0
2019-12-13 00:00:00,21.25,21.46,21.14,21.45,15.74662698443186,1549572,15.753968069273087,15.519053354353826,15.599805287607325,1549572,0.0,1.0
2019-12-16 00:00:00,21.46,21.55,21.43,21.49,15.775991323796768,1591527,15.820037832844132,15.731944814749408,15.753968069273087,1591527,0.0,1.0
2019-12-17 00:00:00,21.45,21.54,21.37,21.49,15.775991323796768,795455,15.812696748002905,15.687898305702047,15.74662698443186,795455,0.0,1.0
2019-12-18 00:00:00,21.5,21.58,21.42,21.53,15.80535566316168,708719,15.842061087367812,15.724603729908182,15.783332408637996,708719,0.0,1.0
2019-12-19 00:00:00,21.59,21.7,21.53,21.59,15.84940217220904,759565,15.930154105462536,15.80535566316168,15.84940217220904,759565,0.0,1.0
2019-12-20 00:00:00,21.78,22.11,21.69,22.08,16.20911532942916,3369789,16.23113858395284,15.92281302062131,15.988882784192352,3369789,0.0,1.0
2019-12-23 00:00:00,22.16,22.24,21.79,21.9,16.076975802287073,1081340,16.32657268688879,15.996223869033578,16.267844008158978,1081340,0.0,1.0
2019-12-24 00:00:00,21.89,21.9,21.79,21.82,16.01824712355726,268268,16.076975802287073,15.996223869033578,16.069634717445847,268268,0.0,1.0
2019-12-26 00:00:00,21.83,21.87,21.7,21.81,16.010906038716033,1076358,16.054952547763396,15.930154105462536,16.025588208398485,1076358,0.0,1.0
2019-12-27 00:00:00,21.85,21.86,21.68,21.74,15.959518444827443,719623,16.047611462922166,15.91547193578008,16.04027037808094,719623,0.0,1.0
2019-12-30 00:00:00,21.63,21.74,21.59,21.73,15.952177359986218,530727,15.959518444827443,15.84940217220904,15.878766511573946,530727,0.0,1.0
2019-12-31 00:00:00,21.68,21.76,21.58,21.74,15.959518444827443,1405363,15.9742006145099,15.842061087367812,15.91547193578008,1405363,0.0,1.0
2020-01-02 00:00:00,21.78,21.82,21.17,21.24,15.592464202766092,947065,16.01824712355726,15.541076608877509,15.988882784192352,947065,0.0,1.0
2020-01-03 00:00:00,21.25,21.39,21.14,21.35,15.673216136019592,859797,15.7025804753845,15.519053354353826,15.599805287607325,859797,0.0,1.0
2020-01-06 00:00:00,21.34,21.52,21.18,21.38,15.695239390543271,1825388,15.79801457832045,15.548417693718733,15.665875051178364,1825388,0.0,1.0
2020-01-07 00:00:00,21.38,21.51,21.2,21.47,15.761309154114317,1297016,15.790673493479224,15.563099863401186,15.695239390543271,1297016,0.0,1.0
2020-01-08 00:00:00,21.5,21.6,21.29,21.31,15.643851796654683,1237716,15.856743257050269,15.62916962697223,15.783332408637996,1237716,0.0,1.0
2020-01-09 00:00:00,21.33,21.66,21.23,21.62,15.87142542673272,1230368,15.900789766097628,15.58512311792487,15.658533966337137,1230368,0.0,1.0
2020-01-10 00:00:00,21.65,21.81,21.58,21.77,15.981541699351125,1181087,16.010906038716033,15.842061087367812,15.8934486812564,1181087,0.0,1.0
2020-01-13 00:00:00,21.82,21.99,21.81,21.94,16.106340141651984,1019661,16.143045565858117,16.010906038716033,16.01824712355726,1019661,0.0,1.0
2020-01-14 00:00:00,21.98,22.05,21.82,21.94,16.106340141651984,1050327,16.18709207490548,16.01824712355726,16.13570448101689,1050327,0.0,1.0
2020-01-15 00:00:00,22.0,22.1,21.93,22.01,16.157727735540572,1093997,16.223797499111615,16.098999056810758,16.150386650699346,1093997,0.0,1.0
2020-01-16 00:00:00,22.05,22.15,22.0,22.15,16.26050292331775,796774,16.26050292331775,16.150386650699346,16.18709207490548,796774,0.0,1.0
2020-01-17 00:00:00,22.17,22.2,22.04,22.11,16.23113858395284,599256,16.297208347523885,16.179750990064253,16.275185093000204,599256,0.0,1.0
2020-01-21 00:00:00,22.12,22.14,21.92,22.02,16.165068820381798,823192,16.253161838476522,16.091657971969532,16.23847966879407,823192,0.0,1.0
2020-01-22 00:00:00,22.09,22.14,21.7,21.75,15.966859529668673,1758498,16.253161838476522,15.930154105462536,16.21645641427039,1758498,0.0,1.0
2020-01-23 00:00:00,21.68,21.97,21.53,21.79,15.996223869033578,1361282,16.128363396175665,15.80535566316168,15.91547193578008,1361282,0.0,1.0
2020-01-24 00:00:00,21.9,21.9,21.47,21.66,15.900789766097628,1053215,16.076975802287073,15.761309154114317,16.076975802287073,1053215,0.0,1.0
2020-01-27 00:00:00,21.61,21.92,21.59,21.82,16.01824712355726,999378,16.091657971969532,15.84940217220904,15.864084341891491,999378,0.0,1.0
2020-01-28 00:00:00,21.79,21.85,21.52,21.58,15.842061087367812,848535,16.04027037808094,15.79801457832045,15.996223869033578,848535,0.0,1.0
2020-01-29 00:00:00,21.59,21.83,21.49,21.78,15.988882784192352,926299,16.025588208398485,15.775991323796768,15.84940217220904,926299,0.0,1.0
2020-01-30 00:00:00,21.84,21.97,21.73,21.97,16.128363396175665,840673,16.128363396175665,15.952177359986218,16.032929293239714,840673,0.0,1.0
2020-01-31 00:00:00,21.9,21.95,21.48,21.53,15.80535566316168,875398,16.11368122649321,15.768650238955544,16.076975802287073,875398,0.0,1.0
2020-02-03 00:00:00,21.57,21.81,21.56,21.77,15.981541699351125,910207,16.010906038716033,15.827378917685357,15.834720002526586,910207,0.0,1.0
2020-02-04 00:00:00,21.88,21.9,21.64,21.77,15.981541699351125,1461047,16.076975802287073,15.886107596415174,16.06229363260462,1461047,0.0,1.0
2020-02-05 00:00:00,21.83,21.84,21.595,21.73,15.952177359986218,1695806,16.032929293239714,15.853072714629652,16.025588208398485,1695806,0.0,1.0
2020-02-06 00:00:00,22.3,22.9,21.72,21.86,16.047611462922166,3018843,16.811084286409773,15.94483627514499,16.370619195936154,3018843,0.0,1.0
2020-02-07 00:00:00,21.91,22.58,21.91,22.3,16.370619195936154,2566703,16.57616957149051,16.084316887128303,16.084316887128303,2566703,0.0,1.0
2020-02-10 00:00:00,22.31,22.47,22.14,22.39,16.436688959507197,1345861,16.49541763823701,16.253161838476522,16.37796028077738,1345861,0.0,1.0
2020-02-11 00:00:00,22.38,22.47,22.27,22.4,16.444030044348423,750397,16.49541763823701,16.348595941412473,16.429347874665968,750397,0.0,1.0
2020-02-12 00:00:00,22.39,22.44,22.25,22.26,16.341254856571247,1016697,16.473394383713334,16.33391377173002,16.436688959507197,1016697,0.0,1.0
2020-02-13 00:00:00,22.17,22.45,22.08,22.39,16.436688959507197,1048984,16.48073546855456,16.20911532942916,16.275185093000204,1048984,0.0,1.0
2020-02-14 00:00:00,22.4,22.57,22.32,22.52,16.532123062443148,872006,16.568828486649284,16.38530136561861,16.444030044348423,872006,0.0,1.0
2020-02-18 00:00:00,22.43,22.51,22.27,22.29,16.363278111094928,1994101,16.524781977601922,16.348595941412473,16.466053298872104,1994101,0.0,1.0
2020-02-19 00:00:00,22.29,22.36,22.16,22.17,16.275185093000204,872984,16.414665704983516,16.267844008158978,16.363278111094928,872984,0.0,1.0
2020-02-20 00:00:00,22.19,22.23,22.07,22.21,16.30454943236511,1081538,16.319231602047566,16.201774244587934,16.28986726268266,1081538,0.0,1.0
2020-02-21 00:00:00,22.14,22.22,22.0,22.06,16.194433159746705,1244525,16.311890517206336,16.150386650699346,16.253161838476522,1244525,0.0,1.0
2020-02-24 00:00:00,21.81,22.1,21.78,21.99,16.143045565858117,1208526,16.223797499111615,15.988882784192352,16.010906038716033,1208526,0.0,1.0
2020-02-25 00:00:00,21.97,22.07,21.64,21.69,15.92281302062131,960891,16.201774244587934,15.886107596415174,16.128363396175665,960891,0.0,1.0
2020-02-26 00:00:00,21.81,22.41,21.65,22.26,16.341254856571247,2767224,16.451371129189653,15.8934486812564,16.010906038716033,2767224,0.0,1.0
2020-02-27 00:00:00,22.0,22.49,21.7,22.33,16.532123062443148,3452969,16.650579833154787,16.06569952776607,16.287805972850393,3452969,0.19,1.0
2020-02-28 00:00:00,22.05,22.08,20.98,21.53,15.939839208884957,4132978,16.347034358206212,15.532644059563694,16.324823713697782,4132978,0.0,1.0
2020-03-02 00:00:00,21.51,22.52,21.45,22.43,16.606158544137923,2533935,16.67279047766322,15.880610823529134,15.925032112546,2533935,0.0,1.0
2020-03-03 00:00:00,22.48,22.98,22.37,22.88,16.93931821176441,2289391,17.013353693459184,16.56173725512106,16.643176284985312,2289391,0.0,1.0
2020-03-04 00:00:00,23.16,23.62,23.1,23.53,17.420548842780445,1738572,17.487180776305742,17.102196271492915,17.146617560509778,1738572,0.0,1.0
2020-03-05 00:00:00,23.27,23.49,23.06,23.3,17.25026723488246,1944886,17.390934650102533,17.072582078815003,17.22805659037403,1944886,0.0,1.0
2020-03-06 00:00:00,22.87,23.52,22.69,23.47,17.376127553763578,1367701,17.413145294610967,16.79865079654434,16.93191466359493,1367701,0.0,1.0
2020-03-09 00:00:00,22.5,24.5,21.5,22.42,16.59875499596845,1967078,18.13869301521976,15.91762856437652,16.657983381324268,1967078,0.0,1.0
2020-03-10 00:00:00,22.56,22.86,21.53,22.42,16.59875499596845,2509791,16.924511115425453,15.939839208884957,16.70240467034113,2509791,0.0,1.0
2020-03-11 00:00:00,22.04,22.09,21.43,21.88,16.198963394816662,2090091,16.35443790637569,15.865803727190178,16.317420165528304,2090091,0.0,1.0
2020-03-12 00:00:00,20.79,21.05,19.66,20.51,15.184677295598254,2015351,15.584468896750035,14.55537570119267,15.391976644343622,2015351,0.0,1.0
2020-03-13 00:00:00,21.16,22.62,20.89,22.61,16.739422411188517,2481181,16.746825959357995,15.466012126038397,15.665907926614288,2481181,0.0,1.0
2020-03-16 00:00:00,20.99,22.36,19.94,21.28,15.754750504648015,2072917,16.55433370695158,14.76267504993804,15.54004760773317,2072917,0.0,1.0
2020-03-17 00:00:00,21.55,24.4,21.51,24.28,17.975814955491252,2609100,18.06465753352498,15.925032112546,15.954646305223909,2609100,0.0,1.0
2020-03-18 00:00:00,22.93,25.08,22.43,23.4,17.324302716577236,2514613,18.56809880904945,16.606158544137923,16.976335952611798,2514613,0.0,1.0
2020-03-19 00:00:00,23.46,23.82,22.1,22.91,16.961528856272842,1617682,17.63525173969529,16.361841454545168,17.368724005594103,1617682,0.0,1.0
2020-03-20 00:00:00,22.61,23.16,21.2,21.4,15.843593082681746,1998597,17.146617560509778,15.695522119292196,16.739422411188517,1998597,0.0,1.0
2020-03-23 00:00:00,21.34,21.45,19.26,19.47,14.414708285972598,2198707,15.880610823529134,14.259233774413572,15.79917179366488,2198707,0.0,1.0
2020-03-24 00:00:00,19.84,20.49,18.85,19.05,14.103759262854544,1771099,15.169870199259297,13.955688299464995,14.688639568243264,1771099,0.0,1.0
2020-03-25 00:00:00,18.96,19.51,17.42,17.74,13.133894452652996,3680632,14.444322478650507,12.896980911229722,14.037127329329248,3680632,0.0,1.0
2020-03-26 00:00:00,17.75,19.75,17.73,19.58,14.496147315836849,4445910,14.622007634717969,13.12649090448352,13.141298000822475,4445910,0.0,1.0
2020-03-27 00:00:00,19.3,20.07,19.01,19.54,14.46653312315894,1257041,14.858921176141246,14.074145070176638,14.288847967091485,1257041,0.0,1.0
2020-03-30 00:00:00,20.0,21.23,19.59,21.08,15.606679541258467,1932952,15.71773276380063,14.503550864006328,14.807096338954905,1932952,0.0,1.0
2020-03-31 00:00:00,21.04,21.47,20.35,20.52,15.19208084376773,2352965,15.895417919868088,15.066220524886615,15.577065348580556,2352965,0.0,1.0
2020-04-01 00:00:00,20.04,20.94,19.81,20.75,15.362362451665712,1545516,15.503029866885784,14.66642892373483,14.836710531632813,1545516,0.0,1.0
2020-04-02 00:00:00,20.52,21.33,20.41,21.23,15.71773276380063,1294721,15.791768245495405,15.11064181390348,15.19208084376773,1294721,0.0,1.0
2020-04-03 00:00:00,21.09,21.43,20.86,21.2,15.695522119292196,1169664,15.865803727190178,15.443801481529963,15.614083089427943,1169664,0.0,1.0
2020-04-06 00:00:00,21.61,22.0,21.25,21.91,16.221174039325096,1774594,16.287805972850393,15.732539860139584,15.999067594240772,1774594,0.0,1.0
2020-04-07 00:00:00,21.85,22.38,21.66,21.95,16.250788232003007,1886310,16.569140803290537,16.03608533508816,16.176752750308232,1886310,0.0,1.0
2020-04-08 00:00:00,21.75,22.15,21.43,21.95,16.250788232003007,1569329,16.398859195392554,15.865803727190178,16.102717268613457,1569329,0.0,1.0
2020-04-09 00:00:00,21.82,22.45,21.75,22.17,16.413666291731513,1219108,16.62096564047688,16.102717268613457,16.1545421057998,1219108,0.0,1.0
2020-04-13 00:00:00,22.08,22.21,21.72,22.04,16.317420165528304,863041,16.44328048440942,16.080506624105023,16.347034358206212,863041,0.0,1.0
2020-04-14 00:00:00,22.49,23.27,22.09,23.17,17.154021108679256,1048742,17.22805659037403,16.35443790637569,16.650579833154787,1048742,0.0,1.0
2020-04-15 00:00:00,23.12,23.16,22.58,22.68,16.79124724837486,1193122,17.146617560509778,16.717211766680084,17.11700336783187,1193122,0.0,1.0
2020-04-16 00:00:00,22.97,23.56,22.8,23.39,17.31689916840776,1334508,17.442759487288875,16.88008982640859,17.005950145289706,1334508,0.0,1.0
2020-04-17 00:00:00,23.57,23.67,22.88,23.14,17.131810464170822,1337560,17.524198517153128,16.93931821176441,17.450163035458353,1337560,0.0,1.0
2020-04-20 00:00:00,23.08,23.67,22.93,23.27,17.22805659037403,1789867,17.524198517153128,16.976335952611798,17.08738917515396,1789867,0.0,1.0
2020-04-21 00:00:00,23.13,23.28,22.44,22.52,16.67279047766322,1168233,17.23546013854351,16.6135620923074,17.124406916001345,1168233,0.0,1.0
2020-04-22 00:00:00,22.71,22.85,22.44,22.6,16.732018863019043,1061010,16.91710756725598,16.6135620923074,16.813457892883292,1061010,0.0,1.0
2020-04-23 00:00:00,22.54,22.65,22.09,22.12,16.376648550884124,1014636,16.769036603866425,16.35443790637569,16.687597574002176,1014636,0.0,1.0
2020-04-24 00:00:00,22.32,22.34,22.06,22.23,16.458087580748376,894642,16.539526610612626,16.332227261867256,16.524719514273674,894642,0.0,1.0
2020-04-27 00:00:00,22.47,23.0,22.41,22.69,16.79865079654434,1086999,17.02816078979814,16.59135144779897,16.635772736815834,1086999,0.0,1.0
2020-04-28 00:00:00,22.83,23.01,22.7,22.84,16.9097040190865,1058463,17.035564337967617,16.806054344713814,16.90230047091702,1058463,0.0,1.0
2020-04-29 00:00:00,22.76,22.8,22.08,22.37,16.56173725512106,3383262,16.88008982640859,16.347034358206212,16.85047563373068,3383262,0.0,1.0
2020-04-30 00:00:00,22.41,22.76,21.77,22.28,16.495105321595762,1690906,16.85047563373068,16.117524364952413,16.59135144779897,1690906,0.0,1.0
2020-05-01 00:00:00,22.15,22.69,22.06,22.22,16.450684032578895,932690,16.79865079654434,16.332227261867256,16.398859195392554,932690,0.0,1.0
2020-05-04 00:00:00,22.22,22.32,21.86,21.9,16.213770491155618,846963,16.524719514273674,16.18415629847771,16.450684032578895,846963,0.0,1.0
2020-05-05 00:00:00,21.89,22.2,21.79,22.01,16.29520952101987,1530719,16.435876936239943,16.132331461291365,16.206366942986143,1530719,0.0,1.0
2020-05-06 00:00:00,21.99,22.14,21.36,21.39,15.83618953451227,2193059,16.39145564722308,15.813978890003836,16.280402424680915,2193059,0.0,1.0
2020-05-07 00:00:00,21.52,21.76,21.19,21.53,15.939839208884957,1643863,16.110120816782935,15.688118571122722,15.932435660715475,1643863,0.0,1.0
2020-05-08 00:00:00,21.84,22.42,21.82,22.37,16.56173725512106,828174,16.59875499596845,16.1545421057998,16.169349202138754,828174,0.0,1.0
2020-05-11 00:00:00,22.43,22.88,22.32,22.43,16.606158544137923,2203635,16.93931821176441,16.524719514273674,16.606158544137923,2203635,0.0,1.0
2020-05-12 00:00:00,22.5,22.68,22.2,22.45,16.62096564047688,1452873,16.79124724837486,16.435876936239943,16.657983381324268,1452873,0.0,1.0
2020-05-13 00:00:00,22.54,23.05,22.45,22.61,16.739422411188517,3226740,17.065178530645525,16.62096564047688,16.687597574002176,3226740,0.0,1.0
2020-05-14 00:00:00,22.89,24.11,22.36,22.81,16.887493374578067,2527596,17.849954636610136,16.55433370695158,16.946721759933887,2527596,0.0,1.0
2020-05-15 00:00:00,22.81,23.26,22.59,22.69,16.79865079654434,1640554,17.220653042204553,16.72461531484956,16.887493374578067,1640554,0.0,1.0
2020-05-18 00:00:00,22.75,23.37,22.3,23.2,17.176231753187686,1697204,17.302092072068806,16.509912417934718,16.843072085561204,1697204,0.0,1.0
2020-05-19 00:00:00,23.19,23.58,23.09,23.09,17.094792723323437,923399,17.45756658362783,17.094792723323437,17.16882820501821,923399,0.0,1.0
2020-05-20 00:00:00,23.27,23.36,22.8,22.87,16.93191466359493,912516,17.294688523899328,16.88008982640859,17.22805659037403,912516,0.0,1.0
2020-05-21 00:00:00,22.93,22.93,22.6,22.82,16.894896922747545,1331679,16.976335952611798,16.732018863019043,16.976335952611798,1331679,0.0,1.0
2020-05-22 00:00:00,22.74,22.93,22.45,22.89,16.946721759933887,1874140,16.976335952611798,16.62096564047688,16.835668537391722,1874140,0.0,1.0
2020-05-26 00:00:00,23.07,23.17,22.71,22.77,16.857879181900156,1283801,17.154021108679256,16.813457892883292,17.07998562698448,1283801,0.0,1.0
2020-05-27 00:00:00,22.77,23.15,22.61,23.12,17.11700336783187,1053607,17.1392140123403,16.739422411188517,16.857879181900156,1053607,0.0,1.0
2020-05-28 00:00:00,23.26,23.47,23.08,23.41,17.331706264746714,769700,17.376127553763578,17.08738917515396,17.220653042204553,769700,0.0,1.0
2020-05-29 00:00:00,23.36,23.67,23.09,23.59,17.46497013179731,1061269,17.524198517153128,17.094792723323437,17.294688523899328,1061269,0.0,1.0
2020-06-01 00:00:00,23.73,23.78,23.49,23.54,17.42795239094992,736837,17.60563754701738,17.390934650102533,17.568619806169995,736837,0.0,1.0
2020-06-02 00:00:00,23.56,23.6,23.19,23.3,17.25026723488246,1245101,17.472373679966786,17.16882820501821,17.442759487288875,1245101,0.0,1.0
2020-06-03 00:00:00,23.34,23.44,22.86,22.87,16.93191466359493,1269891,17.353916909255148,16.924511115425453,17.279881427560372,1269891,0.0,1.0
2020-06-04 00:00:00,22.57,22.87,22.49,22.63,16.90230047091702,1285254,17.0815559774579,16.797734758768172,16.857486594281802,1285254,0.2,1.0
2020-06-05 00:00:00,22.68,22.84,22.55,22.76,16.999397203626664,779766,17.05914903914029,16.842548635403396,16.939645368113037,779766,0.0,1.0
2020-06-08 00:00:00,22.67,23.24,22.64,23.21,17.33550127839081,900879,17.35790821670842,16.909769450356226,16.932176388673835,900879,0.0,1.0
2020-06-09 00:00:00,23.21,23.25,22.81,23.09,17.24587352512037,754244,17.365377196147623,17.03674210082268,17.33550127839081,754244,0.0,1.0
2020-06-10 00:00:00,23.24,23.43,22.86,22.97,17.15624577184993,1151698,17.499818826053282,17.074086998018696,17.35790821670842,1151698,0.0,1.0
2020-06-11 00:00:00,22.81,22.9,22.12,22.33,16.678231087740922,1529432,17.103962915775508,16.521382519517655,17.03674210082268,1529432,0.0,1.0
2020-06-12 00:00:00,22.5,22.55,21.95,22.23,16.60354129334889,1310050,16.842548635403396,16.3944098690512,16.80520373820738,1310050,0.0,1.0
2020-06-15 00:00:00,22.16,22.68,21.96,22.64,16.909769450356226,1407120,16.939645368113037,16.4018788484904,16.551258437274466,1407120,0.0,1.0
2020-06-16 00:00:00,22.85,23.02,22.52,22.87,17.0815559774579,750789,17.19359066904595,16.820141697085784,17.066618018579494,750789,0.0,1.0
2020-06-17 00:00:00,22.96,23.2,22.83,22.97,17.15624577184993,797197,17.32803229895161,17.051680059701084,17.14877679241073,797197,0.0,1.0
2020-06-18 00:00:00,22.89,23.16,22.83,22.89,17.096493936336305,569408,17.298156381194794,17.051680059701084,17.096493936336305,569408,0.0,1.0
2020-06-19 00:00:00,23.03,23.21,22.73,22.8,17.029273121383476,2932092,17.33550127839081,16.976990265309055,17.201059648485153,2932092,0.0,1.0
2020-06-22 00:00:00,22.72,22.72,22.35,22.41,16.73798292325455,932254,16.96952128586985,16.693169046619328,16.96952128586985,932254,0.0,1.0
2020-06-23 00:00:00,22.6,22.69,22.2,22.23,16.60354129334889,1145124,16.94711434755224,16.581134355031278,16.87989353259941,1145124,0.0,1.0
2020-06-24 00:00:00,22.11,22.44,22.09,22.32,16.67076210830172,775900,16.760389861572158,16.498975581200042,16.51391354007845,775900,0.0,1.0
2020-06-25 00:00:00,22.37,22.46,22.06,22.32,16.67076210830172,869583,16.775327820450567,16.476568642882434,16.708107005497737,869583,0.0,1.0
2020-06-26 00:00:00,22.4,22.43,21.98,22.0,16.431754766247213,1400053,16.752920882132955,16.416816807368807,16.730513943815343,1400053,0.0,1.0
2020-06-29 00:00:00,22.07,22.505,22.05,22.21,16.588603334470484,845531,16.80893822792698,16.46909966344323,16.484037622321637,845531,0.0,1.0
2020-06-30 00:00:00,22.32,22.44,22.21,22.36,16.70063802605853,818547,16.760389861572158,16.588603334470484,16.67076210830172,818547,0.0,1.0
2020-07-01 00:00:00,22.29,22.49,22.18,22.25,16.618479252227296,636101,16.797734758768172,16.566196396152872,16.648355169984107,636101,0.0,1.0
2020-07-02 00:00:00,22.42,22.5,22.16,22.2,16.581134355031278,683717,16.80520373820738,16.551258437274466,16.745451902693752,683717,0.0,1.0
2020-07-06 00:00:00,22.38,22.53,21.9,22.05,16.46909966344323,1079794,16.827610676524987,16.35706497185518,16.715575984936937,1079794,0.0,1.0
2020-07-07 00:00:00,21.98,22.22,21.88,22.02,16.44669272512562,760463,16.596072313909684,16.342127012976775,16.416816807368807,760463,0.0,1.0
2020-07-08 00:00:00,21.99,22.16,21.86,21.96,16.4018788484904,771590,16.551258437274466,16.32718905409837,16.42428578680801,771590,0.0,1.0
2020-07-09 00:00:00,21.85,21.99,21.65,21.69,16.200216403631913,431496,16.42428578680801,16.170340485875098,16.319720074659166,431496,0.0,1.0
2020-07-10 00:00:00,21.68,21.99,21.67,21.97,16.409347827929604,441656,16.42428578680801,16.185278444753507,16.19274742419271,441656,0.0,1.0
2020-07-13 00:00:00,22.04,22.06,21.77,21.81,16.28984415690235,803938,16.476568642882434,16.25996823914554,16.461630684004028,803938,0.0,1.0
2020-07-14 00:00:00,21.84,22.18,21.78,22.13,16.528851498956858,744839,16.566196396152872,16.267437218584742,16.31225109521996,744839,0.0,1.0
2020-07-15 00:00:00,22.25,22.38,21.94,22.0,16.431754766247213,792869,16.715575984936937,16.386940889611996,16.618479252227296,792869,0.0,1.0
2020-07-16 00:00:00,22.0,22.16,21.88,22.0,16.431754766247213,355656,16.551258437274466,16.342127012976775,16.431754766247213,355656,0.0,1.0
2020-07-17 00:00:00,22.06,22.17,21.89,21.9,16.35706497185518,374273,16.558727416713673,16.349595992415978,16.476568642882434,374273,0.0,1.0
2020-07-20 00:00:00,21.9,22.22,21.55,21.84,16.31225109521996,877257,16.596072313909684,16.095650691483065,16.35706497185518,877257,0.0,1.0
2020-07-21 00:00:00,21.92,22.83,21.88,22.8,17.029273121383476,2455823,17.051680059701084,16.342127012976775,16.37200293073359,2455823,0.0,1.0
2020-07-22 00:00:00,22.74,22.75,22.245,22.51,16.81267271764658,863527,16.99192822418746,16.614744762507694,16.984459244748255,863527,0.0,1.0
2020-07-23 00:00:00,22.58,22.745,22.485,22.53,16.827610676524987,492679,16.98819373446786,16.794000269048574,16.864955573721,492679,0.0,1.0
2020-07-24 00:00:00,22.6,22.75,22.335,22.43,16.752920882132955,450855,16.99192822418746,16.681965577460524,16.87989353259941,450855,0.0,1.0
2020-07-27 00:00:00,22.35,22.66,22.35,22.56,16.850017614842596,577228,16.92470740923463,16.693169046619328,16.693169046619328,577228,0.0,1.0
2020-07-28 00:00:00,22.54,22.85,22.54,22.63,16.90230047091702,642730,17.066618018579494,16.83507965596419,16.83507965596419,642730,0.0,1.0
2020-07-29 00:00:00,22.72,22.81,22.51,22.68,16.939645368113037,625988,17.03674210082268,16.81267271764658,16.96952128586985,625988,0.0,1.0
2020-07-30 00:00:00,22.58,22.625,22.24,22.59,16.872424553160208,731142,16.898565981197418,16.611010272788093,16.864955573721,731142,0.0,1.0
2020-07-31 00:00:00,22.48,22.82,22.4,22.75,16.99192822418746,1093926,17.04421108026188,16.730513943815343,16.790265779328973,1093926,0.0,1.0
2020-08-03 00:00:00,22.76,23.32,22.76,23.25,17.365377196147623,1003252,17.417660052222047,16.999397203626664,16.999397203626664,1003252,0.0,1.0
2020-08-04 00:00:00,23.14,23.595,23.11,23.55,17.589446579323724,787403,17.623056986800137,17.26081148399878,17.283218422316388,787403,0.0,1.0
2020-08-05 00:00:00,23.64,23.67,23.11,23.25,17.365377196147623,794904,17.679074332594162,17.26081148399878,17.656667394276553,794904,0.0,1.0
2020-08-06 00:00:00,23.21,23.47,23.21,23.4,17.477411887735673,647100,17.529694743810094,17.33550127839081,17.33550127839081,647100,0.0,1.0
2020-08-07 00:00:00,23.32,23.98,23.04,23.78,17.761233106425397,1021362,17.910612695209462,17.208528627924355,17.417660052222047,1021362,0.0,1.0
2020-08-10 00:00:00,23.92,24.385,23.88,24.07,17.97783351016229,1231124,18.213106362497196,17.83592290081743,17.865798818574245,1231124,0.0,1.0
2020-08-11 00:00:00,24.13,24.43,23.88,24.27,18.127213098946356,1564249,18.24671676997361,17.83592290081743,18.022647386797512,1564249,0.0,1.0
2020-08-12 00:00:00,24.32,24.71,24.22,24.61,18.38115839987927,1038476,18.455848194271304,18.089868201750345,18.164557996142378,1038476,0.0,1.0
2020-08-13 00:00:00,24.65,24.77,24.43,24.47,18.276592687730425,846604,18.50066207090652,18.24671676997361,18.411034317636084,846604,0.0,1.0
2020-08-14 00:00:00,24.44,24.795,24.34,24.52,18.31393758492644,850996,18.519334519504532,18.17949595502078,18.254185749412816,850996,0.0,1.0
2020-08-17 00:00:00,24.5,25.065,24.49,24.76,18.49319309146732,629962,18.72099696436302,18.29153064660883,18.298999626048033,629962,0.0,1.0
2020-08-18 00:00:00,24.75,25.14,24.61,25.09,18.739669412961028,760237,18.777014310157043,18.38115839987927,18.485724112028116,760237,0.0,1.0
2020-08-19 00:00:00,25.03,25.178,24.88,25.02,18.687386556886604,541338,18.805396432026015,18.582820844737757,18.694855536325807,541338,0.0,1.0
2020-08-20 00:00:00,24.99,25.15,24.8,24.82,18.53800696810254,483075,18.784483289596245,18.523069009224137,18.664979618568992,483075,0.0,1.0
2020-08-21 00:00:00,24.77,24.88,24.555,24.65,18.411034317636084,578172,18.582820844737757,18.340079012963653,18.50066207090652,578172,0.0,1.0
2020-08-24 00:00:00,24.64,24.98,24.54,24.88,18.582820844737757,544208,18.657510639129793,18.328875543804845,18.40356533819688,544208,0.0,1.0
2020-08-25 00:00:00,25.02,25.1,24.74,25.03,18.694855536325807,630813,18.74713839240023,18.47825513258891,18.687386556886604,630813,0.0,1.0
2020-08-26 00:00:00,24.96,25.06,24.77,24.89,18.590289824176963,573945,18.717262474643416,18.50066207090652,18.642572680251384,573945,0.0,1.0
2020-08-27 00:00:00,24.78,25.1,24.74,24.75,18.635103700812184,647301,18.898630419813568,18.62757436598357,18.657691705298017,647301,0.2,1.0
2020-08-28 00:00:00,24.77,24.81,24.13,24.42,18.386635651468023,766219,18.68027970978385,18.1682849414383,18.65016237046941,766219,0.0,1.0
2020-08-31 00:00:00,24.29,24.49,24.24,24.46,18.416752990782467,734588,18.439340995268296,18.251107624553025,18.288754298696077,734588,0.0,1.0
2020-09-01 00:00:00,24.46,24.5,24.04,24.17,18.19840228075275,571065,18.44687033009691,18.100520927980803,18.416752990782467,571065,0.0,1.0
2020-09-02 00:00:00,24.15,24.67,24.14,24.51,18.45439966492552,677602,18.574869022183297,18.175814276266912,18.183343611095523,677602,0.0,1.0
2020-09-03 00:00:00,24.54,24.86,23.93,24.09,18.138167602123858,778903,18.717926383926905,18.01769824486608,18.47698766941135,778903,0.0,1.0
2020-09-04 00:00:00,24.15,24.2,23.59,24.05,18.108050262809417,747095,18.220990285238575,17.76170086069331,18.183343611095523,747095,0.0,1.0
2020-09-08 00:00:00,24.07,24.19,23.44,23.53,17.716524851721644,802831,18.21346095040997,17.648760838264145,18.123108932466636,802831,0.0,1.0
2020-09-09 00:00:00,23.62,24.0,23.58,23.73,17.867111548293863,493931,18.07040358866636,17.7541715258647,17.784288865179143,493931,0.0,1.0
2020-09-10 00:00:00,23.63,23.82,23.465,23.48,17.67887817757859,426161,17.93487556175136,17.667584175335673,17.791818200007754,426161,0.0,1.0
2020-09-11 00:00:00,23.64,23.66,23.355,23.41,17.626172833778313,501437,17.814406204493586,17.584761492220952,17.799347534836365,501437,0.0,1.0
2020-09-14 00:00:00,23.52,23.565,23.24,23.27,17.52076214617776,798813,17.742877523621782,17.498174141691923,17.708995516893033,798813,0.0,1.0
2020-09-15 00:00:00,23.29,23.43,23.0,23.27,17.52076214617776,719413,17.641231503435534,17.31747010580526,17.535820815834978,719413,0.0,1.0
2020-09-16 00:00:00,23.32,23.62,23.07,23.41,17.626172833778313,1353731,17.784288865179143,17.37017544960554,17.558408820320814,1353731,0.0,1.0
2020-09-17 00:00:00,23.21,23.57,23.09,23.42,17.633702168606924,1345906,17.746642191036088,17.38523411926276,17.475586137206093,1345906,0.0,1.0
2020-09-18 00:00:00,23.45,23.57,23.28,23.51,17.701466182064422,2544366,17.746642191036088,17.52829148100637,17.656290173092756,2544366,0.0,1.0
2020-09-21 00:00:00,23.44,23.82,23.19,23.45,17.656290173092756,917427,17.93487556175136,17.46052746754887,17.648760838264145,917427,0.0,1.0
2020-09-22 00:00:00,23.52,23.87,23.52,23.54,17.724054186550255,909225,17.972522235894417,17.708995516893033,17.708995516893033,909225,0.0,1.0
2020-09-23 00:00:00,23.58,23.66,23.3,23.31,17.5508794854922,727500,17.814406204493586,17.543350150663592,17.7541715258647,727500,0.0,1.0
2020-09-24 00:00:00,23.26,23.745,23.26,23.56,17.739112856207477,712448,17.87840555053678,17.513232811349148,17.513232811349148,712448,0.0,1.0
2020-09-25 00:00:00,23.54,23.78,23.43,23.73,17.867111548293863,917634,17.904758222436918,17.641231503435534,17.724054186550255,917634,0.0,1.0
2020-09-28 00:00:00,23.81,24.115,23.81,24.02,18.08546225832358,773144,18.156990939195385,17.92734622692275,17.92734622692275,773144,0.0,1.0
2020-09-29 00:00:00,24.01,24.2,23.92,24.1,18.145696936952472,501722,18.220990285238575,18.01016891003747,18.077932923494973,501722,0.0,1.0
2020-09-30 00:00:00,24.21,24.4995,24.03,24.33,18.31887163801052,1351288,18.44649386335548,18.092991593152192,18.228519620067193,1351288,0.0,1.0
2020-10-01 00:00:00,24.38,24.4716,24.18,24.42,18.386635651468023,653611,18.425487019183652,18.205931615581356,18.356518312153575,653611,0.0,1.0
2020-10-02 00:00:00,24.34,24.705,24.27,24.63,18.54475168286885,630596,18.60122169408343,18.273695629038855,18.32640097283913,630596,0.0,1.0
2020-10-05 00:00:00,24.75,24.985,24.58,24.92,18.76310239289857,564868,18.81204306928454,18.50710500872579,18.635103700812184,564868,0.0,1.0
2020-10-06 00:00:00,24.8,24.93,24.531999999999996,24.63,18.54475168286885,742427,18.77063172772718,18.470964201548465,18.67275037495524,742427,0.0,1.0
2020-10-07 00:00:00,24.64,24.75,24.34,24.59,18.51463434355441,824468,18.635103700812184,18.32640097283913,18.552281017697464,824468,0.0,1.0
2020-10-08 00:00:00,24.7,24.74,24.43,24.51,18.45439966492552,727370,18.62757436598357,18.39416498629663,18.59745702666913,727370,0.0,1.0
2020-10-09 00:00:00,24.51,24.83,24.48,24.69,18.58992769184052,622997,18.69533837944107,18.43181166043969,18.45439966492552,622997,0.0,1.0
2020-10-12 00:00:00,24.76,25.14,24.73,24.96,18.793219732213014,1000241,18.92874775912801,18.62004503115496,18.642633035640795,1000241,0.0,1.0
2020-10-13 00:00:00,24.83,25.1,24.78,24.95,18.785690397384403,608751,18.898630419813568,18.657691705298017,18.69533837944107,608751,0.0,1.0
2020-10-14 00:00:00,24.88,25.06,24.665,24.84,18.702867714269683,659481,18.868513080499124,18.57110435476899,18.732985053584127,659481,0.0,1.0
2020-10-15 00:00:00,24.73,25.07,24.63,24.95,18.785690397384403,543164,18.876042415327735,18.54475168286885,18.62004503115496,543164,0.0,1.0
2020-10-16 00:00:00,24.97,25.0,24.81,24.88,18.732985053584127,377046,18.823337071527455,18.68027970978385,18.800749067041625,377046,0.0,1.0
2020-10-19 00:00:00,24.87,24.98,24.64,24.66,18.56733968735469,798648,18.808278401870236,18.552281017697464,18.725455718755516,798648,0.0,1.0
2020-10-20 00:00:00,24.71,24.735,24.16,24.25,18.258636959381633,1619263,18.623809698569268,18.190872945924134,18.60498636149774,1619263,0.0,1.0
2020-10-21 00:00:00,24.2,24.34,23.99,24.03,18.092991593152192,903957,18.32640097283913,18.062874253837748,18.220990285238575,903957,0.0,1.0
2020-10-22 00:00:00,23.95,24.12,23.82,24.06,18.115579597638025,691176,18.16075560660969,17.93487556175136,18.032756914523304,691176,0.0,1.0
2020-10-23 00:00:00,24.11,24.3,23.98,24.25,18.258636959381633,402130,18.29628363352469,18.055344919009137,18.15322627178108,402130,0.0,1.0
2020-10-26 00:00:00,24.12,24.23,24.0,24.15,18.183343611095523,635168,18.24357828972441,18.07040358866636,18.16075560660969,635168,0.0,1.0
2020-10-27 00:00:00,24.24,24.48,24.16,24.2,18.220990285238575,749112,18.43181166043969,18.190872945924134,18.251107624553025,749112,0.0,1.0
2020-10-28 00:00:00,24.03,24.27,23.67,23.75,17.882170217951085,954693,18.273695629038855,17.821935539322197,18.092991593152192,954693,0.0,1.0
2020-10-29 00:00:00,23.72,23.87,23.45,23.8,17.91981689209414,1824119,17.972522235894417,17.656290173092756,17.859582213465252,1824119,0.0,1.0
2020-10-30 00:00:00,23.7,23.9,23.44,23.58,17.7541715258647,892388,17.99511024038025,17.648760838264145,17.84452354380803,892388,0.0,1.0
2020-11-02 00:00:00,23.83,24.03,23.66,23.9,17.99511024038025,768311,18.092991593152192,17.814406204493586,17.942404896579973,768311,0.0,1.0
2020-11-03 00:00:00,24.03,24.29,23.88,23.97,18.04781558418053,538178,18.288754298696077,17.980051570723028,18.092991593152192,538178,0.0,1.0
2020-11-04 00:00:00,23.98,24.53,23.91,24.17,18.19840228075275,712279,18.469458334582743,18.00263957520886,18.055344919009137,712279,0.0,1.0
2020-11-05 00:00:00,24.3,24.52,24.0,24.41,18.37910631663941,1312700,18.46192899975413,18.07040358866636,18.29628363352469,1312700,0.0,1.0
2020-11-06 00:00:00,24.41,24.63,23.285,23.58,17.7541715258647,832631,18.54475168286885,17.532056148420676,18.37910631663941,832631,0.0,1.0
2020-11-09 00:00:00,24.18,24.18,22.375,22.39,16.85818068125999,1276728,18.205931615581356,16.846886679017075,18.205931615581356,1276728,0.0,1.0
2020-11-10 00:00:00,22.39,22.98,22.16,22.5,16.941003364374712,1618628,17.30241143614804,16.68500598020194,16.85818068125999,1618628,0.0,1.0
2020-11-11 00:00:00,22.67,22.95,22.43,22.74,17.121707400261375,1199509,17.279823431662205,16.888298020574435,17.069002056461102,1199509,0.0,1.0
2020-11-12 00:00:00,22.65,22.86,22.045,22.28,16.77535799814527,1090032,17.212059418204706,16.598418629672913,17.053943386803876,1090032,0.0,1.0
2020-11-13 00:00:00,22.45,22.665,22.12,22.29,16.782887332973882,1170048,17.065237389046793,16.654888640887496,16.903356690231657,1170048,0.0,1.0
2020-11-16 00:00:00,22.34,22.54,21.95,22.06,16.609712631915826,1602974,16.971120703689156,16.526889948801106,16.820534007116937,1602974,0.0,1.0
2020-11-17 00:00:00,21.92,22.36,21.72,22.23,16.737711324002216,1383991,16.83559267677416,16.353715247743054,16.504301944315277,1383991,0.0,1.0
2020-11-18 00:00:00,22.26,22.54,22.14,22.16,16.68500598020194,1107044,16.971120703689156,16.669947310544718,16.76029932848805,1107044,0.0,1.0
2020-11-19 00:00:00,22.15,22.55,21.96,22.43,16.888298020574435,1157341,16.978650038517767,16.53441928362972,16.677476645373325,1157341,0.0,1.0
2020-11-20 00:00:00,22.34,22.42,21.77,22.28,16.77535799814527,1675495,16.880768685745824,16.39136192188611,16.820534007116937,1675495,0.0,1.0
2020-11-23 00:00:00,22.34,22.53,22.19,22.4,16.865710016088602,913069,16.963591368860545,16.707593984687772,16.820534007116937,913069,0.0,1.0
2020-11-24 00:00:00,22.45,22.72,22.29,22.55,16.978650038517767,1293962,17.106648730604153,16.782887332973882,16.903356690231657,1293962,0.0,1.0
2020-11-25 00:00:00,22.46,22.53,22.035,22.15,16.828063341945544,887033,17.116761494087278,16.740694164323706,17.063580255534852,887033,0.2,1.0
2020-11-27 00:00:00,22.1,22.28,22.0,22.26,16.911633859670786,329545,16.92682849925719,16.714103545047497,16.79007674297953,329545,0.0,1.0
2020-11-30 00:00:00,22.26,22.36,22.035,22.19,16.85845262111836,1542180,16.98760705760282,16.740694164323706,16.911633859670786,1542180,0.0,1.0
2020-12-01 00:00:00,22.19,22.58,22.19,22.51,17.10156685450087,821207,17.154748093053293,16.85845262111836,16.85845262111836,821207,0.0,1.0
2020-12-02 00:00:00,22.37,22.48,21.925,22.12,16.805271382565937,940828,17.07877489512126,16.65712364659847,16.99520437739602,940828,0.0,1.0
2020-12-03 00:00:00,22.11,22.33,22.01,22.22,16.88124458049797,868499,16.964815098223205,16.7217008648407,16.79767406277273,868499,0.0,1.0
2020-12-04 00:00:00,22.21,22.47,22.12,22.42,17.03319097636204,741772,17.071177575328054,16.805271382565937,16.873647260704768,741772,0.0,1.0
2020-12-07 00:00:00,22.33,22.57,22.33,22.49,17.086372214914462,1050411,17.14715077326009,16.964815098223205,16.964815098223205,1050411,0.0,1.0
2020-12-08 00:00:00,22.39,22.58,22.37,22.49,17.086372214914462,603810,17.154748093053293,16.99520437739602,17.01039901698243,603810,0.0,1.0
2020-12-09 00:00:00,22.55,22.745,22.455,22.59,17.162345412846495,706571,17.28010386964115,17.05978159563825,17.131956133673683,706571,0.0,1.0
2020-12-10 00:00:00,22.61,22.675,22.31,22.44,17.048385615948447,501247,17.226922631088726,16.9496204586368,17.177540052432903,501247,0.0,1.0
2020-12-11 00:00:00,22.41,22.645,22.4,22.48,17.07877489512126,785529,17.204130671709116,17.01799633677563,17.025593656568834,785529,0.0,1.0
2020-12-14 00:00:00,22.63,22.985,22.62,22.91,17.405459646229005,1103726,17.46243954467803,17.18513737222611,17.19273469201931,1103726,0.0,1.0
2020-12-15 00:00:00,22.92,23.06,22.81,23.01,17.48143284416104,920193,17.519419443127056,17.329486448296972,17.41305696602221,920193,0.0,1.0
2020-12-16 00:00:00,23.04,23.35,22.7702,22.83,17.344681087883377,1076059,17.739741717129956,17.29924911552002,17.504224803540648,1076059,0.0,1.0
2020-12-17 00:00:00,22.95,23.165,22.6,22.91,17.405459646229005,1291938,17.59919130095569,17.1699427326397,17.435848925401817,1291938,0.0,1.0
2020-12-18 00:00:00,23.02,23.08,22.38,22.56,17.139553453466885,3963663,17.53461408271346,17.002801697189224,17.489030163954244,3963663,0.0,1.0
2020-12-21 00:00:00,22.41,22.605,22.1728,22.58,17.154748093053293,753465,17.173741392536304,16.84538523107405,17.025593656568834,753465,0.0,1.0
2020-12-22 00:00:00,22.53,22.79,22.53,22.66,17.21552665139892,616103,17.314291808710564,17.116761494087278,17.116761494087278,616103,0.0,1.0
2020-12-23 00:00:00,22.66,23.15,22.66,23.0,17.473835524367836,780128,17.587795321265887,17.21552665139892,17.21552665139892,780128,0.0,1.0
2020-12-24 00:00:00,22.99,23.19,22.94,23.16,17.595392641059092,231749,17.618184600438703,17.428251605608615,17.46623820457463,231749,0.0,1.0
2020-12-28 00:00:00,23.25,23.4,22.87,22.98,17.45864088478143,544723,17.77772831609597,17.375070367056193,17.663768519197923,544723,0.0,1.0
2020-12-29 00:00:00,23.03,23.13,22.75,22.79,17.314291808710564,483841,17.57260068167948,17.28390252953775,17.496627483747446,483841,0.0,1.0
2020-12-30 00:00:00,22.8,23.03,22.59,22.6,17.1699427326397,353700,17.496627483747446,17.162345412846495,17.32188912850377,353700,0.0,1.0
2020-12-31 00:00:00,22.5,22.68,22.44,22.63,17.19273469201931,758332,17.230721290985326,17.048385615948447,17.093969534707664,758332,0.0,1.0
2021-01-04 00:00:00,22.63,22.91,22.57,22.91,17.405459646229005,1421179,17.405459646229005,17.14715077326009,17.19273469201931,1421179,0.0,1.0
2021-01-05 00:00:00,22.88,22.98,22.62,22.7,17.245915930571734,2695905,17.45864088478143,17.18513737222611,17.382667686849395,2695905,0.0,1.0
2021-01-06 00:00:00,22.7,23.14,22.26,22.67,17.223123971192123,3436444,17.580198001472684,16.911633859670786,17.245915930571734,3436444,0.0,1.0
2021-01-07 00:00:00,22.67,22.67,22.19,22.45,17.05598293574165,1412987,17.223123971192123,16.85845262111836,17.223123971192123,1412987,0.0,1.0
2021-01-08 00:00:00,22.48,22.48,21.85,22.13,16.81286870235914,1505826,17.07877489512126,16.600143748149446,17.07877489512126,1505826,0.0,1.0
2021-01-11 00:00:00,22.13,22.24,21.94,22.13,16.81286870235914,1081681,16.896439220084375,16.668519626288276,16.81286870235914,1081681,0.0,1.0
2021-01-12 00:00:00,22.04,22.075,21.79,21.94,16.668519626288276,1155795,16.771083443496522,16.55455982939022,16.74449282422031,1155795,0.0,1.0
2021-01-13 00:00:00,21.94,21.94,21.66,21.8,16.562157149183427,1299214,16.668519626288276,16.45579467207858,16.668519626288276,1299214,0.0,1.0
2021-01-14 00:00:00,21.92,22.2,21.74,22.14,16.820466022152342,1056219,16.866049940911562,16.516573230424207,16.65332498670187,1056219,0.0,1.0
2021-01-15 00:00:00,22.1,22.39,22.01,22.35,16.980009737809617,1329702,17.01039901698243,16.7217008648407,16.79007674297953,1329702,0.0,1.0
2021-01-19 00:00:00,22.4,22.4565,21.98,22.05,16.75209014401351,895573,17.06092119360723,16.69890890546109,17.01799633677563,895573,0.0,1.0
2021-01-20 00:00:00,22.05,22.36,21.78,22.35,16.980009737809617,983685,16.98760705760282,16.546962509597023,16.75209014401351,983685,0.0,1.0
2021-01-21 00:00:00,22.35,22.46,22.14,22.15,16.828063341945544,538705,17.063580255534852,16.820466022152342,16.980009737809617,538705,0.0,1.0
2021-01-22 00:00:00,22.16,22.52,22.07,22.44,17.048385615948447,844601,17.109164174294072,16.76728478359992,16.83566066173875,844601,0.0,1.0
2021-01-25 00:00:00,22.46,23.13,22.44,22.95,17.435848925401817,1160132,17.57260068167948,17.048385615948447,17.063580255534852,1160132,0.0,1.0
2021-01-26 00:00:00,22.95,23.1,22.705,23.0,17.473835524367836,1140004,17.549808722299872,17.249714590468333,17.435848925401817,1140004,0.0,1.0
2021-01-27 00:00:00,22.92,23.54,22.85,23.2,17.625781920231905,1566055,17.88409079320082,17.359875727469785,17.41305696602221,1566055,0.0,1.0
2021-01-28 00:00:00,23.11,23.7588,22.865,23.16,17.595392641059092,1530587,18.05032015027611,17.37127170715959,17.557406042093074,1530587,0.0,1.0
2021-01-29 00:00:00,23.17,23.41,22.88,22.96,17.443446245195023,1329490,17.785325635889176,17.382667686849395,17.602989960852295,1329490,0.0,1.0
2021-02-01 00:00:00,22.96,23.11,22.51,22.59,17.162345412846495,880469,17.557406042093074,17.10156685450087,17.443446245195023,880469,0.0,1.0
2021-02-02 00:00:00,22.62,22.805,22.34,22.63,17.19273469201931,516807,17.32568778840037,16.97241241801641,17.18513737222611,516807,0.0,1.0
2021-02-03 00:00:00,22.56,22.66,22.21,22.51,17.10156685450087,468071,17.21552665139892,16.873647260704768,17.139553453466885,468071,0.0,1.0
2021-02-04 00:00:00,22.39,22.57,22.21,22.32,16.957217778430003,767995,17.14715077326009,16.873647260704768,17.01039901698243,767995,0.0,1.0
2021-02-05 00:00:00,22.49,22.55,22.34,22.39,17.01039901698243,597957,17.131956133673683,16.97241241801641,17.086372214914462,597957,0.0,1.0
2021-02-08 00:00:00,22.53,22.6,22.35,22.56,17.139553453466885,696876,17.1699427326397,16.980009737809617,17.116761494087278,696876,0.0,1.0
2021-02-09 00:00:00,22.64,22.785,22.54,22.69,17.23831861077853,537002,17.31049314881396,17.12435881388048,17.200332011812513,537002,0.0,1.0
2021-02-10 00:00:00,22.79,22.86,22.51,22.66,17.21552665139892,674393,17.367473047262987,17.10156685450087,17.314291808710564,674393,0.0,1.0
2021-02-11 00:00:00,22.67,22.7,22.36,22.39,17.01039901698243,1083088,17.245915930571734,16.98760705760282,17.223123971192123,1083088,0.0,1.0
2021-02-12 00:00:00,22.42,22.73,22.01,22.63,17.19273469201931,1278818,17.268707889951344,16.7217008648407,17.03319097636204,1278818,0.0,1.0
2021-02-16 00:00:00,22.53,22.565,22.05,22.31,16.9496204586368,979078,17.143352113363488,16.75209014401351,17.116761494087278,979078,0.0,1.0
2021-02-17 00:00:00,22.2,22.45,22.14,22.4,17.01799633677563,833941,17.05598293574165,16.820466022152342,16.866049940911562,833941,0.0,1.0
2021-02-18 00:00:00,22.39,22.405,22.02,22.09,16.782479423186327,793459,17.021794996672234,16.7292981846339,17.01039901698243,793459,0.0,1.0
2021-02-19 00:00:00,22.4,22.54,21.98,22.09,16.782479423186327,1716861,17.12435881388048,16.69890890546109,17.01799633677563,1716861,0.0,1.0
2021-02-22 00:00:00,22.09,22.24,21.8,22.08,16.77488210339312,970402,16.896439220084375,16.562157149183427,16.782479423186327,970402,0.0,1.0
2021-02-23 00:00:00,22.14,22.36,22.01,22.29,16.934425819050393,746954,16.98760705760282,16.7217008648407,16.820466022152342,746954,0.0,1.0
2021-02-24 00:00:00,22.34,22.55,22.16,22.16,16.83566066173875,1340902,17.131956133673683,16.83566066173875,16.97241241801641,1340902,0.0,1.0
2021-02-25 00:00:00,22.15,22.3,21.97,22.17,16.843257981531956,981733,16.9420231388436,16.691311585667883,16.828063341945544,981733,0.0,1.0
2021-02-26 00:00:00,22.25,22.25,21.72,21.75,16.52417055021741,1502275,16.90403653987758,16.5013785908378,16.90403653987758,1502275,0.0,1.0
2021-03-01 00:00:00,21.78,21.97,21.715,21.82,16.577351788769835,1011179,16.691311585667883,16.4975799309412,16.546962509597023,1011179,0.0,1.0
2021-03-02 00:00:00,21.97,22.2,21.74,22.1,16.79007674297953,1325269,16.866049940911562,16.516573230424207,16.691311585667883,1325269,0.0,1.0
2021-03-03 00:00:00,22.39,22.76,22.15,22.4,17.01799633677563,1774022,17.291499849330954,16.828063341945544,17.01039901698243,1774022,0.0,1.0
2021-03-04 00:00:00,22.3,22.72,22.25,22.4,17.169942732639697,1341988,17.415227628820265,17.054965437555058,17.093291202583274,1341988,0.2,1.0
2021-03-05 00:00:00,22.43,22.99,22.43,22.96,17.59919130095569,1185880,17.622186759972617,17.192938191656626,17.192938191656626,1185880,0.0,1.0
2021-03-08 00:00:00,22.96,23.37,22.72,23.22,17.7984852791024,1287228,17.913462574187044,17.415227628820265,17.59919130095569,1287228,0.0,1.0
2021-03-09 00:00:00,23.26,23.38,22.96,23.08,17.6911731370234,1289796,17.921127727192683,17.59919130095569,17.829145891124973,1289796,0.0,1.0
2021-03-10 00:00:00,22.99,23.53,22.69,23.36,17.9057974211814,1019207,18.03610502227733,17.39223216980334,17.622186759972617,1019207,0.0,1.0
2021-03-11 00:00:00,23.31,23.45,23.17,23.22,17.7984852791024,707120,17.974783798232185,17.76015951407419,17.867471656153185,707120,0.0,1.0
2021-03-12 00:00:00,23.21,23.495,23.2,23.34,17.890467115170114,830269,18.009276986757577,17.783154973091115,17.79082012609676,830269,0.0,1.0
2021-03-15 00:00:00,23.42,23.79,23.32,23.78,18.227733847418396,848010,18.235399000424035,17.87513680915883,17.95178833921526,848010,0.0,1.0
2021-03-16 00:00:00,23.8,24.155,23.73,23.98,18.38103690753125,1221180,18.51517708513,18.18940808239018,18.24306415342968,1221180,0.0,1.0
2021-03-17 00:00:00,24.08,24.1399,23.74,23.82,18.258394459440964,900752,18.503602704091477,18.197073235395823,18.457688437587674,900752,0.0,1.0
2021-03-18 00:00:00,23.67,23.82,23.4,23.61,18.097426246322467,1233099,18.258394459440964,17.93645803320397,18.143417164356325,1233099,0.0,1.0
2021-03-19 00:00:00,23.69,23.93,23.56,23.61,18.097426246322467,2939603,18.342711142503035,18.059100481294255,18.15874747036761,2939603,0.0,1.0
2021-03-22 00:00:00,23.58,24.075,23.49,24.05,18.434692978570748,901608,18.453855861084858,18.005444410254754,18.074430787305538,901608,0.0,1.0
2021-03-23 00:00:00,24.07,24.17,23.9,23.99,18.38870206053689,1002809,18.52667481463846,18.319715683486105,18.45002328458203,1002809,0.0,1.0
2021-03-24 00:00:00,23.76,23.99,23.445,23.47,17.99011410424347,1036684,18.38870206053689,17.970951221729365,18.21240354140711,1036684,0.0,1.0
2021-03-25 00:00:00,23.47,23.98,23.33,23.94,18.35037629550868,767007,18.38103690753125,17.88280196216447,17.99011410424347,767007,0.0,1.0
2021-03-26 00:00:00,23.92,24.19,23.81,24.18,18.534339967644105,659305,18.542005120649748,18.25072930643532,18.335045989497395,659305,0.0,1.0
2021-03-29 00:00:00,24.11,24.43,24.11,24.39,18.6953081807626,781501,18.72596879278517,18.480683896604603,18.480683896604603,781501,0.0,1.0
2021-03-30 00:00:00,24.39,24.43,24.12,24.24,18.58033088567796,774153,18.72596879278517,18.48834904961025,18.6953081807626,774153,0.0,1.0
2021-03-31 00:00:00,24.23,24.23,23.8,23.8,18.24306415342968,1246401,18.572665732672316,18.24306415342968,18.572665732672316,1246401,0.0,1.0
2021-04-01 00:00:00,23.85,24.01,23.535,23.94,18.35037629550868,791159,18.40403236654818,18.03993759878015,18.281389918457897,791159,0.0,1.0
2021-04-05 00:00:00,23.93,24.1,23.85,24.03,18.419362672559465,604769,18.473018743598963,18.281389918457897,18.342711142503035,604769,0.0,1.0
2021-04-06 00:00:00,24.02,24.26,24.0,24.18,18.534339967644105,686546,18.59566119168925,18.396367213542533,18.41169751955382,686546,0.0,1.0
2021-04-07 00:00:00,24.32,24.38,24.08,24.18,18.534339967644105,613984,18.687643027756955,18.457688437587674,18.6416521097231,613984,0.0,1.0
2021-04-08 00:00:00,24.17,24.3,24.04,24.19,18.542005120649748,602330,18.626321803711814,18.427027825565105,18.52667481463846,602330,0.0,1.0
2021-04-09 00:00:00,24.18,24.205,23.77,23.88,18.30438537747482,648357,18.55350285015821,18.220068694412753,18.534339967644105,648357,0.0,1.0
2021-04-12 00:00:00,23.92,24.13,23.84,24.1,18.473018743598963,911970,18.49601420261589,18.27372476545225,18.335045989497395,911970,0.0,1.0
2021-04-13 00:00:00,23.99,24.06,23.685,23.74,18.197073235395823,978984,18.44235813157639,18.154914893864788,18.38870206053689,978984,0.0,1.0
2021-04-14 00:00:00,23.72,23.78,23.46,23.7,18.16641262337325,954402,18.227733847418396,17.982448951237828,18.181742929384537,954402,0.0,1.0
2021-04-15 00:00:00,23.85,23.935,23.71,23.88,18.30438537747482,742659,18.346543719005854,18.174077776378898,18.281389918457897,742659,0.0,1.0
2021-04-16 00:00:00,23.9,24.08,23.825,24.03,18.419362672559465,815121,18.457688437587674,18.262227035943788,18.319715683486105,815121,0.0,1.0
2021-04-19 00:00:00,24.11,24.215,23.85,24.17,18.52667481463846,754631,18.561168003163857,18.281389918457897,18.480683896604603,754631,0.0,1.0
2021-04-20 00:00:00,24.2,24.635,24.17,24.36,18.672312721745673,1172939,18.88310442940085,18.52667481463846,18.549670273655387,1172939,0.0,1.0
2021-04-21 00:00:00,24.49,24.63,24.37,24.45,18.741299098796457,999899,18.879271852898025,18.679977874751316,18.771959710819026,999899,0.0,1.0
2021-04-22 00:00:00,24.54,24.54,24.29,24.39,18.6953081807626,523923,18.81028547584724,18.61865665070617,18.81028547584724,523923,0.0,1.0
2021-04-23 00:00:00,24.31,24.4,24.16,24.3,18.626321803711814,722460,18.70297333376824,18.51900966163282,18.633986956717457,722460,0.0,1.0
2021-04-26 00:00:00,24.33,24.39,23.8,23.84,18.27372476545225,1036611,18.6953081807626,18.24306415342968,18.649317262728744,1036611,0.0,1.0
2021-04-27 00:00:00,23.71,23.98,23.59,23.91,18.32738083649175,788657,18.38103690753125,18.082095940311184,18.174077776378898,788657,0.0,1.0
2021-04-28 00:00:00,24.0,24.1,23.745,23.86,18.289055071463537,746400,18.473018743598963,18.200905811898647,18.396367213542533,746400,0.0,1.0
2021-04-29 00:00:00,23.9,24.23,23.87,24.08,18.457688437587674,666432,18.572665732672316,18.29672022446918,18.319715683486105,666432,0.0,1.0
2021-04-30 00:00:00,24.1,24.17,23.92,23.96,18.365706601519964,946612,18.52667481463846,18.335045989497395,18.473018743598963,946612,0.0,1.0
2021-05-03 00:00:00,24.0,24.4,23.95,24.23,18.572665732672316,623308,18.70297333376824,18.35804144851432,18.396367213542533,623308,0.0,1.0
2021-05-04 00:00:00,24.28,24.54,24.18,24.23,18.572665732672316,661805,18.81028547584724,18.534339967644105,18.61099149770053,661805,0.0,1.0
2021-05-05 00:00:00,24.21,24.41,23.9941,24.36,18.672312721745673,605174,18.710638486773885,18.39184477326921,18.557335426661034,605174,0.0,1.0
2021-05-06 00:00:00,24.47,24.82,24.465,24.67,18.9099324649206,1170119,19.024909760005237,18.75279682830492,18.756629404807743,1170119,0.0,1.0
2021-05-07 00:00:00,24.63,24.65,24.25,24.49,18.771959710819026,828505,18.89460215890931,18.587996038683603,18.879271852898025,828505,0.0,1.0
2021-05-10 00:00:00,24.5,24.87,24.5,24.76,18.97891884197138,597144,19.063235525033452,18.77962486382467,18.77962486382467,597144,0.0,1.0
2021-05-11 00:00:00,24.79,24.86,24.57,24.68,18.91759761792624,869198,19.05557037202781,18.83328093486417,19.001914300988307,869198,0.0,1.0
2021-05-12 00:00:00,24.7,24.705,24.435,24.46,18.7489642518021,718104,18.936760500440347,18.72980136928799,18.932927923937523,718104,0.0,1.0
2021-05-13 00:00:00,24.38,24.76,24.21,24.66,18.90226731191495,2243272,18.97891884197138,18.557335426661034,18.687643027756955,2243272,0.0,1.0
2021-05-14 00:00:00,24.74,24.86,24.25,24.25,18.587996038683603,1369182,19.05557037202781,18.587996038683603,18.963588535960096,1369182,0.0,1.0
2021-05-17 00:00:00,24.38,24.53,24.0434,24.31,18.633986956717457,1484338,18.8026203228416,18.429633977587024,18.687643027756955,1484338,0.0,1.0
2021-05-18 00:00:00,24.3,24.825,24.3,24.58,18.84094608786981,2254821,19.02874233650806,18.626321803711814,18.626321803711814,2254821,0.0,1.0
2021-05-19 00:00:00,24.62,24.72,24.455,24.68,18.91759761792624,1176586,18.94825822994881,18.745131675299277,18.871606699892386,1176586,0.0,1.0
2021-05-20 00:00:00,24.7,24.9777,24.615,24.7,18.932927923937523,1807366,19.145789222904224,18.86777412338956,18.932927923937523,1807366,0.0,1.0
2021-05-21 00:00:00,24.39,24.65,23.715,24.15,18.511344508627175,3089051,18.89460215890931,18.177910352881717,18.6953081807626,3089051,0.0,1.0
2021-05-24 00:00:00,23.96,24.14,23.75,24.14,18.503679355621532,1209322,18.503679355621532,18.204738388401463,18.365706601519964,1209322,0.0,1.0
2021-05-25 00:00:00,24.09,24.145,23.9,24.11,18.480683896604603,1130729,18.507511932124352,18.319715683486105,18.46535359059332,1130729,0.0,1.0
2021-05-26 00:00:00,24.2,24.32,24.08,24.15,18.511344508627175,1024551,18.6416521097231,18.457688437587674,18.549670273655387,1024551,0.0,1.0
2021-05-27 00:00:00,24.17,24.335,24.0,24.0,18.396367213542533,1339242,18.653149839231567,18.396367213542533,18.52667481463846,1339242,0.0,1.0
2021-05-28 00:00:00,24.04,24.4,24.04,24.09,18.46535359059332,1442420,18.70297333376824,18.427027825565105,18.427027825565105,1442420,0.0,1.0
2021-06-01 00:00:00,24.14,24.67,24.12,24.55,18.817950628852884,2114656,18.9099324649206,18.48834904961025,18.503679355621532,2114656,0.0,1.0
2021-06-02 00:00:00,24.63,25.02,24.56,25.0,19.162882514106805,1846234,19.17821282011809,18.825615781858527,18.879271852898025,1846234,0.0,1.0
2021-06-03 00:00:00,25.04,25.48,25.01,25.43,19.492484093349443,1971317,19.53080985837766,19.17054766711245,19.193543126129377,1971317,0.0,1.0
2021-06-04 00:00:00,25.44,25.465,25.025,25.16,19.28552496219709,1327411,19.519312128869192,19.18204539662091,19.50014924635509,1327411,0.0,1.0
2021-06-07 00:00:00,25.16,25.26,25.0,25.16,19.28552496219709,1041282,19.36217649225352,19.162882514106805,19.28552496219709,1041282,0.0,1.0
2021-06-08 00:00:00,25.4,25.4,24.91,24.92,19.101561290061667,1579268,19.469488634332514,19.09389613705602,19.469488634332514,1579268,0.0,1.0
2021-06-09 00:00:00,24.57,24.84,24.44,24.53,18.963588535960096,1094363,19.20324252887276,18.894011570275776,18.99451163181979,1094363,0.21,1.0
2021-06-10 00:00:00,24.54,24.71,24.44,24.64,19.048627049574268,673863,19.10274246732874,18.894011570275776,18.97131930992502,673863,0.0,1.0
2021-06-11 00:00:00,24.73,24.73,24.52,24.64,19.048627049574268,774837,19.118204015258588,18.955857761995173,19.118204015258588,774837,0.0,1.0
2021-06-14 00:00:00,24.64,24.76,24.5,24.67,19.071819371469044,715537,19.141396337153363,18.940396214065323,19.048627049574268,715537,0.0,1.0
2021-06-15 00:00:00,24.73,24.765,24.48,24.56,18.986780857854868,622277,19.145261724135825,18.92493466613547,19.118204015258588,622277,0.0,1.0
2021-06-16 00:00:00,24.57,24.7,24.35,24.41,18.870819248381,562043,19.095011693363816,18.824434604591453,18.99451163181979,562043,0.0,1.0
2021-06-17 00:00:00,24.36,24.42,24.14,24.3,18.78578073476683,714091,18.878550022345927,18.66208835132804,18.832165378556375,714091,0.0,1.0
2021-06-18 00:00:00,24.34,24.34,23.72,23.73,18.345126618766127,1887251,18.81670383062653,18.3373958448012,18.81670383062653,1887251,0.0,1.0
2021-06-21 00:00:00,23.7,23.95,23.66,23.87,18.45335745427507,1586076,18.515203645994468,18.291011201011653,18.32193429687135,1586076,0.0,1.0
2021-06-22 00:00:00,23.94,24.25,23.82,23.92,18.492011324099696,1396291,18.747126864942206,18.414703584450447,18.507472872029545,1396291,0.0,1.0
2021-06-23 00:00:00,23.9,23.92,23.63,23.64,18.275549653081804,947790,18.492011324099696,18.26781887911688,18.476549776169843,947790,0.0,1.0
2021-06-24 00:00:00,23.61,24.02,23.47,23.74,18.35285739273105,1985098,18.56931906374894,18.144126495678087,18.25235733118703,1985098,0.0,1.0
2021-06-25 00:00:00,23.69,24.19,23.69,24.17,18.68528067322281,2183097,18.70074222115266,18.31420352290643,18.31420352290643,2183097,0.0,1.0
2021-06-28 00:00:00,24.09,24.3,24.01,24.22,18.72393454304743,1048172,18.78578073476683,18.561588289784016,18.623434481503413,1048172,0.0,1.0
2021-06-29 00:00:00,24.21,24.24,23.95,24.06,18.600242159608637,1678495,18.73939609097728,18.515203645994468,18.716203769082508,1678495,0.0,1.0
2021-06-30 00:00:00,23.99,24.42,23.99,24.2,18.70847299511758,1534531,18.878550022345927,18.546126741854167,18.546126741854167,1534531,0.0,1.0
2021-07-01 00:00:00,24.19,24.26,24.04,24.12,18.64662680339819,855816,18.754857638907133,18.584780611678788,18.70074222115266,855816,0.0,1.0
2021-07-02 00:00:00,24.12,24.34,24.01,24.25,18.747126864942206,840212,18.81670383062653,18.561588289784016,18.64662680339819,840212,0.0,1.0
2021-07-06 00:00:00,24.3,24.3,24.065,24.12,18.64662680339819,1362769,18.78578073476683,18.604107546591106,18.78578073476683,1362769,0.0,1.0
2021-07-07 00:00:00,24.07,24.21,23.945,23.95,18.515203645994468,930188,18.716203769082508,18.511338259012007,18.607972933573564,930188,0.0,1.0
2021-07-08 00:00:00,23.91,24.07,23.69,23.79,18.39151126255567,1632892,18.607972933573564,18.31420352290643,18.48428055013477,1632892,0.0,1.0
2021-07-09 00:00:00,23.88,24.06,23.82,24.03,18.577049837713865,989458,18.600242159608637,18.414703584450447,18.46108822823999,989458,0.0,1.0
2021-07-12 00:00:00,23.99,24.1,23.76,24.05,18.59251138564371,1056616,18.63116525546834,18.368318940660902,18.546126741854167,1056616,0.0,1.0
2021-07-13 00:00:00,23.96,24.09,23.63,23.75,18.360588166695976,1064943,18.623434481503413,18.26781887911688,18.522934419959395,1064943,0.0,1.0
2021-07-14 00:00:00,23.78,23.965,23.5499,23.87,18.45335745427507,1205973,18.526799806941856,18.205895379657836,18.38378048859075,1205973,0.0,1.0
2021-07-15 00:00:00,23.91,24.19,23.775,24.19,18.70074222115266,912975,18.70074222115266,18.379915101608287,18.48428055013477,912975,0.0,1.0
2021-07-16 00:00:00,24.19,24.3953,24.18,24.34,18.81670383062653,696849,18.85945501065256,18.693011447187732,18.70074222115266,696849,0.0,1.0
2021-07-19 00:00:00,24.34,24.42,23.99,24.36,18.832165378556375,1356749,18.878550022345927,18.546126741854167,18.81670383062653,1356749,0.0,1.0
2021-07-20 00:00:00,24.42,24.71,24.09,24.11,18.638896029433266,1513323,19.10274246732874,18.623434481503413,18.878550022345927,1513323,0.0,1.0
2021-07-21 00:00:00,24.16,24.21,23.77,23.78,18.38378048859075,1419810,18.716203769082508,18.376049714625825,18.677549899257887,1419810,0.0,1.0
2021-07-22 00:00:00,23.76,23.79,23.35,23.53,18.190511139467635,1206816,18.39151126255567,18.05135720809899,18.368318940660902,1206816,0.0,1.0
2021-07-23 00:00:00,23.51,23.8,23.34,23.73,18.345126618766127,651833,18.3992420365206,18.043626434134065,18.175049591537785,651833,0.0,1.0
2021-07-26 00:00:00,23.72,23.97,23.72,23.87,18.45335745427507,744274,18.530665193924317,18.3373958448012,18.3373958448012,744274,0.0,1.0
2021-07-27 00:00:00,23.85,24.16,23.78,23.94,18.507472872029545,1083852,18.677549899257887,18.38378048859075,18.437895906345226,1083852,0.0,1.0
2021-07-28 00:00:00,23.91,23.935,23.52,23.6,18.24462655722211,712358,18.50360748504708,18.18278036550271,18.48428055013477,712358,0.0,1.0
2021-07-29 00:00:00,23.73,23.78,23.525,23.55,18.205972687397484,735129,18.38378048859075,18.18664575248517,18.345126618766127,735129,0.0,1.0
2021-07-30 00:00:00,23.6,23.695,23.51,23.56,18.213703461362407,906570,18.31806890988889,18.175049591537785,18.24462655722211,906570,0.0,1.0
2021-08-02 00:00:00,23.62,23.67,23.495,23.57,18.221434235327333,797307,18.29874197497658,18.1634534305904,18.26008810515196,797307,0.0,1.0
2021-08-03 00:00:00,23.63,23.785,23.45,23.5,18.16731881757286,870664,18.387645875573213,18.12866494774824,18.26781887911688,870664,0.0,1.0
2021-08-04 00:00:00,23.49,23.49,22.645,22.68,17.53339535244904,1299370,18.159588043607933,17.506337643571804,18.159588043607933,1299370,0.0,1.0
2021-08-05 00:00:00,22.69,22.93,22.61,22.91,17.71120315364231,1268226,17.726664701572158,17.479279934694567,17.541126126413968,1268226,0.0,1.0
2021-08-06 00:00:00,22.9,23.13,22.85,22.89,17.69574160571246,1424553,17.881280180870647,17.66481850985276,17.703472379677383,1424553,0.0,1.0
2021-08-09 00:00:00,22.99,23.05,22.73,22.85,17.66481850985276,1040703,17.819433989151253,17.572049222273666,17.773049345361702,1040703,0.0,1.0
2021-08-10 00:00:00,22.82,22.95,22.75,22.9,17.703472379677383,843572,17.742126249502004,17.587510770203515,17.641626187957986,843572,0.0,1.0
2021-08-11 00:00:00,22.98,23.2,22.9,23.02,17.796241667256478,896362,17.93539559862512,17.703472379677383,17.76531857139678,896362,0.0,1.0
2021-08-12 00:00:00,22.96,22.98,22.72,22.87,17.68028005778261,1798056,17.76531857139678,17.56431844830874,17.74985702346693,1798056,0.0,1.0
2021-08-13 00:00:00,23.275,24.38,23.19,24.34,18.81670383062653,2700980,18.847626926486225,17.927664824660198,17.993376403362056,2700980,0.0,1.0
2021-08-16 00:00:00,24.38,24.74,24.32,24.62,19.03316550164442,1623554,19.12593478922351,18.80124228269668,18.847626926486225,1623554,0.0,1.0
2021-08-17 00:00:00,24.64,25.21,24.64,25.17,19.45835806971527,1917744,19.489281165574972,19.048627049574268,19.048627049574268,1917744,0.0,1.0
2021-08-18 00:00:00,25.22,25.26,24.53,24.56,18.986780857854868,1174408,19.527935035399594,18.963588535960096,19.497011939539895,1174408,0.0,1.0
2021-08-19 00:00:00,24.57,24.86,24.565,24.72,19.11047324129366,1101620,19.21870407680261,18.990646244837333,18.99451163181979,1101620,0.0,1.0
2021-08-20 00:00:00,24.66,24.83,24.57,24.57,18.99451163181979,989023,19.19551175490783,18.99451163181979,19.064088597504117,989023,0.0,1.0
2021-08-23 00:00:00,24.7,24.7,24.34,24.38,18.847626926486225,881465,19.095011693363816,18.81670383062653,19.095011693363816,881465,0.0,1.0
2021-08-24 00:00:00,24.34,24.39,23.87,23.89,18.46881900220492,1147159,18.85535770045115,18.45335745427507,18.81670383062653,1147159,0.0,1.0
2021-08-25 00:00:00,23.86,24.04,23.82,23.84,18.430165132380296,1046051,18.584780611678788,18.414703584450447,18.445626680310145,1046051,0.0,1.0
2021-08-26 00:00:00,23.75,23.83,23.54,23.69,18.31420352290643,772060,18.422434358415373,18.198241913432557,18.360588166695976,772060,0.0,1.0
2021-08-27 00:00:00,23.68,23.97,23.6,23.9,18.476549776169843,1297849,18.530665193924317,18.24462655722211,18.306472748941506,1297849,0.0,1.0
2021-08-30 00:00:00,23.94,24.22,23.93,24.1,18.63116525546834,1071936,18.72393454304743,18.49974209806462,18.507472872029545,1071936,0.0,1.0
2021-08-31 00:00:00,24.1,24.22,24.04,24.13,18.65435757736311,1198355,18.72393454304743,18.584780611678788,18.63116525546834,1198355,0.0,1.0
2021-09-01 00:00:00,24.21,24.31,24.04,24.2,18.70847299511758,735144,18.79351150873175,18.584780611678788,18.716203769082508,735144,0.0,1.0
2021-09-02 00:00:00,24.02,24.48,24.02,24.25,18.909473118205625,822408,19.088820698295823,18.730125538115427,18.730125538115427,822408,0.21,1.0
2021-09-03 00:00:00,24.15,24.2,23.995,24.02,18.730125538115427,772625,18.87048451383819,18.71063123593171,18.831495909470753,772625,0.0,1.0
2021-09-07 00:00:00,23.92,23.92,23.655,23.71,18.488396191037335,774482,18.65214832938056,18.445508726233157,18.65214832938056,774482,0.0,1.0
2021-09-08 00:00:00,23.77,24.09,23.71,23.91,18.64435060850707,866572,18.784709584229834,18.488396191037335,18.535182516278255,866572,0.0,1.0
2021-09-09 00:00:00,23.92,23.925,23.48,23.49,18.31684633182062,831441,18.6560471898173,18.309048610947137,18.65214832938056,831441,0.0,1.0
2021-09-10 00:00:00,23.49,23.655,23.275,23.55,18.363632657061544,833528,18.445508726233157,18.149195333040655,18.31684633182062,833528,0.0,1.0
2021-09-13 00:00:00,23.58,23.72,23.38,23.47,18.301250890073646,931145,18.49619391191082,18.231071402212265,18.387025819682,931145,0.0,1.0
2021-09-14 00:00:00,23.45,23.49,23.2719,23.44,18.27785772745319,973622,18.31684633182062,18.14677803956987,18.285655448326676,973622,0.0,1.0
2021-09-15 00:00:00,23.41,23.49,23.09,23.21,18.09851014736299,1690704,18.31684633182062,18.004937496881148,18.254464564832727,1690704,0.0,1.0
2021-09-16 00:00:00,23.25,23.35,22.95,23.16,18.05952154299556,1324054,18.207678239591807,17.89576940465233,18.12970103085694,1324054,0.0,1.0
2021-09-17 00:00:00,23.18,23.44,23.05,23.25,18.12970103085694,3039452,18.27785772745319,17.973746613387203,18.07511698474253,3039452,0.0,1.0
2021-09-20 00:00:00,23.22,23.35,22.78,23.02,17.95035345076674,1465202,18.207678239591807,17.763208149803056,18.10630786823648,1465202,0.0,1.0
2021-09-21 00:00:00,23.01,23.195,22.83,23.09,18.004937496881148,4496736,18.08681356605276,17.802196754170488,17.942555729893254,4496736,0.0,1.0
2021-09-22 00:00:00,23.25,23.34,22.99,23.12,18.02833065950161,2403725,18.19988051871832,17.92696028814628,18.12970103085694,2403725,0.0,1.0
2021-09-23 00:00:00,23.2,23.49,23.09,23.31,18.17648735609786,3145817,18.31684633182062,18.004937496881148,18.090712426489503,3145817,0.0,1.0
2021-09-24 00:00:00,23.21,23.65,23.21,23.41,18.254464564832727,2991745,18.441609865796412,18.09851014736299,18.09851014736299,2991745,0.0,1.0
2021-09-27 00:00:00,23.4,23.73,23.33,23.38,18.231071402212265,2200738,18.503991632784302,18.192082797844833,18.24666684395924,2200738,0.0,1.0
2021-09-28 00:00:00,23.45,23.76,23.36,23.59,18.394823540555493,1201743,18.527384795404767,18.215475960465294,18.285655448326676,1201743,0.0,1.0
2021-09-29 00:00:00,23.59,24.18,23.59,23.99,18.706732375494965,852812,18.854889072091215,18.394823540555493,18.394823540555493,852812,0.0,1.0
2021-09-30 00:00:00,23.94,24.0101,23.62,23.63,18.42601442404944,1144231,18.722405794450676,18.41821670317595,18.667743771127533,1144231,0.0,1.0
2021-10-01 00:00:00,23.67,23.935,23.53,23.81,18.5663733997722,1438269,18.663844910690788,18.34803721531457,18.457205307543383,1438269,0.0,1.0
2021-10-04 00:00:00,23.81,24.215,23.81,24.14,18.82369818859727,976082,18.882181095148415,18.5663733997722,18.5663733997722,976082,0.0,1.0
2021-10-05 00:00:00,24.15,24.39,24.02,24.35,18.987450326940493,1529541,19.01864121043444,18.730125538115427,18.831495909470753,1529541,0.0,1.0
2021-10-06 00:00:00,24.39,24.73,24.24,24.73,19.283763720132992,1037564,19.283763720132992,18.901675397332134,19.01864121043444,1037564,0.0,1.0
2021-10-07 00:00:00,24.73,24.93,24.59,24.68,19.24477511576556,1264486,19.43971813760273,19.174595627904175,19.283763720132992,1264486,0.0,1.0
2021-10-08 00:00:00,24.63,24.84,24.63,24.79,19.330550045373915,761245,19.369538649741347,19.205786511398124,19.205786511398124,761245,0.0,1.0
2021-10-11 00:00:00,24.81,24.99,24.75,24.95,19.455313579349703,1373200,19.48650446284365,19.299359161879966,19.34614548712089,1373200,0.0,1.0
2021-10-12 00:00:00,25.0,25.51,24.89,25.07,19.548886229831545,1925289,19.891985948264967,19.408527254108783,19.49430218371714,1925289,0.0,1.0
2021-10-13 00:00:00,25.08,25.475,24.97,25.41,19.8140087395301,1749893,19.864693925207764,19.470909021096677,19.556683950705033,1749893,0.0,1.0
2021-10-14 00:00:00,25.45,25.55,25.205,25.3,19.728233809921743,900271,19.923176831758916,19.654155461623617,19.845199623024047,900271,0.0,1.0
2021-10-15 00:00:00,25.29,25.38,24.9,24.97,19.470909021096677,2013859,19.790615576909637,19.416324974982267,19.720436089048256,2013859,0.0,1.0
2021-10-18 00:00:00,24.87,25.07,24.78,24.88,19.400729533235296,751817,19.548886229831545,19.322752324500428,19.39293181236181,751817,0.0,1.0
2021-10-19 00:00:00,24.88,24.89,24.635,24.84,19.369538649741347,911449,19.408527254108783,19.20968537183487,19.400729533235296,911449,0.0,1.0
2021-10-20 00:00:00,24.86,25.16,24.86,25.08,19.556683950705033,780719,19.619065717692926,19.38513409148832,19.38513409148832,780719,0.0,1.0
2021-10-21 00:00:00,25.1,25.2,24.95,25.01,19.502099904590622,479763,19.650256601186875,19.455313579349703,19.572279392452007,479763,0.0,1.0
2021-10-22 00:00:00,24.96,25.16,24.94,25.07,19.548886229831545,591469,19.619065717692926,19.44751585847622,19.46311130022319,591469,0.0,1.0
2021-10-25 00:00:00,25.05,25.245,24.86,25.19,19.642458880313388,2047939,19.68534634511757,19.38513409148832,19.53329078808457,2047939,0.0,1.0
2021-10-26 00:00:00,25.195,25.42,25.13,25.16,19.619065717692926,1071201,19.821806460403582,19.595672555072465,19.646357740750133,1071201,0.0,1.0
2021-10-27 00:00:00,25.25,25.319000000000003,24.53,24.65,19.221381953145094,768096,19.74304947958137,19.127809302663255,19.689245205554307,768096,0.0,1.0
2021-10-28 00:00:00,24.69,24.89,24.58,24.87,19.39293181236181,633850,19.408527254108783,19.166797907030688,19.252572836639047,633850,0.0,1.0
2021-10-29 00:00:00,24.85,24.99,24.74,24.75,19.299359161879966,911388,19.48650446284365,19.29156144100648,19.37733637061483,911388,0.0,1.0
2021-11-01 00:00:00,24.8,24.94,24.685,24.93,19.43971813760273,732662,19.44751585847622,19.2486739762023,19.3383477662474,732662,0.0,1.0
2021-11-02 00:00:00,24.98,25.17,24.84,25.16,19.619065717692926,650156,19.626863438566417,19.369538649741347,19.478706741970164,650156,0.0,1.0
2021-11-03 00:00:00,25.1,25.5,25.1,25.5,19.88418822739148,804025,19.88418822739148,19.572279392452007,19.572279392452007,804025,0.0,1.0
2021-11-04 00:00:00,25.53,25.75,25.155,25.27,19.70484064730128,1044641,20.079131249228652,19.615166857256185,19.90758139001194,1044641,0.0,1.0
2021-11-05 00:00:00,25.33,25.47,25.21,25.24,19.68144748468082,783443,19.86079506477102,19.65805432206036,19.7516269725422,783443,0.0,1.0
2021-11-08 00:00:00,25.34,25.46,25.06,25.3,19.728233809921743,713718,19.852997343897535,19.541088508958055,19.759424693415692,713718,0.0,1.0
2021-11-09 00:00:00,25.36,25.585,25.21,25.52,19.899783669138458,1019824,19.95046885481612,19.65805432206036,19.775020135162663,1019824,0.0,1.0
2021-11-10 00:00:00,25.57,25.625,25.25,25.49,19.876390506517993,1252341,19.981659738310068,19.689245205554307,19.93877227350589,1252341,0.0,1.0
2021-11-11 00:00:00,25.32,25.53,25.14,25.5,19.88418822739148,1506068,19.90758139001194,19.603470275945956,19.74382925166872,1506068,0.0,1.0
2021-11-12 00:00:00,26.445,26.73,25.77,26.08,20.33645603805372,1971164,20.843307894830364,20.094726690975627,20.621072849935988,1971164,0.0,1.0
2021-11-15 00:00:00,26.39,27.62,26.29,27.04,21.085037241908456,2784420,21.537305052570694,20.500208176396946,20.57818538513181,2784420,0.0,1.0
2021-11-16 00:00:00,27.09,27.145,26.64,26.85,20.936880545312206,1468439,21.16691331108007,20.773128406968983,21.12402584627589,1468439,0.0,1.0
2021-11-17 00:00:00,26.73,26.93,26.57,26.87,20.95247598705918,1549163,20.9992623123001,20.718544360854576,20.843307894830364,1549163,0.0,1.0
2021-11-18 00:00:00,26.93,26.93,26.57,26.69,20.81211701133642,1337704,20.9992623123001,20.718544360854576,20.9992623123001,1337704,0.0,1.0
2021-11-19 00:00:00,26.82,27.05,26.72,26.8,20.897891940944778,1730208,21.092834962781943,20.835510173956877,20.913487382691745,1730208,0.0,1.0
2021-11-22 00:00:00,26.87,27.01,26.75,26.76,20.866701057450825,970049,21.061644079288,20.858903336577335,20.95247598705918,970049,0.0,1.0
2021-11-23 00:00:00,26.86,27.125,26.825,26.97,21.03045319579405,864659,21.151317869333095,20.917386243128487,20.944678266185697,864659,0.0,1.0
2021-11-24 00:00:00,27.06,27.11,26.815,27.02,21.06944180016148,1122358,21.139621288022862,20.909588522255003,21.10063268365543,1122358,0.0,1.0
2021-11-26 00:00:00,26.82,27.095,26.45,26.46,20.63276943124622,616578,21.127924706712633,20.62497171037273,20.913487382691745,616578,0.0,1.0
2021-11-29 00:00:00,26.4,26.705,26.2205,26.4,20.585983106005298,1054739,20.823813592646644,20.44601401632621,20.585983106005298,1054739,0.0,1.0
2021-11-30 00:00:00,26.25,26.415,25.76,25.82,20.13371529534306,1490852,20.597679687315527,20.08692897010214,20.469017292902993,1490852,0.0,1.0
2021-12-01 00:00:00,25.89,25.96,25.62,25.65,20.001154040493784,1559153,20.242883387571876,19.97776087787332,20.18829934145747,1559153,0.0,1.0
2021-12-02 00:00:00,25.54,25.795,25.415,25.46,20.016749482240755,1234664,20.28012776490182,19.981370309943,20.079645788547875,1234664,0.21,1.0
2021-12-03 00:00:00,25.6,25.86,25.49,25.74,20.23688655431567,877504,20.331231013776353,20.040335597105923,20.126818018278215,877504,0.0,1.0
2021-12-06 00:00:00,25.7,26.005,25.645,25.68,20.189714324585335,1021877,20.445230568958007,20.16219719057597,20.205438401162112,1021877,0.0,1.0
2021-12-07 00:00:00,25.69,26.05,25.51,25.9,20.36267916692991,1295062,20.48060974125576,20.056059673682707,20.197576362873725,1295062,0.0,1.0
2021-12-08 00:00:00,25.93,26.21,25.7,26.0,20.44129954981381,881366,20.60640235387,20.205438401162112,20.386265281795083,881366,0.0,1.0
2021-12-09 00:00:00,25.96,26.03,25.7,25.74,20.23688655431567,1001451,20.46488566467898,20.205438401162112,20.40985139666025,1001451,0.0,1.0
2021-12-10 00:00:00,25.79,25.99,25.77,25.92,20.378403243506693,1072974,20.43343751152542,20.26047266918084,20.276196745757623,1072974,0.0,1.0
2021-12-13 00:00:00,25.9,26.537,25.86,26.34,20.70860885161907,1170653,20.86349100590035,20.331231013776353,20.36267916692991,1170653,0.0,1.0
2021-12-14 00:00:00,26.33,26.53,26.32,26.37,20.73219496648424,1196247,20.857987579098477,20.692884775042288,20.70074681333068,1196247,0.0,1.0
2021-12-15 00:00:00,26.51,26.9,26.5,26.7,20.991642230001105,1315291,21.148882995768904,20.834401464233306,20.8422635025217,1315291,0.0,1.0
2021-12-16 00:00:00,26.72,27.285,26.72,27.24,21.41619229757416,1098635,21.45157146987192,21.00736630657789,21.00736630657789,1098635,0.0,1.0
2021-12-17 00:00:00,27.35,27.72,26.96,27.08,21.29039968495992,4195562,21.79357013541688,21.196055225499244,21.50267471874645,4195562,0.0,1.0
2021-12-20 00:00:00,26.87,27.08,26.655,27.06,21.27467560838314,929245,21.29039968495992,20.956263057703353,21.125296880903736,929245,0.0,1.0
2021-12-21 00:00:00,27.04,27.1,26.8,27.06,21.27467560838314,938521,21.306123761536703,21.070262612885006,21.258951531806364,938521,0.0,1.0
2021-12-22 00:00:00,27.09,27.27,26.925,27.06,21.27467560838314,717913,21.43977841243933,21.16853809148988,21.298261723248313,717913,0.0,1.0
2021-12-23 00:00:00,27.05,27.11,26.81,26.89,21.141020957480514,593174,21.313985799825097,21.078124651173393,21.26681357009475,593174,0.0,1.0
2021-12-27 00:00:00,26.88,27.13,26.77,27.12,21.321847838113484,471534,21.32970987640187,21.046676498019835,21.133158919192123,471534,0.0,1.0
2021-12-28 00:00:00,27.09,27.44,27.09,27.43,21.565571025053572,646088,21.57343306334196,21.298261723248313,21.298261723248313,646088,0.0,1.0
2021-12-29 00:00:00,27.46,27.49,27.3,27.44,21.57343306334196,631587,21.612743254783908,21.463364527304503,21.58915713991874,631587,0.0,1.0
2021-12-30 00:00:00,27.4,27.47,27.27,27.42,21.55770898676518,533922,21.59701917820713,21.43977841243933,21.5419849101884,533922,0.0,1.0
2021-12-31 00:00:00,27.45,27.58,27.295,27.47,21.59701917820713,608812,21.68350159937942,21.45943350816031,21.58129510163035,608812,0.0,1.0
2022-01-03 00:00:00,27.37,27.48,27.11,27.47,21.59701917820713,650334,21.60488121649552,21.313985799825097,21.518398795323233,650334,0.0,1.0
2022-01-04 00:00:00,27.39,27.84,27.39,27.58,21.68350159937942,1073527,21.887914594877557,21.53412287190001,21.53412287190001,1073527,0.0,1.0
2022-01-05 00:00:00,27.76,28.02,27.71,27.88,21.919362748031116,1241587,22.029431284068576,21.785708097128488,21.82501828857044,1241587,0.0,1.0
2022-01-06 00:00:00,27.9,28.13,27.75,27.94,21.96653497776146,791190,22.115913705240864,21.81715625028205,21.935086824607897,791190,0.0,1.0
2022-01-07 00:00:00,27.82,28.125,27.75,28.03,22.03729332235697,816768,22.11198268609667,21.81715625028205,21.87219051830078,816768,0.0,1.0
2022-01-10 00:00:00,28.0,28.38,27.99,28.22,22.186672049836375,2819420,22.312464662450612,22.005845169203404,22.0137072074918,2819420,0.0,1.0
2022-01-11 00:00:00,28.17,28.28,27.665,27.81,21.864328480012382,1822706,22.23384427956671,21.750328924830733,22.147361858394422,1822706,0.0,1.0
2022-01-12 00:00:00,27.75,28.1,27.495,27.9,21.935086824607897,2700921,22.092327590375696,21.616674273928105,21.81715625028205,2700921,0.0,1.0
2022-01-13 00:00:00,27.92,28.505,27.79,28.27,22.225982241278324,1858437,22.410740141055488,21.84860440343561,21.95081090118468,1858437,0.0,1.0
2022-01-14 00:00:00,28.3,29.19,28.14,29.07,22.85494530434952,3316703,22.9492897638102,22.123775743529254,22.249568356143495,3316703,0.0,1.0
2022-01-18 00:00:00,28.86,29.21,28.51,28.99,22.792048998042397,2627560,22.965013840386977,22.414671160199685,22.68984250029333,2627560,0.0,1.0
2022-01-19 00:00:00,29.05,29.73,28.915,28.93,22.74487676831206,3430490,23.373839831383258,22.733083710879473,22.83922122777274,3430490,0.0,1.0
2022-01-20 00:00:00,28.78,28.89,28.285,28.35,22.288878547585444,1288632,22.713428615158502,22.23777529871091,22.62694619398621,1288632,0.0,1.0
2022-01-21 00:00:00,28.53,28.84,28.5,28.74,22.59549804083265,1597639,22.67411842371655,22.406809121911294,22.430395236776462,1597639,0.0,1.0
2022-01-24 00:00:00,28.77,29.0,28.135,28.59,22.4775674665068,1841525,22.79991103633079,22.11984472438506,22.61908415569782,1841525,0.0,1.0
2022-01-25 00:00:00,28.5,28.5,27.905,28.11,22.100189628664086,2074699,22.406809121911294,21.939017843752097,22.406809121911294,2074699,0.0,1.0
2022-01-26 00:00:00,27.96,28.27,27.87,27.97,21.990121092626627,1462441,22.225982241278324,21.91150070974273,21.982259054338236,1462441,0.0,1.0
2022-01-27 00:00:00,28.13,28.54,27.875,28.11,22.100189628664086,2028330,22.438257275064853,21.91543172888692,22.115913705240864,2028330,0.0,1.0
2022-01-28 00:00:00,28.0,28.29,27.81,28.29,22.241706317855105,1031231,22.241706317855105,21.864328480012382,22.0137072074918,1031231,0.0,1.0
2022-01-31 00:00:00,28.12,28.24,27.74,28.13,22.115913705240864,1308150,22.202396126413152,21.809294211993656,22.108051666952477,1308150,0.0,1.0
2022-02-01 00:00:00,28.27,28.37,27.76,28.09,22.084465552087305,863444,22.304602624162225,21.82501828857044,22.225982241278324,863444,0.0,1.0
2022-02-02 00:00:00,28.03,28.475,27.89,28.44,22.359636892180955,1348771,22.38715402619032,21.927224786319503,22.03729332235697,1348771,0.0,1.0
2022-02-03 00:00:00,28.44,28.66,28.3623,28.58,22.46970542821841,1569510,22.53260173452553,22.298548854680163,22.359636892180955,1569510,0.0,1.0
2022-02-04 00:00:00,28.45,28.47,27.865,28.14,22.123775743529254,1300307,22.383223007046123,21.90756969059853,22.367498930469345,1300307,0.0,1.0
2022-02-07 00:00:00,28.26,28.36,27.88,28.26,22.218120202989937,1392609,22.296740585873835,21.919362748031116,22.218120202989937,1392609,0.0,1.0
2022-02-08 00:00:00,28.39,28.57,28.24,28.47,22.383223007046123,1703135,22.461843389930024,22.202396126413152,22.320326700739,1703135,0.0,1.0
2022-02-09 00:00:00,28.47,28.61,28.21,28.27,22.225982241278324,1349068,22.493291543083583,22.178810011547984,22.383223007046123,1349068,0.0,1.0
2022-02-10 00:00:00,28.12,28.375,27.9901,28.09,22.084465552087305,1724544,22.30853364330642,22.00592378958629,22.108051666952477,1724544,0.0,1.0
2022-02-11 00:00:00,27.975,28.15,26.96,27.93,21.958672939473068,2075383,22.131637781817645,21.196055225499244,21.994052111770824,2075383,0.0,1.0
2022-02-14 00:00:00,28.06,28.24,27.62,28.05,22.053017398933747,1449371,22.202396126413152,21.71494975253298,22.060879437222138,1449371,0.0,1.0
2022-02-15 00:00:00,28.13,28.27,27.98,28.13,22.115913705240864,1223529,22.225982241278324,21.997983130915017,22.115913705240864,1223529,0.0,1.0
2022-02-16 00:00:00,28.09,28.32,27.75,27.92,21.95081090118468,1022217,22.265292432720276,21.81715625028205,22.084465552087305,1022217,0.0,1.0
2022-02-17 00:00:00,27.88,28.43,27.78,28.33,22.273154471008663,1006906,22.351774853892564,21.840742365147214,21.919362748031116,1006906,0.0,1.0
2022-02-18 00:00:00,28.28,28.735,28.28,28.67,22.54046377281392,1743428,22.591567021688455,22.23384427956671,22.23384427956671,1743428,0.0,1.0
2022-02-22 00:00:00,28.7,28.78,28.345,28.41,22.336050777315783,2027014,22.62694619398621,22.284947528441247,22.56404988767909,2027014,0.0,1.0
2022-02-23 00:00:00,28.48,28.618,28.37,28.47,22.383223007046123,1502907,22.499581173714297,22.304602624162225,22.391085045334513,1502907,0.0,1.0
2022-02-24 00:00:00,28.21,28.22,26.66,26.87,21.125296880903736,3245054,22.186672049836375,20.960194076847547,22.178810011547984,3245054,0.0,1.0
2022-02-25 00:00:00,26.97,27.88,26.88,27.81,21.864328480012382,2306669,21.919362748031116,21.133158919192123,21.20391726378763,2306669,0.0,1.0
2022-02-28 00:00:00,27.54,27.56,27.14,27.41,21.54984694847679,2061404,21.66777752280264,21.337571914690265,21.65205344622586,2061404,0.0,1.0
2022-03-01 00:00:00,27.42,27.74,26.975,27.3,21.463364527304503,2474971,21.809294211993656,21.20784828293183,21.55770898676518,2474971,0.0,1.0
2022-03-02 00:00:00,27.3,27.93,27.27,27.63,21.722811790821368,2037650,21.958672939473068,21.43977841243933,21.463364527304503,2037650,0.0,1.0
2022-03-03 00:00:00,27.43,27.87,27.36,27.65,21.90363867145434,1251291,22.077917170829384,21.673907922278143,21.729360172079293,1251291,0.21,1.0
2022-03-04 00:00:00,27.26,27.41,26.8,26.95,21.34911617344283,2946401,21.71351667213611,21.230289923868945,21.594690422562216,2946401,0.0,1.0
2022-03-07 00:00:00,26.68,26.95,25.605,25.8,20.438114926709655,3793175,21.34911617344283,20.28364080226359,21.135228924209827,3793175,0.0,1.0
2022-03-08 00:00:00,25.72,25.94,24.61,25.03,19.828140178897,4225550,20.54901942631195,19.495426680090095,20.37474092693691,4225550,0.0,1.0
2022-03-09 00:00:00,25.61,25.63,25.2,25.35,20.081636177987978,1969581,20.303445177192575,19.96280992841408,20.287601677249388,1969581,0.0,1.0
2022-03-10 00:00:00,25.07,25.15,24.78,24.89,19.717235679294703,2010983,19.923201178556116,19.63009642960718,19.859827178783373,2010983,0.0,1.0
2022-03-11 00:00:00,24.89,24.94,24.295,24.33,19.273617680885497,2080312,19.756844429152665,19.24589155598493,19.717235679294703,2080312,0.0,1.0
2022-03-14 00:00:00,24.5,24.76,24.32,24.53,19.43205268031736,1583323,19.61425292966399,19.265695930913907,19.408287430402577,1583323,0.0,1.0
2022-03-15 00:00:00,24.53,24.855,24.5,24.81,19.653861679521956,1303046,19.689509554394125,19.408287430402577,19.43205268031736,1303046,0.0,1.0
2022-03-16 00:00:00,24.86,25.405,24.62,25.24,19.99449692830045,2511237,20.125205802831736,19.503348430061692,19.69347042937992,2511237,0.0,1.0
2022-03-17 00:00:00,25.39,25.39,25.0,25.18,19.946966428470898,1593363,20.113323177874346,19.804374928982224,20.113323177874346,1593363,0.0,1.0
2022-03-18 00:00:00,25.19,25.335,24.93,25.33,20.065792678044787,3502639,20.069753553030584,19.74892267918107,19.954888178442488,3502639,0.0,1.0
2022-03-21 00:00:00,25.55,25.67,25.06,25.09,19.875670678726557,1626719,20.335132177078947,19.85190542881178,20.240071177419832,1626719,0.0,1.0
2022-03-22 00:00:00,25.13,25.28,24.985,25.22,19.978653428357266,1092478,20.026183928186825,19.792492304024833,19.90735767861293,1092478,0.0,1.0
2022-03-23 00:00:00,25.33,25.46,24.975,25.0,19.804374928982224,1099950,20.168775427675495,19.784570554053243,20.065792678044787,1099950,0.0,1.0
2022-03-24 00:00:00,25.0,25.11,24.825,24.95,19.76476617912426,1131125,19.891514178669745,19.665744304479347,19.804374928982224,1131125,0.0,1.0
2022-03-25 00:00:00,24.94,25.395,24.89,25.26,20.010340428243637,1203326,20.117284052860143,19.717235679294703,19.756844429152665,1203326,0.0,1.0
2022-03-28 00:00:00,25.34,25.39,25.16,25.26,20.010340428243637,812270,20.113323177874346,19.93112292852771,20.07371442801638,812270,0.0,1.0
2022-03-29 00:00:00,25.28,26.06,25.28,26.03,20.62031517605629,1904201,20.64408042597107,20.026183928186825,20.026183928186825,1904201,0.0,1.0
2022-03-30 00:00:00,25.95,25.98,25.53,25.8,20.438114926709655,994486,20.58070642619833,20.224227677476648,20.556941176283548,994486,0.0,1.0
2022-03-31 00:00:00,25.75,25.87,25.57,25.71,20.36681917696532,949511,20.493567176510805,20.255914677363016,20.39850617685169,949511,0.0,1.0
2022-04-01 00:00:00,25.83,26.25,25.59,26.25,20.794593675431333,1472041,20.794593675431333,20.271758177306204,20.46188017662443,1472041,0.0,1.0
2022-04-04 00:00:00,26.12,26.18,25.746,26.02,20.612393426084697,982505,20.739141425630184,20.39533747686305,20.691610925800628,982505,0.0,1.0
2022-04-05 00:00:00,25.95,26.29,25.9,25.99,20.588628176169916,1420213,20.826280675317705,20.517332426425583,20.556941176283548,1420213,0.0,1.0
2022-04-06 00:00:00,26.04,26.41,25.95,26.34,20.86588942517567,1118705,20.92134167497682,20.556941176283548,20.62823692602788,1118705,0.0,1.0
2022-04-07 00:00:00,26.31,26.515,26.175,26.4,20.913419925005226,1238011,21.004520049678547,20.735180550644387,20.84212417526089,1238011,0.0,1.0
2022-04-08 00:00:00,26.45,26.71,26.27,26.54,21.024324424607528,1019796,21.158994174124608,20.81043717537452,20.95302867486319,1019796,0.0,1.0
2022-04-11 00:00:00,26.7,26.9,26.535,26.56,21.040167924550712,1510971,21.309507423584872,21.02036354962173,21.151072424153018,1510971,0.0,1.0
2022-04-12 00:00:00,26.57,26.935,26.57,26.74,21.182759424039386,1481206,21.337233548485447,21.048089674522306,21.048089674522306,1481206,0.0,1.0
2022-04-13 00:00:00,26.67,26.91,26.545,26.76,21.198602923982573,732417,21.317429173556462,21.028285299593325,21.127307174238236,732417,0.0,1.0
2022-04-14 00:00:00,26.83,26.89,26.62,26.78,21.214446423925757,651482,21.30158567361328,21.08769842438027,21.25405517378372,651482,0.0,1.0
2022-04-18 00:00:00,26.77,26.845,26.535,26.67,21.127307174238236,783066,21.26593779874111,21.02036354962173,21.206524673954164,783066,0.0,1.0
2022-04-19 00:00:00,26.74,27.105,26.68,26.88,21.293663923641684,1554910,21.471903298002527,21.135228924209827,21.182759424039386,1554910,0.0,1.0
2022-04-20 00:00:00,27.02,27.5,27.02,27.47,21.761047171965664,1190287,21.78481242188045,21.404568423243987,21.404568423243987,1190287,0.0,1.0
2022-04-21 00:00:00,27.43,27.75,27.35,27.57,21.840264671681595,1483460,21.982856171170265,21.665986172306553,21.729360172079293,1483460,0.0,1.0
2022-04-22 00:00:00,27.62,27.73,27.37,27.38,21.68975142222133,1368484,21.96701267122708,21.681829672249737,21.87987342153956,1368484,0.0,1.0
2022-04-25 00:00:00,27.43,27.64,26.865,27.58,21.848186421653185,1309577,21.895716921482745,21.281781298684297,21.729360172079293,1309577,0.0,1.0
2022-04-26 00:00:00,27.66,27.755,26.92,26.93,21.33327267349965,2130374,21.986817046156062,21.32535092352806,21.911560421425932,2130374,0.0,1.0
2022-04-27 00:00:00,26.86,27.145,26.65,26.73,21.174837674067792,4753426,21.5035902978889,21.11146367429505,21.2778204236985,4753426,0.0,1.0
2022-04-28 00:00:00,26.73,27.07,26.575,27.05,21.428333673158765,1386687,21.444177173101952,21.052050549508103,21.174837674067792,1386687,0.0,1.0
2022-04-29 00:00:00,26.92,27.08,26.47,26.52,21.00848092466434,1429390,21.452098923073542,20.968872174806375,21.32535092352806,1429390,0.0,1.0
2022-05-02 00:00:00,26.72,26.78,25.765,26.07,20.652002175942663,1642361,21.214446423925757,20.41038880180908,21.1669159240962,1642361,0.0,1.0
2022-05-03 00:00:00,26.18,26.56,26.07,26.4,20.913419925005226,1178517,21.040167924550712,20.652002175942663,20.739141425630184,1178517,0.0,1.0
2022-05-04 00:00:00,26.41,26.825,26.27,26.76,21.198602923982573,1193438,21.25009429879793,20.81043717537452,20.92134167497682,1193438,0.0,1.0
2022-05-05 00:00:00,26.7,26.795,26.38,26.5,20.992637424721156,1469515,21.226329048883148,20.89757642506204,21.151072424153018,1469515,0.0,1.0
2022-05-06 00:00:00,26.36,26.68,26.27,26.54,21.024324424607528,1673897,21.135228924209827,20.81043717537452,20.881732925118857,1673897,0.0,1.0
2022-05-09 00:00:00,26.41,27.3,26.33,27.28,21.610533922505404,1810373,21.626377422448588,20.857967675204076,20.92134167497682,1810373,0.0,1.0
2022-05-10 00:00:00,27.36,27.49,26.58,26.75,21.19068117401098,1572233,21.776890671908852,21.0560114244939,21.673907922278143,1572233,0.0,1.0
2022-05-11 00:00:00,26.8,27.19,26.72,26.85,21.269898673726907,1150745,21.539238172761067,21.1669159240962,21.230289923868945,1150745,0.0,1.0
2022-05-12 00:00:00,26.85,27.175,26.65,27.02,21.404568423243987,1382878,21.527355547803676,21.11146367429505,21.269898673726907,1382878,0.0,1.0
2022-05-13 00:00:00,27.11,27.42,26.94,27.34,21.65806442233496,1106902,21.721438422107703,21.341194423471244,21.47586417298832,1106902,0.0,1.0
2022-05-16 00:00:00,27.36,27.475,27.03,27.1,21.46794242301673,1259430,21.765008046951465,21.41249017321558,21.673907922278143,1259430,0.0,1.0
2022-05-17 00:00:00,27.05,27.175,26.62,26.92,21.32535092352806,2171513,21.527355547803676,21.08769842438027,21.428333673158765,2171513,0.0,1.0
2022-05-18 00:00:00,26.72,26.89,25.37,25.37,20.09747967793116,2000371,21.30158567361328,20.09747967793116,21.1669159240962,2000371,0.0,1.0
2022-05-19 00:00:00,25.06,25.36,24.62,25.12,19.89943592864134,2692951,20.089557927959564,19.503348430061692,19.85190542881178,2692951,0.0,1.0
2022-05-20 00:00:00,25.74,26.58,25.1,26.5,20.992637424721156,3319760,21.0560114244939,19.88359242869815,20.390584426880096,3319760,0.0,1.0
2022-05-23 00:00:00,26.41,26.78,26.0,26.11,20.68368917582903,1726040,21.214446423925757,20.596549926141513,20.92134167497682,1726040,0.0,1.0
2022-05-24 00:00:00,26.23,26.69,26.035,26.65,21.11146367429505,1744680,21.14315067418142,20.624276051042088,20.77875017548815,1744680,0.0,1.0
2022-05-25 00:00:00,26.79,26.91,26.25,26.81,21.238211673840535,1647536,21.317429173556462,20.794593675431333,21.222368173897348,1647536,0.0,1.0
2022-05-26 00:00:00,27.54,27.9,27.3,27.36,21.673907922278143,1793255,22.10168242074416,21.626377422448588,21.816499421766817,1793255,0.0,1.0
2022-05-27 00:00:00,27.41,27.42,27.25,27.33,21.65014267236337,1090883,21.721438422107703,21.586768672590622,21.71351667213611,1090883,0.0,1.0
2022-05-31 00:00:00,27.22,27.74,26.9,27.6,21.864029921596376,1706124,21.97493442119867,21.309507423584872,21.563003422675845,1706124,0.0,1.0
2022-06-01 00:00:00,27.42,27.49,26.32,26.42,20.929263424948413,1380094,21.776890671908852,20.85004592523249,21.721438422107703,1380094,0.0,1.0
2022-06-02 00:00:00,26.46,26.51,25.87,26.49,20.98471567474956,1169342,21.00055917469275,20.493567176510805,20.960950424834785,1169342,0.0,1.0
2022-06-03 00:00:00,26.46,26.5,25.9,26.09,20.667845675885847,2104178,20.992637424721156,20.517332426425583,20.960950424834785,2104178,0.0,1.0
2022-06-06 00:00:00,26.16,26.39,26.02,26.11,20.68368917582903,1416338,20.905498175033635,20.612393426084697,20.723297925687,1416338,0.0,1.0
2022-06-07 00:00:00,25.92,26.21,25.92,26.1,20.67576742585744,1258547,20.76290667554496,20.53317592636877,20.53317592636877,1258547,0.0,1.0
2022-06-08 00:00:00,25.94,25.97,25.55,25.55,20.41434967679487,1095633,20.749928027646295,20.41434967679487,20.725958145442625,1095633,0.22,1.0
2022-06-09 00:00:00,25.63,25.79,24.94,24.98,19.958921914925085,1785257,20.606108734424257,19.926962071986857,20.478269362671337,1785257,0.0,1.0
2022-06-10 00:00:00,24.75,25.38,24.66,25.07,20.030831561536104,2758864,20.278520344307392,19.70324317141924,19.775152818030257,2758864,0.0,1.0
2022-06-13 00:00:00,24.85,25.12,24.85,25.0,19.9749018363942,1893618,20.070781365208894,19.855052425375835,19.855052425375835,1893618,0.0,1.0
2022-06-14 00:00:00,24.97,24.97,24.15,24.36,19.46354434938251,1786125,19.950931954190526,19.295755173956795,19.950931954190526,1786125,0.0,1.0
2022-06-15 00:00:00,24.49,25.01,24.44,24.78,19.799122700233937,1493463,19.98289179712876,19.527464035258973,19.567413838931756,1493463,0.0,1.0
2022-06-16 00:00:00,24.59,24.89,24.4,24.59,19.647313446277337,1544522,19.887012268314063,19.495504192320738,19.647313446277337,1544522,0.0,1.0
2022-06-17 00:00:00,24.7,24.96,24.4667,24.67,19.711233132153797,2146671,19.94294199345597,19.54879723042024,19.73520301435747,2146671,0.0,1.0
2022-06-21 00:00:00,24.88,25.1,24.56,24.99,19.96691187565964,1426603,20.054801443739777,19.62334356407366,19.879022307579508,1426603,0.0,1.0
2022-06-22 00:00:00,24.94,25.14,24.825,24.99,19.96691187565964,1302061,20.08676128667801,19.83507752353944,19.926962071986857,1302061,0.0,1.0
2022-06-23 00:00:00,25.07,25.425,25.045,25.28,20.198620736961814,1470699,20.3144751676129,20.010856659699712,20.030831561536104,1470699,0.0,1.0
2022-06-24 00:00:00,25.48,26.29,25.34,26.23,20.957667006744796,1932791,21.00560677115214,20.24656050136916,20.35841995165297,1932791,0.0,1.0
2022-06-27 00:00:00,26.33,26.41,26.05,26.24,20.96565696747935,890713,21.101486299966833,20.81384771352276,21.03756661409037,890713,0.0,1.0
2022-06-28 00:00:00,26.31,26.41,26.05,26.15,20.893747320868332,1176740,21.101486299966833,20.81384771352276,21.021586692621256,1176740,0.0,1.0
2022-06-29 00:00:00,26.15,26.55,26.1,26.41,21.101486299966833,1029141,21.21334575025064,20.853797517195545,20.893747320868332,1029141,0.0,1.0
2022-06-30 00:00:00,26.3,26.39,26.13,26.32,21.029576653355814,939853,21.08550637849772,20.877767399399215,21.0135967318867,939853,0.0,1.0
2022-07-01 00:00:00,26.32,26.71,26.24,26.68,21.31721523979989,897970,21.34118512200357,20.96565696747935,21.029576653355814,897970,0.0,1.0
2022-07-05 00:00:00,26.55,26.995,26.2,26.92,21.508974297429276,1604434,21.56889900293846,20.933697124541123,21.21334575025064,1604434,0.0,1.0
2022-07-06 00:00:00,27.0,27.0,26.42,26.5,21.173395946577852,1801462,21.572893983305736,21.109476260701392,21.572893983305736,1801462,0.0,1.0
2022-07-07 00:00:00,26.47,27.02,26.43,27.0,21.572893983305736,1527384,21.58887390477485,21.117466221435947,21.14942606437418,1527384,0.0,1.0
2022-07-08 00:00:00,27.01,27.42,26.81,26.85,21.45304457228737,1260264,21.90847233415716,21.42108472934914,21.580883944040295,1260264,0.0,1.0
2022-07-11 00:00:00,26.85,27.15,26.85,27.06,21.62083374771308,759300,21.6927433943241,21.45304457228737,21.45304457228737,759300,0.0,1.0
2022-07-12 00:00:00,27.05,27.63,27.05,27.26,21.780632962404237,1071484,22.07626150958287,21.612843786978527,21.612843786978527,1071484,0.0,1.0
2022-07-13 00:00:00,27.26,27.61,27.05,27.43,21.916462294891716,857443,22.060281588113753,21.612843786978527,21.780632962404237,857443,0.0,1.0
2022-07-14 00:00:00,27.11,27.19,26.7248,27.16,21.70073335505866,713602,21.724703237262332,21.353010263890702,21.66078355138587,713602,0.0,1.0
2022-07-15 00:00:00,27.26,27.34,27.0,27.06,21.62083374771308,583647,21.844552648280697,21.572893983305736,21.780632962404237,583647,0.0,1.0
2022-07-18 00:00:00,27.12,27.12,26.61,26.61,21.261285514657985,774044,21.668773512120428,21.261285514657985,21.668773512120428,774044,0.0,1.0
2022-07-19 00:00:00,27.02,27.16,26.9,26.94,21.52495421889839,735110,21.70073335505866,21.49299437596016,21.58887390477485,735110,0.0,1.0
2022-07-20 00:00:00,26.95,27.11,26.76,26.85,21.45304457228737,765797,21.66078355138587,21.381134925676353,21.53294417963295,765797,0.0,1.0
2022-07-21 00:00:00,26.79,26.955,26.66,26.87,21.46902449375649,573110,21.536939160000227,21.301235318330775,21.405104807880026,573110,0.0,1.0
2022-07-22 00:00:00,27.05,27.23,26.89,27.22,21.748673119466005,687020,21.756663080200564,21.485004415225603,21.612843786978527,687020,0.0,1.0
2022-07-25 00:00:00,27.11,27.47,27.07,27.43,21.916462294891716,811168,21.948422137829947,21.62882370844764,21.66078355138587,811168,0.0,1.0
2022-07-26 00:00:00,27.36,27.95,27.22,27.88,22.276010527946813,998460,22.33194025308871,21.748673119466005,21.86053256974981,998460,0.0,1.0
2022-07-27 00:00:00,27.75,27.78,27.13,27.67,22.108221352521102,1094266,22.196110920601235,21.676763472854987,22.17214103839756,1094266,0.0,1.0
2022-07-28 00:00:00,27.63,28.34,27.52,28.16,22.499729428514428,1045171,22.643548721736465,21.988371941502734,22.07626150958287,1045171,0.0,1.0
2022-07-29 00:00:00,28.03,28.46,27.939,28.41,22.69947844687837,1024589,22.739428250551157,22.323151296280702,22.395859938965177,1024589,0.0,1.0
2022-08-01 00:00:00,28.19,28.67,28.18,28.5,22.77138809348939,1036908,22.90721742597687,22.515709349983545,22.5236993107181,1036908,0.0,1.0
2022-08-02 00:00:00,28.5,28.59,27.75,27.82,22.228070763539467,1678662,22.843297740100407,22.17214103839756,22.77138809348939,1678662,0.0,1.0
2022-08-03 00:00:00,27.8,28.02,27.54,27.95,22.33194025308871,700356,22.38786997823062,22.004351862971852,22.212090842070353,700356,0.0,1.0
2022-08-04 00:00:00,27.87,27.955,27.615,27.63,22.07626150958287,780448,22.335935233455995,22.06427656848103,22.268020567212258,780448,0.0,1.0
2022-08-05 00:00:00,27.55,27.755,27.17,27.68,22.116211313255658,1087334,22.17613601876484,21.70872331579322,22.01234182370641,1087334,0.0,1.0
2022-08-08 00:00:00,27.86,28.035,27.595,27.69,22.124201273990217,848451,22.399854919332455,22.048296647011917,22.260030606477695,848451,0.0,1.0
2022-08-09 00:00:00,27.7,27.89,27.54,27.74,22.164151077663004,1181030,22.28400048868137,22.004351862971852,22.132191234724772,1181030,0.0,1.0
2022-08-10 00:00:00,27.74,27.85,27.55,27.58,22.03631170591008,1441294,22.25204064574314,22.01234182370641,22.164151077663004,1441294,0.0,1.0
2022-08-11 00:00:00,27.51,28.01,27.48,27.58,22.03631170591008,1180839,22.379880017496063,21.956412098564503,21.98038198076818,1180839,0.0,1.0
2022-08-12 00:00:00,27.74,28.33,27.3443,27.53,21.996361902237293,2196752,22.635558761001903,21.847988331396557,22.164151077663004,2196752,0.0,1.0
2022-08-15 00:00:00,27.76,27.885,27.595,27.8,22.212090842070353,1661542,22.280005508314098,22.048296647011917,22.18013099913212,1661542,0.0,1.0
2022-08-16 00:00:00,27.88,28.095,27.85,28.02,22.38786997823062,1651644,22.4477946837398,22.25204064574314,22.276010527946813,1651644,0.0,1.0
2022-08-17 00:00:00,27.98,28.16,27.879,28.06,22.41982982116885,785194,22.499729428514428,22.275211531873357,22.35591013529239,785194,0.0,1.0
2022-08-18 00:00:00,28.06,28.17,27.87,28.13,22.475759546310755,1097221,22.507719389248987,22.268020567212258,22.41982982116885,1097221,0.0,1.0
2022-08-19 00:00:00,28.2,28.495,28.09,28.35,22.651538682471024,899254,22.76739311312211,22.443799703372523,22.531689271452656,899254,0.0,1.0
2022-08-22 00:00:00,28.33,28.39,27.91,27.97,22.34792017455783,1130634,22.683498525409256,22.29998041015049,22.635558761001903,1130634,0.0,1.0
2022-08-23 00:00:00,27.98,27.99,27.49,27.88,22.276010527946813,1483874,22.363900096026946,21.96440205929906,22.35591013529239,1483874,0.0,1.0
2022-08-24 00:00:00,27.98,28.06,27.735,27.88,22.276010527946813,830877,22.41982982116885,22.16015609729573,22.35591013529239,830877,0.0,1.0
2022-08-25 00:00:00,27.8,27.92,27.505,27.59,22.04430166664464,1536167,22.307970370885045,21.976387000400894,22.212090842070353,1536167,0.0,1.0
2022-08-26 00:00:00,27.59,27.76,27.335,27.44,21.92445225562627,1070137,22.18013099913212,21.84055766791342,22.04430166664464,1070137,0.0,1.0
2022-08-29 00:00:00,27.33,27.44,27.03,27.23,21.756663080200564,892933,21.92445225562627,21.59686386550941,21.836562687546134,892933,0.0,1.0
2022-08-30 00:00:00,27.23,27.605,27.09,27.42,21.90847233415716,1450077,22.056286607746475,21.644803629916755,21.756663080200564,1450077,0.0,1.0
2022-08-31 00:00:00,27.55,27.6,27.255,27.3,21.81259280534247,1034696,22.0522916273792,21.776637982036956,22.01234182370641,1034696,0.0,1.0
2022-09-01 00:00:00,27.01,27.36,26.91,27.28,21.97239202003362,1509413,22.036827187247795,21.67437937166806,21.75492333068578,1509413,0.22,1.0
2022-09-02 00:00:00,27.38,27.54,26.875,26.99,21.73881453888223,863265,22.181806313479687,21.646188986011857,22.052935979051338,863265,0.0,1.0
2022-09-06 00:00:00,26.99,26.99,26.36,26.53,21.36831232740073,1407816,21.73881453888223,21.231387597070608,21.73881453888223,1407816,0.0,1.0
2022-09-07 00:00:00,26.62,26.98,26.435,26.95,21.706596955275145,1232673,21.730760142980465,21.291795566333896,21.44080189051668,1232673,0.0,1.0
2022-09-08 00:00:00,26.84,26.84,26.3,26.65,21.46496507822199,1186733,21.61799860035566,21.183061221659976,21.61799860035566,1186733,0.0,1.0
2022-09-09 00:00:00,26.71,26.87,26.5,26.7,21.505237057730852,1162692,21.642161788060974,21.344149139695418,21.513291453632625,1162692,0.0,1.0
2022-09-12 00:00:00,26.9,27.1,26.73,26.8,21.58578101674857,1517255,21.827412893801725,21.529400245436168,21.666324975766287,1517255,0.0,1.0
2022-09-13 00:00:00,26.7,26.79,26.04,26.09,21.01391890772277,1065976,21.577726620846796,20.97364692821391,21.505237057730852,1065976,0.0,1.0
2022-09-14 00:00:00,26.11,26.3,25.96,26.07,20.997810115919226,1310814,21.183061221659976,20.909211760999735,21.03002769952631,1310814,0.0,1.0
2022-09-15 00:00:00,26.0,26.08,25.78,26.0,20.94142934460682,1099668,21.005864511820995,20.76423263476784,20.94142934460682,1099668,0.0,1.0
2022-09-16 00:00:00,26.14,26.17,25.79,26.04,20.97364692821391,3596625,21.078354074936943,20.772287030669613,21.054190887231627,3596625,0.0,1.0
2022-09-19 00:00:00,26.04,26.355,25.96,26.27,21.15889803395466,1083964,21.22736039911972,20.909211760999735,20.97364692821391,1083964,0.0,1.0
2022-09-20 00:00:00,26.02,26.11,25.735,25.93,20.88504857329442,1189490,21.03002769952631,20.727987853209868,20.957538136410363,1189490,0.0,1.0
2022-09-21 00:00:00,26.07,26.32,25.77,25.78,20.76423263476784,1157524,21.19917001346352,20.756178238866067,20.997810115919226,1157524,0.0,1.0
2022-09-22 00:00:00,25.79,26.07,25.68,25.87,20.836722197883788,1231682,20.997810115919226,20.683688675750123,20.772287030669613,1231682,0.0,1.0
2022-09-23 00:00:00,25.74,25.87,25.16,25.44,20.4903831741076,892225,20.836722197883788,20.264860088857983,20.73201505116075,892225,0.0,1.0
2022-09-26 00:00:00,25.34,25.69,25.27,25.42,20.474274382304056,1581841,20.691743071651896,20.353458443777477,20.40983921508988,1581841,0.0,1.0
2022-09-27 00:00:00,25.51,25.645,24.89,25.03,20.160152942134953,1141545,20.65549829009392,20.047391399510147,20.54676394542,1141545,0.0,1.0
2022-09-28 00:00:00,25.06,25.455,24.88,25.28,20.36151283967925,1115138,20.502464767960255,20.039337003608377,20.184316129840266,1115138,0.0,1.0
2022-09-29 00:00:00,25.16,25.35,24.94,25.1,20.216533713447355,1018333,20.41789361099165,20.08766337901901,20.264860088857983,1018333,0.0,1.0
2022-09-30 00:00:00,25.2,25.22,24.64,24.69,19.88630348147471,1056546,20.313186464268615,19.84603150196585,20.297077672465072,1056546,0.0,1.0
2022-10-03 00:00:00,24.84,24.99,24.7,24.92,20.071554587215463,1093972,20.127935358527864,19.89435787737648,20.007119420001285,1093972,0.0,1.0
2022-10-04 00:00:00,25.08,25.48,25.045,25.31,20.38567602738456,1258309,20.522600757714685,20.17223453598761,20.20042492164381,1258309,0.0,1.0
2022-10-05 00:00:00,25.21,25.38,24.975,25.05,20.176261733938496,890166,20.442056798696967,20.115853764675208,20.305132068366845,890166,0.0,1.0
2022-10-06 00:00:00,24.99,25.13,24.515,24.66,19.862140293769393,1135087,20.24069690115267,19.7453515531937,20.127935358527864,1135087,0.0,1.0
2022-10-07 00:00:00,24.62,24.73,24.35,24.55,19.773541938849903,1222453,19.9185210650818,19.612454020814468,19.829922710162307,1222453,0.0,1.0
2022-10-10 00:00:00,24.65,25.155,24.6,25.06,20.184316129840266,1131008,20.2608328909071,19.813813918358765,19.85408589786762,1131008,0.0,1.0
2022-10-11 00:00:00,25.14,25.635,25.13,25.48,20.522600757714685,1438556,20.64744389419215,20.24069690115267,20.248751297054444,1438556,0.0,1.0
2022-10-12 00:00:00,25.61,25.71,25.45,25.49,20.530655153616458,905309,20.70785186345544,20.49843757000937,20.62730790443772,905309,0.0,1.0
2022-10-13 00:00:00,25.21,26.485,25.12,26.36,21.231387597070608,1644733,21.33206754584275,20.232642505250897,20.305132068366845,1644733,0.0,1.0
2022-10-14 00:00:00,26.45,26.66,26.22,26.26,21.15084363805289,1876041,21.473019474123763,21.1186260544458,21.303877160186556,1876041,0.0,1.0
2022-10-17 00:00:00,26.34,26.605,26.33,26.36,21.231387597070608,1281136,21.428720296664014,21.207224409365292,21.215278805267065,1281136,0.0,1.0
2022-10-18 00:00:00,26.55,27.155,26.55,27.04,21.779086518391093,1322456,21.87171207126147,21.384421119204273,21.384421119204273,1322456,0.0,1.0
2022-10-19 00:00:00,27.05,27.22,26.56,26.82,21.601889808552112,1365032,21.92406564462299,21.39247551510605,21.787140914292863,1365032,0.0,1.0
2022-10-20 00:00:00,26.74,26.96,26.58,26.72,21.521345849534395,2229606,21.71465135117692,21.40858430690959,21.537454641337938,2229606,0.0,1.0
2022-10-21 00:00:00,26.78,27.087,26.62,27.01,21.75492333068578,974293,21.816942179129423,21.44080189051668,21.569672224945027,974293,0.0,1.0
2022-10-24 00:00:00,27.19,27.57,27.025,27.3,21.988500811837163,1026258,22.205969501185,21.767004924538437,21.899902456917673,1026258,0.0,1.0
2022-10-25 00:00:00,27.26,27.47,26.97,27.43,22.093207958560196,996496,22.12542554216728,21.72270574707869,21.956283228230077,996496,0.0,1.0
2022-10-26 00:00:00,27.58,27.785,27.37,27.63,22.25429587659563,1198637,22.379139013073097,22.044881583149568,22.214023897086772,1198637,0.0,1.0
2022-10-27 00:00:00,27.64,28.26,27.64,28.09,22.62479808807714,1144816,22.76172281840726,22.262350272497407,22.262350272497407,1144816,0.0,1.0
2022-10-28 00:00:00,28.17,28.745,28.02,28.54,22.987245903656873,1131540,23.152361019643195,22.568417316764737,22.689233255291317,1131540,0.0,1.0
2022-10-31 00:00:00,28.5,28.855,28.33,28.71,23.124170633986996,1058169,23.240959374562685,22.818103589719662,22.955028320049784,1058169,0.0,1.0
2022-11-01 00:00:00,28.7,28.77,28.505,28.57,23.01140909136219,1024697,23.172497009397624,22.95905551800067,23.116116238085223,1024697,0.0,1.0
2022-11-02 00:00:00,28.55,28.73,28.215,28.33,22.818103589719662,1014221,23.14027942579054,22.72547803684929,22.995300299558647,1014221,0.0,1.0
2022-11-03 00:00:00,28.15,28.54,27.94,28.5,22.955028320049784,1230811,22.987245903656873,22.503982149550563,22.67312446348777,1230811,0.0,1.0
2022-11-04 00:00:00,28.66,28.9,28.34,28.52,22.971137111853327,1657113,23.277204156120657,22.826157985621435,23.083898654478133,1657113,0.0,1.0
2022-11-07 00:00:00,28.49,28.69,28.31,28.45,22.91475634054093,1598915,23.108061842183453,22.80199479791612,22.94697392414801,1598915,0.0,1.0
2022-11-08 00:00:00,28.5,28.74,28.34,28.5,22.955028320049784,958711,23.148333821692308,22.826157985621435,22.955028320049784,958711,0.0,1.0
2022-11-09 00:00:00,28.44,28.77,28.34,28.45,22.91475634054093,1128274,23.172497009397624,22.826157985621435,22.906701944639156,1128274,0.0,1.0
2022-11-10 00:00:00,28.87,29.45,28.72,29.41,23.687978347111024,2361809,23.72019593071811,23.132225029888765,23.253040968415345,2361809,0.0,1.0
2022-11-11 00:00:00,27.6,28.19,26.65,26.9,21.666324975766287,3554834,22.70534204709486,21.46496507822199,22.23013268889032,3554834,0.0,1.0
2022-11-14 00:00:00,27.08,28.015,27.08,27.49,22.141534333970828,1914236,22.56439011881385,21.811304101998186,21.811304101998186,1914236,0.0,1.0
2022-11-15 00:00:00,27.64,28.35,27.5885,28.28,22.777831610210804,2013093,22.83421238152321,22.22087013360328,22.262350272497407,2013093,0.0,1.0
2022-11-16 00:00:00,28.47,28.57,28.24,28.44,22.906701944639156,1198005,23.01140909136219,22.745614026603715,22.93086513234447,1198005,0.0,1.0
2022-11-17 00:00:00,28.31,28.46,28.145,28.37,22.85032117332675,1434513,22.9228107364427,22.669097265536884,22.80199479791612,1434513,0.0,1.0
2022-11-18 00:00:00,28.6,28.935,28.485,28.75,23.15638821759408,1303185,23.30539454177686,22.94294672619713,23.035572279067505,1303185,0.0,1.0
2022-11-21 00:00:00,28.85,29.455,28.79,29.35,23.639651971700395,1627261,23.724223128668996,23.188605801201167,23.2369321766118,1627261,0.0,1.0
2022-11-22 00:00:00,29.5,29.58,29.3148,29.5,23.76046791022697,1303624,23.824903077441142,23.61130049812616,23.76046791022697,1303624,0.0,1.0
2022-11-23 00:00:00,29.59,29.71,29.49,29.59,23.832957473342915,1081040,23.92961022416418,23.7524135143252,23.832957473342915,1081040,0.0,1.0
2022-11-25 00:00:00,29.77,29.84,29.64,29.76,23.96988220367304,682866,24.034317370887212,23.873229452851778,23.97793659957481,682866,0.0,1.0
2022-11-28 00:00:00,29.73,29.95,29.56,29.76,23.96988220367304,1235591,24.122915725806703,23.8087942856376,23.94571901596772,1235591,0.0,1.0
2022-11-29 00:00:00,29.59,29.71,29.41,29.49,23.7524135143252,1231451,23.92961022416418,23.687978347111024,23.832957473342915,1231451,0.0,1.0
2022-11-30 00:00:00,29.41,30.07,29.28,30.05,24.203459684824423,1481853,24.21956847662797,23.58327120038799,23.687978347111024,1481853,0.0,1.0
2022-12-01 00:00:00,30.01,30.07,29.7425,29.89,24.251786060235055,1485216,24.39783227940007,24.132109297308165,24.349150206345065,1485216,0.22,1.0
2022-12-02 00:00:00,29.84,30.16,29.81,29.98,24.324809169817563,2028136,24.470855388982574,24.18687662949505,24.211217666022552,2028136,0.0,1.0
2022-12-05 00:00:00,29.67,30.14,29.64,30.13,24.446514352455075,1202185,24.454628031297577,24.048944089172533,24.07328512570004,1202185,0.0,1.0
2022-12-06 00:00:00,29.59,29.77,28.725,28.84,23.399849781772463,2007370,24.154421914125045,23.306542475083702,24.00837569496003,2007370,0.0,1.0
2022-12-07 00:00:00,28.95,29.36,28.825,29.21,23.700055898945,1052791,23.82176108158251,23.387679263508712,23.489100249039975,1052791,0.0,1.0
2022-12-08 00:00:00,29.11,29.4,29.01,29.28,23.756851650842503,1131884,23.854215796952513,23.53778232209498,23.618919110519982,1131884,0.0,1.0
2022-12-09 00:00:00,29.2,29.29,28.86,28.91,23.45664553366997,874653,23.764965329685,23.416077139457467,23.691942220102497,874653,0.0,1.0
2022-12-12 00:00:00,28.99,29.145,28.78,29.09,23.602691752834986,832843,23.64731698646874,23.351167708717465,23.521554964409976,832843,0.0,1.0
2022-12-13 00:00:00,29.38,29.38,28.73,28.75,23.326826672189956,1549373,23.83798843926751,23.310599314504955,23.83798843926751,1549373,0.0,1.0
2022-12-14 00:00:00,28.91,29.205,28.75,29.05,23.570237037464985,1838071,23.695999059523743,23.326826672189956,23.45664553366997,1838071,0.0,1.0
2022-12-15 00:00:00,28.82,28.96,28.485,28.64,23.237576204922448,1342304,23.497213927882477,23.11181418286369,23.383622424087463,1342304,0.0,1.0
2022-12-16 00:00:00,28.5,28.82,28.315,28.69,23.27814459913495,3938128,23.383622424087463,22.973881642541173,23.123984701127437,3938128,0.0,1.0
2022-12-19 00:00:00,28.73,28.92,28.47,28.59,23.197007810709945,1447171,23.464759212512472,23.09964366459993,23.310599314504955,1447171,0.0,1.0
2022-12-20 00:00:00,28.42,28.55,28.25,28.5,23.123984701127437,1849378,23.16455309533994,22.921142730064915,23.05907527038743,1849378,0.0,1.0
2022-12-21 00:00:00,28.63,29.105,28.56,29.04,23.562123358622483,1347284,23.614862271098737,23.17266677418244,23.229462526079946,1347284,0.0,1.0
2022-12-22 00:00:00,28.98,29.07,28.82,29.0,23.52966864325248,1021859,23.586464395149985,23.383622424087463,23.513441285567477,1021859,0.0,1.0
2022-12-23 00:00:00,29.0,29.24,28.99,29.21,23.700055898945,1020188,23.724396935472495,23.521554964409976,23.52966864325248,1020188,0.0,1.0
2022-12-27 00:00:00,29.27,29.41,29.21,29.27,23.748737972,1364238,23.862329475795015,23.700055898945,23.748737972,1364238,0.0,1.0
2022-12-28 00:00:00,29.34,29.46,28.96,29.0,23.52966864325248,1097274,23.90289787000752,23.497213927882477,23.805533723897508,1097274,0.0,1.0
2022-12-29 00:00:00,29.1,29.22,28.925,28.95,23.489100249039975,1314956,23.708169577787498,23.46881605193372,23.610805431677488,1314956,0.0,1.0
2022-12-30 00:00:00,28.92,28.965,28.63,28.74,23.318712993347457,1583184,23.50127076730373,23.229462526079946,23.464759212512472,1583184,0.0,1.0
2023-01-03 00:00:00,28.66,28.76,28.345,28.47,23.09964366459993,1570437,23.33494035103246,22.99822267906867,23.253803562607448,1570437,0.0,1.0
2023-01-04 00:00:00,28.45,28.82,28.33,28.57,23.18078045302494,1247262,23.383622424087463,22.98605216080492,23.08341630691493,1247262,0.0,1.0
2023-01-05 00:00:00,28.56,28.785,28.43,28.69,23.27814459913495,1346731,23.35522454813871,23.06718894922993,23.17266677418244,1346731,0.0,1.0
2023-01-06 00:00:00,28.93,29.23,28.8801,29.16,23.659487504732493,1454426,23.71628325663,23.432385633930892,23.47287289135497,1454426,0.0,1.0
2023-01-09 00:00:00,29.02,29.14,28.48,28.48,23.107757343442433,1789173,23.643260147047492,23.107757343442433,23.54589600093748,1789173,0.0,1.0
2023-01-10 00:00:00,28.42,28.49,27.875,28.08,22.7832101897424,2389255,23.115871022284935,22.616879773471133,23.05907527038743,2389255,0.0,1.0
2023-01-11 00:00:00,28.11,28.27,27.775,27.91,22.645277649419885,1265208,22.937370087749915,22.535742985046124,22.8075512262699,1265208,0.0,1.0
2023-01-12 00:00:00,27.96,28.005,27.75,27.84,22.588481897522374,1216338,22.72235759842364,22.51545878793987,22.68584604363239,1216338,0.0,1.0
2023-01-13 00:00:00,27.84,28.0,27.7617,27.99,22.71018708015989,906237,22.718300759002393,22.5249517921856,22.588481897522374,906237,0.0,1.0
2023-01-17 00:00:00,28.13,28.28,27.9,27.99,22.71018708015989,1301550,22.945483766592417,22.637163970577383,22.823778583954905,1301550,0.0,1.0
2023-01-18 00:00:00,28.0,28.0,27.03,27.03,21.93127391127981,1356797,22.718300759002393,21.93127391127981,22.718300759002393,1356797,0.0,1.0
2023-01-19 00:00:00,27.02,27.33,26.7,26.83,21.76900033442979,1826132,22.174684276554835,21.66352250947728,21.923160232437308,1826132,0.0,1.0
2023-01-20 00:00:00,26.92,26.93,26.37,26.72,21.679749867162283,2212089,21.8501371228548,21.39577110767475,21.842023444012305,2212089,0.0,1.0
2023-01-23 00:00:00,26.8,26.82,26.52,26.59,21.574272042209778,1473157,21.760886655587292,21.517476290312267,21.74465929790229,1473157,0.0,1.0
2023-01-24 00:00:00,26.5,26.865,26.41,26.57,21.55804468452477,2193448,21.797398210378542,21.42822582304476,21.501248932627263,2193448,0.0,1.0
2023-01-25 00:00:00,26.6,26.96,26.54,26.91,21.8339097651698,3699528,21.874478159382303,21.533703647997267,21.582385721052276,3699528,0.0,1.0
2023-01-26 00:00:00,26.85,27.01,26.44,26.7,21.66352250947728,3277246,21.91504655359481,21.45256685957226,21.785227692114795,3277246,0.0,1.0
2023-01-27 00:00:00,26.77,26.775,26.305,26.69,21.655408830634784,2704211,21.72437510079604,21.343032195198496,21.72031826137479,2704211,0.0,1.0
2023-01-30 00:00:00,26.87,27.4,26.845,27.01,21.91504655359481,3396921,22.231480028452346,21.781170852693545,21.8014550497998,3396921,0.0,1.0
2023-01-31 00:00:00,27.09,28.22,26.93,27.69,22.46677671488487,19493525,22.896801693537412,21.8501371228548,21.979955984334815,19493525,0.0,1.0
2023-02-01 00:00:00,27.54,27.91,27.43,27.66,22.442435678357363,2340580,22.645277649419885,22.255821064979845,22.345071532247353,2340580,0.0,1.0
2023-02-02 00:00:00,27.45,27.705,27.285,27.6,22.39375360530236,2163550,22.478947233148617,22.13817272176358,22.272048422664845,2163550,0.0,1.0
2023-02-03 00:00:00,27.63,27.68,27.105,27.53,22.336957853404854,1709437,22.458663036042367,21.99212650259857,22.41809464182986,1709437,0.0,1.0
2023-02-06 00:00:00,27.51,27.94,27.51,27.83,22.580368218679876,1553648,22.669618685947388,22.320730495719857,22.320730495719857,1553648,0.0,1.0
2023-02-07 00:00:00,27.64,27.64,27.195,27.56,22.361298889932353,2503390,22.42620832067236,22.065149612181074,22.42620832067236,2503390,0.0,1.0
2023-02-08 00:00:00,27.5,27.64,27.43,27.46,22.280162101507347,1587186,22.42620832067236,22.255821064979845,22.31261681687735,1587186,0.0,1.0
2023-02-09 00:00:00,27.54,27.7,27.195,27.31,22.158456918869835,1905348,22.474890393727367,22.065149612181074,22.345071532247353,1905348,0.0,1.0
2023-02-10 00:00:00,27.4,27.97,27.04,27.52,22.328844174562352,4105421,22.69395972247489,21.939387590122312,22.231480028452346,4105421,0.0,1.0
2023-02-13 00:00:00,27.52,27.87,27.2,27.86,22.604709255207386,2089157,22.612822934049884,22.069206451602323,22.328844174562352,2089157,0.0,1.0
2023-02-14 00:00:00,27.86,27.895,27.395,27.57,22.369412568774855,2099663,22.633107131156137,22.227423189031093,22.604709255207386,2099663,0.0,1.0
2023-02-15 00:00:00,27.56,27.8,27.48,27.8,22.556027182152377,1984824,22.556027182152377,22.296389459192348,22.361298889932353,1984824,0.0,1.0
2023-02-16 00:00:00,27.65,27.855,27.3,27.64,22.42620832067236,1841037,22.600652415786133,22.150343240027333,22.43432199951486,1841037,0.0,1.0
2023-02-17 00:00:00,27.75,28.45,27.65,28.31,22.96982480311992,2031058,23.08341630691493,22.43432199951486,22.51545878793987,2031058,0.0,1.0
2023-02-21 00:00:00,28.3,28.67,28.09,28.31,22.96982480311992,2895916,23.261917241449954,22.7913238685849,22.961711124277414,2895916,0.0,1.0
2023-02-22 00:00:00,28.41,28.65,28.265,28.41,23.05096159154493,1939244,23.245689883764943,22.933313248328663,23.05096159154493,1939244,0.0,1.0
2023-02-23 00:00:00,28.48,28.725,28.4473,28.61,23.213235168394945,1819903,23.306542475083702,23.081225613627456,23.107757343442433,1819903,0.0,1.0
2023-02-24 00:00:00,28.58,28.63,28.26,28.33,22.98605216080492,1328717,23.229462526079946,22.929256408907417,23.188894131867443,1328717,0.0,1.0
2023-02-27 00:00:00,28.43,28.66,28.24,28.33,22.98605216080492,1454121,23.253803562607448,22.913029051222413,23.06718894922993,1454121,0.0,1.0
2023-02-28 00:00:00,28.23,28.29,27.87,27.88,22.620936612892383,2569373,22.953597445434916,22.612822934049884,22.90491537237991,2569373,0.0,1.0
2023-03-01 00:00:00,27.69,27.74,27.35,27.62,22.40998096298736,1495854,22.50734510909737,22.19091163423984,22.46677671488487,1495854,0.0,1.0
2023-03-02 00:00:00,27.43,27.77,27.38,27.75,22.693959722474887,1311728,22.710315729482076,22.391373592841887,22.43226361035986,1311728,0.22,1.0
2023-03-03 00:00:00,27.82,28.04,27.67,27.97,22.873875799553968,1465684,22.931121824079128,22.628535694446132,22.75120574700005,1465684,0.0,1.0
2023-03-06 00:00:00,27.93,28.015,27.715,27.94,22.849341789043184,1671381,22.910676815320144,22.665336710212305,22.84116378553959,1671381,0.0,1.0
2023-03-07 00:00:00,27.94,28.035,27.5,27.73,22.677603715467697,1248354,22.927032822327337,22.489509634885025,22.849341789043184,1248354,0.0,1.0
2023-03-08 00:00:00,27.88,27.88,27.24,27.42,22.42408560685627,1525784,22.800273768021615,22.276881543791564,22.800273768021615,1525784,0.0,1.0
2023-03-09 00:00:00,27.59,27.685,27.22,27.32,22.34230557182032,1392264,22.64080269970152,22.260525536784375,22.563111666417377,1392264,0.0,1.0
2023-03-10 00:00:00,27.39,27.485,27.11,27.2,22.244169529777185,1433126,22.477242629629632,22.170567498244836,22.39955159634548,1433126,0.0,1.0
2023-03-13 00:00:00,26.93,27.38,26.445,26.62,21.769845326568703,3038885,22.391373592841887,21.6267302652558,22.023363435180137,3038885,0.0,1.0
2023-03-14 00:00:00,26.89,27.2,26.67,27.17,22.219635519266404,2742489,22.244169529777185,21.810735344086677,21.99065142116575,2742489,0.0,1.0
2023-03-15 00:00:00,26.94,27.23,26.86,27.22,22.260525536784375,2511907,22.26870354028797,21.96611741065497,22.03154143868373,2511907,0.0,1.0
2023-03-16 00:00:00,27.27,27.5,27.11,27.48,22.473153627877835,2473877,22.489509634885025,22.170567498244836,22.30141555430235,2473877,0.0,1.0
2023-03-17 00:00:00,27.51,27.51,26.435,26.68,21.81891334759027,9618960,22.49768763838862,21.618552261752203,22.49768763838862,9618960,0.0,1.0
2023-03-20 00:00:00,26.82,27.315,26.82,27.04,22.113321473719672,2593356,22.338216570068525,21.933405396640595,21.933405396640595,2593356,0.0,1.0
2023-03-21 00:00:00,27.13,27.22,26.98,27.11,22.170567498244836,1691993,22.260525536784375,22.064253452698107,22.186923505252025,1691993,0.0,1.0
2023-03-22 00:00:00,27.09,27.25,26.85,26.86,21.96611741065497,1806433,22.28505954729516,21.95793940715138,22.15421149123765,1806433,0.0,1.0
2023-03-23 00:00:00,26.84,27.045,26.795,26.88,21.98247341766216,1609528,22.117410475471473,21.912960387881608,21.949761403647784,1609528,0.0,1.0
2023-03-24 00:00:00,26.98,27.445,26.905,27.31,22.334127568316728,1287394,22.444530615615253,22.00291842642115,22.064253452698107,1287394,0.0,1.0
2023-03-27 00:00:00,27.5,27.615,27.41,27.46,22.456797620870645,933602,22.58355667517636,22.41590760335267,22.489509634885025,933602,0.0,1.0
2023-03-28 00:00:00,27.49,27.64,27.36,27.4,22.407729599849077,977528,22.604001683935348,22.375017585834694,22.481331631381423,977528,0.0,1.0
2023-03-29 00:00:00,27.5,27.58,27.13,27.17,22.219635519266404,1502410,22.55493366291378,22.186923505252025,22.489509634885025,1502410,0.0,1.0
2023-03-30 00:00:00,27.27,27.31,27.03,27.17,22.219635519266404,1309741,22.334127568316728,22.10514347021608,22.30141555430235,1309741,0.0,1.0
2023-03-31 00:00:00,27.28,27.54,27.25,27.41,22.41590760335267,1065579,22.5222216488994,22.28505954729516,22.309593557805943,1065579,0.0,1.0
2023-04-03 00:00:00,27.46,27.835,27.34,27.78,22.71849373298567,1113812,22.76347275225544,22.358661578827512,22.456797620870645,1113812,0.0,1.0
2023-04-04 00:00:00,27.79,27.91,27.075,27.24,22.276881543791564,2384953,22.8248077785324,22.141944485982258,22.726671736489266,2384953,0.0,1.0
2023-04-05 00:00:00,27.35,27.54,27.32,27.36,22.375017585834694,1067142,22.5222216488994,22.34230557182032,22.366839582331107,1067142,0.0,1.0
2023-04-06 00:00:00,27.5,27.6,27.2,27.31,22.334127568316728,739686,22.57128966992097,22.244169529777185,22.489509634885025,739686,0.0,1.0
2023-04-10 00:00:00,27.34,27.35,27.065,27.19,22.23599152627359,1207844,22.366839582331107,22.133766482478663,22.358661578827512,1207844,0.0,1.0
2023-04-11 00:00:00,27.24,27.29,27.165,27.21,22.252347533280783,864032,22.317771561309534,22.215546517514607,22.276881543791564,864032,0.0,1.0
2023-04-12 00:00:00,27.1,27.355,27.02,27.23,22.26870354028797,1154871,22.370928584082904,22.096965466712483,22.16238949474124,1154871,0.0,1.0
2023-04-13 00:00:00,27.21,27.22,26.98,27.16,22.21145751576281,744305,22.260525536784375,22.064253452698107,22.252347533280783,744305,0.0,1.0
2023-04-14 00:00:00,27.1,27.24,26.785,26.87,21.97429541415857,1147043,22.276881543791564,21.904782384378013,22.16238949474124,1147043,0.0,1.0
2023-04-17 00:00:00,27.02,27.15,26.87,27.12,22.17874550174843,883214,22.20327951225921,21.97429541415857,22.096965466712483,883214,0.0,1.0
2023-04-18 00:00:00,27.15,27.255,26.995,27.2,22.244169529777185,1246418,22.289148549046956,22.0765204579535,22.20327951225921,1246418,0.0,1.0
2023-04-19 00:00:00,27.28,27.28,26.97,27.02,22.096965466712483,1040324,22.309593557805943,22.056075449194513,22.309593557805943,1040324,0.0,1.0
2023-04-20 00:00:00,26.93,27.17,26.93,27.06,22.129677480726865,856450,22.219635519266404,22.023363435180137,22.023363435180137,856450,0.0,1.0
2023-04-21 00:00:00,27.23,27.34,27.0,27.16,22.21145751576281,1387863,22.358661578827512,22.080609459705297,22.26870354028797,1387863,0.0,1.0
2023-04-24 00:00:00,27.03,27.17,26.97,27.05,22.12149947722327,966616,22.219635519266404,22.056075449194513,22.10514347021608,966616,0.0,1.0
2023-04-25 00:00:00,27.08,27.29,26.99,27.22,22.260525536784375,798796,22.317771561309534,22.0724314562017,22.14603348773405,798796,0.0,1.0
2023-04-26 00:00:00,27.1,27.25,27.06,27.17,22.219635519266404,949512,22.28505954729516,22.129677480726865,22.16238949474124,949512,0.0,1.0
2023-04-27 00:00:00,27.18,27.6,27.08,27.55,22.530399652403,1100811,22.57128966992097,22.14603348773405,22.22781352277,1100811,0.0,1.0
2023-04-28 00:00:00,27.58,27.795,27.35,27.51,22.49768763838862,1676541,22.730760738241063,22.366839582331107,22.55493366291378,1676541,0.0,1.0
2023-05-01 00:00:00,27.62,27.94,27.57,27.82,22.75120574700005,1161557,22.849341789043184,22.546755659410184,22.58764567692816,1161557,0.0,1.0
2023-05-02 00:00:00,27.79,27.79,27.24,27.54,22.5222216488994,1144737,22.726671736489266,22.276881543791564,22.726671736489266,1144737,0.0,1.0
2023-05-03 00:00:00,27.7,28.32,27.7,28.24,23.09468189415102,2845191,23.160105922179778,22.653069704956913,22.653069704956913,2845191,0.0,1.0
2023-05-04 00:00:00,28.26,28.6,27.9,28.5,23.30730998524448,3002462,23.389090020280424,22.816629775028805,23.111037901158213,3002462,0.0,1.0
2023-05-05 00:00:00,28.55,28.72,28.42,28.44,23.25824196422291,1242851,23.48722606232356,23.241885957215725,23.348200002762457,1242851,0.0,1.0
2023-05-08 00:00:00,28.34,28.545,28.28,28.54,23.340021999258855,1016658,23.344111001010656,23.1273939081654,23.176461929186967,1016658,0.0,1.0
2023-05-09 00:00:00,28.6,28.96,28.5,28.9,23.63443012538826,2005287,23.68349814640983,23.30730998524448,23.389090020280424,2005287,0.0,1.0
2023-05-10 00:00:00,28.93,29.1,28.56,28.73,23.495404065827152,1484781,23.79799019546015,23.356378006266045,23.658964135899044,1484781,0.0,1.0
2023-05-11 00:00:00,28.73,28.8,28.435,28.78,23.53629408334513,1171009,23.552650090352316,23.25415296247111,23.495404065827152,1171009,0.0,1.0
2023-05-12 00:00:00,28.82,28.925,28.59,28.66,23.438158041301993,1717037,23.654875134147247,23.38091201677683,23.569006097359505,1717037,0.0,1.0
2023-05-15 00:00:00,28.58,28.6774,28.36,28.54,23.340021999258855,1309925,23.45238776739825,23.192817936194153,23.37273401327323,1309925,0.0,1.0
2023-05-16 00:00:00,28.54,28.64,28.185,28.49,23.29913198174088,1620970,23.421802034294803,23.04970287488125,23.340021999258855,1620970,0.0,1.0
2023-05-17 00:00:00,28.5,28.66,28.3,28.62,23.405446027287613,1549302,23.438158041301993,23.143749915172588,23.30730998524448,1549302,0.0,1.0
2023-05-18 00:00:00,28.5,28.85,28.475,28.84,23.585362104366695,2011855,23.59354010787029,23.286864976485493,23.30730998524448,2011855,0.0,1.0
2023-05-19 00:00:00,26.58,26.91,25.1,25.99,21.254631105842243,9306730,22.007007428172944,20.52678879402233,21.737133312554324,9306730,0.0,1.0
2023-05-22 00:00:00,26.05,26.055,25.4,25.59,20.927510965698463,2744549,21.30778812861561,20.772128899130166,21.303699126863815,2744549,0.0,1.0
2023-05-23 00:00:00,25.49,26.12,25.275,26.01,21.270987112849436,3138756,21.360945151388975,20.669903855335235,20.845730930662516,3138756,0.0,1.0
2023-05-24 00:00:00,26.08,26.14,25.725,26.0,21.26280910934584,2173143,21.377301158396165,21.037914012996993,21.328233137374596,2173143,0.0,1.0
2023-05-25 00:00:00,25.87,26.235,25.74,26.11,21.35276714788538,1839449,21.45499219168031,21.05018101825238,21.156495063799113,1839449,0.0,1.0
2023-05-26 00:00:00,26.0,26.18,25.8,25.8,21.09924903927395,1433335,21.410013172410544,21.09924903927395,21.26280910934584,1433335,0.0,1.0
2023-05-30 00:00:00,25.64,25.73,25.02,25.22,20.624924836065464,2261865,21.042003014748783,20.461364765993572,20.968400983216437,2261865,0.0,1.0
2023-05-31 00:00:00,25.27,25.32,24.98,24.98,20.428652751979197,2441606,20.70670487110141,20.428652751979197,20.66581485358344,2441606,0.0,1.0
2023-06-01 00:00:00,25.09,25.165,24.8,24.88,20.34687271694325,1772790,20.579945816795693,20.281448688914494,20.518610790518736,1772790,0.0,1.0
2023-06-02 00:00:00,24.82,25.45,24.82,25.42,20.78848490613736,1296296,20.81301891664814,20.297804695921684,20.297804695921684,1296296,0.0,1.0
2023-06-05 00:00:00,25.31,25.46,25.13,25.18,20.592212822051085,1595384,20.821196920151735,20.551322804533115,20.698526867597813,1595384,0.0,1.0
2023-06-06 00:00:00,25.24,25.24,24.64,24.94,20.395940737964818,2628223,20.641280843072657,20.15060063285698,20.641280843072657,2628223,0.0,1.0
2023-06-07 00:00:00,24.51,25.42,24.4366,25.33,20.90297695518768,2334530,20.977247303626957,20.165719963013785,20.226291558296488,2334530,0.23,1.0
2023-06-08 00:00:00,25.29,25.35,25.01,25.2,20.795697562997617,1551102,20.919481477063076,20.638904605181363,20.869967911436888,1551102,0.0,1.0
2023-06-09 00:00:00,25.09,25.35,25.0691,25.13,20.73793173643373,1258539,20.919481477063076,20.687675467323153,20.704922692682945,1258539,0.0,1.0
2023-06-12 00:00:00,25.08,25.11,24.46,24.54,20.25104834110958,2138878,20.721427214558336,20.185030253608,20.696670431745243,2138878,0.0,1.0
2023-06-13 00:00:00,24.5,24.78,24.42,24.72,20.399589037988132,1825308,20.44910260361432,20.15202120985721,20.21803929735879,1825308,0.0,1.0
2023-06-14 00:00:00,24.7,24.705,24.5,24.58,20.28405738486037,1483133,20.387210646581583,20.21803929735879,20.38308451611274,1483133,0.0,1.0
2023-06-15 00:00:00,24.58,24.71,24.52,24.6,20.30056190673577,1792787,20.391336777050437,20.234543819234183,20.28405738486037,1792787,0.0,1.0
2023-06-16 00:00:00,24.67,24.93,24.62,24.92,20.564634256742085,2800436,20.57288651767978,20.31706642861116,20.35832773329965,2800436,0.0,1.0
2023-06-20 00:00:00,24.96,24.9912,24.48,24.49,20.20978703642109,1856806,20.62339035461849,20.201534775483395,20.597643300492873,1856806,0.0,1.0
2023-06-21 00:00:00,24.48,24.605,24.28,24.47,20.193282514545697,1117890,20.304688037204613,20.03648955672945,20.201534775483395,1117890,0.0,1.0
2023-06-22 00:00:00,24.59,24.67,24.435,24.57,20.275805123922673,940136,20.35832773329965,20.164399601263757,20.292309645798067,940136,0.0,1.0
2023-06-23 00:00:00,24.6,24.77,24.45,24.45,20.176777992670303,1494466,20.440850342676622,20.176777992670303,20.30056190673577,1494466,0.0,1.0
2023-06-26 00:00:00,24.41,24.49,24.16,24.45,20.176777992670303,880591,20.20978703642109,19.937462425477076,20.14376894891951,880591,0.0,1.0
2023-06-27 00:00:00,24.54,24.79,24.46,24.57,20.275805123922673,1061018,20.457354864552016,20.185030253608,20.25104834110958,1061018,0.0,1.0
2023-06-28 00:00:00,24.3,24.52,24.06,24.51,20.226291558296488,1983844,20.234543819234183,19.8549398161001,20.05299407860484,1983844,0.0,1.0
2023-06-29 00:00:00,24.31,24.93,24.31,24.9,20.548129734866688,1373125,20.57288651767978,20.06124633954254,20.06124633954254,1373125,0.0,1.0
2023-06-30 00:00:00,24.93,25.085,24.825,24.88,20.531625212991298,1489262,20.70079656221409,20.486237777833956,20.57288651767978,1489262,0.0,1.0
2023-07-03 00:00:00,24.91,25.215,24.77,25.13,20.73793173643373,754890,20.80807595440416,20.440850342676622,20.556381995804387,754890,0.0,1.0
2023-07-05 00:00:00,25.07,25.07,24.74,24.78,20.44910260361432,1754185,20.688418170807545,20.416093559863526,20.688418170807545,1754185,0.0,1.0
2023-07-06 00:00:00,24.7,24.77,24.445,24.66,20.35007547236195,1656403,20.440850342676622,20.172651862201455,20.38308451611274,1656403,0.0,1.0
2023-07-07 00:00:00,24.46,24.47,24.08,24.18,19.95396694735247,3220623,20.193282514545697,19.871444337975497,20.185030253608,3220623,0.0,1.0
2023-07-10 00:00:00,24.23,24.49,24.14,24.22,19.98697599110326,1430456,20.20978703642109,19.92095790360168,19.99522825204096,1430456,0.0,1.0
2023-07-11 00:00:00,24.28,24.33,24.065,24.21,19.97872373016557,1492613,20.077750861417933,19.85906594656895,20.03648955672945,1492613,0.0,1.0
2023-07-12 00:00:00,24.26,24.47,24.045,24.44,20.168525731732608,1911248,20.193282514545697,19.842561424693557,20.019985034854052,1911248,0.0,1.0
2023-07-13 00:00:00,24.42,24.43,24.12,24.23,19.99522825204096,1957693,20.16027347079491,19.904453381726288,20.15202120985721,1957693,0.0,1.0
2023-07-14 00:00:00,24.3,24.3,23.94,24.18,19.95396694735247,1703928,20.05299407860484,19.755912684847733,20.05299407860484,1703928,0.0,1.0
2023-07-17 00:00:00,24.06,24.125,23.87,23.93,19.74766042391003,1315110,19.908579512195136,19.69814685828385,19.8549398161001,1315110,0.0,1.0
2023-07-18 00:00:00,23.93,24.26,23.93,24.19,19.96221920829017,1645353,20.019985034854052,19.74766042391003,19.74766042391003,1645353,0.0,1.0
2023-07-19 00:00:00,24.32,24.46,24.2,24.46,20.185030253608,1703560,20.185030253608,19.970471469227867,20.069498600480237,1703560,0.0,1.0
2023-07-20 00:00:00,24.64,24.72,24.3138,24.69,20.374832255175043,1110588,20.399589037988132,20.064382198698866,20.333570950486553,1110588,0.0,1.0
2023-07-21 00:00:00,24.65,24.825,24.555,24.72,20.399589037988132,1402644,20.486237777833956,20.263426732516127,20.341823211424252,1402644,0.0,1.0
2023-07-24 00:00:00,24.69,24.71,24.435,24.71,20.391336777050437,1140442,20.391336777050437,20.164399601263757,20.374832255175043,1140442,0.0,1.0
2023-07-25 00:00:00,24.68,24.74,24.51,24.73,20.40784129892583,1274125,20.416093559863526,20.226291558296488,20.366579994237345,1274125,0.0,1.0
2023-07-26 00:00:00,24.63,24.875,24.61,24.74,20.416093559863526,1427652,20.527499082522446,20.30881416767346,20.325318689548855,1427652,0.0,1.0
2023-07-27 00:00:00,24.71,24.79,24.44,24.55,20.25930060204728,1674087,20.457354864552016,20.168525731732608,20.391336777050437,1674087,0.0,1.0
2023-07-28 00:00:00,24.65,24.835,24.565,24.76,20.432598081738924,1388238,20.494490038771655,20.271678993453826,20.341823211424252,1388238,0.0,1.0
2023-07-31 00:00:00,24.71,24.92,24.605,24.71,20.391336777050437,11867268,20.564634256742085,20.304688037204613,20.391336777050437,11867268,0.0,1.0
2023-08-01 00:00:00,24.85,25.04,24.62,24.72,20.399589037988132,1474163,20.663661387994452,20.31706642861116,20.5068684301782,1474163,0.0,1.0
2023-08-02 00:00:00,24.72,25.28,24.71,25.11,20.721427214558336,1495381,20.861715650499193,20.391336777050437,20.399589037988132,1495381,0.0,1.0
2023-08-03 00:00:00,25.04,25.15,24.825,25.0,20.630652344243664,1102365,20.754436258309124,20.486237777833956,20.663661387994452,1102365,0.0,1.0
2023-08-04 00:00:00,25.0,25.22,24.91,24.94,20.58113877861748,1629447,20.812202084873007,20.556381995804387,20.630652344243664,1629447,0.0,1.0
2023-08-07 00:00:00,24.94,25.225,24.93,25.03,20.655409127056757,2261762,20.81632821534186,20.57288651767978,20.58113877861748,2261762,0.0,1.0
2023-08-08 00:00:00,24.96,25.07,24.57,24.7,20.38308451611274,1553899,20.688418170807545,20.275805123922673,20.597643300492873,1553899,0.0,1.0
2023-08-09 00:00:00,24.7,24.91,24.62,24.84,20.498616169240503,1458736,20.556381995804387,20.31706642861116,20.38308451611274,1458736,0.0,1.0
2023-08-10 00:00:00,24.87,25.05,24.71,24.77,20.440850342676622,1592466,20.67191364893215,20.391336777050437,20.5233729520536,1592466,0.0,1.0
2023-08-11 00:00:00,25.545,26.33,25.3,25.82,21.307337741134855,3548321,21.728203048957425,20.878220172374583,21.080400565348175,3548321,0.0,1.0
2023-08-14 00:00:00,25.82,25.82,25.39,25.47,21.018508608315443,1692070,21.307337741134855,20.952490520813864,21.307337741134855,1692070,0.0,1.0
2023-08-15 00:00:00,25.38,25.429,24.93,24.96,20.597643300492873,1391530,20.984674338470885,20.57288651767978,20.944238259876165,1391530,0.0,1.0
2023-08-16 00:00:00,24.95,25.09,24.65,24.69,20.374832255175043,1393618,20.704922692682945,20.341823211424252,20.589391039555174,1393618,0.0,1.0
2023-08-17 00:00:00,24.7,24.7,24.095,24.12,19.904453381726288,1757402,20.38308451611274,19.883822729382043,20.38308451611274,1757402,0.0,1.0
2023-08-18 00:00:00,24.04,24.28,23.785,24.26,20.019985034854052,1611148,20.03648955672945,19.628002640313422,19.838435294224706,1611148,0.0,1.0
2023-08-21 00:00:00,24.18,24.31,23.655,23.7,19.557858422342992,1760567,20.06124633954254,19.520723248123357,19.95396694735247,1760567,0.0,1.0
2023-08-22 00:00:00,23.59,23.715,23.265,23.5,19.392813203589043,2345038,19.57023681374954,19.198885071553153,19.46708355202832,2345038,0.0,1.0
2023-08-23 00:00:00,23.55,23.64,23.34,23.58,19.458831291090625,2014414,19.508344856716807,19.260777028585885,19.434074508277533,2014414,0.0,1.0
2023-08-24 00:00:00,23.55,23.75,23.44,23.47,19.36805642077595,879236,19.59911972703148,19.34329963796286,19.434074508277533,879236,0.0,1.0
2023-08-25 00:00:00,23.58,23.825,23.455,23.76,19.607371987969177,1272022,19.66101168406421,19.355678029369404,19.458831291090625,1272022,0.0,1.0
2023-08-28 00:00:00,23.7,23.895,23.64,23.66,19.524849378592204,800413,19.718777510628097,19.508344856716807,19.557858422342992,800413,0.0,1.0
2023-08-29 00:00:00,23.74,23.74,23.29,23.56,19.442326769215228,1568198,19.59086746609378,19.219515723897395,19.59086746609378,1568198,0.0,1.0
2023-08-30 00:00:00,23.67,23.73,23.455,23.61,19.48358807390371,1764739,19.582615205156085,19.355678029369404,19.533101639529903,1764739,0.0,1.0
2023-08-31 00:00:00,23.45,23.66,23.355,23.56,19.632128770782273,2168496,19.715456991371333,19.461305918574705,19.540467728134303,2168496,0.23,1.0
2023-09-01 00:00:00,23.59,23.65,23.02,23.04,19.198822023719167,1186888,19.707124169312426,19.182156379601356,19.657127236958992,1186888,0.0,1.0
2023-09-05 00:00:00,22.93,23.095,22.615,22.67,18.89050760753965,1385525,19.24465254504315,18.844677086215665,19.107160981071203,1385525,0.0,1.0
2023-09-06 00:00:00,22.67,22.69,22.47,22.56,18.798846564891683,1627184,18.90717325165746,18.72385116636153,18.89050760753965,1627184,0.0,1.0
2023-09-07 00:00:00,22.63,23.085,22.58,23.0,19.165490735483544,2852927,19.236319722984245,18.815512209009498,18.857176319304024,2852927,0.0,1.0
2023-09-08 00:00:00,23.05,23.07,22.765,23.06,19.215487667836975,2082327,19.22382048989589,18.969669417099254,19.20715484577807,2082327,0.0,1.0
2023-09-11 00:00:00,23.1,23.615,23.03,23.39,19.490470795780872,1485028,19.677959292106255,19.190489201660263,19.248818956072604,1485028,0.0,1.0
2023-09-12 00:00:00,23.47,23.47,23.015,23.09,19.240486134013697,991375,19.557133372252117,19.177989968571904,19.557133372252117,991375,0.0,1.0
2023-09-13 00:00:00,23.16,23.16,22.86,22.91,19.09049533695339,1143029,19.29881588842604,19.04883122665886,19.29881588842604,1143029,0.0,1.0
2023-09-14 00:00:00,22.93,23.14,22.9,23.11,19.257151778131508,1478567,19.282150244308227,19.082162514894485,19.107160981071203,1478567,0.0,1.0
2023-09-15 00:00:00,22.98,23.23,22.83,22.9,19.082162514894485,3523265,19.35714564283838,19.02383276048214,19.148825091365733,3523265,0.0,1.0
2023-09-18 00:00:00,23.05,23.31,22.84,23.25,19.37381128695619,1513557,19.423808219309624,19.032165582541047,19.20715484577807,1513557,0.0,1.0
2023-09-19 00:00:00,23.25,23.36,23.08,23.09,19.240486134013697,1299348,19.46547232960415,19.23215331195479,19.37381128695619,1299348,0.0,1.0
2023-09-20 00:00:00,23.18,23.41,23.09,23.32,19.43214104136853,1098245,19.507136439898684,19.240486134013697,19.31548153254385,1098245,0.0,1.0
2023-09-21 00:00:00,23.27,23.495,23.16,23.19,19.323814354602757,1381384,19.577965427399384,19.29881588842604,19.390476931074,1381384,0.0,1.0
2023-09-22 00:00:00,23.22,23.27,22.915,22.92,19.098828159012296,872579,19.390476931074,19.094661747982844,19.34881282077947,872579,0.0,1.0
2023-09-25 00:00:00,22.92,22.96,22.69,22.7,18.915506073716365,860687,19.13215944724792,18.90717325165746,19.098828159012296,860687,0.0,1.0
2023-09-26 00:00:00,22.69,22.7662,22.56,22.6,18.83217785312731,836549,18.970669355746324,18.798846564891683,18.90717325165746,836549,0.0,1.0
2023-09-27 00:00:00,22.62,22.67,22.08,22.22,18.51553061488888,1275105,18.89050760753965,18.3988711060642,18.84884349724512,1275105,0.0,1.0
2023-09-28 00:00:00,22.25,22.34,22.13,22.26,18.548861903124507,1539211,18.615524479595756,18.44053521635873,18.5405290810656,1539211,0.0,1.0
2023-09-29 00:00:00,22.3,22.395,22.155,22.18,18.48219932665326,1196841,18.661355000919738,18.461367271505996,18.58219319136013,1196841,0.0,1.0
2023-10-02 00:00:00,22.17,22.18,21.67,21.88,18.232214664886083,1176747,18.48219932665326,18.05722540164906,18.473866504594355,1176747,0.0,1.0
2023-10-03 00:00:00,21.77,21.855,21.605,21.69,18.07389104576687,1224521,18.21138260973882,18.00306205826617,18.14055362223812,1224521,0.0,1.0
2023-10-04 00:00:00,21.69,22.065,21.465,22.03,18.357206995769673,1759782,18.386371872975843,17.886402549441488,18.07389104576687,1759782,0.0,1.0
2023-10-05 00:00:00,22.06,22.11,21.585,21.62,18.01556129135453,1248183,18.42386957224092,17.98639641414836,18.382205461946388,1248183,0.0,1.0
2023-10-06 00:00:00,21.49,21.53,20.98,21.45,17.87390331635313,1235709,17.940565892824377,17.482260679584552,17.90723460458875,1235709,0.0,1.0
2023-10-09 00:00:00,21.36,21.6,21.295,21.56,17.965564359001092,1019537,17.99889564723672,17.74474457444009,17.798907917822977,1019537,0.0,1.0
2023-10-10 00:00:00,21.64,21.73,21.51,21.64,18.03222693547234,1313563,18.107222334002497,17.923900248706566,18.03222693547234,1313563,0.0,1.0
2023-10-11 00:00:00,21.66,21.7,21.22,21.31,17.757243807528447,1528529,18.08222386782578,17.682248408998294,18.048892579590156,1528529,0.0,1.0
2023-10-12 00:00:00,21.32,21.32,20.235,20.37,16.973958533991294,2983543,17.765576629587354,16.861465436196063,17.765576629587354,2983543,0.0,1.0
2023-10-13 00:00:00,20.49,20.64,20.395,20.54,17.115616508992694,1782903,17.198944729581754,16.99479058913856,17.073952398698165,1782903,0.0,1.0
2023-10-16 00:00:00,20.67,20.77,20.545,20.64,17.198944729581754,1252005,17.30727141634753,17.11978292002215,17.223943195758473,1252005,0.0,1.0
2023-10-17 00:00:00,20.55,21.04,20.55,20.94,17.44892939134893,1717114,17.53225761193799,17.1239493310516,17.1239493310516,1717114,0.0,1.0
2023-10-18 00:00:00,20.94,21.145,20.89,20.93,17.440596569290022,954709,17.6197522435565,17.4072652810544,17.44892939134893,954709,0.0,1.0
2023-10-19 00:00:00,20.88,21.085,20.825,20.86,17.38226681487768,1280381,17.569755311203068,17.35310193767151,17.398932458995493,1280381,0.0,1.0
2023-10-20 00:00:00,20.97,21.1,20.8,20.86,17.38226681487768,1424107,17.582254544291427,17.332269882524248,17.47392785752565,1424107,0.0,1.0
2023-10-23 00:00:00,20.81,20.96,20.62,20.72,17.265607306053,1461156,17.46559503546674,17.182279085463943,17.34060270458315,1461156,0.0,1.0
2023-10-24 00:00:00,20.78,20.985,20.7,20.97,17.47392785752565,934952,17.486427090614008,17.248941661935188,17.315604238406436,934952,0.0,1.0
2023-10-25 00:00:00,20.96,21.555,20.96,21.47,17.89056896047094,1952713,17.96139794797164,17.46559503546674,17.46559503546674,1952713,0.0,1.0
2023-10-26 00:00:00,21.49,21.63,21.36,21.59,17.99056282517781,1362425,18.023894113413437,17.798907917822977,17.90723460458875,1362425,0.0,1.0
2023-10-27 00:00:00,21.54,21.79,21.485,21.66,18.048892579590156,1815467,18.15721926635593,17.9030681935593,17.94889871488328,1815467,0.0,1.0
2023-10-30 00:00:00,21.73,21.9,21.64,21.88,18.232214664886083,1316392,18.248880309003894,18.03222693547234,18.107222334002497,1316392,0.0,1.0
2023-10-31 00:00:00,21.97,22.0,21.775,21.93,18.273878775180613,1654968,18.33220852959295,18.14472003326757,18.307210063416235,1654968,0.0,1.0
2023-11-01 00:00:00,21.88,22.13,21.81,21.91,18.2572131310628,1374432,18.44053521635873,18.173884910473745,18.232214664886083,1374432,0.0,1.0
2023-11-02 00:00:00,22.03,22.385,21.99,22.29,18.573860369301222,837872,18.653022178860834,18.323875707534047,18.357206995769673,837872,0.0,1.0
2023-11-03 00:00:00,22.44,22.5,22.24,22.26,18.548861903124507,1240540,18.74884963253825,18.532196259006696,18.698852700184815,1240540,0.0,1.0
2023-11-06 00:00:00,22.17,22.25,22.0099,22.11,18.42386957224092,1069518,18.5405290810656,18.34045802343127,18.473866504594355,1069518,0.0,1.0
2023-11-07 00:00:00,22.11,22.25,22.04,22.08,18.3988711060642,818508,18.5405290810656,18.365539817828576,18.42386957224092,818508,0.0,1.0
2023-11-08 00:00:00,22.07,22.235,22.04,22.15,18.45720086047654,1078649,18.52802984797724,18.365539817828576,18.390538284005295,1078649,0.0,1.0
2023-11-09 00:00:00,22.29,22.29,22.01,22.16,18.465533682535447,1485967,18.573860369301222,18.34054135165186,18.573860369301222,1485967,0.0,1.0
2023-11-10 00:00:00,20.75,20.75,19.64,20.63,17.190611907522847,4698456,17.290605772229718,16.365662523691164,17.290605772229718,4698456,0.0,1.0
2023-11-13 00:00:00,20.66,21.0,20.56,20.66,17.215610373699565,2164271,17.498926323702367,17.132282153110506,17.215610373699565,2164271,0.0,1.0
2023-11-14 00:00:00,20.71,21.11,20.71,21.11,17.59058736635033,1523167,17.59058736635033,17.257274483994095,17.257274483994095,1523167,0.0,1.0
2023-11-15 00:00:00,21.17,21.295,21.06,21.1,17.582254544291427,1318900,17.74474457444009,17.5489232560558,17.640584298703768,1318900,0.0,1.0
2023-11-16 00:00:00,21.1,21.1,20.8,20.84,17.36560117075987,950910,17.582254544291427,17.332269882524248,17.582254544291427,950910,0.0,1.0
2023-11-17 00:00:00,20.88,21.005,20.62,20.92,17.43226374723112,1391399,17.50309273473182,17.182279085463943,17.398932458995493,1391399,0.0,1.0
2023-11-20 00:00:00,20.82,21.085,20.695,20.98,17.482260679584552,1413943,17.569755311203068,17.244775250905736,17.34893552664206,1413943,0.0,1.0
2023-11-21 00:00:00,21.03,21.12,20.81,20.94,17.44892939134893,1292098,17.598920188409238,17.34060270458315,17.523924789879086,1292098,0.0,1.0
2023-11-22 00:00:00,21.09,21.445,20.99,21.28,17.73224534135173,2327352,17.869736905323677,17.49059350164346,17.57392172223252,2327352,0.0,1.0
2023-11-24 00:00:00,21.26,21.56,21.26,21.4,17.8322392060586,517740,17.965564359001092,17.71557969723392,17.71557969723392,517740,0.0,1.0
2023-11-27 00:00:00,21.46,21.49,21.155,21.18,17.648917120762672,983311,17.90723460458875,17.62808506561541,17.882236138412036,983311,0.0,1.0
2023-11-28 00:00:00,21.12,21.125,20.94,21.0,17.498926323702367,1131349,17.60308659943869,17.44892939134893,17.598920188409238,1131349,0.0,1.0
2023-11-29 00:00:00,20.94,21.02,20.7,20.79,17.32393706046534,1135889,17.51559196782018,17.248941661935188,17.44892939134893,1135889,0.0,1.0
2023-11-30 00:00:00,20.6,20.815,20.5,20.81,17.532257611937993,1400833,17.536470071719815,17.271085105465104,17.35533430110152,1400833,0.23,1.0
2023-12-01 00:00:00,20.84,21.25,20.77,21.24,17.894529153174577,1050214,17.90295407273822,17.498557933683426,17.557532370628916,1050214,0.0,1.0
2023-12-04 00:00:00,21.21,21.735,21.21,21.61,18.206251177029312,1076099,18.311562671574833,17.869254394483654,17.869254394483654,1076099,0.0,1.0
2023-12-05 00:00:00,21.66,21.81,21.43,21.45,18.07145246401105,975503,18.374749568302143,18.054602624883767,18.24837577484752,975503,0.0,1.0
2023-12-06 00:00:00,21.51,21.765,21.425,21.67,18.256800694411165,916775,18.336837430265756,18.050390165101945,18.1220019813929,916775,0.0,1.0
2023-12-07 00:00:00,21.72,22.01,21.48,21.9,18.450573844374915,976544,18.543247959574977,18.096727222701976,18.29892529222937,976544,0.0,1.0
2023-12-08 00:00:00,21.87,21.91,21.67,21.7,18.282075453102088,926728,18.45899876393856,18.256800694411165,18.425299085683992,926728,0.0,1.0
2023-12-11 00:00:00,21.84,22.03,21.75,21.94,18.484273522629486,1407938,18.56009779870226,18.324200050920293,18.40002432699307,1407938,0.0,1.0
2023-12-12 00:00:00,21.99,22.15,21.85,22.04,18.568522718265896,989786,18.66119683346595,18.40844924655671,18.52639812044769,989786,0.0,1.0
2023-12-13 00:00:00,22.0,22.61,21.97,22.59,19.031893294266183,1620711,19.048743133393465,18.50954828132041,18.534823040011332,1620711,0.0,1.0
2023-12-14 00:00:00,22.77,22.87,22.25,22.26,18.753870948666012,1086988,19.267791042048145,18.74544602910237,19.183541846411728,1086988,0.0,1.0
2023-12-15 00:00:00,22.24,22.39,21.85,21.86,18.41687416612035,2723886,18.863394902993353,18.40844924655671,18.737021109538727,2723886,0.0,1.0
2023-12-18 00:00:00,21.91,22.24,21.8,22.24,18.737021109538727,974649,18.737021109538727,18.3663246487385,18.45899876393856,974649,0.0,1.0
2023-12-19 00:00:00,22.37,22.575,22.095,22.46,18.922369339938843,1299829,19.01925591492072,18.614859775865927,18.84654506386607,1299829,0.0,1.0
2023-12-20 00:00:00,22.33,22.475,22.11,22.11,18.62749715521139,1031676,18.935006719284303,18.62749715521139,18.812845385611503,1031676,0.0,1.0
2023-12-21 00:00:00,22.21,22.35,22.08,22.33,18.812845385611503,844487,18.82969522473879,18.602222396520464,18.711746350847804,844487,0.0,1.0
2023-12-22 00:00:00,22.5,22.71,22.39,22.57,19.015043455138898,825630,19.13299232902988,18.863394902993353,18.956069018193407,825630,0.0,1.0
2023-12-26 00:00:00,22.46,22.58,22.37,22.5,18.956069018193407,1356166,19.02346837470254,18.84654506386607,18.922369339938843,1356166,0.0,1.0
2023-12-27 00:00:00,22.52,22.57,22.37,22.46,18.922369339938843,727147,19.015043455138898,18.84654506386607,18.972918857320693,727147,0.0,1.0
2023-12-28 00:00:00,22.39,22.61,22.39,22.48,18.939219179066125,824408,19.048743133393465,18.863394902993353,18.863394902993353,824408,0.0,1.0
2023-12-29 00:00:00,22.43,22.58,22.38,22.51,18.96449393775705,862240,19.02346837470254,18.854969983429708,18.897094581247917,862240,0.0,1.0
2024-01-02 00:00:00,22.4,23.115,22.39,22.98,19.3604651572482,972710,19.47420157135736,18.863394902993353,18.871819822556994,972710,0.0,1.0
2024-01-03 00:00:00,22.95,23.05,22.8,22.85,19.250941202920863,1267516,19.419439594193697,19.208816605102655,19.335190398557277,1267516,0.0,1.0
2024-01-04 00:00:00,22.9,22.905,22.635,22.7,19.12456740946624,1088933,19.29727826052089,19.06980543230257,19.29306580073907,1088933,0.0,1.0
2024-01-05 00:00:00,22.65,22.935,22.575,22.8,19.208816605102655,1741087,19.322553019211817,19.01925591492072,19.08244281164803,1741087,0.0,1.0
2024-01-08 00:00:00,22.8,22.97,22.76,22.89,19.284640881175427,1200751,19.35204023768456,19.17511692684809,19.208816605102655,1200751,0.0,1.0
2024-01-09 00:00:00,22.83,22.98,22.69,22.97,19.35204023768456,1141766,19.3604651572482,19.116142489902597,19.234091363793578,1141766,0.0,1.0
2024-01-10 00:00:00,22.91,23.01,22.53,22.54,18.989768696447975,1126797,19.385739915939126,18.981343776884337,19.30149072030271,1126797,0.0,1.0
2024-01-11 00:00:00,22.44,22.52,22.28,22.47,18.930794259502484,969530,18.972918857320693,18.770720787793294,18.90551950081156,969530,0.0,1.0
2024-01-12 00:00:00,22.67,22.72,22.485,22.57,19.015043455138898,502381,19.14141724859352,18.943431638847947,19.099292650775315,502381,0.0,1.0
2024-01-16 00:00:00,22.54,22.62,22.385,22.49,18.94764409862977,766352,19.057168052957103,18.859182443211537,18.989768696447975,766352,0.0,1.0
2024-01-17 00:00:00,22.32,22.68,22.29,22.48,18.939219179066125,868867,19.107717570338956,18.779145707356935,18.804420466047866,868867,0.0,1.0
2024-01-18 00:00:00,22.38,22.53,22.31,22.53,18.981343776884337,973536,18.981343776884337,18.795995546484217,18.854969983429708,973536,0.0,1.0
2024-01-19 00:00:00,22.58,22.58,22.305,22.37,18.84654506386607,720612,19.02346837470254,18.7917830867024,19.02346837470254,720612,0.0,1.0
2024-01-22 00:00:00,22.35,22.52,22.231,22.44,18.90551950081156,976787,18.972918857320693,18.729438681931452,18.82969522473879,976787,0.0,1.0
2024-01-23 00:00:00,22.59,22.85,22.56,22.81,19.217241524666296,869633,19.250941202920863,19.006618535575257,19.031893294266183,869633,0.0,1.0
2024-01-24 00:00:00,22.8,22.82,22.5,22.51,18.96449393775705,837936,19.225666444229937,18.956069018193407,19.208816605102655,837936,0.0,1.0
2024-01-25 00:00:00,22.59,22.81,22.485,22.8,19.208816605102655,645342,19.217241524666296,18.943431638847947,19.031893294266183,645342,0.0,1.0
2024-01-26 00:00:00,22.92,22.98,22.785,22.83,19.234091363793578,545594,19.3604651572482,19.19617922575719,19.30991563986635,545594,0.0,1.0
2024-01-29 00:00:00,22.88,22.88,22.585,22.67,19.099292650775315,884929,19.276215961611783,19.02768083448436,19.276215961611783,884929,0.0,1.0
2024-01-30 00:00:00,22.63,22.99,22.55,22.99,19.36889007681184,1355492,19.36889007681184,18.998193616011616,19.065592972520747,1355492,0.0,1.0
2024-01-31 00:00:00,22.97,23.065,22.77,22.8,19.208816605102655,2246745,19.432076973539154,19.183541846411728,19.35204023768456,2246745,0.0,1.0
2024-02-01 00:00:00,22.77,23.615,22.585,23.58,19.86596033106669,1900620,19.895447549539437,19.02768083448436,19.183541846411728,1900620,0.0,1.0
2024-02-02 00:00:00,23.62,23.76,23.3123,23.51,19.8069858941212,1059246,20.01760888321224,19.640425234348008,19.89966000932126,1059246,0.0,1.0
2024-02-05 00:00:00,23.42,23.515,23.13,23.13,19.486838950702825,890213,19.811198353903023,19.486838950702825,19.73116161804843,890213,0.0,1.0
2024-02-06 00:00:00,23.11,23.505,23.07,23.36,19.68061210066658,1104760,19.80277343433938,19.436289433320976,19.46998911157554,1104760,0.0,1.0
2024-02-07 00:00:00,23.5,23.5,23.16,23.16,19.51211370939375,1298830,19.79856097455756,19.51211370939375,19.79856097455756,1298830,0.0,1.0
2024-02-08 00:00:00,23.24,23.545,23.16,23.39,19.705886859357506,1797354,19.83647311259395,19.51211370939375,19.57951306590288,1797354,0.0,1.0
2024-02-09 00:00:00,22.84,23.47,22.03,22.19,18.69489651172052,3031631,19.773286215866634,18.56009779870226,19.24251628335722,3031631,0.0,1.0
2024-02-12 00:00:00,22.12,22.67,22.12,22.61,19.048743133393465,1880439,19.099292650775315,18.63592207477503,18.63592207477503,1880439,0.0,1.0
2024-02-13 00:00:00,22.4,22.63,21.995,22.16,18.669621753029595,1552551,19.065592972520747,18.530610580229514,18.871819822556994,1552551,0.0,1.0
2024-02-14 00:00:00,22.08,22.21,21.795,22.19,18.69489651172052,1196184,18.711746350847804,18.362112188956683,18.602222396520464,1196184,0.0,1.0
2024-02-15 00:00:00,22.26,22.435,22.21,22.34,18.821270305175144,905007,18.90130704102974,18.711746350847804,18.753870948666012,905007,0.0,1.0
2024-02-16 00:00:00,22.3,22.52,22.11,22.42,18.88866966168428,1117553,18.972918857320693,18.62749715521139,18.78757062692058,1117553,0.0,1.0
2024-02-20 00:00:00,22.51,22.9301,22.4,22.75,19.16669200728445,1199049,19.31842480862563,18.871819822556994,18.96449393775705,1199049,0.0,1.0
2024-02-21 00:00:00,22.88,22.93,22.73,22.9,19.29306580073907,1012309,19.318340559429995,19.149842168157164,19.276215961611783,1012309,0.0,1.0
2024-02-22 00:00:00,22.72,23.01,22.58,22.99,19.36889007681184,2034768,19.385739915939126,19.02346837470254,19.14141724859352,2034768,0.0,1.0
2024-02-23 00:00:00,22.98,23.2,22.91,23.02,19.394164835502767,801264,19.545813387648312,19.30149072030271,19.3604651572482,801264,0.0,1.0
2024-02-26 00:00:00,22.98,23.02,22.66,22.86,19.2593661224845,979710,19.394164835502767,19.090867731211674,19.3604651572482,979710,0.0,1.0
2024-02-27 00:00:00,22.83,22.88,22.446,22.59,19.031893294266183,1020160,19.276215961611783,18.910574452549746,19.234091363793578,1020160,0.0,1.0
2024-02-28 00:00:00,22.62,22.795,22.43,22.71,19.13299232902988,1172993,19.204604145320836,18.897094581247917,19.057168052957103,1172993,0.0,1.0
2024-02-29 00:00:00,22.6,22.69,22.38,22.42,19.082442811648033,1800767,19.31224921482131,19.04839741858532,19.23564708043022,1800767,0.23,1.0
2024-03-01 00:00:00,22.31,22.31,22.08,22.23,18.92072719460017,1094278,18.98881798072558,18.79305697061501,18.98881798072558,1094278,0.0,1.0
2024-03-04 00:00:00,22.15,22.465,22.09,22.45,19.107976856445063,903892,19.120743878843577,18.801568318880687,18.852636408474748,903892,0.0,1.0
2024-03-05 00:00:00,22.54,22.66,22.21,22.34,19.014352025522616,1056936,19.28671517002428,18.903704498068812,19.184578990836155,1056936,0.0,1.0
2024-03-06 00:00:00,22.47,22.62,22.42,22.61,19.244158428695897,1042769,19.252669776961575,19.082442811648033,19.124999552976416,1042769,0.0,1.0
2024-03-07 00:00:00,22.7,22.74,22.32,22.44,19.099465508179385,899797,19.354805956149697,18.99732932899126,19.32076056308699,899797,0.0,1.0
2024-03-08 00:00:00,22.42,22.97,22.34,22.94,19.52503292146324,907084,19.55056696626027,19.014352025522616,19.082442811648033,907084,0.0,1.0
2024-03-11 00:00:00,22.98,23.22,22.95,23.13,19.686748538511104,935077,19.7633506729022,19.533544269728917,19.559078314525948,935077,0.0,1.0
2024-03-12 00:00:00,23.08,23.32,23.04,23.19,19.73781662810517,766807,19.84846415555897,19.61014640412001,19.644191797182717,766807,0.0,1.0
2024-03-13 00:00:00,23.3,23.48,23.05,23.07,19.635680448917043,1054008,19.9846457278098,19.618657752385687,19.831441459027616,1054008,0.0,1.0
2024-03-14 00:00:00,22.99,23.05,22.42,22.54,19.184578990836155,1219192,19.618657752385687,19.082442811648033,19.567589662791622,1219192,0.0,1.0
2024-03-15 00:00:00,22.39,22.79,22.39,22.7,19.32076056308699,3331908,19.397362697478084,19.056908766851,19.056908766851,3331908,0.0,1.0
2024-03-18 00:00:00,22.66,22.97,22.585,22.78,19.38885134921241,1612751,19.55056696626027,19.222880058031706,19.28671517002428,1612751,0.0,1.0
2024-03-19 00:00:00,22.84,22.97,22.745,22.9,19.49098752840053,1059075,19.55056696626027,19.359061630282536,19.43991943880647,1059075,0.0,1.0
2024-03-20 00:00:00,22.98,23.13,22.88,23.07,19.635680448917043,867074,19.686748538511104,19.473964831869175,19.559078314525948,867074,0.0,1.0
2024-03-21 00:00:00,23.09,23.18,22.89,23.1,19.661214493714073,958056,19.72930527983949,19.482476180134856,19.652703145448395,958056,0.0,1.0
2024-03-22 00:00:00,23.17,23.17,23.01,23.05,19.618657752385687,924317,19.720793931573816,19.584612359322985,19.720793931573816,924317,0.0,1.0
2024-03-25 00:00:00,23.09,23.31,23.03,23.25,19.78888471769923,1035615,19.83995280729329,19.601635055854334,19.652703145448395,1035615,0.0,1.0
2024-03-26 00:00:00,23.35,23.4152,23.215,23.28,19.814418762496263,1190774,19.929492191048215,19.75909499876936,19.873998200356,1190774,0.0,1.0
2024-03-27 00:00:00,23.43,23.75,23.4,23.72,20.188918086186053,1561545,20.214452130983084,19.916554941684385,19.942088986481416,1561545,0.0,1.0
2024-03-28 00:00:00,23.82,23.895,23.66,23.75,20.214452130983084,1139828,20.3378666808354,20.13784999659199,20.274031568842823,1139828,0.0,1.0
2024-04-01 00:00:00,23.75,23.81,23.56,23.63,20.11231595179496,901814,20.265520220577145,20.05273651393522,20.214452130983084,901814,0.0,1.0
2024-04-02 00:00:00,23.61,23.73,23.5,23.52,20.01869112087251,1073520,20.19742943445173,20.00166842434116,20.09529325526361,1073520,0.0,1.0
2024-04-03 00:00:00,23.44,23.515,23.03,23.14,19.695259886776785,1772222,20.01443544673967,19.601635055854334,19.950600334747097,1772222,0.0,1.0
2024-04-04 00:00:00,23.32,23.48,23.195,23.3,19.831441459027616,940393,19.9846457278098,19.742072302238007,19.84846415555897,940393,0.0,1.0
2024-04-05 00:00:00,23.24,23.315,23.085,23.17,19.720793931573816,915964,19.844208481426133,19.64844747131556,19.78037336943355,915964,0.0,1.0
2024-04-08 00:00:00,23.18,23.265,23.05,23.1,19.661214493714073,754905,19.801651740097743,19.618657752385687,19.72930527983949,754905,0.0,1.0
2024-04-09 00:00:00,23.2,23.21,23.05,23.15,19.703771235042456,1086806,19.75483932463652,19.618657752385687,19.746327976370843,1086806,0.0,1.0
2024-04-10 00:00:00,22.99,23.05,22.7,22.83,19.431408090540792,1005997,19.618657752385687,19.32076056308699,19.567589662791622,1005997,0.0,1.0
2024-04-11 00:00:00,22.95,22.95,22.73,22.85,19.448430787072148,688784,19.533544269728917,19.346294607884023,19.533544269728917,688784,0.0,1.0
2024-04-12 00:00:00,22.81,22.93,22.555,22.62,19.252669776961575,1023308,19.51652157319756,19.19734601323467,19.414385394009436,1023308,0.0,1.0
2024-04-15 00:00:00,22.72,22.92,22.64,22.91,19.49949887666621,974826,19.508010224931887,19.269692473492928,19.337783259618345,974826,0.0,1.0
2024-04-16 00:00:00,22.94,23.27,22.925,23.17,19.720793931573816,1602954,19.80590741423058,19.51226589906473,19.52503292146324,1602954,0.0,1.0
2024-04-17 00:00:00,23.36,23.43,23.12,23.33,19.856975503824646,1277769,19.942088986481416,19.67823719024543,19.882509548621677,1277769,0.0,1.0
2024-04-18 00:00:00,23.46,24.055,23.29,24.04,20.461281230687717,1377869,20.47404825308623,19.822930110761934,19.96762303127845,1377869,0.0,1.0
2024-04-19 00:00:00,24.05,24.6,23.98,24.58,20.92089403703428,1594300,20.937916733565636,20.410213141093656,20.469792578953395,1594300,0.0,1.0
2024-04-22 00:00:00,24.53,24.8,24.47,24.67,20.99749617142538,1120346,21.10814369887918,20.827269206111833,20.878337295705897,1120346,0.0,1.0
2024-04-23 00:00:00,24.64,24.865,24.58,24.69,21.01451886795673,897462,21.16346746260608,20.92089403703428,20.971962126628345,897462,0.0,1.0
2024-04-24 00:00:00,24.51,25.03,24.36,25.03,21.30390470898975,1408462,21.30390470898975,20.733644375189385,20.861314599174545,1408462,0.0,1.0
2024-04-25 00:00:00,25.11,25.18,24.88,24.89,21.184745833270274,986047,21.431574932974907,21.176234485004596,21.37199549511517,986047,0.0,1.0
2024-04-26 00:00:00,24.73,24.92,24.61,24.62,20.954939430096992,1668682,21.210279878067304,20.94642808183131,21.04856426101944,1668682,0.0,1.0
2024-04-29 00:00:00,24.71,24.915,24.586,24.85,21.150700440207565,995864,21.206024203934465,20.926000845993688,21.031541564488084,995864,0.0,1.0
2024-04-30 00:00:00,24.81,24.965,24.7,24.94,21.22730257459866,1629479,21.24858094526285,21.02303021622241,21.116655047144853,1629479,0.0,1.0
2024-05-01 00:00:00,24.78,25.185,24.54,25.04,21.312416057255422,944007,21.435830607107743,20.88684864397157,21.091121002347823,944007,0.0,1.0
2024-05-02 00:00:00,25.1,25.24,24.955,25.0,21.27837066419272,1046868,21.48264302256897,21.24006959699717,21.36348414684949,1046868,0.0,1.0
2024-05-03 00:00:00,25.02,25.04,24.71,24.9,21.193257181535948,1023977,21.312416057255422,21.031541564488084,21.295393360724074,1023977,0.0,1.0
2024-05-06 00:00:00,25.01,25.01,24.65,24.78,21.091121002347823,1341756,21.2868820124584,20.98047347489402,21.2868820124584,1341756,0.0,1.0
2024-05-07 00:00:00,24.95,25.12,24.88,25.08,21.346461450318134,1372497,21.380506843380847,21.176234485004596,21.235813922864335,1372497,0.0,1.0
2024-05-08 00:00:00,25.12,25.22,25.065,25.12,21.380506843380847,817201,21.465620326037616,21.33369442791962,21.380506843380847,817201,0.0,1.0
2024-05-09 00:00:00,25.25,25.45,25.08,25.42,21.63584729135116,1073242,21.66138133614819,21.346461450318134,21.491154370834646,1073242,0.0,1.0
2024-05-10 00:00:00,25.37,25.425,25.22,25.42,21.63584729135116,1190028,21.640102965483997,21.465620326037616,21.593290550022772,1190028,0.0,1.0
2024-05-13 00:00:00,25.47,25.59,25.13,25.18,21.431574932974907,1360874,21.780540211867667,21.38901819164652,21.67840403267954,1360874,0.0,1.0
2024-05-14 00:00:00,25.28,25.51,25.18,25.35,21.57626785349142,1602538,21.712449425742253,21.431574932974907,21.51668841563168,1602538,0.0,1.0
2024-05-15 00:00:00,25.42,26.12,25.35,25.51,21.712449425742253,1873506,22.231641669948555,21.57626785349142,21.63584729135116,1873506,0.0,1.0
2024-05-16 00:00:00,25.59,25.67,25.425,25.49,21.695426729210897,3319197,21.848630997993087,21.640102965483997,21.780540211867667,3319197,0.0,1.0
2024-05-17 00:00:00,25.4,25.65,23.82,24.45,20.81024650958048,2875149,21.831608301461728,20.274031568842823,21.6188245948198,2875149,0.0,1.0
2024-05-20 00:00:00,24.47,24.81,24.29,24.35,20.72513302692371,1918896,21.116655047144853,20.674064937329646,20.827269206111833,1918896,0.0,1.0
2024-05-21 00:00:00,24.35,24.4,24.22,24.26,20.648530892532616,1017050,20.767689768252097,20.614485499469907,20.72513302692371,1017050,0.0,1.0
2024-05-22 00:00:00,24.13,24.245,23.905,23.91,20.35063370323392,1143995,20.6357638701341,20.34637802910108,20.537883365078812,1143995,0.0,1.0
2024-05-23 00:00:00,23.73,23.915,23.6,23.61,20.09529325526361,1262084,20.354889377366757,20.086781906997928,20.19742943445173,1262084,0.0,1.0
2024-05-24 00:00:00,23.7,23.71,23.33,23.43,19.942088986481416,982027,20.180406737920375,19.856975503824646,20.171895389654697,982027,0.0,1.0
2024-05-28 00:00:00,23.37,23.42,22.85,22.85,19.448430787072148,981522,19.93357763821574,19.448430787072148,19.891020896887355,981522,0.0,1.0
2024-05-29 00:00:00,22.73,22.815,22.46,22.52,19.1675562943048,1332529,19.41864106814228,19.11648820471074,19.346294607884023,1332529,0.0,1.0
2024-05-30 00:00:00,22.61,22.78,22.45,22.77,19.380340000946727,1513976,19.38885134921241,19.107976856445063,19.244158428695897,1513976,0.0,1.0
2024-05-31 00:00:00,22.8,23.245,22.74,23.22,19.7633506729022,2044072,19.78462904356639,19.354805956149697,19.40587404574376,2044072,0.0,1.0
2024-06-03 00:00:00,23.26,23.32,23.09,23.15,19.703771235042456,1839397,19.84846415555897,19.652703145448395,19.797396065964907,1839397,0.0,1.0
2024-06-04 00:00:00,23.13,23.35,23.03,23.23,19.771862021167877,1081169,19.873998200356,19.601635055854334,19.686748538511104,1081169,0.0,1.0
2024-06-05 00:00:00,23.17,23.215,22.99,23.18,19.72930527983949,1005183,19.75909499876936,19.567589662791622,19.720793931573816,1005183,0.0,1.0
2024-06-06 00:00:00,22.99,23.32,22.81,23.08,19.848464155558965,988070,20.054860663242422,19.616268084415076,19.771065465177667,988070,0.24,1.0
2024-06-07 00:00:00,22.94,23.13,22.78,22.8,19.60766822992827,759302,19.891463427993017,19.590468520954648,19.72806619274362,759302,0.0,1.0
2024-06-10 00:00:00,22.66,22.79,22.41,22.6,19.435671140192056,858529,19.599068375441455,19.27227390494265,19.48727026711292,858529,0.0,1.0
2024-06-11 00:00:00,22.58,22.79,22.5,22.79,19.599068375441455,1199106,19.599068375441455,19.34967259532395,19.418471431218432,1199106,0.0,1.0
2024-06-12 00:00:00,22.9,22.9,22.56,22.62,19.452870849165677,873488,19.693666774796373,19.40127172224481,19.693666774796373,873488,0.0,1.0
2024-06-13 00:00:00,22.66,22.675,22.39,22.66,19.48727026711292,846489,19.500170048843135,19.25507419596903,19.48727026711292,846489,0.0,1.0
2024-06-14 00:00:00,22.62,22.69,22.3,22.33,19.203475069048167,853554,19.51306983057335,19.177675505587736,19.452870849165677,853554,0.0,1.0
2024-06-17 00:00:00,22.32,22.68,22.21,22.65,19.478670412626105,821498,19.50446997608654,19.10027681520644,19.194875214561357,821498,0.0,1.0
2024-06-18 00:00:00,22.57,22.82,22.42,22.48,19.332472886350327,1288919,19.62486793890189,19.280873759429465,19.40987157673162,1288919,0.0,1.0
2024-06-20 00:00:00,22.34,22.7,22.31,22.41,19.27227390494265,1308903,19.52166968506016,19.186275360074543,19.212074923534978,1308903,0.0,1.0
2024-06-21 00:00:00,22.51,22.66,22.42,22.52,19.36687230429757,2005575,19.48727026711292,19.280873759429465,19.35827244981076,2005575,0.0,1.0
2024-06-24 00:00:00,22.55,22.86,22.51,22.8,19.60766822992827,1215434,19.65926735684913,19.35827244981076,19.392671867758,1215434,0.0,1.0
2024-06-25 00:00:00,22.77,22.82,22.47,22.65,19.478670412626105,1629305,19.62486793890189,19.323873031863517,19.58186866646783,1629305,0.0,1.0
2024-06-26 00:00:00,22.46,22.525,22.33,22.49,19.341072740837134,1234617,19.371172231540974,19.203475069048167,19.315273177376707,1234617,0.0,1.0
2024-06-27 00:00:00,22.59,22.59,22.255,22.35,19.220674778021788,1067005,19.42707128570524,19.138976160397085,19.42707128570524,1067005,0.0,1.0
2024-06-28 00:00:00,22.38,22.38,21.97,22.2,19.091676960719628,1740939,19.24647434148222,18.893880307522984,19.24647434148222,1740939,0.0,1.0
2024-07-01 00:00:00,22.31,22.46,22.02,22.03,18.94547943444385,840364,19.315273177376707,18.936879579957036,19.186275360074543,840364,0.0,1.0
2024-07-02 00:00:00,22.05,22.185,21.98,22.15,19.048677688285576,742212,19.078777178989412,18.902480162009795,18.96267914341747,742212,0.0,1.0
2024-07-03 00:00:00,22.17,22.17,21.885,21.93,18.859480889575742,651306,19.0658773972592,18.820781544385095,19.0658773972592,651306,0.0,1.0
2024-07-05 00:00:00,21.86,22.01,21.74,21.92,18.850881035088932,2107190,18.92827972547023,18.696083654326337,18.799281908168066,2107190,0.0,1.0
2024-07-08 00:00:00,22.06,22.06,21.741,21.75,18.70468350881315,931658,18.97127899790428,18.69694363977502,18.97127899790428,931658,0.0,1.0
2024-07-09 00:00:00,21.73,21.78,21.47,21.51,18.498287001129697,1390340,18.730483072273586,18.46388758318245,18.68748379983953,1390340,0.0,1.0
2024-07-10 00:00:00,21.39,21.52,21.34,21.44,18.43808801972202,1133456,18.506886855616504,18.352089474853912,18.395088747287968,1133456,0.0,1.0
2024-07-11 00:00:00,21.42,21.685,21.2,21.62,18.59288540048461,829474,18.64878445464888,18.23169151203856,18.4208883107484,829474,0.0,1.0
2024-07-12 00:00:00,21.76,21.81,21.44,21.45,18.44668787420883,969199,18.756282635734017,18.43808801972202,18.71328336329996,969199,0.0,1.0
2024-07-15 00:00:00,21.51,21.61,21.37,21.49,18.481087292156072,1067880,18.5842855459978,18.377889038314347,18.498287001129697,1067880,0.0,1.0
2024-07-16 00:00:00,21.55,22.06,21.49,21.93,18.859480889575742,1130118,18.97127899790428,18.481087292156072,18.53268641907694,1130118,0.0,1.0
2024-07-17 00:00:00,21.94,22.66,21.9302,22.56,19.40127172224481,1200820,19.48727026711292,18.859652886665476,18.868080744062553,1200820,0.0,1.0
2024-07-18 00:00:00,22.16,22.845,22.15,22.54,19.38407201327119,897690,19.646367575118916,19.048677688285576,19.057277542772383,897690,0.0,1.0
2024-07-19 00:00:00,22.59,22.59,22.18,22.43,19.28947361391627,785490,19.42707128570524,19.074477251746007,19.42707128570524,785490,0.0,1.0
2024-07-22 00:00:00,22.43,22.44,22.02,22.21,19.10027681520644,1442238,19.29807346840309,18.936879579957036,19.28947361391627,1442238,0.0,1.0
2024-07-23 00:00:00,22.21,22.21,21.89,21.95,18.876680598549363,1001980,19.10027681520644,18.8250814716285,19.10027681520644,1001980,0.0,1.0
2024-07-24 00:00:00,21.96,22.1,21.87,22.02,18.936879579957036,1858825,19.005678415851524,18.80788176265488,18.885280453036177,1858825,0.0,1.0
2024-07-25 00:00:00,22.05,22.43,21.985,22.27,19.151875942127305,1199425,19.28947361391627,18.9067800892532,18.96267914341747,1199425,0.0,1.0
2024-07-26 00:00:00,22.32,22.58,22.275,22.37,19.23787448699541,1045464,19.418471431218432,19.156175869370703,19.194875214561357,1045464,0.0,1.0
2024-07-29 00:00:00,22.3,22.365,21.89,22.28,19.160475796614115,1501314,19.233574559752004,18.8250814716285,19.177675505587736,1501314,0.0,1.0
2024-07-30 00:00:00,22.14,22.76,22.14,22.71,19.53026953954697,1477045,19.573268811981027,19.040077833798765,19.040077833798765,1477045,0.0,1.0
2024-07-31 00:00:00,22.68,22.82,22.47,22.52,19.36687230429757,1726023,19.62486793890189,19.323873031863517,19.50446997608654,1726023,0.0,1.0
2024-08-01 00:00:00,22.56,22.71,22.39,22.67,19.49587012159973,1872608,19.53026953954697,19.25507419596903,19.40127172224481,1872608,0.0,1.0
2024-08-02 00:00:00,22.79,23.1,22.66,23.05,19.822664592098533,1188533,19.86566386453259,19.48727026711292,19.599068375441455,1188533,0.0,1.0
2024-08-05 00:00:00,22.96,23.25,22.26,22.28,19.160475796614115,1257302,19.994661681834742,19.143276087640498,19.74526590171724,1257302,0.0,1.0
2024-08-06 00:00:00,22.35,22.74,22.25,22.57,19.40987157673162,1396587,19.556069103007403,19.134676233153684,19.220674778021788,1396587,0.0,1.0
2024-08-07 00:00:00,22.55,22.82,22.43,22.5,19.34967259532395,718793,19.62486793890189,19.28947361391627,19.392671867758,718793,0.0,1.0
2024-08-08 00:00:00,22.34,22.79,22.25,22.75,19.564668957494213,910469,19.599068375441455,19.134676233153684,19.212074923534978,910469,0.0,1.0
2024-08-09 00:00:00,22.7,22.78,22.5301,22.78,19.590468520954648,869254,19.590468520954648,19.375558157329248,19.52166968506016,869254,0.0,1.0
2024-08-12 00:00:00,22.7,22.7,22.24,22.3,19.177675505587736,1065044,19.52166968506016,19.12607637866687,19.52166968506016,1065044,0.0,1.0
2024-08-13 00:00:00,22.43,22.63,22.23,22.62,19.452870849165677,976979,19.461470703652484,19.117476524180063,19.28947361391627,976979,0.0,1.0
2024-08-14 00:00:00,22.67,22.79,22.56,22.73,19.547469248520592,1185729,19.599068375441455,19.40127172224481,19.49587012159973,1185729,0.0,1.0
2024-08-15 00:00:00,22.85,22.8857,22.63,22.66,19.48727026711292,1557251,19.681368982880233,19.461470703652484,19.65066750236232,1557251,0.0,1.0
2024-08-16 00:00:00,22.74,22.96,22.0,22.71,19.53026953954697,1827934,19.74526590171724,18.919679870983416,19.556069103007403,1827934,0.0,1.0
2024-08-19 00:00:00,22.81,23.11,22.62,23.01,19.78826517415129,977803,19.874263719019396,19.452870849165677,19.616268084415076,977803,0.0,1.0
2024-08-20 00:00:00,23.0,23.15,22.8721,23.14,19.90006328247983,1510433,19.90866313696664,19.669673180778172,19.77966531966448,1510433,0.0,1.0
2024-08-21 00:00:00,23.2,23.38,23.06,23.07,19.83986430107215,969106,20.106459790163285,19.831264446585344,19.951662409400697,969106,0.0,1.0
2024-08-22 00:00:00,23.26,23.26,22.775,22.82,19.62486793890189,1074360,20.00326153632156,19.58616859371124,20.00326153632156,1074360,0.0,1.0
2024-08-23 00:00:00,22.95,23.13,22.84,23.05,19.822664592098533,738166,19.891463427993017,19.64206764787551,19.736666047230425,738166,0.0,1.0
2024-08-26 00:00:00,23.16,23.36,22.99,23.03,19.805464883124912,822666,20.089260081189664,19.771065465177667,19.917262991453452,822666,0.0,1.0
2024-08-27 00:00:00,23.1,23.14,22.685,22.79,19.599068375441455,916522,19.90006328247983,19.508769903329945,19.86566386453259,916522,0.0,1.0
2024-08-28 00:00:00,22.79,23.05,22.71,23.05,19.822664592098533,1046108,19.822664592098533,19.53026953954697,19.599068375441455,1046108,0.0,1.0
2024-08-29 00:00:00,23.09,23.09,22.77,22.86,19.65926735684913,743490,19.857064010045775,19.58186866646783,19.857064010045775,743490,0.0,1.0
2024-08-30 00:00:00,22.93,23.29,22.93,23.24,19.986061827347935,1313385,20.029061099781988,19.719466338256805,19.719466338256805,1313385,0.0,1.0
2024-09-03 00:00:00,23.26,23.3925,23.09,23.15,19.90866313696664,1101666,20.117209608271796,19.857064010045775,20.00326153632156,1101666,0.0,1.0
2024-09-04 00:00:00,23.16,23.45,23.15,23.39,20.115059644650096,918482,20.16665877157096,19.90866313696664,19.917262991453452,918482,0.0,1.0
2024-09-05 00:00:00,23.5,23.84,23.4955,23.67,20.355855570280795,1115642,20.502053096556573,20.205788109485948,20.209658044005018,1115642,0.0,1.0
2024-09-06 00:00:00,23.38,23.65,23.3434,23.44,20.3644554247676,832475,20.546901484460484,20.280530237308874,20.312327979141063,832475,0.24,1.0
2024-09-09 00:00:00,23.38,23.585,23.32,23.47,20.390519147580868,1354334,20.490430085031736,20.260200533514524,20.312327979141063,1354334,0.0,1.0
2024-09-10 00:00:00,23.5,23.71,23.33,23.33,20.268888441118943,1142194,20.599028930087023,20.268888441118943,20.41658287039414,1142194,0.0,1.0
2024-09-11 00:00:00,23.24,23.3,22.71,22.83,19.834493060897795,961741,20.24282471830568,19.73023816964472,20.190697272679134,961741,0.0,1.0
2024-09-12 00:00:00,22.8,22.925,22.65,22.87,19.86924469131549,732242,19.917028183139816,19.67811072401818,19.80842933808453,732242,0.0,1.0
2024-09-13 00:00:00,22.55,23.17,22.54,23.17,20.12988191944818,749523,20.12988191944818,19.582543740369527,19.591231647973952,749523,0.0,1.0
2024-09-16 00:00:00,23.32,23.73,23.32,23.62,20.520837761647215,1043784,20.61640474529587,20.260200533514524,20.260200533514524,1043784,0.0,1.0
2024-09-17 00:00:00,23.68,23.84,23.58,23.68,20.572965207273754,1071151,20.711971728944523,20.486086131229523,20.572965207273754,1071151,0.0,1.0
2024-09-18 00:00:00,23.59,23.87,23.59,23.72,20.607716837691445,795955,20.738035451757792,20.494774038833945,20.494774038833945,795955,0.0,1.0
2024-09-19 00:00:00,23.74,23.87,23.61,23.77,20.65115637571356,1134253,20.738035451757792,20.512149854042793,20.62509265290029,1134253,0.0,1.0
2024-09-20 00:00:00,23.82,23.8495,23.44,23.44,20.3644554247676,2111568,20.720225241168723,20.3644554247676,20.694595913735675,2111568,0.0,1.0
2024-09-23 00:00:00,23.42,23.47,23.14,23.15,20.11250610423933,759040,20.390519147580868,20.10381819663491,20.34707960955875,759040,0.0,1.0
2024-09-24 00:00:00,23.09,23.22,22.9,22.94,19.93006004454645,642393,20.173321457470298,19.895308414128756,20.060378658612795,642393,0.0,1.0
2024-09-25 00:00:00,23.0,23.09,22.89,22.93,19.921372136942026,713624,20.060378658612795,19.886620506524338,19.982187490172983,713624,0.0,1.0
2024-09-26 00:00:00,22.89,23.31,22.89,23.09,20.060378658612795,1315837,20.2515126259101,19.886620506524338,19.886620506524338,1315837,0.0,1.0
2024-09-27 00:00:00,23.25,23.41,23.11,23.25,20.199385180283564,728747,20.338391701954333,20.07775447382164,20.199385180283564,728747,0.0,1.0
2024-09-30 00:00:00,23.34,23.355,22.94,23.07,20.043002843403947,702429,20.290608210130006,19.93006004454645,20.277576348723372,702429,0.0,1.0
2024-10-01 00:00:00,23.04,23.2,22.865,22.87,19.86924469131549,882629,20.155945642261447,19.86490073751327,20.01693912059068,882629,0.0,1.0
2024-10-02 00:00:00,22.78,22.8,22.56,22.66,19.686798631622604,902016,19.80842933808453,19.59991955557837,19.79105352287568,902016,0.0,1.0
2024-10-03 00:00:00,22.56,22.59,22.03,22.09,19.19158789817049,1144752,19.625983278391644,19.13946045254395,19.59991955557837,1144752,0.0,1.0
2024-10-04 00:00:00,22.06,22.4,22.015,22.4,19.460913033907605,970254,19.460913033907605,19.12642859113732,19.16552417535722,970254,0.0,1.0
2024-10-07 00:00:00,22.39,22.505,22.19,22.4,19.460913033907605,780007,19.552136063754045,19.278466974214723,19.452225126303183,780007,0.0,1.0
2024-10-08 00:00:00,22.46,22.82,22.39,22.69,19.71286235443587,1234528,19.825805153293373,19.452225126303183,19.513040479534144,1234528,0.0,1.0
2024-10-09 00:00:00,22.75,22.91,22.6,22.62,19.652047001204913,722679,19.90399632173318,19.634671185996066,19.764989800062413,722679,0.0,1.0
2024-10-10 00:00:00,22.68,22.68,22.335,22.5,19.547792109951835,691765,19.70417444683145,19.404441634478857,19.70417444683145,691765,0.0,1.0
2024-10-11 00:00:00,22.6,22.725,22.5,22.53,19.573855832765105,630437,19.743270031051356,19.547792109951835,19.634671185996066,630437,0.0,1.0
2024-10-14 00:00:00,22.59,22.76,22.5,22.72,19.73892607724914,416418,19.773677707666835,19.547792109951835,19.625983278391644,416418,0.0,1.0
2024-10-15 00:00:00,22.72,23.2,22.72,23.06,20.034314935799525,659862,20.155945642261447,19.73892607724914,19.73892607724914,659862,0.0,1.0
2024-10-16 00:00:00,23.16,23.38,23.085,23.32,20.260200533514524,737015,20.312327979141063,20.056034704810585,20.121194011843755,737015,0.0,1.0
2024-10-17 00:00:00,23.36,23.44,23.04,23.07,20.043002843403947,589213,20.3644554247676,20.01693912059068,20.294952163932216,589213,0.0,1.0
2024-10-18 00:00:00,23.07,23.09,22.805,22.96,19.947435859755295,664550,20.060378658612795,19.81277329188674,20.043002843403947,664550,0.0,1.0
2024-10-21 00:00:00,22.98,22.9948,22.51,22.52,19.56516792516068,638394,19.97766977821869,19.55648001755626,19.964811674964142,638394,0.0,1.0
2024-10-22 00:00:00,22.47,22.55,22.36,22.46,19.513040479534144,686590,19.591231647973952,19.42616140348991,19.52172838713857,686590,0.0,1.0
2024-10-23 00:00:00,22.34,22.58,22.33,22.37,19.434849311094336,761530,19.617295370787215,19.40009768067664,19.408785588281063,761530,0.0,1.0
2024-10-24 00:00:00,22.46,22.55,22.24,22.29,19.36534605025895,587365,19.591231647973952,19.321906512236836,19.513040479534144,587365,0.0,1.0
2024-10-25 00:00:00,22.35,22.52,22.26,22.32,19.391409773072223,868766,19.56516792516068,19.339282327445684,19.417473495885492,868766,0.0,1.0
2024-10-28 00:00:00,22.33,22.65,22.2795,22.31,19.382721865467797,898814,19.67811072401818,19.356223747274303,19.40009768067664,898814,0.0,1.0
2024-10-29 00:00:00,22.2,22.3,22.0,22.0,19.113396729730685,936511,19.374033957863375,19.113396729730685,19.287154881819145,936511,0.0,1.0
2024-10-30 00:00:00,21.94,22.08,21.87,22.08,19.182899990566067,1232135,19.182899990566067,19.000453930873185,19.061269284104142,1232135,0.0,1.0
2024-10-31 00:00:00,22.03,22.32,22.03,22.23,19.313218604632414,2413019,19.391409773072223,19.13946045254395,19.13946045254395,2413019,0.0,1.0
2024-11-01 00:00:00,22.26,22.56,22.19,22.2,19.287154881819145,1494131,19.59991955557837,19.278466974214723,19.339282327445684,1494131,0.0,1.0
2024-11-04 00:00:00,22.2,22.31,21.995,22.23,19.313218604632414,1102163,19.382721865467797,19.109052775928472,19.287154881819145,1102163,0.0,1.0
2024-11-05 00:00:00,22.14,22.48,22.1,22.4,19.460913033907605,1047325,19.530416294742988,19.200275805774915,19.23502743619261,1047325,0.0,1.0
2024-11-06 00:00:00,22.98,22.98,22.32,22.49,19.53910420234741,1455231,19.964811674964142,19.391409773072223,19.964811674964142,1455231,0.0,1.0
2024-11-07 00:00:00,22.44,22.57,21.935,22.03,19.13946045254395,1287836,19.608607463182796,19.056925330301933,19.495664664325297,1287836,0.0,1.0
2024-11-08 00:00:00,22.3,22.5,21.39,21.44,18.626873903882995,2655462,19.547792109951835,18.58343436586088,19.374033957863375,2655462,0.0,1.0
2024-11-11 00:00:00,21.42,21.795,21.34,21.56,18.73112879513607,1589949,18.93529462384001,18.53999482783876,18.609498088674147,1589949,0.0,1.0
2024-11-12 00:00:00,21.66,21.87,21.43,21.7,18.85275950159799,1743167,19.000453930873185,18.61818599627857,18.8180078711803,1743167,0.0,1.0
2024-11-13 00:00:00,21.71,21.735,21.495,21.63,18.79194414836703,1538092,18.883167178213473,18.67465739570732,18.861447409202416,1538092,0.0,1.0
2024-11-14 00:00:00,21.71,22.155,21.71,21.83,18.96570230045549,1732032,19.24805929759924,18.861447409202416,18.861447409202416,1732032,0.0,1.0
2024-11-15 00:00:00,21.73,21.81,21.505,21.57,18.739816702740494,1986141,18.94832648524665,18.683345303311743,18.878823224411263,1986141,0.0,1.0
2024-11-18 00:00:00,21.67,21.95,21.6,21.94,19.061269284104142,1522771,19.069957191708568,18.765880425553764,18.826695778784725,1522771,0.0,1.0
2024-11-19 00:00:00,21.89,21.97,21.665,21.85,18.983078115664338,1514028,19.08733300691741,18.822351824982512,19.01782974608203,1514028,0.0,1.0
2024-11-20 00:00:00,21.76,22.1888,21.76,22.1,19.200275805774915,1757221,19.27742442530219,18.904886947224533,18.904886947224533,1757221,0.0,1.0
2024-11-21 00:00:00,22.07,22.3,22.025,22.22,19.30453069702799,1188120,19.374033957863375,19.13511649874174,19.174212082961645,1188120,0.0,1.0
2024-11-22 00:00:00,22.32,22.49,22.3,22.43,19.486976756720875,1358141,19.53910420234741,19.374033957863375,19.391409773072223,1358141,0.0,1.0
2024-11-25 00:00:00,22.48,22.77,22.45,22.75,19.764989800062413,1914885,19.782365615271257,19.50435257192972,19.530416294742988,1914885,0.0,1.0
2024-11-26 00:00:00,22.77,22.876,22.56,22.81,19.817117245688948,1679531,19.87445743587814,19.59991955557837,19.782365615271257,1679531,0.0,1.0
2024-11-27 00:00:00,22.97,23.04,22.625,22.73,19.747613984853565,1281561,20.01693912059068,19.65639095500712,19.956123767359717,1281561,0.0,1.0
2024-11-29 00:00:00,22.51,22.67,22.42,22.62,19.860556783711065,694541,19.90445721868832,19.68495504380204,19.7639758267611,694541,0.24,1.0
2024-12-02 00:00:00,22.54,22.91,22.33,22.84,20.053718697610993,1575942,20.11517930657915,19.60593426084297,19.790316087747453,1575942,0.0,1.0
2024-12-03 00:00:00,22.86,22.91,22.51,22.52,19.772755913756548,1166915,20.11517930657915,19.7639758267611,20.071278871601898,1166915,0.0,1.0
2024-12-04 00:00:00,22.27,22.545,22.12,22.45,19.71129530478839,1311309,19.794706131245174,19.421552433938498,19.553253738870264,1311309,0.0,1.0
2024-12-05 00:00:00,22.43,22.51,22.22,22.26,19.544473651874817,1554428,19.7639758267611,19.509353303893008,19.693735130797485,1554428,0.0,1.0
2024-12-06 00:00:00,22.38,22.4,21.875,21.94,19.26351086802037,1367489,19.66739486981113,19.206440302549932,19.64983469582023,1367489,0.0,1.0
2024-12-09 00:00:00,21.89,22.195,21.89,21.9,19.228390520038563,1340953,19.487403086404377,19.219610433043112,19.219610433043112,1340953,0.0,1.0
2024-12-10 00:00:00,21.89,22.08,21.6926,21.86,19.193270172056756,1503655,19.386432085956685,19.0462915157529,19.219610433043112,1503655,0.0,1.0
2024-12-11 00:00:00,21.87,21.87,21.225,21.29,18.692805213316028,2153161,19.20205025905221,18.635734647845595,19.20205025905221,2153161,0.0,1.0
2024-12-12 00:00:00,21.41,21.41,21.19,21.23,18.64012469134332,1453579,18.798166257261443,18.60500434336151,18.798166257261443,1453579,0.0,1.0
2024-12-13 00:00:00,21.2,21.42,20.955,21.21,18.622564517352416,2068197,18.806946344256897,18.398672298968403,18.613784430356965,2068197,0.0,1.0
2024-12-16 00:00:00,21.12,21.23,20.79,20.8,18.262580950538908,1491407,18.64012469134332,18.253800863543457,18.543543734393353,1491407,0.0,1.0
2024-12-17 00:00:00,20.73,21.206,20.68,20.92,18.36794199448433,1398489,18.619052482554235,18.157219906593493,18.20112034157075,1398489,0.0,1.0
2024-12-18 00:00:00,20.75,21.055,20.59,20.75,18.21868051556165,1695303,18.48647316892292,18.07819912363443,18.21868051556165,1695303,0.0,1.0
2024-12-19 00:00:00,20.68,20.84,20.51,20.63,18.113319471616233,1223881,18.29770129852071,18.00795842767082,18.157219906593493,1223881,0.0,1.0
2024-12-20 00:00:00,20.62,20.72,20.36,20.45,17.95527790569811,4503301,18.192340254575296,17.876257122739048,18.104539384620782,4503301,0.0,1.0
2024-12-23 00:00:00,20.45,20.53,20.21,20.4,17.91137747072085,1681690,18.025518601661723,17.744555817807278,17.95527790569811,1681690,0.0,1.0
2024-12-24 00:00:00,20.44,20.53,20.33,20.52,18.01673851466627,648251,18.025518601661723,17.849916861752693,17.94649781870266,648251,0.0,1.0
2024-12-26 00:00:00,20.42,20.73,20.38,20.56,18.051858862648075,1770943,18.20112034157075,17.89381729672995,17.928937644711755,1770943,0.0,1.0
2024-12-27 00:00:00,20.5,20.79,20.39,20.47,17.972838079689012,1129632,18.253800863543457,17.902597383725404,17.999178340675368,1129632,0.0,1.0
2024-12-30 00:00:00,20.46,20.58,20.2623,20.55,18.043078775652624,1694379,18.069419036638976,17.790475672793487,17.96405799269356,1694379,0.0,1.0
2024-12-31 00:00:00,20.53,20.69,20.44,20.66,18.13965973260259,1056337,18.165999993588944,17.94649781870266,18.025518601661723,1056337,0.0,1.0
2025-01-02 00:00:00,20.69,20.815,20.485,20.55,18.043078775652624,864894,18.275751081032087,17.986008210182188,18.165999993588944,864894,0.0,1.0
2025-01-03 00:00:00,20.59,20.915,20.46,20.78,18.245020776548007,1108783,18.3635519509866,17.96405799269356,18.07819912363443,1108783,0.0,1.0
2025-01-06 00:00:00,20.68,20.86,20.07,20.14,17.683095208839116,2002383,18.315261472511615,17.62163459987096,18.157219906593493,2002383,0.0,1.0
2025-01-07 00:00:00,20.15,20.315,20.01,20.1,17.647974860857314,2021180,17.836746731259517,17.56895407789825,17.691875295834567,2021180,0.0,1.0
2025-01-08 00:00:00,20.18,20.18,19.46,19.94,17.50749346893009,3438826,17.718215556820923,17.086049293148424,17.718215556820923,3438826,0.0,1.0
2025-01-10 00:00:00,19.74,19.8,18.98,19.0,16.682165291357656,3042512,17.38457225099377,16.664605117366754,17.33189172902106,3042512,0.0,1.0
2025-01-13 00:00:00,19.13,19.45,18.97,19.15,16.813866596289426,2295559,17.07726920615297,16.6558250303713,16.796306422298525,2295559,0.0,1.0
2025-01-14 00:00:00,19.15,19.435,19.145,19.28,16.9280077272303,1349146,17.06409907565979,16.8094765527917,16.813866596289426,1349146,0.0,1.0
2025-01-15 00:00:00,19.38,19.47,19.15,19.16,16.82264668328488,1225228,17.09482938014387,16.813866596289426,17.015808597184808,1225228,0.0,1.0
2025-01-16 00:00:00,18.99,19.24,18.9,19.24,16.89288737924849,2843619,16.89288737924849,16.594364421403142,16.673385204362205,2843619,0.0,1.0
2025-01-17 00:00:00,19.36,19.46,19.225,19.39,17.024588684180262,1528031,17.086049293148424,16.879717248755316,16.998248423193907,1528031,0.0,1.0
2025-01-21 00:00:00,19.4,19.88,19.4,19.8,17.38457225099377,2055445,17.45481294695738,17.033368771175713,17.033368771175713,2055445,0.0,1.0
2025-01-22 00:00:00,19.75,19.93,19.58,19.89,17.463593033952833,2116630,17.498713381934635,17.191410337093835,17.340671816016513,2116630,0.0,1.0
2025-01-23 00:00:00,19.62,19.89,19.41,19.89,17.463593033952833,2208173,17.463593033952833,17.042148858171164,17.226530685075645,2208173,0.0,1.0
2025-01-24 00:00:00,19.89,19.99,19.67,19.99,17.551393903907343,1698142,17.551393903907343,17.2704311200529,17.463593033952833,1698142,0.0,1.0
2025-01-27 00:00:00,20.22,20.515,20.09,20.1,17.647974860857314,2958708,18.012348471168544,17.63919477386186,17.753335904802725,2958708,0.0,1.0
2025-01-28 00:00:00,19.98,20.11,19.45,19.56,17.173850163102934,1779169,17.65675494785276,17.07726920615297,17.542613816911896,1779169,0.0,1.0
2025-01-29 00:00:00,19.59,19.61,19.36,19.56,17.173850163102934,1644421,17.21775059808019,16.998248423193907,17.20019042408929,1644421,0.0,1.0
2025-01-30 00:00:00,19.71,19.765,19.525,19.73,17.32311164202561,1664868,17.35384194650969,17.143119858618853,17.305551468034707,1664868,0.0,1.0
2025-01-31 00:00:00,19.57,19.7,19.42,19.55,17.165070076107483,2231293,17.296771381039253,17.050928945166618,17.182630250098388,2231293,0.0,1.0
2025-02-03 00:00:00,19.38,19.72,19.15,19.55,17.165070076107483,1620558,17.314331555030158,16.813866596289426,17.015808597184808,1620558,0.0,1.0
2025-02-04 00:00:00,19.46,19.485,19.2,19.36,16.998248423193907,2584159,17.10799951063705,16.857767031266686,17.086049293148424,2584159,0.0,1.0
2025-02-05 00:00:00,19.36,19.48,19.17,19.48,17.103609467139325,1752776,17.103609467139325,16.83142677028033,16.998248423193907,1752776,0.0,1.0
2025-02-06 00:00:00,19.73,19.73,19.29,19.34,16.980688249203006,2688956,17.32311164202561,16.936787814225745,17.32311164202561,2688956,0.0,1.0
2025-02-07 00:00:00,20.21,20.25,18.85,19.09,16.76118607431672,4011243,17.77967616578908,16.55046398642589,17.744555817807278,4011243,0.0,1.0
2025-02-10 00:00:00,19.07,19.21,18.4002,18.46,16.208040593603283,3066462,16.866547118262137,16.155535673370483,16.743625900325817,3066462,0.0,1.0
2025-02-11 00:00:00,18.46,18.78,18.36,18.73,16.44510294248047,2229703,16.489003377457728,16.120239723648766,16.208040593603283,2229703,0.0,1.0
2025-02-12 00:00:00,18.4,18.65,18.38,18.42,16.172920245621476,1719428,16.374862246516855,16.13779989763967,16.15536007163057,1719428,0.0,1.0
2025-02-13 00:00:00,18.42,18.805,18.34,18.79,16.49778346445318,1613724,16.510953594946354,16.102679549657864,16.172920245621476,1613724,0.0,1.0
2025-02-14 00:00:00,18.87,19.09,18.49,18.51,16.25194102858054,1431826,16.76118607431672,16.234380854589634,16.56802416041679,1431826,0.0,1.0
2025-02-18 00:00:00,18.46,18.46,17.985,18.35,16.11145963665332,1656540,16.208040593603283,15.79098646131934,16.208040593603283,1656540,0.0,1.0
2025-02-19 00:00:00,18.35,18.95,18.35,18.87,16.56802416041679,1597536,16.6382648563804,16.11145963665332,16.11145963665332,1597536,0.0,1.0
2025-02-20 00:00:00,18.72,19.17,18.66,19.07,16.743625900325817,1990563,16.83142677028033,16.38364233351231,16.436322855485017,1990563,0.0,1.0
2025-02-21 00:00:00,19.12,19.595,19.12,19.4,17.033368771175713,1978492,17.204580467587014,16.787526335303074,16.787526335303074,1978492,0.0,1.0
2025-02-24 00:00:00,19.41,19.745,19.275,19.36,16.998248423193907,1492801,17.336281772518788,16.92361768373257,17.042148858171164,1492801,0.0,1.0
2025-02-25 00:00:00,19.38,19.76,19.315,19.33,16.97190816220755,1714446,17.349451903011964,16.95873803171438,17.015808597184808,1714446,0.0,1.0
2025-02-26 00:00:00,19.33,19.34,18.825,18.93,16.620704682389498,1697569,16.980688249203006,16.528513768937255,16.97190816220755,1697569,0.0,1.0
2025-02-27 00:00:00,18.83,18.89,18.59,18.86,16.559244073421336,1762105,16.58558433440769,16.32218172454415,16.53290381243498,1762105,0.0,1.0
2025-02-28 00:00:00,18.8,18.94,18.59,18.74,16.664605117366754,2253250,16.842455758960853,16.531217136171183,16.717960309844983,2253250,0.24,1.0
2025-03-03 00:00:00,18.71,19.025,18.5691,19.0,16.895810951439078,1707653,16.91804228163834,16.512631744124597,16.63792752112764,1707653,0.0,1.0
2025-03-04 00:00:00,19.1,19.2555,18.51,18.53,16.477861943692954,2362135,17.123015146075538,16.460076879533545,16.984736272236127,2362135,0.0,1.0
2025-03-05 00:00:00,18.48,18.71,18.36,18.46,16.415614219135023,2188722,16.63792752112764,16.326688898337974,16.43339928329443,2188722,0.0,1.0
2025-03-06 00:00:00,18.52,18.65,18.225,18.64,16.57567979656971,2649687,16.58457232864941,16.20663971526196,16.468969411613248,2649687,0.0,1.0
2025-03-07 00:00:00,18.6,19.84,18.57,19.4,17.25151223462727,2737557,17.64278364613428,16.513432072011774,16.54010966825089,2737557,0.0,1.0
2025-03-10 00:00:00,19.61,20.23,19.56,19.62,17.447147940380777,2792296,17.989592397242767,17.393792747902545,17.43825540830107,2792296,0.0,1.0
2025-03-11 00:00:00,19.52,19.62,18.88,18.89,16.797993098562326,2142340,17.447147940380777,16.78910056648262,17.358222619583728,2142340,0.0,1.0
2025-03-12 00:00:00,18.65,18.86,18.305,18.44,16.39782915497561,2200059,16.771315502323212,16.277779971899598,16.58457232864941,2200059,0.0,1.0
2025-03-13 00:00:00,18.52,18.75,18.31,18.53,16.477861943692954,1936402,16.67349764944646,16.282226237939447,16.468969411613248,1936402,0.0,1.0
2025-03-14 00:00:00,18.36,18.54,18.25,18.41,16.371151558736496,1330610,16.48675447577266,16.228871045461222,16.326688898337974,1330610,0.0,1.0
2025-03-17 00:00:00,18.52,18.855,18.45,18.78,16.700175245685575,1287643,16.76686923628336,16.406721687055317,16.468969411613248,1287643,0.0,1.0
2025-03-18 00:00:00,18.74,18.91,18.59,18.61,16.54900220033059,1306283,16.815778162721735,16.531217136171183,16.664605117366754,1306283,0.0,1.0
2025-03-19 00:00:00,18.4,18.54,18.29,18.45,16.406721687055317,1960893,16.48675447577266,16.26444117378004,16.36225902665679,1960893,0.0,1.0
2025-03-20 00:00:00,18.44,18.4789,18.075,18.16,16.14883825674388,2455532,16.432421104765663,16.073251734066385,16.39782915497561,2455532,0.0,1.0
2025-03-21 00:00:00,18.06,18.335,18.02,18.16,16.14883825674388,16492815,16.304457568138712,16.02434280762801,16.05991293594683,16492815,0.0,1.0
2025-03-24 00:00:00,18.08,18.42,17.99,18.19,16.175515852982993,1582920,16.380044090816202,15.997665211388895,16.07769800010624,1582920,0.0,1.0
2025-03-25 00:00:00,18.25,18.25,17.95,18.05,16.051020403867124,1283994,16.228871045461222,15.962095083070077,16.228871045461222,1283994,0.0,1.0
2025-03-26 00:00:00,18.08,18.58,18.0601,18.49,16.442291815374134,1319562,16.522324604091477,16.060001861267626,16.07769800010624,1319562,0.0,1.0
2025-03-27 00:00:00,18.64,18.87,18.54,18.84,16.753530438163803,1040332,16.780208034402918,16.48675447577266,16.57567979656971,1040332,0.0,1.0
2025-03-28 00:00:00,18.91,18.98,18.77,18.88,16.78910056648262,998261,16.87802588727967,16.69128271360587,16.815778162721735,998261,0.0,1.0
2025-03-31 00:00:00,18.98,19.285,18.98,19.01,16.904703483518784,1695901,17.149248115710666,16.87802588727967,16.87802588727967,1695901,0.0,1.0
2025-04-01 00:00:00,19.1,19.2,18.77,18.94,16.842455758960853,1773349,17.073661593033172,16.69128271360587,16.984736272236127,1773349,0.0,1.0
2025-04-02 00:00:00,18.97,18.995,18.665,18.96,16.86024082312026,1878355,16.89136468539923,16.597911126768967,16.869133355199963,1878355,0.0,1.0
2025-04-03 00:00:00,19.08,20.23,18.745,19.21,17.082554125112882,3735053,17.989592397242767,16.669051383406607,16.966951208076715,3735053,0.0,1.0
2025-04-04 00:00:00,19.14,19.39,18.8,18.82,16.73574537400439,2961936,17.242619702547564,16.717960309844983,17.020306400554947,2961936,0.0,1.0
2025-04-07 00:00:00,18.32,18.86,18.215,18.32,16.291118770019153,2594379,16.771315502323212,16.197747183182255,16.291118770019153,2594379,0.0,1.0
2025-04-08 00:00:00,18.52,18.525,17.55,17.65,15.695319120678931,2124561,16.4734156776531,15.606393799881888,16.468969411613248,2124561,0.0,1.0
2025-04-09 00:00:00,17.46,18.48,17.33,18.32,16.291118770019153,2643668,16.43339928329443,15.41075809412838,15.526361011164544,2643668,0.0,1.0
2025-04-10 00:00:00,18.37,18.545,17.93,18.2,16.184408385062696,1866639,16.491200741812513,15.944310018910668,16.33558143041768,1866639,0.0,1.0
2025-04-11 00:00:00,18.27,18.62,18.115,18.48,16.43339928329443,1464051,16.557894732410297,16.108821862385206,16.24665610962063,1464051,0.0,1.0
2025-04-14 00:00:00,18.55,18.825,18.42,18.7,16.629034989047934,1587908,16.740191640044245,16.380044090816202,16.495647007852366,1587908,0.0,1.0
2025-04-15 00:00:00,18.66,18.66,18.065,18.3,16.273333705859745,1610621,16.593464860729117,16.064359201986683,16.593464860729117,1610621,0.0,1.0
2025-04-16 00:00:00,18.39,18.48,17.9,17.97,15.979880147229483,1634520,16.43339928329443,15.917632422671552,16.353366494577088,1634520,0.0,1.0
2025-04-17 00:00:00,17.98,18.305,17.98,18.26,16.237763577540928,1185520,16.277779971899598,15.988772679309193,15.988772679309193,1185520,0.0,1.0
2025-04-21 00:00:00,18.19,18.27,17.9,18.21,16.193300917142402,2083267,16.24665610962063,15.917632422671552,16.175515852982993,2083267,0.0,1.0
2025-04-22 00:00:00,18.27,18.48,18.185,18.41,16.371151558736496,1075188,16.43339928329443,16.171069586943137,16.24665610962063,1075188,0.0,1.0
2025-04-23 00:00:00,18.44,18.5348,18.12,18.29,16.26444117378004,1285464,16.48213035909121,16.11326812842506,16.39782915497561,1285464,0.0,1.0
2025-04-24 00:00:00,18.22,18.23,17.895,17.99,15.997665211388895,1157019,16.21108598130181,15.9131861566317,16.202193449222104,1157019,0.0,1.0
2025-04-25 00:00:00,18.0,18.05,17.675,17.85,15.873169762273031,1307386,16.051020403867124,15.717550450878196,16.0065577434686,1307386,0.0,1.0
2025-04-28 00:00:00,17.85,17.98,17.555,17.66,15.70421165275864,1468975,15.988772679309193,15.61084006592174,15.873169762273031,1468975,0.0,1.0
2025-04-29 00:00:00,17.64,17.64,17.39,17.6,15.650856460280412,3052292,15.686426588599227,15.46411328660661,15.686426588599227,3052292,0.0,1.0
2025-04-30 00:00:00,17.7,17.88,17.36,17.59,15.641963928200704,2129044,15.899847358512142,15.437435690367495,15.739781781077458,2129044,0.0,1.0
2025-05-01 00:00:00,17.42,17.53,17.205,17.25,15.339617837490742,2375628,15.588608735722476,15.29960144313207,15.490790882845726,2375628,0.0,1.0
2025-05-02 00:00:00,17.36,17.58,17.27,17.53,15.588608735722476,1742502,15.633071396120998,15.357402901650152,15.437435690367495,1742502,0.0,1.0
2025-05-05 00:00:00,17.5,17.52,17.28,17.44,15.508575947005134,1391001,15.579716203642771,15.366295433729858,15.561931139483365,1391001,0.0,1.0
2025-05-06 00:00:00,17.35,17.455,17.1681,17.41,15.48189835076602,1950325,15.52191474512469,15.26678799975796,15.428543158287791,1950325,0.0,1.0
2025-05-07 00:00:00,17.42,17.44,17.205,17.38,15.455220754526904,1937810,15.508575947005134,15.29960144313207,15.490790882845726,1937810,0.0,1.0
2025-05-08 00:00:00,17.42,17.675,17.38,17.59,15.641963928200704,1303184,15.717550450878196,15.455220754526904,15.490790882845726,1303184,0.0,1.0
2025-05-09 00:00:00,17.54,17.62,17.2,17.21,15.304047709171924,1867157,15.66864152443982,15.295155177092218,15.59750126780218,1867157,0.0,1.0
2025-05-12 00:00:00,17.3,17.65,17.285,17.6,15.650856460280412,2412310,15.695319120678931,15.37074169976971,15.384080497889268,2412310,0.0,1.0
2025-05-13 00:00:00,17.56,17.62,17.25,17.34,15.419650626208083,4958247,15.66864152443982,15.339617837490742,15.61528633196159,4958247,0.0,1.0
2025-05-14 00:00:00,17.21,17.32,16.81,16.87,15.00170161846196,3250886,15.401865562048677,14.94834642598373,15.304047709171924,3250886,0.0,1.0
2025-05-15 00:00:00,16.94,17.12,16.885,17.07,15.179552260056058,4444070,15.224014920454582,15.01504041658152,15.063949343019896,4444070,0.0,1.0
2025-05-16 00:00:00,16.63,17.32,16.43,17.31,15.39297302996897,5244208,15.401865562048677,14.61043020695495,14.788280848549046,5244208,0.0,1.0
2025-05-19 00:00:00,17.22,17.29,16.945,17.14,15.24179998461399,3442894,15.37518796580956,15.068395609059747,15.312940241251628,3442894,0.0,1.0
2025-05-20 00:00:00,17.22,17.25,16.98,17.14,15.24179998461399,3052252,15.339617837490742,15.099519471338716,15.312940241251628,3052252,0.0,1.0
2025-05-21 00:00:00,17.14,17.14,16.48,16.5,14.672677931512885,2628699,15.24179998461399,14.654892867353476,15.24179998461399,2628699,0.0,1.0
2025-05-22 00:00:00,16.44,16.685,16.3817,16.59,14.752710720230228,3146556,14.837189774987422,14.567479277009976,14.619322739034656,3146556,0.0,1.0
2025-05-23 00:00:00,16.52,16.56,16.285,16.48,14.654892867353476,2908966,14.726033123991112,14.481488491799231,14.690462995672291,2908966,0.0,1.0
2025-05-27 00:00:00,16.61,17.13,16.48,17.01,15.126197067577827,3081765,15.232907452534285,14.654892867353476,14.770495784389636,3081765,0.0,1.0
2025-05-28 00:00:00,17.05,17.24,16.955,17.02,15.135089599657531,2755651,15.330725305411036,15.07728814113945,15.161767195896648,2755651,0.0,1.0
2025-05-29 00:00:00,17.01,17.09,16.825,17.0,15.117304535498125,3964375,15.197337324215466,14.96168522410329,15.126197067577827,3964375,0.0,1.0
2025-05-30 00:00:00,17.0,17.06,16.855,16.9,15.028379214701074,4067417,15.17065972797635,14.988362820342404,15.117304535498125,4067417,0.0,1.0
2025-06-02 00:00:00,16.77,16.84,16.43,16.62,14.779388316469342,3407296,14.975024022222849,14.61043020695495,14.912776297664912,3407296,0.0,1.0
2025-06-03 00:00:00,16.57,16.82,16.33,16.74,14.886098701425798,2186989,14.957238958063437,14.5215048861579,14.734925656070818,2186989,0.0,1.0
2025-06-04 00:00:00,16.74,16.87,16.63,16.63,14.788280848549046,4352113,15.00170161846196,14.788280848549046,14.886098701425798,4352113,0.0,1.0
2025-06-05 00:00:00,16.39,16.48,16.3,16.46,14.85719797216676,2966103,14.875250460589806,14.712778064782391,14.7940142626861,2966103,0.2475,1.0
2025-06-06 00:00:00,16.62,16.805,16.5,16.71,15.082854077454831,2201058,15.1686033974643,14.89330294901285,15.001617879551128,2201058,0.0,1.0
2025-06-09 00:00:00,16.72,16.935,16.65,16.76,15.12798529851245,3840731,15.285944572214095,15.028696612185694,15.091880321666354,3840731,0.0,1.0
2025-06-10 00:00:00,16.77,16.955,16.6,16.79,15.155064031147017,2461730,15.303997060637142,14.983565391128082,15.13701154272397,2461730,0.0,1.0
2025-06-11 00:00:00,16.81,16.84,16.28,16.32,14.730830553205438,2385583,15.200195252204631,14.694725576359348,15.17311651957006,2385583,0.0,1.0
2025-06-12 00:00:00,16.26,16.36,16.02,16.36,14.76693553005153,2119754,14.76693553005153,14.46004322685975,14.6766730879363,2119754,0.0,1.0
2025-06-13 00:00:00,16.22,16.405,15.955,15.97,14.414912005802137,2562007,14.807553629003383,14.401372639484851,14.640568111090207,2562007,0.0,1.0
2025-06-16 00:00:00,16.18,16.24,15.835,16.02,14.46004322685975,2614108,14.658620599513252,14.293057708946575,14.604463134244115,2614108,0.0,1.0
2025-06-17 00:00:00,15.94,16.13,15.85,15.86,14.315623319475382,2059912,14.5593319131865,14.30659707526386,14.387833273167566,2059912,0.0,1.0
2025-06-18 00:00:00,15.85,16.07,15.74,15.89,14.342702052109953,2843403,14.505174447917364,14.207308388937108,14.30659707526386,2843403,0.0,1.0
2025-06-20 00:00:00,15.93,16.1,15.79,15.87,14.324649563686904,3660779,14.532253180551937,14.252439609994722,14.378807028956045,3660779,0.0,1.0
2025-06-23 00:00:00,15.88,16.22,15.825,16.19,14.61348937845564,3164972,14.640568111090207,14.284031464735053,14.333675807898429,3164972,0.0,1.0
2025-06-24 00:00:00,16.2,16.285,16.14,16.15,14.577384401609546,2223828,14.699238698465107,14.568358157398023,14.622515622667162,2223828,0.0,1.0
2025-06-25 00:00:00,16.0,16.075,15.83,15.91,14.360754540532998,2626996,14.509687570023123,14.288544586840814,14.441990738436704,2626996,0.0,1.0
2025-06-26 00:00:00,16.04,16.24,15.935,16.03,14.469069471071274,2412350,14.658620599513252,14.383320151061806,14.478095715282794,2412350,0.0,1.0
2025-06-27 00:00:00,16.09,16.155,15.9,15.97,14.414912005802137,3819317,14.58189752371531,14.351728296321475,14.52322693634041,3819317,0.0,1.0
2025-06-30 00:00:00,15.95,16.06,15.77,15.98,14.423938250013656,3107238,14.49614820370584,14.234387121571675,14.396859517379088,3107238,0.0,1.0
2025-07-01 00:00:00,15.97,16.67,15.92,16.22,14.640568111090207,4426275,15.046749100608745,14.36978078474452,14.414912005802137,4426275,0.0,1.0
2025-07-02 00:00:00,16.27,16.405,16.09,16.36,14.76693553005153,2476057,14.807553629003383,14.52322693634041,14.685699332147824,2476057,0.0,1.0
2025-07-03 00:00:00,16.43,16.43,16.065,16.1,14.532253180551937,1678920,14.83011923953219,14.500661325811604,14.83011923953219,1678920,0.0,1.0
2025-07-07 00:00:00,16.03,16.0541,15.65,15.7,14.171203412091016,2755605,14.490822719621042,14.1260721910334,14.469069471071274,2755605,0.0,1.0
2025-07-08 00:00:00,15.65,16.01,15.58,15.76,14.225360877360153,3347821,14.451016982648229,14.06288848155274,14.1260721910334,3347821,0.0,1.0
2025-07-09 00:00:00,15.81,15.85,15.515,15.65,14.1260721910334,2306583,14.30659707526386,14.004217894177842,14.270492098417767,2306583,0.0,1.0
2025-07-10 00:00:00,15.61,16.03,15.46,15.83,14.288544586840814,2679711,14.469069471071274,13.954573551014466,14.08996721418731,2679711,0.0,1.0
2025-07-11 00:00:00,15.83,15.83,15.515,15.77,14.234387121571675,2883271,14.288544586840814,14.004217894177842,14.288544586840814,2883271,0.0,1.0
2025-07-14 00:00:00,15.73,15.8,15.56,15.63,14.108019702610356,2999407,14.261465854206246,14.044835993129697,14.198282144725583,2999407,0.0,1.0
2025-07-15 00:00:00,15.64,15.79,15.37,15.37,13.873337353110758,3306286,14.252439609994722,13.873337353110758,14.11704594682188,3306286,0.0,1.0
2025-07-16 00:00:00,15.37,15.625,15.37,15.58,14.06288848155274,2559617,14.103506580504591,13.873337353110758,13.873337353110758,2559617,0.0,1.0
2025-07-17 00:00:00,15.59,15.775,15.44,15.54,14.026783504706648,2811775,14.238900243677438,13.93652106259142,14.071914725764262,2811775,0.0,1.0
2025-07-18 00:00:00,15.59,15.65,15.31,15.42,13.918468574168374,2127451,14.1260721910334,13.81917988784162,14.071914725764262,2127451,0.0,1.0
2025-07-21 00:00:00,15.49,15.55,15.27,15.33,13.837232376264668,2135800,14.035809748918172,13.783074910995529,13.981652283649034,2135800,0.0,1.0
2025-07-22 00:00:00,15.33,16.03,15.33,16.03,14.469069471071274,2463135,14.469069471071274,13.837232376264668,13.837232376264668,2463135,0.0,1.0
2025-07-23 00:00:00,16.21,16.495,16.14,16.43,14.83011923953219,3152820,14.88878982690709,14.568358157398023,14.631541866878688,3152820,0.0,1.0
2025-07-24 00:00:00,16.32,16.49,16.15,16.19,14.61348937845564,1858177,14.884276704801326,14.577384401609546,14.730830553205438,1858177,0.0,1.0
2025-07-25 00:00:00,16.25,16.305,16.1,16.26,14.6766730879363,2147407,14.717291186888152,14.532253180551937,14.667646843724777,2147407,0.0,1.0
2025-07-28 00:00:00,16.2,16.34,16.01,16.26,14.6766730879363,2568980,14.748883041628485,14.451016982648229,14.622515622667162,2568980,0.0,1.0
2025-07-29 00:00:00,16.21,16.48,16.21,16.46,14.85719797216676,2275521,14.875250460589806,14.631541866878688,14.631541866878688,2275521,0.0,1.0
2025-07-30 00:00:00,16.49,16.5524,15.86,15.93,14.378807028956045,2107563,14.94060046868123,14.315623319475382,14.884276704801326,2107563,0.0,1.0
2025-07-31 00:00:00,15.78,16.095,15.62,15.85,14.30659707526386,2634919,14.52774005844617,14.098993458398832,14.243413365783198,2634919,0.0,1.0
2025-08-01 00:00:00,15.95,16.07,15.7,15.84,14.297570831052337,1903324,14.505174447917364,14.171203412091016,14.396859517379088,1903324,0.0,1.0
2025-08-04 00:00:00,15.86,16.135,15.82,16.1,14.532253180551937,2644844,14.563845035292266,14.279518342629292,14.315623319475382,2644844,0.0,1.0
2025-08-05 00:00:00,16.11,16.28,15.97,16.09,14.52322693634041,2023642,14.694725576359348,14.414912005802137,14.541279424763456,2023642,0.0,1.0
2025-08-06 00:00:00,16.09,16.15,15.91,15.97,14.414912005802137,1966232,14.577384401609546,14.360754540532998,14.52322693634041,1966232,0.0,1.0
2025-08-07 00:00:00,15.96,16.28,15.935,16.26,14.6766730879363,1678889,14.694725576359348,14.383320151061806,14.405885761590612,1678889,0.0,1.0
2025-08-08 00:00:00,16.23,16.42,16.21,16.35,14.757909285840007,1775141,14.821092995320669,14.631541866878688,14.649594355301732,1775141,0.0,1.0
2025-08-11 00:00:00,16.44,16.535,16.11,16.19,14.61348937845564,3013919,14.92489480375318,14.541279424763456,14.839145483743714,3013919,0.0,1.0
2025-08-12 00:00:00,16.19,16.54,16.15,16.46,14.85719797216676,3112131,14.929407925858944,14.577384401609546,14.61348937845564,3112131,0.0,1.0
2025-08-13 00:00:00,16.38,16.85,16.1822,16.76,15.12798529851245,2496357,15.209221496416156,14.606448907970654,14.784988018474577,2496357,0.0,1.0
2025-08-14 00:00:00,16.61,16.63,16.4,16.58,14.965512902705033,3189465,15.010644123762647,14.80304050689762,14.992591635339602,3189465,0.0,1.0
2025-08-15 00:00:00,15.82,16.19,15.6,15.69,14.162177167879491,5478130,14.61348937845564,14.080940969975789,14.279518342629292,5478130,0.0,1.0
2025-08-18 00:00:00,15.55,15.82,15.45,15.77,14.234387121571675,4058789,14.279518342629292,13.945547306802942,14.035809748918172,4058789,0.0,1.0
2025-08-19 00:00:00,15.83,15.995,15.72,15.72,14.189255900514064,2923804,14.43747761633094,14.189255900514064,14.288544586840814,2923804,0.0,1.0
2025-08-20 00:00:00,15.87,16.07,15.71,15.71,14.18022965630254,2697013,14.505174447917364,14.18022965630254,14.324649563686904,2697013,0.0,1.0
2025-08-21 00:00:00,15.58,15.725,15.43,15.49,13.981652283649034,2675277,14.193769022619822,13.927494818379897,14.06288848155274,2675277,0.0,1.0
2025-08-22 00:00:00,15.62,15.98,15.6,15.84,14.297570831052337,3895986,14.423938250013656,14.080940969975789,14.098993458398832,3895986,0.0,1.0
2025-08-25 00:00:00,15.76,15.87,15.28,15.29,13.801127399418574,2794382,14.324649563686904,13.792101155207051,14.225360877360153,2794382,0.0,1.0
2025-08-26 00:00:00,15.28,15.32,14.83,14.84,13.394946409900042,5131758,13.828206132053143,13.38592016568852,13.792101155207051,5131758,0.0,1.0
2025-08-27 00:00:00,14.82,15.115,14.75,15.08,13.611576270976594,3385293,13.643168125716924,13.313710211996336,13.376893921476997,3385293,0.0,1.0
2025-08-28 00:00:00,15.09,15.09,14.74,14.91,13.458130119380703,2513365,13.620602515188116,13.304683967784811,13.620602515188116,2513365,0.0,1.0
2025-08-29 00:00:00,14.95,15.14,14.905,15.04,13.575471294130502,2272721,13.665733736245732,13.453616997274942,13.494235096226795,2272721,0.0,1.0
2025-09-02 00:00:00,15.0,15.08,14.68,14.84,13.394946409900042,4564646,13.611576270976594,13.250526502515676,13.53936631728441,4564646,0.0,1.0
2025-09-03 00:00:00,14.78,14.98,14.62,14.64,13.214421525669584,2587062,13.521313828861365,13.196369037246535,13.340788944630903,2587062,0.0,1.0
2025-09-04 00:00:00,14.73,14.82,14.54,14.63,13.205395281458062,4195335,13.376893921476997,13.124159083554352,13.29565772357329,4195335,0.0,1.0
2025-09-05 00:00:00,14.43,14.85,14.4151,14.81,13.591267221500669,4522823,13.627975573213025,13.22886401922041,13.242537880233265,4522823,0.2475,1.0
2025-09-08 00:00:00,14.67,14.93,14.49,14.91,13.683038100781562,5734409,13.701392276637742,13.2976004078018,13.462787990507412,5734409,0.0,1.0
2025-09-09 00:00:00,14.85,15.02,14.75,14.8,13.582090133572578,3698994,13.783986067990549,13.53620469393213,13.627975573213025,3698994,0.0,1.0
2025-09-10 00:00:00,14.66,14.715,14.26,14.28,13.10488156131192,3526039,13.504084886183817,13.08652738545574,13.453610902579324,3526039,0.0,1.0
2025-09-11 00:00:00,14.3,14.41,14.2,14.27,13.09570447338383,3689208,13.224183704377085,13.031464857887205,13.123235737168098,3689208,0.0,1.0
2025-09-12 00:00:00,14.2,14.2,13.75,13.75,12.618495901123172,5500680,13.031464857887205,12.618495901123172,13.031464857887205,5500680,0.0,1.0
2025-09-15 00:00:00,13.76,13.83,13.45,13.48,12.370714527064754,6736117,12.691912604547888,12.343183263280483,12.62767298905126,6736117,0.0,1.0
2025-09-16 00:00:00,13.51,13.725,13.43,13.69,12.563433373554634,10015433,12.595553181302948,12.324829087424304,12.39824579084902,10015433,0.0,1.0
2025-09-17 00:00:00,13.72,13.79,13.32,13.37,12.269766559855768,4061294,12.65520425283553,12.22388112021532,12.590964637338905,4061294,0.0,1.0
2025-09-18 00:00:00,13.33,13.41,13.19,13.3,12.20552694435914,4623412,12.306474911568126,12.104578977150156,12.23305820814341,4623412,0.0,1.0
2025-09-19 00:00:00,13.37,13.47,13.09,13.1,12.021985185797348,10794182,12.361537439136663,12.01280809786926,12.269766559855768,10794182,0.0,1.0
2025-09-22 00:00:00,13.11,13.1925,13.03,13.13,12.04951644958162,3908760,12.106873249132178,11.95774557030072,12.03116227372544,3908760,0.0,1.0
2025-09-23 00:00:00,13.15,13.25,13.005,13.08,12.00363100994117,3108984,12.159641504718692,11.934802850480498,12.067870625437797,3108984,0.0,1.0
2025-09-24 00:00:00,12.99,13.17,12.97,13.05,11.9760997461569,3201176,12.086224801293977,11.902683042732184,11.921037218588364,3201176,0.0,1.0
2025-09-25 00:00:00,13.11,13.114,12.695,12.76,11.709964196242304,5494755,12.034833108896676,11.65031312470972,12.03116227372544,5494755,0.0,1.0
2025-09-26 00:00:00,12.78,12.94,12.71,12.76,11.709964196242304,4247885,11.875151778947917,11.664078756601857,11.728318372098482,4247885,0.0,1.0
2025-09-29 00:00:00,12.81,12.81,12.42,12.68,11.636547492817586,6718663,11.755849635882752,11.397943206687255,11.755849635882752,6718663,0.0,1.0
2025-09-30 00:00:00,12.68,13.09,12.68,13.05,11.9760997461569,3858670,12.01280809786926,11.636547492817586,11.636547492817586,3858670,0.0,1.0
2025-10-01 00:00:00,13.13,13.22,12.91,13.09,12.01280809786926,2930242,12.132110240934423,11.847620515163648,12.04951644958162,2930242,0.0,1.0
2025-10-02 00:00:00,13.0,13.075,12.845,13.01,11.939391394444543,2263633,11.999042465977125,11.787969443631065,11.930214306516453,2263633,0.0,1.0
2025-10-03 00:00:00,13.01,13.28,13.01,13.16,12.077047713365886,2779571,12.18717276850296,11.939391394444543,11.939391394444543,2779571,0.0,1.0
2025-10-06 00:00:00,13.12,13.125,12.775,12.79,11.73749546002657,3707414,12.044927905617572,11.723729828134438,12.040339361653528,3707414,0.0,1.0
2025-10-07 00:00:00,12.79,12.8782,12.615,12.77,11.719141284170393,3251734,11.81843737555232,11.576896421285005,11.73749546002657,3251734,0.0,1.0
2025-10-08 00:00:00,12.76,12.78,12.53,12.6,11.56313078939287,3437341,11.728318372098482,11.498891173896242,11.709964196242304,3437341,0.0,1.0
2025-10-09 00:00:00,12.605,12.635,12.48,12.52,11.489714085968153,2771606,11.595250597141185,11.453005734255797,11.567719333356916,2771606,0.0,1.0
2025-10-10 00:00:00,12.54,12.805,12.54,12.6,11.56313078939287,2642470,11.751261091918709,11.508068261824333,11.508068261824333,2642470,0.0,1.0
2025-10-13 00:00:00,12.66,12.85,12.475,12.51,11.480536998040064,2825580,11.792557987595108,11.44841719029175,11.618193316961408,2825580,0.0,1.0
2025-10-14 00:00:00,12.47,12.72,12.45,12.68,11.636547492817586,2097079,11.673255844529946,11.425474470471526,11.443828646327706,2097079,0.0,1.0
2025-10-15 00:00:00,12.66,12.7764,12.57,12.57,11.5355995256086,3079921,11.725014620444371,11.5355995256086,11.618193316961408,3079921,0.0,1.0
2025-10-16 00:00:00,12.62,12.82,12.57,12.6,11.56313078939287,2794221,11.76502672381084,11.5355995256086,11.581484965249048,2794221,0.0,1.0
2025-10-17 00:00:00,12.67,12.8,12.62,12.76,11.709964196242304,2295909,11.74667254795466,11.581484965249048,11.627370404889495,2295909,0.0,1.0
2025-10-20 00:00:00,12.76,12.87,12.735,12.75,11.700787108314216,2177930,11.810912163451288,11.687021476422078,11.709964196242304,2177930,0.0,1.0
2025-10-21 00:00:00,12.83,12.87,12.725,12.73,11.682432932458036,2418061,11.810912163451288,11.67784438849399,11.77420381173893,2418061,0.0,1.0
2025-10-22 00:00:00,12.76,13.1083,12.738,12.9,11.838443427235555,3029977,12.029602168777664,11.689774602800506,11.709964196242304,3029977,0.0,1.0
2025-10-23 00:00:00,12.9,12.9,12.53,12.56,11.526422437680512,2637429,11.838443427235555,11.498891173896242,11.838443427235555,2637429,0.0,1.0
2025-10-24 00:00:00,12.65,12.67,12.47,12.54,11.508068261824333,3157073,11.627370404889495,11.443828646327706,11.60901622903332,3157073,0.0,1.0
2025-10-27 00:00:00,12.56,12.865,12.47,12.85,11.792557987595108,3827216,11.806323619487245,11.443828646327706,11.526422437680512,3827216,0.0,1.0
2025-10-28 00:00:00,12.78,12.79,12.54,12.57,11.5355995256086,3558386,11.73749546002657,11.508068261824333,11.728318372098482,3558386,0.0,1.0
2025-10-29 00:00:00,12.49,12.52,12.11,12.16,11.159338920556928,3533151,11.489714085968153,11.11345348091648,11.462182822183884,3533151,0.0,1.0
2025-10-30 00:00:00,12.11,12.245,12.04,12.08,11.085922217132213,4075043,11.23734416794569,11.049213865419851,11.11345348091648,4075043,0.0,1.0
2025-10-31 00:00:00,12.0,12.06,11.89,11.93,10.948265898210868,4964174,11.067568041276033,10.91155754649851,11.012505513707495,4964174,0.0,1.0
2025-11-03 00:00:00,11.87,11.915,11.6505,11.88,10.902380458570422,4050582,10.934500266318732,10.691766290620764,10.89320337064233,4050582,0.0,1.0
2025-11-04 00:00:00,11.93,12.049,11.8101,12.03,11.040036777491764,3576775,11.057473244555135,10.838232613953076,10.948265898210868,3576775,0.0,1.0
2025-11-05 00:00:00,12.02,12.125,11.93,12.1,11.10427639298839,2803040,11.127219112808614,10.948265898210868,11.030859689563671,2803040,0.0,1.0
2025-11-06 00:00:00,12.09,12.205,11.61,11.65,10.69130743622436,6250119,11.200635816233332,10.654599084512002,11.095099305060302,6250119,0.0,1.0
2025-11-07 00:00:00,11.905,12.18,11.4501,11.87,10.89320337064233,6726645,11.177693096413108,10.50785744854185,10.925323178390643,6726645,0.0,1.0
2025-11-10 00:00:00,11.82,12.02,11.35,11.37,10.434348974237851,5613441,11.030859689563671,10.415994798381671,10.847317931001884,5613441,0.0,1.0
2025-11-11 00:00:00,11.49,11.71,11.33,11.59,10.636244908655822,6179595,10.746369963792898,10.397640622525492,10.544474029374928,6179595,0.0,1.0
2025-11-12 00:00:00,11.64,11.6725,11.48,11.51,10.562828205231106,3557903,10.71195588406256,10.535296941446838,10.68213034829627,3557903,0.0,1.0
2025-11-13 00:00:00,11.35,11.63,11.34,11.39,10.452703150094033,3502647,10.672953260368182,10.406817710453582,10.415994798381671,3502647,0.0,1.0
2025-11-14 00:00:00,11.46,11.5499,11.25,11.39,10.452703150094033,3188033,10.599444786064184,10.324223919100778,10.51694276559066,3188033,0.0,1.0
2025-11-17 00:00:00,11.36,11.45,11.07,11.07,10.159036336395165,3569178,10.507765677662569,10.159036336395165,10.425171886309762,3569178,0.0,1.0
2025-11-18 00:00:00,11.08,11.115,10.9321,11.03,10.122327984682803,4458970,10.200333232071568,10.032484293866808,10.168213424323254,4458970,0.0,1.0
2025-11-19 00:00:00,10.97,10.97,10.61,10.62,9.746067379631132,3572435,10.067265457114267,9.736890291703045,10.067265457114267,3572435,0.0,1.0
2025-11-20 00:00:00,10.6,10.6998,10.405,10.49,9.62676523656597,4095717,9.819300541297288,9.548759989177206,9.727713203774954,4095717,0.0,1.0
2025-11-21 00:00:00,10.55,10.71,10.47,10.57,9.700181939990683,5661138,9.82866117098394,9.60841106070979,9.681827764134509,5661138,0.0,1.0
2025-11-24 00:00:00,10.52,10.56,10.34,10.4,9.544171445213165,5928694,9.691004852062596,9.489108917644623,9.654296500350236,5928694,0.0,1.0
2025-11-25 00:00:00,10.46,10.84,10.4,10.77,9.883723698552476,5769415,9.947963314049105,9.544171445213165,9.5992339727817,5769415,0.0,1.0
2025-11-26 00:00:00,10.77,10.87,10.59,10.84,9.947963314049105,8229292,9.975494577833372,9.718536115846865,9.883723698552476,8229292,0.0,1.0
2025-11-28 00:00:00,10.61,10.79,10.545,10.73,10.074148273060336,2974238,10.130480882229358,9.900456061455849,9.961483054722288,2974238,0.2475,1.0
2025-12-01 00:00:00,10.66,10.96,10.61,10.87,10.205591027788056,5559904,10.290089941541591,9.961483054722288,10.008426895696475,5559904,0.0,1.0
2025-12-02 00:00:00,10.88,10.905,10.55,10.69,10.036593200280986,4824129,10.238451716469989,9.905150445553266,10.214979795982895,4824129,0.0,1.0
2025-12-03 00:00:00,10.75,11.17,10.75,11.07,10.393366391684802,5122861,10.487254073633174,10.09292580945001,10.09292580945001,5122861,0.0,1.0
2025-12-04 00:00:00,11.12,11.155,10.665,10.68,10.02720443208615,3755830,10.473170921340918,10.013121279793893,10.440310232658987,3755830,0.0,1.0
2025-12-05 00:00:00,10.62,10.835,10.59,10.78,10.12109211403452,3548665,10.172730339106128,9.942705518332614,9.970871822917124,3548665,0.0,1.0
2025-12-08 00:00:00,10.8,10.815,10.655,10.71,10.055370736670662,3663243,10.153952802716452,10.003732511599056,10.139869650424195,3663243,0.0,1.0
2025-12-09 00:00:00,10.72,10.84,10.575,10.59,9.942705518332614,3699793,10.177424723203544,9.928622366040358,10.0647595048655,3699793,0.0,1.0
2025-12-10 00:00:00,10.56,10.81,10.5101,10.81,10.149258418619034,5339961,10.149258418619034,9.867689260455863,9.914539213748103,5339961,0.0,1.0
2025-12-11 00:00:00,10.9,11.04,10.805,10.81,10.149258418619034,3483317,10.36520008710029,10.144564034521617,10.23375733237257,3483317,0.0,1.0
2025-12-12 00:00:00,10.89,10.9875,10.735,10.81,10.149258418619034,3044994,10.315909054077396,10.078842657157754,10.224368564177732,3044994,0.0,1.0
2025-12-15 00:00:00,10.86,11.05,10.85,10.94,10.271312405151916,4877100,10.374588855295128,10.186813491398382,10.19620225959322,4877100,0.0,1.0
2025-12-16 00:00:00,10.99,11.165,10.965,11.02,10.346422550710615,3703812,10.482559689535757,10.29478432563901,10.318256246126104,3703812,0.0,1.0
2025-12-17 00:00:00,11.03,11.305,11.03,11.1,10.421532696269312,3600194,10.614002444263477,10.355811318905452,10.355811318905452,3600194,0.0,1.0
2025-12-18 00:00:00,11.08,11.195,11.02,11.02,10.346422550710615,3105224,10.510725994120268,10.346422550710615,10.40275515987964,3105224,0.0,1.0
2025-12-19 00:00:00,11.0,11.09,10.87,10.93,10.26192363695708,8143564,10.412143928074476,10.205591027788056,10.32764501432094,8143564,0.0,1.0
2025-12-22 00:00:00,10.84,11.05,10.795,10.95,10.280701173346754,3215051,10.374588855295128,10.135175266326778,10.177424723203544,3215051,0.0,1.0
2025-12-23 00:00:00,10.93,10.93,10.67,10.74,10.083537041255171,3657108,10.26192363695708,10.017815663891312,10.26192363695708,3657108,0.0,1.0
2025-12-24 00:00:00,10.79,10.92,10.74,10.87,10.205591027788056,1746747,10.252534868762243,10.083537041255171,10.130480882229358,1746747,0.0,1.0
2025-12-26 00:00:00,10.85,10.895,10.74,10.89,10.224368564177732,2357302,10.22906294827515,10.083537041255171,10.186813491398382,2357302,0.0,1.0
2025-12-29 00:00:00,10.89,10.965,10.82,10.94,10.271312405151916,3515617,10.29478432563901,10.158647186813871,10.224368564177732,3515617,0.0,1.0
2025-12-30 00:00:00,10.92,11.05,10.9,10.92,10.252534868762243,2751206,10.374588855295128,10.23375733237257,10.252534868762243,2751206,0.0,1.0
2025-12-31 00:00:00,10.91,10.95,10.84,10.88,10.214979795982895,2730688,10.280701173346754,10.177424723203544,10.243146100567406,2730688,0.0,1.0
2026-01-02 00:00:00,10.92,10.9315,10.73,10.79,10.130480882229358,3041672,10.263331952186306,10.074148273060336,10.252534868762243,3041672,0.0,1.0
2026-01-05 00:00:00,10.75,10.75,10.29,10.32,9.689208777072013,7044641,10.09292580945001,9.661042472487498,10.09292580945001,7044641,0.0,1.0
2026-01-06 00:00:00,10.23,10.81,10.23,10.79,10.130480882229358,5612911,10.149258418619034,9.604709863318476,9.604709863318476,5612911,0.0,1.0
2026-01-07 00:00:00,10.77,10.84,10.08,10.08,9.463878340395915,5237442,10.177424723203544,9.463878340395915,10.111703345839684,5237442,0.0,1.0
2026-01-08 00:00:00,10.07,10.66,9.9339,10.55,9.905150445553266,4462562,10.008426895696475,9.326708437069344,9.45448957220108,4462562,0.0,1.0
2026-01-09 00:00:00,10.6,10.76,10.47,10.72,10.0647595048655,3455577,10.102314577644847,9.83004029999457,9.952094286527451,3455577,0.0,1.0
2026-01-12 00:00:00,10.7,10.73,10.47,10.65,9.999038127501638,4429835,10.074148273060336,9.83004029999457,10.045981968475823,4429835,0.0,1.0
2026-01-13 00:00:00,10.58,10.66,10.45,10.46,9.820651531799731,3289539,10.008426895696475,9.811262763604894,9.933316750137775,3289539,0.0,1.0
2026-01-14 00:00:00,10.49,10.94,10.48,10.9,10.23375733237257,4409558,10.271312405151916,9.839429068189409,9.848817836384244,4409558,0.0,1.0
2026-01-15 00:00:00,10.85,11.1,10.654000000000002,11.1,10.421532696269312,2814600,10.421532696269312,10.002793634779575,10.186813491398382,2814600,0.0,1.0
2026-01-16 00:00:00,11.03,11.055,10.895,10.98,10.308867477931267,2872233,10.379283239392546,10.22906294827515,10.355811318905452,2872233,0.0,1.0
2026-01-20 00:00:00,10.91,11.135,10.7747,11.04,10.36520008710029,4098175,10.454393384951244,10.11611606689126,10.243146100567406,4098175,0.0,1.0
2026-01-21 00:00:00,11.02,11.095,10.705,10.95,10.280701173346754,4574328,10.416838312171896,10.050676352573245,10.346422550710615,4574328,0.0,1.0
2026-01-22 00:00:00,11.0,11.15,10.94,10.98,10.308867477931267,3777488,10.4684765372435,10.271312405151916,10.32764501432094,3777488,0.0,1.0
2026-01-23 00:00:00,10.94,11.14,10.935,11.11,10.43092146446415,3031050,10.459087769048663,10.2666180210545,10.271312405151916,3031050,0.0,1.0
2026-01-26 00:00:00,11.17,11.285,11.11,11.25,10.562364219191872,3079254,10.595224907873805,10.43092146446415,10.487254073633174,3079254,0.0,1.0
2026-01-27 00:00:00,11.22,11.25,11.025,11.13,10.449699000853826,3182317,10.562364219191872,10.351116934808037,10.53419791460736,3182317,0.0,1.0
2026-01-28 00:00:00,11.09,11.265,10.96,11.08,10.40275515987964,3876014,10.576447371484129,10.290089941541591,10.412143928074476,3876014,0.0,1.0
2026-01-29 00:00:00,11.09,11.3,10.95,11.07,10.393366391684802,3992721,10.60930806016606,10.280701173346754,10.412143928074476,3992721,0.0,1.0
2026-01-30 00:00:00,11.13,11.43,11.08,11.43,10.73136204669894,5715120,10.73136204669894,10.40275515987964,10.449699000853826,5715120,0.0,1.0
2026-02-02 00:00:00,11.45,11.45,11.18,11.25,10.562364219191872,3349760,10.750139583088616,10.496642841828011,10.750139583088616,3349760,0.0,1.0
2026-02-03 00:00:00,11.175,11.39,11.05,11.21,10.524809146412524,3415319,10.693806973919592,10.374588855295128,10.491948457730594,3415319,0.0,1.0
2026-02-04 00:00:00,11.3,11.86,11.3,11.8,11.07874646990792,4953622,11.135079079076942,10.60930806016606,10.60930806016606,4953622,0.0,1.0
2026-02-05 00:00:00,11.96,12.09,11.735,11.91,11.182022920051129,3904593,11.3510207475582,11.017719476641476,11.228966761025315,3904593,0.0,1.0
2026-02-06 00:00:00,11.91,12.135,11.91,11.96,11.228966761025315,3390049,11.393270204434966,11.182022920051129,11.182022920051129,3390049,0.0,1.0
2026-02-09 00:00:00,11.93,12.04,11.65,11.82,11.097524006297594,3412280,11.304076906584012,10.93791494698536,11.200800456440804,3412280,0.0,1.0
2026-02-10 00:00:00,11.83,11.9,11.69,11.81,11.088135238102756,4582203,11.172634151856291,10.975470019764709,11.10691277449243,4582203,0.0,1.0
2026-02-11 00:00:00,11.7,11.72,11.435,11.69,10.975470019764709,4093784,11.00363632434922,10.73605643079636,10.984858787959546,4093784,0.0,1.0
2026-02-12 00:00:00,11.64,11.77,11.33,11.35,10.656251901140244,7262301,11.050580165323408,10.63747436475057,10.928526178790523,7262301,0.0,1.0
2026-02-13 00:00:00,11.165,11.4273,9.84,10.36,9.72676384985136,16825626,10.728827079286336,9.238547903719825,10.482559689535757,16825626,0.0,1.0
2026-02-17 00:00:00,10.35,10.43,9.44,9.66,9.069550076212757,9318035,9.79248522721522,8.862997175926335,9.717375081656522,9318035,0.0,1.0
2026-02-18 00:00:00,9.69,10.15,9.57,9.89,9.28549174469401,6530013,9.529599717759778,8.98505116245922,9.097716380797264,6530013,0.0,1.0
2026-02-19 00:00:00,9.94,10.085,9.87,9.88,9.276102976499171,5483771,9.468572724493336,9.266714208304334,9.332435585668197,5483771,0.0,1.0
2026-02-20 00:00:00,9.88,10.075,9.88,10.07,9.45448957220108,5408639,9.459183956298498,9.276102976499171,9.276102976499171,5408639,0.0,1.0
2026-02-23 00:00:00,9.96,10.31,9.91,10.13,9.510822181370104,4580007,9.679820008877174,9.304269281083684,9.351213122057873,4580007,0.0,1.0
2026-02-24 00:00:00,10.17,10.39,10.01,10.03,9.41693449942173,3701471,9.754930154435872,9.398156963032056,9.548377254149452,3701471,0.0,1.0
2026-02-25 00:00:00,10.0,10.02,9.57,9.65,9.060161308017918,6618190,9.407545731226891,8.98505116245922,9.38876819483722,6618190,0.0,1.0
2026-02-26 00:00:00,9.77,9.945,9.72,9.91,9.304269281083684,5179968,9.337129969765614,9.125882685381775,9.172826526355962,5179968,0.0,1.0
2026-02-27 00:00:00,9.87,9.995,9.77,9.88,9.276102976499171,6089165,9.3840738107398,9.172826526355962,9.266714208304334,6089165,0.0,1.0
2026-03-02 00:00:00,9.79,9.88,9.51,9.52,8.938107321485033,5528603,9.276102976499171,8.928718553290196,9.191604062745636,5528603,0.0,1.0
2026-03-03 00:00:00,9.5,9.54,9.2,9.23,8.665833043834754,5930889,8.956884857874707,8.63766673925024,8.919329785095359,5930889,0.0,1.0
2026-03-04 00:00:00,9.23,9.3,8.945,9.04,8.487446448132845,7894773,8.731554421198615,8.398253150281892,8.665833043834754,7894773,0.0,1.0
2026-03-05 00:00:00,9.03,9.38,9.0,9.23,8.665833043834754,5418339,8.806664566757313,8.449891375353497,8.478057679938008,5418339,0.0,1.0
2026-03-06 00:00:00,8.95,9.15,8.71,9.1,8.776151070124092,6817048,8.8243716803995,8.400030309975918,8.63148923929787,6817048,0.2475,1.0
2026-03-09 00:00:00,9.0,9.0,8.7012,8.85,8.535048018747057,6314734,8.679709849573278,8.391543482567444,8.679709849573278,6314734,0.0,1.0
2026-03-10 00:00:00,8.8,8.9,8.615,8.66,8.35180969970051,5524221,8.583268629022465,8.308411150452644,8.48682740847165,5524221,0.0,1.0
2026-03-11 00:00:00,8.65,8.72,8.46,8.62,8.313233211480183,8083160,8.409674432030998,8.158927258598881,8.342165577645428,8083160,0.0,1.0
2026-03-12 00:00:00,8.55,8.85,8.49,8.63,8.322877333535265,7876800,8.535048018747057,8.187859624764126,8.245724357094614,7876800,0.0,1.0
2026-03-13 00:00:00,8.76,8.98,8.76,8.79,8.477183286416567,5113517,8.660421605463116,8.448250920251324,8.448250920251324,5113517,0.0,1.0
2026-03-16 00:00:00,8.9,9.03,8.835,8.89,8.573624506967382,4277366,8.708642215738521,8.520581835664435,8.583268629022465,4277366,0.0,1.0
2026-03-17 00:00:00,8.94,9.029,8.685,8.73,8.41931855408608,4018069,8.707677803533015,8.375920004838214,8.621845117242788,4018069,0.0,1.0
2026-03-18 00:00:00,8.6,8.65,8.42,8.42,8.120350770378556,4530006,8.342165577645428,8.120350770378556,8.29394496737002,4530006,0.0,1.0
2026-03-19 00:00:00,8.48,8.5685,8.27,8.37,8.072130160103148,4207190,8.263565982896514,7.975688939552334,8.178215502709044,4207190,0.0,1.0
2026-03-20 00:00:00,8.36,8.37,8.17,8.18,7.888891841056601,9228918,8.072130160103148,7.87924771900152,8.062486038048066,9228918,0.0,1.0
2026-03-23 00:00:00,8.32,8.43,8.2,8.26,7.966044817497252,5161953,8.129994892433636,7.908180085166763,8.023909549827742,5161953,0.0,1.0
2026-03-24 00:00:00,8.21,8.39,8.15,8.26,7.966044817497252,3718234,8.091418404213313,7.859959474891357,7.917824207221846,3718234,0.0,1.0
2026-03-25 00:00:00,8.34,8.37,8.04,8.28,7.985333061607415,6401869,8.072130160103148,7.7538741322854605,8.043197793937903,6401869,0.0,1.0
2026-03-26 00:00:00,8.26,8.455,8.23,8.36,8.062486038048066,3540928,8.15410519757134,7.937112451332009,7.966044817497252,3540928,0.0,1.0
2026-03-27 00:00:00,8.35,8.62,8.3,8.4,8.101062526268393,5315710,8.313233211480183,8.00462130571758,8.052841915992985,5315710,0.0,1.0
2026-03-30 00:00:00,8.3,8.432,8.22,8.37,8.072130160103148,4213109,8.131923716844653,7.927468329276928,8.00462130571758,4213109,0.0,1.0
2026-03-31 00:00:00,8.42,8.5,7.97,8.15,7.859959474891357,5338192,8.197503746819207,7.686365277899891,8.120350770378556,5338192,0.0,1.0
2026-04-01 00:00:00,8.07,8.22,7.8618,8.13,7.840671230781195,5109662,7.927468329276928,7.582015877263911,7.782806498450706,5109662,0.0,1.0
2026-04-02 00:00:00,8.14,8.28,8.01,8.24,7.94675657338709,3373580,7.985333061607415,7.724941766120217,7.850315352836276,3373580,0.0,1.0
2026-04-06 00:00:00,8.2,8.3379,8.08,8.25,7.956400695442171,3702316,8.041172528306337,7.792450620505787,7.908180085166763,3702316,0.0,1.0
2026-04-07 00:00:00,8.24,8.34,8.095,8.12,7.831027108726112,4121276,8.043197793937903,7.80691680358841,7.94675657338709,4121276,0.0,1.0
2026-04-08 00:00:00,8.15,8.205,8.0325,8.08,7.792450620505787,5195397,7.913002146194305,7.746641040744151,7.859959474891357,5195397,0.0,1.0
2026-04-09 00:00:00,7.96,8.185,7.855,8.14,7.850315352836276,4590617,7.8937139020841425,7.575457874266456,7.676721155844811,4590617,0.0,1.0
2026-04-10 00:00:00,8.17,8.28,7.985,8.06,7.773162376395625,4193519,7.985333061607415,7.700831460982514,7.87924771900152,4193519,0.0,1.0
2026-04-13 00:00:00,8.03,8.22,7.8698,8.22,7.927468329276928,6711186,7.927468329276928,7.589731174907976,7.744230010230379,6711186,0.0,1.0
2026-04-14 00:00:00,8.2,8.39,8.185,8.26,7.966044817497252,4215136,8.091418404213313,7.8937139020841425,7.908180085166763,4215136,0.0,1.0
2026-04-15 00:00:00,8.28,8.57,8.2,8.52,8.21679199092937,4131750,8.265012601204777,7.908180085166763,7.985333061607415,4131750,0.0,1.0
2026-04-16 00:00:00,8.59,8.75,8.5,8.57,8.265012601204777,4198110,8.438606798196242,8.197503746819207,8.28430084531494,4198110,0.0,1.0
2026-04-17 00:00:00,8.55,8.7099,8.4645,8.51,8.207147868874287,3872212,8.399933868755365,8.163267113523666,8.245724357094614,3872212,0.0,1.0
2026-04-20 00:00:00,8.49,8.81,8.44,8.76,8.448250920251324,6266891,8.496471530526732,8.139639014488719,8.187859624764126,6266891,0.0,1.0
2026-04-21 00:00:00,8.76,8.83,8.63,8.69,8.380742065865753,4025743,8.515759774636894,8.322877333535265,8.448250920251324,4025743,0.0,1.0
2026-04-22 00:00:00,8.67,8.77,8.63,8.75,8.438606798196242,3101364,8.457895042306404,8.322877333535265,8.36145382175559,3101364,0.0,1.0
2026-04-23 00:00:00,8.75,8.815,8.65,8.78,8.467539164361487,3148517,8.501293591554271,8.342165577645428,8.438606798196242,3148517,0.0,1.0
2026-04-24 00:00:00,8.81,8.88,8.655,8.8,8.48682740847165,4606367,8.563980384912302,8.346987638672967,8.496471530526732,4606367,0.0,1.0
2026-04-27 00:00:00,8.77,9.02,8.76,8.95,8.63148923929787,4685514,8.698998093683441,8.448250920251324,8.457895042306404,4685514,0.0,1.0
2026-04-28 00:00:00,9.03,9.155,8.89,8.93,8.612200995187708,5422595,8.829193741427039,8.573624506967382,8.708642215738521,5422595,0.0,1.0
2026-04-29 00:00:00,8.94,8.99,8.76,8.87,8.554336262857218,3510255,8.670065727518196,8.448250920251324,8.621845117242788,3510255,0.0,1.0
2026-04-30 00:00:00,8.84,9.13,8.83,9.06,8.737574581903766,5525983,8.805083436289337,8.515759774636894,8.525403896691975,5525983,0.0,1.0
2026-05-01 00:00:00,9.1,9.18,8.62,8.72,8.409674432030998,4634205,8.853304046564743,8.313233211480183,8.776151070124092,4634205,0.0,1.0
2026-05-04 00:00:00,8.72,8.8264,8.285,8.35,8.052841915992985,5799146,8.512287890697063,7.990155122634956,8.409674432030998,5799146,0.0,1.0
2026-05-05 00:00:00,8.32,8.71,8.195,8.64,8.332521455590348,5789463,8.400030309975918,7.903358024139224,8.023909549827742,5789463,0.0,1.0
2026-05-06 00:00:00,8.78,8.84,8.555,8.62,8.313233211480183,5929368,8.525403896691975,8.250546418122154,8.467539164361487,5929368,0.0,1.0
2026-05-07 00:00:00,8.61,8.695,8.32,8.57,8.265012601204777,5444019,8.385564126893295,8.023909549827742,8.303589089425103,5444019,0.0,1.0
2026-05-08 00:00:00,8.58,8.615,8.395,8.44,8.139639014488719,4702017,8.308411150452644,8.096240465240852,8.274656723259858,4702017,0.0,1.0
2026-05-11 00:00:00,8.5,8.57,8.135,8.22,7.927468329276928,5436202,8.265012601204777,7.845493291808735,8.197503746819207,5436202,0.0,1.0
2026-05-12 00:00:00,8.34,8.34,8.08,8.09,7.802094742560868,7623287,8.043197793937903,7.792450620505787,8.043197793937903,7623287,0.0,1.0
2026-05-13 00:00:00,8.03,8.05,7.66,7.73,7.454906348577938,9828287,7.763518254340544,7.387397494192368,7.744230010230379,9828287,0.0,1.0
2026-05-14 00:00:00,7.78,7.855,7.22,7.31,7.049853222264518,14865704,7.575457874266456,6.9630561237687845,7.503126958853345,14865704,0.0,1.0
2026-05-15 00:00:00,7.41,7.44,7.111376,7.18,6.924479635548459,44904028,7.175226808980577,6.8582978123576686,7.146294442815332,44904028,0.0,1.0
2026-05-18 00:00:00,7.1,7.47,7.004,7.33,7.06914146637468,12932412,7.20415917514582,6.754743087379026,6.847326659107808,12932412,0.0,1.0
2026-05-19 00:00:00,7.44,7.575,7.15,7.21,6.953412001713704,11353362,7.305422456724176,6.895547269383216,7.175226808980577,11353362,0.0,1.0
2026-05-20 00:00:00,7.15,7.325,6.89,7.24,6.982344367878948,9753641,7.06431940534714,6.644800095951098,6.895547269383216,9753641,0.0,1.0
2026-05-21 00:00:00,7.09,7.14,6.8,7.01,6.760529560612075,15908193,6.885903147328134,6.5580029974553655,6.837682537052727,15908193,0.0,1.0
2026-05-22 00:00:00,7.62,8.07,7.4,7.94,7.657432911734648,17830249,7.782806498450706,7.136650320760251,7.348821005972042,17830249,0.0,1.0
2026-05-26 00:00:00,7.99,8.235,7.78,7.79,7.512771080908426,11728349,7.941934512359548,7.503126958853345,7.705653522010055,11728349,0.0,1.0
2026-05-27 00:00:00,7.81,7.89,7.57,7.81,7.532059325018588,10380254,7.60921230145924,7.300600395696635,7.532059325018588,10380254,0.0,1.0
2026-05-28 00:00:00,7.7,7.805,7.645,7.7,7.425973982412693,6381606,7.527237263991048,7.372931311109745,7.425973982412693,6381606,0.0,1.0
2026-05-29 00:00:00,7.76,7.79,7.58,7.64,7.368109250082204,6276000,7.512771080908426,7.310244517751716,7.483838714743181,6276000,0.0,1.0
2026-06-01 00:00:00,7.52,7.685,7.52,7.66,7.387397494192368,7715911,7.411507799330071,7.252379785421227,7.252379785421227,7715911,0.0,1.0
2026-06-02 00:00:00,7.65,7.65,7.41,7.41,7.146294442815332,7075077,7.3777533721372865,7.146294442815332,7.3777533721372865,7075077,0.0,1.0
2026-06-03 00:00:00,7.37,7.5,7.22,7.27,7.011276734044192,6023281,7.233091541311065,6.9630561237687845,7.107717954595007,6023281,0.0,1.0
2026-06-04 00:00:00,7.43,7.595,7.22,7.3,7.040209100209436,6162066,7.324710700834338,6.9630561237687845,7.165582686925495,6162066,0.0,1.0
2026-06-05 00:00:00,7.37,7.6,7.33,7.48,7.2138032972009025,6701949,7.329532761861879,7.06914146637468,7.107717954595007,6701949,0.0,1.0
2026-06-08 00:00:00,7.42,7.725,7.32,7.49,7.223447419255984,6384480,7.450084287550396,7.0594973443196,7.1559385648704135,6384480,0.0,1.0
2026-06-09 00:00:00,7.56,7.815,7.47,7.66,7.387397494192368,6601328,7.53688138604613,7.20415917514582,7.290956273641553,6601328,0.0,1.0
2026-06-10 00:00:00,7.73,7.95,7.6503,7.77,7.493482836798263,8946804,7.667077033789729,7.378042695798938,7.454906348577938,8946804,0.0,1.0
2026-06-11 00:00:00,7.69,7.85,7.64,7.8,7.522415202963507,5377720,7.570635813238914,7.368109250082204,7.416329860357612,5377720,0.0,1.0
2026-06-12 00:00:00,7.7,7.805,7.62,7.79,7.633322606596944,4873082,7.648020917135962,7.466741753821401,7.545132743362832,4873082,0.125,1.0
2026-06-15 00:00:00,7.81,8.05,7.69,7.7,7.545132743362832,5497836,7.888093322606598,7.535333869670154,7.652920353982301,5497836,0.0,1.0
2026-06-16 00:00:00,7.66,7.815,7.51,7.6,7.447144006436042,4122885,7.657819790828642,7.358954143201931,7.505937248592117,4122885,0.0,1.0
2026-06-17 00:00:00,7.58,7.6618,7.18,7.33,7.1825744167337096,7428916,7.507701045856799,7.0355913113435244,7.427546259050684,7428916,0.0,1.0
2026-06-18 00:00:00,7.3,7.81,7.3,7.78,7.623523732904265,13961108,7.652920353982301,7.153177795655672,7.153177795655672,13961108,0.0,1.0
2026-06-22 00:00:00,7.53,7.7899,7.35,7.35,7.202172164119067,5662522,7.633224617860017,7.202172164119067,7.37855189058729,5662522,0.0,1.0
2026-06-23 00:00:00,7.43,7.61,7.38,7.55,7.398149637972647,5380467,7.456942880128722,7.231568785197104,7.280563153660499,5380467,0.0,1.0
2026-06-24 00:00:00,7.59,7.915,7.52,7.65,7.496138374899438,7515440,7.755808527755431,7.36875301689461,7.4373451327433635,7515440,0.0,1.0
2026-06-25 00:00:00,7.68,7.86,7.5,7.6,7.447144006436042,5440099,7.701914722445696,7.349155269509253,7.525534995977474,5440099,0.0,1.0
2026-06-26 00:00:00,7.63,8.02,7.58,7.97,7.809702333065165,33842058,7.85869670152856,7.427546259050684,7.476540627514079,33842058,0.0,1.0
2026-06-29 00:00:00,7.89,8.14,7.7,8.05,7.888093322606598,8188445,7.976283185840709,7.545132743362832,7.731311343523733,8188445,0.0,1.0
2026-06-30 00:00:00,8.075,8.1102,7.84,7.9,7.741110217216413,14200394,7.947082542236526,7.682316975060338,7.912590506838295,14200394,0.0,1.0
2026-07-01 00:00:00,8.03,8.46,8.01,8.41,8.240852775543042,7240596,8.289847144006437,7.848897827835882,7.868495575221239,7240596,0.0,1.0
2026-07-02 00:00:00,8.45,8.7,8.27,8.63,8.456427996781981,6484243,8.525020112630733,8.103668543845535,8.280048270313756,6484243,0.0,1.0
2026-07-06 00:00:00,8.7,8.72,8.435,8.61,8.436830249396621,6023887,8.544617860016091,8.26534995977474,8.525020112630733,6023887,0.0,1.0
2026-07-07 00:00:00,8.74,8.915,8.57,8.6,8.427031375703942,4265509,8.73569589702333,8.397634754625907,8.564215607401449,4265509,0.0,1.0
2026-07-08 00:00:00,8.56,8.585,8.36,8.37,8.201657280772325,5511012,8.412333065164924,8.191858407079646,8.387835880933228,5511012,0.0,1.0
2026-07-09 00:00:00,8.32,8.367,7.97,8.08,7.917489943684634,6480744,8.198717618664523,7.809702333065165,8.152662912308932,6480744,0.0,1.0
2026-07-10 00:00:00,8.16,8.43,8.05,8.34,8.172260659694288,4912002,8.2604505229284,7.888093322606598,7.995880933226067,4912002,0.0,1.0
2026-07-13 00:00:00,8.41,8.48,8.25,8.29,8.123266291230893,4243141,8.309444891391795,8.084070796460178,8.240852775543042,4243141,0.0,1.0
2026-07-14 00:00:00,8.22,8.37,8.11,8.29,8.123266291230893,3160225,8.201657280772325,7.946886564762671,8.054674175382141,3160225,0.0,1.0
2026-07-15 00:00:00,8.27,8.52,8.23,8.25,8.084070796460178,3416976,8.34864038616251,8.06447304907482,8.103668543845535,3416976,0.0,1.0
2026-07-16 00:00:00,8.35,8.79,8.35,8.65,8.476025744167337,4810857,8.613209975864843,8.182059533386967,8.182059533386967,4810857,0.0,1.0
2026-07-17 00:00:00,8.71,8.885,8.445,8.49,8.319243765084474,3438902,8.706299275945295,8.27514883346742,8.534818986323412,3438902,0.0,1.0
2026-07-20 00:00:00,8.45,8.545,8.355,8.49,8.319243765084474,3035411,8.373137570394208,8.186958970233308,8.280048270313756,3035411,0.0,1.0
2026-07-21 00:00:00,8.37,8.6,8.325,8.5,8.329042638777153,3449034,8.427031375703942,8.157562349155269,8.201657280772325,3449034,0.0,1.0
2026-07-22 00:00:00,8.59,8.635,8.24,8.26,8.093869670152856,4345535,8.46132743362832,8.0742719227675,8.417232502011263,4345535,0.0,1.0
2026-07-23 00:00:00,8.17,8.27,7.64,7.75,7.594127111826228,7304496,8.103668543845535,7.486339501206758,8.005679806918746,7304496,0.0,1.0
2026-07-24 00:00:00,7.83,7.96,7.72,7.74,7.584328238133549,3673325,7.799903459372486,7.5647304907481905,7.672518101367659,3673325,0.0,1.0
2026-07-27 00:00:00,7.87,7.9,7.64,7.64,7.486339501206758,4471419,7.741110217216413,7.486339501206758,7.711713596138376,4471419,0.0,1.0
2026-07-28 00:00:00,7.81,8.07,7.525,7.54,7.388350764279968,6414931,7.907691069991956,7.3736524537409505,7.652920353982301,6414931,0.0,1.0
2026-07-29 00:00:00,7.52,7.725,7.335,7.46,7.309959774738536,6681957,7.56962992759453,7.187473853580049,7.36875301689461,6681957,0.0,1.0
2026-07-30 00:00:00,7.37,7.4,7.13,7.14,6.996395816572808,5930830,7.251166532582463,6.986596942880129,7.221769911504426,5930830,0.0,1.0
2026-07-31 00:00:00,7.12,7.175,6.925,7.02,6.878809332260659,7711330,7.030691874497185,6.785720032180209,6.97679806918745,7711330,0.0,1.0
2026-08-03 00:00:00,7.11,7.39,6.985,7.22,7.07478680611424,7096871,7.241367658889783,6.844513274336284,6.966999195494772,7096871,0.0,1.0
2026-08-04 00:00:00,7.16,7.44,7.16,7.33,7.1825744167337096,4799349,7.290362027353178,7.015993563958166,7.015993563958166,4799349,0.0,1.0
2026-08-05 00:00:00,7.38,7.43,7.249,7.39,7.241367658889783,4100351,7.280563153660499,7.103203539823009,7.231568785197104,4100351,0.0,1.0
2026-08-06 00:00:00,7.41,7.44,7.14,7.24,7.094384553499599,6959923,7.290362027353178,6.996395816572808,7.260965406275141,6959923,0.0,1.0
2026-08-07 00:00:00,7.25,7.456,7.23,7.4,7.251166532582463,3697821,7.306040225261465,7.08458567980692,7.104183427192277,3697821,0.0,1.0
2026-08-10 00:00:00,7.35,7.44,7.09,7.14,6.996395816572808,5062250,7.290362027353178,6.947401448109413,7.202172164119067,5062250,0.0,1.0
2026-08-11 00:00:00,7.13,7.31,7.08,7.16,7.015993563958166,4716447,7.1629766693483505,6.937602574416735,6.986596942880129,4716447,0.0,1.0
2026-08-12 00:00:00,7.175,7.185,7.03,7.17,7.025792437650845,4804929,7.040490748189863,6.888608205953339,7.030691874497185,4804929,0.0,1.0
2026-08-13 00:00:00,7.25,7.58,7.24,7.53,7.37855189058729,4866674,7.427546259050684,7.094384553499599,7.104183427192277,4866674,0.0,1.0
2026-08-14 00:00:00,7.55,7.595,7.46,7.52,7.36875301689461,3616707,7.442244569589703,7.309959774738536,7.398149637972647,3616707,0.0,1.0
2026-08-17 00:00:00,7.49,7.558,7.29,7.31,7.1629766693483505,5173179,7.4059887369267905,7.143378921962993,7.339356395816574,5173179,0.0,1.0
2026-08-18 00:00:00,7.36,7.6,7.27,7.38,7.231568785197104,4241614,7.447144006436042,7.123781174577635,7.211971037811747,4241614,0.0,1.0
2026-08-19 00:00:00,7.43,7.53,7.37,7.46,7.309959774738536,4485055,7.37855189058729,7.221769911504426,7.280563153660499,4485055,0.0,1.0
2026-08-20 00:00:00,7.43,7.48,7.04,7.1,6.957200321802092,9801977,7.329557522123895,6.898407079646018,7.280563153660499,9801977,0.0,1.0
2026-08-21 00:00:00,6.9,7.31,6.81,6.95,6.810217216411908,15568742,7.1629766693483505,6.673032984714401,6.761222847948512,15568742,0.0,1.0
2026-08-24 00:00:00,6.96,7.305,6.8219,7.28,7.133580048270314,8438357,7.158077232502012,6.684693644408689,6.820016090104586,8438357,0.0,1.0
2026-08-25 00:00:00,7.25,7.36,7.0,7.11,6.966999195494772,6505340,7.211971037811747,6.859211584875302,7.104183427192277,6505340,0.0,1.0
2026-08-26 00:00:00,7.13,7.355,7.1,7.17,7.025792437650845,5453753,7.207071600965407,6.957200321802092,6.986596942880129,5453753,0.0,1.0
2026-08-27 00:00:00,7.13,7.13,6.91,6.98,6.839613837489945,6650712,6.986596942880129,6.771021721641191,6.986596942880129,6650712,0.0,1.0
2026-08-28 00:00:00,6.99,7.125,6.97,7.1,6.957200321802092,5180539,6.98169750603379,6.829814963797265,6.849412711182623,5180539,0.0,1.0
2026-08-31 00:00:00,7.05,7.125,6.9,6.92,6.7808205953338705,9905340,6.98169750603379,6.761222847948512,6.9082059533386975,9905340,0.0,1.0
2026-09-01 00:00:00,6.92,6.985,6.615,6.69,6.555446500402254,9650743,6.844513274336284,6.481954947707161,6.7808205953338705,9650743,0.0,1.0
2026-09-02 00:00:00,6.745,6.87,6.665,6.68,6.545647626709574,7301512,6.731826226870475,6.530949316170556,6.609340305711988,7301512,0.0,1.0
2026-09-03 00:00:00,6.65,6.6982,6.33,6.45,6.320273531777957,12129904,6.56348157683025,6.202687047465809,6.5162510056315375,12129904,0.0,1.0
2026-09-04 00:00:00,6.36,6.45,6.27,6.27,6.143893805309735,5675076,6.320273531777957,6.143893805309735,6.232083668543846,5675076,0.0,1.0
2026-09-08 00:00:00,6.26,6.36,6.1,6.32,6.19288817377313,8528107,6.232083668543846,5.9773129525341915,6.134094931617056,8528107,0.0,1.0
2026-09-09 00:00:00,6.32,6.32,6.125,6.21,6.085100563153661,8240340,6.19288817377313,6.001810136765889,6.19288817377313,8240340,0.0,1.0
2026-09-10 00:00:00,6.2,6.23,6.1,6.11,5.987111826226871,7809797,6.104698310539019,5.9773129525341915,6.075301689460982,7809797,0.0,1.0
2026-09-11 00:00:00,6.03,6.17,6.01,6.09,6.09,6309199,6.17,6.01,6.03,6309199,0.125,1.0
2026-09-14 00:00:00,6.13,6.27,5.95,6.0,6.0,7762099,6.27,5.95,6.13,7762099,0.0,1.0
2026-09-15 00:00:00,5.96,6.16,5.92,6.14,6.14,9058577,6.16,5.92,5.96,9058577,0.0,1.0
2026-09-16 00:00:00,6.18,6.32,6.15,6.15,6.15,8798163,6.32,6.15,6.18,8798163,0.0,1.0
2026-09-17 00:00:00,6.24,6.3,6.06,6.09,6.09,7432753,6.3,6.06,6.24,7432753,0.0,1.0
2026-09-18 00:00:00,6.07,6.07,5.86,5.94,5.94,13248126,6.07,5.86,6.07,13248126,0.0,1.0
2026-09-21 00:00:00,5.9,6.07,5.845,5.96,5.96,7905021,6.07,5.845,5.9,7905021,0.0,1.0
2026-09-22 00:00:00,6.05,6.0799,5.87,5.88,5.88,8585947,6.0799,5.87,6.05,8585947,0.0,1.0
2026-09-23 00:00:00,5.91,5.97,5.74,5.81,5.81,8515045,5.97,5.74,5.91,8515045,0.0,1.0
2026-09-24 00:00:00,5.89,5.9046,5.725,5.81,5.81,8325721,5.9046,5.725,5.89,8325721,0.0,1.0
2026-09-25 00:00:00,5.81,5.87,5.615,5.74,5.74,8245639,5.87,5.615,5.81,8245639,0.0,1.0
2026-09-28 00:00:00,5.75,5.75,5.61,5.65,5.65,7011031,5.75,5.61,5.75,7011031,0.0,1.0
2026-09-29 00:00:00,5.64,5.71,5.575,5.68,5.68,6693121,5.71,5.575,5.64,6693121,0.0,1.0
2026-09-30 00:00:00,5.73,5.74,5.5,5.55,5.55,7628907,5.74,5.5,5.73,7628907,0.0,1.0
2026-10-01 00:00:00,5.52,5.585,5.4,5.56,5.56,6837770,5.585,5.4,5.52,6837770,0.0,1.0
2026-10-02 00:00:00,5.62,5.66,5.505,5.57,5.57,6026069,5.66,5.505,5.62,6026069,0.0,1.0
