Timestamp,Open,High,Low,Close,AdjClose,Volume,AdjHigh,AdjLow,AdjOpen,AdjVolume,DivCash,SplitFactor
2017-11-30 00:00:00,0.31,0.31,0.31,0.31,111.60000000000012,200,111.60000000000012,111.60000000000012,111.60000000000012,0,0.0,1.0
2017-12-04 00:00:00,0.31,0.31,0.31,0.31,111.60000000000012,500,111.60000000000012,111.60000000000012,111.60000000000012,1,0.0,1.0
2017-12-05 00:00:00,0.31,0.31,0.31,0.31,111.60000000000012,113,111.60000000000012,111.60000000000012,111.60000000000012,0,0.0,1.0
2017-12-12 00:00:00,0.31,0.31,0.31,0.31,111.60000000000012,17,111.60000000000012,111.60000000000012,111.60000000000012,0,0.0,1.0
2017-12-14 00:00:00,0.31,0.31,0.31,0.31,111.60000000000012,1335,111.60000000000012,111.60000000000012,111.60000000000012,3,0.0,1.0
2017-12-15 00:00:00,0.45,0.45,0.45,0.45,162.00000000000017,110,162.00000000000017,162.00000000000017,162.00000000000017,0,0.0,1.0
2017-12-18 00:00:00,0.45,0.45,0.45,0.45,162.00000000000017,6,162.00000000000017,162.00000000000017,162.00000000000017,0,0.0,1.0
2017-12-19 00:00:00,0.45,0.45,0.45,0.45,162.00000000000017,3,162.00000000000017,162.00000000000017,162.00000000000017,0,0.0,1.0
2017-12-20 00:00:00,0.31,0.31,0.31,0.31,111.60000000000012,254,111.60000000000012,111.60000000000012,111.60000000000012,0,0.0,1.0
2017-12-26 00:00:00,0.31,0.31,0.31,0.31,111.60000000000012,2,111.60000000000012,111.60000000000012,111.60000000000012,0,0.0,1.0
2017-12-28 00:00:00,0.31,0.31,0.31,0.31,111.60000000000012,3,111.60000000000012,111.60000000000012,111.60000000000012,0,0.0,1.0
2017-12-29 00:00:00,0.31,0.31,0.31,0.31,111.60000000000012,10,111.60000000000012,111.60000000000012,111.60000000000012,0,0.0,1.0
2018-01-09 00:00:00,0.35,0.35,0.3408,0.35,126.00000000000014,11496,126.00000000000014,122.68800000000012,126.00000000000014,31,0.0,1.0
2018-01-10 00:00:00,0.36,0.37,0.35,0.37,133.20000000000013,22568,133.20000000000013,126.00000000000014,129.60000000000014,62,0.0,1.0
2018-01-11 00:00:00,0.5,0.5,0.3501,0.3808229999999999,137.09628000000012,20056,180.0000000000002,126.03600000000014,180.0000000000002,55,0.0,1.0
2018-01-12 00:00:00,0.4,0.41,0.38,0.41,147.60000000000016,33336,147.60000000000016,136.80000000000015,144.00000000000017,92,0.0,1.0
2018-01-16 00:00:00,0.50005,0.50005,0.4,0.44,158.40000000000018,60361,180.0180000000002,144.00000000000017,180.0180000000002,167,0.0,1.0
2018-01-17 00:00:00,0.4408,0.48,0.419,0.45,162.00000000000017,66990,172.80000000000018,150.84000000000017,158.6880000000002,186,0.0,1.0
2018-01-18 00:00:00,0.47,0.52,0.45,0.49,176.40000000000018,150199,187.20000000000024,162.00000000000017,169.2000000000002,417,0.0,1.0
2018-01-19 00:00:00,0.58,0.76,0.306,0.49425,177.9300000000002,213414,273.6000000000003,110.16000000000012,208.8000000000002,592,0.0,1.0
2018-01-22 00:00:00,0.51,0.51,0.3777,0.405,145.80000000000015,99003,183.6000000000002,135.97200000000015,183.6000000000002,275,0.0,1.0
2018-01-23 00:00:00,0.38,0.46,0.38,0.42,151.20000000000016,90426,165.6000000000002,136.80000000000015,136.80000000000015,251,0.0,1.0
2018-01-24 00:00:00,0.55,4.315,0.52,1.49,536.4000000000005,893132,1553.4000000000017,187.20000000000024,198.00000000000023,2480,0.0,1.0
2018-01-25 00:00:00,1.59,2.89,1.59,2.0,720.0000000000008,379525,1040.4000000000012,572.4000000000005,572.4000000000005,1054,0.0,1.0
2018-01-26 00:00:00,2.05,2.77,2.01,2.22,799.200000000001,173197,997.2000000000012,723.6000000000007,738.0000000000007,481,0.0,1.0
2018-01-29 00:00:00,2.3,2.4,1.29,1.55,558.0000000000006,160864,864.0000000000009,464.4000000000005,828.0000000000008,446,0.0,1.0
2018-01-30 00:00:00,1.52,1.55,0.89,1.11,399.6000000000005,147241,558.0000000000006,320.4000000000003,547.2000000000006,409,0.0,1.0
2018-01-31 00:00:00,1.2,1.25,0.94,1.1,396.00000000000045,59505,450.00000000000045,338.4000000000004,432.00000000000045,165,0.0,1.0
2018-02-01 00:00:00,1.11,1.11,0.9016,0.9401,338.4360000000004,65778,399.6000000000005,324.57600000000036,399.6000000000005,182,0.0,1.0
2018-02-02 00:00:00,0.8601000000000001,1.02,0.8601000000000001,0.95,342.0000000000004,13764,367.2000000000004,309.63600000000037,309.63600000000037,38,0.0,1.0
2018-02-05 00:00:00,1.0,1.0,0.7601,0.9692,348.9120000000004,17712,360.0000000000004,273.6360000000003,360.0000000000004,49,0.0,1.0
2018-02-06 00:00:00,0.801,0.995,0.801,0.95,342.0000000000004,12941,358.2000000000004,288.3600000000003,288.3600000000003,35,0.0,1.0
2018-02-07 00:00:00,0.802,0.87,0.77,0.87,313.20000000000033,14053,313.20000000000033,277.2000000000003,288.7200000000003,39,0.0,1.0
2018-02-08 00:00:00,0.7675000000000001,0.9154,0.7675000000000001,0.77,277.2000000000003,10571,329.5440000000003,276.3000000000003,276.3000000000003,29,0.0,1.0
2018-02-09 00:00:00,0.77,0.8200000000000001,0.77,0.8,288.00000000000034,13637,295.20000000000033,277.2000000000003,277.2000000000003,37,0.0,1.0
2018-02-12 00:00:00,0.855,0.855,0.77,0.77,277.2000000000003,17373,307.8000000000003,277.2000000000003,307.8000000000003,48,0.0,1.0
2018-02-13 00:00:00,0.77,0.8,0.77,0.77,277.2000000000003,3080,288.00000000000034,277.2000000000003,277.2000000000003,8,0.0,1.0
2018-02-14 00:00:00,0.85,0.85,0.78756,0.8484,305.4240000000003,27676,306.00000000000034,283.5216000000003,306.00000000000034,76,0.0,1.0
2018-02-15 00:00:00,0.8484,0.98,0.8484,0.8484,305.4240000000003,11191,352.80000000000035,305.4240000000003,305.4240000000003,31,0.0,1.0
2018-02-16 00:00:00,0.9,0.9,0.704,0.7205,259.3800000000003,7519,324.00000000000034,253.44000000000025,324.00000000000034,20,0.0,1.0
2018-02-20 00:00:00,0.7203,0.8,0.7203,0.75,270.0000000000003,4828,288.00000000000034,259.3080000000003,259.3080000000003,13,0.0,1.0
2018-02-21 00:00:00,0.8444,0.8444,0.6903,0.6903,248.5080000000003,8235,303.9840000000003,248.5080000000003,303.9840000000003,22,0.0,1.0
2018-02-22 00:00:00,0.6952,0.9494,0.6952,0.8847,318.49200000000036,17594,341.7840000000004,250.27200000000028,250.27200000000028,48,0.0,1.0
2018-02-23 00:00:00,0.9,0.97,0.8,0.9,324.00000000000034,3415,349.2000000000004,288.00000000000034,324.00000000000034,9,0.0,1.0
2018-02-26 00:00:00,0.7503000000000001,0.88,0.7503000000000001,0.7552700000000001,271.89720000000034,6785,316.80000000000035,270.1080000000003,270.1080000000003,18,0.0,1.0
2018-02-27 00:00:00,0.7553000000000001,0.7554000000000001,0.7553000000000001,0.7554000000000001,271.9440000000003,778,271.9440000000003,271.9080000000003,271.9080000000003,2,0.0,1.0
2018-02-28 00:00:00,0.76,0.8484,0.7503000000000001,0.8484,305.4240000000003,12477,305.4240000000003,270.1080000000003,273.6000000000003,34,0.0,1.0
2018-03-01 00:00:00,0.7554000000000001,0.81,0.7554000000000001,0.79,284.4000000000003,5637,291.6000000000003,271.9440000000003,271.9440000000003,15,0.0,1.0
2018-03-02 00:00:00,0.7503000000000001,0.79,0.59,0.778,280.0800000000003,3882,284.4000000000003,212.4000000000002,270.1080000000003,10,0.0,1.0
2018-03-05 00:00:00,0.75,0.75,0.67,0.7000000000000001,252.00000000000028,6814,270.0000000000003,241.20000000000027,270.0000000000003,18,0.0,1.0
2018-03-06 00:00:00,0.6000000000000001,0.6900000000000001,0.6000000000000001,0.6000000000000001,216.00000000000023,13007,248.4000000000003,216.00000000000023,216.00000000000023,36,0.0,1.0
2018-03-07 00:00:00,0.64,0.6900000000000001,0.64,0.6900000000000001,248.4000000000003,3983,248.4000000000003,230.40000000000023,230.40000000000023,11,0.0,1.0
2018-03-08 00:00:00,0.64,0.7000000000000001,0.555,0.7000000000000001,252.00000000000028,6025,252.00000000000028,199.80000000000024,230.40000000000023,16,0.0,1.0
2018-03-09 00:00:00,0.68,0.68,0.5700000000000001,0.585,210.60000000000025,2260,244.80000000000027,205.20000000000024,244.80000000000027,6,0.0,1.0
2018-03-12 00:00:00,0.68,0.68,0.65,0.68,244.80000000000027,5945,244.80000000000027,234.00000000000023,244.80000000000027,16,0.0,1.0
2018-03-13 00:00:00,0.68,0.68,0.65,0.65,234.00000000000023,2458,244.80000000000027,234.00000000000023,244.80000000000027,6,0.0,1.0
2018-03-14 00:00:00,0.581,0.65,0.58,0.585,210.60000000000025,5266,234.00000000000023,208.8000000000002,209.1600000000002,14,0.0,1.0
2018-03-15 00:00:00,0.585,0.65,0.585,0.585,210.60000000000025,1355,234.00000000000023,210.60000000000025,210.60000000000025,3,0.0,1.0
2018-03-16 00:00:00,0.585,0.585,0.585,0.585,210.60000000000025,2907,210.60000000000025,210.60000000000025,210.60000000000025,8,0.0,1.0
2018-03-19 00:00:00,0.5577,0.5700000000000001,0.5204,0.5204,187.3440000000002,7190,205.20000000000024,187.3440000000002,200.7720000000002,19,0.0,1.0
2018-03-20 00:00:00,0.525,0.67,0.521,0.522,187.9200000000002,8616,241.20000000000027,187.5600000000002,189.0000000000002,23,0.0,1.0
2018-03-21 00:00:00,0.522,0.55,0.522,0.55,198.00000000000023,5836,198.00000000000023,187.9200000000002,187.9200000000002,16,0.0,1.0
2018-03-22 00:00:00,0.522,0.54,0.4441,0.51,183.6000000000002,26259,194.4000000000002,159.87600000000018,187.9200000000002,72,0.0,1.0
2018-03-23 00:00:00,0.5,0.5,0.405,0.405,145.80000000000015,11293,180.0000000000002,145.80000000000015,180.0000000000002,31,0.0,1.0
2018-03-26 00:00:00,0.4103,0.5,0.405,0.5,180.0000000000002,6418,180.0000000000002,145.80000000000015,147.70800000000017,17,0.0,1.0
2018-03-27 00:00:00,0.4999,0.4999,0.4075,0.44296,159.46560000000017,3965,179.9640000000002,146.70000000000016,179.9640000000002,11,0.0,1.0
2018-03-28 00:00:00,0.4999,0.4999,0.4103,0.4103,147.70800000000017,1010,179.9640000000002,147.70800000000017,179.9640000000002,2,0.0,1.0
2018-03-29 00:00:00,0.49495,0.49495,0.4103,0.4103,147.70800000000017,685,178.18200000000022,147.70800000000017,178.18200000000022,1,0.0,1.0
2018-04-02 00:00:00,0.405,0.405,0.40015,0.40015,144.05400000000014,4041,145.80000000000015,144.05400000000014,145.80000000000015,11,0.0,1.0
2018-04-03 00:00:00,0.47,0.47,0.47,0.47,169.2000000000002,300,169.2000000000002,169.2000000000002,169.2000000000002,0,0.0,1.0
2018-04-04 00:00:00,0.47,0.48,0.4103,0.48,172.80000000000018,2000,172.80000000000018,147.70800000000017,169.2000000000002,5,0.0,1.0
2018-04-05 00:00:00,0.475,0.48,0.37525,0.48,172.80000000000018,3582,172.80000000000018,135.09000000000017,171.0000000000002,9,0.0,1.0
2018-04-06 00:00:00,0.4999,0.4999,0.4899,0.4899,176.36400000000015,2232,179.9640000000002,176.36400000000015,179.9640000000002,6,0.0,1.0
2018-04-09 00:00:00,0.40525,0.4899,0.40525,0.4899,176.36400000000015,800,176.36400000000015,145.8900000000002,145.8900000000002,2,0.0,1.0
2018-04-10 00:00:00,0.40525,0.44596,0.40525,0.44596,160.54560000000018,818,160.54560000000018,145.8900000000002,145.8900000000002,2,0.0,1.0
2018-04-11 00:00:00,0.44,0.52,0.4,0.4,144.00000000000017,2122,187.20000000000024,144.00000000000017,158.40000000000018,5,0.0,1.0
2018-04-12 00:00:00,0.40525,0.51,0.40525,0.51,183.6000000000002,3142,183.6000000000002,145.8900000000002,145.8900000000002,8,0.0,1.0
2018-04-13 00:00:00,0.505,0.505,0.44,0.44,158.40000000000018,5407,181.80000000000015,158.40000000000018,181.80000000000015,15,0.0,1.0
2018-04-16 00:00:00,0.32,0.525,0.32,0.52,187.20000000000024,5004,189.0000000000002,115.20000000000012,115.20000000000012,13,0.0,1.0
2018-04-17 00:00:00,0.54,0.54,0.37,0.39,140.40000000000015,9984,194.4000000000002,133.20000000000013,194.4000000000002,27,0.0,1.0
2018-04-18 00:00:00,0.5700000000000001,0.5700000000000001,0.39,0.39,140.40000000000015,800,205.20000000000024,140.40000000000015,205.20000000000024,2,0.0,1.0
2018-04-19 00:00:00,0.4,0.42,0.4,0.42,151.20000000000016,2017,151.20000000000016,144.00000000000017,144.00000000000017,5,0.0,1.0
2018-04-20 00:00:00,0.42,0.5678000000000001,0.42,0.43,154.80000000000015,8006,204.40800000000024,151.20000000000016,151.20000000000016,22,0.0,1.0
2018-04-23 00:00:00,0.45,0.45,0.45,0.45,162.00000000000017,5500,162.00000000000017,162.00000000000017,162.00000000000017,15,0.0,1.0
2018-04-25 00:00:00,0.5,0.55,0.47,0.51,183.6000000000002,101011,198.00000000000023,169.2000000000002,180.0000000000002,280,0.0,1.0
2018-04-26 00:00:00,0.5,0.5,0.47,0.495,178.2000000000002,9710,180.0000000000002,169.2000000000002,180.0000000000002,26,0.0,1.0
2018-04-27 00:00:00,0.43,0.5,0.39,0.5,180.0000000000002,40552,180.0000000000002,140.40000000000015,154.80000000000015,112,0.0,1.0
2018-04-30 00:00:00,0.5,0.5,0.5,0.5,180.0000000000002,920,180.0000000000002,180.0000000000002,180.0000000000002,2,0.0,1.0
2018-05-01 00:00:00,0.42,0.48,0.42,0.44,158.40000000000018,3213,172.80000000000018,151.20000000000016,151.20000000000016,8,0.0,1.0
2018-05-02 00:00:00,0.45,0.5,0.381,0.5,180.0000000000002,63646,180.0000000000002,137.16000000000014,162.00000000000017,176,0.0,1.0
2018-05-03 00:00:00,0.51,0.51,0.42,0.5,180.0000000000002,16668,183.6000000000002,151.20000000000016,183.6000000000002,46,0.0,1.0
2018-05-04 00:00:00,0.43,0.46,0.42,0.46,165.6000000000002,13064,165.6000000000002,151.20000000000016,154.80000000000015,36,0.0,1.0
2018-05-07 00:00:00,0.44,0.48,0.43,0.48,172.80000000000018,1405,172.80000000000018,154.80000000000015,158.40000000000018,3,0.0,1.0
2018-05-08 00:00:00,0.5,0.5075000000000001,0.5,0.5,180.0000000000002,4409,182.70000000000024,180.0000000000002,180.0000000000002,12,0.0,1.0
2018-05-09 00:00:00,0.51,0.51,0.442,0.453,163.08000000000018,2740,183.6000000000002,159.12000000000018,183.6000000000002,7,0.0,1.0
2018-05-10 00:00:00,0.453,0.51,0.453,0.51,183.6000000000002,5942,183.6000000000002,163.08000000000018,163.08000000000018,16,0.0,1.0
2018-05-11 00:00:00,0.4676,0.4676,0.4675,0.4675,168.30000000000018,1350,168.33600000000018,168.30000000000018,168.33600000000018,3,0.0,1.0
2018-05-14 00:00:00,0.4675,0.54201,0.4601,0.4706,169.4160000000002,6069,195.1236000000002,165.63600000000017,168.30000000000018,16,0.0,1.0
2018-05-15 00:00:00,0.545,0.545,0.4801,0.5199,187.1640000000002,10285,196.20000000000024,172.83600000000018,196.20000000000024,28,0.0,1.0
2018-05-16 00:00:00,0.545,0.545,0.4801,0.4801,172.83600000000018,2300,196.20000000000024,172.83600000000018,196.20000000000024,6,0.0,1.0
2018-05-17 00:00:00,0.4801,0.48996,0.45,0.45,162.00000000000017,1179,176.3856000000002,162.00000000000017,172.83600000000018,3,0.0,1.0
2018-05-18 00:00:00,0.45,0.46,0.43,0.45,162.00000000000017,13649,165.6000000000002,154.80000000000015,162.00000000000017,37,0.0,1.0
2018-05-21 00:00:00,0.48,0.489,0.48,0.489,176.0400000000002,900,176.0400000000002,172.80000000000018,172.80000000000018,2,0.0,1.0
2018-05-22 00:00:00,0.4845,0.4845,0.4845,0.4845,174.4200000000002,200,174.4200000000002,174.4200000000002,174.4200000000002,0,0.0,1.0
2018-05-23 00:00:00,0.478,0.4795,0.478,0.4795,172.6200000000002,255,172.6200000000002,172.08000000000018,172.08000000000018,0,0.0,1.0
2018-05-24 00:00:00,0.44,0.45,0.3935,0.3935,141.66000000000017,2095,162.00000000000017,141.66000000000017,158.40000000000018,5,0.0,1.0
2018-05-25 00:00:00,0.3935,0.42015,0.367,0.4146,149.25600000000017,3237,151.25400000000016,132.12000000000015,141.66000000000017,8,0.0,1.0
2018-05-29 00:00:00,0.38,0.47,0.33515,0.469,168.84000000000017,36210,169.2000000000002,120.65400000000012,136.80000000000015,100,0.0,1.0
2018-05-30 00:00:00,0.362,0.4002,0.362,0.4,144.00000000000017,58504,144.07200000000014,130.32000000000014,130.32000000000014,162,0.0,1.0
2018-05-31 00:00:00,0.4,0.4,0.4,0.4,144.00000000000017,4,144.00000000000017,144.00000000000017,144.00000000000017,0,0.0,1.0
2018-06-01 00:00:00,0.46,0.46,0.46,0.46,165.6000000000002,1265,165.6000000000002,165.6000000000002,165.6000000000002,3,0.0,1.0
2018-06-04 00:00:00,0.3801,0.46,0.3801,0.45,162.00000000000017,5875,165.6000000000002,136.83600000000015,136.83600000000015,16,0.0,1.0
2018-06-05 00:00:00,0.4831,0.4831,0.381,0.381,137.16000000000014,846,173.9160000000002,137.16000000000014,173.9160000000002,2,0.0,1.0
2018-06-06 00:00:00,0.381,0.44,0.381,0.44,158.40000000000018,7325,158.40000000000018,137.16000000000014,137.16000000000014,20,0.0,1.0
2018-06-07 00:00:00,0.41768,0.41768,0.41768,0.41768,150.36480000000017,135,150.36480000000017,150.36480000000017,150.36480000000017,0,0.0,1.0
2018-06-08 00:00:00,0.3842,0.3842,0.3842,0.3842,138.31200000000015,309,138.31200000000015,138.31200000000015,138.31200000000015,0,0.0,1.0
2018-06-11 00:00:00,0.3801,0.39019,0.3801,0.39,140.40000000000015,5200,140.46840000000017,136.83600000000015,136.83600000000015,14,0.0,1.0
2018-06-12 00:00:00,0.46745,0.475,0.3851,0.475,171.0000000000002,5440,171.0000000000002,138.63600000000014,168.28200000000018,15,0.0,1.0
2018-06-13 00:00:00,0.3801,0.3801,0.3801,0.3801,136.83600000000015,1431,136.83600000000015,136.83600000000015,136.83600000000015,3,0.0,1.0
2018-06-14 00:00:00,0.4001,0.54,0.4,0.4,144.00000000000017,60229,194.4000000000002,144.00000000000017,144.03600000000014,167,0.0,1.0
2018-06-15 00:00:00,0.445,0.45,0.4,0.44,158.40000000000018,22797,162.00000000000017,144.00000000000017,160.20000000000016,63,0.0,1.0
2018-06-18 00:00:00,0.45,0.47,0.402,0.402,144.72000000000017,3959,169.2000000000002,144.72000000000017,162.00000000000017,10,0.0,1.0
2018-06-19 00:00:00,0.46,0.46,0.382,0.45,162.00000000000017,5150,165.6000000000002,137.52000000000015,165.6000000000002,14,0.0,1.0
2018-06-20 00:00:00,0.45,0.45,0.382,0.45,162.00000000000017,12200,162.00000000000017,137.52000000000015,162.00000000000017,33,0.0,1.0
2018-06-21 00:00:00,0.40417,0.43,0.40417,0.42713,153.76680000000016,9374,154.80000000000015,145.50120000000015,145.50120000000015,26,0.0,1.0
2018-06-22 00:00:00,0.3902,0.4,0.3803,0.3803,136.90800000000016,6950,144.00000000000017,136.90800000000016,140.47200000000015,19,0.0,1.0
2018-06-25 00:00:00,0.4,0.45,0.309,0.309,111.24000000000012,50654,162.00000000000017,111.24000000000012,144.00000000000017,140,0.0,1.0
2018-06-26 00:00:00,0.399,0.42,0.36,0.41,147.60000000000016,50364,151.20000000000016,129.60000000000014,143.64000000000016,139,0.0,1.0
2018-06-27 00:00:00,0.42,0.43,0.341,0.399,143.64000000000016,18340,154.80000000000015,122.76000000000012,151.20000000000016,50,0.0,1.0
2018-06-28 00:00:00,0.399,0.4,0.399,0.4,144.00000000000017,11996,144.00000000000017,143.64000000000016,143.64000000000016,33,0.0,1.0
2018-06-29 00:00:00,0.42,0.42,0.4074,0.42,151.20000000000016,4846,151.20000000000016,146.66400000000016,151.20000000000016,13,0.0,1.0
2018-07-02 00:00:00,0.47,0.4994,0.42,0.43,154.80000000000015,49130,179.7840000000002,151.20000000000016,169.2000000000002,136,0.0,1.0
2018-07-03 00:00:00,0.4203,0.43,0.42,0.43,154.80000000000015,10400,154.80000000000015,151.20000000000016,151.30800000000016,28,0.0,1.0
2018-07-05 00:00:00,0.4994,0.4994,0.42,0.44,158.40000000000018,17052,179.7840000000002,151.20000000000016,179.7840000000002,47,0.0,1.0
2018-07-06 00:00:00,0.41,0.44,0.41,0.44,158.40000000000018,2397,158.40000000000018,147.60000000000016,147.60000000000016,6,0.0,1.0
2018-07-09 00:00:00,0.4401,0.5498000000000001,0.44,0.46,165.6000000000002,77350,197.92800000000025,158.40000000000018,158.43600000000018,214,0.0,1.0
2018-07-10 00:00:00,0.44,0.47,0.43,0.47,169.2000000000002,48224,169.2000000000002,154.80000000000015,158.40000000000018,133,0.0,1.0
2018-07-11 00:00:00,0.47,0.49,0.4301,0.47425,170.7300000000002,18430,176.40000000000018,154.83600000000018,169.2000000000002,51,0.0,1.0
2018-07-12 00:00:00,0.4303,0.48,0.42,0.4201,151.23600000000016,68776,172.80000000000018,151.20000000000016,154.90800000000016,191,0.0,1.0
2018-07-13 00:00:00,0.43,0.44,0.41,0.43,154.80000000000015,19552,158.40000000000018,147.60000000000016,154.80000000000015,54,0.0,1.0
2018-07-16 00:00:00,0.43601,0.43601,0.4001,0.42,151.20000000000016,9709,156.96360000000016,144.03600000000014,156.96360000000016,26,0.0,1.0
2018-07-17 00:00:00,0.4135,0.415,0.4,0.415,149.40000000000018,12336,149.40000000000018,144.00000000000017,148.86000000000016,34,0.0,1.0
2018-07-18 00:00:00,0.415,0.4988,0.415,0.43,154.80000000000015,21090,179.5680000000002,149.40000000000018,149.40000000000018,58,0.0,1.0
2018-07-19 00:00:00,0.43,0.44,0.4101,0.4101,147.63600000000017,25139,158.40000000000018,147.63600000000017,154.80000000000015,69,0.0,1.0
2018-07-20 00:00:00,0.41,0.43,0.40505,0.40505,145.81800000000015,12040,154.80000000000015,145.81800000000015,147.60000000000016,33,0.0,1.0
2018-07-23 00:00:00,0.43,0.5194,0.4051,0.444,159.84000000000017,58431,186.98400000000015,145.83600000000015,154.80000000000015,162,0.0,1.0
2018-07-24 00:00:00,0.46,0.46,0.4001,0.43,154.80000000000015,16357,165.6000000000002,144.03600000000014,165.6000000000002,45,0.0,1.0
2018-07-25 00:00:00,0.4059,0.44,0.4053,0.43,154.80000000000015,18375,158.40000000000018,145.90800000000016,146.12400000000017,51,0.0,1.0
2018-07-26 00:00:00,0.40865,0.44,0.4006,0.4253249999999999,153.11700000000013,7893,158.40000000000018,144.21600000000015,147.11400000000015,21,0.0,1.0
2018-07-27 00:00:00,0.41565,0.43,0.4113,0.4113,148.06800000000015,7675,154.80000000000015,148.06800000000015,149.63400000000016,21,0.0,1.0
2018-07-30 00:00:00,0.42065,0.43,0.41,0.43,154.80000000000015,24716,154.80000000000015,147.60000000000016,151.43400000000017,68,0.0,1.0
2018-07-31 00:00:00,0.43,0.43,0.4001,0.43,154.80000000000015,19842,154.80000000000015,144.03600000000014,154.80000000000015,55,0.0,1.0
2018-08-01 00:00:00,0.43,0.43,0.4,0.41,147.60000000000016,21704,154.80000000000015,144.00000000000017,154.80000000000015,60,0.0,1.0
2018-08-02 00:00:00,0.415,0.43,0.41,0.43,154.80000000000015,1874,154.80000000000015,147.60000000000016,149.40000000000018,5,0.0,1.0
2018-08-03 00:00:00,0.43,0.43,0.4,0.4,144.00000000000017,10876,154.80000000000015,144.00000000000017,154.80000000000015,30,0.0,1.0
2018-08-06 00:00:00,0.43,0.43,0.4,0.4,144.00000000000017,1309,154.80000000000015,144.00000000000017,154.80000000000015,3,0.0,1.0
2018-08-07 00:00:00,0.43,0.43,0.4022,0.43,154.80000000000015,11600,154.80000000000015,144.79200000000014,154.80000000000015,32,0.0,1.0
2018-08-08 00:00:00,0.4075749999999999,0.5375,0.4075,0.47,169.2000000000002,65985,193.5000000000002,146.70000000000016,146.72700000000015,183,0.0,1.0
2018-08-09 00:00:00,0.43,0.5799000000000001,0.4213,0.4213,151.66800000000018,171698,208.76400000000024,151.66800000000018,154.80000000000015,476,0.0,1.0
2018-08-10 00:00:00,0.44,0.46,0.4213,0.44714,160.97040000000018,35152,165.6000000000002,151.66800000000018,158.40000000000018,97,0.0,1.0
2018-08-13 00:00:00,0.45,0.4711,0.4302,0.46,165.6000000000002,50518,169.59600000000017,154.87200000000018,162.00000000000017,140,0.0,1.0
2018-08-14 00:00:00,0.47,0.64,0.47,0.62,223.20000000000024,164429,230.40000000000023,169.2000000000002,169.2000000000002,456,0.0,1.0
2018-08-15 00:00:00,0.64,0.65,0.55,0.55,198.00000000000023,49768,234.00000000000023,198.00000000000023,230.40000000000023,138,0.0,1.0
2018-08-16 00:00:00,0.5700000000000001,0.63,0.5700000000000001,0.61,219.60000000000025,42627,226.80000000000024,205.20000000000024,205.20000000000024,118,0.0,1.0
2018-08-17 00:00:00,0.685,0.7875000000000001,0.65,0.6980000000000001,251.28000000000029,64451,283.50000000000034,234.00000000000023,246.60000000000028,179,0.0,1.0
2018-08-20 00:00:00,0.72,0.77,0.6950000000000001,0.759,273.2400000000003,106130,277.2000000000003,250.20000000000027,259.2000000000003,294,0.0,1.0
2018-08-21 00:00:00,0.77,0.78,0.73,0.77,277.2000000000003,58162,280.8000000000003,262.8000000000003,277.2000000000003,161,0.0,1.0
2018-08-22 00:00:00,0.78,0.78,0.67,0.7000000000000001,252.00000000000028,58652,280.8000000000003,241.20000000000027,280.8000000000003,162,0.0,1.0
2018-08-23 00:00:00,0.72,0.74,0.66,0.66,237.60000000000025,56001,266.40000000000026,237.60000000000025,259.2000000000003,155,0.0,1.0
2018-08-24 00:00:00,0.65,0.7000000000000001,0.65,0.66,237.60000000000025,39601,252.00000000000028,234.00000000000023,234.00000000000023,110,0.0,1.0
2018-08-27 00:00:00,0.64,0.64,0.5,0.52,187.20000000000024,67398,230.40000000000023,180.0000000000002,230.40000000000023,187,0.0,1.0
2018-08-28 00:00:00,0.52,0.52,0.4613,0.4613,166.06800000000018,31252,187.20000000000024,166.06800000000018,187.20000000000024,86,0.0,1.0
2018-08-29 00:00:00,0.5,0.7000000000000001,0.462,0.532,191.5200000000002,57777,252.00000000000028,166.3200000000002,180.0000000000002,160,0.0,1.0
2018-08-30 00:00:00,0.62,0.64,0.54915,0.6191,222.87600000000023,51288,230.40000000000023,197.69400000000024,223.20000000000024,142,0.0,1.0
2018-08-31 00:00:00,0.59,0.59,0.465,0.521,187.5600000000002,22564,212.4000000000002,167.40000000000018,212.4000000000002,62,0.0,1.0
2018-09-04 00:00:00,0.5,0.5700000000000001,0.462,0.5,180.0000000000002,48884,205.20000000000024,166.3200000000002,180.0000000000002,135,0.0,1.0
2018-09-05 00:00:00,0.51,0.51,0.46,0.46,165.6000000000002,48991,183.6000000000002,165.6000000000002,183.6000000000002,136,0.0,1.0
2018-09-06 00:00:00,0.46,0.46,0.395,0.43,154.80000000000015,57876,165.6000000000002,142.20000000000016,165.6000000000002,160,0.0,1.0
2018-09-07 00:00:00,0.43,0.43,0.37,0.39,140.40000000000015,26139,154.80000000000015,133.20000000000013,154.80000000000015,72,0.0,1.0
2018-09-10 00:00:00,0.385,0.385,0.37,0.385,138.60000000000014,17485,138.60000000000014,133.20000000000013,138.60000000000014,48,0.0,1.0
2018-09-11 00:00:00,0.3657,0.4,0.332,0.39,140.40000000000015,38433,144.00000000000017,119.52000000000014,131.65200000000016,106,0.0,1.0
2018-09-12 00:00:00,0.4,0.4,0.34,0.38,136.80000000000015,32700,144.00000000000017,122.40000000000012,144.00000000000017,90,0.0,1.0
2018-09-13 00:00:00,0.35,0.38,0.275,0.306,110.16000000000012,33670,136.80000000000015,99.00000000000011,126.00000000000014,93,0.0,1.0
2018-09-14 00:00:00,0.38,0.46,0.34,0.39,140.40000000000015,36523,165.6000000000002,122.40000000000012,136.80000000000015,101,0.0,1.0
2018-09-17 00:00:00,0.36545,0.3999,0.36545,0.3657,131.65200000000016,6477,143.96400000000017,131.56200000000015,131.56200000000015,17,0.0,1.0
2018-09-18 00:00:00,0.3201,0.397,0.32,0.3465,124.74000000000014,36696,142.92000000000016,115.20000000000012,115.23600000000012,101,0.0,1.0
2018-09-19 00:00:00,0.353,0.379,0.311,0.35,126.00000000000014,21141,136.44000000000014,111.96000000000012,127.08000000000013,58,0.0,1.0
2018-09-20 00:00:00,0.38,0.4444,0.35,0.35,126.00000000000014,172668,159.98400000000018,126.00000000000014,136.80000000000015,479,0.0,1.0
2018-09-21 00:00:00,0.41,0.45,0.34,0.3503,126.10800000000012,102473,162.00000000000017,122.40000000000012,147.60000000000016,284,0.0,1.0
2018-09-24 00:00:00,0.36,0.3875,0.35,0.36,129.60000000000014,112583,139.50000000000014,126.00000000000014,129.60000000000014,312,0.0,1.0
2018-09-25 00:00:00,0.38,0.52,0.369,0.5,180.0000000000002,287460,187.20000000000024,132.84000000000017,136.80000000000015,798,0.0,1.0
2018-09-26 00:00:00,0.7099000000000001,0.71,0.54,0.56,201.60000000000025,254713,255.60000000000025,194.4000000000002,255.5640000000003,707,0.0,1.0
2018-09-27 00:00:00,0.545,0.56,0.38,0.447,160.9200000000002,76495,201.60000000000025,136.80000000000015,196.20000000000024,212,0.0,1.0
2018-09-28 00:00:00,0.5,0.5,0.41,0.48,172.80000000000018,39292,180.0000000000002,147.60000000000016,180.0000000000002,109,0.0,1.0
2018-10-01 00:00:00,0.5,0.5,0.4,0.43,154.80000000000015,82068,180.0000000000002,144.00000000000017,180.0000000000002,227,0.0,1.0
2018-10-02 00:00:00,0.43,0.43,0.35,0.38,136.80000000000015,84573,154.80000000000015,126.00000000000014,154.80000000000015,234,0.0,1.0
2018-10-03 00:00:00,0.39,0.39,0.32,0.35,126.00000000000014,50492,140.40000000000015,115.20000000000012,140.40000000000015,140,0.0,1.0
2018-10-04 00:00:00,0.3,0.37,0.26,0.326,117.36000000000011,65552,133.20000000000013,93.60000000000012,108.00000000000011,182,0.0,1.0
2018-10-05 00:00:00,0.312,0.36,0.292,0.355,127.80000000000013,37313,129.60000000000014,105.1200000000001,112.32000000000012,103,0.0,1.0
2018-10-08 00:00:00,0.359,0.37,0.32,0.3698,133.12800000000016,16956,133.20000000000013,115.20000000000012,129.24000000000012,47,0.0,1.0
2018-10-09 00:00:00,0.32,0.35,0.32,0.325,117.00000000000011,6654,126.00000000000014,115.20000000000012,115.20000000000012,18,0.0,1.0
2018-10-10 00:00:00,0.354,0.354,0.26,0.3088,111.16800000000012,58735,127.44000000000013,93.60000000000012,127.44000000000013,163,0.0,1.0
2018-10-11 00:00:00,0.293,0.32,0.29,0.32,115.20000000000012,3540,115.20000000000012,104.4000000000001,105.4800000000001,9,0.0,1.0
2018-10-12 00:00:00,0.29,0.32,0.27,0.32,115.20000000000012,25588,115.20000000000012,97.2000000000001,104.4000000000001,71,0.0,1.0
2018-10-15 00:00:00,0.295,0.32,0.27,0.3,108.00000000000011,17485,115.20000000000012,97.2000000000001,106.2000000000001,48,0.0,1.0
2018-10-16 00:00:00,0.3,0.3,0.28,0.29,104.4000000000001,28358,108.00000000000011,100.80000000000013,108.00000000000011,78,0.0,1.0
2018-10-17 00:00:00,0.29,0.29,0.27,0.281,101.16000000000012,29178,104.4000000000001,97.2000000000001,104.4000000000001,81,0.0,1.0
2018-10-18 00:00:00,0.3,0.3675,0.3,0.33,118.80000000000013,164307,132.30000000000013,108.00000000000011,108.00000000000011,456,0.0,1.0
2018-10-19 00:00:00,0.37895,0.379,0.33,0.33,118.80000000000013,118252,136.44000000000014,118.80000000000013,136.42200000000014,328,0.0,1.0
2018-10-22 00:00:00,0.33,0.33,0.28,0.325,117.00000000000011,38253,118.80000000000013,100.80000000000013,118.80000000000013,106,0.0,1.0
2018-10-23 00:00:00,0.3,0.32,0.28,0.298,107.28000000000011,67216,115.20000000000012,100.80000000000013,108.00000000000011,186,0.0,1.0
2018-10-24 00:00:00,0.3,0.319,0.2415,0.298,107.28000000000011,30379,114.84000000000012,86.9400000000001,108.00000000000011,84,0.0,1.0
2018-10-25 00:00:00,0.298,0.3,0.2825,0.29,104.4000000000001,37747,108.00000000000011,101.70000000000012,107.28000000000011,104,0.0,1.0
2018-10-26 00:00:00,0.295,0.3,0.2561,0.28,100.80000000000013,27242,108.00000000000011,92.1960000000001,106.2000000000001,75,0.0,1.0
2018-10-29 00:00:00,0.28,0.3,0.2521,0.2525,90.90000000000008,35442,108.00000000000011,90.75600000000009,100.80000000000013,98,0.0,1.0
2018-10-30 00:00:00,0.2525,0.299,0.25,0.2799,100.76400000000012,21463,107.64000000000011,90.0000000000001,90.90000000000008,59,0.0,1.0
2018-10-31 00:00:00,0.3,0.3,0.25,0.2684,96.62400000000012,57330,108.00000000000011,90.0000000000001,108.00000000000011,159,0.0,1.0
2018-11-01 00:00:00,0.2685,0.2685,0.2,0.222875,80.23500000000008,62416,96.66000000000012,72.00000000000009,96.66000000000012,173,0.0,1.0
2018-11-02 00:00:00,0.22,0.22,0.152,0.218,78.48000000000009,50387,79.20000000000009,54.720000000000056,79.20000000000009,139,0.0,1.0
2018-11-05 00:00:00,0.23,0.29,0.22,0.2625,94.5000000000001,111806,104.4000000000001,79.20000000000009,82.8000000000001,310,0.0,1.0
2018-11-06 00:00:00,0.31,0.31,0.184,0.265,95.4000000000001,118564,111.60000000000012,66.24000000000007,111.60000000000012,329,0.0,1.0
2018-11-07 00:00:00,0.3,0.3,0.25,0.25,90.0000000000001,94361,108.00000000000011,90.0000000000001,108.00000000000011,262,0.0,1.0
2018-11-08 00:00:00,0.26,0.26,0.215,0.2275,81.90000000000009,39985,93.60000000000012,77.40000000000008,93.60000000000012,111,0.0,1.0
2018-11-09 00:00:00,0.23,0.23,0.2,0.218,78.48000000000009,29940,82.8000000000001,72.00000000000009,82.8000000000001,83,0.0,1.0
2018-11-12 00:00:00,0.25,0.25,0.185,0.238,85.68000000000009,33101,90.0000000000001,66.60000000000007,90.0000000000001,91,0.0,1.0
2018-11-13 00:00:00,0.25,0.288,0.226,0.245,88.20000000000009,79181,103.68000000000012,81.36000000000008,90.0000000000001,219,0.0,1.0
2018-11-14 00:00:00,0.215,0.268,0.215,0.2255,81.18000000000009,64890,96.4800000000001,77.40000000000008,77.40000000000008,180,0.0,1.0
2018-11-15 00:00:00,0.25,0.28,0.2,0.2515,90.54000000000008,28631,100.80000000000013,72.00000000000009,90.0000000000001,79,0.0,1.0
2018-11-16 00:00:00,0.235,0.235,0.2,0.22,79.20000000000009,45528,84.6000000000001,72.00000000000009,84.6000000000001,126,0.0,1.0
2018-11-19 00:00:00,0.2,0.22,0.2,0.22,79.20000000000009,38235,79.20000000000009,72.00000000000009,72.00000000000009,106,0.0,1.0
2018-11-20 00:00:00,0.2225,0.245,0.2002,0.225,81.00000000000009,65105,88.20000000000009,72.07200000000009,80.10000000000008,180,0.0,1.0
2018-11-21 00:00:00,0.225,0.35,0.21,0.28,100.80000000000013,248041,126.00000000000014,75.60000000000008,81.00000000000009,689,0.0,1.0
2018-11-23 00:00:00,0.28,0.28,0.205,0.22,79.20000000000009,50108,100.80000000000013,73.80000000000008,100.80000000000013,139,0.0,1.0
2018-11-26 00:00:00,0.201,0.24,0.11,0.198,71.28000000000007,236341,86.40000000000009,39.60000000000005,72.36000000000008,656,0.0,1.0
2018-11-27 00:00:00,0.2,0.2,0.18,0.19,68.40000000000008,23868,72.00000000000009,64.80000000000007,72.00000000000009,66,0.0,1.0
2018-11-28 00:00:00,0.21,0.2799,0.16,0.21,75.60000000000008,213799,100.76400000000012,57.600000000000065,75.60000000000008,593,0.0,1.0
2018-11-29 00:00:00,0.24,0.24,0.19,0.22,79.20000000000009,43434,86.40000000000009,68.40000000000008,86.40000000000009,120,0.0,1.0
2018-11-30 00:00:00,0.24,0.24,0.205,0.23,82.8000000000001,42233,86.40000000000009,73.80000000000008,86.40000000000009,117,0.0,1.0
2018-12-03 00:00:00,0.23,0.23,0.1955,0.221,79.56000000000009,15167,82.8000000000001,70.38000000000008,82.8000000000001,42,0.0,1.0
2018-12-04 00:00:00,0.205,0.24,0.205,0.24,86.40000000000009,6076,86.40000000000009,73.80000000000008,73.80000000000008,16,0.0,1.0
2018-12-06 00:00:00,0.24,0.24,0.2055,0.2325,83.70000000000009,27248,86.40000000000009,73.98000000000009,86.40000000000009,75,0.0,1.0
2018-12-07 00:00:00,0.235,0.2499,0.225,0.225,81.00000000000009,22446,89.9640000000001,81.00000000000009,84.6000000000001,62,0.0,1.0
2018-12-10 00:00:00,0.19,0.23,0.175,0.23,82.8000000000001,17338,82.8000000000001,63.00000000000007,68.40000000000008,48,0.0,1.0
2018-12-11 00:00:00,0.2,0.229,0.16,0.22,79.20000000000009,10115,82.4400000000001,57.600000000000065,72.00000000000009,28,0.0,1.0
2018-12-12 00:00:00,0.16,0.26,0.16,0.26,93.60000000000012,52030,93.60000000000012,57.600000000000065,57.600000000000065,144,0.0,1.0
2018-12-13 00:00:00,0.1725,0.24,0.1725,0.225625,81.22500000000008,2450,86.40000000000009,62.10000000000007,62.10000000000007,6,0.0,1.0
2018-12-14 00:00:00,0.226,0.226,0.1825,0.226,81.36000000000008,14221,81.36000000000008,65.70000000000007,81.36000000000008,39,0.0,1.0
2018-12-17 00:00:00,0.26,0.26,0.17625,0.246,88.56000000000009,50364,93.60000000000012,63.450000000000074,93.60000000000012,139,0.0,1.0
2018-12-18 00:00:00,0.24,0.25,0.2,0.2475,89.10000000000011,17517,90.0000000000001,72.00000000000009,86.40000000000009,48,0.0,1.0
2018-12-19 00:00:00,0.2,0.23,0.16,0.23,82.8000000000001,64340,82.8000000000001,57.600000000000065,72.00000000000009,178,0.0,1.0
2018-12-20 00:00:00,0.20005,0.23,0.171,0.23,82.8000000000001,12567,82.8000000000001,61.560000000000066,72.01800000000007,34,0.0,1.0
2018-12-21 00:00:00,0.16,0.23,0.16,0.23,82.8000000000001,50954,82.8000000000001,57.600000000000065,57.600000000000065,141,0.0,1.0
2018-12-24 00:00:00,0.20525,0.23,0.20525,0.23,82.8000000000001,4760,82.8000000000001,73.89000000000009,73.89000000000009,13,0.0,1.0
2018-12-26 00:00:00,0.2,0.23,0.181,0.229,82.4400000000001,13555,82.8000000000001,65.16000000000007,72.00000000000009,37,0.0,1.0
2018-12-27 00:00:00,0.1803,0.24086,0.1803,0.215,77.40000000000008,27159,86.7096000000001,64.90800000000007,64.90800000000007,75,0.0,1.0
2018-12-28 00:00:00,0.1815,0.236915,0.1812,0.2289,82.4040000000001,15518,85.28940000000009,65.23200000000007,65.34000000000007,43,0.0,1.0
2018-12-31 00:00:00,0.229,0.229,0.171,0.225,81.00000000000009,10177,82.4400000000001,61.560000000000066,82.4400000000001,28,0.0,1.0
2019-01-02 00:00:00,0.1762,0.219,0.1762,0.219,78.84000000000009,16870,78.84000000000009,63.432000000000066,63.432000000000066,46,0.0,1.0
2019-01-03 00:00:00,0.1853,0.22671,0.1851,0.2128,76.60800000000009,13750,81.6156000000001,66.63600000000008,66.70800000000008,38,0.0,1.0
2019-01-04 00:00:00,0.1886,0.22755,0.1886,0.21,75.60000000000008,8113,81.91800000000009,67.89600000000007,67.89600000000007,22,0.0,1.0
2019-01-07 00:00:00,0.23,0.23,0.19795,0.21,75.60000000000008,31240,82.8000000000001,71.26200000000009,82.8000000000001,86,0.0,1.0
2019-01-08 00:00:00,0.21,0.224,0.19755,0.2,72.00000000000009,12769,80.64000000000009,71.11800000000008,75.60000000000008,35,0.0,1.0
2019-01-09 00:00:00,0.2,0.223,0.197,0.2138,76.96800000000009,14810,80.28000000000009,70.92000000000007,72.00000000000009,41,0.0,1.0
2019-01-10 00:00:00,0.1711,0.209,0.1711,0.209,75.24000000000008,16822,75.24000000000008,61.59600000000007,61.59600000000007,46,0.0,1.0
2019-01-11 00:00:00,0.1875,0.23,0.1875,0.225,81.00000000000009,17710,82.8000000000001,67.50000000000007,67.50000000000007,49,0.0,1.0
2019-01-14 00:00:00,0.23,0.23,0.18575,0.2,72.00000000000009,27475,82.8000000000001,66.87000000000008,82.8000000000001,76,0.0,1.0
2019-01-15 00:00:00,0.1725,0.219,0.1725,0.214,77.04000000000008,8573,78.84000000000009,62.10000000000007,62.10000000000007,23,0.0,1.0
2019-01-16 00:00:00,0.22,0.3,0.219,0.2595,93.4200000000001,169914,108.00000000000011,78.84000000000009,79.20000000000009,471,0.0,1.0
2019-01-17 00:00:00,0.2645,0.5299,0.2595,0.445,160.20000000000016,503582,190.7640000000002,93.4200000000001,95.2200000000001,1398,0.0,1.0
2019-01-18 00:00:00,0.455,0.67,0.45,0.59375,213.75000000000023,392953,241.20000000000027,162.00000000000017,163.80000000000018,1091,0.0,1.0
2019-01-22 00:00:00,0.6025,0.65,0.4,0.42,151.20000000000016,268339,234.00000000000023,144.00000000000017,216.90000000000023,745,0.0,1.0
2019-01-23 00:00:00,0.3601,0.5099,0.3575,0.395,142.20000000000016,197156,183.5640000000002,128.70000000000016,129.63600000000014,547,0.0,1.0
2019-01-24 00:00:00,0.415,0.47,0.4075,0.42,151.20000000000016,176107,169.2000000000002,146.70000000000016,149.40000000000018,489,0.0,1.0
2019-01-25 00:00:00,0.47,0.47,0.365,0.4,144.00000000000017,81783,169.2000000000002,131.40000000000015,169.2000000000002,227,0.0,1.0
2019-01-28 00:00:00,0.40225,0.49,0.3625,0.475,171.0000000000002,70951,176.40000000000018,130.50000000000014,144.81000000000017,197,0.0,1.0
2019-01-29 00:00:00,0.48,0.49,0.41,0.41,147.60000000000016,45912,176.40000000000018,147.60000000000016,172.80000000000018,127,0.0,1.0
2019-01-30 00:00:00,0.401,0.48,0.401,0.422,151.92000000000016,21862,172.80000000000018,144.36000000000016,144.36000000000016,60,0.0,1.0
2019-01-31 00:00:00,0.44,0.48,0.44,0.4575,164.7000000000002,29350,172.80000000000018,158.40000000000018,158.40000000000018,81,0.0,1.0
2019-02-01 00:00:00,0.46,0.55,0.46,0.49995,179.9820000000002,71393,198.00000000000023,165.6000000000002,165.6000000000002,198,0.0,1.0
2019-02-04 00:00:00,0.48995,0.55,0.48995,0.5317500000000001,191.43000000000023,21501,198.00000000000023,176.3820000000002,176.3820000000002,59,0.0,1.0
2019-02-05 00:00:00,0.6000000000000001,0.6000000000000001,0.42,0.5025000000000001,180.9000000000002,26993,216.00000000000023,151.20000000000016,216.00000000000023,74,0.0,1.0
2019-02-06 00:00:00,0.5,0.54,0.465,0.48,172.80000000000018,31937,194.4000000000002,167.40000000000018,180.0000000000002,88,0.0,1.0
2019-02-07 00:00:00,0.48,0.52,0.465,0.52,187.20000000000024,13863,187.20000000000024,167.40000000000018,172.80000000000018,38,0.0,1.0
2019-02-08 00:00:00,0.48,0.52,0.365,0.4125,148.50000000000017,95294,187.20000000000024,131.40000000000015,172.80000000000018,264,0.0,1.0
2019-02-11 00:00:00,0.42875,0.47,0.36,0.3925,141.30000000000015,72687,169.2000000000002,129.60000000000014,154.35000000000016,201,0.0,1.0
2019-02-12 00:00:00,0.43,0.43,0.3651,0.38,136.80000000000015,29219,154.80000000000015,131.43600000000015,154.80000000000015,81,0.0,1.0
2019-02-13 00:00:00,0.38,0.45,0.38,0.39,140.40000000000015,12092,162.00000000000017,136.80000000000015,136.80000000000015,33,0.0,1.0
2019-02-14 00:00:00,0.39,0.43,0.39,0.43,154.80000000000015,10465,154.80000000000015,140.40000000000015,140.40000000000015,29,0.0,1.0
2019-02-15 00:00:00,0.41,0.42,0.3,0.3955,142.38000000000017,37125,151.20000000000016,108.00000000000011,147.60000000000016,103,0.0,1.0
2019-02-19 00:00:00,0.4025,0.42,0.38,0.38,136.80000000000015,33325,151.20000000000016,136.80000000000015,144.90000000000015,92,0.0,1.0
2019-02-20 00:00:00,0.36,0.4265,0.35,0.4265,153.5400000000002,23207,153.5400000000002,126.00000000000014,129.60000000000014,64,0.0,1.0
2019-02-21 00:00:00,0.43,0.43,0.362975,0.4,144.00000000000017,12819,154.80000000000015,130.6710000000001,154.80000000000015,35,0.0,1.0
2019-02-22 00:00:00,0.4,0.4094,0.38,0.38,136.80000000000015,14872,147.38400000000016,136.80000000000015,144.00000000000017,41,0.0,1.0
2019-02-25 00:00:00,0.38,0.38,0.3001,0.38,136.80000000000015,79883,136.80000000000015,108.03600000000012,136.80000000000015,221,0.0,1.0
2019-02-26 00:00:00,0.37,0.39,0.35,0.38,136.80000000000015,8609,140.40000000000015,126.00000000000014,133.20000000000013,23,0.0,1.0
2019-02-27 00:00:00,0.35,0.3899,0.3,0.3899,140.36400000000015,20796,140.36400000000015,108.00000000000011,126.00000000000014,57,0.0,1.0
2019-03-01 00:00:00,11.3,11.3,11.3,11.3,135.60000000000002,108,135.60000000000002,135.60000000000002,135.60000000000002,9,0.0,0.0333333333333333
2019-03-04 00:00:00,10.925,10.925,10.925,10.925,131.10000000000002,294,131.10000000000002,131.10000000000002,131.10000000000002,24,0.0,1.0
2019-03-05 00:00:00,10.55,10.55,10.55,10.55,126.6,651,126.6,126.6,126.6,54,0.0,1.0
2019-03-06 00:00:00,10.5,10.5,10.5,10.5,126.0,420,126.0,126.0,126.0,35,0.0,1.0
2019-03-07 00:00:00,10.0,10.5,10.0,10.5,126.0,552,126.0,120.0,120.0,46,0.0,1.0
2019-03-08 00:00:00,10.5,10.5,10.5,10.5,126.0,207,126.0,126.0,126.0,17,0.0,1.0
2019-03-11 00:00:00,7.76,9.34,7.75,7.75,93.0,1277,112.08,93.0,93.12,106,0.0,1.0
2019-03-12 00:00:00,7.1,8.0,6.5,8.0,96.0,2381,96.0,78.0,85.2,198,0.0,1.0
2019-03-13 00:00:00,8.75,9.15,8.75,9.15,109.8,1999,109.8,105.0,105.0,166,0.0,1.0
2019-03-14 00:00:00,10.0,13.45,10.0,12.0,144.0,7219,161.4,120.0,120.0,601,0.0,1.0
2019-03-15 00:00:00,12.01,12.01,10.3,11.84,142.08,4225,144.12,123.6,144.12,352,0.0,1.0
2019-03-18 00:00:00,11.77,11.77,10.0,11.0,132.0,1777,141.24,120.0,141.24,148,0.0,1.0
2019-03-19 00:00:00,10.45,10.45,10.0,10.05,120.6,1273,125.4,120.0,125.4,106,0.0,1.0
2019-03-20 00:00:00,9.15,9.94,9.15,9.9,118.8,817,119.28,109.8,109.8,68,0.0,1.0
2019-03-21 00:00:00,9.5,9.75,8.525,8.9,106.8,2731,117.0,102.3,114.0,227,0.0,1.0
2019-03-22 00:00:00,8.97,9.7,8.97,9.7,116.4,593,116.4,107.64,107.64,49,0.0,1.0
2019-03-25 00:00:00,8.99,9.75,8.99,9.75,117.0,928,117.0,107.88,107.88,77,0.0,1.0
2019-03-26 00:00:00,9.75,9.75,9.75,9.75,117.0,364,117.0,117.0,117.0,30,0.0,1.0
2019-03-27 00:00:00,10.2,10.2,9.27,9.99,119.88,1151,122.4,111.24,122.4,95,0.0,1.0
2019-03-28 00:00:00,9.99,9.99,9.99,9.99,119.88,345,119.88,119.88,119.88,28,0.0,1.0
2019-03-29 00:00:00,9.99,9.99,9.99,9.99,119.88,134,119.88,119.88,119.88,11,0.0,1.0
2019-04-01 00:00:00,9.49,10.0,9.49,10.0,120.0,723,120.0,113.88,113.88,60,0.0,1.0
2019-04-02 00:00:00,9.2,9.25,6.25,7.1,85.2,2226,111.0,75.0,110.4,185,0.0,1.0
2019-04-03 00:00:00,7.25,9.25,7.25,7.5,90.0,1362,111.0,87.0,87.0,113,0.0,1.0
2019-04-04 00:00:00,7.45,7.46,7.45,7.46,89.52000000000001,202,89.52000000000001,89.4,89.4,16,0.0,1.0
2019-04-05 00:00:00,9.0,9.0,7.87,7.87,94.44,701,108.0,94.44,108.0,58,0.0,1.0
2019-04-08 00:00:00,8.5,8.5,8.5,8.5,102.0,248,102.0,102.0,102.0,20,0.0,1.0
2019-04-09 00:00:00,8.09,11.0,8.0,8.0,96.0,1772,132.0,96.0,97.08,147,0.0,1.0
2019-04-10 00:00:00,8.5,8.5,7.5,7.5,90.0,708,102.0,90.0,102.0,59,0.0,1.0
2019-04-11 00:00:00,8.45,8.45,7.65,8.0,96.0,2455,101.4,91.8,101.4,204,0.0,1.0
2019-04-12 00:00:00,8.0,8.1,7.7,7.7,92.4,393,97.2,92.4,96.0,32,0.0,1.0
2019-04-15 00:00:00,7.7,7.7,7.7,7.7,92.4,17,92.4,92.4,92.4,1,0.0,1.0
2019-04-16 00:00:00,7.46,7.46,7.46,7.46,89.52000000000001,357,89.52000000000001,89.52000000000001,89.52000000000001,29,0.0,1.0
2019-04-17 00:00:00,7.46,7.46,7.46,7.46,89.52000000000001,200,89.52000000000001,89.52000000000001,89.52000000000001,16,0.0,1.0
2019-04-18 00:00:00,7.5,7.5,7.5,7.5,90.0,212,90.0,90.0,90.0,17,0.0,1.0
2019-04-22 00:00:00,7.46,7.46,7.21,7.21,86.52000000000001,952,89.52000000000001,86.52000000000001,89.52000000000001,79,0.0,1.0
2019-04-23 00:00:00,7.49,7.49,7.25,7.25,87.0,389,89.88000000000001,87.0,89.88000000000001,32,0.0,1.0
2019-04-24 00:00:00,7.25,7.25,7.25,7.25,87.0,36,87.0,87.0,87.0,3,0.0,1.0
2019-04-25 00:00:00,7.25,7.25,7.25,7.25,87.0,84,87.0,87.0,87.0,7,0.0,1.0
2019-04-26 00:00:00,7.23,7.23,6.6,7.15,85.80000000000001,671,86.76,79.2,86.76,55,0.0,1.0
2019-04-29 00:00:00,6.6,6.6,6.6,6.6,79.2,1095,79.2,79.2,79.2,91,0.0,1.0
2019-04-30 00:00:00,6.5,6.5,6.02,6.02,72.24,612,78.0,72.24,78.0,51,0.0,1.0
2019-05-01 00:00:00,6.48,6.48,6.48,6.48,77.76,200,77.76,77.76,77.76,16,0.0,1.0
2019-05-02 00:00:00,6.5,7.25,6.5,7.25,87.0,1275,87.0,78.0,78.0,106,0.0,1.0
2019-05-03 00:00:00,6.595,6.595,6.595,6.595,79.14,254,79.14,79.14,79.14,21,0.0,1.0
2019-05-06 00:00:00,6.595,6.595,6.595,6.595,79.14,57,79.14,79.14,79.14,4,0.0,1.0
2019-05-07 00:00:00,6.595,6.595,6.595,6.595,79.14,1,79.14,79.14,79.14,0,0.0,1.0
2019-05-08 00:00:00,6.1,6.1,5.953,6.02,72.24,605,73.2,71.436,73.2,50,0.0,1.0
2019-05-09 00:00:00,6.0,6.0,5.85,6.0,72.0,501,72.0,70.2,72.0,41,0.0,1.0
2019-05-10 00:00:00,5.5,6.0,4.85,6.0,72.0,1562,72.0,58.2,66.0,130,0.0,1.0
2019-05-13 00:00:00,5.36,5.36,5.36,5.36,64.32000000000001,330,64.32000000000001,64.32000000000001,64.32000000000001,27,0.0,1.0
2019-05-14 00:00:00,5.5,5.5,5.5,5.5,66.0,301,66.0,66.0,66.0,25,0.0,1.0
2019-05-15 00:00:00,5.5,5.5,5.5,5.5,66.0,59,66.0,66.0,66.0,4,0.0,1.0
2019-05-16 00:00:00,5.5,5.5,5.5,5.5,66.0,4,66.0,66.0,66.0,0,0.0,1.0
2019-05-17 00:00:00,5.5,5.5,5.5,5.5,66.0,1,66.0,66.0,66.0,0,0.0,1.0
2019-05-20 00:00:00,5.4,5.4,5.31,5.31,63.72,709,64.80000000000001,63.72,64.80000000000001,59,0.0,1.0
2019-05-21 00:00:00,5.31,5.31,5.31,5.31,63.72,31,63.72,63.72,63.72,2,0.0,1.0
2019-05-22 00:00:00,5.25,5.25,5.05,5.05,60.6,785,63.0,60.6,63.0,65,0.0,1.0
2019-05-23 00:00:00,5.1,5.1,4.25,5.0,60.0,1854,61.2,51.0,61.2,154,0.0,1.0
2019-05-24 00:00:00,4.955,5.45,4.8,5.45,65.4,1020,65.4,57.6,59.46,85,0.0,1.0
2019-05-28 00:00:00,5.45,5.45,5.45,5.45,65.4,58,65.4,65.4,65.4,4,0.0,1.0
2019-05-29 00:00:00,4.75,5.0,4.06,5.0,60.0,1576,60.0,48.72,57.0,131,0.0,1.0
2019-05-30 00:00:00,5.0,5.0,5.0,5.0,60.0,133,60.0,60.0,60.0,11,0.0,1.0
2019-05-31 00:00:00,4.75,4.75,4.75,4.75,57.0,1133,57.0,57.0,57.0,94,0.0,1.0
2019-06-03 00:00:00,5.0,5.0,5.0,5.0,60.0,257,60.0,60.0,60.0,21,0.0,1.0
2019-06-04 00:00:00,4.5,4.75,4.5,4.75,57.0,815,57.0,54.0,54.0,67,0.0,1.0
2019-06-05 00:00:00,4.5,4.5,4.125,4.25,51.0,2147,54.0,49.5,54.0,178,0.0,1.0
2019-06-06 00:00:00,4.25,4.25,4.25,4.25,51.0,52,51.0,51.0,51.0,4,0.0,1.0
2019-06-07 00:00:00,4.1,4.1,3.0,3.0,36.0,1154,49.2,36.0,49.2,96,0.0,1.0
2019-06-10 00:00:00,5.0,5.0,4.75,4.85,58.2,5342,60.0,57.0,60.0,445,0.0,1.0
2019-06-11 00:00:00,4.95,5.25,4.95,5.25,63.0,897,63.0,59.400000000000006,59.400000000000006,74,0.0,1.0
2019-06-12 00:00:00,5.85,7.74,5.85,7.075,84.9,6392,92.88,70.2,70.2,532,0.0,1.0
2019-06-13 00:00:00,7.15,7.15,6.15,7.0,84.0,2060,85.80000000000001,73.80000000000001,85.80000000000001,171,0.0,1.0
2019-06-14 00:00:00,6.7,6.7,6.15,6.5,78.0,1592,80.4,73.80000000000001,80.4,132,0.0,1.0
2019-06-17 00:00:00,6.85,6.86,6.85,6.86,82.32000000000001,604,82.32000000000001,82.2,82.2,50,0.0,1.0
2019-06-18 00:00:00,6.94,7.6,6.94,7.6,91.2,1133,91.2,83.28000000000002,83.28000000000002,94,0.0,1.0
2019-06-19 00:00:00,7.63,7.67,7.6,7.66,91.92,2209,92.04,91.2,91.56,184,0.0,1.0
2019-06-20 00:00:00,7.65,7.65,7.6,7.65,91.8,1448,91.8,91.2,91.8,120,0.0,1.0
2019-06-21 00:00:00,7.55,8.2,7.55,8.2,98.4,1321,98.4,90.6,90.6,110,0.0,1.0
2019-06-24 00:00:00,8.26,9.2,6.5,8.0,96.0,2948,110.4,78.0,99.12,245,0.0,1.0
2019-06-25 00:00:00,8.27,8.3,8.27,8.3,99.6,268,99.6,99.24,99.24,22,0.0,1.0
2019-06-26 00:00:00,8.31,8.31,8.31,8.31,99.72,301,99.72,99.72,99.72,25,0.0,1.0
2019-06-27 00:00:00,8.06,8.06,7.81,7.81,93.72,554,96.72,93.72,96.72,46,0.0,1.0
2019-06-28 00:00:00,7.55,8.0,7.55,7.99,95.88,861,96.0,90.6,90.6,71,0.0,1.0
2019-07-01 00:00:00,7.85,7.85,7.85,7.85,94.2,302,94.2,94.2,94.2,25,0.0,1.0
2019-07-02 00:00:00,7.25,8.2,7.25,8.2,98.4,1155,98.4,87.0,87.0,96,0.0,1.0
2019-07-03 00:00:00,7.75,8.2,7.75,8.2,98.4,352,98.4,93.0,93.0,29,0.0,1.0
2019-07-05 00:00:00,8.2,8.2,8.2,8.2,98.4,318,98.4,98.4,98.4,26,0.0,1.0
2019-07-08 00:00:00,7.5,7.5,7.5,7.5,90.0,267,90.0,90.0,90.0,22,0.0,1.0
2019-07-09 00:00:00,7.29,7.6,7.25,7.6,91.2,352,91.2,87.0,87.48,29,0.0,1.0
2019-07-10 00:00:00,6.11,6.98,6.05,6.98,83.76,941,83.76,72.60000000000001,73.32000000000001,78,0.0,1.0
2019-07-11 00:00:00,7.6,8.18,6.21,8.18,98.16,1084,98.16,74.52000000000001,91.2,90,0.0,1.0
2019-07-12 00:00:00,6.96,8.0,6.2,6.75,81.0,1867,96.0,74.4,83.52000000000001,155,0.0,1.0
2019-07-15 00:00:00,7.75,8.1,7.75,8.1,97.2,221,97.2,93.0,93.0,18,0.0,1.0
2019-07-16 00:00:00,8.1,8.1,8.1,8.1,97.2,0,97.2,97.2,97.2,0,0.0,1.0
2019-07-17 00:00:00,8.1,8.1,8.1,8.1,97.2,17,97.2,97.2,97.2,1,0.0,1.0
2019-07-18 00:00:00,8.1,8.1,8.1,8.1,97.2,0,97.2,97.2,97.2,0,0.0,1.0
2019-07-19 00:00:00,8.1,8.1,8.1,8.1,97.2,55,97.2,97.2,97.2,4,0.0,1.0
2019-07-22 00:00:00,6.55,7.55,6.55,7.55,90.6,405,90.6,78.60000000000001,78.60000000000001,33,0.0,1.0
2019-07-23 00:00:00,6.6,7.54,6.6,7.54,90.48,1475,90.48,79.2,79.2,122,0.0,1.0
2019-07-24 00:00:00,7.25,7.5,7.1,7.5,90.0,302,90.0,85.2,87.0,25,0.0,1.0
2019-07-25 00:00:00,7.5,7.5,7.5,7.5,90.0,111,90.0,90.0,90.0,9,0.0,1.0
2019-07-26 00:00:00,7.5,7.5,7.5,7.5,90.0,25,90.0,90.0,90.0,2,0.0,1.0
2019-07-29 00:00:00,6.77,6.77,6.77,6.77,81.24,200,81.24,81.24,81.24,16,0.0,1.0
2019-07-30 00:00:00,6.82,7.015,6.06,6.71,80.52000000000001,1608,84.18,72.72,81.84,134,0.0,1.0
2019-07-31 00:00:00,6.75,7.46,6.75,7.46,89.52000000000001,400,89.52000000000001,81.0,81.0,33,0.0,1.0
2019-08-01 00:00:00,7.46,7.46,7.46,7.46,89.52000000000001,73,89.52000000000001,89.52000000000001,89.52000000000001,6,0.0,1.0
2019-08-02 00:00:00,7.2,7.4,7.2,7.4,88.80000000000001,400,88.80000000000001,86.4,86.4,33,0.0,1.0
2019-08-05 00:00:00,6.34,7.46,6.315,6.75,81.0,1423,89.52000000000001,75.78000000000002,76.08,118,0.0,1.0
2019-08-06 00:00:00,7.3,7.54,7.2,7.25,87.0,2071,90.48,86.4,87.60000000000001,172,0.0,1.0
2019-08-07 00:00:00,7.25,7.25,7.25,7.25,87.0,133,87.0,87.0,87.0,11,0.0,1.0
2019-08-08 00:00:00,7.2,7.52,7.2,7.52,90.24,2685,90.24,86.4,86.4,223,0.0,1.0
2019-08-09 00:00:00,7.54,7.54,7.54,7.54,90.48,315,90.48,90.48,90.48,26,0.0,1.0
2019-08-12 00:00:00,6.885,7.79,6.885,7.79,93.48,1039,93.48,82.62,82.62,86,0.0,1.0
2019-08-13 00:00:00,7.75,7.94,7.75,7.94,95.28000000000002,1668,95.28000000000002,93.0,93.0,139,0.0,1.0
2019-08-14 00:00:00,7.9,7.98,7.9,7.98,95.76,591,95.76,94.8,94.8,49,0.0,1.0
2019-08-15 00:00:00,7.98,7.98,7.9,7.98,95.76,373,95.76,94.8,95.76,31,0.0,1.0
2019-08-16 00:00:00,7.9,7.95,7.01,7.95,95.4,650,95.4,84.12,94.8,54,0.0,1.0
2019-08-19 00:00:00,7.98,7.98,7.98,7.98,95.76,246,95.76,95.76,95.76,20,0.0,1.0
2019-08-20 00:00:00,7.98,7.98,7.98,7.98,95.76,103,95.76,95.76,95.76,8,0.0,1.0
2019-08-21 00:00:00,7.43,7.5,7.43,7.5,90.0,386,90.0,89.16,89.16,32,0.0,1.0
2019-08-22 00:00:00,7.5,7.6,7.5,7.6,91.2,883,91.2,90.0,90.0,73,0.0,1.0
2019-08-23 00:00:00,7.5,7.5,7.5,7.5,90.0,387,90.0,90.0,90.0,32,0.0,1.0
2019-08-26 00:00:00,7.5,7.5,6.75,7.0,84.0,1188,90.0,81.0,90.0,99,0.0,1.0
2019-08-27 00:00:00,7.814,7.814,7.125,7.8,93.6,949,93.768,85.5,93.768,79,0.0,1.0
2019-08-28 00:00:00,7.8,7.8,7.8,7.8,93.6,9,93.6,93.6,93.6,0,0.0,1.0
2019-08-29 00:00:00,7.23,7.95,6.75,7.95,95.4,2360,95.4,81.0,86.76,196,0.0,1.0
2019-08-30 00:00:00,9.5,9.5,7.98,8.22,98.64,1792,114.0,95.76,114.0,149,0.0,1.0
2019-09-03 00:00:00,8.22,8.22,8.22,8.22,98.64,55,98.64,98.64,98.64,4,0.0,1.0
2019-09-04 00:00:00,7.7,10.0,7.2,10.0,120.0,6706,120.0,86.4,92.4,558,0.0,1.0
2019-09-05 00:00:00,8.65,10.5,8.65,10.5,126.0,1422,126.0,103.8,103.8,118,0.0,1.0
2019-09-06 00:00:00,9.9,10.5,9.385,10.4,124.8,944,126.0,112.62,118.8,78,0.0,1.0
2019-09-09 00:00:00,9.94,10.75,9.94,10.75,129.0,2240,129.0,119.28,119.28,186,0.0,1.0
2019-09-10 00:00:00,10.75,10.75,10.75,10.75,129.0,133,129.0,129.0,129.0,11,0.0,1.0
2019-09-11 00:00:00,10.89,10.89,10.0,10.48,125.76,1024,130.68,120.0,130.68,85,0.0,1.0
2019-09-12 00:00:00,10.46,10.5,10.46,10.5,126.0,387,126.0,125.52,125.52,32,0.0,1.0
2019-09-13 00:00:00,10.66,10.7,10.55,10.55,126.6,397,128.4,126.6,127.92,33,0.0,1.0
2019-09-16 00:00:00,10.46,10.5,10.46,10.5,126.0,504,126.0,125.52,125.52,42,0.0,1.0
2019-09-17 00:00:00,10.5,10.5,10.5,10.5,126.0,29,126.0,126.0,126.0,2,0.0,1.0
2019-09-18 00:00:00,9.96,10.0,9.96,10.0,120.0,850,120.0,119.52,119.52,70,0.0,1.0
2019-09-19 00:00:00,9.98,9.98,9.98,9.98,119.76,373,119.76,119.76,119.76,31,0.0,1.0
2019-09-20 00:00:00,10.5,10.5,10.5,10.5,126.0,125,126.0,126.0,126.0,10,0.0,1.0
2019-09-23 00:00:00,10.0,11.0,9.5,10.75,129.0,1900,132.0,114.0,120.0,158,0.0,1.0
2019-09-24 00:00:00,10.89,13.25,10.89,13.25,159.0,762,159.0,130.68,130.68,63,0.0,1.0
2019-09-25 00:00:00,13.25,13.25,13.25,13.25,159.0,177,159.0,159.0,159.0,14,0.0,1.0
2019-09-26 00:00:00,12.95,12.95,12.8,12.8,153.60000000000002,403,155.4,153.60000000000002,155.4,33,0.0,1.0
2019-09-27 00:00:00,12.8,12.8,12.6,12.8,153.60000000000002,962,153.60000000000002,151.20000000000002,153.60000000000002,80,0.0,1.0
2019-09-30 00:00:00,13.05,13.05,12.75,12.75,153.0,352,156.60000000000002,153.0,156.60000000000002,29,0.0,1.0
2019-10-01 00:00:00,12.25,12.25,12.25,12.25,147.0,1214,147.0,147.0,147.0,101,0.0,1.0
2019-10-02 00:00:00,12.25,12.71,12.1,12.25,147.0,1672,152.52,145.20000000000002,147.0,139,0.0,1.0
2019-10-03 00:00:00,12.25,12.25,12.25,12.25,147.0,87,147.0,147.0,147.0,7,0.0,1.0
2019-10-04 00:00:00,11.71,11.71,9.71,11.0,132.0,828,140.52,116.52,140.52,69,0.0,1.0
2019-10-07 00:00:00,10.01,10.99,9.75,10.35,124.2,906,131.88000000000002,117.0,120.12,75,0.0,1.0
2019-10-08 00:00:00,10.35,10.35,10.35,10.35,124.2,32,124.2,124.2,124.2,2,0.0,1.0
2019-10-09 00:00:00,10.4,12.0,10.4,12.0,144.0,736,144.0,124.8,124.8,61,0.0,1.0
2019-10-10 00:00:00,12.0,12.0,10.3,11.8,141.60000000000002,1162,144.0,123.6,144.0,96,0.0,1.0
2019-10-11 00:00:00,11.8,11.8,11.71,11.71,140.52,452,141.60000000000002,140.52,141.60000000000002,37,0.0,1.0
2019-10-14 00:00:00,11.7,11.75,11.7,11.7,140.4,573,141.0,140.4,140.4,47,0.0,1.0
2019-10-15 00:00:00,11.7,11.75,10.35,11.75,141.0,1613,141.0,124.2,140.4,134,0.0,1.0
2019-10-16 00:00:00,11.75,11.82,11.75,11.82,141.84,774,141.84,141.0,141.0,64,0.0,1.0
2019-10-17 00:00:00,10.52,11.79,10.52,11.7,140.4,1515,141.48,126.24,126.24,126,0.0,1.0
2019-10-18 00:00:00,10.6,11.67,10.6,11.67,140.04000000000002,765,140.04000000000002,127.2,127.2,63,0.0,1.0
2019-10-21 00:00:00,10.63,11.65,10.63,11.65,139.8,913,139.8,127.56000000000002,127.56000000000002,76,0.0,1.0
2019-10-22 00:00:00,11.54,11.58,10.69,11.58,138.96,626,138.96,128.28,138.48,52,0.0,1.0
2019-10-23 00:00:00,11.46,11.5,10.69,11.34,136.08,1535,138.0,128.28,137.52,127,0.0,1.0
2019-10-24 00:00:00,10.95,11.05,10.5,10.96,131.52,1574,132.60000000000002,126.0,131.4,131,0.0,1.0
2019-10-25 00:00:00,11.0,11.8,9.0,10.2,122.4,3139,141.60000000000002,108.0,132.0,261,0.0,1.0
2019-10-28 00:00:00,10.16,10.18,10.12,10.18,122.16,350,122.16,121.44,121.92,29,0.0,1.0
2019-10-29 00:00:00,10.14,10.25,10.14,10.25,123.0,924,123.0,121.68,121.68,77,0.0,1.0
2019-10-30 00:00:00,10.2,10.5,10.0,10.2,122.4,752,126.0,120.0,122.4,62,0.0,1.0
2019-10-31 00:00:00,10.25,10.75,10.07,10.07,120.84,865,129.0,120.84,123.0,72,0.0,1.0
2019-11-01 00:00:00,10.07,10.97,10.01,10.01,120.12,818,131.64,120.12,120.84,68,0.0,1.0
2019-11-04 00:00:00,10.55,11.64,10.55,11.48,137.76000000000002,1873,139.68,126.6,126.6,156,0.0,1.0
2019-11-05 00:00:00,11.54,11.8,11.05,11.76,141.12,1722,141.60000000000002,132.60000000000002,138.48,143,0.0,1.0
2019-11-06 00:00:00,11.8,11.82,11.8,11.82,141.84,939,141.84,141.60000000000002,141.60000000000002,78,0.0,1.0
2019-11-07 00:00:00,11.78,11.99,11.78,11.99,143.88000000000002,507,143.88000000000002,141.36,141.36,42,0.0,1.0
2019-11-08 00:00:00,11.51,12.19,11.0,11.46,137.52,2195,146.28,132.0,138.12,182,0.0,1.0
2019-11-11 00:00:00,11.48,12.0,11.11,11.44,137.28,879,144.0,133.32,137.76000000000002,73,0.0,1.0
2019-11-12 00:00:00,11.44,11.96,11.06,11.06,132.72000000000003,1008,143.52,132.72000000000003,137.28,84,0.0,1.0
2019-11-13 00:00:00,11.59,11.59,11.06,11.25,135.0,1024,139.08,132.72000000000003,139.08,85,0.0,1.0
2019-11-14 00:00:00,11.19,11.19,11.0,11.12,133.44,669,134.28,132.0,134.28,55,0.0,1.0
2019-11-15 00:00:00,11.18,11.5,11.05,11.48,137.76000000000002,1250,138.0,132.60000000000002,134.16,104,0.0,1.0
2019-11-18 00:00:00,11.02,11.51,10.62,11.1,133.20000000000002,1621,138.12,127.44,132.24,135,0.0,1.0
2019-11-19 00:00:00,11.175,11.25,10.65,10.9,130.8,604,135.0,127.8,134.10000000000002,50,0.0,1.0
2019-11-20 00:00:00,10.95,11.0,10.03,10.65,127.8,2054,132.0,120.36,131.4,171,0.0,1.0
2019-11-21 00:00:00,10.64,10.95,10.05,10.9,130.8,1039,131.4,120.6,127.68,86,0.0,1.0
2019-11-22 00:00:00,10.9,10.9,10.9,10.9,130.8,60,130.8,130.8,130.8,5,0.0,1.0
2019-11-25 00:00:00,9.66,9.66,9.63,9.63,115.56000000000002,274,115.92,115.56000000000002,115.92,22,0.0,1.0
2019-11-26 00:00:00,10.35,10.35,10.0,10.0,120.0,806,124.2,120.0,124.2,67,0.0,1.0
2019-11-27 00:00:00,10.0,10.0,10.0,10.0,120.0,27,120.0,120.0,120.0,2,0.0,1.0
2019-11-29 00:00:00,9.75,9.75,9.15,9.15,109.8,607,117.0,109.8,117.0,50,0.0,1.0
2019-12-02 00:00:00,9.03,9.74,9.03,9.74,116.88,602,116.88,108.36,108.36,50,0.0,1.0
2019-12-03 00:00:00,9.72,9.72,9.72,9.72,116.64,267,116.64,116.64,116.64,22,0.0,1.0
2019-12-04 00:00:00,9.74,10.1,9.74,10.1,121.2,914,121.2,116.88,116.88,76,0.0,1.0
2019-12-05 00:00:00,10.01,10.5,10.0,10.5,126.0,1048,126.0,120.0,120.12,87,0.0,1.0
2019-12-06 00:00:00,10.01,10.01,10.01,10.01,120.12,110,120.12,120.12,120.12,9,0.0,1.0
2019-12-09 00:00:00,10.01,10.03,10.01,10.03,120.36,1083,120.36,120.12,120.12,90,0.0,1.0
2019-12-10 00:00:00,10.03,10.03,10.03,10.03,120.36,4,120.36,120.36,120.36,0,0.0,1.0
2019-12-11 00:00:00,9.31,10.15,9.31,10.15,121.8,711,121.8,111.72,111.72,59,0.0,1.0
2019-12-12 00:00:00,10.15,10.15,10.15,10.15,121.8,12,121.8,121.8,121.8,1,0.0,1.0
2019-12-13 00:00:00,10.15,10.15,10.15,10.15,121.8,290,121.8,121.8,121.8,24,0.0,1.0
2019-12-16 00:00:00,10.15,10.15,10.15,10.15,121.8,323,121.8,121.8,121.8,26,0.0,1.0
2019-12-17 00:00:00,9.3,9.8,9.05,9.8,117.6,642,117.6,108.6,111.6,53,0.0,1.0
2019-12-18 00:00:00,9.05,9.05,9.03,9.03,108.36,427,108.6,108.36,108.6,35,0.0,1.0
2019-12-19 00:00:00,9.03,9.03,9.03,9.03,108.36,0,108.36,108.36,108.36,0,0.0,1.0
2019-12-20 00:00:00,9.25,9.39,9.25,9.39,112.68,1415,112.68,111.0,111.0,117,0.0,1.0
2019-12-23 00:00:00,9.35,9.35,9.35,9.35,112.2,570,112.2,112.2,112.2,47,0.0,1.0
2019-12-24 00:00:00,9.35,10.0,9.35,10.0,120.0,823,120.0,112.2,112.2,68,0.0,1.0
2019-12-26 00:00:00,8.76,9.24,8.76,9.2,110.4,931,110.88,105.12,105.12,77,0.0,1.0
2019-12-27 00:00:00,9.15,9.15,9.15,9.15,109.8,260,109.8,109.8,109.8,21,0.0,1.0
2019-12-30 00:00:00,9.15,9.15,9.15,9.15,109.8,202,109.8,109.8,109.8,16,0.0,1.0
2019-12-31 00:00:00,9.09,9.1,8.73,8.905,106.86,2063,109.2,104.76,109.08,171,0.0,1.0
2020-01-02 00:00:00,9.58,9.97,9.57,9.97,119.64,1210,119.64,114.84,114.96,100,0.0,1.0
2020-01-03 00:00:00,9.97,10.5,9.97,10.02,120.24,1507,126.0,119.64,119.64,125,0.0,1.0
2020-01-06 00:00:00,10.27,10.27,10.27,10.27,123.24,370,123.24,123.24,123.24,30,0.0,1.0
2020-01-07 00:00:00,10.0,10.26,10.0,10.26,123.12,771,123.12,120.0,120.0,64,0.0,1.0
2020-01-08 00:00:00,10.26,10.26,10.26,10.26,123.12,397,123.12,123.12,123.12,33,0.0,1.0
2020-01-09 00:00:00,9.44,9.44,8.5,8.5,102.0,2475,113.28,102.0,113.28,206,0.0,1.0
2020-01-10 00:00:00,8.75,9.85,8.75,9.79,117.48,1575,118.2,105.0,105.0,131,0.0,1.0
2020-01-13 00:00:00,9.75,9.75,9.75,9.75,117.0,297,117.0,117.0,117.0,24,0.0,1.0
2020-01-14 00:00:00,9.75,9.75,9.75,9.75,117.0,155,117.0,117.0,117.0,12,0.0,1.0
2020-01-15 00:00:00,9.75,9.75,9.75,9.75,117.0,133,117.0,117.0,117.0,11,0.0,1.0
2020-01-16 00:00:00,8.94,9.7,8.94,9.7,116.4,1310,116.4,107.28,107.28,109,0.0,1.0
2020-01-17 00:00:00,9.0,9.0,9.0,9.0,108.0,641,108.0,108.0,108.0,53,0.0,1.0
2020-01-21 00:00:00,9.0,9.0,9.0,9.0,108.0,34,108.0,108.0,108.0,2,0.0,1.0
2020-01-22 00:00:00,9.0,9.0,9.0,9.0,108.0,48,108.0,108.0,108.0,4,0.0,1.0
2020-01-23 00:00:00,9.0,9.0,9.0,9.0,108.0,59,108.0,108.0,108.0,4,0.0,1.0
2020-01-24 00:00:00,9.0,9.0,9.0,9.0,108.0,108,108.0,108.0,108.0,9,0.0,1.0
2020-01-27 00:00:00,9.0,9.0,9.0,9.0,108.0,16,108.0,108.0,108.0,1,0.0,1.0
2020-01-28 00:00:00,9.0,9.0,9.0,9.0,108.0,0,108.0,108.0,108.0,0,0.0,1.0
2020-01-29 00:00:00,8.94,8.95,8.94,8.95,107.4,463,107.4,107.28,107.28,38,0.0,1.0
2020-01-30 00:00:00,8.95,10.0,8.5,10.0,120.0,1267,120.0,102.0,107.4,105,0.0,1.0
2020-01-31 00:00:00,10.0,10.0,10.0,10.0,120.0,216,120.0,120.0,120.0,18,0.0,1.0
2020-02-03 00:00:00,10.0,10.0,10.0,10.0,120.0,377,120.0,120.0,120.0,31,0.0,1.0
2020-02-04 00:00:00,9.0,9.0,8.48,8.48,101.76,850,108.0,101.76,108.0,70,0.0,1.0
2020-02-05 00:00:00,8.95,8.95,8.95,8.95,107.4,307,107.4,107.4,107.4,25,0.0,1.0
2020-02-06 00:00:00,8.9,9.48,8.32,9.0,108.0,1719,113.76,99.84,106.8,143,0.0,1.0
2020-02-07 00:00:00,9.25,9.7,9.25,9.7,116.4,707,116.4,111.0,111.0,58,0.0,1.0
2020-02-10 00:00:00,8.75,9.45,8.72,9.45,113.4,825,113.4,104.64,105.0,68,0.0,1.0
2020-02-11 00:00:00,8.75,9.45,8.75,9.4,112.8,1844,113.4,105.0,105.0,153,0.0,1.0
2020-02-12 00:00:00,9.41,9.41,9.0,9.0,108.0,837,112.92,108.0,112.92,69,0.0,1.0
2020-02-13 00:00:00,9.0,9.46,8.0,8.5,102.0,7054,113.52,96.0,108.0,587,0.0,1.0
2020-02-14 00:00:00,9.23,9.5,8.5,8.95,107.4,4002,114.0,102.0,110.76,333,0.0,1.0
2020-02-18 00:00:00,8.37,8.56,8.37,8.55,102.6,4610,102.72,100.44,100.44,384,0.0,1.0
2020-02-19 00:00:00,8.7,8.7,8.7,8.7,104.4,1122,104.4,104.4,104.4,93,0.0,1.0
2020-02-20 00:00:00,8.7,9.0,8.7,9.0,108.0,2363,108.0,104.4,104.4,196,0.0,1.0
2020-02-21 00:00:00,10.25,10.25,9.05,9.25,111.0,1351,123.0,108.6,123.0,112,0.0,1.0
2020-02-24 00:00:00,9.55,9.55,8.99,9.14,109.68,861,114.6,107.88,114.6,71,0.0,1.0
2020-02-25 00:00:00,8.75,8.75,8.7,8.75,105.0,1757,105.0,104.4,105.0,146,0.0,1.0
2020-02-26 00:00:00,8.75,8.75,8.75,8.75,105.0,197,105.0,105.0,105.0,16,0.0,1.0
2020-02-27 00:00:00,8.0,8.5,8.0,8.46,101.52,770,102.0,96.0,96.0,64,0.0,1.0
2020-02-28 00:00:00,7.95,8.36,7.76,8.36,100.32,915,100.32,93.12,95.4,76,0.0,1.0
2020-03-02 00:00:00,7.77,8.8,7.77,8.8,105.6,302,105.6,93.24,93.24,25,0.0,1.0
2020-03-03 00:00:00,8.5,8.85,8.5,8.85,106.2,399,106.2,102.0,102.0,33,0.0,1.0
2020-03-04 00:00:00,8.58,8.58,8.58,8.58,102.96,170,102.96,102.96,102.96,14,0.0,1.0
2020-03-05 00:00:00,8.83,9.2,8.83,9.2,110.4,589,110.4,105.96,105.96,49,0.0,1.0
2020-03-06 00:00:00,9.25,9.25,9.2,9.2,110.4,723,111.0,110.4,111.0,60,0.0,1.0
2020-03-09 00:00:00,7.87,8.5,7.86,8.5,102.0,679,102.0,94.32,94.44,56,0.0,1.0
2020-03-10 00:00:00,7.04,8.9,7.04,8.01,96.12,1877,106.8,84.48,84.48,156,0.0,1.0
2020-03-11 00:00:00,7.21,8.2,7.21,8.15,97.8,648,98.4,86.52000000000001,86.52000000000001,54,0.0,1.0
2020-03-12 00:00:00,8.15,8.15,8.15,8.15,97.8,249,97.8,97.8,97.8,20,0.0,1.0
2020-03-13 00:00:00,8.15,8.15,8.15,8.15,97.8,66,97.8,97.8,97.8,5,0.0,1.0
2020-03-16 00:00:00,8.15,8.15,8.15,8.15,97.8,40,97.8,97.8,97.8,3,0.0,1.0
2020-03-17 00:00:00,8.15,8.15,8.15,8.15,97.8,65,97.8,97.8,97.8,5,0.0,1.0
2020-03-18 00:00:00,8.15,8.15,8.15,8.15,97.8,155,97.8,97.8,97.8,12,0.0,1.0
2020-03-19 00:00:00,8.15,8.15,8.15,8.15,97.8,79,97.8,97.8,97.8,6,0.0,1.0
2020-03-20 00:00:00,6.78,7.95,6.78,7.95,95.4,600,95.4,81.36000000000001,81.36000000000001,50,0.0,1.0
2020-03-23 00:00:00,7.74,7.74,7.74,7.74,92.88,381,92.88,92.88,92.88,31,0.0,1.0
2020-03-24 00:00:00,8.0,8.18,7.74,7.74,92.88,1197,98.16,92.88,96.0,99,0.0,1.0
2020-03-25 00:00:00,7.75,7.78,7.75,7.78,93.36,488,93.36,93.0,93.0,40,0.0,1.0
2020-03-26 00:00:00,7.79,8.5,7.79,8.5,102.0,1535,102.0,93.48,93.48,127,0.0,1.0
2020-03-27 00:00:00,7.51,7.51,7.51,7.51,90.12,247,90.12,90.12,90.12,20,0.0,1.0
2020-03-30 00:00:00,8.405,8.74,7.9,8.48,101.76,6887,104.88,94.8,100.86,573,0.0,1.0
2020-03-31 00:00:00,8.4,8.4,8.01,8.35,100.2,1383,100.8,96.12,100.8,115,0.0,1.0
2020-04-01 00:00:00,8.05,8.35,7.5,8.2,98.4,2699,100.2,90.0,96.6,224,0.0,1.0
2020-04-02 00:00:00,6.8,10.48,5.0,9.25,111.0,12653,125.76,60.0,81.60000000000001,1054,0.0,1.0
2020-04-03 00:00:00,9.825,11.0,6.98,7.01,84.12,13056,132.0,83.76,117.9,1088,0.0,1.0
2020-04-06 00:00:00,8.77,8.77,7.03,7.4,88.80000000000001,2442,105.24,84.36000000000001,105.24,203,0.0,1.0
2020-04-07 00:00:00,7.4,7.4,7.0,7.1,85.2,5097,88.80000000000001,84.0,88.80000000000001,424,0.0,1.0
2020-04-08 00:00:00,7.1,7.2,7.0,7.2,86.4,930,86.4,84.0,85.2,77,0.0,1.0
2020-04-09 00:00:00,7.0,7.1,7.0,7.0,84.0,14712,85.2,84.0,84.0,1226,0.0,1.0
2020-04-13 00:00:00,7.0,8.14,7.0,8.0,96.0,2034,97.68,84.0,84.0,169,0.0,1.0
2020-04-14 00:00:00,8.0,8.15,7.95,8.15,97.8,1083,97.8,95.4,96.0,90,0.0,1.0
2020-04-15 00:00:00,8.14,9.0,8.09,8.25,99.0,11032,108.0,97.08,97.68,919,0.0,1.0
2020-04-16 00:00:00,7.85,8.0,7.85,8.0,96.0,1644,96.0,94.2,94.2,137,0.0,1.0
2020-04-17 00:00:00,8.0,8.2,8.0,8.2,98.4,833,98.4,96.0,96.0,69,0.0,1.0
2020-04-20 00:00:00,7.5,7.6,7.0,7.0,84.0,8937,91.2,84.0,90.0,744,0.0,1.0
2020-04-21 00:00:00,7.1,7.14,6.9,7.0,84.0,5160,85.68,82.80000000000001,85.2,430,0.0,1.0
2020-04-22 00:00:00,7.0,7.0,6.8,6.97,83.64,3112,84.0,81.60000000000001,84.0,259,0.0,1.0
2020-04-23 00:00:00,6.95,7.44,6.95,7.37,88.44000000000001,4652,89.28000000000002,83.4,83.4,387,0.0,1.0
2020-04-24 00:00:00,7.0,7.48,6.9,7.48,89.76,2806,89.76,82.80000000000001,84.0,233,0.0,1.0
2020-04-27 00:00:00,7.48,9.25,7.4,8.31,99.72,3688,111.0,88.80000000000001,89.76,307,0.0,1.0
2020-04-28 00:00:00,7.528,10.0,7.51,10.0,120.0,3659,120.0,90.12,90.336,304,0.0,1.0
2020-04-29 00:00:00,10.0,10.0,8.02,8.99,107.88,2814,120.0,96.24,120.0,234,0.0,1.0
2020-04-30 00:00:00,9.0,11.0,8.95,11.0,132.0,1754,132.0,107.4,108.0,146,0.0,1.0
2020-05-01 00:00:00,11.25,11.6,11.0,11.25,135.0,6251,139.20000000000002,132.0,135.0,520,0.0,1.0
2020-05-04 00:00:00,10.99,10.99,9.83,10.05,120.6,7085,131.88000000000002,117.96,131.88000000000002,590,0.0,1.0
2020-05-05 00:00:00,10.25,11.25,10.25,10.99,131.88000000000002,17452,135.0,123.0,123.0,1454,0.0,1.0
2020-05-06 00:00:00,11.49,13.99,11.37,12.85,154.20000000000002,15160,167.88000000000002,136.44,137.88000000000002,1263,0.0,1.0
2020-05-07 00:00:00,13.89,17.06,13.89,15.25,183.0,31128,204.72,166.68,166.68,2594,0.0,1.0
2020-05-08 00:00:00,15.0,16.5,15.0,16.0,192.0,20451,198.0,180.0,180.0,1704,0.0,1.0
2020-05-11 00:00:00,16.01,22.0,16.01,18.1,217.2,52092,264.0,192.12000000000003,192.12000000000003,4341,0.0,1.0
2020-05-12 00:00:00,18.99,18.99,14.21,15.99,191.88,27251,227.88,170.52,227.88,2270,0.0,1.0
2020-05-13 00:00:00,15.75,15.99,12.0,12.15,145.8,25654,191.88,144.0,189.0,2137,0.0,1.0
2020-05-14 00:00:00,12.15,12.15,10.0,10.0,120.0,22339,145.8,120.0,145.8,1861,0.0,1.0
2020-05-15 00:00:00,10.24,11.5,10.0,10.8,129.60000000000002,13363,138.0,120.0,122.88,1113,0.0,1.0
2020-05-18 00:00:00,11.0,11.0,9.82,9.94,119.28,22380,132.0,117.84,132.0,1865,0.0,1.0
2020-05-19 00:00:00,9.01,11.0,9.01,11.0,132.0,5031,132.0,108.12,108.12,419,0.0,1.0
2020-05-20 00:00:00,11.2,13.25,11.0,13.25,159.0,35878,159.0,132.0,134.4,2989,0.0,1.0
2020-05-21 00:00:00,13.25,13.25,11.12,13.104,157.248,6729,159.0,133.44,159.0,560,0.0,1.0
2020-05-22 00:00:00,14.7,14.7,11.12,11.5,138.0,12276,176.4,133.44,176.4,1023,0.0,1.0
2020-05-26 00:00:00,11.5,12.99,11.5,12.0,144.0,9200,155.88000000000002,138.0,138.0,766,0.0,1.0
2020-05-27 00:00:00,11.8,12.97,11.5,12.97,155.64,5539,155.64,138.0,141.60000000000002,461,0.0,1.0
2020-05-28 00:00:00,12.97,12.97,11.31,11.83,141.96,9570,155.64,135.72000000000003,155.64,797,0.0,1.0
2020-05-29 00:00:00,11.83,12.0,11.21,11.55,138.60000000000002,3639,144.0,134.52,141.96,303,0.0,1.0
2020-06-01 00:00:00,11.4,11.55,11.1,11.25,135.0,2764,138.60000000000002,133.20000000000002,136.8,230,0.0,1.0
2020-06-02 00:00:00,11.1,11.24,10.5,10.6,127.2,7283,134.88000000000002,126.0,133.20000000000002,606,0.0,1.0
2020-06-03 00:00:00,10.0,10.75,9.75,10.1,121.2,11566,129.0,117.0,120.0,963,0.0,1.0
2020-06-04 00:00:00,11.0,11.0,9.92,10.99,131.88000000000002,16660,132.0,119.04,132.0,1388,0.0,1.0
2020-06-05 00:00:00,10.99,11.35,9.52,11.35,136.20000000000002,27480,136.20000000000002,114.24,131.88000000000002,2290,0.0,1.0
2020-06-08 00:00:00,11.25,12.27,10.75,12.25,147.0,14551,147.24,129.0,135.0,1212,0.0,1.0
2020-06-09 00:00:00,12.5,12.5,11.26,12.1,145.20000000000002,8798,150.0,135.12,150.0,733,0.0,1.0
2020-06-10 00:00:00,12.0,12.07,11.01,12.0,144.0,3453,144.84,132.12,144.0,287,0.0,1.0
2020-06-11 00:00:00,12.0,12.15,10.76,11.0,132.0,3066,145.8,129.12,144.0,255,0.0,1.0
2020-06-12 00:00:00,10.12,11.98,10.12,11.98,143.76000000000002,7677,143.76000000000002,121.44,121.44,639,0.0,1.0
2020-06-15 00:00:00,12.0,12.0,10.51,11.9,142.8,3341,144.0,126.12,144.0,278,0.0,1.0
2020-06-16 00:00:00,11.9,12.0,11.0,11.05,132.60000000000002,3628,144.0,132.0,142.8,302,0.0,1.0
2020-06-17 00:00:00,10.95,12.0,10.86,12.0,144.0,2105,144.0,130.32,131.4,175,0.0,1.0
2020-06-18 00:00:00,11.75,11.75,11.0,11.34,136.08,6959,141.0,132.0,141.0,579,0.0,1.0
2020-06-19 00:00:00,11.0,11.3,10.36,10.75,129.0,12478,135.60000000000002,124.32,132.0,1039,0.0,1.0
2020-06-22 00:00:00,10.35,10.35,10.0,10.0,120.0,5699,124.2,120.0,124.2,474,0.0,1.0
2020-06-23 00:00:00,10.0,10.4,9.6,10.0,120.0,7332,124.8,115.2,120.0,611,0.0,1.0
2020-06-24 00:00:00,10.0,12.25,9.95,11.6,139.20000000000002,40711,147.0,119.4,120.0,3392,0.0,1.0
2020-06-25 00:00:00,11.97,11.97,10.825,11.35,136.20000000000002,9719,143.64,129.9,143.64,809,0.0,1.0
2020-06-26 00:00:00,11.49,11.598,10.81,11.15,133.8,4350,139.17600000000002,129.72000000000003,137.88000000000002,362,0.0,1.0
2020-06-29 00:00:00,10.02,10.78,10.0,10.49,125.88,14187,129.36,120.0,120.24,1182,0.0,1.0
2020-06-30 00:00:00,10.663,10.74,9.99,10.45,125.4,3631,128.88000000000002,119.88,127.956,302,0.0,1.0
2020-07-01 00:00:00,10.65,12.6,10.65,10.65,127.8,12370,151.20000000000002,127.8,127.8,1030,0.0,1.0
2020-07-02 00:00:00,10.65,10.65,10.0,10.0,120.0,13799,127.8,120.0,127.8,1149,0.0,1.0
2020-07-06 00:00:00,10.0,10.15,8.12,9.168,110.016,59968,121.8,97.44,120.0,4997,0.0,1.0
2020-07-07 00:00:00,9.0,9.25,8.5,8.69,104.28,31291,111.0,102.0,108.0,2607,0.0,1.0
2020-07-08 00:00:00,9.25,10.95,8.85,10.51,126.12,35634,131.4,106.2,111.0,2969,0.0,1.0
2020-07-09 00:00:00,11.0,11.0,10.5,10.7,128.4,14047,132.0,126.0,132.0,1170,0.0,1.0
2020-07-10 00:00:00,10.5,10.75,9.8,10.33,123.96,9881,129.0,117.6,126.0,823,0.0,1.0
2020-07-13 00:00:00,10.33,10.49,10.31,10.45,125.4,12034,125.88,123.72,123.96,1002,0.0,1.0
2020-07-14 00:00:00,10.45,10.45,9.9,10.05,120.6,22269,125.4,118.8,125.4,1855,0.0,1.0
2020-07-15 00:00:00,10.05,10.05,9.79,10.0,120.0,17355,120.6,117.48,120.6,1446,0.0,1.0
2020-07-16 00:00:00,10.07,10.125,9.98,10.01,120.12,7197,121.5,119.76,120.84,599,0.0,1.0
2020-07-17 00:00:00,9.95,10.3,9.95,10.15,121.8,6287,123.6,119.4,119.4,523,0.0,1.0
2020-07-20 00:00:00,9.95,10.05,9.82,9.88,118.56000000000002,17270,120.6,117.84,119.4,1439,0.0,1.0
2020-07-21 00:00:00,9.922,10.0,9.9,9.95,119.4,2505,120.0,118.8,119.064,208,0.0,1.0
2020-07-22 00:00:00,10.0,10.25,9.88,10.0,120.0,6733,123.0,118.56000000000002,120.0,561,0.0,1.0
2020-07-23 00:00:00,9.95,10.0,9.77,10.0,120.0,2609,120.0,117.24,119.4,217,0.0,1.0
2020-07-24 00:00:00,9.99,10.0,9.01,9.85,118.2,23669,120.0,108.12,119.88,1972,0.0,1.0
2020-07-27 00:00:00,9.85,9.85,9.8,9.8,117.6,3510,118.2,117.6,118.2,292,0.0,1.0
2020-07-28 00:00:00,9.8,9.8,9.07,9.5,114.0,10431,117.6,108.84,117.6,869,0.0,1.0
2020-07-29 00:00:00,9.5,9.85,9.08,9.8499,118.1988,10991,118.2,108.96,114.0,915,0.0,1.0
2020-07-30 00:00:00,9.85,9.85,9.01,9.43,113.16,8326,118.2,108.12,118.2,693,0.0,1.0
2020-07-31 00:00:00,9.665,10.0499,9.42,10.0,120.0,7810,120.5988,113.04,115.98,650,0.0,1.0
2020-08-03 00:00:00,10.0,10.0,9.51,9.95,119.4,5827,120.0,114.12,120.0,485,0.0,1.0
2020-08-04 00:00:00,9.69,10.3,9.69,9.85,118.2,8830,123.6,116.28,116.28,735,0.0,1.0
2020-08-05 00:00:00,9.85,9.98,9.7,9.7,116.4,3675,119.76,116.4,118.2,306,0.0,1.0
2020-08-06 00:00:00,9.9,10.25,9.7,10.08,120.96,8757,123.0,116.4,118.8,729,0.0,1.0
2020-08-07 00:00:00,10.08,10.5,9.86,10.2,122.4,9739,126.0,118.32,120.96,811,0.0,1.0
2020-08-10 00:00:00,10.0,10.0,9.9,10.0,120.0,6870,120.0,118.8,120.0,572,0.0,1.0
2020-08-11 00:00:00,10.6,11.45,10.08,11.2,134.4,52636,137.4,120.96,127.2,4386,0.0,1.0
2020-08-12 00:00:00,11.38,11.38,10.15,10.65,127.8,18291,136.56000000000003,121.8,136.56000000000003,1524,0.0,1.0
2020-08-13 00:00:00,10.73,11.01,10.15,10.9899,131.8788,18513,132.12,121.8,128.76000000000002,1542,0.0,1.0
2020-08-14 00:00:00,10.925,11.95,10.85,10.87,130.44,25483,143.4,130.20000000000002,131.10000000000002,2123,0.0,1.0
2020-08-17 00:00:00,10.91,11.23,9.86,10.34,124.08,22787,134.76000000000002,118.32,130.92000000000002,1898,0.0,1.0
2020-08-18 00:00:00,9.75,11.23,9.75,10.5,126.0,10016,134.76000000000002,117.0,117.0,834,0.0,1.0
2020-08-19 00:00:00,10.375,11.4,10.35,11.3,135.60000000000002,14031,136.8,124.2,124.5,1169,0.0,1.0
2020-08-20 00:00:00,11.33,11.33,10.44,10.7,128.4,13291,135.96,125.28,135.96,1107,0.0,1.0
2020-08-21 00:00:00,10.69,11.2,10.445,10.5,126.0,89003,134.4,125.34,128.28,7416,0.0,1.0
2020-08-24 00:00:00,10.5,10.5,10.05,10.5,126.0,4799,126.0,120.6,126.0,399,0.0,1.0
2020-08-25 00:00:00,10.15,10.35,9.98,10.0,120.0,41947,124.2,119.76,121.8,3495,0.0,1.0
2020-08-26 00:00:00,10.0,10.0,9.85,9.9,118.8,15512,120.0,118.2,120.0,1292,0.0,1.0
2020-08-27 00:00:00,9.85,9.85,9.6,9.75,117.0,7608,118.2,115.2,118.2,634,0.0,1.0
2020-08-28 00:00:00,9.75,9.75,9.02,9.75,117.0,61379,117.0,108.24,117.0,5114,0.0,1.0
2020-08-31 00:00:00,10.1,10.1,9.1,9.8,117.6,22724,121.2,109.2,121.2,1893,0.0,1.0
2020-09-01 00:00:00,9.6,9.8,9.6,9.77,117.24,16736,117.6,115.2,115.2,1394,0.0,1.0
2020-09-02 00:00:00,9.65,9.8,9.6,9.78,117.36,24462,117.6,115.2,115.8,2038,0.0,1.0
2020-09-03 00:00:00,9.99,10.0,9.36,9.7,116.4,12875,120.0,112.32,119.88,1072,0.0,1.0
2020-09-04 00:00:00,9.25,9.5,9.21,9.36,112.32,7749,114.0,110.52,111.0,645,0.0,1.0
2020-09-08 00:00:00,9.36,9.73,9.0,9.2,110.4,11878,116.76,108.0,112.32,989,0.0,1.0
2020-09-09 00:00:00,9.75,9.75,9.05,9.15,109.8,17970,117.0,108.6,117.0,1497,0.0,1.0
2020-09-10 00:00:00,9.0,9.575,8.8,9.0,108.0,20692,114.9,105.6,108.0,1724,0.0,1.0
2020-09-11 00:00:00,8.92,9.97,8.92,9.09,109.08,50115,119.64,107.04,107.04,4176,0.0,1.0
2020-09-14 00:00:00,9.35,9.35,9.2,9.3,111.6,10596,112.2,110.4,112.2,883,0.0,1.0
2020-09-15 00:00:00,9.4,9.98,9.1,9.98,119.76,46550,119.76,109.2,112.8,3879,0.0,1.0
2020-09-16 00:00:00,9.98,10.05,9.4,9.86,118.32,35752,120.6,112.8,119.76,2979,0.0,1.0
2020-09-17 00:00:00,9.9,10.05,9.11,9.8,117.6,20946,120.6,109.32,118.8,1745,0.0,1.0
2020-09-18 00:00:00,10.39,10.39,9.5,9.6,115.2,28063,124.68,114.0,124.68,2338,0.0,1.0
2020-09-21 00:00:00,9.41,9.83,9.41,9.6,115.2,14778,117.96,112.92,112.92,1231,0.0,1.0
2020-09-22 00:00:00,9.6,9.75,9.1,9.35,112.2,21340,117.0,109.2,115.2,1778,0.0,1.0
2020-09-23 00:00:00,9.2,9.2,9.025,9.2,110.4,13756,110.4,108.3,110.4,1146,0.0,1.0
2020-09-24 00:00:00,9.29,9.29,8.26,8.85,106.2,82769,111.48,99.12,111.48,6897,0.0,1.0
2020-09-25 00:00:00,8.85,9.5,8.49,9.35,112.2,36202,114.0,101.88,106.2,3016,0.0,1.0
2020-09-28 00:00:00,9.4,9.5,8.9,9.17,110.04,23876,114.0,106.8,112.8,1989,0.0,1.0
2020-09-29 00:00:00,9.17,9.4,8.98,9.3,111.6,38674,112.8,107.76,110.04,3222,0.0,1.0
2020-09-30 00:00:00,9.0,9.4,8.72,9.0,108.0,31101,112.8,104.64,108.0,2591,0.0,1.0
2020-10-01 00:00:00,9.05,11.61,9.05,10.72,128.64,149895,139.32,108.6,108.6,12491,0.0,1.0
2020-10-02 00:00:00,10.74,12.48,10.74,12.09,145.08,186307,149.76000000000002,128.88000000000002,128.88000000000002,15525,0.0,1.0
2020-10-05 00:00:00,12.11,14.25,12.11,13.5,162.0,203287,171.0,145.32,145.32,16940,0.0,1.0
2020-10-06 00:00:00,13.75,13.85,12.75,12.925,155.10000000000002,166559,166.20000000000002,153.0,165.0,13879,0.0,1.0
2020-10-07 00:00:00,13.0,13.0,12.0,12.2,146.4,147012,156.0,144.0,156.0,12251,0.0,1.0
2020-10-08 00:00:00,11.0,12.0,10.01,10.26,123.12,10761888,144.0,120.12,132.0,896824,0.0,1.0
2020-10-09 00:00:00,11.0,11.0,10.05,10.07,120.84,2295658,132.0,120.6,132.0,191304,0.0,1.0
2020-10-12 00:00:00,10.25,10.3,9.5,9.86,118.32,1898976,123.6,114.0,123.0,158248,0.0,1.0
2020-10-13 00:00:00,9.8,9.8489,9.06,9.71,116.52,3427354,118.1868,108.72,117.6,285612,0.0,1.0
2020-10-14 00:00:00,10.18,10.28,9.32,9.32,111.84,1588777,123.36,111.84,122.16,132398,0.0,1.0
2020-10-15 00:00:00,9.45,10.79,9.26,10.79,129.48,4971184,129.48,111.12,113.4,414265,0.0,1.0
2020-10-16 00:00:00,11.38,12.5,10.79,12.01,144.12,5577255,150.0,129.48,136.56000000000003,464771,0.0,1.0
2020-10-19 00:00:00,12.65,13.2,11.92,11.97,143.64,3765271,158.4,143.04000000000002,151.8,313772,0.0,1.0
2020-10-20 00:00:00,11.4,12.38,11.1,12.2,146.4,1860347,148.56000000000003,133.20000000000002,136.8,155028,0.0,1.0
2020-10-21 00:00:00,12.17,12.55,11.5,12.5,150.0,1510062,150.60000000000002,138.0,146.04000000000002,125838,0.0,1.0
2020-10-22 00:00:00,12.15,12.47,11.44,12.4,148.8,1581569,149.64,137.28,145.8,131797,0.0,1.0
2020-10-23 00:00:00,12.99,13.64,12.61,13.49,161.88000000000002,2790317,163.68,151.32,155.88000000000002,232526,0.0,1.0
2020-10-26 00:00:00,13.25,14.19,13.18,13.73,164.76000000000002,2275434,170.28,158.16,159.0,189619,0.0,1.0
2020-10-27 00:00:00,13.46,14.04,13.1,13.8,165.60000000000002,1944984,168.48,157.20000000000002,161.52,162082,0.0,1.0
2020-10-28 00:00:00,13.0,14.2,12.4001,13.73,164.76000000000002,2570616,170.4,148.80120000000002,156.0,214218,0.0,1.0
2020-10-29 00:00:00,13.95,14.69,13.56,13.64,163.68,2276310,176.28,162.72000000000003,167.4,189692,0.0,1.0
2020-10-30 00:00:00,13.5,13.95,13.1801,13.49,161.88000000000002,1999919,167.4,158.1612,162.0,166659,0.0,1.0
2020-11-02 00:00:00,14.22,14.7,13.5501,13.8,165.60000000000002,1624556,176.4,162.6012,170.64,135379,0.0,1.0
2020-11-03 00:00:00,14.06,15.69,14.0,14.93,179.16,3191000,188.28,168.0,168.72000000000003,265916,0.0,1.0
2020-11-04 00:00:00,15.45,15.53,14.05,14.28,171.36,1853656,186.36,168.60000000000002,185.4,154471,0.0,1.0
2020-11-05 00:00:00,14.6,15.61,14.5991,14.78,177.36,1506770,187.32,175.1892,175.20000000000002,125564,0.0,1.0
2020-11-06 00:00:00,15.2,15.35,14.29,14.92,179.04000000000002,1935071,184.2,171.48,182.4,161255,0.0,1.0
2020-11-09 00:00:00,14.96,15.2599,14.35,14.65,175.8,1381112,183.1188,172.20000000000002,179.52,115092,0.0,1.0
2020-11-10 00:00:00,14.55,15.75,14.4,15.65,187.8,3234654,189.0,172.8,174.60000000000002,269554,0.0,1.0
2020-11-11 00:00:00,20.0002,20.35,15.95,16.03,192.36,12615313,244.2,191.4,240.0024,1051276,0.0,1.0
2020-11-12 00:00:00,16.4,16.65,14.87,15.42,185.04,4774244,199.8,178.44,196.8,397853,0.0,1.0
2020-11-13 00:00:00,15.12,16.57,14.96,15.32,183.84,4483248,198.84,179.52,181.44,373604,0.0,1.0
2020-11-16 00:00:00,15.72,18.71,15.65,18.59,223.08,4695220,224.52,187.8,188.64,391268,0.0,1.0
2020-11-17 00:00:00,18.3,22.44,18.3,21.66,259.92,12244870,269.28000000000003,219.6,219.6,1020405,0.0,1.0
2020-11-18 00:00:00,22.2,23.8799,20.53,20.83,249.96,8127784,286.5588,246.36,266.40000000000003,677315,0.0,1.0
2020-11-19 00:00:00,22.13,22.48,19.85,22.2,266.40000000000003,4372047,269.76000000000005,238.2,265.56,364337,0.0,1.0
2020-11-20 00:00:00,22.8,24.5,22.8,23.65,283.8,5186358,294.0,273.6,273.6,432196,0.0,1.0
2020-11-23 00:00:00,24.87,27.9,24.38,25.75,309.0,8390321,334.8,292.56,298.44000000000005,699193,0.0,1.0
2020-11-24 00:00:00,27.61,27.61,22.7501,24.85,298.20000000000005,7262843,331.32,273.00120000000004,331.32,605236,0.0,1.0
2020-11-25 00:00:00,24.51,25.57,23.0,25.26,303.12000000000006,5733112,306.84000000000003,276.0,294.12000000000006,477759,0.0,1.0
2020-11-27 00:00:00,25.9,27.4199,25.6,27.1,325.20000000000005,3969299,329.0388,307.20000000000005,310.8,330774,0.0,1.0
2020-11-30 00:00:00,27.91,28.66,26.9,27.7,332.40000000000003,5449128,343.92,322.8,334.92,454094,0.0,1.0
2020-12-01 00:00:00,28.08,28.3,26.595,26.74,320.88,4183352,339.6,319.14,336.96,348612,0.0,1.0
2020-12-02 00:00:00,28.5,29.21,26.03,27.4,328.8,10348726,350.52000000000004,312.36,342.0,862393,0.0,1.0
2020-12-03 00:00:00,26.75,28.3,26.3,26.9,322.8,5095137,339.6,315.6,321.0,424594,0.0,1.0
2020-12-04 00:00:00,27.2,27.28,26.06,27.0,324.0,4697289,327.36,312.72,326.40000000000003,391440,0.0,1.0
2020-12-07 00:00:00,27.89,29.76,27.0,27.6,331.20000000000005,6890819,357.12000000000006,324.0,334.68,574234,0.0,1.0
2020-12-08 00:00:00,27.4,29.6539,27.1737,29.0,348.0,4198862,355.84680000000003,326.0844,328.8,349905,0.0,1.0
2020-12-09 00:00:00,29.0,32.73,27.77,29.79,357.48,8053987,392.76,333.24,348.0,671165,0.0,1.0
2020-12-10 00:00:00,28.69,29.99,28.11,28.9,346.8,4778853,359.88,337.32,344.28000000000003,398237,0.0,1.0
2020-12-11 00:00:00,28.5,29.27,26.5466,27.58,330.96,6048344,351.24,318.55920000000003,342.0,504028,0.0,1.0
2020-12-14 00:00:00,28.5,28.98,25.55,27.15,325.8,4362541,347.76000000000005,306.6,342.0,363545,0.0,1.0
2020-12-15 00:00:00,27.65,27.65,26.03,26.47,317.64,3030693,331.8,312.36,331.8,252557,0.0,1.0
2020-12-16 00:00:00,27.6,31.1,26.93,29.7,356.40000000000003,11907706,373.2000000000001,323.16,331.20000000000005,992308,0.0,1.0
2020-12-17 00:00:00,30.22,35.87,29.6,35.32,423.84,20238408,430.44,355.20000000000005,362.64,1686534,0.0,1.0
2020-12-18 00:00:00,35.99,40.18,35.93,39.25,471.0,19681556,482.16,431.16,431.88000000000005,1640129,0.0,1.0
2020-12-21 00:00:00,42.14,51.64,39.8933,49.48,593.76,32580305,619.6800000000001,478.71960000000007,505.68,2715025,0.0,1.0
2020-12-22 00:00:00,55.6,62.29,52.5,62.0,744.0,35748914,747.48,630.0,667.2,2979076,0.0,1.0
2020-12-23 00:00:00,56.08,57.87,52.5,52.59,631.08,20005505,694.44,630.0,672.96,1667125,0.0,1.0
2020-12-24 00:00:00,50.53,50.55,42.82,44.18,530.1600000000001,26307159,606.6,513.84,606.36,2192263,0.0,1.0
2020-12-28 00:00:00,39.82,41.47,36.5,38.94,467.28,28475006,497.64,438.0,477.84,2372917,0.0,1.0
2020-12-29 00:00:00,39.82,39.94,36.12,38.74,464.88000000000005,19207004,479.28,433.44,477.84,1600583,0.0,1.0
2020-12-30 00:00:00,37.7,38.99,32.25,33.31,399.72,53676189,467.88000000000005,387.0,452.4,4473015,0.0,1.0
2020-12-31 00:00:00,30.65,30.65,27.3501,28.0,336.0,63933896,367.8,328.20120000000003,367.8,5327824,0.0,1.0
2021-01-04 00:00:00,28.23,28.24,23.17,24.24,290.88,61923511,338.88,278.04,338.76000000000005,5160292,0.0,1.0
2021-01-05 00:00:00,27.71,30.77,26.77,27.33,327.96,75896265,369.24,321.24,332.52000000000004,6324688,0.0,1.0
2021-01-06 00:00:00,28.09,29.19,25.6105,27.17,326.04,37259184,350.28000000000003,307.326,337.08000000000004,3104932,0.0,1.0
2021-01-07 00:00:00,28.36,30.13,27.22,28.37,340.44000000000005,26136835,361.56,326.64,340.32,2178069,0.0,1.0
2021-01-08 00:00:00,28.97,29.4,26.01,27.31,327.72,20750199,352.8,312.12000000000006,347.64,1729183,0.0,1.0
2021-01-11 00:00:00,26.12,28.94,26.0709,27.19,326.28000000000003,13128130,347.28000000000003,312.85080000000005,313.44000000000005,1094010,0.0,1.0
2021-01-12 00:00:00,31.12,36.9,29.55,36.48,437.76,77004035,442.8,354.6,373.44000000000005,6417002,0.0,1.0
2021-01-13 00:00:00,38.29,40.4,34.51,35.8,429.6,53521135,484.8,414.12,459.48,4460094,0.0,1.0
2021-01-14 00:00:00,36.07,36.87,32.52,35.62,427.44,32913016,442.44,390.24000000000007,432.84,2742751,0.0,1.0
2021-01-15 00:00:00,35.1,36.2,31.7,32.13,385.56000000000006,23996462,434.4,380.4,421.2000000000001,1999705,0.0,1.0
2021-01-19 00:00:00,32.41,32.5,29.52,30.74,368.88,22078653,390.0,354.24,388.92,1839887,0.0,1.0
2021-01-20 00:00:00,31.57,32.49,30.06,30.15,361.8,18514425,389.88000000000005,360.72,378.84,1542868,0.0,1.0
2021-01-21 00:00:00,31.68,36.0,31.36,35.5,426.0,52462694,432.0,376.32,380.16,4371891,0.0,1.0
2021-01-22 00:00:00,34.2,38.1,33.28,37.72,452.64,33514439,457.2000000000001,399.36,410.4,2792869,0.0,1.0
2021-01-25 00:00:00,40.32,44.78,36.1,40.98,491.76,49556032,537.36,433.2000000000001,483.84,4129669,0.0,1.0
2021-01-26 00:00:00,41.93,44.25,38.63,43.92,527.0400000000001,27880678,531.0,463.56000000000006,503.16,2323389,0.0,1.0
2021-01-27 00:00:00,47.63,57.47,44.55,46.75,561.0,58664864,689.64,534.6,571.5600000000001,4888738,0.0,1.0
2021-01-28 00:00:00,49.82,49.88,39.85,39.85,478.2000000000001,33708999,598.5600000000001,478.2000000000001,597.84,2809083,0.0,1.0
2021-01-29 00:00:00,45.39,46.35,40.5,42.25,507.0,30110861,556.2,486.0,544.6800000000001,2509238,0.0,1.0
2021-02-01 00:00:00,47.42,52.4,44.3,52.4,628.8000000000001,44140529,628.8000000000001,531.6,569.0400000000001,3678377,0.0,1.0
2021-02-02 00:00:00,50.85,51.31,47.12,48.46,581.5200000000001,20658630,615.72,565.44,610.2,1721552,0.0,1.0
2021-02-03 00:00:00,49.01,50.5,47.5,49.1,589.2,11207544,606.0,570.0,588.12,933962,0.0,1.0
2021-02-04 00:00:00,50.8,54.24,49.97,51.05,612.6,18595831,650.8800000000001,599.64,609.6,1549652,0.0,1.0
2021-02-05 00:00:00,51.2,51.498999999999995,48.33,48.78,585.36,10585500,617.9879999999999,579.96,614.4000000000001,882125,0.0,1.0
2021-02-08 00:00:00,47.36,47.79,45.3,46.32,555.84,13642022,573.48,543.6,568.32,1136835,0.0,1.0
2021-02-09 00:00:00,46.0,48.78,44.51,46.75,561.0,13113781,585.36,534.12,552.0,1092815,0.0,1.0
2021-02-10 00:00:00,47.83,49.5,43.5,45.85,550.2,12889102,594.0,522.0,573.96,1074091,0.0,1.0
2021-02-11 00:00:00,45.32,46.2,42.8,43.89,526.6800000000001,8813190,554.4000000000001,513.6,543.84,734432,0.0,1.0
2021-02-12 00:00:00,43.17,47.0,42.8541,46.66,559.92,10922292,564.0,514.2492000000001,518.0400000000001,910191,0.0,1.0
2021-02-16 00:00:00,46.47,47.28,42.3583,43.28,519.36,13060968,567.36,508.2996,557.64,1088414,0.0,1.0
2021-02-17 00:00:00,44.76,46.3,43.0,45.96,551.5200000000001,12074327,555.6,516.0,537.12,1006193,0.0,1.0
2021-02-18 00:00:00,44.49,45.46,41.6941,42.23,506.76,11417284,545.5200000000001,500.3292,533.8800000000001,951440,0.0,1.0
2021-02-19 00:00:00,43.13,44.64,42.2,42.95,515.4000000000001,10209314,535.6800000000001,506.4,517.5600000000001,850776,0.0,1.0
2021-02-22 00:00:00,41.94,42.85,40.38,40.82,489.84,10966244,514.2,484.56000000000006,503.28,913853,0.0,1.0
2021-02-23 00:00:00,35.95,39.6399,33.0,38.93,467.16,18396166,475.6788,396.0,431.4,1533013,0.0,1.0
2021-02-24 00:00:00,39.24,39.8,36.21,39.41,472.92,9760619,477.6,434.52,470.88000000000005,813384,0.0,1.0
2021-02-25 00:00:00,38.85,40.8,33.99,34.91,418.92,11859338,489.6,407.88000000000005,466.2000000000001,988278,0.0,1.0
2021-02-26 00:00:00,35.21,36.66,33.3019,35.3,423.6,9822100,439.92,399.6228,422.52,818508,0.0,1.0
2021-03-01 00:00:00,37.25,38.78,36.26,38.78,465.36,7665258,465.36,435.12,447.0,638771,0.0,1.0
2021-03-02 00:00:00,43.21,43.28,39.33,41.89,502.68,26124818,519.36,471.96,518.5200000000001,2177068,0.0,1.0
2021-03-03 00:00:00,37.7,37.73,34.0,34.14,409.68,28315523,452.76,408.0,452.4,2359626,0.0,1.0
2021-03-04 00:00:00,34.09,35.5,27.4,32.11,385.32,30394429,426.0,328.8,409.08,2532869,0.0,1.0
2021-03-05 00:00:00,31.21,31.96,26.13,29.96,359.52000000000004,19312128,383.52,313.56,374.52,1609344,0.0,1.0
2021-03-08 00:00:00,29.74,31.17,26.8,27.31,327.72,11769933,374.04,321.6,356.88,980827,0.0,1.0
2021-03-09 00:00:00,28.66,29.74,28.015,28.91,346.92,10543359,356.88,336.18,343.92,878613,0.0,1.0
2021-03-10 00:00:00,30.41,32.0,29.65,30.05,360.6,11625522,384.0,355.8,364.92,968793,0.0,1.0
2021-03-11 00:00:00,31.34,34.14,30.51,33.65,403.8,11110838,409.68,366.12000000000006,376.08,925903,0.0,1.0
2021-03-12 00:00:00,31.43,33.24,30.71,32.31,387.72,7226221,398.88000000000005,368.52,377.16,602185,0.0,1.0
2021-03-15 00:00:00,32.08,34.35,31.5621,33.43,401.16,9864814,412.2000000000001,378.7452,384.96,822067,0.0,1.0
2021-03-16 00:00:00,34.71,34.72,31.39,31.96,383.52,8130451,416.64,376.68,416.52,677537,0.0,1.0
2021-03-17 00:00:00,30.17,32.4611,29.4,32.05,384.6,8511558,389.5332,352.8,362.04,709296,0.0,1.0
2021-03-18 00:00:00,30.76,31.853,29.8,30.21,362.52,5336486,382.2360000000001,357.6,369.12000000000006,444707,0.0,1.0
2021-03-19 00:00:00,29.9,32.27,28.81,31.42,377.04,9791989,387.24000000000007,345.72,358.8,815999,0.0,1.0
2021-03-22 00:00:00,31.68,32.14,30.595,31.53,378.36,4646271,385.68,367.14,380.16,387189,0.0,1.0
2021-03-23 00:00:00,31.4,31.47,29.1315,30.09,361.08,7454309,377.64,349.57800000000003,376.8,621192,0.0,1.0
2021-03-24 00:00:00,29.55,30.58,26.75,26.85,322.20000000000005,7031476,366.96,321.0,354.6,585956,0.0,1.0
2021-03-25 00:00:00,25.84,27.05,25.12,25.89,310.68,9651681,324.6,301.44000000000005,310.08000000000004,804306,0.0,1.0
2021-03-26 00:00:00,26.0,26.67,20.69,21.88,262.56,31745142,320.04,248.28000000000003,312.0,2645428,0.0,1.0
2021-03-29 00:00:00,22.01,22.4721,20.7,21.06,252.72,20016761,269.6652,248.4,264.12000000000006,1668063,0.0,1.0
2021-03-30 00:00:00,21.0,22.78,20.38,21.75,261.0,18815074,273.36,244.56,252.0,1567922,0.0,1.0
2021-03-31 00:00:00,22.66,22.82,21.2444,22.12,265.44000000000005,15666070,273.84000000000003,254.9328,271.92,1305505,0.0,1.0
2021-04-01 00:00:00,23.73,24.01,22.22,22.44,269.28000000000003,18646040,288.12000000000006,266.64,284.76000000000005,1553836,0.0,1.0
2021-04-05 00:00:00,22.87,23.0,21.17,21.49,257.88,15572154,276.0,254.04,274.44000000000005,1297679,0.0,1.0
2021-04-06 00:00:00,21.49,23.19,20.9,22.37,268.44000000000005,19904021,278.28000000000003,250.8,257.88,1658668,0.0,1.0
2021-04-07 00:00:00,21.94,22.78,20.61,20.74,248.88,16087409,273.36,247.32,263.28000000000003,1340617,0.0,1.0
2021-04-08 00:00:00,20.77,21.26,20.26,20.7,248.4,12968368,255.12000000000003,243.12000000000003,249.24,1080697,0.0,1.0
2021-04-09 00:00:00,22.16,25.35,21.38,23.31,279.72,105284986,304.20000000000005,256.56,265.92,8773748,0.0,1.0
2021-04-12 00:00:00,22.64,23.28,20.85,21.35,256.20000000000005,24337914,279.36,250.2,271.68,2028159,0.0,1.0
2021-04-13 00:00:00,21.19,21.8399,20.75,21.24,254.88,12211948,262.0788,249.0,254.28000000000003,1017662,0.0,1.0
2021-04-14 00:00:00,21.32,22.18,20.87,20.97,251.64,13593385,266.16,250.44000000000003,255.84,1132782,0.0,1.0
2021-04-15 00:00:00,21.08,21.25,19.2,19.29,231.48,18719006,255.0,230.4,252.96,1559917,0.0,1.0
2021-04-16 00:00:00,18.76,19.63,18.33,18.86,226.32,12680220,235.56,219.96,225.12000000000003,1056685,0.0,1.0
2021-04-19 00:00:00,18.45,19.47,17.41,19.43,233.16,16717301,233.64,208.92,221.4,1393108,0.0,1.0
2021-04-20 00:00:00,19.23,19.6492,17.75,18.58,222.96,11251539,235.7904,213.0,230.76,937628,0.0,1.0
2021-04-21 00:00:00,18.2,19.79,17.59,19.71,236.52,12784168,237.48,211.08,218.4,1065347,0.0,1.0
2021-04-22 00:00:00,20.0,21.53,19.65,20.38,244.56,19830493,258.36,235.8,240.0,1652541,0.0,1.0
2021-04-23 00:00:00,20.4,21.14,20.25,20.66,247.92,8168802,253.68,243.0,244.8,680733,0.0,1.0
2021-04-26 00:00:00,21.0,22.31,20.83,21.79,261.48,9874966,267.72,249.96,252.0,822913,0.0,1.0
2021-04-27 00:00:00,22.12,22.63,21.16,22.11,265.32,8819722,271.56,253.92,265.44000000000005,734976,0.0,1.0
2021-04-28 00:00:00,21.97,22.4299,21.28,21.78,261.36,5685236,269.15880000000004,255.36,263.64,473769,0.0,1.0
2021-04-29 00:00:00,22.03,22.2,20.231,20.66,247.92,11207208,266.40000000000003,242.772,264.36,933934,0.0,1.0
2021-04-30 00:00:00,20.34,20.9299,19.93,20.16,241.92,6062779,251.1588,239.16,244.08,505231,0.0,1.0
2021-05-03 00:00:00,20.18,20.39,19.51,19.76,237.12000000000003,10233128,244.68,234.12000000000003,242.16,852760,0.0,1.0
2021-05-04 00:00:00,19.5,19.6,18.2,18.88,226.56,9264706,235.2,218.4,234.0,772058,0.0,1.0
2021-05-05 00:00:00,18.82,19.0,17.92,18.0,216.0,4547106,228.0,215.04,225.84,378925,0.0,1.0
2021-05-06 00:00:00,17.69,17.89,16.57,17.07,204.84,10445060,214.68,198.84,212.28000000000003,870421,0.0,1.0
2021-05-07 00:00:00,17.44,18.5499,17.23,17.24,206.88,8075282,222.5988,206.76,209.28000000000003,672940,0.0,1.0
2021-05-10 00:00:00,17.17,17.17,16.28,16.35,196.2,8443518,206.04,195.36,206.04,703626,0.0,1.0
2021-05-11 00:00:00,14.83,17.75,14.64,17.67,212.04,32166362,213.0,175.68,177.96,2680530,0.0,1.0
2021-05-12 00:00:00,21.18,21.38,18.85,19.38,232.56,57150215,256.56,226.2,254.16,4762517,0.0,1.0
2021-05-13 00:00:00,18.85,19.38,17.61,18.27,219.24,21103620,232.56,211.32,226.2,1758635,0.0,1.0
2021-05-14 00:00:00,18.69,20.89,18.53,20.53,246.36,20218773,250.68,222.36,224.28000000000003,1684897,0.0,1.0
2021-05-17 00:00:00,20.29,22.0,19.72,20.4,244.8,13375404,264.0,236.64,243.48,1114617,0.0,1.0
2021-05-18 00:00:00,21.0,22.28,20.51,21.42,257.04,13927149,267.36,246.12000000000003,252.0,1160595,0.0,1.0
2021-05-19 00:00:00,20.4,21.39,20.0,20.57,246.84,12256848,256.68,240.0,244.8,1021404,0.0,1.0
2021-05-20 00:00:00,20.84,21.29,20.15,20.56,246.72,8037635,255.48,241.8,250.08,669802,0.0,1.0
2021-05-21 00:00:00,20.57,21.1,20.23,20.29,243.48,7315519,253.2,242.76,246.84,609626,0.0,1.0
2021-05-24 00:00:00,20.37,21.85,20.0522,21.44,257.28000000000003,11029735,262.20000000000005,240.6264,244.44000000000003,919144,0.0,1.0
2021-05-25 00:00:00,21.62,22.41,20.62,21.0,252.0,11051321,268.92,247.44000000000003,259.44000000000005,920943,0.0,1.0
2021-05-26 00:00:00,21.24,24.69,21.19,23.72,284.64,25873067,296.28000000000003,254.28000000000003,254.88,2156088,0.0,1.0
2021-05-27 00:00:00,23.9,25.61,23.11,25.61,307.32,20651176,307.32,277.32,286.8,1720931,0.0,1.0
2021-05-28 00:00:00,25.57,26.4899,23.74,23.74,284.88,16583126,317.8788,284.88,306.84000000000003,1381927,0.0,1.0
2021-06-01 00:00:00,24.0,24.75,23.61,24.3,291.6,9620984,297.0,283.32,288.0,801748,0.0,1.0
2021-06-02 00:00:00,24.24,28.66,24.105,28.52,342.24,25386305,343.92,289.26000000000005,290.88,2115525,0.0,1.0
2021-06-03 00:00:00,27.89,28.18,26.3,27.38,328.56,12677173,338.16,315.6,334.68,1056431,0.0,1.0
2021-06-04 00:00:00,27.39,28.65,26.76,26.97,323.64,9022510,343.8,321.12000000000006,328.68,751875,0.0,1.0
2021-06-07 00:00:00,27.84,31.4397,27.62,30.46,365.52,21498726,377.2764,331.44000000000005,334.08000000000004,1791560,0.0,1.0
2021-06-08 00:00:00,30.49,31.57,29.17,30.08,360.96,12935642,378.84,350.04,365.88,1077970,0.0,1.0
2021-06-09 00:00:00,30.24,30.39,28.825,29.0,348.0,7653141,364.68,345.90000000000003,362.88,637761,0.0,1.0
2021-06-10 00:00:00,29.0,29.6199,27.15,27.83,333.96,8538917,355.4388,325.8,348.0,711576,0.0,1.0
2021-06-11 00:00:00,28.22,30.75,28.11,29.79,357.48,11329563,369.0,337.32,338.64,944130,0.0,1.0
2021-06-14 00:00:00,29.81,30.33,28.83,29.47,353.64,6805279,363.96,345.96,357.72,567106,0.0,1.0
2021-06-15 00:00:00,29.25,29.25,27.53,27.9,334.8,7605203,351.0,330.36,351.0,633766,0.0,1.0
2021-06-16 00:00:00,27.75,29.0,27.2,28.62,343.44000000000005,7322309,348.0,326.40000000000003,333.0,610192,0.0,1.0
2021-06-17 00:00:00,28.55,30.63,28.4501,29.53,354.36,10453403,367.56,341.4012,342.6,871116,0.0,1.0
2021-06-18 00:00:00,29.28,30.19,28.31,29.26,351.12000000000006,11764930,362.28,339.72,351.36,980410,0.0,1.0
2021-06-21 00:00:00,28.97,32.43,28.2,31.62,379.44000000000005,19475356,389.16,338.40000000000003,347.64,1622946,0.0,1.0
2021-06-22 00:00:00,32.02,33.7,31.32,31.72,380.64,17387434,404.4,375.84,384.24000000000007,1448952,0.0,1.0
2021-06-23 00:00:00,32.07,33.66,31.21,32.58,390.96,14290403,403.92,374.52,384.84,1190866,0.0,1.0
2021-06-24 00:00:00,33.01,33.209,31.84,32.3,387.6,7986340,398.508,382.08,396.12,665528,0.0,1.0
2021-06-25 00:00:00,32.65,35.09,32.57,34.25,411.0,33883619,421.08,390.84,391.8,2823634,0.0,1.0
2021-06-28 00:00:00,33.93,34.21,32.7806,33.82,405.84,9559195,410.52,393.3672,407.16,796599,0.0,1.0
2021-06-29 00:00:00,33.79,34.1,31.68,31.94,383.28,8921179,409.2000000000001,380.16,405.48,743431,0.0,1.0
2021-06-30 00:00:00,31.41,32.63,30.43,32.11,385.32,7404172,391.56000000000006,365.16,376.92,617014,0.0,1.0
2021-07-01 00:00:00,32.69,32.75,30.72,30.96,371.52,6194611,393.0,368.64,392.28,516217,0.0,1.0
2021-07-02 00:00:00,30.9,31.23,29.12,30.06,360.72,8786415,374.7600000000001,349.44000000000005,370.8,732201,0.0,1.0
2021-07-06 00:00:00,29.07,30.0,28.341,29.11,349.32,6378845,360.0,340.092,348.84000000000003,531570,0.0,1.0
2021-07-07 00:00:00,29.43,29.5,27.4526,27.72,332.64,8094306,354.0,329.43120000000005,353.16,674525,0.0,1.0
2021-07-08 00:00:00,26.21,29.08,25.75,28.91,346.92,10626484,348.96,309.0,314.52000000000004,885540,0.0,1.0
2021-07-09 00:00:00,28.59,29.84,28.42,28.83,345.96,5017788,358.08000000000004,341.04,343.08000000000004,418149,0.0,1.0
2021-07-12 00:00:00,28.89,29.11,27.55,28.63,343.56,3942384,349.32,330.6,346.68,328532,0.0,1.0
2021-07-13 00:00:00,28.52,29.8,27.3364,27.51,330.12000000000006,5583091,357.6,328.0368,342.24,465257,0.0,1.0
2021-07-14 00:00:00,27.51,27.7046,25.51,25.7,308.40000000000003,7023712,332.4552,306.12000000000006,330.12000000000006,585309,0.0,1.0
2021-07-15 00:00:00,25.68,26.89,24.6,25.69,308.28000000000003,7088168,322.68,295.20000000000005,308.16,590680,0.0,1.0
2021-07-16 00:00:00,27.05,28.0,25.54,25.97,311.64,9990128,336.0,306.48,324.6,832510,0.0,1.0
2021-07-19 00:00:00,24.99,26.48,24.52,25.96,311.52000000000004,5949208,317.76000000000005,294.24,299.88,495767,0.0,1.0
2021-07-20 00:00:00,25.95,26.8,24.83,26.51,318.12000000000006,4375635,321.6,297.96,311.40000000000003,364636,0.0,1.0
2021-07-21 00:00:00,26.54,27.33,26.4067,27.28,327.36,4576844,327.96,316.8804,318.48,381403,0.0,1.0
2021-07-22 00:00:00,27.65,27.74,25.98,26.43,317.16,4722530,332.88,311.76000000000005,331.8,393544,0.0,1.0
2021-07-23 00:00:00,26.22,27.18,25.5936,26.72,320.64,5737216,326.16,307.1232,314.64,478101,0.0,1.0
2021-07-26 00:00:00,26.81,27.21,26.03,26.91,322.92,3579156,326.52000000000004,312.36,321.72,298263,0.0,1.0
2021-07-27 00:00:00,26.71,26.87,24.76,26.11,313.32,6836385,322.44000000000005,297.12000000000006,320.52000000000004,569698,0.0,1.0
2021-07-28 00:00:00,25.99,27.97,25.85,27.66,331.92,4451383,335.64,310.20000000000005,311.88,370948,0.0,1.0
2021-07-29 00:00:00,27.66,28.45,26.99,27.02,324.24,4598565,341.40000000000003,323.88,331.92,383213,0.0,1.0
2021-07-30 00:00:00,26.68,27.1624,25.9,26.04,312.48,3792888,325.94880000000006,310.8,320.16,316074,0.0,1.0
2021-08-02 00:00:00,26.0,26.759,25.75,26.17,314.04,2961414,321.108,309.0,312.0,246784,0.0,1.0
2021-08-03 00:00:00,26.3,26.31,25.13,25.99,311.88,2842368,315.72,301.56,315.6,236864,0.0,1.0
2021-08-04 00:00:00,25.49,26.02,24.8133,25.24,302.88,4419169,312.24,297.75960000000003,305.88,368264,0.0,1.0
2021-08-05 00:00:00,25.16,26.56,24.9,26.35,316.20000000000005,3681627,318.72,298.8,301.92,306802,0.0,1.0
2021-08-06 00:00:00,26.71,26.8,25.85,26.21,314.52000000000004,2902424,321.6,310.20000000000005,320.52000000000004,241868,0.0,1.0
2021-08-09 00:00:00,26.44,28.41,26.3326,27.93,335.16,7032403,340.92,315.9912,317.28000000000003,586033,0.0,1.0
2021-08-10 00:00:00,28.29,29.1099,27.26,28.64,343.68,13220953,349.3188,327.12000000000006,339.48,1101746,0.0,1.0
2021-08-11 00:00:00,32.96,33.68,30.21,31.82,381.84,35779520,404.16,362.52,395.52,2981626,0.0,1.0
2021-08-12 00:00:00,31.8,32.52,31.06,31.56,378.72,8124227,390.24000000000007,372.72,381.6,677018,0.0,1.0
2021-08-13 00:00:00,30.3,30.45,28.38,28.83,345.96,11829830,365.4,340.56,363.6,985819,0.0,1.0
2021-08-16 00:00:00,28.0,28.41,27.22,27.54,330.48,4854403,340.92,326.64,336.0,404533,0.0,1.0
2021-08-17 00:00:00,26.85,28.75,26.36,26.74,320.88,10841442,345.0,316.32,322.20000000000005,903453,0.0,1.0
2021-08-18 00:00:00,26.92,27.37,25.59,26.12,313.44000000000005,7457390,328.44000000000005,307.08000000000004,323.04,621449,0.0,1.0
2021-08-19 00:00:00,25.85,26.17,24.91,25.15,301.8,6100511,314.04,298.92,310.20000000000005,508375,0.0,1.0
2021-08-20 00:00:00,25.15,25.67,24.95,25.36,304.32,3855075,308.04,299.40000000000003,301.8,321256,0.0,1.0
2021-08-23 00:00:00,25.67,26.66,25.55,26.32,315.84000000000003,4698260,319.92,306.6,308.04,391521,0.0,1.0
2021-08-24 00:00:00,26.5,27.72,26.4728,27.71,332.52000000000004,5405748,332.64,317.6736,318.0,450479,0.0,1.0
2021-08-25 00:00:00,28.0,28.38,27.26,27.42,329.04,4395243,340.56,327.12000000000006,336.0,366270,0.0,1.0
2021-08-26 00:00:00,27.25,27.93,25.96,26.15,313.8,4485133,335.16,311.52000000000004,327.0,373761,0.0,1.0
2021-08-27 00:00:00,26.41,27.07,26.1156,27.05,324.6,3344013,324.84000000000003,313.3872,316.92,278667,0.0,1.0
2021-08-30 00:00:00,27.29,27.72,26.44,27.54,330.48,4527019,332.64,317.28000000000003,327.48,377251,0.0,1.0
2021-08-31 00:00:00,27.87,29.53,27.59,29.15,349.8,8981853,354.36,331.08000000000004,334.44000000000005,748487,0.0,1.0
2021-09-01 00:00:00,29.2,29.95,28.813,29.56,354.72,6531659,359.40000000000003,345.75600000000003,350.40000000000003,544304,0.0,1.0
2021-09-02 00:00:00,29.48,30.43,29.27,29.73,356.76000000000005,5901409,365.16,351.24,353.76000000000005,491784,0.0,1.0
2021-09-03 00:00:00,30.66,30.89,29.55,29.97,359.64,7411152,370.68,354.6,367.92,617596,0.0,1.0
2021-09-07 00:00:00,30.2,30.43,28.6,29.58,354.96,5886952,365.16,343.20000000000005,362.4,490579,0.0,1.0
2021-09-08 00:00:00,30.0,30.43,28.34,28.38,340.56,6528412,365.16,340.08000000000004,360.0,544034,0.0,1.0
2021-09-09 00:00:00,28.0,29.67,27.92,29.1,349.20000000000005,4260382,356.04,335.04,336.0,355031,0.0,1.0
2021-09-10 00:00:00,29.1,30.5,29.06,29.89,358.68,6734688,366.0,348.72,349.20000000000005,561224,0.0,1.0
2021-09-13 00:00:00,30.01,30.36,27.42,27.45,329.40000000000003,9423440,364.32,329.04,360.12000000000006,785286,0.0,1.0
2021-09-14 00:00:00,27.59,28.0323,26.43,27.21,326.52000000000004,6571696,336.3876,317.16,331.08000000000004,547641,0.0,1.0
2021-09-15 00:00:00,27.0,27.395,26.59,27.15,325.8,3848647,328.74,319.08000000000004,324.0,320720,0.0,1.0
2021-09-16 00:00:00,27.03,27.62,26.76,27.55,330.6,3268501,331.44000000000005,321.12000000000006,324.36,272375,0.0,1.0
2021-09-17 00:00:00,27.9,28.37,27.1531,28.28,339.36,6583067,340.44000000000005,325.8372,334.8,548588,0.0,1.0
2021-09-20 00:00:00,27.15,27.5,25.73,26.07,312.84000000000003,7343009,330.0,308.76000000000005,325.8,611917,0.0,1.0
2021-09-21 00:00:00,26.3,26.5,25.09,25.22,302.64,5698098,318.0,301.08000000000004,315.6,474841,0.0,1.0
2021-09-22 00:00:00,25.36,26.23,25.3,26.16,313.92,3953910,314.76000000000005,303.6,304.32,329492,0.0,1.0
2021-09-23 00:00:00,26.47,26.5697,25.89,25.94,311.28000000000003,4447348,318.8364,310.68,317.64,370612,0.0,1.0
2021-09-24 00:00:00,25.82,25.87,25.03,25.42,305.04,4375340,310.44000000000005,300.36,309.84000000000003,364611,0.0,1.0
2021-09-27 00:00:00,25.18,26.155,24.76,25.75,309.0,3450864,313.86,297.12000000000006,302.16,287572,0.0,1.0
2021-09-28 00:00:00,25.41,25.68,23.8,23.91,286.92,7093072,308.16,285.6,304.92,591089,0.0,1.0
2021-09-29 00:00:00,24.0,24.07,22.77,22.89,274.68,5996072,288.84000000000003,273.24,288.0,499672,0.0,1.0
2021-09-30 00:00:00,23.0,24.62,22.81,23.96,287.52000000000004,6020348,295.44000000000005,273.72,276.0,501695,0.0,1.0
2021-10-01 00:00:00,24.01,24.48,23.42,24.41,292.92,4067307,293.76000000000005,281.04,288.12000000000006,338942,0.0,1.0
2021-10-04 00:00:00,24.01,24.06,22.72,23.25,279.0,4927375,288.72,272.64,288.12000000000006,410614,0.0,1.0
2021-10-05 00:00:00,23.4,23.79,23.01,23.54,282.48,3132306,285.48,276.12000000000006,280.8,261025,0.0,1.0
2021-10-06 00:00:00,23.24,24.45,22.99,24.13,289.56,3815008,293.40000000000003,275.88,278.88,317917,0.0,1.0
2021-10-07 00:00:00,24.45,25.68,24.34,25.03,300.36,4803701,308.16,292.08000000000004,293.40000000000003,400308,0.0,1.0
2021-10-08 00:00:00,25.0,25.53,24.64,25.12,301.44000000000005,3483887,306.36,295.68,300.0,290323,0.0,1.0
2021-10-11 00:00:00,24.88,26.27,24.88,25.47,305.64,4496535,315.24,298.56,298.56,374711,0.0,1.0
2021-10-12 00:00:00,25.31,25.892,24.93,25.81,309.72,3101499,310.704,299.16,303.72,258458,0.0,1.0
2021-10-13 00:00:00,25.99,27.54,25.912,27.24,326.88,5052477,330.48,310.944,311.88,421039,0.0,1.0
2021-10-14 00:00:00,27.9,29.15,27.38,27.74,332.88,7764348,349.8,328.56,334.8,647029,0.0,1.0
2021-10-15 00:00:00,28.28,28.98,27.72,28.01,336.12000000000006,5028741,347.76000000000005,332.64,339.36,419061,0.0,1.0
2021-10-18 00:00:00,27.65,29.95,27.58,29.91,358.92,6430231,359.40000000000003,330.96,331.8,535852,0.0,1.0
2021-10-19 00:00:00,30.5,30.98,29.21,29.8,357.6,8131883,371.7600000000001,350.52000000000004,366.0,677656,0.0,1.0
2021-10-20 00:00:00,29.93,30.21,29.3,29.57,354.84000000000003,3479796,362.52,351.6,359.16,289983,0.0,1.0
2021-10-21 00:00:00,29.55,30.58,29.34,29.92,359.04,3451599,366.96,352.08000000000004,354.6,287633,0.0,1.0
2021-10-22 00:00:00,29.4,29.63,27.97,28.52,342.24,4615326,355.56,335.64,352.8,384610,0.0,1.0
2021-10-25 00:00:00,28.45,30.14,28.32,30.09,361.08,3992628,361.68,339.84000000000003,341.40000000000003,332719,0.0,1.0
2021-10-26 00:00:00,30.45,30.53,28.86,29.27,351.24,6779322,366.36,346.32,365.4,564943,0.0,1.0
2021-10-27 00:00:00,29.01,29.78,28.12,28.13,337.56,3119491,357.36,337.44000000000005,348.12000000000006,259957,0.0,1.0
2021-10-28 00:00:00,28.4,29.8723,28.24,29.48,353.76000000000005,4297014,358.4676,338.88,340.8,358084,0.0,1.0
2021-10-29 00:00:00,29.12,30.19,28.9659,29.81,357.72,3292739,362.28,347.59080000000006,349.44000000000005,274394,0.0,1.0
2021-11-01 00:00:00,30.05,33.45,30.05,33.06,396.72,13228803,401.4,360.6,360.6,1102400,0.0,1.0
2021-11-02 00:00:00,32.9,33.9,31.84,33.76,405.12,5432552,406.8,382.08,394.8,452712,0.0,1.0
2021-11-03 00:00:00,33.9,34.68,33.01,33.87,406.44,6045105,416.16,396.12,406.8,503758,0.0,1.0
2021-11-04 00:00:00,34.2,35.1,32.27,32.69,392.28,7506656,421.2000000000001,387.24000000000007,410.4,625554,0.0,1.0
2021-11-05 00:00:00,32.84,33.22,32.01,32.82,393.84,4549179,398.64,384.12,394.08,379098,0.0,1.0
2021-11-08 00:00:00,33.25,33.98,33.08,33.67,404.04,4139120,407.76,396.96,399.0,344926,0.0,1.0
2021-11-09 00:00:00,34.19,34.3,31.77,33.13,397.56000000000006,8412527,411.6,381.24,410.28,701043,0.0,1.0
2021-11-10 00:00:00,29.2,29.26,25.19,25.47,305.64,33324938,351.12000000000006,302.28000000000003,350.40000000000003,2777078,0.0,1.0
2021-11-11 00:00:00,25.83,26.43,24.88,25.0,300.0,12173687,317.16,298.56,309.96,1014473,0.0,1.0
2021-11-12 00:00:00,25.1,25.24,24.06,24.54,294.48,9869194,302.88,288.72,301.20000000000005,822432,0.0,1.0
2021-11-15 00:00:00,24.61,25.3,24.37,24.55,294.6,7405601,303.6,292.44000000000005,295.32,617133,0.0,1.0
2021-11-16 00:00:00,24.37,24.37,23.22,24.18,290.16,8923622,292.44000000000005,278.64,292.44000000000005,743635,0.0,1.0
2021-11-17 00:00:00,24.25,24.36,23.35,23.98,287.76000000000005,5254013,292.32,280.20000000000005,291.0,437834,0.0,1.0
2021-11-18 00:00:00,23.79,23.9,21.86,22.0,264.0,11474404,286.8,262.32,285.48,956200,0.0,1.0
2021-11-19 00:00:00,21.85,22.5899,21.27,21.42,257.04,7650050,271.0788,255.24,262.20000000000005,637504,0.0,1.0
2021-11-22 00:00:00,21.42,21.9,20.39,20.68,248.16,7780381,262.8,244.68,257.04,648365,0.0,1.0
2021-11-23 00:00:00,20.54,21.17,19.95,20.49,245.88,8380584,254.04,239.4,246.48,698382,0.0,1.0
2021-11-24 00:00:00,20.45,21.85,20.2,21.26,255.12000000000003,7079583,262.20000000000005,242.4,245.4,589965,0.0,1.0
2021-11-26 00:00:00,20.57,21.49,20.51,21.04,252.48,3975083,257.88,246.12000000000003,246.84,331256,0.0,1.0
2021-11-29 00:00:00,21.29,21.38,19.71,20.74,248.88,7460937,256.56,236.52,255.48,621744,0.0,1.0
2021-11-30 00:00:00,20.67,20.97,18.97,19.62,235.44000000000003,7576363,251.64,227.64,248.04,631363,0.0,1.0
2021-12-01 00:00:00,19.83,19.869,17.7,17.78,213.36,10560076,238.428,212.4,237.96,880006,0.0,1.0
2021-12-02 00:00:00,17.62,18.78,17.36,18.2,218.4,7383588,225.36,208.32,211.44000000000003,615299,0.0,1.0
2021-12-03 00:00:00,17.94,18.08,16.52,17.59,211.08,9549053,216.96,198.24,215.28000000000003,795754,0.0,1.0
2021-12-06 00:00:00,16.94,17.78,16.26,17.36,208.32,7793256,213.36,195.12000000000003,203.28000000000003,649438,0.0,1.0
2021-12-07 00:00:00,18.08,19.18,18.03,18.6,223.2,6911731,230.16,216.36,216.96,575977,0.0,1.0
2021-12-08 00:00:00,18.7,20.19,18.27,19.77,237.24,7187868,242.28000000000003,219.24,224.4,598989,0.0,1.0
2021-12-09 00:00:00,20.01,21.57,18.59,18.86,226.32,12527452,258.84000000000003,223.08,240.12000000000003,1043954,0.0,1.0
2021-12-10 00:00:00,19.01,19.62,17.57,17.81,213.72,9149876,235.44000000000003,210.84,228.12000000000003,762489,0.0,1.0
2021-12-13 00:00:00,17.77,17.96,16.52,17.14,205.68,6773594,215.52,198.24,213.24,564466,0.0,1.0
2021-12-14 00:00:00,16.59,17.12,16.26,16.7,200.4,7433432,205.44000000000003,195.12000000000003,199.08,619452,0.0,1.0
2021-12-15 00:00:00,16.45,17.3636,15.81,17.21,206.52,8246113,208.36320000000003,189.72000000000003,197.4,687176,0.0,1.0
2021-12-16 00:00:00,17.47,17.73,15.91,16.29,195.48,7858336,212.76,190.92,209.64,654861,0.0,1.0
2021-12-17 00:00:00,15.88,16.73,15.18,16.62,199.44000000000003,10535404,200.76,182.16,190.56000000000003,877950,0.0,1.0
2021-12-20 00:00:00,16.02,16.56,15.51,16.0,192.0,6669508,198.72,186.12,192.24,555792,0.0,1.0
2021-12-21 00:00:00,16.14,17.225,16.11,16.96,203.52,6322901,206.7,193.32,193.68,526908,0.0,1.0
2021-12-22 00:00:00,16.82,17.18,16.43,16.59,199.08,5820392,206.16,197.16,201.84,485032,0.0,1.0
2021-12-23 00:00:00,16.54,18.01,16.36,17.7,212.4,11737642,216.12000000000003,196.32,198.48,978136,0.0,1.0
2021-12-27 00:00:00,17.5,17.6414,16.61,16.81,201.72,8730275,211.6968,199.32,210.0,727522,0.0,1.0
2021-12-28 00:00:00,16.67,16.83,15.82,15.87,190.44,9400685,201.96,189.84,200.04,783390,0.0,1.0
2021-12-29 00:00:00,15.78,16.0327,15.01,15.4,184.8,10242940,192.3924,180.12,189.36,853578,0.0,1.0
2021-12-30 00:00:00,15.33,16.635,15.27,16.14,193.68,9802302,199.62000000000003,183.24,183.96,816858,0.0,1.0
2021-12-31 00:00:00,15.99,16.65,15.51,15.52,186.24,5765720,199.8,186.12,191.88,480476,0.0,1.0
2022-01-03 00:00:00,15.9,16.65,15.5582,16.2,194.4,5960147,199.8,186.6984,190.8,496678,0.0,1.0
2022-01-04 00:00:00,16.2,16.29,15.07,15.81,189.72000000000003,7015310,195.48,180.84,194.4,584609,0.0,1.0
2022-01-05 00:00:00,15.5,15.5999,13.898,14.16,169.92000000000002,13324174,187.1988,166.776,186.0,1110347,0.0,1.0
2022-01-06 00:00:00,14.01,14.515,13.18,13.92,167.04000000000002,9264422,174.18,158.16,168.12,772035,0.0,1.0
2022-01-07 00:00:00,13.98,14.56,13.6101,13.97,167.64,7566592,174.72000000000003,163.3212,167.76000000000002,630549,0.0,1.0
2022-01-10 00:00:00,13.71,13.73,12.79,13.56,162.72000000000003,12241251,164.76000000000002,153.48,164.52,1020104,0.0,1.0
2022-01-11 00:00:00,13.52,15.39,13.28,14.79,177.48,10919909,184.68,159.36,162.24,909992,0.0,1.0
2022-01-12 00:00:00,15.02,15.58,14.635,14.65,175.8,6561181,186.96,175.62,180.24,546765,0.0,1.0
2022-01-13 00:00:00,14.86,14.9,13.57,13.6,163.20000000000002,8109251,178.8,162.84,178.32,675770,0.0,1.0
2022-01-14 00:00:00,13.16,13.7,12.67,13.12,157.44,10740740,164.4,152.04000000000002,157.92000000000002,895061,0.0,1.0
2022-01-18 00:00:00,12.73,13.074000000000002,12.14,12.33,147.96,8587457,156.88800000000003,145.68,152.76000000000002,715621,0.0,1.0
2022-01-19 00:00:00,12.42,12.56,11.81,11.94,143.28,10668162,150.72000000000003,141.72000000000003,149.04000000000002,889013,0.0,1.0
2022-01-20 00:00:00,12.03,12.64,11.24,11.27,135.24,13481630,151.68,134.88000000000002,144.36,1123469,0.0,1.0
2022-01-21 00:00:00,10.58,10.785,10.08,10.21,122.52,20749250,129.42000000000002,120.96,126.96,1729104,0.0,1.0
2022-01-24 00:00:00,9.37,10.12,8.76,10.11,121.32,19329084,121.44,105.12,112.44,1610757,0.0,1.0
2022-01-25 00:00:00,9.69,10.26,9.475,9.88,118.56000000000002,10440482,123.12,113.7,116.28,870040,0.0,1.0
2022-01-26 00:00:00,10.24,10.7264,9.38,9.47,113.64,13811150,128.7168,112.56000000000002,122.88,1150929,0.0,1.0
2022-01-27 00:00:00,9.75,9.7525,8.74,8.86,106.32,12858318,117.03,104.88,117.0,1071526,0.0,1.0
2022-01-28 00:00:00,8.95,9.92,8.95,9.84,118.08,15487089,119.04,107.4,107.4,1290590,0.0,1.0
2022-01-31 00:00:00,9.87,10.835,9.83,10.74,128.88000000000002,11390141,130.02,117.96,118.44,949178,0.0,1.0
2022-02-01 00:00:00,11.11,11.485,10.38,11.28,135.36,11760467,137.82,124.56000000000002,133.32,980038,0.0,1.0
2022-02-02 00:00:00,11.41,11.41,10.33,10.38,124.56000000000002,10849076,136.92000000000002,123.96,136.92000000000002,904089,0.0,1.0
2022-02-03 00:00:00,9.88,10.46,9.66,9.7,116.4,9612156,125.52,115.92,118.56000000000002,801013,0.0,1.0
2022-02-04 00:00:00,9.72,10.36,9.59,10.1,121.2,8784295,124.32,115.08,116.64,732024,0.0,1.0
2022-02-07 00:00:00,10.11,10.685,9.9202,10.07,120.84,8571178,128.22000000000003,119.0424,121.32,714264,0.0,1.0
2022-02-08 00:00:00,9.97,10.24,9.75,10.0,120.0,7190041,122.88,117.0,119.64,599170,0.0,1.0
2022-02-09 00:00:00,10.2,11.08,10.065,11.07,132.84,8555150,132.96,120.78,122.4,712929,0.0,1.0
2022-02-10 00:00:00,10.75,11.89,10.46,11.09,133.08,11918099,142.68,125.52,129.0,993174,0.0,1.0
2022-02-11 00:00:00,10.89,11.68,10.54,10.71,128.52,10987077,140.16,126.48,130.68,915589,0.0,1.0
2022-02-14 00:00:00,10.56,11.0,10.28,10.31,123.72,6214973,132.0,123.36,126.72,517914,0.0,1.0
2022-02-15 00:00:00,10.635,11.285,10.51,11.22,134.64,6150344,135.42000000000002,126.12,127.62,512528,0.0,1.0
2022-02-16 00:00:00,10.99,11.12,10.59,10.79,129.48,7470968,133.44,127.08,131.88000000000002,622580,0.0,1.0
2022-02-17 00:00:00,10.55,10.7499,9.64,9.71,116.52,10555294,128.99880000000002,115.68,126.6,879607,0.0,1.0
2022-02-18 00:00:00,9.35,9.5,8.32,8.4,100.8,18061419,114.0,99.84,112.2,1505118,0.0,1.0
2022-02-22 00:00:00,8.17,8.58,7.95,8.01,96.12,11798886,102.96,95.4,98.04,983240,0.0,1.0
2022-02-23 00:00:00,8.07,8.275,7.57,7.62,91.44,18289076,99.3,90.84,96.84,1524089,0.0,1.0
2022-02-24 00:00:00,6.27,8.41,6.21,8.39,100.68,23368902,100.92,74.52000000000001,75.24,1947408,0.0,1.0
2022-02-25 00:00:00,8.26,8.37,7.74,8.14,97.68,11810416,100.44,92.88,99.12,984201,0.0,1.0
2022-02-28 00:00:00,8.28,8.86,8.0,8.55,102.6,11412661,106.32,96.0,99.36,951055,0.0,1.0
2022-03-01 00:00:00,8.58,8.832,8.23,8.47,101.64,7707998,105.984,98.76,102.96,642333,0.0,1.0
2022-03-02 00:00:00,8.54,8.654,8.1613,8.51,102.12,8021106,103.848,97.9356,102.48,668425,0.0,1.0
2022-03-03 00:00:00,8.55,8.6,7.55,7.58,90.96,10582059,103.2,90.6,102.6,881838,0.0,1.0
2022-03-04 00:00:00,7.67,7.77,7.25,7.37,88.44000000000001,11294481,93.24,87.0,92.04,941206,0.0,1.0
2022-03-07 00:00:00,7.39,7.72,7.225,7.3,87.60000000000001,10403322,92.64,86.7,88.68,866943,0.0,1.0
2022-03-08 00:00:00,7.2,7.49,6.87,7.11,85.32000000000001,13843147,89.88000000000001,82.44000000000001,86.4,1153595,0.0,1.0
2022-03-09 00:00:00,7.31,7.77,7.25,7.55,90.6,9741377,93.24,87.0,87.72,811781,0.0,1.0
2022-03-10 00:00:00,7.36,7.465,6.93,7.06,84.72,9646281,89.58,83.16,88.32000000000001,803856,0.0,1.0
2022-03-11 00:00:00,7.09,7.15,6.58,6.6,79.2,8755625,85.80000000000001,78.96000000000001,85.08,729635,0.0,1.0
2022-03-14 00:00:00,6.46,6.55,6.07,6.17,74.04,11935373,78.60000000000001,72.84,77.52000000000001,994614,0.0,1.0
2022-03-15 00:00:00,6.22,6.58,6.0098,6.48,77.76,10209731,78.96000000000001,72.11760000000001,74.64,850810,0.0,1.0
2022-03-16 00:00:00,6.6,7.43,6.6,7.37,88.44000000000001,16691792,89.16,79.2,79.2,1390982,0.0,1.0
2022-03-17 00:00:00,7.17,7.94,7.07,7.94,95.28000000000002,10014624,95.28000000000002,84.84,86.04,834552,0.0,1.0
2022-03-18 00:00:00,7.75,8.235,7.72,7.96,95.52,13839905,98.82,92.64,93.0,1153325,0.0,1.0
2022-03-21 00:00:00,7.94,7.99,7.46,7.53,90.36,10833253,95.88,89.52000000000001,95.28000000000002,902771,0.0,1.0
2022-03-22 00:00:00,7.48,8.0,7.35,7.71,92.52,13308708,96.0,88.2,89.76,1109059,0.0,1.0
2022-03-23 00:00:00,7.68,7.96,7.425,7.58,90.96,10702666,95.52,89.10000000000001,92.16,891888,0.0,1.0
2022-03-24 00:00:00,7.63,7.69,7.14,7.31,87.72,10376270,92.28000000000002,85.68,91.56,864689,0.0,1.0
2022-03-25 00:00:00,7.31,7.31,6.85,6.97,83.64,11148726,87.72,82.2,87.72,929060,0.0,1.0
2022-03-28 00:00:00,7.01,7.215,6.79,7.08,84.96000000000001,10545891,86.58,81.48,84.12,878824,0.0,1.0
2022-03-29 00:00:00,7.2,7.975,7.0724,7.6,91.2,29431500,95.7,84.86880000000001,86.4,2452625,0.0,1.0
2022-03-30 00:00:00,7.48,7.99,7.105,7.13,85.56,14195463,95.88,85.26,89.76,1182955,0.0,1.0
2022-03-31 00:00:00,7.11,7.15,6.56,6.57,78.84,17661896,85.80000000000001,78.72,85.32000000000001,1471824,0.0,1.0
2022-04-01 00:00:00,6.59,6.72,6.37,6.55,78.60000000000001,12934783,80.64,76.44000000000001,79.08,1077898,0.0,1.0
2022-04-04 00:00:00,6.65,7.68,6.63,7.38,88.56,18546786,92.16,79.56,79.80000000000001,1545565,0.0,1.0
2022-04-05 00:00:00,7.3,7.3701,6.82,6.92,83.04,10277634,88.44120000000001,81.84,87.60000000000001,856469,0.0,1.0
2022-04-06 00:00:00,6.74,6.7602,6.05,6.21,74.52000000000001,21454751,81.12240000000001,72.60000000000001,80.88000000000001,1787895,0.0,1.0
2022-04-07 00:00:00,6.16,6.305,5.8,6.11,73.32000000000001,17459852,75.66,69.60000000000001,73.92,1454987,0.0,1.0
2022-04-08 00:00:00,6.02,6.135,5.8,5.81,69.72,10736221,73.62,69.60000000000001,72.24,894685,0.0,1.0
2022-04-11 00:00:00,5.66,5.98,5.485,5.86,70.32000000000001,10452013,71.76,65.82000000000001,67.92,871001,0.0,1.0
2022-04-12 00:00:00,5.93,6.22,5.64,5.66,67.92,12900927,74.64,67.68,71.16,1075077,0.0,1.0
2022-04-13 00:00:00,5.68,5.98,5.56,5.85,70.2,10152626,71.76,66.72,68.16,846052,0.0,1.0
2022-04-14 00:00:00,5.89,5.89,5.55,5.56,66.72,8985216,70.68,66.60000000000001,70.68,748768,0.0,1.0
2022-04-18 00:00:00,5.52,5.5528,5.1,5.28,63.36000000000001,11496789,66.63360000000002,61.2,66.24,958065,0.0,1.0
2022-04-19 00:00:00,5.3,5.72,5.23,5.59,67.08,10259921,68.64,62.760000000000005,63.6,854993,0.0,1.0
2022-04-20 00:00:00,5.4,5.4264,5.03,5.23,62.760000000000005,11944145,65.11680000000001,60.36000000000001,64.80000000000001,995345,0.0,1.0
2022-04-21 00:00:00,5.34,5.435,4.67,4.73,56.760000000000005,14043453,65.22,56.04,64.08,1170287,0.0,1.0
2022-04-22 00:00:00,4.73,4.82,4.385,4.55,54.6,11957815,57.84,52.62,56.760000000000005,996484,0.0,1.0
2022-04-25 00:00:00,4.48,4.61,4.35,4.45,53.400000000000006,13717725,55.32000000000001,52.2,53.760000000000005,1143143,0.0,1.0
2022-04-26 00:00:00,4.42,4.46,4.11,4.12,49.440000000000005,11511896,53.52,49.32000000000001,53.04,959324,0.0,1.0
2022-04-27 00:00:00,4.12,4.225,3.89,3.95,47.400000000000006,15533003,50.7,46.68000000000001,49.440000000000005,1294416,0.0,1.0
2022-04-28 00:00:00,4.01,4.16,3.75,4.07,48.84,14750143,49.92,45.0,48.12,1229178,0.0,1.0
2022-04-29 00:00:00,4.05,4.1899,3.79,3.79,45.48,13853220,50.2788,45.48,48.6,1154435,0.0,1.0
2022-05-02 00:00:00,3.79,4.26,3.68,4.26,51.12,17139234,51.12,44.16,45.48,1428269,0.0,1.0
2022-05-03 00:00:00,4.16,4.39,4.1,4.23,50.760000000000005,13107659,52.68,49.2,49.92,1092304,0.0,1.0
2022-05-04 00:00:00,4.18,4.59,3.91,4.57,54.84,16379640,55.08,46.92,50.16,1364970,0.0,1.0
2022-05-05 00:00:00,4.5,4.5,3.95,4.12,49.440000000000005,19476652,54.0,47.400000000000006,54.0,1623054,0.0,1.0
2022-05-06 00:00:00,3.1,3.54,2.87,3.25,39.0,35984758,42.48,34.440000000000005,37.2,2998729,0.0,1.0
2022-05-09 00:00:00,3.13,3.2,2.82,2.91,34.92,20708183,38.400000000000006,33.84,37.56,1725681,0.0,1.0
2022-05-10 00:00:00,3.07,3.56,2.87,3.35,40.2,24496965,42.720000000000006,34.440000000000005,36.84,2041413,0.0,1.0
2022-05-11 00:00:00,3.25,3.48,2.89,2.9,34.800000000000004,22140045,41.760000000000005,34.68000000000001,39.0,1845003,0.0,1.0
2022-05-12 00:00:00,2.94,3.26,2.76,3.1,37.2,19452428,39.12,33.12,35.28,1621035,0.0,1.0
2022-05-13 00:00:00,3.23,3.67,3.2,3.51,42.12,24426901,44.04,38.400000000000006,38.760000000000005,2035575,0.0,1.0
2022-05-16 00:00:00,3.44,3.635,3.25,3.26,39.12,18224077,43.62,39.0,41.28,1518673,0.0,1.0
2022-05-17 00:00:00,3.38,3.488,3.21,3.38,40.56,13611978,41.856,38.52,40.56,1134331,0.0,1.0
2022-05-18 00:00:00,3.33,3.54,3.18,3.23,38.760000000000005,12370957,42.48,38.16,39.96,1030913,0.0,1.0
2022-05-19 00:00:00,3.24,3.43,3.15,3.23,38.760000000000005,12485646,41.16,37.8,38.88,1040470,0.0,1.0
2022-05-20 00:00:00,3.33,3.35,3.0,3.17,38.04,14094741,40.2,36.0,39.96,1174561,0.0,1.0
2022-05-23 00:00:00,3.17,3.25,2.96,3.23,38.760000000000005,10388949,39.0,35.52,38.04,865745,0.0,1.0
2022-05-24 00:00:00,3.15,3.15,2.89,2.99,35.88,10138194,37.8,34.68000000000001,37.8,844849,0.0,1.0
2022-05-25 00:00:00,2.95,3.23,2.93,3.19,38.28,7750913,38.760000000000005,35.160000000000004,35.400000000000006,645909,0.0,1.0
2022-05-26 00:00:00,3.17,3.365,3.12,3.21,38.52,10520463,40.38,37.440000000000005,38.04,876705,0.0,1.0
2022-05-27 00:00:00,3.27,3.555,3.25,3.51,42.12,12056971,42.66,39.0,39.24,1004747,0.0,1.0
2022-05-31 00:00:00,3.62,3.64,3.2,3.29,39.48,16857981,43.68000000000001,38.400000000000006,43.440000000000005,1404831,0.0,1.0
2022-06-01 00:00:00,3.27,3.415,3.05,3.14,37.68000000000001,14035545,40.98,36.6,39.24,1169628,0.0,1.0
2022-06-02 00:00:00,3.15,3.64,3.13,3.48,41.760000000000005,15009048,43.68000000000001,37.56,37.8,1250754,0.0,1.0
2022-06-03 00:00:00,3.36,3.51,3.28,3.34,40.08,8209067,42.12,39.36,40.32,684088,0.0,1.0
2022-06-06 00:00:00,3.47,3.52,3.27,3.3,39.6,10363155,42.24,39.24,41.64000000000001,863596,0.0,1.0
2022-06-07 00:00:00,3.2,3.36,3.15,3.29,39.48,5635046,40.32,37.8,38.400000000000006,469587,0.0,1.0
2022-06-08 00:00:00,3.29,3.455,3.26,3.29,39.48,8351520,41.46,39.12,39.48,695960,0.0,1.0
2022-06-09 00:00:00,3.26,3.3,3.06,3.1,37.2,10383126,39.6,36.720000000000006,39.12,865260,0.0,1.0
2022-06-10 00:00:00,3.0,3.04,2.865,2.96,35.52,11958939,36.48,34.38,36.0,996578,0.0,1.0
2022-06-13 00:00:00,2.81,2.91,2.67,2.69,32.28,11118009,34.92,32.04,33.720000000000006,926500,0.0,1.0
2022-06-14 00:00:00,2.72,2.825,2.6,2.72,32.64000000000001,11138936,33.900000000000006,31.200000000000003,32.64000000000001,928244,0.0,1.0
2022-06-15 00:00:00,2.78,2.91,2.7,2.79,33.480000000000004,15302341,34.92,32.400000000000006,33.36,1275195,0.0,1.0
2022-06-16 00:00:00,2.66,2.67,2.49,2.56,30.72,13664664,32.04,29.880000000000003,31.92,1138722,0.0,1.0
2022-06-17 00:00:00,2.59,2.83,2.58,2.82,33.84,17101997,33.96,30.96,31.08,1425166,0.0,1.0
2022-06-21 00:00:00,2.89,2.92,2.7,2.71,32.52,13712003,35.04,32.400000000000006,34.68000000000001,1142666,0.0,1.0
2022-06-22 00:00:00,2.63,2.91,2.62,2.7,32.400000000000006,9980235,34.92,31.44,31.56,831686,0.0,1.0
2022-06-23 00:00:00,2.76,2.93,2.71,2.86,34.32,12849722,35.160000000000004,32.52,33.12,1070810,0.0,1.0
2022-06-24 00:00:00,2.93,3.08,2.86,2.95,35.400000000000006,18060842,36.96,34.32,35.160000000000004,1505070,0.0,1.0
2022-06-27 00:00:00,3.02,3.02,2.73,2.82,33.84,7710403,36.24,32.760000000000005,36.24,642533,0.0,1.0
2022-06-28 00:00:00,2.84,2.87,2.57,2.61,31.32,9620866,34.440000000000005,30.84,34.08,801738,0.0,1.0
2022-06-29 00:00:00,2.59,2.6,2.48,2.58,30.96,9626887,31.200000000000003,29.76,31.08,802240,0.0,1.0
2022-06-30 00:00:00,2.49,2.55,2.34,2.47,29.640000000000004,10228529,30.6,28.08,29.880000000000003,852377,0.0,1.0
2022-07-01 00:00:00,2.45,2.6572,2.44,2.47,29.640000000000004,8166403,31.8864,29.28,29.4,680533,0.0,1.0
2022-07-05 00:00:00,2.4,2.67,2.318,2.67,32.04,9188373,32.04,27.816000000000003,28.8,765697,0.0,1.0
2022-07-06 00:00:00,2.66,2.81,2.52,2.52,30.24,6878081,33.720000000000006,30.24,31.92,573173,0.0,1.0
2022-07-07 00:00:00,2.55,2.86,2.49,2.85,34.2,10202296,34.32,29.880000000000003,30.6,850191,0.0,1.0
2022-07-08 00:00:00,2.77,2.97,2.74,2.82,33.84,7477822,35.64000000000001,32.88,33.24,623151,0.0,1.0
2022-07-11 00:00:00,2.76,2.77,2.51,2.56,30.72,8987139,33.24,30.119999999999997,33.12,748928,0.0,1.0
2022-07-12 00:00:00,2.59,2.61,2.45,2.61,31.32,8990854,31.32,29.4,31.08,749237,0.0,1.0
2022-07-13 00:00:00,2.52,2.65,2.42,2.57,30.84,7202132,31.8,29.04,30.24,600177,0.0,1.0
2022-07-14 00:00:00,2.52,2.56,2.415,2.47,29.640000000000004,7416893,30.72,28.98,30.24,618074,0.0,1.0
2022-07-15 00:00:00,2.53,2.557,2.39,2.51,30.119999999999997,9560191,30.684,28.680000000000003,30.36,796682,0.0,1.0
2022-07-18 00:00:00,2.56,2.675,2.51,2.52,30.24,8486801,32.1,30.119999999999997,30.72,707233,0.0,1.0
2022-07-19 00:00:00,2.6,2.805,2.545,2.74,32.88,10356401,33.660000000000004,30.54,31.200000000000003,863033,0.0,1.0
2022-07-20 00:00:00,2.74,3.08,2.74,2.86,34.32,14672244,36.96,32.88,32.88,1222687,0.0,1.0
2022-07-21 00:00:00,2.8,2.86,2.73,2.79,33.480000000000004,10590243,34.32,32.760000000000005,33.6,882520,0.0,1.0
2022-07-22 00:00:00,2.73,2.865,2.55,2.56,30.72,9090564,34.38,30.6,32.760000000000005,757547,0.0,1.0
2022-07-25 00:00:00,2.56,2.57,2.42,2.49,29.880000000000003,11373872,30.84,29.04,30.72,947822,0.0,1.0
2022-07-26 00:00:00,2.46,2.47,2.35,2.37,28.44,8318977,29.640000000000004,28.200000000000003,29.52,693248,0.0,1.0
2022-07-27 00:00:00,2.44,2.5,2.37,2.48,29.76,7903357,30.0,28.44,29.28,658613,0.0,1.0
2022-07-28 00:00:00,2.42,2.55,2.38,2.55,30.6,7721634,30.6,28.56,29.04,643469,0.0,1.0
2022-07-29 00:00:00,2.45,2.51,2.39,2.51,30.119999999999997,6524856,30.119999999999997,28.680000000000003,29.4,543738,0.0,1.0
2022-08-01 00:00:00,2.49,2.59,2.4245,2.5,30.0,6868033,31.08,29.094,29.880000000000003,572336,0.0,1.0
2022-08-02 00:00:00,2.46,2.73,2.46,2.68,32.160000000000004,16802908,32.760000000000005,29.52,29.52,1400242,0.0,1.0
2022-08-03 00:00:00,2.76,2.98,2.75,2.92,35.04,13186598,35.760000000000005,33.0,33.12,1098883,0.0,1.0
2022-08-04 00:00:00,2.94,3.0,2.84,2.97,35.64000000000001,17036298,36.0,34.08,35.28,1419691,0.0,1.0
2022-08-05 00:00:00,3.29,3.74,2.93,3.47,41.64000000000001,38765659,44.88,35.160000000000004,39.48,3230471,0.0,1.0
2022-08-08 00:00:00,3.58,4.04,3.51,3.93,47.16,31157743,48.48,42.12,42.96,2596478,0.0,1.0
2022-08-09 00:00:00,3.79,3.84,3.51,3.62,43.440000000000005,11988868,46.08,42.12,45.48,999072,0.0,1.0
2022-08-10 00:00:00,3.79,3.89,3.65,3.84,46.08,10554107,46.68000000000001,43.8,45.48,879508,0.0,1.0
2022-08-11 00:00:00,3.98,4.6,3.91,4.42,53.04,25994925,55.2,46.92,47.760000000000005,2166243,0.0,1.0
2022-08-12 00:00:00,4.54,4.55,4.11,4.35,52.2,17205579,54.6,49.32000000000001,54.48,1433798,0.0,1.0
2022-08-15 00:00:00,4.24,4.52,4.2,4.38,52.56,12043996,54.239999999999995,50.400000000000006,50.88,1003666,0.0,1.0
2022-08-16 00:00:00,4.36,8.1399,4.32,6.35,76.2,168023332,97.6788,51.84,52.32000000000001,14001944,0.0,1.0
2022-08-17 00:00:00,6.83,6.9,5.2344,5.36,64.32000000000001,77558836,82.80000000000001,62.8128,81.96000000000001,6463236,0.0,1.0
2022-08-18 00:00:00,5.4,5.4,4.7137,4.77,57.239999999999995,25971532,64.80000000000001,56.564400000000006,64.80000000000001,2164294,0.0,1.0
2022-08-19 00:00:00,4.54,4.66,4.17,4.35,52.2,18682490,55.92,50.04,54.48,1556874,0.0,1.0
2022-08-22 00:00:00,4.1,4.22,3.91,4.08,48.96,11971606,50.64,46.92,49.2,997633,0.0,1.0
2022-08-23 00:00:00,4.23,4.29,3.91,3.97,47.64000000000001,11777514,51.48,46.92,50.760000000000005,981459,0.0,1.0
2022-08-24 00:00:00,4.02,4.2881,3.93,4.0,48.0,14258410,51.4572,47.16,48.239999999999995,1188200,0.0,1.0
2022-08-25 00:00:00,4.03,4.145,3.84,3.89,46.68000000000001,12729941,49.739999999999995,46.08,48.36000000000001,1060828,0.0,1.0
2022-08-26 00:00:00,3.88,3.9799,3.59,3.64,43.68000000000001,11508443,47.75880000000001,43.08,46.56,959036,0.0,1.0
2022-08-29 00:00:00,3.54,3.82,3.52,3.65,43.8,9732068,45.84,42.24,42.48,811005,0.0,1.0
2022-08-30 00:00:00,3.71,3.8,3.43,3.54,42.48,9428166,45.6,41.16,44.52,785680,0.0,1.0
2022-08-31 00:00:00,3.61,3.675,3.5,3.62,43.440000000000005,9577483,44.1,42.0,43.32,798123,0.0,1.0
2022-09-01 00:00:00,3.59,3.59,3.39,3.52,42.24,10611914,43.08,40.68000000000001,43.08,884326,0.0,1.0
2022-09-02 00:00:00,3.59,3.59,3.32,3.38,40.56,9093069,43.08,39.84,43.08,757755,0.0,1.0
2022-09-06 00:00:00,3.47,3.655,3.26,3.63,43.56,12992984,43.86,39.12,41.64000000000001,1082748,0.0,1.0
2022-09-07 00:00:00,3.57,3.8,3.45,3.7,44.400000000000006,12938551,45.6,41.400000000000006,42.84,1078212,0.0,1.0
2022-09-08 00:00:00,3.57,3.975,3.53,3.85,46.2,12151527,47.7,42.36,42.84,1012627,0.0,1.0
2022-09-09 00:00:00,3.9,4.46,3.89,4.43,53.16,14297495,53.52,46.68000000000001,46.8,1191457,0.0,1.0
2022-09-12 00:00:00,4.5,5.0099,4.47,4.82,57.84,22298678,60.1188,53.64,54.0,1858223,0.0,1.0
2022-09-13 00:00:00,4.49,4.7561,4.36,4.61,55.32000000000001,18938942,57.0732,52.32000000000001,53.88,1578245,0.0,1.0
2022-09-14 00:00:00,4.64,5.1599,4.4,5.12,61.440000000000005,21022519,61.918800000000005,52.8,55.68,1751876,0.0,1.0
2022-09-15 00:00:00,5.0,5.24,4.81,5.01,60.12,18277147,62.88,57.72,60.0,1523095,0.0,1.0
2022-09-16 00:00:00,4.84,4.86,4.43,4.46,53.52,12187940,58.32000000000001,53.16,58.08,1015661,0.0,1.0
2022-09-19 00:00:00,4.35,4.81,4.33,4.75,57.0,9955191,57.72,51.96,52.2,829599,0.0,1.0
2022-09-20 00:00:00,4.62,4.67,4.27,4.31,51.72,9952196,56.04,51.239999999999995,55.440000000000005,829349,0.0,1.0
2022-09-21 00:00:00,4.33,4.64,4.21,4.37,52.440000000000005,10730361,55.68,50.52,51.96,894196,0.0,1.0
2022-09-22 00:00:00,4.32,4.37,3.91,3.92,47.04,10337218,52.440000000000005,46.92,51.84,861434,0.0,1.0
2022-09-23 00:00:00,4.09,4.34,3.98,4.23,50.760000000000005,16701487,52.08,47.760000000000005,49.08,1391790,0.0,1.0
2022-09-26 00:00:00,4.15,4.35,3.78,3.78,45.36,13888576,52.2,45.36,49.8,1157381,0.0,1.0
2022-09-27 00:00:00,3.96,4.1,3.78,3.8,45.6,10563980,49.2,45.36,47.52,880331,0.0,1.0
2022-09-28 00:00:00,3.86,4.04,3.75,3.96,47.52,10807555,48.48,45.0,46.32,900629,0.0,1.0
2022-09-29 00:00:00,3.86,3.935,3.65,3.69,44.28,7793429,47.220000000000006,43.8,46.32,649452,0.0,1.0
2022-09-30 00:00:00,3.64,3.77,3.54,3.55,42.6,8321547,45.24,42.48,43.68000000000001,693462,0.0,1.0
2022-10-03 00:00:00,3.65,3.8499,3.52,3.79,45.48,9428284,46.1988,42.24,43.8,785690,0.0,1.0
2022-10-04 00:00:00,3.97,4.165,3.97,4.13,49.56,10719352,49.98,47.64000000000001,47.64000000000001,893279,0.0,1.0
2022-10-05 00:00:00,4.0,4.06,3.82,3.96,47.52,7490278,48.72,45.84,48.0,624189,0.0,1.0
2022-10-06 00:00:00,3.96,4.21,3.88,4.0,48.0,8250806,50.52,46.56,47.52,687567,0.0,1.0
2022-10-07 00:00:00,3.9,3.94,3.72,3.79,45.48,9015991,47.28,44.64000000000001,46.8,751332,0.0,1.0
2022-10-10 00:00:00,3.75,3.81,3.63,3.73,44.760000000000005,6857960,45.720000000000006,43.56,45.0,571496,0.0,1.0
2022-10-11 00:00:00,3.65,3.77,3.48,3.65,43.8,9239342,45.24,41.760000000000005,43.8,769945,0.0,1.0
2022-10-12 00:00:00,3.63,3.9,3.61,3.85,46.2,8593323,46.8,43.32,43.56,716110,0.0,1.0
2022-10-13 00:00:00,3.71,4.38,3.56,4.09,49.08,18197006,52.56,42.720000000000006,44.52,1516417,0.0,1.0
2022-10-14 00:00:00,4.11,4.27,3.8,3.81,45.720000000000006,7268937,51.239999999999995,45.6,49.32000000000001,605744,0.0,1.0
2022-10-17 00:00:00,4.09,4.16,3.99,4.05,48.6,11157895,49.92,47.88,49.08,929824,0.0,1.0
2022-10-18 00:00:00,4.61,4.73,4.075,4.12,49.440000000000005,24374638,56.760000000000005,48.900000000000006,55.32000000000001,2031219,0.0,1.0
2022-10-19 00:00:00,4.14,4.14,3.73,3.83,45.96,16010995,49.68,44.760000000000005,49.68,1334249,0.0,1.0
2022-10-20 00:00:00,3.75,3.94,3.59,3.63,43.56,10539266,47.28,43.08,45.0,878272,0.0,1.0
2022-10-21 00:00:00,3.56,3.69,3.44,3.68,44.16,9683139,44.28,41.28,42.720000000000006,806928,0.0,1.0
2022-10-24 00:00:00,3.67,3.69,3.36,3.48,41.760000000000005,11371891,44.28,40.32,44.04,947657,0.0,1.0
2022-10-25 00:00:00,3.5,3.785,3.471,3.75,45.0,13490862,45.42,41.652,42.0,1124238,0.0,1.0
2022-10-26 00:00:00,3.65,3.945,3.6,3.69,44.28,11816903,47.34,43.2,43.8,984741,0.0,1.0
2022-10-27 00:00:00,3.72,3.835,3.61,3.62,43.440000000000005,7909447,46.02,43.32,44.64000000000001,659120,0.0,1.0
2022-10-28 00:00:00,3.62,3.64,3.45,3.62,43.440000000000005,10777853,43.68000000000001,41.400000000000006,43.440000000000005,898154,0.0,1.0
2022-10-31 00:00:00,3.66,3.7698,3.57,3.66,43.92,8981070,45.2376,42.84,43.92,748422,0.0,1.0
2022-11-01 00:00:00,3.78,3.9,3.525,3.55,42.6,9965317,46.8,42.3,45.36,830443,0.0,1.0
2022-11-02 00:00:00,3.52,3.69,3.44,3.46,41.52,10674299,44.28,41.28,42.24,889524,0.0,1.0
2022-11-03 00:00:00,3.39,3.4427,3.21,3.39,40.68000000000001,11201985,41.3124,38.52,40.68000000000001,933498,0.0,1.0
2022-11-04 00:00:00,3.49,3.56,3.22,3.39,40.68000000000001,12341085,42.720000000000006,38.64000000000001,41.88,1028423,0.0,1.0
2022-11-07 00:00:00,3.4,3.56,3.36,3.51,42.12,9488994,42.720000000000006,40.32,40.8,790749,0.0,1.0
2022-11-08 00:00:00,3.54,3.69,3.3626,3.42,41.04,8932219,44.28,40.351200000000006,42.48,744351,0.0,1.0
2022-11-09 00:00:00,3.35,3.355,2.85,2.87,34.440000000000005,15060711,40.260000000000005,34.2,40.2,1255059,0.0,1.0
2022-11-10 00:00:00,3.1,3.26,3.04,3.22,38.64000000000001,10096514,39.12,36.48,37.2,841376,0.0,1.0
2022-11-11 00:00:00,3.18,3.66,3.16,3.59,43.08,16496885,43.92,37.92,38.16,1374740,0.0,1.0
2022-11-14 00:00:00,3.52,3.64,3.415,3.48,41.760000000000005,8227653,43.68000000000001,40.98,42.24,685637,0.0,1.0
2022-11-15 00:00:00,3.67,3.875,3.59,3.68,44.16,16287371,46.5,43.08,44.04,1357280,0.0,1.0
2022-11-16 00:00:00,3.57,3.57,3.15,3.21,38.52,15007104,42.84,37.8,42.84,1250592,0.0,1.0
2022-11-17 00:00:00,3.09,3.14,3.01,3.05,36.6,10714870,37.68000000000001,36.12,37.08,892905,0.0,1.0
2022-11-18 00:00:00,3.13,3.13,2.92,2.93,35.160000000000004,10394273,37.56,35.04,37.56,866189,0.0,1.0
2022-11-21 00:00:00,2.89,2.895,2.69,2.79,33.480000000000004,8987309,34.74,32.28,34.68000000000001,748942,0.0,1.0
2022-11-22 00:00:00,2.76,2.82,2.6901,2.71,32.52,5989285,33.84,32.281200000000005,33.12,499107,0.0,1.0
2022-11-23 00:00:00,2.75,2.83,2.69,2.79,33.480000000000004,6670395,33.96,32.28,33.0,555866,0.0,1.0
2022-11-25 00:00:00,2.79,2.8,2.66,2.7,32.400000000000006,4004940,33.6,31.92,33.480000000000004,333745,0.0,1.0
2022-11-28 00:00:00,2.65,2.745,2.535,2.57,30.84,8550305,32.940000000000005,30.42,31.8,712525,0.0,1.0
2022-11-29 00:00:00,2.6,2.77,2.595,2.65,31.8,7973475,33.24,31.140000000000004,31.200000000000003,664456,0.0,1.0
2022-11-30 00:00:00,2.69,2.86,2.6401,2.79,33.480000000000004,8950199,34.32,31.6812,32.28,745849,0.0,1.0
2022-12-01 00:00:00,2.81,2.945,2.76,2.85,34.2,9159669,35.34,33.12,33.720000000000006,763305,0.0,1.0
2022-12-02 00:00:00,2.75,2.87,2.71,2.83,33.96,8350541,34.440000000000005,32.52,33.0,695878,0.0,1.0
2022-12-05 00:00:00,2.8,3.05,2.72,2.76,33.12,10562133,36.6,32.64000000000001,33.6,880177,0.0,1.0
2022-12-06 00:00:00,2.76,2.762,2.54,2.58,30.96,8233742,33.144000000000005,30.48,33.12,686145,0.0,1.0
2022-12-07 00:00:00,2.55,2.57,2.38,2.39,28.680000000000003,9827854,30.84,28.56,30.6,818987,0.0,1.0
2022-12-08 00:00:00,2.42,2.55,2.355,2.44,29.28,7093055,30.6,28.26,29.04,591087,0.0,1.0
2022-12-09 00:00:00,2.4,2.51,2.39,2.43,29.160000000000004,4693275,30.119999999999997,28.680000000000003,28.8,391106,0.0,1.0
2022-12-12 00:00:00,2.4,2.49,2.335,2.47,29.640000000000004,6426711,29.880000000000003,28.02,28.8,535559,0.0,1.0
2022-12-13 00:00:00,2.65,2.68,2.33,2.37,28.44,9543695,32.160000000000004,27.96,31.8,795307,0.0,1.0
2022-12-14 00:00:00,2.37,2.41,2.265,2.33,27.96,8993599,28.92,27.180000000000003,28.44,749466,0.0,1.0
2022-12-15 00:00:00,2.26,2.27,2.14,2.17,26.04,10757533,27.24,25.680000000000003,27.119999999999997,896461,0.0,1.0
2022-12-16 00:00:00,2.16,2.2,2.13,2.2,26.4,7405733,26.4,25.56,25.92,617144,0.0,1.0
2022-12-19 00:00:00,2.2,2.2,2.05,2.07,24.84,7013022,26.4,24.6,26.4,584418,0.0,1.0
2022-12-20 00:00:00,2.05,2.15,2.0,2.1,25.200000000000003,6065419,25.8,24.0,24.6,505451,0.0,1.0
2022-12-21 00:00:00,2.12,2.17,2.05,2.07,24.84,6950208,26.04,24.6,25.44,579184,0.0,1.0
2022-12-22 00:00:00,2.01,2.02,1.86,1.94,23.28,9411526,24.24,22.320000000000004,24.119999999999997,784293,0.0,1.0
2022-12-23 00:00:00,1.91,1.93,1.86,1.87,22.44,4457685,23.16,22.320000000000004,22.92,371473,0.0,1.0
2022-12-27 00:00:00,1.87,1.87,1.68,1.7,20.4,8811192,22.44,20.16,22.44,734266,0.0,1.0
2022-12-28 00:00:00,1.67,1.721,1.61,1.65,19.8,8373074,20.652,19.320000000000004,20.04,697756,0.0,1.0
2022-12-29 00:00:00,1.69,1.85,1.67,1.7,20.4,10107647,22.200000000000003,20.04,20.28,842303,0.0,1.0
2022-12-30 00:00:00,1.68,1.81,1.64,1.74,20.880000000000003,9896092,21.72,19.68,20.16,824674,0.0,1.0
2023-01-03 00:00:00,1.77,1.89,1.61,1.68,20.16,11704423,22.68,19.320000000000004,21.24,975368,0.0,1.0
2023-01-04 00:00:00,1.73,1.81,1.7,1.77,21.24,7080054,21.72,20.4,20.76,590004,0.0,1.0
2023-01-05 00:00:00,1.75,1.76,1.66,1.73,20.76,5019339,21.12,19.92,21.0,418278,0.0,1.0
2023-01-06 00:00:00,1.78,1.78,1.67,1.75,21.0,6601944,21.360000000000003,20.04,21.360000000000003,550162,0.0,1.0
2023-01-09 00:00:00,1.77,2.05,1.77,1.84,22.08,13164111,24.6,21.24,21.24,1097009,0.0,1.0
2023-01-10 00:00:00,1.84,1.87,1.7,1.83,21.96,9346061,22.44,20.4,22.08,778838,0.0,1.0
2023-01-11 00:00:00,1.86,1.995,1.825,1.89,22.68,9661434,23.94,21.9,22.320000000000004,805119,0.0,1.0
2023-01-12 00:00:00,1.91,2.12,1.81,2.09,25.08,13622405,25.44,21.72,22.92,1135200,0.0,1.0
2023-01-13 00:00:00,1.96,2.27,1.95,2.19,26.28,14500535,27.24,23.4,23.52,1208377,0.0,1.0
2023-01-17 00:00:00,2.29,2.31,2.1,2.25,27.0,14109611,27.72,25.200000000000003,27.48,1175800,0.0,1.0
2023-01-18 00:00:00,2.28,2.4,2.11,2.17,26.04,14717963,28.8,25.32,27.36,1226496,0.0,1.0
2023-01-19 00:00:00,2.04,2.13,1.93,1.97,23.64,16377375,25.56,23.16,24.48,1364781,0.0,1.0
2023-01-20 00:00:00,2.02,2.23,2.0,2.23,26.76,12632564,26.76,24.0,24.24,1052713,0.0,1.0
2023-01-23 00:00:00,2.26,2.37,2.16,2.33,27.96,11639287,28.44,25.92,27.119999999999997,969940,0.0,1.0
2023-01-24 00:00:00,2.29,2.43,2.225,2.26,27.119999999999997,6139650,29.160000000000004,26.700000000000003,27.48,511637,0.0,1.0
2023-01-25 00:00:00,2.19,2.29,2.09,2.27,27.24,7159720,27.48,25.08,26.28,596643,0.0,1.0
2023-01-26 00:00:00,2.37,2.415,2.24,2.36,28.32,9658539,28.98,26.880000000000003,28.44,804878,0.0,1.0
2023-01-27 00:00:00,2.34,2.5,2.24,2.42,29.04,11933308,30.0,26.880000000000003,28.08,994442,0.0,1.0
2023-01-30 00:00:00,2.36,2.61,2.33,2.4,28.8,13417425,31.32,27.96,28.32,1118118,0.0,1.0
2023-01-31 00:00:00,2.42,2.62,2.3715,2.57,30.84,11239590,31.44,28.458,29.04,936632,0.0,1.0
2023-02-01 00:00:00,2.58,2.85,2.51,2.82,33.84,13473042,34.2,30.119999999999997,30.96,1122753,0.0,1.0
2023-02-02 00:00:00,3.01,3.2599,2.89,3.04,36.48,25852453,39.1188,34.68000000000001,36.12,2154371,0.0,1.0
2023-02-03 00:00:00,2.88,3.08,2.83,2.93,35.160000000000004,11874753,36.96,33.96,34.56,989562,0.0,1.0
2023-02-06 00:00:00,2.93,3.03,2.79,2.94,35.28,9471167,36.36,33.480000000000004,35.160000000000004,789263,0.0,1.0
2023-02-07 00:00:00,2.91,2.91,2.48,2.71,32.52,20345052,34.92,29.76,34.92,1695421,0.0,1.0
2023-02-08 00:00:00,2.66,2.755,2.48,2.49,29.880000000000003,8228432,33.06,29.76,31.92,685702,0.0,1.0
2023-02-09 00:00:00,2.54,2.54,2.22,2.23,26.76,11585282,30.48,26.640000000000004,30.48,965440,0.0,1.0
2023-02-10 00:00:00,2.19,2.19,2.03,2.1,25.200000000000003,10912588,26.28,24.36,26.28,909382,0.0,1.0
2023-02-13 00:00:00,2.1,2.15,2.02,2.07,24.84,6697356,25.8,24.24,25.200000000000003,558113,0.0,1.0
2023-02-14 00:00:00,2.08,2.21,2.03,2.15,25.8,9760091,26.52,24.36,24.96,813340,0.0,1.0
2023-02-15 00:00:00,2.13,2.4264,2.13,2.41,28.92,10845607,29.1168,25.56,25.56,903800,0.0,1.0
2023-02-16 00:00:00,2.35,2.5099,2.3,2.38,28.56,10641391,30.1188,27.6,28.200000000000003,886782,0.0,1.0
2023-02-17 00:00:00,2.35,2.42,2.22,2.36,28.32,8390341,29.04,26.640000000000004,28.200000000000003,699195,0.0,1.0
2023-02-21 00:00:00,2.33,2.39,2.23,2.27,27.24,6751087,28.680000000000003,26.76,27.96,562590,0.0,1.0
2023-02-22 00:00:00,2.27,2.36,2.19,2.3,27.6,7444365,28.32,26.28,27.24,620363,0.0,1.0
2023-02-23 00:00:00,2.35,2.36,2.21,2.31,27.72,8404256,28.32,26.52,28.200000000000003,700354,0.0,1.0
2023-02-24 00:00:00,2.23,2.32,2.15,2.32,27.84,8219452,27.84,25.8,26.76,684954,0.0,1.0
2023-02-27 00:00:00,1.9204,2.09,1.89,2.0,24.0,46267555,25.08,22.68,23.0448,3855629,0.0,1.0
2023-02-28 00:00:00,1.99,2.05,1.9,1.91,22.92,15687295,24.6,22.8,23.880000000000003,1307274,0.0,1.0
2023-03-01 00:00:00,1.9,1.93,1.8,1.8,21.6,13329738,23.16,21.6,22.8,1110811,0.0,1.0
2023-03-02 00:00:00,1.77,1.77,1.61,1.7,20.4,19863094,21.24,19.320000000000004,21.24,1655257,0.0,1.0
2023-03-03 00:00:00,1.74,1.77,1.68,1.69,20.28,12374124,21.24,20.16,20.880000000000003,1031177,0.0,1.0
2023-03-06 00:00:00,1.73,1.75,1.66,1.7,20.4,13204413,21.0,19.92,20.76,1100367,0.0,1.0
2023-03-07 00:00:00,1.68,1.76,1.65,1.7,20.4,10909962,21.12,19.8,20.16,909163,0.0,1.0
2023-03-08 00:00:00,1.69,1.71,1.65,1.68,20.16,6610650,20.52,19.8,20.28,550887,0.0,1.0
2023-03-09 00:00:00,1.69,1.6984,1.5,1.5,18.0,16677619,20.3808,18.0,20.28,1389801,0.0,1.0
2023-03-10 00:00:00,1.54,1.54,1.35,1.37,16.44,17084345,18.48,16.200000000000003,18.48,1423695,0.0,1.0
2023-03-13 00:00:00,1.34,1.3772,1.2701,1.3,15.6,10483078,16.526400000000002,15.2412,16.080000000000002,873589,0.0,1.0
2023-03-14 00:00:00,1.36,1.38,1.25,1.25,15.0,11423218,16.56,15.0,16.320000000000004,951934,0.0,1.0
2023-03-15 00:00:00,1.23,1.25,1.17,1.21,14.52,14074038,15.0,14.04,14.76,1172836,0.0,1.0
2023-03-16 00:00:00,1.19,1.25,1.16,1.21,14.52,12012401,15.0,13.92,14.28,1001033,0.0,1.0
2023-03-17 00:00:00,1.2,1.2,1.1,1.1,13.2,16613448,14.4,13.2,14.4,1384454,0.0,1.0
2023-03-20 00:00:00,1.09,1.16,0.96,1.1,13.2,28975390,13.92,11.52,13.080000000000002,2414615,0.0,1.0
2023-03-21 00:00:00,1.15,1.29,1.12,1.26,15.12,18327306,15.48,13.44,13.8,1527275,0.0,1.0
2023-03-22 00:00:00,1.29,1.3,1.15,1.16,13.92,16117518,15.6,13.8,15.48,1343126,0.0,1.0
2023-03-23 00:00:00,1.24,1.247,1.04,1.04,12.48,20411678,14.964000000000002,12.48,14.88,1700973,0.0,1.0
2023-03-24 00:00:00,1.09,1.1895,1.06,1.12,13.44,14827076,14.274,12.72,13.080000000000002,1235589,0.0,1.0
2023-03-27 00:00:00,1.15,1.1599,1.06,1.1,13.2,15378075,13.9188,12.72,13.8,1281506,0.0,1.0
2023-03-28 00:00:00,1.1,1.13,1.03,1.04,12.48,12104680,13.56,12.36,13.2,1008723,0.0,1.0
2023-03-29 00:00:00,1.06,1.12,1.04,1.11,13.320000000000002,13576938,13.44,12.48,12.72,1131411,0.0,1.0
2023-03-30 00:00:00,1.13,1.15,1.04,1.05,12.6,12206589,13.8,12.48,13.56,1017215,0.0,1.0
2023-03-31 00:00:00,1.07,1.25,1.03,1.21,14.52,29169256,15.0,12.36,12.840000000000002,2430771,0.0,1.0
2023-04-03 00:00:00,1.2,1.23,1.06,1.14,13.68,12736224,14.76,12.72,14.4,1061352,0.0,1.0
2023-04-04 00:00:00,1.15,1.16,1.08,1.13,13.56,7306223,13.92,12.96,13.8,608851,0.0,1.0
2023-04-05 00:00:00,1.12,1.12,1.03,1.11,13.320000000000002,10090627,13.44,12.36,13.44,840885,0.0,1.0
2023-04-06 00:00:00,1.1,1.15,1.07,1.1,13.2,8369279,13.8,12.840000000000002,13.2,697439,0.0,1.0
2023-04-10 00:00:00,1.1,1.18,1.08,1.17,14.04,9106780,14.16,12.96,13.2,758898,0.0,1.0
2023-04-11 00:00:00,1.19,1.28,1.1728,1.26,15.12,10611351,15.36,14.0736,14.28,884279,0.0,1.0
2023-04-12 00:00:00,1.29,1.31,1.13,1.15,13.8,13856913,15.72,13.56,15.48,1154742,0.0,1.0
2023-04-13 00:00:00,1.16,1.28,1.1501,1.24,14.88,11782016,15.36,13.8012,13.92,981834,0.0,1.0
2023-04-14 00:00:00,1.23,1.28,1.2,1.22,14.64,6818835,15.36,14.4,14.76,568236,0.0,1.0
2023-04-17 00:00:00,1.2,1.27,1.18,1.25,15.0,6022202,15.24,14.16,14.4,501850,0.0,1.0
2023-04-18 00:00:00,1.24,1.28,1.21,1.26,15.12,8373970,15.36,14.52,14.88,697830,0.0,1.0
2023-04-19 00:00:00,1.24,1.24,1.18,1.21,14.52,6424046,14.88,14.16,14.88,535337,0.0,1.0
2023-04-20 00:00:00,1.19,1.2,1.1,1.12,13.44,11500977,14.4,13.2,14.28,958414,0.0,1.0
2023-04-21 00:00:00,1.11,1.17,1.1,1.16,13.92,8504684,14.04,13.2,13.320000000000002,708723,0.0,1.0
2023-04-24 00:00:00,1.14,1.17,1.1,1.14,13.68,6453595,14.04,13.2,13.68,537799,0.0,1.0
2023-04-25 00:00:00,1.12,1.125,1.05,1.06,12.72,9908160,13.5,12.6,13.44,825680,0.0,1.0
2023-04-26 00:00:00,1.1,1.11,1.03,1.04,12.48,8434732,13.320000000000002,12.36,13.2,702894,0.0,1.0
2023-04-27 00:00:00,1.05,1.13,1.05,1.09,13.080000000000002,11316727,13.56,12.6,12.6,943060,0.0,1.0
2023-04-28 00:00:00,1.1,1.18,1.07,1.14,13.68,9966613,14.16,12.840000000000002,13.2,830551,0.0,1.0
2023-05-01 00:00:00,1.17,1.3,1.12,1.25,15.0,18453363,15.6,13.44,14.04,1537780,0.0,1.0
2023-05-02 00:00:00,1.24,1.26,1.15,1.16,13.92,17267103,15.12,13.8,14.88,1438925,0.0,1.0
2023-05-03 00:00:00,1.17,1.2,1.15,1.16,13.92,8901835,14.4,13.8,14.04,741819,0.0,1.0
2023-05-04 00:00:00,1.18,1.18,1.08,1.12,13.44,9314158,14.16,12.96,14.16,776179,0.0,1.0
2023-05-05 00:00:00,1.36,1.6399,1.35,1.47,17.64,58866183,19.6788,16.200000000000003,16.320000000000004,4905515,0.0,1.0
2023-05-08 00:00:00,1.59,1.89,1.56,1.86,22.320000000000004,48135835,22.68,18.72,19.08,4011319,0.0,1.0
2023-05-09 00:00:00,1.76,2.06,1.675,2.02,24.24,39403409,24.72,20.1,21.12,3283617,0.0,1.0
2023-05-10 00:00:00,2.13,2.13,1.82,1.85,22.200000000000003,32516156,25.56,21.840000000000003,25.56,2709679,0.0,1.0
2023-05-11 00:00:00,1.76,1.95,1.76,1.8,21.6,14015953,23.4,21.12,21.12,1167996,0.0,1.0
2023-05-12 00:00:00,1.86,1.86,1.68,1.72,20.64,13094391,22.320000000000004,20.16,22.320000000000004,1091199,0.0,1.0
2023-05-15 00:00:00,1.72,1.97,1.655,1.94,23.28,13631252,23.64,19.860000000000003,20.64,1135937,0.0,1.0
2023-05-16 00:00:00,1.9,1.9395,1.74,1.75,21.0,9093090,23.274,20.880000000000003,22.8,757757,0.0,1.0
2023-05-17 00:00:00,1.77,1.95,1.75,1.92,23.04,10699420,23.4,21.0,21.24,891618,0.0,1.0
2023-05-18 00:00:00,1.9,1.985,1.78,1.84,22.08,11266595,23.820000000000004,21.360000000000003,22.8,938882,0.0,1.0
2023-05-19 00:00:00,1.87,1.87,1.76,1.78,21.360000000000003,7247352,22.44,21.12,22.44,603946,0.0,1.0
2023-05-22 00:00:00,1.8,1.89,1.75,1.87,22.44,9681135,22.68,21.0,21.6,806761,0.0,1.0
2023-05-23 00:00:00,1.85,2.03,1.72,1.73,20.76,21809785,24.36,20.64,22.200000000000003,1817482,0.0,1.0
2023-05-24 00:00:00,1.73,1.78,1.65,1.69,20.28,11745583,21.360000000000003,19.8,20.76,978798,0.0,1.0
2023-05-25 00:00:00,1.72,1.7280000000000002,1.55,1.59,19.08,11076022,20.736000000000004,18.6,20.64,923001,0.0,1.0
2023-05-26 00:00:00,1.6,1.66,1.58,1.61,19.320000000000004,7653738,19.92,18.96,19.200000000000003,637811,0.0,1.0
2023-05-30 00:00:00,1.66,1.73,1.63,1.67,20.04,10852195,20.76,19.56,19.92,904349,0.0,1.0
2023-05-31 00:00:00,1.62,1.65,1.55,1.55,18.6,12408572,19.8,18.6,19.44,1034047,0.0,1.0
2023-06-01 00:00:00,1.55,1.66,1.49,1.6,19.200000000000003,10600832,19.92,17.880000000000003,18.6,883402,0.0,1.0
2023-06-02 00:00:00,1.65,1.71,1.62,1.68,20.16,9818199,20.52,19.44,19.8,818183,0.0,1.0
2023-06-05 00:00:00,1.66,1.8,1.66,1.75,21.0,9657567,21.6,19.92,19.92,804797,0.0,1.0
2023-06-06 00:00:00,1.76,1.91,1.73,1.85,22.200000000000003,12703617,22.92,20.76,21.12,1058634,0.0,1.0
2023-06-07 00:00:00,1.89,1.98,1.85,1.86,22.320000000000004,13291851,23.76,22.200000000000003,22.68,1107654,0.0,1.0
2023-06-08 00:00:00,1.87,1.92,1.805,1.84,22.08,7688087,23.04,21.66,22.44,640673,0.0,1.0
2023-06-09 00:00:00,1.85,1.98,1.77,1.8,21.6,11230566,23.76,21.24,22.200000000000003,935880,0.0,1.0
2023-06-12 00:00:00,1.865,1.95,1.82,1.91,22.92,12484731,23.4,21.840000000000003,22.380000000000003,1040394,0.0,1.0
2023-06-13 00:00:00,1.98,2.22,1.92,2.21,26.52,21332565,26.640000000000004,23.04,23.76,1777713,0.0,1.0
2023-06-14 00:00:00,2.21,2.3,2.05,2.12,25.44,20166454,27.6,24.6,26.52,1680537,0.0,1.0
2023-06-15 00:00:00,2.12,2.265,2.09,2.2,26.4,13703524,27.180000000000003,25.08,25.44,1141960,0.0,1.0
2023-06-16 00:00:00,2.27,2.27,2.06,2.09,25.08,17753374,27.24,24.72,27.24,1479447,0.0,1.0
2023-06-20 00:00:00,2.08,2.0989,1.95,2.01,24.119999999999997,10917089,25.1868,23.4,24.96,909757,0.0,1.0
2023-06-21 00:00:00,2.0,2.01,1.9,1.97,23.64,8849303,24.119999999999997,22.8,24.0,737441,0.0,1.0
2023-06-22 00:00:00,1.94,1.97,1.89,1.93,23.16,6903526,23.64,22.68,23.28,575293,0.0,1.0
2023-06-23 00:00:00,1.88,1.89,1.77,1.88,22.56,16010724,22.68,21.24,22.56,1334227,0.0,1.0
2023-06-26 00:00:00,1.89,1.93,1.8,1.81,21.72,7020694,23.16,21.6,22.68,585057,0.0,1.0
2023-06-27 00:00:00,1.85,1.98,1.8,1.95,23.4,9416399,23.76,21.6,22.200000000000003,784699,0.0,1.0
2023-06-28 00:00:00,1.93,1.99,1.9,1.98,23.76,6770579,23.880000000000003,22.8,23.16,564214,0.0,1.0
2023-06-29 00:00:00,2.0,2.15,1.97,2.09,25.08,9236237,25.8,23.64,24.0,769686,0.0,1.0
2023-06-30 00:00:00,2.14,2.19,2.07,2.08,24.96,11110082,26.28,24.84,25.680000000000003,925840,0.0,1.0
2023-07-03 00:00:00,2.11,2.27,2.1,2.25,27.0,10732479,27.24,25.200000000000003,25.32,894373,0.0,1.0
2023-07-05 00:00:00,2.21,2.21,2.1,2.11,25.32,8479805,26.52,25.200000000000003,26.52,706650,0.0,1.0
2023-07-06 00:00:00,2.07,2.07,1.93,2.01,24.119999999999997,10580893,24.84,23.16,24.84,881741,0.0,1.0
2023-07-07 00:00:00,2.01,2.2,2.01,2.17,26.04,10341819,26.4,24.119999999999997,24.119999999999997,861818,0.0,1.0
2023-07-10 00:00:00,2.19,2.565,2.1425,2.53,30.36,23433798,30.78,25.71,26.28,1952816,0.0,1.0
2023-07-11 00:00:00,2.58,2.7682,2.48,2.61,31.32,27573036,33.2184,29.76,30.96,2297753,0.0,1.0
2023-07-12 00:00:00,2.73,3.0699,2.66,3.0,36.0,30324195,36.838800000000006,31.92,32.760000000000005,2527016,0.0,1.0
2023-07-13 00:00:00,3.15,3.27,2.87,3.02,36.24,37591743,39.24,34.440000000000005,37.8,3132645,0.0,1.0
2023-07-14 00:00:00,3.02,3.2,2.83,2.86,34.32,18029848,38.400000000000006,33.96,36.24,1502487,0.0,1.0
2023-07-17 00:00:00,2.84,3.095,2.725,2.97,35.64000000000001,14892278,37.14000000000001,32.7,34.08,1241023,0.0,1.0
2023-07-18 00:00:00,2.97,3.085,2.82,2.86,34.32,16061185,37.02,33.84,35.64000000000001,1338432,0.0,1.0
2023-07-19 00:00:00,2.94,3.31,2.92,3.11,37.32,27339039,39.720000000000006,35.04,35.28,2278253,0.0,1.0
2023-07-20 00:00:00,3.05,3.13,2.865,2.9,34.800000000000004,15803004,37.56,34.38,36.6,1316917,0.0,1.0
2023-07-21 00:00:00,2.96,3.05,2.73,2.76,33.12,16634189,36.6,32.760000000000005,35.52,1386182,0.0,1.0
2023-07-24 00:00:00,2.77,2.77,2.47,2.51,30.119999999999997,20189412,33.24,29.640000000000004,33.24,1682451,0.0,1.0
2023-07-25 00:00:00,2.56,2.59,2.45,2.46,29.52,11486781,31.08,29.4,30.72,957231,0.0,1.0
2023-07-26 00:00:00,2.43,2.6,2.37,2.59,31.08,13382132,31.200000000000003,28.44,29.160000000000004,1115177,0.0,1.0
2023-07-27 00:00:00,2.7,2.7504,2.41,2.45,29.4,14446846,33.0048,28.92,32.400000000000006,1203903,0.0,1.0
2023-07-28 00:00:00,2.51,2.82,2.5,2.81,33.720000000000006,17421758,33.84,30.0,30.119999999999997,1451813,0.0,1.0
2023-07-31 00:00:00,2.86,3.38,2.85,3.37,40.440000000000005,34772778,40.56,34.2,34.32,2897731,0.0,1.0
2023-08-01 00:00:00,3.31,3.33,3.11,3.31,39.720000000000006,18221993,39.96,37.32,39.720000000000006,1518499,0.0,1.0
2023-08-02 00:00:00,3.13,3.27,2.95,3.17,38.04,22754334,39.24,35.400000000000006,37.56,1896194,0.0,1.0
2023-08-03 00:00:00,3.15,3.5,3.1,3.21,38.52,24055403,42.0,37.2,37.8,2004616,0.0,1.0
2023-08-04 00:00:00,3.86,3.87,3.13,3.16,37.92,62073143,46.440000000000005,37.56,46.32,5172761,0.0,1.0
2023-08-07 00:00:00,3.17,3.2,2.57,2.6,31.200000000000003,37028674,38.400000000000006,30.84,38.04,3085722,0.0,1.0
2023-08-08 00:00:00,2.51,2.66,2.41,2.65,31.8,23799799,31.92,28.92,30.119999999999997,1983316,0.0,1.0
2023-08-09 00:00:00,2.61,2.61,2.39,2.4,28.8,16114444,31.32,28.680000000000003,31.32,1342870,0.0,1.0
2023-08-10 00:00:00,2.44,2.61,2.4185,2.48,29.76,15691140,31.32,29.022,29.28,1307595,0.0,1.0
2023-08-11 00:00:00,2.41,2.5399,2.37,2.48,29.76,10995611,30.4788,28.44,28.92,916300,0.0,1.0
2023-08-14 00:00:00,2.45,2.47,2.25,2.44,29.28,15614678,29.640000000000004,27.0,29.4,1301223,0.0,1.0
2023-08-15 00:00:00,2.37,2.53,2.33,2.33,27.96,8110347,30.36,27.96,28.44,675862,0.0,1.0
2023-08-16 00:00:00,2.22,2.34,2.22,2.25,27.0,10171467,28.08,26.640000000000004,26.640000000000004,847622,0.0,1.0
2023-08-17 00:00:00,2.25,2.28,2.025,2.05,24.6,19364187,27.36,24.3,27.0,1613682,0.0,1.0
2023-08-18 00:00:00,1.97,2.13,1.95,2.05,24.6,11867909,25.56,23.4,23.64,988992,0.0,1.0
2023-08-21 00:00:00,2.08,2.11,1.99,2.07,24.84,10802855,25.32,23.880000000000003,24.96,900237,0.0,1.0
2023-08-22 00:00:00,2.11,2.19,1.98,2.05,24.6,10525943,26.28,23.76,25.32,877161,0.0,1.0
2023-08-23 00:00:00,2.03,2.11,1.99,2.1,25.200000000000003,8766066,25.32,23.880000000000003,24.36,730505,0.0,1.0
2023-08-24 00:00:00,2.12,2.17,2.045,2.08,24.96,9596166,26.04,24.54,25.44,799680,0.0,1.0
2023-08-25 00:00:00,2.07,2.22,2.07,2.17,26.04,11608719,26.640000000000004,24.84,24.84,967393,0.0,1.0
2023-08-28 00:00:00,2.21,2.29,2.13,2.28,27.36,9766580,27.48,25.56,26.52,813881,0.0,1.0
2023-08-29 00:00:00,2.28,2.405,2.23,2.36,28.32,11956056,28.86,26.76,27.36,996338,0.0,1.0
2023-08-30 00:00:00,2.38,2.41,2.28,2.38,28.56,9010275,28.92,27.36,28.56,750856,0.0,1.0
2023-08-31 00:00:00,2.39,2.44,2.3,2.34,28.08,15770990,29.28,27.6,28.680000000000003,1314249,0.0,1.0
2023-09-01 00:00:00,2.38,2.69,2.38,2.65,31.8,25660279,32.28,28.56,28.56,2138356,0.0,1.0
2023-09-05 00:00:00,2.74,2.97,2.7,2.91,34.92,23281195,35.64000000000001,32.400000000000006,32.88,1940099,0.0,1.0
2023-09-06 00:00:00,2.99,3.01,2.63,2.69,32.28,19925960,36.12,31.56,35.88,1660496,0.0,1.0
2023-09-07 00:00:00,2.61,3.075,2.6,3.06,36.720000000000006,30949422,36.900000000000006,31.200000000000003,31.32,2579118,0.0,1.0
2023-09-08 00:00:00,2.98,3.06,2.88,3.02,36.24,16727968,36.720000000000006,34.56,35.760000000000005,1393997,0.0,1.0
2023-09-11 00:00:00,3.05,3.345,2.45,2.47,29.640000000000004,44790913,40.14000000000001,29.4,36.6,3732576,0.0,1.0
2023-09-12 00:00:00,2.52,2.74,2.5039,2.55,30.6,17097345,32.88,30.0468,30.24,1424778,0.0,1.0
2023-09-13 00:00:00,2.59,2.6,2.4,2.49,29.880000000000003,11234839,31.200000000000003,28.8,31.08,936236,0.0,1.0
2023-09-14 00:00:00,2.53,2.67,2.51,2.67,32.04,12380843,32.04,30.119999999999997,30.36,1031736,0.0,1.0
2023-09-15 00:00:00,2.72,2.77,2.6303,2.74,32.88,23889239,33.24,31.5636,32.64000000000001,1990769,0.0,1.0
2023-09-18 00:00:00,2.66,2.82,2.65,2.74,32.88,9584552,33.84,31.8,31.92,798712,0.0,1.0
2023-09-19 00:00:00,2.72,2.765,2.59,2.73,32.760000000000005,9069598,33.18000000000001,31.08,32.64000000000001,755799,0.0,1.0
2023-09-20 00:00:00,2.8,2.905,2.69,2.7,32.400000000000006,13837782,34.86,32.28,33.6,1153148,0.0,1.0
2023-09-21 00:00:00,2.61,2.6199,2.46,2.49,29.880000000000003,14356771,31.4388,29.52,31.32,1196397,0.0,1.0
2023-09-22 00:00:00,2.51,2.58,2.25,2.31,27.72,12416482,30.96,27.0,30.119999999999997,1034706,0.0,1.0
2023-09-25 00:00:00,2.24,2.38,2.22,2.37,28.44,9288778,28.56,26.640000000000004,26.880000000000003,774064,0.0,1.0
2023-09-26 00:00:00,2.31,2.4987,2.31,2.38,28.56,8913426,29.9844,27.72,27.72,742785,0.0,1.0
2023-09-27 00:00:00,2.43,2.56,2.425,2.54,30.48,10221099,30.72,29.1,29.160000000000004,851758,0.0,1.0
2023-09-28 00:00:00,2.59,2.62,2.475,2.61,31.32,7842589,31.44,29.700000000000003,31.08,653549,0.0,1.0
2023-09-29 00:00:00,2.67,2.7,2.61,2.67,32.04,9833599,32.400000000000006,31.32,32.04,819466,0.0,1.0
2023-10-02 00:00:00,2.69,2.7133,2.58,2.63,31.56,7989426,32.5596,30.96,32.28,665785,0.0,1.0
2023-10-03 00:00:00,2.55,2.58,2.43,2.45,29.4,9359295,30.96,29.160000000000004,30.6,779941,0.0,1.0
2023-10-04 00:00:00,2.45,2.53,2.39,2.5,30.0,8250102,30.36,28.680000000000003,29.4,687508,0.0,1.0
2023-10-05 00:00:00,2.47,2.5199,2.37,2.43,29.160000000000004,6074619,30.2388,28.44,29.640000000000004,506218,0.0,1.0
2023-10-06 00:00:00,2.34,2.475,2.305,2.45,29.4,7570166,29.700000000000003,27.660000000000004,28.08,630847,0.0,1.0
2023-10-09 00:00:00,2.4,2.4099,2.245,2.35,28.200000000000003,8563636,28.9188,26.94,28.8,713636,0.0,1.0
2023-10-10 00:00:00,2.36,2.6,2.35,2.51,30.119999999999997,9853461,31.200000000000003,28.200000000000003,28.32,821121,0.0,1.0
2023-10-11 00:00:00,2.57,2.5994,2.485,2.54,30.48,7541655,31.1928,29.82,30.84,628471,0.0,1.0
2023-10-12 00:00:00,2.55,2.555,2.33,2.38,28.56,9270529,30.660000000000004,27.96,30.6,772544,0.0,1.0
2023-10-13 00:00:00,2.39,2.44,2.31,2.34,28.08,4633664,29.28,27.72,28.680000000000003,386138,0.0,1.0
2023-10-16 00:00:00,2.34,2.54,2.34,2.53,30.36,8687699,30.48,28.08,28.08,723974,0.0,1.0
2023-10-17 00:00:00,2.48,2.72,2.475,2.7,32.400000000000006,11158799,32.64000000000001,29.700000000000003,29.76,929899,0.0,1.0
2023-10-18 00:00:00,2.66,2.6987,2.45,2.46,29.52,9185261,32.38440000000001,29.4,31.92,765438,0.0,1.0
2023-10-19 00:00:00,2.5,2.63,2.4,2.42,29.04,12207894,31.56,28.8,30.0,1017324,0.0,1.0
2023-10-20 00:00:00,2.37,2.4173,2.3,2.35,28.200000000000003,9101131,29.0076,27.6,28.44,758427,0.0,1.0
2023-10-23 00:00:00,2.31,2.44,2.25,2.37,28.44,7570756,29.28,27.0,27.72,630896,0.0,1.0
2023-10-24 00:00:00,2.42,2.65,2.42,2.55,30.6,10302174,31.8,29.04,29.04,858514,0.0,1.0
2023-10-25 00:00:00,2.5,2.54,2.38,2.4,28.8,7933674,30.48,28.56,30.0,661139,0.0,1.0
2023-10-26 00:00:00,2.38,2.45,2.28,2.44,29.28,10943950,29.4,27.36,28.56,911995,0.0,1.0
2023-10-27 00:00:00,2.44,2.48,2.24,2.25,27.0,12130736,29.76,26.880000000000003,29.28,1010894,0.0,1.0
2023-10-30 00:00:00,2.26,2.33,2.14,2.31,27.72,9603488,27.96,25.680000000000003,27.119999999999997,800290,0.0,1.0
2023-10-31 00:00:00,2.29,2.5,2.29,2.42,29.04,12219526,30.0,27.48,27.48,1018293,0.0,1.0
2023-11-01 00:00:00,2.42,2.45,2.323,2.39,28.680000000000003,8465120,29.4,27.876,29.04,705426,0.0,1.0
2023-11-02 00:00:00,2.58,2.74,2.55,2.74,32.88,20812814,32.88,30.6,30.96,1734401,0.0,1.0
2023-11-03 00:00:00,3.0,3.18,2.65,3.0,36.0,59710916,38.16,31.8,36.0,4975909,0.0,1.0
2023-11-06 00:00:00,2.95,3.09,2.91,2.97,35.64000000000001,18775098,37.08,34.92,35.400000000000006,1564591,0.0,1.0
2023-11-07 00:00:00,2.92,3.1,2.89,3.04,36.48,13593574,37.2,34.68000000000001,35.04,1132797,0.0,1.0
2023-11-08 00:00:00,3.01,3.02,2.85,2.86,34.32,10747951,36.24,34.2,36.12,895662,0.0,1.0
2023-11-09 00:00:00,2.81,2.86,2.61,2.64,31.680000000000003,11830176,34.32,31.32,33.720000000000006,985848,0.0,1.0
2023-11-10 00:00:00,2.62,2.62,2.43,2.56,30.72,16577294,31.44,29.160000000000004,31.44,1381441,0.0,1.0
2023-11-13 00:00:00,2.55,2.63,2.48,2.54,30.48,9152685,31.56,29.76,30.6,762723,0.0,1.0
2023-11-14 00:00:00,2.7,2.96,2.69,2.93,35.160000000000004,15796332,35.52,32.28,32.400000000000006,1316361,0.0,1.0
2023-11-15 00:00:00,2.97,3.185,2.97,3.02,36.24,17085720,38.220000000000006,35.64000000000001,35.64000000000001,1423810,0.0,1.0
2023-11-16 00:00:00,2.95,2.97,2.83,2.9,34.800000000000004,7722356,35.64000000000001,33.96,35.400000000000006,643529,0.0,1.0
2023-11-17 00:00:00,2.96,3.19,2.9411,3.18,38.16,14846960,38.28,35.293200000000006,35.52,1237246,0.0,1.0
2023-11-20 00:00:00,3.21,3.4175,3.2,3.26,39.12,15760998,41.010000000000005,38.400000000000006,38.52,1313416,0.0,1.0
2023-11-21 00:00:00,3.2,3.24,3.02,3.12,37.440000000000005,9728285,38.88,36.24,38.400000000000006,810690,0.0,1.0
2023-11-22 00:00:00,3.12,3.225,3.0,3.0,36.0,10517027,38.7,36.0,37.440000000000005,876418,0.0,1.0
2023-11-24 00:00:00,3.04,3.095,2.96,3.08,36.96,4928357,37.14000000000001,35.52,36.48,410696,0.0,1.0
2023-11-27 00:00:00,3.01,3.17,2.98,3.17,38.04,8726468,38.04,35.760000000000005,36.12,727205,0.0,1.0
2023-11-28 00:00:00,3.16,3.22,3.0,3.18,38.16,8389431,38.64000000000001,36.0,37.92,699119,0.0,1.0
2023-11-29 00:00:00,3.25,3.38,3.105,3.15,37.8,11708863,40.56,37.260000000000005,39.0,975738,0.0,1.0
2023-11-30 00:00:00,3.18,3.23,3.05,3.19,38.28,8887189,38.760000000000005,36.6,38.16,740599,0.0,1.0
2023-12-01 00:00:00,3.16,3.39,3.11,3.32,39.84,12372493,40.68000000000001,37.32,37.92,1031041,0.0,1.0
2023-12-04 00:00:00,3.3,3.59,3.28,3.45,41.400000000000006,13838213,43.08,39.36,39.6,1153184,0.0,1.0
2023-12-05 00:00:00,3.43,3.43,3.185,3.21,38.52,9744876,41.16,38.220000000000006,41.16,812073,0.0,1.0
2023-12-06 00:00:00,3.32,3.47,3.25,3.25,39.0,10003434,41.64000000000001,39.0,39.84,833619,0.0,1.0
2023-12-07 00:00:00,3.25,3.261,3.1141,3.19,38.28,8812789,39.132000000000005,37.369200000000006,39.0,734399,0.0,1.0
2023-12-08 00:00:00,3.17,3.31,3.15,3.28,39.36,7830402,39.720000000000006,37.8,38.04,652533,0.0,1.0
2023-12-11 00:00:00,3.29,3.32,3.11,3.12,37.440000000000005,9731038,39.84,37.32,39.48,810919,0.0,1.0
2023-12-12 00:00:00,3.2,3.32,3.13,3.23,38.760000000000005,10150361,39.84,37.56,38.400000000000006,845863,0.0,1.0
2023-12-13 00:00:00,3.23,3.45,3.08,3.4,40.8,14204983,41.400000000000006,36.96,38.760000000000005,1183748,0.0,1.0
2023-12-14 00:00:00,3.54,3.815,3.46,3.56,42.720000000000006,23476962,45.78,41.52,42.48,1956413,0.0,1.0
2023-12-15 00:00:00,3.6,3.64,3.355,3.36,40.32,14940663,43.68000000000001,40.260000000000005,43.2,1245055,0.0,1.0
2023-12-18 00:00:00,3.36,3.5,3.28,3.33,39.96,11846820,42.0,39.36,40.32,987235,0.0,1.0
2023-12-19 00:00:00,3.39,3.55,3.365,3.49,41.88,13984587,42.6,40.38,40.68000000000001,1165382,0.0,1.0
2023-12-20 00:00:00,3.48,3.5,3.16,3.17,38.04,15446685,42.0,37.92,41.760000000000005,1287223,0.0,1.0
2023-12-21 00:00:00,3.28,3.3,3.11,3.27,39.24,11687614,39.6,37.32,39.36,973967,0.0,1.0
2023-12-22 00:00:00,3.26,3.34,3.2025,3.27,39.24,6693543,40.08,38.43000000000001,39.12,557795,0.0,1.0
2023-12-26 00:00:00,3.27,3.305,3.18,3.26,39.12,6400272,39.66,38.16,39.24,533356,0.0,1.0
2023-12-27 00:00:00,3.26,3.425,3.25,3.33,39.96,10500932,41.1,39.0,39.12,875077,0.0,1.0
2023-12-28 00:00:00,3.28,3.3504,3.23,3.31,39.720000000000006,7314143,40.204800000000006,38.760000000000005,39.36,609511,0.0,1.0
2023-12-29 00:00:00,3.3,3.36,3.18,3.18,38.16,8365598,40.32,38.16,39.6,697133,0.0,1.0
2024-01-02 00:00:00,3.13,3.22,3.04,3.15,37.8,8491208,38.64000000000001,36.48,37.56,707600,0.0,1.0
2024-01-03 00:00:00,3.08,3.08,2.88,2.9,34.800000000000004,12788990,36.96,34.56,36.96,1065749,0.0,1.0
2024-01-04 00:00:00,2.96,3.02,2.8819999999999997,2.97,35.64000000000001,9480725,36.24,34.583999999999996,35.52,790060,0.0,1.0
2024-01-05 00:00:00,2.91,3.05,2.8809,2.93,35.160000000000004,7639148,36.6,34.570800000000006,34.92,636595,0.0,1.0
2024-01-08 00:00:00,2.91,3.17,2.89,3.17,38.04,10182723,38.04,34.68000000000001,34.92,848560,0.0,1.0
2024-01-09 00:00:00,3.1,3.125,2.96,2.97,35.64000000000001,8053941,37.5,35.52,37.2,671161,0.0,1.0
2024-01-10 00:00:00,2.98,2.99,2.86,2.94,35.28,7452531,35.88,34.32,35.760000000000005,621044,0.0,1.0
2024-01-11 00:00:00,2.89,2.9189999999999996,2.72,2.79,33.480000000000004,10649181,35.028,32.64000000000001,34.68000000000001,887431,0.0,1.0
2024-01-12 00:00:00,2.8,2.93,2.71,2.73,32.760000000000005,8066441,35.160000000000004,32.52,33.6,672203,0.0,1.0
2024-01-16 00:00:00,2.7,2.72,2.6,2.66,31.92,8483853,32.64000000000001,31.200000000000003,32.400000000000006,706987,0.0,1.0
2024-01-17 00:00:00,2.56,2.596,2.5,2.58,30.96,8693150,31.152,30.0,30.72,724429,0.0,1.0
2024-01-18 00:00:00,2.61,2.6489999999999996,2.42,2.52,30.24,12984103,31.787999999999997,29.04,31.32,1082008,0.0,1.0
2024-01-19 00:00:00,2.54,2.63,2.47,2.6,31.200000000000003,8436835,31.56,29.640000000000004,30.48,703069,0.0,1.0
2024-01-22 00:00:00,2.64,2.875,2.63,2.73,32.760000000000005,12476471,34.5,31.56,31.680000000000003,1039705,0.0,1.0
2024-01-23 00:00:00,2.79,2.875,2.72,2.79,33.480000000000004,8950555,34.5,32.64000000000001,33.480000000000004,745879,0.0,1.0
2024-01-24 00:00:00,2.88,2.955,2.68,2.7,32.400000000000006,8710530,35.46,32.160000000000004,34.56,725877,0.0,1.0
2024-01-25 00:00:00,2.74,2.83,2.625,2.68,32.160000000000004,8656099,33.96,31.5,32.88,721341,0.0,1.0
2024-01-26 00:00:00,2.73,2.8,2.67,2.67,32.04,5514944,33.6,32.04,32.760000000000005,459578,0.0,1.0
2024-01-29 00:00:00,2.67,2.73,2.6,2.72,32.64000000000001,9152061,32.760000000000005,31.200000000000003,32.04,762671,0.0,1.0
2024-01-30 00:00:00,2.7,2.71,2.56,2.58,30.96,9731868,32.52,30.72,32.400000000000006,810989,0.0,1.0
2024-01-31 00:00:00,2.53,2.695,2.48,2.49,29.880000000000003,11289326,32.34,29.76,30.36,940777,0.0,1.0
2024-02-01 00:00:00,2.55,2.59,2.48,2.54,30.48,9718218,31.08,29.76,30.6,809851,0.0,1.0
2024-02-02 00:00:00,2.52,2.57,2.46,2.56,30.72,9329201,30.84,29.52,30.24,777433,0.0,1.0
2024-02-05 00:00:00,2.5,2.505,2.4,2.42,29.04,10283410,30.06,28.8,30.0,856950,0.0,1.0
2024-02-06 00:00:00,2.43,2.56,2.405,2.51,30.119999999999997,9681182,30.72,28.86,29.160000000000004,806765,0.0,1.0
2024-02-07 00:00:00,2.02,2.04,1.75,1.94,23.28,54023558,24.48,21.0,24.24,4501963,0.0,1.0
2024-02-08 00:00:00,1.96,2.05,1.92,1.96,23.52,16416048,24.6,23.04,23.52,1368004,0.0,1.0
2024-02-09 00:00:00,1.95,2.09,1.93,2.06,24.72,15387876,25.08,23.16,23.4,1282323,0.0,1.0
2024-02-12 00:00:00,2.05,2.2,2.05,2.13,25.56,11367473,26.4,24.6,24.6,947289,0.0,1.0
2024-02-13 00:00:00,2.02,2.065,1.95,1.98,23.76,13385984,24.78,23.4,24.24,1115498,0.0,1.0
2024-02-14 00:00:00,2.02,2.135,2.0,2.1,25.200000000000003,8573268,25.619999999999997,24.0,24.24,714439,0.0,1.0
2024-02-15 00:00:00,2.11,2.3,2.0801,2.2,26.4,12802257,27.6,24.9612,25.32,1066854,0.0,1.0
2024-02-16 00:00:00,2.14,2.17,2.05,2.07,24.84,13627985,26.04,24.6,25.680000000000003,1135665,0.0,1.0
2024-02-20 00:00:00,2.04,2.06,1.98,2.0,24.0,10836378,24.72,23.76,24.48,903031,0.0,1.0
2024-02-21 00:00:00,1.98,1.99,1.83,1.93,23.16,14826005,23.880000000000003,21.96,23.76,1235500,0.0,1.0
2024-02-22 00:00:00,1.9,1.94,1.85,1.86,22.320000000000004,11224043,23.28,22.200000000000003,22.8,935336,0.0,1.0
2024-02-23 00:00:00,1.85,1.885,1.76,1.77,21.24,15669998,22.62,21.12,22.200000000000003,1305833,0.0,1.0
2024-02-26 00:00:00,1.77,1.91,1.72,1.9,22.8,10396762,22.92,20.64,21.24,866396,0.0,1.0
2024-02-27 00:00:00,1.93,2.01,1.9,2.0,24.0,9710772,24.119999999999997,22.8,23.16,809231,0.0,1.0
2024-02-28 00:00:00,2.0,2.1,1.96,2.04,24.48,10272693,25.200000000000003,23.52,24.0,856057,0.0,1.0
2024-02-29 00:00:00,2.13,2.17,2.05,2.07,24.84,17021135,26.04,24.6,25.56,1418427,0.0,1.0
2024-03-01 00:00:00,2.33,2.435,1.85,1.9,22.8,49628926,29.22,22.200000000000003,27.96,4135743,0.0,1.0
2024-03-04 00:00:00,1.95,1.97,1.85,1.85,22.200000000000003,13088102,23.64,22.200000000000003,23.4,1090675,0.0,1.0
2024-03-05 00:00:00,1.84,1.84,1.71,1.74,20.880000000000003,17514844,22.08,20.52,22.08,1459570,0.0,1.0
2024-03-06 00:00:00,1.74,1.796,1.71,1.73,20.76,9807777,21.552000000000003,20.52,20.880000000000003,817314,0.0,1.0
2024-03-07 00:00:00,1.72,1.79,1.63,1.64,19.68,13561755,21.48,19.56,20.64,1130146,0.0,1.0
2024-03-08 00:00:00,1.69,1.79,1.65,1.68,20.16,13119546,21.48,19.8,20.28,1093295,0.0,1.0
2024-03-11 00:00:00,1.68,1.736,1.61,1.61,19.320000000000004,6958122,20.832,19.320000000000004,20.16,579843,0.0,1.0
2024-03-12 00:00:00,1.63,1.63,1.51,1.54,18.48,14351831,19.56,18.12,19.56,1195985,0.0,1.0
2024-03-13 00:00:00,1.55,1.69,1.53,1.61,19.320000000000004,11600316,20.28,18.360000000000003,18.6,966693,0.0,1.0
2024-03-14 00:00:00,1.63,1.64,1.53,1.55,18.6,7759959,19.68,18.360000000000003,19.56,646663,0.0,1.0
2024-03-15 00:00:00,1.55,1.58,1.49,1.51,18.12,10050338,18.96,17.880000000000003,18.6,837528,0.0,1.0
2024-03-18 00:00:00,1.53,1.57,1.47,1.54,18.48,7682742,18.840000000000003,17.64,18.360000000000003,640228,0.0,1.0
2024-03-19 00:00:00,1.52,1.54,1.46,1.52,18.24,5805599,18.48,17.52,18.24,483799,0.0,1.0
2024-03-20 00:00:00,1.52,1.62,1.48,1.6,19.200000000000003,9332556,19.44,17.76,18.24,777713,0.0,1.0
2024-03-21 00:00:00,1.64,1.6597,1.56,1.59,19.08,7556337,19.9164,18.72,19.68,629694,0.0,1.0
2024-03-22 00:00:00,1.56,1.57,1.51,1.51,18.12,5815808,18.840000000000003,18.12,18.72,484650,0.0,1.0
2024-03-25 00:00:00,1.52,1.57,1.5,1.54,18.48,6019866,18.840000000000003,18.0,18.24,501655,0.0,1.0
2024-03-26 00:00:00,1.56,1.5797,1.49,1.5,18.0,5240448,18.9564,17.880000000000003,18.72,436704,0.0,1.0
2024-03-27 00:00:00,1.54,1.56,1.51,1.56,18.72,5122511,18.72,18.12,18.48,426875,0.0,1.0
2024-03-28 00:00:00,1.56,1.64,1.55,1.58,18.96,6426695,19.68,18.6,18.72,535557,0.0,1.0
2024-04-01 00:00:00,1.59,1.59,1.51,1.58,18.96,5965450,19.08,18.12,19.08,497120,0.0,1.0
2024-04-02 00:00:00,1.52,1.55,1.5,1.54,18.48,5204882,18.6,18.0,18.24,433740,0.0,1.0
2024-04-03 00:00:00,1.52,1.58,1.49,1.56,18.72,5309111,18.96,17.880000000000003,18.24,442425,0.0,1.0
2024-04-04 00:00:00,1.6,1.67,1.55,1.56,18.72,10235938,20.04,18.6,19.200000000000003,852994,0.0,1.0
2024-04-05 00:00:00,1.54,1.57,1.5,1.55,18.6,6820715,18.840000000000003,18.0,18.48,568392,0.0,1.0
2024-04-08 00:00:00,1.57,1.6,1.525,1.58,18.96,4691401,19.200000000000003,18.3,18.840000000000003,390950,0.0,1.0
2024-04-09 00:00:00,1.58,1.665,1.58,1.61,19.320000000000004,4978647,19.98,18.96,18.96,414887,0.0,1.0
2024-04-10 00:00:00,1.55,1.57,1.49,1.51,18.12,7526450,18.840000000000003,17.880000000000003,18.6,627204,0.0,1.0
2024-04-11 00:00:00,1.53,1.5497,1.46,1.49,17.880000000000003,5921261,18.596400000000003,17.52,18.360000000000003,493438,0.0,1.0
2024-04-12 00:00:00,1.47,1.49,1.42,1.45,17.400000000000002,4793527,17.880000000000003,17.04,17.64,399460,0.0,1.0
2024-04-15 00:00:00,1.45,1.47,1.38,1.4,16.8,7496573,17.64,16.56,17.400000000000002,624714,0.0,1.0
2024-04-16 00:00:00,1.38,1.4,1.35,1.37,16.44,5664814,16.8,16.200000000000003,16.56,472067,0.0,1.0
2024-04-17 00:00:00,1.43,1.48,1.38,1.39,16.68,4550539,17.76,16.56,17.16,379211,0.0,1.0
2024-04-18 00:00:00,1.4,1.48,1.36,1.4,16.8,6797543,17.76,16.320000000000004,16.8,566461,0.0,1.0
2024-04-19 00:00:00,1.39,1.42,1.32,1.35,16.200000000000003,8796071,17.04,15.840000000000002,16.68,733005,0.0,1.0
2024-04-22 00:00:00,1.35,1.38,1.2018,1.34,16.080000000000002,19375137,16.56,14.4216,16.200000000000003,1614594,0.0,1.0
2024-04-23 00:00:00,1.35,1.45,1.33,1.43,17.16,11571531,17.400000000000002,15.96,16.200000000000003,964294,0.0,1.0
2024-04-24 00:00:00,1.41,1.44,1.36,1.38,16.56,4224241,17.28,16.320000000000004,16.92,352020,0.0,1.0
2024-04-25 00:00:00,1.35,1.38,1.33,1.37,16.44,3512030,16.56,15.96,16.200000000000003,292669,0.0,1.0
2024-04-26 00:00:00,1.37,1.43,1.35,1.39,16.68,3399428,17.16,16.200000000000003,16.44,283285,0.0,1.0
2024-04-29 00:00:00,1.41,1.46,1.38,1.4,16.8,5532260,17.52,16.56,16.92,461021,0.0,1.0
2024-04-30 00:00:00,1.41,1.47,1.375,1.42,17.04,5976888,17.64,16.5,16.92,498074,0.0,1.0
2024-05-01 00:00:00,1.39,1.51,1.37,1.44,17.28,6376215,18.12,16.44,16.68,531351,0.0,1.0
2024-05-02 00:00:00,1.51,1.55,1.45,1.55,18.6,12894330,18.6,17.400000000000002,18.12,1074527,0.0,1.0
2024-05-03 00:00:00,1.63,1.69,1.36,1.37,16.44,32029872,20.28,16.320000000000004,19.56,2669156,0.0,1.0
2024-05-06 00:00:00,1.43,1.46,1.37,1.41,16.92,13674819,17.52,16.44,17.16,1139568,0.0,1.0
2024-05-07 00:00:00,1.4,1.4,1.31,1.31,15.72,11993309,16.8,15.72,16.8,999442,0.0,1.0
2024-05-08 00:00:00,1.28,1.29,1.22,1.23,14.76,12382007,15.48,14.64,15.36,1031833,0.0,1.0
2024-05-09 00:00:00,1.25,1.33,1.24,1.33,15.96,8528203,15.96,14.88,15.0,710683,0.0,1.0
2024-05-10 00:00:00,1.32,1.33,1.25,1.28,15.36,6315499,15.96,15.0,15.840000000000002,526291,0.0,1.0
2024-05-13 00:00:00,1.32,1.45,1.3,1.44,17.28,19798010,17.400000000000002,15.6,15.840000000000002,1649834,0.0,1.0
2024-05-14 00:00:00,1.56,1.62,1.44,1.46,17.52,26676275,19.44,17.28,18.72,2223022,0.0,1.0
2024-05-15 00:00:00,1.5,1.5,1.36,1.38,16.56,11292638,18.0,16.320000000000004,18.0,941053,0.0,1.0
2024-05-16 00:00:00,1.41,1.4397,1.32,1.33,15.96,8523711,17.276400000000002,15.840000000000002,16.92,710309,0.0,1.0
2024-05-17 00:00:00,1.34,1.34,1.29,1.32,15.840000000000002,6848298,16.080000000000002,15.48,16.080000000000002,570691,0.0,1.0
2024-05-20 00:00:00,1.34,1.345,1.29,1.3,15.6,5535197,16.14,15.48,16.080000000000002,461266,0.0,1.0
2024-05-21 00:00:00,1.29,1.31,1.26,1.26,15.12,11570750,15.72,15.12,15.48,964229,0.0,1.0
2024-05-22 00:00:00,1.26,1.36,1.23,1.23,14.76,10421921,16.320000000000004,14.76,15.12,868493,0.0,1.0
2024-05-23 00:00:00,1.25,1.26,1.2,1.22,14.64,10331967,15.12,14.4,15.0,860997,0.0,1.0
2024-05-24 00:00:00,1.23,1.28,1.215,1.25,15.0,7128374,15.36,14.580000000000002,14.76,594031,0.0,1.0
2024-05-28 00:00:00,1.24,1.28,1.21,1.24,14.88,6138382,15.36,14.52,14.88,511531,0.0,1.0
2024-05-29 00:00:00,1.21,1.24,1.2,1.23,14.76,7334224,14.88,14.4,14.52,611185,0.0,1.0
2024-05-30 00:00:00,1.23,1.26,1.22,1.25,15.0,4142872,15.12,14.64,14.76,345239,0.0,1.0
2024-05-31 00:00:00,1.24,1.27,1.22,1.25,15.0,5340744,15.24,14.64,14.88,445062,0.0,1.0
2024-06-03 00:00:00,1.27,1.3,1.24,1.28,15.36,6200841,15.6,14.88,15.24,516736,0.0,1.0
2024-06-04 00:00:00,1.26,1.27,1.23,1.24,14.88,5036988,15.24,14.76,15.12,419749,0.0,1.0
2024-06-05 00:00:00,1.23,1.28,1.22,1.25,15.0,5040686,15.36,14.64,14.76,420057,0.0,1.0
2024-06-06 00:00:00,1.24,1.27,1.22,1.25,15.0,5896246,15.24,14.64,14.88,491353,0.0,1.0
2024-06-07 00:00:00,1.21,1.25,1.2,1.2,14.4,7060344,15.0,14.4,14.52,588362,0.0,1.0
2024-06-10 00:00:00,1.2,1.2001,1.14,1.15,13.8,9025984,14.4012,13.68,14.4,752165,0.0,1.0
2024-06-11 00:00:00,1.15,1.26,1.13,1.26,15.12,10228024,15.12,13.56,13.8,852335,0.0,1.0
2024-06-12 00:00:00,1.29,1.34,1.23,1.25,15.0,11098427,16.080000000000002,14.76,15.48,924868,0.0,1.0
2024-06-13 00:00:00,1.22,1.23,1.2,1.2,14.4,6658074,14.76,14.4,14.64,554839,0.0,1.0
2024-06-14 00:00:00,1.21,1.21,1.16,1.18,14.16,9528100,14.52,13.92,14.52,794008,0.0,1.0
2024-06-17 00:00:00,1.16,1.22,1.16,1.19,14.28,6504618,14.64,13.92,13.92,542051,0.0,1.0
2024-06-18 00:00:00,1.18,1.21,1.16,1.18,14.16,7179243,14.52,13.92,14.16,598270,0.0,1.0
2024-06-20 00:00:00,1.17,1.18,1.12,1.12,13.44,7581480,14.16,13.44,14.04,631790,0.0,1.0
2024-06-21 00:00:00,1.12,1.17,1.1,1.15,13.8,12050529,14.04,13.2,13.44,1004210,0.0,1.0
2024-06-24 00:00:00,1.14,1.17,1.12,1.15,13.8,4430374,14.04,13.44,13.68,369197,0.0,1.0
2024-06-25 00:00:00,1.15,1.15,1.11,1.14,13.68,5367563,13.8,13.320000000000002,13.8,447296,0.0,1.0
2024-06-26 00:00:00,1.14,1.21,1.13,1.18,14.16,7862076,14.52,13.56,13.68,655173,0.0,1.0
2024-06-27 00:00:00,1.17,1.25,1.17,1.24,14.88,6994163,15.0,14.04,14.04,582846,0.0,1.0
2024-06-28 00:00:00,1.23,1.26,1.2,1.24,14.88,7709728,15.12,14.4,14.76,642477,0.0,1.0
2024-07-01 00:00:00,1.24,1.32,1.22,1.26,15.12,8895031,15.840000000000002,14.64,14.88,741252,0.0,1.0
2024-07-02 00:00:00,1.25,1.32,1.25,1.31,15.72,6444852,15.840000000000002,15.0,15.0,537071,0.0,1.0
2024-07-03 00:00:00,1.32,1.35,1.3,1.31,15.72,4519819,16.200000000000003,15.6,15.840000000000002,376651,0.0,1.0
2024-07-05 00:00:00,1.29,1.3,1.22,1.25,15.0,6190803,15.6,14.64,15.48,515900,0.0,1.0
2024-07-08 00:00:00,1.24,1.28,1.24,1.25,15.0,3099614,15.36,14.88,14.88,258301,0.0,1.0
2024-07-09 00:00:00,1.25,1.27,1.21,1.24,14.88,3890699,15.24,14.52,15.0,324224,0.0,1.0
2024-07-10 00:00:00,1.23,1.24,1.17,1.2,14.4,7205648,14.88,14.04,14.76,600470,0.0,1.0
2024-07-11 00:00:00,1.24,1.28,1.22,1.27,15.24,8178478,15.36,14.64,14.88,681539,0.0,1.0
2024-07-12 00:00:00,1.29,1.36,1.28,1.34,16.080000000000002,9595226,16.320000000000004,15.36,15.48,799602,0.0,1.0
2024-07-15 00:00:00,1.34,1.35,1.3,1.33,15.96,5850332,16.200000000000003,15.6,16.080000000000002,487527,0.0,1.0
2024-07-16 00:00:00,1.33,1.47,1.31,1.43,17.16,14133742,17.64,15.72,15.96,1177811,0.0,1.0
2024-07-17 00:00:00,1.44,1.58,1.405,1.45,17.400000000000002,20821617,18.96,16.860000000000003,17.28,1735134,0.0,1.0
2024-07-18 00:00:00,1.45,1.57,1.43,1.47,17.64,14434739,18.840000000000003,17.16,17.400000000000002,1202894,0.0,1.0
2024-07-19 00:00:00,1.47,1.52,1.43,1.44,17.28,6576772,18.24,17.16,17.64,548064,0.0,1.0
2024-07-22 00:00:00,1.45,1.46,1.33,1.45,17.400000000000002,9649101,17.52,15.96,17.400000000000002,804091,0.0,1.0
2024-07-23 00:00:00,1.43,1.49,1.42,1.46,17.52,6382048,17.880000000000003,17.04,17.16,531837,0.0,1.0
2024-07-24 00:00:00,1.43,1.455,1.36,1.38,16.56,10543589,17.46,16.320000000000004,17.16,878632,0.0,1.0
2024-07-25 00:00:00,1.35,1.49,1.35,1.45,17.400000000000002,6766424,17.880000000000003,16.200000000000003,16.200000000000003,563868,0.0,1.0
2024-07-26 00:00:00,1.48,1.5,1.44,1.48,17.76,5948469,18.0,17.28,17.76,495705,0.0,1.0
2024-07-29 00:00:00,1.49,1.5099,1.42,1.44,17.28,5236272,18.1188,17.04,17.880000000000003,436356,0.0,1.0
2024-07-30 00:00:00,1.45,1.46,1.4,1.45,17.400000000000002,4729378,17.52,16.8,17.400000000000002,394114,0.0,1.0
2024-07-31 00:00:00,1.44,1.54,1.41,1.46,17.52,7758414,18.48,16.92,17.28,646534,0.0,1.0
2024-08-01 00:00:00,1.44,1.49,1.36,1.38,16.56,8123448,17.880000000000003,16.320000000000004,17.28,676954,0.0,1.0
2024-08-02 00:00:00,1.31,1.36,1.28,1.33,15.96,8845784,16.320000000000004,15.36,15.72,737148,0.0,1.0
2024-08-05 00:00:00,1.2,1.35,1.19,1.31,15.72,8870827,16.200000000000003,14.28,14.4,739235,0.0,1.0
2024-08-06 00:00:00,1.45,1.51,1.23,1.33,15.96,16563091,18.12,14.76,17.400000000000002,1380257,0.0,1.0
2024-08-07 00:00:00,1.34,1.37,1.24,1.24,14.88,9896977,16.44,14.88,16.080000000000002,824748,0.0,1.0
2024-08-08 00:00:00,1.25,1.29,1.24,1.26,15.12,6683390,15.48,14.88,15.0,556949,0.0,1.0
2024-08-09 00:00:00,1.29,1.29,1.22,1.26,15.12,7837196,15.48,14.64,15.48,653099,0.0,1.0
2024-08-12 00:00:00,1.24,1.25,1.15,1.16,13.92,13571349,15.0,13.8,14.88,1130945,0.0,1.0
2024-08-13 00:00:00,1.19,1.28,1.18,1.26,15.12,9831918,15.36,14.16,14.28,819326,0.0,1.0
2024-08-14 00:00:00,1.29,1.35,1.25,1.29,15.48,9535725,16.200000000000003,15.0,15.48,794643,0.0,1.0
2024-08-15 00:00:00,1.32,1.32,1.27,1.31,15.72,6581055,15.840000000000002,15.24,15.840000000000002,548421,0.0,1.0
2024-08-16 00:00:00,1.3,1.63,1.3,1.53,18.360000000000003,44414344,19.56,15.6,15.6,3701195,0.0,1.0
2024-08-19 00:00:00,1.74,2.18,1.73,1.8,21.6,102128963,26.160000000000004,20.76,20.880000000000003,8510746,0.0,1.0
2024-08-20 00:00:00,1.79,2.01,1.66,1.94,23.28,32681793,24.119999999999997,19.92,21.48,2723482,0.0,1.0
2024-08-21 00:00:00,1.96,2.11,1.93,2.02,24.24,35281041,25.32,23.16,23.52,2940086,0.0,1.0
2024-08-22 00:00:00,2.05,2.11,1.97,1.98,23.76,18543810,25.32,23.64,24.6,1545317,0.0,1.0
2024-08-23 00:00:00,2.03,2.15,1.99,2.07,24.84,24364251,25.8,23.880000000000003,24.36,2030354,0.0,1.0
2024-08-26 00:00:00,2.09,2.09,1.9,1.96,23.52,15732841,25.08,22.8,25.08,1311070,0.0,1.0
2024-08-27 00:00:00,1.9,1.94,1.8,1.8,21.6,14558423,23.28,21.6,22.8,1213201,0.0,1.0
2024-08-28 00:00:00,1.75,1.78,1.63,1.67,20.04,17642507,21.360000000000003,19.56,21.0,1470208,0.0,1.0
2024-08-29 00:00:00,1.72,1.77,1.65,1.67,20.04,8447247,21.24,19.8,20.64,703937,0.0,1.0
2024-08-30 00:00:00,1.67,1.7379,1.63,1.68,20.16,8581235,20.8548,19.56,20.04,715102,0.0,1.0
2024-09-03 00:00:00,1.65,1.71,1.63,1.65,19.8,7201957,20.52,19.56,19.8,600163,0.0,1.0
2024-09-04 00:00:00,1.69,1.77,1.655,1.73,20.76,9725391,21.24,19.860000000000003,20.28,810449,0.0,1.0
2024-09-05 00:00:00,1.72,1.73,1.63,1.65,19.8,8689269,20.76,19.56,20.64,724105,0.0,1.0
2024-09-06 00:00:00,1.65,1.7599,1.63,1.65,19.8,11329953,21.1188,19.56,19.8,944162,0.0,1.0
2024-09-09 00:00:00,1.68,1.75,1.65,1.66,19.92,10458790,21.0,19.8,20.16,871565,0.0,1.0
2024-09-10 00:00:00,1.68,1.73,1.61,1.71,20.52,9370368,20.76,19.320000000000004,20.16,780864,0.0,1.0
2024-09-11 00:00:00,1.7,1.74,1.65,1.73,20.76,8377153,20.880000000000003,19.8,20.4,698096,0.0,1.0
2024-09-12 00:00:00,1.77,1.86,1.71,1.8,21.6,13573909,22.320000000000004,20.52,21.24,1131159,0.0,1.0
2024-09-13 00:00:00,1.85,1.86,1.75,1.78,21.360000000000003,10526012,22.320000000000004,21.0,22.200000000000003,877167,0.0,1.0
2024-09-16 00:00:00,1.77,1.77,1.65,1.69,20.28,8897236,21.24,19.8,21.24,741436,0.0,1.0
2024-09-17 00:00:00,1.69,1.7,1.62,1.63,19.56,8045123,20.4,19.44,20.28,670426,0.0,1.0
2024-09-18 00:00:00,1.63,1.73,1.59,1.61,19.320000000000004,10802547,20.76,19.08,19.56,900212,0.0,1.0
2024-09-19 00:00:00,1.67,1.68,1.55,1.56,18.72,11833031,20.16,18.6,20.04,986085,0.0,1.0
2024-09-20 00:00:00,1.56,1.56,1.47,1.48,17.76,14452572,18.72,17.64,18.72,1204381,0.0,1.0
2024-09-23 00:00:00,1.49,1.49,1.38,1.38,16.56,12963308,17.880000000000003,16.56,17.880000000000003,1080275,0.0,1.0
2024-09-24 00:00:00,1.39,1.44,1.365,1.43,17.16,7727191,17.28,16.380000000000003,16.68,643932,0.0,1.0
2024-09-25 00:00:00,1.42,1.42,1.36,1.37,16.44,6575822,17.04,16.320000000000004,17.04,547985,0.0,1.0
2024-09-26 00:00:00,1.42,1.44,1.39,1.42,17.04,6198905,17.28,16.68,17.04,516575,0.0,1.0
2024-09-27 00:00:00,1.44,1.49,1.43,1.46,17.52,7336134,17.880000000000003,17.16,17.28,611344,0.0,1.0
2024-09-30 00:00:00,1.45,1.55,1.41,1.42,17.04,10006388,18.6,16.92,17.400000000000002,833865,0.0,1.0
2024-10-01 00:00:00,1.4,1.42,1.36,1.38,16.56,7505078,17.04,16.320000000000004,16.8,625423,0.0,1.0
2024-10-02 00:00:00,1.36,1.45,1.36,1.44,17.28,6186933,17.400000000000002,16.320000000000004,16.320000000000004,515577,0.0,1.0
2024-10-03 00:00:00,1.44,1.46,1.415,1.45,17.400000000000002,3867876,17.52,16.98,17.28,322323,0.0,1.0
2024-10-04 00:00:00,1.49,1.51,1.43,1.5,18.0,5681056,18.12,17.16,17.880000000000003,473421,0.0,1.0
2024-10-07 00:00:00,1.5,1.53,1.42,1.43,17.16,4631738,18.360000000000003,17.04,18.0,385978,0.0,1.0
2024-10-08 00:00:00,1.43,1.456,1.39,1.41,16.92,4273733,17.472,16.68,17.16,356144,0.0,1.0
2024-10-09 00:00:00,1.4,1.43,1.39,1.41,16.92,4023960,17.16,16.68,16.8,335330,0.0,1.0
2024-10-10 00:00:00,1.43,1.54,1.39,1.53,18.360000000000003,6815069,18.48,16.68,17.16,567922,0.0,1.0
2024-10-11 00:00:00,1.53,1.65,1.53,1.62,19.44,13757872,19.8,18.360000000000003,18.360000000000003,1146489,0.0,1.0
2024-10-14 00:00:00,1.6,1.65,1.55,1.58,18.96,10653747,19.8,18.6,19.200000000000003,887812,0.0,1.0
2024-10-15 00:00:00,1.58,1.67,1.56,1.64,19.68,12275001,20.04,18.72,18.96,1022916,0.0,1.0
2024-10-16 00:00:00,1.67,1.69,1.56,1.59,19.08,7234196,20.28,18.72,20.04,602849,0.0,1.0
2024-10-17 00:00:00,1.58,1.59,1.53,1.57,18.840000000000003,4215516,19.08,18.360000000000003,18.96,351293,0.0,1.0
2024-10-18 00:00:00,1.59,1.645,1.585,1.63,19.56,5773761,19.74,19.02,19.08,481146,0.0,1.0
2024-10-21 00:00:00,1.62,1.64,1.564,1.61,19.320000000000004,4313654,19.68,18.768,19.44,359471,0.0,1.0
2024-10-22 00:00:00,1.61,1.69,1.6,1.66,19.92,5200663,20.28,19.200000000000003,19.320000000000004,433388,0.0,1.0
2024-10-23 00:00:00,1.65,1.656,1.54,1.57,18.840000000000003,6322316,19.872,18.48,19.8,526859,0.0,1.0
2024-10-24 00:00:00,1.59,1.67,1.56,1.6,19.200000000000003,5358616,20.04,18.72,19.08,446551,0.0,1.0
2024-10-25 00:00:00,1.6,1.62,1.53,1.56,18.72,6135205,19.44,18.360000000000003,19.200000000000003,511267,0.0,1.0
2024-10-28 00:00:00,1.61,1.8,1.57,1.79,21.48,10484220,21.6,18.840000000000003,19.320000000000004,873685,0.0,1.0
2024-10-29 00:00:00,1.81,1.8266,1.74,1.79,21.48,8329660,21.9192,20.880000000000003,21.72,694138,0.0,1.0
2024-10-30 00:00:00,1.82,1.865,1.77,1.81,21.72,9128312,22.380000000000003,21.24,21.840000000000003,760692,0.0,1.0
2024-10-31 00:00:00,1.84,1.85,1.72,1.74,20.880000000000003,18673132,22.200000000000003,20.64,22.08,1556094,0.0,1.0
2024-11-01 00:00:00,1.75,1.75,1.5,1.52,18.24,20977060,21.0,18.0,21.0,1748088,0.0,1.0
2024-11-04 00:00:00,1.5,1.51,1.42,1.45,17.400000000000002,11756196,18.12,17.04,18.0,979683,0.0,1.0
2024-11-05 00:00:00,1.45,1.48,1.39,1.4,16.8,11404530,17.76,16.68,17.400000000000002,950377,0.0,1.0
2024-11-06 00:00:00,1.43,1.47,1.38,1.41,16.92,13328499,17.64,16.56,17.16,1110708,0.0,1.0
2024-11-07 00:00:00,1.42,1.49,1.41,1.43,17.16,8955310,17.880000000000003,16.92,17.04,746275,0.0,1.0
2024-11-08 00:00:00,1.45,1.47,1.39,1.42,17.04,9091009,17.64,16.68,17.400000000000002,757584,0.0,1.0
2024-11-11 00:00:00,1.45,1.51,1.4,1.48,17.76,13129621,18.12,16.8,17.400000000000002,1094135,0.0,1.0
2024-11-12 00:00:00,1.47,1.55,1.46,1.52,18.24,8274470,18.6,17.52,17.64,689539,0.0,1.0
2024-11-13 00:00:00,1.55,1.63,1.53,1.54,18.48,16110980,19.56,18.360000000000003,18.6,1342581,0.0,1.0
2024-11-14 00:00:00,1.56,1.63,1.5,1.57,18.840000000000003,11324596,19.56,18.0,18.72,943716,0.0,1.0
2024-11-15 00:00:00,1.56,1.57,1.47,1.51,18.12,8447173,18.840000000000003,17.64,18.72,703931,0.0,1.0
2024-11-18 00:00:00,1.5,1.545,1.43,1.43,17.16,7283842,18.54,17.16,18.0,606986,0.0,1.0
2024-11-19 00:00:00,1.4,1.46,1.39,1.42,17.04,8156499,17.52,16.68,16.8,679708,0.0,1.0
2024-11-20 00:00:00,1.42,1.45,1.39,1.44,17.28,5628723,17.400000000000002,16.68,17.04,469060,0.0,1.0
2024-11-21 00:00:00,1.43,1.56,1.4,1.53,18.360000000000003,11151716,18.72,16.8,17.16,929309,0.0,1.0
2024-11-22 00:00:00,1.52,1.55,1.4,1.42,17.04,24831089,18.6,16.8,18.24,2069257,0.0,1.0
2024-11-25 00:00:00,1.45,1.595,1.4,1.56,18.72,22110740,19.14,16.8,17.400000000000002,1842561,0.0,1.0
2024-11-26 00:00:00,1.55,1.55,1.44,1.46,17.52,17031544,18.6,17.28,18.6,1419295,0.0,1.0
2024-11-27 00:00:00,1.48,1.53,1.46,1.5,18.0,9733769,18.360000000000003,17.52,17.76,811147,0.0,1.0
2024-11-29 00:00:00,1.5,1.63,1.5,1.61,19.320000000000004,9467872,19.56,18.0,18.0,788989,0.0,1.0
2024-12-02 00:00:00,1.63,1.8,1.62,1.7,20.4,20206857,21.6,19.44,19.56,1683904,0.0,1.0
2024-12-03 00:00:00,1.67,1.73,1.64,1.69,20.28,7655960,20.76,19.68,20.04,637996,0.0,1.0
2024-12-04 00:00:00,1.69,1.77,1.685,1.72,20.64,11300372,21.24,20.22,20.28,941697,0.0,1.0
2024-12-05 00:00:00,1.72,1.83,1.66,1.78,21.360000000000003,14900287,21.96,19.92,20.64,1241690,0.0,1.0
2024-12-06 00:00:00,1.81,1.82,1.67,1.7,20.4,13188928,21.840000000000003,20.04,21.72,1099077,0.0,1.0
2024-12-09 00:00:00,1.7,1.79,1.7,1.74,20.880000000000003,11934916,21.48,20.4,20.4,994576,0.0,1.0
2024-12-10 00:00:00,1.75,1.77,1.67,1.75,21.0,9848030,21.24,20.04,21.0,820669,0.0,1.0
2024-12-11 00:00:00,1.75,1.7501,1.6,1.66,19.92,16645228,21.0012,19.200000000000003,21.0,1387102,0.0,1.0
2024-12-12 00:00:00,1.65,1.67,1.58,1.6,19.200000000000003,8087190,20.04,18.96,19.8,673932,0.0,1.0
2024-12-13 00:00:00,1.57,1.595,1.51,1.54,18.48,10374596,19.14,18.12,18.840000000000003,864549,0.0,1.0
2024-12-16 00:00:00,1.56,1.5605,1.47,1.47,17.64,11687197,18.726000000000003,17.64,18.72,973933,0.0,1.0
2024-12-17 00:00:00,1.46,1.5199,1.42,1.47,17.64,10640918,18.2388,17.04,17.52,886743,0.0,1.0
2024-12-18 00:00:00,1.46,1.48,1.36,1.4,16.8,16932931,17.76,16.320000000000004,17.52,1411077,0.0,1.0
2024-12-19 00:00:00,1.41,1.42,1.31,1.32,15.840000000000002,17134695,17.04,15.72,16.92,1427891,0.0,1.0
2024-12-20 00:00:00,1.3,1.435,1.275,1.39,16.68,24087791,17.220000000000002,15.3,15.6,2007315,0.0,1.0
2024-12-23 00:00:00,1.4,1.41,1.36,1.37,16.44,9136017,16.92,16.320000000000004,16.8,761334,0.0,1.0
2024-12-24 00:00:00,1.35,1.38,1.33,1.36,16.320000000000004,5644445,16.56,15.96,16.200000000000003,470370,0.0,1.0
2024-12-26 00:00:00,1.35,1.39,1.33,1.35,16.200000000000003,7482154,16.68,15.96,16.200000000000003,623512,0.0,1.0
2024-12-27 00:00:00,1.35,1.37,1.31,1.35,16.200000000000003,12348183,16.44,15.72,16.200000000000003,1029015,0.0,1.0
2024-12-30 00:00:00,1.33,1.33,1.23,1.25,15.0,16258022,15.96,14.76,15.96,1354835,0.0,1.0
2024-12-31 00:00:00,1.25,1.27,1.21,1.26,15.12,14246272,15.24,14.52,15.0,1187189,0.0,1.0
2025-01-02 00:00:00,1.3,1.43,1.29,1.41,16.92,12650878,17.16,15.48,15.6,1054239,0.0,1.0
2025-01-03 00:00:00,1.42,1.48,1.4,1.44,17.28,14107374,17.76,16.8,17.04,1175614,0.0,1.0
2025-01-06 00:00:00,3.98,5.3,3.05,5.06,60.72,644060511,63.6,36.6,47.760000000000005,53671709,0.0,1.0
2025-01-07 00:00:00,5.43,6.45,5.06,5.46,65.52000000000001,383995624,77.4,60.72,65.16,31999635,0.0,1.0
2025-01-08 00:00:00,4.63,6.1,4.55,5.35,64.2,176972214,73.2,54.6,55.56,14747684,0.0,1.0
2025-01-10 00:00:00,5.7,5.99,4.99,5.11,61.32000000000001,100456121,71.88000000000001,59.88,68.4,8371343,0.0,1.0
2025-01-13 00:00:00,4.88,4.895,4.3,4.45,53.400000000000006,59464278,58.739999999999995,51.6,58.56,4955356,0.0,1.0
2025-01-14 00:00:00,4.31,4.59,3.78,3.81,45.720000000000006,66189073,55.08,45.36,51.72,5515756,0.0,1.0
2025-01-15 00:00:00,4.05,4.27,3.91,3.93,47.16,41306622,51.239999999999995,46.92,48.6,3442218,0.0,1.0
2025-01-16 00:00:00,4.0,4.1301,3.86,3.99,47.88,33593437,49.5612,46.32,48.0,2799453,0.0,1.0
2025-01-17 00:00:00,4.07,4.3,3.78,3.82,45.84,34892262,51.6,45.36,48.84,2907688,0.0,1.0
2025-01-21 00:00:00,3.82,3.93,3.63,3.67,44.04,25989886,47.16,43.56,45.84,2165823,0.0,1.0
2025-01-22 00:00:00,3.63,3.74,3.51,3.62,43.440000000000005,22257084,44.88,42.12,43.56,1854757,0.0,1.0
2025-01-23 00:00:00,3.6,4.09,3.58,3.99,47.88,39681577,49.08,42.96,43.2,3306798,0.0,1.0
2025-01-24 00:00:00,3.93,4.15,3.86,4.04,48.48,25950167,49.8,46.32,47.16,2162513,0.0,1.0
2025-01-27 00:00:00,3.93,3.99,3.66,3.69,44.28,19075081,47.88,43.92,47.16,1589590,0.0,1.0
2025-01-28 00:00:00,3.74,4.005,3.71,3.95,47.400000000000006,15417598,48.06,44.52,44.88,1284799,0.0,1.0
2025-01-29 00:00:00,3.98,4.25,3.93,4.08,48.96,31122252,51.0,47.16,47.760000000000005,2593521,0.0,1.0
2025-01-30 00:00:00,4.18,4.3,3.95,4.12,49.440000000000005,24060946,51.6,47.400000000000006,50.16,2005078,0.0,1.0
2025-01-31 00:00:00,4.15,4.27,3.91,4.04,48.48,20905643,51.239999999999995,46.92,49.8,1742136,0.0,1.0
2025-02-03 00:00:00,3.885,4.16,3.81,4.16,49.92,21008049,49.92,45.720000000000006,46.62,1750670,0.0,1.0
2025-02-04 00:00:00,4.17,4.71,4.13,4.58,54.96,38416471,56.52,49.56,50.04,3201372,0.0,1.0
2025-02-05 00:00:00,4.58,4.605,4.33,4.46,53.52,23362502,55.260000000000005,51.96,54.96,1946875,0.0,1.0
2025-02-06 00:00:00,4.43,4.44,4.0,4.04,48.48,24081136,53.28000000000001,48.0,53.16,2006761,0.0,1.0
2025-02-07 00:00:00,4.03,4.04,3.89,3.95,47.400000000000006,15813622,48.48,46.68000000000001,48.36000000000001,1317801,0.0,1.0
2025-02-10 00:00:00,4.01,4.08,3.81,3.85,46.2,16863419,48.96,45.720000000000006,48.12,1405284,0.0,1.0
2025-02-11 00:00:00,3.82,4.025,3.71,3.72,44.64000000000001,19148431,48.3,44.52,45.84,1595702,0.0,1.0
2025-02-12 00:00:00,3.7,3.795,3.62,3.65,43.8,19578584,45.54,43.440000000000005,44.400000000000006,1631548,0.0,1.0
2025-02-13 00:00:00,3.66,3.92,3.64,3.9,46.8,17025760,47.04,43.68000000000001,43.92,1418813,0.0,1.0
2025-02-14 00:00:00,3.93,4.08,3.87,4.06,48.72,13601946,48.96,46.440000000000005,47.16,1133495,0.0,1.0
2025-02-18 00:00:00,4.08,4.27,3.96,4.06,48.72,17566471,51.239999999999995,47.52,48.96,1463872,0.0,1.0
2025-02-19 00:00:00,4.04,4.06,3.85,3.86,46.32,14639435,48.72,46.2,48.48,1219952,0.0,1.0
2025-02-20 00:00:00,3.87,3.92,3.71,3.85,46.2,12557021,47.04,44.52,46.440000000000005,1046418,0.0,1.0
2025-02-21 00:00:00,4.16,4.19,3.75,3.76,45.12,25585177,50.28000000000001,45.0,49.92,2132098,0.0,1.0
2025-02-24 00:00:00,3.82,4.29,3.73,4.01,48.12,41914694,51.48,44.760000000000005,45.84,3492891,0.0,1.0
2025-02-25 00:00:00,3.99,4.02,3.7,3.84,46.08,24286322,48.239999999999995,44.400000000000006,47.88,2023860,0.0,1.0
2025-02-26 00:00:00,3.86,3.9201,3.5,3.6,43.2,28295531,47.0412,42.0,46.32,2357960,0.0,1.0
2025-02-27 00:00:00,3.65,3.79,3.45,3.52,42.24,36269306,45.48,41.400000000000006,43.8,3022442,0.0,1.0
2025-02-28 00:00:00,2.96,3.08,2.555,3.03,36.36,68820308,36.96,30.660000000000004,35.52,5735025,0.0,1.0
2025-03-03 00:00:00,3.04,3.095,2.7601,2.84,34.08,31590613,37.14000000000001,33.1212,36.48,2632551,0.0,1.0
2025-03-04 00:00:00,2.685,3.1,2.67,3.01,36.12,30014944,37.2,32.04,32.220000000000006,2501245,0.0,1.0
2025-03-05 00:00:00,3.02,3.125,2.96,3.08,36.96,16593602,37.5,35.52,36.24,1382800,0.0,1.0
2025-03-06 00:00:00,2.99,3.1,2.93,2.99,35.88,21357823,37.2,35.160000000000004,35.88,1779818,0.0,1.0
2025-03-07 00:00:00,2.94,3.23,2.92,3.18,38.16,20577253,38.760000000000005,35.04,35.28,1714771,0.0,1.0
2025-03-10 00:00:00,3.105,3.28,2.92,3.01,36.12,27508928,39.36,35.04,37.260000000000005,2292410,0.0,1.0
2025-03-11 00:00:00,3.005,3.15,2.91,3.09,37.08,21021514,37.8,34.92,36.06,1751792,0.0,1.0
2025-03-12 00:00:00,3.15,3.195,3.04,3.1,37.2,20212703,38.34,36.48,37.8,1684391,0.0,1.0
2025-03-13 00:00:00,3.08,3.14,2.95,2.95,35.400000000000006,15958878,37.68000000000001,35.400000000000006,36.96,1329906,0.0,1.0
2025-03-14 00:00:00,2.99,3.18,2.9707,3.18,38.16,13539595,38.16,35.6484,35.88,1128299,0.0,1.0
2025-03-17 00:00:00,3.16,3.3,3.15,3.21,38.52,10817151,39.6,37.8,37.92,901429,0.0,1.0
2025-03-18 00:00:00,3.18,3.2,3.07,3.09,37.08,12147339,38.400000000000006,36.84,38.16,1012278,0.0,1.0
2025-03-19 00:00:00,3.11,3.21,3.09,3.18,38.16,10076263,38.52,37.08,37.32,839688,0.0,1.0
2025-03-20 00:00:00,3.15,3.18,3.05,3.08,36.96,11108212,38.16,36.6,37.8,925684,0.0,1.0
2025-03-21 00:00:00,3.01,3.18,3.0,3.18,38.16,11827156,38.16,36.0,36.12,985596,0.0,1.0
2025-03-24 00:00:00,3.23,3.27,3.15,3.27,39.24,11883699,39.24,37.8,38.760000000000005,990308,0.0,1.0
2025-03-25 00:00:00,3.28,3.31,3.19,3.31,39.720000000000006,8774271,39.720000000000006,38.28,39.36,731189,0.0,1.0
2025-03-26 00:00:00,3.32,3.35,3.06,3.08,36.96,11616943,40.2,36.720000000000006,39.84,968078,0.0,1.0
2025-03-27 00:00:00,3.06,3.11,2.99,3.02,36.24,11352390,37.32,35.88,36.720000000000006,946032,0.0,1.0
2025-03-28 00:00:00,2.99,3.0226,2.87,2.9,34.800000000000004,14230706,36.27120000000001,34.440000000000005,35.88,1185892,0.0,1.0
2025-03-31 00:00:00,2.86,2.99,2.78,2.92,35.04,13240600,35.88,33.36,34.32,1103383,0.0,1.0
2025-04-01 00:00:00,2.92,2.98,2.86,2.96,35.52,10731973,35.760000000000005,34.32,35.04,894331,0.0,1.0
2025-04-02 00:00:00,2.91,3.15,2.87,3.15,37.8,11979466,37.8,34.440000000000005,34.92,998288,0.0,1.0
2025-04-03 00:00:00,2.93,3.06,2.91,3.02,36.24,12889910,36.720000000000006,34.92,35.160000000000004,1074159,0.0,1.0
2025-04-04 00:00:00,2.88,2.9,2.62,2.8,33.6,19112222,34.800000000000004,31.44,34.56,1592685,0.0,1.0
2025-04-07 00:00:00,2.57,3.0,2.5,2.74,32.88,20812804,36.0,30.0,30.84,1734400,0.0,1.0
2025-04-08 00:00:00,2.88,2.89,2.52,2.61,31.32,12573974,34.68000000000001,30.24,34.56,1047831,0.0,1.0
2025-04-09 00:00:00,2.58,2.975,2.525,2.92,35.04,24664930,35.7,30.3,30.96,2055410,0.0,1.0
2025-04-10 00:00:00,2.89,2.89,2.68,2.76,33.12,15989315,34.68000000000001,32.160000000000004,34.68000000000001,1332442,0.0,1.0
2025-04-11 00:00:00,2.76,2.86,2.72,2.85,34.2,14139255,34.32,32.64000000000001,33.12,1178271,0.0,1.0
2025-04-14 00:00:00,2.94,2.98,2.86,2.88,34.56,14054247,35.760000000000005,34.32,35.28,1171187,0.0,1.0
2025-04-15 00:00:00,2.9,3.05,2.865,2.99,35.88,13085069,36.6,34.38,34.800000000000004,1090422,0.0,1.0
2025-04-16 00:00:00,2.9,2.95,2.78,2.87,34.440000000000005,14166173,35.400000000000006,33.36,34.800000000000004,1180514,0.0,1.0
2025-04-17 00:00:00,2.88,2.99,2.83,2.99,35.88,13479916,35.88,33.96,34.56,1123326,0.0,1.0
2025-04-21 00:00:00,2.94,2.965,2.76,2.85,34.2,9798564,35.58,33.12,35.28,816547,0.0,1.0
2025-04-22 00:00:00,2.89,3.02,2.875,3.0,36.0,11141234,36.24,34.5,34.68000000000001,928436,0.0,1.0
2025-04-23 00:00:00,3.05,3.105,2.82,2.92,35.04,26062897,37.260000000000005,33.84,36.6,2171908,0.0,1.0
2025-04-24 00:00:00,2.92,3.03,2.9101,2.99,35.88,10882131,36.36,34.9212,35.04,906844,0.0,1.0
2025-04-25 00:00:00,3.0,3.05,2.9501,3.02,36.24,10117935,36.6,35.4012,36.0,843161,0.0,1.0
2025-04-28 00:00:00,3.03,3.15,3.02,3.13,37.56,14642972,37.8,36.24,36.36,1220247,0.0,1.0
2025-04-29 00:00:00,3.13,3.245,3.08,3.1,37.2,17415156,38.940000000000005,36.96,37.56,1451263,0.0,1.0
2025-04-30 00:00:00,2.99,3.03,2.91,3.0,36.0,12470921,36.36,34.92,35.88,1039243,0.0,1.0
2025-05-01 00:00:00,3.08,3.08,2.9,2.93,35.160000000000004,15789859,36.96,34.800000000000004,36.96,1315821,0.0,1.0
2025-05-02 00:00:00,2.64,2.7088,2.4,2.42,29.04,45289367,32.5056,28.8,31.680000000000003,3774113,0.0,1.0
2025-05-05 00:00:00,2.39,2.52,2.28,2.52,30.24,31092326,30.24,27.36,28.680000000000003,2591027,0.0,1.0
2025-05-06 00:00:00,2.44,2.62,2.42,2.61,31.32,28448967,31.44,29.04,29.28,2370747,0.0,1.0
2025-05-07 00:00:00,2.61,2.7,2.56,2.61,31.32,25881289,32.400000000000006,30.72,31.32,2156774,0.0,1.0
2025-05-08 00:00:00,2.63,2.73,2.5946,2.7,32.400000000000006,17824115,32.760000000000005,31.1352,31.56,1485342,0.0,1.0
2025-05-09 00:00:00,2.73,2.87,2.67,2.69,32.28,24616812,34.440000000000005,32.04,32.760000000000005,2051401,0.0,1.0
2025-05-12 00:00:00,2.85,2.93,2.81,2.84,34.08,24506538,35.160000000000004,33.720000000000006,34.2,2042211,0.0,1.0
2025-05-13 00:00:00,2.88,2.95,2.8,2.94,35.28,17001374,35.400000000000006,33.6,34.56,1416781,0.0,1.0
2025-05-14 00:00:00,2.97,3.03,2.925,2.96,35.52,18332559,36.36,35.1,35.64000000000001,1527713,0.0,1.0
2025-05-15 00:00:00,2.95,2.96,2.85,2.95,35.400000000000006,18559761,35.52,34.2,35.400000000000006,1546646,0.0,1.0
2025-05-16 00:00:00,2.98,3.28,2.955,3.21,38.52,29567472,39.36,35.46,35.760000000000005,2463956,0.0,1.0
2025-05-19 00:00:00,3.13,3.435,3.1101,3.36,40.32,24870209,41.220000000000006,37.321200000000005,37.56,2072517,0.0,1.0
2025-05-20 00:00:00,3.38,3.44,3.3,3.32,39.84,17424757,41.28,39.6,40.56,1452063,0.0,1.0
2025-05-21 00:00:00,3.23,3.28,3.08,3.09,37.08,14445444,39.36,36.96,38.760000000000005,1203787,0.0,1.0
2025-05-22 00:00:00,3.07,3.16,3.02,3.16,37.92,16548476,37.92,36.24,36.84,1379039,0.0,1.0
2025-05-23 00:00:00,3.1,3.295,3.09,3.26,39.12,11771885,39.54,37.08,37.2,980990,0.0,1.0
2025-05-27 00:00:00,3.37,3.64,3.35,3.62,43.440000000000005,23304337,43.68000000000001,40.2,40.440000000000005,1942028,0.0,1.0
2025-05-28 00:00:00,3.67,3.84,3.67,3.77,45.24,21264913,46.08,44.04,44.04,1772076,0.0,1.0
2025-05-29 00:00:00,3.84,3.91,3.61,3.62,43.440000000000005,21262965,46.92,43.32,46.08,1771913,0.0,1.0
2025-05-30 00:00:00,3.54,3.73,3.5,3.66,43.92,16719465,44.760000000000005,42.0,42.48,1393288,0.0,1.0
2025-06-02 00:00:00,3.67,3.6981,3.5,3.56,42.720000000000006,10423369,44.3772,42.0,44.04,868614,0.0,1.0
2025-06-03 00:00:00,3.51,3.6268,3.445,3.5,42.0,12610503,43.5216,41.34,42.12,1050875,0.0,1.0
2025-06-04 00:00:00,3.51,3.7,3.45,3.59,43.08,12548592,44.400000000000006,41.400000000000006,42.12,1045716,0.0,1.0
2025-06-05 00:00:00,3.59,3.61,3.33,3.36,40.32,12423672,43.32,39.96,43.08,1035306,0.0,1.0
2025-06-06 00:00:00,3.42,3.5,3.395,3.41,40.92,11370034,42.0,40.74,41.04,947502,0.0,1.0
2025-06-09 00:00:00,3.46,3.495,3.34,3.34,40.08,10100992,41.940000000000005,40.08,41.52,841749,0.0,1.0
2025-06-10 00:00:00,3.38,3.4,3.27,3.28,39.36,8448812,40.8,39.24,40.56,704067,0.0,1.0
2025-06-11 00:00:00,3.3,3.42,3.27,3.37,40.440000000000005,8822902,41.04,39.24,39.6,735241,0.0,1.0
2025-06-12 00:00:00,3.33,3.53,3.29,3.41,40.92,9455969,42.36,39.48,39.96,787997,0.0,1.0
2025-06-13 00:00:00,3.29,3.33,3.16,3.17,38.04,9336600,39.96,37.92,39.48,778050,0.0,1.0
2025-06-16 00:00:00,3.23,3.38,3.2,3.26,39.12,8735950,40.56,38.400000000000006,38.760000000000005,727995,0.0,1.0
2025-06-17 00:00:00,3.21,3.26,3.18,3.19,38.28,6289414,39.12,38.16,38.52,524117,0.0,1.0
2025-06-18 00:00:00,3.2,3.245,3.12,3.16,37.92,9189362,38.940000000000005,37.440000000000005,38.400000000000006,765780,0.0,1.0
2025-06-20 00:00:00,3.19,3.235,3.08,3.12,37.440000000000005,10805833,38.82,36.96,38.28,900486,0.0,1.0
2025-06-23 00:00:00,3.09,3.2,2.97,3.18,38.16,11042612,38.400000000000006,35.64000000000001,37.08,920217,0.0,1.0
2025-06-24 00:00:00,3.24,3.43,3.235,3.42,41.04,11792995,41.16,38.82,38.88,982749,0.0,1.0
2025-06-25 00:00:00,3.48,3.55,3.36,3.38,40.56,9030668,42.6,40.32,41.760000000000005,752555,0.0,1.0
2025-06-26 00:00:00,3.41,3.48,3.375,3.45,41.400000000000006,10060185,41.760000000000005,40.5,40.92,838348,0.0,1.0
2025-06-27 00:00:00,3.47,3.63,3.4301,3.53,42.36,20472680,43.56,41.1612,41.64000000000001,1706056,0.0,1.0
2025-06-30 00:00:00,3.71,3.93,3.6809,3.86,46.32,18071734,47.16,44.1708,44.52,1505977,0.0,1.0
2025-07-01 00:00:00,3.85,3.89,3.72,3.77,45.24,10066820,46.68000000000001,44.64000000000001,46.2,838901,0.0,1.0
2025-07-02 00:00:00,3.76,3.83,3.61,3.65,43.8,12796686,45.96,43.32,45.12,1066390,0.0,1.0
2025-07-03 00:00:00,3.69,3.74,3.61,3.69,44.28,7308937,44.88,43.32,44.28,609078,0.0,1.0
2025-07-07 00:00:00,3.63,3.7,3.515,3.65,43.8,13576211,44.400000000000006,42.18000000000001,43.56,1131350,0.0,1.0
2025-07-08 00:00:00,3.7,3.76,3.59,3.61,43.32,11424117,45.12,43.08,44.400000000000006,952009,0.0,1.0
2025-07-09 00:00:00,3.625,3.68,3.41,3.49,41.88,12382532,44.16,40.92,43.5,1031877,0.0,1.0
2025-07-10 00:00:00,3.48,3.5,3.395,3.47,41.64000000000001,10332691,42.0,40.74,41.760000000000005,861057,0.0,1.0
2025-07-11 00:00:00,3.44,3.475,3.31,3.31,39.720000000000006,11456147,41.7,39.720000000000006,41.28,954678,0.0,1.0
2025-07-14 00:00:00,3.33,3.46,3.3,3.41,40.92,7213483,41.52,39.6,39.96,601123,0.0,1.0
2025-07-15 00:00:00,3.46,3.47,3.3512,3.4,40.8,6994563,41.64000000000001,40.214400000000005,41.52,582880,0.0,1.0
2025-07-16 00:00:00,3.41,3.53,3.35,3.52,42.24,10004997,42.36,40.2,40.92,833749,0.0,1.0
2025-07-17 00:00:00,3.53,3.57,3.48,3.5,42.0,8628469,42.84,41.760000000000005,42.36,719039,0.0,1.0
2025-07-18 00:00:00,3.51,3.5256,3.33,3.35,40.2,10126799,42.3072,39.96,42.12,843899,0.0,1.0
2025-07-21 00:00:00,3.4,3.48,3.31,3.32,39.84,10521156,41.760000000000005,39.720000000000006,40.8,876763,0.0,1.0
2025-07-22 00:00:00,3.32,3.44,3.275,3.41,40.92,8780847,41.28,39.3,39.84,731737,0.0,1.0
2025-07-23 00:00:00,3.44,3.66,3.36,3.63,43.56,18283180,43.92,40.32,41.28,1523598,0.0,1.0
2025-07-24 00:00:00,3.68,3.73,3.56,3.6,43.2,15899054,44.760000000000005,42.720000000000006,44.16,1324921,0.0,1.0
2025-07-25 00:00:00,3.6,3.725,3.53,3.68,44.16,16871375,44.7,42.36,43.2,1405947,0.0,1.0
2025-07-28 00:00:00,3.68,3.69,3.51,3.53,42.36,12712753,44.28,42.12,44.16,1059396,0.0,1.0
2025-07-29 00:00:00,3.81,4.2,3.5,3.54,42.48,57662705,50.400000000000006,42.0,45.720000000000006,4805225,0.0,1.0
2025-07-30 00:00:00,3.985,4.35,3.86,4.16,49.92,60600749,52.2,46.32,47.82,5050062,0.0,1.0
2025-07-31 00:00:00,4.4,4.4,3.93,3.98,47.760000000000005,29756039,52.8,47.16,52.8,2479669,0.0,1.0
2025-08-01 00:00:00,3.87,3.87,3.67,3.75,45.0,21279964,46.440000000000005,44.04,46.440000000000005,1773330,0.0,1.0
2025-08-04 00:00:00,3.86,4.07,3.82,3.96,47.52,17160166,48.84,45.84,46.32,1430013,0.0,1.0
2025-08-05 00:00:00,4.0,4.09,3.86,3.92,47.04,14731069,49.08,46.32,48.0,1227589,0.0,1.0
2025-08-06 00:00:00,3.91,3.92,3.73,3.74,44.88,13012663,47.04,44.760000000000005,46.92,1084388,0.0,1.0
2025-08-07 00:00:00,3.8,3.87,3.62,3.7,44.400000000000006,19609651,46.440000000000005,43.440000000000005,45.6,1634137,0.0,1.0
2025-08-08 00:00:00,3.665,3.98,3.51,3.68,44.16,34547376,47.760000000000005,42.12,43.98,2878948,0.0,1.0
2025-08-11 00:00:00,3.66,3.74,3.5,3.59,43.08,18136283,44.88,42.0,43.92,1511356,0.0,1.0
2025-08-12 00:00:00,3.59,3.67,3.56,3.64,43.68000000000001,11242832,44.04,42.720000000000006,43.08,936902,0.0,1.0
2025-08-13 00:00:00,3.66,3.87,3.62,3.76,45.12,18473826,46.440000000000005,43.440000000000005,43.92,1539485,0.0,1.0
2025-08-14 00:00:00,3.68,3.72,3.57,3.7,44.400000000000006,12431245,44.64000000000001,42.84,44.16,1035937,0.0,1.0
2025-08-15 00:00:00,3.66,3.67,3.58,3.63,43.56,11530452,44.04,42.96,43.92,960871,0.0,1.0
2025-08-18 00:00:00,3.64,3.78,3.59,3.77,45.24,12417684,45.36,43.08,43.68000000000001,1034807,0.0,1.0
2025-08-19 00:00:00,3.8,3.8,3.47,3.48,41.760000000000005,16070042,45.6,41.64000000000001,45.6,1339170,0.0,1.0
2025-08-20 00:00:00,3.45,3.45,3.25,3.36,40.32,14769259,41.400000000000006,39.0,41.400000000000006,1230771,0.0,1.0
2025-08-21 00:00:00,3.33,3.42,3.31,3.39,40.68000000000001,9925113,41.04,39.720000000000006,39.96,827092,0.0,1.0
2025-08-22 00:00:00,3.4,3.53,3.37,3.49,41.88,10912910,42.36,40.440000000000005,40.8,909409,0.0,1.0
2025-08-25 00:00:00,3.48,3.55,3.46,3.47,41.64000000000001,8151660,42.6,41.52,41.760000000000005,679305,0.0,1.0
2025-08-26 00:00:00,3.47,3.51,3.41,3.45,41.400000000000006,7318823,42.12,40.92,41.64000000000001,609901,0.0,1.0
2025-08-27 00:00:00,3.43,3.445,3.37,3.41,40.92,7645476,41.34,40.440000000000005,41.16,637123,0.0,1.0
2025-08-28 00:00:00,3.45,3.515,3.4,3.48,41.760000000000005,10860500,42.18000000000001,40.8,41.400000000000006,905041,0.0,1.0
2025-08-29 00:00:00,3.55,3.81,3.52,3.53,42.36,18728413,45.720000000000006,42.24,42.6,1560701,0.0,1.0
2025-09-02 00:00:00,3.5,3.8,3.4401,3.78,45.36,18398690,45.6,41.281200000000005,42.0,1533224,0.0,1.0
2025-09-03 00:00:00,3.8,3.81,3.625,3.71,44.52,12270229,45.720000000000006,43.5,45.6,1022519,0.0,1.0
2025-09-04 00:00:00,3.69,3.81,3.62,3.77,45.24,11852202,45.720000000000006,43.440000000000005,44.28,987683,0.0,1.0
2025-09-05 00:00:00,3.78,4.05,3.73,4.01,48.12,18926327,48.6,44.760000000000005,45.36,1577193,0.0,1.0
2025-09-08 00:00:00,4.025,4.19,3.94,4.12,49.440000000000005,19062142,50.28000000000001,47.28,48.3,1588511,0.0,1.0
2025-09-09 00:00:00,4.13,4.14,3.9,4.09,49.08,12930842,49.68,46.8,49.56,1077570,0.0,1.0
2025-09-10 00:00:00,4.12,4.16,3.92,3.93,47.16,13561039,49.92,47.04,49.440000000000005,1130086,0.0,1.0
2025-09-11 00:00:00,3.95,4.17,3.9,4.16,49.92,16458866,50.04,46.8,47.400000000000006,1371572,0.0,1.0
2025-09-12 00:00:00,4.15,4.32,4.0701,4.27,51.239999999999995,13301078,51.84,48.8412,49.8,1108423,0.0,1.0
2025-09-15 00:00:00,4.36,4.47,4.19,4.36,52.32000000000001,15039560,53.64,50.28000000000001,52.32000000000001,1253296,0.0,1.0
2025-09-16 00:00:00,4.36,4.385,4.16,4.29,51.48,10203985,52.62,49.92,52.32000000000001,850332,0.0,1.0
2025-09-17 00:00:00,4.29,4.34,4.14,4.21,50.52,11968734,52.08,49.68,51.48,997394,0.0,1.0
2025-09-18 00:00:00,4.23,4.54,4.23,4.38,52.56,15939770,54.48,50.760000000000005,50.760000000000005,1328314,0.0,1.0
2025-09-19 00:00:00,4.36,4.48,4.325,4.35,52.2,12904485,53.760000000000005,51.900000000000006,52.32000000000001,1075373,0.0,1.0
2025-09-22 00:00:00,4.32,4.56,4.23,4.56,54.72,13888055,54.72,50.760000000000005,51.84,1157337,0.0,1.0
2025-09-23 00:00:00,4.535,4.72,4.35,4.45,53.400000000000006,17795759,56.64,52.2,54.42,1482979,0.0,1.0
2025-09-24 00:00:00,4.56,4.586,4.15,4.15,49.8,13059500,55.032,49.8,54.72,1088291,0.0,1.0
2025-09-25 00:00:00,4.05,4.2,4.015,4.09,49.08,10276692,50.400000000000006,48.18,48.6,856391,0.0,1.0
2025-09-26 00:00:00,4.09,4.25,4.06,4.2,50.400000000000006,7955880,51.0,48.72,49.08,662990,0.0,1.0
2025-09-29 00:00:00,4.2,4.28,4.15,4.27,51.239999999999995,8696110,51.36000000000001,49.8,50.400000000000006,724675,0.0,1.0
2025-09-30 00:00:00,4.27,4.29,4.0447,4.15,49.8,11102364,51.48,48.5364,51.239999999999995,925197,0.0,1.0
2025-10-01 00:00:00,4.12,4.12,3.86,3.9,46.8,14466028,49.440000000000005,46.32,49.440000000000005,1205502,0.0,1.0
2025-10-02 00:00:00,3.94,4.01,3.75,3.95,47.400000000000006,15245672,48.12,45.0,47.28,1270472,0.0,1.0
2025-10-03 00:00:00,3.98,4.08,3.91,3.96,47.52,13339346,48.96,46.92,47.760000000000005,1111612,0.0,1.0
2025-10-06 00:00:00,3.98,4.0264,3.85,3.92,47.04,10268176,48.3168,46.2,47.760000000000005,855681,0.0,1.0
2025-10-07 00:00:00,3.94,4.03,3.81,3.87,46.440000000000005,12799978,48.36000000000001,45.720000000000006,47.28,1066664,0.0,1.0
2025-10-08 00:00:00,3.9,3.92,3.76,3.88,46.56,12147248,47.04,45.12,46.8,1012270,0.0,1.0
2025-10-09 00:00:00,3.87,3.89,3.78,3.83,45.96,8159893,46.68000000000001,45.36,46.440000000000005,679991,0.0,1.0
2025-10-10 00:00:00,3.84,3.91,3.64,3.68,44.16,13025260,46.92,43.68000000000001,46.08,1085438,0.0,1.0
2025-10-13 00:00:00,3.72,3.83,3.63,3.82,45.84,13369881,45.96,43.56,44.64000000000001,1114156,0.0,1.0
2025-10-14 00:00:00,3.75,3.97,3.65,3.83,45.96,13551515,47.64000000000001,43.8,45.0,1129292,0.0,1.0
2025-10-15 00:00:00,3.91,3.96,3.81,3.87,46.440000000000005,12962938,47.52,45.720000000000006,46.92,1080244,0.0,1.0
2025-10-16 00:00:00,3.87,3.89,3.63,3.68,44.16,11755735,46.68000000000001,43.56,46.440000000000005,979644,0.0,1.0
2025-10-17 00:00:00,3.6,3.67,3.55,3.64,43.68000000000001,10174452,44.04,42.6,43.2,847871,0.0,1.0
2025-10-20 00:00:00,3.7,3.74,3.63,3.65,43.8,8732604,44.88,43.56,44.400000000000006,727717,0.0,1.0
2025-10-21 00:00:00,3.65,3.7,3.59,3.65,43.8,7517183,44.400000000000006,43.08,43.8,626431,0.0,1.0
2025-10-22 00:00:00,3.59,3.62,3.3625,3.47,41.64000000000001,15831906,43.440000000000005,40.35,43.08,1319325,0.0,1.0
2025-10-23 00:00:00,3.5,3.6,3.455,3.59,43.08,10322944,43.2,41.46,42.0,860245,0.0,1.0
2025-10-24 00:00:00,3.64,3.71,3.6,3.62,43.440000000000005,7727804,44.52,43.2,43.68000000000001,643983,0.0,1.0
2025-10-27 00:00:00,3.67,3.68,3.52,3.58,42.96,10268233,44.16,42.24,44.04,855686,0.0,1.0
2025-10-28 00:00:00,3.58,3.72,3.49,3.64,43.68000000000001,17848662,44.64000000000001,41.88,42.96,1487388,0.0,1.0
2025-10-29 00:00:00,4.3,4.39,3.66,3.69,44.28,76494686,52.68,43.92,51.6,6374557,0.0,1.0
2025-10-30 00:00:00,3.64,3.79,3.54,3.66,43.92,23270184,45.48,42.48,43.68000000000001,1939182,0.0,1.0
2025-10-31 00:00:00,3.66,3.8,3.605,3.78,45.36,27245996,45.6,43.260000000000005,43.92,2270499,0.0,1.0
2025-11-03 00:00:00,3.93,4.05,3.225,3.46,41.52,50462500,48.6,38.7,47.16,4205208,0.0,1.0
2025-11-04 00:00:00,3.36,3.76,3.31,3.68,44.16,26905440,45.12,39.720000000000006,40.32,2242120,0.0,1.0
2025-11-05 00:00:00,3.68,4.2,3.65,4.08,48.96,39710410,50.400000000000006,43.8,44.16,3309200,0.0,1.0
2025-11-06 00:00:00,4.06,4.08,3.75,3.77,45.24,17354896,48.96,45.0,48.72,1446241,0.0,1.0
2025-11-07 00:00:00,3.69,3.88,3.65,3.88,46.56,16401039,46.56,43.8,44.28,1366753,0.0,1.0
2025-11-10 00:00:00,3.93,4.02,3.85,3.94,47.28,18975154,48.239999999999995,46.2,47.16,1581262,0.0,1.0
2025-11-11 00:00:00,3.94,3.95,3.77,3.86,46.32,9714281,47.400000000000006,45.24,47.28,809523,0.0,1.0
2025-11-12 00:00:00,3.89,3.95,3.8,3.93,47.16,9993940,47.400000000000006,45.6,46.68000000000001,832828,0.0,1.0
2025-11-13 00:00:00,3.87,3.905,3.68,3.72,44.64000000000001,11680409,46.86,44.16,46.440000000000005,973367,0.0,1.0
2025-11-14 00:00:00,3.58,3.73,3.55,3.61,43.32,9674720,44.760000000000005,42.6,42.96,806226,0.0,1.0
2025-11-17 00:00:00,3.6,3.6048,3.33,3.36,40.32,14353481,43.2576,39.96,43.2,1196123,0.0,1.0
2025-11-18 00:00:00,3.35,3.64,3.31,3.54,42.48,17386524,43.68000000000001,39.720000000000006,40.2,1448877,0.0,1.0
2025-11-19 00:00:00,3.54,3.574,3.38,3.41,40.92,10247301,42.888,40.56,42.48,853941,0.0,1.0
2025-11-20 00:00:00,3.51,3.52,3.22,3.24,38.88,14459653,42.24,38.64000000000001,42.12,1204971,0.0,1.0
2025-11-21 00:00:00,3.25,3.27,3.05,3.16,37.92,17435721,39.24,36.6,39.0,1452976,0.0,1.0
2025-11-24 00:00:00,3.12,3.17,3.07,3.1,37.2,14080506,38.04,36.84,37.440000000000005,1173375,0.0,1.0
2025-11-25 00:00:00,3.11,3.13,3.04,3.11,37.32,9086610,37.56,36.48,37.32,757217,0.0,1.0
2025-11-26 00:00:00,3.12,3.12,3.01,3.01,36.12,11556765,37.440000000000005,36.12,37.440000000000005,963063,0.0,1.0
2025-11-28 00:00:00,3.03,3.08,2.95,3.04,36.48,8625386,36.96,35.400000000000006,36.36,718782,0.0,1.0
2025-12-01 00:00:00,2.97,2.98,2.9,2.9,34.800000000000004,10278215,35.760000000000005,34.800000000000004,35.64000000000001,856517,0.0,1.0
2025-12-02 00:00:00,2.92,2.96,2.83,2.88,34.56,10829771,35.52,33.96,35.04,902480,0.0,1.0
2025-12-03 00:00:00,2.89,2.93,2.85,2.86,34.32,8345122,35.160000000000004,34.2,34.68000000000001,695426,0.0,1.0
2025-12-04 00:00:00,2.88,2.9,2.81,2.9,34.800000000000004,9614401,34.800000000000004,33.720000000000006,34.56,801200,0.0,1.0
2025-12-05 00:00:00,2.9,2.9582,2.84,2.85,34.2,8786980,35.498400000000004,34.08,34.800000000000004,732248,0.0,1.0
2025-12-08 00:00:00,2.865,2.87,2.78,2.84,34.08,8797792,34.440000000000005,33.36,34.38,733149,0.0,1.0
2025-12-09 00:00:00,2.82,2.9,2.795,2.88,34.56,7258389,34.800000000000004,33.54,33.84,604865,0.0,1.0
2025-12-10 00:00:00,2.87,2.88,2.77,2.77,33.24,15804354,34.56,33.24,34.440000000000005,1317029,0.0,1.0
2025-12-11 00:00:00,2.76,2.78,2.7,2.74,32.88,10162991,33.36,32.400000000000006,33.12,846915,0.0,1.0
2025-12-12 00:00:00,2.76,2.8,2.66,2.66,31.92,10135736,33.6,31.92,33.12,844644,0.0,1.0
2025-12-15 00:00:00,2.66,2.6796,2.56,2.57,30.84,10082387,32.15520000000001,30.72,31.92,840198,0.0,1.0
2025-12-16 00:00:00,2.56,2.69,2.55,2.68,32.160000000000004,8580370,32.28,30.6,30.72,715030,0.0,1.0
2025-12-17 00:00:00,2.67,2.76,2.62,2.64,31.680000000000003,8099713,33.12,31.44,32.04,674976,0.0,1.0
2025-12-18 00:00:00,2.67,2.735,2.62,2.62,31.44,7364242,32.82,31.44,32.04,613686,0.0,1.0
2025-12-19 00:00:00,2.62,2.71,2.62,2.71,32.52,14279442,32.52,31.44,31.44,1189953,0.0,1.0
2025-12-22 00:00:00,2.75,2.79,2.62,2.65,31.8,10374540,33.480000000000004,31.44,33.0,864545,0.0,1.0
2025-12-23 00:00:00,2.63,2.705,2.6,2.7,32.400000000000006,14668266,32.46,31.200000000000003,31.56,1222355,0.0,1.0
2025-12-24 00:00:00,2.67,2.69,2.6038,2.68,32.160000000000004,4004335,32.28,31.245600000000003,32.04,333694,0.0,1.0
2025-12-26 00:00:00,2.67,2.68,2.59,2.65,31.8,6969528,32.160000000000004,31.08,32.04,580794,0.0,1.0
2025-12-29 00:00:00,2.61,2.66,2.56,2.57,30.84,9333103,31.92,30.72,31.32,777758,0.0,1.0
2025-12-30 00:00:00,2.56,2.62,2.51,2.51,30.119999999999997,9364719,31.44,30.119999999999997,30.72,780393,0.0,1.0
2025-12-31 00:00:00,2.5,2.58,2.495,2.52,30.24,13523910,30.96,29.94,30.0,1126992,0.0,1.0
2026-01-02 00:00:00,2.54,2.61,2.49,2.59,31.08,9949956,31.32,29.880000000000003,30.48,829163,0.0,1.0
2026-01-05 00:00:00,2.59,2.6,2.53,2.53,30.36,9677824,31.200000000000003,30.36,31.08,806485,0.0,1.0
2026-01-06 00:00:00,2.54,2.5492,2.45,2.5,30.0,9243333,30.5904,29.4,30.48,770277,0.0,1.0
2026-01-07 00:00:00,2.5,2.52,2.42,2.5,30.0,13226331,30.24,29.04,30.0,1102194,0.0,1.0
2026-01-08 00:00:00,2.51,2.605,2.47,2.48,29.76,14219871,31.26,29.640000000000004,30.119999999999997,1184989,0.0,1.0
2026-01-09 00:00:00,2.52,2.57,2.45,2.56,30.72,12445576,30.84,29.4,30.24,1037131,0.0,1.0
2026-01-12 00:00:00,2.55,2.7,2.51,2.63,31.56,10771335,32.400000000000006,30.119999999999997,30.6,897611,0.0,1.0
2026-01-13 00:00:00,2.62,2.64,2.555,2.57,30.84,9397761,31.680000000000003,30.660000000000004,31.44,783146,0.0,1.0
2026-01-14 00:00:00,2.58,2.63,2.54,2.58,30.96,11481238,31.56,30.48,30.96,956769,0.0,1.0
2026-01-15 00:00:00,2.6,2.785,2.6,2.66,31.92,14407927,33.42,31.200000000000003,31.200000000000003,1200660,0.0,1.0
2026-01-16 00:00:00,2.63,2.67,2.58,2.67,32.04,10892390,32.04,30.96,31.56,907699,0.0,1.0
2026-01-20 00:00:00,2.59,2.63,2.53,2.57,30.84,9760851,31.56,30.36,31.08,813404,0.0,1.0
2026-01-21 00:00:00,2.57,2.61,2.49,2.58,30.96,9972254,31.32,29.880000000000003,30.84,831021,0.0,1.0
2026-01-22 00:00:00,2.6,2.66,2.535,2.56,30.72,10643428,31.92,30.42,31.200000000000003,886952,0.0,1.0
2026-01-23 00:00:00,2.53,2.56,2.48,2.48,29.76,8538313,30.72,29.76,30.36,711526,0.0,1.0
2026-01-26 00:00:00,2.45,2.46,2.25,2.27,27.24,14788706,29.52,27.0,29.4,1232392,0.0,1.0
2026-01-27 00:00:00,2.26,2.38,2.2,2.37,28.44,13704759,28.56,26.4,27.119999999999997,1142063,0.0,1.0
2026-01-28 00:00:00,2.38,2.43,2.3209999999999997,2.33,27.96,17620110,29.160000000000004,27.851999999999997,28.56,1468342,0.0,1.0
2026-01-29 00:00:00,2.32,2.355,2.25,2.31,27.72,12527730,28.26,27.0,27.84,1043977,0.0,1.0
2026-01-30 00:00:00,2.3,2.36,2.23,2.23,26.76,12213712,28.32,26.76,27.6,1017809,0.0,1.0
2026-02-02 00:00:00,2.23,2.31,2.19,2.27,27.24,17356006,27.72,26.28,26.76,1446333,0.0,1.0
2026-02-03 00:00:00,1.7,1.865,1.57,1.77,21.24,62380852,22.380000000000003,18.840000000000003,20.4,5198404,0.0,1.0
2026-02-04 00:00:00,1.77,1.7786,1.56,1.62,19.44,24787848,21.3432,18.72,21.24,2065654,0.0,1.0
2026-02-05 00:00:00,1.63,1.87,1.6,1.62,19.44,28933061,22.44,19.200000000000003,19.56,2411088,0.0,1.0
2026-02-06 00:00:00,1.65,1.685,1.56,1.58,18.96,20295311,20.22,18.72,19.8,1691275,0.0,1.0
2026-02-09 00:00:00,1.58,1.58,1.485,1.49,17.880000000000003,19000765,18.96,17.820000000000004,18.96,1583397,0.0,1.0
2026-02-10 00:00:00,1.48,1.61,1.48,1.52,18.24,23151565,19.320000000000004,17.76,17.76,1929297,0.0,1.0
2026-02-11 00:00:00,1.51,1.54,1.38,1.38,16.56,25856144,18.48,16.56,18.12,2154678,0.0,1.0
2026-02-12 00:00:00,1.375,1.39,1.31,1.33,15.96,26941817,16.68,15.72,16.5,2245151,0.0,1.0
2026-02-13 00:00:00,1.33,1.385,1.32,1.34,16.080000000000002,16252590,16.62,15.840000000000002,15.96,1354382,0.0,1.0
2026-02-17 00:00:00,1.33,1.36,1.3,1.33,15.96,15791730,16.320000000000004,15.6,15.96,1315977,0.0,1.0
2026-02-18 00:00:00,1.32,1.3593,1.29,1.32,15.840000000000002,15798624,16.311600000000002,15.48,15.840000000000002,1316552,0.0,1.0
2026-02-19 00:00:00,1.3,1.32,1.23,1.27,15.24,25405795,15.840000000000002,14.76,15.6,2117149,0.0,1.0
2026-02-20 00:00:00,1.25,1.3,1.23,1.24,14.88,15713396,15.6,14.76,15.0,1309449,0.0,1.0
2026-02-23 00:00:00,1.23,1.2398,1.18,1.18,14.16,15591074,14.8776,14.16,14.76,1299256,0.0,1.0
2026-02-24 00:00:00,1.18,1.21,1.16,1.16,13.92,16040626,14.52,13.92,14.16,1336718,0.0,1.0
2026-02-25 00:00:00,1.175,1.25,1.16,1.18,14.16,17920001,15.0,13.92,14.1,1493333,0.0,1.0
2026-02-26 00:00:00,1.19,1.23,1.18,1.19,14.28,11813618,14.76,14.16,14.28,984468,0.0,1.0
2026-02-27 00:00:00,1.18,1.19,1.15,1.17,14.04,12857879,14.28,13.8,14.16,1071489,0.0,1.0
2026-03-02 00:00:00,1.13,1.19,1.13,1.17,14.04,11529393,14.28,13.56,13.56,960782,0.0,1.0
2026-03-03 00:00:00,1.15,1.21,1.11,1.2,14.4,10931124,14.52,13.320000000000002,13.8,910927,0.0,1.0
2026-03-04 00:00:00,1.2,1.29,1.2,1.24,14.88,9629691,15.48,14.4,14.4,802474,0.0,1.0
2026-03-05 00:00:00,1.23,1.27,1.22,1.24,14.88,9978199,15.24,14.64,14.76,831516,0.0,1.0
2026-03-06 00:00:00,1.23,1.23,1.16,1.18,14.16,10231157,14.76,13.92,14.76,852596,0.0,1.0
2026-03-09 00:00:00,1.16,1.19,1.12,1.17,14.04,10931556,14.28,13.44,13.92,910963,0.0,1.0
2026-03-10 00:00:00,1.19,1.19,1.14,1.17,14.04,10093213,14.28,13.68,14.28,841101,0.0,1.0
2026-03-11 00:00:00,1.16,1.21,1.16,1.17,14.04,9783695,14.52,13.92,13.92,815307,0.0,1.0
2026-03-12 00:00:00,1.17,1.19,1.14,1.15,13.8,7680430,14.28,13.68,14.04,640035,0.0,1.0
2026-03-13 00:00:00,1.16,1.22,1.15,1.19,14.28,11386399,14.64,13.8,13.92,948866,0.0,1.0
2026-03-16 00:00:00,1.2,1.24,1.17,1.17,14.04,9752366,14.88,14.04,14.4,812697,0.0,1.0
2026-03-17 00:00:00,1.17,1.22,1.16,1.17,14.04,9467252,14.64,13.92,14.04,788937,0.0,1.0
2026-03-18 00:00:00,1.16,1.1775,1.14,1.14,13.68,7522343,14.13,13.68,13.92,626861,0.0,1.0
2026-03-19 00:00:00,1.13,1.17,1.12,1.15,13.8,11033843,14.04,13.44,13.56,919486,0.0,1.0
2026-03-20 00:00:00,1.15,1.17,1.13,1.13,13.56,15204795,14.04,13.56,13.8,1267066,0.0,1.0
2026-03-23 00:00:00,1.1,1.12,1.015,1.1,13.2,21099158,13.44,12.18,13.2,1758263,0.0,1.0
2026-03-24 00:00:00,12.02,14.21,11.965,12.02,12.02,3067939,14.21,11.965,12.02,3067939,0.0,0.0833333333333333
2026-03-25 00:00:00,12.0,12.13,10.2,10.85,10.85,5085449,12.13,10.2,12.0,5085449,0.0,1.0
2026-03-26 00:00:00,10.57,10.58,9.56,9.66,9.66,3756456,10.58,9.56,10.57,3756456,0.0,1.0
2026-03-27 00:00:00,9.71,9.85,9.225,9.28,9.28,3419793,9.85,9.225,9.71,3419793,0.0,1.0
2026-03-30 00:00:00,9.13,9.13,8.31,8.66,8.66,3604532,9.13,8.31,9.13,3604532,0.0,1.0
2026-03-31 00:00:00,8.71,9.565,8.66,9.46,9.46,2421565,9.565,8.66,8.71,2421565,0.0,1.0
2026-04-01 00:00:00,9.625,9.69,9.09,9.2,9.2,1787244,9.69,9.09,9.625,1787244,0.0,1.0
2026-04-02 00:00:00,8.79,9.78,8.69,9.77,9.77,1782162,9.78,8.69,8.79,1782162,0.0,1.0
2026-04-06 00:00:00,10.95,12.57,10.66,12.07,12.07,7143348,12.57,10.66,10.95,7143348,0.0,1.0
2026-04-07 00:00:00,12.6,13.88,12.02,12.46,12.46,5294292,13.88,12.02,12.6,5294292,0.0,1.0
2026-04-08 00:00:00,12.99,13.28,12.015,12.05,12.05,3502431,13.28,12.015,12.99,3502431,0.0,1.0
2026-04-09 00:00:00,11.89,12.53,11.544,12.04,12.04,2786750,12.53,11.544,11.89,2786750,0.0,1.0
2026-04-10 00:00:00,11.99,12.44,11.7,11.7,11.7,1295749,12.44,11.7,11.99,1295749,0.0,1.0
2026-04-13 00:00:00,11.54,11.88,10.98,11.74,11.74,1790999,11.88,10.98,11.54,1790999,0.0,1.0
2026-04-14 00:00:00,11.69,12.38,11.69,12.08,12.08,1394692,12.38,11.69,11.69,1394692,0.0,1.0
2026-04-15 00:00:00,12.16,13.285,12.0501,13.14,13.14,2210371,13.285,12.0501,12.16,2210371,0.0,1.0
2026-04-16 00:00:00,13.31,13.52,12.2501,12.7,12.7,2067581,13.52,12.2501,13.31,2067581,0.0,1.0
2026-04-17 00:00:00,12.82,13.84,12.82,13.1,13.1,2430122,13.84,12.82,12.82,2430122,0.0,1.0
2026-04-20 00:00:00,12.97,13.3599,12.85,13.29,13.29,1380264,13.3599,12.85,12.97,1380264,0.0,1.0
2026-04-21 00:00:00,13.71,14.5369,13.05,13.05,13.05,2267718,14.5369,13.05,13.71,2267718,0.0,1.0
2026-04-22 00:00:00,13.3,13.33,12.74,13.04,13.04,1194462,13.33,12.74,13.3,1194462,0.0,1.0
2026-04-23 00:00:00,13.11,13.15,12.12,12.27,12.27,1219122,13.15,12.12,13.11,1219122,0.0,1.0
2026-04-24 00:00:00,12.33,12.45,11.7101,12.01,12.01,1241771,12.45,11.7101,12.33,1241771,0.0,1.0
2026-04-27 00:00:00,11.88,12.0899,11.35,11.6,11.6,1483897,12.0899,11.35,11.88,1483897,0.0,1.0
2026-04-28 00:00:00,11.53,11.68,11.41,11.49,11.49,1064405,11.68,11.41,11.53,1064405,0.0,1.0
2026-04-29 00:00:00,11.33,11.9,11.168,11.85,11.85,1407686,11.9,11.168,11.33,1407686,0.0,1.0
2026-04-30 00:00:00,11.67,12.45,11.38,12.32,12.32,1333649,12.45,11.38,11.67,1333649,0.0,1.0
2026-05-01 00:00:00,12.86,13.82,12.7201,13.82,13.82,2123827,13.82,12.7201,12.86,2123827,0.0,1.0
2026-05-04 00:00:00,13.82,14.06,12.84,12.85,12.85,1821042,14.06,12.84,13.82,1821042,0.0,1.0
2026-05-05 00:00:00,12.71,12.8,12.35,12.4,12.4,1455590,12.8,12.35,12.71,1455590,0.0,1.0
2026-05-06 00:00:00,11.863,12.11,10.375,10.43,10.43,3827320,12.11,10.375,11.863,3827320,0.0,1.0
2026-05-07 00:00:00,10.54,11.1,10.4869,10.79,10.79,2015977,11.1,10.4869,10.54,2015977,0.0,1.0
2026-05-08 00:00:00,10.75,10.75,10.13,10.28,10.28,1786673,10.75,10.13,10.75,1786673,0.0,1.0
2026-05-11 00:00:00,10.1,10.2,9.79,9.95,9.95,1640860,10.2,9.79,10.1,1640860,0.0,1.0
2026-05-12 00:00:00,9.97,10.2,9.72,9.83,9.83,1364667,10.2,9.72,9.97,1364667,0.0,1.0
2026-05-13 00:00:00,9.68,10.08,9.538,9.91,9.91,998433,10.08,9.538,9.68,998433,0.0,1.0
2026-05-14 00:00:00,9.81,10.06,9.62,9.78,9.78,1021004,10.06,9.62,9.81,1021004,0.0,1.0
2026-05-15 00:00:00,9.77,10.005,9.581,9.62,9.62,948436,10.005,9.581,9.77,948436,0.0,1.0
2026-05-18 00:00:00,9.5,9.715,9.31,9.38,9.38,971501,9.715,9.31,9.5,971501,0.0,1.0
2026-05-19 00:00:00,9.37,9.65,9.09,9.2,9.2,1040542,9.65,9.09,9.37,1040542,0.0,1.0
2026-05-20 00:00:00,9.05,9.35,8.92,9.16,9.16,913553,9.35,8.92,9.05,913553,0.0,1.0
2026-05-21 00:00:00,9.02,9.3,8.85,9.14,9.14,920124,9.3,8.85,9.02,920124,0.0,1.0
2026-05-22 00:00:00,9.3,9.85,9.2593,9.75,9.75,1104664,9.85,9.2593,9.3,1104664,0.0,1.0
2026-05-26 00:00:00,9.68,9.9,9.5,9.52,9.52,1007112,9.9,9.5,9.68,1007112,0.0,1.0
2026-05-27 00:00:00,9.57,10.5,9.52,9.85,9.85,1579134,10.5,9.52,9.57,1579134,0.0,1.0
2026-05-28 00:00:00,9.82,10.44,9.72,10.43,10.43,1087251,10.44,9.72,9.82,1087251,0.0,1.0
2026-05-29 00:00:00,10.45,10.4915,9.92,10.09,10.09,1983263,10.4915,9.92,10.45,1983263,0.0,1.0
2026-06-01 00:00:00,10.25,11.68,10.25,11.52,11.52,1833489,11.68,10.25,10.25,1833489,0.0,1.0
2026-06-02 00:00:00,11.24,11.28,10.645,10.72,10.72,1156561,11.28,10.645,11.24,1156561,0.0,1.0
2026-06-03 00:00:00,10.46,10.54,9.75,9.82,9.82,1355807,10.54,9.75,10.46,1355807,0.0,1.0
2026-06-04 00:00:00,9.93,10.4201,9.764,10.16,10.16,1145463,10.4201,9.764,9.93,1145463,0.0,1.0
2026-06-05 00:00:00,9.87,10.2292,9.44,9.54,9.54,1284335,10.2292,9.44,9.87,1284335,0.0,1.0
2026-06-08 00:00:00,9.55,9.99,9.4,9.7,9.7,906820,9.99,9.4,9.55,906820,0.0,1.0
2026-06-09 00:00:00,9.63,10.13,9.495,9.73,9.73,767192,10.13,9.495,9.63,767192,0.0,1.0
2026-06-10 00:00:00,9.55,10.52,9.55,9.98,9.98,2254121,10.52,9.55,9.55,2254121,0.0,1.0
2026-06-11 00:00:00,9.94,10.76,9.66,10.47,10.47,1684162,10.76,9.66,9.94,1684162,0.0,1.0
2026-06-12 00:00:00,10.25,10.36,9.4201,9.83,9.83,1754287,10.36,9.4201,10.25,1754287,0.0,1.0
2026-06-15 00:00:00,9.9,10.26,9.8406,9.92,9.92,1571908,10.26,9.8406,9.9,1571908,0.0,1.0
2026-06-16 00:00:00,9.86,9.97,8.915,9.28,9.28,1861650,9.97,8.915,9.86,1861650,0.0,1.0
2026-06-17 00:00:00,9.26,9.4,8.77,8.9,8.9,1527700,9.4,8.77,9.26,1527700,0.0,1.0
2026-06-18 00:00:00,8.78,9.35,8.48,9.22,9.22,1712477,9.35,8.48,8.78,1712477,0.0,1.0
2026-06-22 00:00:00,9.04,9.48,8.8,8.82,8.82,1142593,9.48,8.8,9.04,1142593,0.0,1.0
2026-06-23 00:00:00,8.69,8.95,8.5504,8.71,8.71,1095255,8.95,8.5504,8.69,1095255,0.0,1.0
2026-06-24 00:00:00,8.78,9.05,8.66,8.75,8.75,1088499,9.05,8.66,8.78,1088499,0.0,1.0
2026-06-25 00:00:00,8.59,8.63,7.95,8.09,8.09,1804179,8.63,7.95,8.59,1804179,0.0,1.0
2026-06-26 00:00:00,7.99,9.92,7.99,9.91,9.91,3822489,9.92,7.99,7.99,3822489,0.0,1.0
2026-06-29 00:00:00,9.8,10.2,9.44,9.46,9.46,1675603,10.2,9.44,9.8,1675603,0.0,1.0
2026-06-30 00:00:00,9.36,9.66,9.1,9.2,9.2,1178692,9.66,9.1,9.36,1178692,0.0,1.0
2026-07-01 00:00:00,9.3,10.57,9.3,10.08,10.08,1893875,10.57,9.3,9.3,1893875,0.0,1.0
2026-07-02 00:00:00,10.08,10.42,10.025,10.2,10.2,946560,10.42,10.025,10.08,946560,0.0,1.0
2026-07-06 00:00:00,10.11,10.26,9.645,10.23,10.23,981860,10.26,9.645,10.11,981860,0.0,1.0
2026-07-07 00:00:00,10.37,10.53,9.85,9.85,9.85,869027,10.53,9.85,10.37,869027,0.0,1.0
2026-07-08 00:00:00,9.77,9.88,9.56,9.56,9.56,806765,9.88,9.56,9.77,806765,0.0,1.0
2026-07-09 00:00:00,9.46,9.54,9.28,9.52,9.52,914509,9.54,9.28,9.46,914509,0.0,1.0
2026-07-10 00:00:00,9.81,10.155,9.03,9.18,9.18,2460204,10.155,9.03,9.81,2460204,0.0,1.0
2026-07-13 00:00:00,9.39,10.47,9.3761,9.83,9.83,2108116,10.47,9.3761,9.39,2108116,0.0,1.0
2026-07-14 00:00:00,9.78,9.9999,9.4,9.54,9.54,1396873,9.9999,9.4,9.78,1396873,0.0,1.0
2026-07-15 00:00:00,9.6,10.45,9.6,10.27,10.27,1553256,10.45,9.6,9.6,1553256,0.0,1.0
2026-07-16 00:00:00,10.44,10.73,10.09,10.26,10.26,1296215,10.73,10.09,10.44,1296215,0.0,1.0
2026-07-17 00:00:00,9.97,10.24,9.6,9.72,9.72,1776103,10.24,9.6,9.97,1776103,0.0,1.0
2026-07-20 00:00:00,9.57,9.7499,9.24,9.42,9.42,1564735,9.7499,9.24,9.57,1564735,0.0,1.0
2026-07-21 00:00:00,9.3,9.59,9.21,9.42,9.42,1181058,9.59,9.21,9.3,1181058,0.0,1.0
2026-07-22 00:00:00,9.46,9.5,8.95,8.99,8.99,1316435,9.5,8.95,9.46,1316435,0.0,1.0
2026-07-23 00:00:00,8.89,8.98,8.5714,8.62,8.62,1299163,8.98,8.5714,8.89,1299163,0.0,1.0
2026-07-24 00:00:00,8.65,8.75,8.31,8.33,8.33,999419,8.75,8.31,8.65,999419,0.0,1.0
2026-07-27 00:00:00,8.49,8.815,8.49,8.69,8.69,1111837,8.815,8.49,8.49,1111837,0.0,1.0
2026-07-28 00:00:00,8.7,9.17,8.6501,9.02,9.02,1164034,9.17,8.6501,8.7,1164034,0.0,1.0
2026-07-29 00:00:00,8.88,9.17,8.73,8.84,8.84,1087107,9.17,8.73,8.88,1087107,0.0,1.0
2026-07-30 00:00:00,8.67,8.762,8.33,8.59,8.59,1570339,8.762,8.33,8.67,1570339,0.0,1.0
2026-07-31 00:00:00,8.48,8.87,8.35,8.85,8.85,1149036,8.87,8.35,8.48,1149036,0.0,1.0
2026-08-03 00:00:00,9.09,9.77,9.005,9.61,9.61,1459796,9.77,9.005,9.09,1459796,0.0,1.0
2026-08-04 00:00:00,9.56,9.99,9.535,9.55,9.55,1904164,9.99,9.535,9.56,1904164,0.0,1.0
2026-08-05 00:00:00,8.64,10.685,8.3,10.66,10.66,3759819,10.685,8.3,8.64,3759819,0.0,1.0
2026-08-06 00:00:00,10.38,10.5,8.975,8.99,8.99,2888773,10.5,8.975,10.38,2888773,0.0,1.0
2026-08-07 00:00:00,9.02,9.47,8.99,9.26,9.26,1299771,9.47,8.99,9.02,1299771,0.0,1.0
2026-08-10 00:00:00,9.08,9.375,8.82,9.36,9.36,1530082,9.375,8.82,9.08,1530082,0.0,1.0
2026-08-11 00:00:00,9.28,9.71,9.225,9.7,9.7,1490119,9.71,9.225,9.28,1490119,0.0,1.0
2026-08-12 00:00:00,9.55,9.95,9.25,9.7,9.7,2319325,9.95,9.25,9.55,2319325,0.0,1.0
2026-08-13 00:00:00,9.81,10.19,9.54,9.8,9.8,2660395,10.19,9.54,9.81,2660395,0.0,1.0
2026-08-14 00:00:00,9.86,10.608,9.75,10.15,10.15,1951529,10.608,9.75,9.86,1951529,0.0,1.0
2026-08-17 00:00:00,10.03,10.3499,9.7064,10.27,10.27,1603667,10.3499,9.7064,10.03,1603667,0.0,1.0
2026-08-18 00:00:00,10.25,10.47,9.97,9.99,9.99,1192024,10.47,9.97,10.25,1192024,0.0,1.0
2026-08-19 00:00:00,10.03,10.49,9.85,10.33,10.33,1252937,10.49,9.85,10.03,1252937,0.0,1.0
2026-08-20 00:00:00,10.24,10.89,9.58,10.59,10.59,1475917,10.89,9.58,10.24,1475917,0.0,1.0
2026-08-21 00:00:00,10.53,10.8799,10.16,10.23,10.23,1286388,10.8799,10.16,10.53,1286388,0.0,1.0
2026-08-24 00:00:00,10.15,10.605,10.03,10.47,10.47,772591,10.605,10.03,10.15,772591,0.0,1.0
2026-08-25 00:00:00,10.43,11.21,10.39,10.95,10.95,1266021,11.21,10.39,10.43,1266021,0.0,1.0
2026-08-26 00:00:00,10.79,10.89,10.17,10.3,10.3,1090350,10.89,10.17,10.79,1090350,0.0,1.0
2026-08-27 00:00:00,10.3,10.4827,9.91,10.1,10.1,1171460,10.4827,9.91,10.3,1171460,0.0,1.0
2026-08-28 00:00:00,10.1,10.7086,10.09,10.3,10.3,813006,10.7086,10.09,10.1,813006,0.0,1.0
2026-08-31 00:00:00,10.09,10.7299,9.966,10.53,10.53,886862,10.7299,9.966,10.09,886862,0.0,1.0
2026-09-01 00:00:00,10.23,10.6557,10.12,10.54,10.54,778597,10.6557,10.12,10.23,778597,0.0,1.0
2026-09-02 00:00:00,10.54,11.4,10.54,11.27,11.27,1715764,11.4,10.54,10.54,1715764,0.0,1.0
2026-09-03 00:00:00,12.09,12.525,11.465,11.59,11.59,1795299,12.525,11.465,12.09,1795299,0.0,1.0
2026-09-04 00:00:00,11.5,11.715,11.035,11.25,11.25,1200057,11.715,11.035,11.5,1200057,0.0,1.0
2026-09-08 00:00:00,11.26,11.35,10.98,11.23,11.23,823575,11.35,10.98,11.26,823575,0.0,1.0
2026-09-09 00:00:00,11.12,11.19,10.66,10.71,10.71,902227,11.19,10.66,11.12,902227,0.0,1.0
2026-09-10 00:00:00,10.55,11.5462,10.517288,11.41,11.41,1319385,11.5462,10.517288,10.55,1319385,0.0,1.0
2026-09-11 00:00:00,11.55,11.85,11.28,11.53,11.53,988072,11.85,11.28,11.55,988072,0.0,1.0
2026-09-14 00:00:00,11.56,12.315,11.53,11.87,11.87,1700368,12.315,11.53,11.56,1700368,0.0,1.0
2026-09-15 00:00:00,11.7,11.8,10.69,10.91,10.91,1787637,11.8,10.69,11.7,1787637,0.0,1.0
2026-09-16 00:00:00,10.75,11.19,10.53,10.6,10.6,957583,11.19,10.53,10.75,957583,0.0,1.0
2026-09-17 00:00:00,10.77,10.8658,9.89,9.9,9.9,1895848,10.8658,9.89,10.77,1895848,0.0,1.0
2026-09-18 00:00:00,9.9,10.19,9.71,10.04,10.04,1971366,10.19,9.71,9.9,1971366,0.0,1.0
2026-09-21 00:00:00,10.19,10.32,10.02,10.3,10.3,1316621,10.32,10.02,10.19,1316621,0.0,1.0
2026-09-22 00:00:00,10.5,10.6,10.11,10.13,10.13,923871,10.6,10.11,10.5,923871,0.0,1.0
2026-09-23 00:00:00,10.07,10.1,9.59,9.63,9.63,1437111,10.1,9.59,10.07,1437111,0.0,1.0
2026-09-24 00:00:00,9.61,9.78,9.51,9.73,9.73,1093324,9.78,9.51,9.61,1093324,0.0,1.0
2026-09-25 00:00:00,9.83,10.1,9.64,9.64,9.64,770595,10.1,9.64,9.83,770595,0.0,1.0
2026-09-28 00:00:00,9.53,9.55,9.29,9.45,9.45,689492,9.55,9.29,9.53,689492,0.0,1.0
2026-09-29 00:00:00,9.55,9.58,9.051,9.09,9.09,970428,9.58,9.051,9.55,970428,0.0,1.0
2026-09-30 00:00:00,9.18,9.2499,8.81,8.96,8.96,1144784,9.2499,8.81,9.18,1144784,0.0,1.0
2026-10-01 00:00:00,9.06,9.1877,8.5,8.88,8.88,1555402,9.1877,8.5,9.06,1555402,0.0,1.0
2026-10-02 00:00:00,9.02,9.04,8.51,8.66,8.66,1586017,9.04,8.51,9.02,1586017,0.0,1.0
