Date,Open,High,Low,Close,Volume,Dividends,Stock Splits
2016-09-30 00:00:00,1.9402995037272448,1.961162805557251,1.936822085286233,1.961162805557251,291827,0.0,0.0
2016-10-03 00:00:00,1.9542083973678182,1.9646403077595938,1.9472540782533287,1.9576854705810547,332758,0.0,0.0
2016-10-04 00:00:00,1.9507308890858774,1.9576852072649849,1.9263901710510252,1.9263901710510254,368377,0.0,0.0
2016-10-05 00:00:00,1.94029932547322,1.9507308890858774,1.9229130983054683,1.9263901710510254,401392,0.0,0.0
2016-10-06 00:00:00,1.933344220350762,1.933344220350762,1.9159583425298556,1.929867148399353,418890,0.0,0.0
2016-10-07 00:00:00,1.9333449975448436,1.9333449975448436,1.9229134321212769,1.9229134321212769,139977,0.0,0.0
2016-10-10 00:00:00,1.922913247719454,1.926390320735186,1.9090040922164917,1.9090040922164917,314636,0.0,0.0
2016-10-11 00:00:00,1.9090040390389553,1.9090040390389553,1.8777090012650721,1.8811862468719482,377126,0.0,0.0
2016-10-12 00:00:00,1.877709143586002,1.888140881197304,1.877709143586002,1.884663462638855,287245,0.0,0.0
2016-10-13 00:00:00,1.8603229950997602,1.8707549068209013,1.8568460941314697,1.8568460941314697,424305,0.0,0.0
2016-10-14 00:00:00,1.8672778606414797,1.8742323534325496,1.8638004415579035,1.8672778606414795,205695,0.0,0.0
2016-10-17 00:00:00,1.867277504315656,1.8742319957796256,1.839459538459778,1.8394595384597778,220381,0.0,0.0
2016-10-18 00:00:00,1.8638002967090002,1.8672777155223217,1.8394597465199698,1.8429369926452637,314740,0.0,0.0
2016-10-19 00:00:00,1.8464140660825301,1.853368558333118,1.8394597465199698,1.8429369926452637,336195,0.0,0.0
2016-10-20 00:00:00,1.8429368444630776,1.8498913361544864,1.829027688392246,1.8325051069259644,508667,0.0,0.0
2016-10-21 00:00:00,1.8255508424067062,1.8533686399459839,1.822073596128292,1.8533686399459839,298701,0.0,0.0
2016-10-24 00:00:00,1.8533682761389445,1.8672774312103377,1.849891203231098,1.8603225946426392,350880,0.0,0.0
2016-10-25 00:00:00,1.8603225770735237,1.8603225770735237,1.842936694634481,1.849891185760498,399622,0.0,0.0
2016-10-26 00:00:00,1.8429371347068761,1.8533687011988411,1.8359824692321647,1.8464142084121704,299951,0.0,0.0
2016-10-27 00:00:00,1.8533682586355067,1.8603225770735237,1.8498911857604978,1.849891185760498,239336,0.0,0.0
2016-10-28 00:00:00,1.853367590566521,1.853367590566521,1.8359813690185547,1.8359813690185547,172472,0.0,0.0
2016-10-31 00:00:00,1.8498905189448653,1.8498905189448653,1.832504297396899,1.8359813690185547,244856,0.0,0.0
2016-11-01 00:00:00,1.8359818809135766,1.8464136167508567,1.8116411639599235,1.8255503177642822,597402,0.0,0.0
2016-11-02 00:00:00,1.8116414625200803,1.8185962996004017,1.7907781600952148,1.7907781600952148,499501,0.0,0.0
2016-11-03 00:00:00,1.7907776881169286,1.7977321779882929,1.783823370933533,1.7838233709335327,349318,0.0,0.0
2016-11-04 00:00:00,1.7838238410789358,1.804686970815787,1.7838238410789358,1.7907781600952148,364628,0.0,0.0
2016-11-07 00:00:00,1.8255508863872805,1.8255508863872805,1.8081646545763466,1.8151191473007202,517207,0.0,0.0
2016-11-08 00:00:00,1.822073072485189,1.8255503177642822,1.8116411639599235,1.8255503177642822,288598,0.0,0.0
2016-11-09 00:00:00,1.808164326871915,1.8464138572357394,1.808164326871915,1.8394595384597778,396185,0.0,0.0
2016-11-10 00:00:00,1.8533686399459839,1.863800378781226,1.8359824085539131,1.8533686399459839,403371,0.0,0.0
2016-11-11 00:00:00,1.8533687011988411,1.8568461202802173,1.839459888313541,1.8464142084121704,332966,0.0,0.0
2016-11-14 00:00:00,1.8464141473891555,1.8603229598147768,1.8464141473891555,1.8533686399459839,436283,0.0,0.0
2016-11-15 00:00:00,1.8672772959738841,1.891618013381958,1.8637998779418847,1.891618013381958,350151,0.0,0.0
2016-11-16 00:00:00,1.8777087358054922,1.909003769155065,1.8777087358054922,1.8985722064971924,409412,0.0,0.0
2016-11-17 00:00:00,1.8985723313819902,1.9055268220700112,1.8881405953499586,1.891618013381958,406808,0.0,0.0
2016-11-18 00:00:00,1.8846631773179592,1.8985723313819902,1.8846631773179592,1.891618013381958,310887,0.0,0.0
2016-11-21 00:00:00,1.8950954356834515,1.9194359848943725,1.8950954356834515,1.912481665611267,440553,0.0,0.0
2016-11-22 00:00:00,1.9229131874239087,1.943776488304138,1.9159588689224998,1.9437764883041382,687908,0.0,0.0
2016-11-23 00:00:00,1.9402994746326627,1.9542082847481028,1.9263903191412097,1.9507310390472412,333695,0.0,0.0
2016-11-25 00:00:00,1.9576853871162392,1.9646402239982628,1.9542083140512458,1.961162805557251,105191,0.0,0.0
2016-11-28 00:00:00,1.9507310390472412,1.961162776149826,1.943776547645518,1.9507310390472412,271518,0.0,0.0
2016-11-29 00:00:00,1.9437763992984132,1.9611626264758217,1.9437763992984132,1.9542081356048584,285474,0.0,0.0
2016-11-30 00:00:00,1.9646400445992969,1.9646400445992969,1.9507308901693765,1.9542081356048584,425243,0.0,0.0
2016-12-01 00:00:00,1.9611619694258313,1.9611619694258313,1.936821259532351,1.9402986764907837,270789,0.0,0.0
2016-12-02 00:00:00,1.947253942489624,1.9542082611192542,1.9402994511719893,1.947253942489624,336403,0.0,0.0
2016-12-05 00:00:00,1.954207776487502,1.97507107257843,1.954207776487502,1.9750710725784302,607088,0.0,0.0
2016-12-06 00:00:00,1.9715945661007732,1.9820263025692848,1.9646400751217654,1.9785488843917847,485962,0.0,0.0
2016-12-07 00:00:00,1.9892628529256544,2.017834186553955,1.9785486693264118,2.017834186553955,462320,0.144024,0.0
2016-12-08 00:00:00,2.0035489886017563,2.0106916022918973,1.9964061975479124,1.9964061975479126,487316,0.0,0.0
2016-12-09 00:00:00,1.9928338527679446,2.0142620364516923,1.985690888388558,1.9928338527679443,505646,0.0,0.0
2016-12-12 00:00:00,1.9928347534199942,1.9928347534199942,1.9821205680540945,1.985691785812378,561783,0.0,0.0
2016-12-13 00:00:00,1.999976639783728,2.003547855928017,1.9892622818964498,1.9928338527679443,465340,0.0,0.0
2016-12-14 00:00:00,1.985691785812378,1.9964059711782776,1.9749777778101614,1.985691785812378,262978,0.0,0.0
2016-12-15 00:00:00,1.9821205640522006,1.9999775396259802,1.9749777738226888,1.9892631769180298,484296,0.0,0.0
2016-12-16 00:00:00,1.9999777704385375,2.0106916022918973,1.9892634064940684,1.9964061975479126,940158,0.0,0.0
2016-12-19 00:00:00,1.9964063075211969,2.017834859226837,1.9928350891612552,2.003549098968506,1185847,0.0,0.0
2016-12-20 00:00:00,1.9928350891612552,2.0214060775867786,1.9928350891612552,2.003549098968506,872357,0.0,0.0
2016-12-21 00:00:00,2.0071200551127477,2.028548247397973,2.0071200551127477,2.024977207183838,710925,0.0,0.0
2016-12-22 00:00:00,2.021406006921348,2.028548620755249,2.0071204245261334,2.0106916427612305,315469,0.0,0.0
2016-12-23 00:00:00,2.0106911798373246,2.0106911798373246,1.9892629885416482,1.9999773502349854,374418,0.0,0.0
2016-12-27 00:00:00,1.9999777704385375,2.0142631751825224,1.9964061975479124,1.9964061975479126,460758,0.0,0.0
2016-12-28 00:00:00,1.9999767673386222,2.0035479837106767,1.9785482275609954,1.9821197986602783,288494,0.0,0.0
2016-12-29 00:00:00,1.9785486527682867,1.9856914417746718,1.967834823986014,1.9714058637619019,439303,0.0,0.0
2016-12-30 00:00:00,1.9714058637619019,1.9749774356287466,1.9642632521191692,1.9714058637619019,492211,0.0,0.0
2017-01-03 00:00:00,1.9785482275609954,1.9856910150323328,1.9678344010812174,1.9821197986602783,440553,0.0,0.0
2017-01-04 00:00:00,1.9821200733584203,2.0142624440703734,1.9821200733584203,2.007119655609131,463049,0.0,0.0
2017-01-05 00:00:00,1.9964057780947624,2.0071199624244334,1.985691593765091,1.9999773502349854,497106,0.0,0.0
2017-01-06 00:00:00,2.00354902892733,2.0106916427612305,1.999977810692233,2.0106916427612305,405871,0.0,0.0
2017-01-09 00:00:00,2.0106911798373246,2.035691298000556,1.985691593765091,1.9999773502349854,766333,0.0,0.0
2017-01-10 00:00:00,1.9999770445115268,2.0142624440703734,1.9999770445115268,2.007119655609131,323280,0.0,0.0
2017-01-11 00:00:00,2.0106911042330857,2.0142626762390137,1.9964057030276705,2.0142626762390137,386603,0.0,0.0
2017-01-12 00:00:00,2.0106911798373246,2.0106911798373246,1.9892629885416482,1.9999773502349854,399518,0.0,0.0
2017-01-13 00:00:00,2.0106911798373246,2.0178343241177705,1.9964057780947624,1.9999773502349854,317031,0.0,0.0
2017-01-17 00:00:00,1.9964061975479124,2.0035489886017563,1.9856920109671465,1.9964061975479126,372231,0.0,0.0
2017-01-18 00:00:00,1.9999778806085642,2.003549098968506,1.9892635160738878,2.003549098968506,267144,0.0,0.0
2017-01-19 00:00:00,2.003547855928017,2.0071192494359087,1.982119672244269,1.9928338527679443,355671,0.0,0.0
2017-01-20 00:00:00,1.9999778806085642,2.0071204946921606,1.9964063075211969,2.003549098968506,332550,0.0,0.0
2017-01-23 00:00:00,2.0035485676478766,2.0106911798373246,1.9999773502349854,1.9999773502349854,187573,0.0,0.0
2017-01-24 00:00:00,2.0071200551127477,2.028548247397973,2.003548660171264,2.024977207183838,251000,0.0,0.0
2017-01-25 00:00:00,2.032119689215686,2.046405090700644,2.032119689215686,2.035691261291504,318594,0.0,0.0
2017-01-26 00:00:00,2.042834037019703,2.0499766490324633,2.039262464967831,2.046405076980591,255687,0.0,0.0
2017-01-27 00:00:00,2.046405076980591,2.046405076980591,2.0356912476432814,2.046405076980591,367127,0.0,0.0
2017-01-30 00:00:00,2.0285481171398683,2.0392624786399964,2.0178342877307283,2.035691261291504,545848,0.0,0.0
2017-01-31 00:00:00,2.032119981155981,2.0392627716064453,2.0214057954802844,2.0392627716064453,377021,0.0,0.0
2017-02-01 00:00:00,2.046405076980591,2.0535478663570124,2.0356912476432814,2.046405076980591,269123,0.0,0.0
2017-02-02 00:00:00,2.039262640726054,2.0535480433464537,2.0356914230937115,2.0499768257141113,312240,0.0,0.0
2017-02-03 00:00:00,2.0535481424147264,2.06783390045166,2.049976924610099,2.06783390045166,414307,0.0,0.0
2017-02-06 00:00:00,2.0606918156615164,2.0714056491851807,2.0535486687666378,2.0714056491851807,233712,0.0,0.0
2017-02-07 00:00:00,2.074976163703603,2.074976163703603,2.049976403875848,2.0535476207733154,279433,0.0,0.0
2017-02-08 00:00:00,2.0535486687666378,2.0714056491851807,2.0535486687666378,2.0714056491851807,403163,0.0,0.0
2017-02-09 00:00:00,2.0749765519824206,2.0892619543363598,2.0749765519824206,2.08569073677063,281933,0.0,0.0
2017-02-10 00:00:00,2.089261222068253,2.103546619415283,2.089261222068253,2.103546619415283,403684,0.0,0.0
2017-02-13 00:00:00,2.114262271882259,2.1249764594730416,2.1106910533823844,2.1214048862457275,502418,0.0,0.0
2017-02-14 00:00:00,2.117833069557094,2.1249756813049316,2.110690280445602,2.1249756813049316,268289,0.0,0.0
2017-02-15 00:00:00,2.121403628079069,2.1356895577881563,2.114261017951755,2.132117986679077,484400,0.0,0.0
2017-02-16 00:00:00,2.1321185388299138,2.1356901108639166,2.1071187761375207,2.117833137512207,460029,0.0,0.0
2017-02-17 00:00:00,2.1178324828715267,2.121403521710708,2.1106896957387415,2.1142609119415283,485962,0.0,0.0
2017-02-21 00:00:00,2.124975309550583,2.146403495772646,2.124975309550583,2.1428322792053223,717486,0.0,0.0
2017-02-22 00:00:00,2.139260994096681,2.1535465717315674,2.139260994096681,2.1535465717315674,280267,0.0,0.0
2017-02-23 00:00:00,2.157118082046509,2.1642606932968076,2.149975293432567,2.157118082046509,314219,0.0,0.0
2017-02-24 00:00:00,2.1535471012611533,2.1606900691986084,2.1428330927641994,2.1606900691986084,328384,0.0,0.0
2017-02-27 00:00:00,2.1606900691986084,2.164261287121799,2.1535471012611533,2.1606900691986084,330154,0.0,0.0
2017-02-28 00:00:00,2.1678322649674207,2.1678322649674207,2.1535465103758953,2.157118082046509,429200,0.0,0.0
2017-03-01 00:00:00,2.1749752583059245,2.1928322315216064,2.171403686299129,2.1928322315216064,456800,0.0,0.0
2017-03-02 00:00:00,2.196403168915357,2.196403168915357,2.171403584943973,2.1749751567840576,423681,0.0,0.0
2017-03-03 00:00:00,2.171403584943973,2.1821177683732738,2.1678323678311906,2.1749751567840576,332654,0.0,0.0
2017-03-06 00:00:00,2.1714041233062744,2.1714041233062744,2.1606901145842707,2.1714041233062744,587091,0.0,0.0
2017-03-07 00:00:00,2.164261287121799,2.164261287121799,2.1571186739117265,2.1606900691986084,355879,0.0,0.0
2017-03-08 00:00:00,2.1606902016081655,2.1642614197502046,2.1464044422214994,2.1499760150909424,275788,0.0,0.0
2017-03-09 00:00:00,2.1464045138144257,2.1571188780527266,2.132119108678677,2.1392617225646973,522623,0.0,0.0
2017-03-10 00:00:00,2.1571186293604736,2.160690024573595,2.1428330485079883,2.146404266357422,445969,0.0,0.0
2017-03-13 00:00:00,2.1535466192589428,2.171403591696642,2.1535466192589428,2.167832374572754,577197,0.0,0.0
2017-03-14 00:00:00,2.1571181435039364,2.160689537912658,2.1499753546864935,2.1535465717315674,319427,0.0,0.0
2017-03-15 00:00:00,2.1535465439552666,2.1645340467384084,2.149883861139346,2.1572086811065674,536370,0.144024,0.0
2017-03-16 00:00:00,2.153547230732415,2.1718597412109375,2.153547230732415,2.1718597412109375,483879,0.0,0.0
2017-03-17 00:00:00,2.179184129652207,2.1901718156400056,2.171859308807388,2.186509132385254,335987,0.0,0.0
2017-03-20 00:00:00,2.1828469956118415,2.1865096797835553,2.179184675216675,2.179184675216675,303804,0.0,0.0
2017-03-21 00:00:00,2.1865093098986477,2.190171993450757,2.142559289932251,2.142559289932251,486899,0.0,0.0
2017-03-22 00:00:00,2.135234426960887,2.1498844345793486,2.135234426960887,2.1462221145629883,300992,0.0,0.0
2017-03-23 00:00:00,2.142558859283918,2.160871363922488,2.142558859283918,2.1572086811065674,394310,0.0,0.0
2017-03-24 00:00:00,2.1645345539264307,2.1718595574982342,2.142559361322771,2.1535470485687256,985359,0.0,0.0
2017-03-27 00:00:00,2.138897624593047,2.1645351440843985,2.127910116239611,2.160872459411621,1217300,0.0,0.0
2017-03-28 00:00:00,2.157209742322733,2.1901726306643106,2.157209742322733,2.182847261428833,882668,0.0,0.0
2017-03-29 00:00:00,2.182846883721522,2.1974970739926043,2.1645347370195287,2.1718597412109375,952448,0.0,0.0
2017-03-30 00:00:00,2.179184981986367,2.1901726722717285,2.175522297299047,2.1901726722717285,324738,0.0,0.0
2017-03-31 00:00:00,2.186509132385254,2.1938339532300724,2.1828464491305017,2.186509132385254,358275,0.0,0.0
2017-04-03 00:00:00,2.186509567705491,2.19017225168946,2.149884546748446,2.1718597412109375,775498,0.0,0.0
2017-04-04 00:00:00,2.1535470485687256,2.16087187025228,2.146222044996922,2.1535470485687256,517623,0.0,0.0
2017-04-05 00:00:00,2.1572086811065674,2.182846187600565,2.1572086811065674,2.1572086811065674,413890,0.0,0.0
2017-04-06 00:00:00,2.1572093690515906,2.1718597412109375,2.1572093690515906,2.1718597412109375,308804,0.0,0.0
2017-04-07 00:00:00,2.164535657079461,2.175522804260254,2.1608729715386263,2.175522804260254,325363,0.0,0.0
2017-04-10 00:00:00,2.179184129652207,2.186509132385254,2.175521446397455,2.186509132385254,396914,0.0,0.0
2017-04-11 00:00:00,2.175521879530113,2.179184563514082,2.1681970572269686,2.1718597412109375,350984,0.0,0.0
2017-04-12 00:00:00,2.1718606643844454,2.1791854898010885,2.168197978843611,2.175522804260254,379938,0.0,0.0
2017-04-13 00:00:00,2.168196439743042,2.17552125996014,2.1645341205785993,2.168196439743042,362857,0.0,0.0
2017-04-17 00:00:00,2.179184675216675,2.179184675216675,2.168197168366354,2.179184675216675,240586,0.0,0.0
2017-04-18 00:00:00,2.171859852538068,2.1828469956118415,2.171859852538068,2.179184675216675,284328,0.0,0.0
2017-04-19 00:00:00,2.1791854898010885,2.186510497106073,2.175522804260254,2.175522804260254,326717,0.0,0.0
2017-04-20 00:00:00,2.182847438934685,2.204822638986628,2.1791851177957238,2.201159954071045,276517,0.0,0.0
2017-04-21 00:00:00,2.204822540283203,2.204822540283203,2.197497534556578,2.204822540283203,294223,0.0,0.0
2017-04-24 00:00:00,2.2158093452453613,2.2267966684579843,2.212146843545072,2.2158093452453613,460445,0.0,0.0
2017-04-25 00:00:00,2.2267972561744553,2.248772454064329,2.2231349353958185,2.2414474487304688,415349,0.0,0.0
2017-04-26 00:00:00,2.2377841472625732,2.2524339720033346,2.2377841472625732,2.2377841472625732,263811,0.0,0.0
2017-04-27 00:00:00,2.241446999642022,2.2487720035082703,2.2377843158206416,2.2451093196868896,272455,0.0,0.0
2017-04-28 00:00:00,2.2487721153538747,2.252434253692627,2.241447111123308,2.252434253692627,252667,0.0,0.0
2017-05-01 00:00:00,2.252434253692627,2.259759621699725,2.2451094313503255,2.252434253692627,454717,0.0,0.0
2017-05-02 00:00:00,2.2524338050898565,2.2524338050898565,2.245108984206393,2.2487716674804688,343069,0.0,0.0
2017-05-03 00:00:00,2.252434592954673,2.252434592954673,2.2377847641752457,2.2414474487304688,613337,0.0,0.0
2017-05-04 00:00:00,2.2487718341225693,2.2524339720033346,2.22679664229082,2.2377841472625732,394519,0.0,0.0
2017-05-05 00:00:00,2.2377847641752457,2.245109769509106,2.2341224433966085,2.2414474487304688,411912,0.0,0.0
2017-05-08 00:00:00,2.2487721153538747,2.2560969376961757,2.241447111123308,2.252434253692627,392540,0.0,0.0
2017-05-09 00:00:00,2.256096825486262,2.256096825486262,2.241446999642022,2.2451093196868896,356712,0.0,0.0
2017-05-10 00:00:00,2.2487718341225693,2.2524339720033346,2.2377841472625732,2.2377841472625732,362232,0.0,0.0
2017-05-11 00:00:00,2.2377841472625732,2.241446830808067,2.22679664229082,2.2377841472625732,447531,0.0,0.0
2017-05-12 00:00:00,2.2414476077435186,2.2414476077435186,2.215810087256228,2.2194724082946777,490857,0.0,0.0
2017-05-15 00:00:00,2.2231349353958185,2.245109769509106,2.2231349353958185,2.2414474487304688,248709,0.0,0.0
2017-05-16 00:00:00,2.241446830808067,2.2487718341225693,2.2304593258363137,2.2377841472625732,228192,0.0,0.0
2017-05-17 00:00:00,2.2267964818620185,2.2267964818620185,2.190171831704604,2.1974966526031494,795911,0.0,0.0
2017-05-18 00:00:00,2.1974969896313734,2.2121469974517822,2.193834305788014,2.2121469974517822,478047,0.0,0.0
2017-05-19 00:00:00,2.215809513712183,2.2267968377601663,2.212147011733436,2.2231345176696777,304950,0.0,0.0
2017-05-22 00:00:00,2.22679664229082,2.241446830808067,2.22679664229082,2.2377841472625732,367752,0.0,0.0
2017-05-23 00:00:00,2.2414474487304688,2.245109769509106,2.2341224433966085,2.2414474487304688,345360,0.0,0.0
2017-05-24 00:00:00,2.245109769509106,2.248772454064329,2.2341224433966085,2.2414474487304688,294639,0.0,0.0
2017-05-25 00:00:00,2.241446999642022,2.252434141664881,2.241446999642022,2.2451093196868896,403163,0.0,0.0
2017-05-26 00:00:00,2.2451094313503255,2.252434253692627,2.2451094313503255,2.252434253692627,240377,0.0,0.0
2017-05-30 00:00:00,2.2487716674804688,2.2524338050898565,2.245108984206393,2.2487716674804688,255375,0.0,0.0
2017-05-31 00:00:00,2.2451091505770755,2.2487718341225693,2.2377841472625732,2.2377841472625732,411703,0.0,0.0
2017-06-01 00:00:00,2.2451092646934625,2.2670844576421865,2.2451092646934625,2.2634217739105225,472214,0.0,0.0
2017-06-02 00:00:00,2.263421761622131,2.3037090997926852,2.263421761622131,2.29638409614563,501793,0.0,0.0
2017-06-05 00:00:00,2.2963839988012715,2.300046682357788,2.2890591773529683,2.300046682357788,217777,0.0,0.0
2017-06-06 00:00:00,2.289059949196343,2.292722452099568,2.2817349433898926,2.2817349433898926,325884,0.0,0.0
2017-06-07 00:00:00,2.285397628181422,2.292722452099568,2.2817349433898926,2.2817349433898926,372022,0.0,0.0
2017-06-08 00:00:00,2.2817344802460573,2.311034679412842,2.2817344802460573,2.311034679412842,992858,0.0,0.0
2017-06-09 00:00:00,2.311034467216243,2.3183592889750475,2.289059274386825,2.29638409614563,551055,0.0,0.0
2017-06-12 00:00:00,2.2927220839402436,2.3073720932006836,2.289059581625134,2.3073720932006836,346506,0.0,0.0
2017-06-13 00:00:00,2.3110347906347,2.3293469385385355,2.307372106410346,2.318359613418579,571365,0.0,0.0
2017-06-14 00:00:00,2.3296133294389527,2.3296133294389527,2.2996021500417068,2.310856342315674,530955,0.144024,0.0
2017-06-15 00:00:00,2.303353854049916,2.303353854049916,2.288348263567705,2.2996022701263428,359941,0.0,0.0
2017-06-16 00:00:00,2.303353854049916,2.303353854049916,2.288348263567705,2.2996022701263428,285266,0.0,0.0
2017-06-19 00:00:00,2.3071049952684617,2.3258621706190055,2.3071049952684617,2.318359375,445239,0.0,0.0
2017-06-20 00:00:00,2.3221107740209312,2.3258619852284013,2.2958509914475353,2.303353786468506,457008,0.0,0.0
2017-06-21 00:00:00,2.303353786468506,2.3108563951864607,2.2958509914475353,2.303353786468506,368065,0.0,0.0
2017-06-22 00:00:00,2.303353854049916,2.3071048790644277,2.2920994748852372,2.2996022701263428,424722,0.0,0.0
2017-06-23 00:00:00,2.303353786468506,2.314607978999961,2.2920994076340353,2.303353786468506,849444,0.0,0.0
2017-06-26 00:00:00,2.310856342315674,2.337116124288264,2.3071047585880073,2.310856342315674,657184,0.0,0.0
2017-06-27 00:00:00,2.3108565793809945,2.322110959112533,2.3108565793809945,2.318359375,555013,0.0,0.0
2017-06-28 00:00:00,2.322111131671543,2.325862343456773,2.314608335494995,2.314608335494995,298909,0.0,0.0
2017-06-29 00:00:00,2.3221107740209312,2.3221107740209312,2.2958509914475353,2.303353786468506,240898,0.0,0.0
2017-06-30 00:00:00,2.3071049952684617,2.318359375,2.3071049952684617,2.318359375,276621,0.0,0.0
2017-07-03 00:00:00,2.3221114338295594,2.333365256952665,2.3221114338295594,2.3258626461029053,211944,0.0,0.0
2017-07-05 00:00:00,2.3221114338295594,2.3371168418321466,2.314608636676732,2.3258626461029053,322655,0.0,0.0
2017-07-06 00:00:00,2.318359137164985,2.3221107208926517,2.3033537337693732,2.310856342315674,328904,0.0,0.0
2017-07-07 00:00:00,2.314608636676732,2.3258626461029053,2.314608636676732,2.3258626461029053,336820,0.0,0.0
2017-07-10 00:00:00,2.322110959112533,2.333364779934981,2.318359375,2.318359375,334112,0.0,0.0
2017-07-11 00:00:00,2.318359848950078,2.3258626461029053,2.314608636676732,2.3258626461029053,253604,0.0,0.0
2017-07-12 00:00:00,2.3296135136945764,2.3408678931616946,2.3296135136945764,2.333364725112915,316302,0.0,0.0
2017-07-13 00:00:00,2.337116309137305,2.337116309137305,2.3258621159732122,2.333364725112915,229442,0.0,0.0
2017-07-14 00:00:00,2.3371168418321466,2.344619638984974,2.3221114338295594,2.3258626461029053,631876,0.0,0.0
2017-07-17 00:00:00,2.3296137995729835,2.3483707904815674,2.318359605027833,2.3483707904815674,378792,0.0,0.0
2017-07-18 00:00:00,2.3446192189380044,2.363376208459691,2.3371164231293298,2.3596246242523193,469819,0.0,0.0
2017-07-19 00:00:00,2.363376748036486,2.3671283331003727,2.3371169567108154,2.3371169567108154,602609,0.0,0.0
2017-07-20 00:00:00,2.3483707187168,2.3671278953552246,2.3483707187168,2.3671278953552246,375147,0.0,0.0
2017-07-21 00:00:00,2.363376208459691,2.367127792667063,2.3596246242523193,2.3596246242523193,221005,0.0,0.0
2017-07-24 00:00:00,2.359624319026226,2.3708785112834665,2.3521215241880653,2.3558731079101562,384624,0.0,0.0
2017-07-25 00:00:00,2.363376323083897,2.3783817291259766,2.363376323083897,2.3783817291259766,256937,0.0,0.0
2017-07-26 00:00:00,2.378381613774006,2.3858844095826806,2.3596246242523193,2.3596246242523193,415973,0.0,0.0
2017-07-27 00:00:00,2.370878920816216,2.3821333013204877,2.3596247266149866,2.3671278953552246,279225,0.0,0.0
2017-07-28 00:00:00,2.3558734126510164,2.374630402172703,2.3558734126510164,2.3596246242523193,261624,0.0,0.0
2017-07-31 00:00:00,2.363376208459691,2.374630402172703,2.3596246242523193,2.3596246242523193,434304,0.0,0.0
2017-08-01 00:00:00,2.367127792667063,2.374630402172703,2.3596246242523193,2.3596246242523193,384312,0.0,0.0
2017-08-02 00:00:00,2.363376310985106,2.370878920816216,2.355873514850953,2.3671278953552246,313490,0.0,0.0
2017-08-03 00:00:00,2.3671274864704075,2.3746300950055574,2.3558731079101562,2.3558731079101562,440553,0.0,0.0
2017-08-04 00:00:00,2.3596249778791787,2.3708791732788086,2.355873765715698,2.3708791732788086,462632,0.0,0.0
2017-08-07 00:00:00,2.3671285506049355,2.3858851735262916,2.3671285506049355,2.382133960723877,572823,0.0,0.0
2017-08-08 00:00:00,2.3783819702118953,2.3858847671449817,2.3671281474183905,2.3708791732788086,348172,0.0,0.0
2017-08-09 00:00:00,2.3633759027483165,2.3708785112834665,2.3483703130719955,2.3558731079101562,392540,0.0,0.0
2017-08-10 00:00:00,2.3483703851530118,2.3483703851530118,2.288348210908414,2.3071048259735107,936721,0.0,0.0
2017-08-11 00:00:00,2.292099760662308,2.325862343456773,2.2883485488770776,2.314608335494995,705822,0.0,0.0
2017-08-14 00:00:00,2.322110770275073,2.3483703665030937,2.322110770275073,2.340867757797241,353588,0.0,0.0
2017-08-15 00:00:00,2.3446195125579834,2.348370910932114,2.337116715809723,2.3446195125579834,258395,0.0,0.0
2017-08-16 00:00:00,2.3408678931616946,2.3483705023013974,2.333364725112915,2.333364725112915,390457,0.0,0.0
2017-08-17 00:00:00,2.333365190984261,2.3408683605310965,2.3183597834059033,2.3221113681793213,266623,0.0,0.0
2017-08-18 00:00:00,2.3183592048792048,2.3221107887164467,2.3071048259735107,2.3071048259735107,394727,0.0,0.0
2017-08-21 00:00:00,2.3071048790644277,2.310856462988001,2.2996022701263428,2.2996022701263428,312865,0.0,0.0
2017-08-22 00:00:00,2.3108563914587577,2.340867757797241,2.3108563914587577,2.340867757797241,209966,0.0,0.0
2017-08-23 00:00:00,2.3296135136945764,2.3408678931616946,2.3183593205304835,2.333364725112915,301513,0.0,0.0
2017-08-24 00:00:00,2.3296135136945764,2.337116309137305,2.3258621159732122,2.333364725112915,277246,0.0,0.0
2017-08-25 00:00:00,2.340867757797241,2.34461896899866,2.325861981476492,2.340867757797241,284953,0.0,0.0
2017-08-28 00:00:00,2.344619638984974,2.348371037561388,2.3258626461029053,2.3258626461029053,225796,0.0,0.0
2017-08-29 00:00:00,2.3183592001321087,2.352121591567993,2.3183592001321087,2.352121591567993,282766,0.0,0.0
2017-08-30 00:00:00,2.3483703803444644,2.3558731753975537,2.3408677715943913,2.352121591567993,262457,0.0,0.0
2017-08-31 00:00:00,2.3596249778791787,2.3746307580484145,2.352122180946092,2.3708791732788086,219027,0.0,0.0
2017-09-01 00:00:00,2.3746305173427396,2.3821333135153013,2.363376323083897,2.3783817291259766,216839,0.0,0.0
2017-09-05 00:00:00,2.367127724694126,2.374630333984326,2.3596245564948384,2.3633761405944824,382333,0.0,0.0
2017-09-06 00:00:00,2.3671281421256496,2.389636160268458,2.363376557364432,2.3858847618103027,461799,0.0,0.0
2017-09-07 00:00:00,2.3821334294990737,2.3896360397338867,2.3821334294990737,2.3896360397338867,330571,0.0,0.0
2017-09-08 00:00:00,2.378381964893992,2.4083931525592353,2.3671281421256496,2.3858847618103027,392644,0.0,0.0
2017-09-11 00:00:00,2.400889940213292,2.4121437601611,2.39713835639233,2.4046411514282227,309637,0.0,0.0
2017-09-12 00:00:00,2.4083928349424633,2.427150011062622,2.404641436979039,2.427150011062622,389207,0.0,0.0
2017-09-13 00:00:00,2.427150195135567,2.4384040172732444,2.423398610584588,2.434652805328369,380042,0.0,0.0
2017-09-14 00:00:00,2.4308126724306542,2.442332942617868,2.4077715599236833,2.4192922115325928,520644,0.144024,0.0
2017-09-15 00:00:00,2.4192923804360764,2.434652805328369,2.4192923804360764,2.434652805328369,292556,0.0,0.0
2017-09-18 00:00:00,2.442333037289015,2.4461731910705566,2.430812766655246,2.4461731910705566,275996,0.0,0.0
2017-09-19 00:00:00,2.4384936503135437,2.4576944237574425,2.4384936503135437,2.450014114379883,310053,0.0,0.0
2017-09-20 00:00:00,2.4538539468745757,2.465374410323622,2.4500139831024508,2.4576942920684814,567928,0.0,0.0
2017-09-21 00:00:00,2.461533546447754,2.4653736998240703,2.4538532396951216,2.461533546447754,339840,0.0,0.0
2017-09-22 00:00:00,2.4653736998240703,2.4768943506638537,2.457693583782273,2.461533546447754,912559,0.0,0.0
2017-09-25 00:00:00,2.469213798993162,2.488414566936204,2.4653738361153996,2.484574794769287,680513,0.0,0.0
2017-09-26 00:00:00,2.4884145944217706,2.492254938763643,2.4692138262666483,2.4730541706085205,480234,0.0,0.0
2017-09-27 00:00:00,2.484574794769287,2.492254911235658,2.4768944875920704,2.484574794769287,273809,0.0,0.0
2017-09-28 00:00:00,2.4845750934867223,2.492255210876465,2.4845750934867223,2.492255210876465,229442,0.0,0.0
2017-09-29 00:00:00,2.4922545030069565,2.503775152596557,2.4884141593365467,2.4960944652557373,374834,0.0,0.0
2017-10-02 00:00:00,2.5037755966186523,2.5152956761187917,2.4999352522671923,2.5037755966186523,341090,0.0,0.0
2017-10-03 00:00:00,2.5037755966186523,2.511455713189028,2.4999352522671923,2.5037755966186523,307345,0.0,0.0
2017-10-04 00:00:00,2.49609521182005,2.5191363271798695,2.49609521182005,2.51529598236084,288390,0.0,0.0
2017-10-05 00:00:00,2.51529577030811,2.530656576156616,2.51529577030811,2.530656576156616,286307,0.0,0.0
2017-10-06 00:00:00,2.5191355737241232,2.522975917394533,2.4960944652557373,2.4960944652557373,572823,0.0,0.0
2017-10-09 00:00:00,2.4960944652557373,2.5191355737241232,2.4960944652557373,2.4960944652557373,341402,0.0,0.0
2017-10-10 00:00:00,2.507615566253662,2.5114559109074595,2.4999354490786567,2.507615566253662,224963,0.0,0.0
2017-10-11 00:00:00,2.5076154298623328,2.522976426220299,2.5076154298623328,2.511455774307251,228192,0.0,0.0
2017-10-12 00:00:00,2.515295737330463,2.519136081775381,2.5037756575499737,2.511455774307251,227359,0.0,0.0
2017-10-13 00:00:00,2.5152958741395306,2.5229765634471257,2.507615566253662,2.507615566253662,317344,0.0,0.0
2017-10-16 00:00:00,2.507615566253662,2.5268163359683338,2.507615566253662,2.507615566253662,362128,0.0,0.0
2017-10-17 00:00:00,2.507614826019856,2.522975818678841,2.507614826019856,2.5191354751586914,203300,0.0,0.0
2017-10-18 00:00:00,2.515295813254122,2.5229765023757977,2.4999353885650635,2.4999353885650635,487628,0.0,0.0
2017-10-19 00:00:00,2.4922545030069565,2.503775152596557,2.47689408187939,2.4960944652557373,236107,0.0,0.0
2017-10-20 00:00:00,2.503775152596557,2.5114552678049327,2.4960944652557373,2.4960944652557373,351088,0.0,0.0
2017-10-23 00:00:00,2.507615368837568,2.507615368837568,2.4960949079157317,2.5037755966186523,239023,0.0,0.0
2017-10-24 00:00:00,2.5037756575499737,2.511455774307251,2.5037756575499737,2.511455774307251,285786,0.0,0.0
2017-10-25 00:00:00,2.5037762120749663,2.5037762120749663,2.46921443939209,2.46921443939209,461591,0.0,0.0
2017-10-26 00:00:00,2.4538532213144277,2.465373681357082,2.2848868554438386,2.3732101917266846,3710850,0.0,0.0
2017-10-27 00:00:00,2.354009457390924,2.3732102243929707,2.3309687276993034,2.338649034500122,1908749,0.0,0.0
2017-10-30 00:00:00,2.315607917587255,2.3655299116675454,2.315607917587255,2.361689567565918,1010668,0.0,0.0
2017-10-31 00:00:00,2.3693708064693344,2.3885711964642646,2.3693708064693344,2.3770511150360107,866004,0.0,0.0
2017-11-01 00:00:00,2.3885712025463723,2.3924115475503696,2.3770511210887846,2.3808910846710205,1054098,0.0,0.0
2017-11-02 00:00:00,2.3808903256332457,2.3924107848398246,2.357849597930908,2.357849597930908,1072428,0.0,0.0
2017-11-03 00:00:00,2.3225199924331763,2.353486851924103,2.303165514540531,2.330261707305908,1144096,0.0,1.008
2017-11-06 00:00:00,2.3302627372707243,2.3496172237179587,2.326392068834358,2.3418753147125244,490991,0.0,0.0
2017-11-07 00:00:00,2.3457453503537855,2.3457453503537855,2.3341325872220304,2.338003635406494,401823,0.0,0.0
2017-11-08 00:00:00,2.3457459141160557,2.3496167725199997,2.330262289789415,2.3341331481933594,423314,0.0,0.0
2017-11-09 00:00:00,2.330261729748385,2.338003635406494,2.307036775617329,2.338003635406494,678109,0.0,0.0
2017-11-10 00:00:00,2.3302621259322587,2.3341329840640155,2.318649742247839,2.3263914585113525,825137,0.0,0.0
2017-11-13 00:00:00,2.3263920210769182,2.338004598280329,2.3109083940948065,2.3225209712982178,702080,0.0,0.0
2017-11-14 00:00:00,2.3263910405803583,2.330261707305908,2.314778468271261,2.330261707305908,1685611,0.0,0.0
2017-11-15 00:00:00,2.32252019747804,2.3263912459669798,2.3109076241437205,2.3186495304107666,727704,0.0,0.0
2017-11-16 00:00:00,2.318649325707627,2.3341325647422737,2.3070367533985294,2.330261707305908,834953,0.0,0.0
2017-11-17 00:00:00,2.3380043231197565,2.349616898956479,2.3263917472830338,2.3457460403442383,553605,0.0,0.0
2017-11-20 00:00:00,2.3496172237179587,2.357358942012492,2.338004646276158,2.3418753147125244,450695,0.0,0.0
2017-11-21 00:00:00,2.3457460403442383,2.3612294747932023,2.341874991021123,2.3457460403442383,591214,0.0,0.0
2017-11-22 00:00:00,2.353487032828592,2.380583227676761,2.353487032828592,2.3767125606536865,673046,0.0,0.0
2017-11-24 00:00:00,2.3689706911018953,2.3921958378644135,2.3689706911018953,2.3728413581848145,299120,0.0,0.0
2017-11-27 00:00:00,2.384454194931909,2.388324861823189,2.361228858608458,2.3650999069213867,536143,0.0,0.0
2017-11-28 00:00:00,2.368970654475045,2.388324943144572,2.3650999874519703,2.3767125606536865,669016,0.0,0.0
2017-11-29 00:00:00,2.3805832862854004,2.3921958597730115,2.3767126191670322,2.3805832862854004,650522,0.0,0.0
2017-11-30 00:00:00,2.392196014267386,2.4231628789009387,2.388325156188192,2.4192922115325928,980432,0.0,0.0
2017-12-01 00:00:00,2.4115498631565697,2.4309041500091553,2.388324718933467,2.4309041500091553,1097704,0.0,0.0
2017-12-04 00:00:00,2.4386464545869826,2.4618716026112764,2.4386464545869826,2.454129695892334,852518,0.0,0.0
2017-12-05 00:00:00,2.47348406045497,2.488967874359483,2.450259102441599,2.4812259674072266,1149985,0.0,0.0
2017-12-06 00:00:00,2.4889678158647084,2.5160640127836778,2.469613335005203,2.4773552417755127,821315,0.0,0.0
2017-12-07 00:00:00,2.4654446972084445,2.469415003645356,2.44162403219219,2.4535343647003174,590904,0.154854,0.0
2017-12-08 00:00:00,2.453534924087996,2.5289674383725917,2.4416245888644004,2.5130867958068848,1211979,0.0,0.0
2017-12-11 00:00:00,2.4892657434965315,2.4972061613617504,2.4495644365739713,2.4694151878356934,1263640,0.0,0.0
2017-12-12 00:00:00,2.461474895477295,2.4733852294810874,2.4297140048005144,2.461474895477295,1290918,0.0,0.0
2017-12-13 00:00:00,2.461474558322837,2.4813253078777104,2.445594310760498,2.445594310760498,1003370,0.0,0.0
2017-12-14 00:00:00,2.4495633678538216,2.4495633678538216,2.397951945653192,2.413832187652588,2034740,0.0,0.0
2017-12-15 00:00:00,2.4336835798052108,2.4575046356795047,2.4217734430697955,2.449564218521118,1419038,0.0,0.0
2017-12-18 00:00:00,2.465444326400757,2.5091159302306667,2.4336832488884768,2.465444326400757,3094007,0.0,0.0
2017-12-19 00:00:00,2.4495641548278284,2.4575045717797495,2.4336835165248476,2.4376540184020996,2099730,0.0,0.0
2017-12-20 00:00:00,2.44162403219219,2.4654446972084445,2.417803367175935,2.4535343647003174,1909719,0.0,0.0
2017-12-21 00:00:00,2.453534442734909,2.4614746646595322,2.449564331772597,2.4575047492980957,1205056,0.0,0.0
2017-12-22 00:00:00,2.457504979743591,2.4654450068118923,2.4535346728081,2.461474895477295,871633,0.0,0.0
2017-12-26 00:00:00,2.4654446972084445,2.4654446972084445,2.4535343647003174,2.4535343647003174,562387,0.0,0.0
2017-12-27 00:00:00,2.4575047492980957,2.4614746646595322,2.4455944164111605,2.4575047492980957,594004,0.0,0.0
2017-12-28 00:00:00,2.457504979743591,2.461474895477295,2.449564561473502,2.461474895477295,817595,0.0,0.0
2017-12-29 00:00:00,2.469415082185031,2.469415082185031,2.453534442734909,2.4575047492980957,754671,0.0,0.0
2018-01-02 00:00:00,2.461474895477295,2.4654450068118923,2.4535346728081,2.461474895477295,751365,0.0,0.0
2018-01-03 00:00:00,2.4733849705159905,2.485295303272763,2.461474637759218,2.481325387954712,747852,0.0,0.0
2018-01-04 00:00:00,2.4932352255289314,2.50117564201355,2.4852950046451623,2.50117564201355,708382,0.0,0.0
2018-01-05 00:00:00,2.5091166496276855,2.5091166496276855,2.4972063154960447,2.5091166496276855,799617,0.0,0.0
2018-01-08 00:00:00,2.5091168796665997,2.5130867958068848,2.5011764605832894,2.5130867958068848,785875,0.0,0.0
2018-01-09 00:00:00,2.5210267721017474,2.5210267721017474,2.509116633646859,2.517056465148926,914305,0.0,0.0
2018-01-10 00:00:00,2.5170561206182644,2.5170561206182644,2.497205957777474,2.505145788192749,905936,0.0,0.0
2018-01-11 00:00:00,2.509115747371609,2.540876626968384,2.5051452462203616,2.540876626968384,1103903,0.0,0.0
2018-01-12 00:00:00,2.5289671824051836,2.560728073120117,2.524996875464923,2.560728073120117,841669,0.0,0.0
2018-01-16 00:00:00,2.572638336916721,2.5845486706097227,2.5448473626988295,2.5527877807617188,2271556,0.0,0.0
2018-01-17 00:00:00,2.568668244621857,2.568668244621857,2.5527876051891862,2.564697742462158,887855,0.0,0.0
2018-01-18 00:00:00,2.560728207644894,2.5646981235919215,2.544847565852263,2.5488178730010986,1006263,0.0,0.0
2018-01-19 00:00:00,2.560726984321009,2.5766072273254395,2.560726984321009,2.5766072273254395,624381,0.0,0.0
2018-01-22 00:00:00,2.572637672747437,2.584548003365588,2.5686677581422246,2.580578088760376,961111,0.0,0.0
2018-01-23 00:00:00,2.5924883960075875,2.604398727416992,2.584548175067985,2.604398727416992,604750,0.0,0.0
2018-01-24 00:00:00,2.604398727416992,2.62424947536685,2.596458506477389,2.604398727416992,1265190,0.0,0.0
2018-01-25 00:00:00,2.616309305852685,2.624249723142856,2.600429058074951,2.600429058074951,577679,0.0,0.0
2018-01-26 00:00:00,2.612339899579687,2.640130485305905,2.6083693967597115,2.636160373687744,1216938,0.0,0.0
2018-01-29 00:00:00,2.6321899448321577,2.636159860075939,2.600429058074951,2.600429058074951,873183,0.0,0.0
2018-01-30 00:00:00,2.5885178024983526,2.5885178024983526,2.564697142324678,2.5726375579833984,1341339,0.0,0.0
2018-01-31 00:00:00,2.580578088760376,2.5964583339837395,2.5686677581422246,2.580578088760376,1202680,0.0,0.0
2018-02-01 00:00:00,2.564696898371509,2.58851755627937,2.564696898371509,2.5766072273254395,549162,0.0,0.0
2018-02-02 00:00:00,2.556757725436922,2.5686684504670074,2.521026723952009,2.5289671421051025,1262814,0.0,0.0
2018-02-05 00:00:00,2.5011761710525717,2.521026727460706,2.401922997810117,2.42574405670166,1647279,0.0,0.0
2018-02-06 00:00:00,2.386042658459288,2.477355410100029,2.362221600464515,2.4694151878356934,2134653,0.0,0.0
2018-02-07 00:00:00,2.457504979743591,2.4932357861540755,2.445594645739798,2.461474895477295,1198030,0.0,0.0
2018-02-08 00:00:00,2.47338553178314,2.47338553178314,2.386043071746826,2.386043071746826,1443319,0.0,0.0
2018-02-09 00:00:00,2.405893009184164,2.4217734523601253,2.330460512896613,2.4019227027893066,2125457,0.0,0.0
2018-02-12 00:00:00,2.4217737498191423,2.441624306227277,2.397953082129381,2.42574405670166,1220761,0.0,0.0
2018-02-13 00:00:00,2.4217737498191423,2.433683888063132,2.409863415974262,2.42574405670166,675319,0.0,0.0
2018-02-14 00:00:00,2.417803539920587,2.477355402316891,2.4138332332000094,2.4733850955963135,609606,0.0,0.0
2018-02-15 00:00:00,2.4852957725524902,2.4932359958896315,2.469415521479118,2.4852957725524902,676042,0.0,0.0
2018-02-16 00:00:00,2.4892661253596944,2.5210270192892814,2.4892661253596944,2.5130867958068848,508556,0.0,0.0
2018-02-20 00:00:00,2.501175942549333,2.5091163599880546,2.4694150551979392,2.481325387954712,613635,0.0,0.0
2018-02-21 00:00:00,2.4892656097925605,2.5091163599880546,2.477355277035788,2.481325387954712,522814,0.0,0.0
2018-02-22 00:00:00,2.485295303272763,2.497206027231282,2.4694150551979392,2.481325387954712,493677,0.0,0.0
2018-02-23 00:00:00,2.4892661253596944,2.5170567119471694,2.4892661253596944,2.5130867958068848,376302,0.0,0.0
2018-02-26 00:00:00,2.524996819473243,2.5567577094838803,2.521026708221913,2.5369069576263428,751675,0.0,0.0
2018-02-27 00:00:00,2.5369059004405834,2.5448463152351826,2.513085438460017,2.5210256576538086,682862,0.0,0.0
2018-02-28 00:00:00,2.5210264270276372,2.5408771766710303,2.5011758729851117,2.505145788192749,550918,0.0,0.0
2018-03-01 00:00:00,2.5011760768930347,2.5091164947582536,2.445594521042687,2.4694151878356934,963900,0.0,0.0
2018-03-02 00:00:00,2.453534547706139,2.477355410100029,2.4297138809131327,2.4694151878356934,524054,0.0,0.0
2018-03-05 00:00:00,2.4535341211100867,2.505145556854585,2.4535341211100867,2.50117564201355,730597,0.0,0.0
2018-03-06 00:00:00,2.5130865654040035,2.5130865654040035,2.4932358129170398,2.5091166496276855,654861,0.0,0.0
2018-03-07 00:00:00,2.49323579703736,2.517056465148926,2.4892658812863266,2.517056465148926,682448,0.0,0.0
2018-03-08 00:00:00,2.5289662971195934,2.540876626968384,2.5170555760691524,2.540876626968384,801063,0.0,0.0
2018-03-09 00:00:00,2.5567566790688883,2.5805777281783704,2.552786765018389,2.5766072273254395,583982,0.0,0.0
2018-03-12 00:00:00,2.5805782198646035,2.588518049478405,2.5646973870319134,2.5686678886413574,593797,0.0,0.0
2018-03-13 00:00:00,2.580578265756996,2.592488401591201,2.5488171863293276,2.5567572116851807,719541,0.0,0.0
2018-03-14 00:00:00,2.577081625619242,2.577081625619242,2.532368957174116,2.540498733520508,914305,0.145176,0.0
2018-03-15 00:00:00,2.540498245588023,2.5526924071019295,2.524238896283498,2.536433458328247,509899,0.0,0.0
2018-03-16 00:00:00,2.5364339454800415,2.544563321295514,2.532368957174116,2.540498733520508,167797,0.0,0.0
2018-03-19 00:00:00,2.5445632269567877,2.5445632269567877,2.4917207841243836,2.503915548324585,674906,0.0,0.0
2018-03-20 00:00:00,2.5161092281341553,2.532368175008704,2.5079794542987837,2.5161092281341553,487581,0.0,0.0
2018-03-21 00:00:00,2.5120444634101484,2.536433386543988,2.507979676265411,2.5242388248443604,616218,0.0,0.0
2018-03-22 00:00:00,2.512044815257908,2.5201743906860457,2.487656088973494,2.491720676422119,1159697,0.0,0.0
2018-03-23 00:00:00,2.491720557231942,2.516109682880602,2.447007894515991,2.447007894515991,2217002,0.0,0.0
2018-03-26 00:00:00,2.4835915015248693,2.499850452115701,2.4592023747095677,2.491720676422119,993244,0.0,0.0
2018-03-27 00:00:00,2.499851092658526,2.516110447946419,2.451073427325837,2.459203004837036,857581,0.0,0.0
2018-03-28 00:00:00,2.4713964621923457,2.4835912245052367,2.4510725258889314,2.4632670879364014,628101,0.0,0.0
2018-03-29 00:00:00,2.4795265409675493,2.491720703979173,2.471396765184057,2.4876561164855957,512379,0.0,0.0
2018-04-02 00:00:00,2.471397129660579,2.487656483360013,2.4388788227926606,2.442943811416626,894054,0.0,0.0
2018-04-03 00:00:00,2.459202507155648,2.4632674953540903,2.4388785674907103,2.451072931289673,1163004,0.0,0.0
2018-04-04 00:00:00,2.426683802324835,2.4795262369791327,2.426683802324835,2.4632670879364014,925154,0.0,0.0
2018-04-05 00:00:00,2.4835915289920187,2.4998504797626655,2.4795265409675493,2.4876561164855957,665813,0.0,0.0
2018-04-06 00:00:00,2.479526696143814,2.5079802122376833,2.451072979784486,2.4551379680633545,978985,0.0,0.0
2018-04-09 00:00:00,2.47139649542095,2.4876558449477137,2.467331908371039,2.475461483001709,739896,0.0,0.0
2018-04-10 00:00:00,2.499850267520725,2.499850267520725,2.479526330451149,2.483591318130493,903250,0.0,0.0
2018-04-11 00:00:00,2.4795265197753906,2.499850458396801,2.4754617320511083,2.4795265197753906,456068,0.0,0.0
2018-04-12 00:00:00,2.4957858922690885,2.4998504797626655,2.4876561164855957,2.4876561164855957,541722,0.0,0.0
2018-04-13 00:00:00,2.5039154463865274,2.5039154463865274,2.4795265197753906,2.4795265197753906,309659,0.0,0.0
2018-04-16 00:00:00,2.4917207841243836,2.5161099119938815,2.4917207841243836,2.503915548324585,533663,0.0,0.0
2018-04-17 00:00:00,2.5201747215301644,2.5242395097778516,2.51204514503479,2.51204514503479,537280,0.0,0.0
2018-04-18 00:00:00,2.5242388248443604,2.5283038122545136,2.5161094508203012,2.5242388248443604,517028,0.0,0.0
2018-04-19 00:00:00,2.524239588234277,2.5323691649823283,2.516110211751702,2.5283045768737793,353985,0.0,0.0
2018-04-20 00:00:00,2.5283041663796273,2.5283041663796273,2.491720676422119,2.491720676422119,687615,0.0,0.0
2018-04-23 00:00:00,2.49984988072881,2.520173814653744,2.495785294209221,2.5161092281341553,504320,0.0,0.0
2018-04-24 00:00:00,2.520174204590301,2.524238992004216,2.479526330451149,2.483591318130493,553708,0.0,0.0
2018-04-25 00:00:00,2.4876561164855957,2.491720703979173,2.471396765184057,2.4876561164855957,482828,0.0,0.0
2018-04-26 00:00:00,2.503915768804886,2.51204514503479,2.4957861923095117,2.51204514503479,507936,0.0,0.0
2018-04-27 00:00:00,2.512045142743407,2.512045142743407,2.495786190032959,2.495786190032959,275769,0.0,0.0
2018-04-30 00:00:00,2.503915467787135,2.507980055280712,2.4876561164855957,2.4876561164855957,339106,0.0,0.0
2018-05-01 00:00:00,2.483591208462145,2.483591208462145,2.45920208452475,2.4713964462280273,661784,0.0,0.0
2018-05-02 00:00:00,2.4713964462280273,2.479526220962299,2.463267072024596,2.4713964462280273,367107,0.0,0.0
2018-05-03 00:00:00,2.467332332103584,2.4713969198515358,2.430749239982895,2.4551379680633545,883618,0.0,0.0
2018-05-04 00:00:00,2.4510728054399715,2.4795265197753906,2.4470080177156897,2.4795265197753906,412362,0.0,0.0
2018-05-07 00:00:00,2.4917206826827925,2.499850458396801,2.4754617320511083,2.4795265197753906,482002,0.0,0.0
2018-05-08 00:00:00,2.483591797441419,2.4998507499694824,2.4795268089775684,2.4998507499694824,438503,0.0,0.0
2018-05-09 00:00:00,2.4998507499694824,2.4998507499694824,2.487656385374334,2.4998507499694824,491921,0.0,0.0
2018-05-10 00:00:00,2.49984988072881,2.520173814653744,2.495785294209221,2.5161092281341553,421248,0.0,0.0
2018-05-11 00:00:00,2.520174771823885,2.536434125404583,2.5161101837605533,2.5323691368103027,364110,0.0,0.0
2018-05-14 00:00:00,2.540498754083978,2.548628330230713,2.5323689776717817,2.548628330230713,371653,0.0,0.0
2018-05-15 00:00:00,2.5364339454800415,2.540498733520508,2.524239381093184,2.540498733520508,396554,0.0,0.0
2018-05-16 00:00:00,2.5364339660106108,2.552692918038619,2.5364339660106108,2.548628330230713,334043,0.0,0.0
2018-05-17 00:00:00,2.548628064364758,2.556757839928878,2.5404984890660782,2.5526926517486572,549368,0.0,0.0
2018-05-18 00:00:00,2.552692770123985,2.5689523220062256,2.552692770123985,2.5689523220062256,540069,0.0,0.0
2018-05-21 00:00:00,2.5811459523060716,2.5933403133017174,2.5730163783089743,2.5770809650421143,479832,0.0,0.0
2018-05-22 00:00:00,2.58521073930462,2.6014700875642234,2.568951791575834,2.5770809650421143,519301,0.0,0.0
2018-05-23 00:00:00,2.5648866040464684,2.5770809650421143,2.560822017313328,2.5770809650421143,356671,0.0,0.0
2018-05-24 00:00:00,2.5689519962486322,2.5730165833056047,2.5608222213384133,2.5648868083953857,322678,0.0,0.0
2018-05-25 00:00:00,2.564887014696677,2.564887014696677,2.5526926517486572,2.5526926517486572,319165,0.0,0.0
2018-05-29 00:00:00,2.5486280429190273,2.5526926302687247,2.524239116962771,2.544563055038452,344272,0.0,0.0
2018-05-30 00:00:00,2.548627886362526,2.573016610555199,2.548627886362526,2.5608222484588623,395210,0.0,0.0
2018-05-31 00:00:00,2.568952470863012,2.568952470863012,2.540498754083978,2.548628330230713,537900,0.0,0.0
2018-06-01 00:00:00,2.5567581066429095,2.5608226944508155,2.548628330230713,2.548628330230713,329394,0.0,0.0
2018-06-04 00:00:00,2.5567576613588434,2.56895202345518,2.5526924734625447,2.5608222484588623,467537,0.0,0.0
2018-06-05 00:00:00,2.5689518408516587,2.581146001815796,2.5648866532443173,2.581146001815796,457721,0.0,0.0
2018-06-06 00:00:00,2.5852104089905934,2.6014697551727295,2.5811456225114053,2.6014697551727295,479522,0.0,0.0
2018-06-07 00:00:00,2.6014709170843293,2.6096004936736703,2.5852115636401742,2.5892765522003174,639776,0.0,0.0
2018-06-08 00:00:00,2.593340953285172,2.6217946695622163,2.593340953285172,2.609600305557251,665400,0.0,0.0
2018-06-11 00:00:00,2.6177295060854777,2.633988857269287,2.6136649186213314,2.633988857269287,489441,0.0,0.0
2018-06-12 00:00:00,2.633988353681607,2.6380529403686523,2.6258585795112976,2.6380529403686523,380332,0.0,0.0
2018-06-13 00:00:00,2.6421191396973205,2.6461837279409703,2.629924774169922,2.629924774169922,562284,0.0,0.0
2018-06-14 00:00:00,2.6424077515546696,2.650730480655069,2.6340852274728466,2.646569013595581,533250,0.145176,0.0
2018-06-15 00:00:00,2.642407178878784,2.642407178878784,2.6257619293040046,2.642407178878784,341586,0.0,0.0
2018-06-18 00:00:00,2.634085002750383,2.6382460594177246,2.625762274360023,2.6382460594177246,591937,0.0,0.0
2018-06-19 00:00:00,2.617440286288429,2.6257624000213853,2.6091175574997676,2.6216013431549072,556498,0.0,0.0
2018-06-20 00:00:00,2.629924071943569,2.6382461856765245,2.6132786143662456,2.6216013431549072,331047,0.0,0.0
2018-06-21 00:00:00,2.629924071943569,2.629924071943569,2.6091175574997676,2.6216013431549072,362664,0.0,0.0
2018-06-22 00:00:00,2.642407178878784,2.6507299061754397,2.63408465660066,2.642407178878784,949642,0.0,0.0
2018-06-25 00:00:00,2.6382467288260676,2.6382467288260676,2.5799890504416063,2.60495662689209,1217558,0.0,0.0
2018-06-26 00:00:00,2.617440299338563,2.617440299338563,2.596633784791024,2.61327862739563,306249,0.0,0.0
2018-06-27 00:00:00,2.6132785106131524,2.6216012390713828,2.5758273601531982,2.5758273601531982,408436,0.0,0.0
2018-06-28 00:00:00,2.575827946025105,2.592472791671753,2.571666478340184,2.592472791671753,347579,0.0,0.0
2018-06-29 00:00:00,2.596634306427206,2.617440825154553,2.596634306427206,2.60495662689209,478385,0.0,0.0
2018-07-02 00:00:00,2.592472838666848,2.60495662689209,2.5883117809437115,2.60495662689209,244979,0.0,0.0
2018-07-03 00:00:00,2.6174406670217114,2.6174406670217114,2.592472682042449,2.5966341495513916,235990,0.0,0.0
2018-07-05 00:00:00,2.609118032716964,2.613279090341325,2.5966342447880635,2.6007955074310303,327637,0.0,0.0
2018-07-06 00:00:00,2.600795033729675,2.6216013431549072,2.5966337718446284,2.6216013431549072,366280,0.0,0.0
2018-07-09 00:00:00,2.629923946083041,2.6507302545125437,2.625762274360023,2.6382460594177246,555154,0.0,0.0
2018-07-10 00:00:00,2.6465696800145415,2.6548922061920166,2.6465696800145415,2.6548922061920166,308316,0.0,0.0
2018-07-11 00:00:00,2.6382461856765245,2.6507303813688012,2.617440286288429,2.6216013431549072,480659,0.0,0.0
2018-07-12 00:00:00,2.629924134637359,2.6340851916030306,2.617440348684623,2.625762462615967,377646,0.0,0.0
2018-07-13 00:00:00,2.625762462615967,2.6382462485687026,2.613278676663231,2.625762462615967,598034,0.0,0.0
2018-07-16 00:00:00,2.6340851916030306,2.6340851916030306,2.6216014056502948,2.625762462615967,387048,0.0,0.0
2018-07-17 00:00:00,2.625762274360023,2.642407526122184,2.6216012176926813,2.6382460594177246,390458,0.0,0.0
2018-07-18 00:00:00,2.634085890748329,2.6548922061920166,2.634085890748329,2.6548922061920166,298294,0.0,0.0
2018-07-19 00:00:00,2.654891553350439,2.659052610397339,2.650730496303539,2.659052610397339,286721,0.0,0.0
2018-07-20 00:00:00,2.659052610397339,2.663214282499971,2.650730496303539,2.659052610397339,303356,0.0,0.0
2018-07-23 00:00:00,2.642407767154007,2.663214282499971,2.642407767154007,2.659052610397339,381262,0.0,0.0
2018-07-24 00:00:00,2.6632142066955566,2.671536730589623,2.650730420854457,2.6632142066955566,386841,0.0,0.0
2018-07-25 00:00:00,2.663214282499971,2.663214282499971,2.654891553350439,2.659052610397339,412879,0.0,0.0
2018-07-26 00:00:00,2.6548913524548063,2.679858922958374,2.6548913524548063,2.679858922958374,498533,0.0,0.0
2018-07-27 00:00:00,2.6840204696598158,2.6840204696598158,2.663214160287214,2.671536684036255,260787,0.0,0.0
2018-07-30 00:00:00,2.6798590494651178,2.684020516430723,2.65905253471138,2.6632142066955566,301187,0.0,0.0
2018-07-31 00:00:00,2.6673752171431664,2.675697945910775,2.663214160287214,2.671536684036255,265953,0.0,0.0
2018-08-01 00:00:00,2.6756980419158936,2.6798590989211464,2.6715367798920653,2.6756980419158936,229790,0.0,0.0
2018-08-02 00:00:00,2.6673759954582295,2.6673759954582295,2.6548922061920166,2.6548922061920166,439639,0.0,0.0
2018-08-03 00:00:00,2.663214269130605,2.667375326156616,2.659052597048864,2.667375326156616,294781,0.0,0.0
2018-08-06 00:00:00,2.671536604475747,2.6840203897275305,2.671536604475747,2.679858922958374,272669,0.0,0.0
2018-08-07 00:00:00,2.684020156562974,2.7089877248975744,2.684020156562974,2.70066499710083,451728,0.0,0.0
2018-08-08 00:00:00,2.692342821366571,2.7048266052417866,2.692342821366571,2.6965038776397705,293644,0.0,0.0
2018-08-09 00:00:00,2.692342821366571,2.70066493391297,2.6881811500377544,2.6965038776397705,270190,0.0,0.0
2018-08-10 00:00:00,2.6881814464595633,2.6881814464595633,2.6756978662263413,2.679858922958374,302633,0.0,0.0
2018-08-13 00:00:00,2.6798590989211464,2.6881816229688025,2.663214255844409,2.6756980419158936,411019,0.0,0.0
2018-08-14 00:00:00,2.675697995353763,2.6881815761894345,2.6715367334023488,2.684020519256592,252728,0.0,0.0
2018-08-15 00:00:00,2.6756980419158936,2.6798590989211464,2.667375312849662,2.6756980419158936,378266,0.0,0.0
2018-08-16 00:00:00,2.6881820391477467,2.6965047695024866,2.6840209814982874,2.6923437118530273,297364,0.0,0.0
2018-08-17 00:00:00,2.696504341203406,2.704827070236206,2.6881816121706064,2.704827070236206,277526,0.0,0.0
2018-08-20 00:00:00,2.6965045934744487,2.721472167852962,2.6965045934744487,2.717310905456543,602786,0.0,0.0
2018-08-21 00:00:00,2.721471915767698,2.729794439789635,2.7173106537567295,2.725633382797241,292714,0.0,0.0
2018-08-22 00:00:00,2.7131490741095696,2.738117055176156,2.7131490741095696,2.7339553833007812,383122,0.0,0.0
2018-08-23 00:00:00,2.721471915767698,2.729794439789635,2.721471915767698,2.725633382797241,638743,0.0,0.0
2018-08-24 00:00:00,2.721471915767698,2.7339554967820283,2.721471915767698,2.725633382797241,402236,0.0,0.0
2018-08-27 00:00:00,2.7297944888275576,2.74643974218902,2.7297944888275576,2.738117218017578,329600,0.0,0.0
2018-08-28 00:00:00,2.738117884417046,2.754762731792353,2.738117884417046,2.7464404106140137,312242,0.0,0.0
2018-08-29 00:00:00,2.742278277204285,2.7630845876489722,2.738117220133926,2.7589235305786133,510312,0.0,0.0
2018-08-30 00:00:00,2.758924199909465,2.758924199909465,2.7422789424969016,2.7464404106140137,340346,0.0,0.0
2018-08-31 00:00:00,2.738117218017578,2.74643974218902,2.7256334317604147,2.738117218017578,428377,0.0,0.0
2018-09-04 00:00:00,2.742278335806922,2.7464398030033688,2.717310762739739,2.7214720249176025,572306,0.0,0.0
2018-09-05 00:00:00,2.7256334921140493,2.7297945492733304,2.7089882383840114,2.7214720249176025,481898,0.0,0.0
2018-09-06 00:00:00,2.7297946926458,2.7297946926458,2.70482732328588,2.717310905456543,437780,0.0,0.0
2018-09-07 00:00:00,2.7131494380415306,2.7256336352679744,2.70482732328588,2.717310905456543,397174,0.0,0.0
2018-09-10 00:00:00,2.729794326481105,2.738117055176156,2.725633269661429,2.7339553833007812,421764,0.0,0.0
2018-09-11 00:00:00,2.7339558457942394,2.742278575897217,2.7297947882706524,2.742278575897217,454415,0.0,0.0
2018-09-12 00:00:00,2.7381175183736293,2.746440043458006,2.7297947882706524,2.742278575897217,633990,0.0,0.0
2018-09-13 00:00:00,2.7678280200062515,2.7678280200062515,2.7550534610979054,2.7593114376068115,552778,0.145176,0.0
2018-09-14 00:00:00,2.763568639755249,2.763568639755249,2.7507940844263725,2.763568639755249,285275,0.0,0.0
2018-09-17 00:00:00,2.7593112580158317,2.7635692342476053,2.738020327887651,2.7550532817840576,420215,0.0,0.0
2018-09-18 00:00:00,2.7550524796390383,2.7763429839806752,2.746535900273541,2.767827033996582,476836,0.0,0.0
2018-09-19 00:00:00,2.7720855771489683,2.784860134124756,2.7678276012842167,2.784860134124756,330840,0.0,0.0
2018-09-20 00:00:00,2.793376890386834,2.8061514491230364,2.7891189139353068,2.801893472671509,543066,0.0,0.0
2018-09-21 00:00:00,2.8189257997752946,2.827442171637445,2.7891187080516255,2.7933766841888428,933937,0.0,0.0
2018-09-24 00:00:00,2.7933762654464336,2.8061508213246835,2.780601709568183,2.7891182899475098,1108036,0.0,0.0
2018-09-25 00:00:00,2.7678281056295133,2.7891190378020623,2.7678281056295133,2.78060245513916,512172,0.0,0.0
2018-09-26 00:00:00,2.7891190378020623,2.7933770144426897,2.78060245513916,2.78060245513916,503803,0.0,0.0
2018-09-27 00:00:00,2.784860703079317,2.784860703079317,2.7678281667589846,2.7720861434936523,277112,0.0,0.0
2018-09-28 00:00:00,2.7678280200062515,2.7720859965151576,2.7550534610979054,2.7593114376068115,415152,0.0,0.0
2018-10-01 00:00:00,2.7678281667589846,2.789119099401759,2.7678281667589846,2.7720861434936523,379195,0.0,0.0
2018-10-02 00:00:00,2.7720850089886286,2.7720850089886286,2.759310454631085,2.767827033996582,355018,0.0,0.0
2018-10-03 00:00:00,2.780602516550762,2.784860703079317,2.7635695606426554,2.7720861434936523,429720,0.0,0.0
2018-10-04 00:00:00,2.7678277238032813,2.7720856998565138,2.720987050103771,2.729503631591797,587495,0.0,0.0
2018-10-05 00:00:00,2.729504116253845,2.738020699254111,2.674147480618516,2.6954386234283447,683998,0.0,0.0
2018-10-08 00:00:00,2.6784050811669733,2.703953981399536,2.6698885013643694,2.703953981399536,440879,0.0,0.0
2018-10-09 00:00:00,2.691179963218055,2.6996959146740993,2.6826633823804986,2.6869213581085205,458857,0.0,0.0
2018-10-10 00:00:00,2.686921542445134,2.686921542445134,2.5889830589294434,2.5889830589294434,1225617,0.0,0.0
2018-10-11 00:00:00,2.597500037997154,2.597500037997154,2.5165942853517422,2.5378854274749756,1624548,0.0,0.0
2018-10-12 00:00:00,2.5889829697335425,2.5889829697335425,2.5378849515199127,2.5676920413970947,883412,0.0,0.0
2018-10-15 00:00:00,2.5719501972198486,2.5804665677609253,2.5506592708671576,2.5719501972198486,598860,0.0,0.0
2018-10-16 00:00:00,2.5889829374304827,2.6187904465234424,2.5804667759960056,2.614532470703125,497190,0.0,0.0
2018-10-17 00:00:00,2.6145326489582583,2.631565182782309,2.5932415096420183,2.623049020767212,361734,0.0,0.0
2018-10-18 00:00:00,2.610274047194768,2.618790628809744,2.567692188089174,2.5847251415252686,475596,0.0,0.0
2018-10-19 00:00:00,2.5889830589294434,2.6102739879994084,2.5847250829093023,2.5889830589294434,301290,0.0,0.0
2018-10-22 00:00:00,2.5932420250957113,2.5975002118465795,2.5634345080457352,2.57620906829834,566727,0.0,0.0
2018-10-23 00:00:00,2.5549182866276525,2.5676928476406737,2.516594603588589,2.5591766834259033,938689,0.0,0.0
2018-10-24 00:00:00,2.5591765936286377,2.5591765936286377,2.465496063232422,2.465496063232422,1133040,0.0,0.0
2018-10-25 00:00:00,2.4825292474682135,2.5123363483846015,2.469754685735223,2.4995617866516113,735660,0.0,0.0
2018-10-26 00:00:00,2.469754132979353,2.469754132979353,2.4143977111923864,2.448463201522827,1008432,0.0,0.0
2018-10-29 00:00:00,2.4612377056867767,2.4910452188572076,2.3931065167464833,2.4186556339263916,758287,0.0,0.0
2018-10-30 00:00:00,2.418655010705829,2.439945936203003,2.414397035400211,2.439945936203003,671600,0.0,0.0
2018-10-31 00:00:00,2.465495021857297,2.4867859471390803,2.4612370465947553,2.478269577026367,497604,0.0,0.0
2018-11-01 00:00:00,2.4825284461466373,2.5251105146390316,2.4782700504829287,2.5165939331054688,411536,0.0,0.0
2018-11-02 00:00:00,2.537885128772519,2.550659686666597,2.516593989155197,2.5464015007019043,593177,0.0,0.0
2018-11-05 00:00:00,2.554918050765991,2.567692610599707,2.5421434909322755,2.554918050765991,498327,0.0,0.0
2018-11-06 00:00:00,2.559175641408234,2.5762081726965618,2.559175641408234,2.5719501972198486,269880,0.0,0.0
2018-11-07 00:00:00,2.593241892039823,2.631565570831299,2.588983495713549,2.631565570831299,539863,0.0,0.0
2018-11-08 00:00:00,2.6315653307163327,2.652856261435591,2.6230491682224977,2.6358237266540527,558461,0.0,0.0
2018-11-09 00:00:00,2.627306759145648,2.627306759145648,2.5974994605114285,2.6187903881073,322471,0.0,0.0
2018-11-12 00:00:00,2.614532259719056,2.614532259719056,2.563433616884947,2.5719501972198486,489751,0.0,0.0
2018-11-13 00:00:00,2.5804667472839355,2.588982908623656,2.559175819450035,2.5804667472839355,372686,0.0,0.0
2018-11-14 00:00:00,2.5889837826623756,2.593242179460627,2.5378857484042014,2.5591766834259033,358014,0.0,0.0
2018-11-15 00:00:00,2.546401322854492,2.576208412731674,2.525110394518044,2.5676920413970947,598550,0.0,0.0
2018-11-16 00:00:00,2.5591765310887653,2.5804674648431063,2.5464019708361603,2.57620906829834,449868,0.0,0.0
2018-11-19 00:00:00,2.5719512444389245,2.5804676184476056,2.5421437256146313,2.5591766834259033,775026,0.0,0.0
2018-11-20 00:00:00,2.5251104254025662,2.5251104254025662,2.46123742981815,2.49530291557312,1011222,0.0,0.0
2018-11-21 00:00:00,2.503819315985932,2.525110243045209,2.491044759750366,2.491044759750366,614049,0.0,0.0
2018-11-23 00:00:00,2.486786245412058,2.5208519397426725,2.486786245412058,2.508077383041382,352435,0.0,0.0
2018-11-26 00:00:00,2.5293685470492746,2.5464015007019043,2.52085217511989,2.5464015007019043,926911,0.0,0.0
2018-11-27 00:00:00,2.5336258988581113,2.546400873191768,2.5293679237365723,2.5293679237365723,564867,0.0,0.0
2018-11-28 00:00:00,2.5421430726258176,2.588983117641971,2.537885096509115,2.5847251415252686,721918,0.0,0.0
2018-11-29 00:00:00,2.584725081547278,2.6017580345881264,2.5676921285064296,2.5932414531707764,497087,0.0,0.0
2018-11-30 00:00:00,2.5847250503992756,2.6060159792014486,2.580466864638841,2.6017580032348633,572513,0.0,0.0
2018-12-03 00:00:00,2.631565570831299,2.6443401304284575,2.6273073842989123,2.631565570831299,911825,0.0,0.0
2018-12-04 00:00:00,2.6273067885185166,2.640081345218857,2.559175819450035,2.5804667472839355,1256098,0.0,0.0
2018-12-06 00:00:00,2.540902857290604,2.5672787297339044,2.492546694073038,2.5584867000579834,1720225,0.183889,0.0
2018-12-07 00:00:00,2.5452973711102325,2.571673879996539,2.496941232294634,2.5277135372161865,847249,0.0,0.0
2018-12-10 00:00:00,2.5233183182197974,2.5233183182197974,2.4222095543215167,2.479357957839966,1521844,0.0,0.0
2018-12-11 00:00:00,2.4969419004272404,2.5145257390263764,2.4397935044963006,2.4485857486724854,1005436,0.0,0.0
2018-12-12 00:00:00,2.4793576371512143,2.5057341531856987,2.4617737984918526,2.466169595718384,727394,0.0,0.0
2018-12-13 00:00:00,2.4749618399246827,2.492546111752868,2.4529815542855538,2.466169595718384,639776,0.0,0.0
2018-12-14 00:00:00,2.4573777669530688,2.5057345768018195,2.4090218234421124,2.4134180545806885,1943299,0.0,0.0
2018-12-17 00:00:00,2.4178136655003652,2.431001708142478,2.321100919622673,2.3254971504211426,2247999,0.0,0.0
2018-12-18 00:00:00,2.338685828439255,2.3650619208893584,2.325497782214203,2.3518738746643066,1700387,0.0,0.0
2018-12-19 00:00:00,2.3606657184545,2.3694577477679983,2.3079131094046037,2.347477674484253,1370476,0.0,0.0
2018-12-20 00:00:00,2.3298929070335324,2.338684934489528,2.184823804256375,2.224388360977173,1978945,0.0,0.0
2018-12-21 00:00:00,2.215597149475284,2.219993598420982,2.1232808181649894,2.1364686489105225,2383662,0.0,0.0
2018-12-24 00:00:00,2.1320726412377784,2.1320726412377784,2.0881122711850417,2.114488363265991,994174,0.0,0.0
2018-12-26 00:00:00,2.114487367969523,2.241971969604492,2.110091571276302,2.241971969604492,1172199,0.0,0.0
2018-12-27 00:00:00,2.228784609978892,2.2507648996595178,2.162844174105918,2.246368885040283,1906516,0.0,0.0
2018-12-28 00:00:00,2.2639527269327706,2.2771412039593786,2.2199930139093262,2.246368885040283,1726011,0.0,0.0
2018-12-31 00:00:00,2.263952035992524,2.2859323189649414,2.2331803762180513,2.241971969604492,1332350,0.0,0.0
2019-01-02 00:00:00,2.2155961050388897,2.2947245683023367,2.2068040776301077,2.2859325408935547,641533,0.0,0.0
2019-01-03 00:00:00,2.290328951420636,2.2947247488865496,2.2375765662321676,2.2507646083831787,568690,0.0,0.0
2019-01-04 00:00:00,2.2815367437735703,2.3167048534086994,2.2727444997803814,2.2859325408935547,689681,0.0,0.0
2019-01-07 00:00:00,2.290329267362061,2.3606657184545,2.290329267362061,2.347477674484253,792281,0.0,0.0
2019-01-08 00:00:00,2.3782492195882106,2.4046255203322624,2.360665380066214,2.3958334922790527,636883,0.0,0.0
2019-01-09 00:00:00,2.404626370781306,2.439794495432126,2.3914383240372485,2.422210216522217,833507,0.0,0.0
2019-01-10 00:00:00,2.422209098053495,2.4310013417408314,2.4002290302961526,2.417813301086426,466297,0.0,0.0
2019-01-11 00:00:00,2.4134178467420373,2.4266058892686933,2.4090216159820557,2.4090216159820557,559804,0.0,0.0
2019-01-14 00:00:00,2.4002292156219482,2.422209285076409,2.3958334183154717,2.4002292156219482,857684,0.0,0.0
2019-01-15 00:00:00,2.404625321716813,2.4573772690944824,2.404625321716813,2.452981472015381,694021,0.0,0.0
2019-01-16 00:00:00,2.444190281751591,2.4925468817796808,2.444190281751591,2.4837546348571777,603820,0.0,0.0
2019-01-17 00:00:00,2.4837543217511024,2.5013381636260243,2.4837543217511024,2.488150119781494,501736,0.0,0.0
2019-01-18 00:00:00,2.5057339764541324,2.532109840875069,2.496941732867958,2.523317813873291,649385,0.0,0.0
2019-01-22 00:00:00,2.5145259576834555,2.518922188446039,2.4749620466645035,2.492546319961548,681932,0.0,0.0
2019-01-23 00:00:00,2.5013381636260243,2.523318453284692,2.466170046707278,2.488150119781494,594107,0.0,0.0
2019-01-24 00:00:00,2.4969426803642136,2.5057349272867167,2.470566589350142,2.4837546348571777,378575,0.0,0.0
2019-01-25 00:00:00,2.5013379151489947,2.5145259576834555,2.492546319961548,2.492546319961548,467537,0.0,0.0
2019-01-28 00:00:00,2.492546567565241,2.5013381636260243,2.479358090551808,2.488150119781494,551435,0.0,0.0
2019-01-29 00:00:00,2.501338234175383,2.5101304802375037,2.492546637866636,2.50573468208313,380125,0.0,0.0
2019-01-30 00:00:00,2.527714813630909,2.5672787306014606,2.514526335943645,2.5189225673675537,817078,0.0,0.0
2019-01-31 00:00:00,2.5189225673675537,2.532110611885892,2.514526335943645,2.5189225673675537,914822,0.0,0.0
2019-02-01 00:00:00,2.5496942477235307,2.567278086082403,2.545298017403302,2.5540902614593506,476422,0.0,0.0
2019-02-04 00:00:00,2.5672781383482652,2.576070382583311,2.562882341107362,2.5716745853424072,397380,0.0,0.0
2019-02-05 00:00:00,2.576070865278386,2.598050938523516,2.576070865278386,2.589258909225464,530047,0.0,0.0
2019-02-06 00:00:00,2.598051256160564,2.6068435031180073,2.589259225787601,2.602447271347046,406369,0.0,0.0
2019-02-07 00:00:00,2.598050938523516,2.598050938523516,2.562882821331308,2.589258909225464,431993,0.0,0.0
2019-02-08 00:00:00,2.576070975994288,2.584863222254672,2.549694886966525,2.5584867000579834,468363,0.0,0.0
2019-02-11 00:00:00,2.576070865278386,2.589258909225464,2.5672786193958808,2.589258909225464,348508,0.0,0.0
2019-02-12 00:00:00,2.6068428463865603,2.6244266861181806,2.602446615723123,2.6156344413757324,329910,0.0,0.0
2019-02-13 00:00:00,2.62882288512211,2.646406724641964,2.624426654511618,2.6420109272003174,442532,0.0,0.0
2019-02-14 00:00:00,2.637614622737249,2.659594692252159,2.6288228115157017,2.646406650543213,579435,0.0,0.0
2019-02-15 00:00:00,2.659594774246216,2.672782816361743,2.650802746169198,2.659594774246216,393041,0.0,0.0
2019-02-19 00:00:00,2.650802745049756,2.6947628854162815,2.6200308633776115,2.681575059890747,595967,0.0,0.0
2019-02-20 00:00:00,2.677179569543658,2.7035556589230643,2.677179569543658,2.699159860610962,407093,0.0,0.0
2019-02-21 00:00:00,2.6947628548756217,2.699159302031294,2.6683869875390562,2.685971260070801,457204,0.0,0.0
2019-02-22 00:00:00,2.694763412545463,2.716743703612767,2.685971815921259,2.699159860610962,726671,0.0,0.0
2019-02-25 00:00:00,2.7123472690582275,2.716743283274638,2.6947629956081536,2.7123472690582275,784738,0.0,0.0
2019-02-26 00:00:00,2.712347692753749,2.7255357374630833,2.7079518944351033,2.7167437076568604,780399,0.0,0.0
2019-02-27 00:00:00,2.7167443145754904,2.7211405470451826,2.6947640185650856,2.7079524993896484,489544,0.0,0.0
2019-02-28 00:00:00,2.7035555839538574,2.7123476135031908,2.6947633378200644,2.7035555839538574,713755,0.0,0.0
2019-03-01 00:00:00,2.7167436763999167,2.734327952394516,2.7167436763999167,2.721139907836914,551125,0.0,0.0
2019-03-04 00:00:00,2.7299315619404187,2.7475158369107433,2.707951705542527,2.734327793121338,590284,0.0,0.0
2019-03-05 00:00:00,2.725535706104985,2.7387237506625866,2.712347661547383,2.721139907836914,560114,0.0,0.0
2019-03-06 00:00:00,2.721139371965449,2.7299311833546906,2.681575029499549,2.685971260070801,797757,0.0,0.0
2019-03-07 00:00:00,2.685971900219371,2.694763497119496,2.6639916084622253,2.6903676986694336,402856,0.0,0.0
2019-03-08 00:00:00,2.67278326394673,2.7035555839538574,2.668387465756523,2.7035555839538574,471360,0.0,0.0
2019-03-11 00:00:00,2.712347399069963,2.747515731071413,2.712347399069963,2.743119716644287,590698,0.0,0.0
2019-03-12 00:00:00,2.747515731071413,2.756307759925665,2.7343276877900355,2.743119716644287,637193,0.0,0.0
2019-03-13 00:00:00,2.7387238024388347,2.76510032522162,2.7387238024388347,2.756308078765869,643496,0.0,0.0
2019-03-14 00:00:00,2.765315317209565,2.765315317209565,2.7022622380175845,2.724781036376953,747749,0.145176,0.0
2019-03-15 00:00:00,2.729285230608963,2.778826590859861,2.729285230608963,2.765315532684326,505766,0.0,0.0
2019-03-18 00:00:00,2.7608113288757337,2.7698190708142434,2.7473002707001988,2.765315532684326,494814,0.0,0.0
2019-03-19 00:00:00,2.7698190212249756,2.783330301051504,2.756307741398447,2.7698190212249756,810982,0.0,0.0
2019-03-20 00:00:00,2.765315841687278,2.7923381829507803,2.7427968171640122,2.787834644317627,726981,0.0,0.0
2019-03-21 00:00:00,2.7833304405212402,2.796841721024805,2.7743231420784293,2.7833304405212402,799513,0.0,0.0
2019-03-22 00:00:00,2.783330210059766,2.792337729649647,2.7473001317002406,2.7518041133880615,1696460,0.0,0.0
2019-03-25 00:00:00,2.7382927775630486,2.7653157839409968,2.7202779577278777,2.729285478591919,1224997,0.0,0.0
2019-03-26 00:00:00,2.738293409347534,2.7518051375468726,2.729286108298222,2.738293409347534,444909,0.0,0.0
2019-03-27 00:00:00,2.7382924064740153,2.7563076676536107,2.7247811270089803,2.747300148010254,515685,0.0,0.0
2019-03-28 00:00:00,2.7473002215140947,2.778826541109328,2.7473002215140947,2.7698190212249756,487995,0.0,0.0
2019-03-29 00:00:00,2.778826541109328,2.783330301051504,2.765315483175687,2.7698190212249756,651245,0.0,0.0
2019-04-01 00:00:00,2.7743229372010525,2.7968415144844823,2.7698189554729074,2.7788264751434326,625104,0.0,0.0
2019-04-02 00:00:00,2.7788264751434326,2.7878342167068397,2.7608112139095002,2.7788264751434326,405646,0.0,0.0
2019-04-03 00:00:00,2.7878343562718606,2.8058491746218888,2.7833303743182363,2.7923378944396973,454208,0.0,0.0
2019-04-04 00:00:00,2.7923378209358565,2.7923378209358565,2.7608112794477355,2.7698190212249756,527257,0.0,0.0
2019-04-05 00:00:00,2.7743230030600396,2.778826541109328,2.765315483175687,2.7698190212249756,487581,0.0,0.0
2019-04-08 00:00:00,2.778826901372571,2.787834644317627,2.760811637375375,2.787834644317627,394177,0.0,0.0
2019-04-09 00:00:00,2.774322912362765,2.783330210059766,2.7518041133880615,2.7518041133880615,358531,0.0,0.0
2019-04-10 00:00:00,2.75630767596712,2.7878342167068397,2.75630767596712,2.7788264751434326,341069,0.0,0.0
2019-04-11 00:00:00,2.7788274798477657,2.7878352246679854,2.769819956920508,2.7743239402770996,389114,0.0,0.0
2019-04-12 00:00:00,2.7833306618986406,2.8013459258958364,2.7743233627394175,2.787834644317627,651968,0.0,0.0
2019-04-15 00:00:00,2.79233796085695,2.796841721024805,2.7743231420784293,2.7833304405212402,360597,0.0,0.0
2019-04-16 00:00:00,2.78783402071711,2.8058488368988037,2.783330039305603,2.8058488368988037,495124,0.0,0.0
2019-04-17 00:00:00,2.810353345923657,2.814857106287829,2.7923380825740596,2.8013458251953125,335490,0.0,0.0
2019-04-18 00:00:00,2.7968416545004278,2.814856916636243,2.7878343562718606,2.7923378944396973,330840,0.0,0.0
2019-04-22 00:00:00,2.7833304405212402,2.796841721024805,2.7788266803533856,2.7833304405212402,426517,0.0,0.0
2019-04-23 00:00:00,2.787834544102796,2.810353345923657,2.787834544102796,2.8013458251953125,557221,0.0,0.0
2019-04-24 00:00:00,2.8013458251953125,2.814857106287829,2.7923380825740596,2.8013458251953125,483448,0.0,0.0
2019-04-25 00:00:00,2.7923381829507803,2.8013459258958364,2.7743233627394175,2.787834644317627,572616,0.0,0.0
2019-04-26 00:00:00,2.783330578643446,2.8103533628844737,2.77432327975365,2.796841859817505,371033,0.0,0.0
2019-04-29 00:00:00,2.7923375583428833,2.8103528183103106,2.7923375583428833,2.8058488368988037,259651,0.0,0.0
2019-04-30 00:00:00,2.8013452992730303,2.8103528183103106,2.7923375583428833,2.8058488368988037,382398,0.0,0.0
2019-05-01 00:00:00,2.8058488368988037,2.8373753754221513,2.8013452992730303,2.8058488368988037,647939,0.0,0.0
2019-05-02 00:00:00,2.8058493636665762,2.814857106287829,2.787834544102796,2.8013458251953125,486548,0.0,0.0
2019-05-03 00:00:00,2.8058496214792834,2.8328726299331164,2.8058496214792834,2.8283684253692627,255208,0.0,0.0
2019-05-06 00:00:00,2.792338388927652,2.8238649368286133,2.7833308672110726,2.8238649368286133,472289,0.0,0.0
2019-05-07 00:00:00,2.8013455627130965,2.805849100762385,2.756307741398447,2.7698190212249756,958631,0.0,0.0
2019-05-08 00:00:00,2.765315841687278,2.8013459258958364,2.765315841687278,2.787834644317627,419698,0.0,0.0
2019-05-09 00:00:00,2.7698189554729074,2.79233775464922,2.75180413802474,2.7788264751434326,542136,0.0,0.0
2019-05-10 00:00:00,2.774323076089669,2.801345636454052,2.7518042757860166,2.7923378944396973,380745,0.0,0.0
2019-05-13 00:00:00,2.7653154845892844,2.7653154845892844,2.67523984191394,2.7022624015808105,1768683,0.0,0.0
2019-05-14 00:00:00,2.7157746019918467,2.7608122167032216,2.7112708405207093,2.738293409347534,561664,0.0,0.0
2019-05-15 00:00:00,2.729285515805296,2.7653158216456415,2.7202779948184386,2.756308078765869,545442,0.0,0.0
2019-05-16 00:00:00,2.7563077907580023,2.796841630963462,2.7563077907580023,2.7608113288879395,1008019,0.0,0.0
2019-05-17 00:00:00,2.7427964210510254,2.774322962073387,2.7382924392825014,2.7427964210510254,557944,0.0,0.0
2019-05-20 00:00:00,2.729285478591919,2.7518045026449345,2.715773975402945,2.729285478591919,472186,0.0,0.0
2019-05-21 00:00:00,2.7518042033491588,2.7698190212249756,2.7427964615719187,2.7698190212249756,357291,0.0,0.0
2019-05-22 00:00:00,2.7608111891921823,2.7788264502648254,2.7518041133880615,2.7518041133880615,314825,0.0,0.0
2019-05-23 00:00:00,2.738292266412433,2.738292266412433,2.7157734684558608,2.7337887287139893,721711,0.0,0.0
2019-05-24 00:00:00,2.7157736073656236,2.7563076676536107,2.711269847543945,2.747300148010254,1013289,0.0,0.0
2019-05-28 00:00:00,2.7427963630336145,2.7473001228139875,2.715773582458496,2.715773582458496,487168,0.0,0.0
2019-05-29 00:00:00,2.7067662847906298,2.715773582458496,2.6932550054495104,2.715773582458496,962040,0.0,0.0
2019-05-30 00:00:00,2.7157736399043038,2.7427964210510254,2.7157736399043038,2.7427964210510254,624691,0.0,0.0
2019-05-31 00:00:00,2.7157735170332056,2.729285017941701,2.7067662195823328,2.724781036376953,583982,0.0,0.0
2019-06-03 00:00:00,2.720277357851251,2.729284876728951,2.6977585606570016,2.7112696170806885,496467,0.0,0.0
2019-06-04 00:00:00,2.7427964615719187,2.787834282886568,2.7337889416875663,2.7698190212249756,684928,0.0,0.0
2019-06-05 00:00:00,2.778826901372571,2.7923381829507803,2.760811637375375,2.787834644317627,491611,0.0,0.0
2019-06-06 00:00:00,2.7833305618457147,2.8058493636665762,2.7788268014815425,2.8013458251953125,426517,0.0,0.0
2019-06-07 00:00:00,2.8058490589272806,2.8238643203202662,2.79684153917723,2.8103530406951904,762420,0.0,0.0
2019-06-10 00:00:00,2.828368136757964,2.8373758792877197,2.819360616121114,2.8373758792877197,916165,0.0,0.0
2019-06-11 00:00:00,2.837375591589768,2.8463833332061768,2.823864312004481,2.8463833332061768,931973,0.0,0.0
2019-06-12 00:00:00,2.8238643203202662,2.841879137927483,2.8103530406951904,2.8103530406951904,676042,0.0,0.0
2019-06-13 00:00:00,2.828811755282675,2.8426562809382867,2.824197292327881,2.824197292327881,461647,0.145176,0.0
2019-06-14 00:00:00,2.824197292327881,2.828811755282675,2.8103532213887608,2.824197292327881,338176,0.0,0.0
2019-06-17 00:00:00,2.819582462310791,2.82419692466486,2.810352855528005,2.819582462310791,348612,0.0,0.0
2019-06-18 00:00:00,2.824197275728012,2.851885417443509,2.8195828128003404,2.8472707271575928,618182,0.0,0.0
2019-06-19 00:00:00,2.8472712543897973,2.8611153278110675,2.8426567906076605,2.8565008640289307,390148,0.0,0.0
2019-06-20 00:00:00,2.8703440528072814,2.879573432243624,2.8518850665763797,2.8749585151672363,537900,0.0,0.0
2019-06-21 00:00:00,2.8841884186946576,2.8934177990805434,2.8565002775370014,2.861114740371704,1116302,0.0,0.0
2019-06-24 00:00:00,2.884189039328056,2.90264803143016,2.8611153560399987,2.865730047225952,781432,0.0,0.0
2019-06-25 00:00:00,2.865729839293567,2.865729839293567,2.8426566123962402,2.8426566123962402,658271,0.0,0.0
2019-06-26 00:00:00,2.8472707271575928,2.861114798015341,2.842656264229921,2.8472707271575928,389528,0.0,0.0
2019-06-27 00:00:00,2.847270873376243,2.856500481780296,2.819582957597106,2.8288118839263916,663334,0.0,0.0
2019-06-28 00:00:00,2.833426785609427,2.856500236240568,2.828811640766726,2.8518853187561035,353055,0.0,0.0
2019-07-01 00:00:00,2.865730047225952,2.87495942959786,2.851885973668091,2.865730047225952,696914,0.0,0.0
2019-07-02 00:00:00,2.8611153278110675,2.8657300189514907,2.8472712543897973,2.8565008640289307,430340,0.0,0.0
2019-07-03 00:00:00,2.879573728501715,2.879573728501715,2.8518853599858187,2.861114740371704,380435,0.0,0.0
2019-07-05 00:00:00,2.856500335087669,2.861114798015341,2.8472707271575928,2.8472707271575928,397484,0.0,0.0
2019-07-08 00:00:00,2.8426567007319514,2.851885855362715,2.828812173031828,2.8380417823791504,468673,0.0,0.0
2019-07-09 00:00:00,2.8288118839263916,2.833427029165802,2.814968039715951,2.8288118839263916,883412,0.0,0.0
2019-07-10 00:00:00,2.833426785609427,2.865729389134788,2.833426785609427,2.8518853187561035,504216,0.0,0.0
2019-07-11 00:00:00,2.856500335087669,2.861114798015341,2.8380413465857606,2.8472707271575928,361940,0.0,0.0
2019-07-12 00:00:00,2.8472707271575928,2.861114798015341,2.842656264229921,2.8472707271575928,499980,0.0,0.0
2019-07-15 00:00:00,2.8518859455302206,2.8611153278110675,2.838041872108951,2.8565008640289307,409882,0.0,0.0
2019-07-16 00:00:00,2.8611153278110675,2.8657300189514907,2.8472712543897973,2.8565008640289307,281865,0.0,0.0
2019-07-17 00:00:00,2.861114798015341,2.861114798015341,2.842656264229921,2.8472707271575928,332803,0.0,0.0
2019-07-18 00:00:00,2.861114798015341,2.861114798015341,2.8380413465857606,2.8472707271575928,354915,0.0,0.0
2019-07-19 00:00:00,2.8518857667402076,2.861115148442447,2.8426566123962402,2.8426566123962402,319785,0.0,0.0
2019-07-22 00:00:00,2.847271075889088,2.861115148442447,2.838041694186848,2.8426566123962402,297364,0.0,0.0
2019-07-23 00:00:00,2.856500335087669,2.856500335087669,2.842656264229921,2.8472707271575928,473219,0.0,0.0
2019-07-24 00:00:00,2.8472712543897973,2.8565008640289307,2.8426567906076605,2.8565008640289307,245909,0.0,0.0
2019-07-25 00:00:00,2.851885246623285,2.856500163991025,2.8288115692175113,2.8334267139434814,523641,0.0,0.0
2019-07-26 00:00:00,2.8380411765947593,2.8380411765947593,2.8241971065662335,2.8334267139434814,398104,0.0,0.0
2019-07-29 00:00:00,2.838041492330445,2.8426564102116,2.8288118839263916,2.8288118839263916,353778,0.0,0.0
2019-07-30 00:00:00,2.8288117386556837,2.851885417443509,2.824197275728012,2.8472707271575928,337453,0.0,0.0
2019-07-31 00:00:00,2.8426566123962402,2.8518857667402076,2.824197621633489,2.8426566123962402,565280,0.0,0.0
2019-08-01 00:00:00,2.8426563393268043,2.8518854927842066,2.8103532791137695,2.8103532791137695,731527,0.0,0.0
2019-08-02 00:00:00,2.8011234787791928,2.810352858212579,2.768820423404125,2.7965087890625,778952,0.0,0.0
2019-08-05 00:00:00,2.7688205078325896,2.7688205078325896,2.722673381900298,2.736517906188965,1940819,0.0,0.0
2019-08-06 00:00:00,2.7595913158324623,2.7826645374298096,2.7411323293097882,2.7826645374298096,945715,0.0,0.0
2019-08-07 00:00:00,2.7549766047480104,2.787279663060207,2.7272884639303303,2.773435592651367,923398,0.0,0.0
2019-08-08 00:00:00,2.7780498028375114,2.8011234787791928,2.768820423404125,2.7965087890625,651658,0.0,0.0
2019-08-09 00:00:00,2.7965092078902902,2.8149679695215957,2.782664909308561,2.8103532791137695,427034,0.0,0.0
2019-08-12 00:00:00,2.801123733469047,2.80573819624709,2.764206212378807,2.773435592651367,588424,0.0,0.0
2019-08-13 00:00:00,2.7734361283015545,2.8334273390178897,2.7642067462464692,2.8149683475494385,531803,0.0,0.0
2019-08-14 00:00:00,2.7734356858505946,2.778050148783703,2.736518163519769,2.7457470893859863,951811,0.0,0.0
2019-08-15 00:00:00,2.7549764545615623,2.7734354414586346,2.736517922380939,2.7688205242156982,739896,0.0,0.0
2019-08-16 00:00:00,2.7872795530979744,2.7965089330064217,2.7688205659228515,2.778049945831299,554431,0.0,0.0
2019-08-19 00:00:00,2.8103529035347106,2.8103529035347106,2.7780498476386963,2.7826645374298096,722744,0.0,0.0
2019-08-20 00:00:00,2.77805005542941,2.79189412583825,2.764206212378807,2.773435592651367,406886,0.0,0.0
2019-08-21 00:00:00,2.7872792585185246,2.801123326918056,2.778049652227299,2.791893720626831,401617,0.0,0.0
2019-08-22 00:00:00,2.8103527058510775,2.814967395317588,2.7872792585185246,2.791893720626831,564144,0.0,0.0
2019-08-23 00:00:00,2.782664410062354,2.8011233957401274,2.745746666065016,2.754976272583008,1068773,0.0,0.0
2019-08-26 00:00:00,2.759591718989059,2.7780502534919527,2.754976801165519,2.7642064094543457,610742,0.0,0.0
2019-08-27 00:00:00,2.7826642791660126,2.7826642791660126,2.745746536905283,2.750361680984497,496570,0.0,0.0
2019-08-28 00:00:00,2.7457468887935046,2.778049945831299,2.7319030462890614,2.778049945831299,478076,0.0,0.0
2019-08-29 00:00:00,2.796509167157558,2.8103532381793905,2.778050178436868,2.801123857498169,635643,0.0,0.0
2019-08-30 00:00:00,2.801123476103435,2.82419692466486,2.791893869320649,2.819582462310791,543996,0.0,0.0
2019-09-03 00:00:00,2.7918942901242136,2.8195828872876727,2.782664909308561,2.8103532791137695,577162,0.0,0.0
2019-09-04 00:00:00,2.819583334905544,2.8565008640289307,2.814968416406834,2.8565008640289307,519095,0.0,0.0
2019-09-05 00:00:00,2.8841888300563183,2.8841888300563183,2.838041694186848,2.8426566123962402,1234813,0.0,0.0
2019-09-06 00:00:00,2.856500773715516,2.861115237351758,2.833427318742908,2.8380417823791504,887235,0.0,0.0
2019-09-09 00:00:00,2.8426567007319514,2.851885855362715,2.833427318742908,2.8380417823791504,526534,0.0,0.0
2019-09-10 00:00:00,2.8426567007319514,2.8472711643681934,2.833427318742908,2.8380417823791504,594624,0.0,0.0
2019-09-11 00:00:00,2.8380411765947593,2.847270556613777,2.8288115692175113,2.8334267139434814,689268,0.0,0.0
2019-09-12 00:00:00,2.8426560939624985,2.851885246623285,2.8288115692175113,2.8334267139434814,960181,0.0,0.0
2019-09-13 00:00:00,2.847617707787069,2.880729696063058,2.847617707787069,2.8759992122650146,503493,0.145176,0.0
2019-09-16 00:00:00,2.8759992122650146,2.8854599468093824,2.8665389438240854,2.8759992122650146,252418,0.0,0.0
2019-09-17 00:00:00,2.861808491426047,2.8712692260742188,2.857078473679544,2.8712692260742188,266160,0.0,0.0
2019-09-18 00:00:00,2.861808331309376,2.8712690654282245,2.842887562226805,2.8570783138275146,277629,0.0,0.0
2019-09-19 00:00:00,2.861808138415822,2.8807293723264684,2.8428873706085613,2.8476173877716064,455861,0.0,0.0
2019-09-20 00:00:00,2.8523473041739797,2.8665382862091064,2.8381565551905186,2.8665382862091064,502770,0.0,0.0
2019-09-23 00:00:00,2.866538595949498,2.885459596638599,2.847617362208706,2.8523476123809814,1238326,0.0,0.0
2019-09-24 00:00:00,2.861808331309376,2.8854598170289343,2.852347830242236,2.8570783138275146,1023621,0.0,0.0
2019-09-25 00:00:00,2.861808331309376,2.8712690654282245,2.847617579708666,2.8570783138275146,377336,0.0,0.0
2019-09-26 00:00:00,2.857077932796859,2.857077932796859,2.833426683283229,2.8381567001342773,501633,0.0,0.0
2019-09-27 00:00:00,2.8381563717736267,2.8428868541807373,2.80031437692995,2.809774875640869,1190488,0.0,0.0
2019-09-30 00:00:00,2.809775019473459,2.8286962509155273,2.8050450029275202,2.8286962509155273,456274,0.0,0.0
2019-10-01 00:00:00,2.8334271292603934,2.8381571468559397,2.8003151416778564,2.8003151416778564,405336,0.0,0.0
2019-10-02 00:00:00,2.790854161923841,2.800314895438167,2.7293606758650397,2.7577426433563232,1194414,0.0,0.0
2019-10-03 00:00:00,2.7577423600327196,2.771933109268745,2.7246303787636568,2.7672030925750732,808089,0.0,0.0
2019-10-04 00:00:00,2.7955848910305963,2.8050456253768314,2.7813943721405296,2.8003151416778564,471876,0.0,0.0
2019-10-07 00:00:00,2.7955844909531975,2.805045223945503,2.781393974093942,2.7861239910125732,371343,0.0,0.0
2019-10-08 00:00:00,2.767203876525272,2.7766639125926487,2.748282639131839,2.7530126571655273,560734,0.0,0.0
2019-10-09 00:00:00,2.762472346327623,2.7908538444873585,2.7530118469410447,2.771933078765869,361321,0.0,0.0
2019-10-10 00:00:00,2.771933447384329,2.8050454326923338,2.767203430113698,2.7908542156219482,291268,0.0,0.0
2019-10-11 00:00:00,2.8050456253768314,2.8381571468559397,2.7955848910305963,2.8003151416778564,504836,0.0,0.0
2019-10-14 00:00:00,2.8097752408641337,2.8097752408641337,2.781393974093942,2.7861239910125732,308832,0.0,0.0
2019-10-15 00:00:00,2.79085364516738,2.809774875640869,2.79085364516738,2.809774875640869,237023,0.0,0.0
2019-10-16 00:00:00,2.809774875640869,2.814504891944678,2.79085364516738,2.809774875640869,200963,0.0,0.0
2019-10-17 00:00:00,2.814504891944678,2.819235607403439,2.80031437692995,2.809774875640869,436230,0.0,0.0
2019-10-18 00:00:00,2.8050450029275202,2.8428869997083317,2.8050450029275202,2.8286962509155273,708486,0.0,0.0
2019-10-21 00:00:00,2.838157016012296,2.842887499493188,2.809775513437167,2.8239662647247314,532113,0.0,0.0
2019-10-22 00:00:00,2.8239657682662633,2.8381565170590677,2.8192357517203246,2.8286962509155273,324021,0.0,0.0
2019-10-23 00:00:00,2.8192357517203246,2.8381565170590677,2.8192357517203246,2.8286962509155273,344376,0.0,0.0
2019-10-24 00:00:00,2.8286962259690176,2.838156492029127,2.8192357268572477,2.8334264755249023,409262,0.0,0.0
2019-10-25 00:00:00,2.823965950426099,2.8523474498424553,2.823965950426099,2.8381567001342773,317822,0.0,0.0
2019-10-28 00:00:00,2.842887183088681,2.857077932796859,2.8381567001342773,2.8381567001342773,392421,0.0,0.0
2019-10-29 00:00:00,2.8381567001342773,2.8476171999397293,2.833426683283229,2.8381567001342773,326707,0.0,0.0
2019-10-30 00:00:00,2.838156680240985,2.847617179980126,2.8192359138143783,2.8428871631622314,408332,0.0,0.0
2019-10-31 00:00:00,2.8381568873421297,2.8476173877716064,2.8239661366979147,2.8476173877716064,367313,0.0,0.0
2019-11-01 00:00:00,2.8523473041739797,2.8712685358702603,2.8523473041739797,2.8665382862091064,305733,0.0,0.0
2019-11-04 00:00:00,2.875999243820722,2.8807297276706687,2.8712692260742188,2.8712692260742188,488511,0.0,0.0
2019-11-05 00:00:00,2.8712691945704094,2.899650465996636,2.8712691945704094,2.8759992122650146,551435,0.0,0.0
2019-11-06 00:00:00,2.8807297276706687,2.885459978468894,2.866538975275994,2.8712692260742188,408642,0.0,0.0
2019-11-07 00:00:00,2.885459978468894,2.894920480065344,2.8712692260742188,2.8712692260742188,556291,0.0,0.0
2019-11-08 00:00:00,2.8665390503276904,2.8996505737304688,2.8665390503276904,2.8996505737304688,542962,0.0,0.0
2019-11-11 00:00:00,2.885459847952565,2.899650366653647,2.8807295973683007,2.8949203491210938,328980,0.0,0.0
2019-11-12 00:00:00,2.8901900479795626,2.909110815408249,2.8901900479795626,2.9043807983398438,349232,0.0,0.0
2019-11-13 00:00:00,2.8996505737304688,2.8996505737304688,2.88546005401598,2.8996505737304688,353675,0.0,0.0
2019-11-14 00:00:00,2.899650082116373,2.909110815408249,2.894920065047968,2.9043807983398438,417115,0.0,0.0
2019-11-15 00:00:00,2.9043807983398438,2.913841298580031,2.899650082116373,2.9043807983398438,660337,0.0,0.0
2019-11-18 00:00:00,2.899650366653647,2.909111100873887,2.8901903315885407,2.8949203491210938,690508,0.0,0.0
2019-11-19 00:00:00,2.9043807983398438,2.909110815408249,2.8901900479795626,2.9043807983398438,426931,0.0,0.0
2019-11-20 00:00:00,2.8949201620409215,2.904380895649775,2.8854596614837646,2.8854596614837646,469810,0.0,0.0
2019-11-21 00:00:00,2.8901896476745605,2.894919664087836,2.8854591651579726,2.8901896476745605,319371,0.0,0.0
2019-11-22 00:00:00,2.899650526625615,2.909111261367798,2.8949205088321097,2.909111261367798,433233,0.0,0.0
2019-11-25 00:00:00,2.9043807983398438,2.913841298580031,2.899650082116373,2.9043807983398438,579642,0.0,0.0
2019-11-26 00:00:00,2.9043812435742926,2.9138417452647514,2.899650526625615,2.909111261367798,364110,0.0,0.0
2019-11-27 00:00:00,2.9043812435742926,2.9138417452647514,2.9043812435742926,2.909111261367798,406369,0.0,0.0
2019-11-29 00:00:00,2.909111162434709,2.9327624158565238,2.904381144802062,2.928032398223877,362044,0.0,0.0
2019-12-02 00:00:00,2.913841646170788,2.9327624158565238,2.909111162434709,2.928032398223877,554225,0.0,0.0
2019-12-03 00:00:00,2.9043809285007165,2.928032180161124,2.8807294437886104,2.9233016967773438,717578,0.0,0.0
2019-12-04 00:00:00,2.9280316527305774,2.9374919186389503,2.9233011701989056,2.9327616691589355,402546,0.0,0.0
2019-12-05 00:00:00,2.932762306717798,2.946953058242798,2.923301805701132,2.946953058242798,380642,0.0,0.0
2019-12-06 00:00:00,2.9516831762328315,2.9706039428710938,2.9469526932586674,2.9706039428710938,476009,0.0,0.0
2019-12-09 00:00:00,2.970603973600033,2.9800647065945474,2.9564134567374647,2.965873956680298,503286,0.0,0.0
2019-12-10 00:00:00,2.970604711199953,2.980065446543564,2.951683939667948,2.961144208908081,737416,0.0,0.0
2019-12-11 00:00:00,2.956413350938064,2.9847946166992188,2.94222260153165,2.9847946166992188,1041186,0.0,0.0
2019-12-12 00:00:00,2.9702588071631517,3.0090225288795778,2.9654136105161104,3.0041770935058594,879279,0.145176,0.0
2019-12-13 00:00:00,2.9896409126689862,3.009022654976074,2.9508774280548096,2.9508774280548096,615702,0.0,0.0
2019-12-16 00:00:00,2.955722918914641,2.9654137902494404,2.9460318088531494,2.9460318088531494,738966,0.0,0.0
2019-12-17 00:00:00,2.9460318088531494,2.955722918914641,2.9411866119124417,2.9460318088531494,442326,0.0,0.0
2019-12-18 00:00:00,2.950876789979797,2.9654130935668945,2.950876789979797,2.9654130935668945,493057,0.0,0.0
2019-12-19 00:00:00,2.9654136990439457,2.9799500055990604,2.950877392488831,2.975104808807373,691954,0.0,0.0
2019-12-20 00:00:00,2.965413407626694,2.994486017879898,2.965413407626694,2.979949712753296,1221381,0.0,0.0
2019-12-23 00:00:00,2.984795331954956,3.0090222679963885,2.9799496582746814,2.984795331954956,1043976,0.0,0.0
2019-12-24 00:00:00,2.984795331954956,2.994485963135535,2.9799496582746814,2.984795331954956,221938,0.0,0.0
2019-12-26 00:00:00,2.9847954958810874,2.9896406923741488,2.9702587127685547,2.9702587127685547,532527,0.0,0.0
2019-12-27 00:00:00,2.979950041515442,2.979950041515442,2.94603175375135,2.9508774280548096,1014219,0.0,0.0
2019-12-30 00:00:00,2.955722549113085,2.955722549113085,2.936340808868408,2.936340808868408,634610,0.0,0.0
2019-12-31 00:00:00,2.9363411213244937,2.9557228636315815,2.9266502501709493,2.9508774280548096,385188,0.0,0.0
2020-01-02 00:00:00,2.955721855163574,2.9751038295843792,2.9411855533929248,2.955721855163574,695674,0.0,0.0
2020-01-03 00:00:00,2.9363411762450418,2.9460318088531494,2.9266503049102424,2.9460318088531494,277939,0.0,0.0
2020-01-06 00:00:00,2.9411865569012656,2.9557228636315815,2.9363411213244937,2.9508774280548096,669430,0.0,0.0
2020-01-07 00:00:00,2.9411866119124417,2.955722918914641,2.9411866119124417,2.9460318088531494,480969,0.0,0.0
2020-01-08 00:00:00,2.9460306954038122,2.965412669474706,2.941185500294341,2.9605674743652344,503596,0.0,0.0
2020-01-09 00:00:00,2.9702587127685547,2.9896406923741488,2.9654135162754933,2.9702587127685547,442946,0.0,0.0
2020-01-10 00:00:00,2.9751048446653576,2.979950041515442,2.9508774280548096,2.9508774280548096,444289,0.0,0.0
2020-01-13 00:00:00,2.960567474365235,2.960567474365235,2.9460306954038122,2.9605674743652344,591008,0.0,0.0
2020-01-14 00:00:00,2.96056752781373,2.970257918207617,2.955721855163574,2.955721855163574,452761,0.0,0.0
2020-01-15 00:00:00,2.960568211311154,2.984795386522158,2.960568211311154,2.979949712753296,469396,0.0,0.0
2020-01-16 00:00:00,2.989640366195396,2.9993314743041988,2.98479517023096,2.999331474304199,600307,0.0,0.0
2020-01-17 00:00:00,2.994486168431507,3.009022474288941,2.9896407331456962,3.0090224742889404,787528,0.0,0.0
2020-01-21 00:00:00,3.009022433253073,3.018713303692535,2.9702587127685547,2.9702587127685547,1128494,0.0,0.0
2020-01-22 00:00:00,2.9896408766358036,2.9896408766358036,2.9702588958356326,2.975104808807373,518681,0.0,0.0
2020-01-23 00:00:00,2.9751048088073735,2.9799500055990604,2.9605685022522588,2.975104808807373,431064,0.0,0.0
2020-01-24 00:00:00,2.975104900310932,2.9896409685864396,2.9460318088531494,2.9460318088531494,682965,0.0,0.0
2020-01-27 00:00:00,2.931494874371083,2.931494874371083,2.9169585704803467,2.9169585704803467,1173853,0.0,0.0
2020-01-28 00:00:00,2.9363411213244937,2.9508774280548096,2.9266502501709493,2.9508774280548096,571273,0.0,0.0
2020-01-29 00:00:00,2.965412669474706,2.9702578645841773,2.941185500294341,2.9605674743652344,601443,0.0,0.0
2020-01-30 00:00:00,2.950877483247241,2.950877483247241,2.93149550185095,2.9460318088531494,604853,0.0,0.0
2020-01-31 00:00:00,2.9411863530249382,2.946031549539165,2.9266500473022456,2.926650047302246,589561,0.0,0.0
2020-02-03 00:00:00,2.9411855533929248,2.955721855163574,2.936340119469375,2.955721855163574,542549,0.0,0.0
2020-02-04 00:00:00,2.9702578645841773,2.979948970982925,2.960567474365235,2.9605674743652344,627171,0.0,0.0
2020-02-05 00:00:00,2.9751045164377565,2.984795386522158,2.9751045164377565,2.979949712753296,393557,0.0,0.0
2020-02-06 00:00:00,2.9847945640832405,2.999330865204468,2.979948891649569,2.9896397590637207,399860,0.0,0.0
2020-02-07 00:00:00,2.9799498219346865,2.9847954958810874,2.9702587127685547,2.9702587127685547,428274,0.0,0.0
2020-02-10 00:00:00,2.9702577855088217,2.9896397590637207,2.965412590528341,2.9896397590637207,373099,0.0,0.0
2020-02-11 00:00:00,2.9993316368158096,2.9993316368158096,2.984795331954956,2.984795331954956,467433,0.0,0.0
2020-02-12 00:00:00,2.9993314743041988,3.0041766702686346,2.9944858008864754,2.999331474304199,507729,0.0,0.0
2020-02-13 00:00:00,2.9944858008864754,3.0041766702686346,2.98479517023096,2.999331474304199,463610,0.0,0.0
2020-02-14 00:00:00,3.009022474288941,3.009022474288941,2.9993318424439916,3.0090224742889404,354295,0.0,0.0
2020-02-18 00:00:00,3.0090225288795778,3.018713399627015,3.0041770935058594,3.0041770935058594,700530,0.0,0.0
2020-02-19 00:00:00,3.0187137126922607,3.0284048231714227,3.0138685155427334,3.0187137126922607,503390,0.0,0.0
2020-02-20 00:00:00,3.023559387295193,3.0284048231714227,3.009022840939801,3.0187137126922607,723571,0.0,0.0
2020-02-21 00:00:00,3.0187137126922607,3.0187137126922607,3.009022840939801,3.0187137126922607,389218,0.0,0.0
2020-02-24 00:00:00,2.979949669425483,2.979949669425483,2.931495080981333,2.9411861896514893,1835636,0.0,0.0
2020-02-25 00:00:00,2.9460311782618196,2.9557222862489514,2.8927313973291193,2.9169585704803467,2482438,0.0,0.0
2020-02-26 00:00:00,2.907267701219856,2.9557222862489514,2.907267701219856,2.9169585704803467,1824271,0.0,0.0
2020-02-27 00:00:00,2.8830410353279494,2.887886948665355,2.7328322841972326,2.7667505741119385,2712745,0.0,0.0
2020-02-28 00:00:00,2.6843777249043486,2.708604422907319,2.505095910347756,2.679532051086426,3862730,0.0,0.0
2020-03-02 00:00:00,2.6892228756986776,2.87819531850889,2.6795320056803753,2.8539681434631348,2200160,0.0,0.0
2020-03-03 00:00:00,2.8878861319443274,2.9169585002996916,2.7958221600047573,2.8588130474090576,1823754,0.0,0.0
2020-03-04 00:00:00,2.8975771015548712,2.91695860155569,2.849122754736216,2.8927314281463623,1528147,0.0,0.0
2020-03-05 00:00:00,2.8491234419468108,2.8539686390706978,2.795822931410239,2.8103597164154053,1154738,0.0,0.0
2020-03-06 00:00:00,2.752213674929757,2.8345865447068626,2.7231410658742976,2.82004976272583,1120745,0.0,0.0
2020-03-09 00:00:00,2.5632412359860877,2.786131954695881,2.5632412359860877,2.7134501934051514,1469046,0.0,0.0
2020-03-10 00:00:00,2.8103587712575266,2.8200494009729247,2.6407680960689515,2.7231407165527344,1340203,0.0,0.0
2020-03-11 00:00:00,2.6601508381847245,2.689223213161176,2.577777955239112,2.611696243286133,1677036,0.0,0.0
2020-03-12 00:00:00,2.456641387058323,2.4760233666735,2.267669174668711,2.354887008666992,2067700,0.0,0.0
2020-03-13 00:00:00,2.471177415668883,2.519632001184339,2.359732656781257,2.4857141971588135,1426787,0.0,0.0
2020-03-16 00:00:00,2.2910501426297114,2.340964211782971,2.1213428977100164,2.161273956298828,1923564,0.145176,0.0
2020-03-17 00:00:00,2.1962134621808316,2.2511191614633015,2.10636833134873,2.1712563037872314,1284098,0.0,0.0
2020-03-18 00:00:00,2.0864025633258216,2.0864025633258216,1.7619620386383343,1.876764178276062,2281888,0.0,0.0
2020-03-19 00:00:00,1.751979185172632,1.9166952641680406,1.4425127988155018,1.9017211198806763,4218161,0.0,0.0
2020-03-20 00:00:00,1.9416525441731547,2.046471690634081,1.8368327829191469,1.8817555904388428,1500250,0.0,0.0
2020-03-23 00:00:00,1.8168676471425331,1.8168676471425331,1.5473322557805358,1.6022374629974365,2545672,0.0,0.0
2020-03-24 00:00:00,1.9566266911592787,2.0065407609482855,1.8168676154424823,1.9216867685317993,2122358,0.0,0.0
2020-03-25 00:00:00,1.9765915516369852,2.2960408167380977,1.9666092808341598,2.146298885345459,2410939,0.0,0.0
2020-03-26 00:00:00,2.171256108200793,2.435800340288975,2.1662649720723777,2.3808951377868652,2098077,0.0,0.0
2020-03-27 00:00:00,2.296040671106769,2.296040671106769,2.1862302890623475,2.2211697101593018,948815,0.0,0.0
2020-03-30 00:00:00,2.1962129377558837,2.2311528527968596,2.1263335995083223,2.186230421066284,713445,0.0,0.0
2020-03-31 00:00:00,2.2012050905933545,2.2461275330507786,2.151291019723408,2.1712563037872314,759011,0.0,0.0
2020-04-01 00:00:00,2.0864027388910285,2.0864027388910285,1.9765917254332768,1.9815834760665894,815322,0.0,0.0
2020-04-02 00:00:00,1.9366606994289257,2.026505818282451,1.9366606994289257,2.006540536880493,506283,0.0,0.0
2020-04-03 00:00:00,1.996557337682588,2.041479644159123,1.8917380897501113,1.9166951179504395,676249,0.0,0.0
2020-04-06 00:00:00,2.016522768864572,2.081410727413312,2.0065403748867214,2.0764195919036865,634817,0.0,0.0
2020-04-07 00:00:00,2.1812386141317885,2.2361438039454784,2.14130756699456,2.1562817096710205,824104,0.0,0.0
2020-04-08 00:00:00,2.161273384052252,2.236143853165359,2.146298749211834,2.2211697101593018,391491,0.0,0.0
2020-04-09 00:00:00,2.246127630667967,2.32099861726817,2.246127630667967,2.3110156059265137,1021658,0.0,0.0
2020-04-13 00:00:00,2.3259891997705817,2.3259891997705817,2.1562819820805648,2.181238889694214,946335,0.0,0.0
2020-04-14 00:00:00,2.2461269520995173,2.2611008497951364,2.1962128941396313,2.2561097145080566,439743,0.0,0.0
2020-04-15 00:00:00,2.196213116076771,2.2111877530372137,2.1313249079468326,2.1762478351593018,543582,0.0,0.0
2020-04-16 00:00:00,2.166264441324087,2.1762474488867123,2.086402348160456,2.131324529647827,690818,0.0,0.0
2020-04-17 00:00:00,2.2061959657697434,2.2411358850140184,2.1862306840715107,2.2111878395080566,483448,0.0,0.0
2020-04-20 00:00:00,2.196213116076771,2.241135797372025,2.171255961616201,2.1762478351593018,619111,0.0,0.0
2020-04-21 00:00:00,2.1363164023048964,2.1562816796786333,2.1063676255341925,2.131324529647827,350678,0.0,0.0
2020-04-22 00:00:00,2.1862308679168354,2.20120501488764,2.1462993174935336,2.161273956298828,355224,0.0,0.0
2020-04-23 00:00:00,2.171255471680856,2.2061953816747137,2.1363162994384766,2.1363162994384766,535626,0.0,0.0
2020-04-24 00:00:00,2.14130756699456,2.1812386141317885,2.136316432019581,2.1562817096710205,377129,0.0,0.0
2020-04-27 00:00:00,2.181238970950758,2.196213116076771,2.166264825824745,2.1762478351593018,602063,0.0,0.0
2020-04-28 00:00:00,2.2211701114813365,2.2461272669178824,2.2012048297831037,2.2111878395080566,379609,0.0,0.0
2020-04-29 00:00:00,2.2511189969077416,2.3010325722945266,2.2361443586820644,2.2860584259033203,1079415,0.0,0.0
2020-04-30 00:00:00,2.2710839126591353,2.276075539900465,2.241135624714333,2.2660927772521973,534180,0.0,0.0
2020-05-01 00:00:00,2.2211707032411425,2.2411364820930664,2.1562827212035813,2.1662654876708984,583155,0.0,0.0
2020-05-04 00:00:00,2.0963856893268003,2.1562822757572224,2.0764199145994207,2.1512908935546875,672943,0.0,0.0
2020-05-05 00:00:00,2.171255961616201,2.206195879494113,2.171255961616201,2.1762478351593018,350885,0.0,0.0
2020-05-06 00:00:00,2.196212944448737,2.196212944448737,2.146298885345459,2.146298885345459,399653,0.0,0.0
2020-05-07 00:00:00,2.166264825824745,2.191221980285315,2.166264825824745,2.1762478351593018,458341,0.0,0.0
2020-05-08 00:00:00,2.2061959657697434,2.216178975494697,2.191222065975375,2.2111878395080566,520955,0.0,0.0
2020-05-11 00:00:00,2.186230394616309,2.221169817400183,2.181238767456108,2.201204538345337,513412,0.0,0.0
2020-05-12 00:00:00,2.211188025452088,2.2161791618584443,2.1562823280579817,2.161273956298828,319061,0.0,0.0
2020-05-13 00:00:00,2.1562821586267504,2.1562821586267504,2.071428665792942,2.0913939476013184,526637,0.0,0.0
2020-05-14 00:00:00,2.0464713738340987,2.1113594536778444,2.0215144673398107,2.106367826461792,721298,0.0,0.0
2020-05-15 00:00:00,2.0963853904359877,2.106367907500568,2.0664368555734307,2.10137677192688,433853,0.0,0.0
2020-05-18 00:00:00,2.14629925932747,2.2012049552335973,2.14629925932747,2.1912221908569336,805919,0.0,0.0
2020-05-19 00:00:00,2.196213034262403,2.2061957973078625,2.1612736095205003,2.181238889694214,636676,0.0,0.0
2020-05-20 00:00:00,2.221169764736926,2.2411355351527726,2.2111874943219676,2.2311527729034424,787115,0.0,0.0
2020-05-21 00:00:00,2.221170029846168,2.2311530392042136,2.191221985440894,2.2161788940429688,1224997,0.0,0.0
2020-05-22 00:00:00,2.2161785750744625,2.2211697101593018,2.1812386621431483,2.2211697101593018,731837,0.0,0.0
2020-05-26 00:00:00,2.2860582483249483,2.306024021212874,2.2710841030969164,2.2960410118103027,871426,0.0,0.0
2020-05-27 00:00:00,2.3359724534588167,2.3808951377868652,2.3110152973133538,2.3808951377868652,612705,0.0,0.0
2020-05-28 00:00:00,2.3958689357791,2.425816977783984,2.3908773085415578,2.400860071182251,876799,0.0,0.0
2020-05-29 00:00:00,2.395869145765828,2.4358001998283716,2.375903372817339,2.415834426879883,687201,0.0,0.0
2020-06-01 00:00:00,2.425817125824909,2.4857141971588135,2.410843226867249,2.4857141971588135,613532,0.0,0.0
2020-06-02 00:00:00,2.5106713501160254,2.565576553344727,2.4907055757519903,2.5655765533447266,670050,0.0,0.0
2020-06-03 00:00:00,2.5955248445376076,2.685369968414306,2.5855423262371238,2.6853699684143066,783808,0.0,0.0
2020-06-04 00:00:00,2.695352462692329,2.7851975775710347,2.655421409820553,2.7802064418792725,862024,0.0,0.0
2020-06-05 00:00:00,2.8700517507550876,2.924956952165019,2.8450948410233003,2.890017032623291,1083135,0.0,0.0
2020-06-08 00:00:00,2.899999599754634,2.919965370409559,2.865059685546407,2.914973497390747,890541,0.0,0.0
2020-06-09 00:00:00,2.8850258435682115,2.895008607277446,2.860068688377903,2.8800339698791504,657238,0.0,0.0
2020-06-10 00:00:00,2.8650610130474874,2.8800349176216287,2.7502587007784753,2.7752158641815186,1249898,0.0,0.0
2020-06-11 00:00:00,2.605507073231582,2.640446986729444,2.495696689406594,2.595524311065674,1340099,0.0,0.0
2020-06-12 00:00:00,2.6953523623852944,2.700343743808513,2.620481395119814,2.6654043197631836,810259,0.0,0.0
2020-06-15 00:00:00,2.5370127350822167,2.644861196443169,2.4394353027310056,2.5986406803131104,1034677,0.145176,0.0
2020-06-16 00:00:00,2.680811267664846,2.6910828039923786,2.60377638986868,2.6294548511505127,530047,0.0,0.0
2020-06-17 00:00:00,2.6499973435096273,2.6551327315021807,2.5986406803131104,2.5986406803131104,390044,0.0,0.0
2020-06-18 00:00:00,2.567827266380763,2.5935057288130787,2.567827266380763,2.5780982971191406,240329,0.0,0.0
2020-06-19 00:00:00,2.6294549689590947,2.6602690732729384,2.552419834686825,2.5780982971191406,607333,0.0,0.0
2020-06-22 00:00:00,2.5729628697137144,2.614048004150391,2.5524197964460282,2.6140480041503906,388908,0.0,0.0
2020-06-23 00:00:00,2.7064904066105755,2.7167616924852154,2.649998334300056,2.6551337242126465,1271699,0.0,0.0
2020-06-24 00:00:00,2.6448616019532243,2.6654046752209104,2.578098258493625,2.6140480041503906,1137690,0.0,0.0
2020-06-25 00:00:00,2.6037770134064373,2.6191839420503014,2.5626918703561334,2.5883700847625732,359977,0.0,0.0
2020-06-26 00:00:00,2.578098510689113,2.578098510689113,2.5061995183916057,2.5216064453125,617458,0.0,0.0
2020-06-29 00:00:00,2.5216056985607644,2.567826718660191,2.5216056985607644,2.5575554370880127,427757,0.0,0.0
2020-06-30 00:00:00,2.5626914886599867,2.5935058474075707,2.557556099568308,2.5832343101501465,543169,0.0,0.0
2020-07-01 00:00:00,2.588369779225588,2.608912854375243,2.5678274631500244,2.5678274631500244,349955,0.0,0.0
2020-07-02 00:00:00,2.6191839420503014,2.634591376743619,2.5780987989999975,2.5883700847625732,536556,0.0,0.0
2020-07-06 00:00:00,2.6602686255440036,2.6602686255440036,2.5832337572615454,2.5986406803131104,666640,0.0,0.0
2020-07-07 00:00:00,2.5986416235498764,2.6037770134064373,2.5780987989999975,2.5883700847625732,368553,0.0,0.0
2020-07-08 00:00:00,2.593505620956421,2.614047934603556,2.572962801259951,2.593505620956421,358014,0.0,0.0
2020-07-09 00:00:00,2.5986413168004154,2.5986413168004154,2.5267418189001085,2.5678274631500244,445942,0.0,0.0
2020-07-10 00:00:00,2.5472845623108835,2.5883696992418246,2.5370132780781485,2.5832343101501465,497190,0.0,0.0
2020-07-13 00:00:00,2.598640870413712,2.598640870413712,2.531877279281616,2.531877279281616,522504,0.0,0.0
2020-07-14 00:00:00,2.5318775821154067,2.567827329190113,2.5164709091186523,2.5164709091186523,642772,0.0,0.0
2020-07-15 00:00:00,2.5626915030385335,2.588369713764445,2.526741754997567,2.537013292312622,695260,0.0,0.0
2020-07-16 00:00:00,2.547283902491211,2.5575554370880127,2.531876980132943,2.5575554370880127,335283,0.0,0.0
2020-07-17 00:00:00,2.5678274506187924,2.6089128416435106,2.557556166118787,2.603776693344116,482002,0.0,0.0
2020-07-20 00:00:00,2.6037763770472258,2.6243191965764687,2.5883694521687923,2.619183301925659,350472,0.0,0.0
2020-07-21 00:00:00,2.639726546487318,2.639726546487318,2.6037767962912355,2.608912944793701,348199,0.0,0.0
2020-07-22 00:00:00,2.608912654457662,2.608912654457662,2.5780982971191406,2.5780982971191406,353055,0.0,0.0
2020-07-23 00:00:00,2.5832336410184586,2.5883690287799244,2.542148514729745,2.5575554370880127,587185,0.0,0.0
2020-07-24 00:00:00,2.55755575276641,2.5678270356063697,2.52674139819722,2.5421488285064697,406989,0.0,0.0
2020-07-27 00:00:00,2.5575554370880127,2.567826718660191,2.537012620919032,2.5575554370880127,387668,0.0,0.0
2020-07-28 00:00:00,2.542149187482495,2.5472845766029866,2.53187765016744,2.537013292312622,278249,0.0,0.0
2020-07-29 00:00:00,2.54214842546487,2.567826628493653,2.54214842546487,2.5626907348632812,633887,0.0,0.0
2020-07-30 00:00:00,2.5524192006271536,2.567826628493653,2.526740997598371,2.5626907348632812,422074,0.0,0.0
2020-07-31 00:00:00,2.5678271193378506,2.572962760925293,2.5318773752010895,2.572962760925293,657548,0.0,0.0
2020-08-03 00:00:00,2.5780982971191406,2.5935057288130787,2.567827266380763,2.5780982971191406,434163,0.0,0.0
2020-08-04 00:00:00,2.567827021234487,2.655132924885504,2.567827021234487,2.624319076538086,1165587,0.0,0.0
2020-08-05 00:00:00,2.6551329958135708,2.685947351033457,2.6345906827245207,2.6448614597320557,815218,0.0,0.0
2020-08-06 00:00:00,2.655133195607508,2.6910829420363145,2.6448616587530784,2.6808114051818848,613945,0.0,0.0
2020-08-07 00:00:00,2.6808114051818848,2.6962183309265106,2.6756760162916886,2.6808114051818848,504010,0.0,0.0
2020-08-10 00:00:00,2.7013541675952037,2.7578462221488658,2.7013541675952037,2.7527105808258057,624794,0.0,0.0
2020-08-11 00:00:00,2.773252936018603,2.7989313960560125,2.7578462648356035,2.762981653213501,649178,0.0,0.0
2020-08-12 00:00:00,2.7886603258234772,2.814338790148186,2.7886603258234772,2.8092031478881836,330220,0.0,0.0
2020-08-13 00:00:00,2.814338790148186,2.8194746854328847,2.7886603258234772,2.8092031478881836,392627,0.0,0.0
2020-08-14 00:00:00,2.804066936719214,2.824609756469727,2.7989315480624204,2.8246097564697266,262027,0.0,0.0
2020-08-17 00:00:00,2.8246100863696175,2.8246100863696175,2.8092031595257843,2.819474697113037,437470,0.0,0.0
2020-08-18 00:00:00,2.824610048140764,2.824610048140764,2.7886602996336736,2.798931837081909,558564,0.0,0.0
2020-08-19 00:00:00,2.7835246333574086,2.8092028418600963,2.773253096931665,2.778388738632202,438813,0.0,0.0
2020-08-20 00:00:00,2.7732532024383545,2.7835247392548723,2.7732532024383545,2.7732532024383545,325777,0.0,0.0
2020-08-21 00:00:00,2.7681179721214164,2.7937961830718314,2.7629820769066407,2.7886602878570557,433233,0.0,0.0
2020-08-24 00:00:00,2.8246090110600637,2.8246090110600637,2.8040661967307656,2.814337730407715,346959,0.0,0.0
2020-08-25 00:00:00,2.8246090110600637,2.8246090110600637,2.8040661967307656,2.814337730407715,363594,0.0,0.0
2020-08-26 00:00:00,2.819474697113037,2.8246100863696175,2.8092031595257843,2.819474697113037,352641,0.0,0.0
2020-08-27 00:00:00,2.8194743678129335,2.8348812928573173,2.814338473106804,2.8246097564697266,424864,0.0,0.0
2020-08-28 00:00:00,2.8194746854328847,2.824610074668191,2.8040672526034847,2.8092031478881836,477146,0.0,0.0
2020-08-31 00:00:00,2.814338473106804,2.824609756469727,2.809202831425343,2.8246097564697266,359254,0.0,0.0
2020-09-01 00:00:00,2.8246100863696175,2.8246100863696175,2.8092031595257843,2.819474697113037,491508,0.0,0.0
2020-09-02 00:00:00,2.814338473106804,2.8348812928573173,2.804066936719214,2.8246097564697266,536970,0.0,0.0
2020-09-03 00:00:00,2.819474087582378,2.8246094757287596,2.7681174228474914,2.8040666580200195,880105,0.0,0.0
2020-09-04 00:00:00,2.8040661967307656,2.81947362375849,2.732167232164326,2.814337730407715,720368,0.0,0.0
2020-09-08 00:00:00,2.7783886964650315,2.804066904578005,2.747574846729463,2.768117666244507,677592,0.0,0.0
2020-09-09 00:00:00,2.804066652386542,2.8554233170182504,2.798931264250477,2.850287675857544,792074,0.0,0.0
2020-09-10 00:00:00,2.850287675857544,2.8708299874757284,2.834881005400066,2.850287675857544,494401,0.0,0.0
2020-09-11 00:00:00,2.8605600211826663,2.865695410772837,2.814338984623992,2.8451530933380127,569826,0.0,0.0
2020-09-14 00:00:00,2.8451525386599874,2.8656948520899754,2.84001664402166,2.8605594635009766,822244,0.0,0.0
2020-09-15 00:00:00,2.8763933181762695,2.8975046702948233,2.8658375121033695,2.8763933181762695,573133,0.145176,0.0
2020-09-16 00:00:00,2.876392700582537,2.8816702124449765,2.8500035811071958,2.855281352996826,544202,0.0,0.0
2020-09-17 00:00:00,2.823614952785151,2.8288929851340034,2.7972260911769484,2.8183374404907227,512069,0.0,0.0
2020-09-18 00:00:00,2.818337050305722,2.828892593487639,2.755003271159865,2.760281562805176,540999,0.0,0.0
2020-09-21 00:00:00,2.7338919333861975,2.7444472145663323,2.675835936692001,2.707503080368042,841669,0.0,0.0
2020-09-22 00:00:00,2.707503802496659,2.744447946548462,2.6811149424402303,2.744447946548462,670566,0.0,0.0
2020-09-23 00:00:00,2.7866704437805154,2.823615112144293,2.7391707502321765,2.7497262954711914,1602746,0.0,0.0
2020-09-24 00:00:00,2.7286143630142248,2.7655590234985423,2.6758363880482734,2.6916697025299072,1615248,0.0,0.0
2020-09-25 00:00:00,2.6758363880482734,2.7075035370658838,2.6652813651148595,2.6916697025299072,480452,0.0,0.0
2020-09-28 00:00:00,2.7233376101236697,2.765559793835535,2.7233376101236697,2.7338931560516357,444599,0.0,0.0
2020-09-29 00:00:00,2.7338927162849425,2.7444480004877705,2.6969480514526367,2.6969480514526367,397380,0.0,0.0
2020-09-30 00:00:00,2.696948090081291,2.739170527633368,2.6705592291282465,2.6863925457000732,700943,0.0,0.0
2020-10-01 00:00:00,2.7075041966800133,2.72333751501903,2.6758370399475098,2.6758370399475098,391801,0.0,0.0
2020-10-02 00:00:00,2.638892299853273,2.686392244238403,2.638892299853273,2.6705589294433594,727911,0.0,0.0
2020-10-05 00:00:00,2.6916692485028944,2.71805810152105,2.675835936692001,2.707503080368042,386428,0.0,0.0
2020-10-06 00:00:00,2.7180588798854943,2.749726032629987,2.686392507222607,2.6969480514526367,740826,0.0,0.0
2020-10-07 00:00:00,2.712780957848477,2.7391700744628906,2.712780957848477,2.7391700744628906,342206,0.0,0.0
2020-10-08 00:00:00,2.7444477279779473,2.7655590743689586,2.7444477279779473,2.760281562805176,484378,0.0,0.0
2020-10-09 00:00:00,2.7655590801457746,2.7919479381556904,2.7550032769146315,2.770836591720581,442636,0.0,0.0
2020-10-12 00:00:00,2.807781993593857,2.83417111859183,2.786670641590029,2.823615312576294,762937,0.0,0.0
2020-10-13 00:00:00,2.8288930856492485,2.8288930856492485,2.7866703855214587,2.7972261905670166,502563,0.0,0.0
2020-10-14 00:00:00,2.797226490993722,2.818337843325011,2.7813931717656923,2.786670684814453,379092,0.0,0.0
2020-10-15 00:00:00,2.749725585909631,2.78139221345516,2.744447554624883,2.7761147022247314,344582,0.0,0.0
2020-10-16 00:00:00,2.7813928730395117,2.8183375406309117,2.7813928730395117,2.7972261905670166,480659,0.0,0.0
2020-10-19 00:00:00,2.80778125296164,2.818337056192783,2.7655590801457746,2.770836591720581,758804,0.0,0.0
2020-10-20 00:00:00,2.7813931049182896,2.886948823928833,2.7813931049182896,2.886948823928833,1372439,0.0,0.0
2020-10-21 00:00:00,2.9450034879551366,3.0347261226022466,2.9186146307219683,3.018892288208008,4013375,0.0,0.0
2020-10-22 00:00:00,3.0558367000061395,3.0611147310509836,2.9608365616604635,3.0083370208740234,2182285,0.0,0.0
2020-10-23 00:00:00,3.0347267197646706,3.045281744680579,2.987226247343661,3.013615369796753,978882,0.0,0.0
2020-10-26 00:00:00,3.013615369796753,3.013615369796753,2.9502815799202198,3.013615369796753,1544472,0.0,0.0
2020-10-27 00:00:00,3.008337020874023,3.0505591890155914,2.9872254167489434,3.0083370208740234,1134693,0.0,0.0
2020-10-28 00:00:00,2.9397274684327743,2.981949661433397,2.918616111905162,2.9344494342803955,1315405,0.0,0.0
2020-10-29 00:00:00,2.9344487179294987,2.9450042636028586,2.876393216726018,2.8975045680999756,1317575,0.0,0.0
2020-10-30 00:00:00,2.876392634422616,2.8869481779590878,2.791948026103655,2.813058853149414,1653891,0.0,0.0
2020-11-02 00:00:00,2.855281352996826,2.8922260162514273,2.839448037327936,2.855281352996826,880519,0.0,0.0
2020-11-03 00:00:00,2.902781285119674,2.97139257321415,2.8711146567809154,2.892225742340088,1281309,0.0,0.0
2020-11-04 00:00:00,2.9291708456337613,2.976670799551036,2.892226437031437,2.9555599689483643,630787,0.0,0.0
2020-11-05 00:00:00,2.987225659528206,3.0822258055947804,2.9766701166349385,3.018892288208008,1204850,0.0,0.0
2020-11-06 00:00:00,3.0188920428551196,3.0294478449176596,2.9819479057583953,3.0083370208740234,546165,0.0,0.0
2020-11-09 00:00:00,3.145560591478504,3.171949457171968,3.061115961232166,3.0716712474823,1598200,0.0,0.0
2020-11-10 00:00:00,3.092782202261791,3.135004381940596,3.0716708523951697,3.1138930320739746,1132627,0.0,0.0
2020-11-11 00:00:00,3.135004282517388,3.1666709162722193,3.1191709656399724,3.161393404006958,662404,0.0,0.0
2020-11-12 00:00:00,3.1508378982543945,3.1613937038677755,3.135004579875176,3.1508378982543945,924947,0.0,0.0
2020-11-13 00:00:00,3.156115653623008,3.1930597998995522,3.156115653623008,3.1877822875976562,1024551,0.0,0.0
2020-11-16 00:00:00,3.198337654980637,3.214170971090363,3.1877821109074858,3.203615427017212,1120435,0.0,0.0
2020-11-17 00:00:00,3.193059621108695,3.193059621108695,3.1613932489343726,3.1772263050079346,769136,0.0,0.0
2020-11-18 00:00:00,3.187782466051784,3.1930599786491185,3.1666711155263125,3.1719491481781006,666330,0.0,0.0
2020-11-19 00:00:00,3.171949130349518,3.198337993324,3.1561158125648285,3.182504415512085,652691,0.0,0.0
2020-11-20 00:00:00,3.1877821109074858,3.2088929390265895,3.177226306807137,3.203615427017212,331564,0.0,0.0
2020-11-23 00:00:00,3.2247274506087806,3.2616716025755506,3.214171644297522,3.24056077003479,934247,0.0,0.0
2020-11-24 00:00:00,3.266949820225369,3.266949820225369,3.224727632705109,3.2352826595306396,1138000,0.0,0.0
2020-11-25 00:00:00,3.2511155063369483,3.2827821372995536,3.2352816708012706,3.272226333618164,713342,0.0,0.0
2020-11-27 00:00:00,3.2775044441223145,3.2827824765220024,3.2669491594045827,3.2775044441223145,224108,0.0,0.0
2020-11-30 00:00:00,3.2986162328898296,3.303893745937853,3.27222710748622,3.288060426712036,863677,0.0,0.0
2020-12-01 00:00:00,3.314448833720695,3.3408379554748535,3.3091713214025194,3.3408379554748535,924844,0.0,0.0
2020-12-02 00:00:00,3.3408378611627874,3.3777825265647734,3.325004544573596,3.372504234313965,792074,0.0,0.0
2020-12-03 00:00:00,3.3936165751877754,3.430561248559062,3.3830607684907923,3.4252829551696777,875869,0.0,0.0
2020-12-04 00:00:00,3.4411156955359847,3.472782850265503,3.4411156955359847,3.472782850265503,896947,0.0,0.0
2020-12-07 00:00:00,3.483338653761767,3.504449485085214,3.467504815194279,3.4991719722747803,1269013,0.0,0.0
2020-12-08 00:00:00,3.499171404491835,3.5730602122298767,3.4833380885479692,3.5572268962860107,966793,0.0,0.0
2020-12-09 00:00:00,3.551948945052023,3.6100044296663074,3.5044484830405556,3.546670913696289,1594687,0.0,0.0
2020-12-10 00:00:00,3.4656975505413157,3.492689164166413,3.4441042064484555,3.460299015045166,1376469,0.145176,0.0
2020-12-11 00:00:00,3.4333086042983165,3.438707141267671,3.3577328102231485,3.3793256282806396,1186871,0.0,0.0
2020-12-14 00:00:00,3.417113247673921,3.4279097879671014,3.309147312814228,3.3253426551818848,685755,0.0,0.0
2020-12-15 00:00:00,3.346935463096536,3.3685288096035637,3.282155955503337,3.3145461082458496,577059,0.0,0.0
2020-12-16 00:00:00,3.3307402294668864,3.3631298461659105,3.3199436905672117,3.3523333072662354,545339,0.0,0.0
2020-12-17 00:00:00,3.384724117698809,3.395520925521851,3.352334226157647,3.3955209255218506,514135,0.0,0.0
2020-12-18 00:00:00,3.492689624173767,3.5088844349034276,3.422511313120061,3.4710962772369385,2218965,0.0,0.0
2020-12-21 00:00:00,3.4117157833402607,3.4602999563832926,3.352334270403715,3.4333086013793945,1004196,0.0,0.0
2020-12-22 00:00:00,3.4333078643673023,3.4333078643673023,3.3901214396677073,3.4009182453155518,488821,0.0,0.0
2020-12-23 00:00:00,3.400918018853538,3.4279093662660167,3.400918018853538,3.4171128273010254,379092,0.0,0.0
2020-12-24 00:00:00,3.4279093978466055,3.4333076673788345,3.4063160537537778,3.422510862350464,162320,0.0,0.0
2020-12-28 00:00:00,3.427910330378615,3.4495031484177487,3.427910330378615,3.4333086013793945,547612,0.0,0.0
2020-12-29 00:00:00,3.4333073640905654,3.438705899109816,3.4063157528498684,3.411714553833008,379919,0.0,0.0
2020-12-30 00:00:00,3.406315565109253,3.4333071748622954,3.390120758835752,3.406315565109253,640086,0.0,0.0
2020-12-31 00:00:00,3.411715520638186,3.411715520638186,3.3685290899933187,3.3847239017486572,694847,0.0,0.0
2021-01-04 00:00:00,3.4063156954405387,3.411714496332688,3.255163898474004,3.27675724029541,1492914,0.0,0.0
2021-01-05 00:00:00,3.265960695327999,3.3415369987487793,3.265960695327999,3.3415369987487793,523951,0.0,0.0
2021-01-06 00:00:00,3.3415367736481416,3.4279090781074015,3.3415367736481416,3.357731580734253,683275,0.0,0.0
2021-01-07 00:00:00,3.373926702524317,3.4387062028749757,3.3631298974959467,3.422510862350464,744442,0.0,0.0
2021-01-08 00:00:00,3.427908906104462,3.4333071748622954,3.3739262185261256,3.406315565109253,689164,0.0,0.0
2021-01-11 00:00:00,3.417112858782148,3.4279093978466055,3.3901212451570912,3.422510862350464,836400,0.0,0.0
2021-01-12 00:00:00,3.438707092958092,3.438707092958092,3.390122122664358,3.3955209255218506,804266,0.0,0.0
2021-01-13 00:00:00,3.4009177497583956,3.4171125569244807,3.395519746666923,3.411714553833008,444082,0.0,0.0
2021-01-14 00:00:00,3.4225108308196113,3.4279093662660167,3.384723210406051,3.4171128273010254,557944,0.0,0.0
2021-01-15 00:00:00,3.4171125569244807,3.4171125569244807,3.3739264044815873,3.411714553833008,587391,0.0,0.0
2021-01-19 00:00:00,3.4171128349793984,3.4279093739686504,3.379324682553107,3.3901212215423584,573856,0.0,0.0
2021-01-20 00:00:00,3.3955195595213343,3.422510371382754,3.3847227560417927,3.406315565109253,532113,0.0,0.0
2021-01-21 00:00:00,3.4171128470724623,3.4656975386599456,3.3847232299900814,3.4441041946411133,738553,0.0,0.0
2021-01-22 00:00:00,3.4117150509633967,3.427909594525344,3.4009182453155518,3.4009182453155518,616322,0.0,0.0
2021-01-25 00:00:00,3.411714556013152,3.417112559108074,3.3199434500855824,3.3469347953796387,1499010,0.0,0.0
2021-01-26 00:00:00,3.363130569458008,3.379325381290459,3.3361392164039225,3.363130569458008,450075,0.0,0.0
2021-01-27 00:00:00,3.3361389228249934,3.3361389228249934,3.2659611450960226,3.3145461082458496,709829,0.0,0.0
2021-01-28 00:00:00,3.3199434500855824,3.3631296025560724,3.309146646004071,3.3469347953796387,440673,0.0,0.0
2021-01-29 00:00:00,3.3361382440129588,3.3415367790142194,3.292952091713977,3.330739974975586,660957,0.0,0.0
2021-02-01 00:00:00,3.352333054577603,3.3685281276702885,3.3361382474488064,3.368528127670288,525294,0.0,0.0
2021-02-02 00:00:00,3.395520495562338,3.4279098510742188,3.3901216933884712,3.4279098510742188,500393,0.0,0.0
2021-02-03 00:00:00,3.4441048794705758,3.4549016866087965,3.400918714773552,3.438706874847412,548542,0.0,0.0
2021-02-04 00:00:00,3.4549010114768417,3.4602990150451665,3.4441042064484555,3.460299015045166,467433,0.0,0.0
2021-02-05 00:00:00,3.4710958200735527,3.4710958200735527,3.4441042064484555,3.460299015045166,549678,0.0,0.0
2021-02-08 00:00:00,3.4710955999594204,3.4710955999594204,3.438705984819936,3.4495019912719727,805299,0.0,0.0
2021-02-09 00:00:00,3.4441039880459545,3.4656973307695065,3.433307449666126,3.4495019912719727,703940,0.0,0.0
2021-02-10 00:00:00,3.4710958200735527,3.476493823641877,3.4441042064484555,3.460299015045166,345822,0.0,0.0
2021-02-11 00:00:00,3.465696826865024,3.481891632080078,3.4441034872810947,3.481891632080078,401823,0.0,0.0
2021-02-12 00:00:00,3.481892327759344,3.5034851397297855,3.471095788792168,3.4926891326904297,554948,0.0,0.0
2021-02-16 00:00:00,3.508883972768271,3.508883972768271,3.4818923591431337,3.498087167739868,456481,0.0,0.0
2021-02-17 00:00:00,3.5034851397297855,3.5034851397297855,3.46569751930858,3.4926891326904297,414842,0.0,0.0
2021-02-18 00:00:00,3.481891426588352,3.492688228725047,3.4549000861562167,3.4872894287109375,563317,0.0,0.0
2021-02-19 00:00:00,3.49268913269043,3.508883941141194,3.481892327759344,3.4926891326904297,402650,0.0,0.0
2021-02-22 00:00:00,3.460299015050242,3.514281976336603,3.460299015050242,3.498087167739868,591318,0.0,0.0
2021-02-23 00:00:00,3.498087229844597,3.552070192089367,3.465697612076086,3.5466713905334473,733593,0.0,0.0
2021-02-24 00:00:00,3.546671153969536,3.5844593048095708,3.5412731506654165,3.5844593048095703,600617,0.0,0.0
2021-02-25 00:00:00,3.5898577737998543,3.60065431293656,3.508883996238477,3.5304768085479736,852208,0.0,0.0
2021-02-26 00:00:00,3.546671153969536,3.600654112613628,3.4926889932171425,3.5844593048095703,727911,0.0,0.0
2021-03-01 00:00:00,3.616849655052753,3.6600363498965556,3.6114516506522194,3.6546378135681152,543582,0.0,0.0
2021-03-02 00:00:00,3.6600346732540037,3.6870257467480165,3.6438393376516336,3.676229476928711,701666,0.0,0.0
2021-03-03 00:00:00,3.681627478856448,3.708619084278124,3.6654329411455726,3.676229476928711,549058,0.0,0.0
2021-03-04 00:00:00,3.6816291439579603,3.697823954957143,3.5898582823319725,3.6654345989227295,880312,0.0,0.0
2021-03-05 00:00:00,3.6708319078020417,3.697823254353463,3.606052942042532,3.69242525100708,682552,0.0,0.0
2021-03-08 00:00:00,3.7032213438436847,3.7248144184855048,3.660035194560045,3.6978228092193604,835056,0.0,0.0
2021-03-09 00:00:00,3.7248144184855048,3.7248144184855048,3.6978228092193604,3.6978228092193604,572306,0.0,0.0
2021-03-10 00:00:00,3.719416856765747,3.7464084711621237,3.714018321115336,3.719416856765747,802716,0.0,0.0
2021-03-11 00:00:00,3.730213165283203,3.794992126929401,3.730213165283203,3.730213165283203,1061231,0.0,0.0
2021-03-12 00:00:00,3.7302132324581847,3.778797388076782,3.7302132324581847,3.7787973880767822,608882,0.0,0.0
2021-03-15 00:00:00,3.7787983294977865,3.8057899475097656,3.7626035182689725,3.8057899475097656,1057304,0.0,0.0
2021-03-16 00:00:00,3.7947578443913987,3.816820609606805,3.7561487525652346,3.7671797275543213,689164,0.145176,0.0
2021-03-17 00:00:00,3.778210304056577,3.789241820580225,3.7175384577778403,3.7616634368896484,536660,0.0,0.0
2021-03-18 00:00:00,3.7506321038593144,3.7616633483777013,3.706507125785767,3.7120230197906494,497810,0.0,0.0
2021-03-19 00:00:00,3.7175380990622293,3.7175380990622293,3.6568662586378875,3.6954753398895264,685548,0.0,0.0
2021-03-22 00:00:00,3.7175380990622293,3.7285696145214158,3.684444639667349,3.6954753398895264,484895,0.0,0.0
2021-03-23 00:00:00,3.700992189535681,3.700992189535681,3.645835956720089,3.667898178100586,554535,0.0,0.0
2021-03-24 00:00:00,3.7285697743472337,3.7616632351606714,3.678928632017193,3.70099139213562,1568546,0.0,0.0
2021-03-25 00:00:00,3.695475789054551,3.756148180344632,3.6678976764187894,3.7506322860717773,705076,0.0,0.0
2021-03-26 00:00:00,3.7616637854175106,3.7782106541175486,3.745117188463193,3.772695302963257,367830,0.0,0.0
2021-03-29 00:00:00,3.761663533941194,3.789241918343297,3.7451169380930565,3.778210401535034,427344,0.0,0.0
2021-03-30 00:00:00,3.7671790592786247,3.778210304056577,3.7451168414684166,3.7616634368896484,450695,0.0,0.0
2021-03-31 00:00:00,3.783726198191249,3.7947571712235053,3.7561480862463688,3.7616634368896484,414635,0.0,0.0
2021-04-01 00:00:00,3.772695161112177,3.794757380136981,3.7506323985959518,3.7892420291900635,359564,0.0,0.0
2021-04-05 00:00:00,3.827852010726929,3.8499142317744277,3.8113051411320034,3.8278520107269287,552881,0.0,0.0
2021-04-06 00:00:00,3.844399083522131,3.8554306030273433,3.83888318789664,3.8554306030273438,417012,0.0,0.0
2021-04-07 00:00:00,3.8554292990535792,3.8609446493221435,3.8278511889823714,3.844397783279419,443566,0.0,0.0
2021-04-08 00:00:00,3.8554292990535792,3.8609446493221435,3.8333665392509353,3.844397783279419,336316,0.0,0.0
2021-04-09 00:00:00,3.8554306030273433,3.8554306030273433,3.8333678357626875,3.8554306030273438,311932,0.0,0.0
2021-04-12 00:00:00,3.855429873671384,3.8774920932708525,3.84991397908937,3.860945224761963,441293,0.0,0.0
2021-04-13 00:00:00,3.866460847598259,3.8830079878528667,3.84991397908937,3.860945224761963,306663,0.0,0.0
2021-04-14 00:00:00,3.8609446493221435,3.877491515364868,3.8333665392509353,3.844397783279419,443256,0.0,0.0
2021-04-15 00:00:00,3.866460862914707,3.905070222921728,3.860945240056561,3.8830080032348633,522711,0.0,0.0
2021-04-16 00:00:00,3.8885236106891634,3.8885236106891634,3.860945224761963,3.860945224761963,339623,0.0,0.0
2021-04-19 00:00:00,3.860945240056561,3.8940389772054362,3.849913994340269,3.8830080032348633,375269,0.0,0.0
2021-04-20 00:00:00,3.8609452234709676,3.87197674088559,3.8168202407953498,3.833367109298706,483862,0.0,0.0
2021-04-21 00:00:00,3.8388828073463555,3.8719770908355717,3.8333674557591424,3.8719770908355713,295297,0.0,0.0
2021-04-22 00:00:00,3.8719776598874103,3.9105873006381717,3.855430787456705,3.8885245323181152,638846,0.0,0.0
2021-04-23 00:00:00,3.899555394009054,3.9491960063798723,3.894039498666541,3.9326491355895996,452245,0.0,0.0
2021-04-26 00:00:00,3.9326487058444344,3.93816405709274,3.888523721892187,3.899554967880249,564144,0.0,0.0
2021-04-27 00:00:00,3.9105869277463556,3.932649150471116,3.9105869277463556,3.927133798599243,332803,0.0,0.0
2021-04-28 00:00:00,3.9271337985992436,3.938164502342989,3.9161022796182285,3.927133798599243,257068,0.0,0.0
2021-04-29 00:00:00,3.938164487440602,3.938164487440602,3.9216176166503294,3.9326491355895996,460097,0.0,0.0
2021-04-30 00:00:00,3.9326490265680234,3.938164378266128,3.916102156236466,3.9216175079345703,259444,0.0,0.0
2021-05-03 00:00:00,3.938164949417114,3.9436808454066834,3.921618076685768,3.9381649494171143,370516,0.0,0.0
2021-05-04 00:00:00,3.943680382783115,3.943680382783115,3.899555394009054,3.9326491355895996,366900,0.0,0.0
2021-05-05 00:00:00,3.844398434755393,3.9602267884285434,3.844398434755393,3.954711437225342,305526,0.0,0.0
2021-05-06 00:00:00,3.9602267891431935,3.9822895526885986,3.9547114379389967,3.9822895526885986,225864,0.0,0.0
2021-05-07 00:00:00,3.987806076257176,4.020899549684909,3.9822904520615894,4.015384197235107,386635,0.0,0.0
2021-05-10 00:00:00,4.026415717372065,4.076056063386558,4.015384197235107,4.015384197235107,464334,0.0,0.0
2021-05-11 00:00:00,3.9822895234256683,3.9933204974987273,3.905070259202763,3.9657421112060547,632130,0.0,0.0
2021-05-12 00:00:00,3.9491955591892576,3.976773674050214,3.8443984509719002,3.849914073944092,877109,0.0,0.0
2021-05-13 00:00:00,3.8554299523989664,3.971258306072117,3.8554299523989664,3.954711437225342,579849,0.0,0.0
2021-05-14 00:00:00,3.9988370721633246,4.026415463145752,3.971258952926665,4.020899295806885,279799,0.0,0.0
2021-05-17 00:00:00,4.031930815247317,4.031930815247317,3.9878058244686607,4.020899295806885,336523,0.0,0.0
2021-05-18 00:00:00,4.015383943705321,4.048477686789313,4.009868048112221,4.020899295806885,339519,0.0,0.0
2021-05-19 00:00:00,3.9767737203961246,4.02641487121582,3.9491956052137693,4.02641487121582,397277,0.0,0.0
2021-05-20 00:00:00,3.960226820814589,3.982289584536438,3.8664609581703377,3.899554967880249,2095494,0.0,0.0
2021-05-21 00:00:00,3.932648768551149,3.993320622452911,3.921617250641462,3.9712584018707275,809329,0.0,0.0
2021-05-24 00:00:00,3.993320795898306,4.070540065891396,3.982289821000961,4.065023899078369,717888,0.0,0.0
2021-05-25 00:00:00,4.076055207359376,4.109148945582757,4.070539856067874,4.081571102142334,1813215,0.0,0.0
2021-05-26 00:00:00,4.103634546645042,4.1587910652160645,4.098119193708329,4.1587910652160645,1152775,0.0,0.0
2021-05-27 00:00:00,4.136726181291337,4.142242074901604,4.0815702343910445,4.10363245010376,1202783,0.0,0.0
2021-05-28 00:00:00,4.109150171327563,4.175337939263629,4.081572319660765,4.1587910652160645,624794,0.0,0.0
2021-06-01 00:00:00,4.079524765000544,4.113379936246471,4.000529908918194,4.0908098220825195,1253410,0.0,0.0
2021-06-02 00:00:00,4.107737638184392,4.119022695899555,4.045670092496751,4.079524993896484,632159,0.0,0.0
2021-06-03 00:00:00,4.073882622337117,4.1020949940867,4.034384921443656,4.085167407989502,525301,0.0,0.0
2021-06-04 00:00:00,4.124665145658584,4.147234988910334,4.1077375594104595,4.130307674407959,464297,0.0,0.0
2021-06-07 00:00:00,4.1190224647874585,4.124664993328446,4.0569549225823325,4.0908098220825195,816383,0.0,0.0
2021-06-08 00:00:00,4.113379821325572,4.119022349708917,4.079524651025502,4.096452236175537,487729,0.0,0.0
2021-06-09 00:00:00,4.1190220550582906,4.1190220550582906,4.051311991047462,4.073882102966309,965055,0.0,0.0
2021-06-10 00:00:00,4.096451169679904,4.119021277337242,4.062596279939559,4.102093696594238,710232,0.0,0.0
2021-06-11 00:00:00,4.096452236175537,4.113379821325572,4.07388239438789,4.096452236175537,440865,0.0,0.0
2021-06-14 00:00:00,4.107736950541578,4.11337947845459,4.096451894715554,4.11337947845459,591860,0.0,0.0
2021-06-15 00:00:00,4.096095881275962,4.107617739369762,4.061529474630694,4.084573745727539,968994,0.148515,0.0
2021-06-16 00:00:00,4.090336040137255,4.090336040137255,3.8944605094375615,3.9175047874450684,2063329,0.0,0.0
2021-06-17 00:00:00,3.9290258531942963,3.9693533315393528,3.894459720638897,3.911742925643921,764267,0.0,0.0
2021-06-18 00:00:00,3.871415663439045,3.923265281348869,3.825327391640532,3.8426105976104736,789921,0.0,0.0
2021-06-21 00:00:00,3.8829378446467246,3.9751146667404202,3.871415707203179,3.963592529296875,745582,0.0,0.0
2021-06-22 00:00:00,3.980875735462193,3.9866365267292982,3.929026116966239,3.963592529296875,649531,0.0,0.0
2021-06-23 00:00:00,4.038486038421229,4.073052172383042,4.003919627004755,4.055768966674805,1240987,0.0,0.0
2021-06-24 00:00:00,4.073051929473877,4.113379129600065,4.026963661121857,4.073051929473877,499950,0.0,0.0
2021-06-25 00:00:00,4.055769423791462,4.067291562228921,3.9866368706213997,4.003920078277588,419352,0.0,0.0
2021-06-28 00:00:00,3.9751146667404202,4.015441870338162,3.929026116966239,3.963592529296875,703061,0.0,0.0
2021-06-29 00:00:00,3.9693539142608643,4.0154421902522754,3.9635928450801017,3.9693539142608643,309666,0.0,0.0
2021-06-30 00:00:00,3.9866366828277164,4.003919889669766,3.9635926844929963,3.9751148223876953,242400,0.0,0.0
2021-07-01 00:00:00,3.9866363697206797,3.9866363697206797,3.940548099216294,3.9520702362060547,615696,0.0,0.0
2021-07-02 00:00:00,3.963592216181879,3.963592216181879,3.8886986061699305,3.9405479431152344,652763,0.0,0.0
2021-07-06 00:00:00,3.9290266036987305,3.940548742569652,3.8886993951052067,3.9290266036987305,715888,0.0,0.0
2021-07-07 00:00:00,3.9520705522145074,3.9578316211700444,3.917504415935966,3.957831621170044,425109,0.0,0.0
2021-07-08 00:00:00,3.9059826557400585,3.9405487953612046,3.865655446606271,3.900221586227417,848299,0.0,0.0
2021-07-09 00:00:00,3.9232654793162265,3.9751148223876958,3.900221203526827,3.9751148223876953,771236,0.0,0.0
2021-07-12 00:00:00,3.975114399874361,3.975114399874361,3.905981857308913,3.911742925643921,644178,0.0,0.0
2021-07-13 00:00:00,3.9175046263069917,3.9405486259119282,3.8886992799824536,3.9232656955718994,622867,0.0,0.0
2021-07-14 00:00:00,3.9290265006726695,3.9290265006726695,3.8310888777473378,3.8886992931365967,1139987,0.0,0.0
2021-07-15 00:00:00,3.888698869408986,3.894459938065633,3.8310884602971793,3.8426105976104736,828099,0.0,0.0
2021-07-16 00:00:00,3.859894377093629,3.9059826557400585,3.859894377093629,3.900221586227417,657510,0.0,0.0
2021-07-19 00:00:00,3.8598937296717577,3.8656547982180927,3.7504345371100283,3.819566249847412,1098375,0.0,0.0
2021-07-20 00:00:00,3.825326872698429,3.894459409745042,3.819565804823326,3.871415138244629,511666,0.0,0.0
2021-07-21 00:00:00,3.8944604466915256,3.9117436549186957,3.865655377100943,3.8771772384643555,844158,0.0,0.0
2021-07-22 00:00:00,3.871415633416093,3.871415633416093,3.80228336498178,3.80804443359375,2773965,0.0,0.0
2021-07-23 00:00:00,3.8368499279022212,3.8771771352372335,3.819566720135205,3.8368499279022217,1315424,0.0,0.0
2021-07-26 00:00:00,3.848372066413566,3.8598942049249105,3.825327789390877,3.8368499279022217,776084,0.0,0.0
2021-07-27 00:00:00,3.8138056248635523,3.836849901729044,3.7734789727130167,3.802283763885498,1165742,0.0,0.0
2021-07-28 00:00:00,3.80228336498178,3.813805224751057,3.79076122775784,3.80804443359375,628119,0.0,0.0
2021-07-29 00:00:00,3.81956592409635,3.877176327191748,3.808044065440979,3.865654468536377,718716,0.0,0.0
2021-07-30 00:00:00,3.8656548722370623,3.871415663439045,3.8368495289538265,3.8426105976104736,489648,0.0,0.0
2021-08-02 00:00:00,3.859894359967202,3.8944604994349774,3.848372220993042,3.848372220993042,759520,0.0,0.0
2021-08-03 00:00:00,3.865655453893963,3.894460524056772,3.8310890367529455,3.8829383850097656,553884,0.0,0.0
2021-08-04 00:00:00,3.8714152591367443,3.877176327191748,3.85413233242637,3.865654468536377,584285,0.0,0.0
2021-08-05 00:00:00,3.877177238464356,3.888699377282469,3.859894307691887,3.8771772384643555,404101,0.0,0.0
2021-08-06 00:00:00,3.871416238664207,3.9059826557400585,3.871416238664207,3.900221586227417,675892,0.0,0.0
2021-08-09 00:00:00,3.9059826557400585,3.9117437252527005,3.888699447202133,3.900221586227417,649834,0.0,0.0
2021-08-10 00:00:00,3.900221901213494,3.9117440411693183,3.877177621301846,3.9059829711914062,590648,0.0,0.0
2021-08-11 00:00:00,3.917504742282511,3.9347876731341915,3.9059826034115894,3.9290266036987305,587012,0.0,0.0
2021-08-12 00:00:00,3.9347873453478974,3.963592690125581,3.9290262763923605,3.957831621170044,370973,0.0,0.0
2021-08-13 00:00:00,3.9693539722364664,3.9693539722364664,3.9175046263069917,3.9232656955718994,597516,0.0,0.0
2021-08-16 00:00:00,3.9232658117179717,3.9290266036987305,3.8886993951052067,3.9290266036987305,547925,0.0,0.0
2021-08-17 00:00:00,3.888699377282469,3.905982585509639,3.8483721688737735,3.8771772384643555,1226342,0.0,0.0
2021-08-18 00:00:00,3.865656061349828,3.9002222064679226,3.8541339204922127,3.8598949909210205,722554,0.0,0.0
2021-08-19 00:00:00,3.8310880602063566,3.8886984633017545,3.8310880602063566,3.865654468536377,806788,0.0,0.0
2021-08-20 00:00:00,3.877176206119732,3.8829372739948353,3.854132212073946,3.871415138244629,706192,0.0,0.0
2021-08-23 00:00:00,3.8886992799824536,3.929026487382113,3.882938210717546,3.9232656955718994,533684,0.0,0.0
2021-08-24 00:00:00,3.9347876731341915,3.940548742569652,3.91174367284705,3.9290266036987305,479851,0.0,0.0
2021-08-25 00:00:00,3.946309695176836,3.946309695176836,3.911743557042084,3.9232656955718994,692759,0.0,0.0
2021-08-26 00:00:00,3.9232661811251424,3.9290269736483263,3.894460831235582,3.9059829711914062,969095,0.0,0.0
2021-08-27 00:00:00,3.9175041026914292,3.957831304700935,3.911743034196549,3.9520702362060547,563075,0.0,0.0
2021-08-30 00:00:00,3.963592690125581,3.963592690125581,3.9347873453478974,3.957831621170044,503586,0.0,0.0
2021-08-31 00:00:00,3.9635928450801017,3.9693539142608643,3.9405485683570514,3.9693539142608643,547319,0.0,0.0
2021-09-01 00:00:00,3.9693535930853012,3.992397590489084,3.9635925243706884,3.9808757305145264,361479,0.0,0.0
2021-09-02 00:00:00,4.003919515286991,4.032724857330322,3.998158446878324,4.032724857330322,779518,0.0,0.0
2021-09-03 00:00:00,4.032725047274795,4.061530113220215,4.02120290991476,4.061530113220215,709727,0.0,0.0
2021-09-07 00:00:00,4.078812919158263,4.078812919158263,4.02120251546392,4.067290782928467,701344,0.0,0.0
2021-09-08 00:00:00,4.061529793022211,4.084574065925543,4.03272472934769,4.073051929473877,734674,0.0,0.0
2021-09-09 00:00:00,4.078814122879104,4.0845751926941825,4.044247703988632,4.050008773803711,756389,0.0,0.0
2021-09-10 00:00:00,4.073051979705323,4.073051979705323,4.026963710784912,4.026963710784912,737300,0.0,0.0
2021-09-13 00:00:00,4.061529921919002,4.061529921919002,3.986636310060991,4.032724857330322,1048481,0.0,0.0
2021-09-14 00:00:00,4.009681121071512,4.0154421902522754,3.9520707067185765,3.9693539142608643,1173115,0.0,0.0
2021-09-15 00:00:00,3.969353437423706,3.9752427199332185,3.928128743486597,3.969353437423706,864964,0.148515,0.0
2021-09-16 00:00:00,3.9634641869412643,3.9752427520554674,3.9281287752281373,3.951685905456543,640744,0.0,0.0
2021-09-17 00:00:00,3.951686061422302,3.951686061422302,3.898682516316437,3.9163503646850586,836583,0.0,0.0
2021-09-20 00:00:00,3.857459149771744,3.8633484337247928,3.7926773099177553,3.8397912979125977,1247552,0.0,0.0
2021-09-21 00:00:00,3.8810148888867326,3.9045717360348853,3.839790477284838,3.845679759979248,606000,0.0,0.0
2021-09-22 00:00:00,3.886904864007698,3.9340188503265385,3.857459012549039,3.934018850326538,715686,0.0,0.0
2021-09-23 00:00:00,4.004688681032358,4.040024088476596,3.957574426267446,3.9811315536499023,1647310,0.0,0.0
2021-09-24 00:00:00,3.969354466073834,4.034136306837076,3.969354466073834,4.004690170288086,689628,0.0,0.0
2021-09-27 00:00:00,4.004690277158571,4.022357846107626,3.9870224245799544,3.9988009929656982,499344,0.0,0.0
2021-09-28 00:00:00,3.987022120388926,3.987022120388926,3.9222402828394434,3.934018850326538,505404,0.0,0.0
2021-09-29 00:00:00,3.9340193512402055,3.9693547745711655,3.9340193512402055,3.945797920227051,510252,0.0,0.0
2021-09-30 00:00:00,3.969353626161431,3.9752429089509715,3.898682516316437,3.9163503646850586,381881,0.0,0.0
2021-10-01 00:00:00,3.928128242361654,3.96346364928139,3.898681833570671,3.9575743675231934,431674,0.0,0.0
2021-10-04 00:00:00,3.9634656585193566,3.9634656585193566,3.9045730947118575,3.9104623794555664,438037,0.0,0.0
2021-10-05 00:00:00,3.9104617153523487,3.957575701671189,3.898683147865254,3.934018850326538,311383,0.0,0.0
2021-10-06 00:00:00,3.9222402828394434,3.9340188503265385,3.8927941477512453,3.934018850326538,345925,0.0,0.0
2021-10-07 00:00:00,3.9811314945559797,3.9987993398305695,3.9457960876362432,3.9575743675231934,394001,0.0,0.0
2021-10-08 00:00:00,3.9693529310395865,3.9870207763141763,3.9575743675231934,3.9575743675231934,262196,0.0,0.0
2021-10-11 00:00:00,3.9693547745711655,3.9870226280514327,3.939908635733628,3.945797920227051,319059,0.0,0.0
2021-10-12 00:00:00,3.957575194731534,3.957575194731534,3.9104612144476882,3.9222397804260254,365317,0.0,0.0
2021-10-13 00:00:00,3.9281282719509134,3.945796117358589,3.910460426543238,3.9399068355560303,315726,0.0,0.0
2021-10-14 00:00:00,3.9752434080184695,4.0105791091918945,3.969354124489566,4.0105791091918945,380972,0.0,0.0
2021-10-15 00:00:00,4.0282467474698445,4.040025314736194,4.0164681802034945,4.02235746383667,308454,0.0,0.0
2021-10-18 00:00:00,4.022357515130276,4.045914649963379,4.0046899476349855,4.045914649963379,328755,0.0,0.0
2021-10-19 00:00:00,4.051803933671654,4.0576932173799305,4.028246798838552,4.045914649963379,401980,0.0,0.0
2021-10-20 00:00:00,4.057693338826243,4.087139474619405,4.04002548717262,4.081250190734863,570852,0.0,0.0
2021-10-21 00:00:00,4.087138785650695,4.0930280685424805,4.057692654821267,4.0930280685424805,238360,0.0,0.0
2021-10-22 00:00:00,4.093027858009539,4.1165849883649726,4.08713857542068,4.104806423187256,285022,0.0,0.0
2021-10-25 00:00:00,4.116585599228154,4.116585599228154,4.081249898451513,4.110696315765381,342895,0.0,0.0
2021-10-26 00:00:00,4.1224751472473145,4.128364431088028,4.093028728043747,4.1224751472473145,689022,0.0,0.0
2021-10-27 00:00:00,4.110694958352575,4.122473521388665,4.0635809898376465,4.0635809898376465,423190,0.0,0.0
2021-10-28 00:00:00,4.098918437957764,4.098918437957764,4.0694722993228805,4.098918437957764,441471,0.0,0.0
2021-10-29 00:00:00,4.081249163591023,4.093027728395748,4.0694708824157715,4.0694708824157715,265428,0.0,0.0
2021-11-01 00:00:00,4.087139869051981,4.104807722410655,4.08125058459909,4.098918437957764,403697,0.0,0.0
2021-11-02 00:00:00,4.098916249099837,4.140140934626152,4.093026967791874,4.128362655639648,433189,0.0,0.0
2021-11-03 00:00:00,4.128362655639648,4.140140934626152,4.116584093023724,4.128362655639648,295627,0.0,0.0
2021-11-04 00:00:00,4.128362655639648,4.140140934626152,4.122473374331686,4.128362655639648,216544,0.0,0.0
2021-11-05 00:00:00,4.140142361170049,4.175478061193233,4.140142361170049,4.157810211181641,374407,0.0,0.0
2021-11-08 00:00:00,4.163699150085449,4.181366998635505,4.151920584385413,4.163699150085449,326432,0.0,0.0
2021-11-09 00:00:00,4.169588777856036,4.169588777856036,4.1342530778328515,4.157810211181641,303000,0.0,0.0
2021-11-10 00:00:00,4.146030215934115,4.163698059858001,4.122473374331686,4.128362655639648,305929,0.0,0.0
2021-11-11 00:00:00,4.151920185146268,4.151920185146268,4.128363339640861,4.146030902862549,205737,0.0,0.0
2021-11-12 00:00:00,4.146031301535394,4.169588432935468,4.140142018685375,4.163699150085449,367236,0.0,0.0
2021-11-15 00:00:00,4.181366309772851,4.199033871782753,4.169587746013282,4.175477027893066,582972,0.0,0.0
2021-11-16 00:00:00,4.193145007770677,4.210812570346184,4.181366443634033,4.181366443634033,550248,0.0,0.0
2021-11-17 00:00:00,4.199035167694092,4.2108137350887755,4.175478316534261,4.199035167694092,635896,0.0,0.0
2021-11-18 00:00:00,4.210813705923786,4.246149407863094,4.175478287614013,4.240260124206543,798809,0.0,0.0
2021-11-19 00:00:00,4.234370869878143,4.240260153575485,4.199035167694092,4.199035167694092,429654,0.0,0.0
2021-11-22 00:00:00,4.2108133176642,4.222591883891256,4.181367185726069,4.193145751953125,736290,0.0,0.0
2021-11-23 00:00:00,4.210813786282916,4.222592353820801,4.175478367298801,4.222592353820801,502677,0.0,0.0
2021-11-24 00:00:00,4.204922397016695,4.240258081936993,4.187254838185944,4.234368801116943,342390,0.0,0.0
2021-11-26 00:00:00,4.199035167694092,4.2108137350887755,4.140142614350211,4.199035167694092,720736,0.0,0.0
2021-11-29 00:00:00,4.2343705760132355,4.2343705760132355,4.199034876281479,4.228481292724609,670741,0.0,0.0
2021-11-30 00:00:00,4.210813129256102,4.210813129256102,4.163699150085449,4.163699150085449,759823,0.0,0.0
2021-12-01 00:00:00,4.21670270709362,4.240259840141679,4.122474742160418,4.134253025054932,888598,0.0,0.0
2021-12-02 00:00:00,4.134253121771148,4.210813522338867,4.122474838601095,4.210813522338867,700940,0.0,0.0
2021-12-03 00:00:00,4.216701717422104,4.234369563061456,4.140141336614363,4.175477027893066,710232,0.0,0.0
2021-12-06 00:00:00,4.204924412790531,4.2697062492370605,4.193146129133507,4.2697062492370605,1068883,0.0,0.0
2021-12-07 00:00:00,4.310930722852498,4.3521554198308205,4.305041439908523,4.340376853942871,869509,0.0,0.0
2021-12-08 00:00:00,4.352154944551555,4.36393350915322,4.305040969774363,4.310930252075195,838199,0.0,0.0
2021-12-09 00:00:00,4.2867796848834185,4.298855189419725,4.244515419006348,4.244515419006348,810020,0.178218,0.0
2021-12-10 00:00:00,4.256591442760246,4.274704701774154,4.2143274625076526,4.238478183746338,507323,0.0,0.0
2021-12-13 00:00:00,4.238478055867702,4.256591314335117,4.202251829712723,4.214327335357666,542774,0.0,0.0
2021-12-14 00:00:00,4.1901764052843316,4.214327417042329,4.1418746725481945,4.20225191116333,736795,0.0,0.0
2021-12-15 00:00:00,4.208288842255096,4.3048922888614305,4.184137835213614,4.298854827880859,734068,0.0,0.0
2021-12-16 00:00:00,4.30489250001867,4.323005756188247,4.2747040305158555,4.310930252075195,807192,0.0,0.0
2021-12-17 00:00:00,4.310930769596535,4.335081780721934,4.274704543688285,4.3048930168151855,1676499,0.0,0.0
2021-12-20 00:00:00,4.172063356380215,4.3109307989575125,4.147912345090328,4.214327335357666,1521969,0.0,0.0
2021-12-21 00:00:00,4.250552971554355,4.298854987430019,4.238477467585439,4.2747039794921875,538532,0.0,0.0
2021-12-22 00:00:00,4.298855353092668,4.347157082297089,4.280742095598572,4.335081577301025,454096,0.0,0.0
2021-12-23 00:00:00,4.347156695845643,4.377345164872288,4.347156695845643,4.365269660949707,500556,0.0,0.0
2021-12-27 00:00:00,4.377345164872288,4.3894206687948705,4.353194447806935,4.365269660949707,300677,0.0,0.0
2021-12-28 00:00:00,4.365269581441402,4.401496092549324,4.365269581441402,4.377345085144043,396223,0.0,0.0
2021-12-29 00:00:00,4.377344912914028,4.389420416141548,4.359231948852539,4.359231948852539,461974,0.0,0.0
2021-12-30 00:00:00,4.347157082297089,4.389421059003478,4.335081577301025,4.335081577301025,388951,0.0,0.0
2021-12-31 00:00:00,4.347157041840035,4.3652700083857265,4.323006032072669,4.341119289398193,342289,0.0,0.0
2022-01-03 00:00:00,4.341119533503283,4.353195039065983,4.286780049250985,4.3048930168151855,703667,0.0,0.0
2022-01-04 00:00:00,4.3048929356744265,4.347157204347257,4.3048929356744265,4.3169684410095215,507323,0.0,0.0
2022-01-05 00:00:00,4.323004896926637,4.341118149495935,4.244514426572767,4.250552177429199,608323,0.0,0.0
2022-01-06 00:00:00,4.262628317318635,4.298854827880859,4.244515062037522,4.298854827880859,558631,0.0,0.0
2022-01-07 00:00:00,4.286780043226468,4.292817795999332,4.244515773816417,4.26262903213501,588931,0.0,0.0
2022-01-10 00:00:00,4.256590723538813,4.280741731476645,4.2264022543963335,4.2747039794921875,537219,0.0,0.0
2022-01-11 00:00:00,4.2867799282212244,4.329043905717573,4.244515659945034,4.3230061531066895,441471,0.0,0.0
2022-01-12 00:00:00,4.323006120145085,4.389421107578578,4.3169683675802375,4.371307849884033,547723,0.0,0.0
2022-01-13 00:00:00,4.377345602448881,4.401496612708274,4.359232635534175,4.371307849884033,429553,0.0,0.0
2022-01-14 00:00:00,4.341119249109554,4.365269967872952,4.304892734794714,4.347157001495361,549137,0.0,0.0
2022-01-18 00:00:00,4.3169678322685145,4.3169678322685145,4.256590604886754,4.292817115783691,545703,0.0,0.0
2022-01-19 00:00:00,4.310930040621802,4.347156551184026,4.2867793243601175,4.298854827880859,545703,0.0,0.0
2022-01-20 00:00:00,4.3048930168151855,4.383383512192883,4.292817802032335,4.3048930168151855,715080,0.0,0.0
2022-01-21 00:00:00,4.286778682567796,4.316967146070205,4.2324392156396575,4.250552177429199,1238967,0.0,0.0
2022-01-24 00:00:00,4.172062777316023,4.280741731476645,4.075459036344505,4.2747039794921875,2318758,0.0,0.0
2022-01-25 00:00:00,4.220365169981827,4.262629149778465,4.172063437245691,4.20225191116333,941219,0.0,0.0
2022-01-26 00:00:00,4.238478220646741,4.250553726761143,4.117723741062443,4.190176486968994,947784,0.0,0.0
2022-01-27 00:00:00,4.214327495073166,4.26262922870364,4.135836996186234,4.147912502288818,836583,0.0,0.0
2022-01-28 00:00:00,4.135836641693938,4.135836641693938,4.0814971596697385,4.129798889160156,781942,0.0,0.0
2022-01-31 00:00:00,4.123760985262852,4.2022514745411685,4.123760985262852,4.196213722229004,678114,0.0,0.0
2022-02-01 00:00:00,4.226402322699711,4.232440074781746,4.184138058125467,4.220364570617676,625796,0.0,0.0
2022-02-02 00:00:00,4.238478021043552,4.286780043226468,4.214327300731943,4.26262903213501,551864,0.0,0.0
2022-02-03 00:00:00,4.202251076417946,4.244515047819166,4.18413782119751,4.18413782119751,591355,0.0,0.0
2022-02-04 00:00:00,4.20225139422657,4.238477616627367,4.166025171825773,4.20828914642334,730432,0.0,0.0
2022-02-07 00:00:00,4.202250461357493,4.256589928285632,4.19621271050106,4.250552177429199,531765,0.0,0.0
2022-02-08 00:00:00,4.232440559050536,4.268666784907874,4.232440559050536,4.26262903213501,367943,0.0,0.0
2022-02-09 00:00:00,4.2867790446571234,4.304892007976605,4.268665790557861,4.268665790557861,525604,0.0,0.0
2022-02-10 00:00:00,4.238477666738195,4.292817437151572,4.2324402052498655,4.244515419006348,558934,0.0,0.0
2022-02-11 00:00:00,4.244515572509257,4.268666582455291,4.172063124230826,4.1781005859375,752854,0.0,0.0
2022-02-14 00:00:00,4.184138208262422,4.19621371285979,4.123760976055409,4.153949737548828,970509,0.0,0.0
2022-02-15 00:00:00,4.196214203493744,4.238478183746338,4.178100944479836,4.238478183746338,391577,0.0,0.0
2022-02-16 00:00:00,4.22036470071356,4.256590923542654,4.208289196177254,4.244515419006348,397839,0.0,0.0
2022-02-17 00:00:00,4.226401909037067,4.23847712123945,4.166024684906006,4.166024684906006,452985,0.0,0.0
2022-02-18 00:00:00,4.166024684906006,4.1962131515816425,4.135835927450581,4.166024684906006,438946,0.0,0.0
2022-02-22 00:00:00,4.123761568464701,4.166025840627069,4.063384327584044,4.093573093414307,958288,0.0,0.0
2022-02-23 00:00:00,4.1056477230528134,4.123760687903378,4.063383459915285,4.081496715545654,731240,0.0,0.0
2022-02-24 00:00:00,3.9969693335373346,4.117723815298649,3.9547059337145694,4.093573093414307,1263611,0.0,0.0
2022-02-25 00:00:00,4.111686274760929,4.178100976765415,4.099610768658345,4.147912502288818,744269,0.0,0.0
2022-02-28 00:00:00,4.105648129663408,4.159987611156324,4.093572624713908,4.135836601257324,617817,0.0,0.0
2022-03-01 00:00:00,4.147912065770382,4.153949818186272,4.093572584807202,4.141874313354492,613171,0.0,0.0
2022-03-02 00:00:00,4.141874163038694,4.232440155210418,4.123760906448385,4.20828914642334,654985,0.0,0.0
2022-03-03 00:00:00,4.232440155210418,4.256590873217676,4.19017588983303,4.20828914642334,598930,0.0,0.0
2022-03-04 00:00:00,4.1962136420298,4.21432689862011,4.141874163038694,4.20828914642334,658217,0.0,0.0
2022-03-07 00:00:00,4.20828880089614,4.214326552597171,4.087534348435094,4.099609851837158,893143,0.0,0.0
2022-03-08 00:00:00,4.093572100136126,4.196213297494076,4.063383341630966,4.099609851837158,935664,0.0,0.0
2022-03-09 00:00:00,4.135836833792177,4.1962140711545155,4.12376132816374,4.17206335067749,462176,0.0,0.0
2022-03-10 00:00:00,4.159987845049053,4.1901763183402965,4.135836833792177,4.17206335067749,572872,0.0,0.0
2022-03-11 00:00:00,4.196213722229004,4.244515449946497,4.184138217604675,4.196213722229004,595900,0.0,0.0
2022-03-14 00:00:00,4.196214076890251,4.238478055867702,4.196214076890251,4.214327335357666,679528,0.0,0.0
2022-03-15 00:00:00,4.2143269484454065,4.256590923542654,4.2143269484454065,4.244515419006348,540754,0.0,0.0
2022-03-16 00:00:00,4.250685019652072,4.287701059688891,4.170483252932867,4.226007461547852,1159682,0.148515,0.0
2022-03-17 00:00:00,4.219837862129574,4.263023586663928,4.207499083691188,4.244515419006348,509242,0.0,0.0
2022-03-18 00:00:00,4.226007391277214,4.2506849489710925,4.213668612430275,4.232176780700684,482477,0.0,0.0
2022-03-21 00:00:00,4.238346861800475,4.269193516832332,4.195161425908053,4.213669300079346,407838,0.0,0.0
2022-03-22 00:00:00,4.21366786219965,4.269192060005458,4.21366786219965,4.2568535804748535,592668,0.0,0.0
2022-03-23 00:00:00,4.22600719875074,4.281531403912915,4.219837809608332,4.275362014770508,617110,0.0,0.0
2022-03-24 00:00:00,4.312378146057362,4.380241126300851,4.300039368355003,4.3617329597473145,1726494,0.0,0.0
2022-03-25 00:00:00,4.349394798278809,4.429596567587857,4.318548146771956,4.349394798278809,767802,0.0,0.0
2022-03-28 00:00:00,4.349394461631502,4.361733240127018,4.31854781251221,4.337055683135986,349965,0.0,0.0
2022-03-29 00:00:00,4.374071737449672,4.374071737449672,4.330886015491419,4.3617329597473145,614484,0.0,0.0
2022-03-30 00:00:00,4.343225750471425,4.349395140682382,4.2877015356923645,4.29387092590332,538330,0.0,0.0
2022-03-31 00:00:00,4.287700793055323,4.324717127909768,4.275362014770508,4.275362014770508,370771,0.0,0.0
2022-04-01 00:00:00,4.275362755270452,4.312379096536189,4.275362755270452,4.29387092590332,341481,0.0,0.0
2022-04-04 00:00:00,4.312378812709741,4.337056074809846,4.287701253490112,4.318548202514648,361681,0.0,0.0
2022-04-05 00:00:00,4.330886970049513,4.337056360260469,4.2877015356923645,4.29387092590332,320473,0.0,0.0
2022-04-06 00:00:00,4.269193423314753,4.300040374790455,4.244516159253738,4.26302433013916,466418,0.0,0.0
2022-04-07 00:00:00,4.2568538673161065,4.306208680122579,4.24451508983462,4.300039291381836,376427,0.0,0.0
2022-04-08 00:00:00,4.287701198145584,4.349394798278809,4.26919302896976,4.349394798278809,465307,0.0,0.0
2022-04-11 00:00:00,4.318548833364784,4.337056708363598,4.318548833364784,4.330887317657471,275831,0.0,0.0
2022-04-12 00:00:00,4.337055047561036,4.349393824248363,4.293869626274849,4.324716567993164,489345,0.0,0.0
2022-04-13 00:00:00,4.318547179649501,4.343224435904699,4.312377791305838,4.324716567993164,359358,0.0,0.0
2022-04-14 00:00:00,4.318548078048821,4.324717467675918,4.28770112991333,4.28770112991333,248662,0.0,0.0
2022-04-18 00:00:00,4.287700793055323,4.300039571340138,4.263023533605185,4.275362014770508,466822,0.0,0.0
2022-04-19 00:00:00,4.263023256056849,4.33088593796608,4.263023256056849,4.300039291381836,443895,0.0,0.0
2022-04-20 00:00:00,4.300039628077039,4.3370556663004,4.300039628077039,4.312378406524658,319463,0.0,0.0
2022-04-21 00:00:00,4.349394798278809,4.374072357179906,4.312378757046682,4.349394798278809,705687,0.0,0.0
2022-04-22 00:00:00,4.3308866314701495,4.3308866314701495,4.250685159236785,4.281531810760498,479952,0.0,0.0
2022-04-25 00:00:00,4.263023256056849,4.312378068863323,4.226006923612389,4.300039291381836,702657,0.0,0.0
2022-04-26 00:00:00,4.287700846421205,4.287700846421205,4.232176640567961,4.244515419006348,522776,0.0,0.0
2022-04-27 00:00:00,4.250685019652072,4.287701059688891,4.226007461547852,4.226007461547852,756692,0.0,0.0
2022-04-28 00:00:00,4.263023586663928,4.3185477925171725,4.226007251348768,4.244515419006348,937987,0.0,0.0
2022-04-29 00:00:00,4.226007036353703,4.256853980880353,4.195160388946533,4.195160388946533,698617,0.0,0.0
2022-05-02 00:00:00,4.195161425908053,4.244516252230757,4.158145083326359,4.213669300079346,976569,0.0,0.0
2022-05-03 00:00:00,4.207499223006805,4.256854338394562,4.201330130702841,4.232176780700684,393496,0.0,0.0
2022-05-04 00:00:00,4.232177042365469,4.337056074809846,4.20749948314584,4.318548202514648,831129,0.0,0.0
2022-05-05 00:00:00,4.306209300080671,4.306209300080671,4.195160880998774,4.2198381423950195,616605,0.0,0.0
2022-05-06 00:00:00,4.219838056326339,4.219838056326339,4.151975068911656,4.201330184936523,703869,0.0,0.0
2022-05-09 00:00:00,4.164314421666451,4.164314421666451,4.047097193435541,4.084112644195557,1091103,0.0,0.0
2022-05-10 00:00:00,4.10262081525489,4.145806250607118,4.040927803082431,4.084112644195557,765378,0.0,0.0
2022-05-11 00:00:00,4.084113445571913,4.133468578081166,4.05326678487324,4.071774959564209,688214,0.0,0.0
2022-05-12 00:00:00,4.040926957019083,4.084111789090446,3.942217326275594,3.991572141647339,870115,0.0,0.0
2022-05-13 00:00:00,4.028588615856013,4.114959180725365,4.016250133514404,4.016250133514404,551157,0.0,0.0
2022-05-16 00:00:00,4.047095973555675,4.114958355626096,4.022418419581564,4.108788967132568,518534,0.0,0.0
2022-05-17 00:00:00,4.151975278406055,4.188991617292422,4.13963679589679,4.182822227478027,445410,0.0,0.0
2022-05-18 00:00:00,4.164314761643425,4.164314761643425,4.071774493030819,4.096451759338379,603071,0.0,0.0
2022-05-19 00:00:00,4.059435309239337,4.127298304822706,4.047097122986989,4.090281963348389,561156,0.0,0.0
2022-05-20 00:00:00,4.1026208281090355,4.121128999226358,3.985403599510866,4.047097206115723,828705,0.0,0.0
2022-05-23 00:00:00,4.065604431555317,4.0841123039532325,4.003911424522426,4.010080814361572,584285,0.0,0.0
2022-05-24 00:00:00,4.010081302568665,4.047097348990537,3.9668955684369913,4.034758567810059,456924,0.0,0.0
2022-05-25 00:00:00,4.047097122986989,4.090281963348389,4.03475834249555,4.090281963348389,357641,0.0,0.0
2022-05-26 00:00:00,4.102619392611556,4.164312977629964,4.102619392611556,4.151974201202393,380568,0.0,0.0
2022-05-27 00:00:00,4.188992035477771,4.213669300079346,4.176653254617206,4.213669300079346,294314,0.0,0.0
2022-05-31 00:00:00,4.213669298121842,4.213669298121842,4.121129035949707,4.121129035949707,399455,0.0,0.0
2022-06-01 00:00:00,4.1519760267520205,4.1581454176783765,4.084113023681678,4.133468151092529,332391,0.0,0.0
2022-06-02 00:00:00,4.145805679408548,4.201330184936523,4.108789639509407,4.201330184936523,288153,0.0,0.0
2022-06-03 00:00:00,4.1828218909713435,4.20749915112412,4.1519749443809975,4.170483112335205,359156,0.0,0.0
2022-06-06 00:00:00,4.182821680785642,4.238345884738687,4.170482902769524,4.188991069793701,458237,0.0,0.0
2022-06-07 00:00:00,4.182822693434898,4.250685691833496,4.1643145219299464,4.250685691833496,420665,0.0,0.0
2022-06-08 00:00:00,4.238346029787155,4.256854197444735,4.207499083691188,4.244515419006348,385315,0.0,0.0
2022-06-09 00:00:00,4.22600719466151,4.263023529480137,4.207499027252197,4.207499027252197,536310,0.0,0.0
2022-06-10 00:00:00,4.164313513761464,4.201329847809819,4.164313513761464,4.188991069793701,768307,0.0,0.0
2022-06-13 00:00:00,4.1458052640613525,4.1458052640613525,4.047096230378815,4.059434413909912,1147259,0.0,0.0
2022-06-14 00:00:00,4.065749256987342,4.072062568112885,3.9331703314525823,3.939483642578125,1580347,0.148515,0.0
2022-06-15 00:00:00,3.9457969537036672,4.0026164497827335,3.920544013252313,3.939483642578125,787396,0.0,0.0
2022-06-16 00:00:00,3.8889773128443674,3.907917245515892,3.5985665321350093,3.5985665321350098,1382690,0.0,0.0
2022-06-17 00:00:00,3.649072540114233,3.649072540114233,3.4533614321533364,3.497554302215576,1370267,0.0,0.0
2022-06-21 00:00:00,3.5417467236359297,3.5733132779950254,3.4786145270701474,3.5101804733276367,1046764,0.0,0.0
2022-06-22 00:00:00,3.478614552946986,3.5480600609011814,3.4723015460790085,3.5228071212768555,785578,0.0,0.0
2022-06-23 00:00:00,3.6238187979894088,3.8258437967774306,3.6048788688387594,3.819530487060547,1967783,0.0,0.0
2022-06-24 00:00:00,3.8321574363455397,4.072062010033791,3.8321574363455397,3.9899892807006836,1050703,0.0,0.0
2022-06-27 00:00:00,4.021556664542461,4.027869976109738,3.9142309760004323,3.9584238529205322,502475,0.0,0.0
2022-06-28 00:00:00,3.983676153426131,4.034182329922849,3.9521096030839544,3.964736223220825,453288,0.0,0.0
2022-06-29 00:00:00,3.964736742044162,3.964736742044162,3.870037382676089,3.901603937149048,421372,0.0,0.0
2022-06-30 00:00:00,3.8132167757841606,3.8763495622539033,3.7942768486280234,3.8510966300964355,403899,0.0,0.0
2022-07-01 00:00:00,3.838471157907645,3.9142305850982666,3.8321578469708593,3.9142305850982666,198970,0.0,0.0
2022-07-05 00:00:00,3.876350693570681,3.9079172480436397,3.8447844431485256,3.901603937149048,381881,0.0,0.0
2022-07-06 00:00:00,3.9205438960350523,3.926856902921032,3.857411090718002,3.9142305850982666,259166,0.0,0.0
2022-07-07 00:00:00,3.9268563687801055,3.9457962990142055,3.8826635022846374,3.888976812362671,293506,0.0,0.0
2022-07-08 00:00:00,3.8826644794644714,3.901604414465329,3.8132183551788335,3.813218355178833,465711,0.0,0.0
2022-07-11 00:00:00,3.819530923287649,3.8321575441634965,3.762711433397116,3.800590991973877,351682,0.0,0.0
2022-07-12 00:00:00,3.7816514701659414,3.806904408571058,3.7627115383240115,3.7690248489379883,351985,0.0,0.0
2022-07-13 00:00:00,3.6995783133817444,3.7627111082547877,3.693265003489364,3.712204933166504,388749,0.0,0.0
2022-07-14 00:00:00,3.6616990157112705,3.686951953006803,3.6111925330186514,3.642759084701538,733361,0.0,0.0
2022-07-15 00:00:00,3.668011749981557,3.7122049190602846,3.642758814558753,3.7058916091918945,300475,0.0,0.0
2022-07-18 00:00:00,3.724832005010718,3.819531056787935,3.724832005010718,3.781651496887207,565600,0.0,0.0
2022-07-19 00:00:00,3.8195311867445336,3.9142305457946156,3.7942779432509646,3.8952906131744385,241996,0.0,0.0
2022-07-20 00:00:00,3.8952906392922118,3.9331702007357436,3.888977328376489,3.9079172611236572,235229,0.0,0.0
2022-07-21 00:00:00,3.8952912162626623,3.9457974070186155,3.8826645925609613,3.9268574714660645,214827,0.0,0.0
2022-07-22 00:00:00,3.9394836297084335,3.9584235630231865,3.9142306893395764,3.9331703186035156,219574,0.0,0.0
2022-07-25 00:00:00,3.952109800098733,3.9584231104818906,3.9268565585661044,3.945796489715576,180891,0.0,0.0
2022-07-26 00:00:00,3.926856863490597,3.926856863490597,3.888977302301046,3.8952906131744385,243612,0.0,0.0
2022-07-27 00:00:00,3.920543035745396,4.008928761364192,3.9142297261939474,4.002615451812744,315827,0.0,0.0
2022-07-28 00:00:00,4.002615901221281,4.034182452522773,3.9647363437102627,3.9899892807006836,397738,0.0,0.0
2022-07-29 00:00:00,3.9899896525276985,4.046809450165421,3.964736713183957,3.9710500240325928,400263,0.0,0.0
2022-08-01 00:00:00,3.95842291315239,4.008929089649108,3.945796293015519,3.964736223220825,340168,0.0,0.0
2022-08-02 00:00:00,3.9457969537036672,4.0026164497827335,3.939483642578125,3.939483642578125,301687,0.0,0.0
2022-08-03 00:00:00,3.964737339555895,4.0152435302734375,3.952110715863797,4.0152435302734375,219574,0.0,0.0
2022-08-04 00:00:00,4.034182329922849,4.034182329922849,3.95842291315239,3.964736223220825,286638,0.0,0.0
2022-08-05 00:00:00,3.9457969537036672,3.9773635093313793,3.9331703314525823,3.939483642578125,276235,0.0,0.0
2022-08-08 00:00:00,3.9394831793324188,3.9963026687300545,3.933169868949262,3.945796489715576,298051,0.0,0.0
2022-08-09 00:00:00,3.9394835116514666,3.9773633771458035,3.8005912796071746,3.9079172611236572,663671,0.0,0.0
2022-08-10 00:00:00,3.964736713183957,3.9963029633763343,3.9457967806380494,3.9710500240325928,288254,0.0,0.0
2022-08-11 00:00:00,3.9710497216809344,4.046809142045517,3.9710497216809344,4.0215559005737305,397233,0.0,0.0
2022-08-12 00:00:00,4.021555810277835,4.072061988036617,4.015242500051641,4.0594353675842285,251894,0.0,0.0
2022-08-15 00:00:00,4.040495754619439,4.097315242796552,4.015242513629268,4.065748691558838,253207,0.0,0.0
2022-08-16 00:00:00,4.05312255934627,4.1036290474111645,4.05312255934627,4.0720624923706055,177861,0.0,0.0
2022-08-17 00:00:00,4.065749718032084,4.1036295890808105,4.021556839192753,4.1036295890808105,241289,0.0,0.0
2022-08-18 00:00:00,4.097315228941394,4.166760729277215,4.040495740956418,4.0594353675842285,452177,0.0,0.0
2022-08-19 00:00:00,4.053121984419497,4.053121984419497,3.926856390269387,3.977362871170044,458540,0.0,0.0
2022-08-22 00:00:00,3.945796489715576,3.9584231104818906,3.895290310701098,3.945796489715576,286537,0.0,0.0
2022-08-23 00:00:00,3.945796741323033,3.9647366736802274,3.920543802230906,3.9521100521087646,227351,0.0,0.0
2022-08-24 00:00:00,3.9205434759389464,4.002615901221281,3.9205434759389464,3.9899892807006836,204222,0.0,0.0
2022-08-25 00:00:00,3.983675827209139,4.027868690018537,3.9647358985547942,4.002615451812744,230583,0.0,0.0
2022-08-26 00:00:00,4.015242399717543,4.021555709785979,3.95842291315239,3.964736223220825,359762,0.0,0.0
2022-08-29 00:00:00,3.933169868949262,3.971049731248205,3.9205435522337266,3.945796489715576,290072,0.0,0.0
2022-08-30 00:00:00,3.9710506544220174,3.9773639662728675,3.9016045281135123,3.9268574714660645,277447,0.0,0.0
2022-08-31 00:00:00,3.9331706066514256,3.9647371644878087,3.9142309760004323,3.9584238529205322,240380,0.0,0.0
2022-09-01 00:00:00,3.9142309760004323,3.9836770991896384,3.8952910412986026,3.9584238529205322,402081,0.0,0.0
2022-09-02 00:00:00,3.9584240307203165,4.002616909625419,3.926857471466064,3.9268574714660645,344410,0.0,0.0
2022-09-06 00:00:00,3.9268565585661044,3.9584231104818906,3.895290310701098,3.945796489715576,318756,0.0,0.0
2022-09-07 00:00:00,3.9142305562399784,4.0089296114919675,3.9142305562399784,3.9836766719818115,261994,0.0,0.0
2022-09-08 00:00:00,3.98367682747961,4.03418301252217,3.9584235829329226,4.027869701385498,278255,0.0,0.0
2022-09-09 00:00:00,4.040495323676909,4.103628115368082,4.040495323676909,4.084688186645508,253914,0.0,0.0
2022-09-12 00:00:00,4.103628504027536,4.147820763080155,4.103628504027536,4.122568130493164,329361,0.0,0.0
2022-09-13 00:00:00,4.072062416343561,4.072062416343561,3.977363361091572,3.9836766719818115,492678,0.0,0.0
2022-09-14 00:00:00,4.002616336917422,4.059435831394298,3.9773633971781464,4.053122520446777,703566,0.0,0.0
2022-09-15 00:00:00,4.02726497951043,4.033729326248055,3.9561574767212826,3.969086170196533,425210,0.148515,0.0
2022-09-16 00:00:00,3.9238356903685263,3.9238356903685263,3.878585578727447,3.8979783058166504,517524,0.0,0.0
2022-09-19 00:00:00,3.878585775347641,3.930300235748291,3.87212142888197,3.930300235748291,296536,0.0,0.0
2022-09-20 00:00:00,3.904443081291695,3.904443081291695,3.7557637264188615,3.788085460662842,826483,0.0,0.0
2022-09-21 00:00:00,3.8010146036627392,3.8656577684671647,3.736371438858314,3.7751572132110596,637411,0.0,0.0
2022-09-22 00:00:00,3.729906650348415,3.8010141543604337,3.691120569255639,3.788085460662842,660136,0.0,0.0
2022-09-23 00:00:00,3.7622276704449056,3.8462638591567386,3.7040488663596998,3.7686920166015625,1870823,0.0,0.0
2022-09-26 00:00:00,3.723442554473877,3.8398001829456794,3.704049512620324,3.723442554473877,857894,0.0,0.0
2022-09-27 00:00:00,3.788084992974983,3.8139423771777405,3.6264769643571495,3.6587986946105957,522069,0.0,0.0
2022-09-28 00:00:00,3.6652635487898295,3.7040493191462756,3.6458705079492355,3.6717278957366943,406323,0.0,0.0
2022-09-29 00:00:00,3.6458702060537322,3.6458702060537322,3.5424419087672234,3.5876920223236084,692456,0.0,0.0
2022-09-30 00:00:00,3.5876927114261834,3.6329422110243885,3.542442589178425,3.5553712844848633,322897,0.0,0.0
2022-10-03 00:00:00,3.5876920223236084,3.652334552465318,3.555370601590395,3.5876920223236084,817696,0.0,0.0
2022-10-04 00:00:00,3.658799524466784,3.749300078378261,3.658799524466784,3.7299070358276367,469751,0.0,0.0
2022-10-05 00:00:00,3.67172828550552,3.684656980771683,3.620013815765644,3.6329421997070312,344309,0.0,0.0
2022-10-06 00:00:00,3.620013933858925,3.652335361753957,3.5359783458617557,3.5489070415496826,486618,0.0,0.0
2022-10-07 00:00:00,3.5165843300509136,3.535977368220941,3.4519411808088543,3.471334218978882,519948,0.0,0.0
2022-10-10 00:00:00,3.458405427072853,3.503655536839188,3.406690971436372,3.4131553173065186,445006,0.0,0.0
2022-10-11 00:00:00,3.3937627655238267,3.432548534972319,3.342048302484258,3.367905378341675,557217,0.0,0.0
2022-10-12 00:00:00,3.3355836613077687,3.3485123537578265,3.2515474717071,3.258011817932129,865974,0.0,0.0
2022-10-13 00:00:00,3.2192257798845296,3.3226546880959136,3.1287252517060584,3.2903332710266113,1451067,0.0,0.0
2022-10-14 00:00:00,3.335584088751205,3.335584088751205,3.1869047291722143,3.2127621173858643,669731,0.0,0.0
2022-10-17 00:00:00,3.238618271594306,3.2903330332880993,3.2321539263825816,3.2450826168060303,605293,0.0,0.0
2022-10-18 00:00:00,3.3032616510595236,3.367904796522809,3.264475888311425,3.2903332710266113,729220,0.0,0.0
2022-10-19 00:00:00,3.277404342864651,3.2967973784998237,3.225689892495516,3.2450826168060303,441673,0.0,0.0
2022-10-20 00:00:00,3.2386191196067804,3.2838695479373956,3.2386191196067804,3.2515478134155273,720837,0.0,0.0
2022-10-21 00:00:00,3.238619076868201,3.3097265805531975,3.2256906945548036,3.303262233734131,545703,0.0,0.0
2022-10-24 00:00:00,3.316190616326936,3.3420480011778837,3.290333542800695,3.322654962539673,357742,0.0,0.0
2022-10-25 00:00:00,3.34204906730104,3.406692238725058,3.329120370751275,3.393763542175293,435007,0.0,0.0
2022-10-26 00:00:00,3.39376269222171,3.4454771541442937,3.380833998909882,3.387298345565796,399859,0.0,0.0
2022-10-27 00:00:00,3.4196194576951693,3.45840521926076,3.4131551122134587,3.42608380317688,256641,0.0,0.0
2022-10-28 00:00:00,3.451941448892858,3.49072752824511,3.451941448892858,3.4842631816864014,460459,0.0,0.0
2022-10-31 00:00:00,3.4713353059261602,3.503656735005352,3.4454779136029696,3.477799654006958,362085,0.0,0.0
2022-11-01 00:00:00,3.503655735703021,3.542441813125357,3.4907273545536173,3.529513120651245,384103,0.0,0.0
2022-11-02 00:00:00,3.51011991843572,3.5876917583423213,3.445476770401001,3.445476770401001,729220,0.0,0.0
2022-11-03 00:00:00,3.426084384053703,3.464870152195242,3.387298304587439,3.4390127658843994,394809,0.0,0.0
2022-11-04 00:00:00,3.4584052562713623,3.5101197093538037,3.42608383984159,3.4584052562713623,371781,0.0,0.0
2022-11-07 00:00:00,3.471334591877136,3.5101203610589424,3.4648702451260456,3.4971916675567627,329664,0.0,0.0
2022-11-08 00:00:00,3.535977466888301,3.5489061593624127,3.497191389465965,3.529513120651245,341077,0.0,0.0
2022-11-09 00:00:00,3.5424415424142652,3.5424415424142652,3.439012321850072,3.4519410133361816,319968,0.0,0.0
2022-11-10 00:00:00,3.561834437824354,3.6587986946105957,3.5359773649462958,3.6587986946105957,515908,0.0,0.0
2022-11-11 00:00:00,3.678191766808731,3.723441878257701,3.6523343823666328,3.691120147705078,349662,0.0,0.0
2022-11-14 00:00:00,3.697585239834994,3.762228402657848,3.671728161500712,3.704049587249756,455106,0.0,0.0
2022-11-15 00:00:00,3.7751562270965184,3.8010136107939503,3.729906116950706,3.7622275352478027,491567,0.0,0.0
2022-11-16 00:00:00,3.749300125093931,3.755764161366577,3.697585344314575,3.697585344314575,416726,0.0,0.0
2022-11-17 00:00:00,3.6394064244269027,3.7299069769088034,3.632942077012141,3.704049587249756,647713,0.0,0.0
2022-11-18 00:00:00,3.7428354317026,3.7492997787027895,3.678192273025445,3.6846566200256348,430361,0.0,0.0
2022-11-21 00:00:00,3.6846568563302355,3.7169782820792796,3.66526381408595,3.704049587249756,390668,0.0,0.0
2022-11-22 00:00:00,3.7105136396650087,3.8333356081311547,3.7105136396650087,3.8010141849517822,421675,0.0,0.0
2022-11-23 00:00:00,3.8010140811202873,3.8462641968652163,3.8010140811202873,3.826871156692505,295930,0.0,0.0
2022-11-25 00:00:00,3.781621071320762,3.8527285745337605,3.781621071320762,3.8397998809814453,189678,0.0,0.0
2022-11-28 00:00:00,3.813942640167029,3.8397997148280543,3.801013947174156,3.820406675338745,377336,0.0,0.0
2022-11-29 00:00:00,3.8268712477865874,3.8850500583648677,3.8268712477865874,3.885050058364868,406929,0.0,0.0
2022-11-30 00:00:00,3.8915144226095166,3.975550621075276,3.8656573463064112,3.9626219272613525,466216,0.0,0.0
2022-12-01 00:00:00,3.9755511283874516,4.001408519314908,3.943229701052911,3.975551128387451,419352,0.0,0.0
2022-12-02 00:00:00,3.9432281806990184,4.001406976529556,3.9302994902200856,3.9820139408111572,479548,0.0,0.0
2022-12-05 00:00:00,3.956156412572794,3.956156412572794,3.8462631702423096,3.8462631702423096,793860,0.0,0.0
2022-12-06 00:00:00,3.8462638480376024,3.897978305816651,3.8333351557616644,3.8979783058166504,469044,0.0,0.0
2022-12-07 00:00:00,3.8785856803833236,3.923835793210387,3.865656987768531,3.8721213340759277,509343,0.0,0.0
2022-12-08 00:00:00,3.905272690402463,3.9185331352338006,3.845599571037803,3.8588600158691406,445410,0.148515,0.0
2022-12-09 00:00:00,3.84560077034789,3.878752371746634,3.8190792337719826,3.8323400020599365,324008,0.0,0.0
2022-12-12 00:00:00,3.8257089537704587,3.832339336763397,3.7660358261551004,3.799187421798706,648117,0.0,0.0
2022-12-13 00:00:00,3.8787516211608337,3.911903535465417,3.766035751167405,3.785926580429077,651450,0.0,0.0
2022-12-14 00:00:00,3.785926580429077,3.872121238299917,3.7461446025846548,3.785926580429077,488840,0.0,0.0
2022-12-15 00:00:00,3.739514727186739,3.7925574779510502,3.693102360183107,3.79255747795105,588628,0.0,0.0
2022-12-16 00:00:00,3.8323385376646937,3.89864203444774,3.7328831328296146,3.7594046592712402,1511263,0.0,0.0
2022-12-19 00:00:00,3.772665583896476,3.85222952798327,3.7196225287439053,3.7461440563201904,658823,0.0,0.0
2022-12-20 00:00:00,3.7063623710524465,3.746144346173929,3.6798414800661994,3.6864712238311768,533381,0.0,0.0
2022-12-21 00:00:00,3.6997317023827225,3.7660352020024046,3.6997317023827225,3.7461440563201904,281386,0.0,0.0
2022-12-22 00:00:00,3.7395142065481908,3.7395142065481908,3.6334293584316066,3.6732113361358643,355015,0.0,0.0
2022-12-23 00:00:00,3.646690397883685,3.706362889938396,3.646690397883685,3.679841995239258,353904,0.0,0.0
2022-12-27 00:00:00,3.6798415135764535,3.7262532328855595,3.6798415135764535,3.719622850418091,355621,0.0,0.0
2022-12-28 00:00:00,3.706362758756213,3.726253588737105,3.5870168209075928,3.5870168209075928,591355,0.0,0.0
2022-12-29 00:00:00,3.593647204008253,3.6466902688135368,3.5803867571280215,3.5870168209075928,388143,0.0,0.0
2022-12-30 00:00:00,3.587017316009094,3.633430004119873,3.560496099266925,3.633430004119873,416322,0.0,0.0
2023-01-03 00:00:00,3.6334294519294326,3.6533202816328667,3.5737563241769594,3.620168685913086,351379,0.0,0.0
2023-01-04 00:00:00,3.6400603773545424,3.6665815940181603,3.6201692253659794,3.6599512100219727,276841,0.0,0.0
2023-01-05 00:00:00,3.653319963823504,3.653319963823504,3.587016458830728,3.606907606124878,285931,0.0,0.0
2023-01-06 00:00:00,3.6400591548810577,3.6665803626378226,3.613537627803268,3.626798391342163,514595,0.0,0.0
2023-01-09 00:00:00,3.659951220862042,3.7129936543463793,3.6267996201040473,3.633430004119873,434199,0.0,0.0
2023-01-10 00:00:00,3.65331995043784,3.7063623710524465,3.646689887351806,3.6864712238311768,394203,0.0,0.0
2023-01-11 00:00:00,3.6997324457713043,3.772666341939692,3.686471679318671,3.752775192260742,349258,0.0,0.0
2023-01-12 00:00:00,3.7660358261551004,3.8257089537704587,3.7395142941833477,3.799187421798706,346733,0.0,0.0
2023-01-13 00:00:00,3.766035751167405,3.8058177290118276,3.759405368306488,3.785926580429077,328553,0.0,0.0
2023-01-17 00:00:00,3.7991878716176632,3.819079022951564,3.7328843531591156,3.76603627204895,540956,0.0,0.0
2023-01-18 00:00:00,3.792557821719105,3.792557821719105,3.7063634636596223,3.7395150661468506,526210,0.0,0.0
2023-01-19 00:00:00,3.7395139978204974,3.7726659101578424,3.7129927872716806,3.719622850418091,648925,0.0,0.0
2023-01-20 00:00:00,3.752774277660834,3.7594046592712407,3.7063619257090066,3.7594046592712402,292698,0.0,0.0
2023-01-23 00:00:00,3.766036262229455,3.8588609962367193,3.766036262229455,3.79255747795105,369963,0.0,0.0
2023-01-24 00:00:00,3.7925573226572613,3.812448473124816,3.7262538070865214,3.779296875,374609,0.0,0.0
2023-01-25 00:00:00,3.7660362092706885,3.8323397266239843,3.752775441935806,3.825709342956543,405414,0.0,0.0
2023-01-26 00:00:00,3.838969863279518,3.8721214601625253,3.8323394800386974,3.8522303104400635,262600,0.0,0.0
2023-01-27 00:00:00,3.832338806885425,3.9185331352338006,3.832338806885425,3.8588600158691406,383396,0.0,0.0
2023-01-30 00:00:00,3.8389700357416516,3.8588608670365945,3.812448501586914,3.812448501586914,287345,0.0,0.0
2023-01-31 00:00:00,3.832340570285325,3.8787529468536373,3.832340570285325,3.8787529468536377,254924,0.0,0.0
2023-02-01 00:00:00,3.8920129451673833,3.9450556963422874,3.8588610261073657,3.9119040966033936,340269,0.0,0.0
2023-02-02 00:00:00,3.9450553958644243,3.9848373763852996,3.9317946292504327,3.9715769290924072,525907,0.0,0.0
2023-02-03 00:00:00,3.8986428661755985,3.9715767601286074,3.8721213340759277,3.8721213340759277,410363,0.0,0.0
2023-02-06 00:00:00,3.832339317910593,3.8986428281927163,3.8257089349502724,3.8654909133911133,296536,0.0,0.0
2023-02-07 00:00:00,3.845601340539468,3.911904872488994,3.845601340539468,3.8787529468536377,372286,0.0,0.0
2023-02-08 00:00:00,3.878751162097707,3.905272690402463,3.8588600158691406,3.8588600158691406,273407,0.0,0.0
2023-02-09 00:00:00,3.9119030724786517,3.9251635173099895,3.845599571037803,3.8588600158691406,316433,0.0,0.0
2023-02-10 00:00:00,3.852230835170727,3.878752371746634,3.8323400020599365,3.8323400020599365,425715,0.0,0.0
2023-02-13 00:00:00,3.8522301474704723,3.8787516793117547,3.832339317910593,3.8654909133911133,598930,0.0,0.0
2023-02-14 00:00:00,3.852230185001175,3.892012483150681,3.8257089722225897,3.8721213340759277,426220,0.0,0.0
2023-02-15 00:00:00,3.8721209720780485,3.892012119293213,3.8455997617788857,3.892012119293213,279265,0.0,0.0
2023-02-16 00:00:00,3.8721207800215183,3.892011926250085,3.845599571037803,3.8588600158691406,244521,0.0,0.0
2023-02-17 00:00:00,3.8721214091386558,3.8920125585990073,3.838969812692495,3.8853821754455566,226341,0.0,0.0
2023-02-21 00:00:00,3.8721219135059592,3.8721219135059592,3.8058183926561115,3.8190791606903076,456924,0.0,0.0
2023-02-22 00:00:00,3.8257091791405333,3.885382310271198,3.8257091791405333,3.8389699459075928,506515,0.0,0.0
2023-02-23 00:00:00,3.872121957284099,3.8986434936523433,3.8257095879608083,3.8986434936523438,259065,0.0,0.0
2023-02-24 00:00:00,3.8456006967587,3.8522307614546647,3.7991880086390135,3.8190791606903076,505101,0.0,0.0
2023-02-27 00:00:00,3.865490718311297,3.865490718311297,3.825708741878134,3.845599889755249,380871,0.0,0.0
2023-02-28 00:00:00,3.858860335685592,3.865490718311297,3.8190783592524293,3.845599889755249,553581,0.0,0.0
2023-03-01 00:00:00,3.845600083831234,3.8920124452323956,3.832339317910593,3.8654909133911133,550551,0.0,0.0
2023-03-02 00:00:00,3.845600121297343,3.885382100125763,3.838969738272425,3.8721213340759277,290072,0.0,0.0
2023-03-03 00:00:00,3.90527323002759,3.9649463576377983,3.8853820810504924,3.938424825668335,477528,0.0,0.0
2023-03-06 00:00:00,3.9583162889754275,3.978207439532082,3.945055521937658,3.951685905456543,397233,0.0,0.0
2023-03-07 00:00:00,3.945055862975634,3.945055862975634,3.865491573192038,3.8986434936523438,548026,0.0,0.0
2023-03-08 00:00:00,3.898643292169178,3.9052736759185787,3.872121757171575,3.905273675918579,502677,0.0,0.0
2023-03-09 00:00:00,3.911903843805317,3.911903843805317,3.8389699459075928,3.8389699459075928,462277,0.0,0.0
2023-03-10 00:00:00,3.852230445898779,3.852230445898779,3.785926930480191,3.8058180809020996,480558,0.0,0.0
2023-03-13 00:00:00,3.7461443802879666,3.8920121559301664,3.719622850418091,3.719622850418091,779821,0.0,0.0
2023-03-14 00:00:00,3.7925573139541604,3.8058180809020996,3.746144948957481,3.8058180809020996,513282,0.0,0.0
2023-03-15 00:00:00,3.7527749854455714,3.8323392604554942,3.7461446025846548,3.785926580429077,1021514,0.0,0.0
2023-03-16 00:00:00,3.7586906697641256,3.799545578953181,3.717835432639179,3.7859270572662354,959096,0.148515,0.0
2023-03-17 00:00:00,3.7995458708349776,3.7995458708349776,3.690598672777741,3.7042171955108643,445814,0.0,0.0
2023-03-20 00:00:00,3.724644337554371,3.7859266954817907,3.6361242829841207,3.683788776397705,683669,0.0,0.0
2023-03-21 00:00:00,3.745071190569983,3.779117155165657,3.731452673557402,3.765498638153076,348450,0.0,0.0
2023-03-22 00:00:00,3.7654996048511395,3.819972703078737,3.731453631515011,3.738262891769409,602667,0.0,0.0
2023-03-23 00:00:00,3.751881408920653,3.799545578953181,3.7314539543261254,3.7859270572662354,571155,0.0,0.0
2023-03-24 00:00:00,3.8199729658397197,3.8472100087308423,3.7654998638651307,3.8267822265625,1277044,0.0,0.0
2023-03-27 00:00:00,3.847209428506076,3.9493479960076625,3.8063541982669427,3.8540186882019043,991113,0.0,0.0
2023-03-28 00:00:00,3.847210461065554,3.894874963793274,3.833591938018799,3.833591938018799,258257,0.0,0.0
2023-03-29 00:00:00,3.8540195620146154,3.8812566069733188,3.840401039535264,3.8744473457336426,322392,0.0,0.0
2023-03-30 00:00:00,3.867637498212136,3.908492731521177,3.8404004573822017,3.840400457382202,506212,0.0,0.0
2023-03-31 00:00:00,3.88125609017743,3.9084928035736084,3.88125609017743,3.9084928035736084,356732,0.0,0.0
2023-04-03 00:00:00,3.9084930681670245,3.9289208505489586,3.894874546579069,3.901683807373047,323806,0.0,0.0
2023-04-04 00:00:00,3.9084931365324636,3.9221116583586277,3.8540193771637004,3.8608286380767822,250480,0.0,0.0
2023-04-05 00:00:00,3.8608282380046526,3.8744467584196194,3.8335911971747185,3.840400457382202,150086,0.0,0.0
2023-04-06 00:00:00,3.8472100087308423,3.8608285301764034,3.8199729658397197,3.8267822265625,176447,0.0,0.0
2023-04-10 00:00:00,3.8131640330528245,3.8472100087308423,3.8063547723300437,3.8267822265625,234017,0.0,0.0
2023-04-11 00:00:00,3.847209930419922,3.8608284515882745,3.833591409251569,3.847209930419922,325624,0.0,0.0
2023-04-12 00:00:00,3.867637712172451,3.8880651659891017,3.847209930419922,3.847209930419922,227351,0.0,0.0
2023-04-13 00:00:00,3.8404005413771554,3.8948742962925804,3.8404005413771554,3.881256103515625,288153,0.0,0.0
2023-04-14 00:00:00,3.8676372075935603,3.9016831781368655,3.854018688201904,3.8540186882019043,302596,0.0,0.0
2023-04-17 00:00:00,3.8608283601565963,3.894874334335327,3.8608283601565963,3.894874334335327,342087,0.0,0.0
2023-04-18 00:00:00,3.9084928035736084,3.9153020639066196,3.894874282907586,3.9084928035736084,382790,0.0,0.0
2023-04-19 00:00:00,3.894874546579069,3.9221115897549805,3.894874546579069,3.901683807373047,340673,0.0,0.0
2023-04-20 00:00:00,3.8948748015167602,3.9084933239961117,3.860828823254291,3.8744473457336426,246541,0.0,0.0
2023-04-21 00:00:00,3.86082832244639,3.901683556648992,3.8540190620899786,3.881256103515625,356631,0.0,0.0
2023-04-24 00:00:00,3.86082832244639,3.901683556648992,3.86082832244639,3.881256103515625,230482,0.0,0.0
2023-04-25 00:00:00,3.854018688201904,3.881255726985217,3.847209428506076,3.8540186882019043,192708,0.0,0.0
2023-04-26 00:00:00,3.8472100769216,3.860828598608546,3.7791184522945445,3.7859270572662354,358752,0.0,0.0
2023-04-27 00:00:00,3.826782676495421,3.8404011995421765,3.7995459583378346,3.833591938018799,305626,0.0,0.0
2023-04-28 00:00:00,3.8267816494185913,3.881255726985217,3.813163457962771,3.8540186882019043,346026,0.0,0.0
2023-05-01 00:00:00,3.867637498212136,3.901683471313693,3.826781936967235,3.840400457382202,531664,0.0,0.0
2023-05-02 00:00:00,3.826781546255123,3.8472093247919092,3.7518806754277194,3.7927355766296387,465509,0.0,0.0
2023-05-03 00:00:00,3.7995451856096154,3.8267818982279667,3.7723088009271217,3.779118061065674,348652,0.0,0.0
2023-05-04 00:00:00,3.7859267297426085,3.7859267297426085,3.724644371260613,3.738262891769409,418342,0.0,0.0
2023-05-05 00:00:00,3.751881757275174,3.7791188031779694,3.751881757275174,3.7723095417022705,382487,0.0,0.0
2023-05-08 00:00:00,3.785927057266235,3.799545578953181,3.7654999306075987,3.7859270572662354,207050,0.0,0.0
2023-05-09 00:00:00,3.772307896659367,3.7859257578003906,3.751880121140495,3.765498638153076,252500,0.0,0.0
2023-05-10 00:00:00,3.7859265138529996,3.8063542934513155,3.724644158865584,3.7314534187316895,372185,0.0,0.0
2023-05-11 00:00:00,3.731453418731689,3.7450719384638997,3.711025639133373,3.7314534187316895,331179,0.0,0.0
2023-05-12 00:00:00,3.724644071126789,3.7382625905381976,3.6837885128925625,3.6905977725982666,461772,0.0,0.0
2023-05-15 00:00:00,3.676979692662569,3.7382627039370706,3.676979692662569,3.724644184112549,257550,0.0,0.0
2023-05-16 00:00:00,3.704217693481897,3.711026955763852,3.6769809722900386,3.676980972290039,319261,0.0,0.0
2023-05-17 00:00:00,3.711025639133373,3.7382626785977946,3.6905978595350573,3.7314534187316895,211797,0.0,0.0
2023-05-18 00:00:00,3.7110263602268567,3.7586908606154896,3.7110263602268567,3.7518815994262695,254621,0.0,0.0
2023-05-19 00:00:00,3.7791181253599357,3.792735989997007,3.724644371260613,3.738262891769409,359156,0.0,0.0
2023-05-22 00:00:00,3.745072709823486,3.7791186882305,3.7178356647491455,3.7178356647491455,355116,0.0,0.0
2023-05-23 00:00:00,3.7110264034805605,3.7518816431561595,3.7110264034805605,3.7178356647491455,239875,0.0,0.0
2023-05-24 00:00:00,3.7042162920096757,3.724644071126789,3.676979581122694,3.6905977725982666,299667,0.0,0.0
2023-05-25 00:00:00,3.704217052972767,3.7110263140773085,3.629315508758714,3.65655255317688,566408,0.0,0.0
2023-05-26 00:00:00,3.6565526063457043,3.6837893232240075,3.608888105856742,3.6429340839385986,1002324,0.0,0.0
2023-05-30 00:00:00,3.656552659913547,3.656552659913547,3.62250635339701,3.6293156147003174,483285,0.0,0.0
2023-05-31 00:00:00,3.629315508758714,3.6633618142814215,3.588460270067368,3.65655255317688,395819,0.0,0.0
2023-06-01 00:00:00,3.6565526938808497,3.711026456877426,3.61569712568148,3.7042171955108643,497627,0.0,0.0
2023-06-02 00:00:00,3.7246439653144976,3.806354095654163,3.697406927265449,3.7927355766296387,649935,0.0,0.0
2023-06-05 00:00:00,3.7927365106897746,3.7995457718789947,3.745072666172957,3.7518815994262695,407030,0.0,0.0
2023-06-06 00:00:00,3.7518813424195696,3.8335914872852808,3.7518813424195696,3.8267822265625,321079,0.0,0.0
2023-06-07 00:00:00,3.833591568361974,3.89487458822719,3.833591568361974,3.867637872695923,393900,0.0,0.0
2023-06-08 00:00:00,3.867638084493967,3.888065540277084,3.8540195620146154,3.8744473457336426,291284,0.0,0.0
2023-06-09 00:00:00,3.8812563944295024,3.90168384909398,3.8608286118291333,3.867637872695923,301889,0.0,0.0
2023-06-12 00:00:00,3.881256405185,3.8880653381347656,3.8404008398710445,3.8880653381347656,628220,0.0,0.0
2023-06-13 00:00:00,3.8948741811198144,3.94934826236029,3.8812559887455533,3.935729742050171,868802,0.0,0.0
2023-06-14 00:00:00,3.9567024596319738,3.963693140468378,3.8798059804509144,3.893786668777466,670135,0.148515,0.0
2023-06-15 00:00:00,3.90077759565246,3.956702709197998,3.893786914375124,3.956702709197998,667509,0.0,0.0
2023-06-16 00:00:00,3.9636926461056214,3.9846646859991424,3.88679550316913,3.9007768630981445,657510,0.0,0.0
2023-06-20 00:00:00,3.9077675430626515,3.9077675430626515,3.872814816586289,3.9007768630981445,365418,0.0,0.0
2023-06-21 00:00:00,3.879806228101883,3.9217493057781807,3.865824865536634,3.886796236038208,420362,0.0,0.0
2023-06-22 00:00:00,3.893785725521521,3.9706828594207764,3.858833003152932,3.9706828594207764,618928,0.0,0.0
2023-06-23 00:00:00,3.9846649169921875,4.040590023277164,3.949711515143386,3.9846649169921875,1302597,0.0,0.0
2023-06-26 00:00:00,3.9636924404956067,4.089523999983256,3.9497110812918526,4.033598899841309,1055046,0.0,0.0
2023-06-27 00:00:00,4.033598685641151,4.068551745121321,4.0056359687185745,4.012626647949219,375114,0.0,0.0
2023-06-28 00:00:00,4.040589613514078,4.040589613514078,3.9986455355491373,4.005636215209961,230078,0.0,0.0
2023-06-29 00:00:00,3.9916548222300463,4.061561281575748,3.984664479301238,4.033598899841309,400970,0.0,0.0
2023-06-30 00:00:00,4.061561017370325,4.075542375664589,4.047579995749108,4.05457067489624,248258,0.0,0.0
2023-07-03 00:00:00,4.061561059267057,4.110495813801763,4.04758003750162,4.1035051345825195,266236,0.0,0.0
2023-07-05 00:00:00,4.0825328223925546,4.0825328223925546,4.019617050323219,4.047579765319824,448036,0.0,0.0
2023-07-06 00:00:00,4.019617276748285,4.026607955891222,3.956701501134903,3.9706828594207764,290072,0.0,0.0
2023-07-07 00:00:00,3.9916550662871346,4.005636426345735,3.949711322784424,3.949711322784424,642865,0.0,0.0
2023-07-10 00:00:00,3.9636920173081203,3.9916543960571285,3.9287386230305685,3.991654396057129,445814,0.0,0.0
2023-07-11 00:00:00,4.0056359848924155,4.033598701927899,3.991654626374674,3.998645305633545,277952,0.0,0.0
2023-07-12 00:00:00,4.0545707650060585,4.0965145041479705,4.033598727098575,4.061561107635498,604485,0.0,0.0
2023-07-13 00:00:00,4.061561017370325,4.089523733958853,4.047579995749108,4.05457067489624,417231,0.0,0.0
2023-07-14 00:00:00,4.0895249874250155,4.0895249874250155,3.9916557860406656,4.019618511199951,394708,0.0,0.0
2023-07-17 00:00:00,4.040590555069415,4.040590555069415,4.005637148620308,4.019618511199951,249066,0.0,0.0
2023-07-18 00:00:00,4.019617124895882,4.068551540374756,4.012626446017038,4.068551540374756,293001,0.0,0.0
2023-07-19 00:00:00,4.068551712606625,4.082533070956178,4.0335986534057895,4.040589332580566,393193,0.0,0.0
2023-07-20 00:00:00,4.026608006410507,4.04758004410244,4.0056359687185745,4.012626647949219,323402,0.0,0.0
2023-07-21 00:00:00,4.033598701927899,4.033598701927899,3.984664283788855,3.998645305633545,333704,0.0,0.0
2023-07-24 00:00:00,3.9986459410586024,4.019617982167883,3.9846649169921875,3.9846649169921875,278861,0.0,0.0
2023-07-25 00:00:00,4.005636621428363,4.019617982167883,3.9706835562526672,3.9846649169921875,282497,0.0,0.0
2023-07-26 00:00:00,3.9916548083185046,3.998645487896018,3.956701747104005,3.9636924266815186,531260,0.0,0.0
2023-07-27 00:00:00,3.984664266299253,3.984664266299253,3.928738832473755,3.928738832473755,456318,0.0,0.0
2023-07-28 00:00:00,3.956701747104005,3.9636924266815186,3.9427203879489783,3.9636924266815186,341279,0.0,0.0
2023-07-31 00:00:00,3.9636924266815186,3.998645487896018,3.9497110675264917,3.9636924266815186,529038,0.0,0.0
2023-08-01 00:00:00,3.94971151825304,3.9636928790035677,3.9077677726745605,3.9077677726745605,677912,0.0,0.0
2023-08-02 00:00:00,3.879805120560035,3.900776485075055,3.8518424034118657,3.8518424034118652,664479,0.0,0.0
2023-08-03 00:00:00,3.8518423211170965,3.8518423211170965,3.8098985829640255,3.8378612995147705,657510,0.0,0.0
2023-08-04 00:00:00,3.84485223442587,3.879805295766458,3.823880195617676,3.823880195617676,624887,0.0,0.0
2023-08-07 00:00:00,3.830870702223792,3.858833082698908,3.816889343649707,3.8518424034118652,468337,0.0,0.0
2023-08-08 00:00:00,3.816889745149304,3.8588334886105775,3.8098990651269102,3.830871105194092,551359,0.0,0.0
2023-08-09 00:00:00,3.8518424034118657,3.86582376198595,3.830870702223792,3.8518424034118652,253914,0.0,0.0
2023-08-10 00:00:00,3.865824470393515,3.9007771998876644,3.8448527653624027,3.8588337898254395,267347,0.0,0.0
2023-08-11 00:00:00,3.8658231919310326,3.8658231919310326,3.8378608155792535,3.844851493835449,442481,0.0,0.0
2023-08-14 00:00:00,3.8448527653624027,3.8728151509615913,3.830871404226251,3.8588337898254395,347238,0.0,0.0
2023-08-15 00:00:00,3.8448520189917708,3.8448520189917708,3.8029079437255855,3.802907943725586,473286,0.0,0.0
2023-08-16 00:00:00,3.802908117379327,3.8308708355003236,3.7749457359313965,3.7749457359313965,445006,0.0,0.0
2023-08-17 00:00:00,3.8029086448043308,3.8308713668034744,3.7399928569793706,3.73999285697937,466014,0.0,0.0
2023-08-18 00:00:00,3.7190205961575935,3.7399926364201637,3.698048892568116,3.726011276245117,442582,0.0,0.0
2023-08-21 00:00:00,3.746983537479156,3.746983537479156,3.698049110653767,3.73999285697937,450864,0.0,0.0
2023-08-22 00:00:00,3.7539737735437955,3.7539737735437955,3.7050393525117813,3.7120296955108643,321887,0.0,0.0
2023-08-23 00:00:00,3.7120293935274216,3.7749455054584256,3.7120293935274216,3.7679548263549805,319564,0.0,0.0
2023-08-24 00:00:00,3.7749462594782996,3.8029086448043308,3.7399928569793706,3.73999285697937,298657,0.0,0.0
2023-08-25 00:00:00,3.746982789044646,3.7959172060957154,3.739992109941201,3.7679548263549805,557520,0.0,0.0
2023-08-28 00:00:00,3.8168898077746984,3.8238804879117914,3.7679553834881423,3.7819364070892334,462580,0.0,0.0
2023-08-29 00:00:00,3.7889270250597287,3.8308711051940914,3.781936345037335,3.830871105194092,319867,0.0,0.0
2023-08-30 00:00:00,3.8308706203770844,3.8588330002547826,3.8238799412393982,3.8378612995147705,302293,0.0,0.0
2023-08-31 00:00:00,3.8238806817885287,3.858833747573074,3.809899320805466,3.816890001296997,440966,0.0,0.0
2023-09-01 00:00:00,3.83087136228006,3.8518430670815427,3.809899320805466,3.816890001296997,472276,0.0,0.0
2023-09-05 00:00:00,3.8168894764398256,3.8168894764398256,3.7749457359313965,3.7749457359313965,341279,0.0,0.0
2023-09-06 00:00:00,3.781936104092909,3.788926783669931,3.7260110041497954,3.7539737224578857,458338,0.0,0.0
2023-09-07 00:00:00,3.7399928476548503,3.774946250066634,3.726011486690137,3.746983528137207,557217,0.0,0.0
2023-09-08 00:00:00,3.767954826354981,3.7889265269922707,3.739992109941201,3.7679548263549805,412888,0.0,0.0
2023-09-11 00:00:00,3.7819358478888256,3.8029078851991605,3.767954826354981,3.7679548263549805,368549,0.0,0.0
2023-09-12 00:00:00,3.7679550954688934,3.823880195617676,3.7679550954688934,3.823880195617676,514595,0.0,0.0
2023-09-13 00:00:00,3.830870442263866,3.9077668991840366,3.8238797634512056,3.872814178466797,939199,0.0,0.0
2023-09-14 00:00:00,3.9015554765174634,3.9087407023429432,3.8368887901306152,3.8368887901306152,782649,0.148515,0.0
2023-09-15 00:00:00,3.8153330402344263,3.8584443943689974,3.7794072578314126,3.786592483520508,470963,0.0,0.0
2023-09-18 00:00:00,3.800962220562594,3.8153323231976684,3.772221323207651,3.7794065475463867,472882,0.0,0.0
2023-09-19 00:00:00,3.80814744490133,3.8153323231976684,3.750665650191444,3.7794065475463867,493183,0.0,0.0
2023-09-20 00:00:00,3.786592483520508,3.844073942990807,3.7794072578314126,3.786592483520508,520049,0.0,0.0
2023-09-21 00:00:00,3.743480425852708,3.8153323231976684,3.7362955475563697,3.7794065475463867,753258,0.0,0.0
2023-09-22 00:00:00,3.829703481596023,3.8800000612881385,3.8009629249572754,3.8009629249572754,1334008,0.0,0.0
2023-09-25 00:00:00,3.8009627847886702,3.901555248378417,3.7722218831673433,3.8153328895568848,1236543,0.0,0.0
2023-09-26 00:00:00,3.815333214738397,3.815333214738397,3.7291111946105957,3.7291111946105957,654884,0.0,0.0
2023-09-27 00:00:00,3.7578517579895347,3.7578517579895347,3.693185069780371,3.721925973892212,515302,0.0,0.0
2023-09-28 00:00:00,3.700369354580804,3.7434803537403547,3.6931841303804807,3.707554578781128,726998,0.0,0.0
2023-09-29 00:00:00,3.772221505227447,3.772221505227447,3.6716287056736716,3.6859991550445557,532573,0.0,0.0
2023-10-02 00:00:00,3.6931848624123664,3.6931848624123664,3.650073854707716,3.67881441116333,490961,0.0,0.0
2023-10-03 00:00:00,3.642888821406882,3.6716293793798327,3.578222133414646,3.592592239379883,654480,0.0,0.0
2023-10-04 00:00:00,3.5997774495903676,3.6213331275073672,3.571036891743511,3.614147901535034,445713,0.0,0.0
2023-10-05 00:00:00,3.5997774600982666,3.614147912084881,3.578222128160822,3.5997774600982666,380164,0.0,0.0
2023-10-06 00:00:00,3.578222133414646,3.628518369399168,3.563851681406932,3.592592239379883,427836,0.0,0.0
2023-10-09 00:00:00,3.5782211668985155,3.635702613360536,3.5782211668985155,3.6285173892974854,429856,0.0,0.0
2023-10-10 00:00:00,3.650073528289795,3.6644439782537144,3.635703078325876,3.650073528289795,207757,0.0,0.0
2023-10-11 00:00:00,3.6572582855496876,3.678813611696455,3.6141469411713842,3.6285173892974854,385113,0.0,0.0
2023-10-12 00:00:00,3.6141478806850427,3.64288878440857,3.6069626547541613,3.6428887844085693,351177,0.0,0.0
2023-10-13 00:00:00,3.6500740474107394,3.657259273414596,3.571036907410789,3.592592239379883,401172,0.0,0.0
2023-10-16 00:00:00,3.6213328934137894,3.6428885699373668,3.5925919913823527,3.6069624423980713,495809,0.0,0.0
2023-10-17 00:00:00,3.5925917453530687,3.642888320463653,3.585406866379701,3.6213326454162598,348854,0.0,0.0
2023-10-18 00:00:00,3.614147824516121,3.614147824516121,3.5566663640048843,3.5710368156433105,439350,0.0,0.0
2023-10-19 00:00:00,3.578221588868543,3.5854068137789277,3.5063696858071203,3.5279250144958496,591658,0.0,0.0
2023-10-20 00:00:00,3.513555058886253,3.5351103884839836,3.484814158032693,3.4991846084594727,455813,0.0,0.0
2023-10-23 00:00:00,3.477629919579977,3.492000374084304,3.4417041293616966,3.4560742378234863,760429,0.0,0.0
2023-10-24 00:00:00,3.4848148215593997,3.4848148215593997,3.4129629017869627,3.427333354949951,628321,0.0,0.0
2023-10-25 00:00:00,3.4201474321773775,3.45607321172944,3.3914065317017794,3.3985917568206787,727604,0.0,0.0
2023-10-26 00:00:00,3.3914066858050327,3.4057771366958156,3.3123695519481786,3.362666130065918,660742,0.0,0.0
2023-10-27 00:00:00,3.369851532625511,3.3914068640521493,3.2908143946145865,3.297999620437622,745582,0.0,0.0
2023-10-30 00:00:00,3.305184597421462,3.319555049490159,3.2764440393265475,3.3123698234558105,630543,0.0,0.0
2023-10-31 00:00:00,3.3123698076110286,3.3411107116109395,3.2836292496535946,3.333925485610962,614181,0.0,0.0
2023-11-01 00:00:00,3.369851202387516,3.3985917568206787,3.3267398516741187,3.3985917568206787,449753,0.0,0.0
2023-11-02 00:00:00,3.4345177746167868,3.5566659057193744,3.4345177746167868,3.542295455932617,660742,0.0,0.0
2023-11-03 00:00:00,3.614147420400462,3.650073545479451,3.5925917453530687,3.6213326454162598,518433,0.0,0.0
2023-11-06 00:00:00,3.650074203023204,3.6644446556435692,3.542296154412958,3.563851833343506,775175,0.0,0.0
2023-11-07 00:00:00,3.563851527095928,3.571036752788672,3.4776291648254576,3.5063700675964355,602869,0.0,0.0
2023-11-08 00:00:00,3.5063700876583206,3.5135553133921755,3.456073507521335,3.4776291847229004,403596,0.0,0.0
2023-11-09 00:00:00,3.499184562442837,3.499184562442837,3.3842213065828797,3.3985917568206787,882134,0.0,0.0
2023-11-10 00:00:00,3.420147729837308,3.470443964004517,3.40577727834883,3.4704439640045166,451672,0.0,0.0
2023-11-13 00:00:00,3.4632587382602775,3.477629189748756,3.4417034070700256,3.4704439640045166,368448,0.0,0.0
2023-11-14 00:00:00,3.499184918579299,3.5638516051885394,3.499184918579299,3.549481153488159,422685,0.0,0.0
2023-11-15 00:00:00,3.5997774653837395,3.6069626913875967,3.571036907410789,3.592592239379883,542471,0.0,0.0
2023-11-16 00:00:00,3.6069625884339174,3.614147814232686,3.556666353885003,3.585407257080078,617918,0.0,0.0
2023-11-17 00:00:00,3.6141469411713842,3.635702613360536,3.599776493045283,3.6285173892974854,401273,0.0,0.0
2023-11-20 00:00:00,3.642888152974317,3.6931843797299977,3.6141472542325483,3.6859991550445557,570448,0.0,0.0
2023-11-21 00:00:00,3.6859995384008806,3.6859995384008806,3.6500737572796824,3.6644442081451416,374205,0.0,0.0
2023-11-22 00:00:00,3.6931846275289995,3.700369852696544,3.6572588477337162,3.671628952026367,333401,0.0,0.0
2023-11-24 00:00:00,3.6716290875354214,3.678814312968151,3.657258982712412,3.6644442081451416,191597,0.0,0.0
2023-11-27 00:00:00,3.6644442081451416,3.678814312968151,3.657258982712412,3.6644442081451416,371175,0.0,0.0
2023-11-28 00:00:00,3.657259225845337,3.6644444517557373,3.6428887740245366,3.657259225845337,284416,0.0,0.0
2023-11-29 00:00:00,3.6644442081451416,3.678814312968151,3.6500737572796824,3.6644442081451416,300677,0.0,0.0
2023-11-30 00:00:00,3.6644442081451416,3.6716290875354214,3.6428885318469524,3.6644442081451416,387133,0.0,0.0
2023-12-01 00:00:00,3.6572586023452014,3.70036960441544,3.650073377659759,3.6859991550445557,675690,0.0,0.0
2023-12-04 00:00:00,3.6859996221266043,3.7003700733184814,3.671629170934727,3.7003700733184814,524796,0.0,0.0
2023-12-05 00:00:00,3.70036998926634,3.70036998926634,3.657258982712412,3.6644442081451416,654884,0.0,0.0
2023-12-06 00:00:00,3.7003700733184814,3.7075552989144205,3.671629170934727,3.7003700733184814,581255,0.0,0.0
2023-12-07 00:00:00,3.7147398029814513,3.7219250271817748,3.6931841303804807,3.707554578781128,410969,0.0,0.0
2023-12-08 00:00:00,3.7219255909679094,3.743480920791626,3.714740365679189,3.743480920791626,506616,0.0,0.0
2023-12-11 00:00:00,3.743481119594857,3.8009629249572754,3.743481119594857,3.8009629249572754,635088,0.0,0.0
2023-12-12 00:00:00,3.800962691048441,3.808147916276569,3.7722217901359287,3.7937774658203125,797900,0.0,0.0
2023-12-13 00:00:00,3.779407569896652,3.836889034113189,3.750666664767138,3.8297038078308105,962126,0.0,0.0
2023-12-14 00:00:00,3.8518838089399337,3.8740636892749616,3.8075244043329413,3.8297042846679688,1095547,0.148515,0.0
2023-12-15 00:00:00,3.8075236779898556,3.814916970024482,3.7335911137065874,3.7631642818450928,1219474,0.0,0.0
2023-12-18 00:00:00,3.7705578485613156,3.7927373702179565,3.704018215402329,3.7409846782684326,1490962,0.0,0.0
2023-12-19 00:00:00,3.704018318076651,3.7557713675237756,3.704018318076651,3.726198196411133,915060,0.0,0.0
2023-12-20 00:00:00,3.7188050990278727,3.800130967797665,3.667052402924569,3.6818389892578125,1067469,0.0,0.0
2023-12-21 00:00:00,3.7114110185439424,3.7779502868652344,3.696624435347439,3.7779502868652344,777296,0.0,0.0
2023-12-22 00:00:00,3.9184228591104366,3.9184228591104366,3.7705577246320394,3.7927372455596924,1573580,0.0,0.0
2023-12-26 00:00:00,3.792737041544182,3.8962427725365765,3.7631642298770624,3.822310209274292,1621959,0.0,0.0
2023-12-27 00:00:00,3.8223108279044666,3.8444907072917993,3.7853443622589116,3.785344362258911,977175,0.0,0.0
2023-12-28 00:00:00,3.7779506608992506,3.8223104148805755,3.7705577246320394,3.7927372455596924,704071,0.0,0.0
2023-12-29 00:00:00,3.785344213838178,3.807524092355853,3.7261982271874112,3.7557713985443115,1352188,0.0,0.0
2024-01-02 00:00:00,3.7261982636375253,3.7557714352837137,3.718804970725978,3.7335915565490723,594284,0.0,0.0
2024-01-03 00:00:00,3.7335914578585507,3.7335914578585507,3.681838764908744,3.696624994277954,687305,0.0,0.0
2024-01-04 00:00:00,3.6966252866335294,3.711411873235197,3.6670524694932505,3.689232349395752,879306,0.0,0.0
2024-01-05 00:00:00,3.6818384443551486,3.7188045486543198,3.667051860210281,3.674445152282715,544693,0.0,0.0
2024-01-08 00:00:00,3.711411714553833,3.711411714553833,3.6744456056932058,3.711411714553833,584992,0.0,0.0
2024-01-09 00:00:00,3.7040181159973145,3.711411408372121,3.681838594935907,3.7040181159973145,518433,0.0,0.0
2024-01-10 00:00:00,3.704018421569099,3.7261983005233,3.6966251285843654,3.711411714553833,436320,0.0,0.0
2024-01-11 00:00:00,3.7188050075385664,3.733591593508034,3.681838898677939,3.711411714553833,460863,0.0,0.0
2024-01-12 00:00:00,3.718804872426312,3.748378043290789,3.681838764908744,3.696624994277954,612161,0.0,0.0
2024-01-16 00:00:00,3.696624994277954,3.7261981651424314,3.681838764908744,3.696624994277954,1065146,0.0,0.0
2024-01-17 00:00:00,3.6892320885833603,3.726198196411133,3.6818387958051995,3.726198196411133,977478,0.0,0.0
2024-01-18 00:00:00,3.7335909780372685,3.7557708533351866,3.718804394505323,3.748377561569214,552773,0.0,0.0
2024-01-19 00:00:00,3.7557708533351866,3.770557436867132,3.7261976862712958,3.748377561569214,459146,0.0,0.0
2024-01-22 00:00:00,3.7557712951303053,3.785344109609893,3.7557712951303053,3.7705578804016113,688214,0.0,0.0
2024-01-23 00:00:00,3.792736870061738,3.8001301616599896,3.763164059731705,3.7779502868652344,380669,0.0,0.0
2024-01-24 00:00:00,3.785344213838178,3.8001307995166282,3.7557713985443115,3.7557713985443115,544491,0.0,0.0
2024-01-25 00:00:00,3.7853443622589116,3.7927376553880223,3.7705581320637376,3.785344362258911,424604,0.0,0.0
2024-01-26 00:00:00,3.785343578463486,3.792736870061738,3.770557351329957,3.7779502868652344,491567,0.0,0.0
2024-01-29 00:00:00,3.7853437496116547,3.822310209274292,3.77055752180959,3.822310209274292,631553,0.0,0.0
2024-01-30 00:00:00,3.8149176693144846,3.8223109627043317,3.7927377891449425,3.80013108253479,605192,0.0,0.0
2024-01-31 00:00:00,3.792736870061738,3.807523453258242,3.763164059731705,3.7779502868652344,672458,0.0,0.0
2024-02-01 00:00:00,3.777950457679127,3.837096793139347,3.77055752180959,3.822310209274292,835068,0.0,0.0
2024-02-02 00:00:00,3.829704284667969,3.8370975781129784,3.8075244043329413,3.8297042846679688,531058,0.0,0.0
2024-02-05 00:00:00,3.8370966911315922,3.8444899828675716,3.7927369407157143,3.837096691131592,703869,0.0,0.0
2024-02-06 00:00:00,3.8444905419860156,3.8592767715454097,3.837097249174802,3.85927677154541,559540,0.0,0.0
2024-02-07 00:00:00,3.8962425499329787,3.9036358414431063,3.874062675402597,3.8888492584228516,828402,0.0,0.0
2024-02-08 00:00:00,3.9036362849052266,3.911029577255249,3.881456407855159,3.911029577255249,432785,0.0,0.0
2024-02-09 00:00:00,3.9110291329532334,3.918422424463361,3.8888492584228516,3.8888492584228516,463691,0.0,0.0
2024-02-12 00:00:00,3.911029577255249,3.933209098242306,3.8962429925552042,3.911029577255249,805980,0.0,0.0
2024-02-13 00:00:00,3.8814562389026044,3.896242822959017,3.8370968427963614,3.8666696548461914,797395,0.0,0.0
2024-02-14 00:00:00,3.881456422489595,3.9332091130718676,3.881456422489595,3.9258158206939697,660338,0.0,0.0
2024-02-15 00:00:00,3.940602268185415,3.9701754366668736,3.93320897606505,3.962782144546509,609737,0.0,0.0
2024-02-16 00:00:00,3.9553892981107626,3.9553892981107626,3.9258161262970632,3.9332094192504883,605091,0.0,0.0
2024-02-20 00:00:00,3.9036366034998284,3.9332094192504883,3.9036366034998284,3.9332094192504883,424604,0.0,0.0
2024-02-21 00:00:00,3.9332094192504883,3.9553892981107626,3.9110298964532535,3.9332094192504883,361176,0.0,0.0
2024-02-22 00:00:00,3.955388852426144,3.984962020907603,3.940602268185415,3.962782144546509,493385,0.0,0.0
2024-02-23 00:00:00,3.9775688648223877,4.014534970625474,3.962782280075949,3.9775688648223877,610141,0.0,0.0
2024-02-26 00:00:00,3.9775692373854064,3.9997487605195206,3.9775692373854064,3.9923558235168457,553783,0.0,0.0
2024-02-27 00:00:00,3.9997488406657755,4.014535427093506,3.984962610301097,4.014535427093506,511262,0.0,0.0
2024-02-28 00:00:00,4.007141725473598,4.021928310394287,3.970175619234893,4.021928310394287,389254,0.0,0.0
2024-02-29 00:00:00,4.029321397856291,4.058894566193086,4.021928105772093,4.051501274108887,582871,0.0,0.0
2024-03-01 00:00:00,4.051500951070461,4.095860343975746,4.036714368081044,4.081073760986328,572468,0.0,0.0
2024-03-04 00:00:00,4.088467626831612,4.118040084838867,4.088467626831612,4.118040084838867,651955,0.0,0.0
2024-03-05 00:00:00,4.110646831179803,4.118040123783045,4.081074372892882,4.095860958099365,543683,0.0,0.0
2024-03-06 00:00:00,4.1254339637006145,4.1402205508688095,4.081074914322171,4.103254795074463,599435,0.0,0.0
2024-03-07 00:00:00,4.1180398122835475,4.162399208484511,4.1180398122835475,4.140219688415527,613575,0.0,0.0
2024-03-08 00:00:00,4.162399208484511,4.177185792572498,4.1254331043275405,4.140219688415527,567620,0.0,0.0
2024-03-11 00:00:00,4.140219771478229,4.169792584184508,4.125433187093589,4.1623992919921875,772347,0.0,0.0
2024-03-12 00:00:00,4.184579654157992,4.243725642496997,4.169793068057479,4.228939056396484,1450663,0.0,0.0
2024-03-13 00:00:00,4.183385115063521,4.213754689527619,4.122646331787109,4.122646331787109,1247148,0.148515,0.0
2024-03-14 00:00:00,4.122645760775837,4.13023815334027,4.084684163605408,4.107460975646973,507222,0.0,0.0
2024-03-15 00:00:00,4.099868948734272,4.115053368211405,4.084684163605408,4.107460975646973,291284,0.0,0.0
2024-03-18 00:00:00,4.137830832990637,4.137830832990637,4.099869233186402,4.115053653717041,700435,0.0,0.0
2024-03-19 00:00:00,4.122646615718256,4.15301619227394,4.1074618274404155,4.130239009857178,576710,0.0,0.0
2024-03-20 00:00:00,4.122646485460183,4.206162452697754,4.1150540915611495,4.206162452697754,849814,0.0,0.0
2024-03-21 00:00:00,4.25171649716486,4.274493315419301,4.15301646385984,4.175793647766113,2049391,0.0,0.0
2024-03-22 00:00:00,4.175792579281672,4.213754177093506,4.145423008510814,4.213754177093506,1142411,0.0,0.0
2024-03-25 00:00:00,4.198570160327126,4.206162554409756,4.16820094964841,4.183385372161865,402990,0.0,0.0
2024-03-26 00:00:00,4.183384913708294,4.21375448671064,4.153015706357714,4.168200492858887,657611,0.0,0.0
2024-03-27 00:00:00,4.190976999015363,4.213754177093506,4.160607793896244,4.213754177093506,600748,0.0,0.0
2024-03-28 00:00:00,4.2137547545945635,4.221346417024249,4.175793151580038,4.190977573394775,721746,0.0,0.0
2024-04-01 00:00:00,4.19856990229557,4.19856990229557,4.115053938171085,4.122646331787109,937684,0.0,0.0
2024-04-02 00:00:00,4.092277242623409,4.107461664647632,4.069500061109384,4.0846848487854,546410,0.0,0.0
2024-04-03 00:00:00,4.0922770500183105,4.107461471327871,4.077092263056974,4.0922770500183105,429654,0.0,0.0
2024-04-04 00:00:00,4.122646164915818,4.145423344841944,4.054314990789205,4.077092170715332,504798,0.0,0.0
2024-04-05 00:00:00,4.077092263056974,4.099869443498979,4.039130295653632,4.0922770500183105,544592,0.0,0.0
2024-04-08 00:00:00,4.099869233186402,4.137830832990637,4.099869233186402,4.115053653717041,338148,0.0,0.0
2024-04-09 00:00:00,4.137830832990637,4.137830832990637,4.084684447004005,4.115053653717041,377942,0.0,0.0
2024-04-10 00:00:00,4.099869162835806,4.099869162835806,4.039130019148456,4.046722412109375,509040,0.0,0.0
2024-04-11 00:00:00,4.054314997519088,4.069499784161712,4.031537817555153,4.039130210876465,304515,0.0,0.0
2024-04-12 00:00:00,4.039131097078593,4.046723492065707,3.993577092807753,4.008761882781982,358348,0.0,0.0
2024-04-15 00:00:00,4.0087610075888,4.031537821925658,3.917652653286058,3.9252450466156006,502879,0.0,0.0
2024-04-16 00:00:00,3.948022155343058,3.970798969268799,3.9100601893805527,3.970798969268799,634280,0.0,0.0
2024-04-17 00:00:00,3.9859839022714976,3.9859839022714976,3.9328375136208518,3.9556143283843994,306535,0.0,0.0
2024-04-18 00:00:00,3.9556143283843994,4.016353476158595,3.9404299070926263,3.9556143283843994,686295,0.0,0.0
2024-04-19 00:00:00,3.978391508799723,4.001168689215047,3.9404299070926263,3.9556143283843994,573478,0.0,0.0
2024-04-22 00:00:00,3.9556135181702023,4.016352653503418,3.9480214919052514,4.016352653503418,386830,0.0,0.0
2024-04-23 00:00:00,4.031537836115139,4.054315016183934,3.9935762349855852,4.0239458084106445,338047,0.0,0.0
2024-04-24 00:00:00,4.0315375328063965,4.0467223183765135,4.008760720102963,4.0315375328063965,313605,0.0,0.0
2024-04-25 00:00:00,4.008761021698115,4.039130229471405,3.9556142682042608,4.0239458084106445,465004,0.0,0.0
2024-04-26 00:00:00,4.023945505673081,4.039129925591455,4.008760720102963,4.0315375328063965,196344,0.0,0.0
2024-04-29 00:00:00,4.031537817555153,4.061907390840401,4.02394578988561,4.039130210876465,462782,0.0,0.0
2024-04-30 00:00:00,4.016352653503418,4.039129463601673,4.008760261586766,4.016352653503418,356732,0.0,0.0
2024-05-01 00:00:00,4.0239458084106445,4.046722622827669,4.008761021698115,4.0239458084106445,382891,0.0,0.0
2024-05-02 00:00:00,4.0619071980312125,4.0619071980312125,4.008760812956533,4.046722412109375,292294,0.0,0.0
2024-05-03 00:00:00,4.069500162276265,4.092277344356525,4.0543153742227585,4.061907768249512,316736,0.0,0.0
2024-05-06 00:00:00,4.069499777406623,4.084684564024041,4.069499777406623,4.077092170715332,326432,0.0,0.0
2024-05-07 00:00:00,4.077092454947392,4.11505405848564,4.077092454947392,4.0846848487854,372791,0.0,0.0
2024-05-08 00:00:00,4.084684447004005,4.115053653717041,4.077092053912807,4.115053653717041,227654,0.0,0.0
2024-05-09 00:00:00,4.1226463236210495,4.160608291625977,4.107461536419078,4.160608291625977,309161,0.0,0.0
2024-05-10 00:00:00,4.168200878298398,4.175793272251064,4.1454236964404005,4.153016090393066,311585,0.0,0.0
2024-05-13 00:00:00,4.153015520072984,4.168200305893039,4.122645948432875,4.13783073425293,389153,0.0,0.0
2024-05-14 00:00:00,4.153015706357714,4.168200492858887,4.122646133355369,4.168200492858887,514090,0.0,0.0
2024-05-15 00:00:00,4.1757924858736155,4.206161690313408,4.1757924858736155,4.198569297790527,528028,0.0,0.0
2024-05-16 00:00:00,4.213754846596787,4.221346509192228,4.183385271000653,4.206162452697754,568327,0.0,0.0
2024-05-17 00:00:00,4.221345901489258,4.221345901489258,4.198569454374637,4.221345901489258,336431,0.0,0.0
2024-05-20 00:00:00,4.236531824082235,4.251716613769531,4.213755370854974,4.251716613769531,412080,0.0,0.0
2024-05-21 00:00:00,4.251715641996136,4.266900062561035,4.221346069562823,4.266900062561035,522473,0.0,0.0
2024-05-22 00:00:00,4.266901037804986,4.274493432648634,4.236531824082235,4.251716613769531,398647,0.0,0.0
2024-05-23 00:00:00,4.282085294732699,4.282085294732699,4.183385271000653,4.206162452697754,553682,0.0,0.0
2024-05-24 00:00:00,4.1985702110030285,4.228939056396484,4.1909778168287595,4.228939056396484,371074,0.0,0.0
2024-05-28 00:00:00,4.236531707894012,4.25171649716486,4.175793647766113,4.175793647766113,369862,0.0,0.0
2024-05-29 00:00:00,4.175792508726863,4.22134576715826,4.09227655616984,4.107460975646973,568731,0.0,0.0
2024-05-30 00:00:00,4.107461664647632,4.145423633837672,4.0619076672713765,4.0846848487854,686901,0.0,0.0
2024-05-31 00:00:00,4.099869319255376,4.168200492858887,4.099869319255376,4.168200492858887,498940,0.0,0.0
2024-06-03 00:00:00,4.168200492858887,4.198569700209466,4.153015706357714,4.168200492858887,656803,0.0,0.0
2024-06-04 00:00:00,4.168200492858887,4.206162093460053,4.137830919856542,4.168200492858887,560247,0.0,0.0
2024-06-05 00:00:00,4.18338542265449,4.228939056396484,4.1682009999577625,4.228939056396484,664378,0.0,0.0
2024-06-06 00:00:00,4.228938294295294,4.228938294295294,4.198569454374637,4.221345901489258,370872,0.0,0.0
2024-06-07 00:00:00,4.221346469972407,4.2365312576293945,4.198570019790512,4.2365312576293945,677407,0.0,0.0
2024-06-10 00:00:00,4.236530623868172,4.244123016560887,4.1985693917080775,4.213754177093506,686194,0.0,0.0
2024-06-11 00:00:00,4.206162452697754,4.206162452697754,4.175793242753417,4.206162452697754,500960,0.0,0.0
2024-06-12 00:00:00,4.213754587561936,4.228938643122991,4.145423412322998,4.145423412322998,1100900,0.0,0.0
2024-06-13 00:00:00,4.1844580168647925,4.1844580168647925,4.075162228944041,4.090775966644287,1387942,0.148515,0.0
2024-06-14 00:00:00,4.090775966644287,4.09858283549441,4.051741998374642,4.090775966644287,497930,0.0,0.0
2024-06-17 00:00:00,4.082969482265041,4.098583221435547,4.059549249490287,4.098583221435547,468236,0.0,0.0
2024-06-18 00:00:00,4.09858244807739,4.114196184301753,4.075161843740846,4.082968711853027,663671,0.0,0.0
2024-06-20 00:00:00,4.098583221435547,4.122003830191306,4.051742379905034,4.098583221435547,1158369,0.0,0.0
2024-06-21 00:00:00,4.176650745946087,4.254719050951039,4.090775572842546,4.231298446655273,2310476,0.0,0.0
2024-06-24 00:00:00,4.239104786673755,4.262525388051934,4.145422757141923,4.161036491394043,992729,0.0,0.0
2024-06-25 00:00:00,4.168843339044696,4.176650206134285,4.098581911219282,4.129809379577637,630947,0.0,0.0
2024-06-26 00:00:00,4.114195913313301,4.137616516107208,4.075161575323456,4.106389045715332,493890,0.0,0.0
2024-06-27 00:00:00,4.098582178117363,4.12200278091127,4.075161575323456,4.106389045715332,470054,0.0,0.0
2024-06-28 00:00:00,4.106389209465496,4.1298098131933445,4.012707170535026,4.059548377990723,1415616,0.0,0.0
2024-07-01 00:00:00,4.05954857331007,4.082968802183825,4.05954857331007,4.075161933898926,465610,0.0,0.0
2024-07-02 00:00:00,4.0751626126797875,4.098583221435547,4.059549249490287,4.098583221435547,532674,0.0,0.0
2024-07-03 00:00:00,4.098582488928088,4.1532301902771,4.098582488928088,4.1532301902771,320978,0.0,0.0
2024-07-05 00:00:00,4.1298095585251655,4.1376164259530315,4.090775221385837,4.114195823669434,306232,0.0,0.0
2024-07-08 00:00:00,4.122003830191306,4.129810699776559,4.082969482265041,4.098583221435547,505505,0.0,0.0
2024-07-09 00:00:00,4.12200278091127,4.12200278091127,4.082968442921425,4.106389045715332,318857,0.0,0.0
2024-07-10 00:00:00,4.129809379577637,4.129809379577637,4.098581911219282,4.129809379577637,382386,0.0,0.0
2024-07-11 00:00:00,4.137616829878051,4.161037058467092,4.129809961688059,4.1532301902771,524190,0.0,0.0
2024-07-12 00:00:00,4.161037287249613,4.246912466080193,4.137617057372879,4.2156853675842285,615292,0.0,0.0
2024-07-15 00:00:00,4.192264761726536,4.239105597460963,4.192264761726536,4.2156853675842285,457631,0.0,0.0
2024-07-16 00:00:00,4.2234914266290655,4.285946369171143,4.215684934792226,4.285946369171143,538128,0.0,0.0
2024-07-17 00:00:00,4.2625261498769955,4.309366985024153,4.2625261498769955,4.293753623962402,539138,0.0,0.0
2024-07-18 00:00:00,4.30156017043385,4.309367039053081,4.2156853675842285,4.2156853675842285,417433,0.0,0.0
2024-07-19 00:00:00,4.223491928256408,4.223491928256408,4.137617124023476,4.168844223022461,725988,0.0,0.0
2024-07-22 00:00:00,4.200071630345767,4.2156853675842285,4.176651024488074,4.2156853675842285,491971,0.0,0.0
2024-07-23 00:00:00,4.215685086439029,4.231298446655273,4.215685086439029,4.231298446655273,285123,0.0,0.0
2024-07-24 00:00:00,4.223491836447309,4.223491836447309,4.161037263825995,4.1766510009765625,364913,0.0,0.0
2024-07-25 00:00:00,4.161037058467092,4.200071399417056,4.114196225308073,4.1532301902771,561055,0.0,0.0
2024-07-26 00:00:00,4.192264761726536,4.2156853675842285,4.176651024488074,4.2156853675842285,409252,0.0,0.0
2024-07-29 00:00:00,4.2156853675842285,4.231298728841732,4.176651024488074,4.2156853675842285,537522,0.0,0.0
2024-07-30 00:00:00,4.215685086439029,4.2469121828524505,4.192264482143264,4.231298446655273,367337,0.0,0.0
2024-07-31 00:00:00,4.254718987271805,4.285946459198787,4.231298383326569,4.278139591217041,509646,0.0,0.0
2024-08-01 00:00:00,4.301560844504912,4.309367714347509,4.1844585488279895,4.200072288513184,469549,0.0,0.0
2024-08-02 00:00:00,4.153230932551313,4.161037802136566,4.051742379905034,4.098583221435547,883851,0.0,0.0
2024-08-05 00:00:00,4.020514011383057,4.036127747096529,3.9736731802235594,4.020514011383057,1195941,0.0,0.0
2024-08-06 00:00:00,4.03612813478093,4.090775839046269,4.028321266174316,4.028321266174316,581457,0.0,0.0
2024-08-07 00:00:00,4.114195866399841,4.114195866399841,4.0205138322733625,4.03612756729126,375316,0.0,0.0
2024-08-08 00:00:00,4.106388778308871,4.129809379577637,4.0673544428609265,4.129809379577637,470054,0.0,0.0
2024-08-09 00:00:00,4.12981042436247,4.12981042436247,4.07516234091014,4.122003555297852,264923,0.0,0.0
2024-08-12 00:00:00,4.122003442044779,4.122003442044779,4.075162228944041,4.090775966644287,226745,0.0,0.0
2024-08-13 00:00:00,4.106389045715332,4.137616516107208,4.082968442921425,4.106389045715332,368448,0.0,0.0
2024-08-14 00:00:00,4.122003555297852,4.12981042436247,4.098582948103996,4.122003555297852,396223,0.0,0.0
2024-08-15 00:00:00,4.153230485532486,4.1922648292574225,4.153230485532486,4.168844223022461,433189,0.0,0.0
2024-08-16 00:00:00,4.1844585488279895,4.207879158355781,4.176651678985392,4.200072288513184,262196,0.0,0.0
2024-08-19 00:00:00,4.223491860222501,4.223491860222501,4.200071630345767,4.2156853675842285,610949,0.0,0.0
2024-08-20 00:00:00,4.2156853675842285,4.231298728841732,4.200071630345767,4.2156853675842285,491365,0.0,0.0
2024-08-21 00:00:00,4.223491013663382,4.239104747772217,4.2156845225898465,4.239104747772217,249167,0.0,0.0
2024-08-22 00:00:00,4.246912273496818,4.254719141762033,4.223491668701172,4.223491668701172,235431,0.0,0.0
2024-08-23 00:00:00,4.254719281355644,4.293753623962402,4.246912412834292,4.293753623962402,560752,0.0,0.0
2024-08-26 00:00:00,4.317173480987549,4.3327872166828385,4.293753253425536,4.317173480987549,772751,0.0,0.0
2024-08-27 00:00:00,4.309366703033447,4.32498043905444,4.301559835022951,4.309366703033447,380871,0.0,0.0
2024-08-28 00:00:00,4.317173480987549,4.3327872166828385,4.270332649882603,4.317173480987549,596102,0.0,0.0
2024-08-29 00:00:00,4.332787036895752,4.364013755028749,4.317173301848348,4.332787036895752,630442,0.0,0.0
2024-08-30 00:00:00,4.356207190532729,4.37182092666626,4.332787338294295,4.37182092666626,302899,0.0,0.0
2024-09-03 00:00:00,4.3718211812330585,4.3718211812330585,4.254719281355644,4.293753623962402,815777,0.0,0.0
2024-09-04 00:00:00,4.301559566800944,4.332787036895752,4.293753075258147,4.332787036895752,616201,0.0,0.0
2024-09-05 00:00:00,4.348400589455206,4.356207458001309,4.3015601301405,4.324980735778809,547521,0.0,0.0
2024-09-06 00:00:00,4.332787566146916,4.332787566146916,4.23910552040011,4.254719257354736,429048,0.0,0.0
2024-09-09 00:00:00,4.262525782034959,4.317173480987549,4.262525782034959,4.317173480987549,502273,0.0,0.0
2024-09-10 00:00:00,4.332787307064936,4.340593423113574,4.2937533429933845,4.309366703033447,657914,0.0,0.0
2024-09-11 00:00:00,4.309367270955851,4.309367270955851,4.254719563661401,4.301560401916504,567519,0.0,0.0
2024-09-12 00:00:00,4.2937533429933845,4.317173571043943,4.285946474982889,4.309366703033447,740734,0.0,0.0
2024-09-13 00:00:00,4.3093665966435015,4.32498033227902,4.278139501353383,4.285946369171143,1229877,0.0,0.0
2024-09-16 00:00:00,4.277920128506925,4.334103264275516,4.253842028291158,4.301998615264893,1386326,0.148515,0.0
2024-09-17 00:00:00,4.301999487273864,4.334104142792054,4.293973323394316,4.318051815032959,552975,0.0,0.0
2024-09-18 00:00:00,4.326077291831869,4.382260043523308,4.310024966622253,4.342129230499268,506313,0.0,0.0
2024-09-19 00:00:00,4.374233207527263,4.390285530265706,4.350154723419601,4.382259368896484,729826,0.0,0.0
2024-09-20 00:00:00,4.398312964212547,4.414365291595459,4.366208309446724,4.414365291595459,871125,0.0,0.0
2024-09-23 00:00:00,4.470546284436088,4.478572446344099,4.422390086072387,4.462520122528076,2101204,0.0,0.0
2024-09-24 00:00:00,4.470546351474647,4.470546351474647,4.398312052845899,4.406338214874268,488335,0.0,0.0
2024-09-25 00:00:00,4.3983117301682215,4.3983117301682215,4.342128600091459,4.374233245849609,588628,0.0,0.0
2024-09-26 00:00:00,4.398312249186518,4.4063384115731745,4.350155274866579,4.366207599639893,748612,0.0,0.0
2024-09-27 00:00:00,4.366207482267824,4.398312130951416,4.358181320096927,4.390285968780518,445915,0.0,0.0
2024-09-30 00:00:00,4.39028589081753,4.406338214874268,4.358181242704055,4.406338214874268,764570,0.0,0.0
2024-10-01 00:00:00,4.414364014373368,4.414364014373368,4.350154723419601,4.382259368896484,589941,0.0,0.0
2024-10-02 00:00:00,4.38225980660962,4.390285968780518,4.358181320096927,4.390285968780518,313100,0.0,0.0
2024-10-03 00:00:00,4.390286903406607,4.398313067286154,4.310025651153412,4.318051815032959,610545,0.0,0.0
2024-10-04 00:00:00,4.366207599639893,4.366207599639893,4.334103336635473,4.366207599639893,321786,0.0,0.0
2024-10-07 00:00:00,4.366208411767965,4.366208411767965,4.293973323394316,4.318051815032959,446420,0.0,0.0
2024-10-08 00:00:00,4.35015508396665,4.35015508396665,4.310024660336636,4.326076984405518,578225,0.0,0.0
2024-10-09 00:00:00,4.326076739974236,4.358180999755859,4.318050578393289,4.358180999755859,478134,0.0,0.0
2024-10-10 00:00:00,4.358181686283155,4.366207849128433,4.318051258598995,4.334103584289551,332189,0.0,0.0
2024-10-11 00:00:00,4.334103336635473,4.390286086799862,4.334103336635473,4.366207599639893,415615,0.0,0.0
2024-10-14 00:00:00,4.374233644438722,4.390285968780518,4.358181320096927,4.390285968780518,364004,0.0,0.0
2024-10-15 00:00:00,4.398311691634926,4.398311691634926,4.358180884788822,4.382259368896484,479952,0.0,0.0
2024-10-16 00:00:00,4.398312130951416,4.406338293122314,4.374233644438722,4.390285968780518,353904,0.0,0.0
2024-10-17 00:00:00,4.414364573959832,4.414364573959832,4.3581814372532355,4.366207599639893,342188,0.0,0.0
2024-10-18 00:00:00,4.390286800521091,4.414365291595459,4.358182145755268,4.414365291595459,569438,0.0,0.0
2024-10-21 00:00:00,4.414364376902636,4.422390152388815,4.366207404732424,4.406338214874268,742956,0.0,0.0
2024-10-22 00:00:00,4.382259368896484,4.398311691634926,4.366207046158043,4.382259368896484,393294,0.0,0.0
2024-10-23 00:00:00,4.382260174818988,4.398312500509544,4.334103584289551,4.334103584289551,408444,0.0,0.0
2024-10-24 00:00:00,4.366207161336807,4.374233322917755,4.310024416812341,4.358180999755859,418443,0.0,0.0
2024-10-25 00:00:00,4.382259732104412,4.4063382182077335,4.3180508223710765,4.326076984405518,537522,0.0,0.0
2024-10-28 00:00:00,4.334103454436677,4.3501553931040755,4.334103454436677,4.342129230499268,238461,0.0,0.0
2024-10-29 00:00:00,4.334103415024711,4.350155353546143,4.301998764897421,4.350155353546143,281184,0.0,0.0
2024-10-30 00:00:00,4.3581814372532355,4.382259924413205,4.350155274866579,4.366207599639893,323604,0.0,0.0
2024-10-31 00:00:00,4.3581813248474495,4.366207487027096,4.310024738311768,4.310024738311768,701344,0.0,0.0
2024-11-01 00:00:00,4.342129920129322,4.358182247888417,4.301999487273864,4.318051815032959,838300,0.0,0.0
2024-11-04 00:00:00,4.334103264275516,4.334103264275516,4.277920128506925,4.301998615264893,937684,0.0,0.0
2024-11-05 00:00:00,4.318051011862161,4.366207599639893,4.310024849475504,4.366207599639893,374407,0.0,0.0
2024-11-06 00:00:00,4.454494953155518,4.494624991588217,4.4384426285486756,4.454494953155518,1158773,0.0,0.0
2024-11-07 00:00:00,4.470546284436088,4.486598608252111,4.454494733704433,4.462520122528076,735078,0.0,0.0
2024-11-08 00:00:00,4.462520995340489,4.478573322296143,4.454495604947181,4.478573322296143,436623,0.0,0.0
2024-11-11 00:00:00,4.4785721251845105,4.510676383972168,4.4785721251845105,4.510676383972168,660035,0.0,0.0
2024-11-12 00:00:00,4.5026505063857405,4.518702830062225,4.454494694982827,4.470546245574951,479447,0.0,0.0
2024-11-13 00:00:00,4.470547158818316,4.494625649251797,4.454495604947181,4.478573322296143,341178,0.0,0.0
2024-11-14 00:00:00,4.4785723431074995,4.486598504830498,4.414364208950036,4.422389984130859,431674,0.0,0.0
2024-11-15 00:00:00,4.422389984130859,4.438442307576857,4.398311885504039,4.422389984130859,614383,0.0,0.0
2024-11-18 00:00:00,4.414364310706559,4.470546284436088,4.398311986890536,4.462520122528076,464499,0.0,0.0
2024-11-19 00:00:00,4.430416247980398,4.462520122528076,4.422390086072387,4.462520122528076,371478,0.0,0.0
2024-11-20 00:00:00,4.486598608252111,4.486598608252111,4.43844240988841,4.462520122528076,591557,0.0,0.0
2024-11-21 00:00:00,4.486598286516964,4.518702545304621,4.470545963852057,4.510676383972168,517221,0.0,0.0
2024-11-22 00:00:00,4.502650898674501,4.574886361512123,4.486598960141689,4.566860198974609,540350,0.0,0.0
2024-11-25 00:00:00,4.590938923212099,4.639095904973936,4.590938923212099,4.615017414093018,809818,0.0,0.0
2024-11-26 00:00:00,4.623042544678963,4.631068706512451,4.58291173551152,4.631068706512451,500657,0.0,0.0
2024-11-27 00:00:00,4.631068706512451,4.6631729673042255,4.623042544678963,4.631068706512451,747905,0.0,0.0
2024-11-29 00:00:00,4.647120952606201,4.6631728894630475,4.615016305808162,4.647120952606201,223715,0.0,0.0
2024-12-02 00:00:00,4.655147114305711,4.655147114305711,4.623042467507672,4.647120952606201,547016,0.0,0.0
2024-12-03 00:00:00,4.671198844909668,4.687251167599911,4.64712074741646,4.671198844909668,424099,0.0,0.0
2024-12-04 00:00:00,4.679225212862067,4.679225212862067,4.631068629207181,4.647120952606201,488537,0.0,0.0
2024-12-05 00:00:00,4.655146908761582,4.687251167599911,4.655146908761582,4.671198844909668,595799,0.0,0.0
2024-12-06 00:00:00,4.671199282696365,4.679225444793701,4.6551473450438845,4.679225444793701,435916,0.0,0.0
2024-12-09 00:00:00,4.687251374561577,4.695277536261086,4.647120952606201,4.647120952606201,657207,0.0,0.0
2024-12-10 00:00:00,4.663174009312589,4.671200172939561,4.598965086839072,4.615017414093018,696597,0.0,0.0
2024-12-11 00:00:00,4.631069143805119,4.639095306396484,4.606990656031021,4.639095306396484,996769,0.0,0.0
2024-12-12 00:00:00,4.639094907267229,4.639094907267229,4.606990259663922,4.623042583465576,825069,0.0,0.0
2024-12-13 00:00:00,4.6148014714892165,4.63128260340558,4.5900791782984225,4.606560707092285,968388,0.148515,0.0
2024-12-16 00:00:00,4.5900804931988795,4.598321259956507,4.53239631652832,4.53239631652832,939199,0.0,0.0
2024-12-17 00:00:00,4.540636340374585,4.565358638763428,4.524155204992939,4.565358638763428,507929,0.0,0.0
2024-12-18 00:00:00,4.573599326111554,4.581839298344067,4.417025566101074,4.417025566101074,767802,0.0,0.0
2024-12-19 00:00:00,4.441747864064069,4.482951297124817,4.37582173616275,4.417025566101074,1753663,0.0,0.0
2024-12-20 00:00:00,4.441748279072022,4.598321259956507,4.400544445283881,4.53239631652832,2541463,0.0,0.0
2024-12-23 00:00:00,4.515914293802052,4.532395825531856,4.466469698612636,4.474710464477539,483487,0.0,0.0
2024-12-24 00:00:00,4.474710530696326,4.482951296683179,4.449988629613343,4.466469764709473,432179,0.0,0.0
2024-12-26 00:00:00,4.466469567146641,4.499432629636016,4.458228801524297,4.491191864013672,379154,0.0,0.0
2024-12-27 00:00:00,4.466469698313322,4.474710464177672,4.40054396827609,4.425266265869141,668923,0.0,0.0
2024-12-30 00:00:00,4.417025909218738,4.441748209102179,4.384062842707485,4.433507442474365,664378,0.0,0.0
2024-12-31 00:00:00,4.449988975729992,4.482951645363639,4.433507442474365,4.433507442474365,397940,0.0,0.0
2025-01-02 00:00:00,4.441747797597841,4.466469698313322,4.41702550000479,4.425266265869141,450157,0.0,0.0
2025-01-03 00:00:00,4.474710530696326,4.482951296683179,4.44174786362649,4.466469764709473,312999,0.0,0.0
2025-01-06 00:00:00,4.491191862242277,4.515914159099558,4.441747665405273,4.441747665405273,404808,0.0,0.0
2025-01-07 00:00:00,4.41702550000479,4.449988563462191,4.408784734140441,4.425266265869141,527927,0.0,0.0
2025-01-08 00:00:00,4.433507442474365,4.433507442474365,4.408785142590925,4.433507442474365,394607,0.0,0.0
2025-01-10 00:00:00,4.408785142590925,4.433507442474365,4.384062842707485,4.433507442474365,630139,0.0,0.0
2025-01-13 00:00:00,4.408784800113409,4.4335070980764035,4.39230326813808,4.417025566101074,337441,0.0,0.0
2025-01-14 00:00:00,4.449988630051734,4.458228999161823,4.384062502150415,4.417025566101074,606707,0.0,0.0
2025-01-15 00:00:00,4.474710398502205,4.5076734614758065,4.466469632758805,4.4829511642456055,402586,0.0,0.0
2025-01-16 00:00:00,4.491191929989006,4.4994326957324065,4.449988498149569,4.4829511642456055,230785,0.0,0.0
2025-01-17 00:00:00,4.515914783013064,4.53239631652832,4.507674016255436,4.53239631652832,427432,0.0,0.0
2025-01-21 00:00:00,4.532395971122553,4.5735994048930415,4.532395971122553,4.565358638763428,323503,0.0,0.0
2025-01-22 00:00:00,4.58183909699457,4.598320628245617,4.54063606262207,4.54063606262207,410767,0.0,0.0
2025-01-23 00:00:00,4.515914032099053,4.565358227545543,4.515914032099053,4.557117462158203,476922,0.0,0.0
2025-01-24 00:00:00,4.565358155343355,4.680727678308871,4.565358155343355,4.656005382537842,1013434,0.0,0.0
2025-01-27 00:00:00,4.606561187873323,4.672486913051862,4.573598920600364,4.656005382537842,682558,0.0,0.0
2025-01-28 00:00:00,4.656005513981017,4.6724870449603255,4.631283217512055,4.639523983001709,303000,0.0,0.0
2025-01-29 00:00:00,4.6312835771675935,4.639524343297207,4.557117872633813,4.565358638763428,678417,0.0,0.0
2025-01-30 00:00:00,4.56535916328531,4.6065622049121036,4.5571183962089,4.598321437835693,419150,0.0,0.0
2025-01-31 00:00:00,4.598320495339807,4.623042394624278,4.557117462158203,4.557117462158203,411676,0.0,0.0
2025-02-03 00:00:00,4.491191865746488,4.573599125124164,4.474710334495442,4.54063606262207,646501,0.0,0.0
2025-02-04 00:00:00,4.54063606262207,4.557117593873117,4.532395693874105,4.54063606262207,379760,0.0,0.0
2025-02-05 00:00:00,4.557117042795199,4.590079307556152,4.557117042795199,4.590079307556152,302091,0.0,0.0
2025-02-06 00:00:00,4.606560902025038,4.623042034638822,4.565357872051817,4.581838607788086,355116,0.0,0.0
2025-02-07 00:00:00,4.573598992932882,4.606561260727147,4.540635931383524,4.557117462158203,357540,0.0,0.0
2025-02-10 00:00:00,4.565358638763428,4.598320909526719,4.548877106504199,4.565358638763428,287850,0.0,0.0
2025-02-11 00:00:00,4.5653585725214505,4.581839310786383,4.548877040501364,4.573599338531494,255025,0.0,0.0
2025-02-12 00:00:00,4.532395905358855,4.598320842806469,4.491192075308638,4.573599338531494,634179,0.0,0.0
2025-02-13 00:00:00,4.565357872051817,4.5900793725337365,4.557117107306167,4.581838607788086,301485,0.0,0.0
2025-02-14 00:00:00,4.581839310786383,4.631283509969065,4.5653585725214505,4.573599338531494,536310,0.0,0.0
2025-02-18 00:00:00,4.5735984432595576,4.6148014714892165,4.5735984432595576,4.606560707092285,467428,0.0,0.0
2025-02-19 00:00:00,4.606562198001482,4.647765636444092,4.590080663873388,4.647765636444092,457732,0.0,0.0
2025-02-20 00:00:00,4.63952411491349,4.63952411491349,4.598320683171268,4.623042583465576,394809,0.0,0.0
2025-02-21 00:00:00,4.639524275979109,4.639524275979109,4.573599338531494,4.573599338531494,458237,0.0,0.0
2025-02-24 00:00:00,4.581839377267491,4.590080143397105,4.557117872633813,4.565358638763428,374912,0.0,0.0
2025-02-25 00:00:00,4.581839310786383,4.606561608816513,4.532395905358855,4.573599338531494,615797,0.0,0.0
2025-02-26 00:00:00,4.565358227545543,4.606561260727147,4.557117462158203,4.557117462158203,356328,0.0,0.0
2025-02-27 00:00:00,4.557117458961612,4.581838961351195,4.507673263549805,4.507673263549805,568529,0.0,0.0
2025-02-28 00:00:00,4.532395145785729,4.590079307556152,4.515913616527743,4.590079307556152,284921,0.0,0.0
2025-03-03 00:00:00,4.606561608816513,4.631283509969065,4.573599338531494,4.573599338531494,501768,0.0,0.0
2025-03-04 00:00:00,4.565358227545543,4.590079729952468,4.499432501324374,4.557117462158203,593880,0.0,0.0
2025-03-05 00:00:00,4.565357678862626,4.606560707092285,4.5241542537554675,4.606560707092285,460661,0.0,0.0
2025-03-06 00:00:00,4.573598572053187,4.614801601443133,4.540635513537213,4.590079307556152,482780,0.0,0.0
2025-03-07 00:00:00,4.598321303699783,4.631283974166252,4.557118263274908,4.614802837371826,483083,0.0,0.0
2025-03-10 00:00:00,4.548876759914571,4.598320559169852,4.499432563781738,4.499432563781738,762954,0.0,0.0
2025-03-11 00:00:00,4.507673266711714,4.573598992932882,4.482950970549695,4.557117462158203,678619,0.0,0.0
2025-03-12 00:00:00,4.573599125124164,4.573599125124164,4.482951100120966,4.54063606262207,568529,0.0,0.0
2025-03-13 00:00:00,4.54063599441284,4.548876759914571,4.499432563781738,4.499432563781738,554894,0.0,0.0
2025-03-14 00:00:00,4.524155139923096,4.565358573100966,4.507673607900918,4.524155139923096,533280,0.0,0.0
2025-03-17 00:00:00,4.5410996529734575,4.574988648186907,4.524155155366733,4.566516399383545,1038785,0.148515,0.0
2025-03-18 00:00:00,4.541099266048156,4.566516010292604,4.515682521803709,4.549571514129639,464297,0.0,0.0
2025-03-19 00:00:00,4.566516154013205,4.625821484424264,4.5495716573169505,4.600404739379883,554793,0.0,0.0
2025-03-20 00:00:00,4.600404005809996,4.659709734790131,4.583459511815672,4.651237487792969,570953,0.0,0.0
2025-03-21 00:00:00,4.634293496825818,4.744431495666504,4.625821248909039,4.744431495666504,1695083,0.0,0.0
2025-03-24 00:00:00,4.820681182059138,4.846097517062233,4.77831994367765,4.803736686706543,1955562,0.0,0.0
2025-03-25 00:00:00,4.795264950656241,4.795264950656241,4.719015121459961,4.719015121459961,591557,0.0,0.0
2025-03-26 00:00:00,4.710542230851399,4.744431220553406,4.676654057200963,4.685126304626465,405212,0.0,0.0
2025-03-27 00:00:00,4.6681824781748515,4.7190151539546115,4.659710637562122,4.693599224090576,373195,0.0,0.0
2025-03-28 00:00:00,4.6681822474510914,4.6935989921106,4.642765910817408,4.65971040725708,450561,0.0,0.0
2025-03-31 00:00:00,4.625821538833816,4.668182373046875,4.600404793490479,4.668182373046875,502273,0.0,0.0
2025-04-01 00:00:00,4.64276647567749,4.685127313904658,4.608877478675057,4.64276647567749,496920,0.0,0.0
2025-04-02 00:00:00,4.608876917938064,4.65971040725708,4.608876917938064,4.65971040725708,423695,0.0,0.0
2025-04-03 00:00:00,4.566515814658254,4.600404397506543,4.5156823283471175,4.5410990715026855,1061611,0.0,0.0
2025-04-04 00:00:00,4.473321378921355,4.524154455856023,4.261516007637693,4.278460502624512,2180489,0.0,0.0
2025-04-07 00:00:00,4.109016347474298,4.312349470208866,3.8124897268734435,4.2360992431640625,1794871,0.0,0.0
2025-04-08 00:00:00,4.363182999657979,4.422488329932412,4.202211097466069,4.210683345794678,889911,0.0,0.0
2025-04-09 00:00:00,4.202210694466274,4.566515705555613,4.1767939519179595,4.515682220458984,1064944,0.0,0.0
2025-04-10 00:00:00,4.371654987335205,4.447904809720609,4.303877412773269,4.371654987335205,762752,0.0,0.0
2025-04-11 00:00:00,4.371654853453005,4.515682245989497,4.346238110760991,4.430960178375244,430563,0.0,0.0
2025-04-14 00:00:00,4.515682180550341,4.515682180550341,4.422487866722611,4.490265846252441,354106,0.0,0.0
2025-04-15 00:00:00,4.490266166603669,4.532626998806195,4.4648494224666635,4.5072102546691895,461166,0.0,0.0
2025-04-16 00:00:00,4.490266484606753,4.515682822517941,4.371655411593111,4.414016246795654,438441,0.0,0.0
2025-04-17 00:00:00,4.456376747973812,4.524154317827457,4.422487759034102,4.46484899520874,646501,0.0,0.0
2025-04-21 00:00:00,4.44790452332278,4.46484901787867,4.320821630205164,4.380126953125,591052,0.0,0.0
2025-04-22 00:00:00,4.405543672590023,4.507209823357602,4.405543672590023,4.46484899520874,266438,0.0,0.0
2025-04-23 00:00:00,4.515682180550341,4.591931999495612,4.490265846252441,4.490265846252441,592668,0.0,0.0
2025-04-24 00:00:00,4.49026599321735,4.574988062376776,4.49026599321735,4.5410990715026855,445814,0.0,0.0
2025-04-25 00:00:00,4.5410996529734575,4.591932737767779,4.507210657760009,4.566516399383545,595597,0.0,0.0
2025-04-28 00:00:00,4.5495716573169505,4.625821484424264,4.5495716573169505,4.600404739379883,538936,0.0,0.0
2025-04-29 00:00:00,4.583460173278555,4.6681822474510914,4.532627091985363,4.65971040725708,617413,0.0,0.0
2025-04-30 00:00:00,4.608877478675057,4.659710974178707,4.5665166404478885,4.64276647567749,341582,0.0,0.0
2025-05-01 00:00:00,4.668182373046875,4.769848130342716,4.642766035729374,4.668182373046875,795779,0.0,0.0
2025-05-02 00:00:00,4.685126700404177,4.769847957738695,4.685126700404177,4.752903461456299,454904,0.0,0.0
2025-05-05 00:00:00,4.73595888607071,4.73595888607071,4.685126218503686,4.702070713043213,546713,0.0,0.0
2025-05-06 00:00:00,4.685126218503686,4.719014391531182,4.65123763745041,4.702070713043213,295526,0.0,0.0
2025-05-07 00:00:00,4.710542872879725,4.752903707755062,4.685126943190701,4.719015121459961,479144,0.0,0.0
2025-05-08 00:00:00,4.727487370040197,4.769848204915534,4.7020714403511725,4.719015121459961,424503,0.0,0.0
2025-05-09 00:00:00,4.744430822917827,4.761374908322944,4.719014082771524,4.735958576202393,360368,0.0,0.0
2025-05-12 00:00:00,4.846097664023563,4.854569911956787,4.786792336516801,4.854569911956787,613373,0.0,0.0
2025-05-13 00:00:00,4.837625609766497,4.871514602856155,4.82915376951991,4.86304235458374,504394,0.0,0.0
2025-05-14 00:00:00,4.871514495885548,4.871514495885548,4.829153663479479,4.837625503540039,300172,0.0,0.0
2025-05-15 00:00:00,4.837625243009657,4.913875471680597,4.829153403405349,4.888458728790283,507828,0.0,0.0
2025-05-16 00:00:00,4.888458337440078,4.896930584391929,4.854569349632676,4.871513843536377,626301,0.0,0.0
2025-05-19 00:00:00,4.854569738269866,4.888458728790283,4.8122089081451405,4.888458728790283,588931,0.0,0.0
2025-05-20 00:00:00,4.888458728790283,4.896930976420387,4.8630419858999705,4.888458728790283,374003,0.0,0.0
2025-05-21 00:00:00,4.8799867439719256,4.888458992058303,4.820681415393103,4.837625503540039,518433,0.0,0.0
2025-05-22 00:00:00,4.829153537750244,4.863042121187631,4.812209042018647,4.829153537750244,432583,0.0,0.0
2025-05-23 00:00:00,4.803736639391383,4.863041964515531,4.803736639391383,4.846097469329834,404101,0.0,0.0
2025-05-27 00:00:00,4.879986394766687,4.913875384687146,4.879986394766687,4.905403137207031,488234,0.0,0.0
2025-05-28 00:00:00,4.905403202479777,4.905403202479777,4.846097469329834,4.846097469329834,703566,0.0,0.0
2025-05-29 00:00:00,4.879986481160179,4.896930976420387,4.854569738269866,4.888458728790283,424907,0.0,0.0
2025-05-30 00:00:00,4.863042266761662,4.905403507358728,4.8545700186422485,4.879986763000488,539643,0.0,0.0
2025-06-02 00:00:00,4.879986481160179,4.888458728790283,4.846097490639762,4.888458728790283,387537,0.0,0.0
2025-06-03 00:00:00,4.879986394766687,4.913875384687146,4.871514147286572,4.905403137207031,505707,0.0,0.0
2025-06-04 00:00:00,4.913875667352179,4.913875667352179,4.896931171417236,4.896931171417236,282194,0.0,0.0
2025-06-05 00:00:00,4.913875667352179,4.930819755261308,4.879986675482295,4.896931171417236,416928,0.0,0.0
2025-06-06 00:00:00,4.896930889726916,4.939291719101702,4.896930889726916,4.905403137207031,406323,0.0,0.0
2025-06-09 00:00:00,4.913876092800512,4.956236928279699,4.905403844099506,4.9392924308776855,554894,0.0,0.0
2025-06-10 00:00:00,4.9562367509155445,4.973181247711182,4.939292254119907,4.973181247711182,589739,0.0,0.0
2025-06-11 00:00:00,4.981652822752366,4.998597317257661,4.96470832824707,4.96470832824707,371983,0.0,0.0
2025-06-12 00:00:00,4.96470832824707,4.998597317257661,4.939291586489127,4.96470832824707,670842,0.0,0.0
2025-06-13 00:00:00,4.94731913170071,4.973403146732963,4.842981815338135,4.842981815338135,1239169,0.148515,0.0
2025-06-16 00:00:00,4.877760410308838,4.895150032002011,4.860371207360167,4.877760410308838,545703,0.0,0.0
2025-06-17 00:00:00,4.877760641629312,4.886455452888237,4.842981815338135,4.842981815338135,580447,0.0,0.0
2025-06-18 00:00:00,4.842981897600135,4.903845158701898,4.825593112275967,4.886455535888672,560348,0.0,0.0
2025-06-20 00:00:00,4.912540098175147,4.956014156341553,4.903845286541865,4.956014156341553,1285932,0.0,0.0
2025-06-23 00:00:00,4.9907929026521005,5.034266960108764,4.964708468178103,5.008182525634766,1824262,0.0,0.0
2025-06-24 00:00:00,5.025572324601737,5.042961948193348,4.973403453826904,4.973403453826904,513585,0.0,0.0
2025-06-25 00:00:00,4.999487725592067,5.00818253710331,4.973403291058337,4.98209810256958,301788,0.0,0.0
2025-06-26 00:00:00,4.99948787689209,5.025572312215216,4.990793065117715,4.99948787689209,396223,0.0,0.0
2025-06-27 00:00:00,5.016877488204108,5.051656316472233,4.999487864697772,5.025572299957275,405313,0.0,0.0
2025-06-30 00:00:00,5.016877256910951,5.0603508949279785,5.00818244555864,5.0603508949279785,589234,0.0,0.0
2025-07-01 00:00:00,5.034267179229083,5.11252006731256,5.034267179229083,5.095130443572998,496011,0.0,0.0
2025-07-02 00:00:00,5.095129795488389,5.129909038543701,5.077740173960732,5.129909038543701,542370,0.0,0.0
2025-07-03 00:00:00,5.121214634535741,5.164688273063306,5.112519823081322,5.155993461608887,506010,0.0,0.0
2025-07-07 00:00:00,5.138603756258596,5.155993378888443,5.086435307113579,5.11251974105835,511464,0.0,0.0
2025-07-08 00:00:00,5.1212145523732735,5.1299093636881965,5.095130118428503,5.11251974105835,328351,0.0,0.0
2025-07-09 00:00:00,5.129909770863039,5.138604164123535,5.103825334847876,5.138604164123535,299667,0.0,0.0
2025-07-10 00:00:00,5.138603525105254,5.17338276880045,5.121214322002162,5.147298336029053,267650,0.0,0.0
2025-07-11 00:00:00,5.129909038543701,5.147298241326859,5.129909038543701,5.129909038543701,258661,0.0,0.0
2025-07-14 00:00:00,5.13860359313433,5.13860359313433,5.095129956684302,5.121214389801025,340471,0.0,0.0
2025-07-15 00:00:00,5.1212142558398925,5.129909066651361,5.042961377281177,5.0516557693481445,635997,0.0,0.0
2025-07-16 00:00:00,5.069045695326121,5.1125197519937275,5.02557205740304,5.086435317993164,323200,0.0,0.0
2025-07-17 00:00:00,5.069045523567577,5.129909200839934,5.069045523567577,5.121214389801025,249470,0.0,0.0
2025-07-18 00:00:00,5.129909770863039,5.164688600138699,5.077740898832713,5.138604164123535,590749,0.0,0.0
2025-07-21 00:00:00,5.164688026251054,5.164688026251054,5.112519578762117,5.121214389801025,371983,0.0,0.0
2025-07-22 00:00:00,5.112519823081322,5.155993461608887,5.103825011626903,5.155993461608887,327341,0.0,0.0
2025-07-23 00:00:00,5.17338276880045,5.17338276880045,5.147298336029053,5.147298336029053,526614,0.0,0.0
2025-07-24 00:00:00,5.147298487990578,5.190772543893039,5.147298487990578,5.1646881103515625,446925,0.0,0.0
2025-07-25 00:00:00,5.173383073238609,5.182077884674072,5.147298638932221,5.182077884674072,340471,0.0,0.0
2025-07-28 00:00:00,5.155993146952852,5.164687957876651,5.138603525105254,5.147298336029053,624483,0.0,0.0
2025-07-29 00:00:00,5.1733826736183435,5.1733826736183435,5.129909038543701,5.129909038543701,274417,0.0,0.0
2025-07-30 00:00:00,5.129909691052122,5.138604084177351,5.077740819833436,5.095130443572998,282093,0.0,0.0
2025-07-31 00:00:00,5.112519763041843,5.121214574394154,5.0603508949279785,5.0603508949279785,419756,0.0,0.0
2025-08-01 00:00:00,5.051656083575668,5.0603508949279785,4.9994876342063295,5.0603508949279785,379154,0.0,0.0
2025-08-04 00:00:00,5.069045684483731,5.11251974105835,5.069045684483731,5.11251974105835,236845,0.0,0.0
2025-08-05 00:00:00,5.11252006731256,5.12121487918234,5.069046007963656,5.095130443572998,408545,0.0,0.0
2025-08-06 00:00:00,5.112519578762117,5.121214389801025,5.095129956684302,5.121214389801025,224826,0.0,0.0
2025-08-07 00:00:00,5.129909445990161,5.182077895972144,5.129909445990161,5.155993461608887,388951,0.0,0.0
2025-08-08 00:00:00,5.138603430563031,5.155993052090687,5.129909038543701,5.129909038543701,269872,0.0,0.0
2025-08-11 00:00:00,5.129909200839934,5.1559932152121455,5.112519578762117,5.121214389801025,269266,0.0,0.0
2025-08-12 00:00:00,5.121214312393828,5.173382759094238,5.112519501486342,5.173382759094238,346531,0.0,0.0
2025-08-13 00:00:00,5.182078035619127,5.225551675318222,5.173383223930399,5.199467658996582,361580,0.0,0.0
2025-08-14 00:00:00,5.190772684905866,5.22555151182812,5.190772684905866,5.208162307739258,321079,0.0,0.0
2025-08-15 00:00:00,5.2081623189804604,5.2081623189804604,5.164688261803147,5.182077884674072,265226,0.0,0.0
2025-08-18 00:00:00,5.190772847307854,5.199467658996582,5.182078035619127,5.199467658996582,254116,0.0,0.0
2025-08-19 00:00:00,5.199467334190792,5.216856956481934,5.173382900754079,5.216856956481934,292799,0.0,0.0
2025-08-20 00:00:00,5.216857119155954,5.216857119155954,5.18207787348917,5.208162307739258,190587,0.0,0.0
2025-08-21 00:00:00,5.173382921532054,5.190772543893039,5.15599329917107,5.1646881103515625,389456,0.0,0.0
2025-08-22 00:00:00,5.182077711899649,5.251635782319701,5.173382900754079,5.216856956481934,679831,0.0,0.0
2025-08-25 00:00:00,5.199467334190792,5.234246160028559,5.199467334190792,5.216856956481934,258863,0.0,0.0
2025-08-26 00:00:00,5.216857362823237,5.251636191369929,5.208162551000427,5.242941379547119,370064,0.0,0.0
2025-08-27 00:00:00,5.242941216736987,5.251636028289795,5.225551593631369,5.251636028289795,261691,0.0,0.0
2025-08-28 00:00:00,5.260330839842604,5.277720462948221,5.251636028289795,5.251636028289795,423190,0.0,0.0
2025-08-29 00:00:00,5.260330655672481,5.312499523162842,5.251635844424087,5.312499523162842,596910,0.0,0.0
2025-09-02 00:00:00,5.260330343917542,5.321193600304698,5.234245911718263,5.303804397583008,584285,0.0,0.0
2025-09-03 00:00:00,5.303804711914449,5.329888726915107,5.2777202781692685,5.312499523162842,505606,0.0,0.0
2025-09-04 00:00:00,5.312499605541803,5.364668055096599,5.303804794158583,5.355973243713379,346935,0.0,0.0
2025-09-05 00:00:00,5.347278280527254,5.364667902800025,5.312499454726229,5.338583469390869,412686,0.0,0.0
2025-09-08 00:00:00,5.364668218266059,5.364668218266059,5.347278594970703,5.347278594970703,310272,0.0,0.0
2025-09-09 00:00:00,5.3472784323301585,5.382057677863041,5.338583620946937,5.355973243713379,398243,0.0,0.0
2025-09-10 00:00:00,5.355973243713379,5.382057677863041,5.355973243713379,5.355973243713379,475710,0.0,0.0
2025-09-11 00:00:00,5.38205773730482,5.451615810394287,5.38205773730482,5.451615810394287,506111,0.0,0.0
2025-09-12 00:00:00,5.451615961277009,5.495089601131933,5.442921149557116,5.469005584716797,584386,0.0,0.0
2025-09-15 00:00:00,5.416836645209827,5.495089530944824,5.40814183360099,5.495089530944824,799516,0.0,0.0
2025-09-16 00:00:00,5.495089771834629,5.503995964838421,5.397122077717643,5.4060282707214355,951218,0.148515,0.0
2025-09-17 00:00:00,5.432746543328168,5.4416527358296545,5.388215580820736,5.414934158325195,572771,0.0,0.0
2025-09-18 00:00:00,5.441652908333751,5.441652908333751,5.397121944414657,5.423840522766113,473791,0.0,0.0
2025-09-19 00:00:00,5.450558672192854,5.450558672192854,5.406028137198476,5.423840522766113,558530,0.0,0.0
2025-09-22 00:00:00,5.414934563897348,5.539620410407576,5.414934563897348,5.51290225982666,1375721,0.0,0.0
2025-09-23 00:00:00,5.53071450163705,5.584151230327223,5.5218083087012335,5.557432651519775,1539947,0.0,0.0
2025-09-24 00:00:00,5.557433105276106,5.566339298939099,5.495090178559907,5.5039963722229,488335,0.0,0.0
2025-09-25 00:00:00,5.4950898097388805,5.512902195869331,5.423840694141806,5.432746887207031,528735,0.0,0.0
2025-09-26 00:00:00,5.4594645500183105,5.495089319098381,5.441652594402966,5.4594645500183105,527018,0.0,0.0
2025-09-29 00:00:00,5.47727711614723,5.486183308712515,5.414934197114935,5.441652774810791,656197,0.0,0.0
2025-09-30 00:00:00,5.441652908333751,5.459464864976673,5.406028137198476,5.423840522766113,484800,0.0,0.0
2025-10-01 00:00:00,5.432747216635682,5.477277755737305,5.432747216635682,5.477277755737305,239067,0.0,0.0
2025-10-02 00:00:00,5.477277755737305,5.477277755737305,5.441653410240957,5.477277755737305,226442,0.0,0.0
2025-10-03 00:00:00,5.468370953104718,5.503995723558193,5.4594647604913495,5.495089530944824,291183,0.0,0.0
2025-10-06 00:00:00,5.486183616673655,5.4950898097388805,5.432746887207031,5.432746887207031,427230,0.0,0.0
2025-10-07 00:00:00,5.4594649998194615,5.4594649998194615,5.4060282707214355,5.4060282707214355,368751,0.0,0.0
2025-10-08 00:00:00,5.423840350826682,5.432746543328168,5.3971217733222225,5.414934158325195,331078,0.0,0.0
2025-10-09 00:00:00,5.441652840624791,5.441652840624791,5.343685150146484,5.343685150146484,524998,0.0,0.0
2025-10-10 00:00:00,5.361497134661873,5.361497134661873,5.218998908996582,5.218998908996582,932634,0.0,0.0
2025-10-13 00:00:00,5.254624049552215,5.299154587358696,5.245717856205971,5.290248394012451,433391,0.0,0.0
2025-10-14 00:00:00,5.254623483154084,5.370403126325838,5.245717290767842,5.334778785705566,306939,0.0,0.0
2025-10-15 00:00:00,5.379309491913781,5.388215684586782,5.308060379454479,5.343685150146484,333704,0.0,0.0
2025-10-16 00:00:00,5.352590971119867,5.361497163888085,5.254623708518893,5.272435665130615,523079,0.0,0.0
2025-10-17 00:00:00,5.290248050667052,5.308060436203489,5.227905130214237,5.272435665130615,608121,0.0,0.0
2025-10-20 00:00:00,5.316966392418799,5.361496925354004,5.299154007674838,5.361496925354004,391476,0.0,0.0
2025-10-21 00:00:00,5.361497106567778,5.370403299240779,5.325872764800482,5.343685150146484,484497,0.0,0.0
2025-10-22 00:00:00,5.3436852838936355,5.361497240760745,5.299154319414062,5.325872898101807,411272,0.0,0.0
2025-10-23 00:00:00,5.334779080916794,5.361497230629329,5.308060502279539,5.352591037750244,188365,0.0,0.0
2025-10-24 00:00:00,5.388215884713852,5.4060282707214355,5.370403498706268,5.4060282707214355,337239,0.0,0.0
2025-10-27 00:00:00,5.41493450107658,5.441653080272256,5.3971221149461295,5.432746887207031,349157,0.0,0.0
2025-10-28 00:00:00,5.397121694841925,5.406027887213905,5.361496925354004,5.361496925354004,278356,0.0,0.0
2025-10-29 00:00:00,5.361497106567778,5.397121877259783,5.325872764800482,5.343685150146484,364307,0.0,0.0
2025-10-30 00:00:00,5.352591075410595,5.388215847177588,5.316966732568326,5.37930965423584,358348,0.0,0.0
2025-10-31 00:00:00,5.397121944414657,5.450558672192854,5.3793095588470194,5.423840522766113,340673,0.0,0.0
2025-11-03 00:00:00,5.42384048444319,5.42384048444319,5.361497135396954,5.397121906280518,318756,0.0,0.0
2025-11-04 00:00:00,5.361497240760745,5.397122012344403,5.325872898101807,5.325872898101807,675993,0.0,0.0
2025-11-05 00:00:00,5.334778746180741,5.370403086537077,5.308060169219971,5.308060169219971,428947,0.0,0.0
2025-11-06 00:00:00,5.31696657212748,5.370403299240779,5.308060379454479,5.343685150146484,438643,0.0,0.0
2025-11-07 00:00:00,5.325872553860484,5.343684938500998,5.290247784579456,5.308060169219971,597415,0.0,0.0
2025-11-10 00:00:00,5.352590942676064,5.406028099001408,5.343685178879885,5.397121906280518,327947,0.0,0.0
2025-11-11 00:00:00,5.37930965423584,5.414934426002833,5.34368531139357,5.37930965423584,315423,0.0,0.0
2025-11-12 00:00:00,5.379309825451538,5.414934598352416,5.379309825451538,5.388216018676758,373397,0.0,0.0
2025-11-13 00:00:00,5.388215809266584,5.388215809266584,5.343685273795879,5.352591037750244,361681,0.0,0.0
2025-11-14 00:00:00,5.316966901799739,5.406028405127197,5.308060708574519,5.388216018676758,692456,0.0,0.0
2025-11-17 00:00:00,5.361496933939597,5.3882155110983225,5.3080602085468405,5.334778785705566,502677,0.0,0.0
2025-11-18 00:00:00,5.334778785705566,5.343684978091808,5.299154016160598,5.334778785705566,700839,0.0,0.0
2025-11-19 00:00:00,5.343685590719931,5.343685590719931,5.2991546236834575,5.316967010498047,327139,0.0,0.0
2025-11-20 00:00:00,5.37930986130158,5.388216054586155,5.25462401316702,5.2635297775268555,540956,0.0,0.0
2025-11-21 00:00:00,5.263529537884114,5.370403423508415,5.263529537884114,5.352591037750244,478841,0.0,0.0
2025-11-24 00:00:00,5.37930969171006,5.414934463725228,5.343685348619618,5.4060282707214355,293001,0.0,0.0
2025-11-25 00:00:00,5.414934197114935,5.450558538451372,5.397121811984363,5.441652774810791,271185,0.0,0.0
2025-11-26 00:00:00,5.4594645500183105,5.512901703638415,5.4594645500183105,5.4594645500183105,524897,0.0,0.0
2025-11-28 00:00:00,5.4594647604913495,5.530714301398299,5.4594647604913495,5.495089530944824,316635,0.0,0.0
2025-12-01 00:00:00,5.486183984896913,5.521808759548888,5.468371597570925,5.5039963722229,389456,0.0,0.0
2025-12-02 00:00:00,5.51290195475472,5.52180814743042,5.4861833767276185,5.52180814743042,353702,0.0,0.0
2025-12-03 00:00:00,5.521808442097884,5.557432785777044,5.512902248946911,5.539620399475098,404505,0.0,0.0
2025-12-04 00:00:00,5.503996066658111,5.539620410407576,5.503996066658111,5.51290225982666,300172,0.0,0.0
2025-12-05 00:00:00,5.521808759548888,5.557433105276106,5.5039963722229,5.5039963722229,306232,0.0,0.0
2025-12-08 00:00:00,5.503996336553131,5.521808723763682,5.477277755737305,5.477277755737305,309363,0.0,0.0
2025-12-09 00:00:00,5.503995933014449,5.539620275898911,5.495089740062152,5.530714511871338,370872,0.0,0.0
2025-12-10 00:00:00,5.512901983434929,5.601963481730555,5.512901983434929,5.575244903564453,611656,0.0,0.0
2025-12-11 00:00:00,5.557433105276106,5.584151686265088,5.5039963722229,5.5039963722229,618524,0.0,0.0
2025-12-12 00:00:00,5.577017212258108,5.577017212258108,5.4948675563374225,5.513123035430908,717908,0.148515,0.0
2025-12-15 00:00:00,5.54050685754953,5.54050685754953,5.467485372816472,5.503995895385742,593375,0.0,0.0
2025-12-16 00:00:00,5.49486780166626,5.49486780166626,5.449229541489407,5.49486780166626,668418,0.0,0.0
2025-12-17 00:00:00,5.485740414303849,5.531379117008583,5.476613113357418,5.503995895385742,503687,0.0,0.0
2025-12-18 00:00:00,5.540506872505157,5.64091157913208,5.540506872505157,5.64091157913208,1466116,0.0,0.0
2025-12-19 00:00:00,5.659166407761537,5.695676926219701,5.622655449708907,5.686549186706543,1703769,0.0,0.0
2025-12-22 00:00:00,5.686549485777366,5.686549485777366,5.631783485412598,5.631783485412598,664883,0.0,0.0
2025-12-23 00:00:00,5.6226555661983415,5.640911045602872,5.577017307281494,5.577017307281494,503586,0.0,0.0
2025-12-24 00:00:00,5.595272770860804,5.622655992041522,5.595272770860804,5.613528251647949,159075,0.0,0.0
2025-12-26 00:00:00,5.622655761102149,5.631783501120818,5.577017500603296,5.595272541046143,414908,0.0,0.0
2025-12-29 00:00:00,5.586144801027474,5.6044002810648115,5.5587620205659585,5.595272541046143,440562,0.0,0.0
2025-12-30 00:00:00,5.613528357435324,5.64091157913208,5.6044006168697384,5.64091157913208,433997,0.0,0.0
2025-12-31 00:00:00,5.650038965399017,5.650038965399017,5.595272525439759,5.631783485412598,486820,0.0,0.0
2026-01-02 00:00:00,5.613527950322734,5.6226556902263445,5.531378730784729,5.56788969039917,757904,0.0,0.0
2026-01-05 00:00:00,5.567889813622463,5.5952725943448165,5.558762073516846,5.558762073516846,516211,0.0,0.0
2026-01-06 00:00:00,5.558762353636328,5.64091157913208,5.549634613070743,5.64091157913208,587214,0.0,0.0
2026-01-07 00:00:00,5.640911241139487,5.640911241139487,5.586144801027474,5.595272541046143,332694,0.0,0.0
2026-01-08 00:00:00,5.586144678292227,5.622655637564707,5.586144678292227,5.604400157928467,217655,0.0,0.0
2026-01-09 00:00:00,5.622655974917085,5.659166936380177,5.613528234551312,5.650039196014404,555096,0.0,0.0
2026-01-12 00:00:00,5.650038965399017,5.659166705392227,5.631783485412598,5.631783485412598,348551,0.0,0.0
2026-01-13 00:00:00,5.63178360872334,5.650039089109472,5.613528128337207,5.622655868530273,488638,0.0,0.0
2026-01-14 00:00:00,5.613528251647949,5.631783732435094,5.604400511254377,5.613528251647949,395314,0.0,0.0
2026-01-15 00:00:00,5.622655637564707,5.677421636878944,5.604400157928467,5.604400157928467,614282,0.0,0.0
2026-01-16 00:00:00,5.613528144823438,5.659166845922804,5.586144924163818,5.586144924163818,538128,0.0,0.0
2026-01-20 00:00:00,5.558761842367156,5.577017321819272,5.522250883462923,5.540506362915039,838603,0.0,0.0
2026-01-21 00:00:00,5.558761898432349,5.622655637564707,5.558761898432349,5.604400157928467,435613,0.0,0.0
2026-01-22 00:00:00,5.622655974917085,5.659166936380177,5.622655974917085,5.650039196014404,607515,0.0,0.0
2026-01-23 00:00:00,5.631783625263185,5.640911365483058,5.586144924163818,5.586144924163818,394304,0.0,0.0
2026-01-26 00:00:00,5.56788969039917,5.604400210419124,5.56788969039917,5.56788969039917,513282,0.0,0.0
2026-01-27 00:00:00,5.567889760584627,5.6044002810648115,5.567889760584627,5.595272541046143,270983,0.0,0.0
2026-01-28 00:00:00,5.595272237822953,5.595272237822953,5.53137850074934,5.549633979797363,642966,0.0,0.0
2026-01-29 00:00:00,5.540506131001214,5.5678893490331856,5.503995173625252,5.522250652313232,1343199,0.0,0.0
2026-01-30 00:00:00,5.522250761225329,5.5587617193213745,5.522250761225329,5.549633979797363,343299,0.0,0.0
2026-02-02 00:00:00,5.540506418796109,5.604400157928467,5.49486771970551,5.604400157928467,413090,0.0,0.0
2026-02-03 00:00:00,5.586144907758009,5.622655868530273,5.577017607159442,5.622655868530273,395617,0.0,0.0
2026-02-04 00:00:00,5.613528251647949,5.6500392132222395,5.567889989274596,5.613528251647949,610848,0.0,0.0
2026-02-05 00:00:00,5.604400210419124,5.6226556902263445,5.558761950495559,5.56788969039917,490052,0.0,0.0
2026-02-06 00:00:00,5.595272231169435,5.7048046657328575,5.595272231169435,5.686549186706543,581861,0.0,0.0
2026-02-09 00:00:00,5.6774219066509595,5.741316088413836,5.640911385238104,5.723060607910156,677306,0.0,0.0
2026-02-10 00:00:00,5.75044358153437,5.768698621659017,5.723060361955674,5.741315841674805,412989,0.0,0.0
2026-02-11 00:00:00,5.768699045511039,5.786954526571481,5.750444004045113,5.77782678604126,454298,0.0,0.0
2026-02-12 00:00:00,5.750443226547504,5.796081483433502,5.732187747955322,5.732187747955322,684174,0.0,0.0
2026-02-13 00:00:00,5.732188454551785,5.814337678748533,5.704805233288033,5.750443935394287,489446,0.0,0.0
2026-02-17 00:00:00,5.759571849636309,5.805210113525391,5.732188627546145,5.805210113525391,583376,0.0,0.0
2026-02-18 00:00:00,5.777826501558723,5.777826501558723,5.650039019616525,5.695677280426025,2052522,0.0,0.0
2026-02-19 00:00:00,5.668294553063333,5.704805074135256,5.6591668128967285,5.6591668128967285,3999499,0.0,0.0
2026-02-20 00:00:00,5.686549485777366,5.6956772257705754,5.613528005426178,5.631783485412598,1220585,0.0,0.0
2026-02-23 00:00:00,5.650038965399017,5.677421745784156,5.595272525439759,5.631783485412598,1806183,0.0,0.0
2026-02-24 00:00:00,5.6500386682483805,5.695676926219701,5.631783189222065,5.686549186706543,2210789,0.0,0.0
2026-02-25 00:00:00,5.704805020506825,5.7230605006684225,5.659166759697324,5.695677280426025,1218868,0.0,0.0
2026-02-26 00:00:00,5.695676926219701,5.695676926219701,5.577017191737587,5.686549186706543,4423497,0.0,0.0
2026-02-27 00:00:00,5.659167060263251,5.6774221017999045,5.622656098000909,5.64091157913208,2821637,0.0,0.0
2026-03-02 00:00:00,5.605130293313218,5.6235682045572295,5.49450282584915,5.568254470825195,2325800,0.0,1.01
2026-03-03 00:00:00,5.522159576416016,5.54981666359763,5.466845841647274,5.522159576416016,1140100,0.0,0.0
2026-03-04 00:00:00,5.568254470825195,5.568254470825195,5.522159472917927,5.568254470825195,637700,0.0,0.0
2026-03-05 00:00:00,5.568254719175812,5.568254719175812,5.420751422644903,5.476065158843994,1274300,0.0,0.0
2026-03-06 00:00:00,5.439189054655924,5.439189054655924,5.374656145949101,5.402313232421875,766000,0.0,0.0
2026-03-09 00:00:00,5.383875524360936,5.383875524360936,5.264028877782951,5.319342613220215,1135700,0.0,0.0
2026-03-10 00:00:00,5.319342083633621,5.439188718279834,5.319342083633621,5.346999168395996,891200,0.0,0.0
2026-03-11 00:00:00,5.3838755808308285,5.3838755808308285,5.264028932995807,5.291685581207275,900700,0.0,0.0
2026-03-12 00:00:00,5.236371987584399,5.291685725105999,5.199496162569999,5.245591163635254,923000,0.0,0.0
2026-03-13 00:00:00,5.2548095754653215,5.264028750946643,5.153401282737675,5.181057929992676,1194100,0.0,0.0
2026-03-16 00:00:00,5.227152781553205,5.282466514105764,5.1994956954796905,5.2363715171813965,1036900,0.0,0.0
2026-03-17 00:00:00,5.236371994018555,5.283716856881038,5.236371994018555,5.236371994018555,1402100,0.15,0.0
2026-03-18 00:00:00,5.226902721355644,5.283716827384486,5.217433929443359,5.217433929443359,893100,0.0,0.0
2026-03-19 00:00:00,5.207964953673635,5.245841026306152,5.189026917357376,5.245841026306152,1477000,0.0,0.0
2026-03-20 00:00:00,5.207964925517086,5.2363722055970925,5.207964925517086,5.226902961730957,1107000,0.0,0.0
2026-03-23 00:00:00,5.236371846747607,5.397344917774804,5.236371846747607,5.30265474319458,2018900,0.0,0.0
2026-03-24 00:00:00,5.302654831228809,5.3973450073810705,5.274248004142318,5.359468936920166,1936200,0.0,0.0
2026-03-25 00:00:00,5.39734512918569,5.425752408431639,5.274248123168945,5.274248123168945,726300,0.0,0.0
2026-03-26 00:00:00,5.236371964786307,5.302654862727434,5.1984954425820336,5.217433929443359,924100,0.0,0.0
2026-03-27 00:00:00,5.236371964786307,5.245840756698591,5.189026650669749,5.217433929443359,1038200,0.0,0.0
2026-03-30 00:00:00,5.264778492809708,5.312123804235322,5.189026355743408,5.189026355743408,957000,0.0,0.0
2026-03-31 00:00:00,5.264778673362491,5.30265474319458,5.236371846747607,5.30265474319458,765700,0.0,0.0
2026-04-01 00:00:00,5.103805359559886,5.151150674545581,4.999646389020777,5.1322126388549805,3137700,0.0,0.0
2026-04-02 00:00:00,5.075398415812072,5.151150556843564,5.037522345296326,5.056460380554199,1624000,0.0,0.0
2026-04-06 00:00:00,5.065928995958649,5.113274308213304,5.0280529267622684,5.103805065155029,1252700,0.0,0.0
2026-04-07 00:00:00,5.06592944115452,5.113274757569901,5.037522612520012,5.084867477416992,964100,0.0,0.0
2026-04-08 00:00:00,5.198495557419265,5.331062259266736,5.1795575216579675,5.293186187744141,1530400,0.0,0.0
2026-04-09 00:00:00,5.274247886973698,5.293185921783437,5.245840608999906,5.283716678619385,1316900,0.0,0.0
2026-04-10 00:00:00,5.312124223505439,5.321593015626893,5.274248151982843,5.293186187744141,693100,0.0,0.0
2026-04-13 00:00:00,5.293186010288174,5.350000115667354,5.255309940035388,5.340530872344971,916200,0.0,0.0
2026-04-14 00:00:00,5.331062109833675,5.387876215525033,5.331062109833675,5.359468936920166,872000,0.0,0.0
2026-04-15 00:00:00,5.359468936920166,5.378406972150619,5.340530901689713,5.359468936920166,845900,0.0,0.0
2026-04-16 00:00:00,5.359468902688057,5.510973635082359,5.3405308675785665,5.4825663566589355,1460100,0.0,0.0
2026-04-17 00:00:00,5.4825663566589355,5.567787740410831,5.473097564863377,5.4825663566589355,973300,0.0,0.0
2026-04-20 00:00:00,5.492035694770839,5.492035694770839,5.3689382386751765,5.397345066070557,1102600,0.0,0.0
2026-04-21 00:00:00,5.397344734250549,5.397344734250549,5.302654562890045,5.331061840057373,1102300,0.0,0.0
2026-04-22 00:00:00,5.350000026212657,5.368938061022396,5.264778643809645,5.283716678619385,1295900,0.0,0.0
2026-04-23 00:00:00,5.302655163717167,5.312124407685324,5.255310298431595,5.264779090881348,979200,0.0,0.0
2026-04-24 00:00:00,5.30265500862813,5.350000324047377,5.264778936900088,5.312124252319336,844300,0.0,0.0
2026-04-27 00:00:00,5.312124393361097,5.4068145751953125,5.312124393361097,5.4068145751953125,834100,0.0,0.0
2026-04-28 00:00:00,5.4068139771457755,5.444690045689977,5.321592597162146,5.331061840057373,1439100,0.0,0.0
2026-04-29 00:00:00,5.31212416525464,5.340530992825894,5.198495500414476,5.25531005859375,2627500,0.0,0.0
2026-04-30 00:00:00,5.274247796778369,5.387876003693642,5.274247796778369,5.368937969207764,1074700,0.0,0.0
2026-05-01 00:00:00,5.406814280255219,5.454159594348855,5.378407001495361,5.378407001495361,1104900,0.0,0.0
2026-05-04 00:00:00,5.406814191126131,5.406814191126131,5.321592807769775,5.321592807769775,1192900,0.0,0.0
2026-05-05 00:00:00,5.340530691719766,5.387876003693642,5.340530691719766,5.368937969207764,1451700,0.0,0.0
2026-05-06 00:00:00,5.40681415769952,5.4541594707199845,5.387876122795007,5.444690227508545,1187700,0.0,0.0
2026-05-07 00:00:00,5.454159350153398,5.463628141637158,5.349999934721885,5.368937969207764,1414800,0.0,0.0
2026-05-08 00:00:00,5.349999934721885,5.397344795177403,5.349999934721885,5.368937969207764,869200,0.0,0.0
2026-05-11 00:00:00,5.255310116221546,5.368938330789331,5.245840872581703,5.293186187744141,2154000,0.0,0.0
2026-05-12 00:00:00,5.331061991402917,5.331061991402917,5.245840608999906,5.283716678619385,1218100,0.0,0.0
2026-05-13 00:00:00,5.312124223505439,5.312124223505439,5.255310116221546,5.293186187744141,1062900,0.0,0.0
2026-05-14 00:00:00,5.30265474319458,5.331062021327831,5.2837167082785355,5.30265474319458,1142500,0.0,0.0
2026-05-15 00:00:00,5.302654892329708,5.302654892329708,5.22690275053503,5.236371994018555,1602000,0.0,0.0
2026-05-18 00:00:00,5.255310087511108,5.283716915238671,5.217434016195435,5.274248123168945,1477300,0.0,0.0
2026-05-19 00:00:00,5.245841026306152,5.274248306539742,5.217434197590965,5.245841026306152,1066800,0.0,0.0
2026-05-20 00:00:00,5.245840815057743,5.29318612970101,5.245840815057743,5.25531005859375,1116300,0.0,0.0
2026-05-21 00:00:00,5.293186158826782,5.293186158826782,5.236372051853272,5.274248123168945,1307600,0.0,0.0
2026-05-22 00:00:00,5.302655163717167,5.312124407685324,5.255310298431595,5.264779090881348,1057100,0.0,0.0
2026-05-26 00:00:00,5.3310620510397575,5.350000086061351,5.293185980996571,5.321592807769775,1017100,0.0,0.0
2026-05-27 00:00:00,5.350000115667354,5.3594689074713635,5.312124045414567,5.340530872344971,853300,0.0,0.0
2026-05-28 00:00:00,5.349999874329473,5.349999874329473,5.293185771513172,5.331061840057373,1263800,0.0,0.0
2026-05-29 00:00:00,5.340531080356172,5.3689383599113985,5.30265500862813,5.312124252319336,1022200,0.0,0.0
2026-06-01 00:00:00,5.293186187744141,5.321593015626893,5.274248151982843,5.293186187744141,1453200,0.0,0.0
2026-06-02 00:00:00,5.302654772748182,5.3310620510397575,5.283716737726589,5.321592807769775,970600,0.0,0.0
2026-06-03 00:00:00,5.340531080356172,5.350000324047377,5.2931862164553145,5.312124252319336,771100,0.0,0.0
2026-06-04 00:00:00,5.321592778110625,5.331062021327831,5.274247916579697,5.30265474319458,1272400,0.0,0.0
2026-06-05 00:00:00,5.293186100364564,5.302654892329708,5.2079647150863595,5.236371994018555,861000,0.0,0.0
2026-06-08 00:00:00,5.274247980126255,5.2837167719391775,5.160619317742568,5.198495388031006,1535300,0.0,0.0
2026-06-09 00:00:00,5.207964743950483,5.25531005859375,5.151150637289593,5.25531005859375,1309200,0.0,0.0
2026-06-10 00:00:00,5.245841054463438,5.3215932001350765,5.207964981627619,5.264779090881348,954300,0.0,0.0
2026-06-11 00:00:00,5.255309702968971,5.331061840057373,5.226902425801644,5.331061840057373,691400,0.0,0.0
2026-06-12 00:00:00,5.340530661683706,5.3689379390119365,5.321592627304338,5.349999904632568,977400,0.0,0.0
2026-06-15 00:00:00,5.379182259400282,5.42781834688118,5.379182259400282,5.4083638191223145,1101100,0.15,0.0
2026-06-16 00:00:00,5.427818028297934,5.427818028297934,5.320817899988234,5.340272426605225,1438200,0.0,0.0
2026-06-17 00:00:00,5.340272619006733,5.369454641899852,5.262454509735107,5.262454509735107,983900,0.0,0.0
2026-06-18 00:00:00,5.320817899988234,5.340272426605225,5.272181815362008,5.340272426605225,829600,0.0,0.0
2026-06-22 00:00:00,5.340272722536871,5.466727384471057,5.340272722536871,5.418091297149658,2385500,0.0,0.0
2026-06-23 00:00:00,5.398636866760316,5.457000450897463,5.3597278106688835,5.3791823387146,1923900,0.0,0.0
2026-06-24 00:00:00,5.379182307853999,5.437545891656313,5.330545756102472,5.388909339904785,1454200,0.0,0.0
2026-06-25 00:00:00,5.398636578976485,5.495909214019775,5.398636578976485,5.495909214019775,1474200,0.0,0.0
2026-06-26 00:00:00,5.466727256774902,5.534818334033368,5.418091170589584,5.466727256774902,1552800,0.0,0.0
2026-06-29 00:00:00,5.486181623856851,5.534818172454834,5.4472725705114655,5.534818172454834,837200,0.0,0.0
2026-06-30 00:00:00,5.486181688308716,5.525090742111206,5.466727161407471,5.505636215209961,1242700,0.0,0.0
2026-07-01 00:00:00,5.476454734802246,5.55427284351597,5.466727239296773,5.476454734802246,762400,0.0,0.0
2026-07-02 00:00:00,5.515363693237305,5.544545251581175,5.486181671060927,5.515363693237305,789400,0.0,0.0
2026-07-06 00:00:00,5.544545601631379,5.6029096496688995,5.534818569513483,5.564000129699707,703800,0.0,0.0
2026-07-07 00:00:00,5.563999844273776,5.573727339725201,5.486181735992432,5.486181735992432,446400,0.0,0.0
2026-07-08 00:00:00,5.505636197901009,5.515363693237305,5.427818090540678,5.515363693237305,492800,0.0,0.0
2026-07-09 00:00:00,5.486181671060927,5.515363693237305,5.466727144220844,5.515363693237305,721300,0.0,0.0
2026-07-10 00:00:00,5.534818285584528,5.573727339725201,5.486181735992432,5.486181735992432,710900,0.0,0.0
2026-07-13 00:00:00,5.4959091663972215,5.563999778421258,5.4959091663972215,5.515363693237305,941000,0.0,0.0
2026-07-14 00:00:00,5.505636215209961,5.563999795913697,5.495909183675593,5.505636215209961,911900,0.0,0.0
2026-07-15 00:00:00,5.534818618278581,5.564000178721912,5.5153640900388465,5.544545650482178,968200,0.0,0.0
2026-07-16 00:00:00,5.554273097581811,5.583454657768035,5.544545601631379,5.564000129699707,1174300,0.0,0.0
2026-07-17 00:00:00,5.55427284351597,5.55427284351597,5.466727239296773,5.476454734802246,3107000,0.0,0.0
2026-07-20 00:00:00,5.495909328003987,5.505636359793797,5.41809121835542,5.447272777557373,791100,0.0,0.0
2026-07-21 00:00:00,5.466727239296773,5.525090820832066,5.437545680445384,5.476454734802246,762200,0.0,0.0
2026-07-22 00:00:00,5.476454800591846,5.495909328003987,5.40836372273309,5.447272777557373,639500,0.0,0.0
2026-07-23 00:00:00,5.4278184450190965,5.44727297312971,5.350000332576642,5.369454860687256,874700,0.0,0.0
2026-07-24 00:00:00,5.398636738878783,5.437545794048547,5.3694547155851975,5.427818298339844,643600,0.0,0.0
2026-07-27 00:00:00,5.457000225070845,5.495909279552107,5.437545697830215,5.466727256774902,452100,0.0,0.0
2026-07-28 00:00:00,5.495909214019775,5.534818268037092,5.486181718599191,5.495909214019775,612100,0.0,0.0
2026-07-29 00:00:00,5.5153639356249835,5.525090967556252,5.408363801385862,5.418091297149658,529900,0.0,0.0
2026-07-30 00:00:00,5.466727191590533,5.515363741028434,5.427818137573217,5.495909214019775,591700,0.0,0.0
2026-07-31 00:00:00,5.51536383763296,5.534818364982375,5.437545728235302,5.457000255584717,530300,0.0,0.0
2026-08-03 00:00:00,5.466727114227456,5.573727243177105,5.466727114227456,5.52509069442749,758900,0.0,0.0
2026-08-04 00:00:00,5.52509105579636,5.573727607727051,5.52509105579636,5.573727607727051,944300,0.0,0.0
2026-08-05 00:00:00,5.573727656686177,5.61263671303949,5.544545632504924,5.5542731285095215,747500,0.0,0.0
2026-08-06 00:00:00,5.573727291280574,5.583454322814942,5.505636215209961,5.505636215209961,777900,0.0,0.0
2026-08-07 00:00:00,5.554273048986328,5.612636632680677,5.534818521088212,5.583454608917236,1125800,0.0,0.0
2026-08-10 00:00:00,5.583454608917236,5.612636632680677,5.554273048986328,5.583454608917236,627400,0.0,0.0
2026-08-11 00:00:00,5.602909534244598,5.6223640619121475,5.583454542744522,5.612636566162109,545900,0.0,0.0
2026-08-12 00:00:00,5.632090979797767,5.680727529898169,5.602909420803539,5.661273002624512,580400,0.0,0.0
2026-08-13 00:00:00,5.680727529898169,5.700182057171826,5.632090979797767,5.661273002624512,694600,0.0,0.0
2026-08-14 00:00:00,5.641818523406982,5.66127305084635,5.632091027771038,5.641818523406982,759900,0.0,0.0
2026-08-17 00:00:00,5.651545670452794,5.661273166287095,5.5834545911102795,5.59318208694458,729400,0.0,0.0
2026-08-18 00:00:00,5.61263671303949,5.61263671303949,5.5542731285095215,5.5542731285095215,502000,0.0,0.0
2026-08-19 00:00:00,5.583454657768035,5.612636681786795,5.554273097581811,5.564000129699707,411500,0.0,0.0
2026-08-20 00:00:00,5.544545396740822,5.554272892331789,5.457000255584717,5.457000255584717,903700,0.0,0.0
2026-08-21 00:00:00,5.505636245607849,5.525090772616507,5.476454687011118,5.495909214019775,650400,0.0,0.0
2026-08-24 00:00:00,5.495909136243725,5.52509069442749,5.4861816409608,5.52509069442749,691900,0.0,0.0
2026-08-25 00:00:00,5.5542731285095215,5.573727656686177,5.5250911043282676,5.5542731285095215,467500,0.0,0.0
2026-08-26 00:00:00,5.544545203874929,5.583454257220314,5.525090677202236,5.534818172454834,427800,0.0,0.0
2026-08-27 00:00:00,5.56400016068158,5.56400016068158,5.5250911043282676,5.5542731285095215,587500,0.0,0.0
2026-08-28 00:00:00,5.573727291280574,5.573727291280574,5.495909183675593,5.505636215209961,619700,0.0,0.0
2026-08-31 00:00:00,5.5250907247410925,5.534818220077387,5.486181671060927,5.515363693237305,611600,0.0,0.0
2026-09-01 00:00:00,5.486181784015533,5.495909279552107,5.466727256774902,5.466727256774902,770300,0.0,0.0
2026-09-02 00:00:00,5.476454656774348,5.515363710576838,5.476454656774348,5.505636215209961,603800,0.0,0.0
2026-09-03 00:00:00,5.525090677202236,5.554272699127527,5.525090677202236,5.534818172454834,433700,0.0,0.0
2026-09-04 00:00:00,5.544545251581175,5.55427274691747,5.505636197901009,5.515363693237305,500000,0.0,0.0
2026-09-08 00:00:00,5.51536366297707,5.5542727164437595,5.4861816409608,5.52509069442749,621900,0.0,0.0
2026-09-09 00:00:00,5.525090742111206,5.554272764379328,5.466727161407471,5.505636215209961,594300,0.0,0.0
2026-09-10 00:00:00,5.47645483141043,5.5056363907766,5.427818280690115,5.4375457763671875,698000,0.0,0.0
2026-09-11 00:00:00,5.48618188109449,5.495909376803193,5.418091266463665,5.427818298339844,740200,0.0,0.0
2026-09-14 00:00:00,5.427818426912621,5.457000450897463,5.3791823387146,5.3791823387146,907400,0.0,0.0
2026-09-15 00:00:00,5.408363966334946,5.427818494623352,5.350000381469727,5.350000381469727,1142700,0.0,0.0
2026-09-16 00:00:00,5.400000095367432,5.400000095367432,5.269999980926514,5.289999961853027,1310400,0.15,0.0
2026-09-17 00:00:00,5.349999904632568,5.389999866485596,5.309999942779541,5.369999885559082,1140200,0.0,0.0
2026-09-18 00:00:00,5.389999866485596,5.409999847412109,5.329999923706055,5.409999847412109,702700,0.0,0.0
2026-09-21 00:00:00,5.409999847412109,5.440000057220459,5.380000114440918,5.440000057220459,1138800,0.0,0.0
2026-09-22 00:00:00,5.46999979019165,5.46999979019165,5.429999828338623,5.429999828338623,1957300,0.0,0.0
2026-09-23 00:00:00,5.440000057220459,5.489999771118164,5.320000171661377,5.320000171661377,2805000,0.0,0.0
2026-09-24 00:00:00,5.340000152587891,5.360000133514404,5.260000228881836,5.269999980926514,2300800,0.0,0.0
2026-09-25 00:00:00,5.28000020980835,5.369999885559082,5.28000020980835,5.320000171661377,1369900,0.0,0.0
