Date,Open,High,Low,Close,Volume,Dividends,Stock Splits
2016-09-30 00:00:00,8.209053532869634,8.239123377384773,8.078751298145352,8.178983688354492,174800,0.0,0.0
2016-10-03 00:00:00,8.199029506609255,8.24914569456472,7.9985641175254925,8.048680305480957,149000,0.0,0.0
2016-10-04 00:00:00,8.098792650810617,8.098792650810617,7.861241280643421,7.988536834716797,261567,0.0,0.0
2016-10-05 00:00:00,7.987526291181088,8.068310299552929,7.755272507867383,7.775468349456787,187700,0.177,0.0
2016-10-06 00:00:00,7.775471586987003,7.805765682991996,7.655305091769127,7.785569190979004,132600,0.0,0.0
2016-10-07 00:00:00,7.825956501730797,7.876446415274631,7.664388521584896,7.694682598114014,116900,0.0,0.0
2016-10-10 00:00:00,7.70478259953764,7.85625302944261,7.70478259953764,7.836057186126709,107733,0.0,0.0
2016-10-11 00:00:00,7.795666109482496,7.876450137734486,7.5836081155728206,7.634098052978516,182933,0.0,0.0
2016-10-12 00:00:00,7.664388521584896,7.71487843512873,7.593702129012263,7.694682598114014,113767,0.0,0.0
2016-10-13 00:00:00,7.654292038170456,7.755272530439841,7.634096196522272,7.724978446960449,151733,0.0,0.0
2016-10-14 00:00:00,7.7148802051292416,7.846154138863787,7.674487879818641,7.724978446960449,110933,0.0,0.0
2016-10-17 00:00:00,7.72497753673312,7.7956632951800415,7.674486975540572,7.7047810554504395,125433,0.0,0.0
2016-10-18 00:00:00,7.785568222867645,7.836058804607283,7.745176527893232,7.755274772644043,94900,0.0,0.0
2016-10-19 00:00:00,7.755273430646706,7.906743223611557,7.684587013651664,7.825959205627441,205433,0.0,0.0
2016-10-20 00:00:00,7.795666368157663,7.8461563072387115,7.684588245373593,7.765372276306152,106200,0.0,0.0
2016-10-21 00:00:00,7.684586121649849,7.79566421373621,7.684586121649849,7.724978446960449,104967,0.0,0.0
2016-10-24 00:00:00,7.7956674369855,7.906745574998979,7.755275736988506,7.785569190979004,99533,0.0,0.0
2016-10-25 00:00:00,7.775469158087175,7.831007888737487,7.72497922785572,7.805763244628906,105533,0.0,0.0
2016-10-26 00:00:00,7.775466588186964,7.785564185687281,7.654290282070496,7.694682598114014,128733,0.0,0.0
2016-10-27 00:00:00,7.714879718574788,7.714879718574788,7.343272917210323,7.371547222137451,171600,0.0,0.0
2016-10-28 00:00:00,7.391743183135986,7.472527829980645,7.341253260368725,7.391743183135986,130900,0.0,0.0
2016-10-31 00:00:00,7.321058873238277,7.543215091134017,7.321058873238277,7.482626914978027,196467,0.0,0.0
2016-11-01 00:00:00,7.472528655256174,7.472528655256174,7.17968604364143,7.230175971984863,180100,0.0,0.0
2016-11-02 00:00:00,7.209980475357086,7.331156822813033,7.068608283996583,7.068608283996582,144967,0.0,0.0
2016-11-03 00:00:00,7.1897848491935,7.1897848491935,7.078706741333008,7.078706741333008,133833,0.0,0.0
2016-11-04 00:00:00,7.10824083145487,7.260996330874086,7.0471383727016415,7.148975372314453,128567,0.177,0.0
2016-11-07 00:00:00,7.301730331105418,7.4443024958432105,7.250811839584152,7.403567314147949,175633,0.0,0.0
2016-11-08 00:00:00,7.423933649948244,7.464668175517122,7.311912733438411,7.413749694824219,126233,0.0,0.0
2016-11-09 00:00:00,7.240627096227322,7.668343544006348,7.169341345329323,7.668343544006348,332233,0.0,0.0
2016-11-10 00:00:00,7.688711583345373,7.800732522799432,7.393383946359101,7.464669704437256,287100,0.0,0.0
2016-11-11 00:00:00,7.454486042278026,7.770181606179442,7.454486042278026,7.647977352142334,317967,0.0,0.0
2016-11-14 00:00:00,7.6887127473501,7.922938618927904,7.658161518558915,7.892387390136719,293967,0.0,0.0
2016-11-15 00:00:00,7.912753399083359,7.95348858013406,7.597057850197565,7.709078788757324,166367,0.0,0.0
2016-11-16 00:00:00,7.698892559004253,7.770178289475575,7.637790134335411,7.759994983673096,178667,0.0,0.0
2016-11-17 00:00:00,7.759994983673096,7.912750397881709,7.759994983673096,7.759994983673096,141900,0.0,0.0
2016-11-18 00:00:00,7.780362016274147,7.882198956115663,7.749810804828997,7.800729274749756,164233,0.0,0.0
2016-11-21 00:00:00,7.810915908832049,7.882201661697396,7.668343755637661,7.69889497756958,180867,0.0,0.0
2016-11-22 00:00:00,7.770178615412813,7.882199516183489,7.709076188180895,7.841464996337891,161700,0.0,0.0
2016-11-23 00:00:00,7.770178615412813,7.892383469876648,7.770178615412813,7.841464996337891,108833,0.0,0.0
2016-11-25 00:00:00,7.872019230535766,7.938213336281924,7.849615041784893,7.933121681213379,42100,0.0,0.0
2016-11-28 00:00:00,7.902570272100455,8.004407255885747,7.882202357372394,7.912753582000732,133000,0.0,0.0
2016-11-29 00:00:00,7.9331208190973355,8.034957794183914,7.9331208190973355,7.984039306640625,124733,0.0,0.0
2016-11-30 00:00:00,7.973854589109787,8.004405808212645,7.688710309125529,7.739628791809082,305300,0.0,0.0
2016-12-01 00:00:00,7.719261353560238,7.841466227206474,7.49521951685122,7.5665059089660645,207600,0.0,0.0
2016-12-02 00:00:00,7.546137998382612,7.73962861668007,7.535954690554506,7.5665059089660645,174167,0.0,0.0
2016-12-05 00:00:00,7.617425797236298,7.719262779105701,7.556323349129161,7.637793064117432,245067,0.0,0.0
2016-12-06 00:00:00,7.616235266870661,7.831788805819144,7.605970564026526,7.800995349884033,201433,0.177,0.0
2016-12-07 00:00:00,7.7188814034434285,8.026815378755218,7.688087940652506,8.00628662109375,195933,0.0,0.0
2016-12-08 00:00:00,8.00628742492185,8.20131227377982,7.7712309398970305,8.129461288452148,254533,0.0,0.0
2016-12-09 00:00:00,8.160252801089145,8.211575014409737,7.985756753721257,8.108930587768555,195067,0.0,0.0
2016-12-12 00:00:00,7.985758031604572,8.211576328428562,7.985758031604572,8.119195938110352,217767,0.0,0.0
2016-12-13 00:00:00,8.13972404628038,8.160252801089145,8.000126947347129,8.108930587768555,141667,0.0,0.0
2016-12-14 00:00:00,8.067875553401118,8.129462494301505,7.893379438382554,7.944701671600342,185067,0.0,0.0
2016-12-15 00:00:00,7.94470291052445,8.088405577502305,7.893380669303295,7.913909435272217,185433,0.0,0.0
2016-12-16 00:00:00,7.985760970570042,8.262901590922096,7.985760970570042,8.232108116149902,905933,0.0,0.0
2016-12-19 00:00:00,8.262899891864842,8.283428653292518,8.088403788235702,8.160255432128906,237633,0.0,0.0
2016-12-20 00:00:00,8.191047059342345,8.21157581615546,8.057608508563579,8.201311111450195,154700,0.0,0.0
2016-12-21 00:00:00,8.201313426849682,8.24237160466489,7.90364408493042,7.90364408493042,382033,0.0,0.0
2016-12-22 00:00:00,7.903643039432062,8.011420170917264,7.708618188952419,7.831791400909424,332500,0.0,0.0
2016-12-23 00:00:00,7.800997660797558,7.89337805596902,7.790733607510165,7.862584590911865,165867,0.0,0.0
2016-12-27 00:00:00,7.831793664352186,7.944702855292863,7.831793664352186,7.872851848602295,160467,0.0,0.0
2016-12-28 00:00:00,7.8523215395766,7.893379063160065,7.739412370825714,7.78046989440918,308567,0.0,0.0
2016-12-29 00:00:00,7.780468901625285,7.944700280198447,7.780468901625285,7.862584590911865,247133,0.0,0.0
2016-12-30 00:00:00,7.86258561134019,8.057610480281378,7.86258561134019,8.037081718444824,310900,0.0,0.0
2017-01-03 00:00:00,8.067874117762997,8.18078327178955,8.006287187821698,8.18078327178955,257300,0.0,0.0
2017-01-04 00:00:00,8.221115112304688,8.25213824030115,8.132181838564644,8.221115112304688,273100,0.177,0.0
2017-01-05 00:00:00,8.179749391395198,8.246965938627813,8.133214706973105,8.210772514343262,199700,0.0,0.0
2017-01-06 00:00:00,8.190090651532742,8.231454377153781,8.148726268447136,8.210772514343262,137433,0.0,0.0
2017-01-09 00:00:00,8.210770975216533,8.215941275583837,8.003950413486596,8.04531478881836,231333,0.0,0.0
2017-01-10 00:00:00,8.03497353061931,8.097019764884733,7.983268554552934,8.04531478881836,156967,0.0,0.0
2017-01-11 00:00:00,8.045313747539247,8.16940620000921,8.045313747539247,8.076336860656738,228400,0.0,0.0
2017-01-12 00:00:00,8.05565556921109,8.097019284625,7.962586223333189,8.024632453918457,158867,0.0,0.0
2017-01-13 00:00:00,8.024634449187488,8.13838568105579,7.9780997646780145,8.034975051879883,135233,0.0,0.0
2017-01-17 00:00:00,8.045313747539247,8.165269434279221,8.024631891282372,8.076336860656738,193067,0.0,0.0
2017-01-18 00:00:00,8.107362371445381,8.14872609619204,7.993611142195248,8.055657386779785,190067,0.0,0.0
2017-01-19 00:00:00,8.04531516103964,8.06599702093016,7.879858966986538,7.921222686767578,199300,0.0,0.0
2017-01-20 00:00:00,7.910885228633751,8.00395396385053,7.910885228633751,7.941908359527588,157900,0.0,0.0
2017-01-23 00:00:00,7.941904365626234,8.034973054039733,7.9108812503336,8.024632453918457,138367,0.0,0.0
2017-01-24 00:00:00,8.003950413486596,8.128042882017446,7.972927296353883,8.04531478881836,204067,0.0,0.0
2017-01-25 00:00:00,8.06599684656422,8.159066200256348,8.060826546069476,8.159066200256348,288233,0.0,0.0
2017-01-26 00:00:00,8.128041921714221,8.179746891671812,8.045313838289205,8.086677551269531,230733,0.0,0.0
2017-01-27 00:00:00,8.148728335027348,8.159069597787514,7.952248944837308,7.983272075653076,261067,0.0,0.0
2017-01-30 00:00:00,7.972928920866613,8.014293304626518,7.776449577302359,7.828154563903809,320267,0.0,0.0
2017-01-31 00:00:00,7.869519307079377,8.065998659617211,7.869519307079377,8.014293670654297,1140167,0.0,0.0
2017-02-01 00:00:00,8.03497258131194,8.221111262116503,8.03497258131194,8.086677551269531,399800,0.0,0.0
2017-02-02 00:00:00,8.076338486455754,8.190089704963674,8.055656626035537,8.169407844543457,320800,0.0,0.0
2017-02-03 00:00:00,8.210770901832365,8.303840252398691,8.169407184334734,8.252135276794434,408567,0.0,0.0
2017-02-06 00:00:00,8.271931610139939,8.308394626244159,8.209423204040256,8.292767524719238,242233,0.177,0.0
2017-02-07 00:00:00,8.282350547064608,8.292768173989,8.136497808866624,8.146915435791016,192267,0.0,0.0
2017-02-08 00:00:00,8.136496507471113,8.214632008715801,8.094824019353371,8.157332420349121,330800,0.0,0.0
2017-02-09 00:00:00,8.157330836681354,8.324019432067871,8.157330836681354,8.324019432067871,322867,0.0,0.0
2017-02-10 00:00:00,8.324018305558267,8.480289256560601,8.282346493531985,8.417780876159668,455067,0.0,0.0
2017-02-13 00:00:00,8.428202205219165,8.501128233792034,8.376112090186863,8.480292320251465,398967,0.0,0.0
2017-02-14 00:00:00,8.386532035468596,8.47508585164283,8.324023615195475,8.428204536437988,269033,0.0,0.0
2017-02-15 00:00:00,8.376108142300463,8.428198232781295,8.30318148573815,8.396944046020508,270900,0.0,0.0
2017-02-16 00:00:00,8.386529929486162,8.521965026855469,8.386529929486162,8.521965026855469,384033,0.0,0.0
2017-02-17 00:00:00,8.532381975460726,8.553217887878418,8.428201751010556,8.553217887878418,397100,0.0,0.0
2017-02-21 00:00:00,8.532381662638258,8.584471772953565,8.449037353661431,8.542799949645996,410867,0.0,0.0
2017-02-22 00:00:00,8.532382435283765,8.584472550316065,8.417783917268004,8.480292320251465,242700,0.0,0.0
2017-02-23 00:00:00,8.542803163363518,8.548011977646045,8.365696191776244,8.532384872436523,413233,0.0,0.0
2017-02-24 00:00:00,8.480294742525428,8.542803163363518,8.41778632168734,8.532384872436523,289567,0.0,0.0
2017-02-27 00:00:00,8.521965026855469,8.626145259574843,8.449038334062495,8.521965026855469,626700,0.0,0.0
2017-02-28 00:00:00,8.563635861299781,8.626144258622825,8.52196403799221,8.542799949645996,505467,0.0,0.0
2017-03-01 00:00:00,8.594893058671053,8.768527261876528,8.535857403086714,8.674764633178711,1004400,0.0,0.3333333333333333
2017-03-02 00:00:00,8.667815943825005,8.678234230666746,8.450079113962213,8.508072853088379,780100,0.0,0.0
2017-03-03 00:00:00,8.497657073935468,8.58794693279038,8.438621422467328,8.567111015319824,793200,0.0,0.0
2017-03-06 00:00:00,8.482460279343519,8.538426974204311,8.283078845504988,8.353036880493164,581200,0.178,0.0
2017-03-07 00:00:00,8.32855231429681,8.403757692649352,8.234108924865723,8.234108924865723,479900,0.0,0.0
2017-03-08 00:00:00,8.230610472619206,8.232359140012287,7.891311621255224,7.912299633026123,714500,0.0,0.0
2017-03-09 00:00:00,7.866823653361794,8.003242348537729,7.821350977361628,7.852832317352295,471500,0.0,0.0
2017-03-10 00:00:00,7.852836102493179,8.017238216106913,7.852836102493179,7.971765518188477,485200,0.0,0.0
2017-03-13 00:00:00,7.97176174763549,8.139661784316711,7.950773742668758,8.069703102111816,484300,0.0,0.0
2017-03-14 00:00:00,8.038221761837159,8.11517644569763,7.985753083771206,8.069703102111816,347600,0.0,0.0
2017-03-15 00:00:00,8.125671086979615,8.311061157596042,8.090691740255217,8.26558780670166,532600,0.0,0.0
2017-03-16 00:00:00,8.262091002709457,8.328551031857806,8.244600994637059,8.290074348449707,408500,0.0,0.0
2017-03-17 00:00:00,8.314559864584833,8.468467935752415,8.290074519952517,8.395011901855469,3873700,0.0,0.0
2017-03-20 00:00:00,8.405506958480505,8.41949829980266,8.251598200882682,8.32855224609375,590800,0.0,0.0
2017-03-21 00:00:00,8.339045676554166,8.339045676554166,8.223614283121668,8.262091636657715,467600,0.0,0.0
2017-03-22 00:00:00,8.23760436936208,8.32155506741905,8.13966300025485,8.248098373413086,463000,0.0,0.0
2017-03-23 00:00:00,8.23410765696921,8.337995569499343,8.157152955801832,8.290074348449707,454400,0.0,0.0
2017-03-24 00:00:00,8.300571058938242,8.377525791375096,8.26559169575566,8.269089698791504,279400,0.0,0.0
2017-03-27 00:00:00,8.258593180755128,8.304065868381414,8.178140476223078,8.241103172302246,490500,0.0,0.0
2017-03-28 00:00:00,8.237605233098222,8.318057938240548,8.179889872704917,8.314559936523438,388100,0.0,0.0
2017-03-29 00:00:00,8.325052565246457,8.356533910842792,8.276081879730183,8.339044570922852,252500,0.0,0.0
2017-03-30 00:00:00,8.33204778637783,8.367027130111525,8.25859176499501,8.360031127929688,328800,0.0,0.0
2017-03-31 00:00:00,8.339042692675632,8.457972045435676,8.339042692675632,8.422992706298828,505000,0.0,0.0
2017-04-03 00:00:00,8.40900400059454,8.433489345494717,8.353036640168352,8.412501335144043,289600,0.0,0.0
2017-04-04 00:00:00,8.39850674686034,8.464967419579137,8.388012745744103,8.45097541809082,354500,0.0,0.0
2017-04-05 00:00:00,8.464366805668865,8.531320096192987,8.397412843017426,8.407984733581543,330500,0.178,0.0
2017-04-06 00:00:00,8.393895804728134,8.520755907651901,8.393895804728134,8.517231941223145,338600,0.0,0.0
2017-04-07 00:00:00,8.50312859524339,8.615893405379971,8.49255737738457,8.513700485229492,263300,0.0,0.0
2017-04-10 00:00:00,8.527796338544295,8.55246340971792,8.44322256291004,8.513700485229492,291600,0.0,0.0
2017-04-11 00:00:00,8.520749945669854,8.58065598878663,8.453795974627011,8.464367866516113,481000,0.0,0.0
2017-04-12 00:00:00,8.46437018885706,8.503132458830706,8.415035351966152,8.453798294067383,340700,0.0,0.0
2017-04-13 00:00:00,8.450273128462692,8.481988136197845,8.404462935138298,8.418558120727539,266400,0.0,0.0
2017-04-17 00:00:00,8.418557665863608,8.496083534861835,8.415033701624829,8.489035606384277,371800,0.0,0.0
2017-04-18 00:00:00,8.489033414055868,8.541891519731818,8.471414269539645,8.513700485229492,261900,0.0,0.0
2017-04-19 00:00:00,8.510181309722935,8.577135306381958,8.478466294049063,8.496086120605469,337400,0.0,0.0
2017-04-20 00:00:00,8.527803840509415,8.559518866240358,8.47494501620593,8.517231941223145,408100,0.0,0.0
2017-04-21 00:00:00,8.503135402051274,8.53837439142001,8.478468311131504,8.510183334350586,307700,0.0,0.0
2017-04-24 00:00:00,8.573607650742119,8.580655578331049,8.422080568216959,8.450271606445312,371300,0.0,0.0
2017-04-25 00:00:00,8.478464648164206,8.552466561080145,8.478464648164206,8.5066556930542,317100,0.0,0.0
2017-04-26 00:00:00,8.506657344411654,8.548944256019368,8.439704019880288,8.496086120605469,495000,0.0,0.0
2017-04-27 00:00:00,8.517229139669173,8.570087274458274,8.450275143801566,8.45732307434082,271100,0.0,0.0
2017-04-28 00:00:00,8.460845645141328,8.460845645141328,8.295223337531713,8.326937675476074,398200,0.0,0.0
2017-05-01 00:00:00,8.3234156971709,8.407988846674106,8.295224647336498,8.383321762084961,218900,0.0,0.0
2017-05-02 00:00:00,8.390372359199056,8.411516159084268,8.302275209394406,8.330466270446777,242000,0.0,0.0
2017-05-03 00:00:00,8.309320077212712,8.351606989254726,8.119030653342813,8.143697738647461,320500,0.0,0.0
2017-05-04 00:00:00,8.128777725480559,8.128777725480559,7.862435066822933,7.919254779815674,446500,0.178,0.0
2017-05-05 00:00:00,7.937012890378983,8.05420365563958,7.908603028417158,8.047101020812988,281700,0.0,0.0
2017-05-08 00:00:00,8.047102453188806,8.086166274343835,7.940565621204652,8.004487991333008,209200,0.0,0.0
2017-05-09 00:00:00,7.9973825253717035,8.02579238233764,7.805615482843324,7.869537830352783,658000,0.0,0.0
2017-05-10 00:00:00,7.865986977246136,8.036446129089931,7.8162698939611435,7.958319187164307,255900,0.0,0.0
2017-05-11 00:00:00,7.915706817178747,7.944116683282102,7.79851535748969,7.819823265075684,365300,0.0,0.0
2017-05-12 00:00:00,7.798512777992961,7.876640391943569,7.752347014849395,7.763000965118408,503100,0.0,0.0
2017-05-15 00:00:00,7.78430683600634,7.858882442900769,7.759448300374863,7.780755519866943,278300,0.0,0.0
2017-05-16 00:00:00,7.805616634426434,7.858885039428338,7.6742212805780365,7.794963359832764,611800,0.0,0.0
2017-05-17 00:00:00,7.784310526175571,7.894398669307187,7.7630032965827525,7.841130256652832,383500,0.0,0.0
2017-05-18 00:00:00,7.837578360441732,7.929910584989613,7.787861269279245,7.912154674530029,377000,0.0,0.0
2017-05-19 00:00:00,7.890849606413998,7.968977266154856,7.890849606413998,7.901503562927246,318900,0.0,0.0
2017-05-22 00:00:00,7.8943964500221036,7.990279972251787,7.8943964500221036,7.9441142082214355,310400,0.0,0.0
2017-05-23 00:00:00,7.961872852132551,8.054205089279659,7.947667579950846,8.004487991333008,250600,0.0,0.0
2017-05-24 00:00:00,8.018693311656694,8.100371602057319,8.018693311656694,8.07906436920166,260900,0.0,0.0
2017-05-25 00:00:00,8.093268024162404,8.146536434321199,8.032896978690546,8.064857482910156,254400,0.0,0.0
2017-05-26 00:00:00,8.018690993622384,8.06485676435488,7.965422588209648,8.043549537658691,246000,0.0,0.0
2017-05-30 00:00:00,8.025790727238604,8.075507797340105,7.990278244018554,7.990278244018555,272700,0.0,0.0
2017-05-31 00:00:00,7.986731401105876,8.036448499052527,7.92280903097752,8.004487991333008,1010900,0.0,0.0
2017-06-01 00:00:00,7.944114560596544,8.111022394687522,7.944114560596544,8.093266487121582,430600,0.0,0.0
2017-06-02 00:00:00,8.093270930378331,8.164295276979358,8.064860378924129,8.139436721801758,540600,0.0,0.0
2017-06-05 00:00:00,8.121677331803115,8.142984558938348,8.043549703399693,8.047101020812988,250700,0.0,0.0
2017-06-06 00:00:00,8.032069871139516,8.046386930890922,7.953323653030404,7.992696762084961,289200,0.178,0.0
2017-06-07 00:00:00,8.007015383163218,8.075022619183102,7.974801141803227,8.024911880493164,257400,0.0,0.0
2017-06-08 00:00:00,8.032067957511009,8.078599244001488,7.967639497210827,8.03564739227295,242700,0.0,0.0
2017-06-09 00:00:00,8.014170613964115,8.157345270579855,7.978377632517541,8.12870979309082,330800,0.0,0.0
2017-06-12 00:00:00,8.16450204987191,8.171660918010145,8.11797077238787,8.157343864440918,583600,0.0,0.0
2017-06-13 00:00:00,8.153768474158895,8.178823842361453,8.096498866065165,8.143030166625977,247700,0.0,0.0
2017-06-14 00:00:00,8.143028917365964,8.168084281724663,8.117973553007266,8.146608352661133,274100,0.0,0.0
2017-06-15 00:00:00,8.121550793107875,8.17882037693607,8.114749663073109,8.150185585021973,346700,0.0,0.0
2017-06-16 00:00:00,8.071441059135708,8.14302839503215,8.06428287171201,8.121552467346191,605800,0.0,0.0
2017-06-19 00:00:00,8.128711681566392,8.139449988119521,8.037438465341108,8.089339256286621,208700,0.0,0.0
2017-06-20 00:00:00,8.067864390410202,8.092919759632608,7.974801102792975,7.999856472015381,234400,0.0,0.0
2017-06-21 00:00:00,8.014171280321104,8.103655106792603,7.974798860914688,7.9783782958984375,223600,0.0,0.0
2017-06-22 00:00:00,7.978379594201783,8.017752020015184,7.940795862110202,7.956902980804443,237600,0.0,0.0
2017-06-23 00:00:00,7.974797951467487,8.053543464007586,7.942583722994869,7.960480213165283,502400,0.0,0.0
2017-06-26 00:00:00,7.99627340513539,8.053542989555647,7.978376916019297,8.003432273864746,411300,0.0,0.0
2017-06-27 00:00:00,7.996274787667366,8.032068454795468,7.921108018427608,7.935425758361816,412700,0.0,0.0
2017-06-28 00:00:00,7.956901192925005,8.146607139063612,7.956901192925005,8.03564739227295,422500,0.0,0.0
2017-06-29 00:00:00,8.035646873967648,8.075019288394696,7.870996299075339,7.910369396209717,284700,0.0,0.0
2017-06-30 00:00:00,7.913948929097802,8.00522212129866,7.892472321644498,7.960480213165283,372600,0.0,0.0
2017-07-03 00:00:00,7.97837789592884,8.110813570151281,7.974798461124533,8.085758209228516,280500,0.0,0.0
2017-07-05 00:00:00,8.077822955976917,8.13915527202155,7.872540090440055,7.893826007843018,375400,0.178,0.0
2017-07-06 00:00:00,7.861354904855407,7.872177807143451,7.778375421246017,7.800022602081299,363800,0.0,0.0
2017-07-07 00:00:00,7.810846241089529,7.850532054901123,7.735083165408845,7.850532054901123,249500,0.0,0.0
2017-07-10 00:00:00,7.850530515348499,7.872177005850834,7.7206501960754395,7.7206501960754395,234200,0.0,0.0
2017-07-11 00:00:00,7.720648358225246,7.823470023797213,7.717040495978764,7.771157741546631,217800,0.0,0.0
2017-07-12 00:00:00,7.836100768610222,7.984019747477809,7.836100768610222,7.9407267570495605,347000,0.0,0.0
2017-07-13 00:00:00,7.937117994365098,7.955156623645906,7.836099881255613,7.864962100982666,237500,0.0,0.0
2017-07-14 00:00:00,7.904646682651983,7.9840176025335134,7.904646682651983,7.947940349578857,238900,0.0,0.0
2017-07-17 00:00:00,7.958764130695254,8.052566512639642,7.919079010428851,8.009273529052734,207900,0.0,0.0
2017-07-18 00:00:00,7.991235594113339,8.05978363279554,7.955157642800091,7.958765506744385,187300,0.0,0.0
2017-07-19 00:00:00,7.9731940972397215,8.092250812097918,7.9407240215393555,8.07060432434082,300000,0.0,0.0
2017-07-20 00:00:00,8.07782168714192,8.08395498659596,7.9551570743203674,7.976804256439209,248300,0.0,0.0
2017-07-21 00:00:00,8.038137871635454,8.052568640601358,7.94433546490296,7.98762845993042,236400,0.0,0.0
2017-07-24 00:00:00,7.976802564820277,8.002056917140333,7.919078134337438,7.947940349578857,190900,0.0,0.0
2017-07-25 00:00:00,7.958763703581659,7.991233783594089,7.904647132937452,7.933509349822998,246600,0.0,0.0
2017-07-26 00:00:00,7.929901881278603,8.016488536243688,7.929901881278603,7.973195552825928,372100,0.0,0.0
2017-07-27 00:00:00,7.947941424032093,8.034528081461687,7.933509970395702,7.965980052947998,282100,0.0,0.0
2017-07-28 00:00:00,7.9659823037652755,8.020098893933412,7.944335805323976,7.955158710479736,130800,0.0,0.0
2017-07-31 00:00:00,7.962374323286646,7.964899759536819,7.90104200515539,7.937119960784912,201800,0.0,0.0
2017-08-01 00:00:00,7.965982684489061,7.991237048565873,7.908258227133546,7.951551914215088,225200,0.0,0.0
2017-08-02 00:00:00,7.929902889865568,7.94072648116142,7.825277593190948,7.897432804107666,315000,0.0,0.0
2017-08-03 00:00:00,7.883002136166854,7.901040767090141,7.785591877669921,7.828885555267334,353000,0.0,0.0
2017-08-04 00:00:00,7.820883879703712,7.886361158080038,7.791782944183237,7.806333065032959,149400,0.178,0.0
2017-08-07 00:00:00,7.817244775811657,7.817244775811657,7.7263042818717995,7.766318321228027,365100,0.0,0.0
2017-08-08 00:00:00,7.7190308140012345,7.973664538496857,7.668104346630542,7.737219333648682,437400,0.0,0.0
2017-08-09 00:00:00,7.733578300683923,7.733578300683923,7.588073675244402,7.6571879386901855,400200,0.0,0.0
2017-08-10 00:00:00,7.609899752733666,7.79541842393386,7.609899752733666,7.649913787841797,332900,0.0,0.0
2017-08-11 00:00:00,7.5917114905558,7.649913341597522,7.533508945693284,7.62081241607666,308600,0.0,0.0
2017-08-14 00:00:00,7.6353638258893675,7.799056993323237,7.628816237956195,7.748129844665527,293800,0.0,0.0
2017-08-15 00:00:00,7.755406855711358,7.755406855711358,7.664466342499318,7.744494438171387,281900,0.0,0.0
2017-08-16 00:00:00,7.762679570669837,7.893634086294142,7.7481287605689975,7.8536200523376465,281300,0.0,0.0
2017-08-17 00:00:00,7.8463447992636635,7.933647580097237,7.795418350565952,7.799056053161621,339100,0.0,0.0
2017-08-18 00:00:00,7.740855268525474,7.802694833552159,7.732488482017639,7.773593902587891,270300,0.0,0.0
2017-08-21 00:00:00,7.773592678245467,7.889996383768932,7.769954975720257,7.8536200523376465,216200,0.0,0.0
2017-08-22 00:00:00,7.860895426022265,7.911821873530376,7.824519094736124,7.882720947265625,221500,0.0,0.0
2017-08-23 00:00:00,7.849981996702653,7.915459251569493,7.8245187739923905,7.83906888961792,242000,0.0,0.0
2017-08-24 00:00:00,7.839068024663337,7.955472405927548,7.831793314563647,7.842705726623535,262600,0.0,0.0
2017-08-25 00:00:00,7.8718064901356,7.8718064901356,7.780866024422127,7.795416831970215,229000,0.0,0.0
2017-08-28 00:00:00,7.813608728661379,7.8354349513834265,7.722668215449339,7.744494438171387,185800,0.0,0.0
2017-08-29 00:00:00,7.748131838448038,7.766320358299322,7.6535543105057195,7.740857124328613,240100,0.0,0.0
2017-08-30 00:00:00,7.733578675376298,7.8281568599495,7.693564641258953,7.824519157409668,236300,0.0,0.0
2017-08-31 00:00:00,7.839067699990023,7.897269541301211,7.660824474246929,7.879081726074219,339700,0.0,0.0
2017-09-01 00:00:00,7.871810126102576,7.887452320823926,7.806332849533796,7.817245960235596,227600,0.0,0.0
2017-09-05 00:00:00,7.820881985807737,7.904547068441231,7.820881985807737,7.857258319854736,239300,0.0,0.0
2017-09-06 00:00:00,7.8972741907914115,8.002765523913483,7.88999947671006,7.904549598693848,301500,0.0,0.0
2017-09-07 00:00:00,7.9221544499550705,7.958831230189632,7.819459605208579,7.8267951011657715,339700,0.178,0.0
2017-09-08 00:00:00,7.82679524851306,7.966166176566512,7.7937862156356665,7.801121711730957,265800,0.0,0.0
2017-09-11 00:00:00,7.848798221601768,7.923985280727664,7.812121453834004,7.8671369552612305,370000,0.0,0.0
2017-09-12 00:00:00,7.87813965800558,7.896478392042378,7.7827803396677515,7.790115833282471,244200,0.0,0.0
2017-09-13 00:00:00,7.819458840383275,7.933156218393357,7.80845629707505,7.878141403198242,291000,0.0,0.0
2017-09-14 00:00:00,7.867138075645841,7.958829658347768,7.8487993393747,7.885476112365723,354600,0.0,0.0
2017-09-15 00:00:00,7.918484041618921,7.95882855627761,7.841462759047892,7.911148548126221,1017000,0.0,0.0
2017-09-18 00:00:00,7.914816524421851,7.991837809226688,7.885475249151242,7.98450231552124,296400,0.0,0.0
2017-09-19 00:00:00,7.9955049955390525,7.999540006833031,7.900146373915046,7.969831466674805,244200,0.0,0.0
2017-09-20 00:00:00,7.966164647269493,7.991838878674221,7.900147293739737,7.93682336807251,203500,0.0,0.0
2017-09-21 00:00:00,7.936823201423677,7.995505758585492,7.918485164642334,7.918485164642334,243700,0.0,0.0
2017-09-22 00:00:00,7.922152462623659,7.962496281164868,7.848798920555823,7.856134414672852,195100,0.0,0.0
2017-09-25 00:00:00,7.8561354996876265,7.9771683711296095,7.8561354996876265,7.925821304321289,218000,0.0,0.0
2017-09-26 00:00:00,7.936820898668198,7.991836392152791,7.890975120465075,7.93315315246582,176600,0.0,0.0
2017-09-27 00:00:00,7.936824841732181,7.999175159046496,7.863471979895663,7.991840362548828,392200,0.0,0.0
2017-09-28 00:00:00,8.006510278879189,8.043187057849753,7.929489672637239,8.039519309997559,311600,0.0,0.0
2017-09-29 00:00:00,8.035849402118846,8.057855183765508,8.00284037987326,8.02851390838623,243900,0.0,0.0
2017-10-02 00:00:00,8.043187308327427,8.068860844540925,7.995507284315449,8.050522804260254,376100,0.0,0.0
2017-10-03 00:00:00,8.068857618238123,8.105534383685791,8.035848599290333,8.098198890686035,400600,0.0,0.0
2017-10-04 00:00:00,8.094534878398292,8.12754391257398,8.050523299198336,8.083532333374023,225300,0.0,0.0
2017-10-05 00:00:00,8.097581950633062,8.204810545160266,8.061346353129657,8.153044700622559,322300,0.178,0.0
2017-10-06 00:00:00,8.127161302053276,8.127161302053276,8.056908821680594,8.093883514404297,130800,0.0,0.0
2017-10-09 00:00:00,8.097580539185874,8.127160714374114,8.056908239081423,8.075395584106445,176100,0.0,0.0
2017-10-10 00:00:00,8.116065717135138,8.186318167565078,8.090182455914535,8.149343490600586,230900,0.0,0.0
2017-10-11 00:00:00,8.160438478757003,8.215901218937303,8.133077010720749,8.190018653869629,200100,0.0,0.0
2017-10-12 00:00:00,8.171530515405625,8.267666251498271,8.156740076662016,8.215900421142578,317800,0.0,0.0
2017-10-13 00:00:00,8.215900826685228,8.289851613559662,8.179295687907734,8.24178409576416,239000,0.0,0.0
2017-10-16 00:00:00,8.238086079257991,8.271363861184174,8.160437686347919,8.215900421142578,212200,0.0,0.0
2017-10-17 00:00:00,8.215900047379243,8.230690485449994,8.156739705590043,8.19371509552002,187200,0.0,0.0
2017-10-18 00:00:00,8.21590260767708,8.22699543968697,8.134187739186393,8.182624816894531,219700,0.0,0.0
2017-10-19 00:00:00,8.130855446871584,8.182620558819277,8.116065717135138,8.149343490600586,167600,0.0,0.0
2017-10-20 00:00:00,8.178927975514977,8.186322491665681,8.134557352375102,8.153044700622559,210000,0.0,0.0
2017-10-23 00:00:00,8.14564726299824,8.197412383723021,8.108671874517592,8.141949653625488,311600,0.0,0.0
2017-10-24 00:00:00,8.134555029856228,8.16413520175492,8.045814514160156,8.045814514160156,268300,0.0,0.0
2017-10-25 00:00:00,8.04211761707802,8.101277966117225,7.931192138941257,7.968166828155518,196600,0.0,0.0
2017-10-26 00:00:00,8.016232703840762,8.09018276584953,7.916399379619802,7.938584327697754,195800,0.0,0.0
2017-10-27 00:00:00,7.968167705550892,8.064303459637102,7.912704960375366,8.034723281860352,210400,0.0,0.0
2017-10-30 00:00:00,8.027327983007474,8.088707045240028,7.927495324761614,7.942285060882568,177400,0.0,0.0
2017-10-31 00:00:00,7.9792604914136875,8.001445448308615,7.89051995858691,7.9866557121276855,221400,0.0,0.0
2017-11-01 00:00:00,8.042116960323277,8.075394742096094,7.964469273017994,8.016234397888184,185800,0.0,0.0
2017-11-02 00:00:00,8.045814403718788,8.13085730860431,8.041007440723915,8.104974746704102,242100,0.0,0.0
2017-11-03 00:00:00,8.075397400025492,8.112372803637221,8.001816847563635,8.060606956481934,179600,0.0,0.0
2017-11-06 00:00:00,8.082792953284875,8.119767653165828,8.04951515919426,8.116070747375488,178500,0.0,0.0
2017-11-07 00:00:00,8.178696824507291,8.201063161318148,7.936392827852769,7.951303482055664,493200,0.178,0.0
2017-11-08 00:00:00,7.921482044993894,8.063136469893912,7.917754203415856,8.007220268249512,221200,0.0,0.0
2017-11-09 00:00:00,7.996034112010587,8.048222450261077,7.928934413681223,7.969939231872559,195900,0.0,0.0
2017-11-10 00:00:00,7.9699405468870355,8.066862270353134,7.9699405468870355,7.988579750061035,173000,0.0,0.0
2017-11-13 00:00:00,8.025856139777195,8.089227998233877,7.9960341305630385,8.04449462890625,209300,0.0,0.0
2017-11-14 00:00:00,8.063133118035303,8.081772318177142,8.022128299748829,8.04449462890625,218900,0.0,0.0
2017-11-15 00:00:00,8.007218169751674,8.044495864749386,7.9773961559560815,7.984851837158203,175600,0.0,0.0
2017-11-16 00:00:00,8.018402315024504,8.055680012920739,7.973668935346433,7.992308139801025,295900,0.0,0.0
2017-11-17 00:00:00,7.973665729870447,8.02958260974225,7.958755083313919,8.010943412780762,185100,0.0,0.0
2017-11-20 00:00:00,8.00348949432373,8.014673014960383,7.958756833802759,8.00348949432373,180800,0.0,0.0
2017-11-21 00:00:00,8.014670191080773,8.122775386106966,8.014670191080773,8.078042030334473,295500,0.0,0.0
2017-11-22 00:00:00,8.078042504221113,8.17496418823681,8.07431466510367,8.126502990722656,265000,0.0,0.0
2017-11-24 00:00:00,8.14887351485102,8.160056325979324,8.07059028188832,8.096684455871582,69600,0.0,0.0
2017-11-27 00:00:00,8.11532365944028,8.15260135556476,8.090347197759515,8.096684455871582,168500,0.0,0.0
2017-11-28 00:00:00,8.096683429535632,8.141416801417188,8.051950768666902,8.092955589294434,224100,0.0,0.0
2017-11-29 00:00:00,8.09295943398086,8.141420669125878,8.040771067836836,8.08177661895752,272900,0.0,0.0
2017-11-30 00:00:00,8.130231016022808,8.133958855225618,7.996032359784742,8.063131332397461,444900,0.0,0.0
2017-12-01 00:00:00,8.037038338341064,8.089227383761049,7.932661669526554,8.074316024780273,288300,0.0,0.0
2017-12-04 00:00:00,8.092956782385976,8.186150669116426,8.007218577237067,8.018402099609375,361700,0.0,0.0
2017-12-05 00:00:00,7.984851718032702,8.037040063643168,7.958757545227469,7.966213226318359,286000,0.0,0.0
2017-12-06 00:00:00,7.984850591951432,8.007216921056958,7.9140230536023495,7.969939231872559,334200,0.0,0.0
2017-12-07 00:00:00,7.991742796232613,7.991742796232613,7.9379884969457555,7.969188690185547,292800,0.178,0.0
2017-12-08 00:00:00,7.991744446453062,8.040611805809373,7.9391179491489945,7.957912921905518,537900,0.0,0.0
2017-12-11 00:00:00,7.931597462400422,7.98798308193532,7.9128017779007545,7.927838325500488,352400,0.0,0.0
2017-12-12 00:00:00,7.9278402486988,7.961671772023268,7.8977678631861865,7.93535852432251,351000,0.0,0.0
2017-12-13 00:00:00,7.935357657607612,8.132707710790575,7.924080245403787,8.078201293945312,444400,0.0,0.0
2017-12-14 00:00:00,8.040609313243614,8.112031478145791,7.995501105818472,8.021814346313477,295500,0.0,0.0
2017-12-15 00:00:00,8.021815131984251,8.08571902958042,7.99550188891208,8.051887512207031,993400,0.0,0.0
2017-12-18 00:00:00,8.036851008326744,8.157141246869337,7.950393004327905,7.969188690185547,644300,0.0,0.0
2017-12-19 00:00:00,7.957911300261007,8.018056061204426,7.7511637741407675,7.773717880249023,580300,0.0,0.0
2017-12-20 00:00:00,7.796272732125252,7.82258597793228,7.674103988452309,7.679742336273193,433900,0.0,0.0
2017-12-21 00:00:00,7.672223677175406,7.713573471078027,7.551934149802844,7.615838050842285,360800,0.0,0.0
2017-12-22 00:00:00,7.585766127705402,7.672224141109723,7.582006990124929,7.608320236206055,326100,0.0,0.0
2017-12-26 00:00:00,7.593284079812469,7.6985370596590155,7.585765804971387,7.67598295211792,327100,0.0,0.0
2017-12-27 00:00:00,7.694778564147696,7.773719022600082,7.68726100566164,7.75116491317749,365200,0.0,0.0
2017-12-28 00:00:00,7.803790339403906,7.826720144366896,7.758681409750469,7.807549476623535,343200,0.0,0.0
2017-12-29 00:00:00,7.807550031679845,7.815068306653595,7.689139710280868,7.736127853393555,622200,0.0,0.0
2018-01-02 00:00:00,7.754920663545803,7.80378872027976,7.6910167780350625,7.732366561889648,437600,0.0,0.0
2018-01-03 00:00:00,7.732368854341293,7.778605600973692,7.675983224993014,7.691019058227539,319200,0.0,0.0
2018-01-04 00:00:00,7.706055196371707,7.743645852921167,7.615838050842285,7.615838050842285,274900,0.0,0.0
2018-01-05 00:00:00,7.660586408032941,7.675755509360442,7.554399805392222,7.584738731384277,465500,0.178,0.0
2018-01-08 00:00:00,7.580948791970088,7.6378342066730935,7.543024941055653,7.5923261642456055,392700,0.0,0.0
2018-01-09 00:00:00,7.5961145009698585,7.5961145009698585,7.520266840286435,7.524059295654297,231200,0.0,0.0
2018-01-10 00:00:00,7.4937253496520775,7.516479373624245,7.323068361517367,7.402708530426025,602700,0.0,0.0
2018-01-11 00:00:00,7.41408634185791,7.486141606281239,7.410294606716545,7.41408634185791,356300,0.0,0.0
2018-01-12 00:00:00,7.429253164762219,7.448214726134065,7.313585759717239,7.326858997344971,386500,0.0,0.0
2018-01-16 00:00:00,7.364782181696899,7.452006513509765,7.269972936681922,7.277557849884033,447100,0.0,0.0
2018-01-17 00:00:00,7.281351700969894,7.379952698132316,7.281351700969894,7.342029571533203,390900,0.0,0.0
2018-01-18 00:00:00,7.353404862104006,7.372367145238761,7.141032354354741,7.148617267608643,571200,0.0,0.0
2018-01-19 00:00:00,7.144823673227623,7.220671347014244,7.0955224682652105,7.216878890991211,537500,0.0,0.0
2018-01-22 00:00:00,7.209295251627087,7.342028342516996,7.205502794934557,7.300312042236328,383500,0.0,0.0
2018-01-23 00:00:00,7.307897090911865,7.3340645362387455,7.281350616909862,7.307897090911865,286400,0.0,0.0
2018-01-24 00:00:00,7.292728461909545,7.337858198464025,7.186542548457319,7.201711654663086,434200,0.0,0.0
2018-01-25 00:00:00,7.205503147480599,7.2472194498023335,7.110693895540064,7.122071266174316,453100,0.0,0.0
2018-01-26 00:00:00,7.137238041829189,7.137238041829189,6.9210731336624125,7.008297443389893,540500,0.0,0.0
2018-01-29 00:00:00,7.008300472529165,7.008300472529165,6.852813340736334,6.8717756271362305,461200,0.0,0.0
2018-01-30 00:00:00,6.845227989892132,6.909698312868202,6.792135038030858,6.88694429397583,612000,0.0,0.0
2018-01-31 00:00:00,6.924867938949122,7.004507364417104,6.881255769287533,6.955206871032715,663400,0.0,0.0
2018-02-01 00:00:00,6.955206431584632,7.004506921854087,6.727664093665806,6.746626377105713,419100,0.0,0.0
2018-02-02 00:00:00,6.712493740300291,6.712493740300291,6.553214205750679,6.651815891265869,537800,0.0,0.0
2018-02-05 00:00:00,6.632854199243141,6.636646655561054,6.356011398069208,6.3825578689575195,731700,0.0,0.0
2018-02-06 00:00:00,6.30292039403864,6.541839428822889,6.280165649135528,6.51908540725708,1084300,0.0,0.0
2018-02-07 00:00:00,6.518316164897358,6.654353744177411,6.474247684182923,6.476163387298584,479100,0.178,0.0
2018-02-08 00:00:00,6.468501080530529,6.483829633739952,6.253906451938123,6.2577385902404785,608600,0.0,0.0
2018-02-09 00:00:00,6.2960590022065945,6.332463218331934,6.1504406758940044,6.284562587738037,554700,0.0,0.0
2018-02-12 00:00:00,6.31138682392572,6.3428099182630735,6.0469755038466495,6.284562587738037,633400,0.0,0.0
2018-02-13 00:00:00,6.246242611452256,6.319051782469333,6.227082649508355,6.288395404815674,418100,0.0,0.0
2018-02-14 00:00:00,6.242411954740053,6.261954913620222,6.150442079809551,6.181098461151123,428500,0.0,0.0
2018-02-15 00:00:00,6.207920965315808,6.299890072762017,6.188760277781914,6.269233703613281,356200,0.0,0.0
2018-02-16 00:00:00,6.276897425315842,6.399523636285789,6.276897425315842,6.357370853424072,381300,0.0,0.0
2018-02-20 00:00:00,6.349705214224766,6.380361577655635,6.169599170431581,6.184926986694336,432600,0.0,0.0
2018-02-21 00:00:00,6.188760046772836,6.238577101595935,6.112119126761786,6.119783401489258,376100,0.0,0.0
2018-02-22 00:00:00,6.1504411697387695,6.250074577082732,6.1236169313972555,6.1504411697387695,355200,0.0,0.0
2018-02-23 00:00:00,6.188761326550245,6.288394725894223,6.169601366674934,6.284562587738037,371900,0.0,0.0
2018-02-26 00:00:00,6.311387505329494,6.315219643899414,6.192594133284776,6.288395404815674,444800,0.0,0.0
2018-02-27 00:00:00,6.303721910509529,6.368866783215963,6.000989640019199,6.00482177734375,524000,0.0,0.0
2018-02-28 00:00:00,6.004823667785377,6.12744917715417,5.989495479114278,5.993327617645264,600100,0.0,0.0
2018-03-01 00:00:00,5.997158439163281,6.081463646204167,5.958838156292177,6.046975135803223,497300,0.0,0.0
2018-03-02 00:00:00,6.020151030540611,6.0929598253763455,5.989494657404219,6.0584716796875,476900,0.0,0.0
2018-03-05 00:00:00,6.3650374021076415,6.6984254537486,6.349708846171803,6.629448413848877,2721800,0.0,0.0
2018-03-06 00:00:00,6.61028797898117,6.7827305664473165,6.545143082705707,6.732913494110107,1823200,0.0,0.0
2018-03-07 00:00:00,6.697296540796685,6.991513137811972,6.689554562275168,6.9760284423828125,1913600,0.178,0.0
2018-03-08 00:00:00,6.976029945676703,6.987643285154648,6.736010838519941,6.782466411590576,11465200,0.0,0.0
2018-03-09 00:00:00,6.805692093585886,6.805692093585886,6.643098736876896,6.736009120941162,1632400,0.0,0.0
2018-03-12 00:00:00,6.728265193507305,6.797948153611745,6.6314834685591295,6.68181037902832,1007400,0.0,0.0
2018-03-13 00:00:00,6.7243943119624,6.739879003389331,6.5927711120967825,6.627612590789795,724800,0.0,0.0
2018-03-14 00:00:00,6.635355874340397,6.677940076328063,6.461149184946096,6.492119312286377,787000,0.0,0.0
2018-03-15 00:00:00,6.484376657877476,6.503732710755512,6.317911944936459,6.430179119110107,888000,0.0,0.0
2018-03-16 00:00:00,6.430177617155424,6.534701312022793,6.375979352661547,6.523087978363037,1838200,0.0,0.0
2018-03-19 00:00:00,6.495992329429884,6.515348387065873,6.337270293978708,6.4146952629089355,510700,0.0,0.0
2018-03-20 00:00:00,6.465020604999441,6.581158399039826,6.401144301406967,6.430179119110107,663200,0.0,0.0
2018-03-21 00:00:00,6.4340520589311945,6.465022194180539,6.364369070023602,6.4146952629089355,501100,0.0,0.0
2018-03-22 00:00:00,6.40308077423475,6.5540600641740205,6.37598126466835,6.437921524047852,512500,0.0,0.0
2018-03-23 00:00:00,6.449534960436891,6.4766337289317075,6.279198894830245,6.290812969207764,537700,0.0,0.0
2018-03-26 00:00:00,6.356625308642213,6.468891753605957,6.279587266756678,6.465021133422852,564700,0.0,0.0
2018-03-27 00:00:00,6.480505848059487,6.480505848059487,6.321783838191729,6.368239402770996,808400,0.0,0.0
2018-03-28 00:00:00,6.3953382017208655,6.606322445745231,6.3953382017208655,6.542446136474609,740300,0.0,0.0
2018-03-29 00:00:00,6.592772412730943,6.604385748995758,6.46502054511542,6.534702777862549,784000,0.0,0.0
2018-04-02 00:00:00,6.5308307049931456,6.689552664644404,6.5095386087301375,6.619869709014893,863400,0.0,0.0
2018-04-03 00:00:00,6.635354775275005,6.80956217420006,6.569543173279534,6.74375057220459,735400,0.0,0.0
2018-04-04 00:00:00,6.701167978721114,6.8250484971680185,6.685683283108317,6.8173065185546875,583200,0.0,0.0
2018-04-05 00:00:00,6.8282563402756145,6.832167229728485,6.699199972034436,6.757862567901611,700800,0.178,0.0
2018-04-06 00:00:00,6.753951252440575,6.824345766300309,6.734396806409624,6.765683174133301,556300,0.0,0.0
2018-04-09 00:00:00,6.773504420063809,6.7989248249427625,6.695288879866256,6.7226643562316895,543800,0.0,0.0
2018-04-10 00:00:00,6.7617720322823995,6.824344758489086,6.714842114664517,6.793058395385742,422000,0.0,0.0
2018-04-11 00:00:00,6.789147570253576,6.908427063802443,6.773504015592728,6.871273994445801,384800,0.0,0.0
2018-04-12 00:00:00,6.906470777020635,6.926024473091736,6.710930832606856,6.746128082275391,349200,0.0,0.0
2018-04-13 00:00:00,6.746129642043988,6.796969711138968,6.699199716326736,6.785237789154053,400900,0.0,0.0
2018-04-16 00:00:00,6.800880309669698,6.953402002285275,6.781326609913619,6.937758445739746,321100,0.0,0.0
2018-04-17 00:00:00,6.984688155430393,7.07815638892619,6.926025566107993,7.015974521636963,463700,0.0,0.0
2018-04-18 00:00:00,7.03552822079389,7.074636365033554,6.996420076554226,7.015974521636963,306800,0.0,0.0
2018-04-19 00:00:00,7.012064461097932,7.023796383607895,6.867364534092577,6.906472682952881,277600,0.0,0.0
2018-04-20 00:00:00,6.894740145166588,6.92993740521523,6.832167404174759,6.875186443328857,346900,0.0,0.0
2018-04-23 00:00:00,6.875186569377671,6.939323518181287,6.855632867181446,6.914294719696045,285400,0.0,0.0
2018-04-24 00:00:00,6.9494896549482315,7.023794295170769,6.910381517716242,6.9925079345703125,468100,0.0,0.0
2018-04-25 00:00:00,6.996417210927628,7.105919820762915,6.9592648993761665,7.070722579956055,559300,0.0,0.0
2018-04-26 00:00:00,7.070724502541363,7.180227142151274,7.0433490291203125,7.141119003295898,494800,0.0,0.0
2018-04-27 00:00:00,7.156763335394216,7.352303325387783,7.139164706457761,7.3053741455078125,445300,0.0,0.0
2018-04-30 00:00:00,7.305373925846033,7.317105847500332,7.2271576338301085,7.277998447418213,529200,0.0,0.0
2018-05-01 00:00:00,7.274085404858182,7.457892666979062,7.231066382391873,7.430517196655273,601100,0.0,0.0
2018-05-02 00:00:00,7.407055376435809,7.469628116487833,7.317106409925864,7.4422526359558105,556200,0.0,0.0
2018-05-03 00:00:00,7.442250131894814,7.52828743403628,7.4109637723955855,7.473536491394043,538600,0.0,0.0
2018-05-04 00:00:00,7.473540728586702,7.583042675954314,7.469629838191277,7.528291702270508,656900,0.0,0.0
2018-05-07 00:00:00,7.563024617940902,7.661707090255255,7.5432884246330385,7.634076118469238,617900,0.178,0.0
2018-05-08 00:00:00,7.634076505491666,7.973544468386942,7.610392921744046,7.92617654800415,811300,0.0,0.0
2018-05-09 00:00:00,7.914335280892852,7.934072230336278,7.6147356913517426,7.772233009338379,716400,0.0,0.0
2018-05-10 00:00:00,7.7524959766140835,7.782101024017372,7.56855197652567,7.590656757354736,631400,0.0,0.0
2018-05-11 00:00:00,7.590657366152173,7.693287251723852,7.440660304401375,7.468291282653809,685600,0.0,0.0
2018-05-14 00:00:00,7.476185366549908,7.586709269264005,7.373950003651747,7.401186466217041,604700,0.0,0.0
2018-05-15 00:00:00,7.38539517425347,7.444209988493149,7.2038198036034125,7.239345550537109,903400,0.0,0.0
2018-05-16 00:00:00,7.266978861508713,7.353819185948926,7.247242663691111,7.314346790313721,640300,0.0,0.0
2018-05-17 00:00:00,7.341977768413439,7.424870702712593,7.266978861508713,7.314346790313721,375000,0.0,0.0
2018-05-18 00:00:00,7.357765711794048,7.379870491677237,7.288688274659084,7.334082126617432,924300,0.0,0.0
2018-05-21 00:00:00,7.365659433599652,7.488025484478587,7.290660546273051,7.456447124481201,355200,0.0,0.0
2018-05-22 00:00:00,7.45644755278853,7.49592069327452,7.385396050491255,7.4722371101379395,350900,0.0,0.0
2018-05-23 00:00:00,7.495919131710537,7.6478902015458035,7.456445999447665,7.610391139984131,416500,0.0,0.0
2018-05-24 00:00:00,7.618288676636122,7.64592040898126,7.531448347928859,7.64197301864624,285800,0.0,0.0
2018-05-25 00:00:00,7.618288071874635,7.713023926619257,7.610394044718969,7.705129146575928,215000,0.0,0.0
2018-05-29 00:00:00,7.689338738244564,7.7959159984095106,7.657760374442459,7.784073829650879,398200,0.0,0.0
2018-05-30 00:00:00,7.795916350094432,7.878809276481533,7.7623646664294474,7.847230911254883,381000,0.0,0.0
2018-05-31 00:00:00,7.84723077242632,7.866967720898561,7.76828523720016,7.791968822479248,378100,0.0,0.0
2018-06-01 00:00:00,7.795914545906773,7.843282459228326,7.705126861001857,7.724863052368164,396500,0.0,0.0
2018-06-04 00:00:00,7.736705665314998,7.819598577301194,7.705127305574426,7.799862384796143,446800,0.0,0.0
2018-06-05 00:00:00,7.795916514253404,7.815652710602792,7.713023586120824,7.760390758514404,546600,0.0,0.0
2018-06-06 00:00:00,7.748548933255992,7.784074690573474,7.677498171508692,7.764338493347168,404800,0.0,0.0
2018-06-07 00:00:00,7.775488729643723,7.8352387458313055,7.751588115358548,7.767521858215332,284700,0.178,0.0
2018-06-08 00:00:00,7.775491363383568,7.84121617552363,7.72769087838476,7.739641189575195,290300,0.0,0.0
2018-06-11 00:00:00,7.72768968612998,7.81134033203125,7.71972281323218,7.81134033203125,407700,0.0,0.0
2018-06-12 00:00:00,7.8113430136445245,7.914910117581789,7.795409262378909,7.7993927001953125,390300,0.0,0.0
2018-06-13 00:00:00,7.815324083111263,7.887023662789513,7.604206501397235,7.644040107727051,454000,0.0,0.0
2018-06-14 00:00:00,7.663957637692582,7.767524725200138,7.663957637692582,7.723707675933838,284100,0.0,0.0
2018-06-15 00:00:00,7.74362616285865,7.815326524699678,7.7002072220871165,7.759559154510498,1139000,0.0,0.0
2018-06-18 00:00:00,7.7874378737468675,7.843205211094989,7.735654731669294,7.815321922302246,265400,0.0,0.0
2018-06-19 00:00:00,7.823291083964857,7.8471917063315075,7.755574173451879,7.783458232879639,358500,0.0,0.0
2018-06-20 00:00:00,7.783458509642585,7.863124974408722,7.759557886426079,7.827274799346924,317100,0.0,0.0
2018-06-21 00:00:00,7.855155898719273,7.887022627648171,7.7918213163040475,7.883039951324463,325500,0.0,0.0
2018-06-22 00:00:00,7.887024212356599,8.066275073449527,7.883041535232668,8.006525039672852,592200,0.0,0.0
2018-06-25 00:00:00,7.98262475207405,8.130008110206324,7.974657878725586,8.066274642944336,464900,0.0,0.0
2018-06-26 00:00:00,8.066274886245319,8.141958665812833,8.042375025241903,8.082208633422852,375900,0.0,0.0
2018-06-27 00:00:00,8.106109377575601,8.122042366726127,8.046359338675936,8.09017562866211,226700,0.0,0.0
2018-06-28 00:00:00,8.090174901311483,8.233575589588552,8.03042486778367,8.205692291259766,370600,0.0,0.0
2018-06-29 00:00:00,8.213657551542148,8.237557408305902,8.13399034931264,8.13797378540039,419800,0.0,0.0
2018-07-02 00:00:00,8.126026046113042,8.207286496514918,7.974659225738906,8.106109619140625,411600,0.0,0.0
2018-07-03 00:00:00,8.122042567562657,8.280181914411274,8.082209713819896,8.217642784118652,269400,0.0,0.0
2018-07-05 00:00:00,8.217640466180455,8.36502456665039,8.193740608723601,8.36502456665039,314200,0.0,0.0
2018-07-06 00:00:00,8.365025329749344,8.540292739868164,8.361041893182685,8.540292739868164,494900,0.0,0.0
2018-07-09 00:00:00,8.564194189963063,8.58012793918876,8.337143581837747,8.404860496520996,471900,0.0,0.0
2018-07-10 00:00:00,8.36502814249351,8.464611810856526,8.333161399007867,8.34909439086914,430500,0.0,0.0
2018-07-11 00:00:00,8.325189349040937,8.3809566853034,8.293322625360652,8.297306060791016,381700,0.0,0.0
2018-07-12 00:00:00,8.356770284422337,8.364805824674498,8.276417180834626,8.328646659851074,246800,0.178,0.0
2018-07-13 00:00:00,8.336683164156737,8.392930419803694,8.30855953633326,8.316595077514648,264300,0.0,0.0
2018-07-16 00:00:00,8.356771250798825,8.37244078599595,8.304541765742565,8.316595077514648,477600,0.0,0.0
2018-07-17 00:00:00,8.340700405872841,8.417036509632883,8.264364302112797,8.26838207244873,370300,0.0,0.0
2018-07-18 00:00:00,8.268383133976513,8.32061262242639,8.204100332971388,8.288471221923828,307300,0.0,0.0
2018-07-19 00:00:00,8.300523307705731,8.481319137756628,8.288469996931898,8.449177742004395,432300,0.0,0.0
2018-07-20 00:00:00,8.477301685687928,8.509443082646566,8.36078864276827,8.380877494812012,309800,0.0,0.0
2018-07-23 00:00:00,8.364806294318655,8.409001001875561,8.304541271666453,8.372841835021973,215400,0.0,0.0
2018-07-24 00:00:00,8.392929920468926,8.396947690820586,8.276417645516181,8.372841835021973,381000,0.0,0.0
2018-07-25 00:00:00,8.376859605373632,8.405384778665667,8.328647127465066,8.372841835021973,236200,0.0,0.0
2018-07-26 00:00:00,8.384894950499923,8.497389452477085,8.384894950499923,8.449177742004395,239700,0.0,0.0
2018-07-27 00:00:00,8.477300677236837,8.477300677236837,8.240257615498523,8.276416778564453,276000,0.0,0.0
2018-07-30 00:00:00,8.272398523268235,8.36480492732108,8.256327444487978,8.332663536071777,294200,0.0,0.0
2018-07-31 00:00:00,8.36480743168065,8.553638832327298,8.332666030808456,8.501408576965332,461000,0.0,0.0
2018-08-01 00:00:00,8.469265647390005,8.489353731942435,8.336682296934583,8.437124252319336,281000,0.0,0.0
2018-08-02 00:00:00,8.404985038331168,8.509444790995836,8.392931724685107,8.469267845153809,239500,0.0,0.0
2018-08-03 00:00:00,8.477300397264832,8.567698301944167,8.456408454101414,8.5496187210083,264400,0.0,0.0
2018-08-06 00:00:00,8.545600710483008,8.573724331966291,8.485335697831509,8.533547401428223,334300,0.0,0.0
2018-08-07 00:00:00,8.557652654922682,8.585777040750877,8.469264026967545,8.569705963134766,508900,0.0,0.0
2018-08-08 00:00:00,8.593812257682858,9.051828031383579,8.589794488071048,8.927279472351074,801500,0.0,0.0
2018-08-09 00:00:00,8.91924524686999,8.939333329850774,8.764564555721964,8.87505054473877,548600,0.0,0.0
2018-08-10 00:00:00,8.87424032955484,8.951196532827941,8.79323371847407,8.797284126281738,449500,0.178,0.0
2018-08-13 00:00:00,8.797282108210249,8.853987031973357,8.77298043947527,8.825634956359863,345500,0.0,0.0
2018-08-14 00:00:00,8.829687995837105,9.060556641729415,8.829687995837105,8.943097114562988,618700,0.0,0.0
2018-08-15 00:00:00,8.943096007771183,9.01235620669907,8.764881921125147,8.94714641571045,661600,0.0,0.0
2018-08-16 00:00:00,8.33149952156186,8.542116129697256,8.311248251468102,8.497562408447266,5607900,0.0,0.0
2018-08-17 00:00:00,8.53806330773087,8.675774068543966,8.36389965302394,8.64337158203125,1299800,0.0,0.0
2018-08-20 00:00:00,8.675776525081663,8.768933603616029,8.647424437922197,8.760832786560059,687200,0.0,0.0
2018-08-21 00:00:00,8.76893263657091,8.83576321110789,8.683876384472587,8.720329284667969,617900,0.0,0.0
2018-08-22 00:00:00,8.708177268825276,8.736529350280762,8.631221067348754,8.736529350280762,491100,0.0,0.0
2018-08-23 00:00:00,8.720331626668427,8.728431672470096,8.635274579190169,8.663626670837402,362900,0.0,0.0
2018-08-24 00:00:00,8.667674825035743,8.667674825035743,8.590718615916536,8.627171516418457,491500,0.0,0.0
2018-08-27 00:00:00,8.627170853459523,8.627170853459523,8.529963383769806,8.578567504882812,577100,0.0,0.0
2018-08-28 00:00:00,8.566415877752554,8.655523300170898,8.546164612222709,8.655523300170898,465000,0.0,0.0
2018-08-29 00:00:00,8.663623860029706,8.813485860519746,8.663623860029706,8.728428840637207,460700,0.0,0.0
2018-08-30 00:00:00,8.740578142358912,8.784726264959657,8.635269878892402,8.708175659179688,423500,0.0,0.0
2018-08-31 00:00:00,8.708178106610497,8.801335175365512,8.708178106610497,8.785134315490723,475800,0.0,0.0
2018-09-04 00:00:00,8.785135197875903,8.817537693416366,8.687927711254511,8.696027755737305,402900,0.0,0.0
2018-09-05 00:00:00,8.687925254097895,8.789183120590708,8.635270730901354,8.777031898498535,272600,0.0,0.0
2018-09-06 00:00:00,8.797285690775494,8.866141090678383,8.74463192498455,8.760832786560059,335300,0.0,0.0
2018-09-07 00:00:00,8.760830558753543,8.768931373749545,8.52186269666141,8.570466041564941,401700,0.0,0.0
2018-09-10 00:00:00,8.598819923625792,8.716279448075861,8.594769515278921,8.639323234558105,422400,0.0,0.0
2018-09-11 00:00:00,8.639321777408664,8.639321777408664,8.558315169207,8.606919288635254,370900,0.0,0.0
2018-09-12 00:00:00,8.630610222716818,8.630610222716818,8.512159276007264,8.520328521728516,349200,0.178,0.0
2018-09-13 00:00:00,8.544833832306256,8.687792488615806,8.516242256856748,8.630608558654785,433100,0.0,0.0
2018-09-14 00:00:00,8.618355471497567,8.63877780280093,8.495819146491383,8.630608558654785,466100,0.0,0.0
2018-09-17 00:00:00,8.642862852761455,8.685750218058969,8.595890865188647,8.671454429626465,567700,0.0,0.0
2018-09-18 00:00:00,8.683708680407324,8.689835224560131,8.573426211284337,8.577510833740234,215100,0.0,0.0
2018-09-19 00:00:00,8.585681447456942,8.585681447456942,8.316102554885719,8.344694137573242,557000,0.0,0.0
2018-09-20 00:00:00,8.373282847034409,8.491734539308037,8.29976121445932,8.487649917602539,447200,0.0,0.0
2018-09-21 00:00:00,8.467229171321156,8.512159243554597,8.426383721932769,8.454976081848145,689700,0.0,0.0
2018-09-24 00:00:00,8.434550142208499,8.434550142208499,8.232366443010017,8.307929992675781,457200,0.0,0.0
2018-09-25 00:00:00,8.3283543777911,8.405960646892058,8.31242489544098,8.361030578613281,275500,0.0,0.0
2018-09-26 00:00:00,8.361029108177732,8.385536838780807,8.238493571410128,8.258915901184082,377700,0.0,0.0
2018-09-27 00:00:00,8.271169178446623,8.38553624261088,8.271169178446623,8.307929992675781,188000,0.0,0.0
2018-09-28 00:00:00,8.307932842237527,8.520328557509128,8.307932842237527,8.516243934631348,456800,0.0,0.0
2018-10-01 00:00:00,8.528497954380843,8.544836447673953,8.438638578455462,8.450892448425293,335800,0.0,0.0
2018-10-02 00:00:00,8.463143085928609,8.508073150397516,8.34877678227977,8.352861404418945,221400,0.0,0.0
2018-10-03 00:00:00,8.3569438922734,8.434550142208499,8.301803449991551,8.307929992675781,354900,0.0,0.0
2018-10-04 00:00:00,8.279339646506962,8.307931222013295,8.005676199563204,8.013845443725586,621000,0.0,0.0
2018-10-05 00:00:00,8.066946001393076,8.07511524760992,7.899480349258752,8.001593589782715,467500,0.0,0.0
2018-10-08 00:00:00,8.066945666132533,8.254833646938184,8.038354084624036,8.226242065429688,411300,0.0,0.0
2018-10-09 00:00:00,8.226241147140906,8.312016661153514,8.193564946341361,8.222156524658203,459600,0.0,0.0
2018-10-10 00:00:00,8.196607102801417,8.291389987324976,8.105946067618513,8.114188194274902,605800,0.178,0.0
2018-10-11 00:00:00,8.114187235812972,8.208969323128246,7.8339612506961895,7.838082313537598,541700,0.0,0.0
2018-10-12 00:00:00,7.895777290024271,8.007043652220746,7.706213075330306,7.726817607879639,523800,0.0,0.0
2018-10-15 00:00:00,7.735059340268095,7.813357188766846,7.702091618265334,7.755663871765137,409700,0.0,0.0
2018-10-16 00:00:00,7.772146698678,8.08121933045772,7.726815794493024,8.02352523803711,523100,0.0,0.0
2018-10-17 00:00:00,8.048254964017996,8.077101629227485,7.953472053456232,8.031770706176758,488900,0.0,0.0
2018-10-18 00:00:00,8.023525071724107,8.167759120767405,7.969952829171511,7.982316017150879,267400,0.0,0.0
2018-10-19 00:00:00,7.978197180954737,8.114189142629531,7.974076117144889,8.097704887390137,321500,0.0,0.0
2018-10-22 00:00:00,8.114188890481348,8.180124337364878,7.974075869350713,7.986438274383545,303400,0.0,0.0
2018-10-23 00:00:00,7.98643922894182,8.14715758769083,7.928745902526218,8.101826667785645,320400,0.0,0.0
2018-10-24 00:00:00,8.105946163255284,8.287269021772865,8.060615252122773,8.233695983886719,507100,0.0,0.0
2018-10-25 00:00:00,8.22133346908271,8.538647484700801,8.204849215797376,8.48095417022705,669100,0.0,0.0
2018-10-26 00:00:00,8.45622722607277,8.513920531334406,8.188364441056455,8.241936683654785,552300,0.0,0.0
2018-10-29 00:00:00,8.29139238888419,8.46859344724718,8.27243533488119,8.410900115966797,335200,0.0,0.0
2018-10-30 00:00:00,8.398535185585908,8.55513246098079,8.33218786833408,8.485075950622559,441400,0.0,0.0
2018-10-31 00:00:00,8.509798775756078,8.509798775756078,8.274903725160348,8.34496021270752,600000,0.0,0.0
2018-11-01 00:00:00,8.386170444904273,8.47683146234743,8.254299588255208,8.324356079101562,451100,0.0,0.0
2018-11-02 00:00:00,8.365567917594024,8.365567917594024,8.199905550728761,8.262543678283691,518200,0.0,0.0
2018-11-05 00:00:00,8.262540293397894,8.406774326547025,8.262540293397894,8.332596778869629,428500,0.0,0.0
2018-11-06 00:00:00,8.34908453324793,8.406777856326558,8.295511488092714,8.39853572845459,233000,0.0,0.0
2018-11-07 00:00:00,8.44798696514021,8.835358294844774,8.427382433288773,8.794148445129395,634000,0.0,0.0
2018-11-08 00:00:00,8.740575091863134,8.851841446308592,8.670519371670599,8.843599319458008,317600,0.0,0.0
2018-11-09 00:00:00,8.84276969787143,8.871857628335658,8.713950587834622,8.801215171813965,427300,0.178,0.0
2018-11-12 00:00:00,8.834456815799143,8.930031651249053,8.792902298294596,8.830301284790039,468400,0.0,0.0
2018-11-13 00:00:00,8.842768551547703,8.888477810957443,8.713949458210234,8.743038177490234,286700,0.0,0.0
2018-11-14 00:00:00,8.784592745851171,8.925877654093618,8.734727950345974,8.763815879821777,286900,0.0,0.0
2018-11-15 00:00:00,8.722259996901112,8.896788339164116,8.630840690986782,8.880167007446289,438300,0.0,0.0
2018-11-16 00:00:00,8.863544703420594,8.959119538473091,8.80536885470803,8.942498207092285,560100,0.0,0.0
2018-11-19 00:00:00,8.963275422730531,9.100404780519405,8.905099571725108,8.988207817077637,455000,0.0,0.0
2018-11-20 00:00:00,8.93834267610046,9.025606449169306,8.913410282736002,8.942498207092285,454000,0.0,0.0
2018-11-21 00:00:00,8.934188190375831,9.092094423607167,8.8718568033789,8.971587181091309,242400,0.0,0.0
2018-11-23 00:00:00,8.959120445751042,9.10871640626015,8.888477996909137,9.054696083068848,155400,0.0,0.0
2018-11-26 00:00:00,9.079627449220078,9.1128709041645,8.74303736883449,8.780435562133789,744200,0.0,0.0
2018-11-27 00:00:00,8.871857614984785,9.008986995957397,8.846925216422491,8.921722412109375,1036900,0.0,0.0
2018-11-28 00:00:00,8.402291949864543,8.427225138435471,8.315028167626025,8.364892959594727,6731000,0.0,0.0
2018-11-29 00:00:00,8.377359553880192,8.435535408705869,8.32749476191149,8.364892959594727,1432500,0.0,0.0
2018-11-30 00:00:00,8.37320369585724,8.406447153401917,8.33164917577976,8.389825820922852,1357700,0.0,0.0
2018-12-03 00:00:00,8.39398247121466,8.418914869550337,8.331650286495485,8.377360343933105,1028100,0.0,0.0
2018-12-04 00:00:00,8.3773591504243,8.448001596133283,8.161276282068995,8.177898406982422,1024900,0.0,0.0
2018-12-06 00:00:00,8.173742069159598,8.399381923745832,8.086477507148558,8.3981351852417,1372200,0.0,0.0
2018-12-07 00:00:00,8.398137404858812,8.427226128274913,8.265163553874752,8.31502914428711,714500,0.0,0.0
2018-12-10 00:00:00,8.323341950395672,8.369051225872823,8.115570066594763,8.256855010986328,833800,0.0,0.0
2018-12-11 00:00:00,8.265162748140511,8.34827179319695,8.231919288635254,8.231919288635254,582700,0.0,0.0
2018-12-12 00:00:00,8.310751937873366,8.356876448454727,8.147220745482047,8.159799575805664,641500,0.178,0.0
2018-12-13 00:00:00,8.151412010192871,8.27720508204695,8.151412010192871,8.151412010192871,413900,0.0,0.0
2018-12-14 00:00:00,8.159796086844738,8.247851860324406,8.10109277104009,8.126251220703125,406300,0.0,0.0
2018-12-17 00:00:00,8.11367334463517,8.214307954829017,7.736293356465049,7.744678974151611,935600,0.0,0.0
2018-12-18 00:00:00,7.778224761562388,7.954335550114924,7.774032352111058,7.866280555725098,444100,0.0,0.0
2018-12-19 00:00:00,7.8662810865251975,7.962722505871113,7.7614532481649565,7.765646457672119,476500,0.0,0.0
2018-12-20 00:00:00,7.782419922051093,7.853702897189532,7.542154491695492,7.585343837738037,589100,0.0,0.0
2018-12-21 00:00:00,7.597920473354425,7.685975455109491,7.325367511298609,7.375685214996338,1680500,0.0,0.0
2018-12-24 00:00:00,7.367299445950073,7.407134531482652,7.140871758820372,7.157643795013428,354200,0.0,0.0
2018-12-26 00:00:00,7.170222114940895,7.472125909337941,7.107325591079764,7.46793270111084,601100,0.0,0.0
2018-12-27 00:00:00,7.430198536727987,7.459551009763431,7.195384350856223,7.417619705200195,477700,0.0,0.0
2018-12-28 00:00:00,7.472126613996487,7.518251109071675,7.3211743026760665,7.375685214996338,654000,0.0,0.0
2018-12-31 00:00:00,7.4092298988824465,7.421809524435426,7.220539514451492,7.3882646560668945,483700,0.0,0.0
2019-01-02 00:00:00,7.388264656066895,7.446967975768637,7.224732722969152,7.3882646560668945,424800,0.0,0.0
2019-01-03 00:00:00,7.3673024302421775,7.593731008864723,7.3673024302421775,7.493096351623535,478700,0.0,0.0
2019-01-04 00:00:00,7.564376683466629,7.789546340238685,7.514058972589339,7.715328216552734,622800,0.0,0.0
2019-01-07 00:00:00,7.769839937657348,8.058745124733422,7.7572603086979495,7.983688831329346,685800,0.0,0.0
2019-01-08 00:00:00,8.04658315172245,8.23107952680978,8.04658315172245,8.201727867126465,703700,0.0,0.0
2019-01-09 00:00:00,8.231082862223893,8.298173425537266,8.09690333514328,8.277207374572754,347800,0.0,0.0
2019-01-10 00:00:00,8.218501945289054,8.356874647438975,8.189150281162231,8.268818855285645,536600,0.0,0.0
2019-01-11 00:00:00,8.301821612725327,8.352596825957367,8.251045592435823,8.306052207946777,407200,0.178,0.0
2019-01-14 00:00:00,8.29336121553101,8.297592619038198,8.196041356038762,8.229891777038574,355000,0.0,0.0
2019-01-15 00:00:00,8.276432190888755,8.342863503754947,8.234118980311306,8.2891263961792,359500,0.0,0.0
2019-01-16 00:00:00,8.301824939571842,8.521852296846179,8.293362131622656,8.47953987121582,388600,0.0,0.0
2019-01-17 00:00:00,8.44991834824376,8.644558856739007,8.445686945118036,8.640327453613281,504000,0.0,0.0
2019-01-18 00:00:00,8.6403276564676,8.682640881660644,8.49646317504584,8.551469802856445,512100,0.0,0.0
2019-01-22 00:00:00,8.555703290840855,8.567550899934885,8.386451155884833,8.44568920135498,351600,0.0,0.0
2019-01-23 00:00:00,8.445686841997173,8.504925677976404,8.394911619223675,8.500694274902344,304600,0.0,0.0
2019-01-24 00:00:00,8.50915597036742,8.53031217591863,8.449917142120512,8.475305557250977,404400,0.0,0.0
2019-01-25 00:00:00,8.50492567516085,8.518042782568811,8.356829795848219,8.382217407226562,2107600,0.0,0.0
2019-01-28 00:00:00,8.373755408138859,8.551469494844877,8.369524005066198,8.382217407226562,4495400,0.0,0.0
2019-01-29 00:00:00,8.399143824648906,8.509157893911029,8.348367789967275,8.356830596923828,2410900,0.0,0.0
2019-01-30 00:00:00,8.377987027084973,8.424531659509599,8.098720846652656,8.124109268188477,5145700,0.0,0.0
2019-01-31 00:00:00,8.136803165640007,8.234123032926217,7.967551047086216,8.204504013061523,1962500,0.0,0.0
2019-02-01 00:00:00,8.204500126759678,8.306051349789241,8.136799311406635,8.301820755004883,1045200,0.0,0.0
2019-02-04 00:00:00,8.297592758398217,8.373756408691406,8.280667144085193,8.373756408691406,912700,0.0,0.0
2019-02-05 00:00:00,8.386451430884748,8.399145644069394,8.263743931664623,8.348369598388672,615200,0.0,0.0
2019-02-06 00:00:00,8.348367187973555,8.377986203128,8.28066635131836,8.28066635131836,826800,0.0,0.0
2019-02-07 00:00:00,8.25846199069639,8.395106525127101,8.22857110059788,8.356675148010254,573100,0.178,0.0
2019-02-08 00:00:00,8.339595819389405,8.395107361608378,8.296894194508637,8.32678508758545,347600,0.0,0.0
2019-02-11 00:00:00,8.32678369753183,8.35240434239694,8.262731678136246,8.292622566223145,461400,0.0,0.0
2019-02-12 00:00:00,8.288351912717914,8.292622155728319,8.08765537802231,8.091925621032715,646300,0.0,0.0
2019-02-13 00:00:00,8.083386852017709,8.14743888184804,8.019334822187378,8.117547988891602,674100,0.0,0.0
2019-02-14 00:00:00,8.121818232809057,8.151709125765494,8.053495959061271,8.117547988891602,407100,0.0,0.0
2019-02-15 00:00:00,8.155979826113022,8.185870720742232,8.09192779269817,8.138898849487305,1087200,0.0,0.0
2019-02-19 00:00:00,8.177326103206761,8.326781315349704,8.155975707671505,8.271269798278809,1282000,0.0,0.0
2019-02-20 00:00:00,8.267002454566468,8.39510650162014,8.253337349589124,8.369485855102539,601500,0.0,0.0
2019-02-21 00:00:00,8.3566719382381,8.395103300593577,8.301160422872053,8.378023147583008,419700,0.0,0.0
2019-02-22 00:00:00,8.369486929025742,8.450619936951933,8.365216684980597,8.399377822875977,690300,0.0,0.0
2019-02-25 00:00:00,8.412184286688126,8.454885076541736,8.356671956733857,8.365212440490723,573000,0.0,0.0
2019-02-26 00:00:00,8.39510465897432,8.424995542428368,8.275540310692644,8.301161766052246,507800,0.0,0.0
2019-02-27 00:00:00,8.26273400383555,8.26273400383555,7.6862640380859375,7.6862640380859375,1613200,0.0,0.0
2019-02-28 00:00:00,7.767394724355308,7.780204639319926,7.588048584660243,7.617939472198486,1194100,0.0,0.0
2019-03-01 00:00:00,7.6350211382708055,7.686263251646718,7.5666988634134285,7.681993007659912,757900,0.0,0.0
2019-03-04 00:00:00,7.805825383921175,7.839986511476968,7.709320178214423,7.822905540466309,870100,0.0,0.0
2019-03-05 00:00:00,7.814366858407622,7.891229616763387,7.754585075004566,7.771666049957275,984900,0.0,0.0
2019-03-06 00:00:00,7.835717764522363,7.8566413878787635,7.746044278529247,7.767395496368408,700200,0.0,0.0
2019-03-07 00:00:00,7.792406374325976,7.839842426996679,7.740658700971062,7.744970321655273,544800,0.178,0.0
2019-03-08 00:00:00,7.757906824395714,7.813967757488612,7.602662175848427,7.68028450012207,603900,0.0,0.0
2019-03-11 00:00:00,7.684599198394326,7.857092846012545,7.684599198394326,7.848468780517578,688000,0.0,0.0
2019-03-12 00:00:00,7.8657177406403695,7.943340087762528,7.852780408615146,7.930402755737305,643900,0.0,0.0
2019-03-13 00:00:00,7.930400746791309,8.05977156672728,7.930400746791309,7.960587024688721,698200,0.0,0.0
2019-03-14 00:00:00,7.986462033479223,8.025704196471974,7.887278309592326,7.908839702606201,527300,0.0,0.0
2019-03-15 00:00:00,7.960589003308306,8.038211350060193,7.90884132048344,7.964901447296143,2894500,0.0,0.0
2019-03-18 00:00:00,7.97783688504752,8.07270816271047,7.865715835528908,7.92177677154541,743100,0.0,0.0
2019-03-19 00:00:00,7.917464670864743,7.986462116241455,7.874341061875691,7.986462116241455,494800,0.0,0.0
2019-03-20 00:00:00,7.986459398969223,8.107204476039565,7.917461977067842,8.038207054138184,527300,0.0,0.0
2019-03-21 00:00:00,8.038208857255205,8.240889549255371,8.038208857255205,8.240889549255371,718300,0.0,0.0
2019-03-22 00:00:00,8.215015677463962,8.271076614756604,8.068395903410856,8.08564567565918,646400,0.0,0.0
2019-03-25 00:00:00,8.077021522311476,8.085646409218118,7.9476515087697805,7.999399185180664,739400,0.0,0.0
2019-03-26 00:00:00,8.008021036727726,8.150328326689243,8.008021036727726,8.124454498291016,457700,0.0,0.0
2019-03-27 00:00:00,8.150331712138696,8.171893930188785,8.072709372187406,8.16326904296875,780300,0.0,0.0
2019-03-28 00:00:00,8.167581560962628,8.314201354980469,8.163269117313336,8.314201354980469,527600,0.0,0.0
2019-03-29 00:00:00,8.318513503489603,8.318513503489603,8.102896263762213,8.150331497192383,889300,0.0,0.0
2019-04-01 00:00:00,8.171893930188785,8.171893930188785,8.02958658111626,8.16326904296875,550100,0.0,0.0
2019-04-02 00:00:00,8.16757888353655,8.271075029648767,8.094269010559445,8.258137702941895,555900,0.0,0.0
2019-04-03 00:00:00,8.266764923342238,8.30988853536961,8.206392360012611,8.210704803466797,587100,0.0,0.0
2019-04-04 00:00:00,8.215015919654581,8.240890578789891,8.085645914035783,8.180517196655273,592900,0.0,0.0
2019-04-05 00:00:00,8.19345271443604,8.284011533841385,8.16757888353655,8.258137702941895,495700,0.0,0.0
2019-04-08 00:00:00,8.253826792855746,8.277544818297304,8.193454235378617,8.22795295715332,495400,0.0,0.0
2019-04-09 00:00:00,8.240892046191462,8.28832728469047,8.128770970850434,8.137395858764648,800400,0.0,0.0
2019-04-10 00:00:00,8.163269198711502,8.27970271085981,8.154644311326916,8.253828048706055,898400,0.0,0.0
2019-04-11 00:00:00,8.300837826933101,8.309543676907799,8.144135848330746,8.174606323242188,562200,0.178,0.0
2019-04-12 00:00:00,8.161548618521532,8.205077043867446,8.100609321178649,8.18331241607666,318000,0.0,0.0
2019-04-15 00:00:00,8.218133571165204,8.257309064187975,8.183311002948908,8.22248649597168,510500,0.0,0.0
2019-04-16 00:00:00,8.22684009800198,8.248604723826,8.070138943246956,8.113666534423828,560100,0.0,0.0
2019-04-17 00:00:00,8.122371585267455,8.131077434740146,7.917789104072249,7.922142028808594,694000,0.0,0.0
2019-04-18 00:00:00,7.930845422691424,8.039666028091755,7.887317844719556,7.991785526275635,477200,0.0,0.0
2019-04-22 00:00:00,7.991788139527177,8.009199010362074,7.869908722740481,7.961318492889404,553400,0.0,0.0
2019-04-23 00:00:00,7.965669592712996,8.1702529035533,7.948258724053364,8.135430335998535,551900,0.0,0.0
2019-04-24 00:00:00,8.161546008959066,8.231191135150018,8.122370521697231,8.192015647888184,480800,0.0,0.0
2019-04-25 00:00:00,8.192016256015773,8.226838821696274,8.083195634484776,8.218132972717285,387000,0.0,0.0
2019-04-26 00:00:00,8.244252695249948,8.326955791668697,8.222488067058956,8.305191993713379,453300,0.0,0.0
2019-04-29 00:00:00,8.305190546476924,8.340013115278765,8.261662127915738,8.26601505279541,469100,0.0,0.0
2019-04-30 00:00:00,8.270369773594613,8.370484576860504,8.226841345581184,8.3008394241333,629100,0.0,0.0
2019-05-01 00:00:00,8.331307265519422,8.392247383599294,8.222486634234224,8.26601505279541,1076700,0.0,0.0
2019-05-02 00:00:00,8.266017315179827,8.344368323987293,8.183313380301307,8.239900588989258,467200,0.0,0.0
2019-05-03 00:00:00,8.257309476390972,8.357425091466643,8.257309476390972,8.353072166442871,599400,0.0,0.0
2019-05-06 00:00:00,8.266015461132202,8.422717443599254,8.266015461132202,8.396600723266602,576900,0.0,0.0
2019-05-07 00:00:00,8.38354189438107,8.414011539613613,8.209429042883992,8.261662483215332,635200,0.0,0.0
2019-05-08 00:00:00,8.270368440221725,8.361777377100573,8.222487094102952,8.226840019226074,612900,0.0,0.0
2019-05-09 00:00:00,8.096257098643502,8.209430682275825,8.0266119441368,8.152843475341797,727200,0.0,0.0
2019-05-10 00:00:00,8.152841529312738,8.414011211491268,8.152841529312738,8.344366073608398,864200,0.0,0.0
2019-05-13 00:00:00,8.313896429564084,8.374835717652712,8.235545441886972,8.344366073608398,613400,0.0,0.0
2019-05-14 00:00:00,8.326953473515808,8.448832866748159,8.29430778567111,8.444479942321777,703400,0.0,0.0
2019-05-15 00:00:00,8.405305186740636,8.55330130922008,8.405305186740636,8.492362022399902,703000,0.0,0.0
2019-05-16 00:00:00,8.483658321213676,8.588126052319204,8.464070569741656,8.522833824157715,515800,0.0,0.0
2019-05-17 00:00:00,8.488007754124949,8.540242013300057,8.422715552832603,8.440126419067383,1325600,0.0,0.0
2019-05-20 00:00:00,8.392249205985072,8.42271885652376,8.257310996119871,8.3008394241333,446600,0.0,0.0
2019-05-21 00:00:00,8.313897959790353,8.370484333396945,8.270369533042988,8.292133331298828,533700,0.0,0.0
2019-05-22 00:00:00,8.300837752654083,8.31824945244767,8.248604313744401,8.287779808044434,404400,0.0,0.0
2019-05-23 00:00:00,8.26166162348675,8.266014548100648,8.16589977268746,8.20507526397705,502500,0.0,0.0
2019-05-24 00:00:00,8.218132607671798,8.272542916020416,8.165899176588958,8.200721740722656,386600,0.0,0.0
2019-05-28 00:00:00,8.205077397891882,8.248605825115916,8.0875508934577,8.157196044921875,1222200,0.0,0.0
2019-05-29 00:00:00,8.157196254350334,8.178960883638984,7.978730445361975,8.009200096130371,467500,0.0,0.0
2019-05-30 00:00:00,8.02661013855562,8.0788435775679,8.00919843872783,8.039668083190918,515900,0.0,0.0
2019-05-31 00:00:00,8.009197833733678,8.091901741197349,7.9526114740388385,8.013550758361816,476800,0.0,0.0
2019-06-03 00:00:00,8.035314306761677,8.074489796987377,7.961317081041414,8.004844665527344,469800,0.0,0.0
2019-06-04 00:00:00,8.03531515823397,8.048373933104813,7.862508271644437,8.039668083190918,471300,0.0,0.0
2019-06-05 00:00:00,8.061431243838996,8.196368572054542,8.00658506353119,8.192015647888184,381000,0.0,0.0
2019-06-06 00:00:00,8.187662967834237,8.235544304856356,8.139782461047536,8.200721740722656,311400,0.0,0.0
2019-06-07 00:00:00,8.248603820800781,8.287779312759652,8.218133347982944,8.248603820800781,373300,0.0,0.0
2019-06-10 00:00:00,8.270367614006602,8.279073463383128,8.196369554777123,8.248603820800781,364700,0.0,0.0
2019-06-11 00:00:00,8.25295808387319,8.357426643371582,8.226841359116447,8.357426643371582,499800,0.0,0.0
2019-06-12 00:00:00,8.361775445422415,8.479301905889868,8.350893550246255,8.440126419067383,639300,0.0,0.0
2019-06-13 00:00:00,8.448832999591506,8.474949716324993,8.409657509373549,8.4662446975708,380400,0.0,0.0
2019-06-14 00:00:00,8.466244253454931,8.595522700204233,8.464067376203985,8.527183532714844,501300,0.0,0.0
2019-06-17 00:00:00,8.527186525692759,8.59247875213623,8.459282377725552,8.59247875213623,396400,0.0,0.0
2019-06-18 00:00:00,8.640358333814774,8.731767266043844,8.575066120760361,8.657769203186035,513800,0.0,0.0
2019-06-19 00:00:00,8.627301237009664,8.775297391508648,8.592478661259063,8.727416038513184,465300,0.0,0.0
2019-06-20 00:00:00,8.727413664901524,8.799235674861148,8.710437840265138,8.74482536315918,451500,0.0,0.0
2019-06-21 00:00:00,8.688238953046156,8.705650652864946,8.544595750483307,8.622946739196777,907500,0.0,0.0
2019-06-24 00:00:00,8.66647486348292,8.688238657279978,8.483656172786873,8.492362022399902,529900,0.0,0.0
2019-06-25 00:00:00,8.514127350812858,8.544596999714903,8.418365478515625,8.418365478515625,477800,0.0,0.0
2019-06-26 00:00:00,8.435773137035364,8.440126060968218,8.231190693603304,8.252954483032227,515000,0.0,0.0
2019-06-27 00:00:00,8.27036884852818,8.400953287726484,8.27036884852818,8.379189491271973,484100,0.0,0.0
2019-06-28 00:00:00,8.379186384603322,8.588121741949944,8.379186384603322,8.540241241455078,2022000,0.0,0.0
2019-07-01 00:00:00,8.58377290054758,8.60118460372488,8.444482596071987,8.59247875213623,850300,0.0,0.0
2019-07-02 00:00:00,8.592477716953454,8.727415079378078,8.592477716953454,8.70565128326416,685100,0.0,0.0
2019-07-03 00:00:00,8.736121423706567,8.81882534803819,8.710004700846557,8.76659107208252,372200,0.0,0.0
2019-07-05 00:00:00,8.723064309383473,8.775297760085419,8.649066229025943,8.75788688659668,638000,0.0,0.0
2019-07-08 00:00:00,8.757886533453593,8.812731903549832,8.710005180377749,8.784003257751465,840100,0.0,0.0
2019-07-09 00:00:00,8.784000995348453,8.814470637554173,8.753531353142733,8.78835391998291,735500,0.0,0.0
2019-07-10 00:00:00,8.879111119513201,8.879111119513201,8.744985066374925,8.762868881225586,720700,0.533,0.0
2019-07-11 00:00:00,8.807579822636766,8.820991834464499,8.476735985095258,8.512503623962402,822000,0.0,0.0
2019-07-12 00:00:00,8.521444755544119,8.648863985507917,8.519209704469075,8.539328575134277,626100,0.0,0.0
2019-07-15 00:00:00,8.575094458820885,8.592977423780956,8.356022808389003,8.445439338684082,732700,0.0,0.0
2019-07-16 00:00:00,8.449909343150832,8.566151586938815,8.433367751653202,8.508030891418457,499600,0.0,0.0
2019-07-17 00:00:00,8.52144416791088,8.543798940857009,8.394024946733829,8.467794418334961,422300,0.0,0.0
2019-07-18 00:00:00,8.494619804528831,8.525915635790135,8.38731944616974,8.512503623962402,378200,0.0,0.0
2019-07-19 00:00:00,8.494620130873932,8.597449538325115,8.409673690795898,8.409673690795898,650900,0.0,0.0
2019-07-22 00:00:00,8.44991097503852,8.485677760592488,8.324727651973351,8.33366870880127,310700,0.0,0.0
2019-07-23 00:00:00,8.3426113313008,8.521445274353027,8.333669420961312,8.521445274353027,373300,0.0,0.0
2019-07-24 00:00:00,8.534857694498521,8.579566391115478,8.472266030883262,8.566153526306152,327900,0.0,0.0
2019-07-25 00:00:00,8.561681515088233,8.637686034135903,8.503560813579947,8.628744125366211,402200,0.0,0.0
2019-07-26 00:00:00,8.651099463981897,8.691337203333934,8.604155718986991,8.642157554626465,369900,0.0,0.0
2019-07-29 00:00:00,8.686866324665687,8.762870849357078,8.645734052919238,8.66898250579834,389500,0.0,0.0
2019-07-30 00:00:00,8.660039631150045,8.7740459678806,8.660039631150045,8.758398056030273,335400,0.0,0.0
2019-07-31 00:00:00,8.758399060627719,8.825908509104353,8.63768585301021,8.727103233337402,677100,0.0,0.0
2019-08-01 00:00:00,8.749455754342314,8.90146476496709,8.70564160313507,8.861227035522461,789900,0.0,0.0
2019-08-02 00:00:00,8.82993283296538,8.852286752203057,8.68686570325058,8.749457359313965,460000,0.0,0.0
2019-08-05 00:00:00,8.718160249483978,8.718160249483978,8.423084124644298,8.579564094543457,759800,0.0,0.0
2019-08-06 00:00:00,8.610862933082515,8.79416783685693,8.610862933082515,8.75393009185791,636600,0.0,0.0
2019-08-07 00:00:00,8.700276836268895,9.080299394215546,8.619802223480725,8.990882873535156,1463200,0.0,0.0
2019-08-08 00:00:00,8.941705009339135,8.941705009339135,8.788354584235522,8.93276309967041,418600,0.0,0.0
2019-08-09 00:00:00,8.90593471743822,8.919347576661105,8.807576308045036,8.892521858215332,486800,0.0,0.0
2019-08-12 00:00:00,8.888054635223513,8.888054635223513,8.744987487792969,8.744987487792969,282000,0.0,0.0
2019-08-13 00:00:00,8.753927102252003,8.809812745359523,8.682393547294156,8.758398056030273,527300,0.0,0.0
2019-08-14 00:00:00,8.7047488239654,8.729338647215586,8.57509455511993,8.655570030212402,422500,0.0,0.0
2019-08-15 00:00:00,8.668979957413624,8.75392636656734,8.63768413634309,8.69133472442627,388700,0.0,0.0
2019-08-16 00:00:00,8.713690219553053,8.852286389187274,8.695807255445729,8.820990562438965,287000,0.0,0.0
2019-08-19 00:00:00,8.861229822524418,8.883584597439711,8.807580068222654,8.834404945373535,266700,0.0,0.0
2019-08-20 00:00:00,8.834405581855952,8.852288550329112,8.749459136552737,8.75393009185791,275000,0.0,0.0
2019-08-21 00:00:00,8.767341619330201,8.776282675828051,8.662276317566995,8.70474910736084,321700,0.0,0.0
2019-08-22 00:00:00,8.704748925437237,8.789695355997,8.633215358465028,8.74051570892334,262600,0.0,0.0
2019-08-23 00:00:00,8.704746941424004,8.762868484308791,8.539325925284318,8.56167984008789,441400,0.0,0.0
2019-08-26 00:00:00,8.61085999949732,8.646626777005988,8.557209406860698,8.606389045715332,235200,0.0,0.0
2019-08-27 00:00:00,8.63321646374392,8.704750039874309,8.516974189345168,8.52591609954834,392500,0.0,0.0
2019-08-28 00:00:00,8.530387430134772,8.604156913436833,8.494620640495219,8.575096130371094,308000,0.0,0.0
2019-08-29 00:00:00,8.592977520280828,8.6734529953733,8.58850656580376,8.655570030212402,227700,0.0,0.0
2019-08-30 00:00:00,8.655571620246969,8.66451267809621,8.570625175072708,8.575096130371094,203500,0.0,0.0
2019-09-03 00:00:00,8.579565561551174,8.664511138887734,8.561681743534606,8.624274253845215,344100,0.0,0.0
2019-09-04 00:00:00,8.637687366938305,8.70922094263882,8.62874545678887,8.677925109863281,178000,0.0,0.0
2019-09-05 00:00:00,8.67792402686753,8.753928548157479,8.60191950557758,8.682394981384277,293300,0.0,0.0
2019-09-06 00:00:00,8.6958056778288,8.744984459762282,8.664509004011096,8.69133472442627,245100,0.0,0.0
2019-09-09 00:00:00,8.691337090727899,8.796401539677067,8.633215533418026,8.767341613769531,543500,0.0,0.0
2019-09-10 00:00:00,8.79863966780437,8.847819328308105,8.736047992797882,8.847819328308105,357300,0.0,0.0
2019-09-11 00:00:00,8.847818504772452,8.896997307951116,8.718163358329756,8.843347549438477,1345800,0.0,0.0
2019-09-12 00:00:00,8.865699251828259,8.874641160255582,8.794165689904318,8.820990562438965,725300,0.0,0.0
2019-09-13 00:00:00,8.807577390035169,8.941702587752573,8.78522262191746,8.798635482788086,1512000,0.0,0.0
2019-09-16 00:00:00,8.807576904070018,8.888051506611882,8.7807511838089,8.812047004699707,949400,0.0,0.0
2019-09-17 00:00:00,8.812047004699707,8.856755685721074,8.718159542027282,8.812047004699707,1877600,0.0,0.0
2019-09-18 00:00:00,8.87464050809967,8.89699442477797,8.731573394765123,8.780752182006836,589300,0.0,0.0
2019-09-19 00:00:00,8.80757954377803,8.852287385451563,8.66898250579834,8.66898250579834,2577900,0.0,0.0
2019-09-20 00:00:00,8.67345302009056,8.829933016244366,8.67345302009056,8.713690757751465,1455900,0.0,0.0
2019-09-23 00:00:00,8.722633361816406,8.776283114474579,8.715927355920995,8.722633361816406,799700,0.0,0.0
2019-09-24 00:00:00,8.744985728172217,8.785223461884064,8.624273379783974,8.651098251342773,685100,0.0,0.0
2019-09-25 00:00:00,8.655570440768987,8.718162100922074,8.606390791935894,8.700278282165527,465600,0.0,0.0
2019-09-26 00:00:00,8.695806026222467,8.816518361938364,8.695806026222467,8.771810531616211,469300,0.0,0.0
2019-09-27 00:00:00,8.76287079506603,8.798637579831711,8.668982452088983,8.700278282165527,443500,0.0,0.0
2019-09-30 00:00:00,8.700277765252768,8.780753239381085,8.686865754729624,8.718161582946777,445000,0.0,0.0
2019-10-01 00:00:00,8.718159450991758,8.762868131546274,8.606388175979042,8.63321304321289,410500,0.0,0.0
2019-10-02 00:00:00,8.624274253845215,8.682394956904302,8.543798778265417,8.624274253845215,372900,0.0,0.0
2019-10-03 00:00:00,8.60639134240333,8.722633613513537,8.516973948396256,8.592978477478027,832400,0.0,0.0
2019-10-04 00:00:00,8.619803323644572,8.69580784493452,8.592977596544085,8.682394981384277,475800,0.0,0.0
2019-10-07 00:00:00,8.673454601859868,8.758401047163082,8.633216856860846,8.75393009185791,730500,0.0,0.0
2019-10-08 00:00:00,8.758399060627719,8.767340969209906,8.677923588882711,8.727103233337402,436300,0.0,0.0
2019-10-09 00:00:00,8.727103543883919,8.794166155142012,8.668981988778835,8.68686580657959,492600,0.0,0.0
2019-10-10 00:00:00,8.734215878409106,8.79397591704845,8.646873474121094,8.646873474121094,630800,0.533,0.0
2019-10-11 00:00:00,8.688244803579858,8.789378375068457,8.660663318991869,8.725020408630371,583200,0.0,0.0
2019-10-14 00:00:00,8.770987608586223,8.789375844216481,8.683645242941159,8.720420837402344,357500,0.0,0.0
2019-10-15 00:00:00,8.734214748742653,8.830750385628102,8.734214748742653,8.80776596069336,571500,0.0,0.0
2019-10-16 00:00:00,8.807763968380696,8.830748388116373,8.757197192802916,8.78477954864502,387800,0.0,0.0
2019-10-17 00:00:00,8.803166637685477,8.85373341170436,8.789376336988969,8.849136352539062,446600,0.0,0.0
2019-10-18 00:00:00,8.849137801156994,8.904301643371582,8.81695925853162,8.904301643371582,343400,0.0,0.0
2019-10-21 00:00:00,8.885914086041806,8.959465296776173,8.849138480674622,8.931883811950684,461000,0.0,0.0
2019-10-22 00:00:00,8.918090221905004,8.935099252632169,8.830747853953746,8.876717567443848,329600,0.0,0.0
2019-10-23 00:00:00,8.918092296760879,8.918092296760879,8.83304887693783,8.899704933166504,324600,0.0,0.0
2019-10-24 00:00:00,8.899704933166504,8.950270840650704,8.84454108878426,8.899704933166504,293500,0.0,0.0
2019-10-25 00:00:00,8.899705984475853,8.908899228959244,8.839945072935656,8.88591480255127,342400,0.0,0.0
2019-10-28 00:00:00,8.895108904550817,8.950271878530236,8.890511843919255,8.922690391540527,282600,0.0,0.0
2019-10-29 00:00:00,8.922687794574859,8.964060451417662,8.874419987191391,8.895106315612793,525400,0.0,0.0
2019-10-30 00:00:00,8.90430076395541,9.000836382297376,8.899703704491586,8.96406078338623,352700,0.0,0.0
2019-10-31 00:00:00,8.964063391927843,9.00773415434319,8.927287782314998,8.954869270324707,411100,0.0,0.0
2019-11-01 00:00:00,8.954868220152585,8.977853521464846,8.899705250602342,8.968659400939941,515900,0.0,0.0
2019-11-04 00:00:00,8.987046495595628,9.010031796218374,8.927286467575621,8.996240615844727,472500,0.0,0.0
2019-11-05 00:00:00,8.996241982520027,9.005436104165863,8.867527786677138,8.881318092346191,423900,0.0,0.0
2019-11-06 00:00:00,8.881318092346191,8.91809370212983,8.803169811955994,8.881318092346191,487600,0.0,0.0
2019-11-07 00:00:00,8.881316900860487,8.93188368632902,8.826153931985342,8.835347175598145,651400,0.0,0.0
2019-11-08 00:00:00,8.867523361304432,9.097371026945718,8.849135127189482,9.06059455871582,760400,0.0,0.0
2019-11-11 00:00:00,9.023822048627322,9.051404409218225,8.807765484795949,8.899704933166504,506900,0.0,0.0
2019-11-12 00:00:00,8.853735208981227,8.950270840650704,8.821556665091402,8.899704933166504,418500,0.0,0.0
2019-11-13 00:00:00,8.862929489693322,8.95946512311114,8.826153885038975,8.945673942565918,536300,0.0,0.0
2019-11-14 00:00:00,8.959461901481388,9.074385734302032,8.941074544165701,9.06059455871582,503000,0.0,0.0
2019-11-15 00:00:00,9.056002772282087,9.124956930081252,8.966361402663514,9.101971626281738,643100,0.0,0.0
2019-11-18 00:00:00,9.124956930081252,9.161732539360786,9.09277838156162,9.101971626281738,639300,0.0,0.0
2019-11-19 00:00:00,9.1157611393794,9.193909404388684,9.101969959624988,9.147939682006836,614400,0.0,0.0
2019-11-20 00:00:00,9.14334472591042,9.193911519845484,9.074390564871527,9.097375869750977,743700,0.0,0.0
2019-11-21 00:00:00,9.092778907513045,9.152538947249091,9.046809174054689,9.083584785461426,517100,0.0,0.0
2019-11-22 00:00:00,9.120360396868163,9.159434100387935,9.028420929951452,9.083584785461426,1304500,0.0,0.0
2019-11-25 00:00:00,9.134149870283697,9.216894322861563,9.1065675092915,9.203104019165039,562400,0.0,0.0
2019-11-26 00:00:00,9.207701128444262,9.334117214867623,9.198507008064489,9.299639701843262,770300,0.0,0.0
2019-11-27 00:00:00,9.285848912075853,9.446741626303286,9.285848912075853,9.428354263305664,440900,0.0,0.0
2019-11-29 00:00:00,9.423759582579686,9.478923439098873,9.354805419530518,9.37319278717041,319500,0.0,0.0
2019-12-02 00:00:00,9.359401821449865,9.414564797284124,9.290446786457503,9.30883502960205,778000,0.0,0.0
2019-12-03 00:00:00,9.28124981908784,9.393874694376796,9.25826452437628,9.36859130859375,517200,0.0,0.0
2019-12-04 00:00:00,9.382384919266217,9.469727308228594,9.331818134582804,9.35020637512207,517300,0.0,0.0
2019-12-05 00:00:00,9.33641529083252,9.359400591743226,9.221491416677713,9.33641529083252,621200,0.0,0.0
2019-12-06 00:00:00,9.36399954175034,9.451341072439403,9.354805419530518,9.37319278717041,461600,0.0,0.0
2019-12-09 00:00:00,9.40537034266409,9.469728314591375,9.368594734476927,9.44674301147461,646700,0.0,0.0
2019-12-10 00:00:00,9.446739458439284,9.46742578506416,9.373188269728464,9.419157981872559,550400,0.0,0.0
2019-12-11 00:00:00,9.423757259426331,9.465129922416557,9.267460727418712,9.281251907348633,545700,0.0,0.0
2019-12-12 00:00:00,9.262863111637479,9.341011372952115,9.129551887512207,9.129551887512207,570200,0.0,0.0
2019-12-13 00:00:00,9.134148947213006,9.193908969724443,9.033015387394368,9.129551887512207,528300,0.0,0.0
2019-12-16 00:00:00,9.129552197959642,9.253669306903875,9.129552197959642,9.235281944274902,751600,0.0,0.0
2019-12-17 00:00:00,9.23987943535409,9.285849159271187,9.19850677150866,9.253669738769531,860200,0.0,0.0
2019-12-18 00:00:00,9.262864253539195,9.385603044603082,9.262864253539195,9.322625160217285,799900,0.0,0.0
2019-12-19 00:00:00,9.345604807082761,9.375485245146288,9.313426278460106,9.359395980834961,521500,0.0,0.0
2019-12-20 00:00:00,9.359399564063034,9.398473256121504,9.262863064437111,9.276654243469238,2626400,0.0,0.0
2019-12-23 00:00:00,9.313428737853211,9.331816097579209,9.1525351754537,9.180116653442383,473000,0.0,0.0
2019-12-24 00:00:00,9.17552375793457,9.20310612523882,9.147942267430095,9.17552375793457,246500,0.0,0.0
2019-12-26 00:00:00,9.16632522079431,9.244473462776982,9.138742869412706,9.17092227935791,328000,0.0,0.0
2019-12-27 00:00:00,9.189314043084384,9.235283773963582,9.161732555276739,9.212299346923828,519500,0.0,0.0
2019-12-30 00:00:00,9.203104256200685,9.24907398223877,9.170925711013904,9.24907398223877,342000,0.0,0.0
2019-12-31 00:00:00,9.230685708466192,9.341012524487748,9.21689452766365,9.322625160217285,715600,0.0,0.0
2020-01-02 00:00:00,9.363997667702098,9.373190911282292,9.198507008064489,9.299639701843262,604800,0.0,0.0
2020-01-03 00:00:00,9.285850273655551,9.483518619661774,9.276656152408846,9.44674301147461,690300,0.0,0.0
2020-01-06 00:00:00,9.4237550407669,9.506500347266407,9.409963864083874,9.419157981872559,572700,0.0,0.0
2020-01-07 00:00:00,9.382386909390235,9.432953704799509,9.341014236200781,9.37319278717041,500400,0.0,0.0
2020-01-08 00:00:00,9.377787480663024,9.453637654626984,9.36169820924028,9.428354263305664,664900,0.0,0.0
2020-01-09 00:00:00,9.428354598101713,9.511099926528084,9.419160477876657,9.460533142089844,874200,0.0,0.0
2020-01-10 00:00:00,9.46194763253349,9.499701004978224,9.310934142754558,9.372283935546875,942500,0.533,0.0
2020-01-13 00:00:00,9.414758135311724,9.509141131838952,9.391161711096256,9.490264892578125,534000,0.0,0.0
2020-01-14 00:00:00,9.48554417280657,9.565770202779849,9.457229368142887,9.556331634521484,565000,0.0,0.0
2020-01-15 00:00:00,9.598804977825957,9.645996922380291,9.561051602204783,9.594085693359375,433500,0.0,0.0
2020-01-16 00:00:00,9.60824288145339,9.683749627467407,9.579927176614573,9.617680549621582,466400,0.0,0.0
2020-01-17 00:00:00,9.636557418860988,9.674310790820712,9.589365478883488,9.655433654785156,496700,0.0,0.0
2020-01-21 00:00:00,9.650716169934825,9.6884695454116,9.603524225560989,9.664873123168945,596200,0.0,0.0
2020-01-22 00:00:00,9.679030741752157,9.688469310420288,9.584646855293743,9.63183879852295,352800,0.0,0.0
2020-01-23 00:00:00,9.631838316989612,9.702625778238755,9.617680464695221,9.697906494140625,464200,0.0,0.0
2020-01-24 00:00:00,9.707346685652382,9.712065970539697,9.617682073016512,9.674312591552734,350500,0.0,0.0
2020-01-27 00:00:00,9.617681356567916,9.730942385203223,9.617681356567916,9.707345962524414,477100,0.0,0.0
2020-01-28 00:00:00,9.712064443013013,9.881955071789495,9.669591785818891,9.820605278015137,475900,0.0,0.0
2020-01-29 00:00:00,9.81588543773147,9.886673795785292,9.768694399177408,9.834762573242188,390100,0.0,0.0
2020-01-30 00:00:00,9.815885121070483,9.886673476840668,9.799368078087129,9.881954193115234,496200,0.0,0.0
2020-01-31 00:00:00,9.877237983864976,9.919710650502966,9.778134795005794,9.782854080200195,1313900,0.0,0.0
2020-02-03 00:00:00,9.78285235306746,9.851280626138042,9.754537547011564,9.825325012207031,716900,0.0,0.0
2020-02-04 00:00:00,9.820604404795919,9.94802236504865,9.801728170005514,9.881954193115234,433500,0.0,0.0
2020-02-05 00:00:00,9.881957785731391,9.948025981684102,9.84420440231389,9.910272598266602,515400,0.0,0.0
2020-02-06 00:00:00,9.919709205627441,10.037688617968078,9.910270636613435,9.919709205627441,509500,0.0,0.0
2020-02-07 00:00:00,9.910272418027228,9.910272418027228,9.709707741040383,9.735662460327148,518900,0.0,0.0
2020-02-10 00:00:00,9.844201973389117,9.995215469798568,9.825324836282215,9.985776901245117,413500,0.0,0.0
2020-02-11 00:00:00,9.98577463014939,10.056562077977981,9.969257588993093,10.042405128479004,327700,0.0,0.0
2020-02-12 00:00:00,10.032968702692324,10.16982434434543,9.999934613331623,10.075441360473633,405800,0.0,0.0
2020-02-13 00:00:00,10.066003651240713,10.17926378162109,10.063644458989906,10.155668258666992,380400,0.0,0.0
2020-02-14 00:00:00,10.169825173447501,10.23117497307161,10.129712604556852,10.226455688476562,324600,0.0,0.0
2020-02-18 00:00:00,10.212296860929863,10.235893281655136,10.099036741782802,10.165105819702148,326800,0.0,0.0
2020-02-19 00:00:00,10.17454408275061,10.193421220434509,10.014092012883355,10.080161094665527,338200,0.0,0.0
2020-02-20 00:00:00,10.080161735069261,10.202860437475374,10.047127642135216,10.188702583312988,356800,0.0,0.0
2020-02-21 00:00:00,10.212299346923828,10.24533344386933,10.150950438326701,10.212299346923828,336900,0.0,0.0
2020-02-24 00:00:00,10.066003241402605,10.146229276336232,10.014092012883355,10.080161094665527,472200,0.0,0.0
2020-02-25 00:00:00,10.051847378240103,10.09903933168161,9.680448711904416,9.735662460327148,690000,0.0,0.0
2020-02-26 00:00:00,9.735659844540313,9.86166193932676,9.617680442691194,9.636557579040527,863400,0.0,0.0
2020-02-27 00:00:00,9.47138716145055,9.56105176764415,8.900367232785744,8.905086517333984,975800,0.0,0.0
2020-02-28 00:00:00,8.730478003257275,8.749355144507094,8.367101135203017,8.70688247680664,1586600,0.0,0.0
2020-03-02 00:00:00,8.73047764196972,8.985313637626728,8.678566405792566,8.947559356689453,867100,0.0,0.0
2020-03-03 00:00:00,9.032502892545756,9.296777405888548,8.952276861729446,8.999468803405762,831500,0.0,0.0
2020-03-04 00:00:00,9.112728764394117,9.372283989030297,9.112728764394117,9.362845420837402,508800,0.0,0.0
2020-03-05 00:00:00,9.263744681590293,9.282621822920781,9.01834814507542,9.155203819274902,531800,0.0,0.0
2020-03-06 00:00:00,8.97587547719346,9.19295720182424,8.805984805665622,9.155203819274902,465600,0.0,0.0
2020-03-09 00:00:00,8.654970670594697,8.678566195497137,8.223165544009733,8.253840446472168,902200,0.0,0.0
2020-03-10 00:00:00,8.442607358862176,8.725758158679838,8.319436990469947,8.711600303649902,743900,0.0,0.0
2020-03-11 00:00:00,8.527550988995342,8.574742929576633,7.551625906300066,7.673380374908447,910600,0.0,0.0
2020-03-12 00:00:00,7.177868836837431,7.234498911578938,6.177403282959145,6.2009992599487305,1088900,0.0,0.0
2020-03-13 00:00:00,6.569093271903314,6.970223426818848,5.9461621607928015,6.970223426818848,1092400,0.0,0.0
2020-03-16 00:00:00,6.606847815198841,6.606847815198841,5.719642483151159,5.809307098388672,947000,0.0,0.0
2020-03-17 00:00:00,5.9980728813789215,6.503024583451816,5.54739159680708,5.757394790649414,1203300,0.0,0.0
2020-03-18 00:00:00,5.42705327550106,5.48840262740472,4.200067137539383,4.256697654724121,1448100,0.0,0.0
2020-03-19 00:00:00,4.270853778997069,5.464805015758778,4.138716995298164,5.412894248962402,1186200,0.0,0.0
2020-03-20 00:00:00,5.502560322649537,6.257628824408864,5.497841037625291,5.809307098388672,1686300,0.0,0.0
2020-03-23 00:00:00,5.809306543988521,5.884813296947452,5.28075837316451,5.483683109283447,784600,0.0,0.0
2020-03-24 00:00:00,5.719641915944436,6.134929505723155,5.672450420549245,6.087737560272217,864600,0.0,0.0
2020-03-25 00:00:00,6.144368400367095,6.8899982976389555,5.953713524717907,6.309539318084717,856200,0.0,0.0
2020-03-26 00:00:00,6.413359433334721,7.262811094382381,6.352010099197629,7.135393142700195,751200,0.0,0.0
2020-03-27 00:00:00,6.861682242015658,7.0646069645622145,6.41336058876566,6.479428768157959,801000,0.0,0.0
2020-03-30 00:00:00,6.385046180754524,6.451114818971782,6.002793106216372,6.427518844604492,955700,0.0,0.0
2020-03-31 00:00:00,6.403922763931325,6.441676142269968,5.8706557323282755,6.309539318084717,917000,0.0,0.0
2020-04-01 00:00:00,5.898968909971428,5.983914206292813,5.375140632785985,5.5167155265808105,763300,0.0,0.0
2020-04-02 00:00:00,5.4836834604479785,5.7857109416807075,5.257163187065264,5.568628787994385,601800,0.0,0.0
2020-04-03 00:00:00,5.545032652941617,5.592224600223,5.00232750948453,5.191094398498535,877600,0.0,0.0
2020-04-06 00:00:00,5.464805595591841,5.960319149607822,5.464805595591841,5.875373840332031,778200,0.0,0.0
2020-04-07 00:00:00,6.172683438885382,6.587971066126255,5.865937115950633,6.012231349945068,847700,0.0,0.0
2020-04-08 00:00:00,6.092456916815035,6.432237757931594,6.040546136250238,6.281224250793457,852700,0.0,0.0
2020-04-09 00:00:00,6.451514720263433,7.001304482433724,6.3006872514909364,6.6899189949035645,971000,0.4,0.0
2020-04-13 00:00:00,6.762899743793308,6.784794061260287,6.286091194513045,6.6899189949035645,1065300,0.0,0.0
2020-04-14 00:00:00,6.957514213666817,7.098610635320193,6.760465866737143,6.938052654266357,1003100,0.0,0.0
2020-04-15 00:00:00,6.65585994720459,6.733706186399935,6.468542144140675,6.65585994720459,1029200,0.0,0.0
2020-04-16 00:00:00,6.689916629838392,6.821282488198914,6.072011380216898,6.1693196296691895,763200,0.0,0.0
2020-04-17 00:00:00,6.4563776926494825,6.840743778177214,6.237434603931069,6.261761665344238,686400,0.0,0.0
2020-04-20 00:00:00,6.062281253740561,6.232570238081649,5.984435019984687,6.033088684082031,628700,0.0,0.0
2020-04-21 00:00:00,5.999030489363787,6.1449923954602514,5.877395644950084,6.096338272094727,613000,0.0,0.0
2020-04-22 00:00:00,6.242300785301056,6.388262705593395,5.9503769447163775,6.033088684082031,495100,0.0,0.0
2020-04-23 00:00:00,6.076876073366545,6.2422995185278545,5.950375737184361,6.023356914520264,370300,0.0,0.0
2020-04-24 00:00:00,6.047685626690509,6.159589479592977,5.989300947263109,6.081743240356445,358200,0.0,0.0
2020-04-27 00:00:00,6.140128788053958,6.655860891925482,6.1060711695719645,6.553687572479248,634800,0.0,0.0
2020-04-28 00:00:00,6.855341026024605,7.045091117367964,6.748302215523105,6.840744972229004,678700,0.0,0.0
2020-04-29 00:00:00,7.152129058779076,7.512168101988333,7.070390332255857,7.400264263153076,590000,0.0,0.0
2020-04-30 00:00:00,7.17159075653593,7.205648830587415,6.865070874073386,7.001302242279053,868000,0.0,0.0
2020-05-01 00:00:00,6.7288421228447985,6.811553885719993,6.4583262444531355,6.6899189949035645,527300,0.0,0.0
2020-05-04 00:00:00,6.558550336745053,6.611583227101245,6.3542042328406145,6.4904351234436035,526800,0.0,0.0
2020-05-05 00:00:00,6.621802166935664,6.806687225327723,6.4077249995344525,6.446648120880127,650500,0.0,0.0
2020-05-06 00:00:00,6.446647498078531,6.7239748268743105,6.32987814532243,6.407724380493164,1146500,0.0,0.0
2020-05-07 00:00:00,6.636396459440075,6.772627338454959,6.519626670570124,6.621799945831299,690500,0.0,0.0
2020-05-08 00:00:00,6.762897599381764,6.908859514879242,6.704512925982802,6.884532451629639,729600,0.0,0.0
2020-05-11 00:00:00,6.816418259282199,6.855341380751317,6.507465576620896,6.582879066467285,638700,0.0,0.0
2020-05-12 00:00:00,6.665589156694612,6.704512268476763,6.252030978009234,6.256896018981934,552100,0.0,0.0
2020-05-13 00:00:00,6.252032183567384,6.266628237300175,5.964973830821463,6.130397319793701,637300,0.0,0.0
2020-05-14 00:00:00,5.989299885858335,6.320146343982036,5.765491755715779,6.295819282531738,765100,0.0,0.0
2020-05-15 00:00:00,6.222839214706722,6.295819942710258,6.023358125096914,6.217973709106445,1709400,0.0,0.0
2020-05-18 00:00:00,6.680186244839601,6.869936792240059,6.397993408603123,6.7969560623168945,801800,0.0,0.0
2020-05-19 00:00:00,6.699647876446872,6.801820706771636,6.5658492607356145,6.631532192230225,397500,0.0,0.0
2020-05-20 00:00:00,6.748301113655714,6.826147339855042,6.641262320631584,6.801820278167725,424300,0.0,0.0
2020-05-21 00:00:00,6.801821012469846,6.894263764061443,6.7045132192156585,6.743436336517334,372100,0.0,0.0
2020-05-22 00:00:00,6.767763755099405,6.8285811870668685,6.582878706238291,6.772629261016846,313000,0.0,0.0
2020-05-26 00:00:00,6.962379846575845,7.312687922177009,6.940485533850749,7.229976177215576,476900,0.0,0.0
2020-05-27 00:00:00,7.4440542880675356,7.541362093244845,7.040226548581538,7.195919036865234,725900,0.0,0.0
2020-05-28 00:00:00,7.337013924605106,7.429456668047809,6.89426315632723,6.957513332366943,683900,0.0,0.0
2020-05-29 00:00:00,6.879665744786865,7.011031112134267,6.646126643724781,6.826146125793457,1312400,0.0,0.0
2020-06-01 00:00:00,6.835878155912197,7.1326670008649335,6.777493487921499,6.96237850189209,617100,0.0,0.0
2020-06-02 00:00:00,7.108341208814709,7.244572589112451,6.98670634612041,7.040225982666016,781000,0.0,0.0
2020-06-03 00:00:00,7.273765006633121,7.667862182735741,7.207109058200947,7.5413618087768555,774000,0.0,0.0
2020-06-04 00:00:00,7.448918466859432,7.7116497260171055,7.317552605280529,7.638668537139893,1049200,0.0,0.0
2020-06-05 00:00:00,7.954921326603002,8.3300432514604,7.954921326603002,8.042498588562012,816200,0.0,0.0
2020-06-08 00:00:00,8.212785120474274,8.514439973572404,8.212785120474274,8.494977951049805,516600,0.0,0.0
2020-06-09 00:00:00,8.237113383238084,8.300363106076714,7.915997406979574,8.115478515625,772200,0.0,0.0
2020-06-10 00:00:00,8.047364481285058,8.07655659400541,7.667863303918352,7.784632682800293,451400,0.0,0.0
2020-06-11 00:00:00,7.5948808219974815,7.5948808219974815,7.0937453069009635,7.14726448059082,934100,0.0,0.0
2020-06-12 00:00:00,7.560823369078207,7.614342543906875,7.29809207300986,7.5413618087768555,540700,0.0,0.0
2020-06-15 00:00:00,7.298090322062833,8.149534192970163,7.259167210798505,8.047361373901367,1077000,0.0,0.0
2020-06-16 00:00:00,8.412268187978333,8.480383419297857,8.076555681617027,8.29549789428711,708000,0.0,0.0
2020-06-17 00:00:00,8.319824457993363,8.368478586706837,8.115477859797023,8.227381706237793,657800,0.0,0.0
2020-06-18 00:00:00,8.086283323742023,8.490110893108199,8.023032697021998,8.40739917755127,910200,0.0,0.0
2020-06-19 00:00:00,8.43659449188351,8.465786600270539,8.096016491366719,8.115478515625,3945700,0.0,0.0
2020-06-22 00:00:00,8.023034272132449,8.037630787625796,7.731110922267174,7.945188045501709,589600,0.0,0.0
2020-06-23 00:00:00,8.057091880283371,8.057091880283371,7.847879798213174,7.945188045501709,564300,0.0,0.0
2020-06-24 00:00:00,7.784630761690089,7.799227278448367,7.30295684467055,7.531630039215088,550300,0.0,0.0
2020-06-25 00:00:00,7.444053918299853,7.818689065623339,7.429457864248339,7.808958053588867,445300,0.0,0.0
2020-06-26 00:00:00,7.760303906413633,7.784630970998035,7.53163024172052,7.774899959564209,811600,0.0,0.0
2020-06-29 00:00:00,7.862477870370377,7.984112739562988,7.760304561688575,7.984112739562988,475900,0.0,0.0
2020-06-30 00:00:00,8.023034542531999,8.154400402398867,7.925727219964145,8.139803886413574,556900,0.0,0.0
2020-07-01 00:00:00,8.125208720015488,8.290632197764328,8.0035738644943,8.154400825500488,474200,0.0,0.0
2020-07-02 00:00:00,8.339284556979294,8.392804184973976,8.096014870458308,8.125207901000977,351800,0.0,0.0
2020-07-06 00:00:00,8.412266531569697,8.42929533604654,8.212784527126239,8.271169662475586,464400,0.0,0.0
2020-07-07 00:00:00,8.227380580765654,8.256572682800252,8.061957122569286,8.120342254638672,519000,0.0,0.0
2020-07-08 00:00:00,8.096015692582691,8.188458442687988,7.988977353724134,8.188458442687988,358000,0.0,0.0
2020-07-09 00:00:00,8.13980550923972,8.178728631626983,7.901401268617686,7.993844032287598,454700,0.0,0.0
2020-07-10 00:00:00,8.00381477976225,8.108538089544275,7.879145237268587,8.0636568069458,582800,0.4,0.0
2020-07-13 00:00:00,8.133472326980177,8.13845924221851,7.9040799329579015,7.919040203094482,426400,0.0,0.0
2020-07-14 00:00:00,7.9140542953241,8.148434109999933,7.889120191536718,8.10355281829834,445500,0.0,0.0
2020-07-15 00:00:00,8.248167902249477,8.322969714246332,8.068642792531712,8.188325881958008,477100,0.0,0.0
2020-07-16 00:00:00,8.183341380740263,8.203289043771719,8.018776965358457,8.078619003295898,401000,0.0,0.0
2020-07-17 00:00:00,8.118513669245738,8.223236050444337,7.958935688322558,8.193315505981445,329700,0.0,0.0
2020-07-20 00:00:00,8.148433072634369,8.150926054675102,7.934000473171859,8.043709754943848,430800,0.0,0.0
2020-07-21 00:00:00,8.173366587282452,8.278089903558616,8.063657306992157,8.203288078308105,565700,0.0,0.0
2020-07-22 00:00:00,8.203287400726378,8.308009757195789,8.113524837377321,8.288063049316406,321600,0.0,0.0
2020-07-23 00:00:00,8.208274232165422,8.332944260851946,8.128485489898594,8.228221893310547,356500,0.0,0.0
2020-07-24 00:00:00,8.213262163870564,8.288064951265042,7.993843571061412,8.008803367614746,231800,0.0,0.0
2020-07-27 00:00:00,7.978881799497523,8.203288230571124,7.834264585904767,8.198301315307617,295600,0.0,0.0
2020-07-28 00:00:00,8.14344702840882,8.29803761270344,8.063658278375668,8.233209609985352,254000,0.0,0.0
2020-07-29 00:00:00,8.31299736426994,8.452628135681152,8.233208623794052,8.452628135681152,299000,0.0,0.0
2020-07-30 00:00:00,8.273102194552255,8.357877842010106,8.198300376479262,8.322970390319824,192500,0.0,0.0
2020-07-31 00:00:00,8.288063544304075,8.308010253374734,8.058670207472355,8.303023338317871,474400,0.0,0.0
2020-08-03 00:00:00,8.263129926784947,8.278090673689608,8.038724430156424,8.178354263305664,276000,0.0,0.0
2020-08-04 00:00:00,8.148434679256727,8.362867320998802,8.113527216862812,8.332945823669434,352900,0.0,0.0
2020-08-05 00:00:00,8.42270687076031,8.567324561228432,8.193314473522815,8.507482528686523,489800,0.0,0.0
2020-08-06 00:00:00,8.577296515597405,8.667058118040035,8.477560133563419,8.537402153015137,351300,0.0,0.0
2020-08-07 00:00:00,8.577298390770022,8.761809501367175,8.502495612312801,8.75682258605957,383500,0.0,0.0
2020-08-10 00:00:00,8.836611176685073,8.966268118982267,8.791729890845398,8.886479377746582,402600,0.0,0.0
2020-08-11 00:00:00,8.976244030967804,9.070993539840881,8.841600142225596,8.881494522094727,381800,0.0,0.0
2020-08-12 00:00:00,8.971255378308877,9.046057207191856,8.886479718599674,9.031097412109375,258600,0.0,0.0
2020-08-13 00:00:00,8.961281628265223,9.051044204196716,8.816664884608715,8.841598510742188,169200,0.0,0.0
2020-08-14 00:00:00,8.806692583384455,8.906429007555955,8.731890740834347,8.791731834411621,267100,0.0,0.0
2020-08-17 00:00:00,8.791730497090152,8.886479990524904,8.731889412615383,8.866533279418945,175900,0.0,0.0
2020-08-18 00:00:00,8.841599327306822,8.841599327306822,8.682021822538351,8.721916198730469,216400,0.0,0.0
2020-08-19 00:00:00,8.687008445740606,8.77677102693748,8.557351489695888,8.607219696044922,359500,0.0,0.0
2020-08-20 00:00:00,8.537405549146133,8.816666198310298,8.497511170694109,8.73687744140625,359400,0.0,0.0
2020-08-21 00:00:00,8.731889038713744,8.81666469738696,8.54239005995863,8.691994667053223,343400,0.0,0.0
2020-08-24 00:00:00,8.70196838278207,8.859051934094168,8.55236377766414,8.851572036743164,288200,0.0,0.0
2020-08-25 00:00:00,8.90642730705134,8.98122913531953,8.761809614730232,8.846585273742676,278700,0.0,0.0
2020-08-26 00:00:00,8.846585199385654,8.906427232191335,8.696981544106714,8.786744117736816,271100,0.0,0.0
2020-08-27 00:00:00,8.791729740331535,8.946321256091297,8.761809200669596,8.89146614074707,271300,0.0,0.0
2020-08-28 00:00:00,8.956294906131099,8.956294906131099,8.786744532681327,8.866533279418945,269600,0.0,0.0
2020-08-31 00:00:00,8.841600138587195,8.87650760206369,8.701970284681218,8.726903915405273,402800,0.0,0.0
2020-09-01 00:00:00,8.627167001450537,8.759317900041165,8.487537155454842,8.711942672729492,273400,0.0,0.0
2020-09-02 00:00:00,8.68700778646204,8.86653293523118,8.627165753153376,8.846585273742676,209600,0.0,0.0
2020-09-03 00:00:00,8.88149451843991,8.971257110897776,8.659581971061874,8.726903915405273,305200,0.0,0.0
2020-09-04 00:00:00,8.806691558577096,8.881493392422747,8.577299141296177,8.731889724731445,241800,0.0,0.0
2020-09-08 00:00:00,8.7019693819145,8.761810469906967,8.54239092790172,8.632153511047363,266100,0.0,0.0
2020-09-09 00:00:00,8.691994287359256,8.851571767030492,8.672046626821949,8.766796112060547,310400,0.0,0.0
2020-09-10 00:00:00,8.766799039275153,8.806693422513607,8.667062605600455,8.672049522399902,246900,0.0,0.0
2020-09-11 00:00:00,8.731890984378303,8.731890984378303,8.527432165165433,8.567326545715332,245200,0.0,0.0
2020-09-14 00:00:00,8.632152068807143,8.811677205103784,8.577297905838448,8.741862297058105,448900,0.0,0.0
2020-09-15 00:00:00,8.786745429987128,8.811679059205032,8.63215388513377,8.682022094726562,405900,0.0,0.0
2020-09-16 00:00:00,8.726903850638571,8.806692609751847,8.647115091525297,8.667061805725098,485100,0.0,0.0
2020-09-17 00:00:00,8.547376670523262,8.642126156522183,8.432680474983773,8.452628135681152,499000,0.0,0.0
2020-09-18 00:00:00,8.527431751682276,8.567326130297753,8.303025277497078,8.332945823669434,1471100,0.0,0.0
2020-09-21 00:00:00,8.21824893656404,8.21824893656404,7.799357995123556,7.889120101928711,671900,0.0,0.0
2020-09-22 00:00:00,7.9190399569186924,8.198301019064598,7.9190399569186924,7.9738945960998535,399300,0.0,0.0
2020-09-23 00:00:00,7.92402679389298,8.028749631718117,7.550016726742976,7.5550031661987305,615800,0.0,0.0
2020-09-24 00:00:00,7.589911937713623,7.793871839217704,7.520096546226983,7.589911937713623,449200,0.0,0.0
2020-09-25 00:00:00,7.584926541821222,7.7295437937784515,7.535058327113815,7.679675579071045,427800,0.0,0.0
2020-09-28 00:00:00,7.79935760635809,8.213261611350656,7.781903401870263,8.088591575622559,443900,0.0,0.0
2020-09-29 00:00:00,8.083604262242046,8.083604262242046,7.839251593957394,7.899093151092529,316100,0.0,0.0
2020-09-30 00:00:00,7.884132917717221,8.088591215538326,7.824290884722723,7.929013729095459,488000,0.0,0.0
2020-10-01 00:00:00,7.968907821057877,8.213260957493178,7.958934466294399,8.203288078308105,481700,0.0,0.0
2020-10-02 00:00:00,8.073631140129388,8.412733762616375,8.02376293955951,8.327958106994629,361400,0.0,0.0
2020-10-05 00:00:00,8.377827118506472,8.427695329565074,8.293051445053955,8.332945823669434,325100,0.0,0.0
2020-10-06 00:00:00,8.402760430459262,8.552364089881877,8.278090397221458,8.342918395996094,666000,0.0,0.0
2020-10-07 00:00:00,8.387800455330572,8.437668663442556,8.293050955033499,8.317985534667969,581400,0.0,0.0
2020-10-08 00:00:00,8.338423218959587,8.517249895556734,8.297548633553982,8.486594200134277,319000,0.4,0.0
2020-10-09 00:00:00,8.573451910092977,8.591845130497685,8.277110953581044,8.317985534667969,307200,0.0,0.0
2020-10-12 00:00:00,8.282218135700896,8.445717409152925,8.251562448284085,8.3690767288208,320400,0.0,0.0
2020-10-13 00:00:00,8.27711227737863,8.363970897895916,8.210690463409918,8.26689338684082,321300,0.0,0.0
2020-10-14 00:00:00,8.236234655325179,8.302655470295806,8.031861305236816,8.031861305236816,337300,0.0,0.0
2020-10-15 00:00:00,7.985879076498843,8.311343286651434,7.970551230172481,8.220908164978027,318100,0.0,0.0
2020-10-16 00:00:00,8.19025171047102,8.19025171047102,7.950113199799498,7.990987777709961,384500,0.0,0.0
2020-10-19 00:00:00,7.99098823382689,8.036971771153297,7.796833734038361,7.807052135467529,314000,0.0,0.0
2020-10-20 00:00:00,7.873472126493234,7.988942820631504,7.817269709922959,7.858144283294678,231800,0.0,0.0
2020-10-21 00:00:00,7.842818362381834,7.858146209337267,7.745740861382661,7.801943778991699,270300,0.0,0.0
2020-10-22 00:00:00,7.781503737411614,7.988431803827271,7.781503737411614,7.965439796447754,275800,0.0,0.0
2020-10-23 00:00:00,8.036970466351196,8.123829057083084,7.98076804945665,8.098282814025879,255000,0.0,0.0
2020-10-26 00:00:00,7.9756598141141355,7.9756598141141355,7.728368752507136,7.79172420501709,205000,0.0,0.0
2020-10-27 00:00:00,7.81727009693684,7.8530352285918985,7.428961143417945,7.434070587158203,708900,0.0,0.0
2020-10-28 00:00:00,7.342102487925484,7.418742681602891,7.260353337813613,7.306337356567383,395200,0.0,0.0
2020-10-29 00:00:00,7.23991535681274,7.418741971001138,7.127510042543937,7.352320671081543,376100,0.0,0.0
2020-10-30 00:00:00,7.347210938320961,7.444287919138694,7.199040501959176,7.270570755004883,379000,0.0,0.0
2020-11-02 00:00:00,7.357431155242679,7.464727048589542,7.301228730066103,7.459618091583252,303600,0.0,0.0
2020-11-03 00:00:00,7.582242625610609,7.709975822168029,7.515821304929133,7.669101238250732,262300,0.0,0.0
2020-11-04 00:00:00,7.607787544545974,7.669099405771869,7.4136330736989615,7.4800543785095215,240500,0.0,0.0
2020-11-05 00:00:00,7.6384446244822515,7.690559886570233,7.4800557425805625,7.556695461273193,244100,0.0,0.0
2020-11-06 00:00:00,7.556694655037205,7.612897076931244,7.250134838447152,7.291009902954102,347700,0.0,0.0
2020-11-09 00:00:00,7.750849492016663,8.374187066876086,7.725302758265245,7.945003986358643,641800,0.0,0.0
2020-11-10 00:00:00,7.990987465305917,8.48148286831918,7.950112888993427,8.430389404296875,607700,0.0,0.0
2020-11-11 00:00:00,8.43039049076078,8.43039049076078,8.164705223226107,8.277111053466797,271600,0.0,0.0
2020-11-12 00:00:00,8.210690494520554,8.215799939808818,8.001208110336956,8.118722915649414,401300,0.0,0.0
2020-11-13 00:00:00,8.226017787336987,8.466155838273933,8.215798898056201,8.435500144958496,412500,0.0,0.0
2020-11-16 00:00:00,8.655201200221967,8.800816958404798,8.573452036839567,8.70118522644043,381000,0.0,0.0
2020-11-17 00:00:00,8.578560924715562,8.701184661832274,8.4406088550117,8.593888282775879,297200,0.0,0.0
2020-11-18 00:00:00,8.598996344951392,8.782932408327895,8.517247200012207,8.517247200012207,344300,0.0,0.0
2020-11-19 00:00:00,8.517247527165505,8.59388723167394,8.389514361475875,8.578559875488281,299800,0.0,0.0
2020-11-20 00:00:00,8.476374015261625,8.537685396740335,8.394624856938785,8.481483459472656,341300,0.0,0.0
2020-11-23 00:00:00,8.57345253800641,8.910668100302694,8.530022744249413,8.736950874328613,471700,0.0,0.0
2020-11-24 00:00:00,8.885120942419471,9.155915673051483,8.880011497555437,8.992417335510254,384200,0.0,0.0
2020-11-25 00:00:00,8.946431988670463,8.946431988670463,8.696075074366032,8.74716854095459,314000,0.0,0.0
2020-11-27 00:00:00,8.747168487778072,8.747168487778072,8.57856073122962,8.675637245178223,182200,0.0,0.0
2020-11-30 00:00:00,8.624543282346284,8.716000669425606,8.501919555055306,8.527466773986816,322900,0.0,0.0
2020-12-01 00:00:00,8.62454601458661,8.795709024808207,8.568344064186126,8.68074893951416,293900,0.0,0.0
2020-12-02 00:00:00,8.6552006154467,8.736949773305843,8.573451457587556,8.650091171264648,315100,0.0,0.0
2020-12-03 00:00:00,8.706293203221449,8.826361718526277,8.670527097560225,8.721620559692383,260000,0.0,0.0
2020-12-04 00:00:00,8.839135395973322,8.992415792003573,8.823808038539054,8.941322326660156,257800,0.0,0.0
2020-12-07 00:00:00,8.915776081251845,9.03839981335997,8.839135395973322,8.941322326660156,405700,0.0,0.0
2020-12-08 00:00:00,8.84424373689666,8.987305227110085,8.84424373689666,8.854462623596191,239400,0.0,0.0
2020-12-09 00:00:00,8.900448311276115,8.941322891226362,8.721621658546217,8.808480262756348,384800,0.0,0.0
2020-12-10 00:00:00,8.7216213203969,8.793151588904792,8.683301951350597,8.74716854095459,220700,0.0,0.0
2020-12-11 00:00:00,8.68074705641229,8.752277327510711,8.563232761171498,8.624544143676758,230200,0.0,0.0
2020-12-14 00:00:00,8.675636555098459,8.80847916704379,8.586223727119261,8.60921573638916,410800,0.0,0.0
2020-12-15 00:00:00,8.680746105811666,8.982196464611084,8.634762086704855,8.977087020874023,363400,0.0,0.0
2020-12-16 00:00:00,8.97708657969056,9.069054613384363,8.86979119006559,8.956649780273438,424000,0.0,0.0
2020-12-17 00:00:00,8.966867266465927,9.0588352957879,8.910153713352486,9.048616409301758,370100,0.0,0.0
2020-12-18 00:00:00,8.982197750501152,9.053728024006787,8.5581236048821,8.742059707641602,2011500,0.0,0.0
2020-12-21 00:00:00,8.619435063646872,8.777823927519448,8.501919802199362,8.629652976989746,491600,0.0,0.0
2020-12-22 00:00:00,8.629655061743636,8.629655061743636,8.440610463119434,8.604108810424805,403300,0.0,0.0
2020-12-23 00:00:00,8.685855189222979,8.78293266714648,8.550458346651284,8.563231468200684,372800,0.0,0.0
2020-12-24 00:00:00,8.588778644863758,8.685856133339175,8.517248376790722,8.675637245178223,105700,0.0,0.0
2020-12-28 00:00:00,8.66541738889412,8.83913457011491,8.650090032891917,8.731839179992676,347800,0.0,0.0
2020-12-29 00:00:00,8.74205763724366,8.757384992492355,8.588777263070124,8.65519905090332,345000,0.0,0.0
2020-12-30 00:00:00,8.660309184755182,8.788042352822208,8.639871410091624,8.721620559692383,277000,0.0,0.0
2020-12-31 00:00:00,8.701183325438945,8.915775076066279,8.685854995206034,8.75738525390625,323700,0.0,0.0
2021-01-04 00:00:00,8.788041033101347,8.847308816577158,8.604104986858383,8.660307884216309,499000,0.0,0.0
2021-01-05 00:00:00,8.685855445907995,8.813588614230172,8.660309202054254,8.665417671203613,540400,0.0,0.0
2021-01-06 00:00:00,8.747169596726726,8.900449040466212,8.588779733732062,8.706295013427734,2158600,0.0,0.0
2021-01-07 00:00:00,8.711403040830428,8.762496510988832,8.644982211793321,8.742059707641602,674000,0.0,0.0
2021-01-08 00:00:00,8.778680560937572,8.810070079637306,8.606036711306814,8.721132278442383,459200,0.4,0.0
2021-01-11 00:00:00,8.600806107341596,8.653122644065517,8.470015264459263,8.548489570617676,419200,0.0,0.0
2021-01-12 00:00:00,8.579878605692256,8.757754221727325,8.553720837744994,8.752522468566895,392000,0.0,0.0
2021-01-13 00:00:00,8.7629836141318,8.88854266259173,8.7629836141318,8.867616653442383,396200,0.0,0.0
2021-01-14 00:00:00,8.893774414342722,8.977480446649343,8.83622614293644,8.867616653442383,528200,0.0,0.0
2021-01-15 00:00:00,8.867616803083227,8.919932325766727,8.825763786223646,8.872847557067871,490600,0.0,0.0
2021-01-19 00:00:00,8.862387553181975,8.893777075224568,8.783913249148036,8.857155799865723,446400,0.0,0.0
2021-01-20 00:00:00,8.878081737833067,8.935630025954929,8.841460462793668,8.899008750915527,540200,0.0,0.0
2021-01-21 00:00:00,8.899008304618912,8.925166071805235,8.731596199774781,8.8309965133667,470800,0.0,0.0
2021-01-22 00:00:00,8.742058736620429,8.899008333817918,8.637426669676962,8.878081321716309,438300,0.0,0.0
2021-01-25 00:00:00,8.841459870647046,8.867618635248169,8.668816015698994,8.825765609741211,306700,0.0,0.0
2021-01-26 00:00:00,8.825765014444732,8.91470281238003,8.794374499040671,8.841459274291992,264400,0.0,0.0
2021-01-27 00:00:00,8.7420576516541,8.804837682312513,8.579877319414074,8.600804328918457,533100,0.0,0.0
2021-01-28 00:00:00,8.65312132038884,8.828380544071212,8.60080479166783,8.62173080444336,555900,0.0,0.0
2021-01-29 00:00:00,8.59557275552145,8.68451055205749,8.412465409964337,8.428160667419434,709500,0.0,0.0
2021-02-01 00:00:00,8.48047703436945,8.606037110705136,8.399387357477268,8.558952331542969,348600,0.0,0.0
2021-02-02 00:00:00,8.600806181822144,8.752523041994905,8.52756263063241,8.689743995666504,547900,0.0,0.0
2021-02-03 00:00:00,8.6321937076503,8.867617571546287,8.538024162091906,8.82053279876709,601200,0.0,0.0
2021-02-04 00:00:00,8.804836856733777,9.016718317752442,8.775016968626279,8.96701717376709,707300,0.0,0.0
2021-02-05 00:00:00,8.972251781579736,9.19721219499133,8.972251781579736,9.150127410888672,767400,0.0,0.0
2021-02-08 00:00:00,9.144894200896946,9.218137741088867,9.103041177010763,9.218137741088867,432500,0.0,0.0
2021-02-09 00:00:00,9.108272716724805,9.416939134862572,9.108272716724805,9.343696594238281,433200,0.0,0.0
2021-02-10 00:00:00,9.416940299879599,9.620973687063422,9.405953917426775,9.443098068237305,480100,0.0,0.0
2021-02-11 00:00:00,9.484949359527908,9.678520202636719,9.483380731911796,9.678520202636719,497100,0.0,0.0
2021-02-12 00:00:00,9.699446467327986,9.75437836531739,9.611554432690298,9.688982963562012,263100,0.0,0.0
2021-02-16 00:00:00,9.688985458105773,9.715143226400695,9.563426374151334,9.579120635986328,394100,0.0,0.0
2021-02-17 00:00:00,9.54772973577197,9.618356897395593,9.484949703932719,9.605278015136719,345800,0.0,0.0
2021-02-18 00:00:00,9.532034988815646,9.652363306463563,9.38031815034929,9.401244163513184,363700,0.0,0.0
2021-02-19 00:00:00,9.427404013903361,9.584352623214526,9.343697955890084,9.453561782836914,278200,0.0,0.0
2021-02-22 00:00:00,9.406474246610152,9.730835874841889,9.396010742958083,9.683751106262207,507800,0.0,0.0
2021-02-23 00:00:00,9.788385212840685,9.934871301288474,9.730837926331244,9.736069679260254,499300,0.0,0.0
2021-02-24 00:00:00,9.840702773840375,10.07089493752607,9.64190113101292,9.966261863708496,465900,0.0,0.0
2021-02-25 00:00:00,10.013345888623517,10.117978954515069,9.74130171344425,9.793617248535156,345700,0.0,0.0
2021-02-26 00:00:00,9.804080155819001,9.934870981266727,9.72037410736084,9.72037410736084,625400,0.0,0.0
2021-03-01 00:00:00,9.940103384004486,9.94795051473093,9.406476541799076,9.432635307312012,2245200,0.0,0.0
2021-03-02 00:00:00,9.385550881645251,9.526804229329386,9.245343285908197,9.44832992553711,731800,0.0,0.0
2021-03-03 00:00:00,9.469257732158974,9.605280335795102,9.469257732158974,9.532036781311035,740400,0.0,0.0
2021-03-04 00:00:00,9.547729772851458,9.626204064564217,9.38554943693112,9.516340255737305,679600,0.0,0.0
2021-03-05 00:00:00,9.610510482370184,9.636668248833354,9.448329137163082,9.547730445861816,603800,0.0,0.0
2021-03-08 00:00:00,9.600048875414753,9.830241057668179,9.516342808750784,9.730839729309082,1457500,0.0,0.0
2021-03-09 00:00:00,9.77792064342157,9.77792064342157,9.552960304175231,9.683751106262207,962100,0.0,0.0
2021-03-10 00:00:00,9.647130089628366,9.819773912912423,9.610508823758211,9.741299629211426,831300,0.0,0.0
2021-03-11 00:00:00,9.767459228774952,9.830239266259754,9.725606203070031,9.783154487609863,875000,0.0,0.0
2021-03-12 00:00:00,9.840702085097389,9.961030410922397,9.814544317401229,9.887786865234375,810500,0.0,0.0
2021-03-15 00:00:00,9.872089893807289,10.044733707632794,9.767456856035334,9.94010066986084,816500,0.0,0.0
2021-03-16 00:00:00,9.893019192982273,9.893019192982273,9.636669262821258,9.641901016235352,862500,0.0,0.0
2021-03-17 00:00:00,9.626204027179966,9.662825296646714,9.505876713830721,9.605278015136719,927300,0.0,0.0
2021-03-18 00:00:00,9.626204064564217,9.64713107454349,9.469255481138697,9.516340255737305,590200,0.0,0.0
2021-03-19 00:00:00,9.500643715347957,9.641898020069718,9.359389410626195,9.36462116241455,1638100,0.0,0.0
2021-03-22 00:00:00,9.385551396762308,9.474489212036133,9.333234858744476,9.474489212036133,663200,0.0,0.0
2021-03-23 00:00:00,9.416939735412598,9.532035306284342,9.364623203978226,9.416939735412598,599600,0.0,0.0
2021-03-24 00:00:00,9.469255595706114,9.610509921210953,9.249526977539062,9.249526977539062,744800,0.0,0.0
2021-03-25 00:00:00,9.207674913175131,9.464024828072661,9.108273599935721,9.432635307312012,499800,0.0,0.0
2021-03-26 00:00:00,9.521572679398648,9.579119965188587,9.437866629290712,9.547730445861816,411100,0.0,0.0
2021-03-29 00:00:00,9.558193605193965,9.615740888898355,9.484950065612793,9.484950065612793,398000,0.0,0.0
2021-03-30 00:00:00,9.49018145640722,9.636667532128966,9.474487196838473,9.605278015136719,249900,0.0,0.0
2021-03-31 00:00:00,9.579120764475876,9.610511284276715,9.44832992553711,9.44832992553711,637500,0.0,0.0
2021-04-01 00:00:00,9.532035101861226,9.725605964660645,9.469256063770205,9.725605964660645,534800,0.0,0.0
2021-04-05 00:00:00,9.783154844282713,9.825007871513504,9.706773044640146,9.798849105834961,481000,0.0,0.0
2021-04-06 00:00:00,9.825006241478695,9.932254668330293,9.80407923240779,9.903480529785156,633200,0.0,0.0
2021-04-07 00:00:00,9.88778608006813,10.002882643643378,9.88778608006813,9.987187385559082,472700,0.0,0.0
2021-04-08 00:00:00,9.987187208948122,10.060429749670044,9.966260198539128,10.023808479309082,765300,0.0,0.0
2021-04-09 00:00:00,9.991751016608363,10.045182022741738,9.847484854133574,9.858171463012695,531100,0.4,0.0
2021-04-12 00:00:00,9.879541676675649,10.007777900066966,9.820766358780537,9.997091293334961,308800,0.0,0.0
2021-04-13 00:00:00,10.013122469296073,10.082584402704596,9.93297494693558,10.045181274414062,414900,0.0,0.0
2021-04-14 00:00:00,10.045182707550673,10.119987955673093,9.938319668867647,9.95434856414795,334400,0.0,0.0
2021-04-15 00:00:00,10.082584336120195,10.157388553945184,10.002435795157957,10.152045249938965,339700,0.0,0.0
2021-04-16 00:00:00,10.173419339692925,10.205478147352524,10.050525375257408,10.077241897583008,258100,0.0,0.0
2021-04-19 00:00:00,10.077240631517183,10.082583935310991,9.949004397858774,10.029151916503906,489700,0.0,0.0
2021-04-20 00:00:00,10.045182060871046,10.189448223893436,10.03449647108248,10.184104919433594,387200,0.0,0.0
2021-04-21 00:00:00,10.210821441732808,10.258910162740271,10.13601619842613,10.184104919433594,417400,0.0,0.0
2021-04-22 00:00:00,10.152043560418862,10.264249868482784,10.109298154613914,10.125328063964844,305600,0.0,0.0
2021-04-23 00:00:00,10.173417644183276,10.216163053649131,10.14135782273567,10.157387733459473,319000,0.0,0.0
2021-04-26 00:00:00,10.216163187971883,10.258908597999758,10.157387867009442,10.162731170654297,280500,0.0,0.0
2021-04-27 00:00:00,10.17341819874453,10.226849199141203,10.098612963753375,10.141358375549316,297400,0.0,0.0
2021-04-28 00:00:00,10.146702766418459,10.261581264013905,10.136016157541878,10.146702766418457,410900,0.0,0.0
2021-04-29 00:00:00,10.269595013059469,10.333713642829553,10.200134098345336,10.264251708984375,307500,0.0,0.0
2021-04-30 00:00:00,10.23753696126465,10.349744316838459,10.2215070478595,10.258910179138184,402400,0.0,0.0
2021-05-03 00:00:00,10.301655717535716,10.46195077695767,10.242880386819804,10.371116638183594,699200,0.0,0.0
2021-05-04 00:00:00,10.387147861774187,10.435236589491806,10.226851763005039,10.274940490722656,583500,0.0,0.0
2021-05-05 00:00:00,10.21616387888255,10.246619590673857,10.034495619195265,10.152045249938965,362400,0.0,0.0
2021-05-06 00:00:00,10.103955821840085,10.232192051570225,9.940988628079605,10.087925910949707,414500,0.0,0.0
2021-05-07 00:00:00,10.045183297912628,10.237538205630553,10.02381109657244,10.232194900512695,429100,0.0,0.0
2021-05-10 00:00:00,10.253566433554093,10.360429460931073,10.200134410300064,10.205477714538574,517500,0.0,0.0
2021-05-11 00:00:00,10.103956824088819,10.103956824088819,9.863513232537468,10.018465995788574,476000,0.0,0.0
2021-05-12 00:00:00,10.013122859032903,10.023809467531864,9.69253173798165,9.772680282592773,527600,0.0,0.0
2021-05-13 00:00:00,9.783365754599489,10.018466043100956,9.778022450414106,9.949005126953125,493400,0.0,0.0
2021-05-14 00:00:00,9.997092335596404,10.02915215913486,9.911601511089222,9.965033531188965,566900,0.0,0.0
2021-05-17 00:00:00,9.922287084472755,10.029151113530974,9.842139572244545,9.997091293334961,376000,0.0,0.0
2021-05-18 00:00:00,10.0451807210827,10.184103561116244,9.97571981063142,10.061210632324219,451800,0.0,0.0
2021-05-19 00:00:00,10.018466526794441,10.061211943210186,9.847484861131461,10.039839744567871,487100,0.0,0.0
2021-05-20 00:00:00,10.029151919835813,10.141358242150076,9.981063204806558,10.136014938354492,451300,0.0,0.0
2021-05-21 00:00:00,10.157390990203451,10.242881836545923,10.136017769052195,10.173420906066895,1024700,0.0,0.0
2021-05-24 00:00:00,10.173417811533442,10.37378711278772,10.173417811533442,10.344399452209473,619500,0.0,0.0
2021-05-25 00:00:00,10.37645707678921,10.413859179048648,10.216162061639945,10.226847648620605,429900,0.0,0.0
2021-05-26 00:00:00,10.280280827390477,10.355085040403498,10.242878720883967,10.344399452209473,387700,0.0,0.0
2021-05-27 00:00:00,10.349742889404299,10.461949210371515,10.31768306701568,10.349742889404297,582500,0.0,0.0
2021-05-28 00:00:00,10.392487841017191,10.469963193872946,10.355084716549491,10.440576553344727,387800,0.0,0.0
2021-06-01 00:00:00,10.47263541159577,10.627587137272842,10.445918893974936,10.58484172821045,586100,0.0,0.0
2021-06-02 00:00:00,10.600873342028535,10.68636417388916,10.520725814550588,10.68636417388916,487300,0.0,0.0
2021-06-03 00:00:00,10.686364690241303,10.691707994882163,10.563471740895006,10.632932662963867,361900,0.0,0.0
2021-06-04 00:00:00,10.638274547959622,10.664990048467661,10.568813635160106,10.616902351379395,366100,0.0,0.0
2021-06-07 00:00:00,10.675676160267601,10.718421570572868,10.510037822726058,10.526067733764648,772300,0.0,0.0
2021-06-08 00:00:00,10.536754097482742,10.62224492438528,10.52606850846821,10.59018611907959,980400,0.0,0.0
2021-06-09 00:00:00,10.659647495794099,10.713078495467458,10.600872173196212,10.606215476989746,712500,0.0,0.0
2021-06-10 00:00:00,10.590185698741744,10.662318772164777,10.5527835908478,10.61155891418457,663200,0.0,0.0
2021-06-11 00:00:00,10.60621672046418,10.662319888177347,10.558127999815433,10.579500198364258,576700,0.0,0.0
2021-06-14 00:00:00,10.600874025257408,10.686364862627936,10.563471911299198,10.675678253173828,1201700,0.0,0.0
2021-06-15 00:00:00,10.686362132707766,10.747808592675126,10.654303331666297,10.681018829345703,833000,0.0,0.0
2021-06-16 00:00:00,10.713079189959535,10.72643795987487,10.590186252134492,10.595529556274414,783600,0.0,0.0
2021-06-17 00:00:00,10.547440574219813,10.563470486238467,10.114643141026471,10.152045249938965,1305100,0.0,0.0
2021-06-18 00:00:00,10.02915256955131,10.061211375270672,9.64444282439475,9.655129432678223,2503900,0.0,0.0
2021-06-21 00:00:00,9.687188647816635,9.911602335598891,9.639100946770746,9.852828025817871,1103500,0.0,0.0
2021-06-22 00:00:00,9.820767203823193,9.927631242076691,9.761992900001669,9.815424919128418,677400,0.0,0.0
2021-06-23 00:00:00,9.75130679999524,9.852827539708048,9.73527688768341,9.761993408203125,590200,0.0,0.0
2021-06-24 00:00:00,9.794050951030153,9.82076644897461,9.729932329180173,9.82076644897461,527400,0.0,0.0
2021-06-25 00:00:00,9.794051246232078,10.007778293622414,9.794051246232078,9.906258583068848,1587500,0.0,0.0
2021-06-28 00:00:00,9.93831753834357,9.94900414566029,9.778021485985677,9.874198913574219,802600,0.0,0.0
2021-06-29 00:00:00,9.884886741638184,9.94900537432595,9.834126879311558,9.884886741638184,469500,0.0,0.0
2021-06-30 00:00:00,9.858171239178084,9.93030329964657,9.836798021905132,9.884886741638184,592500,0.0,0.0
2021-07-01 00:00:00,9.906260215056582,10.050525358854896,9.882215854568342,10.002436637878418,585100,0.0,0.0
2021-07-02 00:00:00,10.034494416896976,10.061209914596075,9.940988136688306,9.997091293334961,564900,0.0,0.0
2021-07-06 00:00:00,10.013121186596344,10.087925395332771,9.858169465766471,10.034494400024414,928700,0.0,0.0
2021-07-07 00:00:00,10.013123222351084,10.0718985520969,9.965034501491981,10.039839744567871,742400,0.0,0.0
2021-07-08 00:00:00,9.94366247035848,9.97305013572645,9.810082914417636,9.900917053222656,951300,0.0,0.0
2021-07-09 00:00:00,9.950065386992197,10.157586551501907,9.933682849847145,10.152125358581543,858500,0.4,0.0
2021-07-12 00:00:00,10.113896475325586,10.21219584935782,10.037440827958358,10.206734657287598,482600,0.0,0.0
2021-07-13 00:00:00,10.146662712097168,10.190351207585435,10.092051832332858,10.146662712097168,646200,0.0,0.0
2021-07-14 00:00:00,10.124819614581925,10.20673541851283,10.053825153990106,10.092052459716797,571900,0.0,0.0
2021-07-15 00:00:00,10.053825969247052,10.163047744422274,10.037442390485955,10.152125358581543,513700,0.0,0.0
2021-07-16 00:00:00,10.201274961025778,10.217657498022728,10.059287071228027,10.059287071228027,451700,0.0,0.0
2021-07-19 00:00:00,9.89545535561606,9.918391740482225,9.666090465338389,9.731622695922852,842100,0.0,0.0
2021-07-20 00:00:00,9.791693454531844,10.160315066291206,9.748004959496543,10.053824424743652,764300,0.0,0.0
2021-07-21 00:00:00,10.048363289585778,10.217656078604621,10.048363289585778,10.135740280151367,748800,0.0,0.0
2021-07-22 00:00:00,10.12481883201319,10.12481883201319,9.950063811087565,10.042901992797852,566500,0.0,0.0
2021-07-23 00:00:00,10.053825652157874,10.119358923519352,10.018328420103074,10.097514152526855,273000,0.0,0.0
2021-07-26 00:00:00,10.130281085445954,10.234041672807225,10.10570623690292,10.157587051391602,481700,0.0,0.0
2021-07-27 00:00:00,10.127548327415749,10.201272853519185,10.048362609569558,10.108434677124023,465200,0.0,0.0
2021-07-28 00:00:00,10.124820390518302,10.152125313382518,9.988293692965138,10.070209503173828,399500,0.0,0.0
2021-07-29 00:00:00,10.146663938793735,10.228579747535587,10.111166706413057,10.119359016418457,442500,0.0,0.0
2021-07-30 00:00:00,10.130282136358863,10.261348703262593,10.053827507011857,10.086593627929688,489400,0.0,0.0
2021-08-02 00:00:00,10.092051717956627,10.206734668323529,9.950063848824975,9.982831001281738,510600,0.0,0.0
2021-08-03 00:00:00,10.01013637447435,10.021058759122445,9.8599572312188,9.977370262145996,661400,0.0,0.0
2021-08-04 00:00:00,9.900916523057399,9.993754727261075,9.715241156266178,9.742546081542969,652900,0.0,0.0
2021-08-05 00:00:00,9.786233142018022,9.971909523010254,9.786233142018022,9.971909523010254,419400,0.0,0.0
2021-08-06 00:00:00,10.021058759122445,10.108435753075344,9.950064300525758,9.977370262145996,498500,0.0,0.0
2021-08-09 00:00:00,9.950063966312712,9.966447542734546,9.849034515751141,9.851765632629395,469600,0.0,0.0
2021-08-10 00:00:00,9.84084516028603,9.889994857484732,9.687934875488281,9.687934875488281,675100,0.0,0.0
2021-08-11 00:00:00,9.75892934549356,9.75892934549356,9.6169414470991,9.687934875488281,612000,0.0,0.0
2021-08-12 00:00:00,9.74254471007732,9.74254471007732,9.53229348187163,9.59509563446045,457100,0.0,0.0
2021-08-13 00:00:00,9.60601838589687,9.720700310226988,9.567791077786831,9.660629272460938,401600,0.0,0.0
2021-08-16 00:00:00,9.682471823625532,9.808076118303878,9.644244520168286,9.69885540008545,604400,0.0,0.0
2021-08-17 00:00:00,9.61148048248489,9.687935105894017,9.531748934753622,9.649707794189453,441600,0.0,0.0
2021-08-18 00:00:00,9.638783988557337,9.638783988557337,9.461299918683508,9.491334915161133,668900,0.0,0.0
2021-08-19 00:00:00,9.425802637247772,9.524102018981974,9.316580870517333,9.409419059753418,589500,0.0,0.0
2021-08-20 00:00:00,9.393037115086155,9.5623299267195,9.300198920006702,9.507719039916992,495000,0.0,0.0
2021-08-23 00:00:00,9.513178310209376,9.562327994237208,9.398495366939162,9.436723709106445,612300,0.0,0.0
2021-08-24 00:00:00,9.436725065374628,9.447646408804816,9.338425683191147,9.349348068237305,774800,0.0,0.0
2021-08-25 00:00:00,9.338425636291504,9.442186210476954,9.32204205880455,9.338425636291504,1126500,0.0,0.0
2021-08-26 00:00:00,9.327501798162281,9.382112672994966,9.267429731684746,9.332962989807129,663700,0.0,0.0
2021-08-27 00:00:00,9.354807448560601,9.474951590939762,9.338424913956812,9.371191024780273,828500,0.0,0.0
2021-08-30 00:00:00,9.398495991413327,9.436724336120658,9.331871114365974,9.382113456726074,660300,0.0,0.0
2021-08-31 00:00:00,9.338427230247415,9.365732155770328,9.234666638351294,9.28381633758545,1230900,0.0,0.0
2021-09-01 00:00:00,9.300197736911489,9.34934742461972,9.256509241350383,9.311119079589844,646000,0.0,0.0
2021-09-02 00:00:00,9.311121752042379,9.376655035001168,9.30020040622941,9.360271453857422,476500,0.0,0.0
2021-09-03 00:00:00,9.365730608061826,9.420341491699219,9.286544878868405,9.420341491699219,616700,0.0,0.0
2021-09-07 00:00:00,9.37119151923302,9.403957631785321,9.2892757170443,9.305659294128418,603500,0.0,0.0
2021-09-08 00:00:00,9.311121752042379,9.387577422430333,9.278355631371081,9.360271453857422,637900,0.0,0.0
2021-09-09 00:00:00,9.29473652696163,9.338425022439058,9.169132232666016,9.169132232666016,831700,0.0,0.0
2021-09-10 00:00:00,9.212820366306712,9.283813778063278,8.945227170199406,8.950688362121582,1023100,0.0,0.0
2021-09-13 00:00:00,9.054449629136876,9.218281233071954,9.005299939633167,9.070833206176758,633300,0.0,0.0
2021-09-14 00:00:00,9.141825442030653,9.169131400234974,9.059909650649292,9.10905933380127,821200,0.0,0.0
2021-09-15 00:00:00,9.098137807894998,9.155478763103975,9.070832888733362,9.087215423583984,535600,0.0,0.0
2021-09-16 00:00:00,9.07629576143629,9.136366803037696,9.010762485052103,9.054450988769531,486600,0.0,0.0
2021-09-17 00:00:00,9.059911126256452,9.109060817413544,8.890618324279785,8.890618324279785,2535700,0.0,0.0
2021-09-20 00:00:00,8.803241105390981,8.997108748065276,8.73770783829277,8.928845405578613,1173800,0.0,0.0
2021-09-21 00:00:00,9.010762583008235,9.038067507522424,8.907001994945327,8.912463188171387,558500,0.0,0.0
2021-09-22 00:00:00,8.972533303624667,9.013490681410618,8.901538848876953,8.901538848876953,665100,0.0,0.0
2021-09-23 00:00:00,8.928844683974315,9.046257706891657,8.874233806075296,8.961610794067383,489500,0.0,0.0
2021-09-24 00:00:00,8.917923245315516,8.977995321533289,8.879695939219104,8.890618324279785,722000,0.0,0.0
2021-09-27 00:00:00,8.91792310370626,9.119983057656425,8.85238983599876,8.857851028442383,694500,0.0,0.0
2021-09-28 00:00:00,8.874234648271191,8.92283853212101,8.792318844456496,8.79778003692627,711200,0.0,0.0
2021-09-29 00:00:00,8.830545798007362,8.907000406303625,8.808701028999334,8.896079063415527,820400,0.0,0.0
2021-09-30 00:00:00,8.972535189483656,8.972535189483656,8.743170284180147,8.748631477355957,850400,0.0,0.0
2021-10-01 00:00:00,8.81416459394353,8.999841014030487,8.797782054393398,8.972536087036133,740100,0.0,0.0
2021-10-04 00:00:00,9.010762214660645,9.054450717067084,8.970350636379104,9.010762214660645,679500,0.0,0.0
2021-10-05 00:00:00,9.059910898159092,9.092677010900225,8.928845405578613,8.928845405578613,584100,0.0,0.0
2021-10-06 00:00:00,8.912460489799802,9.021682238020361,8.780302361943766,9.016221046447754,650600,0.0,0.0
2021-10-07 00:00:00,9.043525962695,9.109059219950494,9.010759854875147,9.016221046447754,1008800,0.0,0.0
2021-10-08 00:00:00,8.993835830030546,9.033012293960661,8.853919277435226,8.881902694702148,613500,0.4,0.0
2021-10-11 00:00:00,8.90428916817635,8.932272584960582,8.820339451562937,8.848322868347168,543100,0.0,0.0
2021-10-12 00:00:00,8.85951477461537,9.010624885559082,8.820338316402948,9.010624885559082,646300,0.0,0.0
2021-10-13 00:00:00,9.005029204645492,9.12815538382334,8.972008890447764,9.12255859375,660400,0.0,0.0
2021-10-14 00:00:00,9.122558482989039,9.206509265591327,9.111365970456806,9.200912475585938,485500,0.0,0.0
2021-10-15 00:00:00,9.262474218446979,9.307247467085308,9.15613842010498,9.15613842010498,555800,0.0,0.0
2021-10-18 00:00:00,9.100172063448491,9.156138894012772,9.027414863471375,9.116962432861328,565600,0.0,0.0
2021-10-19 00:00:00,9.133751999533324,9.15054236943282,9.052600146236893,9.072188377380371,511100,0.0,0.0
2021-10-20 00:00:00,9.06659427852617,9.217703364767914,9.049803905619873,9.195317268371582,546500,0.0,0.0
2021-10-21 00:00:00,9.20650937737157,9.251282630479746,9.086181059491112,9.12255859375,666600,0.0,0.0
2021-10-22 00:00:00,9.150541630590382,9.262474218446979,9.128154472531994,9.15613842010498,580300,0.0,0.0
2021-10-25 00:00:00,9.150542259216309,9.214903741838022,9.105769007502138,9.150542259216309,495800,0.0,0.0
2021-10-26 00:00:00,9.144946403817995,9.234492916396887,9.128156032404966,9.133752822875977,490400,0.0,0.0
2021-10-27 00:00:00,9.139350270235525,9.170132086299198,9.066594123840332,9.066594123840332,755700,0.0,0.0
2021-10-28 00:00:00,9.088978469240688,9.195315340394167,9.035810567403201,9.1785249710083,645200,0.0,0.0
2021-10-29 00:00:00,9.156139329917355,9.167331842580259,8.951860762249932,8.965852737426758,816700,0.0,0.0
2021-11-01 00:00:00,8.993835192124209,9.144945314404215,8.93786889529918,9.116962432861328,552300,0.0,0.0
2021-11-02 00:00:00,9.18412237015208,9.18412237015208,9.069390840432709,9.07778549194336,474500,0.0,0.0
2021-11-03 00:00:00,9.07218841746231,9.184122082329754,9.066592694949625,9.105769157409668,595600,0.0,0.0
2021-11-04 00:00:00,9.156141107308951,9.212106883923225,8.775567848450814,8.820341110229492,988200,0.0,0.0
2021-11-05 00:00:00,8.932272079296995,9.136550636640004,8.92667528950913,9.021819114685059,728100,0.0,0.0
2021-11-08 00:00:00,9.044205641099962,9.044205641099962,8.848322792762193,8.870709419250488,705500,0.0,0.0
2021-11-09 00:00:00,8.881902114528051,8.918280714720554,8.747582360907867,8.76996898651123,670300,0.0,0.0
2021-11-10 00:00:00,8.797951749590649,8.915481658728396,8.741984922862496,8.758774757385254,654700,0.0,0.0
2021-11-11 00:00:00,8.758776754169205,8.834331827355129,8.725197077468353,8.831533432006836,539100,0.0,0.0
2021-11-12 00:00:00,8.859515488924687,8.881902114528051,8.744783965990038,8.76996898651123,536000,0.0,0.0
2021-11-15 00:00:00,8.792356507328789,8.887499809265137,8.781162926517778,8.887499809265137,768200,0.0,0.0
2021-11-16 00:00:00,8.881903727298157,8.893097309001991,8.663633687727588,8.686020851135254,847000,0.0,0.0
2021-11-17 00:00:00,8.658037017082039,8.691616693110971,8.529313502332931,8.607666969299316,831700,0.0,0.0
2021-11-18 00:00:00,8.585280883040495,8.60207072211559,8.467750942036107,8.529314041137695,844500,0.0,0.0
2021-11-19 00:00:00,8.456558556648394,8.482862837292176,8.322238757564476,8.367012023925781,962700,0.0,0.0
2021-11-22 00:00:00,8.339025154051843,8.537706908474044,8.288655650508268,8.467748641967773,840300,0.0,0.0
2021-11-23 00:00:00,8.473346594680244,8.492934826592968,8.3670097160979,8.38379955291748,920100,0.0,0.0
2021-11-24 00:00:00,8.378203943926382,8.431371853587006,8.339026943334101,8.394993782043457,558100,0.0,0.0
2021-11-26 00:00:00,8.22709279376871,8.355816293566109,7.913680029785877,8.109562873840332,844800,0.0,0.0
2021-11-29 00:00:00,8.159931700899573,8.193511901767856,8.003225342239025,8.081578254699707,860300,0.0,0.0
2021-11-30 00:00:00,7.992033635607828,8.05919351933268,7.8856972864783055,7.94726037979126,1351400,0.0,0.0
2021-12-01 00:00:00,8.025615140017926,8.115161666107708,7.712201764964294,7.723395347595215,1068700,0.0,0.0
2021-12-02 00:00:00,7.768167519699376,8.06479047914969,7.740184100791387,8.0368070602417,925600,0.0,0.0
2021-12-03 00:00:00,8.07038760505446,8.190715937741686,8.007704722746123,8.137547492980957,1804900,0.0,0.0
2021-12-06 00:00:00,8.232690992894868,8.557297392309675,8.232690992894868,8.473347663879395,828000,0.0,0.0
2021-12-07 00:00:00,8.529313795817927,8.641246942664749,8.462153907709835,8.501330375671387,716600,0.0,0.0
2021-12-08 00:00:00,8.501327396970169,8.64684070375565,8.473344520367633,8.562891006469727,749100,0.0,0.0
2021-12-09 00:00:00,8.523717083921136,8.551700504326643,8.462153986020503,8.478943824768066,527700,0.0,0.0
2021-12-10 00:00:00,8.55729721596447,8.55729721596447,8.422977439748285,8.501330375671387,622200,0.0,0.0
2021-12-13 00:00:00,8.434170819330722,8.501330710080623,8.372607719578154,8.428574562072754,872300,0.0,0.0
2021-12-14 00:00:00,8.428572447160226,8.513641407268699,8.27186554099227,8.283059120178223,1065300,0.0,0.0
2021-12-15 00:00:00,8.294254466516767,8.369809545763834,8.204707943145154,8.344624519348145,1592600,0.0,0.0
2021-12-16 00:00:00,8.36700875484008,8.422415690344534,8.235487403008065,8.305445671081543,1427200,0.0,0.0
2021-12-17 00:00:00,8.266267613453799,8.383796968702994,8.232687416426083,8.29425048828125,3122200,0.0,0.0
2021-12-20 00:00:00,8.17672280386052,8.193513173770876,7.796150159459996,7.992033004760742,1316300,0.0,0.0
2021-12-21 00:00:00,8.053596790724807,8.367009563075012,8.053596790724807,8.3502197265625,986300,0.0,0.0
2021-12-22 00:00:00,8.350218073539445,8.411781151057715,8.337905244540122,8.378201484680176,497900,0.0,0.0
2021-12-23 00:00:00,8.428575665477155,8.478945189829046,8.339028599015107,8.367012023925781,692500,0.0,0.0
2021-12-27 00:00:00,8.367008317459652,8.445361765752189,8.299848447668564,8.439764976501465,885600,0.0,0.0
2021-12-28 00:00:00,8.411784031540456,8.49853268915635,8.394994192602272,8.473347663879395,724000,0.0,0.0
2021-12-29 00:00:00,8.495733658929947,8.596473218771402,8.43417003119089,8.557296752929688,677200,0.0,0.0
2021-12-30 00:00:00,8.534908150525018,8.636207579477622,8.518118316725058,8.579681396484375,658300,0.0,0.0
2021-12-31 00:00:00,8.579682099143564,8.630052138407848,8.551698684692383,8.551698684692383,734600,0.0,0.0
2022-01-03 00:00:00,8.585280655711513,8.700012198208858,8.562894026291039,8.691617012023926,960700,0.0,0.0
2022-01-04 00:00:00,8.736390367429923,8.915483938512615,8.730794110317458,8.859517097473145,791200,0.0,0.0
2022-01-05 00:00:00,8.893097210547536,8.926676887808572,8.666431987208474,8.691617012023926,842000,0.0,0.0
2022-01-06 00:00:00,8.70280823522577,8.781161150094862,8.666429638688662,8.747581481933594,628600,0.0,0.0
2022-01-07 00:00:00,8.753178900396087,8.853918445860373,8.73638853136934,8.741985321044922,708600,0.0,0.0
2022-01-10 00:00:00,8.753178974741068,8.755977369602629,8.636768310448572,8.719598770141602,928500,0.0,0.0
2022-01-11 00:00:00,8.73079284821072,8.786759147420456,8.635649552440967,8.775566101074219,1301300,0.0,0.0
2022-01-12 00:00:00,8.746848032575544,8.8272526132951,8.540094100639912,8.54583740234375,1038500,0.4,0.0
2022-01-13 00:00:00,8.56881043285529,8.754889363060766,8.5458377727556,8.65495777130127,715400,0.0,0.0
2022-01-14 00:00:00,8.649216647024593,8.712391337276298,8.594656363614039,8.6607027053833,569400,0.0,0.0
2022-01-18 00:00:00,8.660701819310093,8.69228943505999,8.499893184759785,8.51137924194336,955900,0.0,0.0
2022-01-19 00:00:00,8.511379600185732,8.568811531655305,8.333341598510742,8.333341598510742,651200,0.0,0.0
2022-01-20 00:00:00,8.33908374883394,8.408001728446855,8.120843206204,8.126585960388184,708700,0.0,0.0
2022-01-21 00:00:00,8.126587476039594,8.238579693045207,8.063987335921144,8.09212875366211,772000,0.0,0.0
2022-01-24 00:00:00,8.040440283039096,8.074899553816623,7.761896656124249,8.046183586120605,1178200,0.0,0.0
2022-01-25 00:00:00,7.914088719653841,8.192632836764714,7.845170740040927,8.126585960388184,869400,0.0,0.0
2022-01-26 00:00:00,8.178277521834648,8.275911498310181,7.983009568883582,8.040441513061523,748100,0.0,0.0
2022-01-27 00:00:00,8.051925438126176,8.16678874049865,7.856657550237254,7.919832229614258,668300,0.0,0.0
2022-01-28 00:00:00,7.92557586423427,8.10361385345459,7.793482650179449,8.10361385345459,887900,0.0,0.0
2022-01-31 00:00:00,8.046180820809605,8.5400932141295,8.011721561875037,8.235705375671387,764400,0.0,0.0
2022-02-01 00:00:00,8.229962074563735,8.270164086894617,8.103612188752102,8.235705375671387,619500,0.0,0.0
2022-02-02 00:00:00,8.247195295207968,8.293140630178696,8.155304625266513,8.172533988952637,909400,0.0,0.0
2022-02-03 00:00:00,8.155303606111636,8.172532967644635,8.040440283039096,8.046183586120605,894800,0.0,0.0
2022-02-04 00:00:00,8.011725995612723,8.066286290906731,7.87963328330387,7.977267265319824,1325600,0.0,0.0
2022-02-07 00:00:00,8.000237461062675,8.080641505359443,7.977264798733388,8.011723518371582,654700,0.0,0.0
2022-02-08 00:00:00,8.051928577903297,8.074901247335777,7.9715239610337925,7.977267265319824,989200,0.0,0.0
2022-02-09 00:00:00,8.011723881967429,8.138073804368378,8.011723881967429,8.097871780395508,1185100,0.0,0.0
2022-02-10 00:00:00,8.028952602018801,8.224220498956848,7.977264524339426,8.01746654510498,1021800,0.0,0.0
2022-02-11 00:00:00,8.080641945251182,8.23053908174295,8.063412584494158,8.224221229553223,1050800,0.0,0.0
2022-02-14 00:00:00,8.21847799186595,8.287395978558795,8.060540459780643,8.086384773254395,838800,0.0,0.0
2022-02-15 00:00:00,8.140945292476175,8.218478235192968,8.117972629565067,8.155303001403809,485500,0.0,0.0
2022-02-16 00:00:00,8.184018348825388,8.33334092032488,8.184018348825388,8.327597618103027,1030100,0.0,0.0
2022-02-17 00:00:00,8.287395050411195,8.356313029385564,8.24144973109495,8.339083671569824,909700,0.0,0.0
2022-02-18 00:00:00,8.327597493730664,8.408002080501422,8.27590886992885,8.298881530761719,901200,0.0,0.0
2022-02-22 00:00:00,8.270167962693332,8.281654570291812,8.109359290295785,8.172533988952637,900800,0.0,0.0
2022-02-23 00:00:00,8.241452769972705,8.316113530607772,8.037569861081465,8.040441513061523,1007500,0.0,0.0
2022-02-24 00:00:00,8.04043980648643,8.212735054739154,7.925576490221781,8.184019088745117,1408500,0.0,0.0
2022-02-25 00:00:00,8.195504160583042,8.339083415973398,8.195504160583042,8.293137550354004,1470100,0.0,0.0
2022-02-28 00:00:00,8.212735614581982,8.26442424735244,8.026082644464296,8.161046981811523,1709300,0.0,0.0
2022-03-01 00:00:00,8.120843208818833,8.206990546434861,8.037566974440113,8.115099906921387,1219200,0.0,0.0
2022-03-02 00:00:00,8.16678815421581,8.45968941731077,8.115099534930996,8.442460060119629,993900,0.0,0.0
2022-03-03 00:00:00,8.402258146016157,8.557323458040033,8.382157137764118,8.54583740234375,1184700,0.0,0.0
2022-03-04 00:00:00,8.45394716204978,8.57455376492461,8.376414228549226,8.56881046295166,710400,0.0,0.0
2022-03-07 00:00:00,8.557324764358471,8.557324764358471,8.373543463471663,8.379286766052246,580400,0.0,0.0
2022-03-08 00:00:00,8.390773532897615,8.649216693759046,8.362058112989923,8.574555397033691,896800,0.0,0.0
2022-03-09 00:00:00,8.654957396159707,8.752591334279384,8.540094100639912,8.54583740234375,792000,0.0,0.0
2022-03-10 00:00:00,8.43097637330513,8.58317007539099,8.372395885142978,8.58029842376709,493700,0.0,0.0
2022-03-11 00:00:00,8.591784234285445,8.660128222094885,8.488406976248525,8.53435230255127,402000,0.0,0.0
2022-03-14 00:00:00,8.563067436218262,8.677930740812151,8.49989275561948,8.563067436218262,710300,0.0,0.0
2022-03-15 00:00:00,8.614757630350011,8.654959657357285,8.436719064996366,8.453948974609375,631400,0.0,0.0
2022-03-16 00:00:00,8.511380358259395,8.563068991643405,8.293139766033315,8.465435028076172,843100,0.0,0.0
2022-03-17 00:00:00,8.396515746328319,8.649215571330156,8.344827120863787,8.631985664367676,551200,0.0,0.0
2022-03-18 00:00:00,8.654959402348185,8.672189311453533,8.586041409061364,8.6607027053833,1014400,0.0,0.0
2022-03-21 00:00:00,8.677931020118127,8.695160927145347,8.522865690853335,8.557324409484863,535200,0.0,0.0
2022-03-22 00:00:00,8.614757101871628,8.712391059509761,8.60901379901962,8.6664457321167,618600,0.0,0.0
2022-03-23 00:00:00,8.614756461239262,8.695161052053622,8.565939486050448,8.586040496826172,429300,0.0,0.0
2022-03-24 00:00:00,8.586040341223969,8.654958325939528,8.511379054187584,8.631985664367676,449400,0.0,0.0
2022-03-25 00:00:00,8.620499547629711,8.787051479797995,8.61475624534873,8.769822120666504,591500,0.0,0.0
2022-03-28 00:00:00,8.769822120666504,8.787051479797995,8.706646890998618,8.769822120666504,543000,0.0,0.0
2022-03-29 00:00:00,8.83299759966697,9.09718350360489,8.83299759966697,9.091440200805664,1137700,0.0,0.0
2022-03-30 00:00:00,9.062725112746374,9.094312733491625,8.947861784188486,8.98806381225586,517700,0.0,0.0
2022-03-31 00:00:00,9.005291657676517,9.091438997416011,9.005291657676517,9.03400707244873,746100,0.0,0.0
2022-04-01 00:00:00,9.07420985801786,9.183329860835606,8.922015636579333,9.16610050201416,753100,0.0,0.0
2022-04-04 00:00:00,9.166102852518417,9.166102852518417,8.970834910097134,9.11441421508789,687300,0.0,0.0
2022-04-05 00:00:00,9.125899675870878,9.19481766788265,8.942117816127972,8.95934772491455,869000,0.0,0.0
2022-04-06 00:00:00,8.95360383167322,9.082824852783913,8.873199239104817,9.056981086730957,976700,0.0,0.0
2022-04-07 00:00:00,9.056980960266468,9.097182982133583,8.947860404182203,9.039751052856445,2659300,0.0,0.0
2022-04-08 00:00:00,8.986714816567988,9.063322944738593,8.668496740624988,8.88064193725586,1860700,0.4,0.0
2022-04-11 00:00:00,8.857071899826819,8.992609555546636,8.857071899826819,8.874751091003418,885800,0.0,0.0
2022-04-12 00:00:00,8.927785117776681,9.010286306758346,8.786354989802433,8.81581974029541,994000,0.0,0.0
2022-04-13 00:00:00,8.83939192618334,8.966089967044248,8.81287370544532,8.921893119812012,631600,0.0,0.0
2022-04-14 00:00:00,8.957250994528955,9.045645257122333,8.892428984888566,8.910107612609863,613000,0.0,0.0
2022-04-18 00:00:00,8.904214859008789,9.016180816455241,8.871804134058259,8.904214859008789,560700,0.0,0.0
2022-04-19 00:00:00,8.951356634607532,9.033857822011635,8.933678009447139,8.945464134216309,470400,0.0,0.0
2022-04-20 00:00:00,8.969036131562545,9.063322884999236,8.939571380615234,8.939571380615234,467200,0.0,0.0
2022-04-21 00:00:00,9.010285712881458,9.069215209983314,8.951356215779604,8.97492790222168,482300,0.0,0.0
2022-04-22 00:00:00,8.951358612781027,8.980823369222048,8.880643534518665,8.886536598205566,374500,0.0,0.0
2022-04-25 00:00:00,8.89832254161054,8.910108106747197,8.63903336468242,8.821714401245117,666300,0.0,0.0
2022-04-26 00:00:00,8.756892092631618,8.804035478600534,8.62135499846936,8.633140563964844,485600,0.0,0.0
2022-04-27 00:00:00,8.633137916351767,8.674388787918858,8.46224305412616,8.491707801818848,758100,0.0,0.0
2022-04-28 00:00:00,8.497602226674895,8.683229211522645,8.465190942815203,8.639032363891602,440000,0.0,0.0
2022-04-29 00:00:00,8.597781642893647,8.627246393924862,8.255991879715673,8.267777442932129,819300,0.0,0.0
2022-05-02 00:00:00,8.309029962485628,8.350280284891552,7.92009618354058,7.990811824798584,1131100,0.0,0.0
2022-05-03 00:00:00,7.990810774263839,8.167598168186508,7.9672390842745875,8.120454788208008,607900,0.0,0.0
2022-05-04 00:00:00,8.114562741549948,8.279564580713355,8.046793637292136,8.255992889404297,647300,0.0,0.0
2022-05-05 00:00:00,8.267779169531366,8.479924971664815,8.102777316089185,8.202957153320312,532900,0.0,0.0
2022-05-06 00:00:00,8.120456459689313,8.205904204734447,7.949561531592584,8.06742000579834,911800,0.0,0.0
2022-05-09 00:00:00,7.961347475177616,8.014383927837285,7.80223811719861,7.8375959396362305,1105400,0.0,0.0
2022-05-10 00:00:00,7.896524502970078,7.99965087114186,7.5370560423072765,7.58419942855835,1338700,0.0,0.0
2022-05-11 00:00:00,7.613662383620318,7.825807571544032,7.56651900852616,7.601876258850098,1045300,0.0,0.0
2022-05-12 00:00:00,7.625449463069659,7.763933646696911,7.54884188479972,7.755094051361084,903300,0.0,0.0
2022-05-13 00:00:00,7.819915703465609,7.979024466775486,7.690271130477016,7.967238903045654,744100,0.0,0.0
2022-05-16 00:00:00,7.967241358836296,8.10277847447052,7.9554552294801475,8.07331371307373,550100,0.0,0.0
2022-05-17 00:00:00,8.149919845054573,8.356172561645508,8.102776463318378,8.356172561645508,642600,0.0,0.0
2022-05-18 00:00:00,8.362064223546616,8.509387417183397,8.279563594785785,8.285456657409668,986500,0.0,0.0
2022-05-19 00:00:00,8.220634101921496,8.314920856037768,8.05563228221802,8.061525344848633,793200,0.0,0.0
2022-05-20 00:00:00,8.108668439897846,8.167597378174353,7.878844063237387,8.03795337677002,706200,0.0,0.0
2022-05-23 00:00:00,8.161706372332807,8.238313949921487,8.079205169245848,8.11456298828125,471300,0.0,0.0
2022-05-24 00:00:00,8.114560762573557,8.362063179961135,7.967237587322708,8.326705932617188,591300,0.0,0.0
2022-05-25 00:00:00,8.326708025838117,8.423941323467073,8.291350207612382,8.39153003692627,520700,0.0,0.0
2022-05-26 00:00:00,8.403315235010872,8.471083770294817,8.31786751157107,8.409208297729492,476700,0.0,0.0
2022-05-27 00:00:00,8.485817563127986,8.532960950323647,8.45340683567691,8.521175384521484,474400,0.0,0.0
2022-05-31 00:00:00,8.562424438607213,8.562424438607213,8.385636481832092,8.527067184448242,684600,0.0,0.0
2022-06-01 00:00:00,8.550639428973298,8.627247567276216,8.39742315236746,8.574211120605469,540900,0.0,0.0
2022-06-02 00:00:00,8.580105992930145,8.644928018086484,8.444568315975065,8.615463256835938,438000,0.0,0.0
2022-06-03 00:00:00,8.61546212282531,8.63608728438783,8.459299302147862,8.550640106201172,503900,0.0,0.0
2022-06-06 00:00:00,8.621353379641485,8.621353379641485,8.450458497094655,8.479923248291016,427300,0.0,0.0
2022-06-07 00:00:00,8.403316881333447,8.550640106201172,8.356173494335257,8.550640106201172,508400,0.0,0.0
2022-06-08 00:00:00,8.462244060377166,8.51528050013194,8.379743431419419,8.479923248291016,558200,0.0,0.0
2022-06-09 00:00:00,8.50349611959649,8.521174747975863,8.303136457985373,8.320815086364746,534600,0.0,0.0
2022-06-10 00:00:00,8.267777106017599,8.359117886691537,8.167597293789857,8.30313491821289,442900,0.0,0.0
2022-06-13 00:00:00,8.120454936322032,8.149919689844376,7.808129897769415,7.825808525085449,724100,0.0,0.0
2022-06-14 00:00:00,7.867059415359584,7.872951916477208,7.666699765531186,7.737414836883545,528800,0.0,0.0
2022-06-15 00:00:00,7.819917860053882,8.067420386571028,7.78456003512654,7.943668842315674,752200,0.0,0.0
2022-06-16 00:00:00,7.8140247690089915,7.8140247690089915,7.649022335900284,7.702058792114258,722900,0.0,0.0
2022-06-17 00:00:00,7.7492013578003585,7.908310709481299,7.667289681221852,7.843488693237305,1167500,0.0,0.0
2022-06-21 00:00:00,7.90241603194206,8.096882602956798,7.855272654847178,7.925987720489502,525900,0.0,0.0
2022-06-22 00:00:00,7.896523452313416,8.223581142658512,7.867059261321918,8.120454788208008,642500,0.0,0.0
2022-06-23 00:00:00,8.126346271164348,8.379742310775011,8.126346271164348,8.338491439819336,551000,0.0,0.0
2022-06-24 00:00:00,8.350281132857173,8.562426392193917,8.338495004119467,8.497604370117188,935300,0.0,0.0
2022-06-27 00:00:00,8.538854014221481,8.585997401417142,8.44456723983016,8.521175384521484,521900,0.0,0.0
2022-06-28 00:00:00,8.603673812807369,8.697960556729642,8.432778948949917,8.450457572937012,684700,0.0,0.0
2022-06-29 00:00:00,8.420993864797031,8.432779990239343,8.303135420340892,8.362064361572266,592000,0.0,0.0
2022-06-30 00:00:00,8.26777702310102,8.43749339594964,8.214740586336658,8.344385147094727,588100,0.0,0.0
2022-07-01 00:00:00,8.332601295939352,8.518228300747857,8.285457911797716,8.474031448364258,590700,0.0,0.0
2022-07-05 00:00:00,8.391528994701932,8.485815748935579,8.250098863351463,8.479923248291016,811500,0.0,0.0
2022-07-06 00:00:00,8.462243134930633,8.506440537888357,8.31491995705375,8.450457572937012,841400,0.0,0.0
2022-07-07 00:00:00,8.509389936861343,8.621355911895343,8.485818241379482,8.497604370117188,1010000,0.0,0.0
2022-07-08 00:00:00,8.48548046289009,8.503663473462874,8.340015222252855,8.443053245544434,708500,0.4,0.0
2022-07-11 00:00:00,8.44911386371704,8.503663473462874,8.375775470594904,8.443053245544434,502100,0.0,0.0
2022-07-12 00:00:00,8.424868838093452,8.655189069063626,8.41274702489893,8.618823051452637,609500,0.0,0.0
2022-07-13 00:00:00,8.594579594709153,8.66125101814757,8.509724582855958,8.570335388183594,439000,0.0,0.0
2022-07-14 00:00:00,8.41880977378824,8.615794043269267,8.36426015927987,8.552152633666992,472800,0.0,0.0
2022-07-15 00:00:00,8.697616945586361,8.894601180654881,8.597609529134502,8.861265182495117,671400,0.0,0.0
2022-07-18 00:00:00,8.93399820771254,8.988547815202327,8.782471777141998,8.800655364990234,481700,0.0,0.0
2022-07-19 00:00:00,8.92793806460519,9.0006712685204,8.891572040675113,8.982487678527832,486800,0.0,0.0
2022-07-20 00:00:00,8.988547989714638,9.103708402879462,8.921876567059062,9.067341804504395,572200,0.0,0.0
2022-07-21 00:00:00,8.982486642364824,9.109768867492676,8.876418603114502,9.109768867492676,614500,0.0,0.0
2022-07-22 00:00:00,9.127952969159974,9.188563198139146,9.00673135514664,9.073403358459473,390700,0.0,0.0
2022-07-25 00:00:00,9.08552381514267,9.212806028411368,9.067340806969257,9.134012222290039,540100,0.0,0.0
2022-07-26 00:00:00,9.12795402762297,9.182503066621397,9.067343213587968,9.097648620605469,393900,0.0,0.0
2022-07-27 00:00:00,9.121891754771797,9.170380169070015,9.000670719026248,9.079463958740234,444000,0.0,0.0
2022-07-28 00:00:00,9.152196628868587,9.21280685422203,9.106738237319181,9.170379638671875,432600,0.0,0.0
2022-07-29 00:00:00,9.15825809886202,9.206746514867083,9.052190050118142,9.146136283874512,640900,0.0,0.0
2022-08-01 00:00:00,9.085525166768544,9.270387607786443,9.037036752407701,9.230990409851074,551600,0.0,0.0
2022-08-02 00:00:00,9.230989233602703,9.24311162466198,9.024913787841797,9.024913787841797,405400,0.0,0.0
2022-08-03 00:00:00,9.085524763022741,9.134013175228839,8.964303732507496,8.976426124572754,476700,0.0,0.0
2022-08-04 00:00:00,8.940058827759152,9.07340223991917,8.673372581466538,8.746105194091797,462900,0.0,0.0
2022-08-05 00:00:00,8.727921311173022,8.843081710774824,8.721860693847194,8.83095932006836,399500,0.0,0.0
2022-08-08 00:00:00,8.86732822605129,8.964305064877207,8.861267029117782,8.927938461303711,464500,0.0,0.0
2022-08-09 00:00:00,8.940060972481586,8.958243985493153,8.885511355419322,8.946122169494629,500500,0.0,0.0
2022-08-10 00:00:00,9.00673069278274,9.06734149533203,8.989154034025958,8.994608879089355,387000,0.0,0.0
2022-08-11 00:00:00,9.073402434440128,9.118860246052037,8.976425615527404,9.012791633605957,386700,0.0,0.0
2022-08-12 00:00:00,9.067341549358849,9.097646950814065,9.000670128579337,9.085524559020996,365400,0.0,0.0
2022-08-15 00:00:00,9.067341906462572,9.091586112976074,9.012792297300317,9.091586112976074,348100,0.0,0.0
2022-08-16 00:00:00,9.049157737717762,9.094615546858172,8.994608135538305,9.043096542358398,344900,0.0,0.0
2022-08-17 00:00:00,8.95218103857669,8.964302851423051,8.81883762910226,8.849143028259277,449700,0.0,0.0
2022-08-18 00:00:00,8.861264841105637,8.970364046859936,8.843081832822392,8.849143028259277,441600,0.0,0.0
2022-08-19 00:00:00,8.81883837481101,8.843082580581198,8.715800355780845,8.800655364990234,492000,0.0,0.0
2022-08-22 00:00:00,8.727922441585989,8.727922441585989,8.549121201699686,8.570335388183594,468700,0.0,0.0
2022-08-23 00:00:00,8.533967587518875,8.7127688022241,8.533967587518875,8.588517189025879,554200,0.0,0.0
2022-08-24 00:00:00,8.588517784449971,8.661250398825912,8.54002937486601,8.582456588745117,365500,0.0,0.0
2022-08-25 00:00:00,8.576396156299959,8.691556572831187,8.546091331133571,8.685495376586914,362000,0.0,0.0
2022-08-26 00:00:00,8.679434671563023,8.679434671563023,8.488511603282875,8.503664016723633,503600,0.0,0.0
2022-08-29 00:00:00,8.485481262207031,8.579427500048041,8.430931647322723,8.485481262207031,371400,0.0,0.0
2022-08-30 00:00:00,8.52790674538183,8.54305973422094,8.333953112460613,8.382441520690918,478000,0.0,0.0
2022-08-31 00:00:00,8.418808628431279,8.47335765749086,8.340014815753054,8.346076011657715,631000,0.0,0.0
2022-09-01 00:00:00,8.303647727522385,8.333953127226877,8.100602300937943,8.164243698120117,647200,0.0,0.0
2022-09-02 00:00:00,8.255159501500481,8.288495499714305,8.043022854939386,8.061205863952637,627800,0.0,0.0
2022-09-06 00:00:00,8.061205759861382,8.061205759861382,7.958167746737721,8.036961555480957,663100,0.0,0.0
2022-09-07 00:00:00,8.043023599177358,8.188488840798447,8.006656999758341,8.170305252075195,508800,0.0,0.0
2022-09-08 00:00:00,8.073328424327803,8.17636644831628,8.000595803517259,8.170305252075195,500500,0.0,0.0
2022-09-09 00:00:00,8.194549645596494,8.282434674784106,8.152121851963114,8.224854469299316,410500,0.0,0.0
2022-09-12 00:00:00,8.279403892985886,8.406686115005137,8.279403892985886,8.327892303466797,468000,0.0,0.0
2022-09-13 00:00:00,8.206672467143443,8.23576574886118,7.982413391647229,8.006657600402832,489000,0.0,0.0
2022-09-14 00:00:00,8.030901126708452,8.030901126708452,7.855130483660083,7.9581685066223145,782700,0.0,0.0
2022-09-15 00:00:00,7.952106882790384,8.02483949896508,7.867251874906178,7.891496658325195,648200,0.0,0.0
2022-09-16 00:00:00,7.879374289056304,8.0490837272806,7.827855280199068,8.043023109436035,1189400,0.0,0.0
2022-09-19 00:00:00,7.982412306770775,8.043023109436035,7.936954493785556,8.043023109436035,480600,0.0,0.0
2022-09-20 00:00:00,7.9824129051716195,7.9824129051716195,7.8369476615031495,7.855130672454834,668500,0.0,0.0
2022-09-21 00:00:00,7.885434558217117,7.9399841585995885,7.7702741622924805,7.7702741622924805,686000,0.0,0.0
2022-09-22 00:00:00,7.800581142871196,7.806642339260761,7.503589456112567,7.576322078704834,847400,0.0,0.0
2022-09-23 00:00:00,7.503588391370172,7.503588391370172,7.276298761260917,7.370244979858398,854800,0.0,0.0
2022-09-26 00:00:00,7.309633815322377,7.309633815322377,6.7217112194647175,6.842932224273682,1686900,0.0,0.0
2022-09-27 00:00:00,6.909604844076648,6.909604844076648,6.630796195110611,6.642918586730957,1134900,0.0,0.0
2022-09-28 00:00:00,6.673223894855239,6.879299925312721,6.582307693050646,6.800506114959717,627500,0.0,0.0
2022-09-29 00:00:00,6.703529278358836,6.721712287462402,6.173186792280769,6.248950004577637,1146200,0.0,0.0
2022-09-30 00:00:00,6.291378358935374,6.515637438622325,6.261072952917668,6.455026626586914,996100,0.0,0.0
2022-10-03 00:00:00,6.570185765333605,6.633826585265049,6.376232129701667,6.594429969787598,920900,0.0,0.0
2022-10-04 00:00:00,6.667161716932202,6.930817911888375,6.642917515628088,6.897481918334961,776400,0.0,0.0
2022-10-05 00:00:00,6.806568284541169,6.839904290606135,6.6186757984219815,6.7944464683532715,903000,0.0,0.0
2022-10-06 00:00:00,6.745958290968457,6.788385516198402,6.485332586207155,6.509576797485352,802400,0.0,0.0
2022-10-07 00:00:00,6.4913925808683,6.5701863974311445,6.30956074095616,6.370171546936035,1005500,0.0,0.0
2022-10-10 00:00:00,6.4307816538246145,6.5035142728147335,6.351987838745117,6.351987838745117,827700,0.0,0.0
2022-10-11 00:00:00,6.364111529816175,6.521699192138246,6.230768078772301,6.509576797485352,1298700,0.0,0.0
2022-10-12 00:00:00,6.46550731070181,6.487541561843968,6.32070985972885,6.41514253616333,872900,0.4,0.0
2022-10-13 00:00:00,6.25145916374517,6.657520385953674,6.182207975178599,6.641781806945801,1006400,0.0,0.0
2022-10-14 00:00:00,6.704737501216172,6.87471705608525,6.547349291324822,6.597713470458984,1039200,0.0,0.0
2022-10-17 00:00:00,6.780284235472507,6.921933261324854,6.745658637860698,6.824352741241455,967800,0.0,0.0
2022-10-18 00:00:00,6.925081721820398,7.101356361176161,6.814909847077391,6.91878604888916,750600,0.0,0.0
2022-10-19 00:00:00,6.830648263592613,6.918785273194874,6.729919309151196,6.805466175079346,443100,0.0,0.0
2022-10-20 00:00:00,6.836942678758229,6.896750358378489,6.679554490569968,6.698441505432129,585200,0.0,0.0
2022-10-21 00:00:00,6.7551001332854455,6.918783978178498,6.673258811227155,6.893601894378662,730200,0.0,0.0
2022-10-24 00:00:00,6.925080318066814,6.9911830692801615,6.836942716060723,6.937671661376953,483000,0.0,0.0
2022-10-25 00:00:00,7.0195130429219725,7.472791198816854,6.975444541789241,7.40354061126709,788700,0.0,0.0
2022-10-26 00:00:00,7.479086724099377,7.535746567525539,7.397244794749175,7.460200309753418,662400,0.0,0.0
2022-10-27 00:00:00,7.52315508756515,7.652213350627542,7.52315508756515,7.592406272888184,687800,0.0,0.0
2022-10-28 00:00:00,7.630179269448329,7.762385371163029,7.57666726160218,7.693134784698486,704100,0.0,0.0
2022-10-31 00:00:00,7.630179419580378,7.7309077656519385,7.604997333062487,7.712021350860596,734500,0.0,0.0
2022-11-01 00:00:00,7.8001591342222705,7.847375472486512,7.677395934269267,7.749794960021973,700200,0.0,0.0
2022-11-02 00:00:00,7.749794457148493,7.825340713546848,7.589258437156384,7.592406272888184,635000,0.0,0.0
2022-11-03 00:00:00,7.579814649358289,7.910329583914055,7.441312884227797,7.844226837158203,761900,0.0,0.0
2022-11-04 00:00:00,7.856819312663544,8.074015214930403,7.822194314032875,7.96384334564209,752200,0.0,0.0
2022-11-07 00:00:00,7.932366026621139,8.096049308776855,7.84737624910151,8.096049308776855,650900,0.0,0.0
2022-11-08 00:00:00,8.121230460249597,8.209368063835642,8.05197987196733,8.10863971710205,567900,0.0,0.0
2022-11-09 00:00:00,8.06457215977025,8.127527083655878,7.803307754693378,7.869410514831543,726900,0.0,0.0
2022-11-10 00:00:00,8.051980039840078,8.26288024535613,8.051980039840078,8.140117645263672,873200,0.0,0.0
2022-11-11 00:00:00,8.215663416061698,8.24714117328872,8.039388816133979,8.133821487426758,583900,0.0,0.0
2022-11-14 00:00:00,8.102344512939453,8.1306744371418,8.007911832523856,8.102344512939453,491900,0.0,0.0
2022-11-15 00:00:00,8.203072865486313,8.234550625754292,8.026798248529307,8.102344512939453,536700,0.0,0.0
2022-11-16 00:00:00,8.083457444854997,8.099196023525211,7.951251342705002,7.995319843292236,1033600,0.0,0.0
2022-11-17 00:00:00,7.882000472901121,8.177889823913574,7.850522716303041,8.177889823913574,544200,0.0,0.0
2022-11-18 00:00:00,8.33527756419121,8.40452874510972,8.25973131259776,8.272322654724121,591900,0.0,0.0
2022-11-21 00:00:00,8.272322838633714,8.409564988610423,8.25910228934006,8.37934684753418,365700,0.0,0.0
2022-11-22 00:00:00,8.423415967486688,8.442302382103167,8.33213052946183,8.391938209533691,365500,0.0,0.0
2022-11-23 00:00:00,8.391937589552219,8.42971101638284,8.310095665076084,8.37934684753418,475300,0.0,0.0
2022-11-25 00:00:00,8.391938228168726,8.454893744214516,8.373051813510308,8.404529571533203,161300,0.0,0.0
2022-11-28 00:00:00,8.379348743860524,8.473781431725714,8.243994784302268,8.291211128234863,622400,0.0,0.0
2022-11-29 00:00:00,8.284913702254396,8.351017050081158,8.206219612224794,8.31009578704834,689600,0.0,0.0
2022-11-30 00:00:00,8.278618839407264,8.51784896850586,8.190481834215577,8.51784896850586,795800,0.0,0.0
2022-12-01 00:00:00,8.574510750397177,8.6934963346522,8.46119103198507,8.530442237854004,745500,0.0,0.0
2022-12-02 00:00:00,8.454895160839135,8.612283376935837,8.410826052067947,8.549327850341797,471100,0.0,0.0
2022-12-05 00:00:00,8.517846862812561,8.53043820352057,8.391936457673324,8.410822868347168,543900,0.0,0.0
2022-12-06 00:00:00,8.423416437098245,8.480076284494805,8.341574502013026,8.385643005371094,478600,0.0,0.0
2022-12-07 00:00:00,8.379347788807976,8.680273821540753,8.379347788807976,8.51784896850586,629800,0.0,0.0
2022-12-08 00:00:00,8.56821474274609,8.694125802908207,8.56821474274609,8.631170272827148,536400,0.0,0.0
2022-12-09 00:00:00,8.561917448802165,8.628020197888434,8.473779849632198,8.505257606506348,1361200,0.0,0.0
2022-12-12 00:00:00,8.498962424743457,8.62487285910644,8.42656400003328,8.5871000289917,601300,0.0,0.0
2022-12-13 00:00:00,8.807442297642906,8.858436273853423,8.565064359406167,8.59339427947998,762600,0.0,0.0
2022-12-14 00:00:00,8.561917124187524,8.763373799922864,8.561917124187524,8.59339427947998,701800,0.0,0.0
2022-12-15 00:00:00,8.54303026175742,8.593394431582698,8.4051583018316,8.473779678344727,732500,0.0,0.0
2022-12-16 00:00:00,8.335278188223183,8.413972281239765,8.206219923707051,8.284914016723633,1742500,0.0,0.0
2022-12-19 00:00:00,8.278619317046239,8.310097078025818,8.199925214791472,8.221960067749023,565400,0.0,0.0
2022-12-20 00:00:00,8.184187429181915,8.259733702635447,8.092272766460699,8.114936828613281,801900,0.0,0.0
2022-12-21 00:00:00,8.19677908817595,8.382496642269963,8.1558578132488,8.165301322937012,795100,0.0,0.0
2022-12-22 00:00:00,8.083458751825107,8.136970768499511,7.926070538122558,8.06457233428955,577800,0.0,0.0
2022-12-23 00:00:00,8.020502262771013,8.140117627034327,8.01420659088593,8.12752628326416,589400,0.0,0.0
2022-12-27 00:00:00,8.121229330735865,8.159002755701525,8.05197875208508,8.077160835266113,469900,0.0,0.0
2022-12-28 00:00:00,8.089752632900652,8.121229788359484,7.8882953557122395,7.9260687828063965,633200,0.0,0.0
2022-12-29 00:00:00,7.9512521421671805,8.011059827826312,7.91347870901711,7.976434230804443,537400,0.0,0.0
2022-12-30 00:00:00,7.894592434597882,7.970138701868154,7.8253418396972245,7.913478851318359,669800,0.0,0.0
2023-01-03 00:00:00,8.045684646488882,8.190482103241479,7.957547638402232,8.014206886291504,681200,0.0,0.0
2023-01-04 00:00:00,8.102343577191547,8.316391601827172,8.083457163367308,8.253436088562012,601000,0.0,0.0
2023-01-05 00:00:00,8.228254631872224,8.247141647527473,8.108639867997226,8.12752628326416,801800,0.0,0.0
2023-01-06 00:00:00,8.18418550428095,8.272323102774521,8.1401170052283,8.253436088562012,591900,0.0,0.0
2023-01-09 00:00:00,8.272322999043611,8.480075349669953,8.243993078468359,8.473779678344727,594900,0.0,0.0
2023-01-10 00:00:00,8.467485445067096,8.50840671524253,8.404530522287887,8.480076789855957,1050900,0.0,0.0
2023-01-11 00:00:00,8.524143452562141,8.807442044778435,8.524143452562141,8.794851303100586,1012900,0.0,0.0
2023-01-12 00:00:00,8.768925968027558,8.898547812497505,8.652266617047461,8.872623443603516,1051100,0.4,0.0
2023-01-13 00:00:00,8.755966503153003,8.937437135370041,8.74300400609456,8.93095588684082,778600,0.0,0.0
2023-01-17 00:00:00,8.930955185334387,9.183718295347129,8.930955185334387,9.164275169372559,751300,0.0,0.0
2023-01-18 00:00:00,9.209641746802578,9.216770748059108,8.905029919313707,8.956878662109375,563700,0.0,0.0
2023-01-19 00:00:00,8.937436796587788,9.067058671829372,8.924474918106558,8.982804298400879,596500,0.0,0.0
2023-01-20 00:00:00,9.00872815539505,9.131869393357611,8.911511909075823,9.125388145446777,473300,0.0,0.0
2023-01-23 00:00:00,9.164276164861613,9.310100552640124,9.105946162515849,9.235568046569824,517200,0.0,0.0
2023-01-24 00:00:00,9.229086229643675,9.290656852560842,9.15779435232465,9.255010604858398,293000,0.0,0.0
2023-01-25 00:00:00,9.235566783543781,9.251769285052516,9.17075554133722,9.20964241027832,352800,0.0,0.0
2023-01-26 00:00:00,9.22908612179344,9.345746117939347,9.19668049863226,9.339264869689941,289200,0.0,0.0
2023-01-27 00:00:00,9.34574521983776,9.48832957719346,9.306858352164097,9.46240520477295,529500,0.0,0.0
2023-01-30 00:00:00,9.41055645993193,9.536937698221191,9.397593964678778,9.46240520477295,396300,0.0,0.0
2023-01-31 00:00:00,9.462407075006716,9.721650850451043,9.436482697462283,9.689245223999023,1062400,0.0,0.0
2023-02-01 00:00:00,9.66980073088014,9.805903848304713,9.575824489238633,9.747573852539062,768800,0.0,0.0
2023-02-02 00:00:00,9.786459198103927,9.90311855337891,9.695723594591623,9.76701545715332,973600,0.0,0.0
2023-02-03 00:00:00,9.741092217962008,9.763775966951574,9.643875974267926,9.728130340576172,943800,0.0,0.0
2023-02-06 00:00:00,9.64387675242165,9.67628237562972,9.426759880439198,9.540179252624512,556500,0.0,0.0
2023-02-07 00:00:00,9.47536749530366,9.566103111776686,9.391113126739954,9.404075622558594,945600,0.0,0.0
2023-02-08 00:00:00,9.352227134956733,9.413797137546231,9.267972764055177,9.306859016418457,504200,0.0,0.0
2023-02-09 00:00:00,9.404076147040833,9.42351927376735,9.157794275523452,9.261491775512695,530600,0.0,0.0
2023-02-10 00:00:00,9.26149072298236,9.381391330022371,9.212234230659512,9.345745086669922,358300,0.0,0.0
2023-02-13 00:00:00,9.371670432527601,9.514254802667498,9.371670432527601,9.494811058044434,294200,0.0,0.0
2023-02-14 00:00:00,9.46240553941366,9.47536741703942,9.313339929159637,9.358707427978516,365300,0.0,0.0
2023-02-15 00:00:00,9.280933134974704,9.387871238736313,9.271211882505481,9.37814998626709,312400,0.0,0.0
2023-02-16 00:00:00,9.267972810647283,9.46564593367368,9.232326564063545,9.430000305175781,352200,0.0,0.0
2023-02-17 00:00:00,9.455924291557874,9.47536741703942,9.303618057375957,9.358707427978516,410600,0.0,0.0
2023-02-21 00:00:00,9.274454994891927,9.313341251375705,9.031413728567658,9.080021858215332,456300,0.0,0.0
2023-02-22 00:00:00,9.086501117053185,9.196679231685552,9.008727384946223,9.034651756286621,600000,0.0,0.0
2023-02-23 00:00:00,9.086501138164369,9.313339233398438,9.008727405876712,9.313339233398438,573800,0.0,0.0
2023-02-24 00:00:00,9.222605164975274,9.245289534565016,9.141591413555242,9.216124534606934,524200,0.0,0.0
2023-02-27 00:00:00,9.261491312011138,9.336023809137613,9.222604442418382,9.248529434204102,519400,0.0,0.0
2023-02-28 00:00:00,9.235565274583573,9.339262750702726,9.144829673936457,9.151310920715332,902100,0.0,0.0
2023-03-01 00:00:00,9.092982523978428,9.138350641268445,9.00872815539505,9.125388145446777,553800,0.0,0.0
2023-03-02 00:00:00,9.06705850417317,9.235567247914314,9.047615377767913,9.222604751586914,596600,0.0,0.0
2023-03-03 00:00:00,9.280934155058452,9.397594142197324,9.222604161489015,9.37166976928711,508300,0.0,0.0
2023-03-06 00:00:00,9.39759563565408,9.39759563565408,9.186959995023841,9.229086875915527,530900,0.0,0.0
2023-03-07 00:00:00,9.22908659525624,9.242049092420045,8.706061701945714,8.976324081420898,974100,0.0,0.0
2023-03-08 00:00:00,9.015208652275943,9.06057614770071,8.869384294945291,8.956878662109375,779100,0.0,0.0
2023-03-09 00:00:00,9.008726391955713,9.015207638597856,8.755963953769115,8.807812690734863,883500,0.0,0.0
2023-03-10 00:00:00,8.80133239447303,8.814294889157026,8.357377459004216,8.451353073120117,790000,0.0,0.0
2023-03-13 00:00:00,8.32821137480223,8.568011932320674,8.321730128307916,8.464314460754395,946900,0.0,0.0
2023-03-14 00:00:00,8.678191199415412,8.791609929813024,8.483758118884799,8.600418090820312,822900,0.0,0.0
2023-03-15 00:00:00,8.44487190246582,8.477277521384316,8.24395817772553,8.44487190246582,742700,0.0,0.0
2023-03-16 00:00:00,8.328212106328873,8.354136476497567,8.0398027928557,8.22451400756836,893200,0.0,0.0
2023-03-17 00:00:00,8.146741127507356,8.166184869248182,7.939346160291272,7.952308654785156,2384500,0.0,0.0
2023-03-20 00:00:00,8.036562820056352,8.195350295543316,7.978233446018079,8.120817184448242,947200,0.0,0.0
2023-03-21 00:00:00,8.250440281716891,8.318492155417841,8.068969648657491,8.075450897216797,808500,0.0,0.0
2023-03-22 00:00:00,8.017119233063298,8.049524851050833,7.686583042144775,7.686583042144775,1250400,0.0,0.0
2023-03-23 00:00:00,7.764356818137238,7.858333056525327,7.608810580204341,7.647697448730469,833000,0.0,0.0
2023-03-24 00:00:00,7.608810968772802,7.8874984561990065,7.563443468246987,7.881017208099365,815100,0.0,0.0
2023-03-27 00:00:00,7.9782345976838105,8.05600772571392,7.90370147582981,8.004158973693848,509000,0.0,0.0
2023-03-28 00:00:00,7.94582905051465,8.049526555564453,7.9328665533404825,7.997677803039551,506800,0.0,0.0
2023-03-29 00:00:00,8.06248719232418,8.127298432036646,8.023600942965333,8.120817184448242,532800,0.0,0.0
2023-03-30 00:00:00,8.218035083798423,8.25692133807733,8.10461570899419,8.166186332702637,377500,0.0,0.0
2023-03-31 00:00:00,8.230997355226785,8.334694862365723,8.179148601657317,8.334694862365723,592200,0.0,0.0
2023-04-03 00:00:00,8.38654226689723,8.490240375441449,8.23423665504715,8.315250396728516,917200,0.0,0.0
2023-04-04 00:00:00,8.334692098020836,8.363857089491326,8.094891537774577,8.172664642333984,685400,0.0,0.0
2023-04-05 00:00:00,8.153222337489373,8.208311702665075,8.091651725096352,8.107854843139648,568800,0.0,0.0
2023-04-06 00:00:00,8.185627233082716,8.198589108287672,8.08841038765989,8.140259742736816,583300,0.0,0.0
2023-04-10 00:00:00,8.143502688497994,8.205073317689653,7.9782351659658355,8.133781433105469,1149200,0.0,0.0
2023-04-11 00:00:00,8.166185870403279,8.205072122480779,8.030730505913017,8.101374626159668,1496000,0.0,0.0
2023-04-12 00:00:00,8.188412149507622,8.235280030300201,7.836906555413865,7.840254306793213,1437100,0.4,0.0
2023-04-13 00:00:00,7.8067779541015625,7.860340702720024,7.709695711674975,7.8067779541015625,1057300,0.0,0.0
2023-04-14 00:00:00,7.840256507126034,7.920600647223735,7.649439094579184,7.6996541023254395,700400,0.0,0.0
2023-04-17 00:00:00,7.699652697476368,7.833559573207069,7.699652697476368,7.813473701477051,718400,0.0,0.0
2023-04-18 00:00:00,7.806778510564495,7.853645759316739,7.508835620322304,7.538964748382568,965500,0.0,0.0
2023-04-19 00:00:00,7.525574929901435,7.682916098743587,7.472012169003227,7.646091461181641,628100,0.0,0.0
2023-04-20 00:00:00,7.632700029411613,7.692958291717872,7.535617770099207,7.612614154815674,601600,0.0,0.0
2023-04-21 00:00:00,7.632700038590563,7.699653805348799,7.498123976265647,7.626005172729492,536900,0.0,0.0
2023-04-24 00:00:00,7.632699010051913,7.659480385442614,7.445229382317,7.545660018920898,558900,0.0,0.0
2023-04-25 00:00:00,7.485401493961826,7.512182868384012,7.364884989802823,7.425143241882324,649100,0.0,0.0
2023-04-26 00:00:00,7.364886220431824,7.4653162316667006,7.264456209196947,7.284542083740234,752500,0.0,0.0
2023-04-27 00:00:00,7.291238116277967,7.485403286977749,7.291238116277967,7.4653167724609375,423400,0.0,0.0
2023-04-28 00:00:00,7.4519251160438476,7.602570117826791,7.4452296123597055,7.538964748382568,898400,0.0,0.0
2023-05-01 00:00:00,7.565746656044189,7.592528034143594,7.468663761359827,7.505488395690918,562300,0.0,0.0
2023-05-02 00:00:00,7.458621675914062,7.5054889313029935,7.267803625005273,7.37158203125,707800,0.0,0.0
2023-05-03 00:00:00,7.411752283671355,7.538964291893789,7.3715805410356765,7.391666412353516,550000,0.0,0.0
2023-05-04 00:00:00,7.351493465906837,7.458619594573975,7.1941529820655,7.458619594573975,564500,0.0,0.0
2023-05-05 00:00:00,7.545660615354844,7.6193092438711165,7.472011348320167,7.592527866363525,635400,0.0,0.0
2023-05-08 00:00:00,7.619308877037146,7.656133508781552,7.478706492262041,7.538964748382568,623400,0.0,0.0
2023-05-09 00:00:00,7.472010536143209,7.475358287782572,7.3581895344782255,7.391666412353516,598700,0.0,0.0
2023-05-10 00:00:00,7.505489360283304,7.505489360283304,7.11046350366021,7.291238307952881,851800,0.0,0.0
2023-05-11 00:00:00,7.150636298900565,7.307976844523127,7.11046390506154,7.184112548828125,1293300,0.0,0.0
2023-05-12 00:00:00,7.184111596917094,7.230979489938945,7.023423319889628,7.083681583404541,1231800,0.0,0.0
2023-05-15 00:00:00,7.063595266430604,7.103767013914663,6.809171857797377,6.835953235626221,1282700,0.0,0.0
2023-05-16 00:00:00,6.809171577441136,6.809171577441136,6.584877307915102,6.6016154289245605,1006200,0.0,0.0
2023-05-17 00:00:00,6.601615635606507,6.795780782579686,6.561443888518764,6.755609035491943,962600,0.0,0.0
2023-05-18 00:00:00,6.715435732629125,6.896210485387295,6.695349861828768,6.869429111480713,941100,0.0,0.0
2023-05-19 00:00:00,6.956469353118374,7.006684353830856,6.819214719862345,6.929687976837158,781200,0.0,0.0
2023-05-22 00:00:00,6.92299241240587,6.996641036903543,6.789085532174478,6.949773788452148,613500,0.0,0.0
2023-05-23 00:00:00,6.963164888375729,7.237674819822667,6.949774518205734,7.070291042327881,847800,0.0,0.0
2023-05-24 00:00:00,5.952166387109686,6.327105629995676,5.918689509365281,6.273542881011963,5349000,0.0,0.0
2023-05-25 00:00:00,6.246763108540692,6.397408777765346,6.102812944285688,6.18650484085083,3020200,0.0,0.0
2023-05-26 00:00:00,6.219980683864579,6.377321193148684,6.079378295678513,6.367278575897217,2213200,0.0,0.0
2023-05-30 00:00:00,6.400754839804855,6.414145207689249,6.260152465167895,6.3070197105407715,1738900,0.0,0.0
2023-05-31 00:00:00,6.3070201479339385,6.4810994121318135,6.253457395645111,6.440927028656006,1765000,0.0,0.0
2023-06-01 00:00:00,6.4610137939453125,6.5313153151129475,6.360583779155505,6.4610137939453125,887900,0.0,0.0
2023-06-02 00:00:00,6.568138511576338,6.768998497111169,6.534661634481092,6.722131252288818,1276800,0.0,0.0
2023-06-05 00:00:00,6.675265780921254,6.805824933908932,6.641788894932019,6.661874771118164,1478100,0.0,0.0
2023-06-06 00:00:00,6.641787328189218,6.8493428230285645,6.621701456741165,6.8493428230285645,998700,0.0,0.0
2023-06-07 00:00:00,6.862734362804356,7.204197396539524,6.856038858962084,7.1908063888549805,1315400,0.0,0.0
2023-06-08 00:00:00,7.143938415922339,7.143938415922339,6.905583994520663,7.097071170806885,1201900,0.0,0.0
2023-06-09 00:00:00,7.083680668683541,7.083680668683541,6.906253653302964,6.949773788452148,759300,0.0,0.0
2023-06-12 00:00:00,6.963165181696345,7.0836817108952035,6.906254669410047,7.0435099601745605,686400,0.0,0.0
2023-06-13 00:00:00,7.050203881597185,7.2108927785037995,7.010032136259316,7.143939018249512,859700,0.0,0.0
2023-06-14 00:00:00,7.190806512331656,7.287889404156479,7.1171578843571845,7.150634765625,789300,0.0,0.0
2023-06-15 00:00:00,7.170721231706059,7.2979326248168945,7.093724845388489,7.2979326248168945,616300,0.0,0.0
2023-06-16 00:00:00,7.344800281207653,7.344800281207653,7.097072368960556,7.204197883605957,2109200,0.0,0.0
2023-06-20 00:00:00,7.177416612507885,7.18411147838473,7.006685081538723,7.036814212799072,723200,0.0,0.0
2023-06-21 00:00:00,6.97655475392701,7.033465254490956,6.76230375816549,6.768998622894287,1008200,0.0,0.0
2023-06-22 00:00:00,6.7422175144345085,6.748913017945807,6.491141879426054,6.541357517242432,1064000,0.0,0.0
2023-06-23 00:00:00,6.474404083368811,6.538010092874467,6.317063574084705,6.367278575897217,1547300,0.0,0.0
2023-06-26 00:00:00,6.3672790110862385,6.675265185376422,6.3672790110862385,6.615006923675537,703700,0.0,0.0
2023-06-27 00:00:00,6.648483755241416,6.7689996391923675,6.568139619767972,6.748913764953613,715700,0.0,0.0
2023-06-28 00:00:00,6.748912981188593,6.748912981188593,6.615006104283732,6.675264358520508,656500,0.0,0.0
2023-06-29 00:00:00,6.655178061689651,6.91629695892334,6.648483196518307,6.91629695892334,845300,0.0,0.0
2023-06-30 00:00:00,6.983250769920633,7.003336642618501,6.78908563112556,6.882820129394531,1370500,0.0,0.0
2023-07-03 00:00:00,6.929689039980566,7.143940083100395,6.922993535253452,7.076986312866211,967000,0.0,0.0
2023-07-05 00:00:00,7.103766815280818,7.435186596090089,6.99664130696086,7.17072057723999,1758400,0.0,0.0
2023-07-06 00:00:00,7.137244160884314,7.170721044043195,6.876125876985604,7.0569000244140625,1236600,0.0,0.0
2023-07-07 00:00:00,7.030117528498744,7.2544117799487235,7.030117528498744,7.130547523498535,1034900,0.0,0.0
2023-07-10 00:00:00,7.130549724514999,7.261109524537168,7.063596586687881,7.217589378356934,1390900,0.0,0.0
2023-07-11 00:00:00,7.297932753756433,7.485403052257239,7.2376751276509586,7.472012042999268,2084400,0.0,0.0
2023-07-12 00:00:00,7.562288067293757,7.624785757519032,7.499789714813232,7.499789714813232,1581800,0.4,0.0
2023-07-13 00:00:00,7.499788512648488,7.524093276438305,7.3817362351649685,7.458122730255127,1176700,0.0,0.0
2023-07-14 00:00:00,7.416457630453293,7.513676685879142,7.336598269168302,7.506732940673828,1196800,0.0,0.0
2023-07-17 00:00:00,7.472012957267702,7.562288284301758,7.312294867205828,7.562288284301758,1170500,0.0,0.0
2023-07-18 00:00:00,7.597006570795389,7.7150588327860214,7.541452643065098,7.6039509773254395,1418400,0.0,0.0
2023-07-19 00:00:00,7.694227176339919,7.787974688706986,7.638673242105021,7.770613670349121,1517500,0.0,0.0
2023-07-20 00:00:00,7.770613464313963,7.84700061855292,7.583119106806313,7.791446685791016,1259500,0.0,0.0
2023-07-21 00:00:00,7.833112054978496,7.847000869741122,7.642145487778359,7.69422721862793,954500,0.0,0.0
2023-07-24 00:00:00,7.701172078566106,7.815752158070477,7.673395109663688,7.749781608581543,702200,0.0,0.0
2023-07-25 00:00:00,7.708116033390556,7.77755812043827,7.6803390661204425,7.69422721862793,580500,0.0,0.0
2023-07-26 00:00:00,7.701170679734937,7.787973774570083,7.690754069942899,7.763669013977051,743500,0.0,0.0
2023-07-27 00:00:00,7.791446255804732,7.8539445922765605,7.572702078153331,7.590063095092773,991600,0.0,0.0
2023-07-28 00:00:00,7.666451546591132,7.732422103348935,7.472012742850249,7.499789714813232,706600,0.0,0.0
2023-07-31 00:00:00,7.5345103720213835,7.5622873413177905,7.385208913707498,7.423401832580566,1017400,0.0,0.0
2023-08-01 00:00:00,7.402569319817257,7.402569319817257,7.222018687076545,7.347015380859375,917900,0.0,0.0
2023-08-02 00:00:00,7.270628678569802,7.3178494591479355,7.208130333412943,7.298405647277832,1426100,0.0,0.0
2023-08-03 00:00:00,7.374792143713003,7.475484069162493,7.215074739247817,7.333127021789551,1589000,0.0,0.0
2023-08-04 00:00:00,7.326181622242974,7.548397341765274,7.305349064101529,7.374791145324707,1213700,0.0,0.0
2023-08-07 00:00:00,7.388681252788597,7.7220048904418945,7.360904282984156,7.7220048904418945,1583700,0.0,0.0
2023-08-08 00:00:00,7.6178414192390385,7.728949298456804,7.534510509825714,7.7220048904418945,841500,0.0,0.0
2023-08-09 00:00:00,7.728949298456804,7.805335799855218,7.621313623246493,7.7220048904418945,863900,0.0,0.0
2023-08-10 00:00:00,7.791446956812407,7.908109822317393,7.640756759946659,7.673394680023193,1512700,0.0,0.0
2023-08-11 00:00:00,7.652563245421566,7.763671131149136,7.645618836999784,7.742837905883789,1117500,0.0,0.0
2023-08-14 00:00:00,7.694226492144328,7.7497804214391905,7.642144766212279,7.687282085418701,790100,0.0,0.0
2023-08-15 00:00:00,7.617842011219723,7.617842011219723,7.478957151404807,7.499789714813232,745900,0.0,0.0
2023-08-16 00:00:00,7.513676687509549,7.590063845080886,7.402568817138673,7.402568817138672,696400,0.0,0.0
2023-08-17 00:00:00,7.395624911883724,7.492844636187613,7.3331272272475,7.347015380859375,721300,0.0,0.0
2023-08-18 00:00:00,7.2914613939864275,7.437290648356363,7.26368442469002,7.423401832580566,1217900,0.0,0.0
2023-08-21 00:00:00,7.4303455758599055,7.437289983126661,7.201185434098016,7.284516334533691,887400,0.0,0.0
2023-08-22 00:00:00,7.340070495258199,7.444234620716962,7.298405374878812,7.416457653045654,948100,0.0,0.0
2023-08-23 00:00:00,7.395624387792659,7.4928441052070704,7.333126707585334,7.458122730255127,1053900,0.0,0.0
2023-08-24 00:00:00,7.458122751779622,7.66645033983738,7.395624409136781,7.437290191650391,1117400,0.0,0.0
2023-08-25 00:00:00,7.444234848022461,7.5414539067129915,7.381736503289881,7.444234848022461,695100,0.0,0.0
2023-08-28 00:00:00,7.478954971059814,7.642144550985661,7.478954971059814,7.6039509773254395,749400,0.0,0.0
2023-08-29 00:00:00,7.638673242204641,7.847000826715795,7.617840682430066,7.840056419372559,1181300,0.0,0.0
2023-08-30 00:00:00,7.84005660250938,7.996302460106294,7.808807430989997,7.944220066070557,1223000,0.0,0.0
2023-08-31 00:00:00,7.916444121434971,7.989359085155535,7.860890178721797,7.881723403930664,1597600,0.0,0.0
2023-09-01 00:00:00,7.999773559982084,8.041438674755186,7.4025678420237675,7.583118438720703,5257700,0.0,0.0
2023-09-05 00:00:00,7.527565751868386,7.72894893915246,7.4720118148421015,7.47895622253418,2210100,0.0,0.0
2023-09-06 00:00:00,7.506731953466642,7.583118438720703,7.3643742682692075,7.583118438720703,2262000,0.0,0.0
2023-09-07 00:00:00,7.576176095912119,7.902556007730414,7.558815737070235,7.7567267417907715,2165100,0.0,0.0
2023-09-08 00:00:00,7.826167583465575,7.944219186715229,7.617840017148106,7.826167583465576,7992100,0.0,0.0
2023-09-11 00:00:00,7.847001800748625,7.947693070703625,7.735893918485778,7.853946208953857,23335800,0.0,0.0
2023-09-12 00:00:00,7.847000848093063,7.937276157035668,7.610896295820888,7.715059757232666,3797200,0.0,0.0
2023-09-13 00:00:00,7.680338124645883,7.746307999916192,7.5831184199903445,7.6039509773254395,2236600,0.0,0.0
2023-09-14 00:00:00,7.673395980443717,7.930333137512207,7.638674599811703,7.930333137512207,3029400,0.0,0.0
2023-09-15 00:00:00,7.853945025711938,7.902554551314825,7.534509581203426,7.791446685791016,7794500,0.0,0.0
2023-09-18 00:00:00,7.722005971428734,7.73589478940282,7.430347416525852,7.4511799812316895,2598800,0.0,0.0
2023-09-19 00:00:00,7.444235770887266,7.562288067293757,7.437291362332707,7.499789714813232,1695000,0.0,0.0
2023-09-20 00:00:00,7.5622885382585,7.6733964330300175,7.444236234499939,7.4511799812316895,1550600,0.0,0.0
2023-09-21 00:00:00,7.4025681540039185,7.423400712268455,7.079660520755712,7.1039652824401855,2031200,0.0,0.0
2023-09-22 00:00:00,7.097022122160555,7.145631649531575,6.853973160795173,6.860917568206787,1749100,0.0,0.0
2023-09-25 00:00:00,6.888695522881533,6.9095280858469454,6.749810666020058,6.805364608764648,1309600,0.0,0.0
2023-09-26 00:00:00,6.756753768258832,6.7775869914940925,6.548426833947617,6.562314987182617,1803900,0.0,0.0
2023-09-27 00:00:00,6.610925459661058,6.652590583389186,6.454679590042572,6.478984355926514,1474700,0.0,0.0
2023-09-28 00:00:00,6.506761289578676,6.7012000778221195,6.492873135831743,6.638702392578125,1883600,0.0,0.0
2023-09-29 00:00:00,6.749810455839323,6.840085775552029,6.635230369714583,6.6734232902526855,1760500,0.0,0.0
2023-10-02 00:00:00,6.687312262937892,6.728977388545164,6.291490258392656,6.326210975646973,2881600,0.0,0.0
2023-10-03 00:00:00,6.284545199107595,6.298433352119787,6.086634217333932,6.152604103088379,1925100,0.0,0.0
2023-10-04 00:00:00,6.1873250397606165,6.284544752964939,5.992886275607088,6.076217174530029,1586600,0.0,0.0
2023-10-05 00:00:00,6.069272553235198,6.15260344921781,5.916499575061288,5.958164691925049,1685600,0.0,0.0
2023-10-06 00:00:00,5.916500321884309,5.954693240121223,5.7567822543988925,5.8748345375061035,1900800,0.0,0.0
2023-10-09 00:00:00,5.840113111239101,6.062328860019465,5.840113111239101,6.020663738250732,1395400,0.0,0.0
2023-10-10 00:00:00,6.01371910337135,6.06927303846791,5.954692964549362,5.992886543273926,1566000,0.0,0.0
2023-10-11 00:00:00,6.0392307340642155,6.187676995104422,5.981300519540361,6.017507076263428,1529800,0.354,0.0
2023-10-12 00:00:00,5.974059880546361,5.9957835412942755,5.79664848817582,5.821992874145508,1307200,0.0,0.0
2023-10-13 00:00:00,5.872681127874235,5.923370585923452,5.782165422356627,5.865440368652344,1515500,0.0,0.0
2023-10-16 00:00:00,5.981300117976725,6.1840558551979035,5.919749182854616,6.089919090270996,2141200,0.0,0.0
2023-10-17 00:00:00,5.995782705571566,6.307158125415726,5.995782705571566,6.227504253387451,1912400,0.0,0.0
2023-10-18 00:00:00,6.184056284096161,6.2238835656381735,5.97405908333555,6.024747848510742,1329700,0.0,0.0
2023-10-19 00:00:00,5.974058994035459,6.053712865346188,5.818371285515861,5.843715667724609,1674100,0.0,0.0
2023-10-20 00:00:00,5.8726809990493285,5.988542121632643,5.778544570694448,5.785785675048828,1759600,0.0,0.0
2023-10-23 00:00:00,5.720614122178893,5.818371271383271,5.64095990577033,5.67716646194458,1541300,0.0,0.0
2023-10-24 00:00:00,5.735096675590331,5.7966476139117695,5.659063183857455,5.67716646194458,1289500,0.0,0.0
2023-10-25 00:00:00,5.61923587825079,5.66992463920712,5.49613400971464,5.568546772003174,1275700,0.0,0.0
2023-10-26 00:00:00,5.604753876232435,5.713373209670011,5.554065107175217,5.662684440612793,1161100,0.0,0.0
2023-10-27 00:00:00,5.7133726720865745,5.7133726720865745,5.474410368183186,5.517858028411865,1198900,0.0,0.0
2023-10-30 00:00:00,5.590271215790908,5.731476381119782,5.499755163852451,5.611995220184326,1442000,0.0,0.0
2023-10-31 00:00:00,5.66992474020737,5.807509508943357,5.626477082060302,5.749578952789307,1696000,0.0,0.0
2023-11-01 00:00:00,5.771303063422406,5.88354311477083,5.673545911220777,5.879922389984131,1737000,0.0,0.0
2023-11-02 00:00:00,6.0392306916804195,6.140608221094375,5.995782685801135,6.118884563446045,1177100,0.0,0.0
2023-11-03 00:00:00,6.256469120680049,6.404915375476776,6.241986222366904,6.336122989654541,1460300,0.0,0.0
2023-11-06 00:00:00,6.30715806927164,6.321640277428489,6.129746703208852,6.162332534790039,1205200,0.0,0.0
2023-11-07 00:00:00,6.176814686787643,6.205779793420614,6.053712810951863,6.097160816192627,1116500,0.0,0.0
2023-11-08 00:00:00,6.046471626602504,6.205779356578419,5.880646178362312,6.003023624420166,1764200,0.0,0.0
2023-11-09 00:00:00,6.068195995987439,6.068195995987439,5.709752525516883,5.785785675048828,1820800,0.0,0.0
2023-11-10 00:00:00,5.836474709149519,5.879922022710806,5.720613940251323,5.850956916809082,1779800,0.0,0.0
2023-11-13 00:00:00,5.800267677508017,5.818370608240569,5.6409592628479,5.6409592628479,1711600,0.0,0.0
2023-11-14 00:00:00,5.959575263346827,6.229675209976399,5.945093057213224,6.184055328369141,1722300,0.0,0.0
2023-11-15 00:00:00,6.1912977295663785,6.415777138553492,6.1912977295663785,6.343364715576172,2184500,0.0,0.0
2023-11-16 00:00:00,6.328882180004154,6.41939823185976,6.205780294233915,6.372330188751221,1618100,0.0,0.0
2023-11-17 00:00:00,6.466466940924129,6.473707700202172,6.328882155901288,6.423018932342529,1716800,0.0,0.0
2023-11-20 00:00:00,6.37957145099037,6.401295109433586,6.292675436052202,6.386812210083008,1192600,0.0,0.0
2023-11-21 00:00:00,6.343364438811113,6.383191028007059,6.26370987925402,6.336122989654541,948000,0.0,0.0
2023-11-22 00:00:00,6.386812625793623,6.444742845801249,6.2673314607050585,6.3144001960754395,1073600,0.0,0.0
2023-11-24 00:00:00,6.314400208744296,6.32888241848391,6.24198708829813,6.321640968322754,611400,0.0,0.0
2023-11-27 00:00:00,6.2926752052154304,6.314399553444375,6.176814776991564,6.27819299697876,1186600,0.0,0.0
2023-11-28 00:00:00,6.270951328410592,6.35422592196337,6.1912974594361,6.336122989654541,1122600,0.0,0.0
2023-11-29 00:00:00,6.437501653953253,6.480948970750097,6.336123430456199,6.379571437835693,1352000,0.0,0.0
2023-11-30 00:00:00,6.401295221978082,6.401295221978082,6.151470728449521,6.357847213745117,7137600,0.0,0.0
2023-12-01 00:00:00,6.357847517010961,6.763359747724921,6.310779472214236,6.756118297576904,2287100,0.0,0.0
2023-12-04 00:00:00,6.756117299300331,7.024044699944071,6.67646343118979,7.0095624923706055,3231600,0.0,0.0
2023-12-05 00:00:00,6.944390622491431,7.016803039341035,6.843012410202899,6.857495307922363,2347600,0.0,0.0
2023-12-06 00:00:00,6.951632385535862,7.049389187230154,6.80680616412597,6.8212890625,1553000,0.0,0.0
2023-12-07 00:00:00,6.799566219644526,6.8415653869091555,6.719911650215395,6.734394550323486,1725700,0.0,0.0
2023-12-08 00:00:00,6.690946147428772,6.705429046685863,6.546120607771089,6.589568614959717,1618200,0.0,0.0
2023-12-11 00:00:00,6.618532935265078,6.647498039749676,6.459224515308505,6.4737067222595215,1623800,0.0,0.0
2023-12-12 00:00:00,6.459224641337909,6.473706848571497,6.3433642211389,6.394052982330322,1446300,0.0,0.0
2023-12-13 00:00:00,6.386811677038164,6.871977715468046,6.336122914706939,6.850254058837891,2751400,0.0,0.0
2023-12-14 00:00:00,6.973356336307981,7.183353537500568,6.90818467204431,6.99507999420166,2943000,0.0,0.0
2023-12-15 00:00:00,6.980598065854113,6.980598065854113,6.6474989722627145,6.676464080810547,5018900,0.0,0.0
2023-12-18 00:00:00,6.7343941316531755,6.748876340278237,6.61129225071826,6.640257358551025,1947500,0.0,0.0
2023-12-19 00:00:00,6.683705027866402,6.882840758989594,6.661981368490616,6.828531265258789,2393600,0.0,0.0
2023-12-20 00:00:00,6.828530511687016,7.031286254845219,6.814047613312985,6.8212890625,1319100,0.0,0.0
2023-12-21 00:00:00,6.915425346233095,7.038527211467115,6.8792187934144025,7.031285762786865,1468700,0.0,0.0
2023-12-22 00:00:00,7.06749368870188,7.212319237531285,7.027666403805285,7.125423908233643,1414200,0.0,0.0
2023-12-26 00:00:00,7.132664889232577,7.313696986009214,7.110940540399876,7.291972637176514,1160500,0.0,0.0
2023-12-27 00:00:00,7.270248889923096,7.342662003980317,7.1905950169262605,7.270248889923096,1202000,0.0,0.0
2023-12-28 00:00:00,7.197837160792306,7.320939064025878,7.197837160792306,7.320939064025879,931900,0.0,0.0
2023-12-29 00:00:00,7.3643865814672465,7.37524875710685,7.1978366745735975,7.205078125,1185200,0.0,0.0
2024-01-02 00:00:00,7.14714666868305,7.349902411534189,7.081975007263818,7.190594673156738,1422200,0.0,0.0
2024-01-03 00:00:00,7.096458103150497,7.132664659455971,6.962494051995033,7.024044990539551,1343200,0.0,0.0
2024-01-04 00:00:00,7.0095625498960965,7.154388079732255,6.936425709122531,7.074734210968018,1242400,0.0,0.0
2024-01-05 00:00:00,7.045768428040639,7.17973247501222,6.944390902250622,7.081974983215332,1875600,0.0,0.0
2024-01-08 00:00:00,7.053011275490917,7.248526297846638,6.99508105195946,7.2412848472595215,2190300,0.0,0.0
2024-01-09 00:00:00,7.168871176298979,7.284732305116226,7.103700197729053,7.22680139541626,1588000,0.0,0.0
2024-01-10 00:00:00,7.226800427977968,7.2774898808568995,7.176111665681629,7.219559669494629,2335900,0.0,0.0
2024-01-11 00:00:00,7.162500496289972,7.185023882364807,6.926003152490373,6.9973273277282715,2848700,0.354,0.0
2024-01-12 00:00:00,7.154992455919239,7.2075479780546345,6.9695484548562705,6.9898200035095215,1032200,0.0,0.0
2024-01-16 00:00:00,6.944772116145295,6.997326919253826,6.764583606054194,6.787106990814209,1373400,0.0,0.0
2024-01-17 00:00:00,6.659473310789768,6.8021230855268,6.419221963029075,6.524331569671631,1739300,0.0,0.0
2024-01-18 00:00:00,6.554363018135077,6.584395152748089,6.475530812792417,6.56187105178833,1353400,0.0,0.0
2024-01-19 00:00:00,6.614426405979674,6.700766642816881,6.50931608547863,6.651965141296387,1364100,0.0,0.0
2024-01-22 00:00:00,6.742059407019603,6.805876259580724,6.6294417688555,6.666981220245361,1391400,0.0,0.0
2024-01-23 00:00:00,6.764582788622683,6.7946142033422054,6.606917682343832,6.674488544464111,951900,0.0,0.0
2024-01-24 00:00:00,6.794615347052514,6.794615347052514,6.584395408630372,6.584395408630371,1257400,0.0,0.0
2024-01-25 00:00:00,6.704520445196495,6.757075245764025,6.629441544952489,6.6819963455200195,1415000,0.0,0.0
2024-01-26 00:00:00,6.734552806802536,6.794615649021051,6.651965861747907,6.659473896026611,803400,0.0,0.0
2024-01-29 00:00:00,6.659473186766293,6.703019208140506,6.54685554860219,6.666981220245361,950300,0.0,0.0
2024-01-30 00:00:00,6.60691854939798,6.644458001725198,6.50556224291614,6.576887130737305,822600,0.0,0.0
2024-01-31 00:00:00,6.584395466987105,6.629442239045474,6.336635356643946,6.344143390655518,1328000,0.0,0.0
2024-02-01 00:00:00,6.381682395935059,6.396698462902243,6.186477821394553,6.381682395935059,1714700,0.0,0.0
2024-02-02 00:00:00,6.239033473027901,6.347897096843177,6.133923150029103,6.254048824310303,1378400,0.0,0.0
2024-02-05 00:00:00,6.163955142683384,6.171463177026599,6.0213060701901195,6.066352844238281,1395300,0.0,0.0
2024-02-06 00:00:00,6.051336603911041,6.209001721963469,5.991273411984097,6.141430854797363,1300600,0.0,0.0
2024-02-07 00:00:00,6.156445620578655,6.160199636843069,5.968749103390248,6.028811931610107,2051400,0.0,0.0
2024-02-08 00:00:00,5.998781764091676,6.156446899934142,5.995028105049919,6.111400127410889,1668900,0.0,0.0
2024-02-09 00:00:00,6.103891783841365,6.118907135252626,5.93496496343304,6.021305561065674,1235100,0.0,0.0
2024-02-12 00:00:00,6.021305462590218,6.231525390948346,6.021305462590218,6.193985939025879,1755300,0.0,0.0
2024-02-13 00:00:00,6.013797144857525,6.100137378995849,5.8824094273396,5.991273403167725,2384400,0.0,0.0
2024-02-14 00:00:00,6.051337185517047,6.07386057140203,5.938718824081076,5.976258277893066,1326900,0.0,0.0
2024-02-15 00:00:00,6.073859975272996,6.193985642877011,6.013797141470989,6.126414775848389,1103800,0.0,0.0
2024-02-16 00:00:00,6.006289753929558,6.115154099402187,5.961242623735418,6.051337242126465,1257000,0.0,0.0
2024-02-20 00:00:00,5.991274468031592,6.006290179159379,5.7885621888050744,5.803577899932861,1760500,0.0,0.0
2024-02-21 00:00:00,5.811084747314453,5.863639907764033,5.7585299448676155,5.811084747314453,1300300,0.0,0.0
2024-02-22 00:00:00,5.781053586266948,5.781053586266948,5.668435942874321,5.6834516525268555,1603800,0.0,0.0
2024-02-23 00:00:00,5.698467747642576,5.787060547986064,5.6046194664653415,5.720991134643555,1188100,0.0,0.0
2024-02-26 00:00:00,5.675943573302054,5.698467316602085,5.473231315612793,5.473231315612793,2002900,0.0,0.0
2024-02-27 00:00:00,5.51077127456665,5.600865540035722,5.492001546426564,5.51077127456665,2481500,0.0,0.0
2024-02-28 00:00:00,5.533294565884308,5.533294565884308,5.127870020308155,5.375629425048828,4264500,0.0,0.0
2024-02-29 00:00:00,5.4281836615701335,5.495754526926648,5.278026580780903,5.413167953491211,2262300,0.0,0.0
2024-03-01 00:00:00,5.405660214191611,5.480739116668701,5.330581669717261,5.480739116668701,2029600,0.0,0.0
2024-03-04 00:00:00,5.495755134321564,5.570833683013916,5.4056605178879815,5.570833683013916,1460500,0.0,0.0
2024-03-05 00:00:00,5.525786018384383,5.61212625151407,5.3531051941222865,5.360612869262695,1898800,0.0,0.0
2024-03-06 00:00:00,5.413168646105097,5.443200066105457,5.289288949102918,5.383137226104736,1827500,0.0,0.0
2024-03-07 00:00:00,5.428183815783801,5.593356609344482,5.405660074024161,5.593356609344482,1873500,0.0,0.0
2024-03-08 00:00:00,5.57083391614282,5.732253071088533,5.533294461224308,5.563325881958008,1981300,0.0,0.0
2024-03-11 00:00:00,5.5332948075471595,5.751022800495222,5.503263384933827,5.728499412536621,1528000,0.0,0.0
2024-03-12 00:00:00,5.683451698713046,5.7585302475858375,5.630896535500713,5.743514537811279,1928300,0.0,0.0
2024-03-13 00:00:00,5.736007159335616,5.811085716787103,5.62714316153026,5.653420925140381,1803000,0.0,0.0
2024-03-14 00:00:00,5.630896115866111,5.649665841186211,5.443199578670574,5.518278121948242,1652300,0.0,0.0
2024-03-15 00:00:00,5.458215753288537,5.683451760352448,5.458215753288537,5.668436050415039,3884900,0.0,0.0
2024-03-18 00:00:00,5.630896720665953,5.78105382334927,5.6083729762620695,5.675943851470947,1170800,0.0,0.0
2024-03-19 00:00:00,5.668436848173287,5.7284996963759856,5.55581882879182,5.608373641967773,1243200,0.0,0.0
2024-03-20 00:00:00,5.570832613685427,5.777298851460006,5.533293167543617,5.6984663009643555,1229300,0.0,0.0
2024-03-21 00:00:00,5.720990762107305,5.86364018316807,5.690959342726381,5.856132507324219,1684400,0.0,0.0
2024-03-22 00:00:00,5.8636404088264795,5.893671829363143,5.668436175338168,5.675943851470947,1353800,0.0,0.0
2024-03-25 00:00:00,5.720990073464405,5.769791213584839,5.593356377457532,5.600864410400391,991300,0.0,0.0
2024-03-26 00:00:00,5.645912912221464,5.66843665854539,5.49200177935018,5.503263473510742,1475600,0.0,0.0
2024-03-27 00:00:00,5.5783419414671584,5.728499412536621,5.563326230160492,5.728499412536621,1338500,0.0,0.0
2024-03-28 00:00:00,5.690959674772666,5.874902218713873,5.690959674772666,5.833609104156494,1459800,0.0,0.0
2024-04-01 00:00:00,5.811084589877009,5.848624040324344,5.73600604698507,5.766037464141846,1423200,0.0,0.0
2024-04-02 00:00:00,5.675943493042397,5.683451526703826,5.454461512068729,5.525786399841309,2123500,0.0,0.0
2024-04-03 00:00:00,5.488246704637175,5.55957158925301,5.450707611999707,5.518278121948242,1304100,0.0,0.0
2024-04-04 00:00:00,5.600864994574883,5.743514413343202,5.548309832501476,5.585849285125732,1155400,0.0,0.0
2024-04-05 00:00:00,5.540802560464183,5.57834165782067,5.461969990611949,5.488247394561768,1350200,0.0,0.0
2024-04-08 00:00:00,5.570834332942344,5.690960024864723,5.548310586705497,5.653420925140381,1532700,0.0,0.0
2024-04-09 00:00:00,5.683452278616621,5.751022800495222,5.64666355321347,5.728499412536621,1928600,0.0,0.0
2024-04-10 00:00:00,5.529889357196919,5.529889357196919,5.249500493302449,5.342963695526123,3303800,0.275,0.0
2024-04-11 00:00:00,5.366330097857903,5.4013787580177866,5.26507886687065,5.31959867477417,1378200,0.0,0.0
2024-04-12 00:00:00,5.30402138609815,5.3741187044666185,5.25728996431528,5.280655860900879,1398200,0.0,0.0
2024-04-15 00:00:00,5.272867329543398,5.296233227124426,5.179404481995969,5.241713047027588,2293800,0.0,0.0
2024-04-16 00:00:00,5.187191930908809,5.233923346249901,5.078151961779594,5.117094993591309,1767900,0.0,0.0
2024-04-17 00:00:00,5.140460791015117,5.230029620426223,5.085940989223248,5.124883651733398,1254700,0.0,0.0
2024-04-18 00:00:00,5.140461143950539,5.22457799895778,5.101518478766651,5.156038284301758,1821000,0.0,0.0
2024-04-19 00:00:00,5.132671832496675,5.280654824801348,5.132671832496675,5.257288932800293,1808700,0.0,0.0
2024-04-22 00:00:00,5.265078595952939,5.331281163373816,5.21055841946645,5.31181001663208,1277200,0.0,0.0
2024-04-23 00:00:00,5.296232551910419,5.436426805358268,5.296232551910419,5.350752353668213,1029800,0.0,0.0
2024-04-24 00:00:00,5.311809822510107,5.434869337217752,5.24950089249337,5.420849800109863,1390100,0.0,0.0
2024-04-25 00:00:00,5.350752608648796,5.459792960137097,5.311809944307242,5.389695644378662,1700700,0.0,0.0
2024-04-26 00:00:00,5.389695742079059,5.459793059108166,5.35854146148575,5.381906986236572,1448300,0.0,0.0
2024-04-29 00:00:00,5.452003479003906,5.529889168712023,5.428637586397339,5.452003479003906,1145200,0.0,0.0
2024-04-30 00:00:00,5.38190638800032,5.471475213291129,5.358540865846738,5.413060665130615,1463800,0.0,0.0
2024-05-01 00:00:00,5.405272784392946,5.487052862315016,5.350752608648796,5.389695644378662,1442200,0.0,0.0
2024-05-02 00:00:00,5.483158166256788,5.549361100322577,5.393589709219716,5.5298895835876465,1417700,0.0,0.0
2024-05-03 00:00:00,5.670084262569539,5.716815680358646,5.545466777076955,5.576621055603027,1465600,0.0,0.0
2024-05-06 00:00:00,5.631140967587936,5.677872383209993,5.584409551965878,5.670083999633789,1285500,0.0,0.0
2024-05-07 00:00:00,5.701239385823089,5.755759195627528,5.599987779917204,5.607776165008545,1337000,0.0,0.0
2024-05-08 00:00:00,5.5065240726068545,5.662295464048909,5.5065240726068545,5.631141185760498,1059200,0.0,0.0
2024-05-09 00:00:00,5.685661345230774,5.786912563738387,5.638929556518595,5.755758285522461,1242400,0.0,0.0
2024-05-10 00:00:00,5.763546052693158,5.83364298096773,5.747968916255672,5.810277462005615,999800,0.0,0.0
2024-05-13 00:00:00,5.864799499511719,5.895953782343019,5.794702177447119,5.864799499511719,1094000,0.0,0.0
2024-05-14 00:00:00,5.91931825524347,6.004992703475258,5.903741116600262,5.966049671173096,1069300,0.0,0.0
2024-05-15 00:00:00,6.051724477916669,6.090667512525865,5.981627164175437,5.997204303741455,868900,0.0,0.0
2024-05-16 00:00:00,6.036147496912234,6.067301776862651,5.969944559170519,6.043936252593994,883400,0.0,0.0
2024-05-17 00:00:00,6.067301573351642,6.121821747130299,5.985521498377807,6.051724433898926,1157800,0.0,0.0
2024-05-20 00:00:00,6.051724513145995,6.106244687638592,6.020570233832599,6.075090408325195,1451500,0.0,0.0
2024-05-21 00:00:00,6.03614734755522,6.114033045504079,6.022906611779177,6.098455905914307,1036600,0.0,0.0
2024-05-22 00:00:00,6.098455673600256,6.149081468185555,6.016675601022202,6.036147117614746,959100,0.0,0.0
2024-05-23 00:00:00,6.028357372130417,6.028357372130417,5.7713344352177876,5.810277462005615,991000,0.0,0.0
2024-05-24 00:00:00,5.872587858021568,5.872587858021568,5.74797072725878,5.7869133949279785,940200,0.0,0.0
2024-05-28 00:00:00,5.841433034014824,5.8881644537203455,5.638929843902588,5.638929843902588,1414500,0.0,0.0
2024-05-29 00:00:00,5.561044243140399,5.56883299892378,5.4597930176746825,5.5376787185668945,1735400,0.0,0.0
2024-05-30 00:00:00,5.584409607053089,5.724603855302202,5.584409607053089,5.71681547164917,1175200,0.0,0.0
2024-05-31 00:00:00,5.747970505085008,5.860904868320669,5.740181749019217,5.8258562088012695,1301100,0.0,0.0
2024-06-03 00:00:00,5.872587081141373,5.954367155232914,5.8297500409556315,5.903741359710693,1114800,0.0,0.0
2024-06-04 00:00:00,5.880376090589926,5.985521692458026,5.876481712753397,5.942684650421143,901500,0.0,0.0
2024-06-05 00:00:00,5.958261666518357,5.989415945786329,5.876481590592855,5.973838806152344,769300,0.0,0.0
2024-06-06 00:00:00,5.927107607866316,5.985521790820952,5.880376187224943,5.934895992279053,820500,0.0,0.0
2024-06-07 00:00:00,5.810278636466219,5.880375950298139,5.736286944890681,5.771335601806641,993400,0.0,0.0
2024-06-10 00:00:00,5.716815527128008,5.775229704951615,5.6467182166290515,5.763546943664551,926600,0.0,0.0
2024-06-11 00:00:00,5.693449992936812,5.716815888375725,5.568832874298096,5.568832874298096,1312600,0.0,0.0
2024-06-12 00:00:00,5.7012384549456225,5.931001162756443,5.677872560709997,5.685661315917969,1966100,0.0,0.0
2024-06-13 00:00:00,5.6856615898651155,5.759652910964456,5.62724703715566,5.693449974060059,1248900,0.0,0.0
2024-06-14 00:00:00,5.638929870582634,5.6895556683502235,5.576621310680466,5.615564346313477,1095600,0.0,0.0
2024-06-17 00:00:00,5.568832751059066,5.654507203921351,5.545466856137243,5.599987030029297,1538700,0.0,0.0
2024-06-18 00:00:00,5.584409836683669,5.646718394023177,5.545466802652329,5.553255558013916,1065400,0.0,0.0
2024-06-20 00:00:00,5.522101454808578,5.6311414336174535,5.490947175148898,5.568832874298096,1821500,0.0,0.0
2024-06-21 00:00:00,5.58440993458589,5.592198318695722,5.4909470969381005,5.545466899871826,5129600,0.0,0.0
2024-06-24 00:00:00,5.561044740295448,5.654507961109992,5.522102072062042,5.607776165008545,1689800,0.0,0.0
2024-06-25 00:00:00,5.592198165805875,5.646718338637331,5.452003913167078,5.506524085998535,1215300,0.0,0.0
2024-06-26 00:00:00,5.467581272125244,5.545466971166396,5.444215376718744,5.467581272125244,1168200,0.0,0.0
2024-06-27 00:00:00,5.498735437681898,5.6272469312811735,5.463686780993313,5.599987030029297,1665600,0.0,0.0
2024-06-28 00:00:00,5.677872711467497,5.740181269232513,5.627246915436346,5.72460412979126,3495000,0.0,0.0
2024-07-01 00:00:00,5.709026838765305,5.724603977792959,5.576620971336103,5.685661315917969,1575800,0.0,0.0
2024-07-02 00:00:00,5.70902692200913,5.857009930623739,5.70513254434836,5.802489757537842,1306100,0.0,0.0
2024-07-03 00:00:00,5.794701221355579,5.872586915583151,5.747969804819037,5.763546943664551,479300,0.0,0.0
2024-07-05 00:00:00,5.763546932895249,5.89595279852886,5.740181038976495,5.888164043426514,1282100,0.0,0.0
2024-07-08 00:00:00,5.9348954598757375,5.950472598692146,5.814172726895647,5.888164043426514,1561200,0.0,0.0
2024-07-09 00:00:00,5.942684950069825,5.942684950069825,5.779124786571512,5.8258562088012695,1619600,0.0,0.0
2024-07-10 00:00:00,5.880375563008365,5.911529840128842,5.802489498818893,5.8959527015686035,1989100,0.0,0.0
2024-07-11 00:00:00,6.013144484655708,6.223281052262589,5.964651430592581,6.174787998199463,3206700,0.275,0.0
2024-07-12 00:00:00,6.2232815327523205,6.384925444164882,6.1990351965430035,6.3445143699646,2062700,0.0,0.0
2024-07-15 00:00:00,6.368760525648823,6.603143810251131,6.364719341510172,6.578897476196289,2241800,0.0,0.0
2024-07-16 00:00:00,6.619308529259601,6.829445503719182,6.619308529259601,6.813281536102295,2603700,0.0,0.0
2024-07-17 00:00:00,6.756704403673322,6.99108766919803,6.756704403673322,6.9425950050354,1623500,0.0,0.0
2024-07-18 00:00:00,6.869855573336309,7.0719101490226715,6.752663549465241,6.797115802764893,1304000,0.0,0.0
2024-07-19 00:00:00,6.78095129142376,6.886019754812435,6.7526630056530985,6.837526321411133,1001900,0.0,0.0
2024-07-22 00:00:00,6.837527498313563,6.970883499649691,6.736500201217191,6.95067834854126,968000,0.0,0.0
2024-07-23 00:00:00,6.942595011478068,7.148690761302997,6.894101576493438,7.104238510131836,1600500,0.0,0.0
2024-07-24 00:00:00,7.04766339925515,7.1527318648959675,6.966841265446216,6.983006000518799,844100,0.0,0.0
2024-07-25 00:00:00,6.974925174434971,7.201226120024513,6.966842805112483,7.055746555328369,1057900,0.0,0.0
2024-07-26 00:00:00,7.185060766614597,7.261840948040727,7.100197446647539,7.241635799407959,1099300,0.0,0.0
2024-07-29 00:00:00,7.25780005253494,7.25780005253494,7.079992579326067,7.144649982452393,1185500,0.0,0.0
2024-07-30 00:00:00,7.176979400760025,7.201225736659549,7.023417474916427,7.193143367767334,1259700,0.0,0.0
2024-07-31 00:00:00,7.185061788926432,7.221431678261841,7.031499862670898,7.031499862670898,1728000,0.0,0.0
2024-08-01 00:00:00,7.0638283635055545,7.120404173491472,6.853691402476953,6.926431179046631,1424700,0.0,0.0
2024-08-02 00:00:00,6.708211526710294,6.898142535080029,6.675882828035085,6.837526321411133,1303400,0.0,0.0
2024-08-05 00:00:00,6.498075941266517,6.651637098977631,6.376843103515341,6.489993572235107,1807200,0.0,0.0
2024-08-06 00:00:00,6.465746678063152,6.813280808657708,6.425335607169844,6.692047595977783,1213300,0.0,0.0
2024-08-07 00:00:00,6.845609541785577,6.869855876119005,6.530404112342724,6.538486480712891,1733900,0.0,0.0
2024-08-08 00:00:00,6.554651200668707,6.663760873885811,6.506158526423657,6.603144645690918,1243100,0.0,0.0
2024-08-09 00:00:00,6.627390341025156,6.627390341025156,6.42937693701606,6.514240264892578,3512100,0.0,0.0
2024-08-12 00:00:00,6.489993193206537,6.510199114604996,6.300062156723566,6.457664489746094,1755600,0.0,0.0
2024-08-13 00:00:00,6.518280776561834,6.586979368438773,6.437459402503558,6.481911659240723,2744400,0.0,0.0
2024-08-14 00:00:00,6.506157420587757,6.724375959154724,6.46978753569709,6.6758832931518555,1171300,0.0,0.0
2024-08-15 00:00:00,6.797116349802993,6.797116349802993,6.586979389190674,6.586979389190674,1399500,0.0,0.0
2024-08-16 00:00:00,6.578898229110389,6.667801978004001,6.562733490705831,6.643555641174316,645400,0.0,0.0
2024-08-19 00:00:00,6.651636334283588,6.7688283594348455,6.631431184805049,6.756704807281494,774900,0.0,0.0
2024-08-20 00:00:00,6.716294777122951,6.740541111622991,6.643555002845756,6.651636600494385,845700,0.0,0.0
2024-08-21 00:00:00,6.732457775549203,6.748622510077276,6.639512864343681,6.716293811798096,921700,0.0,0.0
2024-08-22 00:00:00,6.716295080453176,6.756705382852614,6.675884007276628,6.724376678466797,785200,0.0,0.0
2024-08-23 00:00:00,6.805198752705254,6.974924641626487,6.736500160266253,6.934513568878174,1280200,0.0,0.0
2024-08-26 00:00:00,6.99108734413033,7.051704327680581,6.950677049466114,7.023416042327881,1408800,0.0,0.0
2024-08-27 00:00:00,6.983007268960203,7.031499941432513,6.9425961947151915,6.9910888671875,1129000,0.0,0.0
2024-08-28 00:00:00,6.95067830628834,7.084034306813801,6.902184864834944,6.934513568878174,1099000,0.0,0.0
2024-08-29 00:00:00,6.991088268531978,6.991088268531978,6.898143345271431,6.918349266052246,845300,0.0,0.0
2024-08-30 00:00:00,6.942596314711955,6.991088988022419,6.861774164824991,6.9668426513671875,967900,0.0,0.0
2024-09-03 00:00:00,6.886021095447658,6.9223902141080975,6.861773988637865,6.869856357574463,1174900,0.0,0.0
2024-09-04 00:00:00,6.877938903113241,7.075952322481447,6.861774164824991,6.9668426513671875,868200,0.0,0.0
2024-09-05 00:00:00,7.031499862670898,7.136568346220178,6.987048375198716,7.031499862670898,1474700,0.0,0.0
2024-09-06 00:00:00,7.039582628291152,7.0961576723223905,6.9910891828521144,7.071911334991455,1663000,0.0,0.0
2024-09-09 00:00:00,7.06382811005953,7.067869294254751,6.902184596136089,7.039581775665283,1048700,0.0,0.0
2024-09-10 00:00:00,7.0557457416690905,7.088075215230852,6.950678035701658,7.039581775665283,686400,0.0,0.0
2024-09-11 00:00:00,6.950678683856081,6.987048574227501,6.837527828169759,6.9668426513671875,974900,0.0,0.0
2024-09-12 00:00:00,7.015336250270252,7.112322369808627,6.974925174434971,7.055746555328369,1026300,0.0,0.0
2024-09-13 00:00:00,7.136567758185976,7.225471496582031,7.112321424219243,7.225471496582031,1001500,0.0,0.0
2024-09-16 00:00:00,7.25780081951116,7.265883188450325,7.16889707351172,7.20930814743042,897900,0.0,0.0
2024-09-17 00:00:00,7.217390696145745,7.225472294509086,7.067869950155317,7.136568546295166,1152500,0.0,0.0
2024-09-18 00:00:00,7.144649367601974,7.358826707984978,7.116361852515689,7.160813331604004,1240600,0.0,0.0
2024-09-19 00:00:00,7.290129111666419,7.3224578113971726,7.047663478297268,7.104238510131836,1782100,0.0,0.0
2024-09-20 00:00:00,7.007253170013427,7.120404016716843,6.9870480195343205,7.007253170013428,3718200,0.0,0.0
2024-09-23 00:00:00,7.079993704360822,7.217390900531401,7.05574659625272,7.071911334991455,1571600,0.0,0.0
2024-09-24 00:00:00,7.079992771148682,7.152732544330843,7.047664068709617,7.079992771148682,1338800,0.0,0.0
2024-09-25 00:00:00,7.079993000861225,7.079993000861225,6.950678186909308,6.958759784698486,765100,0.0,0.0
2024-09-26 00:00:00,6.991088586935877,7.011294508636955,6.918349581143301,6.926431179046631,1017000,0.0,0.0
2024-09-27 00:00:00,7.0072519932714235,7.015334360416611,6.894101165569656,6.902183532714844,2088700,0.0,0.0
2024-09-30 00:00:00,6.877938927269059,6.926431600749832,6.740541734444957,6.805199146270752,2686700,0.0,0.0
2024-10-01 00:00:00,6.829444164054448,6.837526531666028,6.708211732988741,6.780951499938965,1301600,0.0,0.0
2024-10-02 00:00:00,6.7162944133727285,6.801156964915304,6.696088493402804,6.78903341293335,1499700,0.0,0.0
2024-10-03 00:00:00,6.869856478212596,6.88117148661168,6.744582840603965,6.84561014175415,1055300,0.0,0.0
2024-10-04 00:00:00,6.869856154691673,6.869856154691673,6.623349304845241,6.764787673950195,1403600,0.0,0.0
2024-10-07 00:00:00,6.748623707331485,6.789034009266813,6.7162950033169615,6.764787673950195,880100,0.0,0.0
2024-10-08 00:00:00,6.772868924060714,6.861772652723296,6.692046791984202,6.837526321411133,1239000,0.0,0.0
2024-10-09 00:00:00,6.8456098045736224,6.999170955616308,6.8213626985323295,6.926431179046631,1499400,0.0,0.0
2024-10-10 00:00:00,6.894101563393091,6.918348666227832,6.756704397104224,6.780951499938965,2672800,0.0,0.0
2024-10-11 00:00:00,6.810197925413113,6.893758958824359,6.785129934148569,6.8686909675598145,1198900,0.275,0.0
2024-10-14 00:00:00,6.8436226071531285,6.952251638618686,6.785130358247492,6.9104719161987305,834000,0.0,0.0
2024-10-15 00:00:00,6.927183590596542,7.240536287632387,6.927183590596542,7.1026611328125,2985500,0.0,0.0
2024-10-16 00:00:00,7.186220813141768,7.278137300024223,7.144440302050845,7.1778645515441895,2505700,0.0,0.0
2024-10-17 00:00:00,7.1444411079022565,7.1695090986255465,6.985675307228286,7.010744094848633,1035200,0.0,0.0
2024-10-18 00:00:00,7.010744078587765,7.052523797397324,6.952251037839681,7.027455806732178,851500,0.0,0.0
2024-10-21 00:00:00,7.01074483170725,7.027456561646897,6.78095236908426,6.785130500793457,790600,0.0,0.0
2024-10-22 00:00:00,6.751705786368785,6.82273242681648,6.739171392090808,6.768418312072754,688200,0.0,0.0
2024-10-23 00:00:00,6.726637471847462,6.79766410888605,6.7099249469456534,6.776773452758789,833500,0.0,0.0
2024-10-24 00:00:00,6.768418667735716,6.8310890486245945,6.734994411468506,6.734994411468506,1045200,0.0,0.0
2024-10-25 00:00:00,6.776773512955291,6.822732159946455,6.70240468903456,6.718281269073486,1122600,0.0,0.0
2024-10-28 00:00:00,6.7266378246269465,6.793486333945962,6.659788916859386,6.668145179748535,1006600,0.0,0.0
2024-10-29 00:00:00,6.659788731523838,6.659788731523838,6.5745570040485735,6.618008613586426,920000,0.0,0.0
2024-10-30 00:00:00,6.6180086918252226,6.764240102456261,6.601296564762978,6.69321346282959,974400,0.0,0.0
2024-10-31 00:00:00,6.693213175133297,6.71828116542489,6.5093793869018555,6.5093793869018555,1728200,0.0,0.0
2024-11-01 00:00:00,6.584584131769776,6.6430763745457115,6.3681616381532535,6.375682353973389,1605800,0.0,0.0
2024-11-04 00:00:00,6.400750637054443,6.521913657782417,6.384038510003983,6.400750637054443,939300,0.0,0.0
2024-11-05 00:00:00,6.417462369159341,6.492667135482407,6.358970127306748,6.475955009460449,941700,0.0,0.0
2024-11-06 00:00:00,6.567872294225209,6.701569708837586,6.475955396388301,6.634720802307129,1603700,0.0,0.0
2024-11-07 00:00:00,6.6681455962385785,6.818554751600867,6.626365076080324,6.65143346786499,1214600,0.0,0.0
2024-11-08 00:00:00,6.668145101834808,6.705747089050987,6.551160211893437,6.592940330505371,2248700,0.0,0.0
2024-11-11 00:00:00,6.60965261397357,6.6221870084573045,6.417462948157027,6.450887203216553,1417700,0.0,0.0
2024-11-12 00:00:00,6.409106438251867,6.434174427798016,6.216916791787848,6.2252726554870605,1412800,0.0,0.0
2024-11-13 00:00:00,6.33390301603615,6.400751533601397,6.212739978336989,6.25034236907959,1341800,0.0,0.0
2024-11-14 00:00:00,6.225273368620056,6.275410150352767,6.074864218767589,6.083220481872559,1115500,0.0,0.0
2024-11-15 00:00:00,6.158424857574515,6.158424857574515,6.047289188038875,6.083220481872559,1073600,0.0,0.0
2024-11-18 00:00:00,6.049795888359512,6.141712791189974,6.033083760431115,6.099932670593262,802900,0.0,0.0
2024-11-19 00:00:00,6.0581519063604015,6.108288288116455,5.9871252659271885,6.108288288116455,705000,0.0,0.0
2024-11-20 00:00:00,6.099932362161711,6.116644489245091,6.024727591062232,6.091576099395752,1109400,0.0,0.0
2024-11-21 00:00:00,6.083220481872559,6.1208224704992595,6.049795827901233,6.083220481872559,1240800,0.0,0.0
2024-11-22 00:00:00,6.108288242873358,6.204383272697108,6.091576115745124,6.150068759918213,905400,0.0,0.0
2024-11-25 00:00:00,6.1751359551169465,6.4132842340462926,6.1751359551169465,6.3171892166137695,1658800,0.0,0.0
2024-11-26 00:00:00,6.275410356554028,6.3380807381063455,6.226109518270701,6.325546741485596,1109100,0.0,0.0
2024-11-27 00:00:00,6.375682691508855,6.446709331595734,6.28376579284668,6.28376579284668,1548900,0.0,0.0
2024-11-29 00:00:00,6.267053524682533,6.333902031860715,6.1918487548828125,6.1918487548828125,869300,0.0,0.0
2024-12-02 00:00:00,6.1834930141746804,6.1834930141746804,6.104110111479164,6.150068759918213,1508400,0.0,0.0
2024-12-03 00:00:00,6.1834933584562135,6.1834933584562135,5.99965955136169,6.058152198791504,1247400,0.0,0.0
2024-12-04 00:00:00,6.04144007073278,6.0790424584770495,5.991303686556609,6.058152198791504,958600,0.0,0.0
2024-12-05 00:00:00,6.041439345226915,6.066507733528863,5.957878714967946,5.991302967071533,1173600,0.0,0.0
2024-12-06 00:00:00,6.016371063030069,6.074863704467184,5.949522557643949,5.9662346839904785,1128800,0.0,0.0
2024-12-09 00:00:00,6.016371144151578,6.129178297348077,5.957878900374307,6.041439533233643,1204000,0.0,0.0
2024-12-10 00:00:00,6.033083733106456,6.074864251962498,5.949523093842929,5.98294734954834,927400,0.0,0.0
2024-12-11 00:00:00,5.991303258339349,6.03308337627572,5.916098488225932,5.941166877746582,1182600,0.0,0.0
2024-12-12 00:00:00,5.924454980065082,6.041439872640337,5.9202768485752575,5.949522972106934,1134000,0.0,0.0
2024-12-13 00:00:00,5.932810676647356,6.049795565910946,5.899386422572044,6.033083438873291,1619800,0.0,0.0
2024-12-16 00:00:00,6.016371793393764,6.037262053475052,5.932811151517184,5.957879543304443,1667300,0.0,0.0
2024-12-17 00:00:00,5.991303336895473,6.16260273911225,5.974591209812093,6.091576099395752,2102600,0.0,0.0
2024-12-18 00:00:00,6.0915764954084795,6.20020552773668,5.849250437721612,5.882674694061279,2393800,0.0,0.0
2024-12-19 00:00:00,5.924454670963534,6.024727430796423,5.865962028503418,5.865962028503418,2364600,0.0,0.0
2024-12-20 00:00:00,5.849249168219277,6.070684918022005,5.849249168219277,5.974590301513672,4437600,0.0,0.0
2024-12-23 00:00:00,5.94952315420228,5.999659538269043,5.8826746421132645,5.999659538269043,2615400,0.0,0.0
2024-12-24 00:00:00,5.982946786466909,6.070685549048271,5.974590922551243,6.066507816314697,520400,0.0,0.0
2024-12-26 00:00:00,6.049795935537861,6.120822579399578,6.028906074300878,6.058152198791504,1091400,0.0,0.0
2024-12-27 00:00:00,6.016371250152588,6.095754151603981,5.962057136673468,6.016371250152588,1437200,0.0,0.0
2024-12-30 00:00:00,5.974591545459942,6.024727929526705,5.94952315420228,5.999659538269043,1391300,0.0,0.0
2024-12-31 00:00:00,6.024727895691196,6.1166447985216585,6.0038376361685595,6.099932670593262,1126300,0.0,0.0
2025-01-02 00:00:00,6.166780762851797,6.225273007398353,6.08322012889348,6.116644382476807,1604800,0.0,0.0
2025-01-03 00:00:00,6.14171251267292,6.3506143015287915,6.125000385502392,6.28376579284668,2075700,0.0,0.0
2025-01-06 00:00:00,6.283766196766476,6.346436578072266,6.208561420440674,6.208561420440674,1655000,0.0,0.0
2025-01-07 00:00:00,6.2419845497427815,6.338079568633711,6.15006806021919,6.216916561126709,1565800,0.0,0.0
2025-01-08 00:00:00,6.183493783664688,6.216918042080557,6.108289003004686,6.175137519836426,1310400,0.0,0.0
2025-01-10 00:00:00,6.11664464566299,6.11664464566299,5.899386589574681,5.949522972106934,2802000,0.0,0.0
2025-01-13 00:00:00,5.9451769281146305,6.027748645691193,5.866950785021654,6.006019115447998,1804600,0.275,0.0
2025-01-14 00:00:00,6.014711576444112,6.127704811219568,6.006019597866146,6.119012832641602,1332500,0.0,0.0
2025-01-15 00:00:00,6.22331329665132,6.336306517043464,6.197238193149315,6.205929756164551,1346500,0.0,0.0
2025-01-16 00:00:00,6.197238680383768,6.327615451513061,6.179855138530284,6.318923473358154,1189100,0.0,0.0
2025-01-17 00:00:00,6.371074224059822,6.405841308449688,6.2754645347595215,6.2754645347595215,1192300,0.0,0.0
2025-01-21 00:00:00,6.318923417952751,6.414533104536756,6.318923417952751,6.397149562835693,1582200,0.0,0.0
2025-01-22 00:00:00,6.344998300782382,6.344998300782382,6.2059295666781376,6.214621543884277,1096300,0.0,0.0
2025-01-23 00:00:00,6.197238513390767,6.240697159625259,6.162471430620646,6.232005596160889,1060500,0.0,0.0
2025-01-24 00:00:00,6.153779706704546,6.292848043525242,6.153779706704546,6.258080959320068,865700,0.0,0.0
2025-01-27 00:00:00,6.258080847686374,6.514488399967904,6.258080847686374,6.4145331382751465,1299100,0.0,0.0
2025-01-28 00:00:00,6.371074224059822,6.457991935034487,6.236351875663177,6.2754645347595215,735100,0.0,0.0
2025-01-29 00:00:00,6.27546403314202,6.27546403314202,6.050347117543488,6.12770414352417,2325300,0.0,0.0
2025-01-30 00:00:00,6.188546569192924,6.318923337519492,6.149433497249321,6.249389171600342,1125200,0.0,0.0
2025-01-31 00:00:00,6.249389171600342,6.27981026557589,6.171163027713137,6.249389171600342,1038800,0.0,0.0
2025-02-03 00:00:00,6.15377950668335,6.214622109292957,6.084245340533125,6.15377950668335,1269900,0.0,0.0
2025-02-04 00:00:00,6.119012088097594,6.249388849708756,6.097282558753017,6.223313331604004,1103800,0.0,0.0
2025-02-05 00:00:00,6.2233136858766605,6.310231808202929,6.19289259173626,6.266772747039795,1119500,0.0,0.0
2025-02-06 00:00:00,6.275464310598628,6.314577382754185,6.2233136858766605,6.266772747039795,827800,0.0,0.0
2025-02-07 00:00:00,6.266772802566491,6.2754643662023355,6.14508801047038,6.188546657562256,1365000,0.0,0.0
2025-02-10 00:00:00,6.2146221434336,6.2233137070219655,6.101628915590585,6.171163082122803,1018800,0.0,0.0
2025-02-11 00:00:00,6.153779452699956,6.240697159625259,6.153779452699956,6.232005596160889,827300,0.0,0.0
2025-02-12 00:00:00,6.110321111296205,6.171163301951044,6.058170070083001,6.145088195800781,1201800,0.0,0.0
2025-02-13 00:00:00,6.171163248807132,6.275464501422656,6.136396164601958,6.258080959320068,1048200,0.0,0.0
2025-02-14 00:00:00,6.275463654437262,6.353689790569065,6.162470853249001,6.179854393005371,756700,0.0,0.0
2025-02-18 00:00:00,6.162470924016294,6.223313106634133,6.136395406854159,6.214621543884277,903700,0.0,0.0
2025-02-19 00:00:00,6.1798547218863895,6.275463988406439,6.145087640523408,6.240696907043457,1186000,0.0,0.0
2025-02-20 00:00:00,6.223313565000382,6.327615226874775,6.192892471450854,6.310231685638428,978800,0.0,0.0
2025-02-21 00:00:00,6.371074064962032,6.388457606722866,6.249389272636202,6.301539897918701,1087100,0.0,0.0
2025-02-24 00:00:00,6.292847729945766,6.388457413973828,6.292847729945766,6.310231685638428,984700,0.0,0.0
2025-02-25 00:00:00,6.3276157706243294,6.414533484275141,6.3276157706243294,6.344999313354492,1416300,0.0,0.0
2025-02-26 00:00:00,6.670940463581172,6.692669579240221,6.392803389908422,6.440608024597168,1903800,0.0,0.0
2025-02-27 00:00:00,6.4145327151618865,6.675285824849585,6.405840737610813,6.544909477233887,2083900,0.0,0.0
2025-02-28 00:00:00,6.179854827937987,6.979498127465433,6.171162850219929,6.953423023223877,6285100,0.0,0.0
2025-03-03 00:00:00,6.953423173867605,7.179409625957335,6.953423173867605,7.135950565338135,3607800,0.0,0.0
2025-03-04 00:00:00,7.040341131486038,7.227213678654133,7.040341131486038,7.083799362182617,2260800,0.0,0.0
2025-03-05 00:00:00,7.09249091311133,7.232428761645684,7.057723833298533,7.179409027099609,1959300,0.0,0.0
2025-03-06 00:00:00,7.144642307290931,7.153333455997634,6.975152059364772,7.049032211303711,1340600,0.0,0.0
2025-03-07 00:00:00,7.066416235686509,7.192446596749299,6.996882071876842,7.083799362182617,1406800,0.0,0.0
2025-03-10 00:00:00,7.083799373344277,7.179409470417681,6.93603948224407,6.953423023223877,1773300,0.0,0.0
2025-03-11 00:00:00,7.005573591589834,7.0403406712217595,6.823045801837801,6.857812881469727,1960700,0.0,0.0
2025-03-12 00:00:00,6.857813734762484,6.888235244067868,6.753512482888882,6.805663108825684,2038000,0.0,0.0
2025-03-13 00:00:00,6.831738369623161,7.035995290962306,6.779587745666504,6.779587745666504,1953200,0.0,0.0
2025-03-14 00:00:00,6.866505948165493,7.014265852819202,6.840430427075811,7.005574703216553,1984400,0.0,0.0
2025-03-17 00:00:00,6.979498680342205,7.179410039130311,6.979498680342205,7.101183891296387,1984200,0.0,0.0
2025-03-18 00:00:00,7.083799471754496,7.101183427432115,6.9099640595414495,6.970807075500488,1209100,0.0,0.0
2025-03-19 00:00:00,6.927347625909652,7.035995277007601,6.788279295634386,6.909964084625244,1528600,0.0,0.0
2025-03-20 00:00:00,6.892580319317663,6.9316933895504045,6.805662615720626,6.901272296905518,1363200,0.0,0.0
2025-03-21 00:00:00,6.892580818720352,6.918656338916919,6.775242013976633,6.805663108825684,3270500,0.0,0.0
2025-03-24 00:00:00,6.927348264388342,7.022957957492884,6.8838896143999895,6.96211576461792,1480200,0.0,0.0
2025-03-25 00:00:00,6.9794982497628775,6.983844238698059,6.823046378203202,6.909964084625244,1220500,0.0,0.0
2025-03-26 00:00:00,6.918656130549215,6.983844307392874,6.88823503661635,6.94473123550415,852600,0.0,0.0
2025-03-27 00:00:00,6.979498284175049,6.996882240001485,6.905618544194289,6.927347660064697,925300,0.0,0.0
2025-03-28 00:00:00,6.953423023223877,6.9708069786599935,6.849121777345033,6.953423023223877,988300,0.0,0.0
2025-03-31 00:00:00,6.944731587868247,7.014265757217884,6.909964503193429,6.988190650939941,1503300,0.0,0.0
2025-04-01 00:00:00,6.953423944742341,7.0142661390067635,6.9012733148915375,6.93604040145874,1659800,0.0,0.0
2025-04-02 00:00:00,6.909964084625244,6.9534231450644235,6.866505438642381,6.909964084625244,1589700,0.0,0.0
2025-04-03 00:00:00,6.823046391735559,6.888234982523619,6.744820663028732,6.779587745666504,1955400,0.0,0.0
2025-04-04 00:00:00,6.675286018719894,6.7274366421720435,6.4840670660620106,6.53621768951416,3296800,0.0,0.0
2025-04-07 00:00:00,6.336306323576242,6.457991103268205,5.979943547250206,6.214621543884277,4469400,0.0,0.0
2025-04-08 00:00:00,6.384111574562462,6.4058411052308655,5.888680430495756,5.927793502807617,3589400,0.0,0.0
2025-04-09 00:00:00,5.840875356792575,6.292847852172617,5.65834837749385,6.266772747039795,5235800,0.0,0.0
2025-04-10 00:00:00,6.136395917227376,6.21462206076368,5.884334359672972,6.023402690887451,3686900,0.0,0.0
2025-04-11 00:00:00,5.987655674803792,6.273633420823546,5.9519085098188,6.246822834014893,3187400,0.19,0.0
2025-04-14 00:00:00,6.273632282155959,6.465773578681408,6.273632282155959,6.434494495391846,2514400,0.0,0.0
2025-04-15 00:00:00,6.443432202125027,6.716004421981045,6.430027122758938,6.684725761413574,2784700,0.0,0.0
2025-04-16 00:00:00,6.66685242196559,6.7740939130626705,6.622168254271903,6.729410171508789,2441500,0.0,0.0
2025-04-17 00:00:00,6.747283944303762,6.917082763609476,6.742815442179975,6.774094104766846,1740300,0.0,0.0
2025-04-21 00:00:00,6.684725359473486,6.760688181546802,6.684725359473486,6.738346099853516,1559300,0.0,0.0
2025-04-22 00:00:00,6.791967687122175,6.854525438435734,6.693662771097958,6.774094104766846,1446400,0.0,0.0
2025-04-23 00:00:00,6.845587580613574,6.8545245837467945,6.684725359473486,6.738346099853516,1598900,0.0,0.0
2025-04-24 00:00:00,6.765156915699923,6.765156915699923,6.6847255892947635,6.693662166595459,1218600,0.0,0.0
2025-04-25 00:00:00,6.648978840116077,6.729410171508789,6.622168254271903,6.729410171508789,1280400,0.0,0.0
2025-04-28 00:00:00,6.693662118675464,6.791073410008336,6.689194043126992,6.756219863891602,1175900,0.0,0.0
2025-04-29 00:00:00,6.747283753358303,6.827714658611211,6.72047316751413,6.729410171508789,1063100,0.0,0.0
2025-04-30 00:00:00,6.72047334897877,6.765157517879007,6.604294850750005,6.747283935546875,1579400,0.0,0.0
2025-05-01 00:00:00,6.747283508688304,6.765157089889686,6.684725761413574,6.684725761413574,1034200,0.0,0.0
2025-05-02 00:00:00,6.738346505017719,6.747283508688304,6.644510097175518,6.684725761413574,1596600,0.0,0.0
2025-05-05 00:00:00,6.657915946345901,6.720473700853709,6.626637282161916,6.666852951049805,1845900,0.0,0.0
2025-05-06 00:00:00,6.622168014138843,6.72494142565163,6.622168014138843,6.684725761413574,1220300,0.0,0.0
2025-05-07 00:00:00,6.711536589659276,6.756220331213157,6.684726003815103,6.729410171508789,1682600,0.0,0.0
2025-05-08 00:00:00,6.622168305239686,7.033261117082293,6.568547559278452,7.015387535095215,2246500,0.0,0.0
2025-05-09 00:00:00,7.0600712106840495,7.301364763748983,7.015387045763226,7.220933437347412,2126700,0.0,0.0
2025-05-12 00:00:00,7.265617464971295,7.296896124140938,7.127096897246161,7.140501976013184,1840600,0.0,0.0
2025-05-13 00:00:00,7.14943956937585,7.203060741149198,7.033261074099939,7.104755401611328,1565600,0.0,0.0
2025-05-14 00:00:00,7.0690083503723145,7.113692518848069,7.015387603885296,7.0690083503723145,1444000,0.0,0.0
2025-05-15 00:00:00,7.095818883611156,7.176249789670178,7.019856053454439,7.131566047668457,1210900,0.0,0.0
2025-05-16 00:00:00,7.140502625612877,7.194123797838638,7.122629043584227,7.131566047668457,2023300,0.0,0.0
2025-05-19 00:00:00,7.069007862638994,7.0958184471025865,7.019855621618823,7.0421977043151855,1289800,0.0,0.0
2025-05-20 00:00:00,6.997514354912275,7.033261520939069,6.934957027435303,6.934957027435303,1495100,0.0,0.0
2025-05-21 00:00:00,6.881335187063671,6.890272190776381,6.800904284348241,6.827714443206787,1471300,0.0,0.0
2025-05-22 00:00:00,6.827714186344458,6.841119691409201,6.702599122051959,6.756219863891602,966300,0.0,0.0
2025-05-23 00:00:00,6.72047354825596,6.908146381378174,6.6847263825317125,6.908146381378174,1484500,0.0,0.0
2025-05-27 00:00:00,6.952830030321853,7.051134515623337,6.845588115049638,6.997513771057129,1469800,0.0,0.0
2025-05-28 00:00:00,6.988577183333569,7.015387342508288,6.917082431208128,6.970703601837158,891100,0.0,0.0
2025-05-29 00:00:00,6.979640371121058,7.104755445030605,6.979640371121058,7.015387535095215,933800,0.0,0.0
2025-05-30 00:00:00,6.988577776475493,7.015387937925672,6.917083018282073,6.934957027435303,1481400,0.0,0.0
2025-06-02 00:00:00,6.890272262289352,6.961766588173893,6.774093769657077,6.881335258483887,1340900,0.0,0.0
2025-06-03 00:00:00,6.890272252153601,6.957298076036811,6.839332353272892,6.854525089263916,1442100,0.0,0.0
2025-06-04 00:00:00,6.827715026357747,6.851844341847225,6.729410533960562,6.765157699584961,1176400,0.0,0.0
2025-06-05 00:00:00,6.765157699584961,6.823246950259568,6.707068448910355,6.765157699584961,949700,0.0,0.0
2025-06-06 00:00:00,6.818778116843401,6.899209022521973,6.800904534899295,6.899209022521973,1146700,0.0,0.0
2025-06-09 00:00:00,6.908145732201547,6.984108558762103,6.899208728540404,6.9170823097229,1404300,0.0,0.0
2025-06-10 00:00:00,6.9260199642402975,6.943893547102421,6.86346221115295,6.908146381378174,1199400,0.0,0.0
2025-06-11 00:00:00,6.970704375135312,7.015388120763453,6.8455888646408924,6.863462448120117,1129600,0.0,0.0
2025-06-12 00:00:00,6.845588178963226,6.872398764566546,6.6847259437627145,6.70259952545166,4450200,0.0,0.0
2025-06-13 00:00:00,6.613231781052566,6.702599691714125,6.501521786190664,6.604294776916504,2655000,0.0,0.0
2025-06-16 00:00:00,6.64004175779444,6.675788921071787,6.505990108574285,6.586421012878418,2372200,0.0,0.0
2025-06-17 00:00:00,6.532800248928163,6.546205328583161,6.4389638390635815,6.470242500305176,2372800,0.0,0.0
2025-06-18 00:00:00,6.470242158837434,6.622167807375512,6.452368578194117,6.550673484802246,2717300,0.0,0.0
2025-06-20 00:00:00,6.577484394065444,6.756220209336328,6.568547390232002,6.675788879394531,6758900,0.0,0.0
2025-06-23 00:00:00,6.675788789209053,6.845588024492415,6.675788789209053,6.827714443206787,1998900,0.0,0.0
2025-06-24 00:00:00,6.818777895656651,6.836651477020976,6.707067905594674,6.711536407470703,2151800,0.0,0.0
2025-06-25 00:00:00,6.657914968662145,6.657914968662145,6.537268405854703,6.550673484802246,1281000,0.0,0.0
2025-06-26 00:00:00,6.568547449714667,6.711536529366034,6.568547449714667,6.70259952545166,1186100,0.0,0.0
2025-06-27 00:00:00,6.729409988835028,6.7383465664472935,6.657915237237936,6.711536407470703,1879100,0.0,0.0
2025-06-30 00:00:00,6.702599766646638,6.765157517879007,6.671321104100361,6.747283935546875,2036100,0.0,0.0
2025-07-01 00:00:00,6.720473125398726,6.926019528449929,6.711536547599875,6.818778038024902,1877400,0.0,0.0
2025-07-02 00:00:00,6.854524978192495,6.903677219834395,6.774093649924124,6.89027214050293,1986000,0.0,0.0
2025-07-03 00:00:00,6.872399273818497,6.970704193462097,6.832183605503396,6.934957027435303,1027600,0.0,0.0
2025-07-07 00:00:00,6.890272663381881,6.952830415242327,6.756220581475111,6.800904750823975,2580000,0.0,0.0
2025-07-08 00:00:00,6.774094277921147,6.81877844802156,6.720473529484548,6.765157699584961,2165800,0.0,0.0
2025-07-09 00:00:00,6.765157699584961,6.81877844802156,6.742815614534755,6.765157699584961,2018600,0.0,0.0
2025-07-10 00:00:00,6.7740933348068415,6.854524659333708,6.7070675151276316,6.791966915130615,2192900,0.0,0.0
2025-07-11 00:00:00,6.76446966677938,6.810299144118663,6.66364411732663,6.773635387420654,1589300,0.19,0.0
2025-07-14 00:00:00,6.709474280391921,6.828631275543294,6.69114240136352,6.810299396514893,2635700,0.0,0.0
2025-07-15 00:00:00,6.8102994729993425,6.883627427002944,6.672810597275473,6.681976318359375,1555200,0.0,0.0
2025-07-16 00:00:00,6.681975244471204,6.741553951674093,6.544485953777335,6.599481582641602,2130500,0.0,0.0
2025-07-17 00:00:00,6.571984767913818,6.626980403315074,6.49407417516209,6.571984767913818,2694700,0.0,0.0
2025-07-18 00:00:00,6.590316134947657,6.608648011992121,6.475741794153157,6.498656749725342,1462700,0.0,0.0
2025-07-21 00:00:00,6.553652122236326,6.617813470826778,6.426245516245106,6.4619927406311035,1625100,0.0,0.0
2025-07-22 00:00:00,6.4619927406311035,6.562817841863645,6.4528265839373775,6.4619927406311035,2082700,0.0,0.0
2025-07-23 00:00:00,6.461993122063101,6.526154474440804,6.416163210022084,6.516988754272461,1935400,0.0,0.0
2025-07-24 00:00:00,6.4711591360444265,6.571984684872631,6.46657605721895,6.56281852722168,1590000,0.0,0.0
2025-07-25 00:00:00,6.571984163310146,6.581149883167241,6.443661025845908,6.553652286529541,1465300,0.0,0.0
2025-07-28 00:00:00,6.55365287741672,6.55365287741672,6.429912370191189,6.434495449066162,1438500,0.0,0.0
2025-07-29 00:00:00,6.443661882349731,6.576568115941875,6.416163844990521,6.544486999511719,1315500,0.0,0.0
2025-07-30 00:00:00,6.55365287741672,6.5628185981002085,6.3794998137658565,6.434495449066162,2131500,0.0,0.0
2025-07-31 00:00:00,6.416163838797109,6.512406313861725,6.388665801464444,6.4069976806640625,1961800,0.0,0.0
2025-08-01 00:00:00,6.452827400026463,6.47115927866594,6.297006213057675,6.3061723709106445,2030600,0.0,0.0
2025-08-04 00:00:00,6.333669745639938,6.4161634151242275,6.324504025178599,6.342835903167725,1752300,0.0,0.0
2025-08-05 00:00:00,6.361167441450065,6.379499318460209,6.269508056399342,6.297005653381348,1558300,0.0,0.0
2025-08-06 00:00:00,6.287840760752896,6.315338361352989,6.205347084819657,6.278674602508545,2054900,0.0,0.0
2025-08-07 00:00:00,6.260342382142284,6.856129086517127,6.232844783039736,6.846962928771973,3364900,0.0,0.0
2025-08-08 00:00:00,6.856129466853076,7.09444389958336,6.84696330859944,7.039448261260986,3242400,0.0,0.0
2025-08-11 00:00:00,7.048613635833601,7.066945513236212,6.791966915130615,6.791966915130615,1726100,0.0,0.0
2025-08-12 00:00:00,6.846962662076143,6.883626854562197,6.773635151236916,6.874460697174072,1310300,0.0,0.0
2025-08-13 00:00:00,6.901958873965791,7.057779619164849,6.888209637601341,7.030282020568848,1618300,0.0,0.0
2025-08-14 00:00:00,6.966119988888227,6.993618023603912,6.865294444352631,6.9294562339782715,933900,0.0,0.0
2025-08-15 00:00:00,6.865294412779072,6.920290481957513,6.828630658037732,6.856128692626953,1118400,0.0,0.0
2025-08-18 00:00:00,6.865294412779072,6.892792447368292,6.828630658037732,6.856128692626953,881900,0.0,0.0
2025-08-19 00:00:00,6.9661203808002945,7.186103359702651,6.920290903117713,7.121941566467285,1566500,0.0,0.0
2025-08-20 00:00:00,7.149439334869385,7.209017609917939,7.094443264404433,7.149439334869385,1053500,0.0,0.0
2025-08-21 00:00:00,7.103610121114177,7.16318883909408,7.08527824151009,7.112776279449463,723100,0.0,0.0
2025-08-22 00:00:00,7.167771116566151,7.319009215650921,7.1531053522833155,7.204434871673584,1306400,0.0,0.0
2025-08-25 00:00:00,7.2044350259724785,7.213600746412422,7.076111443281693,7.094443321228027,829600,0.0,0.0
2025-08-26 00:00:00,7.085277825294985,7.1494396186734335,7.053197147138991,7.057779788970947,1603500,0.0,0.0
2025-08-27 00:00:00,7.030282174035661,7.131107724243677,7.011950295549337,7.121941566467285,713600,0.0,0.0
2025-08-28 00:00:00,7.14027344495361,7.14027344495361,7.066945931008311,7.121941566467285,725000,0.0,0.0
2025-08-29 00:00:00,7.121941717984077,7.241099149213451,7.112775997079147,7.213601112365723,1163600,0.0,0.0
2025-09-02 00:00:00,7.186103134123892,7.22276688994563,7.089860665825217,7.158605098724365,1494100,0.0,0.0
2025-09-03 00:00:00,7.140273596860407,7.222767270337121,7.103609839107748,7.213601112365723,1306600,0.0,0.0
2025-09-04 00:00:00,7.222766697311107,7.314426084420854,7.2090174614448195,7.268596172332764,871100,0.0,0.0
2025-09-05 00:00:00,7.332757644982551,7.456498140033511,7.319008846776804,7.360255241394043,1248500,0.0,0.0
2025-09-08 00:00:00,7.323592263838482,7.552740964515278,7.291511585604999,7.534409523010254,1789100,0.0,0.0
2025-09-09 00:00:00,7.516077435868629,7.543575036028582,7.479413677611044,7.506911277770996,1282200,0.0,0.0
2025-09-10 00:00:00,7.506910884009138,7.552740797960429,7.470247127674686,7.516077041625977,1233600,0.0,0.0
2025-09-11 00:00:00,7.561906372078614,7.653566192908459,7.516076461663691,7.6352338790893555,1367200,0.0,0.0
2025-09-12 00:00:00,7.616903027145399,7.626068310629335,7.5160770416259775,7.516077041625977,1153700,0.0,0.0
2025-09-15 00:00:00,7.543574949751954,7.561907265737553,7.4244183923773175,7.488579750061035,899500,0.0,0.0
2025-09-16 00:00:00,7.442749417061553,7.50232856654238,7.3694219054950665,7.4335832595825195,1057800,0.0,0.0
2025-09-17 00:00:00,7.442749246121595,7.5756559041164,7.378587893507755,7.40608549118042,1769600,0.0,0.0
2025-09-18 00:00:00,7.351090240821398,7.55274045442233,7.351090240821398,7.461081504821777,1432300,0.0,0.0
2025-09-19 00:00:00,7.470247153704541,7.488579469002097,7.3785881996154785,7.3785881996154785,3002000,0.0,0.0
2025-09-22 00:00:00,7.360255884317922,7.419835034902073,7.341924443153272,7.3785881996154785,1318800,0.0,0.0
2025-09-23 00:00:00,7.406085885081463,7.465665036362701,7.38317136482432,7.3969197273254395,1135800,0.0,0.0
2025-09-24 00:00:00,7.396919557426908,7.406085714972396,7.3602558013778525,7.36942195892334,1118900,0.0,0.0
2025-09-25 00:00:00,7.387754050776267,7.419834727083186,7.351090295835091,7.40608549118042,1085200,0.0,0.0
2025-09-26 00:00:00,7.433583037153416,7.497745263453885,7.433583037153416,7.4702467918396,814000,0.0,0.0
2025-09-29 00:00:00,7.488579384615995,7.488579384615995,7.3602558013778525,7.36942195892334,1452400,0.0,0.0
2025-09-30 00:00:00,7.39691966899724,7.4656649774924135,7.383171306604534,7.451915740966797,989000,0.0,0.0
2025-10-01 00:00:00,7.461082235548726,7.525243593966263,7.4290006822070085,7.506911277770996,885100,0.0,0.0
2025-10-02 00:00:00,7.488579497568865,7.511494017645316,7.392336590155368,7.451915740966797,1004500,0.0,0.0
2025-10-03 00:00:00,7.497745993806311,7.626068710641387,7.479413677611044,7.506911277770996,1596400,0.0,0.0
2025-10-06 00:00:00,7.506910994549509,7.506910994549509,7.364839045928088,7.387754440307617,1782800,0.0,0.0
2025-10-07 00:00:00,7.396919866664679,7.424418340450751,7.332758509429707,7.341924667358398,2193900,0.0,0.0
2025-10-08 00:00:00,7.341924330982813,7.360255771867394,7.286928260063284,7.2960944175720215,1333900,0.0,0.0
2025-10-09 00:00:00,7.305260206810772,7.314426364405829,7.149439461292838,7.167771339416504,1729300,0.0,0.0
2025-10-10 00:00:00,7.186559441680662,7.255137023867333,7.139588286343153,7.1771650314331055,1762600,0.19,0.0
2025-10-13 00:00:00,7.158377243305463,7.19125723390613,7.054101610385125,7.120800495147705,1125500,0.0,0.0
2025-10-14 00:00:00,7.083223463537692,7.299289980773463,7.083223463537692,7.271107196807861,1350300,0.0,0.0
2025-10-15 00:00:00,7.327473113722383,7.487174070632978,7.318078702636373,7.468385696411133,1738300,0.0,0.0
2025-10-16 00:00:00,7.393232049408084,7.505962292450226,7.293653623259175,7.299290180206299,1244200,0.0,0.0
2025-10-17 00:00:00,7.336867321003422,7.3744440706975345,7.186560322226972,7.214742660522461,1113700,0.0,0.0
2025-10-20 00:00:00,7.242924620255508,7.289895775988219,7.17716509181974,7.280501365661621,1059400,0.0,0.0
2025-10-21 00:00:00,7.280501824809525,7.2870777332728,7.120800422786837,7.158377170562744,947200,0.0,0.0
2025-10-22 00:00:00,7.195953747069098,7.205348157764564,7.026858386102125,7.130194664001465,1478500,0.0,0.0
2025-10-23 00:00:00,7.148983441750318,7.195954154033588,7.050344363620216,7.167771816253662,909300,0.0,0.0
2025-10-24 00:00:00,7.195953569099834,7.26171309849127,7.148982860634649,7.2241363525390625,798500,0.0,0.0
2025-10-27 00:00:00,7.224136558611875,7.252318894904875,7.163074232710163,7.233530521392822,1050000,0.0,0.0
2025-10-28 00:00:00,7.242924690246582,7.252318652713818,7.158376788290739,7.242924690246582,1094400,0.0,0.0
2025-10-29 00:00:00,7.233530290998414,7.25231866391204,7.0409493566462045,7.102011680603027,1229700,0.0,0.0
2025-10-30 00:00:00,7.08322340076612,7.186559677124023,7.055041065000424,7.186559677124023,1353500,0.0,0.0
2025-10-31 00:00:00,7.13958879667479,7.214742292226604,7.064435301122977,7.158377170562744,970700,0.0,0.0
2025-11-03 00:00:00,7.130194324045732,7.195953403978082,7.026858051073293,7.1771650314331055,1279400,0.0,0.0
2025-11-04 00:00:00,7.148983109476696,7.177165445946749,7.059737998771148,7.092617988586426,952700,0.0,0.0
2025-11-05 00:00:00,7.111406362216516,7.141467849614692,7.064435204166211,7.092617988586426,1065100,0.0,0.0
2025-11-06 00:00:00,7.177165474052243,7.559509304474469,7.139588726644915,7.458991527557373,1957700,0.0,0.0
2025-11-07 00:00:00,7.421414533790285,7.59050989151001,7.421414533790285,7.59050989151001,1808600,0.0,0.0
2025-11-10 00:00:00,7.571722124418923,7.571722124418923,7.369746325680806,7.374443531036377,1271400,0.0,0.0
2025-11-11 00:00:00,7.402626173063225,7.477779665508512,7.379140594686535,7.449596881866455,1209100,0.0,0.0
2025-11-12 00:00:00,7.402626179275939,7.440202925530119,7.327472686767578,7.327472686767578,1456700,0.0,0.0
2025-11-13 00:00:00,7.242924709144216,7.496567967723385,7.242924709144216,7.487173557281494,1676500,0.0,0.0
2025-11-14 00:00:00,7.487173864137787,7.496568274964702,7.355655248212137,7.458991527557373,959600,0.0,0.0
2025-11-17 00:00:00,7.468385153770269,7.487173526626981,7.374443289486709,7.383837699890137,1228200,0.0,0.0
2025-11-18 00:00:00,7.383837799951903,7.449596881866455,7.346261053729259,7.449596881866455,1019000,0.0,0.0
2025-11-19 00:00:00,7.421414481021752,7.4449000591922605,7.346260989236239,7.365049362182617,888100,0.0,0.0
2025-11-20 00:00:00,7.393232012904178,7.487173881642128,7.303987349590667,7.318078517913818,984100,0.0,0.0
2025-11-21 00:00:00,7.374443551096319,7.496568202972412,7.290835445700489,7.496568202972412,1558300,0.0,0.0
2025-11-24 00:00:00,7.487173918475642,7.562327861785889,7.4308087969555805,7.562327861785889,1640200,0.0,0.0
2025-11-25 00:00:00,7.571721820575733,7.778393472525486,7.571721820575733,7.684452056884766,2386300,0.0,0.0
2025-11-26 00:00:00,7.675058050891904,7.86763899338635,7.675058050891904,7.722029209136963,2266400,0.0,0.0
2025-11-28 00:00:00,7.722028973989047,7.740816899174752,7.669420812488412,7.712634563446045,727400,0.0,0.0
2025-12-01 00:00:00,7.67505845934204,7.740817546844482,7.665664048013012,7.740817546844482,1038000,0.0,0.0
2025-12-02 00:00:00,7.665663484124299,7.750211388065426,7.609298812097087,7.656269073486328,1101700,0.0,0.0
2025-12-03 00:00:00,7.656269636683985,7.759606369502538,7.637481709926305,7.740817546844482,1118300,0.0,0.0
2025-12-04 00:00:00,7.703240295836544,7.736119837446832,7.6327840072573085,7.637481212615967,1003300,0.0,0.0
2025-12-05 00:00:00,7.609298883245795,7.646875630248723,7.562327725517054,7.618692398071289,768800,0.0,0.0
2025-12-08 00:00:00,7.6280866376699485,7.670360589087417,7.59050989151001,7.59050989151001,1405300,0.0,0.0
2025-12-09 00:00:00,7.637480763275717,7.820667281984274,7.618691942946499,7.759605407714844,1595700,0.0,0.0
2025-12-10 00:00:00,7.7502109975502345,7.886427257236274,7.739877683909323,7.759605407714844,1291100,0.0,0.0
2025-12-11 00:00:00,7.797182874973452,7.844154034248663,7.705119259449985,7.750211715698242,1201800,0.0,0.0
2025-12-12 00:00:00,7.778393745422363,7.806576977413611,7.736119793335804,7.778393745422363,1336900,0.0,0.0
2025-12-15 00:00:00,7.825365636332407,7.90991354843042,7.787788886055556,7.891124725341797,1471300,0.0,0.0
2025-12-16 00:00:00,7.891123935652823,7.975671839289867,7.87233601034476,7.9380950927734375,1677500,0.0,0.0
2025-12-17 00:00:00,7.928701005920409,8.097796820099155,7.891124257869615,8.032037734985352,2098500,0.0,0.0
2025-12-18 00:00:00,8.050825397830565,8.055522603170877,7.881730485080892,7.919307231903076,2261900,0.0,0.0
2025-12-19 00:00:00,7.928701618491118,7.970975575301886,7.797183438102426,7.8347601890563965,5135300,0.0,0.0
2025-12-22 00:00:00,7.825364896033461,7.919307210788609,7.764303018572832,7.797182559967041,2034900,0.0,0.0
2025-12-23 00:00:00,7.797182466532468,7.853547137989884,7.698542947631541,7.712634563446045,1488500,0.0,0.0
2025-12-24 00:00:00,7.703240203070671,8.027340201712574,7.703240203070671,7.9380950927734375,1580300,0.0,0.0
2025-12-26 00:00:00,7.947490059857242,8.050825896037878,7.900518899447729,8.04143238067627,1685700,0.0,0.0
2025-12-29 00:00:00,8.041431982761745,8.097796655743771,7.975672003082282,7.9850664138793945,1841200,0.0,0.0
2025-12-30 00:00:00,7.99445997018266,8.10249299510129,7.99445997018266,8.069613456726074,1489300,0.0,0.0
2025-12-31 00:00:00,8.079008102416992,8.144767181087513,8.060219282282413,8.079008102416992,2044100,0.0,0.0
2026-01-02 00:00:00,8.079009099293751,8.31386400455345,8.0602202768408,8.285680770874023,2558800,0.0,0.0
2026-01-05 00:00:00,8.238710096789095,8.37022826381722,8.234012891409472,8.266892433166504,2701500,0.0,0.0
2026-01-06 00:00:00,8.276286608459516,8.323256869118755,8.107190803205315,8.257497787475586,2450900,0.0,0.0
2026-01-07 00:00:00,8.304468322966496,8.384319014375798,8.304468322966496,8.351439476013184,1719300,0.0,0.0
2026-01-08 00:00:00,8.36083298990234,8.473564115574483,8.31386273275588,8.351439476013184,2492500,0.0,0.0
2026-01-09 00:00:00,8.33265194467659,8.482958940943528,8.33265194467659,8.407805442810059,2285200,0.0,0.0
2026-01-12 00:00:00,8.436598292536656,8.743732409792912,8.388608357882399,8.676547050476074,2286700,0.19,0.0
2026-01-13 00:00:00,8.647753715515137,8.734135417420537,8.604562864562435,8.647753715515137,1702400,0.0,0.0
2026-01-14 00:00:00,8.666948834364026,8.81091863756077,8.604562560377744,8.791722297668457,2711400,0.0,0.0
2026-01-15 00:00:00,8.782124338795256,8.892501465165166,8.753330743596617,8.878104209899902,1687500,0.0,0.0
2026-01-16 00:00:00,8.839713148829121,9.114214796567284,8.785964856087427,9.08926010131836,2327000,0.0,0.0
2026-01-20 00:00:00,9.012476267194707,9.098857056823954,8.926094562233528,9.050868034362793,1996400,0.0,0.0
2026-01-21 00:00:00,9.098857132516025,9.199636094253076,9.026872682893526,9.1852388381958,1791300,0.0,0.0
2026-01-22 00:00:00,9.204434837858312,9.26682111445965,9.070063198975246,9.07966136932373,2133700,0.0,0.0
2026-01-23 00:00:00,9.07966185557058,9.161244477237913,8.988481063040746,9.022073745727539,1438600,0.0,0.0
2026-01-26 00:00:00,9.070063553488508,9.089259894935784,8.95008916543884,9.002878189086914,1267200,0.0,0.0
2026-01-27 00:00:00,8.983680940205572,9.098856231259662,8.90689741283618,9.070062637329102,1643500,0.0,0.0
2026-01-28 00:00:00,9.108454924468871,9.142047605207043,8.978882371337155,9.012475967407227,2726300,0.0,0.0
2026-01-29 00:00:00,9.079661836869809,9.161244458369113,9.007677386213235,9.137249946594238,1558200,0.0,0.0
2026-01-30 00:00:00,9.175641242144764,9.175641242144764,8.940490645266424,9.07966136932373,1934900,0.0,0.0
2026-02-02 00:00:00,9.089259021357242,9.132449870130559,8.911696541363403,8.954887390136719,1797100,0.0,0.0
2026-02-03 00:00:00,8.993279757598426,9.084460546165282,8.92129530992224,9.031671524047852,1909600,0.0,0.0
2026-02-04 00:00:00,9.166043638187054,9.233229004114172,9.036471076471646,9.08926010131836,1675600,0.0,0.0
2026-02-05 00:00:00,9.089259489264021,9.223630212069974,9.06238534470283,9.194836616516113,2178800,0.0,0.0
2026-02-06 00:00:00,9.166043709716432,9.271620844901792,9.108455598949527,9.223630905151367,1499500,0.0,0.0
2026-02-09 00:00:00,9.214032562685611,9.386795043945312,9.118052694505442,9.386795043945312,1888700,0.0,0.0
2026-02-10 00:00:00,9.396393634398002,9.573956123879187,9.396393634398002,9.559558868408203,2288900,0.0,0.0
2026-02-11 00:00:00,9.597950990214123,9.607549160884002,9.468378432166569,9.482775688171387,1792500,0.0,0.0
2026-02-12 00:00:00,9.56915718286654,9.631543460183414,9.386795605481371,9.396393775939941,1213200,0.0,0.0
2026-02-13 00:00:00,9.492374121620836,9.531725157925607,9.377198816389676,9.45398235321045,1312300,0.0,0.0
2026-02-17 00:00:00,9.482775387345482,9.521167153475144,9.367600088956497,9.44438362121582,1265800,0.0,0.0
2026-02-18 00:00:00,9.358002022584198,9.386795618668444,9.185238615414892,9.214033126831055,1575300,0.0,0.0
2026-02-19 00:00:00,9.223630121390208,9.304253469613052,9.17564110104953,9.242826461791992,1234200,0.0,0.0
2026-02-20 00:00:00,9.271620266846963,9.367600140363784,9.194836734166268,9.329208374023438,1188900,0.0,0.0
2026-02-23 00:00:00,9.367600140363784,9.458780013339664,9.300413862769245,9.329208374023438,1503600,0.0,0.0
2026-02-24 00:00:00,9.34840332554051,9.381996004968592,9.185238098033937,9.27161979675293,1140800,0.0,0.0
2026-02-25 00:00:00,9.252424326891306,9.40599138371409,9.194836222916834,9.386795043945312,1603100,0.0,0.0
2026-02-26 00:00:00,9.204434970657122,9.434785570352744,9.060465159348418,9.098856925964355,3247300,0.0,0.0
2026-02-27 00:00:00,9.02207296231005,9.166042766750284,8.926094008015102,9.041269302368164,5813800,0.0,0.0
2026-03-02 00:00:00,9.079662073362053,9.367600798820058,8.954888595152518,9.290817260742188,3123300,0.0,0.0
2026-03-03 00:00:00,9.079661930376782,9.156445467245478,8.90209942928545,9.08926010131836,1643200,0.0,0.0
2026-03-04 00:00:00,9.127651305734247,9.146846731099311,8.993279666851182,9.07966136932373,1637600,0.0,0.0
2026-03-05 00:00:00,9.031672276027074,9.031672276027074,8.897301539932297,8.945290565490723,1523100,0.0,0.0
2026-03-06 00:00:00,8.849311174092195,8.95008922132385,8.801321235506286,8.887702941894531,2123500,0.0,0.0
2026-03-09 00:00:00,8.820516734274827,9.041270087452537,8.791723137019284,9.022073745727539,2190800,0.0,0.0
2026-03-10 00:00:00,8.974084592247937,9.089259894935784,8.954888250800659,9.002878189086914,2115600,0.0,0.0
2026-03-11 00:00:00,8.954887991148999,9.031671524047852,8.916496224699571,9.031671524047852,2080400,0.0,0.0
2026-03-12 00:00:00,8.926093752344451,9.118052570767933,8.897300158413891,9.070062637329102,1636400,0.0,0.0
2026-03-13 00:00:00,9.204434796862417,9.27162015833876,9.002877797101492,9.012475967407227,1824800,0.0,0.0
2026-03-16 00:00:00,9.118053382168332,9.300414047065651,9.096937589896543,9.23322868347168,2113400,0.0,0.0
2026-03-17 00:00:00,9.310011814584204,9.444383451286269,9.271620049145312,9.425187110900879,1924100,0.0,0.0
2026-03-18 00:00:00,9.338805814166767,9.43478568958552,9.22363051286342,9.23322868347168,2231100,0.0,0.0
2026-03-19 00:00:00,9.1852388381958,9.295615970637702,9.055667195008077,9.1852388381958,2463100,0.0,0.0
2026-03-20 00:00:00,9.166043177434016,9.185238603020306,8.782124597057166,8.849310874938965,6390900,0.0,0.0
2026-03-23 00:00:00,9.012477213753993,9.050868984954276,8.849311957319777,8.868507385253906,2666200,0.0,0.0
2026-03-24 00:00:00,8.801321590487024,8.935693240880743,8.791723419316334,8.810919761657715,1780600,0.0,0.0
2026-03-25 00:00:00,8.887702734031055,8.906898159817313,8.783084871733582,8.801321029663086,1636000,0.0,0.0
2026-03-26 00:00:00,8.762929262758647,8.878104563471965,8.695743899508857,8.801321029663086,1435200,0.0,0.0
2026-03-27 00:00:00,8.782124688544904,8.849310967126616,8.753331092199556,8.801321029663086,2775400,0.0,0.0
2026-03-30 00:00:00,8.897300641216923,8.897300641216923,8.791722598856037,8.830114364624023,2219300,0.0,0.0
2026-03-31 00:00:00,8.964486253017453,9.050867957242595,8.897300889878753,8.983681678771973,2109200,0.0,0.0
2026-04-01 00:00:00,8.99328022256651,9.142048210833112,8.93569302758097,9.08926010131836,1609300,0.0,0.0
2026-04-02 00:00:00,8.993279757598426,9.050867864938523,8.92129530992224,9.031671524047852,1631800,0.0,0.0
2026-04-06 00:00:00,8.974085079224166,9.055667704138276,8.906898795844787,8.945290565490723,1169600,0.0,0.0
2026-04-07 00:00:00,8.954887346275012,9.103655316136729,8.950088261397944,9.070062637329102,1359300,0.0,0.0
2026-04-08 00:00:00,9.151646025702979,9.26202224124072,9.074862491821772,9.166043281555176,2214300,0.0,0.0
2026-04-09 00:00:00,9.17564110104953,9.314810907634898,9.156444760647748,9.242826461791992,1808400,0.0,0.0
2026-04-10 00:00:00,9.23322803235914,9.334006985975252,9.170841758468681,9.27161979675293,1474100,0.0,0.0
2026-04-13 00:00:00,9.252039194820881,9.364629926170686,9.232458644614914,9.359735488891602,1545000,0.19,0.0
2026-04-14 00:00:00,9.330363627128364,9.389107147431647,9.24714418468838,9.2912015914917,1738600,0.0,0.0
2026-04-15 00:00:00,9.232459004884994,9.296096962658355,9.206024187324372,9.2912015914917,1360300,0.0,0.0
2026-04-16 00:00:00,9.271620618555334,9.457640045939296,9.22266784281328,9.418478012084961,1164400,0.0,0.0
2026-04-17 00:00:00,9.242249250894108,9.540860370315247,9.242249250894108,9.506593704223633,2024700,0.0,0.0
2026-04-20 00:00:00,9.477221841968369,9.535964427837044,9.398897771679092,9.43805980682373,1339800,0.0,0.0
2026-04-21 00:00:00,9.447849376079294,9.457640118041654,9.305887352411249,9.330363273620605,1468500,0.0,0.0
2026-04-22 00:00:00,9.379316153983423,9.398897638125783,9.139448575418825,9.21287727355957,983300,0.0,0.0
2026-04-23 00:00:00,9.271620750427246,9.330363335195988,9.222667973988926,9.271620750427246,845900,0.0,0.0
2026-04-24 00:00:00,9.252039863970879,9.33036393785259,9.188401904078217,9.310783386230469,960700,0.0,0.0
2026-04-27 00:00:00,9.310783498407483,9.369526087678196,9.17371590061478,9.193297386169434,946500,0.0,0.0
2026-04-28 00:00:00,9.26183025516208,9.359735810647202,9.183506184252611,9.349945068359375,936500,0.0,0.0
2026-04-29 00:00:00,9.291201579799726,9.36952565097449,9.271621028854323,9.320573806762695,1099400,0.0,0.0
2026-04-30 00:00:00,9.340154004989092,9.418478073206048,9.320573454783124,9.359735488891602,1521100,0.0,0.0
2026-05-01 00:00:00,9.369525307773502,9.369525307773502,9.237354026067816,9.330363273620605,1009500,0.0,0.0
2026-05-04 00:00:00,8.909371944749093,9.056229344423272,8.875104346708314,8.9779052734375,2461200,0.0,0.0
2026-05-05 00:00:00,9.036647546972864,9.046438288931267,8.948533670436872,8.95832347869873,3088700,0.0,0.0
2026-05-06 00:00:00,9.026857843214723,9.075810619876917,8.742932859009862,8.840837478637695,3974600,0.0,0.0
2026-05-07 00:00:00,8.850628148559656,8.992591106353089,8.811466114288457,8.92895221710205,3252100,0.0,0.0
2026-05-08 00:00:00,8.987695952879529,9.056229281088648,8.958323726192845,9.03664779663086,2090600,0.0,0.0
2026-05-11 00:00:00,9.085600354186843,9.105181838170715,8.821256856280394,8.92895221710205,2533600,0.0,0.0
2026-05-12 00:00:00,8.968114885665212,9.007276922706241,8.870210259910946,8.938743591308594,2463100,0.0,0.0
2026-05-13 00:00:00,8.889790182830854,8.977904993365186,8.86041889055159,8.92895221710205,1928400,0.0,0.0
2026-05-14 00:00:00,8.987695984204716,9.036647828126661,8.938743206586198,9.00727653503418,1819200,0.0,0.0
2026-05-15 00:00:00,8.977905210650633,9.134553351526662,8.938743175431627,9.03664779663086,1974900,0.0,0.0
2026-05-18 00:00:00,9.085601128864697,9.203087241695668,9.036648348427637,9.134553909301758,1221700,0.0,0.0
2026-05-19 00:00:00,9.154134761543043,9.173715312145031,9.085600500194673,9.124762535095215,1340800,0.0,0.0
2026-05-20 00:00:00,9.124762431784802,9.2814105696134,9.105181881404503,9.24224853515625,1556200,0.0,0.0
2026-05-21 00:00:00,9.222668046682914,9.252039339298793,9.070915278854892,9.18350601196289,1565300,0.0,0.0
2026-05-22 00:00:00,9.183506689738818,9.207982613109037,9.12476316647502,9.134553909301758,1977400,0.0,0.0
2026-05-26 00:00:00,9.154135238467044,9.33036393785259,9.114973201526189,9.310783386230469,2242300,0.0,0.0
2026-05-27 00:00:00,9.340154693299487,9.369525987621188,9.256935247974157,9.281411170959473,2050300,0.0,0.0
2026-05-28 00:00:00,9.252039555855037,9.330363627128364,9.222668262551684,9.2912015914917,1454700,0.0,0.0
2026-05-29 00:00:00,9.281410957261702,9.2931596614592,9.154135040232562,9.173715591430664,2122000,0.0,0.0
2026-06-01 00:00:00,9.007276183336703,9.075810442805274,8.963218778569956,9.046438217163086,2279300,0.0,0.0
2026-06-02 00:00:00,9.03664771211147,9.252039370649745,9.017067161533388,9.154134750366211,1469000,0.0,0.0
2026-06-03 00:00:00,9.046438247610915,9.183505833312852,8.997485471739042,9.017066955566406,1566000,0.0,0.0
2026-06-04 00:00:00,9.124763120424772,9.198192757558097,9.066020531154058,9.193297386169434,1568600,0.0,0.0
2026-06-05 00:00:00,9.203087195250138,9.29120201285283,9.119867749036109,9.193297386169434,7220800,0.0,0.0
2026-06-08 00:00:00,9.242248524346325,9.38910685366128,9.212877231961953,9.271620750427246,2242500,0.0,0.0
2026-06-09 00:00:00,9.359735488891602,9.46743084926578,9.276516049699019,9.359735488891602,3570300,0.0,0.0
2026-06-10 00:00:00,9.41847814604565,9.433164259086112,9.271620750427246,9.271620750427246,2844400,0.0,0.0
2026-06-11 00:00:00,9.340154445723098,9.389107224092767,9.193297044310679,9.203086853027344,2017500,0.0,0.0
2026-06-12 00:00:00,9.183505950318802,9.24224853515625,9.144343915861652,9.24224853515625,1882400,0.0,0.0
2026-06-15 00:00:00,9.242249279305991,9.290223545678355,9.105182614518172,9.134553909301758,3162500,0.0,0.0
2026-06-16 00:00:00,9.16392463297781,9.22756352368892,9.00727649229903,9.066020011901855,2444000,0.0,0.0
2026-06-17 00:00:00,9.007276285644448,9.066019803899517,8.845732777563688,8.92895221710205,2651100,0.0,0.0
2026-06-18 00:00:00,8.919162028571854,9.041543509975568,8.919162028571854,9.02685832977295,5315700,0.0,0.0
2026-06-22 00:00:00,9.007276642440598,9.066020163022616,8.870209983910195,8.889790534973145,4148700,0.0,0.0
2026-06-23 00:00:00,8.889790460154362,8.997485824335655,8.889790460154362,8.9779052734375,3586100,0.0,0.0
2026-06-24 00:00:00,8.9779052734375,9.066020086720638,8.938743237944614,8.9779052734375,2588700,0.0,0.0
2026-06-25 00:00:00,9.002380988035348,9.046438393661667,8.782094893600306,8.840837478637695,2637900,0.0,0.0
2026-06-26 00:00:00,8.840837509662784,8.899581028602876,8.645027336023405,8.811466217041016,5342000,0.0,0.0
2026-06-29 00:00:00,8.8114662593958,8.83104774370214,8.664608861884494,8.75272274017334,4136200,0.0,0.0
2026-06-30 00:00:00,8.75272274017334,8.860419036465089,8.65971349080791,8.75272274017334,2175900,0.0,0.0
2026-07-01 00:00:00,8.713561045708305,8.850628640118426,8.713561045708305,8.74293327331543,2081000,0.0,0.0
2026-07-02 00:00:00,8.791884560034404,9.041542876654074,8.791884560034404,9.017066955566406,2640000,0.0,0.0
2026-07-06 00:00:00,9.03664768330216,9.108119353719506,8.811466217041016,8.811466217041016,2707500,0.0,0.0
2026-07-07 00:00:00,8.889790317902317,8.943638465979587,8.752722729022246,8.782094955444336,2880200,0.0,0.0
2026-07-08 00:00:00,8.723352109886497,8.786991005018459,8.703771557789716,8.733142852783203,3291000,0.0,0.0
2026-07-09 00:00:00,8.782095553713468,8.855524257377809,8.703771478645288,8.821257591247559,2340600,0.0,0.0
2026-07-10 00:00:00,8.840838077199042,8.88979085717554,8.782095488184535,8.880000114440918,2633800,0.0,0.0
2026-07-13 00:00:00,8.899999618530273,9.017000198364258,8.819999694824219,8.819999694824219,2489400,0.19,0.0
2026-07-14 00:00:00,8.850000381469727,8.869999885559082,8.770000457763672,8.8100004196167,2621400,0.0,0.0
2026-07-15 00:00:00,8.779999732971191,8.970000267028809,8.779999732971191,8.90999984741211,2795300,0.0,0.0
2026-07-16 00:00:00,8.970000267028809,9.460000038146973,8.954999923706055,9.449999809265137,3597400,0.0,0.0
2026-07-17 00:00:00,9.489999771118164,9.529999732971191,9.125,9.260000228881836,2679000,0.0,0.0
2026-07-20 00:00:00,9.260000228881836,9.319999694824219,9.079999923706055,9.15999984741211,2484900,0.0,0.0
2026-07-21 00:00:00,9.130000114440918,9.210000038146973,9.0600004196167,9.1899995803833,2412700,0.0,0.0
2026-07-22 00:00:00,9.239999771118164,9.25,9.119999885559082,9.15999984741211,1648900,0.0,0.0
2026-07-23 00:00:00,9.100000381469727,9.256999969482422,8.835000038146973,8.880000114440918,1762000,0.0,0.0
2026-07-24 00:00:00,8.9399995803833,9.005000114440918,8.819999694824219,8.880000114440918,1786800,0.0,0.0
2026-07-27 00:00:00,8.859999656677246,8.984999656677246,8.84000015258789,8.850000381469727,1367400,0.0,0.0
2026-07-28 00:00:00,8.9399995803833,8.96500015258789,8.8100004196167,8.819999694824219,1793600,0.0,0.0
2026-07-29 00:00:00,8.800000190734863,8.895000457763672,8.800000190734863,8.869999885559082,1498300,0.0,0.0
2026-07-30 00:00:00,8.890000343322754,8.90999984741211,8.710000038146973,8.800000190734863,1930200,0.0,0.0
2026-07-31 00:00:00,8.789999961853027,8.789999961853027,8.664999961853027,8.720000267028809,1989300,0.0,0.0
2026-08-03 00:00:00,8.729999542236328,8.805000305175781,8.645000457763672,8.649999618530273,1967300,0.0,0.0
2026-08-04 00:00:00,8.640000343322754,8.680000305175781,8.503999710083008,8.569999694824219,2284500,0.0,0.0
2026-08-05 00:00:00,8.65999984741211,8.670000076293945,8.430000305175781,8.619999885559082,2806300,0.0,0.0
2026-08-06 00:00:00,8.9399995803833,9.149999618530273,8.8100004196167,9.069999694824219,3890300,0.0,0.0
2026-08-07 00:00:00,9.039999961853027,9.229999542236328,9.024999618530273,9.229999542236328,3177300,0.0,0.0
2026-08-10 00:00:00,9.15999984741211,9.329999923706055,9.055000305175781,9.25,4712000,0.0,0.0
2026-08-11 00:00:00,9.239999771118164,9.279999732971191,9.015000343322754,9.0600004196167,8442800,0.0,0.0
2026-08-12 00:00:00,9.149999618530273,9.149999618530273,8.930000305175781,8.989999771118164,4731800,0.0,0.0
2026-08-13 00:00:00,8.989999771118164,9.104999542236328,8.9399995803833,9.020000457763672,2470400,0.0,0.0
2026-08-14 00:00:00,8.989999771118164,9.069999694824219,8.734999656677246,8.760000228881836,2896200,0.0,0.0
2026-08-17 00:00:00,8.760000228881836,8.899999618530273,8.739999771118164,8.8100004196167,2343200,0.0,0.0
2026-08-18 00:00:00,8.859999656677246,8.949999809265137,8.779999732971191,8.84000015258789,2116800,0.0,0.0
2026-08-19 00:00:00,8.890000343322754,9.029999732971191,8.859999656677246,9.010000228881836,2353800,0.0,0.0
2026-08-20 00:00:00,8.989999771118164,9.119999885559082,8.9399995803833,9.09000015258789,1720000,0.0,0.0
2026-08-21 00:00:00,9.119999885559082,9.140000343322754,9.020000457763672,9.039999961853027,1463200,0.0,0.0
2026-08-24 00:00:00,9.119999885559082,9.220000267028809,9.100000381469727,9.220000267028809,1458800,0.0,0.0
2026-08-25 00:00:00,9.220000267028809,9.28499984741211,9.145000457763672,9.25,1508600,0.0,0.0
2026-08-26 00:00:00,9.25,9.255000114440918,9.119999885559082,9.140000343322754,1283300,0.0,0.0
2026-08-27 00:00:00,9.069999694824219,9.149999618530273,9.029999732971191,9.130000114440918,1261300,0.0,0.0
2026-08-28 00:00:00,9.180000305175781,9.225000381469727,9.135000228881836,9.15999984741211,1205700,0.0,0.0
2026-08-31 00:00:00,9.140000343322754,9.234999656677246,9.055000305175781,9.180000305175781,2745700,0.0,0.0
2026-09-01 00:00:00,9.180000305175781,9.324999809265137,9.069999694824219,9.130000114440918,2354300,0.0,0.0
2026-09-02 00:00:00,9.149999618530273,9.21500015258789,9.100000381469727,9.149999618530273,1491100,0.0,0.0
2026-09-03 00:00:00,9.210000038146973,9.220000267028809,9.100000381469727,9.140000343322754,1124100,0.0,0.0
2026-09-04 00:00:00,9.079999923706055,9.227999687194824,9.079999923706055,9.119999885559082,1532800,0.0,0.0
2026-09-08 00:00:00,9.079999923706055,9.15999984741211,9.079999923706055,9.100000381469727,1362800,0.0,0.0
2026-09-09 00:00:00,9.109999656677246,9.130000114440918,9.039999961853027,9.09000015258789,1921400,0.0,0.0
2026-09-10 00:00:00,9.100000381469727,9.130000114440918,9.045000076293945,9.079999923706055,1907100,0.0,0.0
2026-09-11 00:00:00,9.119999885559082,9.135000228881836,9.045000076293945,9.050000190734863,1863400,0.0,0.0
2026-09-14 00:00:00,9.039999961853027,9.104999542236328,8.979999542236328,9.020000457763672,2064100,0.0,0.0
2026-09-15 00:00:00,9.010000228881836,9.09000015258789,8.979999542236328,9.010000228881836,1836000,0.0,0.0
2026-09-16 00:00:00,9.0,9.0649995803833,8.869999885559082,8.869999885559082,2567800,0.0,0.0
2026-09-17 00:00:00,8.930000305175781,8.944999694824219,8.829999923706055,8.890000343322754,1932900,0.0,0.0
2026-09-18 00:00:00,8.850000381469727,8.869999885559082,8.770000457763672,8.770000457763672,8342300,0.0,0.0
2026-09-21 00:00:00,8.850000381469727,8.914999961853027,8.729999542236328,8.739999771118164,1706500,0.0,0.0
2026-09-22 00:00:00,8.800000190734863,8.800000190734863,8.710000038146973,8.710000038146973,1970000,0.0,0.0
2026-09-23 00:00:00,8.699999809265137,8.720000267028809,8.65999984741211,8.670000076293945,1922500,0.0,0.0
2026-09-24 00:00:00,8.670000076293945,8.710000038146973,8.574999809265137,8.630000114440918,2450100,0.0,0.0
2026-09-25 00:00:00,8.609999656677246,8.739999771118164,8.550000190734863,8.550000190734863,3445500,0.0,0.0
