Date,Open,High,Low,Close,Volume,Dividends,Stock Splits
2016-09-30 00:00:00,38.851058882373906,39.234962618552956,38.67190458654451,38.979026794433594,53380,0.0,0.0
2016-10-03 00:00:00,38.79986517013112,38.82545640454696,38.26239847888822,38.33917999267578,63940,0.0,0.0
2016-10-04 00:00:00,38.31359713894076,38.33919228683417,36.95713631128682,37.18748092651367,120260,0.0,0.0
2016-10-05 00:00:00,37.238662097325346,37.49459791930009,36.82916322005747,37.033912658691406,84010,0.0,0.0
2016-10-06 00:00:00,36.88034529348003,36.88034529348003,36.29169225300791,36.70118713378906,97670,0.0,0.0
2016-10-07 00:00:00,36.82915496826172,37.05949949959133,36.445251321315546,36.82915496826172,69830,0.0,0.0
2016-10-10 00:00:00,36.85475450530994,37.417812473642556,36.75238174934776,37.1618766784668,36230,0.0,0.0
2016-10-11 00:00:00,36.98272705078125,37.26425802296472,36.75238636828263,36.98272705078125,43150,0.0,0.0
2016-10-12 00:00:00,36.93153435195518,37.69934170270156,36.77797131969784,37.39221954345703,50730,0.0,0.0
2016-10-13 00:00:00,37.187467805431446,37.8528984578881,37.16187266656893,37.673744201660156,48380,0.0,0.0
2016-10-14 00:00:00,37.75052972453015,37.77612486611253,37.08509509609133,37.28984451293945,73930,0.0,0.0
2016-10-17 00:00:00,37.31544885543818,37.443416784362675,37.18748092651367,37.18748092651367,66590,0.0,0.0
2016-10-18 00:00:00,37.39220734830698,37.648143048417865,37.110676516077476,37.44339370727539,57750,0.0,0.0
2016-10-19 00:00:00,37.571372985839844,37.852899998435745,37.34102844251223,37.571372985839844,53500,0.0,0.0
2016-10-20 00:00:00,37.494592124108124,37.85290065738404,37.494592124108124,37.776123046875,42240,0.0,0.0
2016-10-21 00:00:00,37.545784540361936,38.05765618755234,37.520193301164866,37.878501892089844,58670,0.0,0.0
2016-10-24 00:00:00,38.083244923498924,38.51833496934112,38.05764978333817,38.41596221923828,60280,0.0,0.0
2016-10-25 00:00:00,38.31358318267256,38.87664108378424,38.31358318267256,38.82545471191406,43610,0.0,0.0
2016-10-26 00:00:00,38.74867324937486,38.90223627044509,38.441551112504264,38.697486877441406,57560,0.0,0.0
2016-10-27 00:00:00,38.799862946114864,38.799862946114864,38.13442840512556,38.23680114746094,69820,0.0,0.0
2016-10-28 00:00:00,38.31358950594417,38.492743789692334,37.929685795653604,38.160030364990234,75750,0.0,0.0
2016-10-31 00:00:00,38.185624642765596,38.33918770121635,37.90409757596694,38.211219787597656,85590,0.0,0.0
2016-11-01 00:00:00,38.108846500180505,38.26240957227804,37.494602022332664,37.75053787231445,112480,0.0,0.0
2016-11-02 00:00:00,37.67374263023026,37.878492016780314,37.4689932436802,37.64815139770508,110830,0.0,0.0
2016-11-03 00:00:00,37.57138278210859,38.28800392830553,37.54578763553078,37.80172348022461,70440,0.0,0.0
2016-11-04 00:00:00,37.801718964254526,38.08324992189316,37.4690016248463,37.724937438964844,73280,0.0,0.0
2016-11-07 00:00:00,37.315444469817116,38.49274693439338,37.11069502654752,38.083251953125,107770,0.0,0.0
2016-11-08 00:00:00,37.90409626132634,38.2368097009787,37.878501117382,37.9296875,88520,0.0,0.0
2016-11-09 00:00:00,36.98271607936676,38.160022097980416,36.85474820365961,37.82730484008789,132810,0.0,0.0
2016-11-10 00:00:00,37.929682522053675,38.03205917912429,36.982720899453874,37.00831604003906,105660,0.0,0.0
2016-11-11 00:00:00,37.008318117717224,37.87849827268425,37.008318117717224,37.49459457397461,104660,0.0,0.0
2016-11-14 00:00:00,37.54577784593565,37.852899998435745,37.468996331493116,37.571372985839844,96300,0.0,0.0
2016-11-15 00:00:00,37.41781234741211,37.67374814172446,36.650004964475045,37.41781234741211,83130,0.0,0.0
2016-11-16 00:00:00,37.494579328249586,37.67373353374719,37.18745727521529,37.36661148071289,60280,0.0,0.0
2016-11-17 00:00:00,37.41781151879769,37.776123966062364,37.3666251421228,37.59696578979492,62810,0.0,0.0
2016-11-18 00:00:00,37.69934227019675,38.083245951348914,37.520188000046446,37.98086929321289,49470,0.0,0.0
2016-11-21 00:00:00,38.05764689573913,38.569518417955585,38.00646052457145,38.23680114746094,67910,0.0,0.0
2016-11-22 00:00:00,38.4415558573255,38.51833737733771,38.10883854078612,38.26240158081055,83090,0.0,0.0
2016-11-23 00:00:00,38.057650064371764,38.31358584678888,37.571373639887284,37.776123046875,81900,0.0,0.0
2016-11-25 00:00:00,37.852899072041126,38.134429983017014,37.801712698755495,38.00646209716797,25630,0.0,0.0
2016-11-28 00:00:00,38.160033482509945,38.41596931027924,38.05765680823974,38.083251953125,51950,0.0,0.0
2016-11-29 00:00:00,38.13443418989296,38.87664644758809,38.13443418989296,38.723087310791016,121590,0.0,0.0
2016-11-30 00:00:00,38.697491718585454,38.77427323872611,37.82731157104561,38.13443374633789,79960,0.0,0.0
2016-12-01 00:00:00,38.16003565668814,38.26240843152025,37.11069714093937,37.213069915771484,73480,0.0,0.0
2016-12-02 00:00:00,37.23865668422518,37.67374673728237,36.95712575886868,37.00831604003906,69510,0.0,0.0
2016-12-05 00:00:00,37.08508947977163,38.415958535096955,37.08508947977163,38.03205490112305,134350,0.0,0.0
2016-12-06 00:00:00,38.16003293830577,38.979026794433594,38.00646988172585,38.979026794433594,100230,0.0,0.0
2016-12-07 00:00:00,39.00461226792328,40.05395055380516,38.97902103245676,39.977169036865234,138340,0.0,0.0
2016-12-08 00:00:00,39.90038214363701,40.13072666341952,39.51647851593581,39.95157241821289,103410,0.0,0.0
2016-12-09 00:00:00,39.849214495084276,40.386681388470265,39.69565531502505,40.33549499511719,73640,0.0,0.0
2016-12-12 00:00:00,40.38666080651428,41.052091391528734,40.15631629590699,40.309879302978516,168280,0.0,0.0
2016-12-13 00:00:00,39.72123712072433,39.798018645145284,38.390371683419886,38.49274444580078,171900,0.0,0.0
2016-12-14 00:00:00,38.51833744177082,39.030209035681395,38.10883860453422,38.13443374633789,106770,0.0,0.0
2016-12-15 00:00:00,37.98086590910024,38.05764741954344,36.77796859638953,36.82915496826172,189370,0.0,0.0
2016-12-16 00:00:00,37.13628063453858,38.49273704915032,37.13628063453858,37.85289764404297,395940,0.0,0.0
2016-12-19 00:00:00,37.85291403608619,39.26056133689803,37.72494609964875,39.23497009277344,208760,0.0,0.0
2016-12-20 00:00:00,39.31174043168908,39.465299568486145,38.49274274768983,38.723087310791016,150770,0.0,0.0
2016-12-21 00:00:00,38.79987249860419,39.18377623478324,38.441560001674624,38.979026794433594,166460,0.0,0.0
2016-12-22 00:00:00,38.68990148976769,38.9527404999028,38.13794197484696,38.66361999511719,373360,4.0,0.0
2016-12-23 00:00:00,38.79503250510861,38.79503250510861,38.19050208867885,38.61104202270508,73520,0.0,0.0
2016-12-27 00:00:00,38.611041829766584,38.76874681086605,38.190501897841784,38.42705535888672,78130,0.0,0.0
2016-12-28 00:00:00,38.32193361213374,38.50592014174794,38.00652755985145,38.13794708251953,70870,0.0,0.0
2016-12-29 00:00:00,38.11165396921166,39.057875947861575,38.11165396921166,38.926456451416016,102100,0.0,0.0
2016-12-30 00:00:00,38.926448390886904,39.00529686394323,38.269351044724765,38.37448501586914,87680,0.0,0.0
2017-01-03 00:00:00,38.53219483911963,38.95273478729862,38.427056844121566,38.87388229370117,180910,0.0,0.0
2017-01-04 00:00:00,38.9001679693189,39.3995604133319,38.9001679693189,39.241859436035156,114910,0.0,0.0
2017-01-05 00:00:00,39.05787314049667,39.4521316014952,38.79503416649764,39.425846099853516,65920,0.0,0.0
2017-01-06 00:00:00,39.320715282812415,39.609835771144915,39.16301028146393,39.294429779052734,57270,0.0,0.0
2017-01-09 00:00:00,39.45213443719825,39.478415930124505,38.900170947885,38.926456451416016,95420,0.0,0.0
2017-01-10 00:00:00,38.979025382196845,39.26814588236174,38.79503888016373,39.13672637939453,127210,0.0,0.0
2017-01-11 00:00:00,39.16300900134976,39.268142991742394,38.82131751666672,39.03158950805664,94160,0.0,0.0
2017-01-12 00:00:00,39.057875947861575,39.16300994077612,38.742465947908435,38.926456451416016,67910,0.0,0.0
2017-01-13 00:00:00,38.92644948459464,39.215569918666986,38.87387848694146,39.05786895751953,39470,0.0,0.0
2017-01-17 00:00:00,39.2155825608564,39.2155825608564,38.92646203357834,38.95274353027344,71050,0.0,0.0
2017-01-18 00:00:00,38.926450137906905,39.11043660096884,38.76874516350862,39.00529861450195,72000,0.0,0.0
2017-01-19 00:00:00,38.97901468173388,39.03158166636916,38.68989025033405,38.84759521484375,45410,0.0,0.0
2017-01-20 00:00:00,38.84760080290498,39.03158728089606,38.61104332211265,38.87388229370117,41210,0.0,0.0
2017-01-23 00:00:00,38.95274353027344,39.1893010641613,38.90017652627792,38.95274353027344,55380,0.0,0.0
2017-01-24 00:00:00,38.979026794433594,39.136727797344896,38.76875477994676,38.979026794433594,72690,0.0,0.0
2017-01-25 00:00:00,38.82131844789672,39.13672443724511,38.68989895145116,38.926456451416016,54410,0.0,0.0
2017-01-26 00:00:00,39.03159044433056,39.13672443724511,38.84760395142773,38.926456451416016,72610,0.0,0.0
2017-01-27 00:00:00,39.13673004956045,39.13673004956045,38.742471503686005,38.95274353027344,56840,0.0,0.0
2017-01-30 00:00:00,38.92644678628127,38.92644678628127,38.059077522980694,38.34819793701172,70060,0.0,0.0
2017-01-31 00:00:00,38.53220036751555,38.55848186208248,37.19171981584726,38.2956428527832,162820,0.0,0.0
2017-02-01 00:00:00,38.32191803029695,38.979015376459095,38.19049856106452,38.37448501586914,83020,0.0,0.0
2017-02-02 00:00:00,38.37450646065377,39.00531866124397,38.26937243075746,38.900184631347656,61860,0.0,0.0
2017-02-03 00:00:00,39.03159238126274,39.425850890164384,38.95273987736142,39.13672637939453,83160,0.0,0.0
2017-02-06 00:00:00,39.163014851247056,39.63612589989324,39.163014851247056,39.609840393066406,70270,0.0,0.0
2017-02-07 00:00:00,39.6098237788818,39.79381021768146,39.1367129286801,39.34698486328125,77620,0.0,0.0
2017-02-08 00:00:00,39.34698486328125,39.37327035908273,38.97901198568191,39.34698486328125,54140,0.0,0.0
2017-02-09 00:00:00,39.42585021347256,40.08294771703043,39.3732832153089,39.977813720703125,77500,0.0,0.0
2017-02-10 00:00:00,40.05666741407701,40.687483505768114,40.00410040908744,40.424644470214844,72450,0.0,0.0
2017-02-13 00:00:00,40.477205747326444,40.81889724731445,40.477205747326444,40.81889724731445,53790,0.0,0.0
2017-02-14 00:00:00,40.740035803269414,40.87145527360254,40.319491893961825,40.55604934692383,65180,0.0,0.0
2017-02-15 00:00:00,40.4772011400922,40.55605363274572,40.08294268742897,40.319496154785156,65940,0.0,0.0
2017-02-16 00:00:00,40.21436426057794,41.108015195460055,40.21436426057794,41.08173370361328,74730,0.0,0.0
2017-02-17 00:00:00,41.108008463806534,41.26571343148051,40.5823305856985,40.7926025390625,61070,0.0,0.0
2017-02-21 00:00:00,40.97658764007695,41.13429260253906,40.6874672230348,41.13429260253906,65460,0.0,0.0
2017-02-22 00:00:00,40.03038136756504,41.18687138832604,39.87267635991356,40.71376037597656,93770,0.0,0.0
2017-02-23 00:00:00,40.71375830796861,41.633694781130245,40.71375830796861,40.92403030395508,128360,0.0,0.0
2017-02-24 00:00:00,40.188075361844724,40.37206584224611,39.74124993216474,40.24064636230469,123930,0.0,0.0
2017-02-27 00:00:00,40.18807806121524,40.45091703875257,40.05665857244658,40.16179656982422,123120,0.0,0.0
2017-02-28 00:00:00,40.240655546877655,40.87146759033203,40.05666502448206,40.87146759033203,174990,0.0,0.0
2017-03-01 00:00:00,40.87146424486534,41.160588747302455,40.5034912514043,40.81889724731445,104210,0.0,0.0
2017-03-02 00:00:00,40.84517276155183,40.84517276155183,40.161793872218986,40.24064636230469,68420,0.0,0.0
2017-03-03 00:00:00,40.266929626464844,40.34578212002552,39.82010417709359,40.266929626464844,72180,0.0,0.0
2017-03-06 00:00:00,40.31949010710474,40.39834258793087,40.004084194404015,40.34577560424805,55980,0.0,0.0
2017-03-07 00:00:00,40.188072204589844,40.503482140153416,40.08293823313794,40.188072204589844,50770,0.0,0.0
2017-03-08 00:00:00,40.161797472749534,40.161797472749534,39.05787454439506,39.08415603637695,90650,0.0,0.0
2017-03-09 00:00:00,39.05787708694192,39.42585008347911,38.68990007979986,38.821319580078125,66600,0.0,0.0
2017-03-10 00:00:00,39.16300379340823,39.76753418428636,39.16300379340823,39.37327575683594,59360,0.0,0.0
2017-03-13 00:00:00,39.425852474750286,39.741258492427264,39.136727952360076,39.16301345825195,43580,0.0,0.0
2017-03-14 00:00:00,39.189296587220184,39.32071608749845,38.7950380863854,38.821319580078125,70840,0.0,0.0
2017-03-15 00:00:00,39.03158926151663,40.188079190949345,39.03158926151663,40.05665969848633,82050,0.0,0.0
2017-03-16 00:00:00,40.08294520122078,40.188079190949345,39.58355273410316,40.05665969848633,99450,0.0,0.0
2017-03-17 00:00:00,40.109233215532626,40.81889771715009,40.03038071299627,40.76633071899414,172850,0.0,0.0
2017-03-20 00:00:00,40.871463605669526,40.92403060239831,40.26693311677661,40.687477111816406,105730,0.0,0.0
2017-03-21 00:00:00,40.76634059497681,40.818907605867544,40.39836349752994,40.740055084228516,108850,0.0,0.0
2017-03-22 00:00:00,40.71375830796861,40.97659730030051,40.52977181545724,40.92403030395508,155200,0.0,0.0
2017-03-23 00:00:00,40.9510028591226,41.27472537210338,40.35751089926534,40.76216506958008,121390,4.0,0.0
2017-03-24 00:00:00,40.76217342384516,40.92403265533128,40.195655822753906,40.195655822753906,88960,0.0,0.0
2017-03-27 00:00:00,40.033785082559675,40.43843926108833,40.033785082559675,40.30355453491211,108430,0.0,0.0
2017-03-28 00:00:00,40.30355664436789,40.70821084407582,40.249603574344576,40.573326110839844,137130,0.0,0.0
2017-03-29 00:00:00,40.546347356136756,41.59844651783281,40.546347356136756,41.355655670166016,115690,0.0,0.0
2017-03-30 00:00:00,41.3826303566293,41.57147225728968,41.247745636931874,41.46356201171875,55060,0.0,0.0
2017-03-31 00:00:00,41.65240659514351,41.65240659514351,41.3826371117129,41.598453521728516,77290,0.0,0.0
2017-04-03 00:00:00,41.62543574835679,41.6793888264791,41.301713163266996,41.49055099487305,53380,0.0,0.0
2017-04-04 00:00:00,41.40961673125696,42.0300873817717,41.40961673125696,41.89520263671875,67840,0.0,0.0
2017-04-05 00:00:00,41.97612845214073,42.1110131783798,41.51751708984375,41.51751708984375,71580,0.0,0.0
2017-04-06 00:00:00,41.51752307058944,42.13799372394118,41.35566384559927,42.003108978271484,104420,0.0,0.0
2017-04-07 00:00:00,42.05705995250986,42.299854952401105,41.67938433004199,41.73333740234375,120300,0.0,0.0
2017-04-10 00:00:00,41.814273968136604,42.3268343895907,41.65241061591108,42.245906829833984,78520,0.0,0.0
2017-04-11 00:00:00,42.13799143404911,43.00125293615204,42.030085289919576,42.731483459472656,84600,0.0,0.0
2017-04-12 00:00:00,42.70450475337726,42.70450475337726,42.35380364514642,42.51566696166992,41080,0.0,0.0
2017-04-13 00:00:00,42.56962691133073,42.866370884463166,42.40776356863609,42.54264831542969,58710,0.0,0.0
2017-04-17 00:00:00,42.62357815616675,43.02823237916834,42.62357815616675,42.920326232910156,63280,0.0,0.0
2017-04-18 00:00:00,42.94730196070172,43.08218670562626,42.81241721577719,43.00125503540039,87870,0.0,0.0
2017-04-19 00:00:00,43.0282277070152,43.16311243336948,42.920321572473846,43.055206298828125,51980,0.0,0.0
2017-04-20 00:00:00,43.00125217305192,43.37893190351408,42.70450822378393,43.082183837890625,82670,0.0,0.0
2017-04-21 00:00:00,43.082181186501806,43.486835369436434,43.00124952664384,43.271018981933594,58280,0.0,0.0
2017-04-24 00:00:00,43.51382452081928,43.75661544295499,43.190101919186255,43.72964096069336,69110,0.0,0.0
2017-04-25 00:00:00,43.648701863685766,44.05335607605055,43.594748791974894,43.83753967285156,75050,0.0,0.0
2017-04-26 00:00:00,43.81055769521324,44.64684464938735,43.75660462766931,44.3770751953125,114230,0.0,0.0
2017-04-27 00:00:00,44.37708470540742,44.9436023269125,44.26917854719506,44.53894805908203,121890,0.0,0.0
2017-04-28 00:00:00,44.48497511959041,44.53893229595626,43.91846181494061,43.999393463134766,97730,0.0,0.0
2017-05-01 00:00:00,44.107314260588076,44.97057585709597,43.9184764295326,44.45801544189453,105550,0.0,0.0
2017-05-02 00:00:00,44.37709016868748,44.37709016868748,43.486849846591426,43.621734619140625,79070,0.0,0.0
2017-05-03 00:00:00,43.702664209483046,43.702664209483046,43.00126177933151,43.136146545410156,77510,0.0,0.0
2017-05-04 00:00:00,43.10916894192202,43.190100618982946,42.48869823959638,42.89335250854492,77880,0.0,0.0
2017-05-05 00:00:00,42.893349905994455,43.45986749469143,42.62358040973034,43.298004150390625,173990,0.0,0.0
2017-05-08 00:00:00,43.40591287047879,43.54079762659135,42.623582931568386,42.67753601074219,159540,0.0,0.0
2017-05-09 00:00:00,42.75846136493214,42.78543995870772,41.65240488182073,41.868221282958984,116540,0.0,0.0
2017-05-10 00:00:00,41.84124861447321,42.137992577056494,41.76031694600299,41.81427001953125,65440,0.0,0.0
2017-05-11 00:00:00,42.0300887076556,42.40776435917576,41.73334061263557,42.19194793701172,274390,0.0,0.0
2017-05-12 00:00:00,42.27289091581583,42.299869519435255,42.00312134504948,42.08405303955078,72540,0.0,0.0
2017-05-15 00:00:00,42.16497345696364,42.488696032031754,42.0300887076556,42.19194793701172,82360,0.0,0.0
2017-05-16 00:00:00,42.21892642062194,42.48869591851729,42.11102026800615,42.29985809326172,108290,0.0,0.0
2017-05-17 00:00:00,42.19194963485478,42.3538129870803,41.94915872287253,42.245906829833984,72300,0.0,0.0
2017-05-18 00:00:00,42.299859908457144,42.48869774181623,41.92218012538293,42.245906829833984,118830,0.0,0.0
2017-05-19 00:00:00,42.24590415248553,42.56962672006451,42.164972481501835,42.43474197387695,108660,0.0,0.0
2017-05-22 00:00:00,42.488699169100045,43.08219128660354,42.46172057070417,42.97428512573242,61220,0.0,0.0
2017-05-23 00:00:00,43.10916452387413,43.48684015631086,42.893348112614994,43.35195541381836,59650,0.0,0.0
2017-05-24 00:00:00,43.486840048686695,43.540793122279034,43.163117490777,43.45986557006836,54450,0.0,0.0
2017-05-25 00:00:00,43.59475620031658,43.8375471224523,43.45987143993981,43.72964096069336,77430,0.0,0.0
2017-05-26 00:00:00,43.59476013444474,43.75661939168983,43.13614861469218,43.621734619140625,67000,0.0,0.0
2017-05-30 00:00:00,43.648691142070746,43.72962278793521,43.35194314601918,43.4868278503418,57280,0.0,0.0
2017-05-31 00:00:00,43.59474010578228,43.675667639046125,43.05520126346495,43.5407829284668,66180,0.0,0.0
2017-06-01 00:00:00,43.64870498877132,44.10731230568156,43.35195689858221,44.0803337097168,99770,0.0,0.0
2017-06-02 00:00:00,44.24220856200222,44.67384151158889,43.99941760058276,44.29616165161133,78100,0.0,0.0
2017-06-05 00:00:00,44.24220453742092,44.323136222650916,43.86452882815627,43.972434997558594,55430,0.0,0.0
2017-06-06 00:00:00,44.107319767489756,44.16127285219092,43.675686857167435,43.972434997558594,43000,0.0,0.0
2017-06-07 00:00:00,44.13428774179461,44.161262219472285,43.67567634136344,43.83753967285156,50770,0.0,0.0
2017-06-08 00:00:00,43.837545617323876,44.56592247507896,43.5947547035242,44.3231315612793,61180,0.0,0.0
2017-06-09 00:00:00,44.350093133837845,44.91661058961822,44.350093133837845,44.7007942199707,89460,0.0,0.0
2017-06-12 00:00:00,44.48498533847366,45.02452429523553,44.45801086044891,44.808712005615234,69680,0.0,0.0
2017-06-13 00:00:00,44.59289474776373,44.97057036373992,44.5119630825244,44.94359588623047,43440,0.0,0.0
2017-06-14 00:00:00,44.78174236842565,45.37523451630218,44.565925919282435,45.32128143310547,72620,0.0,0.0
2017-06-15 00:00:00,45.05149706128523,45.644989013671875,44.997543995860084,45.644989013671875,72140,0.0,0.0
2017-06-16 00:00:00,45.29429847307577,46.076632511364004,45.29429847307577,45.99570083618164,284490,0.0,0.0
2017-06-19 00:00:00,46.15756130880848,46.400352202862564,45.887791819256954,46.076629638671875,141890,0.0,0.0
2017-06-20 00:00:00,46.04964362777488,46.346391665038354,45.833827247615545,46.18452835083008,96840,0.0,0.0
2017-06-21 00:00:00,46.346402017734576,46.778030758113886,45.77988440781399,45.99570083618164,150860,0.0,0.0
2017-06-22 00:00:00,46.10358989881959,46.400337892347316,45.99568378282103,46.04963684082031,120420,0.0,0.0
2017-06-23 00:00:00,46.10490166204565,46.546891636634946,46.077279923089314,46.27064895629883,219250,4.0,0.0
2017-06-26 00:00:00,46.35352057943513,46.76788458184641,46.27064693592715,46.46401596069336,110740,0.0,0.0
2017-06-27 00:00:00,46.40876456804766,46.57451184184199,46.04964828491211,46.04964828491211,101560,0.0,0.0
2017-06-28 00:00:00,46.04965396900418,46.60213932967641,45.66291590258514,46.27064895629883,161780,0.0,0.0
2017-06-29 00:00:00,46.13251992165332,46.270641238784016,45.52478696930386,46.24301528930664,100540,0.0,0.0
2017-06-30 00:00:00,46.24302950835434,46.38115086795531,45.85629138752336,46.160160064697266,64270,0.0,0.0
2017-07-03 00:00:00,46.32590492476898,46.574525910561164,46.104909897996876,46.35353088378906,40640,0.0,0.0
2017-07-05 00:00:00,46.43637906690473,46.7678693176153,46.215384161388606,46.49162673950195,71190,0.0,0.0
2017-07-06 00:00:00,46.32589599642451,46.436395596078846,45.883910243193334,46.187774658203125,55370,0.0,0.0
2017-07-07 00:00:00,46.2430225902397,46.2430225902397,45.55241589555195,45.8010368347168,66580,0.0,0.0
2017-07-10 00:00:00,45.8010368347168,46.29827449791772,45.580041849390966,45.8010368347168,90120,0.0,0.0
2017-07-11 00:00:00,45.856271004906844,46.132513601321946,45.69052376100678,45.966766357421875,64060,0.0,0.0
2017-07-12 00:00:00,46.21540768574303,46.381150787900495,45.93916496701789,46.13253402709961,67270,0.0,0.0
2017-07-13 00:00:00,46.1325169108984,46.187764591119425,45.248541381978605,45.49715805053711,57920,0.0,0.0
2017-07-14 00:00:00,45.66290341459709,45.994393697317996,45.58002979013495,45.7181510925293,64840,0.0,0.0
2017-07-17 00:00:00,46.574525910561164,46.71264727540253,45.9944144921756,46.35353088378906,100790,0.0,0.0
2017-07-18 00:00:00,46.353520373628044,46.49164170715189,45.33142334857731,45.607666015625,86840,0.0,0.0
2017-07-19 00:00:00,45.63527808772464,46.24301098348633,45.52478273035986,46.215389251708984,85910,0.0,0.0
2017-07-20 00:00:00,46.32589024981973,46.65738057740479,46.07727355791298,46.40876388549805,84310,0.0,0.0
2017-07-21 00:00:00,46.7678693176153,46.823116990212526,46.243005890123605,46.49162673950195,75990,0.0,0.0
2017-07-24 00:00:00,46.49164328834165,46.54689098060445,46.16015291963609,46.187774658203125,41260,0.0,0.0
2017-07-25 00:00:00,46.18777300137533,46.32589433464207,45.41429269205581,45.580039978027344,129680,0.0,0.0
2017-07-26 00:00:00,45.58003491791396,45.99439887171318,45.524787233766354,45.88390350341797,70240,0.0,0.0
2017-07-27 00:00:00,45.994400598690085,46.077274235587254,45.66291026622969,46.04964828491211,52350,0.0,0.0
2017-07-28 00:00:00,46.02201964384792,46.02201964384792,45.46953443427053,45.7181510925293,57200,0.0,0.0
2017-07-31 00:00:00,45.82864837358478,46.022021577162285,45.49715807693847,45.93914794921875,77030,0.0,0.0
2017-08-01 00:00:00,46.132534106725316,46.27065546632629,45.939165046309824,46.160160064697266,69290,0.0,0.0
2017-08-02 00:00:00,46.16014844744866,46.21539613435884,45.93915348467962,46.104896545410156,45100,0.0,0.0
2017-08-03 00:00:00,46.104895971134134,46.21539555870645,45.8562792755709,46.04964828491211,46450,0.0,0.0
2017-08-04 00:00:00,46.104896545410156,46.13252249642941,45.828653895730945,46.104896545410156,43500,0.0,0.0
2017-08-07 00:00:00,46.13253585701697,46.35353088378906,45.91154083024487,46.35353088378906,45620,0.0,0.0
2017-08-08 00:00:00,46.57451606611379,47.07174950233894,46.35352108605336,46.96125411987305,91800,0.0,0.0
2017-08-09 00:00:00,47.15462169523332,47.48611204755566,46.988878626636414,47.209869384765625,99300,0.0,0.0
2017-08-10 00:00:00,47.23749489457322,47.29274258358796,46.574514196139376,46.740257263183594,76330,0.0,0.0
2017-08-11 00:00:00,46.132510544929154,46.7678693176153,45.88389391067803,46.49162673950195,70820,0.0,0.0
2017-08-14 00:00:00,46.74025599921502,47.29274130467886,46.74025599921502,47.044124603271484,75980,0.0,0.0
2017-08-15 00:00:00,46.87837475974343,47.23749103166475,46.79550112543418,47.18224334716797,97220,0.0,0.0
2017-08-16 00:00:00,47.23748779296875,47.43085678301381,46.98887112221479,47.23748779296875,74310,0.0,0.0
2017-08-17 00:00:00,47.26512274434722,47.43086581804605,46.906006428640104,46.96125411987305,53720,0.0,0.0
2017-08-18 00:00:00,46.740252694658494,47.15461664446066,46.62975732742915,47.07174301147461,107520,0.0,0.0
2017-08-21 00:00:00,47.1546173973555,47.23749103166475,46.87837475974343,47.18224334716797,39390,0.0,0.0
2017-08-22 00:00:00,47.237495337096036,47.37561666849105,47.099374005701016,47.209869384765625,61960,0.0,0.0
2017-08-23 00:00:00,47.237490943725284,47.51373358082309,47.12699557493741,47.15461730957031,61510,0.0,0.0
2017-08-24 00:00:00,47.237493413703994,47.48611011404057,47.126998039138485,47.43086242675781,83090,0.0,0.0
2017-08-25 00:00:00,47.56897483854637,47.596600784575074,47.209858615810965,47.29273223876953,42420,0.0,0.0
2017-08-28 00:00:00,47.4032318077568,47.458479484686656,47.099363261951254,47.29273223876953,42100,0.0,0.0
2017-08-29 00:00:00,47.29273031769954,47.37560393729171,46.57450211653131,46.657371520996094,70670,0.0,0.0
2017-08-30 00:00:00,46.65737866149662,46.82312592604712,46.43638792893334,46.629756927490234,53650,0.0,0.0
2017-08-31 00:00:00,46.76789213233331,47.182256201642,46.68501847544571,46.90601348876953,69900,0.0,0.0
2017-09-01 00:00:00,46.906013969177344,47.0165093694063,46.6573929959682,46.93363571166992,96120,0.0,0.0
2017-09-05 00:00:00,46.9888882223031,46.9888882223031,46.132534106725316,46.160160064697266,71560,0.0,0.0
2017-09-06 00:00:00,46.270657221858336,46.574525910561164,46.02204045119569,46.35353088378906,94310,0.0,0.0
2017-09-07 00:00:00,46.464011570907516,46.51925925631699,46.24301661414141,46.40876388549805,68590,0.0,0.0
2017-09-08 00:00:00,46.325881465010134,46.436381030003176,46.18776017011438,46.29825973510742,46110,0.0,0.0
2017-09-11 00:00:00,46.40875127164091,46.76786745188735,46.29825593085449,46.71261978149414,47430,0.0,0.0
2017-09-12 00:00:00,46.629756927490234,46.740252293771874,46.574509244349414,46.629756927490234,43480,0.0,0.0
2017-09-13 00:00:00,46.65739358715726,46.65739358715726,46.022038705096286,46.160160064697266,64650,0.0,0.0
2017-09-14 00:00:00,45.96677797136404,46.24302063757447,45.883908543603766,46.022029876708984,75140,0.0,0.0
2017-09-15 00:00:00,46.21538590838351,46.740245140588264,46.10488634388482,46.657371520996094,193170,0.0,0.0
2017-09-18 00:00:00,46.74023947076798,46.93360841627485,46.54687052526112,46.878360748291016,130790,0.0,0.0
2017-09-19 00:00:00,46.90599428513298,47.596600784575074,46.90599428513298,47.29273223876953,89680,0.0,0.0
2017-09-20 00:00:00,47.40323505022329,47.45848273093218,47.044118802923684,47.23748779296875,89870,0.0,0.0
2017-09-21 00:00:00,47.26511374088712,47.486104463722704,47.18224011225985,47.23748779296875,57320,0.0,0.0
2017-09-22 00:00:00,47.347985556215924,47.62422818890126,47.265116138512774,47.486106872558594,87170,0.0,0.0
2017-09-25 00:00:00,47.651850491623804,47.67947643882946,47.40323382728381,47.54135513305664,110610,0.0,0.0
2017-09-26 00:00:00,47.5979525445459,48.24881721812592,47.56965670882333,47.8243408203125,145800,4.1,0.0
2017-09-27 00:00:00,47.90922852930715,48.27710887291483,47.880928380569465,48.22050857543945,84880,0.0,0.0
2017-09-28 00:00:00,48.192221342837776,48.418609619140625,47.739444790232064,48.418609619140625,70190,0.0,0.0
2017-09-29 00:00:00,48.418612289772625,48.56010443051655,48.27712014902869,48.4752082824707,72840,0.0,0.0
2017-10-02 00:00:00,48.5601137773717,48.9279899597168,48.41862160939334,48.9279899597168,57440,0.0,0.0
2017-10-03 00:00:00,48.95627702572979,48.98457717895508,48.75818890714418,48.98457717895508,54070,0.0,0.0
2017-10-04 00:00:00,48.98458754324632,49.097779544102664,48.78649506475064,48.9562873840332,42320,0.0,0.0
2017-10-05 00:00:00,49.04116703672582,49.32415126161403,48.984571055347494,49.18265914916992,47710,0.0,0.0
2017-10-06 00:00:00,49.01288323971387,49.09777939910444,48.44691460110748,48.53181076049805,148140,0.0,0.0
2017-10-09 00:00:00,48.58839565003269,49.012872031922306,48.58839565003269,48.78648376464844,56160,0.0,0.0
2017-10-10 00:00:00,49.04118628489846,49.04118628489846,48.729901788146755,48.9279899597168,71910,0.0,0.0
2017-10-11 00:00:00,48.984582827490776,49.38075911034608,48.81479052455414,49.35245895385742,78550,0.0,0.0
2017-10-12 00:00:00,49.380760127300896,49.52225227666279,48.98458383628669,49.46565628051758,63080,0.0,0.0
2017-10-13 00:00:00,49.5222396411495,49.63543160455919,49.29585139633349,49.60713577270508,39990,0.0,0.0
2017-10-16 00:00:00,49.91842645170032,50.20141073842877,49.77693430833609,50.00332260131836,63580,0.0,0.0
2017-10-17 00:00:00,50.00331754047738,50.37119793959067,50.00331754047738,50.229705810546875,34640,0.0,0.0
2017-10-18 00:00:00,50.28629562612694,50.65417598008442,50.257999794589644,50.5126838684082,94630,0.0,0.0
2017-10-19 00:00:00,50.56928130685842,50.8522655383663,50.39949335875171,50.79566955566406,55590,0.0,0.0
2017-10-20 00:00:00,50.93717206147948,50.99376805572605,50.51269562763382,50.76737976074219,54970,0.0,0.0
2017-10-23 00:00:00,50.90887293835905,50.90887293835905,49.890132067256545,50.201412200927734,74590,0.0,0.0
2017-10-24 00:00:00,50.37121814448663,50.71079852680476,50.20142579432816,50.258026123046875,61530,0.0,0.0
2017-10-25 00:00:00,50.17310833578857,50.2580044742986,49.38075157302318,50.0316162109375,114130,0.0,0.0
2017-10-26 00:00:00,50.42780372821417,50.541000044247085,49.04118232129501,49.0977783203125,112720,0.0,0.0
2017-10-27 00:00:00,49.352452754370304,49.74863330545638,48.53180013525864,49.63543701171875,89260,0.0,0.0
2017-10-30 00:00:00,49.5788415347119,49.7769296532975,48.814784895597626,48.98457717895508,51230,0.0,0.0
2017-10-31 00:00:00,48.9845735072641,49.12606562679058,48.72988510131836,48.72988510131836,111090,0.0,0.0
2017-11-01 00:00:00,49.069483475109024,49.210975646972656,48.78649913138175,49.210975646972656,64890,0.0,0.0
2017-11-02 00:00:00,49.239266205919144,49.26756636197215,48.02243290159864,48.333717346191406,103980,0.0,0.0
2017-11-03 00:00:00,48.19221118895255,48.4468952473842,47.96582296034869,48.10731506347656,52500,0.0,0.0
2017-11-06 00:00:00,48.588391745850736,48.588391745850736,47.145174754189846,47.28666687011719,128710,0.0,0.0
2017-11-07 00:00:00,47.711152453972865,48.58840115174492,47.39986801147461,47.39986801147461,104810,0.0,0.0
2017-11-08 00:00:00,47.597951251792544,48.163919766838816,47.42816328807692,48.135623931884766,99630,0.0,0.0
2017-11-09 00:00:00,48.050734456482424,48.2488226006274,47.62625801131561,47.937538146972656,79250,0.0,0.0
2017-11-10 00:00:00,47.76773920067082,48.107319415297106,47.28666687011719,47.28666687011719,65380,0.0,0.0
2017-11-13 00:00:00,47.34326730505766,47.90923582199081,47.28667131696376,47.88093566894531,68030,0.0,0.0
2017-11-14 00:00:00,47.90924490149024,48.277125370814915,47.82434874426179,48.07903289794922,105990,0.0,0.0
2017-11-15 00:00:00,47.85264504349517,48.475209616299274,47.68285274273152,48.16392517089844,136510,0.0,0.0
2017-11-16 00:00:00,48.16393311623332,49.04118628489846,48.16393311623332,48.9279899597168,131960,0.0,0.0
2017-11-17 00:00:00,48.8147874998352,49.15436776666936,48.7015955168896,49.12607192993164,98200,0.0,0.0
2017-11-20 00:00:00,50.79567105098595,51.33333937948011,50.42779067559672,50.99375915527344,522440,0.0,0.0
2017-11-21 00:00:00,51.19186501433893,51.30506134033204,50.51270433037357,51.30506134033203,1743470,0.0,0.0
2017-11-22 00:00:00,51.16357289222373,51.55974926701584,50.852288370602345,51.38996124267578,266390,0.0,0.0
2017-11-24 00:00:00,51.559727634950164,51.58802778613273,50.93716317090513,50.99375915527344,148170,0.0,0.0
2017-11-27 00:00:00,51.050350980989265,51.191843089382246,50.51268269629452,50.6541748046875,211160,0.0,0.0
2017-11-28 00:00:00,50.56929901956187,50.710791184875696,50.229718686408326,50.42780685424805,250660,0.0,0.0
2017-11-29 00:00:00,50.34288512481761,50.79566155107856,50.03160511000973,50.45608139038086,196330,0.0,0.0
2017-11-30 00:00:00,50.456105288406356,50.625893290175576,49.692048485449725,49.975032806396484,237590,0.0,0.0
2017-12-01 00:00:00,50.20139303136057,50.51267736416447,49.2675486689409,50.45608139038086,219010,0.0,0.0
2017-12-04 00:00:00,50.823986264509806,51.47484675463144,50.76738594537044,51.16356658935547,211830,0.0,0.0
2017-12-05 00:00:00,51.30505867806252,51.30505867806252,50.71078987193128,51.24846267700195,212290,0.0,0.0
2017-12-06 00:00:00,51.27674995094689,51.871018657784624,51.13525781293766,51.72952651977539,234330,0.0,0.0
2017-12-07 00:00:00,51.616330484502804,52.21059919440228,51.163558231338946,52.06910705566406,273140,0.0,0.0
2017-12-08 00:00:00,52.06911722099279,52.06911722099279,51.446552552602306,51.701236724853516,128310,0.0,0.0
2017-12-11 00:00:00,51.72953653221194,51.84272853732909,51.503148203979414,51.53144836425781,125050,0.0,0.0
2017-12-12 00:00:00,51.503145826991336,51.531445985963614,51.10696950936753,51.1352653503418,169410,0.0,0.0
2017-12-13 00:00:00,51.22015164658549,52.26719255697703,51.07865951496509,51.9276123046875,217970,0.0,0.0
2017-12-14 00:00:00,52.01250844725918,52.32378854602576,51.84271616211583,51.9276123046875,130480,0.0,0.0
2017-12-15 00:00:00,51.984200155809,53.31422512123103,51.984200155809,52.74825668334961,350440,0.0,0.0
2017-12-18 00:00:00,52.80486519217094,53.37083371805489,51.871016260863,52.012508392333984,217410,0.0,0.0
2017-12-19 00:00:00,52.153996265809454,52.43698050564782,50.9654633220877,50.99375915527344,204180,0.0,0.0
2017-12-20 00:00:00,51.276767579189936,51.559751952494516,50.88059118376307,50.93718719482422,156980,0.0,0.0
2017-12-21 00:00:00,51.07866547516037,51.53144207637749,50.99376932268245,51.220157623291016,164230,0.0,0.0
2017-12-22 00:00:00,51.24912208359366,51.74162709290828,51.017360221062276,51.48088836669922,136730,4.2,0.0
2017-12-26 00:00:00,51.53882829809864,52.03133330230813,51.53882829809864,51.71265411376953,75040,0.0,0.0
2017-12-27 00:00:00,51.7416402715977,52.14722805490574,51.56781440985123,51.88649368286133,76340,0.0,0.0
2017-12-28 00:00:00,51.85751213855691,52.292072296142585,51.71265875269502,52.29207229614258,89130,0.0,0.0
2017-12-29 00:00:00,52.34999548732316,52.407935938428736,51.65470123291016,51.654701232910156,87220,0.0,0.0
2018-01-02 00:00:00,51.799565948060724,51.91544687572361,50.872505265035564,51.10426712036133,141550,0.0,0.0
2018-01-03 00:00:00,51.13324573903844,51.45192495946624,49.94544619443435,49.97441864013672,170130,0.0,0.0
2018-01-04 00:00:00,50.061324629608684,50.95941285464296,50.00338416679582,50.52485275268555,110220,0.0,0.0
2018-01-05 00:00:00,50.611768220731186,50.98838787895191,50.26412100567135,50.959415435791016,119750,0.0,0.0
2018-01-08 00:00:00,50.84353963178284,51.278099799575855,50.611773324844975,51.0753059387207,99260,0.0,0.0
2018-01-09 00:00:00,51.22014166967739,51.27808212129304,50.84352210331598,50.90146255493164,131220,0.0,0.0
2018-01-10 00:00:00,50.55384082176847,50.98840105805874,50.206193516851314,50.8145751953125,150160,0.0,0.0
2018-01-11 00:00:00,50.756624535352145,51.74163019241249,50.756624535352145,51.683685302734375,137020,0.0,0.0
2018-01-12 00:00:00,51.71265367319886,51.886479487388826,51.22015309375941,51.42294692993164,87050,0.0,0.0
2018-01-16 00:00:00,51.422955304745685,51.683689647920104,50.669715881347656,50.669715881347656,103310,0.0,0.0
2018-01-17 00:00:00,50.785592359001384,51.365005838463865,50.698679452967205,51.10426712036133,116650,0.0,0.0
2018-01-18 00:00:00,50.98838620047116,51.07529910651859,50.35103225708008,50.35103225708008,82250,0.0,0.0
2018-01-19 00:00:00,50.35103391457985,51.046328344699525,50.35103391457985,50.959415435791016,106800,0.0,0.0
2018-01-22 00:00:00,51.13324125360803,51.249122185103246,50.8435345042958,50.959415435791016,75670,0.0,0.0
2018-01-23 00:00:00,51.04632920544626,51.59677469076565,51.01736118237109,51.5388298034668,106240,0.0,0.0
2018-01-24 00:00:00,51.62574441400179,51.683684882634516,51.27809718163103,51.393978118896484,101790,0.0,0.0
2018-01-25 00:00:00,50.40899247814621,51.220172551564865,50.11928562482353,50.93046569824219,215650,0.0,0.0
2018-01-26 00:00:00,50.81455469221288,50.930440027477054,49.82955365562186,49.9454345703125,152830,0.0,0.0
2018-01-29 00:00:00,49.7716197916669,49.80058781389027,47.83058547973633,47.83058547973633,313460,0.0,0.0
2018-01-30 00:00:00,47.685726451916125,48.43896124901052,47.13528104805918,47.94646072387695,169910,0.0,0.0
2018-01-31 00:00:00,48.12028487844049,48.55484493060977,46.46895314373849,47.04836654663086,229030,0.0,0.0
2018-02-01 00:00:00,46.90351290014376,47.88851833119361,46.64277863871571,46.78763198852539,136020,0.0,0.0
2018-02-02 00:00:00,46.58484986268437,46.87455663493916,45.628816630128675,45.74469757080078,143800,0.0,0.0
2018-02-05 00:00:00,45.33911361574612,45.4839670138795,44.151313982822494,44.962493896484375,304810,0.0,0.0
2018-02-06 00:00:00,44.09337200748134,46.03440659231315,43.890578141109316,45.13631820678711,308790,0.0,0.0
2018-02-07 00:00:00,45.107336705525675,45.831603526168585,44.78866195678711,44.78866195678711,250470,0.0,0.0
2018-02-08 00:00:00,44.84662004714318,45.31014834221931,44.41205978393555,44.41205978393555,160410,0.0,0.0
2018-02-09 00:00:00,44.73072908509046,44.93352738578187,43.94852159288445,44.556907653808594,166280,0.0,0.0
2018-02-12 00:00:00,44.73072281751872,44.96248911399499,44.12234126241472,44.90454864501953,164970,0.0,0.0
2018-02-13 00:00:00,44.93352287025222,45.71573028385142,44.614843647398104,45.54190444946289,88590,0.0,0.0
2018-02-14 00:00:00,45.42602277366523,45.80264246171136,45.1942564717465,45.74469757080078,99390,0.0,0.0
2018-02-15 00:00:00,46.12131584338974,46.93249566492304,45.77366861146815,46.70072937011719,114070,0.0,0.0
2018-02-16 00:00:00,46.64279461781913,47.830594261409715,46.64279461781913,47.367061614990234,276190,0.0,0.0
2018-02-20 00:00:00,47.19323090682205,47.424997206161265,46.38205548999652,46.52690887451172,147660,0.0,0.0
2018-02-21 00:00:00,47.33808602632146,47.743678170174036,46.23720380011719,46.382057189941406,175640,0.0,0.0
2018-02-22 00:00:00,46.84558189764486,46.84558189764486,45.94749359993716,46.121315002441406,180330,0.0,0.0
2018-02-23 00:00:00,46.41101978142933,46.84557990002057,46.32410687359626,46.7586669921875,97660,0.0,0.0
2018-02-26 00:00:00,47.106319784613504,47.22220071753112,46.67175965531107,46.8455810546875,88360,0.0,0.0
2018-02-27 00:00:00,47.07735460015792,47.28014847432054,45.77367401123047,45.77367401123047,92660,0.0,0.0
2018-02-28 00:00:00,45.802639774151146,46.1502869963431,44.52792739868164,44.52792739868164,161490,0.0,0.0
2018-03-01 00:00:00,44.78867704065631,45.368090692304776,44.38308483215718,44.75970458984375,152700,0.0,0.0
2018-03-02 00:00:00,44.44101437684478,45.13631324006403,44.18028006599647,45.049400329589844,127760,0.0,0.0
2018-03-05 00:00:00,45.25220296156191,46.03441046658472,45.165290034209356,45.91852951049805,127920,0.0,0.0
2018-03-06 00:00:00,45.91852133668139,46.29514100778481,45.28116735050793,46.15028762817383,128920,0.0,0.0
2018-03-07 00:00:00,46.034403830700455,46.613817368761254,45.86058242162691,46.52690887451172,227490,0.0,0.0
2018-03-08 00:00:00,46.70072840070475,46.84558177937975,46.26616826467975,46.64278793334961,121090,0.0,0.0
2018-03-09 00:00:00,46.671756744384766,46.70072476552031,46.15028373763137,46.671756744384766,82490,0.0,0.0
2018-03-12 00:00:00,46.81662783506151,47.6278034631253,46.81662783506151,47.338096618652344,100460,0.0,0.0
2018-03-13 00:00:00,47.4829496023907,47.74368841235386,47.3960410863119,47.59883499145508,91920,0.0,0.0
2018-03-14 00:00:00,47.714703754279554,48.17823635081189,47.68573572985532,47.80161666870117,73880,0.0,0.0
2018-03-15 00:00:00,47.80161509205188,47.9754409151618,47.10632064076085,47.42499542236328,61910,0.0,0.0
2018-03-16 00:00:00,47.598822089688156,48.12029514769245,47.280142881859305,48.00440979003906,147810,0.0,0.0
2018-03-19 00:00:00,47.917505060101035,48.004417988040124,47.16426999930428,47.540889739990234,69120,0.0,0.0
2018-03-20 00:00:00,47.56985741581934,47.80162374841151,47.36706353251686,47.48294448852539,75110,0.0,0.0
2018-03-21 00:00:00,47.54088095998343,47.71470236318455,47.28014222432026,47.4539680480957,85620,0.0,0.0
2018-03-22 00:00:00,47.30912780761719,47.97545442304923,47.22221487159117,47.30912780761719,91140,0.0,0.0
2018-03-23 00:00:00,47.56985607153426,47.8016223975769,47.13529586791992,47.13529586791992,111270,0.0,0.0
2018-03-26 00:00:00,47.313725858459904,48.1166605569331,46.86765052178447,47.938228607177734,125930,4.2,0.0
2018-03-27 00:00:00,47.93822867518495,48.29508803748896,47.43267753377819,47.90849304199219,101220,0.0,0.0
2018-03-28 00:00:00,48.05718519897015,48.354568759513995,47.84901307641904,48.14639663696289,109700,0.0,0.0
2018-03-29 00:00:00,48.32481869475502,49.03853727885425,48.32481869475502,48.71141815185547,126740,0.0,0.0
2018-04-02 00:00:00,48.65194648690308,48.919589844218066,48.05717943712535,48.473514556884766,82310,0.0,0.0
2018-04-03 00:00:00,48.53300264782951,49.03855386065525,48.265359222719894,48.889862060546875,81270,0.0,0.0
2018-04-04 00:00:00,48.56272175990573,48.97905680454739,48.4437656487855,48.77088928222656,72640,0.0,0.0
2018-04-05 00:00:00,48.86012397272965,49.24672354116547,48.62221619694504,49.00881576538086,96260,0.0,0.0
2018-04-06 00:00:00,48.86011584005212,49.157499375855586,48.59246793520141,48.83037567138672,90150,0.0,0.0
2018-04-09 00:00:00,49.0088130959547,49.3359322993417,48.74116516113281,48.74116516113281,74330,0.0,0.0
2018-04-10 00:00:00,49.008833600914265,49.12778526323934,48.800665922987854,48.86014175415039,83860,0.0,0.0
2018-04-11 00:00:00,48.651945632446974,48.86011318867072,48.44377353851084,48.532989501953125,82220,0.0,0.0
2018-04-12 00:00:00,48.681676444048676,48.681676444048676,48.08690946357719,48.11664962768555,54830,0.0,0.0
2018-04-13 00:00:00,48.11664778022231,48.38429109607339,47.5218808225872,47.759788513183594,83720,0.0,0.0
2018-04-16 00:00:00,47.96795951021149,48.17612705289764,47.64083584476747,48.027435302734375,57330,0.0,0.0
2018-04-17 00:00:00,48.116655551562566,48.354563280583534,47.96796378813852,48.2356071472168,55600,0.0,0.0
2018-04-18 00:00:00,48.265347314986606,48.71142260525873,48.205871517159494,48.2356071472168,61730,0.0,0.0
2018-04-19 00:00:00,48.146395396160706,48.384303146007156,47.878752013654015,47.96796798706055,74430,0.0,0.0
2018-04-20 00:00:00,48.02744502783056,48.29508841723481,47.81927744299247,48.14639663696289,109920,0.0,0.0
2018-04-23 00:00:00,48.26534988434447,48.26534988434447,47.87875037131922,48.05718231201172,61300,0.0,0.0
2018-04-24 00:00:00,48.02743121017425,48.59245799756221,47.96795542271948,48.26533889770508,115670,0.0,0.0
2018-04-25 00:00:00,48.08692048821553,48.44377985077133,47.9679688799346,48.38430404663086,85830,0.0,0.0
2018-04-26 00:00:00,48.354562962014214,48.592466151755325,48.1761310319959,48.473514556884766,71600,0.0,0.0
2018-04-27 00:00:00,48.6222063193292,48.77089808177363,48.38429859187561,48.473514556884766,84070,0.0,0.0
2018-04-30 00:00:00,48.62219816014545,48.9493217977143,48.26533889770507,48.26533889770508,124550,0.0,0.0
2018-05-01 00:00:00,48.26534215993892,48.295077786820265,47.6408350051743,48.086910247802734,78150,0.0,0.0
2018-05-02 00:00:00,47.967956040813526,48.11664778022231,47.61109677377482,47.759788513183594,57190,0.0,0.0
2018-05-03 00:00:00,47.78952759493073,48.3545589681784,47.313716717035554,48.027435302734375,97360,0.0,0.0
2018-05-04 00:00:00,47.73008281120198,49.098049616515596,47.313747455349166,48.86014175415039,127480,0.0,0.0
2018-05-07 00:00:00,48.8601417541504,49.098049616515596,48.562758060622656,48.86014175415039,144720,0.0,0.0
2018-05-08 00:00:00,48.83036791757077,48.91958387168766,47.52188238289611,47.70030975341797,195250,0.0,0.0
2018-05-09 00:00:00,47.75979475274193,47.81927054873328,46.956855624865476,47.640838623046875,182850,0.0,0.0
2018-05-10 00:00:00,47.84900338745362,48.17612705289764,47.700311637290355,48.027435302734375,68920,0.0,0.0
2018-05-11 00:00:00,48.05718482109494,48.17613642929195,47.87875287108645,47.90849304199219,76370,0.0,0.0
2018-05-14 00:00:00,47.997690819769375,47.997690819769375,47.61109593429244,47.81926345825195,57130,0.0,0.0
2018-05-15 00:00:00,47.61110299390738,48.02743810355917,47.462411235072835,47.640838623046875,85680,0.0,0.0
2018-05-16 00:00:00,47.55162521777088,47.730057153054254,47.373197820200105,47.4624137878418,83590,0.0,0.0
2018-05-17 00:00:00,47.46239930854856,47.61109103001932,47.31370758707781,47.43265914916992,67340,0.0,0.0
2018-05-18 00:00:00,47.373197754811024,47.49214935302735,47.04607405314723,47.492149353027344,198880,0.0,0.0
2018-05-21 00:00:00,47.58136682864021,48.05718231201172,47.34345908695447,48.05718231201172,93420,0.0,0.0
2018-05-22 00:00:00,48.11666062519345,48.2653524042962,47.819277066987944,47.90849304199219,58600,0.0,0.0
2018-05-23 00:00:00,47.93821771845932,48.1761254181903,47.70031001872834,48.11664962768555,114170,0.0,0.0
2018-05-24 00:00:00,48.05717546785187,48.086911095257264,47.81926776004823,48.027435302734375,133170,0.0,0.0
2018-05-25 00:00:00,48.086914376871306,48.17613034060008,47.7300550596686,47.84900665283203,70790,0.0,0.0
2018-05-29 00:00:00,47.8490115056207,48.503258947509785,47.58136812500271,48.205875396728516,218310,0.0,0.0
2018-05-30 00:00:00,48.32481407537693,48.97905680454739,48.17612233976038,48.77088928222656,132290,0.0,0.0
2018-05-31 00:00:00,48.83036568509303,48.83036568509303,48.176122947667054,48.26533889770508,134360,0.0,0.0
2018-06-01 00:00:00,48.414037909171675,48.74115705817687,47.908486833281906,48.532989501953125,143490,0.0,0.0
2018-06-04 00:00:00,48.65195637056064,49.00881576538086,48.53300021381164,49.00881576538086,116340,0.0,0.0
2018-06-05 00:00:00,49.0682817592447,49.157497724531275,48.503254875283844,48.91958999633789,105680,0.0,0.0
2018-06-06 00:00:00,48.86012131140248,49.0088130959547,48.56273774229804,48.74116516113281,88370,0.0,0.0
2018-06-07 00:00:00,48.830379832876616,48.86012000407658,48.41404466235533,48.592472076416016,198700,0.0,0.0
2018-06-08 00:00:00,48.592466302857936,49.03854159157834,48.592466302857936,48.91958999633789,73860,0.0,0.0
2018-06-11 00:00:00,48.919617585312935,48.919617585312935,48.53301787618386,48.86014175415039,65460,0.0,0.0
2018-06-12 00:00:00,48.830374738905725,48.8601149070032,48.35456381333401,48.414039611816406,97210,0.0,0.0
2018-06-13 00:00:00,48.50325963547601,48.50325963547601,47.73006057739258,47.73006057739258,108620,0.0,0.0
2018-06-14 00:00:00,47.908495924284914,48.11666352001004,47.73006396354151,47.99770736694336,81130,0.0,0.0
2018-06-15 00:00:00,47.81927621062063,48.08691959312732,47.700320066840945,47.96796798706055,181530,0.0,0.0
2018-06-18 00:00:00,47.9382338368029,48.62221700186417,47.9382338368029,48.503265380859375,70740,0.0,0.0
2018-06-19 00:00:00,48.53299213558325,48.97906743928845,48.38430036768151,48.83037567138672,105510,0.0,0.0
2018-06-20 00:00:00,48.9195899963379,49.09802192691105,48.62220647052429,48.91958999633789,61530,0.0,0.0
2018-06-21 00:00:00,48.94933016400425,49.03854159157834,48.68168226814451,48.91958999633789,55160,0.0,0.0
2018-06-22 00:00:00,49.06829361527326,49.27646122609837,48.622218218770776,48.68169403076172,117020,0.0,0.0
2018-06-25 00:00:00,48.77091043554563,49.12776984826299,48.681694447937886,48.889862060546875,101220,0.0,0.0
2018-06-26 00:00:00,49.042443775983344,49.37814376670754,48.64570869331266,49.01192855834961,124280,4.2,0.0
2018-06-27 00:00:00,48.98140711178005,48.98140711178005,47.97431182861328,47.97431182861328,112010,0.0,0.0
2018-06-28 00:00:00,48.06587117607047,48.737266540527344,48.004836080516085,48.737266540527344,107010,0.0,0.0
2018-06-29 00:00:00,48.76777320763216,48.950878444700294,48.24896805092206,48.52362823486328,91640,0.0,0.0
2018-07-02 00:00:00,48.46261391938109,48.798309326171875,48.24898872293604,48.798309326171875,75930,0.0,0.0
2018-07-03 00:00:00,48.828816039271594,49.71383646731188,48.7372610778622,49.530731201171875,66490,0.0,0.0
2018-07-05 00:00:00,48.493120504150376,49.50021585845986,48.493120504150376,49.408660888671875,113060,0.0,0.0
2018-07-06 00:00:00,49.40866010960348,49.71384023296528,49.347625016266946,49.46969985961914,51520,0.0,0.0
2018-07-09 00:00:00,49.561239320299684,49.652794268598925,49.22554405210662,49.28657913208008,63870,0.0,0.0
2018-07-10 00:00:00,49.40866070212733,49.50021567156965,49.134000450479554,49.225555419921875,49930,0.0,0.0
2018-07-11 00:00:00,49.2255495201238,49.530729610568855,49.13399456165455,49.43917465209961,55990,0.0,0.0
2018-07-12 00:00:00,49.34762797187479,49.40866306886694,49.01193261007828,49.256072998046875,52570,0.0,0.0
2018-07-13 00:00:00,49.286590513990355,49.53073554694348,49.10348057510572,49.225555419921875,66440,0.0,0.0
2018-07-16 00:00:00,49.28659494940737,49.37814992708894,48.85934459579952,48.981414794921875,58250,0.0,0.0
2018-07-17 00:00:00,48.92037648386981,49.1950367422042,48.676231444972956,48.737266540527344,73280,0.0,0.0
2018-07-18 00:00:00,48.6152054177449,48.920385609122235,48.6152054177449,48.70676040649414,57760,0.0,0.0
2018-07-19 00:00:00,48.706734957003746,49.37813009589083,48.67621509114072,49.16450500488281,54120,0.0,0.0
2018-07-20 00:00:00,49.103477411914014,49.225552248866244,48.7372622144151,49.042442321777344,54420,0.0,0.0
2018-07-23 00:00:00,48.92036659867881,49.07295663507102,48.737256692336814,48.82881164550781,40110,0.0,0.0
2018-07-24 00:00:00,48.889852135952054,48.920372009277344,48.615191902739966,48.920372009277344,69690,0.0,0.0
2018-07-25 00:00:00,48.920372009277344,49.13399715251773,48.737262082683365,48.920372009277344,66460,0.0,0.0
2018-07-26 00:00:00,48.889860765120304,49.37815088443594,48.85934554308788,49.317115783691406,77990,0.0,0.0
2018-07-27 00:00:00,49.378137973759564,49.56124322811746,49.07295789315126,49.347618103027344,58730,0.0,0.0
2018-07-30 00:00:00,49.3781310625686,50.171596367086046,49.347611196108076,50.04952621459961,68270,0.0,0.0
2018-07-31 00:00:00,50.04954268699283,50.78197315632586,49.8053976449887,50.6293830871582,123380,0.0,0.0
2018-08-01 00:00:00,50.53783477949021,50.53783477949021,49.683329426855444,50.2936897277832,64350,0.0,0.0
2018-08-02 00:00:00,50.263167852491684,50.751457936499946,50.263167852491684,50.6293830871582,73370,0.0,0.0
2018-08-03 00:00:00,50.69042314657095,50.84301321666096,49.92747279612094,50.08006286621094,97270,0.0,0.0
2018-08-06 00:00:00,50.11057863412451,50.20213360851544,49.59177332148182,49.77488327026367,59320,0.0,0.0
2018-08-07 00:00:00,49.83590696573035,49.83590696573035,48.88984687460448,48.95088195800781,74560,0.0,0.0
2018-08-08 00:00:00,48.55415844735613,49.13399880662607,48.432083606624175,49.07296371459961,77740,0.0,0.0
2018-08-09 00:00:00,49.01193261007828,49.43918294570272,49.01193261007828,49.256072998046875,40800,0.0,0.0
2018-08-10 00:00:00,48.52363157272339,49.19502680151345,48.09638133349654,48.82881164550781,148810,0.0,0.0
2018-08-13 00:00:00,48.7983031537362,48.88985812825484,48.52364288685971,48.76778793334961,66360,0.0,0.0
2018-08-14 00:00:00,48.859331661242,49.25606203170282,48.859331661242,48.95088195800781,43530,0.0,0.0
2018-08-15 00:00:00,48.584679662754816,49.10348499404424,48.584679662754816,48.981414794921875,96200,0.0,0.0
2018-08-16 00:00:00,49.04243415550815,49.347614212053536,48.98139907553469,49.28657913208008,65190,0.0,0.0
2018-08-17 00:00:00,49.286584606877085,49.59176469732214,49.2255495201238,49.43917465209961,55270,0.0,0.0
2018-08-20 00:00:00,49.37815261308927,49.80540298993807,49.37815261308927,49.59177780151367,43860,0.0,0.0
2018-08-21 00:00:00,49.622284215274234,49.92746430354363,49.622284215274234,49.866424560546875,62810,0.0,0.0
2018-08-22 00:00:00,49.896944787767204,49.98849974623644,49.40865478038366,49.43917465209961,41260,0.0,0.0
2018-08-23 00:00:00,49.40864929202699,49.68331413692471,49.28657913208008,49.28657913208008,43630,0.0,0.0
2018-08-24 00:00:00,49.28659590497929,49.37815088443594,49.10348594606601,49.317115783691406,54480,0.0,0.0
2018-08-27 00:00:00,49.408653187813314,49.56124322811746,49.28658301824138,49.347618103027344,36860,0.0,0.0
2018-08-28 00:00:00,49.347614212053536,49.439169160352776,49.16450897213317,49.28657913208008,27750,0.0,0.0
2018-08-29 00:00:00,49.28659070007402,49.50021585845986,49.25607082458496,49.408660888671875,38160,0.0,0.0
2018-08-30 00:00:00,49.439186151491555,49.65281133315588,49.3781510505417,49.500221252441406,33290,0.0,0.0
2018-08-31 00:00:00,49.43917623976249,49.62228616258127,49.31710606233582,49.530731201171875,46840,0.0,0.0
2018-09-04 00:00:00,49.31710440918222,49.80538975919991,49.16451436417445,49.37813949584961,74490,0.0,0.0
2018-09-05 00:00:00,49.439166138811814,50.11056129084283,49.439166138811814,50.04952621459961,54240,0.0,0.0
2018-09-06 00:00:00,50.110587472335034,50.690432641294315,50.08007224660892,50.415767669677734,60540,0.0,0.0
2018-09-07 00:00:00,50.354713999456,50.385233870611934,49.957978957821545,50.11056900024414,52110,0.0,0.0
2018-09-10 00:00:00,50.293678913822674,50.354713999456,50.04953391461081,50.11056900024414,54800,0.0,0.0
2018-09-11 00:00:00,50.11058263766038,50.35472770331544,49.896957451467124,49.95799255371094,66260,0.0,0.0
2018-09-12 00:00:00,49.80538996897608,49.95798001462655,49.16451457125131,49.56124496459961,47520,0.0,0.0
2018-09-13 00:00:00,49.591756157758766,50.11056129084283,49.3781310625686,50.04952621459961,57180,0.0,0.0
2018-09-14 00:00:00,49.89696190847836,49.95799701617409,49.469711497928,49.71385192871094,72000,0.0,0.0
2018-09-17 00:00:00,49.74437181089892,50.29369709352096,49.37815650804429,49.71385192871094,77470,0.0,0.0
2018-09-18 00:00:00,49.683318054367874,50.019013349029926,49.28658301824138,49.347618103027344,77610,0.0,0.0
2018-09-19 00:00:00,49.28658892945473,49.7443591052701,49.13399887084961,49.13399887084961,104410,0.0,0.0
2018-09-20 00:00:00,49.19503495458605,49.50021507794785,48.98140979956862,49.46969985961914,87190,0.0,0.0
2018-09-21 00:00:00,49.408661927389026,50.11057716828103,49.378146707937645,49.805397033691406,188740,0.0,0.0
2018-09-24 00:00:00,49.836725777769026,49.99334653159019,49.053622008663204,49.14759063720703,144860,4.2,0.0
2018-09-25 00:00:00,49.21023606701112,49.61744614779286,48.86566854361148,49.02228927612305,76400,0.0,0.0
2018-09-26 00:00:00,49.02228522326712,49.27287933050518,48.92831183559222,48.99095916748047,72990,0.0,0.0
2018-09-27 00:00:00,49.08493377418175,49.83671611456646,49.08493377418175,49.27288055419922,45440,0.0,0.0
2018-09-28 00:00:00,49.272890309459356,49.61745310146253,49.272890309459356,49.554805755615234,80720,0.0,0.0
2018-10-01 00:00:00,49.55480726455929,50.181290301480864,48.86567687988281,48.86567687988281,76670,0.0,0.0
2018-10-02 00:00:00,48.86567472499279,49.30421091962472,48.86567472499279,48.95964813232422,64330,0.0,0.0
2018-10-03 00:00:00,49.08494188198954,49.304209975104996,48.52110622848842,48.70905303955078,105570,0.0,0.0
2018-10-04 00:00:00,48.58374577892786,48.67771438045485,47.61269547254806,47.706668853759766,100000,0.0,0.0
2018-10-05 00:00:00,47.80065107143485,47.92594574975605,47.14284206103455,47.36211013793945,118620,0.0,0.0
2018-10-08 00:00:00,47.36211511398475,47.76933003084061,47.330793830956516,47.64403533935547,72750,0.0,0.0
2018-10-09 00:00:00,47.5813839439332,47.86330417362921,47.4874153137207,47.4874153137207,121640,0.0,0.0
2018-10-10 00:00:00,47.45607967376709,47.95726790562816,46.9862174987793,46.9862174987793,102230,0.0,0.0
2018-10-11 00:00:00,46.89225176381778,47.08019857637256,46.109148010982864,46.23444747924805,136520,0.0,0.0
2018-10-12 00:00:00,46.67298419417636,46.67298419417636,45.513991582875626,45.67061233520508,84960,0.0,0.0
2018-10-15 00:00:00,45.63928034320012,46.57900473508352,45.607959064615265,46.14046859741211,52460,0.0,0.0
2018-10-16 00:00:00,46.26576189880172,46.923570865482546,45.952520444131856,46.82959747314453,97450,0.0,0.0
2018-10-17 00:00:00,46.82960105363271,47.08019519246553,46.54768563474931,46.798274993896484,59790,0.0,0.0
2018-10-18 00:00:00,46.7982783575404,46.92357782580558,46.109148010982864,46.23444747924805,52920,0.0,0.0
2018-10-19 00:00:00,46.17179274283853,46.516360286464405,46.0464980613486,46.26576614379883,50000,0.0,0.0
2018-10-22 00:00:00,46.42238329484556,46.798272089926975,46.234441287147526,46.297088623046875,51560,0.0,0.0
2018-10-23 00:00:00,46.015167236328125,46.328408687302954,45.576631116837454,46.015167236328125,67310,0.0,0.0
2018-10-24 00:00:00,46.04650277802439,47.04887467167679,45.98385543086228,46.51636505126953,88200,0.0,0.0
2018-10-25 00:00:00,46.61032591450907,47.23680877685546,46.07781643745161,47.23680877685547,105420,0.0,0.0
2018-10-26 00:00:00,47.14282660806663,47.268121245317445,46.20310248963341,46.61031723022461,83200,0.0,0.0
2018-10-29 00:00:00,46.89224648182401,47.4247560178321,46.42238428304885,46.9235725402832,94060,0.0,0.0
2018-10-30 00:00:00,47.0175575594946,47.612714579868296,46.73563730272287,47.3307991027832,73850,0.0,0.0
2018-10-31 00:00:00,47.45607682273972,47.550050208028665,46.95488862098863,47.23680877685547,143680,0.0,0.0
2018-11-01 00:00:00,47.268131256103516,47.330783367681875,46.76694782127197,47.268131256103516,87930,0.0,0.0
2018-11-02 00:00:00,47.42476774202048,47.612714579868296,46.89225807436717,47.3307991027832,106640,0.0,0.0
2018-11-05 00:00:00,47.45608591600708,47.76932740720185,47.36211251271149,47.67535400390625,73640,0.0,0.0
2018-11-06 00:00:00,47.769314053964116,47.988582080570005,47.393425325541955,47.80064010620117,53870,0.0,0.0
2018-11-07 00:00:00,47.98860843766987,48.14522922550801,47.33080399656194,47.738014221191406,72780,0.0,0.0
2018-11-08 00:00:00,47.51872346126151,48.082558985101954,46.82959327864979,47.393428802490234,124430,0.0,0.0
2018-11-09 00:00:00,47.268143305896025,48.145220515045715,47.268143305896025,48.11389923095703,83690,0.0,0.0
2018-11-12 00:00:00,48.17655552136711,48.677739176992326,47.76934051513672,47.76934051513672,83090,0.0,0.0
2018-11-13 00:00:00,47.86331101422635,48.39582070684324,47.6127168119105,48.01993179321289,67180,0.0,0.0
2018-11-14 00:00:00,48.23919443367354,48.270520497777724,47.80065821433285,47.92595291137695,70600,0.0,0.0
2018-11-15 00:00:00,47.64403869600479,47.70668604616104,47.14285033538197,47.58138656616211,95750,0.0,0.0
2018-11-16 00:00:00,47.268143079624316,48.11389900063671,47.111522320871835,48.08257293701172,77470,0.0,0.0
2018-11-19 00:00:00,48.082560505296755,48.30182855492137,47.61269835052187,47.831966400146484,65700,0.0,0.0
2018-11-20 00:00:00,47.67534702556343,47.89461508136787,46.986216801741584,47.14283752441406,91530,0.0,0.0
2018-11-21 00:00:00,47.142839694521854,47.58137582631768,46.86092429260816,47.42475509643555,46190,0.0,0.0
2018-11-23 00:00:00,47.330786016873866,47.86329553730013,47.20548656638895,47.612701416015625,32440,0.0,0.0
2018-11-26 00:00:00,47.64403533935547,47.83197737658318,47.299467768242174,47.64403533935547,58120,0.0,0.0
2018-11-27 00:00:00,47.61271950279575,47.95728714791451,47.42477264551512,47.738014221191406,44570,0.0,0.0
2018-11-28 00:00:00,47.9572762982419,48.74038006026619,47.863302890861775,48.58375930786133,102120,0.0,0.0
2018-11-29 00:00:00,48.42712818665303,49.39817377583952,48.42712818665303,49.21023178100586,68940,0.0,0.0
2018-11-30 00:00:00,49.14758993465694,49.33553674843014,48.615080335214266,48.928321838378906,81340,0.0,0.0
2018-12-03 00:00:00,49.08494258996122,49.116268652152094,48.58375905270942,48.928321838378906,76700,0.0,0.0
2018-12-04 00:00:00,49.0222974895266,49.21024431190408,48.051246873386724,48.08257293701172,89830,0.0,0.0
2018-12-06 00:00:00,48.0825583054827,48.92830918944674,47.86329026588977,48.89698791503906,110990,0.0,0.0
2018-12-07 00:00:00,48.92830750057587,49.14757553260027,48.521092709853626,48.80301284790039,75450,0.0,0.0
2018-12-10 00:00:00,48.86566254816668,49.022283261462086,48.42712646281348,48.7403678894043,101240,0.0,0.0
2018-12-11 00:00:00,48.990969183074625,49.304210686239266,48.86567449368318,48.928321838378906,78390,0.0,0.0
2018-12-12 00:00:00,49.17890158561145,49.17890158561145,48.61506608920255,48.80301284790039,79270,0.0,0.0
2018-12-13 00:00:00,48.74038003500826,49.116268884647916,48.709053972669096,48.95964813232422,110300,0.0,0.0
2018-12-14 00:00:00,48.834339660720175,49.42950127765205,48.80301838384071,49.27288055419922,80920,0.0,0.0
2018-12-17 00:00:00,49.304203855021136,49.55479797876962,47.42475509643555,47.42475509643555,176240,0.0,0.0
2018-12-18 00:00:00,47.67534945736963,48.42713183235521,47.42475533237444,47.45608139038086,167870,0.0,0.0
2018-12-19 00:00:00,47.518727007828424,48.20785724187348,46.9862174987793,46.9862174987793,211430,0.0,0.0
2018-12-20 00:00:00,46.98621978942236,47.26813519628471,44.793529532582646,45.16941833496094,196450,0.0,0.0
2018-12-21 00:00:00,45.26339293769439,46.672979568972075,45.26339293769439,45.82722854614258,312780,0.0,0.0
2018-12-24 00:00:00,45.47248425834803,45.60148224530776,44.085733754221046,44.408233642578125,84950,4.2,0.0
2018-12-26 00:00:00,44.601734767969354,46.85923394719166,44.601734767969354,46.794734954833984,125100,0.0,0.0
2018-12-27 00:00:00,45.11773404562123,46.79473746253643,44.472734245563984,46.76248550415039,150460,0.0,0.0
2018-12-28 00:00:00,46.89146890648025,47.891220253900464,46.89146890648025,47.536468505859375,96160,0.0,0.0
2018-12-31 00:00:00,47.63322267308529,47.762225554318185,46.278724406358826,46.697975158691406,106400,0.0,0.0
2019-01-02 00:00:00,46.27872018542289,47.375217510632275,45.95622039318998,47.31071853637695,74020,0.0,0.0
2019-01-03 00:00:00,47.21397215213611,48.278222552978505,47.21397215213611,48.02022171020508,80150,0.0,0.0
2019-01-04 00:00:00,48.37498308363381,48.92323190772344,48.1492341467684,48.76198196411133,87340,0.0,0.0
2019-01-07 00:00:00,48.92324164928712,49.72949152788763,48.60074169784692,49.148990631103516,65840,0.0,0.0
2019-01-08 00:00:00,49.310240384081794,49.471490359073506,48.92324142829343,49.43924331665039,110150,0.0,0.0
2019-01-09 00:00:00,49.63273100814146,49.82623291015625,48.955484193005276,49.82623291015625,89180,0.0,0.0
2019-01-10 00:00:00,49.76172879703173,49.95522575818195,49.6004788689279,49.793975830078125,64860,0.0,0.0
2019-01-11 00:00:00,49.76174350860826,50.277740478515625,49.76174350860826,50.277740478515625,49190,0.0,0.0
2019-01-14 00:00:00,50.148729683872986,50.72923043289388,50.116477728555026,50.471229553222656,54130,0.0,0.0
2019-01-15 00:00:00,50.567984226983256,50.632483221417694,50.245484333853206,50.53573226928711,52040,0.0,0.0
2019-01-16 00:00:00,50.6647273208217,50.89047622680665,50.50347739926715,50.89047622680664,50220,0.0,0.0
2019-01-17 00:00:00,50.79372673277642,50.95497665891222,50.47122688050482,50.632476806640625,84510,0.0,0.0
2019-01-18 00:00:00,50.79372778851956,51.051728659890806,50.6647298133126,50.85822677612305,53850,0.0,0.0
2019-01-22 00:00:00,50.79372804788715,50.85822703581998,50.40672919933281,50.664730072021484,66200,0.0,0.0
2019-01-23 00:00:00,50.66471696265726,51.245212624808346,50.6002130704573,51.18071365356445,56610,0.0,0.0
2019-01-24 00:00:00,51.21296421998052,51.567711012743025,50.95496342099946,51.43871307373047,51370,0.0,0.0
2019-01-25 00:00:00,51.535492932304635,51.857992881917355,51.535492932304635,51.7612419128418,48070,0.0,0.0
2019-01-28 00:00:00,51.793479919433594,51.98697688448451,51.5999780334253,51.793479919433594,69550,0.0,0.0
2019-01-29 00:00:00,51.793487736098605,51.89023377274628,51.470987824718065,51.50323486328125,84310,0.0,0.0
2019-01-30 00:00:00,51.5677198205005,51.72896973228563,51.47097381019485,51.599971771240234,96710,0.0,0.0
2019-01-31 00:00:00,51.4387241505688,51.95472585964696,51.40647219839254,51.9224739074707,136850,0.0,0.0
2019-02-01 00:00:00,51.98697395468614,52.180475829789366,51.664474110152156,52.148223876953125,99600,0.0,0.0
2019-02-04 00:00:00,52.115972771859965,52.599722500852636,51.954722862195744,52.56747055053711,87170,0.0,0.0
2019-02-05 00:00:00,50.53571894015036,51.50321836435601,50.471219962727965,51.40646743774414,1854410,0.0,0.0
2019-02-06 00:00:00,51.40648761202948,51.89023751397816,51.27748960655989,51.5677375793457,344990,0.0,0.0
2019-02-07 00:00:00,51.56773908844636,51.728989060481474,51.30974306995707,51.47099304199219,229660,0.0,0.0
2019-02-08 00:00:00,51.40647655259446,51.53547945126923,51.11622864225171,51.309730529785156,186160,0.0,0.0
2019-02-11 00:00:00,51.406471217608434,51.761223000950984,51.24522130171762,51.632225036621094,138110,0.0,0.0
2019-02-12 00:00:00,51.696738088438295,51.79348904849566,51.438737168604746,51.53548812866211,157580,0.0,0.0
2019-02-13 00:00:00,51.53547410289522,51.728971049390054,51.14847528894865,51.632225036621094,103330,0.0,0.0
2019-02-14 00:00:00,51.599969290967884,51.69672021757976,51.277469482899335,51.40646743774414,147080,0.0,0.0
2019-02-15 00:00:00,51.599985820887035,51.63223778040834,51.27748590950649,51.50323486328125,173510,0.0,0.0
2019-02-19 00:00:00,51.50323616832357,51.632239088719466,51.37423816888592,51.53548812866211,129050,0.0,0.0
2019-02-20 00:00:00,51.438708059442874,51.535458964748905,51.08395638030591,51.27745819091797,177690,0.0,0.0
2019-02-21 00:00:00,51.40647655259446,51.92247830537871,50.79372877700091,51.309730529785156,149440,0.0,0.0
2019-02-22 00:00:00,51.40648661134253,51.5354895352594,51.212989606904785,51.34198760986328,100790,0.0,0.0
2019-02-25 00:00:00,51.47098912894328,51.79348904849566,51.406485208266204,51.53548812866211,130940,0.0,0.0
2019-02-26 00:00:00,51.599985820887035,51.69673677849282,51.21298691142201,51.50323486328125,90840,0.0,0.0
2019-02-27 00:00:00,51.34196846032174,51.53547031354548,51.11621957886506,51.40646743774414,80700,0.0,0.0
2019-02-28 00:00:00,51.47099053378015,51.59998853673865,51.212989606904785,51.34198760986328,98570,0.0,0.0
2019-03-01 00:00:00,51.34197756373579,51.47098046241056,50.89047972076764,51.309730529785156,121340,0.0,0.0
2019-03-04 00:00:00,51.30971651700831,51.43871445949609,50.98721673983279,51.18071365356445,135090,0.0,0.0
2019-03-05 00:00:00,51.180730382449056,51.30973328805868,50.66473352288362,50.9227294921875,108450,0.0,0.0
2019-03-06 00:00:00,50.85822973151581,51.08397866172502,50.47123086244894,50.503482818603516,96880,0.0,0.0
2019-03-07 00:00:00,50.53573394679746,50.72923585748183,50.14873504638672,50.14873504638672,162370,0.0,0.0
2019-03-08 00:00:00,50.116473650770565,51.01947419566745,50.116473650770565,50.89047622680664,197590,0.0,0.0
2019-03-11 00:00:00,51.0839661616756,51.79346965580264,51.0194671861067,51.728965759277344,150040,0.0,0.0
2019-03-12 00:00:00,51.72898512781859,51.922487047933316,51.53548812866211,51.53548812866211,89500,0.0,0.0
2019-03-13 00:00:00,51.66446678370845,52.019218530771965,51.6322197564022,51.728965759277344,124450,0.0,0.0
2019-03-14 00:00:00,51.72898464087074,52.08373651742222,51.632238602682335,52.01923751831055,84260,0.0,0.0
2019-03-15 00:00:00,52.01922484304248,52.083723826438,51.66447305293162,51.9224739074707,362330,0.0,0.0
2019-03-18 00:00:00,51.85798117005036,52.277231994052926,51.825729213989554,52.11598205566406,81440,0.0,0.0
2019-03-19 00:00:00,52.14821756400757,52.341719415685894,51.986967661261126,52.18046951293945,116350,0.0,0.0
2019-03-20 00:00:00,52.21272294522312,52.56747474316104,51.954727005948754,52.08372497558594,121750,0.0,0.0
2019-03-21 00:00:00,52.08372983137532,52.470728697324056,52.08372983137532,52.309478759765625,105070,0.0,0.0
2019-03-22 00:00:00,52.24497626399963,52.40622619074037,51.8579774240133,51.89022445678711,94130,0.0,0.0
2019-03-25 00:00:00,51.95471954345703,52.3417183177393,51.85796861964736,51.95471954345703,95370,0.0,0.0
2019-03-26 00:00:00,52.18049099585775,52.43849193066338,52.1482390336476,52.212738037109375,107890,0.0,0.0
2019-03-27 00:00:00,52.27721934218499,52.406217293293615,51.922467595201674,51.95471954345703,156920,0.0,0.0
2019-03-28 00:00:00,52.253301215520736,52.68459931739119,52.12059644372792,52.65142059326172,224690,4.5,0.0
2019-03-29 00:00:00,52.85051067051393,52.95004183300211,52.31968117882041,52.419212341308594,105880,0.0,0.0
2019-04-01 00:00:00,52.58506499861475,52.950010692319744,52.4191815128147,52.916831970214844,73450,0.0,0.0
2019-04-02 00:00:00,52.98318758510629,53.049539971002694,52.58506820736531,52.65142059326172,73970,0.0,0.0
2019-04-03 00:00:00,52.75097420388592,52.85050535636619,52.48555948472676,52.58509063720703,94680,0.0,0.0
2019-04-04 00:00:00,52.618243720719654,52.916831970214844,52.58506499861475,52.916831970214844,67480,0.0,0.0
2019-04-05 00:00:00,53.04954298419106,53.21542648953545,52.950016930874696,53.08272171020508,102940,0.0,0.0
2019-04-08 00:00:00,53.149085522037225,53.67991487816392,53.04955438496798,53.64673614501953,122080,0.0,0.0
2019-04-09 00:00:00,53.58039234590953,53.67992349896311,53.18227279605993,53.21544647216797,115870,0.0,0.0
2019-04-10 00:00:00,53.34814497507221,53.44767610687815,53.24861384326627,53.41449737548828,70470,0.0,0.0
2019-04-11 00:00:00,53.44767761230469,53.51403001458967,53.34814647769532,53.44767761230469,38400,0.0,0.0
2019-04-12 00:00:00,53.58038046195603,53.58038046195603,53.082729869430125,53.34814453125,85110,0.0,0.0
2019-04-15 00:00:00,53.24862521064074,53.28180394911351,52.98321048995276,53.21544647216797,49820,0.0,0.0
2019-04-16 00:00:00,53.28180024012073,53.646741026093714,53.21544276779439,53.61356735229492,74560,0.0,0.0
2019-04-17 00:00:00,53.679920142782464,53.679920142782464,53.34815302825645,53.480857849121094,55890,0.0,0.0
2019-04-18 00:00:00,53.44767805371001,53.71308766504185,53.381320588513205,53.51403045654297,55620,0.0,0.0
2019-04-22 00:00:00,53.41451162521331,53.84580993652344,53.31498046685481,53.84580993652344,90770,0.0,0.0
2019-04-23 00:00:00,53.67991962038361,54.144391551254145,53.58038847452153,53.97850799560547,113880,0.0,0.0
2019-04-24 00:00:00,54.0116706366151,54.608852271467626,54.0116706366151,54.4097900390625,112110,0.0,0.0
2019-04-25 00:00:00,54.34345151480847,54.44298265640646,53.64673858598671,54.01168441772461,70290,0.0,0.0
2019-04-26 00:00:00,54.17755643846655,54.5424971301889,53.978494197626674,54.37661361694336,85990,0.0,0.0
2019-04-29 00:00:00,54.542513459406194,54.542513459406194,54.01168909551738,54.14439392089844,110620,0.0,0.0
2019-04-30 00:00:00,54.31027748380705,54.31027748380705,53.87897920777174,54.14439392089844,88140,0.0,0.0
2019-05-01 00:00:00,54.40980674440343,54.64204271193715,54.01168721972214,54.24392318725586,166020,0.0,0.0
2019-05-02 00:00:00,54.0780396677408,54.24392322500381,53.48085784912109,53.480857849121094,100510,0.0,0.0
2019-05-03 00:00:00,53.878980184568334,53.878980184568334,53.547213052736346,53.713096618652344,80180,0.0,0.0
2019-05-06 00:00:00,53.48085260402543,53.945329556227264,53.31496906303133,53.64673614501953,103970,0.0,0.0
2019-05-07 00:00:00,53.480858282389505,53.74627298863343,53.34815346044978,53.547210693359375,147490,0.0,0.0
2019-05-08 00:00:00,53.54722214701017,53.97852050411489,53.34816487152259,53.74628448486328,174420,0.0,0.0
2019-05-09 00:00:00,53.58038241687465,53.912149490663346,52.916848269297255,53.44767761230469,114400,0.0,0.0
2019-05-10 00:00:00,53.44768328082916,54.21074358158035,53.38132580914268,54.1112174987793,95880,0.0,0.0
2019-05-13 00:00:00,53.64673662597905,53.878972572980075,53.0163811894957,53.149085998535156,164330,0.0,0.0
2019-05-14 00:00:00,53.149085522037225,53.713088548944384,53.08273311811237,53.64673614501953,90920,0.0,0.0
2019-05-15 00:00:00,53.81261736927519,53.978500903127674,53.61356016607042,53.67991256713867,70120,0.0,0.0
2019-05-16 00:00:00,53.67990964600294,54.07802909311145,53.64673091609247,53.81261444091797,46970,0.0,0.0
2019-05-17 00:00:00,53.71309425196627,53.87897781057316,53.4476846080868,53.547210693359375,69910,0.0,0.0
2019-05-20 00:00:00,53.48086269773439,53.580393853588646,53.08274313668225,53.248626708984375,61360,0.0,0.0
2019-05-21 00:00:00,53.34814212933034,53.547199319960285,53.11590620908038,53.18225860595703,61110,0.0,0.0
2019-05-22 00:00:00,53.28180989691303,53.28180989691303,52.883685240256405,52.950042724609375,52500,0.0,0.0
2019-05-23 00:00:00,52.75096325294771,52.98319918561375,52.75096325294771,52.850494384765625,112480,0.0,0.0
2019-05-24 00:00:00,53.04954964010947,53.414495422600574,52.9831972421193,53.314964294433594,126930,0.0,0.0
2019-05-28 00:00:00,53.34814498149155,53.41449738191561,52.78414198434157,52.850494384765625,73070,0.0,0.0
2019-05-29 00:00:00,52.75098099481492,52.91686458284893,51.95474179719782,52.25333023071289,112800,0.0,0.0
2019-05-30 00:00:00,52.220132866662404,52.31966399646346,51.556598751140065,51.75566101074219,126670,0.0,0.0
2019-05-31 00:00:00,51.45708072768092,51.58978554658492,50.7271890366159,51.058956146240234,160670,0.0,0.0
2019-06-03 00:00:00,51.25802117324824,52.31967496824713,51.2248424355689,52.05426025390625,144750,0.0,0.0
2019-06-04 00:00:00,52.419197524642414,52.618259793352394,51.954725647470845,52.48554992675781,116030,0.0,0.0
2019-06-05 00:00:00,52.48554904027064,52.784142438292335,52.15378197293345,52.35284423828125,83130,0.0,0.0
2019-06-06 00:00:00,52.65141738046232,53.04953673390998,52.25329802701466,52.916831970214844,172350,0.0,0.0
2019-06-07 00:00:00,52.91685587612785,53.049560699774204,52.386026456813354,52.68461990356445,82470,0.0,0.0
2019-06-10 00:00:00,52.784147104735105,53.08273546679014,52.352848866594606,53.049556732177734,89100,0.0,0.0
2019-06-11 00:00:00,53.24862058081828,53.28179931640626,52.81732232999612,53.28179931640625,108680,0.0,0.0
2019-06-12 00:00:00,53.24861189644343,53.58037894875772,53.24861189644343,53.314964294433594,88730,0.0,0.0
2019-06-13 00:00:00,53.41450543868877,53.58038899595178,53.14909073459507,53.480857849121094,96280,0.0,0.0
2019-06-14 00:00:00,53.41450822494943,53.779454094910484,53.34815581105597,53.713096618652344,86570,0.0,0.0
2019-06-17 00:00:00,53.84580413627046,53.978508958210185,53.480858282389505,53.547210693359375,96490,0.0,0.0
2019-06-18 00:00:00,53.64673665607814,54.177566017261704,53.64673665607814,53.91215133666992,80870,0.0,0.0
2019-06-19 00:00:00,53.87897158502869,54.741568015060025,53.74626677842257,54.70838928222656,106210,0.0,0.0
2019-06-20 00:00:00,54.90744630778806,55.040151101713484,54.57567926061109,54.874267578125,152710,0.0,0.0
2019-06-21 00:00:00,54.642027451444406,54.874263354118995,54.40979154876982,54.442970275878906,172670,0.0,0.0
2019-06-24 00:00:00,54.608866143063715,54.841102098286406,54.40980386009333,54.575687408447266,116920,0.0,0.0
2019-06-25 00:00:00,54.675207483547204,54.70838114908508,54.0448470899701,54.078025817871094,124130,0.0,0.0
2019-06-26 00:00:00,54.17758284196801,54.34346643605709,53.74628448486328,53.74628448486328,160380,0.0,0.0
2019-06-27 00:00:00,53.985125105869884,54.63349573752857,53.780380596136816,54.599369049072266,134650,4.5,0.0
2019-06-28 00:00:00,54.633512958900965,55.24775188871986,54.599386259687364,55.008880615234375,215300,0.0,0.0
2019-07-01 00:00:00,55.11125550587194,55.41837497078138,54.87238423238645,55.008880615234375,146230,0.0,0.0
2019-07-02 00:00:00,55.07713479366177,55.14538819950826,54.531143995916466,54.804141998291016,76430,0.0,0.0
2019-07-03 00:00:00,54.94061866206382,55.45248778003336,54.804122313406054,55.35011291503906,50450,0.0,0.0
2019-07-05 00:00:00,55.17950157129206,55.554874420166016,54.94063030701002,55.554874420166016,98520,0.0,0.0
2019-07-08 00:00:00,55.5548786536243,55.96437302459873,55.316007371139506,55.520751953125,112760,0.0,0.0
2019-07-09 00:00:00,55.41836831428378,55.48662170451282,55.00887400792259,55.384246826171875,155130,0.0,0.0
2019-07-10 00:00:00,55.657238416074485,55.827861458175256,55.14536928977215,55.623111724853516,90600,0.0,0.0
2019-07-11 00:00:00,55.65724367613864,56.06673797448066,55.5207421053563,55.96436309814453,117570,0.0,0.0
2019-07-12 00:00:00,56.06674221220313,56.13499039925149,55.82787095403243,55.930240631103516,74000,0.0,0.0
2019-07-15 00:00:00,55.96436309814453,56.06673797448066,55.82786673436469,55.96436309814453,75520,0.0,0.0
2019-07-16 00:00:00,55.93023753402884,56.13498729083903,55.69136628908537,56.100860595703125,64560,0.0,0.0
2019-07-17 00:00:00,56.06671583431838,56.203212144197245,55.793718007560194,56.13496398925781,65780,0.0,0.0
2019-07-18 00:00:00,56.03262300392845,56.271494294024265,55.79375171383264,56.169124603271484,72390,0.0,0.0
2019-07-19 00:00:00,56.134989566652266,56.4421090073161,55.99849319458008,55.99849319458008,77270,0.0,0.0
2019-07-22 00:00:00,56.06673561199039,56.37385502105515,55.964360739968036,56.305606842041016,61070,0.0,0.0
2019-07-23 00:00:00,56.3056155897596,56.544486856921594,56.169119210525054,56.44211196899414,68000,0.0,0.0
2019-07-24 00:00:00,56.407990619932974,56.64686188769734,56.10086595537612,56.54448699951172,76940,0.0,0.0
2019-07-25 00:00:00,56.64686718346311,56.78336357580255,56.03262300392845,56.169124603271484,57590,0.0,0.0
2019-07-26 00:00:00,56.44210320006929,56.4762298930775,56.16911048401274,56.305606842041016,74980,0.0,0.0
2019-07-29 00:00:00,56.30561814819444,56.6809910186504,56.169121762757726,56.203243255615234,88920,0.0,0.0
2019-07-30 00:00:00,56.06674769608405,56.510368765793245,55.964372801996795,56.47624206542969,66660,0.0,0.0
2019-07-31 00:00:00,56.51036751320055,56.85161368125851,56.03261975371742,56.237369537353516,100040,0.0,0.0
2019-08-01 00:00:00,56.23736925894081,56.57861542530938,55.9643712844453,56.03261947631836,75290,0.0,0.0
2019-08-02 00:00:00,55.96438205212167,56.13500516813424,55.520760909088146,55.86200714111328,97060,0.0,0.0
2019-08-05 00:00:00,55.554882896747635,55.8961290997903,54.36052118609828,54.667640686035156,126790,0.0,0.0
2019-08-06 00:00:00,54.8723699175397,55.350112339879466,54.73586836329842,55.281864166259766,153720,0.0,0.0
2019-08-07 00:00:00,54.87237570451736,55.82786585696714,54.39462802479125,55.69136428833008,161240,0.0,0.0
2019-08-08 00:00:00,55.07712446406782,56.88573003271997,54.46288558267898,56.71510696411133,177020,0.0,0.0
2019-08-09 00:00:00,56.57861044416289,56.749233512325624,56.20323761140376,56.61273193359375,77570,0.0,0.0
2019-08-12 00:00:00,56.33974484805528,56.476241233492,55.99849867746016,56.203243255615234,54610,0.0,0.0
2019-08-13 00:00:00,56.06675215992779,56.40799836271858,55.691379254056386,55.827880859375,108200,0.0,0.0
2019-08-14 00:00:00,54.053369318559156,54.32636718521879,53.5073787922411,53.64387512207031,1740080,0.0,0.0
2019-08-15 00:00:00,53.643896059194674,54.15576530633776,53.029651921222325,53.23440170288086,465070,0.0,0.0
2019-08-16 00:00:00,53.507394871132554,54.12163895394585,53.439146685709474,53.91688919067383,342190,0.0,0.0
2019-08-19 00:00:00,54.25813574215409,54.25813574215409,53.02964756707778,53.88276290893555,152480,0.0,0.0
2019-08-20 00:00:00,54.087530735560826,54.18990565217101,53.678036276124686,53.74628448486328,203440,0.0,0.0
2019-08-21 00:00:00,53.88276733312747,53.951020731682476,53.23440170288086,53.23440170288086,114980,0.0,0.0
2019-08-22 00:00:00,53.26852261379918,53.67801692561579,53.029646158820356,53.5415153503418,162790,0.0,0.0
2019-08-23 00:00:00,53.473249948482675,53.677999641965464,52.278888886168765,52.381263732910156,221440,0.0,0.0
2019-08-26 00:00:00,53.09790531977733,53.30264989443262,52.8931555381188,53.23440170288086,130940,0.0,0.0
2019-08-27 00:00:00,53.23441299737669,53.30266120340835,51.90355475524401,52.21067428588867,182470,0.0,0.0
2019-08-28 00:00:00,52.074161794203455,52.17653146813875,51.698788966431565,51.937660217285156,98790,0.0,0.0
2019-08-29 00:00:00,52.21065614712949,52.21065614712949,51.18691779130342,51.52816390991211,121520,0.0,0.0
2019-08-30 00:00:00,51.56229698127957,51.73292006168486,51.186924121586664,51.28929901123047,158490,0.0,0.0
2019-09-03 00:00:00,51.18692654983251,51.289301444332864,50.53856089633601,50.948055267333984,151040,0.0,0.0
2019-09-04 00:00:00,51.01629597296502,51.39166879536649,50.8797996050023,51.05042266845703,111770,0.0,0.0
2019-09-05 00:00:00,51.22103922777964,51.630533486672206,51.050416185990905,51.186912536621094,113590,0.0,0.0
2019-09-06 00:00:00,51.15280151367188,51.42579950555411,50.91393022340127,51.152801513671875,113560,0.0,0.0
2019-09-09 00:00:00,51.221044638282045,51.80116200024141,51.18691794351868,51.63053894042969,105730,0.0,0.0
2019-09-10 00:00:00,51.596414233797965,52.38128138057521,51.596414233797965,52.040035247802734,217020,0.0,0.0
2019-09-11 00:00:00,52.17652429686376,52.44952220617608,52.10827612128619,52.24477767944336,125750,0.0,0.0
2019-09-12 00:00:00,52.381268517490064,52.51776485427902,51.801151275634766,51.801151275634766,98550,0.0,0.0
2019-09-13 00:00:00,51.86940490326367,52.51777038175365,51.86940490326367,52.24477767944336,116370,0.0,0.0
2019-09-16 00:00:00,52.24478515984571,52.41540822672045,51.97178721144558,52.14241027832031,97100,0.0,0.0
2019-09-17 00:00:00,52.34715270996094,52.38127940475203,51.90353691969212,52.34715270996094,87400,0.0,0.0
2019-09-18 00:00:00,52.44953592522332,52.79078209937182,52.313039538365274,52.517784118652344,122740,0.0,0.0
2019-09-19 00:00:00,52.79077657165735,53.40502066220791,52.75665508201739,53.02964782714844,111870,0.0,0.0
2019-09-20 00:00:00,53.16614773409435,53.60976874148014,53.09789954995869,53.5415153503418,328680,0.0,0.0
2019-09-23 00:00:00,53.50738599444978,53.95100693660886,53.37088443924595,53.678009033203125,97400,0.0,0.0
2019-09-24 00:00:00,53.848638434513475,54.18988455234055,53.405017439937765,53.439144134521484,104930,0.0,0.0
2019-09-25 00:00:00,53.439153832176615,54.155767685456574,53.40502713139989,53.95102310180664,112280,0.0,0.0
2019-09-26 00:00:00,54.091506969714274,54.40762402247002,53.845637555398554,54.1617546081543,142270,4.5,0.0
2019-09-27 00:00:00,54.267149495143514,54.337397160443395,53.5997886354647,53.74028396606445,82520,0.0,0.0
2019-09-30 00:00:00,53.63488237725779,54.02125237827569,53.28363887071445,53.77538299560547,116080,0.0,0.0
2019-10-01 00:00:00,53.70513679536793,54.021259206947406,52.932402055203525,53.143150329589844,140840,0.0,0.0
2019-10-02 00:00:00,53.03778918758794,53.07291569510936,52.30017540605874,52.72167205810547,83200,0.0,0.0
2019-10-03 00:00:00,52.686537945444925,53.03778153174789,52.37042086159297,53.002655029296875,104320,0.0,0.0
2019-10-04 00:00:00,53.037792187177175,53.178287506103516,52.68654853030845,53.178287506103516,72640,0.0,0.0
2019-10-07 00:00:00,53.21338516342043,53.88074560580836,53.14313754204538,53.6348762512207,76500,0.0,0.0
2019-10-08 00:00:00,53.424150090809384,53.740267165609964,53.07290651456357,53.28364944458008,97750,0.0,0.0
2019-10-09 00:00:00,53.38901901245117,53.59976728395237,53.17827074094997,53.38901901245117,53270,0.0,0.0
2019-10-10 00:00:00,53.4943977579554,54.091510765928696,53.31877596975433,54.021263122558594,307720,0.0,0.0
2019-10-11 00:00:00,54.126642588886234,54.7237556555651,54.091516083971875,54.548133850097656,133290,0.0,0.0
2019-10-14 00:00:00,54.54811931727166,54.54811931727166,54.05637517724305,54.37249755859375,55850,0.0,0.0
2019-10-15 00:00:00,54.548131574654505,54.9344963148346,54.33738327306395,54.407630920410156,54660,0.0,0.0
2019-10-16 00:00:00,54.302249927032726,54.512992821715784,54.16174930435995,54.37249755859375,45900,0.0,0.0
2019-10-17 00:00:00,54.372496815485356,54.47787094116211,54.231996194732794,54.47787094116211,75400,0.0,0.0
2019-10-18 00:00:00,54.30224545535962,54.79398419534387,54.26711896269633,54.6886100769043,63280,0.0,0.0
2019-10-21 00:00:00,54.79399872400572,55.110115803592755,54.68862457762613,54.8642463684082,82900,0.0,0.0
2019-10-22 00:00:00,54.79400937805353,55.004757711790226,54.51301338625552,54.899383544921875,96230,0.0,0.0
2019-10-23 00:00:00,54.89939710724145,55.39113619470237,54.89939710724145,55.32088851928711,64320,0.0,0.0
2019-10-24 00:00:00,55.39110710371146,55.39110710371146,54.758867637913326,54.82912063598633,63770,0.0,0.0
2019-10-25 00:00:00,54.79399489290886,55.07499081042379,54.68862075389685,54.72374725341797,50680,0.0,0.0
2019-10-28 00:00:00,55.11013114463556,55.11013114463556,54.723766313093414,54.79401397705078,59890,0.0,0.0
2019-10-29 00:00:00,54.583274528541644,55.39113619470237,54.513026853126384,55.32088851928711,96880,0.0,0.0
2019-10-30 00:00:00,55.250631832103515,55.250631832103515,54.65351864913604,54.79401397705078,60930,0.0,0.0
2019-10-31 00:00:00,54.75887072603198,55.320862585001834,54.68862308354864,55.285736083984375,113670,0.0,0.0
2019-11-01 00:00:00,55.32086867313638,55.636985778876294,55.18037337270801,55.56673812866211,94060,0.0,0.0
2019-11-04 00:00:00,55.6721092262265,55.777483375536676,55.32086563489384,55.39111328125,74190,0.0,0.0
2019-11-05 00:00:00,55.42623748609281,55.636980416423356,55.110115051269524,55.11011505126953,76150,0.0,0.0
2019-11-06 00:00:00,55.110107405426035,55.21548153574778,54.82911687063593,55.039859771728516,80220,0.0,0.0
2019-11-07 00:00:00,55.039865882219146,55.39110944925252,54.86424409870246,55.250614166259766,85400,0.0,0.0
2019-11-08 00:00:00,55.42622939269357,57.21756815691233,55.35598175950769,56.97169876098633,179520,0.0,0.0
2019-11-11 00:00:00,57.18246156049666,57.18246156049666,56.83121794570191,56.93659210205078,117760,0.0,0.0
2019-11-12 00:00:00,57.041955551280495,57.041955551280495,56.58534318249557,56.62046432495117,142370,0.0,0.0
2019-11-13 00:00:00,56.47996903034881,56.69071196371643,56.374594883889145,56.55021667480469,80070,0.0,0.0
2019-11-14 00:00:00,56.40972445299452,56.83121570219873,55.812606043773854,55.98822784423828,127010,0.0,0.0
2019-11-15 00:00:00,56.05848008009012,56.163848871276144,55.8477317786142,56.023353576660156,110570,0.0,0.0
2019-11-18 00:00:00,56.05847781531615,56.9014602680593,56.023351313305305,56.690711975097656,163180,0.0,0.0
2019-11-19 00:00:00,56.9014602680593,56.9014602680593,56.65559083263853,56.690711975097656,235300,0.0,0.0
2019-11-20 00:00:00,56.620464319260556,56.76096496772403,56.30434723943327,56.55021667480469,101820,0.0,0.0
2019-11-21 00:00:00,56.831221072517806,56.831221072517806,56.2341079664244,56.30435562133789,108700,0.0,0.0
2019-11-22 00:00:00,56.44484252834501,56.76096496772403,56.30434723943327,56.55021667480469,60200,0.0,0.0
2019-11-25 00:00:00,56.51510463175262,56.831227152009134,56.444856969324434,56.65560531616211,137870,0.0,0.0
2019-11-26 00:00:00,56.620464330627684,56.9014602680593,56.44484253967688,56.690711975097656,99640,0.0,0.0
2019-11-27 00:00:00,56.831218719482415,56.90146637148737,56.69071805592021,56.83121871948242,98670,0.0,0.0
2019-11-29 00:00:00,56.831214913323834,57.18245850937707,56.796088409897735,57.04195785522461,43440,0.0,0.0
2019-12-02 00:00:00,57.1473274230957,57.463449849923755,57.04195328081969,57.1473274230957,104940,0.0,0.0
2019-12-03 00:00:00,57.04196391667141,57.46346056436632,56.83122095237647,57.39320755004883,64640,0.0,0.0
2019-12-04 00:00:00,57.393206783140975,57.60395510417234,57.25271147548836,57.287837982177734,63750,0.0,0.0
2019-12-05 00:00:00,57.35808866351224,57.603958144658165,57.252714497434646,57.463462829589844,90760,0.0,0.0
2019-12-06 00:00:00,57.603957335053835,57.8849533207939,57.463462021960126,57.84982681274414,91960,0.0,0.0
2019-12-09 00:00:00,57.95518493652344,58.20105434616209,57.849810801092254,57.95518493652344,115120,0.0,0.0
2019-12-10 00:00:00,58.02543257362717,58.20105434616209,57.849810801092254,57.95518493652344,84620,0.0,0.0
2019-12-11 00:00:00,57.95519410304478,58.060568255142535,57.533702854205764,57.674198150634766,98080,0.0,0.0
2019-12-12 00:00:00,57.63905340611601,58.13079210182816,57.63905340611601,57.77954864501953,103630,0.0,0.0
2019-12-13 00:00:00,57.744451079205106,58.341569542511,57.70932993166226,58.27131652832031,73160,0.0,0.0
2019-12-16 00:00:00,58.48205642240593,58.763052360009524,58.236186986834696,58.306434631347656,136640,0.0,0.0
2019-12-17 00:00:00,59.32504878474867,59.88704075382555,58.93868399561685,59.60604476928711,235830,0.0,0.0
2019-12-18 00:00:00,59.60602800661036,59.816776275634766,59.04404155513046,59.816776275634766,209660,0.0,0.0
2019-12-19 00:00:00,59.81678314656781,60.413896164656975,59.64116135539148,59.99240493774414,137420,0.0,0.0
2019-12-20 00:00:00,60.132883584562734,60.69487530461155,59.88701421687272,60.55437469482422,390830,0.0,0.0
2019-12-23 00:00:00,60.62465060036244,60.80027240933273,60.0977851734516,60.273406982421875,150190,0.0,0.0
2019-12-24 00:00:00,60.30853417368078,60.870526162539456,60.20316000582568,60.624656677246094,82560,0.0,0.0
2019-12-26 00:00:00,60.66080891136938,60.76932667002578,60.4076044874661,60.696983337402344,127770,5.0,0.0
2019-12-27 00:00:00,60.733154296875,60.95018982152396,60.443780956599944,60.733154296875,92230,0.0,0.0
2019-12-30 00:00:00,60.733162510294996,60.87785471944305,60.11823579988515,60.2629280090332,108010,0.0,0.0
2019-12-31 00:00:00,60.262927666805716,60.55230104457167,60.04589211403786,60.22675323486328,114970,0.0,0.0
2020-01-02 00:00:00,60.19059057210116,60.87786627728809,59.97356049634039,60.80552291870117,126200,0.0,0.0
2020-01-03 00:00:00,60.40762047351936,61.34810060483676,60.26293376998312,61.09489059448242,169250,0.0,0.0
2020-01-06 00:00:00,61.05871558047231,62.07153896240859,60.98637223592902,61.56512451171875,231010,0.0,0.0
2020-01-07 00:00:00,61.565122119808805,61.926844347915136,61.203399891702475,61.49277877807617,158880,0.0,0.0
2020-01-08 00:00:00,61.49278794635826,61.5289623823396,60.624656677246094,60.624656677246094,210030,0.0,0.0
2020-01-09 00:00:00,60.733154555796624,61.31191227769948,60.733154555796624,61.02253341674805,150320,0.0,0.0
2020-01-10 00:00:00,61.022524681622315,61.52893899565684,61.022524681622315,61.384246826171875,121040,0.0,0.0
2020-01-13 00:00:00,61.49278626655327,61.78216518816699,61.4566118315601,61.74599075317383,155710,0.0,0.0
2020-01-14 00:00:00,61.74599727867947,61.890689514499776,61.09489601609918,61.31193161010742,195010,0.0,0.0
2020-01-15 00:00:00,61.348087310791016,61.637460655156694,61.27573845525685,61.348087310791016,136250,0.0,0.0
2020-01-16 00:00:00,61.63746773669279,61.890677721268204,61.49278104788688,61.818328857421875,173970,0.0,0.0
2020-01-17 00:00:00,61.890678284030464,62.43326165115133,61.85450385177837,62.143882751464844,149640,0.0,0.0
2020-01-21 00:00:00,62.14388676764695,62.57795238550737,61.890682283848676,62.433265686035156,203740,0.0,0.0
2020-01-22 00:00:00,62.65028762817383,62.90349207920694,62.57794428779909,62.65028762817383,105750,0.0,0.0
2020-01-23 00:00:00,62.577948318130666,62.97584499498286,62.577948318130666,62.93967056274414,111010,0.0,0.0
2020-01-24 00:00:00,63.012009114050144,63.59076686917925,62.758804665972285,62.794979095458984,162580,0.0,0.0
2020-01-27 00:00:00,62.469426517515444,63.01200984949058,62.32473983676597,62.65028762817383,154930,0.0,0.0
2020-01-28 00:00:00,62.794986253057694,63.26522077332573,62.57795069028503,63.01201629638672,115690,0.0,0.0
2020-01-29 00:00:00,63.08434499406101,63.6631026807539,62.97583275731816,63.337554931640625,201330,0.0,0.0
2020-01-30 00:00:00,63.12054046205042,63.48226275696189,63.12054046205042,63.37374496459961,76330,0.0,0.0
2020-01-31 00:00:00,63.26520156860351,63.88013363664334,63.120514916971764,63.265201568603516,153680,0.0,0.0
2020-02-03 00:00:00,63.26520714490033,63.69927817693921,63.04817714832334,63.22903823852539,217810,0.0,0.0
2020-02-04 00:00:00,61.96302387756554,62.83115508868373,61.890680529879624,62.46943283081055,2797320,0.0,0.0
2020-02-05 00:00:00,62.68646326121551,63.3737332871308,62.577945488849096,63.084354400634766,379900,0.0,0.0
2020-02-06 00:00:00,63.265219981073386,64.38656117561717,63.12053328733257,63.95249557495117,531760,0.0,0.0
2020-02-07 00:00:00,63.98865841329061,64.4227294921875,63.51842394355738,64.4227294921875,332380,0.0,0.0
2020-02-10 00:00:00,64.38655232129688,64.67593118842723,64.09717345416654,64.314208984375,268570,0.0,0.0
2020-02-11 00:00:00,64.38655842464976,64.60359397543154,63.69928837957971,63.84397506713867,159150,0.0,0.0
2020-02-12 00:00:00,64.097153748588,64.42270694381492,63.84394938748338,63.9886360168457,146670,0.0,0.0
2020-02-13 00:00:00,64.06100445291347,64.63975666689554,64.06100445291347,64.56741333007812,166040,0.0,0.0
2020-02-14 00:00:00,64.6036027223186,65.25469842393116,64.53125384930024,65.07383728027344,253770,0.0,0.0
2020-02-18 00:00:00,65.07381153064492,65.7249124940617,65.07381153064492,65.6887435913086,179650,0.0,0.0
2020-02-19 00:00:00,65.83345044643109,66.12282935447995,65.43555375793346,65.58024597167969,351780,0.0,0.0
2020-02-20 00:00:00,65.65257944555947,66.19516274676243,65.21851390848565,66.05047607421875,287280,0.0,0.0
2020-02-21 00:00:00,66.12280900896214,66.12280900896214,65.10998590215141,65.94194793701172,213620,0.0,0.0
2020-02-24 00:00:00,65.21850932521747,65.54405707528409,64.56740830564185,65.18233489990234,301480,0.0,0.0
2020-02-25 00:00:00,65.32704660463122,65.58025109917983,63.192881820420865,63.880157470703125,347760,0.0,0.0
2020-02-26 00:00:00,63.98866296378879,64.67593854128853,63.33756733802744,63.48225402832031,324700,0.0,0.0
2020-02-27 00:00:00,62.794974377253396,62.9396610454429,59.937365765248764,60.08205795288086,374750,0.0,0.0
2020-02-28 00:00:00,58.59899395427431,58.88837280608516,56.97124412221113,58.1649284362793,729850,0.0,0.0
2020-03-02 00:00:00,59.06924210077959,62.1077066681026,58.59900209122064,61.92684555053711,436120,0.0,0.0
2020-03-03 00:00:00,62.1800515648932,63.22904938464968,60.44378920843619,61.60129928588867,385410,0.0,0.0
2020-03-04 00:00:00,62.83116278697215,63.55460739135742,62.21623597713353,63.55460739135742,208830,0.0,0.0
2020-03-05 00:00:00,62.32473076826311,62.54176075780857,60.95018542337278,61.67362976074219,224160,0.0,0.0
2020-03-06 00:00:00,59.756519364902964,60.660825062069904,58.12876911000246,60.299102783203125,271120,0.0,0.0
2020-03-09 00:00:00,56.8989033072779,57.079764407733684,54.07746903627913,54.620052337646484,409740,0.0,0.0
2020-03-10 00:00:00,58.02024179565086,58.02024179565086,54.54771180037835,56.32014846801758,285750,0.0,0.0
2020-03-11 00:00:00,54.90944476243619,55.596714906115984,50.858156215628505,51.69011306762695,415110,0.0,0.0
2020-03-12 00:00:00,46.44511799071458,47.132393330238784,37.438239412335186,40.006465911865234,350440,0.0,0.0
2020-03-13 00:00:00,44.20245171328197,44.564173913095146,38.668103711973146,41.598052978515625,400670,0.0,0.0
2020-03-16 00:00:00,37.980834374061,43.26197841127182,35.26791763305664,35.26791763305664,501710,0.0,0.0
2020-03-17 00:00:00,36.93183676095229,36.93183676095229,29.19098098377797,30.493183135986328,705250,0.0,0.0
2020-03-18 00:00:00,27.96113310545337,28.684577659180786,9.947362613751954,19.677692413330078,1011890,0.0,0.0
2020-03-19 00:00:00,19.677693584263118,20.184103974089975,14.685924762616951,19.171281814575195,976390,0.0,0.0
2020-03-20 00:00:00,19.822379743905405,23.946012715744406,19.822379743905405,20.111757278442383,837170,0.0,0.0
2020-03-23 00:00:00,20.147930595122077,21.160752669125106,17.724391124566328,19.279796600341797,554990,0.0,0.0
2020-03-24 00:00:00,13.383720878306772,13.419892544952537,9.043054647504576,9.115399360656738,1849280,0.0,0.0
2020-03-25 00:00:00,10.924015676745652,11.502770907623557,8.862197924468477,10.670809745788574,1872060,0.0,0.0
2020-03-26 00:00:00,13.456064245032733,19.605340790033562,12.660275239707586,17.796730041503906,2845680,0.0,0.0
2020-03-27 00:00:00,19.279792459901007,19.713859364072906,16.241326890419003,16.964771270751953,1550260,0.0,0.0
2020-03-30 00:00:00,15.373194119701648,15.409365789215471,11.755971973889494,13.202860832214355,1040620,0.0,0.0
2020-03-31 00:00:00,13.60075717449593,13.70927496237228,11.683629366687978,12.334729194641113,762190,0.0,0.0
2020-04-01 00:00:00,11.104870191742632,11.394247633445337,9.947359045071325,10.164392471313477,719470,0.0,0.0
2020-04-02 00:00:00,10.236738003593508,10.779321304630558,9.043055017284141,9.296260833740234,545970,0.0,0.0
2020-04-03 00:00:00,9.80267143598865,9.80267143598865,6.583344099722942,7.053582668304443,1847020,0.0,0.0
2020-04-06 00:00:00,7.777028608980613,9.477123511102048,7.668512206687952,8.283439636230469,1200670,0.0,0.0
2020-04-07 00:00:00,9.115400567407749,12.985828744902165,9.115400567407749,11.358078002929688,2418580,0.0,0.0
2020-04-08 00:00:00,14.17951144307787,15.192333393327552,12.732622548475247,14.75826644897461,2166750,0.0,0.0
2020-04-09 00:00:00,16.7477400747642,20.29261788598892,14.251857351491081,15.988123893737793,2871080,0.0,0.0
2020-04-13 00:00:00,16.639223083043863,16.639223083043863,13.239033466303605,15.119989395141602,1370990,0.0,0.0
2020-04-14 00:00:00,15.915779184894763,16.09664031199584,14.288029040985071,14.86678409576416,1013980,0.0,0.0
2020-04-15 00:00:00,13.74544026750694,13.99864602209098,12.51558453373323,13.275201797485352,1076250,0.0,0.0
2020-04-16 00:00:00,13.202860619036267,13.202860619036267,11.466594293052957,11.611282348632812,1182720,0.0,0.0
2020-04-17 00:00:00,12.696448388903534,13.962476061067845,11.86448762316769,13.347549438476562,1617540,0.0,0.0
2020-04-20 00:00:00,9.694154410791239,10.960182075107351,9.404776934919687,10.489943504333496,3546830,0.0,0.0
2020-04-21 00:00:00,10.381426617037867,11.141042626635032,10.200565530956583,10.453770637512207,1116970,0.0,0.0
2020-04-22 00:00:00,10.99635395489441,10.99635395489441,9.657982324653318,10.236737251281738,1180680,0.0,0.0
2020-04-23 00:00:00,10.27291183544697,10.562290051473775,9.9111895828613,9.947361946105957,868400,0.0,0.0
2020-04-24 00:00:00,10.055879144030337,10.128223876261549,9.043057032376382,9.62181282043457,982360,0.0,0.0
2020-04-27 00:00:00,9.875017607111673,10.562290465937343,9.368606571606286,10.200568199157715,1195810,0.0,0.0
2020-04-28 00:00:00,11.213387557460404,11.864487204179532,10.562287910741277,11.28573226928711,1817760,0.0,0.0
2020-04-29 00:00:00,11.828316350568375,12.949654631383982,11.430421788054602,12.04534912109375,2429540,0.0,0.0
2020-04-30 00:00:00,11.900662304678544,11.900662304678544,10.743150855188155,10.996356010437012,1684720,0.0,0.0
2020-05-01 00:00:00,10.598460476950047,10.924011017891948,10.164394238911452,10.309082984924316,975100,0.0,0.0
2020-05-04 00:00:00,10.128220118618078,10.309081192164829,9.26008710357972,10.164392471313477,905830,0.0,0.0
2020-05-05 00:00:00,10.743148044649129,11.358075280749938,10.128220118618078,10.164392471313477,949480,0.0,0.0
2020-05-06 00:00:00,10.345253833206037,10.743148344085165,9.657981872558594,9.657981872558594,967680,0.0,0.0
2020-05-07 00:00:00,9.911185802486107,10.164391558689221,9.477119678905291,9.730324745178223,852250,0.0,0.0
2020-05-08 00:00:00,9.730328456568465,10.05587834590948,9.585639693520285,9.947361946105957,822480,0.0,0.0
2020-05-11 00:00:00,9.83884598075102,9.83884598075102,9.368606617667275,9.440951347351074,1086480,0.0,0.0
2020-05-12 00:00:00,10.598457682270038,10.779318739577924,9.657980736213176,9.730324745178223,1901660,0.0,0.0
2020-05-13 00:00:00,9.73032930475019,9.80267403754571,8.862195960856473,9.33243465423584,1574420,0.0,0.0
2020-05-14 00:00:00,9.043055051634349,9.766499455765098,8.681332849568975,9.694154739379883,1469360,0.0,0.0
2020-05-15 00:00:00,9.549465996539803,10.092049299637864,9.33243253731451,9.694154739379883,1050670,0.0,0.0
2020-05-18 00:00:00,10.236735710101737,10.924008289379467,9.911185940403449,10.851663589477539,1935700,0.0,0.0
2020-05-19 00:00:00,11.394248080467246,12.190037111265639,10.706976112012418,11.466592788696289,2116460,0.0,0.0
2020-05-20 00:00:00,10.694802751550307,11.135825119055228,10.290531722263996,10.547795295715332,2041490,0.5,0.0
2020-05-21 00:00:00,10.474293862268235,10.584549306739408,9.923015237938328,10.253782272338867,1369710,0.0,0.0
2020-05-22 00:00:00,10.106775628602186,10.290535185485863,9.92301607171851,10.180279731750488,797610,0.0,0.0
2020-05-26 00:00:00,10.694803164722567,10.84181062623688,10.364036201068647,10.58454704284668,1323110,0.0,0.0
2020-05-27 00:00:00,10.841810885741118,10.952066309269155,10.143524901094153,10.878562927246094,1863970,0.0,0.0
2020-05-28 00:00:00,10.952068862679921,10.98882091275342,10.364038865452125,10.400790214538574,1142350,0.0,0.0
2020-05-29 00:00:00,10.290535185485863,10.474294742369539,10.143527680176337,10.180279731750488,1039770,0.0,0.0
2020-06-01 00:00:00,10.143524658303743,10.731555205347863,9.923013115538838,10.58454704284668,999580,0.0,0.0
2020-06-02 00:00:00,10.731558402401518,10.76830975298859,10.180279731750488,10.180279731750488,955200,0.0,0.0
2020-06-03 00:00:00,10.511044671805989,11.06232323115609,10.29053310786856,10.694804191589355,1434650,0.0,0.0
2020-06-04 00:00:00,10.841811214038087,13.598203895573194,10.731555787171446,13.157180786132812,3626130,0.0,0.0
2020-06-05 00:00:00,18.265692887844956,18.522956444400947,15.141781677315238,15.546051979064941,5379420,0.0,0.0
2020-06-08 00:00:00,19.03748921536633,30.87160458772079,17.861427807820238,25.35881805419922,13354980,0.0,0.0
2020-06-09 00:00:00,23.704983200764133,27.086157977588353,20.029792006847213,20.691326141357422,6362370,0.0,0.0
2020-06-10 00:00:00,21.058843925673433,22.234905313562464,16.31784842727184,19.846031188964844,5797800,0.0,0.0
2020-06-11 00:00:00,16.317852512649182,18.192199811194605,15.472557258428262,15.840076446533203,3377900,0.0,0.0
2020-06-12 00:00:00,18.302445793566946,18.927228369659176,16.17083588864085,17.75116729736328,2798930,0.0,0.0
2020-06-15 00:00:00,16.35459450040066,19.184490907831005,16.207586348596365,18.081933975219727,2861940,0.0,0.0
2020-06-16 00:00:00,20.066536685914613,20.323800264344026,17.383648286804963,18.37594985961914,2857670,0.0,0.0
2020-06-17 00:00:00,18.192191354851975,18.339199522549386,17.31014515261509,17.4571533203125,1528510,0.0,0.0
2020-06-18 00:00:00,16.06058534292935,17.1631426698768,15.913577138546701,16.3913516998291,1838840,0.0,0.0
2020-06-19 00:00:00,16.758869691164975,16.869126538086018,15.325546102905918,15.950328826904297,2888670,0.0,0.0
2020-06-22 00:00:00,15.21529287346784,16.53836120943276,14.884525088489484,16.46485710144043,1889700,0.0,0.0
2020-06-23 00:00:00,15.987082743523024,16.097338206186947,14.994780775599153,15.362299919128418,2008380,0.0,0.0
2020-06-24 00:00:00,14.443497865332851,14.517001953085018,13.2674366672198,14.039227485656738,2304640,0.0,0.0
2020-06-25 00:00:00,12.899920545218913,14.737516144365436,12.826417842832399,14.369997024536133,1225370,0.0,0.0
2020-06-26 00:00:00,13.855466460817446,14.25973679653897,13.157179806054405,13.487947463989258,1182120,0.0,0.0
2020-06-29 00:00:00,13.046924956037484,14.296490160503822,12.78966136665044,13.120429039001465,1483070,0.0,0.0
2020-06-30 00:00:00,13.120433552468636,13.855471831016187,12.826418521444467,13.745216369628906,1425390,0.0,0.0
2020-07-01 00:00:00,13.414446770193939,14.333244494179825,13.304191323710445,13.70846176147461,1558910,0.0,0.0
2020-07-02 00:00:00,13.930159403828398,14.077958654893779,12.93250846862793,12.93250846862793,1276010,0.2,0.0
2020-07-06 00:00:00,13.080310446671952,13.191160248518656,11.934858735504802,12.41520881652832,1850220,0.0,0.0
2020-07-07 00:00:00,11.897907987436538,12.19350789697197,11.528407748134356,11.565357208251953,1146290,0.0,0.0
2020-07-08 00:00:00,11.41755707657145,12.230457167581056,11.3067072884047,12.008757591247559,1102540,0.0,0.0
2020-07-09 00:00:00,12.267411195208696,12.304360664267332,11.343660373423884,11.602310180664062,937850,0.0,0.0
2020-07-10 00:00:00,11.306710061217943,12.415210329026982,11.158910072494468,12.230460166931152,1061280,0.0,0.0
2020-07-13 00:00:00,12.045709517049318,12.378260359168053,11.639259740710258,11.824009895324707,831920,0.0,0.0
2020-07-14 00:00:00,11.5284105560631,12.193510866896531,11.454510208296742,11.860960006713867,610820,0.0,0.0
2020-07-15 00:00:00,12.304355758970518,13.48675662138146,12.082656213938424,13.449807167053223,1447700,0.0,0.0
2020-07-16 00:00:00,12.858610153198242,13.856261244724783,12.71081087897358,12.858610153198242,1147610,0.0,0.0
2020-07-17 00:00:00,12.78470656079343,13.006407530060367,12.230456251923227,12.304356575012207,895320,0.0,0.0
2020-07-20 00:00:00,12.008759381734412,12.378259670403164,11.860958702454216,12.082659721374512,606400,0.0,0.0
2020-07-21 00:00:00,12.119607709700432,12.747758405805877,12.082658249148405,12.26740837097168,665170,0.0,0.0
2020-07-22 00:00:00,12.156559822937744,12.858609511940225,12.045708610882663,12.526060104370117,549530,0.0,0.0
2020-07-23 00:00:00,12.415210981174123,12.895562555480724,12.378261510626823,12.673861503601074,521170,0.0,0.0
2020-07-24 00:00:00,12.563008283982603,12.93250852762915,12.119607709700432,12.26740837097168,857530,0.0,0.0
2020-07-27 00:00:00,12.34130867642531,12.378258136901943,11.897908103047882,11.971808433532715,470880,0.0,0.0
2020-07-28 00:00:00,11.89790691231996,12.526057544279142,11.86095604600976,12.304356575012207,753030,0.0,0.0
2020-07-29 00:00:00,12.378256434423317,12.5260570750648,12.008756242350978,12.119606018066406,558370,0.0,0.0
2020-07-30 00:00:00,11.897910361572361,12.082660518088915,11.713160205055809,11.750109672546387,596130,0.0,0.0
2020-07-31 00:00:00,11.75010916386785,11.860958971072572,11.12195908176461,11.343659400939941,869260,0.0,0.0
2020-08-03 00:00:00,11.23280928692416,11.63925976901764,10.789409337630653,11.528409957885742,915340,0.0,0.0
2020-08-04 00:00:00,11.306706936291285,11.528407210486357,11.08500666209621,11.121956825256348,644830,0.0,0.0
2020-08-05 00:00:00,11.232811566738855,11.750111964955673,11.158911912574197,11.676212310791016,757710,0.0,0.0
2020-08-06 00:00:00,11.565355695798175,11.75010579128866,11.26975582491967,11.454505920410156,693550,0.0,0.0
2020-08-07 00:00:00,11.121955922330505,12.193506338387147,10.974155986454708,12.119606018066406,1194270,0.0,0.0
2020-08-10 00:00:00,12.045711565926762,12.415211938004665,11.78706172833185,12.156562805175781,1185010,0.0,0.0
2020-08-11 00:00:00,12.636906850780228,13.265057459209476,12.045705697745664,12.119606018066406,1225770,0.0,0.0
2020-08-12 00:00:00,12.267409618718823,12.378259421181268,11.49145888718414,11.78705883026123,783810,0.0,0.0
2020-08-13 00:00:00,11.63926213132566,12.41521237626786,11.49146211823029,11.676212310791016,630400,0.0,0.0
2020-08-14 00:00:00,11.639257651116752,12.08265822449418,11.49145769491287,11.971808433532715,388100,0.0,0.0
2020-08-17 00:00:00,11.897907987436538,12.00875777732088,11.45450741836761,11.565357208251953,507390,0.0,0.0
2020-08-18 00:00:00,11.528410646276258,11.639260464027279,11.269760131835938,11.269760131835938,497780,0.0,0.0
2020-08-19 00:00:00,11.26975875445177,11.639259041482976,11.232808584795476,11.380608558654785,526790,0.0,0.0
2020-08-20 00:00:00,11.306707961845495,11.417557756614586,11.085007667541504,11.085007667541504,528540,0.0,0.0
2020-08-21 00:00:00,11.085006364555653,11.19585614629492,10.826355934143066,10.826355934143066,686670,0.0,0.0
2020-08-24 00:00:00,10.900257059414338,11.676207702902074,10.6416066099965,11.565357208251953,871590,0.0,0.0
2020-08-25 00:00:00,11.639258435950454,11.750108234386508,11.085008034238527,11.306708335876465,593180,0.0,0.0
2020-08-26 00:00:00,11.26975882437408,11.4175587991504,10.937208704935887,11.04805850982666,485540,0.0,0.0
2020-08-27 00:00:00,11.011107698770605,11.528408637514401,10.974158235802475,11.306708335876465,541690,0.0,0.0
2020-08-28 00:00:00,11.269759059626201,11.454509208144664,11.158909252421479,11.343659400939941,381150,0.0,0.0
2020-08-31 00:00:00,11.23280762882223,11.306707961845495,10.97415787277241,11.085007667541504,653190,0.0,0.0
2020-09-01 00:00:00,10.974156582816388,11.19585614629492,10.78940647674046,10.826355934143066,658530,0.0,0.0
2020-09-02 00:00:00,10.789406986528325,10.86330660959094,10.198206478198625,10.641606330871582,780630,0.0,0.0
2020-09-03 00:00:00,10.6416091090664,10.974159966347052,10.346009130112423,10.419909477233887,845740,0.0,0.0
2020-09-04 00:00:00,10.530756543894782,10.678556494785768,10.161256314284438,10.641606330871582,734760,0.0,0.0
2020-09-08 00:00:00,10.419907990159892,10.974158400173378,10.198207685201329,10.604658126831055,615090,0.0,0.0
2020-09-09 00:00:00,10.493809119589411,10.567709466710877,10.30905895655169,10.419909477233887,416200,0.0,0.0
2020-09-10 00:00:00,10.382957994975904,10.493807796920338,10.16125768632118,10.19820785522461,610480,0.0,0.0
2020-09-11 00:00:00,10.235155648118967,10.272105103679024,9.828705294067131,10.013455390930176,584160,0.0,0.0
2020-09-14 00:00:00,10.013458977597711,10.493809119589411,9.976508804036978,10.419909477233887,513870,0.0,0.0
2020-09-15 00:00:00,10.530755996704102,10.715506101909437,10.419906215487188,10.530755996704102,332780,0.0,0.0
2020-09-16 00:00:00,10.604659477253486,11.048059438868371,10.346008971070356,10.789409637451172,597590,0.0,0.0
2020-09-17 00:00:00,10.678559118473002,10.937209624656134,10.604659477253486,10.789409637451172,335600,0.0,0.0
2020-09-18 00:00:00,10.715506101909437,10.789406425897859,10.419906215487188,10.530755996704102,1600430,0.0,0.0
2020-09-21 00:00:00,10.309058745373777,10.382959090981416,10.050408945278894,10.124308586120605,658700,0.0,0.0
2020-09-22 00:00:00,10.198207912948021,10.419908222857604,10.050407941263586,10.16125774383545,342260,0.0,0.0
2020-09-23 00:00:00,10.161258440751297,10.382958765866324,9.60700798034668,9.60700798034668,447750,0.0,0.0
2020-09-24 00:00:00,9.570056753137276,10.124307152408923,9.348356452475452,9.976507186889648,798660,0.0,0.0
2020-09-25 00:00:00,9.939557777044817,10.419908582558524,9.865658141034471,10.38295841217041,388250,0.0,0.0
2020-09-28 00:00:00,10.530759293150144,10.974159966347052,10.346009130112423,10.419909477233887,1203010,0.0,0.0
2020-09-29 00:00:00,10.567708194542039,10.604658363654611,9.97650760303844,10.16125774383545,435830,0.0,0.0
2020-09-30 00:00:00,10.124305167141726,10.235155648118967,9.97650523060443,10.013455390930176,555120,0.0,0.0
2020-10-01 00:00:00,10.272108387660849,10.309058559799524,9.976508420083265,10.235158920288086,339680,0.0,0.0
2020-10-02 00:00:00,9.865656363975885,10.71550660599318,9.791756036511009,10.678556442260742,423660,0.0,0.0
2020-10-05 00:00:00,10.715506658699955,10.826356445676753,10.419906756917982,10.641606330871582,387430,0.0,0.0
2020-10-06 00:00:00,10.530757478305272,10.789407943889273,10.346007347106934,10.346007347106934,606180,0.0,0.0
2020-10-07 00:00:00,10.382957514299767,10.530757478305272,10.198207383101428,10.346007347106934,436400,0.0,0.0
2020-10-08 00:00:00,10.496493989078116,10.910334403054755,10.383628747802536,10.722225189208984,411230,0.5,0.0
2020-10-09 00:00:00,10.759848627499505,10.835091892643817,10.534117396906966,10.68460464477539,256450,0.0,0.0
2020-10-12 00:00:00,10.646983880351547,10.68460587604909,10.42125334132605,10.609362602233887,304130,0.0,0.0
2020-10-13 00:00:00,10.458871820065205,10.646981030624504,10.421250552017097,10.5341157913208,182160,0.0,0.0
2020-10-14 00:00:00,10.534116280588078,10.759847487259481,10.49649429321289,10.49649429321289,253460,0.0,0.0
2020-10-15 00:00:00,10.346007061291862,10.534116280588078,10.346007061291862,10.49649429321289,259820,0.0,0.0
2020-10-16 00:00:00,10.42125129699707,10.571738532686394,10.383629308679804,10.42125129699707,208810,0.0,0.0
2020-10-19 00:00:00,10.534119484641336,10.534119484641336,10.308388209311605,10.346010208129883,302450,0.0,0.0
2020-10-20 00:00:00,10.458872305837703,10.571738267963266,10.270763086541487,10.49649429321289,297730,0.0,0.0
2020-10-21 00:00:00,10.534118555484495,10.534118555484495,10.157900035645763,10.27076530456543,311780,0.0,0.0
2020-10-22 00:00:00,10.2331435328841,10.383630790042426,10.157899545515013,10.30838680267334,209060,0.0,0.0
2020-10-23 00:00:00,10.270762609505905,10.722225001880101,10.270762609505905,10.5341157913208,551190,0.0,0.0
2020-10-26 00:00:00,10.458872100911213,10.496494087549252,10.233141616242396,10.383628845214844,376460,0.0,0.0
2020-10-27 00:00:00,10.383630790042426,10.646983310674539,10.270764808988798,10.30838680267334,289620,0.0,0.0
2020-10-28 00:00:00,10.195519936991062,10.308385182728266,10.007410715709232,10.15789794921875,521680,0.0,0.0
2020-10-29 00:00:00,10.157897642966317,10.383628845214844,9.85692318502142,10.383628845214844,417020,0.0,0.0
2020-10-30 00:00:00,10.270763194955954,10.308385182728266,10.082653973674125,10.15789794921875,316810,0.0,0.0
2020-11-02 00:00:00,10.30838680267334,10.383630790042426,10.157899545515013,10.30838680267334,300710,0.0,0.0
2020-11-03 00:00:00,10.346006580761502,10.5717377769486,10.308384595133703,10.5341157913208,258760,0.0,0.0
2020-11-04 00:00:00,10.496494556051863,10.684603780058453,10.195520084673213,10.42125129699707,234680,0.0,0.0
2020-11-05 00:00:00,10.458872002793022,11.023199644330337,10.308384775232346,10.722225189208984,549010,0.0,0.0
2020-11-06 00:00:00,10.722226113715458,10.835091364722661,10.571738873179264,10.797470092773438,431220,0.0,0.0
2020-11-09 00:00:00,11.625148288200498,12.001366684048925,11.060820694427855,11.66277027130127,1713950,0.0,0.0
2020-11-10 00:00:00,11.88850389013555,12.415209608811598,11.587528681192241,12.227100372314453,1372870,0.0,0.0
2020-11-11 00:00:00,12.41520930196279,12.41520930196279,11.549907122494261,11.77563762664795,743520,0.0,0.0
2020-11-12 00:00:00,11.474662753433508,11.700393967508806,11.136066291110435,11.549906730651855,776470,0.0,0.0
2020-11-13 00:00:00,11.54990838075038,12.189480125740673,11.474664392782165,12.076613426208496,593450,0.0,0.0
2020-11-16 00:00:00,12.452830087363095,12.678562017850213,12.151855615206427,12.41520881652832,987470,0.0,0.0
2020-11-17 00:00:00,12.227099979586828,13.017158173434778,12.189478707559605,12.640939712524414,1225970,0.0,0.0
2020-11-18 00:00:00,12.791427111349364,13.017157603956447,12.15185546875,12.15185546875,1557370,0.0,0.0
2020-11-19 00:00:00,12.302345126297537,12.41521038824969,11.700395388199766,12.114235877990723,700190,0.0,0.0
2020-11-20 00:00:00,12.114234344371653,12.528074064192134,12.038990367542613,12.41520881652832,563590,0.0,0.0
2020-11-23 00:00:00,12.603318943511646,12.791428181474506,12.415209705548786,12.56569766998291,1541680,0.0,0.0
2020-11-24 00:00:00,12.866671699298355,13.506243372320116,12.791427719797053,13.130024909973145,2829910,0.0,0.0
2020-11-25 00:00:00,13.430999454101054,13.430999454101054,12.67856252597393,12.979537010192871,893130,0.0,0.0
2020-11-27 00:00:00,13.205266519599792,13.205266519599792,12.791426814374967,13.054780006408691,524450,0.0,0.0
2020-11-30 00:00:00,12.979536462013142,13.130024415346654,12.377587518998066,12.490452766418457,965960,0.0,0.0
2020-12-01 00:00:00,12.71618326125924,13.242889662767045,12.452830060505336,12.490452766418457,989560,0.0,0.0
2020-12-02 00:00:00,12.565697216452685,13.242890161645327,12.452830529620963,13.130024909973145,933060,0.0,0.0
2020-12-03 00:00:00,13.280512697713025,13.393377960126514,12.904294199561608,13.017159461975098,939630,0.0,0.0
2020-12-04 00:00:00,13.130024909973145,13.31813414114663,12.97953695097054,13.130024909973145,974580,0.0,0.0
2020-12-07 00:00:00,13.167647053213681,13.205268327873295,12.603319322361665,12.791428565979004,777450,0.0,0.0
2020-12-08 00:00:00,12.716184547315965,13.017159049262688,12.678563272757486,12.86667251586914,1068390,0.0,0.0
2020-12-09 00:00:00,13.054782808652988,13.092404086236412,12.26472306296336,12.716185569763184,991630,0.0,0.0
2020-12-10 00:00:00,12.4152087897517,12.640939284592482,12.377587518998066,12.490452766418457,512500,0.0,0.0
2020-12-11 00:00:00,12.490452820624785,12.640939339451897,12.151855641734675,12.339964866638184,645400,0.0,0.0
2020-12-14 00:00:00,12.415207437105181,12.565695374042916,12.151854265043811,12.18947696685791,608380,0.0,0.0
2020-12-15 00:00:00,12.302343710975046,12.75380614200486,12.227099733276827,12.67856216430664,486610,0.0,0.0
2020-12-16 00:00:00,12.753807725820872,12.791429001762182,12.377589225769043,12.377589225769043,431500,0.0,0.0
2020-12-17 00:00:00,12.41520804789529,12.603317260742188,12.227098835048391,12.603317260742188,444770,0.0,0.0
2020-12-18 00:00:00,12.528072672228816,12.640937907352452,12.151854265043811,12.18947696685791,991300,0.0,0.0
2020-12-21 00:00:00,12.038991891636064,12.151857153588217,11.85088264332925,12.114235877990723,647790,0.0,0.0
2020-12-22 00:00:00,12.038992149804239,12.151857414176714,11.926126885431763,12.076613426208496,602310,0.0,0.0
2020-12-23 00:00:00,12.00136959927022,13.09240306873482,12.00136959927022,12.791428565979004,1214380,0.0,0.0
2020-12-24 00:00:00,12.753806907945771,12.791428181474506,12.264721741114661,12.56569766998291,360760,0.0,0.0
2020-12-28 00:00:00,12.640938529247808,12.941914417930365,12.490452020065929,12.603317260742188,698940,0.0,0.0
2020-12-29 00:00:00,12.904292922193576,12.904292922193576,12.41520921004201,12.640939712524414,708060,0.0,0.0
2020-12-30 00:00:00,12.640939712524414,12.829048942979597,12.41520921004201,12.640939712524414,558080,0.0,0.0
2020-12-31 00:00:00,12.603320301853165,12.829050837673204,12.52807631152657,12.716185569763184,513340,0.0,0.0
2021-01-04 00:00:00,12.866671242343065,12.866671242343065,12.114234344371653,12.41520881652832,909920,0.0,0.0
2021-01-05 00:00:00,12.377583974746036,12.829044835154306,12.339961279605966,12.528070449829102,614290,0.0,0.0
2021-01-06 00:00:00,12.67856429217976,13.054782808652988,12.603320301853165,12.716185569763184,922400,0.0,0.0
2021-01-07 00:00:00,12.90429303034825,13.054780990037491,12.716183798316468,12.979537010192871,611310,0.0,0.0
2021-01-08 00:00:00,13.017159461975098,13.017159461975098,12.603319688072412,13.017159461975098,623200,0.0,0.0
2021-01-11 00:00:00,12.863110102257654,13.132695054507044,12.747572015147567,12.90162181854248,559170,0.8,0.0
2021-01-12 00:00:00,12.901621303652773,12.940133018400637,12.63203489303448,12.824596405029297,516900,0.0,0.0
2021-01-13 00:00:00,12.824598191797959,12.824598191797959,12.400963394038152,12.593524932861328,585410,0.0,0.0
2021-01-14 00:00:00,12.67054908551185,12.978647235403253,12.593524180757031,12.940134048461914,539370,0.0,0.0
2021-01-15 00:00:00,12.824596327947912,13.094182736945875,12.670548000754604,12.709059715270996,473390,0.0,0.0
2021-01-19 00:00:00,12.863109511592043,12.901621226108436,12.59352310259408,12.709059715270996,475110,0.0,0.0
2021-01-20 00:00:00,12.709060925813679,13.248233795166016,12.593524302131858,13.248233795166016,695880,0.0,0.0
2021-01-21 00:00:00,13.209720862507792,14.134016808036508,13.05567251767161,13.710380554199219,1357920,0.0,0.0
2021-01-22 00:00:00,13.633357116345081,13.787405461181264,13.248234050562766,13.710380554199219,665910,0.0,0.0
2021-01-25 00:00:00,13.825914956980112,14.981283845781988,13.517815411330934,14.557647705078125,1712480,0.0,0.0
2021-01-26 00:00:00,14.942775279803795,16.56029251716659,14.519140477480953,16.13665771484375,3249300,0.0,0.0
2021-01-27 00:00:00,17.099464013947355,17.715660306523105,15.674508434597099,16.29070472717285,2529620,0.0,0.0
2021-01-28 00:00:00,16.0981435655674,16.252193376753414,14.596164517579233,15.173849105834961,1809380,0.0,0.0
2021-01-29 00:00:00,15.212361946205595,15.867071488348902,14.981288681509364,15.55897331237793,789970,0.0,0.0
2021-02-01 00:00:00,15.55897089142088,15.635994321582881,14.904261451149571,15.443432807922363,684520,0.0,0.0
2021-02-02 00:00:00,15.096822055083113,15.212358662491694,14.634674156321122,14.788723945617676,2151420,0.0,0.0
2021-02-03 00:00:00,14.827238347477293,15.058311604202387,14.403603553771973,14.403603553771973,1126260,0.0,0.0
2021-02-04 00:00:00,14.480625227489469,14.82723653943915,14.403601797391993,14.634675025939941,837990,0.0,0.0
2021-02-05 00:00:00,14.750214124362717,15.173850406884092,14.711702402828049,14.827239036560059,640850,0.0,0.0
2021-02-08 00:00:00,14.98128552894525,15.096822136980593,14.750210843746881,14.865747451782227,632790,0.0,0.0
2021-02-09 00:00:00,14.865748776115417,14.904261961643313,14.596163823059205,14.673187255859375,581170,0.0,0.0
2021-02-10 00:00:00,14.788725856236214,15.019799100906711,14.63467604703731,14.750212669372559,964940,0.0,0.0
2021-02-11 00:00:00,14.865750758094727,15.096825494686751,14.365091032504013,14.827239036560059,1075530,0.0,0.0
2021-02-12 00:00:00,14.750212669372559,15.096824005506164,14.596164329301514,14.750212669372559,631830,0.0,0.0
2021-02-16 00:00:00,14.942773076421068,14.981286260398354,14.442113437738355,14.48062515258789,945980,0.0,0.0
2021-02-17 00:00:00,14.557648200375464,14.596161379455708,13.941452026367188,13.941452026367188,1029000,0.0,0.0
2021-02-18 00:00:00,13.902942989961398,14.134017725913756,13.517819899168806,13.633358001708984,786500,0.0,0.0
2021-02-19 00:00:00,13.864431535875474,14.788727559251718,13.82591981370481,14.249554634094238,1319420,0.0,0.0
2021-02-22 00:00:00,14.596165816794862,15.173850456470733,14.326579357787187,14.98128890991211,1506390,0.0,0.0
2021-02-23 00:00:00,14.557650635617419,14.981286861601705,13.748892838299488,14.711700439453125,1390480,0.0,0.0
2021-02-24 00:00:00,14.827236830470072,16.021117649947715,14.63467531319124,15.982605934143066,2040100,0.0,0.0
2021-02-25 00:00:00,15.905579776070844,16.675825784298272,14.673185869081426,14.788723945617676,1593830,0.0,0.0
2021-02-26 00:00:00,14.942775719123578,15.5974852712485,14.55765262600633,14.98128890991211,1064110,0.0,0.0
2021-03-01 00:00:00,15.366410118263348,15.674508261141785,14.981287072383342,15.096823692321777,721000,0.0,0.0
2021-03-02 00:00:00,15.058312509781507,15.481948798091468,14.9427758744708,15.366412162780762,729280,0.0,0.0
2021-03-03 00:00:00,15.366412669369673,15.82855922584822,15.250874561121963,15.404924392700195,974840,0.0,0.0
2021-03-04 00:00:00,15.327895269900273,15.481945059196827,14.365087759615989,14.788723945617676,1302370,0.0,0.0
2021-03-05 00:00:00,15.01979797524789,15.01979797524789,13.671867387725642,14.48062515258789,1687040,0.0,0.0
2021-03-08 00:00:00,14.634676815875196,14.981288170218152,14.211042022014194,14.365090370178223,1302070,0.0,0.0
2021-03-09 00:00:00,14.634674950241534,14.67318666509107,14.288063640084713,14.48062515258789,1126280,0.0,0.0
2021-03-10 00:00:00,14.51914453007242,14.750217855995288,14.288069735021176,14.442119598388672,1380020,0.0,0.0
2021-03-11 00:00:00,14.519138336565177,14.827236462744711,14.40360172288882,14.48062515258789,1098760,0.0,0.0
2021-03-12 00:00:00,14.48062436702457,14.981285447674534,14.365087759615989,14.788723945617676,1937980,0.0,0.0
2021-03-15 00:00:00,15.058312509781507,15.36641216278076,14.865750961220987,15.366412162780762,1054190,0.0,0.0
2021-03-16 00:00:00,15.366405900985013,15.404917607352424,15.019794667168613,15.25086784362793,795510,0.0,0.0
2021-03-17 00:00:00,15.212359225254682,15.713018855298278,15.019797716074244,15.674507141113281,959670,0.0,0.0
2021-03-18 00:00:00,15.558973549587979,15.751535096146602,14.827239085014005,14.98128890991211,948700,0.0,0.0
2021-03-19 00:00:00,14.981289559552168,15.558974224278426,14.750214812184822,15.404924392700195,2788200,0.0,0.0
2021-03-22 00:00:00,15.404922990088714,15.558972807640778,15.135336543936573,15.481947898864746,524100,0.0,0.0
2021-03-23 00:00:00,15.404921835200216,15.520458455138652,14.865748983317076,15.096823692321777,660080,0.0,0.0
2021-03-24 00:00:00,15.173848526932947,15.790044809912551,14.904262102206436,14.942773818969727,906970,0.0,0.0
2021-03-25 00:00:00,14.788721490709298,15.366405900985013,14.36508537503065,15.25086784362793,821000,0.0,0.0
2021-03-26 00:00:00,15.366405900985013,15.443429313719834,14.904258078938955,15.25086784362793,545570,0.0,0.0
2021-03-29 00:00:00,15.250874058342028,15.713022068712883,15.096825700970427,15.366412162780762,734180,0.0,0.0
2021-03-30 00:00:00,15.443433826211676,15.905581783294986,15.327897204222811,15.59748363494873,828580,0.0,0.0
2021-03-31 00:00:00,15.828555835243398,15.982605633822915,15.443432807922363,15.443432807922363,683610,0.0,0.0
2021-04-01 00:00:00,15.635998256747346,15.75153636932373,15.44343669462421,15.75153636932373,570760,0.0,0.0
2021-04-05 00:00:00,15.867066714472381,15.982603312059348,15.558968631197951,15.635992050170898,587320,0.0,0.0
2021-04-06 00:00:00,15.635996369005724,15.828557907880809,15.635996369005724,15.713021278381348,515920,0.0,0.0
2021-04-07 00:00:00,15.713016938271393,15.790041826371887,15.558968631197951,15.635992050170898,514320,0.0,0.0
2021-04-08 00:00:00,15.635993482967226,15.793534074530047,15.439066616689132,15.596607208251953,579110,0.9,0.0
2021-04-09 00:00:00,15.517839916602899,15.635995753037342,15.439068858168945,15.478453636169434,284700,0.0,0.0
2021-04-12 00:00:00,15.43906868060781,15.478453458155345,15.202755508023731,15.281526565551758,453480,0.0,0.0
2021-04-13 00:00:00,15.360297623079784,15.43906868060781,14.96644383787261,15.281526565551758,459490,0.0,0.0
2021-04-14 00:00:00,15.20275544381866,15.557224449981288,15.163370666437457,15.242141723632812,405480,0.0,0.0
2021-04-15 00:00:00,15.360295847842568,15.399680620838282,14.966442108154297,14.966442108154297,454200,0.0,0.0
2021-04-16 00:00:00,15.045219033246225,15.163374900817871,14.887676874861782,15.163374900817871,543850,0.0,0.0
2021-04-19 00:00:00,15.163369876756095,15.242140929849194,14.808900889053582,14.927058219909668,524360,0.0,0.0
2021-04-20 00:00:00,14.887679465844034,14.927065763511438,14.29689852273567,14.611981391906738,697710,0.0,0.0
2021-04-21 00:00:00,14.572591414926471,14.966445236951511,14.454435568805579,14.690747261047363,433870,0.0,0.0
2021-04-22 00:00:00,14.848290295817737,14.887675079447462,14.611977086739822,14.651363372802734,406550,0.0,0.0
2021-04-23 00:00:00,14.65136134647863,15.123986196835936,14.65136134647863,15.005828857421875,473060,0.0,0.0
2021-04-26 00:00:00,14.966445494118625,15.281528256666077,14.966445494118625,15.04521656036377,346680,0.0,0.0
2021-04-27 00:00:00,15.28153076838952,15.399686635961165,15.08460382162565,15.163374900817871,377010,0.0,0.0
2021-04-28 00:00:00,15.39968490600586,15.47845597634917,15.202757981364183,15.39968490600586,410800,0.0,0.0
2021-04-29 00:00:00,15.43906868060781,15.557224515683371,15.123985952928663,15.281526565551758,369980,0.0,0.0
2021-04-30 00:00:00,15.24214610291118,15.478457839959912,15.084603943256436,15.360301971435547,321880,0.0,0.0
2021-05-03 00:00:00,15.439073051262918,15.635999999614656,15.360301971435545,15.360301971435547,466950,0.0,0.0
2021-05-04 00:00:00,15.281528317462472,15.3209146019583,14.84828970504026,15.084601402282715,582110,0.0,0.0
2021-05-05 00:00:00,15.163368977998433,15.163368977998433,14.848286286734373,14.966442108154297,458090,0.0,0.0
2021-05-06 00:00:00,14.61197489521858,14.730132233252757,14.060580494935273,14.296892166137695,1655210,0.0,0.0
2021-05-07 00:00:00,14.139351970851127,14.49381948813478,14.139351970851127,14.218121528625488,833690,0.0,0.0
2021-05-10 00:00:00,14.21812226010989,14.375664388629753,13.94242578884976,13.981810569763184,685650,0.0,0.0
2021-05-11 00:00:00,13.666726773313014,13.942424725989191,13.430413598547876,13.824267387390137,780220,0.0,0.0
2021-05-12 00:00:00,13.784883537974292,13.903039382098884,13.23348759548209,13.272873878479004,767390,0.0,0.0
2021-05-13 00:00:00,13.430413948107097,13.784882968264238,13.31225810886572,13.706111907958984,798070,0.0,0.0
2021-05-14 00:00:00,13.784885485810296,13.981812421321873,13.666729624990008,13.942427635192871,554260,0.0,0.0
2021-05-17 00:00:00,13.942423474367608,14.060579299926758,13.784881372000186,14.060579299926758,314300,0.0,0.0
2021-05-18 00:00:00,14.178736330536484,14.61197489521858,14.060580494935273,14.296892166137695,625640,0.0,0.0
2021-05-19 00:00:00,13.94242578884976,14.099966414936537,13.824268441243323,13.981810569763184,523110,0.0,0.0
2021-05-20 00:00:00,13.942427635192871,14.060583496013159,13.824270271939298,13.942427635192871,347250,0.0,0.0
2021-05-21 00:00:00,14.021194819271894,14.021194819271894,13.863654199155924,13.90303897857666,252290,0.0,0.0
2021-05-24 00:00:00,13.903038445645183,13.981809503900228,13.627340492969006,13.824267387390137,332750,0.0,0.0
2021-05-25 00:00:00,13.903039342937284,14.060581469615032,13.784883499145508,13.784883499145508,384310,0.0,0.0
2021-05-26 00:00:00,13.7848833027607,14.218121891302818,13.745498522868889,14.099966049194336,545360,0.0,0.0
2021-05-27 00:00:00,13.469801378609834,13.587957227931303,13.351645529288362,13.391030311584473,2821810,0.0,0.0
2021-05-28 00:00:00,13.391030311584473,13.587957227931303,13.351645529288362,13.391030311584473,1013880,0.0,0.0
2021-06-01 00:00:00,13.548570449652349,13.548570449652349,13.27287250689613,13.351643562316895,1384130,0.0,0.0
2021-06-02 00:00:00,13.35164500357639,13.509185628990917,13.31225872039795,13.31225872039795,692330,0.0,0.0
2021-06-03 00:00:00,13.272873347703218,13.391029187102816,13.19410228729248,13.19410228729248,717790,0.0,0.0
2021-06-04 00:00:00,13.233487129211426,13.272873410820596,13.194102350035275,13.233487129211426,469900,0.0,0.0
2021-06-07 00:00:00,13.194102974515705,13.509185730136924,13.194102974515705,13.46980094909668,876780,0.0,0.0
2021-06-08 00:00:00,13.54857376416972,14.060583496013159,13.430416400916146,13.942427635192871,1253520,0.0,0.0
2021-06-09 00:00:00,14.178738380532572,17.841578828350183,14.021196241997826,16.384319305419922,15177800,0.0,0.0
2021-06-10 00:00:00,17.56587963951171,18.11727558435667,16.502475535419848,16.81755828857422,8598810,0.0,0.0
2021-06-11 00:00:00,16.89633267081911,17.17202919495381,15.990467511747813,16.73879051208496,4855030,0.0,0.0
2021-06-14 00:00:00,16.935712814331055,17.605264551663293,16.187390019236265,16.935712814331055,3688000,0.0,0.0
2021-06-15 00:00:00,16.541863862924835,16.620634943711156,15.478458028392987,15.714771270751953,3602340,0.0,0.0
2021-06-16 00:00:00,15.675381045362924,16.305548031077997,15.596609984344411,16.06923484802246,2193460,0.0,0.0
2021-06-17 00:00:00,16.226776796990947,16.46308847509305,15.557225039124312,15.872307777404785,1713620,0.0,0.0
2021-06-18 00:00:00,15.675380815756428,15.872307714201693,15.2815270188659,15.83292293548584,3366840,0.0,0.0
2021-06-21 00:00:00,15.635996099302682,16.029849897761526,15.123986461792787,15.872307777404785,2134450,0.0,0.0
2021-06-22 00:00:00,15.793540901979213,15.832927193720934,15.439073290904162,15.754156112670898,959620,0.0,0.0
2021-06-23 00:00:00,15.714767159481053,16.305547857169316,15.675380878175362,15.872307777404785,1500420,0.0,0.0
2021-06-24 00:00:00,16.10862028890317,16.463087791334285,15.99046295232652,16.226776123046875,1641110,0.0,0.0
2021-06-25 00:00:00,16.187390151636542,16.423703326857055,15.990463256835938,15.990463256835938,1144840,0.0,0.0
2021-06-28 00:00:00,16.06923484802246,16.187390688333714,15.79353688567418,16.06923484802246,766200,0.0,0.0
2021-06-29 00:00:00,16.069233261647497,16.069233261647497,15.399681562738667,15.439067840576172,1097550,0.0,0.0
2021-06-30 00:00:00,15.478457839959912,15.596613708484279,15.202759811780803,15.360301971435547,779490,0.0,0.0
2021-07-01 00:00:00,15.439069107152397,15.478453885788038,15.20275592803955,15.20275592803955,736260,0.0,0.0
2021-07-02 00:00:00,15.364057062180969,15.364057062180969,14.355916794628413,14.920475959777832,1560740,0.9,0.0
2021-07-06 00:00:00,14.75917795249726,14.75917795249726,13.99299200993512,14.194620132446289,1669460,0.0,0.0
2021-07-07 00:00:00,14.194617891446283,14.315594438193502,13.710710166157156,13.912338256835938,958420,0.0,0.0
2021-07-08 00:00:00,13.630058622225594,14.154291350330375,13.42843053154681,13.912338256835938,886730,0.0,0.0
2021-07-09 00:00:00,14.073640798914179,14.396245423829361,13.992989258110333,14.355918884277344,531900,0.0,0.0
2021-07-12 00:00:00,14.194617530037275,14.355919075493253,14.07364098637024,14.11396598815918,429100,0.0,0.0
2021-07-13 00:00:00,13.99298805044185,14.073639584285043,13.54940538345432,13.67038345336914,648530,0.0,0.0
2021-07-14 00:00:00,13.751033242123714,13.831684774754066,13.388103652737186,13.428428649902344,609030,0.0,0.0
2021-07-15 00:00:00,13.46875732649047,13.912338519023274,13.226802690135983,13.831686973571777,701510,0.0,0.0
2021-07-16 00:00:00,13.872011518827092,13.912336516598657,13.34777731799637,13.67038345336914,706290,0.0,0.0
2021-07-19 00:00:00,13.388103485107422,13.509080013388209,12.98484736530479,13.388103485107422,974750,0.0,0.0
2021-07-20 00:00:00,13.509081731523787,14.154290989948121,13.347778647767596,14.11396598815918,682090,0.0,0.0
2021-07-21 00:00:00,14.113967927854407,14.597875707326644,14.113967927854407,14.476899147033691,585910,0.0,0.0
2021-07-22 00:00:00,14.355919441009156,14.396245982125064,13.872013254020283,13.912338256835938,524310,0.0,0.0
2021-07-23 00:00:00,13.952665289150646,14.073643391795109,13.751037169143842,13.791363716125488,363020,0.0,0.0
2021-07-26 00:00:00,13.791360513244719,14.113965122674395,13.751033975628435,13.992988586425781,298260,0.0,0.0
2021-07-27 00:00:00,13.912340280469476,13.912340280469476,13.630060604799855,13.791363716125488,321150,0.0,0.0
2021-07-28 00:00:00,13.912338256835938,14.073641344699064,13.6703851633415,13.912338256835938,268860,0.0,0.0
2021-07-29 00:00:00,13.91233815899856,14.315594337520256,13.872013156466487,14.03331470489502,296110,0.0,0.0
2021-07-30 00:00:00,14.033313674956933,14.23494174941982,13.79136060092152,13.8720121383667,296470,0.0,0.0
2021-08-02 00:00:00,13.992991836132292,14.194619956139096,13.751037169143842,13.791363716125488,316200,0.0,0.0
2021-08-03 00:00:00,13.872015271788305,13.872015271788305,13.468759031774697,13.791363716125488,429310,0.0,0.0
2021-08-04 00:00:00,13.67038865468658,13.83169024544503,13.38810894798349,13.630062103271484,904470,0.0,0.0
2021-08-05 00:00:00,12.62191678461745,13.065499458444313,12.460614483594073,12.863870620727539,1032720,0.0,0.0
2021-08-06 00:00:00,12.823544853184183,13.146149455230939,12.742894087247516,12.863870620727539,389890,0.0,0.0
2021-08-09 00:00:00,12.78322246678842,12.823547473421348,12.58159435702299,12.702570915222168,902700,0.0,0.0
2021-08-10 00:00:00,12.742893571551978,13.065498929693174,12.621916273817776,12.783219337463379,545980,0.0,0.0
2021-08-11 00:00:00,12.863873249204474,12.9041990249876,12.702570915222168,12.702570915222168,265360,0.0,0.0
2021-08-12 00:00:00,12.823545194723765,12.823545194723765,12.500940584084828,12.662242889404297,478140,0.0,0.0
2021-08-13 00:00:00,12.581591786224138,13.105824456837626,12.541266018680783,12.863870620727539,759710,0.0,0.0
2021-08-16 00:00:00,12.742896802557441,12.823547585679517,12.581594467163086,12.581594467163086,436170,0.0,0.0
2021-08-17 00:00:00,12.58159089859844,12.621915894146843,12.42028783980488,12.50093936920166,516190,0.0,0.0
2021-08-18 00:00:00,12.500941282836278,12.541267053707706,12.258987426757812,12.258987426757812,616710,0.0,0.0
2021-08-19 00:00:00,12.097683906555176,12.339637738516286,11.93638160829778,12.097683906555176,747360,0.0,0.0
2021-08-20 00:00:00,12.097686620640513,12.541268617227372,12.017035068842828,12.460617065429688,371220,0.0,0.0
2021-08-23 00:00:00,12.420290579466698,12.70257022547055,12.420290579466698,12.621918678283691,654940,0.0,0.0
2021-08-24 00:00:00,12.702570915222168,12.863873249204474,12.662245139439042,12.702570915222168,562290,0.0,0.0
2021-08-25 00:00:00,12.742896691005294,12.863873249204474,12.58159435702299,12.702570915222168,414670,0.0,0.0
2021-08-26 00:00:00,12.702570951672538,12.863873286117705,12.460617065429688,12.460617065429688,382870,0.0,0.0
2021-08-27 00:00:00,12.541268691026945,12.863873361815656,12.500942914890803,12.581594467163086,451980,0.0,0.0
2021-08-30 00:00:00,12.662245175773696,12.702570951672538,12.379966282782204,12.460617065429688,495380,0.0,0.0
2021-08-31 00:00:00,12.500942914890803,12.783222578693582,12.460617138754664,12.581594467163086,582710,0.0,0.0
2021-09-01 00:00:00,12.581593673840418,12.70257022547055,12.541267900246988,12.621918678283691,259080,0.0,0.0
2021-09-02 00:00:00,12.70256865802168,12.70256865802168,12.54126635270221,12.662242889404297,318060,0.0,0.0
2021-09-03 00:00:00,12.541268617227372,12.702570951672538,12.299314730984522,12.460617065429688,602740,0.0,0.0
2021-09-07 00:00:00,12.460616721747044,12.62191905174325,12.379965941324032,12.42029094696045,415420,0.0,0.0
2021-09-08 00:00:00,12.379965436839607,12.460616213976095,12.218662344266335,12.339639663696289,348190,0.0,0.0
2021-09-09 00:00:00,12.339639663696289,12.541267760262732,12.258988117409652,12.339639663696289,422930,0.0,0.0
2021-09-10 00:00:00,12.460612062118765,12.460612062118765,12.178333282470703,12.178333282470703,920110,0.0,0.0
2021-09-13 00:00:00,12.299311314859699,12.50093936920166,12.178334789914516,12.50093936920166,377380,0.0,0.0
2021-09-14 00:00:00,12.541268271320238,12.541268271320238,12.339640166537436,12.42029094696045,229100,0.0,0.0
2021-09-15 00:00:00,12.379965941324032,12.460616721747044,12.339640166537436,12.42029094696045,293780,0.0,0.0
2021-09-16 00:00:00,12.379965941324032,12.500942496533641,12.339640166537436,12.42029094696045,189700,0.0,0.0
2021-09-17 00:00:00,12.379966355632588,12.66224525028516,12.379966355632588,12.581594467163086,1077770,0.0,0.0
2021-09-20 00:00:00,12.339639663696289,12.500941987119413,12.178337340273165,12.339639663696289,380040,0.0,0.0
2021-09-21 00:00:00,12.379962844256479,12.50093936920166,12.299311314859699,12.50093936920166,238740,0.0,0.0
2021-09-22 00:00:00,12.500942805456738,12.823547473421348,12.460617029673612,12.702570915222168,277770,0.0,0.0
2021-09-23 00:00:00,12.783222578693582,12.823547585679517,12.581594467163086,12.581594467163086,224420,0.0,0.0
2021-09-24 00:00:00,12.581594467163086,12.702571026421301,12.500942914890803,12.581594467163086,209010,0.0,0.0
2021-09-27 00:00:00,12.783222356994669,12.944523920441373,12.662245030684353,12.82354736328125,449550,0.0,0.0
2021-09-28 00:00:00,12.863873361815656,12.904199137951798,12.541268691026945,12.581594467163086,377950,0.0,0.0
2021-09-29 00:00:00,12.783220195256446,12.783220195256446,12.54126635270221,12.662242889404297,279080,0.0,0.0
2021-09-30 00:00:00,12.662245139439042,12.78322246678842,12.58159435702299,12.702570915222168,233000,0.0,0.0
2021-10-01 00:00:00,12.702569098410471,13.065500259399414,12.702569098410471,13.065500259399414,407370,0.0,0.0
2021-10-04 00:00:00,13.065501638025145,13.267129740227382,12.984850089484182,13.025175094604492,339790,0.0,0.0
2021-10-05 00:00:00,12.984850927150571,13.18647904236005,12.86387359653475,13.14615249633789,327300,0.0,0.0
2021-10-06 00:00:00,12.984848719368518,13.105825260264773,12.94452218020298,13.065500259399414,255650,0.0,0.0
2021-10-07 00:00:00,13.10582748861617,13.267130596103929,13.06550248089445,13.14615249633789,403060,0.0,0.0
2021-10-08 00:00:00,13.187622375156755,13.312033593587818,13.10468182653179,13.14615249633789,242910,0.9,0.0
2021-10-11 00:00:00,13.146154746903562,13.312035872551633,13.146154746903562,13.2705659866333,229600,0.0,0.0
2021-10-12 00:00:00,13.312032446520877,13.436445236206055,13.104680697331869,13.436445236206055,358890,0.0,0.0
2021-10-13 00:00:00,13.394975375180366,13.477916717529297,13.27056415264423,13.477916717529297,331880,0.0,0.0
2021-10-14 00:00:00,13.436446533008077,13.560857752726312,13.353505192537757,13.519386291503906,244160,0.0,0.0
2021-10-15 00:00:00,13.602325326248796,13.726736524878131,13.394972801208496,13.394972801208496,402720,0.0,0.0
2021-10-18 00:00:00,13.353502928990125,13.519383999837832,13.27056160257916,13.394972801208496,316970,0.0,0.0
2021-10-19 00:00:00,13.39497722636304,13.39497722636304,13.2705659866333,13.2705659866333,196480,0.0,0.0
2021-10-20 00:00:00,13.312033593587818,13.394974933200018,13.14615249633789,13.14615249633789,376230,0.0,0.0
2021-10-21 00:00:00,13.229094652506573,13.394976560901007,13.06321274411214,13.187623977661133,371600,0.0,0.0
2021-10-22 00:00:00,13.187622518213653,13.187622518213653,12.897329408396377,13.104681968688965,336080,0.0,0.0
2021-10-25 00:00:00,13.14615249633789,13.229093044962854,13.06321115672569,13.14615249633789,254440,0.0,0.0
2021-10-26 00:00:00,13.229092652536165,13.312033198700789,12.980269432067871,12.980269432067871,400590,0.0,0.0
2021-10-27 00:00:00,13.06321115672569,13.436446393993355,12.98026981711349,13.14615249633789,560750,0.0,0.0
2021-10-28 00:00:00,13.187622518213653,13.22909318846962,12.938800078652344,13.104681968688965,336830,0.0,0.0
2021-10-29 00:00:00,13.063209671132393,13.14615100131222,12.980268340952568,13.02173900604248,374280,0.0,0.0
2021-11-01 00:00:00,13.021742716186452,13.2705659866333,12.980272039280749,13.2705659866333,646040,0.0,0.0
2021-11-02 00:00:00,13.187621489509043,13.312032699584961,13.02173961241209,13.312032699584961,435830,0.0,0.0
2021-11-03 00:00:00,13.27056415264423,13.768210624763293,13.187622810295299,13.477916717529297,784320,0.0,0.0
2021-11-04 00:00:00,13.560857772827148,13.851151673916316,13.436446552924503,13.560857772827148,490740,0.0,0.0
2021-11-05 00:00:00,13.643799265226525,14.0999742706033,13.602327803481222,13.975563049316406,691500,0.0,0.0
2021-11-08 00:00:00,14.017031191386195,14.017031191386195,13.60232611719149,13.685267448425293,608410,0.0,0.0
2021-11-09 00:00:00,13.64379911342041,13.64379911342041,13.436446552924503,13.560857772827148,365520,0.0,0.0
2021-11-10 00:00:00,13.4779163537608,13.643799033981495,13.312033673540105,13.35350513458252,472470,0.0,0.0
2021-11-11 00:00:00,13.394975013650454,13.436446474692868,13.229093124416998,13.35350513458252,284490,0.0,0.0
2021-11-12 00:00:00,13.39497722636304,13.436448694256114,13.229095309727597,13.2705659866333,209170,0.0,0.0
2021-11-15 00:00:00,13.270564223030165,13.312034103437322,13.187622880241321,13.229093551635742,311150,0.0,0.0
2021-11-16 00:00:00,13.229093044962854,13.229093044962854,13.10468182653179,13.14615249633789,252850,0.0,0.0
2021-11-17 00:00:00,13.063210769219708,13.104681437795625,12.85585821732733,12.980269432067871,419010,0.0,0.0
2021-11-18 00:00:00,13.021740406204119,13.063211075753161,12.814387849446131,12.938799858093262,539900,0.0,0.0
2021-11-19 00:00:00,12.855857136669975,13.02173900604248,12.814386471580061,13.02173900604248,418670,0.0,0.0
2021-11-22 00:00:00,12.897329105995862,12.938799775279476,12.689976550565019,12.731447219848633,620410,0.0,0.0
2021-11-23 00:00:00,12.689975029186826,12.855856895446777,12.648504364875054,12.855856895446777,605010,0.0,0.0
2021-11-24 00:00:00,12.814387849446131,13.063211075753161,12.772917179897087,12.938799858093262,283070,0.0,0.0
2021-11-26 00:00:00,12.689976248219345,12.855858130414347,12.44115302943324,12.772916793823242,569170,0.0,0.0
2021-11-29 00:00:00,12.855858436712248,12.897329105995862,12.482623995134176,12.731447219848633,644700,0.0,0.0
2021-11-30 00:00:00,12.648505115509034,12.689975782281907,12.233800029754638,12.441152572631836,852430,0.0,0.0
2021-12-01 00:00:00,12.565565943531261,12.648507291344842,12.150860786437988,12.150860786437988,750270,0.0,0.0
2021-12-02 00:00:00,12.192329362981763,12.524093906177585,12.150858696208887,12.441152572631836,709860,0.0,0.0
2021-12-03 00:00:00,12.565565494381284,12.565565494381284,12.233801696960324,12.275272369384766,724130,0.0,0.0
2021-12-06 00:00:00,12.275270654200947,12.897328280687612,12.233799987571068,12.68997573852539,795610,0.0,0.0
2021-12-07 00:00:00,12.814386231135005,12.897327559758548,12.731445693498596,12.855856895446777,515840,0.0,0.0
2021-12-08 00:00:00,12.855856895446777,13.0632094260185,12.689975029186826,12.855856895446777,388530,0.0,0.0
2021-12-09 00:00:00,12.772917320428387,12.938800000449652,12.731447441410312,12.897329330444336,401160,0.0,0.0
2021-12-10 00:00:00,12.93879643064084,13.021736956780973,12.565561294555664,12.565561294555664,494530,0.0,0.0
2021-12-13 00:00:00,12.565563400800187,12.607034066315093,12.150858327625432,12.316740989685059,670040,0.0,0.0
2021-12-14 00:00:00,12.275268555035366,12.524091721276786,12.026445388793945,12.026445388793945,598400,0.0,0.0
2021-12-15 00:00:00,12.150860786437988,12.275272808158359,11.860567651065084,12.150860786437988,731220,0.0,0.0
2021-12-16 00:00:00,12.23379969536169,12.358210901292539,11.984976492512834,12.067917823791504,532690,0.0,0.0
2021-12-17 00:00:00,12.026448918048018,12.109390261463949,11.611743782942915,11.653214454650879,1887500,0.0,0.0
2021-12-20 00:00:00,11.44585882929626,11.48732948992519,10.906741823094295,11.238506317138672,1022110,0.0,0.0
2021-12-21 00:00:00,11.404392630759537,11.77762714047783,11.321451277049974,11.736156463623047,510350,0.0,0.0
2021-12-22 00:00:00,11.65321452410708,11.902037764850649,11.611743852151939,11.860567092895508,327740,0.0,0.0
2021-12-23 00:00:00,11.69468519606222,11.984978317773653,11.65321452410708,11.860567092895508,352870,0.0,0.0
2021-12-27 00:00:00,11.860566280687507,11.943506827930769,11.694684395213763,11.819095611572266,330860,0.0,0.0
2021-12-28 00:00:00,11.819095611572266,11.98497749704601,11.777624942457022,11.819095611572266,499800,0.0,0.0
2021-12-29 00:00:00,11.860567092895508,11.902037764850649,11.69468519606222,11.860567092895508,343580,0.0,0.0
2021-12-30 00:00:00,11.902037764850649,12.067919661683934,11.819096420940367,11.860567092895508,365840,0.0,0.0
2021-12-31 00:00:00,11.860566485699096,11.943507034375996,11.528801918029785,11.528801918029785,468230,0.0,0.0
2022-01-03 00:00:00,11.819093555447996,12.150857268679772,11.777622893547251,12.109387397766113,500760,0.0,0.0
2022-01-04 00:00:00,12.192329637494794,12.441152852747177,12.150858969788198,12.358211517333984,398730,0.0,0.0
2022-01-05 00:00:00,12.358209787196403,12.44115111099789,12.109387397766113,12.109387397766113,457860,0.0,0.0
2022-01-06 00:00:00,12.482625386704996,12.482625386704996,11.94350820789135,12.150860786437988,465710,0.0,0.0
2022-01-07 00:00:00,12.233799226101256,12.52409308345444,12.19232856205264,12.399681091308594,1040760,0.0,0.0
2022-01-10 00:00:00,12.39968239995327,12.485197777201462,12.228652460991965,12.314167022705078,645700,0.9,0.0
2022-01-11 00:00:00,12.314165723085573,12.399681091308594,12.185893486286032,12.399681091308594,295880,0.0,0.0
2022-01-12 00:00:00,12.356924245933369,12.527954178453216,12.185894313413522,12.228652000427246,429690,0.0,0.0
2022-01-13 00:00:00,12.314166805482403,12.399682181222097,11.97210693359375,11.97210693359375,785900,0.0,0.0
2022-01-14 00:00:00,12.057624524644046,12.057624524644046,11.71556377437455,12.014866828918457,499670,0.0,0.0
2022-01-18 00:00:00,11.886592983778295,12.05762375577466,11.54453307085589,11.58729076385498,444550,0.0,0.0
2022-01-19 00:00:00,11.67280231892846,11.715560000882126,11.416257858276367,11.416257858276367,379410,0.0,0.0
2022-01-20 00:00:00,11.544530619715026,11.544530619715026,11.159713095498189,11.202470779418945,385850,0.0,0.0
2022-01-21 00:00:00,11.11695551139724,11.15971319570192,10.774895668029785,10.774895668029785,688670,0.0,0.0
2022-01-24 00:00:00,10.518353320553176,10.860413259621886,10.133535685217069,10.817655563354492,1001450,0.0,0.0
2022-01-25 00:00:00,10.774895277710696,11.373500389686853,10.646622229443327,11.159712791442871,687840,0.0,0.0
2022-01-26 00:00:00,11.202470512801481,11.45901497915032,10.903167548014546,11.031439781188965,437140,0.0,0.0
2022-01-27 00:00:00,11.202471674097659,11.416259295240476,10.774896431812023,10.903168678283691,430100,0.0,0.0
2022-01-28 00:00:00,11.03144103507618,11.074198722839355,10.689381164040896,11.074198722839355,534640,0.0,0.0
2022-01-31 00:00:00,11.074198302075127,11.459015846252441,11.074198302075127,11.459015846252441,459640,0.0,0.0
2022-02-01 00:00:00,11.501773532391038,11.544531218529636,11.116955988213723,11.459015846252441,293620,0.0,0.0
2022-02-02 00:00:00,11.373503094896993,11.459017665213414,11.116957752877404,11.28798770904541,373520,0.0,0.0
2022-02-03 00:00:00,11.202471786128884,11.330744033883349,11.074198722839355,11.074198722839355,710120,0.0,0.0
2022-02-04 00:00:00,11.159714098365708,11.245228658356996,10.860411099558537,11.074198722839355,635760,0.0,0.0
2022-02-07 00:00:00,11.202469658926965,11.63004482429769,11.116954299638858,11.330741882324219,639600,0.0,0.0
2022-02-08 00:00:00,11.330742494369035,11.758317682835791,11.330742494369035,11.416257858276367,1196120,0.0,0.0
2022-02-09 00:00:00,11.459014105721474,11.544529465009582,11.287984202680166,11.330741882324219,700150,0.0,0.0
2022-02-10 00:00:00,11.245229834510608,11.501775172387022,10.903169927698823,10.945927619934082,1014980,0.0,0.0
2022-02-11 00:00:00,10.988685312169343,11.28798752674587,10.817654543228302,10.945927619934082,628700,0.0,0.0
2022-02-14 00:00:00,10.945926614057399,11.031441175134406,10.518351362067149,10.646623611450195,581010,0.0,0.0
2022-02-15 00:00:00,10.817655563354492,10.903170955889282,10.689383290087532,10.817655563354492,369310,0.0,0.0
2022-02-16 00:00:00,10.860410990948118,10.98868405295484,10.774896431812023,10.903168678283691,341720,0.0,0.0
2022-02-17 00:00:00,10.817652813870628,10.903168184670285,10.261805350277914,10.390077590942383,691340,0.0,0.0
2022-02-18 00:00:00,10.261806188955367,10.518351506786267,10.176290811166705,10.219048500061035,695380,0.0,0.0
2022-02-22 00:00:00,10.176291170327959,10.176291170327959,9.492171386013728,9.663201332092285,1152890,0.0,0.0
2022-02-23 00:00:00,9.83423224034126,9.876989934928043,9.363899230957031,9.363899230957031,619510,0.0,0.0
2022-02-24 00:00:00,8.765292728384496,9.534927861248129,8.722535039773167,9.449413299560547,1035940,0.0,0.0
2022-02-25 00:00:00,9.620444582942538,9.66320227752932,9.192869268145092,9.363899230957031,929830,0.0,0.0
2022-02-28 00:00:00,9.363900852319883,9.406658554310178,9.064598569458488,9.32114315032959,868080,0.0,0.0
2022-03-01 00:00:00,9.235624530957164,9.321139082079235,8.808049328741879,8.979079246520996,674310,0.0,0.0
2022-03-02 00:00:00,8.93632232442672,9.192867630716517,8.93632232442672,9.107352256774902,523940,0.0,0.0
2022-03-03 00:00:00,9.107350657937843,9.235623696331347,8.936320755614743,9.150108337402344,446270,0.0,0.0
2022-03-04 00:00:00,9.06459396107531,9.107350825792947,8.808048695094893,9.021836280822754,501930,0.0,0.0
2022-03-07 00:00:00,8.979078940415796,9.107351170493471,8.808049028467247,8.936321258544922,702120,0.0,0.0
2022-03-08 00:00:00,8.893564518766434,9.620442740964426,8.893564518766434,9.534927368164062,586720,0.0,0.0
2022-03-09 00:00:00,9.705958366394043,9.876988300911348,9.663200678880951,9.705958366394043,393470,0.0,0.0
2022-03-10 00:00:00,9.534928260882033,9.663201332092285,9.278383749531754,9.663201332092285,357710,0.0,0.0
2022-03-11 00:00:00,9.705959972116103,9.748716851167694,9.278384657318657,9.363899230957031,292790,0.0,0.0
2022-03-14 00:00:00,9.449413191967746,9.49217088009223,9.10735250250695,9.278383255004883,293460,0.0,0.0
2022-03-15 00:00:00,9.278386263874628,9.406658554310178,9.235628561884333,9.32114315032959,326660,0.0,0.0
2022-03-16 00:00:00,9.40665590761697,9.492171287536621,9.235625963312774,9.492171287536621,346050,0.0,0.0
2022-03-17 00:00:00,9.406655610949215,9.492170988171877,9.278383360650304,9.449413299560547,209060,0.0,0.0
2022-03-18 00:00:00,9.577684274037892,9.577684274037892,9.406654357910156,9.406654357910156,1143010,0.0,0.0
2022-03-21 00:00:00,9.449412885175146,9.492170571911423,9.235625267028809,9.235625267028809,347640,0.0,0.0
2022-03-22 00:00:00,9.363899230957031,9.49217231471738,9.278384657318657,9.363899230957031,534590,0.0,0.0
2022-03-23 00:00:00,9.406653598654446,9.406653598654446,9.107350657937843,9.150108337402344,620960,0.0,0.0
2022-03-24 00:00:00,9.150113157903744,9.32114315032959,9.064598569458488,9.32114315032959,277590,0.0,0.0
2022-03-25 00:00:00,9.363898025166094,9.620443344116211,9.363898025166094,9.620443344116211,313790,0.0,0.0
2022-03-28 00:00:00,9.620443541880993,9.663201231840818,9.449413597576795,9.492171287536621,574090,0.0,0.0
2022-03-29 00:00:00,9.7059559686854,9.962500399318435,9.663198291734941,9.919743537902832,475200,0.0,0.0
2022-03-30 00:00:00,9.876991364039052,9.919749064812487,9.74871826171875,9.74871826171875,306110,0.0,0.0
2022-03-31 00:00:00,9.876991364039052,9.919749064812487,9.705961376480625,9.74871826171875,326550,0.0,0.0
2022-04-01 00:00:00,9.83423357159778,9.876991271972656,9.663203585633575,9.876991271972656,307510,0.0,0.0
2022-04-04 00:00:00,9.962502479553223,10.0480178513103,9.620442623594968,9.962502479553223,529740,0.0,0.0
2022-04-05 00:00:00,10.133534295459652,10.261806551134793,9.663201332092285,9.663201332092285,698720,0.0,0.0
2022-04-06 00:00:00,9.70595819005776,9.79147274799527,9.235625267028809,9.235625267028809,1055790,0.0,0.0
2022-04-07 00:00:00,9.324857065707873,9.414090489702264,8.923308359719114,8.967925071716309,1270620,0.9,0.0
2022-04-08 00:00:00,9.012541783713504,9.101774356714895,8.834074935724722,8.967925071716309,441230,0.0,0.0
2022-04-11 00:00:00,8.923308372497559,9.012541796619734,8.789459087307295,8.923308372497559,554970,0.0,0.0
2022-04-12 00:00:00,8.92331047596619,9.057159792708402,8.700227714067037,8.744844436645508,581890,0.0,0.0
2022-04-13 00:00:00,8.70022769094447,8.923310452250739,8.70022769094447,8.789461135864258,333790,0.0,0.0
2022-04-14 00:00:00,8.834074149489775,8.923307565542368,8.655608168377512,8.700224876403809,351450,0.0,0.0
2022-04-18 00:00:00,8.655609322067194,8.700226036040368,8.387909889221191,8.387909889221191,657380,0.0,0.0
2022-04-19 00:00:00,8.432527898740908,8.47714461956885,8.12021255493164,8.12021255493164,926350,0.0,0.0
2022-04-20 00:00:00,8.120211307368226,8.432526603194365,8.03097787942188,8.387909889221191,589490,0.0,0.0
2022-04-21 00:00:00,8.477144426383882,8.521761146195058,8.298678398132324,8.298678398132324,453830,0.0,0.0
2022-04-22 00:00:00,8.298678587250246,8.34329530807819,8.030979113275754,8.12021255493164,299420,0.0,0.0
2022-04-25 00:00:00,8.030978186360182,8.120211617716967,7.7632787432828945,8.075594902038574,609390,0.0,0.0
2022-04-26 00:00:00,7.986361838567642,8.030978556301271,7.674046516418457,7.674046516418457,417150,0.0,0.0
2022-04-27 00:00:00,7.80789567811233,7.897129111973708,7.718662244250951,7.763278961181641,472520,0.0,0.0
2022-04-28 00:00:00,7.852513080957149,8.164828424766416,7.807896360129205,8.12021255493164,666670,0.0,0.0
2022-04-29 00:00:00,8.164827711571656,8.209444428502344,7.763278961181641,7.763278961181641,381710,0.0,0.0
2022-05-02 00:00:00,7.8971298658883455,7.98636245727539,7.718662981127905,7.986362457275391,459080,0.0,0.0
2022-05-03 00:00:00,7.986362230371801,8.298678418836062,7.986362230371801,8.254061698913574,393300,0.0,0.0
2022-05-04 00:00:00,8.254061657948963,8.387910966058984,8.030978910436827,8.343295097351074,520610,0.0,0.0
2022-05-05 00:00:00,7.674046553883861,7.7186624208421994,7.406347097168263,7.584813117980957,954160,0.0,0.0
2022-05-06 00:00:00,7.6294297986848285,7.763279100892606,7.495579645483942,7.674046516418457,408820,0.0,0.0
2022-05-09 00:00:00,7.540196560811549,7.629429998617206,7.272497098387709,7.450963973999023,935200,0.0,0.0
2022-05-10 00:00:00,7.629430039416934,7.76327934584807,7.272497137278675,7.361730575561523,525060,0.0,0.0
2022-05-11 00:00:00,7.361731075350391,7.540197113039034,7.272497631009472,7.317114353179932,540490,0.0,0.0
2022-05-12 00:00:00,7.183264530666369,7.406347274780273,7.004798080077304,7.406347274780273,657540,0.0,0.0
2022-05-13 00:00:00,7.5848143168858115,7.852513815915725,7.495580866878091,7.807897090911865,480430,0.0,0.0
2022-05-16 00:00:00,7.852512359619141,8.030978375543716,7.807895642889724,7.852512359619141,487540,0.0,0.0
2022-05-17 00:00:00,7.941745281219482,7.986361999854157,7.807895976308586,7.941745281219482,625360,0.0,0.0
2022-05-18 00:00:00,7.897129111973708,7.941744977911304,7.674046378313356,7.763278961181641,479100,0.0,0.0
2022-05-19 00:00:00,7.763280090137708,7.852513536975643,7.584814047455056,7.629430770874023,653990,0.0,0.0
2022-05-20 00:00:00,7.807896813556675,7.807896813556675,7.361731281353436,7.629430770874023,519690,0.0,0.0
2022-05-23 00:00:00,7.584814047455056,7.67404749429299,7.138648515251817,7.629430770874023,1693490,0.0,0.0
2022-05-24 00:00:00,7.540196710635735,7.763279458589415,7.49557999084637,7.718662738800049,931290,0.0,0.0
2022-05-25 00:00:00,7.763279458589415,7.852512898168146,7.674046870003832,7.718662738800049,479340,0.0,0.0
2022-05-26 00:00:00,7.852512359619141,7.941744942084883,7.763278926160307,7.852512359619141,1027160,0.0,0.0
2022-05-27 00:00:00,7.317113493860936,7.941744977911304,7.272496776930247,7.763278961181641,787610,0.0,0.0
2022-05-31 00:00:00,7.85251269494326,7.986361999854157,7.718662539039237,7.941745281219482,752310,0.0,0.0
2022-06-01 00:00:00,7.941745281219482,7.986361999854157,7.718662539039237,7.941745281219482,731820,0.0,0.0
2022-06-02 00:00:00,7.807896423508125,8.07559589965561,7.763279702318015,7.986362457275391,403970,0.0,0.0
2022-06-03 00:00:00,7.897130540919585,7.986363139934058,7.763280365908004,7.807897090911865,679040,0.0,0.0
2022-06-06 00:00:00,7.709738875474789,7.892666632241303,7.433115936636663,7.473270893096924,4932100,0.0,0.1
2022-06-07 00:00:00,7.357269012270833,7.656199932098389,7.1564950473375895,7.656199932098389,4378100,0.0,0.0
2022-06-08 00:00:00,7.5803507746714756,7.65173717747411,7.085107286105809,7.14310884475708,5079800,0.0,0.0
2022-06-09 00:00:00,7.116339904085819,7.236804372299689,6.906641992162006,6.9244890213012695,2354200,0.0,0.0
2022-06-10 00:00:00,6.875409849706442,6.875409849706442,6.456014493594703,6.572017192840576,2424000,0.0,0.0
2022-06-13 00:00:00,6.380167609927874,6.380167609927874,5.345063218659935,5.380756855010986,2665700,0.0,0.0
2022-06-14 00:00:00,5.474451088895842,5.474451088895842,4.858742625380887,4.952437400817871,2100600,0.0,0.0
2022-06-15 00:00:00,5.001514586837258,5.0327460313998005,4.65350566365179,4.791816711425781,1788500,0.0,0.0
2022-06-16 00:00:00,4.653506080926346,4.653506080926346,4.296573612719272,4.309958457946777,1879800,0.0,0.0
2022-06-17 00:00:00,4.385807461718168,4.863204479217529,4.31888279729183,4.863204479217529,2071000,0.0,0.0
2022-06-21 00:00:00,4.943513445652899,5.184442785946576,4.876588794375538,4.916743755340576,1371300,0.0,0.0
2022-06-22 00:00:00,4.863202870214636,5.206750445197743,4.818586583857368,5.130902290344238,1438600,0.0,0.0
2022-06-23 00:00:00,5.1710590179464555,5.287062168121338,5.086287321473794,5.287062168121338,1408400,0.0,0.0
2022-06-24 00:00:00,5.327216013240574,6.000926036858347,5.327216013240574,5.983079433441162,2191300,0.0,0.0
2022-06-27 00:00:00,5.983079479938977,6.054465894162501,5.809075201643283,5.951848030090332,1468800,0.0,0.0
2022-06-28 00:00:00,6.246315872460081,6.5363232249114125,6.139236273908497,6.3578572273254395,1900400,0.0,0.0
2022-06-29 00:00:00,6.348934675322482,6.433706356124562,6.094620483909376,6.3623199462890625,1405600,0.0,0.0
2022-06-30 00:00:00,6.268625019290588,6.634480573241074,6.268625019290588,6.549709320068359,1470300,0.0,0.0
2022-07-01 00:00:00,6.50063012474545,6.897717507313682,6.50063012474545,6.862024307250977,1432400,0.0,0.0
2022-07-05 00:00:00,6.853100704203648,6.995873928070068,6.647864593798638,6.995873928070068,1748400,0.0,0.0
2022-07-06 00:00:00,7.049415309919023,7.107416878651182,6.746022619780529,6.844179153442383,1355100,0.0,0.0
2022-07-07 00:00:00,6.933410616034978,7.080645170728083,6.870947303999888,6.995873928070068,1341200,0.0,0.0
2022-07-08 00:00:00,6.995873353166129,6.995873353166129,6.683473121161802,6.868073463439941,1339900,0.9,0.0
2022-07-11 00:00:00,6.820741150829061,6.901207946686136,6.645607669083182,6.716607570648193,865200,0.0,0.0
2022-07-12 00:00:00,6.669273935111522,6.924874192850777,6.669273935111522,6.858607292175293,827400,0.0,0.0
2022-07-13 00:00:00,6.7213417675340255,6.915408608105074,6.674008645012978,6.872808933258057,1126800,0.0,0.0
2022-07-14 00:00:00,6.801808174246856,6.981675112674352,6.5888080068533235,6.669274806976318,682000,0.0,0.0
2022-07-15 00:00:00,6.74027452397666,7.019541592905709,6.588807822756719,6.972208023071289,1187000,0.0,0.0
2022-07-18 00:00:00,7.019541628023,7.071608193976239,6.726074667238022,6.910675048828125,983700,0.0,0.0
2022-07-19 00:00:00,6.981675372001366,7.294075689303182,6.981675372001366,7.260942459106445,1395800,0.0,0.0
2022-07-20 00:00:00,7.199409899075609,7.455010231824771,7.199409899075609,7.384010314941406,1089700,0.0,0.0
2022-07-21 00:00:00,7.3177439052412145,7.511810779571533,7.171010161665867,7.511810779571533,958500,0.0,0.0
2022-07-22 00:00:00,7.540208031024108,7.625408264587961,7.421874573921564,7.507074356079102,697400,0.0,0.0
2022-07-25 00:00:00,7.4550097185094195,7.644343118099467,7.355609570873037,7.549676418304443,814100,0.0,0.0
2022-07-26 00:00:00,7.526008264567895,7.634874836721778,7.417141692414012,7.592275619506836,714500,0.0,0.0
2022-07-27 00:00:00,7.672740657351135,7.9141410097514235,7.658541220794565,7.885741233825684,1832300,0.0,0.0
2022-07-28 00:00:00,7.904676412751112,8.52001011552504,7.904676412751112,8.23600959777832,1517400,0.0,0.0
2022-07-29 00:00:00,8.292809555743215,8.463209133729238,8.23127564753803,8.378009796142578,877200,0.0,0.0
2022-08-01 00:00:00,8.340143613632257,8.482143420777211,8.160276228248375,8.359076499938965,903400,0.0,0.0
2022-08-02 00:00:00,8.297542448983938,8.363808896955312,8.056142084900532,8.065608978271484,812700,0.0,0.0
2022-08-03 00:00:00,8.136610115173104,8.217076915486054,8.06561020967645,8.098743438720703,544300,0.0,0.0
2022-08-04 00:00:00,8.089278014940882,8.122411250010419,7.748477864894712,7.767410755157471,805300,0.0,0.0
2022-08-05 00:00:00,7.810009366229066,8.420610531848013,7.776876137610258,8.259676933288574,2502800,0.0,0.0
2022-08-08 00:00:00,8.33067364672905,8.49634062917553,8.264406312063004,8.288073539733887,1364900,0.0,0.0
2022-08-09 00:00:00,8.264409247182671,8.264409247182671,8.05140953937205,8.25020980834961,1049500,0.0,0.0
2022-08-10 00:00:00,8.392208723304167,8.392208723304167,8.198141922128645,8.212342262268066,706600,0.0,0.0
2022-08-11 00:00:00,8.250210426302438,8.382743347005892,8.127143497925795,8.131876945495605,868400,0.0,0.0
2022-08-12 00:00:00,8.1792105183809,8.207610300986953,8.117676602786174,8.131876945495605,688300,0.0,0.0
2022-08-15 00:00:00,8.112942053223566,8.122408947077286,7.937809030993203,8.084542274475098,764700,0.0,0.0
2022-08-16 00:00:00,8.079808827548238,8.127142394004146,7.9898751415632825,8.084542274475098,669500,0.0,0.0
2022-08-17 00:00:00,8.0230101930123,8.0230101930123,7.866810037707539,7.937809944152832,738000,0.0,0.0
2022-08-18 00:00:00,7.914142313804731,7.956742436119079,7.881009085963071,7.899942874908447,719900,0.0,0.0
2022-08-19 00:00:00,7.8242096746148375,7.876275789586383,7.724809086373224,7.762675762176514,703500,0.0,0.0
2022-08-22 00:00:00,7.649075855001675,7.649075855001675,7.436075687408447,7.436075687408447,816000,0.0,0.0
2022-08-23 00:00:00,7.478676534524446,7.649076594798354,7.478676534524446,7.634876251220703,689000,0.0,0.0
2022-08-24 00:00:00,7.644342109465536,7.710609467688043,7.582809101272576,7.672741889953613,476200,0.0,0.0
2022-08-25 00:00:00,7.672742196604417,7.8857428158096985,7.672742196604417,7.828943252563477,752300,0.0,0.0
2022-08-26 00:00:00,7.89520957889441,7.961476035846975,7.757942314849506,7.762675762176514,760800,0.0,0.0
2022-08-29 00:00:00,7.686941429378461,7.757941324595327,7.630141874330028,7.720074653625488,645300,0.0,0.0
2022-08-30 00:00:00,7.776874357217452,7.795807239459771,7.473940567433579,7.502340793609619,635500,0.0,0.0
2022-08-31 00:00:00,7.56387519036952,7.620675653241999,7.436075277422353,7.521275520324707,564700,0.0,0.0
2022-09-01 00:00:00,7.436076006572418,7.450275897979736,7.246742616453475,7.450275897979736,1023600,0.0,0.0
2022-09-02 00:00:00,7.5496762731431755,7.6490764188683436,7.43607623557339,7.459743022918701,552000,0.0,0.0
2022-09-06 00:00:00,7.53074352602921,7.53074352602921,7.331943218938265,7.3603434562683105,688500,0.0,0.0
2022-09-07 00:00:00,7.346142843968678,7.436076092462342,7.251475696409351,7.41240930557251,519900,0.0,0.0
2022-09-08 00:00:00,7.3698093212878035,7.5023431498589765,7.298809410658293,7.459743022918701,469000,0.0,0.0
2022-09-09 00:00:00,7.526007691159256,7.592275041049269,7.4786745791620275,7.507074356079102,471500,0.0,0.0
2022-09-12 00:00:00,7.573344479824954,7.6254115120239145,7.507077553120142,7.563877582550049,438100,0.0,0.0
2022-09-13 00:00:00,7.3840101051951486,7.421876786644851,7.2940763981972685,7.313009738922119,566600,0.0,0.0
2022-09-14 00:00:00,7.289341359698905,7.327208032886456,7.156808003542475,7.284608364105225,697800,0.0,0.0
2022-09-15 00:00:00,7.260942465132632,7.308275586680624,6.991142272949219,6.991142272949219,724500,0.0,0.0
2022-09-16 00:00:00,6.94854057381242,7.137873919935523,6.782873557399978,7.1284074783325195,1073800,0.0,0.0
2022-09-19 00:00:00,7.010074936094884,7.156808185577245,6.9864081518991075,7.024274826049805,583300,0.0,0.0
2022-09-20 00:00:00,6.958007772032483,7.033741118717004,6.905941209038463,6.976941108703613,489800,0.0,0.0
2022-09-21 00:00:00,7.033741856226228,7.038475303741914,6.849141917178431,6.863341808319092,611900,0.0,0.0
2022-09-22 00:00:00,6.844406629717955,6.844406629717955,6.560406174812634,6.640872955322266,1339200,0.0,0.0
2022-09-23 00:00:00,6.508341219305199,6.536741452335524,6.271674265875919,6.38054084777832,980300,0.0,0.0
2022-09-26 00:00:00,6.285874185075289,6.37580788057214,5.651606674795405,5.6563401222229,1323900,0.0,0.0
2022-09-27 00:00:00,5.732073631198685,5.779407203947085,5.4717403353017,5.476473331451416,1609400,0.0,0.0
2022-09-28 00:00:00,5.504873135552199,5.826740321734028,5.424406339006741,5.788873195648193,1615300,0.0,0.0
2022-09-29 00:00:00,5.467006392161156,5.519072956339435,4.965272281854678,5.206672668457031,2437600,0.0,0.0
2022-09-30 00:00:00,5.263473306615491,5.452807151588271,5.249273414949617,5.254006862640381,1317100,0.0,0.0
2022-10-03 00:00:00,5.396005826323108,5.509606295852682,5.017339099245683,5.36287260055542,1543800,0.0,0.0
2022-10-04 00:00:00,5.575872976766059,5.9971402922275505,5.528539859637383,5.992406845092773,2049800,0.0,0.0
2022-10-05 00:00:00,5.897740267294291,5.964007174174047,5.448073163612794,5.665806770324707,2272300,0.0,0.0
2022-10-06 00:00:00,5.694205542629359,5.7604724377759595,5.3581385233256915,5.377071857452393,2166800,0.0,0.0
2022-10-07 00:00:00,5.291722610256329,5.387113983984263,5.080856964328631,5.1862897872924805,2075200,0.65,0.0
2022-10-10 00:00:00,5.186290771933803,5.306785312825319,4.950321936919192,4.960363388061523,1381100,0.0,0.0
2022-10-11 00:00:00,4.965382995755754,5.522670481016669,4.8197853385901475,5.51262903213501,2006600,0.0,0.0
2022-10-12 00:00:00,5.452382032405281,5.462423481760529,5.0708160541564045,5.38711404800415,1385700,0.0,0.0
2022-10-13 00:00:00,5.261597589660262,5.592958159875435,5.146123821538762,5.4925456047058105,1411100,0.0,0.0
2022-10-14 00:00:00,5.532712187296422,5.59295944698135,5.336908234218414,5.341928958892822,771800,0.0,0.0
2022-10-17 00:00:00,5.467444526393556,5.56785663180886,5.362011696006814,5.462423801422119,988000,0.0,0.0
2022-10-18 00:00:00,5.623082622992475,5.733536167604147,5.362011174313458,5.442340850830078,1214700,0.0,0.0
2022-10-19 00:00:00,5.341928857063794,5.427279259691138,5.276660873948611,5.392134666442871,528000,0.0,0.0
2022-10-20 00:00:00,5.392134333547541,5.442340618629671,5.2565781299099825,5.271639823913574,539500,0.0,0.0
2022-10-21 00:00:00,5.311804254742467,5.422257786205136,5.196330478197126,5.3820929527282715,689000,0.0,0.0
2022-10-24 00:00:00,5.417239306809768,5.492548281080526,5.281683057361848,5.367033004760742,558400,0.0,0.0
2022-10-25 00:00:00,5.387114258988327,5.668268627511982,5.24151658925358,5.648186206817627,994500,0.0,0.0
2022-10-26 00:00:00,5.673288500624803,5.823906872620659,5.592958829907708,5.64316463470459,647000,0.0,0.0
2022-10-27 00:00:00,5.813865002435806,5.85905055863546,5.693370505105106,5.708432197570801,691900,0.0,0.0
2022-10-28 00:00:00,5.688349719239936,5.929339190072627,5.668267303237426,5.894194602966309,945400,0.0,0.0
2022-10-31 00:00:00,5.9142778143545955,5.999628213544314,5.838968863917846,5.879133701324463,667600,0.0,0.0
2022-11-01 00:00:00,5.979545902680216,6.0146900163441614,5.798804131090819,5.874113082885742,563400,0.0,0.0
2022-11-02 00:00:00,5.894195980024152,5.949422996035638,5.648186206817627,5.648186206817627,670300,0.0,0.0
2022-11-03 00:00:00,5.698393339854391,5.818887881822787,5.522671773715085,5.7435784339904785,963600,0.0,0.0
2022-11-04 00:00:00,5.85403072387155,6.004649107809093,5.793783466057061,5.984566688537598,490000,0.0,0.0
2022-11-07 00:00:00,5.999627799396382,6.039792634030463,5.833947736830148,5.98958683013916,588900,0.0,0.0
2022-11-08 00:00:00,5.964482753425259,6.079956515188673,5.9042355109222795,6.03477144241333,726100,0.0,0.0
2022-11-09 00:00:00,6.014691195078261,6.1050623379848385,5.934361503073629,5.999629497528076,634400,0.0,0.0
2022-11-10 00:00:00,6.275761109487766,6.436420440673828,6.175349027496476,6.436420440673828,1027200,0.0,0.0
2022-11-11 00:00:00,6.4615255299785455,6.6824326557981495,6.386216565468923,6.637247085571289,688600,0.0,0.0
2022-11-14 00:00:00,6.592061042785644,6.71255556888435,6.5067106337650555,6.5920610427856445,626000,0.0,0.0
2022-11-15 00:00:00,6.747697725143108,6.878233663218831,6.687450479601055,6.752718448638916,590400,0.0,0.0
2022-11-16 00:00:00,6.752719659254964,6.752719659254964,6.511730633882649,6.672389984130859,414600,0.0,0.0
2022-11-17 00:00:00,6.53181293491593,6.612142608591947,6.456503506742696,6.541853904724121,551300,0.0,0.0
2022-11-18 00:00:00,6.662347863281264,6.687450523319315,6.47156467841627,6.521770477294922,445000,0.0,0.0
2022-11-21 00:00:00,6.50168876178403,6.622183266625127,6.456503202767968,6.602100849151611,693000,0.0,0.0
2022-11-22 00:00:00,6.6322251425752645,6.642266112558415,6.551895467499529,6.627204418182373,1139700,0.0,0.0
2022-11-23 00:00:00,6.602101270990562,6.72761650792044,6.4916482072301624,6.582018852233887,877300,0.0,0.0
2022-11-25 00:00:00,6.576998710632324,6.7025139495466615,6.536833872483948,6.576998710632324,750700,0.0,0.0
2022-11-28 00:00:00,6.531811912455681,6.632223988832651,6.471564666629499,6.4765849113464355,524200,0.0,0.0
2022-11-29 00:00:00,6.481606328553455,6.531812611516492,6.4414414937040645,6.511730194091797,576900,0.0,0.0
2022-11-30 00:00:00,6.51173135871984,6.657329030789781,6.446463370715702,6.5920610427856445,1852900,0.0,0.0
2022-12-01 00:00:00,6.602100277960246,6.807945637757994,6.602100277960246,6.65230655670166,845600,0.0,0.0
2022-12-02 00:00:00,6.587040160423667,6.722596858147395,6.4866280577409094,6.712555408477783,1107200,0.0,0.0
2022-12-05 00:00:00,6.677410704506023,6.717575542043891,6.55691619189242,6.627204418182373,621800,0.0,0.0
2022-12-06 00:00:00,6.6272043953498825,6.667369232749372,6.366132952253204,6.4012770652771,516200,0.0,0.0
2022-12-07 00:00:00,6.376174764168086,6.4916490460418315,6.356092342816482,6.451484203338623,585600,0.0,0.0
2022-12-08 00:00:00,6.496669399707779,6.5468756933183565,6.446463584899902,6.446463584899902,434000,0.0,0.0
2022-12-09 00:00:00,6.4062997765305525,6.546876751027923,6.361114200741418,6.531815052032471,412800,0.0,0.0
2022-12-12 00:00:00,6.541855662251077,6.5619380860654015,6.4062994212050794,6.4816083908081055,423500,0.0,0.0
2022-12-13 00:00:00,6.632226105174718,6.76276208552006,6.446463584899902,6.446463584899902,939800,0.0,0.0
2022-12-14 00:00:00,6.446462203621281,6.496668007671598,6.356091086007074,6.421359062194824,517200,0.0,0.0
2022-12-15 00:00:00,6.381193905942193,6.416338014887077,6.295843516673839,6.391234874725342,534800,0.0,0.0
2022-12-16 00:00:00,6.285804216455174,6.396257296402419,6.2355979228044625,6.35609245300293,1732400,0.0,0.0
2022-12-19 00:00:00,6.346049785614015,6.491647423727819,6.300864229164459,6.346049785614014,566000,0.0,0.0
2022-12-20 00:00:00,6.305885537187015,6.431400770596924,6.1954319977215615,6.3862152099609375,687000,0.0,0.0
2022-12-21 00:00:00,6.456504913615443,6.657329620367824,6.436422490820478,6.587040901184082,1154800,0.0,0.0
2022-12-22 00:00:00,6.511730320272711,6.667368938629331,6.466544760490915,6.642265796661377,607100,0.0,0.0
2022-12-23 00:00:00,6.6171630213586985,6.6874512431147055,6.587039155747124,6.602100849151611,486200,0.0,0.0
2022-12-27 00:00:00,6.6272046284438115,6.6472870478499,6.566957370225544,6.61716365814209,465800,0.0,0.0
2022-12-28 00:00:00,6.622184545425915,6.6673701131676975,6.3912364604811165,6.451484203338623,874400,0.0,0.0
2022-12-29 00:00:00,6.4816068609279505,6.597081129706512,6.461524441853762,6.576998710632324,644400,0.0,0.0
2022-12-30 00:00:00,6.501688404155431,6.551894684478899,6.330987625618723,6.391234874725342,812400,0.0,0.0
2023-01-03 00:00:00,6.4665454809065634,6.722596695660788,6.4665454809065634,6.607122421264648,1116400,0.0,0.0
2023-01-04 00:00:00,6.747699157091475,6.898317542311036,6.697493347886719,6.797905445098877,1184900,0.0,0.0
2023-01-05 00:00:00,6.777821796549105,6.807945659651339,6.6322241622938565,6.742677688598633,1466100,0.0,0.0
2023-01-06 00:00:00,6.7215739512391925,6.769057679034364,6.584398849420882,6.7268500328063965,1633300,0.65,0.0
2023-01-09 00:00:00,6.747954855452836,6.9115098861787185,6.73212711156159,6.827094078063965,904800,0.0,0.0
2023-01-10 00:00:00,6.795439282053786,7.0064775659369944,6.732127796888823,6.9959259033203125,812300,0.0,0.0
2023-01-11 00:00:00,7.04868415551518,7.275550653707369,7.038132494496061,7.228066921234131,1052100,0.0,0.0
2023-01-12 00:00:00,7.296655184368612,7.449658057600339,7.233343702668063,7.375794410705566,792000,0.0,0.0
2023-01-13 00:00:00,7.323035099541817,7.41272649113843,7.286103527644952,7.3968987464904785,425200,0.0,0.0
2023-01-17 00:00:00,7.423276114937582,7.4496560175441875,7.296653186211626,7.312480926513672,498700,0.0,0.0
2023-01-18 00:00:00,7.365241527557374,7.418001338471398,7.212238679692518,7.365241527557373,865900,0.0,0.0
2023-01-19 00:00:00,7.32303509419924,7.38634657589979,7.233343702668063,7.375794410705566,468000,0.0,0.0
2023-01-20 00:00:00,7.386346181233724,7.523521302499526,7.307206959125323,7.518245220184326,509300,0.0,0.0
2023-01-23 00:00:00,7.502417121395373,7.56572859671731,7.449657307049652,7.5235209465026855,575400,0.0,0.0
2023-01-24 00:00:00,7.491864376451678,7.528796444892448,7.444380647852718,7.460208892822266,331600,0.0,0.0
2023-01-25 00:00:00,7.4285536147010784,7.49714117331432,7.365242138247675,7.449657440185547,452600,0.0,0.0
2023-01-26 00:00:00,7.491866470119998,7.586833953857422,7.454934894513214,7.586833953857422,491200,0.0,0.0
2023-01-27 00:00:00,7.518246062742838,7.792596336020466,7.518246062742838,7.771492004394531,691600,0.0,0.0
2023-01-30 00:00:00,7.750389143405229,7.776769058075693,7.58155849456229,7.613214492797852,644000,0.0,0.0
2023-01-31 00:00:00,7.681801080552034,7.797871885108489,7.655421169278309,7.750388145446777,663000,0.0,0.0
2023-02-01 00:00:00,7.792596548975227,8.088050155642975,7.75038838772486,8.019462585449219,895200,0.0,0.0
2023-02-02 00:00:00,8.124978870885494,8.209394660518871,8.082771227646202,8.11970329284668,743200,0.0,0.0
2023-02-03 00:00:00,8.066942091971068,8.119701888472306,7.908663205622064,7.9455952644348145,906100,0.0,0.0
2023-02-06 00:00:00,7.861182344225648,7.919218242083949,7.534072795328912,7.571004867553711,739400,0.0,0.0
2023-02-07 00:00:00,7.549898147583007,7.644865074949698,7.470758454430283,7.549898147583008,577000,0.0,0.0
2023-02-08 00:00:00,7.555176258087158,7.592108328538108,7.454933216931419,7.555176258087158,418900,0.0,0.0
2023-02-09 00:00:00,7.65014387982461,7.692351529943666,7.254446782592303,7.286102771759033,653700,0.0,0.0
2023-02-10 00:00:00,7.264999745964132,7.328311228107978,7.201687760665353,7.259723663330078,415400,0.0,0.0
2023-02-13 00:00:00,7.280826903353355,7.349414462598168,7.254446995466136,7.3335862159729,281200,0.0,0.0
2023-02-14 00:00:00,7.280827553661839,7.359966781237156,7.206963905611255,7.301931381225586,376200,0.0,0.0
2023-02-15 00:00:00,7.264998946699506,7.312482175717285,7.159479318246988,7.286102771759033,569300,0.0,0.0
2023-02-16 00:00:00,7.175307762962952,7.333586203711853,7.101444121633209,7.254446983337402,415200,0.0,0.0
2023-02-17 00:00:00,7.254448355222262,7.254448355222262,7.133101460612939,7.212240695953369,499300,0.0,0.0
2023-02-21 00:00:00,7.096169110633092,7.1331011884504765,6.89568248517789,6.922062397003174,771500,0.0,0.0
2023-02-22 00:00:00,6.853473617455306,7.001200896331861,6.742678409875329,6.9115095138549805,1574600,0.0,0.0
2023-02-23 00:00:00,6.97482098916427,7.043408546538053,6.8112659672491125,6.9115095138549805,796300,0.0,0.0
2023-02-24 00:00:00,6.811267796428842,6.832371627199414,6.705748642575977,6.769060134887695,1788500,0.0,0.0
2023-02-27 00:00:00,6.864026181411627,6.864026181411627,6.589675935935678,6.610779762268066,2715200,0.0,0.0
2023-02-28 00:00:00,6.600228100679327,6.668815662048313,6.589675935935678,6.610779762268066,900100,0.0,0.0
2023-03-01 00:00:00,6.594951263024859,6.605503426560027,6.410292426398223,6.441948413848877,839300,0.0,0.0
2023-03-02 00:00:00,6.42612062079552,6.489432092040445,6.3364292440764975,6.478879928588867,913000,0.0,0.0
2023-03-03 00:00:00,6.531640880416741,6.579124617933116,6.410293495302122,6.447225570678711,3292300,0.0,0.0
2023-03-06 00:00:00,6.4999854284289675,6.531641423791696,6.447226107031057,6.489433765411377,1081800,0.0,0.0
2023-03-07 00:00:00,6.49470827725711,6.531639843616429,6.362809250939706,6.405016899108887,861000,0.0,0.0
2023-03-08 00:00:00,6.463053040919217,6.463053040919217,6.331153999267804,6.415569305419922,1048100,0.0,0.0
2023-03-09 00:00:00,6.420844840028806,6.436672582793206,6.0726314802827694,6.077907562255859,1119400,0.0,0.0
2023-03-10 00:00:00,6.088459530879053,6.093735613118901,5.729693989047687,5.793005466461182,1378000,0.0,0.0
2023-03-13 00:00:00,5.650554379832817,5.724418016651007,5.51337926995112,5.618898391723633,1447900,0.0,0.0
2023-03-14 00:00:00,5.79300650862454,6.088460626194683,5.750798849422375,5.95656156539917,1569900,0.0,0.0
2023-03-15 00:00:00,5.808834019351992,5.924904815817129,5.7455225386014845,5.845765590667725,1149000,0.0,0.0
2023-03-16 00:00:00,5.782453270712384,5.935456119442941,5.661105906185473,5.90907621383667,1001800,0.0,0.0
2023-03-17 00:00:00,5.872144248575742,5.877420329969193,5.634726120573396,5.676933765411377,1280300,0.0,0.0
2023-03-20 00:00:00,5.713866773052262,5.80883424951843,5.7085906903252654,5.75607442855835,827500,0.0,0.0
2023-03-21 00:00:00,5.8668698656140315,5.898525859984189,5.793006214186971,5.824662208557129,975900,0.0,0.0
2023-03-22 00:00:00,5.8035584349797125,5.887973749892805,5.682211545580884,5.6874871253967285,837200,0.0,0.0
2023-03-23 00:00:00,5.745521075704114,5.866867923790431,5.48699863285298,5.529206275939941,1044200,0.0,0.0
2023-03-24 00:00:00,5.486998696636048,5.75607280180935,5.439515474977348,5.70858907699585,804400,0.0,0.0
2023-03-27 00:00:00,5.803556745791008,5.935455762740804,5.756073019184311,5.914351940155029,1336400,0.0,0.0
2023-03-28 00:00:00,5.592518453047443,5.682209823752992,5.5133787419311755,5.518654823303223,2234800,0.0,0.0
2023-03-29 00:00:00,5.629452017842033,5.655831930926591,5.566140528332089,5.640003681182861,908600,0.0,0.0
2023-03-30 00:00:00,5.682209846804828,5.6927615064369155,5.592518475735416,5.676933765411377,738300,0.0,0.0
2023-03-31 00:00:00,5.740245171013396,5.8510403633117685,5.69803752662876,5.851040363311768,894500,0.0,0.0
2023-04-03 00:00:00,5.851041543067393,5.872145369514912,5.6980386755341526,5.761350154876709,1288600,0.0,0.0
2023-04-04 00:00:00,5.80355663759035,5.866868104167304,5.69803752662876,5.851040363311768,1597300,0.0,0.0
2023-04-05 00:00:00,5.851040668371881,6.040975078005496,5.8404885051481505,5.882696151733398,1454100,0.0,0.0
2023-04-06 00:00:00,5.8881683349609375,5.921001694436917,5.817028693593861,5.8881683349609375,1182600,0.4,0.0
2023-04-10 00:00:00,5.866279260612782,5.8772235398235555,5.499636774207181,5.685694217681885,1372500,0.0,0.0
2023-04-11 00:00:00,5.718528106272803,5.740417188596381,5.625499375928375,5.647388458251953,1070700,0.0,0.0
2023-04-12 00:00:00,5.7239999777348505,5.751361458577043,5.6309712559974985,5.685694217681885,710100,0.0,0.0
2023-04-13 00:00:00,5.68022272948674,5.718528495692319,5.5653049089930775,5.674750328063965,890100,0.0,0.0
2023-04-14 00:00:00,5.674750910680815,5.702112398726924,5.5379439923272455,5.609083652496338,779300,0.0,0.0
2023-04-17 00:00:00,5.636444879816255,5.789668475159004,5.592666709718327,5.778724193572998,842600,0.0,0.0
2023-04-18 00:00:00,5.778723867589,5.800612951403178,5.641916963281161,5.674750328063965,552900,0.0,0.0
2023-04-19 00:00:00,5.630972531031988,5.773251846126563,5.6090834457772045,5.740417957305908,569900,0.0,0.0
2023-04-20 00:00:00,5.691167076839968,5.773251533508301,5.6638061131607875,5.773251533508301,638000,0.0,0.0
2023-04-21 00:00:00,5.795140743255615,5.8060850245892475,5.707584405078792,5.795140743255615,418200,0.0,0.0
2023-04-24 00:00:00,5.773251886004123,5.811557654995345,5.620028288162275,5.7513628005981445,586400,0.0,0.0
2023-04-25 00:00:00,5.702111692285224,5.734945056371207,5.60361055627345,5.614555358886719,551300,0.0,0.0
2023-04-26 00:00:00,5.636445005886716,5.724001348040947,5.598138714786517,5.625500202178955,561300,0.0,0.0
2023-04-27 00:00:00,5.674750328063965,5.7623066633206745,5.652861244249787,5.674750328063965,720300,0.0,0.0
2023-04-28 00:00:00,5.729473573621262,5.838918997946841,5.71852877025023,5.806085109710693,737400,0.0,0.0
2023-05-01 00:00:00,5.7787244608806345,5.817030231019001,5.598138848527103,5.609083652496338,734500,0.0,0.0
2023-05-02 00:00:00,5.609082414625425,5.609082414625425,5.187716948586816,5.3518853187561035,1458700,0.0,0.0
2023-05-03 00:00:00,5.384719553437532,5.526998851674133,5.32452418471141,5.329996585845947,967700,0.0,0.0
2023-05-04 00:00:00,5.3081072863951695,5.373774531697003,5.2041342784698195,5.335468769073486,926800,0.0,0.0
2023-05-05 00:00:00,5.433971161866502,5.548888998342975,5.4230263574987445,5.516055107116699,677300,0.0,0.0
2023-05-08 00:00:00,5.559831748185534,5.609082310509819,5.4886921050367725,5.58172082901001,649100,0.0,0.0
2023-05-09 00:00:00,5.532470097063151,5.55435917721652,5.472275257110596,5.472275257110596,751500,0.0,0.0
2023-05-10 00:00:00,5.603610340110155,5.975725264576114,5.603610340110155,5.948363780975342,1282000,0.0,0.0
2023-05-11 00:00:00,5.8498627433433965,5.888169029754567,5.811556978809127,5.882696628570557,922200,0.0,0.0
2023-05-12 00:00:00,5.8826968533037975,5.899113535606084,5.789668117129304,5.838918685913086,619100,0.0,0.0
2023-05-15 00:00:00,5.849862653202652,5.921002301867889,5.817029290358323,5.91005802154541,778500,0.0,0.0
2023-05-16 00:00:00,5.866279390634988,5.899112750871877,5.773250666835716,5.7841949462890625,398400,0.0,0.0
2023-05-17 00:00:00,5.8170306356051045,5.871753093626403,5.773252460437261,5.8498640060424805,623800,0.0,0.0
2023-05-18 00:00:00,5.833445286711034,5.937418807887027,5.811556206759798,5.915529727935791,587200,0.0,0.0
2023-05-19 00:00:00,5.975726087476501,5.981198489325622,5.762307112253423,5.8006134033203125,624700,0.0,0.0
2023-05-22 00:00:00,5.811556778584374,5.833445860689372,5.756834334260319,5.762306213378906,552300,0.0,0.0
2023-05-23 00:00:00,5.844391024467306,5.91005827484732,5.696639319704588,5.702111721038818,876900,0.0,0.0
2023-05-24 00:00:00,5.685697026963663,5.702113714829666,5.48869468506322,5.53794527053833,898500,0.0,0.0
2023-05-25 00:00:00,5.4996383799731134,5.5105826623793615,5.324525164580215,5.379248142242432,1447500,0.0,0.0
2023-05-26 00:00:00,5.412081456617208,5.630972300191671,5.319052717628827,5.620028018951416,946400,0.0,0.0
2023-05-30 00:00:00,5.6528617950621864,5.899114142435636,5.6528617950621864,5.860808372497559,939500,0.0,0.0
2023-05-31 00:00:00,5.784196197772947,5.866280659878883,5.745890428583023,5.8006134033203125,1167900,0.0,0.0
2023-06-01 00:00:00,5.8225023765096555,5.942892083605943,5.79514088966888,5.904586315155029,1962500,0.0,0.0
2023-06-02 00:00:00,5.964780814239738,5.997614700872871,5.877224479053947,5.9264750480651855,3513100,0.0,0.0
2023-06-05 00:00:00,5.953835265534831,5.953835265534831,5.7513611530611,5.756833553314209,1613100,0.0,0.0
2023-06-06 00:00:00,5.745889392464105,5.882696282760869,5.729472711754017,5.866279602050781,1310000,0.0,0.0
2023-06-07 00:00:00,5.926475387184268,5.926475387184268,5.762306988378561,5.778724193572998,952800,0.0,0.0
2023-06-08 00:00:00,5.789668560028076,5.84439153439113,5.734945585665021,5.789668560028076,503400,0.0,0.0
2023-06-09 00:00:00,5.767779026988541,5.882696846729971,5.767779026988541,5.877224445343018,469100,0.0,0.0
2023-06-12 00:00:00,5.893641154456308,6.079698089092251,5.871751550747151,6.0413923263549805,1143900,0.0,0.0
2023-06-13 00:00:00,6.107060081684603,6.1781997340476495,6.079698596640827,6.128949165344238,1345300,0.0,0.0
2023-06-14 00:00:00,6.17819997023547,6.17819997023547,5.98119820976752,6.046865463256836,1523400,0.0,0.0
2023-06-15 00:00:00,6.041393609568682,6.287645962955938,6.030449327266375,6.23292350769043,1174600,0.0,0.0
2023-06-16 00:00:00,6.265755047412005,6.276699848396358,6.167254447937011,6.167254447937012,1769400,0.0,0.0
2023-06-20 00:00:00,6.16178406271023,6.249340411713777,6.139894975459343,6.227451324462891,954300,0.0,0.0
2023-06-21 00:00:00,6.221978935135772,6.358785861207915,6.178200760542848,6.31500768661499,992200,0.0,0.0
2023-06-22 00:00:00,6.320478845112599,6.331423125668621,6.200088627734928,6.221977710723877,737300,0.0,0.0
2023-06-23 00:00:00,6.156311274646681,6.1836727624649495,6.074227333068848,6.074227333068848,1463600,0.0,0.0
2023-06-26 00:00:00,6.085172009063631,6.347841578498187,6.079699606770263,6.31500768661499,899200,0.0,0.0
2023-06-27 00:00:00,6.347840463779439,6.4572858810424805,6.271228410756851,6.4572858810424805,666100,0.0,0.0
2023-06-28 00:00:00,6.484647485373978,6.522953251652993,6.408035430939024,6.517480850219727,723000,0.0,0.0
2023-06-29 00:00:00,6.51747993850216,6.555785699422657,6.4463402954520586,6.5284247398376465,1178100,0.0,0.0
2023-06-30 00:00:00,6.545412128854559,6.5510738394814885,6.420845315369153,6.494452953338623,864900,0.4,0.0
2023-07-03 00:00:00,6.477466657798329,6.511439623862727,6.358562086545905,6.375548839569092,496300,0.0,0.0
2023-07-05 00:00:00,6.375547781406732,6.381210031474686,6.217008019395342,6.22833251953125,729200,0.0,0.0
2023-07-06 00:00:00,6.160388296277892,6.160388296277892,5.865957717199623,6.0244975090026855,1074900,0.0,0.0
2023-07-07 00:00:00,6.02449715188182,6.200022606711979,6.0018486886785105,6.132077217102051,753300,0.0,0.0
2023-07-10 00:00:00,6.115089760656037,6.330250387306699,6.0924413020602755,6.3076019287109375,661100,0.0,0.0
2023-07-11 00:00:00,6.307602691460704,6.403858787127967,6.290615940473367,6.301940441131592,599800,0.0,0.0
2023-07-12 00:00:00,6.45481729366941,6.47180404432391,6.36988570032451,6.403858661651611,742700,0.0,0.0
2023-07-13 00:00:00,6.477467330886174,6.602034166090341,6.432170398081393,6.551074981689453,718200,0.0,0.0
2023-07-14 00:00:00,6.551072752218507,6.551072752218507,6.454816667770852,6.5171003341674805,528400,0.0,0.0
2023-07-17 00:00:00,6.5284270256161525,6.568062249905158,6.443495404963564,6.5397515296936035,558900,0.0,0.0
2023-07-18 00:00:00,6.539748809528959,6.720936479547791,6.511438101093054,6.647328853607178,535700,0.0,0.0
2023-07-19 00:00:00,6.647328956643612,6.7322610832678125,6.647328956643612,6.715274333953857,588700,0.0,0.0
2023-07-20 00:00:00,6.720937766387153,6.720937766387153,6.590709238622084,6.630343914031982,584200,0.0,0.0
2023-07-21 00:00:00,6.675639687248028,6.6869641868275265,6.6020320599268665,6.624680519104004,518500,0.0,0.0
2023-07-24 00:00:00,6.641666706872294,6.74358504282859,6.630342747311516,6.715274333953857,457300,0.0,0.0
2023-07-25 00:00:00,6.703953260276652,6.8908032633095235,6.681304791423639,6.822857856750488,657600,0.0,0.0
2023-07-26 00:00:00,6.82285466214193,6.9644076611905925,6.82285466214193,6.930434703826904,438800,0.0,0.0
2023-07-27 00:00:00,6.975733790533429,7.004044507147231,6.72660067229238,6.7662353515625,850800,0.0,0.0
2023-07-28 00:00:00,6.794544982961622,6.9077872913479315,6.732261848344632,6.868152618408203,680700,0.0,0.0
2023-07-31 00:00:00,6.8624912342145485,6.913450414416214,6.766235124940733,6.80020809173584,747200,0.0,0.0
2023-08-01 00:00:00,6.737923622981468,6.766234335343291,6.630343563984851,6.686964988708496,772300,0.0,0.0
2023-08-02 00:00:00,6.658653764942723,6.6869644751302015,6.551073174226683,6.6190185546875,603300,0.0,0.0
2023-08-03 00:00:00,6.568060138105144,6.579384098559577,6.40385866165161,6.403858661651611,597400,0.0,0.0
2023-08-04 00:00:00,6.420845915394557,6.556736702814699,6.358562232840501,6.471805095672607,662200,0.0,0.0
2023-08-07 00:00:00,6.517101349234642,6.652992122568027,6.4887906364613706,6.596370697021484,701900,0.0,0.0
2023-08-08 00:00:00,6.511439165183289,6.534087627636823,6.420845315369153,6.494452953338623,1775200,0.0,0.0
2023-08-09 00:00:00,6.511439038360773,6.511439038360773,6.409520689313953,6.437831401824951,895000,0.0,0.0
2023-08-10 00:00:00,6.483128908806059,6.488791159813787,6.341575873504695,6.375548839569092,867800,0.0,0.0
2023-08-11 00:00:00,6.369885470079737,6.381209970106737,6.273629379777759,6.27929162979126,807900,0.0,0.0
2023-08-14 00:00:00,6.267968121418389,6.273630372327713,6.17171201588775,6.188698768615723,718500,0.0,0.0
2023-08-15 00:00:00,6.143401368621761,6.171711541026215,6.013172307637181,6.109428405761719,698400,0.0,0.0
2023-08-16 00:00:00,6.103764956919461,6.1264134143855475,5.984860420227052,5.984860420227051,497800,0.0,0.0
2023-08-17 00:00:00,5.996186292170581,6.069793930788107,5.905592441558839,5.905592441558838,527600,0.0,0.0
2023-08-18 00:00:00,5.871619161586309,5.979199758384376,5.826322238718253,5.92257833480835,466300,0.0,0.0
2023-08-21 00:00:00,5.922579037645767,5.922579037645767,5.8319851811588075,5.888606071472168,580400,0.0,0.0
2023-08-22 00:00:00,5.916916531784127,5.950889496494544,5.877281856273602,5.882944107055664,516600,0.0,0.0
2023-08-23 00:00:00,5.8999300919038085,6.058469327814191,5.888605590776385,6.047145366668701,513800,0.0,0.0
2023-08-24 00:00:00,6.052807363934031,6.132077255634707,6.007510437242776,6.041483402252197,646200,0.0,0.0
2023-08-25 00:00:00,6.092443179214019,6.149064073158067,6.024497782491953,6.098105430603027,585200,0.0,0.0
2023-08-28 00:00:00,6.1377382192517995,6.3076019287109375,6.120752010300439,6.3076019287109375,1218700,0.0,0.0
2023-08-29 00:00:00,6.290617677413552,6.4774676700112375,6.2453207422372685,6.454819202423096,878500,0.0,0.0
2023-08-30 00:00:00,6.409520530070582,6.432168991520298,6.3189266842717196,6.3415751457214355,857700,0.0,0.0
2023-08-31 00:00:00,6.364224147476813,6.403859363365175,6.341575684104303,6.36988639831543,789400,0.0,0.0
2023-09-01 00:00:00,6.392536163330077,6.466143819274145,6.375549947337468,6.392536163330078,592200,0.0,0.0
2023-09-05 00:00:00,6.352900069538767,6.39253474471995,6.177374076627048,6.1830363273620605,2375300,0.0,0.0
2023-09-06 00:00:00,6.183034982348217,6.222669648907554,6.069792692191659,6.120751857757568,846600,0.0,0.0
2023-09-07 00:00:00,6.098105146927973,6.1830367538841555,6.069794431281916,6.075456142425537,532600,0.0,0.0
2023-09-08 00:00:00,6.09244238439607,6.21700865881131,6.09244238439607,6.115090847015381,484500,0.0,0.0
2023-09-11 00:00:00,6.1603875160217285,6.2000221889614915,6.126414553514846,6.1603875160217285,528700,0.0,0.0
2023-09-12 00:00:00,6.1490643280451955,6.267968912233071,6.0811189285067,6.103767395019531,1665600,0.0,0.0
2023-09-13 00:00:00,6.132077476417857,6.14906368954317,6.086780548095703,6.086780548095703,1560700,0.0,0.0
2023-09-14 00:00:00,6.11508953977843,6.1830349131115225,6.092441082000732,6.092441082000732,1212600,0.0,0.0
2023-09-15 00:00:00,6.098105350532027,6.205685425600549,6.013173200758134,6.200023174285889,1296100,0.0,0.0
2023-09-18 00:00:00,6.2000225099054385,6.222670972755117,6.132077121356403,6.143401622772217,864300,0.0,0.0
2023-09-19 00:00:00,6.160386524316905,6.233994147914126,6.10376510924771,6.120751857757568,532900,0.0,0.0
2023-09-20 00:00:00,6.143402375513359,6.160388589736424,6.018835544586181,6.018835544586182,650700,0.0,0.0
2023-09-21 00:00:00,5.9792010547244745,6.001849521068876,5.70175666702801,5.707418918609619,1274600,0.0,0.0
2023-09-22 00:00:00,5.724404774680454,5.814999174363436,5.701756309755208,5.764039993286133,776600,0.0,0.0
2023-09-25 00:00:00,5.707416794569889,5.798010626232613,5.707416794569889,5.741389751434326,606700,0.0,0.0
2023-09-26 00:00:00,5.713081356436474,5.71874360820267,5.577190553940051,5.594176769256592,1184500,0.0,0.0
2023-09-27 00:00:00,5.639472712635741,5.6904318896145085,5.520568146345935,5.554541110992432,984600,0.0,0.0
2023-09-28 00:00:00,5.554542086857313,5.628149199889672,5.480934433842905,5.594176769256592,1295300,0.0,0.0
2023-09-29 00:00:00,5.6507960331212,5.775362836050474,5.645134322974059,5.667782783508301,959000,0.0,0.0
2023-10-02 00:00:00,5.7187420799283695,5.752714501482674,5.526229891180957,5.565864562988281,2100600,0.0,0.0
2023-10-03 00:00:00,5.548878806251005,5.560202767701727,5.350704351034846,5.367690563201904,1735200,0.0,0.0
2023-10-04 00:00:00,5.401663709050222,5.424312172694757,5.016639287111165,5.12421989440918,2702400,0.0,0.0
2023-10-05 00:00:00,5.064980155048796,5.195307285077852,4.9820446059480865,5.14199161529541,1674800,0.4,0.0
2023-10-06 00:00:00,5.064980010275691,5.165687258107947,5.035360131804052,5.047208309173584,1036500,0.0,0.0
2023-10-09 00:00:00,4.999816639354051,5.171611272857925,4.999816639354051,5.136067867279053,1024700,0.0,0.0
2023-10-10 00:00:00,5.141991295208877,5.260470240154484,5.1360672067235535,5.165687084197998,836700,0.0,0.0
2023-10-11 00:00:00,5.183458961028788,5.224926451932317,5.159763171233601,5.207154750823975,620600,0.0,0.0
2023-10-12 00:00:00,5.195306989077643,5.207154601158614,5.02351181181008,5.112371444702148,831400,0.0,0.0
2023-10-13 00:00:00,5.147915245982836,5.147915245982836,4.893185634447057,4.910957336425781,1018400,0.0,0.0
2023-10-16 00:00:00,4.958348711772364,4.982044501740903,4.863565551898208,4.922805309295654,1150300,0.0,0.0
2023-10-17 00:00:00,4.881337145793837,4.952424514136211,4.810249777451462,4.863565444946289,915400,0.0,0.0
2023-10-18 00:00:00,4.828020615479826,4.828020615479826,4.596986850893373,4.608834743499756,1668100,0.0,0.0
2023-10-19 00:00:00,4.59698731917299,4.614759018654887,4.431116523310883,4.437040328979492,1420300,0.0,0.0
2023-10-20 00:00:00,4.448889132164222,4.525900311564248,4.371877670288086,4.371877670288086,1353500,0.0,0.0
2023-10-23 00:00:00,4.318561580194696,4.3363335629318795,4.134919076798854,4.2652459144592285,1209100,0.0,0.0
2023-10-24 00:00:00,4.2178545375833005,4.247474416060941,4.087527693729094,4.093451499938965,2180000,0.0,0.0
2023-10-25 00:00:00,4.022364049892803,4.063831822434618,3.7854058742523193,3.7854058742523193,2480100,0.0,0.0
2023-10-26 00:00:00,3.7557857652319337,3.957199946877787,3.7557857652319337,3.8920366764068604,1344300,0.0,0.0
2023-10-27 00:00:00,3.9038855337483547,3.9927446122444525,3.832797875484906,3.8564939498901367,1307200,0.0,0.0
2023-10-30 00:00:00,3.8920371805634213,3.9038850751361345,3.76171005778749,3.838721513748169,1211300,0.0,0.0
2023-10-31 00:00:00,3.8683411987215894,4.1112231666014,3.8683411987215894,4.046059608459473,1284100,0.0,0.0
2023-11-01 00:00:00,4.028288984519853,4.271171017263816,3.9808971134571887,4.2593231201171875,1512400,0.0,0.0
2023-11-02 00:00:00,4.348181546730249,4.56736773763422,4.3126378630006394,4.537747859954834,1351200,0.0,0.0
2023-11-03 00:00:00,4.656227209596948,4.751010651156594,4.656227209596948,4.68584680557251,1342800,0.0,0.0
2023-11-06 00:00:00,4.685846147143601,4.715466021433239,4.579215108157804,4.644378662109375,1318900,0.0,0.0
2023-11-07 00:00:00,4.608835489232386,4.650302978826354,4.342257438741039,4.5199761390686035,2115000,0.0,0.0
2023-11-08 00:00:00,4.561442890598181,4.66215011899046,4.514051320172649,4.608834743499756,1425600,0.0,0.0
2023-11-09 00:00:00,4.620682773929721,4.656226452809051,4.342256865660893,4.3896484375,1365100,0.0,0.0
2023-11-10 00:00:00,4.442964314982734,4.5199757642366905,4.401496546351512,4.478507995605469,900500,0.0,0.0
2023-11-13 00:00:00,4.431116795636334,4.466660479260625,4.36002942838775,4.448888778686523,708000,0.0,0.0
2023-11-14 00:00:00,4.608836343358335,4.751011386463989,4.608836343358335,4.650303840637207,1017300,0.0,0.0
2023-11-15 00:00:00,4.662150775965225,4.739162229996935,4.620683287237444,4.721390247344971,798700,0.0,0.0
2023-11-16 00:00:00,4.715466772608482,4.733238474032458,4.602911627844268,4.626607418060303,884600,0.0,0.0
2023-11-17 00:00:00,4.679923135196711,4.727314716113967,4.62068365905014,4.691771030426025,963300,0.0,0.0
2023-11-20 00:00:00,4.685846911677156,4.751010758736787,4.6384553310622625,4.745086669921875,853400,0.0,0.0
2023-11-21 00:00:00,4.727314335720986,4.74508631837295,4.6858465645171234,4.721390247344971,666300,0.0,0.0
2023-11-22 00:00:00,4.762857514734992,4.798401476279089,4.679922263576218,4.703618049621582,916700,0.0,0.0
2023-11-24 00:00:00,4.67399963407546,4.709543324232838,4.632532136796588,4.650303840637207,625500,0.0,0.0
2023-11-27 00:00:00,4.656227355816455,4.662151162207154,4.591063790662135,4.620683670043945,1184800,0.0,0.0
2023-11-28 00:00:00,4.620683524940617,4.703618789138724,4.579215751603516,4.68584680557251,1291400,0.0,0.0
2023-11-29 00:00:00,4.762858371414409,4.822098129659127,4.721390597138326,4.745086669921875,1490100,0.0,0.0
2023-11-30 00:00:00,4.751010758736787,4.774706549044234,4.709542701984603,4.745086669921875,1304900,0.0,0.0
2023-12-01 00:00:00,4.739162409109088,4.8694895335462,4.721390425785449,4.863565444946289,1498000,0.0,0.0
2023-12-04 00:00:00,4.7806292970144275,4.946500367198009,4.7806292970144275,4.928728103637695,2924400,0.0,0.0
2023-12-05 00:00:00,4.916880811209052,4.970196475437501,4.845793447221836,4.905032634735107,1719900,0.0,0.0
2023-12-06 00:00:00,4.9405775595378305,4.999816758565821,4.774707011326294,4.816174507141113,1554500,0.0,0.0
2023-12-07 00:00:00,4.810250230899315,4.857641814261693,4.721390870856795,4.845794200897217,1315300,0.0,0.0
2023-12-08 00:00:00,4.816174010130124,4.982044541224448,4.792478219973792,4.958348751068115,1321500,0.0,0.0
2023-12-11 00:00:00,4.9465014567803305,4.982044861825996,4.828021933422147,4.845794200897217,1387100,0.0,0.0
2023-12-12 00:00:00,4.845793899064919,4.922805358469994,4.780630052286362,4.887261390686035,1331400,0.0,0.0
2023-12-13 00:00:00,4.899108626063597,5.195306229140175,4.845792967117479,5.171609878540039,2314600,0.0,0.0
2023-12-14 00:00:00,5.266394175614135,5.432264693718282,5.213078510699762,5.373024940490723,2270800,0.0,0.0
2023-12-15 00:00:00,5.396721002472794,5.426340880588674,5.248622176845583,5.384873390197754,10219100,0.0,0.0
2023-12-18 00:00:00,5.44411288774485,5.467808678580162,5.337482111462053,5.3434062004089355,1818200,0.0,0.0
2023-12-19 00:00:00,5.367102146148682,5.432265431588468,5.325634087275879,5.367102146148682,1645000,0.0,0.0
2023-12-20 00:00:00,5.37302475863556,5.6040591104608755,5.361177147362335,5.402644634246826,2367200,0.0,0.0
2023-12-21 00:00:00,5.461883441895215,5.568514184741662,5.4026437009067125,5.54481840133667,2475500,0.0,0.0
2023-12-22 00:00:00,5.580363955155519,5.651451325704686,5.538896463573223,5.568515777587891,1143600,0.0,0.0
2023-12-26 00:00:00,5.580364329734114,5.669223407647134,5.580364329734114,5.639604091644287,1174200,0.0,0.0
2023-12-27 00:00:00,5.6632994440879765,5.7047669352369175,5.6159072992649355,5.67514705657959,1595700,0.0,0.0
2023-12-28 00:00:00,5.656599944089242,5.656599944089242,5.5700512476221835,5.613325595855713,1478900,0.4,0.0
2023-12-29 00:00:00,5.576234410262088,5.594780478422056,5.464956822164523,5.477320671081543,1300500,0.0,0.0
2024-01-02 00:00:00,5.452592787983155,5.452592787983155,5.3413157812033845,5.359861850738525,1289500,0.0,0.0
2024-01-03 00:00:00,5.304222598116938,5.3227686660631175,5.1682167241842585,5.273312091827393,1506100,0.0,0.0
2024-01-04 00:00:00,5.254765523980945,5.322768159693573,5.236219457799104,5.279493808746338,1127500,0.0,0.0
2024-01-05 00:00:00,5.267130913493896,5.409318429211518,5.24240203468848,5.359861850738525,1218300,0.0,0.0
2024-01-08 00:00:00,5.353678793695263,5.588597799483936,5.328950508326393,5.582415580749512,881300,0.0,0.0
2024-01-09 00:00:00,5.520595125627195,5.638054332960852,5.50823068824006,5.619508266448975,837300,0.0,0.0
2024-01-10 00:00:00,5.613326983292067,5.693694070996229,5.613326983292067,5.65041971206665,640000,0.0,0.0
2024-01-11 00:00:00,5.625691013596824,5.625691013596824,5.477320698858033,5.607144355773926,841700,0.0,0.0
2024-01-12 00:00:00,5.650419271503851,5.755514640340481,5.631872613778179,5.6689653396606445,698300,0.0,0.0
2024-01-16 00:00:00,5.619508266448975,5.638054332960852,5.526776754751938,5.619508266448975,736300,0.0,0.0
2024-01-17 00:00:00,5.520595111666127,5.6566003851677165,5.477320170489418,5.5391411781311035,972800,0.0,0.0
2024-01-18 00:00:00,5.563869476318359,5.613326046720127,5.4773201833308525,5.563869476318359,741400,0.0,0.0
2024-01-19 00:00:00,5.594780921936036,5.600963141669066,5.471139475120047,5.594780921936035,1037200,0.0,0.0
2024-01-22 00:00:00,5.625691413879394,5.730786790744777,5.563870395875432,5.6256914138793945,725000,0.0,0.0
2024-01-23 00:00:00,5.650418771369673,5.687510904400136,5.607143830075701,5.67514705657959,716700,0.0,0.0
2024-01-24 00:00:00,5.743150649649724,5.77406115870039,5.638055272618815,5.65041971206665,1036500,0.0,0.0
2024-01-25 00:00:00,5.718421961571878,5.730786400157529,5.638054879471791,5.712239742279053,791600,0.0,0.0
2024-01-26 00:00:00,5.730786415239574,5.780242990574573,5.6813292503356925,5.681329250335693,741100,0.0,0.0
2024-01-29 00:00:00,5.706057539467436,5.842063416458025,5.6998759097256375,5.81733512878418,1118500,0.0,0.0
2024-01-30 00:00:00,5.774061167211451,5.792607236841618,5.594780921936036,5.594780921936035,917200,0.0,0.0
2024-01-31 00:00:00,5.625690391278598,5.625690391278598,5.434045741957348,5.446410179138184,1103500,0.0,0.0
2024-02-01 00:00:00,5.483501893002131,5.557686741718371,5.3660426965936106,5.545322895050049,1092300,0.0,0.0
2024-02-02 00:00:00,5.471139001533507,5.557687712028505,5.421682427088115,5.514413356781006,940200,0.0,0.0
2024-02-05 00:00:00,5.440228479968195,5.440228479968195,5.267130469891202,5.353679180145264,1243500,0.0,0.0
2024-02-06 00:00:00,5.335133061615844,5.415500141496528,5.291858706898886,5.366043567657471,714300,0.0,0.0
2024-02-07 00:00:00,5.390771889724432,5.390771889724432,5.149670648510417,5.1929450035095215,1375700,0.0,0.0
2024-02-08 00:00:00,5.192945393485495,5.230038121676624,5.1187605266721485,5.186763763427734,1149100,0.0,0.0
2024-02-09 00:00:00,5.186763381699309,5.2856765301707584,5.149670656238079,5.273312091827393,975000,0.0,0.0
2024-02-12 00:00:00,5.3104048250182325,5.384589686479801,5.2980403866568695,5.353679180145264,1144300,0.0,0.0
2024-02-13 00:00:00,5.223855900128903,5.230038119753304,5.075486166556774,5.106396675109863,1547600,0.0,0.0
2024-02-14 00:00:00,5.168215727424694,5.205308445732095,5.0754848160093236,5.174397945404053,1095000,0.0,0.0
2024-02-15 00:00:00,5.2547665167339295,5.427864542794101,5.236220447048286,5.403136253356934,1082200,0.0,0.0
2024-02-16 00:00:00,5.32895090392335,5.434046271935052,5.267130480696325,5.3784074783325195,912300,0.0,0.0
2024-02-20 00:00:00,5.328950831252101,5.366043556337577,5.285676476626431,5.341315269470215,812900,0.0,0.0
2024-02-21 00:00:00,5.3165865326881026,5.38458916842643,5.304222095516327,5.335132598876953,580900,0.0,0.0
2024-02-22 00:00:00,5.335132146345197,5.384588711699714,5.279493362929175,5.328949928283691,830100,0.0,0.0
2024-02-23 00:00:00,5.285675580990681,5.366042647083962,5.1682157960971296,5.328949928283691,1270400,0.0,0.0
2024-02-26 00:00:00,5.316587004931081,5.483502794594567,5.26713043098865,5.390771865844727,1064100,0.0,0.0
2024-02-27 00:00:00,5.452591808159787,5.483502311543061,5.390771390962053,5.446410179138184,807000,0.0,0.0
2024-02-28 00:00:00,5.390771916719247,5.452592339946272,5.3536791911279344,5.3784074783325195,686900,0.0,0.0
2024-02-29 00:00:00,5.471138591374014,5.594780018218361,5.458774153905165,5.582415580749512,1164500,0.0,0.0
2024-03-01 00:00:00,5.582415555798822,5.600962211919201,5.508230700023784,5.588597774505615,819000,0.0,0.0
2024-03-04 00:00:00,5.607144806598875,5.607144806598875,5.5205960880755205,5.532959938049316,612900,0.0,0.0
2024-03-05 00:00:00,5.508229790467689,5.570050788189667,5.483501509292644,5.551504135131836,568400,0.0,0.0
2024-03-06 00:00:00,5.625690940519817,5.644237008532925,5.551505489329641,5.570052146911621,915700,0.0,0.0
2024-03-07 00:00:00,5.6195091941652136,5.638055263738833,5.594780904877413,5.6256914138793945,563900,0.0,0.0
2024-03-08 00:00:00,5.668965781669481,5.7555150890975595,5.638055272618815,5.65041971206665,817300,0.0,0.0
2024-03-11 00:00:00,5.625691055632075,5.724604206484429,5.6195088363115815,5.706057548522949,700300,0.0,0.0
2024-03-12 00:00:00,5.687509546462342,5.780241036035771,5.656599049937865,5.774058818817139,824700,0.0,0.0
2024-03-13 00:00:00,5.755515159217284,5.829700028101326,5.755515159217284,5.767879009246826,723500,0.0,0.0
2024-03-14 00:00:00,5.761695295143909,5.7740597315356466,5.594779530836883,5.613325595855713,748300,0.0,0.0
2024-03-15 00:00:00,5.576233915739925,5.687510904400136,5.532958974445953,5.67514705657959,1238700,0.0,0.0
2024-03-18 00:00:00,5.687510941623642,5.687510941623642,5.619508304243516,5.638054370880127,609400,0.0,0.0
2024-03-19 00:00:00,5.619509220487138,5.7184223781016525,5.588598711340372,5.699876308441162,593600,0.0,0.0
2024-03-20 00:00:00,5.693694131637093,5.885338818137199,5.668965842046976,5.823517799377441,684200,0.0,0.0
2024-03-21 00:00:00,5.8420624389080835,5.89770122425644,5.811151937095798,5.879155158996582,612300,0.0,0.0
2024-03-22 00:00:00,5.8915204483580315,5.916248737948148,5.823517799377441,5.823517799377441,560500,0.0,0.0
2024-03-25 00:00:00,5.835880706308952,5.910066152659855,5.835880706308952,5.848245143890381,667900,0.0,0.0
2024-03-26 00:00:00,5.8729738911893525,5.879156110466083,5.7246041659611,5.743150234222412,828900,0.0,0.0
2024-03-27 00:00:00,5.81733560502764,5.897702693939209,5.804971754962977,5.897702693939209,1106800,0.0,0.0
2024-03-28 00:00:00,5.916248266050646,6.033708074411457,5.916248266050646,5.984251499176025,1364800,0.0,0.0
2024-04-01 00:00:00,5.984251993537721,6.008980283198251,5.903884904748764,5.953341484069824,1347400,0.0,0.0
2024-04-02 00:00:00,5.8977017529045215,5.934794476317875,5.854427400229641,5.866791248321533,1052500,0.0,0.0
2024-04-03 00:00:00,5.82351644674299,5.885337451143516,5.774059879050085,5.8606085777282715,1227100,0.0,0.0
2024-04-04 00:00:00,5.922430498790241,5.953341005774768,5.811152909473497,5.81733512878418,2133100,0.0,0.0
2024-04-05 00:00:00,5.797964628195857,5.817334664817142,5.6946602291868205,5.7140302658081055,1380700,0.4,0.0
2024-04-08 00:00:00,5.7463126598955,5.778595439820426,5.662378294130631,5.765682697296143,719900,0.0,0.0
2024-04-09 00:00:00,5.765682925160091,5.823791808172899,5.752769566382651,5.81733512878418,899000,0.0,0.0
2024-04-10 00:00:00,5.681747605470721,5.707573705760655,5.423485986828578,5.475138187408447,2026400,0.0,0.0
2024-04-11 00:00:00,5.533247596290656,5.5719870583026605,5.378290979728358,5.507421493530273,1119300,0.0,0.0
2024-04-12 00:00:00,5.468681335449219,5.546159625145093,5.4493113012182155,5.468681335449219,693200,0.0,0.0
2024-04-15 00:00:00,5.475138633405908,5.475138633405908,5.268529814256357,5.326638698577881,1180100,0.0,0.0
2024-04-16 00:00:00,5.294355632205022,5.300812311392266,5.171681806361474,5.229790687561035,901300,0.0,0.0
2024-04-17 00:00:00,5.287899134733471,5.313725236627129,5.249160289764404,5.249160289764404,618500,0.0,0.0
2024-04-18 00:00:00,5.249159456558899,5.281442232737396,5.210420001996153,5.223333358764648,705300,0.0,0.0
2024-04-19 00:00:00,5.210420929934832,5.339552057646153,5.210420929934832,5.326638698577881,673000,0.0,0.0
2024-04-22 00:00:00,5.346006806847406,5.417029032772744,5.320180710804382,5.404115676879883,535800,0.0,0.0
2024-04-23 00:00:00,5.38474724144173,5.559073267609087,5.352464461561016,5.539703845977783,788900,0.0,0.0
2024-04-24 00:00:00,5.500964709546904,5.584899070723627,5.455768573825461,5.559072971343994,939100,0.0,0.0
2024-04-25 00:00:00,5.4945075523859375,5.539703068429644,5.429942001686877,5.442855358123779,1063800,0.0,0.0
2024-04-26 00:00:00,5.488051636782459,5.617182140381719,5.455768856946941,5.526791095733643,971800,0.0,0.0
2024-04-29 00:00:00,5.584899598075547,5.649465160492598,5.584899598075547,5.59135627746582,842100,0.0,0.0
2024-04-30 00:00:00,5.539704143282393,5.559073565953214,5.494508618469529,5.520334720611572,923600,0.0,0.0
2024-05-01 00:00:00,5.507421097654027,5.778595465017326,5.507421097654027,5.675291061401367,1478500,0.0,0.0
2024-05-02 00:00:00,5.746313057268584,5.830248044580597,5.694660852113939,5.823791980743408,860000,0.0,0.0
2024-05-03 00:00:00,5.914182613553044,5.998117594927918,5.843160990424833,5.881899833679199,929400,0.0,0.0
2024-05-06 00:00:00,5.933552616051049,5.959378719329834,5.901270448759721,5.959378719329834,678600,0.0,0.0
2024-05-07 00:00:00,5.985204543422767,6.03040006346713,5.856073430594104,5.8883562088012695,1205400,0.0,0.0
2024-05-08 00:00:00,5.8560742474652745,5.9400092362149906,5.8496181835175,5.901270389556885,695900,0.0,0.0
2024-05-09 00:00:00,5.862529451753437,6.036856065071333,5.810877258713181,5.972290515899658,1013900,0.0,0.0
2024-05-10 00:00:00,5.978748397728724,6.004574499448689,5.881900054471731,5.920639514923096,751600,0.0,0.0
2024-05-13 00:00:00,5.9787471939653685,5.998116612419786,5.940007741313821,5.972290515899658,546900,0.0,0.0
2024-05-14 00:00:00,6.004573290485496,6.011029968551206,5.946464419379531,5.972290515899658,749200,0.0,0.0
2024-05-15 00:00:00,6.036855523158718,6.062681617360505,5.985203334755143,6.030398845672607,865000,0.0,0.0
2024-05-16 00:00:00,6.030400161867173,6.082052361544352,5.998117383133239,6.069139003753662,748700,0.0,0.0
2024-05-17 00:00:00,6.043313550362854,6.075596332550049,6.0174874477616696,6.075596332550049,664800,0.0,0.0
2024-05-20 00:00:00,6.062682281099102,6.107877796964543,6.043312246520151,6.049768924713135,679100,0.0,0.0
2024-05-21 00:00:00,6.0562271551039855,6.069139899056738,5.99166158811158,6.011031627655029,778400,0.0,0.0
2024-05-22 00:00:00,6.017486933553764,6.069139134342335,5.927095890045166,5.927095890045166,465600,0.0,0.0
2024-05-23 00:00:00,5.940007998673187,5.946464677018642,5.720485860869633,5.726942539215088,867400,0.0,0.0
2024-05-24 00:00:00,5.778595776364379,5.91418296735138,5.7592263535784785,5.907726287841797,475600,0.0,0.0
2024-05-28 00:00:00,5.959378415026188,6.004574555263366,5.93355231306616,5.965835094451904,827200,0.0,0.0
2024-05-29 00:00:00,5.907724847213664,5.914181525148753,5.8496165930259485,5.894812107086182,448900,0.0,0.0
2024-05-30 00:00:00,5.933551063248111,5.991659934354077,5.907724966727983,5.972290515899658,537400,0.0,0.0
2024-05-31 00:00:00,6.01748734642556,6.01748734642556,5.972291821570307,5.998117923736572,534900,0.0,0.0
2024-06-03 00:00:00,6.043312072753906,6.062682106775902,5.998116558187994,6.043312072753906,693500,0.0,0.0
2024-06-04 00:00:00,6.030400965153648,6.036857644909062,5.946465975561877,5.959378719329834,638000,0.0,0.0
2024-06-05 00:00:00,5.985205530257572,6.03040105775373,5.927096643052294,6.02394437789917,510200,0.0,0.0
2024-06-06 00:00:00,6.0303999208277865,6.062682698271355,5.991660464746951,6.004573822021484,660100,0.0,0.0
2024-06-07 00:00:00,5.940010200688393,6.004575776592503,5.8883579862622915,5.914184093475342,907500,0.0,0.0
2024-06-10 00:00:00,5.868987859067463,5.88835728322892,5.836705074969772,5.849618434906006,1319100,0.0,0.0
2024-06-11 00:00:00,5.8302478718187825,5.856073973630827,5.778595668194694,5.81733512878418,545400,0.0,0.0
2024-06-12 00:00:00,5.920639417462262,5.946465518757098,5.849617792837169,5.85607385635376,1240000,0.0,0.0
2024-06-13 00:00:00,5.86898601108852,5.940007621146415,5.823790497028288,5.894812107086182,857800,0.0,0.0
2024-06-14 00:00:00,5.862530535613175,5.888356636908011,5.823791691542334,5.85607385635376,726500,0.0,0.0
2024-06-17 00:00:00,5.856072889122682,6.056225602906118,5.843160148479438,6.049768924713135,1388300,0.0,0.0
2024-06-18 00:00:00,6.0368562406549655,6.049768981419244,5.965834011351879,5.978747367858887,724000,0.0,0.0
2024-06-20 00:00:00,5.965835094451904,6.03685733664911,5.959378415026188,5.965835094451904,590700,0.0,0.0
2024-06-21 00:00:00,5.972292290361408,6.011031754523058,5.959378930393227,5.98520565032959,1288100,0.0,0.0
2024-06-24 00:00:00,6.004574947807213,6.049770475256169,5.978748844158827,6.011031627655029,410500,0.0,0.0
2024-06-25 00:00:00,6.017486030874204,6.043312127394333,5.972290515899658,5.972290515899658,803400,0.0,0.0
2024-06-26 00:00:00,5.965835610377318,6.0174878187642555,5.940009506183849,5.98520565032959,974700,0.0,0.0
2024-06-27 00:00:00,6.023942708939915,6.030399387005624,5.907724966727983,5.972290515899658,771600,0.0,0.0
2024-06-28 00:00:00,6.004573408847694,6.069138343549363,5.991660052461726,6.049768924713135,1536700,0.0,0.0
2024-07-01 00:00:00,6.075596538854178,6.088509898464687,5.9141832381800805,5.991661548614502,1818400,0.0,0.0
2024-07-02 00:00:00,6.011030431612298,6.08850872714124,5.959377618850245,6.062682628631592,1268900,0.0,0.0
2024-07-03 00:00:00,6.082053265104448,6.114336048634367,6.011031633932931,6.02394437789917,1168300,0.0,0.0
2024-07-05 00:00:00,6.023943844904897,6.044180877447422,5.936249179455736,5.942995071411133,1713300,0.4,0.0
2024-07-08 00:00:00,5.96997812770204,6.017198085784912,5.949740451389084,6.017198085784912,922800,0.0,0.0
2024-07-09 00:00:00,5.983468718642676,6.044180455354132,5.976722827158376,6.0239434242248535,626900,0.0,0.0
2024-07-10 00:00:00,6.044181542764317,6.260044962508984,6.044181542764317,6.253299713134766,1082100,0.0,0.0
2024-07-11 00:00:00,6.32075552991757,6.428687219636659,6.293772607487798,6.388213157653809,1624300,0.0,0.0
2024-07-12 00:00:00,6.415197341394923,6.543366087305081,6.415197341394923,6.502892017364502,1245400,0.0,0.0
2024-07-15 00:00:00,6.550110692600128,6.5568565840388535,6.4489248943137065,6.489398956298828,984600,0.0,0.0
2024-07-16 00:00:00,6.496144489268314,6.644550876112861,6.475907459392469,6.637804985046387,932500,0.0,0.0
2024-07-17 00:00:00,6.570347771505604,6.725500059109631,6.570347771505604,6.6580424308776855,975500,0.0,0.0
2024-07-18 00:00:00,6.583839725046905,6.61756854003668,6.408450401758986,6.455670356750488,1006400,0.0,0.0
2024-07-19 00:00:00,6.4219430364102585,6.475908890218435,6.246553689871823,6.293773651123047,2439400,0.0,0.0
2024-07-22 00:00:00,6.340992436284997,6.367975358184455,6.28028134450392,6.32750129699707,954000,0.0,0.0
2024-07-23 00:00:00,6.280281167142377,6.327501118301988,6.118382996994196,6.199331760406494,4409700,0.0,0.0
2024-07-24 00:00:00,6.152111612724891,6.219569235075411,6.050925822522677,6.057671070098877,1345300,0.0,0.0
2024-07-25 00:00:00,6.09814562025637,6.185840269797962,6.057670919189655,6.071162700653076,1687100,0.0,0.0
2024-07-26 00:00:00,6.172351281813381,6.19258896316767,6.091402486367745,6.1790971755981445,1221500,0.0,0.0
2024-07-29 00:00:00,6.20607865797777,6.246553367909601,6.145366914741868,6.165604591369629,1004900,0.0,0.0
2024-07-30 00:00:00,6.192588085131552,6.199333334636079,6.118384550668027,6.1723504066467285,866300,0.0,0.0
2024-07-31 00:00:00,6.206077990706313,6.219569773674197,6.104892191741668,6.125129222869873,1020400,0.0,0.0
2024-08-01 00:00:00,6.138620321323086,6.185840269797962,6.003705079983067,6.071162700653076,1152600,0.0,0.0
2024-08-02 00:00:00,6.010450899634455,6.064416738202836,5.936248032433816,5.990213871002197,1259100,0.0,0.0
2024-08-05 00:00:00,5.781096536062866,5.868791196278089,5.5854701842977175,5.6731648445129395,1915300,0.0,0.0
2024-08-06 00:00:00,5.754113858110495,5.85530030573847,5.6866568696821655,5.794588565826416,1592700,0.0,0.0
2024-08-07 00:00:00,5.895774427871622,5.97672320077259,5.855300363082969,5.875537395477295,947300,0.0,0.0
2024-08-08 00:00:00,5.922757612945126,5.976723463921835,5.875537654171429,5.909266471862793,802100,0.0,0.0
2024-08-09 00:00:00,5.86879101472172,5.9902144856208555,5.808079279272152,5.963231563568115,1299200,0.0,0.0
2024-08-12 00:00:00,5.969977952190255,5.990214984584582,5.801334514482323,5.875537395477295,1332000,0.0,0.0
2024-08-13 00:00:00,5.936249762099621,5.942995654717128,5.794589233750612,5.848555088043213,1623200,0.0,0.0
2024-08-14 00:00:00,5.895774351066976,5.895774351066976,5.814825579220533,5.8822832107543945,1185500,0.0,0.0
2024-08-15 00:00:00,5.95648624615219,5.976723278810752,5.855300439535711,5.868791580200195,2517800,0.0,0.0
2024-08-16 00:00:00,5.862045350584817,5.922757088387514,5.828317179204326,5.841808319091797,1650900,0.0,0.0
2024-08-19 00:00:00,5.875537318936278,5.889028459248859,5.841808503169347,5.8822832107543945,884200,0.0,0.0
2024-08-20 00:00:00,5.868792122572006,5.895775049718306,5.82831805351442,5.848555088043213,1318300,0.0,0.0
2024-08-21 00:00:00,5.889028599731015,5.895774491710054,5.8080798259535475,5.855300426483154,1051100,0.0,0.0
2024-08-22 00:00:00,5.862045289169557,5.868791180704433,5.754113597906041,5.760859489440918,893600,0.0,0.0
2024-08-23 00:00:00,5.781096989905797,5.875537549087818,5.781096989905797,5.862045764923096,1362600,0.0,0.0
2024-08-26 00:00:00,5.895774427871622,5.902520319777618,5.835062687364981,5.875537395477295,1085800,0.0,0.0
2024-08-27 00:00:00,5.868791580200195,5.8957745048528345,5.848554547541633,5.868791580200195,591000,0.0,0.0
2024-08-28 00:00:00,5.8687913643423855,5.902520179748535,5.862045472596427,5.902520179748535,1094000,0.0,0.0
2024-08-29 00:00:00,5.9025202428850925,5.94299495047014,5.848554394987463,5.8822832107543945,1140400,0.0,0.0
2024-08-30 00:00:00,5.902520502909304,5.9295034280468,5.862045793541221,5.916012287139893,1060000,0.0,0.0
2024-09-03 00:00:00,5.86879088625984,5.882282668652692,5.801333904266357,5.801333904266357,954800,0.0,0.0
2024-09-04 00:00:00,5.828317678369927,5.841808819412845,5.747368902141361,5.754114151000977,824300,0.0,0.0
2024-09-05 00:00:00,5.7878426873007705,5.83506264364159,5.767605655058084,5.808079719543457,633700,0.0,0.0
2024-09-06 00:00:00,5.808079687402416,5.909266134703209,5.794588547089835,5.8822832107543945,954100,0.0,0.0
2024-09-09 00:00:00,5.916012258258307,5.92275750701699,5.855300516164412,5.862045764923096,984700,0.0,0.0
2024-09-10 00:00:00,5.862045793541221,5.9295034280468,5.855300544749608,5.916012287139893,934800,0.0,0.0
2024-09-11 00:00:00,5.916012258258307,5.916012258258307,5.828317591158646,5.862045764923096,763400,0.0,0.0
2024-09-12 00:00:00,5.875537654171429,5.929503505148137,5.8553006208860845,5.909266471862793,538000,0.0,0.0
2024-09-13 00:00:00,5.922756797738879,5.996960315111273,5.902519767238953,5.983468532562256,1964200,0.0,0.0
2024-09-16 00:00:00,6.023944210197249,6.15211294850362,6.010452425468313,6.138621807098389,1540500,0.0,0.0
2024-09-17 00:00:00,6.152112007141113,6.212823742484139,6.138620867800221,6.152112007141113,1937900,0.0,0.0
2024-09-18 00:00:00,6.172349840255192,6.239807475700347,6.11163874034298,6.165604591369629,1755600,0.0,0.0
2024-09-19 00:00:00,6.266789019350723,6.30726372035765,6.212823180223852,6.246551990509033,1399800,0.0,0.0
2024-09-20 00:00:00,6.233060481418442,6.3005181049363586,6.179094639933539,6.192586421966553,1443300,0.0,0.0
2024-09-23 00:00:00,6.206077225275722,6.22631425390798,5.990213871002197,5.990213871002197,1509200,0.0,0.0
2024-09-24 00:00:00,6.037435236351186,6.1318757976798075,6.023944095203492,6.07790994644165,1115700,0.0,0.0
2024-09-25 00:00:00,6.1048915064148925,6.199331403293902,6.098145615688235,6.158857345581055,1079600,0.0,0.0
2024-09-26 00:00:00,6.226315562242572,6.233061454312018,6.165604463588586,6.20607852935791,872200,0.0,0.0
2024-09-27 00:00:00,6.253298710735928,6.314009805314373,6.233061035886147,6.287026882171631,991400,0.0,0.0
2024-09-30 00:00:00,6.300518773771867,6.354484620985548,6.287026990306624,6.334247589111328,1030800,0.0,0.0
2024-10-01 00:00:00,6.334249516028494,6.334249516028494,6.138623099537246,6.1790971755981445,2484400,0.0,0.0
2024-10-02 00:00:00,6.19258896316767,6.2398089330133315,6.145368349998169,6.1790971755981445,1875600,0.0,0.0
2024-10-03 00:00:00,6.206078800771956,6.219570585500892,6.118384130004984,6.138621807098389,1885400,0.0,0.0
2024-10-04 00:00:00,6.152112688622061,6.1790956136164,5.983469246576533,6.104892730712891,3462000,0.0,0.0
2024-10-07 00:00:00,6.111949946465888,6.111949946465888,5.8931622729491036,5.900219440460205,3333100,0.4,0.0
2024-10-08 00:00:00,5.893161715251494,5.999026621699479,5.879046035419677,5.977853775024414,2205300,0.0,0.0
2024-10-09 00:00:00,5.96373874439879,5.991969434062926,5.921393046438953,5.970796585083008,1614400,0.0,0.0
2024-10-10 00:00:00,5.935508159835931,6.020200230327999,5.928450319026739,6.013143062591553,1334600,0.0,0.0
2024-10-11 00:00:00,5.9990273809731685,6.013143062591553,5.963738849999953,6.013143062591553,942900,0.0,0.0
2024-10-14 00:00:00,5.9990262454051875,6.090776139338922,5.9707955605850085,6.083718299865723,907400,0.0,0.0
2024-10-15 00:00:00,6.104892253875732,6.140180784577591,6.076661563928793,6.104892253875732,961900,0.0,0.0
2024-10-16 00:00:00,6.147238341030305,6.224872566525716,6.133122660173298,6.217815399169922,928500,0.0,0.0
2024-10-17 00:00:00,6.2319299915224615,6.2319299915224615,6.154295771202289,6.168410778045654,917700,0.0,0.0
2024-10-18 00:00:00,6.175468900723805,6.224872436546334,6.175468900723805,6.203699588775635,586100,0.0,0.0
2024-10-21 00:00:00,6.210757783764531,6.217815624448748,5.96373874439879,5.970796585083008,1974300,0.0,0.0
2024-10-22 00:00:00,5.984911310663358,6.006084831715814,5.9143349263732725,5.935507774353027,937500,0.0,0.0
2024-10-23 00:00:00,5.935507316554788,5.963738002707965,5.850815258095258,5.907276630401611,956600,0.0,0.0
2024-10-24 00:00:00,5.914335139682014,6.069604267636521,5.914335139682014,6.055488586425781,1157300,0.0,0.0
2024-10-25 00:00:00,6.062545702071693,6.104891394494761,5.9566801248687336,5.963737964630127,1210000,0.0,0.0
2024-10-28 00:00:00,6.013142381406924,6.027257388353577,5.822584739582084,5.864931106567383,1395300,0.0,0.0
2024-10-29 00:00:00,5.836700656687107,5.85081566420711,5.730835071459954,5.808469295501709,1755800,0.0,0.0
2024-10-30 00:00:00,5.815526899572422,5.886103953523697,5.815526899572422,5.864931106567383,670600,0.0,0.0
2024-10-31 00:00:00,5.87904594681975,5.87904594681975,5.6955461502075195,5.6955461502075195,1032600,0.0,0.0
2024-11-01 00:00:00,5.75200749907495,5.766123178636456,5.68143112048536,5.688488960266113,1014100,0.0,0.0
2024-11-04 00:00:00,5.688488983470625,5.73789251599213,5.639084777876471,5.6955461502075195,725300,0.0,0.0
2024-11-05 00:00:00,5.6955460894276895,5.7590653008904376,5.639084717699167,5.744950294494629,985400,0.0,0.0
2024-11-06 00:00:00,5.744950394619526,5.773181080975801,5.363835455737159,5.639084815979004,4275200,0.0,0.0
2024-11-07 00:00:00,5.64614267060251,5.822584629058838,5.64614267060251,5.822584629058838,1762300,0.0,0.0
2024-11-08 00:00:00,5.829641616558823,6.013141388060591,5.80141093425644,5.893160820007324,1091100,0.0,0.0
2024-11-11 00:00:00,5.928448668080884,5.98491003268565,5.850814460017471,5.893160820007324,830500,0.0,0.0
2024-11-12 00:00:00,5.87198877319616,5.928450151932838,5.787296705091146,5.836700916290283,1092400,0.0,0.0
2024-11-13 00:00:00,5.871988971667402,5.928450352312454,5.794354741548642,5.801412582397461,1045200,0.0,0.0
2024-11-14 00:00:00,5.822584997246687,5.871988533355213,5.773181461138161,5.780238628387451,753200,0.0,0.0
2024-11-15 00:00:00,5.822584822645067,5.822584822645067,5.7378927605389505,5.787296295166016,726900,0.0,0.0
2024-11-18 00:00:00,5.759065759572656,5.836700656687107,5.709662223643602,5.808469295501709,926900,0.0,0.0
2024-11-19 00:00:00,5.759066104888916,5.8155274844997695,5.759066104888916,5.759066104888916,727200,0.0,0.0
2024-11-20 00:00:00,5.759066150720583,5.759066150720583,5.653201231375926,5.7026047706604,933300,0.0,0.0
2024-11-21 00:00:00,5.702603971036269,5.780238189464897,5.695546131250217,5.723776817321777,668500,0.0,0.0
2024-11-22 00:00:00,5.752007767686964,5.8155269825347204,5.744950600649297,5.787296295166016,720000,0.0,0.0
2024-11-25 00:00:00,5.815526922355641,5.921392503697298,5.815526922355641,5.871988296508789,1138900,0.0,0.0
2024-11-26 00:00:00,5.857873787506339,5.871988795708259,5.787296727278551,5.8437581062316895,604500,0.0,0.0
2024-11-27 00:00:00,5.864930137704941,5.963737189227002,5.864930137704941,5.893160820007324,833100,0.0,0.0
2024-11-29 00:00:00,5.928448668080884,5.93550650692462,5.886102981163589,5.893160820007324,683400,0.0,0.0
2024-12-02 00:00:00,5.893162703146813,5.970796936017974,5.871989179849682,5.921393394470215,1175000,0.0,0.0
2024-12-03 00:00:00,5.914335166459478,5.9425658559360475,5.8437581062316895,5.8437581062316895,1201500,0.0,0.0
2024-12-04 00:00:00,5.84375791118842,5.914334969060604,5.829642903457607,5.879046440124512,757000,0.0,0.0
2024-12-05 00:00:00,5.879045944248435,5.942565156361245,5.879045944248435,5.907276630401611,707600,0.0,0.0
2024-12-06 00:00:00,5.935508159835931,6.048430920492022,5.935508159835931,6.013143062591553,1235900,0.0,0.0
2024-12-09 00:00:00,6.041373232251149,6.104891774843097,6.034315392050037,6.06960391998291,1062900,0.0,0.0
2024-12-10 00:00:00,6.041373232251149,6.111949615044209,6.041373232251149,6.06960391998291,1244300,0.0,0.0
2024-12-11 00:00:00,6.083718642200052,6.0907764820704005,6.006084422844194,6.03431510925293,778200,0.0,0.0
2024-12-12 00:00:00,6.048430920492022,6.0978351330836205,6.013143062591553,6.013143062591553,682400,0.0,0.0
2024-12-13 00:00:00,6.020199491608895,6.020199491608895,5.935507431509114,5.98491096496582,1044500,0.0,0.0
2024-12-16 00:00:00,5.999027035722707,6.126065470685984,5.977854187586397,6.062546253204346,1773300,0.0,0.0
2024-12-17 00:00:00,6.020199796712199,6.090776853575188,5.963738420450887,5.991969108581543,1448500,0.0,0.0
2024-12-18 00:00:00,5.9990269432803975,6.104891855403325,5.766123598151798,5.773181438446045,1926300,0.0,0.0
2024-12-19 00:00:00,5.87198816204336,5.942565214654954,5.794353942628732,5.822584629058838,1603600,0.0,0.0
2024-12-20 00:00:00,5.822584571942081,6.027257214820775,5.702603987522917,5.907276630401611,5528300,0.0,0.0
2024-12-23 00:00:00,5.921392721025211,5.921392721025211,5.7520079192763065,5.808469295501709,1870800,0.0,0.0
2024-12-24 00:00:00,5.80846908231833,5.893161816620724,5.766123388239804,5.871988296508789,727100,0.0,0.0
2024-12-26 00:00:00,5.886104148476562,5.900219155890717,5.794354244530137,5.8296427726745605,2296600,0.0,0.0
2024-12-27 00:00:00,5.822584976094408,5.857873504503459,5.773181440165355,5.808469295501709,2819500,0.0,0.0
2024-12-30 00:00:00,5.808470157726301,5.808470157726301,5.6823602752759825,5.726869583129883,2464800,0.4,0.0
2024-12-31 00:00:00,5.741705824390882,5.993925580739228,5.726869388942657,5.971671104431152,1578000,0.0,0.0
2025-01-02 00:00:00,5.9716710759286356,6.090362558947925,5.9716710759286356,6.053271293640137,1527000,0.0,0.0
2025-01-03 00:00:00,6.075525276977787,6.142289407624299,6.045852408630114,6.127453327178955,1198100,0.0,0.0
2025-01-06 00:00:00,6.134872228158317,6.149708309829816,6.031016826629639,6.031016826629639,1500900,0.0,0.0
2025-01-07 00:00:00,6.045852677887076,6.112616811506983,5.971670857442638,6.001343727111816,1265500,0.0,0.0
2025-01-08 00:00:00,5.949415915919842,6.008761650608477,5.84556052648625,5.97908878326416,1554700,0.0,0.0
2025-01-10 00:00:00,5.897488902090881,5.897488902090881,5.697196835514586,5.712033271789551,2181100,0.0,0.0
2025-01-13 00:00:00,5.70461441513519,5.712032455348114,5.5488316796503785,5.637850284576416,1925700,0.0,0.0
2025-01-14 00:00:00,5.660105562137591,5.7491241741325405,5.660105562137591,5.734287738800049,1023300,0.0,0.0
2025-01-15 00:00:00,5.875234366302729,5.927161715886089,5.808470226862935,5.867815971374512,1415800,0.0,0.0
2025-01-16 00:00:00,5.852978326789084,6.0384342706897005,5.852978326789084,5.993924617767334,895200,0.0,0.0
2025-01-17 00:00:00,6.045852908301139,6.097780962794,5.993925561265322,6.031016826629639,923800,0.0,0.0
2025-01-21 00:00:00,6.082944403223071,6.120035669987135,6.0384354490718515,6.060689926147461,1051100,0.0,0.0
2025-01-22 00:00:00,6.053271072168625,6.082943941837804,5.986506938548719,6.001343727111816,900200,0.0,0.0
2025-01-23 00:00:00,6.0087621213933655,6.082943941837804,5.986506938548719,6.001343727111816,1212000,0.0,0.0
2025-01-24 00:00:00,6.031017065817956,6.075526020054712,5.949416844745855,6.023598670959473,1482600,0.0,0.0
2025-01-27 00:00:00,6.016179782980959,6.105198391615077,6.008762096187543,6.082943916320801,1257600,0.0,0.0
2025-01-28 00:00:00,6.0681082995341225,6.149708520160857,6.0681082995341225,6.120035648345947,1068200,0.0,0.0
2025-01-29 00:00:00,6.134872461208799,6.171963020525061,6.008762578653709,6.045853137969971,866300,0.0,0.0
2025-01-30 00:00:00,6.112616760642924,6.194217682146914,6.105198366423105,6.179380893707275,953100,0.0,0.0
2025-01-31 00:00:00,6.194218128010298,6.327745696293381,6.194218128010298,6.275818347930908,1225400,0.0,0.0
2025-02-03 00:00:00,6.142289866638384,6.260981348898907,6.112616996073253,6.1867995262146,990800,0.0,0.0
2025-02-04 00:00:00,6.1942183501179215,6.327745923188936,6.112617419814264,6.320328235626221,1183900,0.0,0.0
2025-02-05 00:00:00,6.335164059191953,6.401928196726315,6.327745664475456,6.372255325317383,1559500,0.0,0.0
2025-02-06 00:00:00,6.401928412646772,6.446437367532812,6.35000106279403,6.439019680023193,1175600,0.0,0.0
2025-02-07 00:00:00,6.439019671356567,6.446437358856201,6.335164264333787,6.446437358856201,1065100,0.0,0.0
2025-02-10 00:00:00,6.41676331199328,6.461272966129664,6.372254365313848,6.3945088386535645,1005300,0.0,0.0
2025-02-11 00:00:00,6.335164318208739,6.372255585850667,6.2980730505668125,6.320328235626221,952500,0.0,0.0
2025-02-12 00:00:00,6.201635597921299,6.253563651920603,6.171962727403285,6.223890781402588,1364800,0.0,0.0
2025-02-13 00:00:00,6.260980583701364,6.4316000991910585,6.231307716762758,6.3945088386535645,864000,0.0,0.0
2025-02-14 00:00:00,6.394509509155613,6.565129042535773,6.394509509155613,6.542873859405518,1176600,0.0,0.0
2025-02-18 00:00:00,6.5280375480651855,6.594801680189174,6.50578307317619,6.5280375480651855,986300,0.0,0.0
2025-02-19 00:00:00,6.513201442103328,6.631892930553773,6.513201442103328,6.602220058441162,978400,0.0,0.0
2025-02-20 00:00:00,6.579965332703276,6.698656816670881,6.579965332703276,6.646729469299316,1594900,0.0,0.0
2025-02-21 00:00:00,6.66156508886795,6.720911534191172,6.476109481171756,6.587383270263672,1882500,0.0,0.0
2025-02-24 00:00:00,6.602219839523828,6.617056628816711,6.498365144301855,6.550292491912842,1486800,0.0,0.0
2025-02-25 00:00:00,6.579965373737248,6.594802163054248,6.476109970889406,6.5132012367248535,1078800,0.0,0.0
2025-02-26 00:00:00,6.513200988783432,6.6244747820538565,6.5057833018643585,6.557710647583008,1014200,0.0,0.0
2025-02-27 00:00:00,6.572546729455498,6.57996512383225,6.505783302435811,6.542873859405518,1110700,0.0,0.0
2025-02-28 00:00:00,6.535456181168234,6.609638002663225,6.498364916692225,6.5206193923950195,1507600,0.0,0.0
2025-03-03 00:00:00,6.513200556778501,6.528037344546613,6.350000136071146,6.379673004150391,1247900,0.0,0.0
2025-03-04 00:00:00,6.305490961008107,6.394509572033376,6.260981301766955,6.3425822257995605,1203900,0.0,0.0
2025-03-05 00:00:00,6.3351633407707055,6.453854812946562,6.320327260477212,6.387090682983398,1155700,0.0,0.0
2025-03-06 00:00:00,6.34258174218709,6.424181952540767,6.34258174218709,6.379673004150391,1881000,0.0,0.0
2025-03-07 00:00:00,6.387090905312604,6.505783089077014,6.387090905312604,6.468691825866699,1350300,0.0,0.0
2025-03-10 00:00:00,6.446436419501315,6.5577102052663365,6.357417815363484,6.401927471160889,2213100,0.0,0.0
2025-03-11 00:00:00,6.401928717848981,6.424183196352949,6.157127331933979,6.260982036590576,2745200,0.0,0.0
2025-03-12 00:00:00,6.305491219489045,6.3129096142428445,6.231308686865172,6.275818347930908,1913000,0.0,0.0
2025-03-13 00:00:00,6.312909604425934,6.3425824759379275,6.260981548687149,6.298072814941406,1562300,0.0,0.0
2025-03-14 00:00:00,6.342583182433573,6.35741926611362,6.290655120910561,6.327746391296387,1779800,0.0,0.0
2025-03-17 00:00:00,6.35000083778878,6.4316010571598285,6.342582443084942,6.409346580505371,1260100,0.0,0.0
2025-03-18 00:00:00,6.38709160047976,6.528038274528108,6.38709160047976,6.49836540222168,2053100,0.0,0.0
2025-03-19 00:00:00,6.498365154864906,6.550292502560301,6.439019412511012,6.5132012367248535,2097000,0.0,0.0
2025-03-20 00:00:00,6.483527183532715,6.565128094985405,6.476108790226666,6.483527183532715,1910400,0.0,0.0
2025-03-21 00:00:00,6.453855762499512,6.513201507318954,6.424182890089791,6.439019680023193,2396800,0.0,0.0
2025-03-24 00:00:00,6.513200289321373,6.542873156182135,6.4464361620204205,6.490945816040039,1524900,0.0,0.0
2025-03-25 00:00:00,6.505782620266048,6.520618700006875,6.379672758912737,6.3945088386535645,2650200,0.0,0.0
2025-03-26 00:00:00,6.2535637113584945,6.298072663830038,5.934579819665234,6.031016826629639,7353600,0.0,0.0
2025-03-27 00:00:00,6.045853136459008,6.142290147062744,6.008762577152015,6.060689926147461,2835800,0.0,0.0
2025-03-28 00:00:00,6.082944343056928,6.082944343056928,5.823306539462157,5.882652282714844,2912200,0.0,0.0
2025-03-31 00:00:00,5.823305838306284,5.904906402317869,5.771378496076768,5.852978706359863,2911500,0.0,0.0
2025-04-01 00:00:00,5.852979033636669,6.016179817056929,5.786215253647181,5.964252471923828,3814400,0.0,0.0
2025-04-02 00:00:00,5.94199800491333,5.956834086062206,5.778796867533579,5.94199800491333,4024100,0.0,0.0
2025-04-03 00:00:00,5.815888157639186,5.949416425862205,5.771378852807684,5.8455610275268555,3525900,0.0,0.0
2025-04-04 00:00:00,5.756542681294863,5.756542681294863,5.296612469531645,5.400467872619629,4498100,0.0,0.0
2025-04-07 00:00:00,5.151454817451428,5.493847635220458,4.879097003856886,5.104764938354492,5877500,0.34,0.0
2025-04-08 00:00:00,5.190363124648754,5.353777883525114,4.995821780372912,5.058074951171875,4848300,0.0,0.0
2025-04-09 00:00:00,4.956912938095147,5.314869010556656,4.5600488227492955,5.283742427825928,6029100,0.0,0.0
2025-04-10 00:00:00,5.198144287363985,5.2370527024110824,4.7545902853294315,4.92578649520874,2845200,0.0,0.0
2025-04-11 00:00:00,4.9024419376815125,4.980258399807313,4.676774011987611,4.941349983215332,3160400,0.0,0.0
2025-04-14 00:00:00,4.995821866062477,5.120328209795966,4.918005401229047,5.02694845199585,2849800,0.0,0.0
2025-04-15 00:00:00,5.058074541803184,5.182580873324351,4.949131501722164,5.096982955932617,1546600,0.0,0.0
2025-04-16 00:00:00,5.058074405820223,5.1358908609289085,4.995821241733275,5.019165992736816,1440000,0.0,0.0
2025-04-17 00:00:00,5.019166661676398,5.2137080109050675,5.003603368580432,5.182581424713135,1303000,0.0,0.0
2025-04-21 00:00:00,5.128109538812909,5.143672830253055,4.98803954479346,5.096982955932617,1278700,0.0,0.0
2025-04-22 00:00:00,5.15923658416375,5.400467808638886,5.15923658416375,5.3615593910217285,1642100,0.0,0.0
2025-04-23 00:00:00,5.509410569890142,5.54053715393012,5.3537776496902545,5.377122402191162,1233200,0.0,0.0
2025-04-24 00:00:00,5.408248287776859,5.5327549789153645,5.353776958270735,5.501628398895264,1424800,0.0,0.0
2025-04-25 00:00:00,5.509409929090194,5.696169782666155,5.4627200584607305,5.657261371612549,1974500,0.0,0.0
2025-04-28 00:00:00,5.672824571246151,5.797330890936767,5.649479821833212,5.7584228515625,1418500,0.0,0.0
2025-04-29 00:00:00,5.766204946140293,5.828458112842558,5.711733610804884,5.812894821166992,1482800,0.0,0.0
2025-04-30 00:00:00,5.750641711119003,5.7739868343914145,5.62613537648786,5.703951835632324,1053800,0.0,0.0
2025-05-01 00:00:00,5.719515474145581,5.805113769922044,5.68838888860108,5.727297306060791,1168100,0.0,0.0
2025-05-02 00:00:00,5.797331501206888,5.812894792806523,5.727296874537603,5.73507833480835,1105800,0.0,0.0
2025-05-05 00:00:00,5.69617037524695,5.750641711119003,5.657261960145646,5.703951835632324,1088500,0.0,0.0
2025-05-06 00:00:00,5.6883889338666505,5.7506421054510355,5.5716640516168425,5.5872273445129395,1360100,0.0,0.0
2025-05-07 00:00:00,5.633917499815747,5.719515800476074,5.595009451194282,5.719515800476074,1271000,0.0,0.0
2025-05-08 00:00:00,5.773987531800762,5.890712420145111,5.71173435696596,5.797332286834717,1418400,0.0,0.0
2025-05-09 00:00:00,5.836239731716488,5.882929605043245,5.742859985062975,5.867366313934326,1298900,0.0,0.0
2025-05-12 00:00:00,5.991872642805676,6.022999225023514,5.859584853908931,5.867366313934326,1374900,0.0,0.0
2025-05-13 00:00:00,5.898492881503518,5.945182754714322,5.859584839356912,5.937401294708252,1006900,0.0,0.0
2025-05-14 00:00:00,5.945183166391376,5.984091582290342,5.890711829402608,5.89849328994751,1146900,0.0,0.0
2025-05-15 00:00:00,5.906275574195811,5.984092040899289,5.851803861974285,5.968528747558594,1298200,0.0,0.0
2025-05-16 00:00:00,5.9918734590902,6.038563709835788,5.960746872631927,6.007436752319336,1002400,0.0,0.0
2025-05-19 00:00:00,5.914056285211727,6.007436033411826,5.8751482423240855,5.984091281890869,999500,0.0,0.0
2025-05-20 00:00:00,5.960745730146132,6.054125842681127,5.960745730146132,5.991872310638428,1036100,0.0,0.0
2025-05-21 00:00:00,5.95296523678751,5.960746697644551,5.719515474145581,5.727297306060791,1532500,0.0,0.0
2025-05-22 00:00:00,5.657261960145646,5.758423542562522,5.548318917343396,5.703951835632324,1689400,0.0,0.0
2025-05-23 00:00:00,5.626136038514731,5.750642387796522,5.626136038514731,5.719515800476074,1139500,0.0,0.0
2025-05-27 00:00:00,5.781767881656156,5.789549712543646,5.641698265204418,5.742859840393066,1619500,0.0,0.0
2025-05-28 00:00:00,5.735079111999915,5.84402253901901,5.735079111999915,5.797332286834717,1182700,0.0,0.0
2025-05-29 00:00:00,5.844021713336572,5.914056339601669,5.812894759258803,5.875148296356201,1023000,0.0,0.0
2025-05-30 00:00:00,5.851802875411085,5.851802875411085,5.742859840393066,5.742859840393066,1211500,0.0,0.0
2025-06-02 00:00:00,5.711734187449148,5.742860773942752,5.657262475556249,5.66504430770874,973100,0.0,0.0
2025-06-03 00:00:00,5.688388169384469,5.8673661991651835,5.657261587775485,5.820676326751709,1146800,0.0,0.0
2025-06-04 00:00:00,5.8284577866248934,5.8673661991651835,5.781767914211419,5.820676326751709,740600,0.0,0.0
2025-06-05 00:00:00,5.836240161276074,5.914056622548125,5.805113576767255,5.859585285186768,1074400,0.0,0.0
2025-06-06 00:00:00,5.906275076391753,5.960746412964038,5.875148492333833,5.890711784362793,1038400,0.0,0.0
2025-06-09 00:00:00,5.921838718294629,6.022999936930599,5.914056886291307,5.960746765136719,1041200,0.0,0.0
2025-06-10 00:00:00,6.007436470988469,6.038563427047232,5.945183300987266,6.0229997634887695,1314100,0.0,0.0
2025-06-11 00:00:00,6.07747175737954,6.093035050608676,5.9918734590902,6.007436752319336,886200,0.0,0.0
2025-06-12 00:00:00,5.999655030042281,6.100816617156745,5.991873198237401,6.054126739501953,827700,0.0,0.0
2025-06-13 00:00:00,5.984091281890869,6.061907738724287,5.97630945067846,5.984091281890869,950400,0.0,0.0
2025-06-16 00:00:00,6.0307815502882764,6.100816551546364,6.007436426182861,6.015218257904053,1047200,0.0,0.0
2025-06-17 00:00:00,5.991872642805676,6.038562887190562,5.859584853908931,5.867366313934326,1249100,0.0,0.0
2025-06-18 00:00:00,5.867367093256357,6.007436731841113,5.84402233902132,5.929620265960693,1428500,0.0,0.0
2025-06-20 00:00:00,5.9607468074945515,5.999655225671302,5.921838760375977,5.921838760375977,1638800,0.0,0.0
2025-06-23 00:00:00,5.93740149112971,5.984091365885111,5.8128947873904995,5.952964782714844,1203700,0.0,0.0
2025-06-24 00:00:00,5.991873133798637,6.061908135056725,5.991873133798637,6.015218257904053,1189600,0.0,0.0
2025-06-25 00:00:00,6.007436621047975,6.069690163662369,5.984091867243478,6.0307817459106445,960000,0.0,0.0
2025-06-26 00:00:00,6.069689237836167,6.124160569110115,6.038562656805878,6.108597278594971,1228700,0.0,0.0
2025-06-27 00:00:00,6.131942635177732,6.163069217402339,6.054126179616214,6.08525276184082,1802700,0.0,0.0
2025-06-30 00:00:00,6.1319428330765815,6.170850876583972,6.069689666618243,6.100816249847412,1681300,0.0,0.0
2025-07-01 00:00:00,6.100816878715064,6.225323224465762,6.069690292277389,6.155288219451904,3236700,0.0,0.0
2025-07-02 00:00:00,6.201977515892042,6.295357637482043,6.1630694720328405,6.256449222564697,3802800,0.0,0.0
2025-07-03 00:00:00,6.310920321662926,6.3653923973522595,6.272012650320024,6.279793739318848,2686100,0.0,0.0
2025-07-07 00:00:00,6.263546021336466,6.320413634116383,6.141687072453169,6.1660590171813965,3447100,0.34,0.0
2025-07-08 00:00:00,6.166059711277101,6.279794562260822,6.1579355996602105,6.214803218841553,1513300,0.0,0.0
2025-07-09 00:00:00,6.255422896683234,6.320414630410251,6.247299172079219,6.304166793823242,2452000,0.0,0.0
2025-07-10 00:00:00,6.271670733270243,6.393529701362302,6.271670733270243,6.304166793823242,1743300,0.0,0.0
2025-07-11 00:00:00,6.255422286673842,6.3041661790604975,6.198555057854317,6.222926616668701,1816600,0.0,0.0
2025-07-14 00:00:00,6.206678732685877,6.222926567560228,6.117315834566422,6.141687393188477,1821800,0.0,0.0
2025-07-15 00:00:00,6.166059838872485,6.190431399469555,6.076696546132298,6.08482027053833,1940300,0.0,0.0
2025-07-16 00:00:00,6.084819879519487,6.149811607486148,5.979209144753924,6.068572044372559,2272600,0.0,0.0
2025-07-17 00:00:00,6.076695934180843,6.11731571425732,5.979208926852015,6.0198283195495605,2062000,0.0,0.0
2025-07-18 00:00:00,6.08482007488156,6.092944186405334,5.96296150105662,5.995457172393799,1994400,0.0,0.0
2025-07-21 00:00:00,6.044200563698801,6.044200563698801,5.8492261520290585,5.873598098754883,2370300,0.0,0.0
2025-07-22 00:00:00,5.873597975770804,6.019828490927057,5.865473864572652,5.987332820892334,1949500,0.0,0.0
2025-07-23 00:00:00,6.027953081553453,6.182307720184326,6.019828969709157,6.182307720184326,1743500,0.0,0.0
2025-07-24 00:00:00,6.190431357782645,6.247298977757807,6.1579356856194,6.1985554695129395,2180000,0.0,0.0
2025-07-25 00:00:00,6.166059218949081,6.27166994988344,6.092943769750812,6.255422115325928,2395400,0.0,0.0
2025-07-28 00:00:00,6.247298562862029,6.336661849065639,6.149811552846605,6.222926616668701,2081200,0.0,0.0
2025-07-29 00:00:00,6.239174842834473,6.29604246259824,6.174183498749577,6.239174842834473,1601500,0.0,0.0
2025-07-30 00:00:00,6.247298977757807,6.296042486002674,6.174183521701022,6.1985554695129395,1217300,0.0,0.0
2025-07-31 00:00:00,6.182307021947884,6.190430745495705,6.109191573122848,6.13356351852417,1406600,0.0,0.0
2025-08-01 00:00:00,6.149811418882239,6.198554922828147,6.092943803922545,6.15793514251709,1374400,0.0,0.0
2025-08-04 00:00:00,6.190430543550383,6.296041657879298,6.182306820267575,6.263545989990234,915500,0.0,0.0
2025-08-05 00:00:00,6.287918569857252,6.33666246699726,6.198555662318192,6.304166793823242,1603300,0.0,0.0
2025-08-06 00:00:00,6.287917907057629,6.287917907057629,6.125439558314127,6.141687393188477,1261800,0.0,0.0
2025-08-07 00:00:00,6.149812283808849,6.198555794610179,6.133564446875073,6.1741838455200195,1006300,0.0,0.0
2025-08-08 00:00:00,6.214803392803565,6.271670626197746,6.174183608340029,6.182307720184326,911400,0.0,0.0
2025-08-11 00:00:00,6.174183166517068,6.190431001663996,6.060448320488567,6.068572044372559,1008600,0.0,0.0
2025-08-12 00:00:00,6.1173158828414635,6.231050727859458,6.101068047838893,6.222926616668701,1232000,0.0,0.0
2025-08-13 00:00:00,6.25542187932851,6.287917547217574,6.157934875661319,6.263545989990234,1595000,0.0,0.0
2025-08-14 00:00:00,6.206678611653393,6.27166994988344,6.182307053506592,6.255422115325928,1073300,0.0,0.0
2025-08-15 00:00:00,6.263546639428556,6.296042310686946,6.222926856666089,6.231050968170166,916800,0.0,0.0
2025-08-18 00:00:00,6.214802519258931,6.263546021336466,6.1660590171813965,6.1660590171813965,845100,0.0,0.0
2025-08-19 00:00:00,6.206678408556549,6.255421910634084,6.157934906479014,6.1660590171813965,723100,0.0,0.0
2025-08-20 00:00:00,6.166059625653386,6.239174692295284,6.166059625653386,6.231050968170166,899500,0.0,0.0
2025-08-21 00:00:00,6.206678646462998,6.206678646462998,6.149811418882239,6.15793514251709,658100,0.0,0.0
2025-08-22 00:00:00,6.166059355326679,6.352909650560183,6.166059355326679,6.3366618156433105,1975200,0.0,0.0
2025-08-25 00:00:00,6.328538593557823,6.344786430757267,6.2716709696702715,6.2960429191589355,1467600,0.0,0.0
2025-08-26 00:00:00,6.27167017352507,6.33666190145159,6.263546449646097,6.320414066314697,1264800,0.0,0.0
2025-08-27 00:00:00,6.296042681840247,6.344786191601274,6.263547008666229,6.304166793823242,784900,0.0,0.0
2025-08-28 00:00:00,6.312290518427256,6.320414630410251,6.263547008666229,6.304166793823242,535800,0.0,0.0
2025-08-29 00:00:00,6.31229025832583,6.361033766078354,6.296042422408322,6.352910041809082,1266100,0.0,0.0
2025-09-02 00:00:00,6.312290518427256,6.352910303584269,6.263547008666229,6.304166793823242,1170600,0.0,0.0
2025-09-03 00:00:00,6.287917887655275,6.442272512174787,6.263546329108422,6.434148788452148,1235800,0.0,0.0
2025-09-04 00:00:00,6.434149480397654,6.50726493865912,6.401653807254553,6.482892990112305,3033500,0.0,0.0
2025-09-05 00:00:00,6.5235123878516905,6.556008060994792,6.450397316969204,6.482892990112305,2809000,0.0,0.0
2025-09-08 00:00:00,6.491015859779847,6.49913997068509,6.4016529640957565,6.40977668762207,1626000,0.0,0.0
2025-09-09 00:00:00,6.4097768586952455,6.442272528425647,6.361033354099644,6.377281188964844,1431800,0.0,0.0
2025-09-10 00:00:00,6.377281052887259,6.409776721924272,6.2879177693460075,6.312289714813232,1524300,0.0,0.0
2025-09-11 00:00:00,6.336662269896214,6.336662269896214,6.1985554695129395,6.1985554695129395,1661100,0.0,0.0
2025-09-12 00:00:00,6.182306936352014,6.239174162536206,6.141687157038513,6.149811267852783,1441500,0.0,0.0
2025-09-15 00:00:00,6.174182911021133,6.182307021947884,6.092943738648276,6.13356351852417,2357400,0.0,0.0
2025-09-16 00:00:00,6.14981206893563,6.157935793429183,6.101068559837389,6.1254401206970215,1127400,0.0,0.0
2025-09-17 00:00:00,6.133564446875073,6.255423030188904,6.133564446875073,6.1741838455200195,1616700,0.0,0.0
2025-09-18 00:00:00,6.190430688658877,6.198554799511037,6.036076068878174,6.036076068878174,2233600,0.0,0.0
2025-09-19 00:00:00,6.06044869057121,6.068572414951278,5.962961673736572,5.962961673736572,2689200,0.0,0.0
2025-09-22 00:00:00,5.987332858804965,5.987332858804965,5.889845848083496,5.889845848083496,1572800,0.0,0.0
2025-09-23 00:00:00,5.9304653725507634,6.019828268149704,5.91421753813469,5.938589096069336,1495400,0.0,0.0
2025-09-24 00:00:00,5.930465543427924,5.938589267180569,5.865473816512065,5.906093597412109,1287800,0.0,0.0
2025-09-25 00:00:00,5.906093645805527,6.003580655909695,5.873597975770804,5.987332820892334,1463900,0.0,0.0
2025-09-26 00:00:00,5.995456830737483,6.084819728132822,5.954837050191284,6.060448169708252,1133300,0.0,0.0
2025-09-29 00:00:00,6.11731571425732,6.11731571425732,5.987332650439952,6.0198283195495605,1796400,0.0,0.0
2025-09-30 00:00:00,6.027952549068026,6.149811504315122,6.0035806030670305,6.141687393188477,1636900,0.0,0.0
2025-10-01 00:00:00,6.1498116036878425,6.344785625330564,6.1498116036878425,6.320414066314697,2257100,0.0,0.0
2025-10-02 00:00:00,6.320414369974066,6.4016535495616065,6.279794586490813,6.352910041809082,2717300,0.0,0.0
2025-10-03 00:00:00,6.393529701362302,6.458521047710338,6.304166793823242,6.304166793823242,4193100,0.0,0.0
2025-10-06 00:00:00,6.304165874793268,6.389127597136281,6.270181185856063,6.363638877868652,1824900,0.34,0.0
2025-10-07 00:00:00,6.33815155200422,6.414617316600549,6.287174510649837,6.397624969482422,3234800,0.0,0.0
2025-10-08 00:00:00,6.406120209623336,6.516570655854989,6.363639144109788,6.414616584777832,2036500,0.0,0.0
2025-10-09 00:00:00,6.440105503111408,6.474090196653196,6.329655046535844,6.372136116027832,1603800,0.0,0.0
2025-10-10 00:00:00,6.372135136564923,6.431608543686128,6.185219350815974,6.210707664489746,1660400,0.0,0.0
2025-10-13 00:00:00,6.253189655171093,6.278677972626296,6.074769812466668,6.244693279266357,1598400,0.0,0.0
2025-10-14 00:00:00,6.185219631213589,6.236196666001542,6.134242191296176,6.159730911254883,2752200,0.0,0.0
2025-10-15 00:00:00,6.168227195739746,6.193715510194845,6.134242101250524,6.168227195739746,1494900,0.0,0.0
2025-10-16 00:00:00,6.176722895171853,6.210707583044178,6.083264800958242,6.117249488830566,1456300,0.0,0.0
2025-10-17 00:00:00,6.074769054406686,6.1767231217638265,6.032287990443152,6.134242057800293,891200,0.0,0.0
2025-10-20 00:00:00,6.142738393105791,6.270181179046631,6.108753704205493,6.270181179046631,1220500,0.0,0.0
2025-10-21 00:00:00,6.270181491189795,6.270181491189795,6.151234668987875,6.185219764709473,1192500,0.0,0.0
2025-10-22 00:00:00,6.193715515780929,6.270181269474099,6.168227201302843,6.261684894561768,1339800,0.0,0.0
2025-10-23 00:00:00,6.261684894561768,6.338150648254937,6.25318892477889,6.261684894561768,1348200,0.0,0.0
2025-10-24 00:00:00,6.304166093073315,6.389127818358104,6.261685027866189,6.287173748016357,1360900,0.0,0.0
2025-10-27 00:00:00,6.295669277296339,6.389127371132466,6.287173307927291,6.346646308898926,1547100,0.0,0.0
2025-10-28 00:00:00,6.3466466180378145,6.355142992950146,6.23619658008368,6.261684894561768,1170400,0.0,0.0
2025-10-29 00:00:00,6.253189371405805,6.321158755041278,6.1767236122511555,6.202212333679199,1334600,0.0,0.0
2025-10-30 00:00:00,6.185219689608614,6.210708004678498,6.074769243960549,6.091761589050293,2015400,0.0,0.0
2025-10-31 00:00:00,6.261685787407891,6.423113287594857,6.134242981457178,6.397624969482422,2435700,0.0,0.0
2025-11-03 00:00:00,6.372135135145391,6.4061198234558105,6.278677039727015,6.4061198234558105,1484600,0.0,0.0
2025-11-04 00:00:00,6.346646467863342,6.542058629799131,6.338150498281496,6.533562660217285,1585900,0.0,0.0
2025-11-05 00:00:00,6.53356367268428,6.584540713463294,6.525067296656357,6.559051990509033,1207700,0.0,0.0
2025-11-06 00:00:00,6.5675470959888775,6.584539439627901,6.4910813470485555,6.5505547523498535,1099500,0.0,0.0
2025-11-07 00:00:00,6.550554949966929,6.627020701214069,6.525066231174735,6.601531982421875,1516600,0.0,0.0
2025-11-10 00:00:00,6.627021783343892,6.627021783343892,6.525067296656357,6.559051990509033,1133300,0.0,0.0
2025-11-11 00:00:00,6.593036811733306,6.694990888996112,6.576044060393348,6.6779985427856445,1639900,0.0,0.0
2025-11-12 00:00:00,6.6949906955920016,6.70348666588706,6.57604387042536,6.627021312713623,1196700,0.0,0.0
2025-11-13 00:00:00,6.593036805359805,6.610029151553847,6.482586352533793,6.516571044921875,1550100,0.0,0.0
2025-11-14 00:00:00,6.4655938148498535,6.525066822202855,6.414616777777504,6.4655938148498535,988500,0.0,0.0
2025-11-17 00:00:00,6.474089398203058,6.508074087553511,6.431608739079719,6.457097053527832,942700,0.0,0.0
2025-11-18 00:00:00,6.448601055691657,6.4995780894954915,6.406119991623735,6.491081714630127,811300,0.0,0.0
2025-11-19 00:00:00,6.4910821308212885,6.516570851922203,6.44860146915907,6.4655938148498535,957700,0.0,0.0
2025-11-20 00:00:00,6.499578117780625,6.550555151806304,6.4231123641773795,6.457097053527832,974200,0.0,0.0
2025-11-21 00:00:00,6.482585952586508,6.635517058897696,6.457097232303244,6.6100287437438965,1523300,0.0,0.0
2025-11-24 00:00:00,6.661006095676183,6.661006095676183,6.567547990369542,6.61852502822876,2676800,0.0,0.0
2025-11-25 00:00:00,6.661004945337262,6.771454972393048,6.6270202593001875,6.762959003448486,1608500,0.0,0.0
2025-11-26 00:00:00,6.745967406913082,6.941379575814537,6.73747103189893,6.907394886016846,1695300,0.0,0.0
2025-11-28 00:00:00,6.8904021687633215,6.992356238641349,6.8904021687633215,6.966867923736572,816100,0.0,0.0
2025-12-01 00:00:00,6.881906221944882,6.992355850487363,6.881906221944882,6.958371162414551,1658900,0.0,0.0
2025-12-02 00:00:00,6.983861512254398,6.983861512254398,6.890402995952372,6.915892124176025,946500,0.0,0.0
2025-12-03 00:00:00,6.949875598090506,6.966867536997473,6.9243864743417385,6.958371162414551,1076800,0.0,0.0
2025-12-04 00:00:00,6.949876519164355,7.017845904318027,6.949876519164355,6.992356777191162,855700,0.0,0.0
2025-12-05 00:00:00,6.983860532652282,7.136791229248047,6.983860532652282,7.136791229248047,1447200,0.0,0.0
2025-12-08 00:00:00,7.111303029316192,7.119799404335736,6.992356209819323,7.000852584838867,1623100,0.0,0.0
2025-12-09 00:00:00,7.000852551454512,7.060326366048798,6.91589123244097,6.941379547119141,1030900,0.0,0.0
2025-12-10 00:00:00,6.907395748101474,6.983861512254398,6.8394263600231024,6.915892124176025,1200700,0.0,0.0
2025-12-11 00:00:00,6.924387037619551,6.966868103730991,6.847922090929691,6.856417655944824,1435000,0.0,0.0
2025-12-12 00:00:00,6.873409838164082,6.966867527674531,6.856417089020977,6.864913463592529,1267600,0.0,0.0
2025-12-15 00:00:00,6.983860611755369,6.983860611755369,6.898898482482912,6.941379547119141,1172200,0.0,0.0
2025-12-16 00:00:00,6.966867952735075,6.992356267745943,6.924386887544346,6.932883262634277,1088400,0.0,0.0
2025-12-17 00:00:00,6.975364090065854,7.0858145316934165,6.975364090065854,7.017845153808594,1357300,0.0,0.0
2025-12-18 00:00:00,7.068822704741484,7.170776784876139,7.060327139091182,7.145288467407227,1664500,0.0,0.0
2025-12-19 00:00:00,7.366188414851806,7.672050615201417,7.281226287403022,7.502127170562744,6535600,0.0,0.0
2025-12-22 00:00:00,7.502128001395207,7.6295703964232535,7.502128001395207,7.544609069824219,2419600,0.0,0.0
2025-12-23 00:00:00,7.536111604917192,7.561599918187262,7.315210729219602,7.323707103729248,3131600,0.0,0.0
2025-12-24 00:00:00,7.366188554623857,7.383180494280695,7.264234485906095,7.3322038650512695,1555500,0.0,0.0
2025-12-26 00:00:00,7.383180104779034,7.417164792558751,7.315210729219602,7.323707103729248,2731800,0.0,0.0
2025-12-29 00:00:00,7.412371633128692,7.4655708468376805,7.323707404377466,7.403505802154541,2498300,0.36,0.0
2025-12-30 00:00:00,7.430105833531554,7.474438375749137,7.376906613755873,7.39463996887207,2150200,0.0,0.0
2025-12-31 00:00:00,7.394639095280873,7.5010366766896786,7.394639095280873,7.456704139709473,1692900,0.0,0.0
2026-01-02 00:00:00,7.465571369199914,7.580835635657024,7.403506320174115,7.51876974105835,2055300,0.0,0.0
2026-01-05 00:00:00,7.518770911550853,7.598569327334083,7.403507472722862,7.53650426864624,2457300,0.0,0.0
2026-01-06 00:00:00,7.545370578765869,7.589703123766645,7.447838810649568,7.545370578765869,2436600,0.0,0.0
2026-01-07 00:00:00,7.589702312824389,7.62516817592097,7.4833038779617675,7.51876974105835,2393600,0.0,0.0
2026-01-08 00:00:00,7.465570816220077,7.59856758158788,7.412371602729268,7.456704139709473,2381200,0.0,0.0
2026-01-09 00:00:00,7.58083523214585,7.749297861494499,7.554236047632448,7.5719685554504395,3114600,0.0,0.0
2026-01-12 00:00:00,7.501038361820424,7.864563724694108,7.501038361820424,7.8379645347595215,3158000,0.0,0.0
2026-01-13 00:00:00,7.882297104988619,7.997561389143061,7.793632010847355,7.944362163543701,2655200,0.0,0.0
2026-01-14 00:00:00,7.944362293248349,8.07735909105863,7.855697197659483,8.059626579284668,2455400,0.0,0.0
2026-01-15 00:00:00,8.07735845361037,8.263554463194374,8.033026754887521,8.245821952819824,2316200,0.0,0.0
2026-01-16 00:00:00,8.254688080700005,8.423150723110133,8.254688080700005,8.343352317810059,2580700,0.0,0.0
2026-01-20 00:00:00,8.2458210696962,8.263553578171607,8.103957619601507,8.157155990600586,2955800,0.0,0.0
2026-01-21 00:00:00,8.210355802139834,8.228088311900233,7.908895526056719,8.01529312133789,4155700,0.0,0.0
2026-01-22 00:00:00,8.068491268173608,8.103957128548254,7.997559547424316,7.997559547424316,3500800,0.0,0.0
2026-01-23 00:00:00,8.024158397690456,8.077356763254185,7.935493327653878,7.970959186553955,4565000,0.0,0.0
2026-01-26 00:00:00,7.90805615975363,7.97994750926855,7.863123852053683,7.9350152015686035,2908200,0.12,0.0
2026-01-27 00:00:00,7.9440017501214015,8.105757713317871,7.8990694428987736,8.105757713317871,2537500,0.0,0.0
2026-01-28 00:00:00,8.087784710415988,8.132717019098578,7.979947683785276,8.042852401733398,2462300,0.0,0.0
2026-01-29 00:00:00,7.997919082641602,8.069810424646422,7.926027740636782,7.997919082641602,2320000,0.0,0.0
2026-01-30 00:00:00,7.997919553660852,8.015892818726751,7.674408495586715,7.719340801239014,3185500,0.0,0.0
2026-02-02 00:00:00,7.809205743786941,8.006907404532045,7.701368708020315,7.9889349937438965,3290800,0.0,0.0
2026-02-03 00:00:00,7.979947566986084,8.096771225045917,7.809204967893832,7.979947566986084,2980600,0.0,0.0
2026-02-04 00:00:00,7.997920770631681,7.997920770631681,7.85413805627618,7.9889349937438965,2214800,0.0,0.0
2026-02-05 00:00:00,7.997919376280365,8.024879273281288,7.854136686991831,7.890082359313965,2446600,0.0,0.0
2026-02-06 00:00:00,7.809205068914039,7.926028728485107,7.809205068914039,7.926028728485107,3080500,0.0,0.0
2026-02-09 00:00:00,7.863124010643958,7.935015361608844,7.701368042466709,7.926028728485107,2266700,0.0,0.0
2026-02-10 00:00:00,7.926028030721786,7.961973703039773,7.854136686085812,7.917042255401611,1675200,0.0,0.0
2026-02-11 00:00:00,7.952987321301728,8.096769999610201,7.952987321301728,8.015892028808594,2593300,0.0,0.0
2026-02-12 00:00:00,8.078797340393066,8.240553294091292,8.060824932766835,8.078797340393066,2719500,0.0,0.0
2026-02-13 00:00:00,8.006905883365917,8.051838187318836,7.82717752456665,7.82717752456665,3251100,0.0,0.0
2026-02-17 00:00:00,7.836165911527518,7.863124957131295,7.710355603688878,7.809206008911133,2053500,0.0,0.0
2026-02-18 00:00:00,7.818189689350193,7.899067652617876,7.791230653931727,7.86312198638916,1736600,0.0,0.0
2026-02-19 00:00:00,7.8631230713985305,7.8631230713985305,7.710353754593224,7.7373127937316895,3742700,0.0,0.0
2026-02-20 00:00:00,7.737313329635174,7.809204676992036,7.674408614951034,7.782245635986328,2345500,0.0,0.0
2026-02-23 00:00:00,7.800219142487852,7.89008290095598,7.6025175026379905,7.656436443328857,3650600,0.0,0.0
2026-02-24 00:00:00,7.601746348595372,7.683779720153012,7.5470571444718075,7.638205528259277,3088900,0.12,0.0
2026-02-25 00:00:00,7.656436322812847,7.674666351175807,7.474140385461226,7.647322177886963,2476900,0.0,0.0
2026-02-26 00:00:00,7.647322067939923,7.793158815724497,7.5744036940476365,7.73846960067749,2686900,0.0,0.0
2026-02-27 00:00:00,7.683781147003174,7.765814533794115,7.6199769188015685,7.683781147003174,2182700,0.0,0.0
2026-03-02 00:00:00,7.556173164927022,7.72935407412437,7.446795611340981,7.61997652053833,2693600,0.0,0.0
2026-03-03 00:00:00,7.4741397824236095,7.738469087570421,7.465024768977559,7.61997652053833,2917600,0.0,0.0
2026-03-04 00:00:00,7.6837804149557,7.7293537417149745,7.556172839965462,7.601747035980225,3394500,0.0,0.0
2026-03-05 00:00:00,7.556173529814957,7.665551088682843,7.519714343525661,7.565288543701172,2000100,0.0,0.0
2026-03-06 00:00:00,7.492369453267675,7.51971362305087,7.39210604863682,7.437680244445801,2217700,0.0,0.0
2026-03-09 00:00:00,7.337417176207989,7.474138884450359,7.136891250764481,7.455909729003906,3174700,0.0,0.0
2026-03-10 00:00:00,7.455909629939748,7.71112388758709,7.455909629939748,7.638205528259277,2189400,0.0,0.0
2026-03-11 00:00:00,7.619975176147463,7.665549366081549,7.537942677372556,7.57440185546875,1212500,0.0,0.0
2026-03-12 00:00:00,7.51971416085331,7.592632531660534,7.455910803710875,7.465024948120117,1420800,0.0,0.0
2026-03-13 00:00:00,7.5014840323184755,7.5835174156837475,7.337418134843467,7.364762306213379,1563100,0.0,0.0
2026-03-16 00:00:00,7.537943439938666,7.610861803507744,7.410335869065051,7.42856502532959,1322700,0.0,0.0
2026-03-17 00:00:00,7.4923694381879375,7.565287803633352,7.4467952424706825,7.5288286209106445,1943500,0.0,0.0
2026-03-18 00:00:00,7.492369337469262,7.501483481085807,7.355646752155437,7.382991790771484,2131000,0.0,0.0
2026-03-19 00:00:00,7.373877319755194,7.465024847406747,7.337418134843467,7.364762306213379,2157200,0.0,0.0
2026-03-20 00:00:00,7.337418079373809,7.3829922774828205,6.927251600276006,6.963710784912109,4877200,0.0,0.0
2026-03-23 00:00:00,7.1004326587203135,7.2462693913927705,7.03662887086224,7.136891841888428,3351200,0.0,0.0
2026-03-24 00:00:00,7.0813518867380765,7.275741971418945,6.998041724334168,7.210945129394531,1687500,0.12,0.0
2026-03-25 00:00:00,7.312768549073043,7.479388431050653,7.284998348047256,7.451618671417236,1748800,0.0,0.0
2026-03-26 00:00:00,7.2942556541421375,7.386822260637871,7.220202368945551,7.229458808898926,1890800,0.0,0.0
2026-03-27 00:00:00,7.164661601738181,7.2016886838584755,7.07209499991838,7.136891841888428,1435900,0.0,0.0
2026-03-30 00:00:00,7.109121958909343,7.322025373322388,7.0628388766236165,7.238715648651123,1436500,0.0,0.0
2026-03-31 00:00:00,7.303511944403334,7.497902476148757,7.266485302563935,7.47938871383667,1821600,0.0,0.0
2026-04-01 00:00:00,7.4979025142426226,7.534929156270139,7.377565265564611,7.396078586578369,1728600,0.0,0.0
2026-04-02 00:00:00,7.284999006324585,7.525672632320933,7.257229244181875,7.497902870178223,1428700,0.0,0.0
2026-04-06 00:00:00,7.488645639890879,7.627495326924902,7.470131877467793,7.544185161590576,1737000,0.0,0.0
2026-04-07 00:00:00,7.525672035426401,7.5534417953665685,7.405335231972675,7.433104991912842,1823900,0.0,0.0
2026-04-08 00:00:00,7.62749548281417,7.6460092456156366,7.470132030140896,7.525672435760498,1897400,0.0,0.0
2026-04-09 00:00:00,7.497902679771647,7.784858941123751,7.497902679771647,7.747832298278809,1543500,0.0,0.0
2026-04-10 00:00:00,7.775601781213725,7.7941155433654785,7.701548498176243,7.7941155433654785,1420000,0.0,0.0
2026-04-13 00:00:00,7.729318386207847,7.766345024108887,7.63675135006291,7.766345024108887,1175000,0.0,0.0
2026-04-14 00:00:00,7.78485889931939,7.849655303253886,7.673778971381058,7.757089138031006,1752600,0.0,0.0
2026-04-15 00:00:00,7.683035229312167,7.794115148237112,7.581211308209092,7.775601387023926,1834300,0.0,0.0
2026-04-16 00:00:00,7.729319174182875,7.7663458158586405,7.599725486925308,7.636752128601074,2202800,0.0,0.0
2026-04-17 00:00:00,7.71080522181359,7.784858503339058,7.701548340926719,7.738574981689453,1954500,0.0,0.0
2026-04-20 00:00:00,7.683035808972105,7.720062451407292,7.581211880186747,7.6922926902771,2330500,0.0,0.0
2026-04-21 00:00:00,7.701548927331496,7.821885739669153,7.646009403350926,7.655266284942627,2456900,0.0,0.0
2026-04-22 00:00:00,7.729320049285889,7.766346695153761,7.6552667575501445,7.729320049285889,2323000,0.0,0.0
2026-04-23 00:00:00,7.7293192160979896,7.738575214478547,7.618238407683544,7.627495288848877,2462500,0.0,0.0
2026-04-24 00:00:00,7.636751940288121,7.7756016224521876,7.599725299525387,7.738574981689453,4155300,0.0,0.0
2026-04-27 00:00:00,7.72918370573731,7.813707126343378,7.72918370573731,7.7855329513549805,2254400,0.12,0.0
2026-04-28 00:00:00,7.794923590900431,7.794923590900431,7.738574352877977,7.776140213012695,2055000,0.0,0.0
2026-04-29 00:00:00,7.747966914339065,7.757358604340554,7.569529282515051,7.597703456878662,1695500,0.0,0.0
2026-04-30 00:00:00,7.588311137728576,7.701008721480096,7.541353587255247,7.635268688201904,2742100,0.0,0.0
2026-05-01 00:00:00,7.635269337295013,7.870056213980686,7.616485957252548,7.823098659515381,3298300,0.0,0.0
2026-05-04 00:00:00,7.757358372767484,7.757358372767484,7.54135398738569,7.569529056549072,2850900,0.0,0.0
2026-05-05 00:00:00,7.560137559302788,7.61648590778248,7.466222450982167,7.541354179382324,3468200,0.0,0.0
2026-05-06 00:00:00,7.597703386508498,7.6070950764230005,7.475614104542502,7.531963348388672,2554300,0.0,0.0
2026-05-07 00:00:00,7.531963385062943,7.588311733542635,7.494397073042439,7.541354179382324,2808700,0.0,0.0
2026-05-08 00:00:00,7.569528952168029,7.747966576204724,7.550745572984789,7.729183197021484,2103200,0.0,0.0
2026-05-11 00:00:00,7.738575042121992,7.766750111463037,7.635269141460661,7.691617488861084,1984500,0.0,0.0
2026-05-12 00:00:00,7.682226562818557,7.72918321963239,7.6352690103639045,7.672834873199463,1442000,0.0,0.0
2026-05-13 00:00:00,7.654051588661551,7.710400831432483,7.607094931266744,7.682226657867432,1583400,0.0,0.0
2026-05-14 00:00:00,7.738575127796514,7.7479668176808385,7.588311672210693,7.588311672210693,1633200,0.0,0.0
2026-05-15 00:00:00,7.560137169424047,7.597703031686842,7.485004997078056,7.494396686553955,2716900,0.0,0.0
2026-05-18 00:00:00,7.550745964050293,7.635269383470845,7.4943971670434015,7.550745964050293,2015600,0.0,0.0
2026-05-19 00:00:00,7.513179996325158,7.513179996325158,7.391090713907973,7.428656578063965,2657700,0.0,0.0
2026-05-20 00:00:00,7.485004826951481,7.503787757655961,7.344133070578074,7.419264793395996,3264400,0.0,0.0
2026-05-21 00:00:00,7.409873645985969,7.485005374297952,7.306567743467204,7.428656578063965,2931000,0.0,0.0
2026-05-22 00:00:00,7.456830395317446,7.503787496534408,7.372306986178388,7.391089916229248,3389800,0.0,0.0
2026-05-26 00:00:00,7.410164429216973,7.553217887878418,7.352943136703277,7.553217887878418,2676300,0.12,0.0
2026-05-27 00:00:00,7.534143813782415,7.629512630715481,7.515070050395802,7.524606704711914,3539200,0.0,0.0
2026-05-28 00:00:00,7.515069850363278,7.543680267304465,7.467385215788798,7.505532741546631,2207700,0.0,0.0
2026-05-29 00:00:00,7.486458978667714,7.543680267304465,7.467385215788798,7.505532741546631,1625400,0.0,0.0
2026-06-01 00:00:00,7.438774798847611,7.562754030183381,7.4101639271520465,7.505532741546631,2716900,0.0,0.0
2026-06-02 00:00:00,7.486459533182072,7.553217935580196,7.457849114121741,7.467385768890381,2148800,0.0,0.0
2026-06-03 00:00:00,7.438775062561035,7.4959963532263485,7.400627535450826,7.438775062561035,2207400,0.0,0.0
2026-06-04 00:00:00,7.467385215788798,7.562754030183381,7.467385215788798,7.505532741546631,1338400,0.0,0.0
2026-06-05 00:00:00,7.467385569507509,7.495996442558327,7.4292380419426856,7.448311805725098,2081800,0.0,0.0
2026-06-08 00:00:00,7.495996241383822,7.5436804221829235,7.400627425031232,7.4292378425598145,1381700,0.0,0.0
2026-06-09 00:00:00,7.476922283884448,7.600901514544999,7.476922283884448,7.591364860534668,1848600,0.0,0.0
2026-06-10 00:00:00,7.610438979382935,7.619975633839461,7.524606815502211,7.534143924713135,1463300,0.0,0.0
2026-06-11 00:00:00,7.619975677599541,7.658123205153515,7.553217731757286,7.629512786865234,1626500,0.0,0.0
2026-06-12 00:00:00,7.667660674406082,7.686734893832979,7.553218086371226,7.572291851043701,1881600,0.0,0.0
2026-06-15 00:00:00,7.648586673624673,7.7821025595176785,7.648586673624673,7.686734199523926,2831600,0.0,0.0
2026-06-16 00:00:00,7.705807818097029,7.839324618876642,7.705807818097029,7.810713291168213,2466400,0.0,0.0
2026-06-17 00:00:00,7.772565338135729,7.820249972196615,7.658122762094852,7.677196979522705,2793000,0.0,0.0
2026-06-18 00:00:00,7.705807841973183,7.763029588058544,7.610439023088247,7.629512786865234,4812500,0.0,0.0
2026-06-22 00:00:00,7.6295128327672375,7.677197469873794,7.515070249416786,7.543680667877197,4394800,0.0,0.0
2026-06-23 00:00:00,7.504945613394227,7.60178352895707,7.504945613394227,7.563048362731934,2150300,0.12,0.0
2026-06-24 00:00:00,7.582416009335447,7.640518759159673,7.5339972820283965,7.572732448577881,2703500,0.0,0.0
2026-06-25 00:00:00,7.572732496767482,7.640518807780637,7.543680890790692,7.58241605758667,2981700,0.0,0.0
2026-06-26 00:00:00,7.563048505997645,7.708305612973296,7.553364945137729,7.669570446014404,5742600,0.0,0.0
2026-06-29 00:00:00,7.650202639219021,7.650202639219021,7.533997141734483,7.630835056304932,3117500,0.0,0.0
2026-06-30 00:00:00,7.62115114548364,7.727673083949602,7.601783562286156,7.650202751159668,3137200,0.0,0.0
2026-07-01 00:00:00,7.621151082276864,7.688937853785664,7.582415916203151,7.640518665313721,2861200,0.0,0.0
2026-07-02 00:00:00,7.650202942526103,7.688938109890013,7.572732607798283,7.601783752441406,1705700,0.0,0.0
2026-07-06 00:00:00,7.60178338770629,7.650202575467825,7.582415804953596,7.621150970458984,2147900,0.0,0.0
2026-07-07 00:00:00,7.611467726992002,7.650202894110771,7.543680953654348,7.592100143432617,2109300,0.0,0.0
2026-07-08 00:00:00,7.563048680716056,7.6017838485697915,7.514629951778699,7.533997535705566,2237600,0.0,0.0
2026-07-09 00:00:00,7.572732326555327,7.747040573219305,7.514629577667335,7.717988967895508,2556800,0.0,0.0
2026-07-10 00:00:00,7.747040892149104,7.776092036909276,7.669570557109152,7.688938140869141,1490300,0.0,0.0
2026-07-13 00:00:00,7.669570589815089,7.698621734699146,7.592100254444775,7.6114678382873535,2329500,0.0,0.0
2026-07-14 00:00:00,7.659886485679618,7.92134955741759,7.659886485679618,7.843879222869873,3342900,0.0,0.0
2026-07-15 00:00:00,7.86324609097072,7.950400445403912,7.86324609097072,7.8826141357421875,2621400,0.0,0.0
2026-07-16 00:00:00,7.892297490344418,7.9504007030223445,7.80514405660638,7.931032657623291,3822900,0.0,0.0
2026-07-17 00:00:00,7.89229748932277,7.950400701993175,7.795460032897741,7.843879222869873,2017800,0.0,0.0
2026-07-20 00:00:00,7.882614211289076,7.8922973102484075,7.601783562286156,7.650202751159668,3380400,0.0,0.0
2026-07-21 00:00:00,7.69862152680762,7.747040715986379,7.630835216068889,7.659886360168457,2571400,0.0,0.0
2026-07-22 00:00:00,7.698621670851181,7.717989254533136,7.553365024116328,7.601783752441406,2513200,0.0,0.0
2026-07-23 00:00:00,7.582415942080275,7.582415942080275,7.379056088619459,7.398423671722412,4123900,0.0,0.0
2026-07-24 00:00:00,7.437158981377963,7.475894148331003,7.311269919660388,7.340321063995361,3565200,0.0,0.0
2026-07-27 00:00:00,7.389519170866593,7.428877423321785,7.300962868248723,7.320641994476318,2775200,0.12,0.0
2026-07-28 00:00:00,7.330481366410316,7.40919834097427,7.281283785143649,7.389519214630127,3020600,0.0,0.0
2026-07-29 00:00:00,7.3796792140693865,7.409198137368106,7.261604459249244,7.291122913360596,2586800,0.0,0.0
2026-07-30 00:00:00,7.33048116496731,7.3600000882660295,7.251764661753882,7.291122913360596,3129700,0.0,0.0
2026-07-31 00:00:00,7.281283585052601,7.310802039163953,7.153369032737097,7.291122913360596,3007500,0.0,0.0
2026-08-03 00:00:00,7.3009627673687625,7.428877320674385,7.232085591930188,7.271443843841553,3289800,0.0,0.0
2026-08-04 00:00:00,7.2911227066300865,7.310801831875467,7.153368829912424,7.281283378601074,3354000,0.0,0.0
2026-08-05 00:00:00,7.2812835289955435,7.33048110853149,7.212406354620381,7.310801982879639,1995300,0.0,0.0
2026-08-06 00:00:00,7.320641629091835,7.359999879582595,7.241925128110314,7.281283378601074,1962700,0.0,0.0
2026-08-07 00:00:00,7.330481210034206,7.428877308843286,7.310802084109864,7.360000133514404,2625700,0.0,0.0
2026-08-10 00:00:00,7.350160347664283,7.36000014523581,7.212406465974506,7.271443843841553,2481900,0.0,0.0
2026-08-11 00:00:00,7.281283473239463,7.389518898089522,7.261604347738304,7.330481052398682,1942600,0.0,0.0
2026-08-12 00:00:00,7.350160177899841,7.379679100745261,7.310801926897522,7.330481052398682,1750300,0.0,0.0
2026-08-13 00:00:00,7.3993583853630875,7.438716637211772,7.350160335958548,7.360000133514404,2437200,0.0,0.0
2026-08-14 00:00:00,7.379679259438746,7.438716637211772,7.340321007590062,7.360000133514404,1931700,0.0,0.0
2026-08-17 00:00:00,7.419037398176804,7.419037398176804,7.3403208956795485,7.39935827255249,2012500,0.0,0.0
2026-08-18 00:00:00,7.39935816988959,7.409197967158906,7.340320793835766,7.350160121917725,1935200,0.0,0.0
2026-08-19 00:00:00,7.409198376444585,7.507594008636353,7.409198376444585,7.458395957946777,1897500,0.0,0.0
2026-08-20 00:00:00,7.458395808139151,7.478074934182233,7.369839506351589,7.428877353668213,1771100,0.0,0.0
2026-08-21 00:00:00,7.478074775049746,7.478074775049746,7.379679146928176,7.39935827255249,2867100,0.0,0.0
2026-08-24 00:00:00,7.41903751128743,7.448556434767628,7.340321007590062,7.360000133514404,3944600,0.0,0.0
2026-08-25 00:00:00,7.380000114440918,7.440000057220459,7.360000133514404,7.440000057220459,2415400,0.12,0.0
2026-08-26 00:00:00,7.449999809265137,7.460000038146973,7.349999904632568,7.369999885559082,1921000,0.0,0.0
2026-08-27 00:00:00,7.369999885559082,7.460000038146973,7.360000133514404,7.420000076293945,1902300,0.0,0.0
2026-08-28 00:00:00,7.409999847412109,7.449999809265137,7.320000171661377,7.360000133514404,2139400,0.0,0.0
2026-08-31 00:00:00,7.320000171661377,7.389999866485596,7.300000190734863,7.309999942779541,2406500,0.0,0.0
2026-09-01 00:00:00,7.300000190734863,7.309999942779541,7.179999828338623,7.190000057220459,3166000,0.0,0.0
2026-09-02 00:00:00,7.199999809265137,7.230000019073486,7.130000114440918,7.139999866485596,2770700,0.0,0.0
2026-09-03 00:00:00,7.230000019073486,7.230000019073486,7.079999923706055,7.099999904632568,2847200,0.0,0.0
2026-09-04 00:00:00,7.050000190734863,7.230000019073486,7.050000190734863,7.199999809265137,2716600,0.0,0.0
2026-09-08 00:00:00,7.21999979019165,7.289999961853027,7.170000076293945,7.179999828338623,2717800,0.0,0.0
2026-09-09 00:00:00,7.179999828338623,7.210000038146973,7.070000171661377,7.090000152587891,2494100,0.0,0.0
2026-09-10 00:00:00,7.079999923706055,7.090000152587891,6.869999885559082,6.909999847412109,4226600,0.0,0.0
2026-09-11 00:00:00,6.929999828338623,6.980000019073486,6.800000190734863,6.800000190734863,3322000,0.0,0.0
2026-09-14 00:00:00,6.789999961853027,6.829999923706055,6.639999866485596,6.670000076293945,4805700,0.0,0.0
2026-09-15 00:00:00,6.670000076293945,6.699999809265137,6.519999980926514,6.53000020980835,3353000,0.0,0.0
2026-09-16 00:00:00,6.579999923706055,6.650000095367432,6.380000114440918,6.460000038146973,4434600,0.0,0.0
2026-09-17 00:00:00,6.559999942779541,6.630000114440918,6.53000020980835,6.539999961853027,3311100,0.0,0.0
2026-09-18 00:00:00,6.510000228881836,6.53000020980835,6.449999809265137,6.449999809265137,5469000,0.0,0.0
2026-09-21 00:00:00,6.5,6.550000190734863,6.480000019073486,6.510000228881836,2645700,0.0,0.0
2026-09-22 00:00:00,6.550000190734863,6.659999847412109,6.539999961853027,6.619999885559082,2446400,0.0,0.0
2026-09-23 00:00:00,6.610000133514404,6.610000133514404,6.460000038146973,6.460000038146973,2192100,0.0,0.0
2026-09-24 00:00:00,6.460000038146973,6.480000019073486,6.349999904632568,6.380000114440918,3072000,0.0,0.0
2026-09-25 00:00:00,6.409999847412109,6.449999809265137,6.349999904632568,6.409999847412109,2900100,0.0,0.0
