Date,Open,High,Low,Close,Volume,Dividends,Stock Splits
2016-10-03 00:00:00,4.4147992426007,4.434848361546866,4.406779442060179,4.422818660736084,191300,0.0,0.0
2016-10-04 00:00:00,4.42281641786572,4.430836214339293,4.4067772073235165,4.410787105560303,251100,0.0,0.0
2016-10-05 00:00:00,4.42281559113217,4.43885479867625,4.4147961785625665,4.418806076049805,217600,0.0,0.0
2016-10-06 00:00:00,4.3827209718199756,4.39475029068281,4.362671852111816,4.362671852111816,264700,0.0,0.0
2016-10-07 00:00:00,4.382720044486801,4.382720044486801,4.362670929020804,4.37069034576416,157400,0.0,0.0
2016-10-10 00:00:00,4.3706915732954625,4.41479971618967,4.3706915732954625,4.394750595092773,124600,0.0,0.0
2016-10-11 00:00:00,4.4067792892456055,4.414799089508023,4.382720653268602,4.4067792892456055,248700,0.0,0.0
2016-10-12 00:00:00,4.4083929908924375,4.424526160750205,4.400326213640999,4.412425994873047,186100,0.064,0.0
2016-10-13 00:00:00,4.408392073882759,4.420491852597876,4.392258907380924,4.400325298309326,197500,0.0,0.0
2016-10-14 00:00:00,4.42452335357666,4.448722900687164,4.420489967509954,4.42452335357666,168900,0.0,0.0
2016-10-17 00:00:00,4.412425113047724,4.428558279681271,4.380158779780632,4.388225555419922,224000,0.0,0.0
2016-10-18 00:00:00,4.400323123697415,4.404356509490857,4.384189965168487,4.392256736755371,143700,0.0,0.0
2016-10-19 00:00:00,4.408392179482788,4.436625125376041,4.392259012594495,4.428558349609375,153000,0.0,0.0
2016-10-20 00:00:00,4.4366246826420035,4.4366246826420035,4.40032496460446,4.4164581298828125,94900,0.0,0.0
2016-10-21 00:00:00,4.412425414738877,4.444692134857178,4.388225855456476,4.444692134857178,220600,0.0,0.0
2016-10-24 00:00:00,4.448725138307538,4.4648583060441585,4.436625358666337,4.444692134857178,196300,0.0,0.0
2016-10-25 00:00:00,4.460825248172356,4.493091583251953,4.4487250840337165,4.493091583251953,313800,0.0,0.0
2016-10-26 00:00:00,4.493088989643228,4.521321920379321,4.4850222182072965,4.501155376434326,243000,0.0,0.0
2016-10-27 00:00:00,4.525357844992456,4.529390848328254,4.497124513771574,4.517291069030762,451600,0.0,0.0
2016-10-28 00:00:00,4.509225693918194,4.509225693918194,4.45679279228599,4.468892574310303,191200,0.0,0.0
2016-10-31 00:00:00,4.4567914720835855,4.505190970488948,4.4567914720835855,4.497124195098877,243800,0.0,0.0
2016-11-01 00:00:00,4.4769575854209265,4.513256917169651,4.4769575854209265,4.4850239753723145,241700,0.0,0.0
2016-11-02 00:00:00,4.460825068031,4.468891459152627,4.428558349609375,4.428558349609375,307200,0.0,0.0
2016-11-03 00:00:00,4.424522847457741,4.456789163010729,4.424522847457741,4.436622619628906,140300,0.0,0.0
2016-11-04 00:00:00,4.432591295161165,4.44469145760368,4.404358352085298,4.4164581298828125,186700,0.0,0.0
2016-11-07 00:00:00,4.432591757363312,4.456791700126756,4.428558369461897,4.452758312225342,169500,0.0,0.0
2016-11-08 00:00:00,4.4527583319705535,4.501157833067022,4.4446919407769965,4.476958274841309,225500,0.0,0.0
2016-11-09 00:00:00,4.444691764296073,4.480991100193341,4.364025547693182,4.472924709320068,256300,0.0,0.0
2016-11-10 00:00:00,4.486717298514968,4.486717298514968,4.41775326107207,4.421809673309326,246500,0.064,0.0
2016-11-11 00:00:00,4.4218101549811495,4.543511433541981,4.4218101549811495,4.527284622192383,251200,0.0,0.0
2016-11-14 00:00:00,4.523228650868937,4.592192708451931,4.502945423126221,4.502945423126221,299300,0.0,0.0
2016-11-15 00:00:00,4.52728419408102,4.5637946128845215,4.52728419408102,4.5637946128845215,178500,0.0,0.0
2016-11-16 00:00:00,4.5759632256618366,4.600303626387889,4.543509615945461,4.5475664138793945,698200,0.0,0.0
2016-11-17 00:00:00,4.571908473968506,4.580021685903498,4.5597380757494905,4.571908473968506,215800,0.0,0.0
2016-11-18 00:00:00,4.59219109735522,4.640871523238978,4.571907876728546,4.620588302612305,677600,0.0,0.0
2016-11-21 00:00:00,4.624644756317139,4.648985162917342,4.616531545368829,4.624644756317139,272900,0.0,0.0
2016-11-22 00:00:00,4.653041891221457,4.693608719102687,4.636815082693438,4.689552307128906,363500,0.0,0.0
2016-11-23 00:00:00,4.685495205648012,4.701722013127964,4.6570980023998905,4.697665214538574,279700,0.0,0.0
2016-11-25 00:00:00,4.713891808719458,4.722005405531105,4.697665001973753,4.7057785987854,1197200,0.0,0.0
2016-11-28 00:00:00,4.7260647053277225,4.7260647053277225,4.6530442237854,4.6530442237854,206300,0.0,0.0
2016-11-29 00:00:00,4.6773842553402325,4.6773842553402325,4.644930622015239,4.6530442237854,222800,0.0,0.0
2016-11-30 00:00:00,4.681441056225314,4.681441056225314,4.640873821130159,4.6530442237854,310700,0.0,0.0
2016-12-01 00:00:00,4.661153005912704,4.669266599966823,4.640869407654866,4.648983001708984,302000,0.0,0.0
2016-12-02 00:00:00,4.661154034912416,4.661154034912416,4.616530418395996,4.616530418395996,290100,0.0,0.0
2016-12-05 00:00:00,4.653041961830316,4.653041961830316,4.624644756317139,4.624644756317139,268300,0.0,0.0
2016-12-06 00:00:00,4.624643627363735,4.632757223209016,4.592190017737694,4.616530418395996,363400,0.0,0.0
2016-12-07 00:00:00,4.60841714893875,4.685494767417724,4.60841714893875,4.681437969207764,433200,0.0,0.0
2016-12-08 00:00:00,4.661154131717907,4.6733245257385905,4.632757319424746,4.636814117431641,257000,0.0,0.0
2016-12-09 00:00:00,4.657096995622575,4.665210591047346,4.632756983103306,4.661153793334961,240000,0.0,0.0
2016-12-12 00:00:00,4.665212542358341,4.681439353117524,4.640872132780725,4.644928932189941,358000,0.0,0.0
2016-12-13 00:00:00,4.668596876580726,4.6726779114614345,4.595140194672514,4.599221229553223,374100,0.068,0.0
2016-12-14 00:00:00,4.5992210523724655,4.689001481155895,4.5992210523724655,4.676758766174316,461300,0.0,0.0
2016-12-15 00:00:00,4.67676190979364,4.705328393682066,4.668599834860288,4.693085670471191,286000,0.0,0.0
2016-12-16 00:00:00,4.6645171050257686,4.721650047306846,4.6645171050257686,4.709407329559326,266800,0.0,0.0
2016-12-19 00:00:00,4.7012458604940885,4.725731297098684,4.7012458604940885,4.713488578796387,319000,0.0,0.0
2016-12-20 00:00:00,4.705326507135523,4.733893368759548,4.7012458604940885,4.713488578796387,300100,0.0,0.0
2016-12-21 00:00:00,4.721650261268253,4.729812332929116,4.7094075429659545,4.713488578796387,250900,0.0,0.0
2016-12-22 00:00:00,4.725731826244492,4.729812862531883,4.693084314323452,4.705327033996582,320300,0.0,0.0
2016-12-23 00:00:00,4.713487489336472,4.7461349900558965,4.713487489336472,4.721649169921875,271000,0.0,0.0
2016-12-27 00:00:00,4.733893368759548,4.754297769533712,4.713488578796387,4.713488578796387,283200,0.0,0.0
2016-12-28 00:00:00,4.742056105443704,4.750218178919089,4.7216513109443286,4.7461371421813965,240900,0.0,0.0
2016-12-29 00:00:00,4.733891155094705,4.746133867672058,4.672676813830305,4.697162628173828,426800,0.0,0.0
2016-12-30 00:00:00,4.72573121151313,4.762459754943848,4.713488493432555,4.762459754943848,574000,0.0,0.0
2017-01-03 00:00:00,4.766541129723041,4.786945531578944,4.750217374724908,4.7706217765808105,371400,0.0,0.0
2017-01-04 00:00:00,4.79102505169875,4.7951060864542585,4.750215871710348,4.758377552032471,264100,0.0,0.0
2017-01-05 00:00:00,4.7175686898630405,4.758377872600725,4.705325584771706,4.733892440795898,505700,0.0,0.0
2017-01-06 00:00:00,4.729811850157738,4.78694478919624,4.725730814743857,4.774702072143555,447900,0.0,0.0
2017-01-09 00:00:00,4.782865901867752,4.831837177276611,4.782865901867752,4.831837177276611,250900,0.0,0.0
2017-01-10 00:00:00,4.831834766383972,4.880806017358132,4.831834766383972,4.872643947601318,220400,0.0,0.0
2017-01-11 00:00:00,4.880034997024281,4.884139018180595,4.855408912994766,4.871826171875,351000,0.068,0.0
2017-01-12 00:00:00,4.871824694836996,4.888241948739854,4.855407440934138,4.859511852264404,316200,0.0,0.0
2017-01-13 00:00:00,4.875928723028163,4.896450386648743,4.871824312020411,4.884137153625488,167800,0.0,0.0
2017-01-17 00:00:00,4.8882415646332396,4.892345975640992,4.863615881423086,4.884137153625488,263100,0.0,0.0
2017-01-18 00:00:00,4.859513110681025,4.875930368835286,4.818469769586217,4.8348870277404785,557800,0.0,0.0
2017-01-19 00:00:00,4.810259215331324,4.851302146911621,4.810259215331324,4.851302146911621,353000,0.0,0.0
2017-01-20 00:00:00,4.867720532540838,4.875929355621338,4.8554076893383185,4.875929355621338,408700,0.0,0.0
2017-01-23 00:00:00,4.8759289023820305,4.880033313540757,4.834885573631152,4.855407238006592,397100,0.0,0.0
2017-01-24 00:00:00,4.863615789177192,4.916971565593278,4.851302556387477,4.912867546081543,390000,0.0,0.0
2017-01-25 00:00:00,4.9251813888549805,4.9333902123838325,4.904659721451102,4.9251813888549805,308100,0.0,0.0
2017-01-26 00:00:00,4.925181089382292,4.953911187149856,4.925181089382292,4.949807167053223,275400,0.0,0.0
2017-01-27 00:00:00,4.945705377560076,4.978539904250097,4.945705377560076,4.966227054595947,313600,0.0,0.0
2017-01-30 00:00:00,4.974431005109241,4.98263982508906,4.937492098036214,4.941596508026123,289400,0.0,0.0
2017-01-31 00:00:00,4.94980791860778,4.974433608599528,4.933390661473852,4.945703506469727,260000,0.0,0.0
2017-02-01 00:00:00,4.95801571009759,5.015476298342389,4.94980727830161,5.007267475128174,237500,0.0,0.0
2017-02-02 00:00:00,5.02368110921708,5.040098352394209,5.011368274688721,5.011368274688721,268600,0.0,0.0
2017-02-03 00:00:00,5.011371658804882,5.064727833015794,5.011371658804882,5.023684501647949,301600,0.0,0.0
2017-02-06 00:00:00,5.031894702001091,5.0359991145451275,4.949808408211989,4.978538513183594,473500,0.0,0.0
2017-02-07 00:00:00,4.9867473730037,4.9867473730037,4.908765485094568,4.933391571044922,355500,0.0,0.0
2017-02-08 00:00:00,4.9333892319550365,4.937493251485607,4.88413708340647,4.892345905303955,396200,0.0,0.0
2017-02-09 00:00:00,4.892345749926644,4.916971432000662,4.884136928289865,4.900554180145264,377300,0.0,0.0
2017-02-10 00:00:00,4.929286020247628,4.962120532989502,4.916972784405725,4.962120532989502,235500,0.0,0.0
2017-02-13 00:00:00,4.973676893636839,4.981931754201066,4.9076364345942824,4.911763668060303,403800,0.068,0.0
2017-02-14 00:00:00,4.932400625162516,4.994313840888513,4.924145765911656,4.9901862144470215,407100,0.0,0.0
2017-02-15 00:00:00,4.994313819184897,4.99844105197633,4.957165968637155,4.977803707122803,357900,0.0,0.0
2017-02-16 00:00:00,4.990188004209138,4.994315632131029,4.94891251225476,4.965422630310059,267300,0.0,0.0
2017-02-17 00:00:00,4.965422622461758,5.0314630945785686,4.965422622461758,4.9943156242370605,215400,0.0,0.0
2017-02-21 00:00:00,5.0025699953743015,5.006697622884492,4.953039646148682,4.953039646148682,301300,0.0,0.0
2017-02-22 00:00:00,4.953040824558525,4.977806201879538,4.953040824558525,4.961296081542969,166000,0.0,0.0
2017-02-23 00:00:00,4.965422630310059,4.986060376287247,4.961295396020432,4.965422630310059,207000,0.0,0.0
2017-02-24 00:00:00,4.9612949011690635,4.977805017577603,4.944784391128299,4.953039646148682,194800,0.0,0.0
2017-02-27 00:00:00,4.957164764404297,4.9654196216139495,4.9447818881417795,4.957164764404297,274300,0.0,0.0
2017-02-28 00:00:00,4.948911666870117,4.973677036538718,4.944784039653317,4.948911666870117,222400,0.0,0.0
2017-03-01 00:00:00,4.977805017577603,4.977805017577603,4.940657157250333,4.953039646148682,454200,0.0,0.0
2017-03-02 00:00:00,4.953040506586753,4.99431600159456,4.944785250132274,4.981933116912842,347500,0.0,0.0
2017-03-03 00:00:00,4.965419646287166,4.986057379861885,4.961292414477844,4.969547271728516,167600,0.0,0.0
2017-03-06 00:00:00,4.973678982696408,5.014954090118408,4.969551353864503,5.014954090118408,330500,0.0,0.0
2017-03-07 00:00:00,4.99844021815295,5.002567843887947,4.97367525100708,4.97367525100708,191800,0.0,0.0
2017-03-08 00:00:00,4.9654229976361774,4.99018837336732,4.9654229976361774,4.981933116912842,210500,0.0,0.0
2017-03-09 00:00:00,4.953038420753745,4.961293673731756,4.84572249383237,4.920018196105957,511400,0.0,0.0
2017-03-10 00:00:00,4.920018922256715,4.928273782820942,4.89938118039787,4.911763668060303,139300,0.0,0.0
2017-03-13 00:00:00,4.898479943344604,4.935841293787284,4.894328594207764,4.894328594207764,160300,0.068,0.0
2017-03-14 00:00:00,4.894330626314693,4.910935633861946,4.645255117211278,4.7241291999816895,1512800,0.0,0.0
2017-03-15 00:00:00,4.757337987286876,4.7946993435995084,4.620346611403562,4.686766624450684,3594300,0.0,0.0
2017-03-16 00:00:00,4.657707114495578,4.695068463964183,4.628648067189755,4.674312114715576,1285500,0.0,0.0
2017-03-17 00:00:00,4.678463175921568,4.769790473565818,4.674311827148354,4.715824127197266,588800,0.0,0.0
2017-03-20 00:00:00,4.732429399882785,4.89847979735771,4.732429399882785,4.753185749053955,548200,0.0,0.0
2017-03-21 00:00:00,4.773945532904731,4.773945532904731,4.6660127562765,4.670164108276367,536800,0.0,0.0
2017-03-22 00:00:00,4.6743110611305365,4.707521054085034,4.6743110611305365,4.695067405700684,217600,0.0,0.0
2017-03-23 00:00:00,4.695067222027947,4.732428165719425,4.678462226200291,4.719974517822266,318200,0.0,0.0
2017-03-24 00:00:00,4.719975753422817,4.757337102789121,4.719975753422817,4.749034404754639,289700,0.0,0.0
2017-03-27 00:00:00,4.73243102198533,4.744885073293479,4.715826016135698,4.728280067443848,286800,0.0,0.0
2017-03-28 00:00:00,4.728277590429389,4.753184888208306,4.711672593278658,4.740731239318848,375300,0.0,0.0
2017-03-29 00:00:00,4.7531865945245,4.7905479504993504,4.7531865945245,4.773942947387695,536400,0.0,0.0
2017-03-30 00:00:00,4.782244312179176,4.798849310656421,4.753185267923205,4.757336616516113,389500,0.0,0.0
2017-03-31 00:00:00,4.769790640176252,4.782244686930917,4.761488338234231,4.778093338012695,301900,0.0,0.0
2017-04-03 00:00:00,4.7863961125828505,4.794698811239137,4.769791111164741,4.78224515914917,324500,0.0,0.0
2017-04-04 00:00:00,4.761488437652588,4.773942088772859,4.736580739517614,4.761488437652588,274200,0.0,0.0
2017-04-05 00:00:00,4.765639390763058,4.782244786782661,4.761488437652588,4.761488437652588,259000,0.0,0.0
2017-04-06 00:00:00,4.786397879310239,4.786397879310239,4.7241291999816895,4.7241291999816895,271000,0.0,0.0
2017-04-07 00:00:00,4.736578944477547,4.753183938309858,4.724125298076883,4.732427597045898,206300,0.0,0.0
2017-04-10 00:00:00,4.740732941164384,4.778094297139234,4.740732941164384,4.773942947387695,248200,0.0,0.0
2017-04-11 00:00:00,4.781458981563773,4.814866523930648,4.7647552103803354,4.810690879821777,227000,0.068,0.0
2017-04-12 00:00:00,4.806513271902529,4.819040996647289,4.781457424163818,4.781457424163818,210600,0.0,0.0
2017-04-13 00:00:00,4.793985843658447,4.806513968467987,4.781458117098155,4.793985843658447,158800,0.0,0.0
2017-04-17 00:00:00,4.798161885261627,4.819041695028281,4.768930390537862,4.793985843658447,187800,0.0,0.0
2017-04-18 00:00:00,4.793985843658447,4.798161885261627,4.777282075494974,4.793985843658447,124800,0.0,0.0
2017-04-19 00:00:00,4.806513840678647,4.839921376117397,4.802337799186494,4.835745334625244,266500,0.0,0.0
2017-04-20 00:00:00,4.835746006979922,4.869153547063604,4.823218279010864,4.844098091125488,236900,0.0,0.0
2017-04-21 00:00:00,4.823217391967773,4.844097200242371,4.810689666302703,4.823217391967773,217100,0.0,0.0
2017-04-24 00:00:00,4.873330761517558,4.885858492500422,4.835747170319576,4.856626987457275,334200,0.0,0.0
2017-04-25 00:00:00,4.873329443667986,4.8983848988581995,4.852449632176622,4.8649773597717285,342100,0.0,0.0
2017-04-26 00:00:00,4.86915471844014,4.873330761517558,4.848274901302441,4.856626987457275,206200,0.0,0.0
2017-04-27 00:00:00,4.869152644461834,4.873328685760498,4.852448877516394,4.873328685760498,127700,0.0,0.0
2017-04-28 00:00:00,4.873332595640197,4.877508640289307,4.8566288152932975,4.877508640289307,240500,0.0,0.0
2017-05-01 00:00:00,4.877506751152781,4.890034481998381,4.87333070812112,4.881682395935059,287100,0.0,0.0
2017-05-02 00:00:00,4.894210241550765,4.898385886091184,4.87333042585123,4.890034198760986,174000,0.0,0.0
2017-05-03 00:00:00,4.890034225449864,4.915090084075928,4.881682139824722,4.915090084075928,170000,0.0,0.0
2017-05-04 00:00:00,4.9150903419389635,4.919265986721242,4.877506751152781,4.881682395935059,171800,0.0,0.0
2017-05-05 00:00:00,4.894209880517364,4.902561567231479,4.869154023876357,4.898385524749756,171400,0.0,0.0
2017-05-08 00:00:00,4.898386671168989,4.910914801546244,4.8482753444082425,4.906738758087158,183300,0.0,0.0
2017-05-09 00:00:00,4.906737520930748,4.981904691244364,4.898385436118424,4.969376564025879,1141800,0.0,0.0
2017-05-10 00:00:00,4.969375267692641,5.00278280172845,4.969375267692641,4.998607158660889,462700,0.0,0.0
2017-05-11 00:00:00,5.010368900853331,5.01876830494038,4.976770483455676,4.985169887542725,290400,0.068,0.0
2017-05-12 00:00:00,4.997767840533183,5.006167642870283,4.989368438720703,4.989368438720703,248100,0.0,0.0
2017-05-15 00:00:00,5.001969096241552,5.006168998547442,4.976770483455676,4.985169887542725,168200,0.0,0.0
2017-05-16 00:00:00,4.997767840533183,4.997767840533183,4.976769135739673,4.989368438720703,160000,0.0,0.0
2017-05-17 00:00:00,4.993568477347969,4.993568477347969,4.905372553003736,4.9347710609436035,360700,0.0,0.0
2017-05-18 00:00:00,4.934769567341154,4.98936706593638,4.909570567787776,4.959968566894531,191800,0.0,0.0
2017-05-19 00:00:00,4.9725704987646715,4.993569609421477,4.955771290344171,4.976770401000977,152700,0.0,0.0
2017-05-22 00:00:00,4.99776991139173,5.006169717209344,4.976771197897266,5.001969814300537,159200,0.0,0.0
2017-05-23 00:00:00,5.006168052859685,5.018767356872559,4.985168945821794,5.018767356872559,219300,0.0,0.0
2017-05-24 00:00:00,5.018767125206124,5.039766231274696,4.997768019137553,5.035566329956055,331100,0.0,0.0
2017-05-25 00:00:00,5.039763621945735,5.05236291885376,5.031363823657434,5.05236291885376,246700,0.0,0.0
2017-05-26 00:00:00,5.052366730486664,5.056566632799327,5.039767424073405,5.0481672286987305,182500,0.0,0.0
2017-05-30 00:00:00,5.0523665713362025,5.0523665713362025,5.0313674609590935,5.039767265319824,271400,0.0,0.0
2017-05-31 00:00:00,5.039766463910449,5.052365767923322,5.018767356872559,5.018767356872559,234100,0.0,0.0
2017-06-01 00:00:00,5.0313674609590935,5.039767265319824,5.018768154942714,5.039767265319824,226600,0.0,0.0
2017-06-02 00:00:00,5.039766463910449,5.039766463910449,5.018767356872559,5.018767356872559,215100,0.0,0.0
2017-06-05 00:00:00,5.027165412902832,5.039764712537311,5.022965512849834,5.027165412902832,303000,0.0,0.0
2017-06-06 00:00:00,5.031366588977509,5.048166194787445,5.027167088049672,5.043966293334961,182700,0.0,0.0
2017-06-07 00:00:00,5.043964554727585,5.056563854217529,5.031364854713131,5.056563854217529,178600,0.0,0.0
2017-06-08 00:00:00,5.056566632799327,5.056566632799327,5.027168117660145,5.0481672286987305,225500,0.0,0.0
2017-06-09 00:00:00,5.048166033911978,5.048166033911978,5.031366428637414,5.035566329956055,151800,0.0,0.0
2017-06-12 00:00:00,5.039766391882477,5.048166194787445,5.022967186597188,5.043966293334961,252700,0.0,0.0
2017-06-13 00:00:00,5.055791839249642,5.068462883673359,5.047344207763672,5.047344207763672,120400,0.068,0.0
2017-06-14 00:00:00,5.047344207763672,5.060015252187388,5.03889697908294,5.047344207763672,199600,0.0,0.0
2017-06-15 00:00:00,5.051568449013499,5.072687126702067,5.0388974035224665,5.060015678405762,151000,0.0,0.0
2017-06-16 00:00:00,5.060016162287598,5.064239978790283,5.043121299082167,5.064239978790283,142300,0.0,0.0
2017-06-19 00:00:00,5.064238639209051,5.064238639209051,5.030448921736171,5.034672737121582,219000,0.0,0.0
2017-06-20 00:00:00,5.043122303971027,5.055793756003989,5.0304512547434586,5.051569938659668,254100,0.0,0.0
2017-06-21 00:00:00,5.0473452679988675,5.055792901259331,5.022003173828125,5.022003173828125,207100,0.0,0.0
2017-06-22 00:00:00,5.022001298037537,5.0262247102849384,4.988211583227282,5.000882625579834,174000,0.0,0.0
2017-06-23 00:00:00,4.996658810527259,5.009329852879811,4.983987768174707,5.000882625579834,152200,0.0,0.0
2017-06-26 00:00:00,5.00933124099756,5.0177788734436035,4.992436378910758,5.0177788734436035,229200,0.0,0.0
2017-06-27 00:00:00,5.017777482984962,5.017777482984962,4.983987768174707,5.000882625579834,130400,0.0,0.0
2017-06-28 00:00:00,5.00933124099756,5.0177788734436035,5.000884011356802,5.0177788734436035,171000,0.0,0.0
2017-06-29 00:00:00,5.017777969545585,5.017777969545585,4.988212066920978,5.0051069259643555,202100,0.0,0.0
2017-06-30 00:00:00,5.00933033862129,5.013554154083438,5.0051069259643555,5.0051069259643555,121500,0.0,0.0
2017-07-03 00:00:00,5.00933124099756,5.0177788734436035,4.99666019513378,5.0177788734436035,112700,0.0,0.0
2017-07-05 00:00:00,5.0177788734436035,5.0177788734436035,4.988212965493021,5.0177788734436035,142300,0.0,0.0
2017-07-06 00:00:00,5.017777953306808,5.017777953306808,4.971317191789183,4.996659278869629,121600,0.0,0.0
2017-07-07 00:00:00,4.996658810527259,5.005106440632409,4.979763953122132,5.000882625579834,115400,0.0,0.0
2017-07-10 00:00:00,5.000883110502208,5.00933033862129,5.000883110502208,5.0051069259643555,278700,0.0,0.0
2017-07-11 00:00:00,5.005107917427945,5.005107917427945,4.9755416061413245,4.983989238739014,203700,0.0,0.0
2017-07-12 00:00:00,4.991634368896484,5.004378853845992,4.978889883946977,4.991634368896484,154900,0.068,0.0
2017-07-13 00:00:00,4.987389722077184,4.99163802188264,4.974645227800986,4.9831414222717285,139700,0.0,0.0
2017-07-14 00:00:00,4.98313898714112,5.0086283683776855,4.961898308773947,5.0086283683776855,168500,0.0,0.0
2017-07-17 00:00:00,5.008627150542452,5.008627150542452,4.970393290554057,4.991634368896484,121200,0.0,0.0
2017-07-18 00:00:00,4.983139048305688,5.008628429855118,4.974642857882528,4.995883941650391,107900,0.0,0.0
2017-07-19 00:00:00,4.995884867986614,5.042614936828613,4.995884867986614,5.042614936828613,196500,0.0,0.0
2017-07-20 00:00:00,5.0298682288848795,5.0298682288848795,4.991634368896484,4.991634368896484,135000,0.0,0.0
2017-07-21 00:00:00,5.004380702972412,5.012877299504837,4.9873879150475835,5.004380702972412,137400,0.0,0.0
2017-07-24 00:00:00,5.012876666107108,5.021372856425983,5.004380070648263,5.0086283683776855,117200,0.0,0.0
2017-07-25 00:00:00,5.01287566572689,5.038364636736851,5.01287566572689,5.034116744995117,209900,0.0,0.0
2017-07-26 00:00:00,5.042612933618474,5.042612933618474,5.025620151231871,5.034116744995117,102200,0.0,0.0
2017-07-27 00:00:00,5.0256198873655045,5.034116480682644,5.012875402529663,5.017123699188232,155600,0.0,0.0
2017-07-28 00:00:00,5.012874547337137,5.042611808594236,5.0086262514033235,5.025619029998779,139100,0.0,0.0
2017-07-31 00:00:00,5.021370734064965,5.038363512660422,5.017122843270951,5.025619029998779,146400,0.0,0.0
2017-08-01 00:00:00,5.042612933618474,5.051109527381721,5.029868448113493,5.034116744995117,165300,0.0,0.0
2017-08-02 00:00:00,5.0553581489143875,5.076599231248975,5.004379794395346,5.038365364074707,400400,0.0,0.0
2017-08-03 00:00:00,5.046863875879368,5.0596083680645405,5.046863875879368,5.051112174987793,129700,0.0,0.0
2017-08-04 00:00:00,5.063856667172965,5.06810496628139,5.051112174987793,5.051112174987793,185400,0.0,0.0
2017-08-07 00:00:00,5.0511093517870655,5.072350025177002,5.046861055053128,5.072350025177002,160400,0.0,0.0
2017-08-08 00:00:00,5.072350728792198,5.076599026115442,5.051110052455845,5.068102836608887,175300,0.0,0.0
2017-08-09 00:00:00,5.068103624929275,5.068103624929275,5.017125264540699,5.059607028961182,158700,0.0,0.0
2017-08-10 00:00:00,5.05960849390335,5.05960849390335,5.00438181954058,5.01287841796875,247200,0.0,0.0
2017-08-11 00:00:00,4.973566054080896,5.029112801257831,4.922292227645607,4.990657329559326,322000,0.068,0.0
2017-08-14 00:00:00,5.020566463470459,5.0376577372593445,5.007748110000822,5.020566463470459,112100,0.0,0.0
2017-08-15 00:00:00,5.033384816940096,5.0376577372593445,5.020566463470459,5.020566463470459,141600,0.0,0.0
2017-08-16 00:00:00,5.0547504676339265,5.0547504676339265,5.02056791020605,5.024840831756592,147700,0.0,0.0
2017-08-17 00:00:00,5.041933028800677,5.041933028800677,5.020568824644952,5.033387184143066,105100,0.0,0.0
2017-08-18 00:00:00,5.033388612838227,5.033388612838227,5.0034789630235315,5.012024402618408,125900,0.0,0.0
2017-08-21 00:00:00,5.01202060539142,5.0291122866089415,4.994929331662008,5.016293525695801,131300,0.0,0.0
2017-08-22 00:00:00,5.02056791020605,5.029113753307133,5.02056791020605,5.024840831756592,154300,0.0,0.0
2017-08-23 00:00:00,5.020569805039069,5.046206936529901,5.016296881875867,5.041934013366699,125900,0.0,0.0
2017-08-24 00:00:00,5.041930657578594,5.046203577897843,5.020566463470459,5.020566463470459,103000,0.0,0.0
2017-08-25 00:00:00,5.029114723205566,5.033387238091864,5.020568878456361,5.029114723205566,135200,0.0,0.0
2017-08-28 00:00:00,5.04193308284107,5.04193308284107,5.016295956081757,5.029114723205566,162400,0.0,0.0
2017-08-29 00:00:00,5.033384816940096,5.041930657578594,5.01629354315121,5.020566463470459,130700,0.0,0.0
2017-08-30 00:00:00,5.016297326160055,5.020570249701702,5.0034789630235315,5.012024402618408,124700,0.0,0.0
2017-08-31 00:00:00,5.029115651365474,5.050479452204722,5.016296881875867,5.041934013366699,92900,0.0,0.0
2017-09-01 00:00:00,5.04193308284107,5.04193308284107,5.024841800830964,5.029114723205566,106800,0.0,0.0
2017-09-05 00:00:00,5.0462073960073255,5.0462073960073255,4.990660612293083,4.994933128356934,138500,0.0,0.0
2017-09-06 00:00:00,4.999202269362325,5.020566463470459,4.990656836211937,5.020566463470459,146800,0.0,0.0
2017-09-07 00:00:00,5.024839366304561,5.024839366304561,5.003475172270768,5.016293525695801,80800,0.0,0.0
2017-09-08 00:00:00,5.012021118291251,5.033385314511325,4.990657329559326,4.990657329559326,100900,0.0,0.0
2017-09-11 00:00:00,5.024840313520552,5.0718412232643955,5.016294471300843,5.067568302154541,141700,0.0,0.0
2017-09-12 00:00:00,5.06756644233925,5.06756644233925,5.016292630303227,5.046202659606934,205500,0.0,0.0
2017-09-13 00:00:00,5.046204058330442,5.046204058330442,4.994929824594023,5.003475666046143,189100,0.0,0.0
2017-09-14 00:00:00,5.019806669191817,5.054188872964237,5.019806669191817,5.049890995025635,107000,0.068,0.0
2017-09-15 00:00:00,5.045594400779869,5.054190158843994,5.036999052584047,5.054190158843994,185500,0.0,0.0
2017-09-18 00:00:00,5.058486775032298,5.058486775032298,5.032699917145877,5.0369977951049805,88000,0.0,0.0
2017-09-19 00:00:00,5.045596002886598,5.045596002886598,5.0069158990527125,5.011213779449463,116800,0.0,0.0
2017-09-20 00:00:00,5.0069158990527125,5.019809540242964,4.989724787334145,5.011213779449463,150800,0.0,0.0
2017-09-21 00:00:00,5.011210797623313,5.0155086754626925,4.989721818294606,5.002615451812744,122400,0.0,0.0
2017-09-22 00:00:00,5.0026177765568365,5.028404235839844,5.0026177765568365,5.028404235839844,103300,0.0,0.0
2017-09-25 00:00:00,5.024106356003216,5.0327021156764715,5.011213126361713,5.028404235839844,127700,0.0,0.0
2017-09-26 00:00:00,5.0155086754626925,5.045593000601969,5.002615451812744,5.002615451812744,197600,0.0,0.0
2017-09-27 00:00:00,5.011213779449463,5.071382875398666,4.994022667730896,5.011213779449463,262000,0.0,0.0
2017-09-28 00:00:00,5.015509460202763,5.032700564381857,4.989722598999994,5.0198073387146,396500,0.0,0.0
2017-09-29 00:00:00,5.019806837418403,5.036997939880731,5.006913203170496,5.032700061798096,175700,0.0,0.0
2017-10-02 00:00:00,5.028406291475213,5.037002054662456,5.011215174969275,5.024108409881592,183900,0.0,0.0
2017-10-03 00:00:00,5.0284042656370955,5.0284042656370955,5.002617806201283,5.0155110359191895,208700,0.0,0.0
2017-10-04 00:00:00,5.0112129721726495,5.019808731581424,5.0026176226322425,5.006915092468262,109900,0.0,0.0
2017-10-05 00:00:00,5.0155086754626925,5.024104021273262,4.994019696133985,5.002615451812744,140300,0.0,0.0
2017-10-06 00:00:00,5.019806837418403,5.032700061798096,5.011211081253132,5.032700061798096,210100,0.0,0.0
2017-10-09 00:00:00,5.036998442893694,5.036998442893694,5.011211581690925,5.0198073387146,115600,0.0,0.0
2017-10-10 00:00:00,5.019806693136767,5.041295263195883,5.01121093721856,5.0369977951049805,109300,0.0,0.0
2017-10-11 00:00:00,5.032701173551985,5.054190158843994,5.028403294519922,5.054190158843994,158600,0.0,0.0
2017-10-12 00:00:00,5.07061399357304,5.074936866760254,5.049000452140723,5.074936866760254,117200,0.068,0.0
2017-10-13 00:00:00,5.087911125675736,5.087911125675736,5.0403602924156,5.053328514099121,147500,0.0,0.0
2017-10-16 00:00:00,5.0706170255260545,5.079262777070173,5.040357719625891,5.044680595397949,200700,0.0,0.0
2017-10-17 00:00:00,5.049001231022046,5.057646566478264,5.027387274003586,5.031710147857666,137500,0.0,0.0
2017-10-18 00:00:00,5.036032477410928,5.044678224892389,5.0014503119889415,5.0273871421813965,215200,0.0,0.0
2017-10-19 00:00:00,5.036033630371094,5.057647591771164,5.0230654184318615,5.036033630371094,168700,0.0,0.0
2017-10-20 00:00:00,5.0446819235008284,5.053327265068863,5.0187450742922595,5.023067951202393,144800,0.0,0.0
2017-10-23 00:00:00,5.018742296459599,5.079261302947998,5.018742296459599,5.079261302947998,129000,0.0,0.0
2017-10-24 00:00:00,5.087908506697213,5.087908506697213,5.031712358658894,5.061971664428711,188900,0.0,0.0
2017-10-25 00:00:00,5.044679397561978,5.053324734801176,5.018742561340332,5.018742561340332,97200,0.0,0.0
2017-10-26 00:00:00,5.023067549287273,5.04468151985629,4.932289202699157,4.971194267272949,255800,0.0,0.0
2017-10-27 00:00:00,4.975513894048418,5.0273871421813965,4.971191020307686,5.0273871421813965,96500,0.0,0.0
2017-10-30 00:00:00,5.001450443131047,5.036032609459805,5.001450443131047,5.031710147857666,89500,0.0,0.0
2017-10-31 00:00:00,5.036032477410928,5.036032477410928,5.0014503119889415,5.0273871421813965,162500,0.0,0.0
2017-11-01 00:00:00,5.031712380333897,5.044680595397949,5.014421289497785,5.044680595397949,165000,0.0,0.0
2017-11-02 00:00:00,5.057646566478264,5.061969440332344,5.005773316985127,5.031710147857666,153300,0.0,0.0
2017-11-03 00:00:00,5.027389198118177,5.027389198118177,4.9539019634810755,4.962547302246094,217800,0.0,0.0
2017-11-06 00:00:00,4.966868663544912,4.9755144119262695,4.9539004532248505,4.9755144119262695,186000,0.0,0.0
2017-11-07 00:00:00,4.962547863349314,5.001452922821045,4.962547863349314,5.001452922821045,151900,0.0,0.0
2017-11-08 00:00:00,4.988485567998797,5.001453785976726,4.923644065856934,4.923644065856934,205900,0.0,0.0
2017-11-09 00:00:00,4.923642065147544,4.923642065147544,4.871768802062179,4.884737014770508,238800,0.0,0.0
2017-11-10 00:00:00,4.914996372118619,4.914996372118619,4.793958756850436,4.832863807678223,388600,0.0,0.0
2017-11-13 00:00:00,4.832863751685142,4.897705227478837,4.789635826321313,4.884737014770508,464200,0.0,0.0
2017-11-14 00:00:00,4.888218554681015,4.888218554681015,4.68381825121035,4.718609809875488,716600,0.068,0.0
2017-11-15 00:00:00,4.679468827013946,4.701213653120968,4.635979174799904,4.696864604949951,542900,0.0,0.0
2017-11-16 00:00:00,4.731655529492249,4.779493808746338,4.7186088014680445,4.779493808746338,258400,0.0,0.0
2017-11-17 00:00:00,4.779491320510142,4.80993422304851,4.770793644604744,4.78818941116333,229000,0.0,0.0
2017-11-20 00:00:00,4.788189806735394,4.801236529045229,4.7447001793721775,4.775142669677734,175900,0.0,0.0
2017-11-21 00:00:00,4.775143110572611,4.783841202747491,4.744700617456262,4.749049663543701,238200,0.0,0.0
2017-11-22 00:00:00,4.740351571368822,4.766445433145596,4.7316538939418065,4.749049663543701,136800,0.0,0.0
2017-11-24 00:00:00,4.766444993053786,4.7838407610495075,4.749049225058064,4.775142669677734,84600,0.0,0.0
2017-11-27 00:00:00,4.775144177593302,4.788191318771044,4.736003998303943,4.740352630615234,160300,0.0,0.0
2017-11-28 00:00:00,4.74035063993828,4.7620954513549805,4.7316529642202685,4.7620954513549805,167000,0.0,0.0
2017-11-29 00:00:00,4.757748095177744,4.757748095177744,4.701212146070301,4.731654644012451,301700,0.0,0.0
2017-11-30 00:00:00,4.7447004318237305,4.762096200745029,4.718606985815705,4.7447004318237305,252000,0.0,0.0
2017-12-01 00:00:00,4.7316538939418065,4.757747340970717,4.714258124339912,4.749049663543701,259300,0.0,0.0
2017-12-04 00:00:00,4.788191903927812,4.788191903927812,4.762098033131396,4.779493808746338,203800,0.0,0.0
2017-12-05 00:00:00,4.783841554775887,4.836028867421876,4.775143461960942,4.831679821014404,250000,0.0,0.0
2017-12-06 00:00:00,4.831680482568589,4.849076255832417,4.827331850313595,4.836029529571533,257900,0.0,0.0
2017-12-07 00:00:00,4.836027929096092,4.879517555236816,4.836027929096092,4.879517555236816,298000,0.0,0.0
2017-12-08 00:00:00,4.914311605790862,4.931707382202148,4.892566781589746,4.931707382202148,292200,0.0,0.0
2017-12-11 00:00:00,4.91865873336792,4.931705456896022,4.892564871563853,4.91865873336792,235400,0.0,0.0
2017-12-12 00:00:00,4.9056117537887385,4.909960800021419,4.840377719290042,4.862122535705566,261600,0.0,0.0
2017-12-13 00:00:00,4.853424935407736,4.879518800702021,4.840378210134553,4.87516975402832,174700,0.0,0.0
2017-12-14 00:00:00,4.891797919409746,4.891797919409746,4.8349164997329765,4.86554479598999,217500,0.068,0.0
2017-12-15 00:00:00,4.85679292678833,4.869919276868755,4.834915398468192,4.85679292678833,275400,0.0,0.0
2017-12-18 00:00:00,4.8655422817124645,4.874293457423278,4.834914001282669,4.869917869567871,446900,0.0,0.0
2017-12-19 00:00:00,4.856791523280676,4.87866862799966,4.826162825571855,4.869917869567871,368900,0.0,0.0
2017-12-20 00:00:00,4.861164886342568,4.874291645027899,4.843662958707664,4.852414131164551,197400,0.0,0.0
2017-12-21 00:00:00,4.852418535163754,4.861169298283864,4.830541001444608,4.834916591644287,395400,0.0,0.0
2017-12-22 00:00:00,4.8174102758947415,4.878666813977473,4.8174102758947415,4.852414131164551,224400,0.0,0.0
2017-12-26 00:00:00,4.843664759714456,4.87866862799966,4.826162825571855,4.869917869567871,301600,0.0,0.0
2017-12-27 00:00:00,4.861169205873491,4.887422329293246,4.856794033036232,4.86554479598999,216200,0.0,0.0
2017-12-28 00:00:00,4.887421285576359,4.900547635843462,4.86991934612717,4.896172046661377,253300,0.0,0.0
2017-12-29 00:00:00,4.896172260279897,4.909299028398869,4.869919558600293,4.904923439025879,453900,0.0,0.0
2018-01-02 00:00:00,4.900546073913574,4.9267991833593925,4.896170486126102,4.900546073913574,227000,0.0,0.0
2018-01-03 00:00:00,4.9311749120777595,4.939925670623779,4.909297389794164,4.939925670623779,149400,0.0,0.0
2018-01-04 00:00:00,4.944303278137643,4.95305404025809,4.913674567518076,4.922425746917725,209500,0.0,0.0
2018-01-05 00:00:00,4.926800968611662,4.926800968611662,4.900547849652888,4.904923439025879,231200,0.0,0.0
2018-01-08 00:00:00,4.913674287900081,4.918049877350907,4.869919645229349,4.874295234680176,170400,0.0,0.0
2018-01-09 00:00:00,4.878670406851825,4.8874215857534775,4.865544055778523,4.874295234680176,230100,0.0,0.0
2018-01-10 00:00:00,4.874295630808436,4.874295630808436,4.85241809905552,4.86116886138916,212300,0.0,0.0
2018-01-11 00:00:00,4.873494931543815,4.895507188349614,4.869092816061758,4.886702537536621,176000,0.068,0.0
2018-01-12 00:00:00,4.886702537536621,4.895507188349614,4.882300002205686,4.886702537536621,99700,0.0,0.0
2018-01-16 00:00:00,4.8911039500738,4.935128457358236,4.886701835224411,4.899909019470215,233700,0.0,0.0
2018-01-17 00:00:00,4.921922608004476,4.921922608004476,4.891105276607766,4.8955078125,134400,0.0,0.0
2018-01-18 00:00:00,4.904311216903395,4.904311216903395,4.855884178251036,4.860286712646484,176700,0.0,0.0
2018-01-19 00:00:00,4.860287996299248,4.864690531857452,4.8470808094735345,4.851483345031738,116300,0.0,0.0
2018-01-22 00:00:00,4.864690900952222,4.908715000327772,4.860288365059987,4.8955078125,199700,0.0,0.0
2018-01-23 00:00:00,4.899911747995583,4.9219240138953735,4.886704556395329,4.9175214767456055,126200,0.0,0.0
2018-01-24 00:00:00,4.913115231875305,4.935127481163382,4.913115231875305,4.921920299530029,153200,0.0,0.0
2018-01-25 00:00:00,4.921922378331144,4.935129565542624,4.904312655432866,4.908714771270752,164700,0.0,0.0
2018-01-26 00:00:00,4.908717590014894,4.913120128229771,4.899912933434293,4.90431547164917,125100,0.0,0.0
2018-01-29 00:00:00,4.913116600880728,4.921921670988923,4.873494625091553,4.873494625091553,185000,0.0,0.0
2018-01-30 00:00:00,4.860288721261918,4.877898446272511,4.838276460036438,4.864691257476807,243900,0.0,0.0
2018-01-31 00:00:00,4.864690654065789,4.886702912560892,4.864690654065789,4.88230037689209,515000,0.0,0.0
2018-02-01 00:00:00,4.882300982487399,4.895508171283102,4.85588618504703,4.864691257476807,205200,0.0,0.0
2018-02-02 00:00:00,4.855884526191082,4.877896779896788,4.829470157623291,4.829470157623291,241200,0.0,0.0
2018-02-05 00:00:00,4.820665108227923,4.873494265431792,4.798652854430772,4.80745792388916,361000,0.0,0.0
2018-02-06 00:00:00,4.754631737711755,4.842680388070493,4.750229200231547,4.81626558303833,222400,0.0,0.0
2018-02-07 00:00:00,4.829471606023735,4.860288518544691,4.825069069992471,4.855885982513428,108000,0.0,0.0
2018-02-08 00:00:00,4.8558833585060475,4.864688425810519,4.820663928985596,4.820663928985596,121700,0.0,0.0
2018-02-09 00:00:00,4.829473195478952,4.842680388070493,4.759034275191962,4.81626558303833,161500,0.0,0.0
2018-02-12 00:00:00,4.838276396327412,4.838276396327412,4.7854472219912765,4.789849758148193,224700,0.0,0.0
2018-02-13 00:00:00,4.8162618886525745,4.8250669568589295,4.789847523731028,4.798652172088623,359300,0.0,0.0
2018-02-14 00:00:00,4.811057881909059,4.842068672180176,4.793337611390381,4.842068672180176,134100,0.068,0.0
2018-02-15 00:00:00,4.859788296440983,4.859788296440983,4.815487414793162,4.855358123779297,341900,0.0,0.0
2018-02-16 00:00:00,4.842068624309831,4.873078991789795,4.824348353966342,4.85978889465332,265600,0.0,0.0
2018-02-20 00:00:00,4.850928620735346,4.886369161951976,4.842068696673477,4.88193941116333,167700,0.0,0.0
2018-02-21 00:00:00,4.88636700721554,4.895227349854849,4.868646744421312,4.873076915740967,113900,0.0,0.0
2018-02-22 00:00:00,4.88636696693098,4.917377743428511,4.873076875565975,4.890797138214111,277700,0.0,0.0
2018-02-23 00:00:00,4.899660226497454,4.904089977778583,4.877509780153313,4.886369705200195,157400,0.0,0.0
2018-02-26 00:00:00,4.899660276921842,4.899660276921842,4.850929209966297,4.868649482727051,391900,0.0,0.0
2018-02-27 00:00:00,4.8730800137996155,4.877510187935751,4.850929565603595,4.864219665527344,285700,0.0,0.0
2018-02-28 00:00:00,4.868648891343661,4.88193941116333,4.850928620735346,4.88193941116333,571000,0.0,0.0
2018-03-01 00:00:00,4.881939953919066,4.899660226497454,4.868649432621807,4.886369705200195,328600,0.0,0.0
2018-03-02 00:00:00,4.8819383021685585,4.890798224217782,4.833207252202142,4.837637424468994,328300,0.0,0.0
2018-03-05 00:00:00,4.828777079935289,4.837637424468994,4.824347330152918,4.837637424468994,159600,0.0,0.0
2018-03-06 00:00:00,4.828778152427736,4.8730790399667185,4.828778152427736,4.842068672180176,230300,0.0,0.0
2018-03-07 00:00:00,4.837637424468994,4.842067596735847,4.806627063569988,4.837637424468994,151000,0.0,0.0
2018-03-08 00:00:00,4.833208277895801,4.85978889465332,4.833208277895801,4.85978889465332,126800,0.0,0.0
2018-03-09 00:00:00,4.8730800137996155,4.886370113723364,4.859789913875867,4.864219665527344,157600,0.0,0.0
2018-03-12 00:00:00,4.86864983966348,4.8730800137996155,4.850929565603595,4.864219665527344,98400,0.0,0.0
2018-03-13 00:00:00,4.877510187935751,4.877510187935751,4.855359739739731,4.864219665527344,119500,0.0,0.0
2018-03-14 00:00:00,4.87401943849888,4.878474768647787,4.847288307372779,4.869564533233643,154700,0.062,0.0
2018-03-15 00:00:00,4.874019205712872,4.874019205712872,4.838377415991229,4.856198310852051,117700,0.0,0.0
2018-03-16 00:00:00,4.860653640788168,4.860653640788168,4.842832745927347,4.856198310852051,92000,0.0,0.0
2018-03-19 00:00:00,4.833924293518066,4.860655433224967,4.833924293518066,4.833924293518066,127100,0.0,0.0
2018-03-20 00:00:00,4.8517437025620405,4.8517437025620405,4.833922806611184,4.842833042144775,196000,0.0,0.0
2018-03-21 00:00:00,4.847289863371517,4.847289863371517,4.811648060506446,4.833924293518066,227900,0.0,0.0
2018-03-22 00:00:00,4.816103641048062,4.825013879783031,4.816103641048062,4.820558547973633,94500,0.0,0.0
2018-03-23 00:00:00,4.833922211411035,4.833922211411035,4.802735328674316,4.802735328674316,157700,0.0,0.0
2018-03-26 00:00:00,4.811648309238664,4.847290113946194,4.811648309238664,4.820558547973633,138100,0.0,0.0
2018-03-27 00:00:00,4.820559258750717,4.842835496198445,4.816104351168283,4.825014591217041,99800,0.0,0.0
2018-03-28 00:00:00,4.833921617834817,4.84283185117717,4.825010959608894,4.838376522064209,95400,0.0,0.0
2018-03-29 00:00:00,4.842834465595223,4.851745128631592,4.838379134077037,4.851745128631592,86900,0.0,0.0
2018-04-02 00:00:00,4.856199386042492,4.856199386042492,4.820557588429551,4.829468250274658,134900,0.0,0.0
2018-04-03 00:00:00,4.838380163732122,4.838380163732122,4.807193686235636,4.825014591217041,148400,0.0,0.0
2018-04-04 00:00:00,4.807191367258899,4.829467593960633,4.807191367258899,4.816102027893066,61000,0.0,0.0
2018-04-05 00:00:00,4.816104351168283,4.825014591217041,4.802738353769313,4.825014591217041,145300,0.0,0.0
2018-04-06 00:00:00,4.820559258750717,4.825014591217041,4.816104351168283,4.825014591217041,104400,0.0,0.0
2018-04-09 00:00:00,4.829468895924467,4.856200035265977,4.820558232888097,4.851745128631592,134500,0.0,0.0
2018-04-10 00:00:00,4.8517437025620405,4.856198607886999,4.829467476402551,4.842833042144775,191400,0.0,0.0
2018-04-11 00:00:00,4.847286830089879,4.878473281860352,4.838376172507722,4.878473281860352,265700,0.0,0.0
2018-04-12 00:00:00,4.888334391609451,4.888334391609451,4.870412009214955,4.874892711639404,82700,0.062,0.0
2018-04-13 00:00:00,4.865927219390869,4.8838495867305,4.852485550711881,4.865927219390869,119800,0.0,0.0
2018-04-16 00:00:00,4.865931629133193,4.87489303457574,4.852489948272705,4.852489948272705,97500,0.0,0.0
2018-04-17 00:00:00,4.856967815664273,4.883851161691684,4.856967815664273,4.8704094886779785,135700,0.0,0.0
2018-04-18 00:00:00,4.865927219390869,4.874888616712156,4.856966249372525,4.865927219390869,103400,0.0,0.0
2018-04-19 00:00:00,4.856967926025391,4.8659288991371135,4.852487225817984,4.856967926025391,112500,0.0,0.0
2018-04-20 00:00:00,4.8659288991371135,4.87040959934452,4.848006525610577,4.856967926025391,144100,0.0,0.0
2018-04-23 00:00:00,4.852489948272705,4.87489303457574,4.848009245551432,4.852489948272705,155100,0.0,0.0
2018-04-24 00:00:00,4.8659288991371135,4.87040959934452,4.852487225817984,4.856967926025391,88700,0.0,0.0
2018-04-25 00:00:00,4.861448626232797,4.861448626232797,4.839045552498854,4.856967926025391,128400,0.0,0.0
2018-04-26 00:00:00,4.86592867861626,4.883851051330566,4.856967705910643,4.883851051330566,120900,0.0,0.0
2018-04-27 00:00:00,4.888330285391144,4.901771954070132,4.861446948033168,4.865927219390869,127500,0.0,0.0
2018-04-30 00:00:00,4.8614510316693575,4.879373414063854,4.856970329244907,4.874892711639404,101300,0.0,0.0
2018-05-01 00:00:00,4.874891168066608,4.89281354478621,4.861449492352698,4.888332843780518,160500,0.0,0.0
2018-05-02 00:00:00,4.8972930908203125,4.8972930908203125,4.8793707183275,4.8972930908203125,147200,0.0,0.0
2018-05-03 00:00:00,4.897297944044511,4.901778221130371,4.8928172396551615,4.901778221130371,100100,0.0,0.0
2018-05-04 00:00:00,4.901774747492726,4.901774747492726,4.848007614833027,4.861449718475342,230200,0.0,0.0
2018-05-07 00:00:00,4.856970650993978,4.883854012714955,4.852489948272705,4.852489948272705,154800,0.0,0.0
2018-05-08 00:00:00,4.852487115558678,4.874890188783573,4.852487115558678,4.8704094886779785,183400,0.0,0.0
2018-05-09 00:00:00,4.879370888889169,4.883851161691684,4.865928788572384,4.8704094886779785,107000,0.0,0.0
2018-05-10 00:00:00,4.870409378620605,4.883851051330566,4.870409378620605,4.883851051330566,102700,0.0,0.0
2018-05-11 00:00:00,4.879370778629293,4.888331751334911,4.870409378620605,4.883851051330566,104500,0.0,0.0
2018-05-14 00:00:00,4.880244978259028,4.9027762046177354,4.880244978259028,4.893763542175293,167000,0.062,0.0
2018-05-15 00:00:00,4.884751551034964,4.893763784175669,4.866726655006132,4.871232986450195,132000,0.0,0.0
2018-05-16 00:00:00,4.88925764070147,4.898269873396514,4.880244978259028,4.893763542175293,113300,0.0,0.0
2018-05-17 00:00:00,4.902778863300349,4.902778863300349,4.880247624723384,4.889260292053223,212900,0.0,0.0
2018-05-18 00:00:00,4.862224588435375,4.889262171068198,4.857718253038605,4.880249500274658,170300,0.0,0.0
2018-05-21 00:00:00,4.889259358326404,4.911790162852915,4.880246692717761,4.907284259796143,126600,0.0,0.0
2018-05-22 00:00:00,4.902778575599133,4.9162971460529725,4.875741004943848,4.875741004943848,182800,0.0,0.0
2018-05-23 00:00:00,4.871235387141177,4.89827252963543,4.871235387141177,4.889260292053223,135500,0.0,0.0
2018-05-24 00:00:00,4.889260292053223,4.889260292053223,4.880247624723384,4.889260292053223,119400,0.0,0.0
2018-05-25 00:00:00,4.880249500274658,4.898274412113941,4.880249500274658,4.880249500274658,100500,0.0,0.0
2018-05-29 00:00:00,4.889258805015893,4.889258805015893,4.848702673861775,4.8622212409973145,225900,0.0,0.0
2018-05-30 00:00:00,4.8847551467027905,4.902780055999756,4.875742477180439,4.902780055999756,202100,0.0,0.0
2018-05-31 00:00:00,4.889262171068198,4.911792988556454,4.880249500274658,4.880249500274658,188800,0.0,0.0
2018-06-01 00:00:00,4.898271083831787,4.907283748501393,4.8802461842400815,4.898271083831787,92100,0.0,0.0
2018-06-04 00:00:00,4.889259521496701,4.898271757658563,4.848703384399414,4.848703384399414,313400,0.0,0.0
2018-06-05 00:00:00,4.848699495452699,4.862218053726583,4.808143390883832,4.821661949157715,327300,0.0,0.0
2018-06-06 00:00:00,4.817158246174141,4.844195807210241,4.817158246174141,4.835183143615723,74000,0.0,0.0
2018-06-07 00:00:00,4.835184385535276,4.857715620561276,4.835184385535276,4.848703384399414,305900,0.0,0.0
2018-06-08 00:00:00,4.857713222503662,4.86221955323378,4.8396883293305395,4.857713222503662,96400,0.0,0.0
2018-06-11 00:00:00,4.862222878257729,4.862222878257729,4.830679401070642,4.839691638946533,137600,0.0,0.0
2018-06-12 00:00:00,4.853208506403546,4.853208506403546,4.830677276999437,4.84419584274292,132300,0.0,0.0
2018-06-13 00:00:00,4.853208927055347,4.853208927055347,4.808146464341339,4.8171586990356445,209000,0.0,0.0
2018-06-14 00:00:00,4.816254138946533,4.825315540010526,4.811723222368544,4.816254138946533,155600,0.058,0.0
2018-06-15 00:00:00,4.789068616257946,4.816253681049324,4.789068616257946,4.807191848754883,184300,0.0,0.0
2018-06-18 00:00:00,4.807191986243088,4.807191986243088,4.7800073527661615,4.784538269042969,191000,0.0,0.0
2018-06-19 00:00:00,4.770945520212547,4.784538269042969,4.7664150360276984,4.784538269042969,239100,0.0,0.0
2018-06-20 00:00:00,4.7800073527661615,4.798130585781432,4.7800073527661615,4.784538269042969,163300,0.0,0.0
2018-06-21 00:00:00,4.775475564303521,4.793598794008792,4.766414165496826,4.766414165496826,248300,0.0,0.0
2018-06-22 00:00:00,4.78453971051907,4.789070196068853,4.766416472043668,4.780008792877197,192300,0.0,0.0
2018-06-25 00:00:00,4.770944675270706,4.780006506219456,4.739229131133845,4.752821445465088,184700,0.0,0.0
2018-06-26 00:00:00,4.761883276413838,4.766414191888213,4.752821445465088,4.752821445465088,137500,0.0,0.0
2018-06-27 00:00:00,4.761887085938724,4.770948492044746,4.74829432864135,4.7573561668396,127300,0.0,0.0
2018-06-28 00:00:00,4.766418005037849,4.766418005037849,4.743763841634453,4.7573561668396,284100,0.0,0.0
2018-06-29 00:00:00,4.752822483029587,4.761884315956579,4.716576015505569,4.734699249267578,352500,0.0,0.0
2018-07-02 00:00:00,4.743763084910348,4.757355407947249,4.712047088368031,4.716578006744385,174500,0.0,0.0
2018-07-03 00:00:00,4.734696374174824,4.752819596931704,4.7301654604626755,4.743758201599121,161100,0.0,0.0
2018-07-05 00:00:00,4.743760117812893,4.748290601263389,4.730167371185738,4.739229202270508,87900,0.0,0.0
2018-07-06 00:00:00,4.752822408854943,4.752822408854943,4.7346991753757735,4.748291492462158,109800,0.0,0.0
2018-07-09 00:00:00,4.748290601263389,4.757352432348158,4.734698286728123,4.739229202270508,155900,0.0,0.0
2018-07-10 00:00:00,4.739230165731074,4.752822483029587,4.725637848432561,4.734699249267578,225600,0.0,0.0
2018-07-11 00:00:00,4.721105175873304,4.730166573337779,4.702981948852539,4.702981948852539,148900,0.0,0.0
2018-07-12 00:00:00,4.711185613375148,4.724854308567924,4.683847788469612,4.697516918182373,181900,0.058,0.0
2018-07-13 00:00:00,4.702071147088999,4.715740271821575,4.67929014157436,4.692958831787109,164600,0.0,0.0
2018-07-16 00:00:00,4.688403565778671,4.702072259224343,4.670178496344465,4.679291248321533,190200,0.0,0.0
2018-07-17 00:00:00,4.674732208251953,4.679288581643858,4.66106308807624,4.674732208251953,235600,0.0,0.0
2018-07-18 00:00:00,4.679290124362774,4.683846064737048,4.6565086844121035,4.661064624786377,290900,0.0,0.0
2018-07-19 00:00:00,4.6656229902273925,4.679292120741504,4.661066613389355,4.67017936706543,340200,0.0,0.0
2018-07-20 00:00:00,4.67017936706543,4.67017936706543,4.651954294233292,4.67017936706543,155700,0.0,0.0
2018-07-23 00:00:00,4.670177374574576,4.670177374574576,4.651952309518005,4.661064624786377,202000,0.0,0.0
2018-07-24 00:00:00,4.665622716705917,4.697516918182373,4.661066340134996,4.697516918182373,310300,0.0,0.0
2018-07-25 00:00:00,4.697516358470846,4.7066286760069636,4.683847230386769,4.688403606414795,187500,0.0,0.0
2018-07-26 00:00:00,4.688402456876251,4.706627521999858,4.688402456876251,4.692958831787109,119800,0.0,0.0
2018-07-27 00:00:00,4.692958831787109,4.7111838969107165,4.692958831787109,4.692958831787109,113700,0.0,0.0
2018-07-30 00:00:00,4.692958831787109,4.702071147088999,4.688402456876251,4.692958831787109,120700,0.0,0.0
2018-07-31 00:00:00,4.7111838969107165,4.7111838969107165,4.6701773917526435,4.692958831787109,209200,0.0,0.0
2018-08-01 00:00:00,4.697516556027103,4.697516556027103,4.674735109448823,4.683847427368164,227100,0.0,0.0
2018-08-02 00:00:00,4.688403729368354,4.706628799438477,4.683847353220838,4.706628799438477,118400,0.0,0.0
2018-08-03 00:00:00,4.706628446919905,4.724853515625,4.702072071113653,4.724853515625,172500,0.0,0.0
2018-08-06 00:00:00,4.720298530671977,4.733967662118393,4.706629833745603,4.715742588043213,132800,0.0,0.0
2018-08-07 00:00:00,4.720294907081711,4.7339640280348645,4.706626220648266,4.711182594299316,195900,0.0,0.0
2018-08-08 00:00:00,4.715740271821575,4.724852587123466,4.692958831787109,4.692958831787109,122400,0.0,0.0
2018-08-09 00:00:00,4.692961136819228,4.720298530671977,4.688404759670423,4.715742588043213,239800,0.0,0.0
2018-08-10 00:00:00,4.715742588043213,4.715742588043213,4.697517513968033,4.715742588043213,84700,0.0,0.0
2018-08-13 00:00:00,4.7157409187251975,4.724853235277111,4.7111845431892965,4.720296859741211,168400,0.0,0.0
2018-08-14 00:00:00,4.733128344712305,4.746873996939648,4.719382692484962,4.742292404174805,146700,0.058,0.0
2018-08-15 00:00:00,4.737708668401091,4.7422906964823595,4.733126640319824,4.733126640319824,146700,0.0,0.0
2018-08-16 00:00:00,4.742290833831631,4.760618509721271,4.737708805617656,4.746872425079346,118500,0.0,0.0
2018-08-17 00:00:00,4.7468697987789445,4.783525130277931,4.737706184387207,4.737706184387207,258400,0.0,0.0
2018-08-20 00:00:00,4.733125744483622,4.742289798911681,4.691888373489686,4.710216045379639,307400,0.0,0.0
2018-08-21 00:00:00,4.710215946514957,4.733125645138078,4.710215946514957,4.7147979736328125,162100,0.0,0.0
2018-08-22 00:00:00,4.723964384260221,4.728545976697294,4.678144964158491,4.696472644805908,315800,0.0,0.0
2018-08-23 00:00:00,4.69188829092167,4.70105234518846,4.673560619354248,4.673560619354248,288300,0.0,0.0
2018-08-24 00:00:00,4.687307460945152,4.696471517552478,4.664398193359375,4.664398193359375,282800,0.0,0.0
2018-08-27 00:00:00,4.673563269105276,4.760620086133398,4.668981239374027,4.742292404174805,657800,0.0,0.0
2018-08-28 00:00:00,4.737708668401091,4.760618371841181,4.728544612238556,4.733126640319824,270200,0.0,0.0
2018-08-29 00:00:00,4.733125645138078,4.751453316643345,4.7147979736328125,4.7147979736328125,157800,0.0,0.0
2018-08-30 00:00:00,4.710216045379639,4.719380099807698,4.701052427917745,4.710216045379639,105300,0.0,0.0
2018-08-31 00:00:00,4.696470302127547,4.719380000750668,4.687306247891835,4.7147979736328125,219900,0.0,0.0
2018-09-04 00:00:00,4.719379901885986,4.728543518963575,4.714797874864118,4.719379901885986,183900,0.0,0.0
2018-09-05 00:00:00,4.723964214324951,4.733127835835829,4.710218126609096,4.723964214324951,254700,0.0,0.0
2018-09-06 00:00:00,4.714798964961002,4.7422906964823595,4.714798964961002,4.733126640319824,128600,0.0,0.0
2018-09-07 00:00:00,4.733125744483622,4.737707771697651,4.710216045379639,4.710216045379639,123100,0.0,0.0
2018-09-10 00:00:00,4.723963120854906,4.756036444168408,4.714799064498901,4.72854471206665,192400,0.0,0.0
2018-09-11 00:00:00,4.737707279572937,4.7606169762971975,4.728543226096784,4.751452922821045,148800,0.0,0.0
2018-09-12 00:00:00,4.751453539385935,4.765199184417725,4.7468715120532785,4.765199184417725,108200,0.0,0.0
2018-09-13 00:00:00,4.783635585740782,4.792852381348126,4.75598431991483,4.760592937469482,199900,0.06,0.0
2018-09-14 00:00:00,4.779026494294924,4.779026494294924,4.765201082503864,4.774417877197266,136800,0.0,0.0
2018-09-17 00:00:00,4.7836331740350175,4.7836331740350175,4.755981922149658,4.755981922149658,111000,0.0,0.0
2018-09-18 00:00:00,4.75598431991483,4.774418350631478,4.7421589067528345,4.760592937469482,175800,0.0,0.0
2018-09-19 00:00:00,4.7605905951827445,4.792850023189234,4.74676518882307,4.783633232116699,262800,0.0,0.0
2018-09-20 00:00:00,4.792849964995645,4.802067195458011,4.755981922149658,4.755981922149658,122800,0.0,0.0
2018-09-21 00:00:00,4.760590537380842,4.774415943572651,4.755981922149658,4.755981922149658,128200,0.0,0.0
2018-09-24 00:00:00,4.760589616403801,4.774415019920968,4.760589616403801,4.765198230743408,123400,0.0,0.0
2018-09-25 00:00:00,4.779026498809658,4.779026498809658,4.746767058099404,4.751375675201416,78200,0.0,0.0
2018-09-26 00:00:00,4.7605906109381255,4.7928500390513795,4.751373819835087,4.788241863250732,179800,0.0,0.0
2018-09-27 00:00:00,4.788243775238268,4.806677804306959,4.788243775238268,4.802069187164307,157600,0.0,0.0
2018-09-28 00:00:00,4.806675884958556,4.811284060759202,4.76980784154291,4.788241863250732,221900,0.0,0.0
2018-10-01 00:00:00,4.802069667258152,4.815895080566406,4.779027018743085,4.815895080566406,107500,0.0,0.0
2018-10-02 00:00:00,4.820501773610623,4.825110389374064,4.806676365822088,4.81128454208374,165700,0.0,0.0
2018-10-03 00:00:00,4.815895080566406,4.820503698169812,4.802069667258152,4.815895080566406,80800,0.0,0.0
2018-10-04 00:00:00,4.802069187164307,4.820503216232998,4.783635158095615,4.802069187164307,109300,0.0,0.0
2018-10-05 00:00:00,4.797459519352974,4.797459519352974,4.737548828125,4.737548828125,163200,0.0,0.0
2018-10-08 00:00:00,4.737550289198182,4.760592937469482,4.737550289198182,4.760592937469482,83000,0.0,0.0
2018-10-09 00:00:00,4.760588079226411,4.760588079226411,4.719111442565918,4.719111442565918,131700,0.0,0.0
2018-10-10 00:00:00,4.709896998703417,4.723722404632101,4.659203111128697,4.686854362487793,254900,0.0,0.0
2018-10-11 00:00:00,4.682244184980364,4.686852798586041,4.617725352507236,4.622333526611328,278200,0.0,0.0
2018-10-12 00:00:00,4.6594262134497555,4.6733348243502135,4.6176999386016115,4.626972198486328,360500,0.06,0.0
2018-10-15 00:00:00,4.626971502810938,4.677970472022758,4.626971502810938,4.673334121704102,90100,0.0,0.0
2018-10-16 00:00:00,4.677969214651791,4.72896772800924,4.650151562363537,4.724331378936768,163600,0.0,0.0
2018-10-17 00:00:00,4.7243327467226655,4.733605447552237,4.701151878942158,4.728969097137451,101800,0.0,0.0
2018-10-18 00:00:00,4.7011536560195495,4.7196986225421425,4.7011536560195495,4.705789566040039,103200,0.0,0.0
2018-10-19 00:00:00,4.696517303852182,4.715062270374775,4.6826086894969565,4.705789566040039,162100,0.0,0.0
2018-10-22 00:00:00,4.705786925336882,4.715059624468142,4.691878318786621,4.691878318786621,104000,0.0,0.0
2018-10-23 00:00:00,4.682605463581179,4.7057863241546265,4.668696416661223,4.701150417327881,110900,0.0,0.0
2018-10-24 00:00:00,4.715059624468142,4.7196959740337725,4.691878318786621,4.691878318786621,105500,0.0,0.0
2018-10-25 00:00:00,4.696516072368094,4.696516072368094,4.6640625,4.6640625,121000,0.0,0.0
2018-10-26 00:00:00,4.659426086163421,4.659426086163421,4.6269720720865735,4.636244773864746,208600,0.0,0.0
2018-10-29 00:00:00,4.645518495570858,4.65942710914501,4.622337178182703,4.6316094398498535,185800,0.0,0.0
2018-10-30 00:00:00,4.6269720720865735,4.640881124753832,4.613063461566071,4.636244773864746,213700,0.0,0.0
2018-10-31 00:00:00,4.631607276511291,4.650152233330436,4.617698669433594,4.617698669433594,220200,0.0,0.0
2018-11-01 00:00:00,4.626970926769843,4.636243626252739,4.608425969950698,4.617698669433594,221400,0.0,0.0
2018-11-02 00:00:00,4.645518308991717,4.650154218565672,4.608427937372227,4.613064289093018,183500,0.0,0.0
2018-11-05 00:00:00,4.626971627967189,4.626971627967189,4.59451805915215,4.603790760040283,238600,0.0,0.0
2018-11-06 00:00:00,4.599153712614449,4.626970926769843,4.599153712614449,4.617698669433594,132100,0.0,0.0
2018-11-07 00:00:00,4.631605824902521,4.650150775909424,4.626969476614168,4.650150775909424,164700,0.0,0.0
2018-11-08 00:00:00,4.645518844320493,4.654791106683732,4.64088249206543,4.64088249206543,112000,0.0,0.0
2018-11-09 00:00:00,4.636244773864746,4.645517475642919,4.63160842297566,4.636244773864746,221800,0.0,0.0
2018-11-12 00:00:00,4.636244900517813,4.650153511418271,4.622336289617354,4.626972198486328,165700,0.0,0.0
2018-11-13 00:00:00,4.640882021753439,4.664063338532649,4.5991557399802305,4.608428001403809,256200,0.0,0.0
2018-11-14 00:00:00,4.636414069968385,4.636414069968385,4.589770330170405,4.613092422485352,338500,0.06,0.0
2018-11-15 00:00:00,4.608426305965431,4.6457414627075195,4.580439715992987,4.6457414627075195,301200,0.0,0.0
2018-11-16 00:00:00,4.594432999774494,4.613090577196826,4.585103988647461,4.585103988647461,177400,0.0,0.0
2018-11-19 00:00:00,4.585106754019344,4.5897712623961215,4.561784656967461,4.566449165344238,341800,0.0,0.0
2018-11-20 00:00:00,4.5571209689435,4.566449541633755,4.52446985244751,4.52446985244751,263700,0.0,0.0
2018-11-21 00:00:00,4.552453474454188,4.552453474454188,4.505809307098389,4.505809307098389,221500,0.0,0.0
2018-11-23 00:00:00,4.501147192445336,4.5291337966918945,4.501147192445336,4.5291337966918945,65800,0.0,0.0
2018-11-26 00:00:00,4.547789266684205,4.552453772691712,4.515138614295204,4.5384602546691895,165000,0.0,0.0
2018-11-27 00:00:00,4.515140914662145,4.538462566918009,4.496483325958252,4.496483325958252,253100,0.0,0.0
2018-11-28 00:00:00,4.505811897894197,4.510476406278171,4.496483325958252,4.496483325958252,133100,0.0,0.0
2018-11-29 00:00:00,4.5151412797572545,4.529134361208657,4.501147753473814,4.52446985244751,267000,0.0,0.0
2018-11-30 00:00:00,4.533797060457976,4.543125629425049,4.501145956993571,4.543125629425049,499100,0.0,0.0
2018-12-03 00:00:00,4.580439314634621,4.594432830810547,4.5617817378984356,4.594432830810547,339100,0.0,0.0
2018-12-04 00:00:00,4.599098408437534,4.645742588079986,4.599098408437534,4.63641357421875,350500,0.0,0.0
2018-12-06 00:00:00,4.6130907691649625,4.622419335848458,4.575775612767473,4.59909725189209,518800,0.0,0.0
2018-12-07 00:00:00,4.599098377723066,4.631749481187471,4.543125629425049,4.543125629425049,307700,0.0,0.0
2018-12-10 00:00:00,4.547791951421206,4.571114050394902,4.505812262234961,4.52446985244751,371600,0.0,0.0
2018-12-11 00:00:00,4.547789258181025,4.547789258181025,4.473158941527549,4.491816520690918,259300,0.0,0.0
2018-12-12 00:00:00,4.496482272289592,4.524468426371385,4.473160180666832,4.477824687957764,273900,0.0,0.0
2018-12-13 00:00:00,4.491905173029107,4.491905173029107,4.43558039519267,4.440274238586426,347500,0.06,0.0
2018-12-14 00:00:00,4.449662034641621,4.449662034641621,4.365175081127778,4.393337249755859,351000,0.0,0.0
2018-12-17 00:00:00,4.3745627120242006,4.3745627120242006,4.3135440777094445,4.32293176651001,568500,0.0,0.0
2018-12-18 00:00:00,4.318237838185146,4.398031400920612,4.280687978971942,4.337012767791748,1917000,0.0,0.0
2018-12-19 00:00:00,4.313542508320654,4.35578619729447,4.313542508320654,4.318236351013184,511600,0.0,0.0
2018-12-20 00:00:00,4.28068680090747,4.30884941138171,4.15395617284716,4.196199417114258,626800,0.0,0.0
2018-12-21 00:00:00,4.196200735770916,4.219669510602931,4.158650875091553,4.158650875091553,482600,0.0,0.0
2018-12-24 00:00:00,4.1586498490021215,4.214974626123806,4.153956453297468,4.205587387084961,223400,0.0,0.0
2018-12-26 00:00:00,4.2384450343695255,4.416807121383897,4.229057791700196,4.398032188415527,523400,0.0,0.0
2018-12-27 00:00:00,4.379256896074445,4.393337982737766,4.346400877983471,4.351094722747803,399900,0.0,0.0
2018-12-28 00:00:00,4.379256951031686,4.412112969534984,4.355788174545182,4.369869709014893,599500,0.0,0.0
2018-12-31 00:00:00,4.36987101231047,4.416808131652596,4.3276272915616865,4.332320690155029,606400,0.0,0.0
2019-01-02 00:00:00,4.30415465922961,4.393335419573612,4.30415465922961,4.379254341125488,862200,0.0,0.0
2019-01-03 00:00:00,4.365173547067392,4.3980295481300455,4.360479704735743,4.388642311096191,823700,0.0,0.0
2019-01-04 00:00:00,4.43558084725448,4.496599474703517,4.416805919395514,4.473130702972412,762700,0.0,0.0
2019-01-07 00:00:00,4.49659876283552,4.567004619253115,4.49659876283552,4.548229694366455,244700,0.0,0.0
2019-01-08 00:00:00,4.576394221007373,4.5951691537524715,4.567006530819971,4.581088066101074,278400,0.0,0.0
2019-01-09 00:00:00,4.590474576652809,4.590474576652809,4.534149787399174,4.538843631744385,261800,0.0,0.0
2019-01-10 00:00:00,4.538842343205593,4.557617267626763,4.520067418784422,4.543536186218262,156200,0.0,0.0
2019-01-11 00:00:00,4.543537219769758,4.548230616220561,4.491905830144441,4.4965996742248535,165000,0.0,0.0
2019-01-14 00:00:00,4.491875038319491,4.506044864654541,4.477704761533783,4.506044864654541,149500,0.06,0.0
2019-01-15 00:00:00,4.506047469000569,4.53911056637528,4.496601062801045,4.534387588500977,170000,0.0,0.0
2019-01-16 00:00:00,4.520214548196578,4.548554650422076,4.520214548196578,4.539107799530029,216900,0.0,0.0
2019-01-17 00:00:00,4.5391097243414835,4.543833151790479,4.515493487998177,4.520216464996338,86800,0.0,0.0
2019-01-18 00:00:00,4.520215755684751,4.54855586548076,4.520215755684751,4.529662609100342,395800,0.0,0.0
2019-01-22 00:00:00,4.529662964126349,4.529662964126349,4.510769706265114,4.52493953704834,123400,0.0,0.0
2019-01-23 00:00:00,4.520216109970331,4.543832794909575,4.520216109970331,4.52493953704834,289700,0.0,0.0
2019-01-24 00:00:00,4.534387588500977,4.53911056637528,4.5154943256510105,4.534387588500977,119900,0.0,0.0
2019-01-25 00:00:00,4.534385583728919,4.543831985751938,4.491875648498535,4.491875648498535,327000,0.0,0.0
2019-01-28 00:00:00,4.487151612724255,4.510768290249777,4.472981786389204,4.506044864654541,195900,0.0,0.0
2019-01-29 00:00:00,4.515493487998177,4.529663319894328,4.487153373755041,4.520216464996338,131400,0.0,0.0
2019-01-30 00:00:00,4.529661399088625,4.5532780758681,4.529661399088625,4.539107799530029,119300,0.0,0.0
2019-01-31 00:00:00,4.539107553239755,4.58634090423584,4.539107553239755,4.58634090423584,263100,0.0,0.0
2019-02-01 00:00:00,4.59578849216115,4.614682197804041,4.5721722610090065,4.576895236968994,212900,0.0,0.0
2019-02-04 00:00:00,4.595787761330739,4.6241278648376465,4.576894509143023,4.6241278648376465,140500,0.0,0.0
2019-02-05 00:00:00,4.633573997303669,4.633573997303669,4.591064073863635,4.595787048339844,145400,0.0,0.0
2019-02-06 00:00:00,4.591066101003659,4.609959358602407,4.586342673991274,4.600512504577637,190300,0.0,0.0
2019-02-07 00:00:00,4.595788845198105,4.614682552292363,4.5863424421017465,4.609959125518799,269700,0.0,0.0
2019-02-08 00:00:00,4.6052359315900215,4.619405762176385,4.581619246978889,4.600512504577637,131800,0.0,0.0
2019-02-11 00:00:00,4.6005109675934746,4.614681243896484,4.5957875421591385,4.614681243896484,65700,0.0,0.0
2019-02-12 00:00:00,4.6194057308715735,4.647745842303036,4.6194057308715735,4.638298988342285,95000,0.0,0.0
2019-02-13 00:00:00,4.638296252014669,4.657189498339454,4.633573278271365,4.643019676208496,110100,0.0,0.0
2019-02-14 00:00:00,4.643972213861561,4.658231980475059,4.620205633965859,4.639218807220459,143200,0.062,0.0
2019-02-15 00:00:00,4.639218807220459,4.653478573833957,4.634465400579357,4.639218807220459,133100,0.0,0.0
2019-02-19 00:00:00,4.6534807105915394,4.729533438531378,4.6534807105915394,4.658234119415283,73800,0.0,0.0
2019-02-20 00:00:00,4.672493892576499,4.672493892576499,4.648727301767796,4.658234119415283,88800,0.0,0.0
2019-02-21 00:00:00,4.6582326233671925,4.681999206542969,4.6582326233671925,4.681999206542969,84700,0.0,0.0
2019-02-22 00:00:00,4.69625920820423,4.7960784998487185,4.686752393138139,4.791325092315674,287400,0.0,0.0
2019-02-25 00:00:00,4.7960784998487185,4.815091676671008,4.739038969381853,4.791325092315674,188800,0.0,0.0
2019-02-26 00:00:00,4.791327335219699,4.791327335219699,4.701014816364433,4.748547554016113,289200,0.0,0.0
2019-02-27 00:00:00,4.715272360015117,4.75329871345799,4.715272360015117,4.739038944244385,157300,0.0,0.0
2019-02-28 00:00:00,4.7295332381546,4.74379301071167,4.710520056975174,4.74379301071167,139700,0.0,0.0
2019-03-01 00:00:00,4.748545897749448,4.758052713949922,4.72002635576792,4.729532718658447,152600,0.0,0.0
2019-03-04 00:00:00,4.748545305950158,4.748545305950158,4.720025767522949,4.739038944244385,147700,0.0,0.0
2019-03-05 00:00:00,4.7342866467769555,4.74379301071167,4.7247798295322445,4.74379301071167,127100,0.0,0.0
2019-03-06 00:00:00,4.743789326981139,4.748542731912297,4.724776160566151,4.734282970428467,104100,0.0,0.0
2019-03-07 00:00:00,4.724779715399563,4.7580531216422965,4.715273351694486,4.753299713134766,179000,0.0,0.0
2019-03-08 00:00:00,4.748545305950158,4.748545305950158,4.720025767522949,4.739038944244385,141400,0.0,0.0
2019-03-11 00:00:00,4.748545285485422,4.777065277099609,4.748545285485422,4.777065277099609,122600,0.0,0.0
2019-03-12 00:00:00,4.762805261041879,4.800831612349571,4.762805261041879,4.796078205108643,162400,0.0,0.0
2019-03-13 00:00:00,4.810338497161865,4.8198453126786065,4.805585089403495,4.810338497161865,81200,0.0,0.0
2019-03-14 00:00:00,4.811296651817113,4.820861616334956,4.777818135743765,4.787383556365967,71700,0.062,0.0
2019-03-15 00:00:00,4.7969461632606905,4.801728871221166,4.782598495483398,4.782598495483398,89400,0.0,0.0
2019-03-18 00:00:00,4.773033079562446,4.801728871221166,4.773033079562446,4.782598495483398,150900,0.0,0.0
2019-03-19 00:00:00,4.777816327427936,4.787381744429803,4.763468658029321,4.773033618927002,68000,0.0,0.0
2019-03-20 00:00:00,4.773033404682168,4.773033404682168,4.734772650600464,4.739555358886719,139500,0.0,0.0
2019-03-21 00:00:00,4.749122156902141,4.749122156902141,4.6821655897304915,4.686948299407959,256800,0.0,0.0
2019-03-22 00:00:00,4.701293755747218,4.701293755747218,4.653467593730452,4.6630330085754395,153100,0.0,0.0
2019-03-25 00:00:00,4.6725989639219705,4.677381215793566,4.643903172171716,4.653468132019043,187700,0.0,0.0
2019-03-26 00:00:00,4.6725985679439255,4.67738081941025,4.639120071055066,4.643902778625488,228200,0.0,0.0
2019-03-27 00:00:00,4.634340086671421,4.648688217813801,4.6008620262146,4.6008620262146,237900,0.0,0.0
2019-03-28 00:00:00,4.591297061557379,4.619992411633407,4.581731640795793,4.6008620262146,423400,0.0,0.0
2019-03-29 00:00:00,4.600859610855618,4.619989986231363,4.576946527609907,4.605642318725586,455100,0.0,0.0
2019-04-01 00:00:00,4.605642420574135,4.653468132019043,4.600859712598403,4.653468132019043,204100,0.0,0.0
2019-04-02 00:00:00,4.653468957185209,4.6773820452000665,4.63912128681798,4.672599792480469,162500,0.0,0.0
2019-04-03 00:00:00,4.672600301966156,4.6869479738978095,4.6582521739302365,4.66781759262085,223100,0.0,0.0
2019-04-04 00:00:00,4.658249150659767,4.69650988838192,4.658249150659767,4.691727638244629,148500,0.0,0.0
2019-04-05 00:00:00,4.691730856895216,4.725208911342931,4.682165437850563,4.70607852935791,200800,0.0,0.0
2019-04-08 00:00:00,4.701294307555397,4.729990099354404,4.686946639707962,4.715641975402832,216300,0.0,0.0
2019-04-09 00:00:00,4.720424257707081,4.729989672812203,4.6965111760483715,4.710859298706055,195300,0.0,0.0
2019-04-10 00:00:00,4.729992811753644,4.73955777710222,4.710862424952093,4.734775066375732,203300,0.0,0.0
2019-04-11 00:00:00,4.7347744891985055,4.768253004098431,4.7347744891985055,4.749122619628906,138800,0.0,0.0
2019-04-12 00:00:00,4.774147033691406,4.7789597920266145,4.745270942650052,4.774147033691406,211000,0.062,0.0
2019-04-15 00:00:00,4.783771215989797,4.783771215989797,4.750082831747909,4.764520645141602,128200,0.0,0.0
2019-04-16 00:00:00,4.764520783478419,4.764520783478419,4.740457913446875,4.750082969665527,187100,0.0,0.0
2019-04-17 00:00:00,4.750082969665527,4.764520783478419,4.740457913446875,4.750082969665527,113800,0.0,0.0
2019-04-18 00:00:00,4.764520783478419,4.764520783478419,4.740457913446875,4.750082969665527,97600,0.0,0.0
2019-04-22 00:00:00,4.75489558920241,4.764520645141602,4.740457775808717,4.764520645141602,158700,0.0,0.0
2019-04-23 00:00:00,4.759708404541016,4.793396789192598,4.759708404541016,4.759708404541016,205600,0.0,0.0
2019-04-24 00:00:00,4.759708444656866,4.778959015901421,4.7548956871032715,4.7548956871032715,132500,0.0,0.0
2019-04-25 00:00:00,4.754894948135814,4.759707704941448,4.726018866271758,4.730831623077393,179900,0.0,0.0
2019-04-26 00:00:00,4.721207618713379,4.769333820566601,4.711582102960823,4.721207618713379,342100,0.0,0.0
2019-04-29 00:00:00,4.745270171996084,4.759708444656866,4.730832358305123,4.7548956871032715,232200,0.0,0.0
2019-04-30 00:00:00,4.7693349019554265,4.807836055755615,4.764522142987913,4.807836055755615,222300,0.0,0.0
2019-05-01 00:00:00,4.817459922611367,4.836710492913748,4.803021650657231,4.831897735595703,220100,0.0,0.0
2019-05-02 00:00:00,4.836713211019404,4.855963792140106,4.831900450996715,4.846338272094727,210300,0.0,0.0
2019-05-03 00:00:00,4.870399475097656,4.870399475097656,4.84633614451824,4.870399475097656,253100,0.0,0.0
2019-05-06 00:00:00,4.860774418247804,4.8752122330075105,4.851148902428094,4.870399475097656,128600,0.0,0.0
2019-05-07 00:00:00,4.870400943528245,4.870400943528245,4.80783644874645,4.817461967468262,218800,0.0,0.0
2019-05-08 00:00:00,4.822276351005155,4.841526935962515,4.793400244084041,4.798213005065918,158300,0.0,0.0
2019-05-09 00:00:00,4.798209747759712,4.803022046504569,4.750083088552437,4.788584232330322,175600,0.0,0.0
2019-05-10 00:00:00,4.793396375743193,4.812646945165062,4.7645202921255,4.803021430969238,107100,0.0,0.0
2019-05-13 00:00:00,4.778959833006619,4.783772132413197,4.759709258470606,4.769334316253662,124200,0.0,0.0
2019-05-14 00:00:00,4.789674621693435,4.818732044278199,4.7751454485416485,4.799360275268555,134700,0.062,0.0
2019-05-15 00:00:00,4.784833130120143,4.809047964772909,4.779990070817679,4.789676189422607,143500,0.0,0.0
2019-05-16 00:00:00,4.789674621693435,4.818732044278199,4.784831563976173,4.799360275268555,147100,0.0,0.0
2019-05-17 00:00:00,4.794516221784467,4.813887986770815,4.784830570220947,4.784830570220947,78900,0.0,0.0
2019-05-20 00:00:00,4.784831005280768,4.784831005280768,4.7654592385330465,4.7703022956848145,107300,0.0,0.0
2019-05-21 00:00:00,4.794517394492434,4.804203510284424,4.7799886826638724,4.804203510284424,115700,0.0,0.0
2019-05-22 00:00:00,4.779990070817679,4.804204905470445,4.779990070817679,4.789676189422607,110300,0.0,0.0
2019-05-23 00:00:00,4.77998906582205,4.789675182390467,4.7654603528288835,4.775146007537842,88800,0.0,0.0
2019-05-24 00:00:00,4.804203332985817,4.804203332985817,4.7751454485416485,4.799360275268555,114400,0.0,0.0
2019-05-28 00:00:00,4.8235758830765105,4.8235758830765105,4.7799892802819866,4.794517993927002,136000,0.0,0.0
2019-05-29 00:00:00,4.79451547364493,4.79451547364493,4.750929355621338,4.750929355621338,101000,0.0,0.0
2019-05-30 00:00:00,4.775144890977232,4.789674062432536,4.741244414633557,4.7703022956848145,131200,0.0,0.0
2019-05-31 00:00:00,4.750932179217546,4.770303952694233,4.683130741119385,4.683130741119385,237800,0.0,0.0
2019-06-03 00:00:00,4.702502957898357,4.702502957898357,4.668602466583252,4.668602466583252,135500,0.0,0.0
2019-06-04 00:00:00,4.712187605243835,4.712187605243835,4.673444062937205,4.707345008850098,104100,0.0,0.0
2019-06-05 00:00:00,4.7315577863175875,4.7315577863175875,4.7121855617059865,4.717028617858887,95800,0.0,0.0
2019-06-06 00:00:00,4.7460863733176515,4.7460863733176515,4.717028498991753,4.726714611053467,129500,0.0,0.0
2019-06-07 00:00:00,4.726716856792399,4.741245569928552,4.726716856792399,4.73640251159668,99900,0.0,0.0
2019-06-10 00:00:00,4.765458061629202,4.765458061629202,4.741243243709937,4.750929355621338,99500,0.0,0.0
2019-06-11 00:00:00,4.7654603528288835,4.77998906582205,4.750931639835716,4.775146007537842,164000,0.0,0.0
2019-06-12 00:00:00,4.789673626932362,4.7993592784958805,4.770301861946014,4.784830570220947,122000,0.0,0.0
2019-06-13 00:00:00,4.810174622662238,4.810174622662238,4.790680518949593,4.795554161071777,88500,0.062,0.0
2019-06-14 00:00:00,4.8053017162553955,4.8053017162553955,4.776060788597544,4.7858076095581055,60500,0.0,0.0
2019-06-17 00:00:00,4.790678765516328,4.790678765516328,4.766311028600318,4.7809319496154785,117900,0.0,0.0
2019-06-18 00:00:00,4.780931837245323,4.785805012693247,4.771184556797647,4.776058197021484,145500,0.0,0.0
2019-06-19 00:00:00,4.76631223336868,4.77605951650925,4.746818131863583,4.771185874938965,135100,0.0,0.0
2019-06-20 00:00:00,4.7858054194777,4.790679060115788,4.7468172239249,4.751690864562988,151700,0.0,0.0
2019-06-21 00:00:00,4.7321971305439865,4.751691229818871,4.7321971305439865,4.746817588806152,112800,0.0,0.0
2019-06-24 00:00:00,4.7516910880164245,4.771185186709555,4.7516910880164245,4.761438369750977,97400,0.0,0.0
2019-06-25 00:00:00,4.771184668938704,4.810172862093952,4.756564212699468,4.7809319496154785,258100,0.0,0.0
2019-06-26 00:00:00,4.785806334873778,4.785806334873778,4.761439056574437,4.771185874938965,129800,0.0,0.0
2019-06-27 00:00:00,4.776058197021484,4.780931837245323,4.761437741125884,4.776058197021484,95400,0.0,0.0
2019-06-28 00:00:00,4.776057795186889,4.8004255294799805,4.7614373405213835,4.8004255294799805,182700,0.0,0.0
2019-07-01 00:00:00,4.800427803193962,4.824795084252699,4.785806876827408,4.795554161071777,148600,0.0,0.0
2019-07-02 00:00:00,4.81017407794916,4.81017407794916,4.756565415004152,4.771185874938965,154400,0.0,0.0
2019-07-03 00:00:00,4.766313493076422,4.7760607787931395,4.741945743560791,4.741945743560791,156800,0.0,0.0
2019-07-05 00:00:00,4.741944490293299,4.7809331580795345,4.737071313499055,4.771185874938965,122200,0.0,0.0
2019-07-08 00:00:00,4.776059405258493,4.776059405258493,4.751691662750718,4.766312122344971,83900,0.0,0.0
2019-07-09 00:00:00,4.746817447149148,4.7809324684441075,4.7419438062818715,4.761438369750977,183300,0.0,0.0
2019-07-10 00:00:00,4.776060057359132,4.8053009805400535,4.766312773114762,4.795554161071777,131400,0.0,0.0
2019-07-11 00:00:00,4.819919623959279,4.819919623959279,4.7955518896661875,4.8004255294799805,159400,0.0,0.0
2019-07-12 00:00:00,4.801406383514404,4.816119448882419,4.78669331814639,4.801406383514404,105900,0.062,0.0
2019-07-15 00:00:00,4.8063108945437145,4.816119448882419,4.796501872485095,4.801406383514404,83100,0.0,0.0
2019-07-16 00:00:00,4.796502363819069,4.796502363819069,4.781789296943908,4.791598320007324,166000,0.0,0.0
2019-07-17 00:00:00,4.796501654485203,4.801406165291604,4.776884078979492,4.776884078979492,144800,0.0,0.0
2019-07-18 00:00:00,4.776887661151761,4.781792175636041,4.767079099903445,4.7719831466674805,137300,0.0,0.0
2019-07-19 00:00:00,4.771979568173091,4.806310676098005,4.771979568173091,4.776884078979492,145500,0.0,0.0
2019-07-22 00:00:00,4.781789802618881,4.781789802618881,4.762172222137451,4.762172222137451,123900,0.0,0.0
2019-07-23 00:00:00,4.762171014280183,4.786693100592294,4.762171014280183,4.776884078979492,172200,0.0,0.0
2019-07-24 00:00:00,4.77688645385722,4.821026137619535,4.77688645385722,4.78669548034668,142400,0.0,0.0
2019-07-25 00:00:00,4.776887661151761,4.796505251368638,4.7719831466674805,4.7719831466674805,137400,0.0,0.0
2019-07-26 00:00:00,4.74255464165602,4.776885290568521,4.74255464165602,4.762172222137451,215500,0.0,0.0
2019-07-29 00:00:00,4.757268420418531,4.781790516611839,4.752363907635853,4.767077445983887,200400,0.0,0.0
2019-07-30 00:00:00,4.771979568173091,4.7915976113986956,4.767075525086584,4.776884078979492,125500,0.0,0.0
2019-07-31 00:00:00,4.77688645385722,4.8063130656054724,4.77688645385722,4.78669548034668,188600,0.0,0.0
2019-08-01 00:00:00,4.816119448882419,4.821023959911729,4.7915978291757,4.801406383514404,184200,0.0,0.0
2019-08-02 00:00:00,4.8014080565920745,4.80631256933039,4.791599498835523,4.79650354385376,128200,0.0,0.0
2019-08-05 00:00:00,4.7915988267196035,4.7915988267196035,4.722937061174589,4.762172222137451,281600,0.0,0.0
2019-08-06 00:00:00,4.747458651661878,4.811215898414193,4.747458651661878,4.791598320007324,385900,0.0,0.0
2019-08-07 00:00:00,4.78669548034668,4.796504039116013,4.77198194061249,4.78669548034668,230000,0.0,0.0
2019-08-08 00:00:00,4.786694291689902,4.791598803716718,4.771980755609454,4.781789779663086,191600,0.0,0.0
2019-08-09 00:00:00,4.771981491046483,4.791599542177194,4.767077445983887,4.767077445983887,171400,0.0,0.0
2019-08-12 00:00:00,4.762172933201208,4.77688600382916,4.762172933201208,4.767077445983887,137800,0.0,0.0
2019-08-13 00:00:00,4.767077445983887,4.781790516611839,4.762172933201208,4.767077445983887,143300,0.0,0.0
2019-08-14 00:00:00,4.763128656894951,4.768064654682051,4.713770091191924,4.728577613830566,198000,0.062,0.0
2019-08-15 00:00:00,4.728578391467853,4.728578391467853,4.6989633413202325,4.713770866394043,138300,0.0,0.0
2019-08-16 00:00:00,4.7187045109311265,4.7187045109311265,4.698960997108088,4.703896522521973,172700,0.0,0.0
2019-08-19 00:00:00,4.713770866394043,4.728578391467853,4.6989633413202325,4.713770866394043,117800,0.0,0.0
2019-08-20 00:00:00,4.713769871178056,4.728577393125562,4.713769871178056,4.723641395568848,74400,0.0,0.0
2019-08-21 00:00:00,4.73351305862007,4.763128100437547,4.728577061409624,4.748320579528809,144100,0.0,0.0
2019-08-22 00:00:00,4.753257353437629,4.763128878748961,4.733513832092285,4.733513832092285,72700,0.0,0.0
2019-08-23 00:00:00,4.738449172750639,4.763128217966619,4.718705654144287,4.718705654144287,84100,0.0,0.0
2019-08-26 00:00:00,4.723640555135896,4.738448545171391,4.69402551651001,4.69402551651001,165800,0.0,0.0
2019-08-27 00:00:00,4.713769323559536,4.713769323559536,4.67921781539917,4.67921781539917,216400,0.0,0.0
2019-08-28 00:00:00,4.669346292155195,4.708833326576258,4.669346292155195,4.67921781539917,233700,0.0,0.0
2019-08-29 00:00:00,4.6792177471266925,4.703897260960414,4.6792177471266925,4.6989617347717285,154700,0.0,0.0
2019-08-30 00:00:00,4.698962135537935,4.7335131754183974,4.694026138205693,4.718705654144287,443600,0.0,0.0
2019-09-03 00:00:00,4.728577178086156,4.728577178086156,4.708833659479804,4.718705654144287,142000,0.0,0.0
2019-09-04 00:00:00,4.723641180753915,4.7335131754183974,4.698962135537935,4.718705654144287,235200,0.0,0.0
2019-09-05 00:00:00,4.718706308763947,4.748321355420623,4.713770310746941,4.733513832092285,261700,0.0,0.0
2019-09-06 00:00:00,4.728577205523222,4.773000240325928,4.728577205523222,4.773000240325928,282200,0.0,0.0
2019-09-09 00:00:00,4.768062846042933,4.768062846042933,4.748319333106373,4.763126850128174,81800,0.0,0.0
2019-09-10 00:00:00,4.768063545227051,4.768063545227051,4.738448506840729,4.768063545227051,73100,0.0,0.0
2019-09-11 00:00:00,4.758193413820681,4.782872462783821,4.758193413820681,4.777936935424805,70600,0.0,0.0
2019-09-12 00:00:00,4.773960563067198,4.808734792750853,4.773960563067198,4.7938313484191895,204600,0.062,0.0
2019-09-13 00:00:00,4.798799514770508,4.8087351450528635,4.78886435824508,4.798799514770508,139000,0.0,0.0
2019-09-16 00:00:00,4.78389619262164,4.803766977973631,4.78389619262164,4.7938313484191895,63800,0.0,0.0
2019-09-17 00:00:00,4.78886604309082,4.798801203111692,4.778930409312855,4.78886604309082,153500,0.0,0.0
2019-09-18 00:00:00,4.778930409312855,4.803769020000675,4.773962592423872,4.78886604309082,120700,0.0,0.0
2019-09-19 00:00:00,4.783896417996541,4.818670175561534,4.783896417996541,4.803767204284668,194000,0.0,0.0
2019-09-20 00:00:00,4.808734893798828,4.808734893798828,4.793831449153992,4.808734893798828,108300,0.0,0.0
2019-09-23 00:00:00,4.808735592215013,4.833573722716733,4.80376777661188,4.818670749664307,173100,0.0,0.0
2019-09-24 00:00:00,4.838540304402455,4.858411087990596,4.82860514948681,4.848475933074951,319900,0.0,0.0
2019-09-25 00:00:00,4.853443747411199,4.858411087990596,4.833572490066207,4.848475933074951,211900,0.0,0.0
2019-09-26 00:00:00,4.8484748737736165,4.858410026518616,4.833571434020996,4.833571434020996,131700,0.0,0.0
2019-09-27 00:00:00,4.833573722716733,4.8435093539229985,4.818670749664307,4.818670749664307,202700,0.0,0.0
2019-09-30 00:00:00,4.823638789695516,4.838541763441329,4.808735815949704,4.828606605529785,338000,0.0,0.0
2019-10-01 00:00:00,4.843507312108727,4.843507312108727,4.813700904812001,4.823636531829834,184400,0.0,0.0
2019-10-02 00:00:00,4.813702934061173,4.818670749664307,4.788864803559454,4.818670749664307,223600,0.0,0.0
2019-10-03 00:00:00,4.813702360550274,4.813702360550274,4.77892860298528,4.803767204284668,296600,0.0,0.0
2019-10-04 00:00:00,4.783896219973799,4.798799190633777,4.768993249313819,4.773960590362549,203100,0.0,0.0
2019-10-07 00:00:00,4.7590573967613246,4.773960366723164,4.7391866122265816,4.7640252113342285,304400,0.0,0.0
2019-10-08 00:00:00,4.744157314300537,4.754092475736445,4.734221679107468,4.744157314300537,184200,0.0,0.0
2019-10-09 00:00:00,4.749123732639614,4.754091075015435,4.724285125732422,4.724285125732422,196400,0.0,0.0
2019-10-10 00:00:00,4.724286244625872,4.734221405487565,4.6994476318359375,4.6994476318359375,227200,0.0,0.0
2019-10-11 00:00:00,4.705445760331679,4.725447636417417,4.68544388424594,4.6954450607299805,311700,0.062,0.0
2019-10-14 00:00:00,4.690445909080871,4.7204484939575195,4.690445909080871,4.7204484939575195,140500,0.0,0.0
2019-10-15 00:00:00,4.730447272067557,4.735447859302586,4.705444812774658,4.705444812774658,279000,0.0,0.0
2019-10-16 00:00:00,4.7054481511300645,4.720449446595814,4.700447560347286,4.710448741912842,187100,0.0,0.0
2019-10-17 00:00:00,4.710445884418693,4.725447170784224,4.705445296669418,4.715446472167969,197300,0.0,0.0
2019-10-18 00:00:00,4.71544886038382,4.735450744628906,4.710448270101914,4.735450744628906,167700,0.0,0.0
2019-10-21 00:00:00,4.740450860063847,4.755452630916007,4.735450746662331,4.7454514503479,126200,0.0,0.0
2019-10-22 00:00:00,4.750452041625977,4.760453222196175,4.745451451340878,4.750452041625977,131800,0.0,0.0
2019-10-23 00:00:00,4.755451202392577,4.760451791174469,4.7504506136106865,4.755451202392578,171300,0.0,0.0
2019-10-24 00:00:00,4.755451202392577,4.7654519030739655,4.745450024828796,4.755451202392578,244500,0.0,0.0
2019-10-25 00:00:00,4.750450146275048,4.785453310539986,4.750450146275048,4.77045202255249,242300,0.0,0.0
2019-10-28 00:00:00,4.770452494357286,4.785453783828432,4.760451793670654,4.760451793670654,204200,0.0,0.0
2019-10-29 00:00:00,4.755452628873992,4.770453922837173,4.735450744628906,4.735450744628906,187600,0.0,0.0
2019-10-30 00:00:00,4.730447292327881,4.7604503389843105,4.725446705071435,4.730447292327881,221600,0.0,0.0
2019-10-31 00:00:00,4.7304477585335,4.74544904489903,4.715446472167969,4.715446472167969,269000,0.0,0.0
2019-11-01 00:00:00,4.735448346282775,4.740448457149755,4.705445296669418,4.715446472167969,432700,0.0,0.0
2019-11-04 00:00:00,4.715448381066404,4.730449673504728,4.7004466117455905,4.7204484939575195,346400,0.0,0.0
2019-11-05 00:00:00,4.73045062816137,4.735451218944148,4.710448741912842,4.710448741912842,179200,0.0,0.0
2019-11-06 00:00:00,4.715447430911683,4.7454500097428625,4.710446842145689,4.725448131561279,794900,0.0,0.0
2019-11-07 00:00:00,4.725449083731124,4.735450263278332,4.710447791292799,4.7204484939575195,460500,0.0,0.0
2019-11-08 00:00:00,4.735450746662331,4.760453221200059,4.725449566094225,4.7454514503479,253900,0.0,0.0
2019-11-11 00:00:00,4.755450734564995,4.775452610842438,4.755450734564995,4.77045202255249,156700,0.0,0.0
2019-11-12 00:00:00,4.770452022552491,4.780453199132386,4.765451434262543,4.77045202255249,183100,0.0,0.0
2019-11-13 00:00:00,4.7754540547656354,4.810457229614258,4.7754540547656354,4.810457229614258,291400,0.0,0.0
2019-11-14 00:00:00,4.821527982500092,4.826561007945725,4.801396360693283,4.806429386138916,501400,0.062,0.0
2019-11-15 00:00:00,4.816495408835693,4.821528434753417,4.806429836976013,4.821528434753418,212800,0.0,0.0
2019-11-18 00:00:00,4.816494975613629,4.826561026543683,4.796363353729248,4.796363353729248,208600,0.0,0.0
2019-11-19 00:00:00,4.8013973410065445,4.811463393953022,4.78629874156265,4.791331768035889,225900,0.0,0.0
2019-11-20 00:00:00,4.8013969024849885,4.8013969024849885,4.7711992263793945,4.7711992263793945,245900,0.0,0.0
2019-11-21 00:00:00,4.781265794600162,4.781265794600162,4.735969515539396,4.751068115234375,349400,0.0,0.0
2019-11-22 00:00:00,4.756098703759155,4.791329391622213,4.756098703759155,4.786296367645264,361500,0.0,0.0
2019-11-25 00:00:00,4.791331337138969,4.796363883183795,4.76616668701172,4.766166687011719,240300,0.0,0.0
2019-11-26 00:00:00,4.776230319691366,4.786296367645264,4.761131727736103,4.786296367645264,223600,0.0,0.0
2019-11-27 00:00:00,4.791331768035889,4.8013973410065445,4.781265715089411,4.791331768035889,343400,0.0,0.0
2019-11-29 00:00:00,4.791331768035889,4.8013973410065445,4.791331768035889,4.791331768035889,186400,0.0,0.0
2019-12-02 00:00:00,4.7862991781693305,4.811463832855225,4.781266151236979,4.811463832855225,314700,0.0,0.0
2019-12-03 00:00:00,4.791331274836692,4.806429872726401,4.776232196971209,4.80139684677124,468400,0.0,0.0
2019-12-04 00:00:00,4.79133120385689,4.8517260744967965,4.79133120385689,4.841660022735596,295300,0.0,0.0
2019-12-05 00:00:00,4.846694903021993,4.87185956207754,4.846694903021993,4.86682653427124,303200,0.0,0.0
2019-12-06 00:00:00,4.876891125583805,4.8970227527698,4.871858578769197,4.881924152374268,280000,0.0,0.0
2019-12-09 00:00:00,4.871855716032658,4.886954307556152,4.871855716032658,4.886954307556152,314600,0.0,0.0
2019-12-10 00:00:00,4.886958079341359,4.917155765670685,4.871859476164667,4.907089710235596,386500,0.0,0.0
2019-12-11 00:00:00,4.917153809902657,4.937285432789663,4.907087758471279,4.932252407073975,278000,0.0,0.0
2019-12-12 00:00:00,4.943395614624023,4.943395614624023,4.907940605331658,4.943395614624023,230300,0.062,0.0
2019-12-13 00:00:00,4.918069839477539,4.938329634039514,4.90793970068075,4.918069839477539,235800,0.0,0.0
2019-12-16 00:00:00,4.91807069932019,4.968720436096191,4.91807069932019,4.968720436096191,349300,0.0,0.0
2019-12-17 00:00:00,4.968719754863374,4.999109206337099,4.9636546852738785,4.978849411010742,261900,0.0,0.0
2019-12-18 00:00:00,4.988981622581004,4.999111282936169,4.983916550887511,4.994046211242676,238700,0.0,0.0
2019-12-19 00:00:00,5.004176985468284,5.024436791764435,4.994046840804266,5.009242057800293,310100,0.0,0.0
2019-12-20 00:00:00,5.009242432415847,5.039631902616804,4.999112286994247,5.014307022094727,280800,0.0,0.0
2019-12-23 00:00:00,5.024434566497803,5.034564223643623,5.0143044263203125,5.024434566497803,236600,0.0,0.0
2019-12-24 00:00:00,5.024435627035546,5.044695428635214,5.0193705558776855,5.0193705558776855,123400,0.0,0.0
2019-12-26 00:00:00,5.03963041305542,5.049760555482857,5.029500753659759,5.03963041305542,153100,0.0,0.0
2019-12-27 00:00:00,5.054824363093624,5.120668829608866,5.049759775693761,5.100409030914307,686300,0.0,0.0
2019-12-30 00:00:00,5.110539806411371,5.120669465500714,5.0953450762614745,5.115604877471924,430800,0.0,0.0
2019-12-31 00:00:00,5.115605779211161,5.191579926384537,5.105475635304392,5.186514854431152,1995200,0.0,0.0
2020-01-02 00:00:00,5.191577583748566,5.201707723084232,5.130798196829451,5.161187648773193,1511100,0.0,0.0
2020-01-03 00:00:00,5.140929800041017,5.151059943213043,5.120669996728777,5.135865211486816,989600,0.0,0.0
2020-01-06 00:00:00,5.105475265002551,5.135865211486816,5.100410193416537,5.135865211486816,838900,0.0,0.0
2020-01-07 00:00:00,5.130798611310277,5.140928268432617,5.100408673879917,5.140928268432617,601400,0.0,0.0
2020-01-08 00:00:00,5.130800300424025,5.151060104370116,5.115605568222413,5.151060104370117,252500,0.0,0.0
2020-01-09 00:00:00,5.151058408586627,5.161188065708967,5.130798611310277,5.140928268432617,199000,0.0,0.0
2020-01-10 00:00:00,5.151058780006434,5.176383649185851,5.140928639121985,5.145993709564209,198600,0.0,0.0
2020-01-13 00:00:00,5.145995085596595,5.1814496221092545,5.140930013799977,5.171319961547852,116400,0.0,0.0
2020-01-14 00:00:00,5.172337893839642,5.187625942530253,5.157050331131887,5.182529926300049,167900,0.062,0.0
2020-01-15 00:00:00,5.172337893839642,5.202913505238007,5.172337893839642,5.182529926300049,195600,0.0,0.0
2020-01-16 00:00:00,5.182528868810032,5.197816428398375,5.177432853619666,5.192720413208008,110800,0.0,0.0
2020-01-17 00:00:00,5.1978172682879515,5.213104830346536,5.187625722243174,5.202913284301758,170700,0.0,0.0
2020-01-21 00:00:00,5.192721252274145,5.213104830346536,5.187625722243174,5.202913284301758,306400,0.0,0.0
2020-01-22 00:00:00,5.187626068251098,5.258968353271484,5.187626068251098,5.258968353271484,212500,0.0,0.0
2020-01-23 00:00:00,5.2589682956833,5.274256344577002,5.248776749070362,5.264064311981201,132000,0.0,0.0
2020-01-24 00:00:00,5.269159260461147,5.279350805008725,5.253871700648399,5.274255275726318,199400,0.0,0.0
2020-01-27 00:00:00,5.238583303630731,5.258966877342028,5.213103714995927,5.218199729919434,343900,0.0,0.0
2020-01-28 00:00:00,5.223299333327828,5.248778939467504,5.21820331490328,5.238586902618408,203800,0.0,0.0
2020-01-29 00:00:00,5.253872765368262,5.2640643119812,5.243680732772462,5.264064311981201,140600,0.0,0.0
2020-01-30 00:00:00,5.248775642573804,5.264063202261866,5.223296052438528,5.233488082885742,345000,0.0,0.0
2020-01-31 00:00:00,5.248775551302142,5.248775551302142,5.197816371917725,5.197816371917725,308400,0.0,0.0
2020-02-03 00:00:00,5.228393729087251,5.248777310476205,5.20291413085533,5.21310567855835,241100,0.0,0.0
2020-02-04 00:00:00,5.228392878387955,5.248776456460345,5.202913284301758,5.202913284301758,388200,0.0,0.0
2020-02-05 00:00:00,5.218200846360342,5.228392878387955,5.1978172682879515,5.202913284301758,144800,0.0,0.0
2020-02-06 00:00:00,5.208010031772085,5.223297595977783,5.192721981583484,5.223297595977783,152800,0.0,0.0
2020-02-07 00:00:00,5.223296841865895,5.248776435852051,5.218200825872096,5.248776435852051,199100,0.0,0.0
2020-02-10 00:00:00,5.248775902248884,5.28444703861339,5.243679886773159,5.253871917724609,200700,0.0,0.0
2020-02-11 00:00:00,5.264063245195977,5.284446820273896,5.248775685383228,5.274255275726318,198200,0.0,0.0
2020-02-12 00:00:00,5.274256344577002,5.274256344577002,5.253872765368262,5.264064311981201,263400,0.0,0.0
2020-02-13 00:00:00,5.28047045330336,5.28047045330336,5.23945713043213,5.239457130432129,307300,0.062,0.0
2020-02-14 00:00:00,5.23945713043213,5.24971021669125,5.224076767667388,5.239457130432129,114400,0.0,0.0
2020-02-18 00:00:00,5.2445823428071465,5.2650894889125475,5.239456045198069,5.249709129333496,209800,0.0,0.0
2020-02-19 00:00:00,5.2548359158598466,5.2548359158598466,5.239456045198069,5.249709129333496,97500,0.0,0.0
2020-02-20 00:00:00,5.2445820331739945,5.254835605621337,5.239455735867566,5.254835605621338,119500,0.0,0.0
2020-02-21 00:00:00,5.2343292586717185,5.2548359158598466,5.2343292586717185,5.249709129333496,202800,0.0,0.0
2020-02-24 00:00:00,5.2240761702204646,5.229202957222392,5.167682979951224,5.177936553955078,368400,0.0,0.0
2020-02-25 00:00:00,5.183065803934438,5.203572474703925,5.095912330934718,5.121545791625977,471700,0.0,0.0
2020-02-26 00:00:00,5.101035391893196,5.142048703450584,5.080528736114502,5.080528736114502,264100,0.0,0.0
2020-02-27 00:00:00,5.04464291191169,5.049769698798271,4.839575836704195,4.957489490509033,662100,0.0,0.0
2020-02-28 00:00:00,4.844703394936262,4.870336844533072,4.77293032276606,4.778056621551514,966400,0.0,0.0
2020-03-02 00:00:00,4.783181697983309,4.926728279884676,4.7575482575573345,4.870335102081299,593000,0.0,0.0
2020-03-03 00:00:00,4.8908435053894905,5.029263839832463,4.8908435053894905,4.95236349105835,539800,0.0,0.0
2020-03-04 00:00:00,4.9779944459356456,5.11128792587705,4.942107927842629,5.049767971038818,504800,0.0,0.0
2020-03-05 00:00:00,5.008758084363439,5.008758084363439,4.8908443904715835,4.921604633331299,246200,0.0,0.0
2020-03-06 00:00:00,4.8549558167742966,4.8549558167742966,4.7678024022037695,4.844702243804932,628300,0.0,0.0
2020-03-09 00:00:00,4.6550179164960515,4.6550179164960515,4.4294445742994775,4.496091365814209,1022000,0.0,0.0
2020-03-10 00:00:00,4.588371277164177,4.588371277164177,4.388431384906081,4.485837936401367,634000,0.0,0.0
2020-03-11 00:00:00,4.434568664945125,4.449949024574275,4.239755665481972,4.255135536193848,460200,0.0,0.0
2020-03-12 00:00:00,4.04439528734898,4.121874174286031,3.7912978691596844,3.9152638912200928,1198500,0.062,0.0
2020-03-13 00:00:00,4.018568095860702,4.090881589653992,3.9927417249281207,4.049559593200684,759100,0.0,0.0
2020-03-16 00:00:00,3.791298527289805,3.806794159587941,3.564027201095186,3.6570017337799072,524800,0.0,0.0
2020-03-17 00:00:00,3.667330232360058,3.713817596435547,3.5691903783665264,3.713817596435547,746000,0.0,0.0
2020-03-18 00:00:00,3.491712113588506,3.5123731116086785,2.7324195743023285,2.7582459449768066,1485000,0.0,0.0
2020-03-19 00:00:00,2.691097069605995,2.9235333765483986,2.4431648939281407,2.8925418853759766,1231600,0.0,0.0
2020-03-20 00:00:00,2.980351049908796,3.3264230494620772,2.980351049908796,3.1353087425231934,1565000,0.0,0.0
2020-03-23 00:00:00,3.052664258342702,3.1508040889239055,2.8253931106228265,2.8408889770507812,1593600,0.0,0.0
2020-03-24 00:00:00,2.9390282860103887,3.161134023401923,2.9390282860103887,3.068159580230713,1579400,0.0,0.0
2020-03-25 00:00:00,3.099152166230911,3.4710503178072867,3.052664804921932,3.4193978309631348,1038700,0.0,0.0
2020-03-26 00:00:00,3.5381990328771558,3.667330386239815,3.4968770392088664,3.564025402069092,830700,0.0,0.0
2020-03-27 00:00:00,3.3884061585534475,3.7758001587183787,3.3884061585534475,3.703486680984497,827300,0.0,0.0
2020-03-30 00:00:00,3.672495190527119,3.729312799883076,3.6208427064314894,3.703486680984497,982700,0.0,0.0
2020-03-31 00:00:00,3.7344777898093424,3.9565835718724247,3.682825310992166,3.899765968322754,1811600,0.0,0.0
2020-04-01 00:00:00,3.7964608825345962,3.822287245896116,3.6673295583239063,3.708651542663574,561700,0.0,0.0
2020-04-02 00:00:00,3.641503904940854,3.749974250793457,3.641503904940854,3.749974250793457,448400,0.0,0.0
2020-04-03 00:00:00,3.708651806244824,3.729312799883076,3.6208427064314894,3.703486680984497,232400,0.0,0.0
2020-04-06 00:00:00,3.7499738967526577,3.7912958824526655,3.703486539690917,3.770634889602661,628400,0.0,0.0
2020-04-07 00:00:00,3.8119564851993606,3.910096314342798,3.8119564851993606,3.884269952774048,235000,0.0,0.0
2020-04-08 00:00:00,3.910098762190416,4.07538679155104,3.899768260355377,3.9927427768707275,348500,0.0,0.0
2020-04-09 00:00:00,4.142533846313654,4.3181520643719296,4.070220114691779,4.132203102111816,286000,0.0,0.0
2020-04-13 00:00:00,4.065055161142681,4.13220352757746,3.930758674571645,4.01856803894043,489200,0.0,0.0
2020-04-14 00:00:00,4.07424339229341,4.261564750752753,4.07424339229341,4.240751266479492,867000,0.057,0.0
2020-04-15 00:00:00,4.188718917903742,4.1939224144140805,3.970177026796921,4.089854717254639,306800,0.0,0.0
2020-04-16 00:00:00,4.053430151580504,4.053430151580504,3.954565971283867,3.985786199569702,424400,0.0,0.0
2020-04-17 00:00:00,4.079446349330857,4.110666571622723,3.985785434338987,4.043022632598877,342000,0.0,0.0
2020-04-20 00:00:00,4.032617415508812,4.069041146003041,3.9597702026367188,3.9597702026367188,221800,0.0,0.0
2020-04-21 00:00:00,3.9181432238526654,3.9857869403185697,3.855702507560221,3.9597702026367188,259800,0.0,0.0
2020-04-22 00:00:00,4.006598252009377,4.006598252009377,3.9389545723097554,3.970174789428711,229200,0.0,0.0
2020-04-23 00:00:00,3.980582952246889,4.027413170617482,3.949362723961054,3.985786199569702,156100,0.0,0.0
2020-04-24 00:00:00,3.9545669189758446,4.006600645255189,3.9389569251502308,3.980583906173706,215600,0.0,0.0
2020-04-27 00:00:00,3.9805817890533537,3.9805817890533537,3.9285480904487584,3.9389548301696777,102100,0.0,0.0
2020-04-28 00:00:00,3.938958180885887,3.9597716780329453,3.9181446837388285,3.9337546825408936,189500,0.0,0.0
2020-04-29 00:00:00,3.959770415661968,4.011804141941313,3.9493636704060995,3.980583906173706,248100,0.0,0.0
2020-04-30 00:00:00,3.964971555413852,3.964971555413852,3.90773461100692,3.9389548301696777,274700,0.0,0.0
2020-05-01 00:00:00,3.918143091868353,3.9233463399829036,3.808872152182869,3.8713126182556152,369000,0.0,0.0
2020-05-04 00:00:00,3.850498208760487,3.871311692474087,3.834887971917138,3.8400914669036865,262900,0.0,0.0
2020-05-05 00:00:00,3.855700010624281,3.9025304554873146,3.855700010624281,3.8661067485809326,386000,0.0,0.0
2020-05-06 00:00:00,3.886919975280762,3.9181404352651916,3.8765132379913485,3.8869199752807617,253600,0.0,0.0
2020-05-07 00:00:00,3.892125844955444,3.9337528195352336,3.8869223490748004,3.8921258449554443,229200,0.0,0.0
2020-05-08 00:00:00,3.9337525162071043,3.964972744734583,3.9129390305221183,3.95456600189209,151400,0.0,0.0
2020-05-11 00:00:00,3.9441601974884457,3.9909906754802567,3.9441601974884457,3.9649736881256104,120900,0.0,0.0
2020-05-12 00:00:00,3.9597685269561222,3.985785253628308,3.928548306079743,3.9753785133361816,234300,0.0,0.0
2020-05-13 00:00:00,3.9545638917200456,3.9649706290094593,3.8765132379913485,3.8869199752807617,220200,0.0,0.0
2020-05-14 00:00:00,3.8591310624956097,3.885347834984497,3.843400798983032,3.8538875579833984,237000,0.057,0.0
2020-05-15 00:00:00,3.8381575444948774,3.874861075984131,3.832914039982666,3.8538875579833984,325400,0.0,0.0
2020-05-18 00:00:00,3.906322751087904,3.922053020230465,3.901079494723148,3.9115662574768066,233200,0.0,0.0
2020-05-19 00:00:00,3.922053020230465,3.9272962765952215,3.901079494723148,3.9115662574768066,199400,0.0,0.0
2020-05-20 00:00:00,3.9115656243841754,3.96399942966598,3.9063221188439425,3.953512668609619,289800,0.0,0.0
2020-05-21 00:00:00,3.9430261791582466,3.9797299703958062,3.9430261791582466,3.958756446838379,317800,0.0,0.0
2020-05-22 00:00:00,3.9797298109802286,3.9902165723388756,3.958756288262935,3.969243049621582,337100,0.0,0.0
2020-05-26 00:00:00,4.005946510322107,4.021676777061755,3.984972988018649,3.9902164936065674,173900,0.0,0.0
2020-05-27 00:00:00,3.9902170464139854,4.05313762204142,3.9902170464139854,4.032164096832275,273900,0.0,0.0
2020-05-28 00:00:00,4.032162837267511,4.095083393239857,4.016432573262392,4.084596633911133,279700,0.0,0.0
2020-05-29 00:00:00,4.058379766518383,4.095083550591275,4.047893006786711,4.07411003112793,346700,0.0,0.0
2020-06-01 00:00:00,4.100326865905643,4.152760662139922,4.089840106658787,4.142273902893066,290600,0.0,0.0
2020-06-02 00:00:00,4.131786525634382,4.189463567853017,4.131786525634382,4.184220314025879,209200,0.0,0.0
2020-06-03 00:00:00,4.199952758532193,4.236656304471346,4.199952758532193,4.220926284790039,208500,0.0,0.0
2020-06-04 00:00:00,4.215680587060778,4.231410598566215,4.178976810174717,4.184220314025879,200400,0.0,0.0
2020-06-05 00:00:00,4.2943333766683445,4.2943333766683445,4.2156827782135,4.220926284790039,231000,0.0,0.0
2020-06-08 00:00:00,4.226168682774469,4.27335872943968,4.226168682774469,4.262872219085693,469300,0.0,0.0
2020-06-09 00:00:00,4.2628737666880925,4.2628737666880925,4.194709674472118,4.247143745422363,366400,0.0,0.0
2020-06-10 00:00:00,4.268116247139987,4.273359252935171,4.231412206284262,4.2366557121276855,181200,0.0,0.0
2020-06-11 00:00:00,4.152762145092336,4.152762145092336,4.095084823626012,4.116058349609375,365700,0.0,0.0
2020-06-12 00:00:00,4.161416108383871,4.198336241067097,4.161416108383871,4.193061828613281,386900,0.046,0.0
2020-06-15 00:00:00,4.098125100559075,4.182513696746304,4.098125100559075,4.1719651222229,722900,0.0,0.0
2020-06-16 00:00:00,4.219435214996338,4.24580678568924,4.219435214996338,4.219435214996338,255900,0.0,0.0
2020-06-17 00:00:00,4.245806932256653,4.266904088940085,4.224709775573222,4.235258102416992,278600,0.0,0.0
2020-06-18 00:00:00,4.22998535768992,4.2510825201947755,4.219436524939476,4.224710941314697,131100,0.0,0.0
2020-06-19 00:00:00,4.229984044471848,4.256355112168876,4.2088866370187645,4.219435214996338,149200,0.0,0.0
2020-06-22 00:00:00,4.198336142870856,4.2405304355231745,4.198336142870856,4.2088847160339355,110900,0.0,0.0
2020-06-23 00:00:00,4.214160563286619,4.235257718055424,4.2088864003433795,4.229983806610107,78600,0.0,0.0
2020-06-24 00:00:00,4.229983521509493,4.235257432599349,4.177240386644441,4.187788963317871,178800,0.0,0.0
2020-06-25 00:00:00,4.182513579394579,4.193062153622014,4.166690843802351,4.177239418029785,70900,0.0,0.0
2020-06-26 00:00:00,4.161415881072649,4.161415881072649,4.124496001903945,4.135044574737549,125900,0.0,0.0
2020-06-29 00:00:00,4.129770162571839,4.145593147571152,4.1139474290703415,4.135044574737549,107700,0.0,0.0
2020-06-30 00:00:00,4.1244965296823395,4.166690826416016,4.108673542658288,4.166690826416016,141000,0.0,0.0
2020-07-01 00:00:00,4.18251356194222,4.198336548966272,4.156142252232597,4.166690826416016,303900,0.0,0.0
2020-07-02 00:00:00,4.177239400599435,4.193062136125639,4.166690826416016,4.166690826416016,122700,0.0,0.0
2020-07-06 00:00:00,4.182514190673828,4.187788604307332,4.166691452769089,4.182514190673828,173800,0.0,0.0
2020-07-07 00:00:00,4.156142711639404,4.182514024264029,4.150868298215754,4.156142711639404,71800,0.0,0.0
2020-07-08 00:00:00,4.166690293238359,4.166690293238359,4.129770162571839,4.135044574737549,106300,0.0,0.0
2020-07-09 00:00:00,4.119222556006598,4.150868281930718,4.098125405390518,4.145594120025635,331200,0.0,0.0
2020-07-10 00:00:00,4.119222523436843,4.13504551202273,4.113948361573461,4.124496936798096,140900,0.0,0.0
2020-07-13 00:00:00,4.1350455447175944,4.171965432546798,4.1350455447175944,4.145594120025635,113200,0.0,0.0
2020-07-14 00:00:00,4.154082125862746,4.159387588500977,4.143471453564667,4.159387588500977,167800,0.046,0.0
2020-07-15 00:00:00,4.154083063455896,4.185915087534747,4.154083063455896,4.175304412841797,144100,0.0,0.0
2020-07-16 00:00:00,4.159387668960672,4.175303551226477,4.1487769964573395,4.1646928787231445,76800,0.0,0.0
2020-07-17 00:00:00,4.154082023501953,4.191219502119315,4.154082023501953,4.185914039611816,131400,0.0,0.0
2020-07-20 00:00:00,4.18060895053282,4.2124409675598145,4.18060895053282,4.2124409675598145,98700,0.0,0.0
2020-07-21 00:00:00,4.207135493598658,4.228356838226318,4.196524821284828,4.228356838226318,393900,0.0,0.0
2020-07-22 00:00:00,4.201830174155936,4.212440846192557,4.1806088300826945,4.185914039611816,579000,0.0,0.0
2020-07-23 00:00:00,4.201830093053282,4.207135302480004,4.175303286984554,4.180608749389648,255900,0.0,0.0
2020-07-24 00:00:00,4.1806088300826945,4.207135383685059,4.164692695538575,4.185914039611816,742500,0.0,0.0
2020-07-27 00:00:00,4.207135493598658,4.2336623008724255,4.191219611617104,4.228356838226318,644100,0.0,0.0
2020-07-28 00:00:00,4.212440400253643,4.238966951047844,4.212440400253643,4.223051071166992,144200,0.0,0.0
2020-07-29 00:00:00,4.238967236304559,4.270799504165077,4.228356564677174,4.260188579559326,68900,0.0,0.0
2020-07-30 00:00:00,4.2495808601379395,4.2601912855264334,4.228359250425369,4.2495808601379395,599200,0.0,0.0
2020-07-31 00:00:00,4.249578160910309,4.265494041862201,4.244272698607434,4.260188579559326,317300,0.0,0.0
2020-08-03 00:00:00,4.276106025676563,4.3026323318481445,4.265495098442443,4.3026323318481445,328600,0.0,0.0
2020-08-04 00:00:00,4.281408745834171,4.329156881520389,4.281408745834171,4.313241004943848,137300,0.0,0.0
2020-08-05 00:00:00,4.318548665335403,4.345074971154633,4.318548665335403,4.3344645500183105,66200,0.0,0.0
2020-08-06 00:00:00,4.350379823951642,4.350379823951642,4.318548059054686,4.323853015899658,61400,0.0,0.0
2020-08-07 00:00:00,4.329156881520389,4.334462342364768,4.307935544099469,4.313241004943848,63000,0.0,0.0
2020-08-10 00:00:00,4.329157648990316,4.3556844519582665,4.329157648990316,4.35037899017334,89400,0.0,0.0
2020-08-11 00:00:00,4.3609916667913,4.376907552587325,4.334464853159999,4.339770317077637,807300,0.0,0.0
2020-08-12 00:00:00,4.360989913743193,4.371600331356364,4.345073528388413,4.35037899017334,123800,0.0,0.0
2020-08-13 00:00:00,4.348245558702117,4.4176041411201155,4.34291067452464,4.353580951690674,1394600,0.046,0.0
2020-08-14 00:00:00,4.3322395047326685,4.364251351016839,4.3322395047326685,4.342910289764404,581700,0.0,0.0
2020-08-17 00:00:00,4.3375761688195045,4.364252630408076,4.332240774739553,4.358917236328125,930200,0.0,0.0
2020-08-18 00:00:00,4.348246448168223,4.364252630408076,4.332240774739553,4.358917236328125,541200,0.0,0.0
2020-08-19 00:00:00,4.358917173288471,4.369587452482873,4.348246385282891,4.36425256729126,106600,0.0,0.0
2020-08-20 00:00:00,4.348245405352408,4.374921860543313,4.348245405352408,4.36958646774292,1439200,0.0,0.0
2020-08-21 00:00:00,4.353581779285681,4.369587452482873,4.342911500091279,4.36425256729126,1067800,0.0,0.0
2020-08-24 00:00:00,4.36958628290821,4.3962627369706935,4.358916006569841,4.385592460632324,126600,0.0,0.0
2020-08-25 00:00:00,4.38025706805762,4.390927344395989,4.358916006569841,4.385592460632324,235200,0.0,0.0
2020-08-26 00:00:00,4.380258276735657,4.40693473815918,4.3749228826887165,4.40693473815918,210800,0.0,0.0
2020-08-27 00:00:00,4.390926506335445,4.433609129975556,4.390926506335445,4.422938346862793,212300,0.0,0.0
2020-08-28 00:00:00,4.417602834557424,4.4336090087890625,4.412267951957807,4.4336090087890625,143500,0.0,0.0
2020-08-31 00:00:00,4.406932681004591,4.449614795833758,4.406932681004591,4.422938346862793,191800,0.0,0.0
2020-09-01 00:00:00,4.433611456367673,4.438946341912418,4.417605273299809,4.428276062011719,179300,0.0,0.0
2020-09-02 00:00:00,4.4336090087890625,4.444279282799226,4.412267951957807,4.4336090087890625,230500,0.0,0.0
2020-09-03 00:00:00,4.4176029553064105,4.444279404277377,4.406932681004591,4.422938346862793,388900,0.0,0.0
2020-09-04 00:00:00,4.396263985747022,4.460287188396404,4.396263985747022,4.4496169090271,211600,0.0,0.0
2020-09-08 00:00:00,4.417603572179868,4.46028569296916,4.417603572179868,4.45495080947876,119900,0.0,0.0
2020-09-09 00:00:00,4.465620872399973,4.481626539730234,4.4442798130226295,4.476291656494141,605900,0.0,0.0
2020-09-10 00:00:00,4.454951990176607,4.492298728562506,4.444281202745692,4.481627941131592,726600,0.0,0.0
2020-09-11 00:00:00,4.481627815925065,4.49763399662426,4.481627815925065,4.492298603057861,99500,0.0,0.0
2020-09-14 00:00:00,4.516974731931194,4.533068322734961,4.506245330324665,4.51161003112793,105600,0.046,0.0
2020-09-15 00:00:00,4.522339820861816,4.538433413046807,4.51697511959813,4.522339820861816,480200,0.0,0.0
2020-09-16 00:00:00,4.533069043343124,4.543798446655273,4.511610748324933,4.543798446655273,383600,0.0,0.0
2020-09-17 00:00:00,4.511611653773615,4.527705250365602,4.506246951040882,4.516976356506348,680700,0.0,0.0
2020-09-18 00:00:00,4.527704238891602,4.533068940425879,4.51161064589487,4.527704238891602,997300,0.0,0.0
2020-09-21 00:00:00,4.506245278665724,4.506245278665724,4.468693396685416,4.4847869873046875,1028100,0.0,0.0
2020-09-22 00:00:00,4.479422798168945,4.506245278665724,4.479422798168945,4.4847869873046875,381500,0.0,0.0
2020-09-23 00:00:00,4.479421642780968,4.506244116359362,4.441869258880615,4.441869258880615,1317200,0.0,0.0
2020-09-24 00:00:00,4.436508786528644,4.468695986420576,4.409685778881156,4.452602386474609,328400,0.0,0.0
2020-09-25 00:00:00,4.43650703189871,4.441871222021626,4.425777628440645,4.431142330169678,383000,0.0,0.0
2020-09-28 00:00:00,4.431144082677883,4.463331282569815,4.431144082677883,4.452602386474609,197100,0.0,0.0
2020-09-29 00:00:00,4.45260238647461,4.468695986420576,4.4418729787730875,4.452602386474609,503800,0.0,0.0
2020-09-30 00:00:00,4.447235019043237,4.484786900294997,4.447235019043237,4.4579644203186035,149500,0.0,0.0
2020-10-01 00:00:00,4.474058010625642,4.500881002208048,4.4579644203186035,4.4579644203186035,254900,0.0,0.0
2020-10-02 00:00:00,4.436507069178861,4.495517253875732,4.436507069178861,4.495517253875732,134200,0.0,0.0
2020-10-05 00:00:00,4.5062457170707555,4.53306871178312,4.5008815274131395,4.522339820861816,109200,0.0,0.0
2020-10-06 00:00:00,4.490149974822999,4.5223376553863055,4.490149974822999,4.490149974822998,201200,0.0,0.0
2020-10-07 00:00:00,4.500883542150094,4.516977141539084,4.468695831765811,4.474060535430908,208700,0.0,0.0
2020-10-08 00:00:00,4.47405809742718,4.516974680149253,4.47405809742718,4.4847869873046875,155400,0.0,0.0
2020-10-09 00:00:00,4.4955166376221385,4.5116102291322155,4.479423046112061,4.4794230461120605,128000,0.0,0.0
2020-10-12 00:00:00,4.490149974822999,4.511608257996595,4.484785276128143,4.490149974822998,134600,0.0,0.0
2020-10-13 00:00:00,4.484789586366542,4.500883697918826,4.45260238647461,4.452602386474609,549900,0.0,0.0
2020-10-14 00:00:00,4.452059939474085,4.4790422238542975,4.43047421489877,4.4466633796691895,724500,0.049,0.0
2020-10-15 00:00:00,4.408889030926111,4.430474758148193,4.403492470459507,4.430474758148193,122600,0.0,0.0
2020-10-16 00:00:00,4.419682095987218,4.419682095987218,4.398096366524491,4.4034929275512695,216300,0.0,0.0
2020-10-19 00:00:00,4.39809663248868,4.414286316548045,4.376510901720609,4.3819074630737305,154600,0.0,0.0
2020-10-20 00:00:00,4.376510901720609,4.403493193841801,4.376510901720609,4.3819074630737305,928500,0.0,0.0
2020-10-21 00:00:00,4.376511044715783,4.39270072930412,4.349529266357422,4.349529266357422,1790100,0.0,0.0
2020-10-22 00:00:00,4.344131663843445,4.365717390144205,4.322545937542685,4.338735103607178,278000,0.0,0.0
2020-10-23 00:00:00,4.344132423400879,4.360321592295994,4.333339301041201,4.344132423400879,425100,0.0,0.0
2020-10-26 00:00:00,4.322546287532348,4.338735454907652,4.31714972685913,4.327942848205566,191400,0.0,0.0
2020-10-27 00:00:00,4.311753166185912,4.338735454907652,4.306356862834869,4.327942848205566,1071800,0.0,0.0
2020-10-28 00:00:00,4.284770205285005,4.295563066967955,4.273977343602056,4.279373645782471,109800,0.0,0.0
2020-10-29 00:00:00,4.2793739923015055,4.300959717415292,4.268581129744612,4.290166854858398,195200,0.0,0.0
2020-10-30 00:00:00,4.284771372498034,4.300960540771484,4.268581946902394,4.300960540771484,442200,0.0,0.0
2020-11-02 00:00:00,4.300959546832074,4.322545528411865,4.284770382299893,4.322545528411865,248900,0.0,0.0
2020-11-03 00:00:00,4.327942991206461,4.365717887878418,4.322546430354934,4.365717887878418,262600,0.0,0.0
2020-11-04 00:00:00,4.376509882018849,4.414285288044831,4.365717276471637,4.398095607757568,143200,0.0,0.0
2020-11-05 00:00:00,4.403493138369817,4.430475430151106,4.403493138369817,4.425078868865967,92000,0.0,0.0
2020-11-06 00:00:00,4.435870774703666,4.4466633796691895,4.435870774703666,4.4466633796691895,96700,0.0,0.0
2020-11-09 00:00:00,4.500628878454023,4.543800336525743,4.495232317533964,4.516818046569824,197000,0.0,0.0
2020-11-10 00:00:00,4.522214412689209,4.533007019420045,4.516817852001615,4.522214412689209,152100,0.0,0.0
2020-11-11 00:00:00,4.533006280713267,4.559988565109806,4.51142055612489,4.54379940032959,217400,0.0,0.0
2020-11-12 00:00:00,4.5432556395362695,4.559539565207655,4.537827491760253,4.537827491760254,108100,0.049,0.0
2020-11-13 00:00:00,4.543256055078038,4.543256055078038,4.516115831372282,4.521543979644775,269000,0.0,0.0
2020-11-16 00:00:00,4.526972829957483,4.554113057872129,4.510688900271412,4.543256759643555,305600,0.0,0.0
2020-11-17 00:00:00,4.543258244101007,4.559542179107666,4.526974309094347,4.559542179107666,354800,0.0,0.0
2020-11-18 00:00:00,4.554111935088303,4.564967712983671,4.532399861640901,4.537827491760254,170200,0.0,0.0
2020-11-19 00:00:00,4.532402459982221,4.581254265002199,4.532402459982221,4.559542179107666,1086100,0.0,0.0
2020-11-20 00:00:00,4.570397632554166,4.5758257824345,4.548685550689697,4.548685550689697,113300,0.0,0.0
2020-11-23 00:00:00,4.570398017722514,4.586681951078972,4.559541717046937,4.575826168060303,631800,0.0,0.0
2020-11-24 00:00:00,4.575826386491233,4.635534490086399,4.575826386491233,4.597538471221924,1526900,0.0,0.0
2020-11-25 00:00:00,4.592110048862162,4.6192502825835895,4.592110048862162,4.602965831756592,214100,0.0,0.0
2020-11-27 00:00:00,4.613822839662812,4.640963077545166,4.613822839662812,4.640963077545166,91200,0.0,0.0
2020-11-30 00:00:00,4.624678247786612,4.657246112823486,4.624678247786612,4.657246112823486,167000,0.0,0.0
2020-12-01 00:00:00,4.6572464953297095,4.689814880698353,4.646390711978111,4.684386730194092,188100,0.0,0.0
2020-12-02 00:00:00,4.662672726069747,4.727808952331543,4.662672726069747,4.727808952331543,169900,0.0,0.0
2020-12-03 00:00:00,4.716953210308309,4.787517593134837,4.706097430150182,4.760377883911133,536600,0.0,0.0
2020-12-04 00:00:00,4.749521559935249,4.803802013397217,4.749521559935249,4.803802013397217,196000,0.0,0.0
2020-12-07 00:00:00,4.7820908120741015,4.798374744034737,4.771234512329102,4.771234512329102,193600,0.0,0.0
2020-12-08 00:00:00,4.765806362456602,4.792946594162237,4.765806362456602,4.771234512329102,114400,0.0,0.0
2020-12-09 00:00:00,4.771234676478835,4.792946759058954,4.749522593898717,4.776662826538086,575200,0.0,0.0
2020-12-10 00:00:00,4.776662037909693,4.7983741169051415,4.771233888746632,4.782090187072754,99800,0.0,0.0
2020-12-11 00:00:00,4.782089961884159,4.792945742042287,4.754949735003684,4.760377883911133,456200,0.0,0.0
2020-12-14 00:00:00,4.781666203885493,4.798041626890733,4.7543734851665524,4.765290260314941,312700,0.049,0.0
2020-12-15 00:00:00,4.781665986180739,4.787124633789062,4.759831916312733,4.7871246337890625,354100,0.0,0.0
2020-12-16 00:00:00,4.787124742516608,4.787124742516608,4.765290151587396,4.776207447052002,322400,0.0,0.0
2020-12-17 00:00:00,4.781665986180739,4.798041408440421,4.776207338572416,4.7871246337890625,273400,0.0,0.0
2020-12-18 00:00:00,4.798042180571186,4.798042180571186,4.770749458702744,4.7816667556762695,133200,0.0,0.0
2020-12-21 00:00:00,4.765290444034749,4.776207740169353,4.759832316532779,4.770749092102051,224100,0.0,0.0
2020-12-22 00:00:00,4.77074867999124,4.77074867999124,4.743455962577686,4.75983190536499,205300,0.0,0.0
2020-12-23 00:00:00,4.7434563636779785,4.770749083399369,4.7434563636779785,4.7434563636779785,402300,0.0,0.0
2020-12-24 00:00:00,4.743455973487763,4.798041408440421,4.743455973487763,4.7871246337890625,136900,0.0,0.0
2020-12-28 00:00:00,4.787125036303956,4.787125036303956,4.743456372330874,4.770749092102051,509900,0.0,0.0
2020-12-29 00:00:00,4.770749458702744,4.7871254041630324,4.759832682294589,4.7816667556762695,130300,0.0,0.0
2020-12-30 00:00:00,4.781666203885493,4.798041626890733,4.759832133023403,4.765290260314941,227200,0.0,0.0
2020-12-31 00:00:00,4.776207740169353,4.792583163805926,4.770749092102051,4.770749092102051,290600,0.0,0.0
2021-01-04 00:00:00,4.787124633789062,4.798041408440421,4.759831916312733,4.7871246337890625,232200,0.0,0.0
2021-01-05 00:00:00,4.776208410372615,4.830793857574464,4.776208410372615,4.830793857574463,162200,0.0,0.0
2021-01-06 00:00:00,4.830793680245255,4.852627754211426,4.808959606279083,4.852627754211426,189500,0.0,0.0
2021-01-07 00:00:00,4.8635436945299535,4.87991911704716,4.8471682720127465,4.869002342224121,109100,0.0,0.0
2021-01-08 00:00:00,4.874461000389914,4.896295070648193,4.874461000389914,4.896295070648193,109500,0.0,0.0
2021-01-11 00:00:00,4.896296250816276,4.918130326337284,4.8744621752952675,4.901754379272461,197800,0.0,0.0
2021-01-12 00:00:00,4.901754030435805,4.983632198236738,4.901754030435805,4.972714900970459,235800,0.0,0.0
2021-01-13 00:00:00,4.9836312534904685,5.021840745548305,4.978172605892125,5.000006675720215,260600,0.0,0.0
2021-01-14 00:00:00,5.021408570049301,5.114702545524741,5.004945081249186,5.054336071014404,490300,0.049,0.0
2021-01-15 00:00:00,5.065311555759523,5.076287563869515,5.021408570049301,5.054336071014404,152700,0.0,0.0
2021-01-19 00:00:00,5.081775750681806,5.092751235821639,5.054336252784885,5.076287746429443,380200,0.0,0.0
2021-01-20 00:00:00,5.048848248532522,5.081775750681806,5.048848248532522,5.076287746429443,187700,0.0,0.0
2021-01-21 00:00:00,5.087265927108825,5.114704913356827,5.0817779205131774,5.0927534103393555,193800,0.0,0.0
2021-01-22 00:00:00,5.098238676016758,5.109214683307124,5.0762871848008615,5.081775188446045,1442500,0.0,0.0
2021-01-25 00:00:00,5.070801646075382,5.109217166900635,5.0653136397624765,5.109217166900635,520500,0.0,0.0
2021-01-26 00:00:00,5.136656110628101,5.1421441168970885,5.1037291197443455,5.114704608917236,461800,0.0,0.0
2021-01-27 00:00:00,5.114703516565882,5.136655013588548,5.070800522520551,5.087264537811279,397600,0.0,0.0
2021-01-28 00:00:00,5.076290046677175,5.114705047121134,5.043362529607261,5.0488505363464355,523500,0.0,0.0
2021-01-29 00:00:00,5.032385402564753,5.076288395467164,5.010433906113547,5.065312385559082,457200,0.0,0.0
2021-02-01 00:00:00,5.076290470595859,5.125681488642787,5.070802463398384,5.1201934814453125,585200,0.0,0.0
2021-02-02 00:00:00,5.131168627724198,5.186047120318817,5.092753107206372,5.114704608917236,1450100,0.0,0.0
2021-02-03 00:00:00,5.120192614065947,5.153120128307582,5.092753106092099,5.147632122039795,753400,0.0,0.0
2021-02-04 00:00:00,5.158606746590406,5.191534255313152,5.1201917558847,5.175070762634277,1962300,0.0,0.0
2021-02-05 00:00:00,5.191534429220723,5.197022434752518,5.153119437228179,5.164094924926758,511400,0.0,0.0
2021-02-08 00:00:00,5.186047942567919,5.202511440620088,5.164096437376639,5.191535949707031,1018600,0.0,0.0
2021-02-09 00:00:00,5.191533384450742,5.2025088699405595,5.125678901417118,5.169581890106201,454100,0.0,0.0
2021-02-10 00:00:00,5.186046209956497,5.197022220567734,5.153119224852769,5.180558204650879,757200,0.0,0.0
2021-02-11 00:00:00,5.20207372045778,5.20207372045778,5.141391719840017,5.16897439956665,211800,0.049,0.0
2021-02-12 00:00:00,5.174491619016772,5.185524376482897,5.108293495932265,5.135876178741455,438700,0.0,0.0
2021-02-16 00:00:00,5.157941634064421,5.157941634064421,5.0807102361878105,5.091742992401123,310400,0.0,0.0
2021-02-17 00:00:00,5.09726095199585,5.102777594577351,5.064162148698834,5.09726095199585,207700,0.0,0.0
2021-02-18 00:00:00,5.091742768743102,5.10829269147989,5.075193372102149,5.102776050567627,169100,0.0,0.0
2021-02-19 00:00:00,5.097258236133252,5.135874187532853,5.086225482944589,5.1138081550598145,494000,0.0,0.0
2021-02-22 00:00:00,5.113808904516544,5.19655640689361,5.113808904516544,5.152424335479736,1817600,0.0,0.0
2021-02-23 00:00:00,5.157942560413229,5.168975318607986,5.102777191151588,5.119326591491699,2016000,0.0,0.0
2021-02-24 00:00:00,5.135876002982236,5.168974800343829,5.124842719797773,5.146908760070801,450600,0.0,0.0
2021-02-25 00:00:00,5.1469081256740585,5.1800074450518,5.091742768743102,5.102776050567627,366900,0.0,0.0
2021-02-26 00:00:00,5.119325018871436,5.2020730473442915,5.119325018871436,5.152424335479736,701100,0.0,0.0
2021-03-01 00:00:00,5.191038974861986,5.229654399936716,5.174489582129346,5.1965556144714355,1299800,0.0,0.0
2021-03-02 00:00:00,5.202071692418815,5.240687113324279,5.196555053404991,5.229653835296631,624200,0.0,0.0
2021-03-03 00:00:00,5.224138929205717,5.2627543590317245,5.213105648629273,5.240688323974609,1900300,0.0,0.0
2021-03-04 00:00:00,5.240689156417551,5.268271836144184,5.113809566209243,5.16897439956665,1711000,0.0,0.0
2021-03-05 00:00:00,5.163457188377929,5.262754613993439,5.157941073918245,5.2517218589782715,1060200,0.0,0.0
2021-03-08 00:00:00,5.229655883209818,5.2848212427593,5.207589844609198,5.246205806732178,830600,0.0,0.0
2021-03-09 00:00:00,5.268270404415863,5.317919109211879,5.25723712508532,5.3013691902160645,1031200,0.0,0.0
2021-03-10 00:00:00,5.323436702578789,5.351019382476807,5.2793046251803055,5.351019382476807,702400,0.0,0.0
2021-03-11 00:00:00,5.373084586467242,5.373084586467242,5.27378769079436,5.290337085723877,456200,0.0,0.0
2021-03-12 00:00:00,5.305876097996845,5.305876097996845,5.19487408742328,5.2448248863220215,739800,0.058,0.0
2021-03-15 00:00:00,5.272575585638915,5.3336262702941895,5.255925495150537,5.3336262702941895,505500,0.0,0.0
2021-03-16 00:00:00,5.350279531677236,5.383579729095326,5.316978804962052,5.3280792236328125,545300,0.0,0.0
2021-03-17 00:00:00,5.355828056374086,5.355828056374086,5.322527866139403,5.350278377532959,447900,0.0,0.0
2021-03-18 00:00:00,5.350279457518364,5.3669295559966255,5.3169787312647525,5.339179039001465,453800,0.0,0.0
2021-03-19 00:00:00,5.350279531677236,5.350279531677236,5.316978804962052,5.3280792236328125,294500,0.0,0.0
2021-03-22 00:00:00,5.339179113006477,5.344729322341856,5.311428595626673,5.3280792236328125,486600,0.0,0.0
2021-03-23 00:00:00,5.333626939425477,5.355827239294069,5.305876961562412,5.311426639556885,310800,0.0,0.0
2021-03-24 00:00:00,5.33917647688926,5.350276890079401,5.3169761798058115,5.3336262702941895,371300,0.0,0.0
2021-03-25 00:00:00,5.32252836227417,5.344728667599,5.272577542969043,5.32252836227417,524400,0.0,0.0
2021-03-26 00:00:00,5.322527215632138,5.344727516174316,5.311426800712591,5.344727516174316,299300,0.0,0.0
2021-03-29 00:00:00,5.339179113006477,5.3558292117155215,5.316978804962052,5.3280792236328125,175400,0.0,0.0
2021-03-30 00:00:00,5.339177961256744,5.361378264512193,5.32807807427751,5.350278377532959,267700,0.0,0.0
2021-03-31 00:00:00,5.355830842898796,5.3724814759760875,5.344730950144524,5.3613810539245605,167600,0.0,0.0
2021-04-01 00:00:00,5.378028920206308,5.433529948778548,5.36137882335345,5.394679546356201,834100,0.0,0.0
2021-04-05 00:00:00,5.405779434492428,5.416879851925691,5.378028920206308,5.394679546356201,225600,0.0,0.0
2021-04-06 00:00:00,5.4002277240401915,5.416878345559756,5.378027424644327,5.405777931213379,438200,0.0,0.0
2021-04-07 00:00:00,5.4057790610759415,5.416879477742418,5.400228852742703,5.41132926940918,303000,0.0,0.0
2021-04-08 00:00:00,5.42797709377457,5.450177388520808,5.3946769163036015,5.400226593017578,430300,0.0,0.0
2021-04-09 00:00:00,5.41687721104984,5.42797709377457,5.383576504282094,5.400226593017578,478800,0.0,0.0
2021-04-12 00:00:00,5.422431932743102,5.427981614078731,5.361380674376214,5.378030776977539,305300,0.0,0.0
2021-04-13 00:00:00,5.39467919402151,5.39467919402151,5.35582826483954,5.383578777313232,457600,0.0,0.0
2021-04-14 00:00:00,5.399212415660403,5.399212415660403,5.365711380708657,5.371294975280762,254500,0.058,0.0
2021-04-15 00:00:00,5.388044131971463,5.388044131971463,5.371293884138732,5.382461071014404,231600,0.0,0.0
2021-04-16 00:00:00,5.388044131971463,5.388044131971463,5.348960042868165,5.382461071014404,247800,0.0,0.0
2021-04-19 00:00:00,5.38804491758924,5.38804491758924,5.365711073062229,5.376878261566162,280100,0.0,0.0
2021-04-20 00:00:00,5.388045282256611,5.388045282256611,5.332210933400597,5.343377590179443,244600,0.0,0.0
2021-04-21 00:00:00,5.354543119598921,5.354543119598921,5.326625687584516,5.337792873382568,212400,0.0,0.0
2021-04-22 00:00:00,5.365711041122157,5.393628479734952,5.326626946552755,5.332210540771484,238200,0.0,0.0
2021-04-23 00:00:00,5.337793744488009,5.354543993437931,5.337793744488009,5.3489603996276855,317200,0.0,0.0
2021-04-26 00:00:00,5.348960790946821,5.354544385165551,5.326626946552755,5.332210540771484,424600,0.0,0.0
2021-04-27 00:00:00,5.382461823778345,5.5443823287555345,5.326626946552755,5.332210540771484,409900,0.0,0.0
2021-04-28 00:00:00,5.365711041122157,5.449463356960543,5.315460290596149,5.332210540771484,424700,0.0,0.0
2021-04-29 00:00:00,5.332211326364601,5.360128769090465,5.309877478680096,5.326627731323242,359300,0.0,0.0
2021-04-30 00:00:00,5.321045192653494,5.365712896890253,5.321045192653494,5.3601298332214355,387300,0.0,0.0
2021-05-03 00:00:00,5.3824602078867745,5.404794045575902,5.371293022801864,5.399210453033447,273700,0.0,0.0
2021-05-04 00:00:00,5.399211018662512,5.421544858691365,5.376877178633658,5.415961265563965,295300,0.0,0.0
2021-05-05 00:00:00,5.421547432404666,5.488548984298156,5.4159638366266245,5.466215133666992,688900,0.0,0.0
2021-05-06 00:00:00,5.505298841541336,5.505298841541336,5.421547040843541,5.482964992523193,250600,0.0,0.0
2021-05-07 00:00:00,5.471795729335367,5.494129567721197,5.466212136618733,5.477379322052002,196400,0.0,0.0
2021-05-10 00:00:00,5.494129533129658,5.494129533129658,5.460628509521484,5.460628509521484,381100,0.0,0.0
2021-05-11 00:00:00,5.4606296842669355,5.477380465914972,5.421545592049826,5.438295841217041,372200,0.0,0.0
2021-05-12 00:00:00,5.449461983425581,5.460628636567637,5.404794305895922,5.421544551849365,507800,0.0,0.0
2021-05-13 00:00:00,5.420422989119802,5.431657283973758,5.392338323346238,5.403572082519531,289800,0.058,0.0
2021-05-14 00:00:00,5.409189235661724,5.4148063830946365,5.392338329043649,5.397954940795898,167900,0.0,0.0
2021-05-17 00:00:00,5.409190624517117,5.409190624517117,5.369871653752576,5.386722564697266,545800,0.0,0.0
2021-05-18 00:00:00,5.381105415822102,5.397956326766791,5.375488266946939,5.386722564697266,245200,0.0,0.0
2021-05-19 00:00:00,5.386722101196513,5.392339249588348,5.369871191701762,5.375487804412842,239400,0.0,0.0
2021-05-20 00:00:00,5.39233922958374,5.403572990644982,5.37548778447075,5.39233922958374,345500,0.0,0.0
2021-05-21 00:00:00,5.3923397135724285,5.403573475641954,5.381105415822102,5.386722564697266,220900,0.0,0.0
2021-05-24 00:00:00,5.397955842273984,5.409190139015978,5.386722081212744,5.39233922958374,167700,0.0,0.0
2021-05-25 00:00:00,5.386722081212744,5.409190139015978,5.386722081212744,5.39233922958374,344700,0.0,0.0
2021-05-26 00:00:00,5.403572990644982,5.409190139015978,5.39233922958374,5.39233922958374,170900,0.0,0.0
2021-05-27 00:00:00,5.409190139015978,5.409190139015978,5.381104932841747,5.39233922958374,203600,0.0,0.0
2021-05-28 00:00:00,5.397954940795898,5.409189235661724,5.381104034177824,5.397954940795898,321300,0.0,0.0
2021-06-01 00:00:00,5.409189224243164,5.420422983404612,5.39233831766066,5.409189224243164,224500,0.0,0.0
2021-06-02 00:00:00,5.42603969049816,5.431656837463379,5.41480593224834,5.431656837463379,383500,0.0,0.0
2021-06-03 00:00:00,5.420423562403205,5.476593971252441,5.40918980204179,5.476593971252441,495400,0.0,0.0
2021-06-04 00:00:00,5.470973961786782,5.482208251953125,5.459740207300876,5.482208251953125,300900,0.0,0.0
2021-06-07 00:00:00,5.482209201295194,5.487826347351074,5.459741152752202,5.487826347351074,256900,0.0,0.0
2021-06-08 00:00:00,5.487824020058316,5.5159086670664355,5.482206876384571,5.493440628051758,358000,0.0,0.0
2021-06-09 00:00:00,5.504677249838185,5.515911006269414,5.487826347351074,5.487826347351074,258600,0.0,0.0
2021-06-10 00:00:00,5.504677249838185,5.5215281523252955,5.487826347351074,5.487826347351074,185100,0.0,0.0
2021-06-11 00:00:00,5.50467824935913,5.515912007830148,5.482210196736466,5.504678249359131,253700,0.0,0.0
2021-06-14 00:00:00,5.526149348114994,5.5317999370541795,5.509198120167261,5.514848709106445,260700,0.058,0.0
2021-06-15 00:00:00,5.531798569569918,5.531798569569918,5.503546170727928,5.509196758270264,301700,0.0,0.0
2021-06-16 00:00:00,5.514846524047565,5.514846524047565,5.497894763946533,5.497894763946533,358000,0.0,0.0
2021-06-17 00:00:00,5.514847345812599,5.526147982027583,5.492245534512944,5.509196758270264,274800,0.0,0.0
2021-06-18 00:00:00,5.514849137468101,5.514849137468101,5.458344321426925,5.4696455001831055,237600,0.0,0.0
2021-06-21 00:00:00,5.486597579466647,5.537451814008399,5.48094698921313,5.531801223754883,310800,0.0,0.0
2021-06-22 00:00:00,5.526147842407227,5.548749653135837,5.514847206477758,5.526147842407227,197300,0.0,0.0
2021-06-23 00:00:00,5.543102404261915,5.543102404261915,5.509199401610765,5.531801223754883,285000,0.0,0.0
2021-06-24 00:00:00,5.543101114932549,5.565702931819468,5.503547531228075,5.514848709106445,592000,0.0,0.0
2021-06-25 00:00:00,5.531801223754883,5.554403045899001,5.51484999186428,5.531801223754883,245800,0.0,0.0
2021-06-28 00:00:00,5.5374516665556754,5.554402897994896,5.526150486349574,5.548752307891846,308600,0.0,0.0
2021-06-29 00:00:00,5.554403087203189,5.582655499810917,5.548752496907654,5.577004909515381,293800,0.0,0.0
2021-06-30 00:00:00,5.577004528676337,5.667411811751428,5.577004528676337,5.66176176071167,1354500,0.0,0.0
2021-07-01 00:00:00,5.661759511205673,5.6674095600005785,5.644807748211861,5.650458335876465,335900,0.0,0.0
2021-07-02 00:00:00,5.644810347530392,5.65611152806356,5.627859115600586,5.627859115600586,260300,0.0,0.0
2021-07-06 00:00:00,5.644807748211861,5.656108923541069,5.627856524087747,5.650458335876465,280100,0.0,0.0
2021-07-07 00:00:00,5.650459697686201,5.6561102867126465,5.639158519633311,5.6561102867126465,202600,0.0,0.0
2021-07-08 00:00:00,5.650458880598254,5.6561094688075935,5.63350765483999,5.644808292388916,195200,0.0,0.0
2021-07-09 00:00:00,5.650459697686201,5.6561102867126465,5.639158519633311,5.6561102867126465,233100,0.0,0.0
2021-07-12 00:00:00,5.661761305144597,5.661761305144597,5.605256488334303,5.610907077789307,339500,0.0,0.0
2021-07-13 00:00:00,5.605256887735725,5.627858708296356,5.588305657032728,5.622208118438721,338800,0.0,0.0
2021-07-14 00:00:00,5.643805200768944,5.643805200768944,5.615387141570922,5.621070861816406,225600,0.058,0.0
2021-07-15 00:00:00,5.621071995460369,5.626755174822626,5.535817800672447,5.541501522064209,399900,0.0,0.0
2021-07-16 00:00:00,5.535819039309093,5.604022085182124,5.501717787387391,5.592655181884766,1283600,0.0,0.0
2021-07-19 00:00:00,5.55286720870891,5.55286720870891,5.450562424129915,5.4619293212890625,522700,0.0,0.0
2021-07-20 00:00:00,5.48466449487209,5.48466449487209,5.461930155054059,5.473297595977783,315600,0.0,0.0
2021-07-21 00:00:00,5.49603307145727,5.49603307145727,5.467615005305269,5.478982448577881,250300,0.0,0.0
2021-07-22 00:00:00,5.49603307145727,5.49603307145727,5.461931283668963,5.478982448577881,242000,0.0,0.0
2021-07-23 00:00:00,5.501715656257677,5.507398834690122,5.461930155054059,5.473297595977783,170900,0.0,0.0
2021-07-26 00:00:00,5.473298610553652,5.558552265167236,5.467614889038209,5.558552265167236,221800,0.0,0.0
2021-07-27 00:00:00,5.558552442396355,5.575603607486345,5.552869262729225,5.564236164093018,197300,0.0,0.0
2021-07-28 00:00:00,5.569919885789681,5.569919885789681,5.535818097639234,5.564236164093018,178300,0.0,0.0
2021-07-29 00:00:00,5.569919708198123,5.569919708198123,5.547185364165866,5.558552265167236,99700,0.0,0.0
2021-07-30 00:00:00,5.552869142563656,5.5585523221078,5.530134256268991,5.54718542098999,116800,0.0,0.0
2021-08-02 00:00:00,5.564234912089549,5.581285531313461,5.558551191671774,5.569918632507324,189600,0.0,0.0
2021-08-03 00:00:00,5.581286609199493,5.581286609199493,5.541501642650423,5.558552265167236,236000,0.0,0.0
2021-08-04 00:00:00,5.5642361640930185,5.569919885789681,5.552869262729225,5.564236164093018,347600,0.0,0.0
2021-08-05 00:00:00,5.569919885789681,5.575603607486345,5.541501819335898,5.564236164093018,161300,0.0,0.0
2021-08-06 00:00:00,5.558550418876058,5.581284755357029,5.558550418876058,5.575601577758789,246600,0.0,0.0
2021-08-09 00:00:00,5.586968474984606,5.586968474984606,5.569917858131212,5.575601577758789,282000,0.0,0.0
2021-08-10 00:00:00,5.575601577758789,5.59833591423976,5.569917858131212,5.575601577758789,221000,0.0,0.0
2021-08-11 00:00:00,5.592652802618384,5.621070861816406,5.581285362127417,5.621070861816406,1307700,0.0,0.0
2021-08-12 00:00:00,5.64279842376709,5.64279842376709,5.619929961324122,5.64279842376709,295700,0.058,0.0
2021-08-13 00:00:00,5.682814500466462,5.682814500466462,5.642794852823785,5.677097797393799,226200,0.0,0.0
2021-08-16 00:00:00,5.671381319800197,5.688532521802544,5.654230117797852,5.654230117797852,352900,0.0,0.0
2021-08-17 00:00:00,5.665663271596937,5.682814471180152,5.654229320283728,5.671380519866943,275400,0.0,0.0
2021-08-18 00:00:00,5.671380519866943,5.677097768136949,5.65994602332693,5.671380519866943,192500,0.0,0.0
2021-08-19 00:00:00,5.67138332803796,5.677100579138848,5.637080366659701,5.659948825836182,187700,0.0,0.0
2021-08-20 00:00:00,5.665665299271204,5.665665299271204,5.619928387196064,5.625645637512207,338800,0.0,0.0
2021-08-23 00:00:00,5.659949634292528,5.659949634292528,5.631364465159182,5.64279842376709,182900,0.0,0.0
2021-08-24 00:00:00,5.654228815211076,5.66566276550293,5.637077071933163,5.66566276550293,153200,0.0,0.0
2021-08-25 00:00:00,5.659947270941734,5.665664520471986,5.6256448642140695,5.648513317108154,222300,0.0,0.0
2021-08-26 00:00:00,5.6542305666384065,5.6542305666384065,5.63707881804765,5.648513317108154,185200,0.0,0.0
2021-08-27 00:00:00,5.654229320283728,5.671380519866943,5.642794823743715,5.671380519866943,120800,0.0,0.0
2021-08-30 00:00:00,5.682816735693677,5.7171196937561035,5.682816735693677,5.7171196937561035,223600,0.0,0.0
2021-08-31 00:00:00,5.7171196937561035,5.7171196937561035,5.711402443207862,5.7171196937561035,232400,0.0,0.0
2021-09-01 00:00:00,5.717118151355306,5.762855052947998,5.717118151355306,5.762855052947998,293800,0.0,0.0
2021-09-02 00:00:00,5.774291966057691,5.780008672227634,5.728555045335527,5.7685747146606445,299000,0.0,0.0
2021-09-03 00:00:00,5.76857275116033,5.76857275116033,5.7114013471040135,5.757138252258301,311000,0.0,0.0
2021-09-07 00:00:00,5.751423332615374,5.751423332615374,5.728554872942487,5.745706081390381,172100,0.0,0.0
2021-09-08 00:00:00,5.745704298583187,5.757138252258301,5.728553095457059,5.757138252258301,163300,0.0,0.0
2021-09-09 00:00:00,5.757138155696818,5.757138155696818,5.728552999375021,5.7514214515686035,186600,0.0,0.0
2021-09-10 00:00:00,5.757137065661766,5.797157258343441,5.739985866070651,5.791440010070801,384000,0.0,0.0
2021-09-13 00:00:00,5.814309260983936,5.814309260983936,5.774289608001709,5.774289608001709,234700,0.0,0.0
2021-09-14 00:00:00,5.796140010612842,5.8248908150027345,5.75588921349258,5.773139476776123,245200,0.058,0.0
2021-09-15 00:00:00,5.773140045442099,5.807641123783593,5.761640051578958,5.76738977432251,138300,0.0,0.0
2021-09-16 00:00:00,5.767389408875418,5.773139679630644,5.7443888742305145,5.755889415740967,243000,0.0,0.0
2021-09-17 00:00:00,5.778891000750355,5.778891000750355,5.744389918324123,5.750140190124512,200300,0.0,0.0
2021-09-20 00:00:00,5.732890221898678,5.761641034023018,5.698389137674244,5.727139949798584,347800,0.0,0.0
2021-09-21 00:00:00,5.721387199219456,5.738637459670874,5.6983866691589355,5.6983866691589355,185000,0.0,0.0
2021-09-22 00:00:00,5.715636917346011,5.738637447357178,5.709887196125138,5.738637447357178,248700,0.0,0.0
2021-09-23 00:00:00,5.750140875006205,5.750140875006205,5.721390060955941,5.732890605926514,169600,0.0,0.0
2021-09-24 00:00:00,5.732890605926514,5.7443906025209195,5.721390060955941,5.732890605926514,244700,0.0,0.0
2021-09-27 00:00:00,5.727137468828559,5.727137468828559,5.692636399549832,5.6983866691589355,185000,0.0,0.0
2021-09-28 00:00:00,5.692637334159618,5.790389740059666,5.692637334159618,5.773139476776123,408300,0.0,0.0
2021-09-29 00:00:00,5.784640180829062,5.836390972137451,5.7673893686836015,5.836390972137451,277100,0.0,0.0
2021-09-30 00:00:00,5.8478911445826345,5.8478911445826345,5.784639815834915,5.790389537811279,251000,0.0,0.0
2021-10-01 00:00:00,5.81913986683517,5.83064040660233,5.790389065793186,5.82489013671875,318400,0.0,0.0
2021-10-04 00:00:00,5.830640588325603,5.836390310012466,5.784639524575084,5.813389778137207,159000,0.0,0.0
2021-10-05 00:00:00,5.813388258356984,5.824888795476023,5.801888269613737,5.819138526916504,271600,0.0,0.0
2021-10-06 00:00:00,5.796140578950124,5.819141115042147,5.796140578950124,5.801890850067139,168900,0.0,0.0
2021-10-07 00:00:00,5.801890464674259,5.819140728503412,5.796140193939209,5.796140193939209,271400,0.0,0.0
2021-10-08 00:00:00,5.813390843925132,5.813390843925132,5.78464058509213,5.801890850067139,107400,0.0,0.0
2021-10-11 00:00:00,5.807638538173256,5.830639064035543,5.801888269613737,5.819138526916504,181600,0.0,0.0
2021-10-12 00:00:00,5.83638956012047,5.8421398294444415,5.796138771604396,5.830639839172363,319000,0.0,0.0
2021-10-13 00:00:00,5.836391807745481,5.8938934263776455,5.813391269967831,5.882392883300781,270400,0.0,0.0
2021-10-14 00:00:00,5.910151416158185,5.950631727771354,5.858104986082463,5.8928022384643555,453800,0.058,0.0
2021-10-15 00:00:00,5.921714132784212,5.921714132784212,5.881233840655661,5.898582458496094,191900,0.0,0.0
2021-10-18 00:00:00,5.898585297695632,5.910151416158185,5.875453612273409,5.8928022384643555,134200,0.0,0.0
2021-10-19 00:00:00,5.910151416158185,5.910151416158185,5.887019730735962,5.8928022384643555,259600,0.0,0.0
2021-10-20 00:00:00,5.898585341299704,5.910151459847757,5.898585341299704,5.9043684005737305,133800,0.0,0.0
2021-10-21 00:00:00,5.904368738395789,5.904368738395789,5.869670932269261,5.887020111083984,120700,0.0,0.0
2021-10-22 00:00:00,5.89858498374123,5.915933609008789,5.887019417397142,5.915933609008789,124200,0.0,0.0
2021-10-25 00:00:00,5.927497189231896,5.933280245679579,5.892799402048411,5.898582458496094,173800,0.0,0.0
2021-10-26 00:00:00,5.887019730735962,5.904368356926908,5.852321926851187,5.8928022384643555,195400,0.0,0.0
2021-10-27 00:00:00,5.875453612273409,5.898585297695632,5.869670553042133,5.8928022384643555,138200,0.0,0.0
2021-10-28 00:00:00,5.8812340125658835,5.933280419111133,5.8812340125658835,5.9217143058776855,169500,0.0,0.0
2021-10-29 00:00:00,5.915931249260961,5.933280419111133,5.904365687530146,5.9217143058776855,134900,0.0,0.0
2021-11-01 00:00:00,5.944848896413002,5.944848896413002,5.927500269557062,5.93328332901001,166000,0.0,0.0
2021-11-02 00:00:00,5.939064148110929,5.950629711151123,5.927498033568038,5.950629711151123,280700,0.0,0.0
2021-11-03 00:00:00,5.950629711151123,5.979544446005653,5.939064148110929,5.950629711151123,294000,0.0,0.0
2021-11-04 00:00:00,5.956412768422568,5.962195825694013,5.939064148110929,5.950629711151123,147600,0.0,0.0
2021-11-05 00:00:00,5.962196969621513,5.991111158520923,5.962196969621513,5.979545593261719,312500,0.0,0.0
2021-11-08 00:00:00,6.002676486968994,6.008459544590524,5.985327865607132,6.002676486968994,222000,0.0,0.0
2021-11-09 00:00:00,6.0084619098963055,6.0142444182914625,5.967981042112524,5.996895790100098,245400,0.0,0.0
2021-11-10 00:00:00,5.996890518651293,6.020022186407324,5.979541905709885,5.99110746383667,197800,0.0,0.0
2021-11-11 00:00:00,6.002677271876209,6.043157577514648,5.9795455898681285,6.043157577514648,234600,0.0,0.0
2021-11-12 00:00:00,6.04781139907092,6.04781139907092,6.018735825327547,6.030365943908691,68900,0.058,0.0
2021-11-15 00:00:00,6.041996309337873,6.047811091041774,6.02455030048319,6.0361809730529785,179100,0.0,0.0
2021-11-16 00:00:00,6.041996309337873,6.047811091041774,6.02455030048319,6.0361809730529785,184400,0.0,0.0
2021-11-17 00:00:00,6.0419961145431476,6.059441568254394,5.931506947016314,5.9722137451171875,318300,0.0,0.0
2021-11-18 00:00:00,5.989656394484186,6.001286506652832,5.96639561556618,6.001286506652832,199700,0.0,0.0
2021-11-19 00:00:00,6.007103176351959,6.007103176351959,5.937320824074339,5.954766273498535,298400,0.0,0.0
2021-11-22 00:00:00,5.954767310091313,5.97802809823304,5.908245733807861,5.914061069488525,144900,0.0,0.0
2021-11-23 00:00:00,5.931504997543674,5.983841896057128,5.919874883752235,5.983841896057129,159200,0.0,0.0
2021-11-24 00:00:00,5.983843521637026,6.018734981651593,5.954767397388378,5.960582733154297,248200,0.0,0.0
2021-11-26 00:00:00,5.925693511962891,5.954769647196975,5.908248052654901,5.925693511962891,179500,0.0,0.0
2021-11-29 00:00:00,5.94895169811519,5.995473826818885,5.943136917285523,5.978027820587158,257500,0.0,0.0
2021-11-30 00:00:00,5.983842735887443,5.989658070889739,5.943136500033113,5.966397285461426,137900,0.0,0.0
2021-12-01 00:00:00,5.9896577269277635,6.007103176351959,5.943136158742684,5.954766273498535,232600,0.0,0.0
2021-12-02 00:00:00,5.925690991922955,5.948951779301792,5.902430204544117,5.937321662902832,255200,0.0,0.0
2021-12-03 00:00:00,5.9256899431653824,5.9256899431653824,5.87916837664132,5.890799045562744,148800,0.0,0.0
2021-12-06 00:00:00,5.884985725955525,5.931507308407268,5.844279479955502,5.9082465171813965,356200,0.0,0.0
2021-12-07 00:00:00,5.94895206162246,5.966398068920214,5.937321944671566,5.960582733154297,135500,0.0,0.0
2021-12-08 00:00:00,5.960582733154296,5.972213404686133,5.937321944671566,5.960582733154297,102000,0.0,0.0
2021-12-09 00:00:00,5.966397249255267,5.989658034542425,5.931505794034096,5.948951244354248,83400,0.0,0.0
2021-12-10 00:00:00,5.954766273498535,5.972212277503568,5.937320824074339,5.954766273498535,116500,0.0,0.0
2021-12-13 00:00:00,5.966397785771608,5.966397785771608,5.919876211013932,5.937321662902832,130100,0.0,0.0
2021-12-14 00:00:00,5.9420013427734375,5.959546466422536,5.936152782307263,5.9420013427734375,137300,0.058,0.0
2021-12-15 00:00:00,5.96539502688871,5.96539502688871,5.901062535009067,5.9420013427734375,218100,0.0,0.0
2021-12-16 00:00:00,5.97124097585961,5.97124097585961,5.895211396298811,5.9069085121154785,189800,0.0,0.0
2021-12-17 00:00:00,5.9069101437701645,5.9069101437701645,5.871819344376276,5.8776679039001465,263800,0.0,0.0
2021-12-20 00:00:00,5.860121595965803,5.877666713233884,5.789940011395037,5.82503080368042,232700,0.0,0.0
2021-12-21 00:00:00,5.848424760623941,5.877666995976911,5.825031083891416,5.854273319244385,168200,0.0,0.0
2021-12-22 00:00:00,5.877667752272513,5.895212872642174,5.860122631902852,5.883516311645508,312000,0.0,0.0
2021-12-23 00:00:00,5.9010615842462935,5.9069101437701645,5.8542742235539995,5.8776679039001465,357600,0.0,0.0
2021-12-27 00:00:00,5.889365196228027,5.901062316727698,5.871820073227926,5.889365196228027,202700,0.0,0.0
2021-12-28 00:00:00,5.889364465198553,5.9010615842462935,5.871819344376276,5.8776679039001465,264600,0.0,0.0
2021-12-29 00:00:00,5.8893641463573045,5.953697182138317,5.88351614489937,5.936151504516602,370200,0.0,0.0
2021-12-30 00:00:00,5.936150186158787,5.953695859883789,5.901059954207145,5.9069085121154785,219700,0.0,0.0
2021-12-31 00:00:00,5.924455117080809,5.965393917229908,5.912757998324312,5.947848796844482,326100,0.0,0.0
2022-01-03 00:00:00,5.947848622931079,5.947848622931079,5.906909823979019,5.936151504516602,215900,0.0,0.0
2022-01-04 00:00:00,5.959545206069831,5.977090883757711,5.918606406963391,5.953697204589844,317600,0.0,0.0
2022-01-05 00:00:00,5.9536961627301785,6.006332071084251,5.936150488112682,6.000483512878418,304900,0.0,0.0
2022-01-06 00:00:00,6.000483512878418,6.023877187952539,5.982937838260922,6.000483512878418,360200,0.0,0.0
2022-01-07 00:00:00,6.0121810825728215,6.041423320770263,5.9887874035647295,6.041423320770264,262400,0.0,0.0
2022-01-10 00:00:00,6.035573375065556,6.053119048602942,5.988786027797541,6.018028259277344,319400,0.0,0.0
2022-01-11 00:00:00,6.035575662861896,6.070666465488729,6.023879100485876,6.064817905426025,273900,0.0,0.0
2022-01-12 00:00:00,6.082359790802002,6.0940569047021445,6.058966120750805,6.082359790802002,271500,0.0,0.0
2022-01-13 00:00:00,6.098826454820238,6.122351317716405,6.092945098876953,6.092945098876953,354700,0.058,0.0
2022-01-14 00:00:00,6.098828476813017,6.169403088899676,6.069422248224286,6.1576409339904785,338300,0.0,0.0
2022-01-18 00:00:00,6.13999909842503,6.13999909842503,6.0870685407239895,6.098830699920654,420000,0.0,0.0
2022-01-19 00:00:00,6.1223536156564276,6.139997129231556,6.104710102081299,6.104710102081299,313400,0.0,0.0
2022-01-20 00:00:00,6.122353726930614,6.14587859908408,6.075303982623684,6.081185340881348,237500,0.0,0.0
2022-01-21 00:00:00,6.081186210257709,6.110592444872803,5.992967506412427,6.004730224609375,686100,0.0,0.0
2022-01-24 00:00:00,5.969440251560723,5.969440251560723,5.693023214635704,5.793004035949707,618800,0.0,0.0
2022-01-25 00:00:00,5.787124396011819,5.869461171489221,5.734193291275079,5.845936298370361,244000,0.0,0.0
2022-01-26 00:00:00,5.887104247420545,5.969441008918069,5.851816663295091,5.940035343170166,374700,0.0,0.0
2022-01-27 00:00:00,5.934153760334676,6.02825323325986,5.934153760334676,5.998847007751465,305600,0.0,0.0
2022-01-28 00:00:00,5.992969036102295,6.022375278223256,5.9694441545810095,5.992969036102295,194400,0.0,0.0
2022-01-31 00:00:00,5.9812045420031525,6.081185389676928,5.9812045420031525,6.07530403137207,350000,0.0,0.0
2022-02-01 00:00:00,6.092947706591953,6.104710423512837,6.03413580461917,6.045897960662842,477000,0.0,0.0
2022-02-02 00:00:00,6.051779319123284,6.081185550548281,6.03413580461917,6.045897960662842,136200,0.0,0.0
2022-02-03 00:00:00,6.016490411778842,6.051777993937195,5.9988469011382115,6.022371768951416,212700,0.0,0.0
2022-02-04 00:00:00,6.0341355965744174,6.087066699139013,6.022372880059088,6.081185340881348,226100,0.0,0.0
2022-02-07 00:00:00,6.087064303810641,6.092945098876953,6.028251866131738,6.092945098876953,261300,0.0,0.0
2022-02-08 00:00:00,6.075303606117464,6.263502571681888,6.051778735421911,6.1576409339904785,288800,0.0,0.0
2022-02-09 00:00:00,6.1694031245898,6.181165840444203,6.145878253758155,6.163521766662598,275200,0.0,0.0
2022-02-10 00:00:00,6.145879877232237,6.16352339479733,6.10471148262125,6.110592842102051,221400,0.0,0.0
2022-02-11 00:00:00,6.122351317716405,6.145876180612572,6.069420235980786,6.092945098876953,215600,0.0,0.0
2022-02-14 00:00:00,6.097680873718201,6.103594781254803,5.967565319317057,6.008965492248535,404400,0.058,0.0
2022-02-15 00:00:00,6.014877781490402,6.109507036163097,6.003048842638891,6.0976786613464355,238700,0.0,0.0
2022-02-16 00:00:00,6.079933672167306,6.150905594717738,6.068105300426252,6.127248287200928,245400,0.0,0.0
2022-02-17 00:00:00,6.1213391093318075,6.1213391093318075,6.07993836618789,6.091767311096191,239700,0.0,0.0
2022-02-18 00:00:00,6.085853156136297,6.0976821016617055,6.014881175089348,6.02670955657959,302500,0.0,0.0
2022-02-22 00:00:00,6.003047194993913,6.032618969971334,5.943904209073766,5.985304355621338,387200,0.0,0.0
2022-02-23 00:00:00,5.991221165879069,5.997135635993939,5.790133694252805,5.796048164367676,646700,0.0,0.0
2022-02-24 00:00:00,5.736904815994357,5.784219450696728,5.589046441540715,5.624532699584961,982700,0.0,0.0
2022-02-25 00:00:00,5.642275314783714,5.7783053069906085,5.630446938611544,5.7487335205078125,298800,0.0,0.0
2022-02-28 00:00:00,5.7014184222573245,5.801962149668994,5.7014184222573245,5.772390365600586,194000,0.0,0.0
2022-03-01 00:00:00,5.7783053069906085,5.807876529438491,5.730990110197188,5.7487335205078125,211200,0.0,0.0
2022-03-02 00:00:00,5.74873233012657,5.843361576048851,5.74873233012657,5.801961421966553,284300,0.0,0.0
2022-03-03 00:00:00,5.80787635333506,5.926163495679601,5.80787635333506,5.908420085906982,449300,0.0,0.0
2022-03-04 00:00:00,5.878847099995823,5.884761568712431,5.760560545837565,5.8315324783325195,226300,0.0,0.0
2022-03-07 00:00:00,5.831534318466181,5.831534318466181,5.677762031555176,5.677762031555176,245900,0.0,0.0
2022-03-08 00:00:00,5.707333305397805,5.736905094531284,5.6541047617995,5.713247776031494,289200,0.0,0.0
2022-03-09 00:00:00,5.73690463180088,5.801962675454039,5.713247315209255,5.784219264984131,177100,0.0,0.0
2022-03-10 00:00:00,5.76647496993222,5.784217811909967,5.719160348635047,5.736903190612793,63400,0.0,0.0
2022-03-11 00:00:00,5.760560268388721,5.778303673683961,5.689588339312024,5.70733118057251,164300,0.0,0.0
2022-03-14 00:00:00,5.6942419063486795,5.7596933279957,5.5871405601501465,5.5871405601501465,326600,0.058,0.0
2022-03-15 00:00:00,5.587139659135333,5.6347403758683985,5.581189427682374,5.599039554595947,115800,0.0,0.0
2022-03-16 00:00:00,5.610940975811237,5.729942787968578,5.610940975811237,5.706142425537109,111400,0.0,0.0
2022-03-17 00:00:00,5.723991633287719,5.848943657782833,5.712091737711917,5.837043762207031,158900,0.0,0.0
2022-03-18 00:00:00,5.837043268877858,5.8846439820486145,5.8132429122924805,5.8132429122924805,142800,0.0,0.0
2022-03-21 00:00:00,5.831095500887435,5.837045734408435,5.729943800812436,5.7418437004089355,213200,0.0,0.0
2022-03-22 00:00:00,5.7656452041662885,5.872747158885275,5.7656452041662885,5.8548970222473145,132300,0.0,0.0
2022-03-23 00:00:00,5.842996065826825,5.908447507119791,5.771594957780871,5.7834954261779785,184400,0.0,0.0
2022-03-24 00:00:00,5.807294180170675,5.807294180170675,5.735893091985634,5.765643119812012,147500,0.0,0.0
2022-03-25 00:00:00,5.78944249600098,5.807293190589481,5.706141524369221,5.71804141998291,214500,0.0,0.0
2022-03-28 00:00:00,5.741842767347621,5.801343957997554,5.741842767347621,5.789443492889404,177700,0.0,0.0
2022-03-29 00:00:00,5.854896813611648,5.920347690582275,5.831096443127276,5.920347690582275,112300,0.0,0.0
2022-03-30 00:00:00,5.932246944231509,5.961997543103487,5.902496345359531,5.926296710968018,139700,0.0,0.0
2022-03-31 00:00:00,5.9262955115802205,5.979846465222825,5.9262955115802205,5.956046104431152,431000,0.0,0.0
2022-04-01 00:00:00,5.979848403147552,6.075049877166748,5.973898169159966,6.075049877166748,173100,0.0,0.0
2022-04-04 00:00:00,6.092898627411116,6.098848860046842,6.015547305482926,6.086948394775391,183900,0.0,0.0
2022-04-05 00:00:00,6.08694839477539,6.092898627411116,6.04529790121614,6.086948394775391,170600,0.0,0.0
2022-04-06 00:00:00,6.057198537197244,6.057198537197244,5.932246485552561,5.9738969802856445,233400,0.0,0.0
2022-04-07 00:00:00,5.985798364573573,6.075049600541154,5.985798364573573,6.009598731994629,215700,0.0,0.0
2022-04-08 00:00:00,6.039345944457676,6.051246406331764,6.009595924662963,6.021495819091797,181000,0.0,0.0
2022-04-11 00:00:00,6.009598323948719,6.009598323948719,5.914396293283101,5.938196659088135,217800,0.0,0.0
2022-04-12 00:00:00,5.950098298144755,5.991748804649179,5.938197829174581,5.944148063659668,81600,0.0,0.0
2022-04-13 00:00:00,5.966890811920166,5.98484518767057,5.93696647182995,5.966890811920166,101200,0.058,0.0
2022-04-14 00:00:00,5.97287537075209,5.978860353069716,5.9070422775361875,5.930981636047363,179600,0.0,0.0
2022-04-18 00:00:00,5.919011116027832,5.9549198615829795,5.90704115366997,5.919011116027832,147500,0.0,0.0
2022-04-19 00:00:00,5.924995868362467,6.020753860473632,5.924995868362467,6.020753860473633,111600,0.0,0.0
2022-04-20 00:00:00,6.038706997223415,6.074615737494644,5.996813276653937,6.014767646789551,185700,0.0,0.0
2022-04-21 00:00:00,6.062647935267678,6.062647935267678,5.966890508456464,5.978859901428223,86000,0.0,0.0
2022-04-22 00:00:00,5.9369647511922565,5.990828433592131,5.895071029663086,5.895071029663086,144800,0.0,0.0
2022-04-25 00:00:00,5.88908557863183,5.88908557863183,5.733479524302013,5.799312591552734,197000,0.0,0.0
2022-04-26 00:00:00,5.763405466188262,5.793329803588802,5.709541773019143,5.727496147155762,153700,0.0,0.0
2022-04-27 00:00:00,5.721511736283063,5.787344821956841,5.715526754651103,5.727496147155762,111000,0.0,0.0
2022-04-28 00:00:00,5.739465911753165,5.79332960305784,5.709541575388429,5.733480930328369,163100,0.0,0.0
2022-04-29 00:00:00,5.733479653737903,5.73946463383011,5.667646585000971,5.6796159744262695,246200,0.0,0.0
2022-05-02 00:00:00,5.577875666058466,5.7155274054714855,5.57189125450433,5.607800006866455,217000,0.0,0.0
2022-05-03 00:00:00,5.583859208491817,5.601813580043081,5.518026132297728,5.541965484619141,338400,0.0,0.0
2022-05-04 00:00:00,5.553935167038955,5.625753227774378,5.529995813460481,5.613783836364746,244100,0.0,0.0
2022-05-05 00:00:00,5.607800158296783,5.607800158296783,5.500072756782734,5.5060577392578125,127000,0.0,0.0
2022-05-06 00:00:00,5.5000715721355755,5.5000715721355755,5.4521928641661095,5.464162826538086,212500,0.0,0.0
2022-05-09 00:00:00,5.4222692547761815,5.428253665374043,5.308556892028271,5.344466209411621,322200,0.0,0.0
2022-05-10 00:00:00,5.3444668304974385,5.380375581294543,5.206815097083728,5.242724418640137,735900,0.0,0.0
2022-05-11 00:00:00,5.242722821604315,5.272647151992568,5.12302607081043,5.134995460510254,226400,0.0,0.0
2022-05-12 00:00:00,5.073535840415895,5.09763812524223,5.001228985936888,5.037382125854492,405700,0.058,0.0
2022-05-13 00:00:00,5.067509656445929,5.133791364565462,5.037381659541027,5.09763765335083,261400,0.0,0.0
2022-05-16 00:00:00,5.097637725287594,5.109688579433367,5.0494331594169966,5.073535442352295,261200,0.0,0.0
2022-05-17 00:00:00,5.091609831592864,5.157891512278007,5.07955898260507,5.139814376831055,172400,0.0,0.0
2022-05-18 00:00:00,5.13981706384494,5.163919349064323,5.109689063659759,5.133791923522949,256500,0.0,0.0
2022-05-19 00:00:00,5.133790900431028,5.169944033733391,5.097637192484972,5.157893180847168,291600,0.0,0.0
2022-05-20 00:00:00,5.181995461263308,5.181995461263308,5.109688045371195,5.157893180847168,183300,0.0,0.0
2022-05-23 00:00:00,5.188020600384573,5.188020600384573,5.127765186666069,5.157893180847168,230700,0.0,0.0
2022-05-24 00:00:00,5.169943477548293,5.175969190665002,5.097636644078679,5.151866912841797,206000,0.0,0.0
2022-05-25 00:00:00,5.127766208557151,5.175970778995919,5.109689063659759,5.133791923522949,168400,0.0,0.0
2022-05-26 00:00:00,5.1277663840546515,5.254303529448093,5.1277663840546515,5.2000732421875,213700,0.0,0.0
2022-05-27 00:00:00,5.218149665621228,5.350712522441141,5.218149665621228,5.278405666351318,375700,0.0,0.0
2022-05-31 00:00:00,5.272378366694113,5.284429793075503,5.230199523646525,5.266352653503418,186800,0.0,0.0
2022-06-01 00:00:00,5.296482962189847,5.320585250854492,5.2543041006876905,5.320585250854492,171600,0.0,0.0
2022-06-02 00:00:00,5.338658332824708,5.350709756598732,5.290453787015634,5.338658332824707,139800,0.0,0.0
2022-06-03 00:00:00,5.278405367336982,5.3326356499932315,5.27237965267656,5.314558506011963,155000,0.0,0.0
2022-06-06 00:00:00,5.314557561202144,5.3627621206282745,5.296480995078264,5.3446855545043945,355600,0.0,0.0
2022-06-07 00:00:00,5.308532680278372,5.398916089934541,5.308532680278372,5.38686466217041,102400,0.0,0.0
2022-06-08 00:00:00,5.3507112856446915,5.404941558837891,5.338659858426791,5.404941558837891,165600,0.0,0.0
2022-06-09 00:00:00,5.404940447567244,5.404940447567244,5.356735897893983,5.392889022827148,139200,0.0,0.0
2022-06-10 00:00:00,5.356738017141629,5.398916871131758,5.296482018889627,5.380840301513672,160000,0.0,0.0
2022-06-13 00:00:00,5.3266073315244515,5.3266073315244515,5.218146819230764,5.248274803161621,254600,0.0,0.0
2022-06-14 00:00:00,5.259195332938732,5.301656932141396,5.234931479323509,5.283459186553955,175100,0.058,0.0
2022-06-15 00:00:00,5.319855730269449,5.356251224687483,5.204601981455117,5.234931945800781,403100,0.0,0.0
2022-06-16 00:00:00,5.137876814205129,5.156074562446653,4.94983148738943,4.974095344543457,430500,0.0,0.0
2022-06-17 00:00:00,4.980159509578144,5.028687204944654,4.961961768439642,5.010489463806152,155800,0.0,0.0
2022-06-21 00:00:00,5.046886440162956,5.083282511710408,5.022622585296631,5.022622585296631,88800,0.0,0.0
2022-06-22 00:00:00,5.022622799024596,5.040821124820683,4.986227304424335,5.028688907623291,211200,0.0,0.0
2022-06-23 00:00:00,5.034753049487168,5.059016895907763,5.004423096837492,5.016555309295654,91000,0.0,0.0
2022-06-24 00:00:00,5.0226223279285716,5.077216143204301,5.016556798394747,5.052952289581299,192500,0.0,0.0
2022-06-27 00:00:00,5.077216888644477,5.077216888644477,5.028689174273604,5.071150779724121,189600,0.0,0.0
2022-06-28 00:00:00,5.083282997564833,5.095414636909558,5.05295303145904,5.071150779724121,145000,0.0,0.0
2022-06-29 00:00:00,5.077215609123184,5.083281716514805,5.022621799590272,5.040820121765137,105700,0.0,0.0
2022-06-30 00:00:00,5.028689122948884,5.06508519760356,4.94983144327707,5.059019088745117,296200,0.0,0.0
2022-07-01 00:00:00,5.052950826536907,5.101478519732077,5.016555345888397,5.089346885681152,87300,0.0,0.0
2022-07-05 00:00:00,5.065084505640751,5.089348359263752,5.010490690365022,5.052952289581299,89900,0.0,0.0
2022-07-06 00:00:00,5.059019566013957,5.089349534671525,5.016557956990983,5.034755706787109,64500,0.0,0.0
2022-07-07 00:00:00,5.065084457397461,5.065084457397461,5.016556750613669,5.065084457397461,134500,0.0,0.0
2022-07-08 00:00:00,5.077216362411496,5.089348578994753,5.0347547613619525,5.083282470703125,140100,0.0,0.0
2022-07-11 00:00:00,5.065083972835782,5.077215609123184,4.998357948519627,5.040820121765137,269500,0.0,0.0
2022-07-12 00:00:00,5.059019140379396,5.113612963670625,5.022623065353248,5.071150779724121,196900,0.0,0.0
2022-07-13 00:00:00,5.0408213921143155,5.107546854750269,5.0347552831939595,5.071150779724121,168700,0.0,0.0
2022-07-14 00:00:00,5.056476904800921,5.080933842177856,5.007562446947669,5.068705081939697,166900,0.066,0.0
2022-07-15 00:00:00,5.080932548634309,5.142074584960938,5.0197899292084465,5.1420745849609375,746300,0.0,0.0
2022-07-18 00:00:00,5.154305483442647,5.154305483442647,5.019792014681652,5.038134574890137,166200,0.0,0.0
2022-07-19 00:00:00,5.074819232592373,5.105390548706055,5.050362296321299,5.105390548706055,117100,0.0,0.0
2022-07-20 00:00:00,5.105389166389613,5.142074269313822,5.0992747882025125,5.129846096038818,115500,0.0,0.0
2022-07-21 00:00:00,5.111502881192085,5.30104452032073,5.093160330018083,5.2827019691467285,264300,0.0,0.0
2022-07-22 00:00:00,5.28881652465808,5.33773039022191,5.203217551471015,5.22767448425293,218400,0.0,0.0
2022-07-25 00:00:00,5.258246610174918,5.28881734356133,5.172647040634621,5.197103977203369,159900,0.0,0.0
2022-07-26 00:00:00,5.184875896926164,5.227675978855596,5.1787620993071934,5.209333419799805,47400,0.0,0.0
2022-07-27 00:00:00,5.221561470552389,5.270475348905619,5.203218911944784,5.246018409729004,85300,0.0,0.0
2022-07-28 00:00:00,5.24601768534373,5.337731048817134,5.209332573194107,5.325502872467041,134500,0.0,0.0
2022-07-29 00:00:00,5.374416023778046,5.411101714110338,5.325502158734501,5.404987335205078,177000,0.0,0.0
2022-08-01 00:00:00,5.404986867997779,5.447786350436474,5.331616076774636,5.362187385559082,170200,0.0,0.0
2022-08-02 00:00:00,5.362188590564947,5.441673194927606,5.349959831063401,5.392759323120117,141500,0.0,0.0
2022-08-03 00:00:00,5.429444209008812,5.441672383587821,5.392758519073267,5.423329830169678,99200,0.0,0.0
2022-08-04 00:00:00,5.41721752351186,5.447788846302341,5.3866467838208605,5.41110372543335,64500,0.0,0.0
2022-08-05 00:00:00,5.39887300136709,5.460015624731543,5.386644826553761,5.429444313049316,99200,0.0,0.0
2022-08-08 00:00:00,5.460016232162161,5.5028157234191895,5.417216157805797,5.5028157234191895,99100,0.0,0.0
2022-08-09 00:00:00,5.4967010743309155,5.5150442123413095,5.441672826498349,5.515044212341309,82000,0.0,0.0
2022-08-10 00:00:00,5.533387225713076,5.582301098261532,5.515044669282244,5.557844161987305,188400,0.0,0.0
2022-08-11 00:00:00,5.625100299672465,5.6495572346801985,5.570072050130236,5.612872123718262,172800,0.0,0.0
2022-08-12 00:00:00,5.6473585899750525,5.665833971467119,5.530346470107788,5.653517246246338,167900,0.066,0.0
2022-08-15 00:00:00,5.647359700616262,5.647359700616262,5.573457572792201,5.628884315490723,47900,0.0,0.0
2022-08-16 00:00:00,5.622725804771449,5.647359848022461,5.610408489484982,5.647359848022461,63200,0.0,0.0
2022-08-17 00:00:00,5.641201178054371,5.641201178054371,5.579616363722348,5.616567134857178,123200,0.0,0.0
2022-08-18 00:00:00,5.635042532735995,5.647359848022461,5.604250419163669,5.647359848022461,70100,0.0,0.0
2022-08-19 00:00:00,5.628885253275744,5.628885253275744,5.561141184325945,5.567299842834473,62600,0.0,0.0
2022-08-22 00:00:00,5.542665497196432,5.542665497196432,5.468763361045783,5.499556064605713,87400,0.0,0.0
2022-08-23 00:00:00,5.499554789335566,5.499554789335566,5.4564447794194875,5.474920749664307,70300,0.0,0.0
2022-08-24 00:00:00,5.493395823835316,5.554981213213023,5.493395823835316,5.52418851852417,41400,0.0,0.0
2022-08-25 00:00:00,5.518030299773616,5.554981653795323,5.493396259533093,5.505712985992432,47800,0.0,0.0
2022-08-26 00:00:00,5.530347526352306,5.536506183799836,5.413335971458719,5.41949462890625,89000,0.0,0.0
2022-08-29 00:00:00,5.419493653671546,5.456444417063663,5.401018271975488,5.43181037902832,41400,0.0,0.0
2022-08-30 00:00:00,5.388701249708493,5.419493945742621,5.3332745143114275,5.351749897003174,362900,0.0,0.0
2022-08-31 00:00:00,5.351751660600128,5.370227636702206,5.327117613119375,5.333276271820068,62200,0.0,0.0
2022-09-01 00:00:00,5.345590217183403,5.382540971434712,5.277846188853256,5.302480220794678,243000,0.0,0.0
2022-09-02 00:00:00,5.308640347628081,5.357908425172329,5.308640347628081,5.320957660675049,124300,0.0,0.0
2022-09-06 00:00:00,5.314797530426214,5.339431562367635,5.284004843669024,5.302480220794678,149400,0.0,0.0
2022-09-07 00:00:00,5.308640474948491,5.351749897003174,5.271689709564998,5.351749897003174,69300,0.0,0.0
2022-09-08 00:00:00,5.308641286700928,5.35790937296046,5.290165901184082,5.290165901184082,143400,0.0,0.0
2022-09-09 00:00:00,5.302483260959338,5.370227328130366,5.302483260959338,5.339434623718262,70900,0.0,0.0
2022-09-12 00:00:00,5.388701249708493,5.4071766324002395,5.3332745143114275,5.351749897003174,63200,0.0,0.0
2022-09-13 00:00:00,5.3209561852419816,5.345590217183403,5.271688121359138,5.302480220794678,83300,0.0,0.0
2022-09-14 00:00:00,5.324825679328677,5.324825679328677,5.256558895902024,5.275177001953125,75600,0.066,0.0
2022-09-15 00:00:00,5.250349601716179,5.268967696910821,5.194494724273682,5.194494724273682,176500,0.0,0.0
2022-09-16 00:00:00,5.132435804507097,5.1696720064670245,5.120023342614614,5.1510539054870605,192500,0.0,0.0
2022-09-19 00:00:00,5.1510539054870605,5.1696720064670245,5.132435804507097,5.1510539054870605,142200,0.0,0.0
2022-09-20 00:00:00,5.15105334111724,5.157259571383502,5.107610321112102,5.138640880584717,156700,0.0,0.0
2022-09-21 00:00:00,5.163465769623266,5.188290101521118,5.120023336766715,5.1324357986450195,223100,0.0,0.0
2022-09-22 00:00:00,5.151054883384198,5.151054883384198,5.076581873467324,5.08278751373291,274100,0.0,0.0
2022-09-23 00:00:00,5.0703748644083015,5.076581095581777,4.98348940355599,5.002108097076416,314800,0.0,0.0
2022-09-26 00:00:00,4.977283008951688,5.057961634528975,4.977283008951688,4.995901107788086,245200,0.0,0.0
2022-09-27 00:00:00,5.008313171736649,5.039343732246753,4.977283203085259,4.989695072174072,132100,0.0,0.0
2022-09-28 00:00:00,4.9896965892667,5.07037583437961,4.9896965892667,5.0393452644348145,111700,0.0,0.0
2022-09-29 00:00:00,4.995902164278721,5.0145202670523155,4.940047264099121,4.940047264099121,467700,0.0,0.0
2022-09-30 00:00:00,4.940046703153101,5.033137798309326,4.940046703153101,5.033137798309326,377100,0.0,0.0
2022-10-03 00:00:00,5.10140697001073,5.10140697001073,5.002109608663586,5.051758289337158,324700,0.0,0.0
2022-10-04 00:00:00,5.1014052358080155,5.144847668664567,5.082786542990558,5.1324357986450195,170600,0.0,0.0
2022-10-05 00:00:00,5.107611179351807,5.12622987327912,5.057962512596558,5.107611179351807,118100,0.0,0.0
2022-10-06 00:00:00,5.120023641970016,5.138641744038535,5.070374975214767,5.107611179351807,125800,0.0,0.0
2022-10-07 00:00:00,5.088994703047705,5.095200936339494,5.026934145706759,5.0455522537231445,77200,0.0,0.0
2022-10-10 00:00:00,5.045549970054103,5.051756200536887,4.977283210319622,5.008313179016113,123100,0.0,0.0
2022-10-11 00:00:00,5.014519967564586,5.039344300399706,4.97107753306782,5.002108097076416,166000,0.0,0.0
2022-10-12 00:00:00,4.97107735600885,4.989695457007358,4.952458959080961,4.958664894104004,94400,0.0,0.0
2022-10-13 00:00:00,4.918616276843801,4.962420555786295,4.8873272504040735,4.956162929534912,136000,0.066,0.0
2022-10-14 00:00:00,4.962419615462714,4.993708635973519,4.906099796295166,4.906099796295166,100300,0.0,0.0
2022-10-17 00:00:00,4.956161410887304,4.99370805207352,4.937387941097107,4.94990348815918,92100,0.0,0.0
2022-10-18 00:00:00,5.012481517489523,5.012481517489523,4.949903483839595,4.9749345779418945,113100,0.0,0.0
2022-10-19 00:00:00,4.974935051428101,5.006224071230978,4.937388406701174,4.98745059967041,251800,0.0,0.0
2022-10-20 00:00:00,4.962419665764718,5.062544353377686,4.962419665764718,5.037513256072998,215600,0.0,0.0
2022-10-21 00:00:00,5.018741394061997,5.0813188552856445,4.987452066661583,5.0813188552856445,297100,0.0,0.0
2022-10-24 00:00:00,5.037512394049149,5.075058735186999,5.018739223480225,5.018739223480225,136900,0.0,0.0
2022-10-25 00:00:00,4.9999656764074665,5.037512615987861,4.931130316763161,4.94990348815918,410800,0.0,0.0
2022-10-26 00:00:00,4.937388906176232,4.9811934786527665,4.887326708142615,4.912357807159424,329600,0.0,0.0
2022-10-27 00:00:00,4.918615341186523,4.937388514763764,4.881068695637828,4.918615341186523,313300,0.0,0.0
2022-10-28 00:00:00,4.8873272504040735,4.974936106683332,4.8810696241526905,4.956162929534912,277500,0.0,0.0
2022-10-31 00:00:00,4.9436458595111095,4.9749345779418945,4.912356842686145,4.9749345779418945,188400,0.0,0.0
2022-11-01 00:00:00,5.0187390485867365,5.0187390485867365,4.931129927670878,4.981192111968994,295400,0.0,0.0
2022-11-02 00:00:00,4.974935128053784,5.056286342078897,4.962419579618706,5.03125524520874,189900,0.0,0.0
2022-11-03 00:00:00,5.0312568316924855,5.068803787231445,5.006225726929383,5.068803787231445,241500,0.0,0.0
2022-11-04 00:00:00,5.150153237834717,5.1814422607421875,5.093833712747437,5.1814422607421875,224200,0.0,0.0
2022-11-07 00:00:00,5.218989676364627,5.218989676364627,5.15641162492885,5.2064738273620605,174500,0.0,0.0
2022-11-08 00:00:00,5.206474011965647,5.218989861411982,5.156411807757404,5.193958759307861,163300,0.0,0.0
2022-11-09 00:00:00,5.193957733006682,5.193957733006682,5.1126065180457605,5.137637615203857,132700,0.0,0.0
2022-11-10 00:00:00,5.200215634420292,5.2377619816038505,5.168926613908374,5.212730884552002,243300,0.0,0.0
2022-11-11 00:00:00,5.2252452080252745,5.237760454508101,5.137636095492474,5.15640926361084,180800,0.0,0.0
2022-11-14 00:00:00,5.172198918426268,5.178514324489357,5.121676874462101,5.140623092651367,187800,0.075,0.0
2022-11-15 00:00:00,5.178513863616482,5.235351308585369,5.178513863616482,5.222721099853516,153900,0.0,0.0
2022-11-16 00:00:00,5.235350395097679,5.247981203895869,5.184828364445141,5.2037739753723145,239000,0.0,0.0
2022-11-17 00:00:00,5.191145771097944,5.197460575662582,5.153253932358392,5.1785149574279785,93100,0.0,0.0
2022-11-18 00:00:00,5.216406121410889,5.24798254923096,5.191145099608886,5.229036331176758,210000,0.0,0.0
2022-11-21 00:00:00,5.229035121700457,5.241665930815085,5.197458701184015,5.216404914855957,189400,0.0,0.0
2022-11-22 00:00:00,5.241666905524851,5.29850435256958,5.235351499793161,5.29850435256958,119000,0.0,0.0
2022-11-23 00:00:00,5.361656201976451,5.361656201976451,5.298503956194618,5.317449569702148,185200,0.0,0.0
2022-11-25 00:00:00,5.31744996749441,5.3363955824192395,5.29218894683789,5.29850435256958,45900,0.0,0.0
2022-11-28 00:00:00,5.304818759183665,5.3553407967172095,5.285873145676135,5.317449569702148,115500,0.0,0.0
2022-11-29 00:00:00,5.298504779922049,5.361657035521793,5.292189373680989,5.304819583892822,226200,0.0,0.0
2022-11-30 00:00:00,5.292188366627028,5.367971420288086,5.266927348740008,5.367971420288086,130500,0.0,0.0
2022-12-01 00:00:00,5.405864111350596,5.462700958968294,5.38691789320776,5.393233299255371,176500,0.0,0.0
2022-12-02 00:00:00,5.3679728277368115,5.437440494572557,5.349027209921669,5.412179470062256,225100,0.0,0.0
2022-12-05 00:00:00,5.405864712474234,5.405864712474234,5.304820011287239,5.323766231536865,168200,0.0,0.0
2022-12-06 00:00:00,5.317450239854146,5.323765645909312,5.254297383843039,5.266928195953369,131000,0.0,0.0
2022-12-07 00:00:00,5.2795581353745105,5.3363955824192395,5.247982311256541,5.29850435256958,143000,0.0,0.0
2022-12-08 00:00:00,5.285874643115367,5.317451076086691,5.254298210144043,5.254298210144043,74700,0.0,0.0
2022-12-09 00:00:00,5.241667064553247,5.266928085976168,5.203775231283736,5.210090637207031,84600,0.0,0.0
2022-12-12 00:00:00,5.229035121700457,5.266926946774213,5.1216756533066325,5.216404914855957,208800,0.0,0.0
2022-12-13 00:00:00,5.273242565293421,5.304818384820924,5.203774316884548,5.247981548309326,243500,0.0,0.0
2022-12-14 00:00:00,5.257541499662201,5.283032585653377,5.1874411651253265,5.225677490234375,387200,0.075,0.0
2022-12-15 00:00:00,5.219303607940674,5.251167611514649,5.1938125266325565,5.219303607940674,225300,0.0,0.0
2022-12-16 00:00:00,5.219304419972714,5.232050266487461,5.181068095939297,5.206559181213379,192700,0.0,0.0
2022-12-19 00:00:00,5.206559206036031,5.206559206036031,5.0599853130724055,5.085476398468018,386200,0.0,0.0
2022-12-20 00:00:00,5.0599853130724055,5.123713026561436,5.0599853130724055,5.085476398468018,324600,0.0,0.0
2022-12-21 00:00:00,5.091849153383037,5.14920424898836,5.085476533803399,5.142831325531006,163300,0.0,0.0
2022-12-22 00:00:00,5.13645836647139,5.193812847137451,5.117339598494014,5.193812847137451,198900,0.0,0.0
2022-12-23 00:00:00,5.212931615114827,5.2447950128997425,5.181067609574556,5.193812847137451,150500,0.0,0.0
2022-12-27 00:00:00,5.187441995072814,5.200187236229819,5.104595800407936,5.117341041564941,304700,0.0,0.0
2022-12-28 00:00:00,5.098222104277577,5.123713190488747,5.053612551469169,5.072731018066406,278400,0.0,0.0
2022-12-29 00:00:00,5.079102850628358,5.117339474020009,5.072730232001917,5.11096715927124,198800,0.0,0.0
2022-12-30 00:00:00,5.123711584579287,5.161948505789278,5.040865428420345,5.047238349914551,468300,0.0,0.0
2023-01-03 00:00:00,5.104595184326172,5.149204434625018,5.085476717142575,5.104595184326172,501400,0.0,0.0
2023-01-04 00:00:00,5.14920425929966,5.155577182769775,5.104595010519715,5.155577182769775,268200,0.0,0.0
2023-01-05 00:00:00,5.130086236816806,5.168322563171387,5.104595149995268,5.168322563171387,338900,0.0,0.0
2023-01-06 00:00:00,5.200187214647447,5.21293306350708,5.161950883579597,5.21293306350708,210800,0.0,0.0
2023-01-09 00:00:00,5.232049452472391,5.257540533780508,5.200185448898416,5.219303607940674,220900,0.0,0.0
2023-01-10 00:00:00,5.219303775750603,5.257540702819824,5.219303775750603,5.257540702819824,155200,0.0,0.0
2023-01-11 00:00:00,5.257542431645337,5.321270461797798,5.257542431645337,5.314897537231445,299300,0.0,0.0
2023-01-12 00:00:00,5.343832853971194,5.369555248617916,5.298818203386735,5.356693744659424,158700,0.075,0.0
2023-01-13 00:00:00,5.356693853153831,5.401707891379742,5.337402210095623,5.382416248321533,267400,0.0,0.0
2023-01-17 00:00:00,5.401708976414854,5.401708976414854,5.337403282213724,5.375986576080322,221200,0.0,0.0
2023-01-18 00:00:00,5.4081407115415985,5.42100222067878,5.324542741961452,5.337404251098633,273800,0.0,0.0
2023-01-19 00:00:00,5.311681142797771,5.363125945993889,5.298819635363527,5.318111896514893,288700,0.0,0.0
2023-01-20 00:00:00,5.3502641757457905,5.388848082882787,5.318111635280425,5.375986576080322,863100,0.0,0.0
2023-01-23 00:00:00,5.375986797416545,5.4081399524760965,5.356695149688985,5.388848304748535,213300,0.0,0.0
2023-01-24 00:00:00,5.414571512394217,5.466016322841674,5.330973542099471,5.433863162994385,155400,0.0,0.0
2023-01-25 00:00:00,5.421001459808086,5.433862353869652,5.382417551082541,5.388848304748535,158100,0.0,0.0
2023-01-26 00:00:00,5.421002485402644,5.472447297922552,5.401710220754772,5.446724891662598,227800,0.0,0.0
2023-01-27 00:00:00,5.466016322841674,5.466016322841674,5.408140757770656,5.433863162994385,267300,0.0,0.0
2023-01-30 00:00:00,5.433862914186974,5.472446826891131,5.414571264470138,5.453154563903809,104800,0.0,0.0
2023-01-31 00:00:00,5.491738439704381,5.530322352149262,5.472446790117182,5.478877544403076,230800,0.0,0.0
2023-02-01 00:00:00,5.517460694862048,5.523891448974609,5.453154380277361,5.523891448974609,178700,0.0,0.0
2023-02-02 00:00:00,5.5496136037087025,5.5881969001158405,5.504599553476896,5.543182849884033,220400,0.0,0.0
2023-02-03 00:00:00,5.5238916480849225,5.594628106061421,5.5238916480849225,5.575336456298828,144000,0.0,0.0
2023-02-06 00:00:00,5.530322809531732,5.556045215532183,5.51746129989624,5.51746129989624,170200,0.0,0.0
2023-02-07 00:00:00,5.530321559096898,5.6139188997436635,5.530321559096898,5.601058006286621,166100,0.0,0.0
2023-02-08 00:00:00,5.607489109039307,5.633211510826488,5.588196847746096,5.607489109039307,112800,0.0,0.0
2023-02-09 00:00:00,5.626780430690782,5.633211184082181,5.568904876708984,5.568904876708984,163800,0.0,0.0
2023-02-10 00:00:00,5.581767559051514,5.59462845527251,5.556045153338994,5.581767559051514,89300,0.0,0.0
2023-02-13 00:00:00,5.613919984594147,5.620350739200564,5.562475174283839,5.59462833404541,164400,0.0,0.0
2023-02-14 00:00:00,5.5654400180597845,5.604359451556809,5.552467285963049,5.584899425506592,84700,0.075,0.0
2023-02-15 00:00:00,5.571926693409857,5.6238188590036176,5.571926693409857,5.584899425506592,70400,0.0,0.0
2023-02-16 00:00:00,5.578411033942892,5.610843159912125,5.552464962005615,5.552464962005615,45000,0.0,0.0
2023-02-17 00:00:00,5.552464335650548,5.591383129864589,5.545977663747181,5.571923732757568,53300,0.0,0.0
2023-02-21 00:00:00,5.565437554209645,5.597870297998441,5.435707197657593,5.4486799240112305,119000,0.0,0.0
2023-02-22 00:00:00,5.468140469161996,5.494086542976393,5.390302247718807,5.416248321533203,194500,0.0,0.0
2023-02-23 00:00:00,5.448680143971176,5.487599561809512,5.4227340716133385,5.455166816711426,145900,0.0,0.0
2023-02-24 00:00:00,5.448680712311414,5.52651955610729,5.442194657497778,5.52003288269043,87400,0.0,0.0
2023-02-27 00:00:00,5.545978803516001,5.565438204622175,5.500572709463987,5.539492130279541,142200,0.0,0.0
2023-02-28 00:00:00,5.558953430642922,5.558953430642922,5.487601856473693,5.500574588775635,162300,0.0,0.0
2023-03-01 00:00:00,5.526521726103751,5.565440544679992,5.481115612960179,5.513548374176025,240300,0.0,0.0
2023-03-02 00:00:00,5.481114822854987,5.500574229338025,5.455168741343142,5.494088172912598,152200,0.0,0.0
2023-03-03 00:00:00,5.487600326538086,5.49408700018229,5.461654250564513,5.487600326538086,118700,0.0,0.0
2023-03-06 00:00:00,5.513547679785586,5.513547679785586,5.487601597801319,5.507061004638672,67500,0.0,0.0
2023-03-07 00:00:00,5.494088272948233,5.5200343549325,5.487601597801319,5.507061004638672,120600,0.0,0.0
2023-03-08 00:00:00,5.487600326538086,5.513546402511658,5.4681409242087184,5.487600326538086,129300,0.0,0.0
2023-03-09 00:00:00,5.494086319957636,5.526519065559903,5.409761428833008,5.409761428833008,167300,0.0,0.0
2023-03-10 00:00:00,5.422735053621446,5.422735053621446,5.2605719173678995,5.273545265197754,305400,0.0,0.0
2023-03-13 00:00:00,5.2605710754862836,5.2605710754862836,5.091921601609459,5.104894638061523,476300,0.0,0.0
2023-03-14 00:00:00,5.1802077293396,5.219501303719149,5.154012013086566,5.1802077293396,255300,0.075,0.0
2023-03-15 00:00:00,5.121266672917278,5.193304724503898,5.114717588803484,5.16710901260376,385600,0.0,0.0
2023-03-16 00:00:00,5.127816677093506,5.173659340074622,5.127816677093506,5.127816677093506,257600,0.0,0.0
2023-03-17 00:00:00,5.140915023827018,5.140915023827018,5.036132141105512,5.062327861785889,288300,0.0,0.0
2023-03-20 00:00:00,5.140912807703886,5.154010662397906,5.068874450748033,5.101619243621826,322500,0.0,0.0
2023-03-21 00:00:00,5.140914802474349,5.219501961131746,5.134366028725037,5.199855327606201,331100,0.0,0.0
2023-03-22 00:00:00,5.232598964411101,5.337381825469603,5.193305391514162,5.317735195159912,517700,0.0,0.0
2023-03-23 00:00:00,5.357030216814532,5.357030216814532,5.2391491608379965,5.252247333526611,213000,0.0,0.0
2023-03-24 00:00:00,5.291538715362549,5.343930138322175,5.271892087891445,5.291538715362549,732400,0.0,0.0
2023-03-27 00:00:00,5.3111866671927634,5.350480556488037,5.278442488094415,5.350480556488037,204400,0.0,0.0
2023-03-28 00:00:00,5.363579249149722,5.370128336190683,5.3046393394470215,5.3046393394470215,111700,0.0,0.0
2023-03-29 00:00:00,5.3635774214358065,5.3635774214358065,5.317735076881132,5.357028961181641,129000,0.0,0.0
2023-03-30 00:00:00,5.402871539019535,5.448713885553574,5.370126738114451,5.389773368835449,162000,0.0,0.0
2023-03-31 00:00:00,5.389773354913414,5.435616325884169,5.370126724243164,5.370126724243164,282300,0.0,0.0
2023-04-03 00:00:00,5.422519917998234,5.605890612364624,5.396324193739511,5.560047626495361,778300,0.0,0.0
2023-04-04 00:00:00,5.58624085083365,5.6451813601779115,5.494556169235955,5.507653713226318,335500,0.0,0.0
2023-04-05 00:00:00,5.488008821338245,5.501106369472598,5.376676851697623,5.422519207000732,237900,0.0,0.0
2023-04-06 00:00:00,5.448714505545782,5.474910224339553,5.402872153795485,5.415970325469971,103200,0.0,0.0
2023-04-10 00:00:00,5.415969200284586,5.481458171385862,5.415969200284586,5.461811542510986,132200,0.0,0.0
2023-04-11 00:00:00,5.488010215384197,5.691026947200667,5.481461127375818,5.553499221801758,343200,0.0,0.0
2023-04-12 00:00:00,5.56659582655993,5.592791546643886,5.527301934156382,5.573144912719727,203400,0.0,0.0
2023-04-13 00:00:00,5.596268244972044,5.662339508802492,5.576446298725458,5.622696876525879,193000,0.075,0.0
2023-04-14 00:00:00,5.6160900153456925,5.655733280936975,5.556625432012934,5.583054065704346,122800,0.0,0.0
2023-04-17 00:00:00,5.569840083264704,5.635911352668626,5.510375499725342,5.510375499725342,301000,0.0,0.0
2023-04-18 00:00:00,5.50376818375245,5.5301968175356855,5.50376818375245,5.510375499725342,191300,0.0,0.0
2023-04-19 00:00:00,5.51037432811786,5.543410270849934,5.490553014521894,5.503767013549805,98100,0.0,0.0
2023-04-20 00:00:00,5.497162139828324,5.530198097229004,5.497162139828324,5.530198097229004,61100,0.0,0.0
2023-04-21 00:00:00,5.503768749774545,5.51037606642695,5.431090156923273,5.464126110076904,246000,0.0,0.0
2023-04-24 00:00:00,5.45751937627649,5.503769337565938,5.45751937627649,5.4773406982421875,120400,0.0,0.0
2023-04-25 00:00:00,5.450910957940737,5.470732275902915,5.378232372007195,5.384839057922363,287700,0.0,0.0
2023-04-26 00:00:00,5.358410530630262,5.431089748119287,5.351803844583545,5.378232479095459,119800,0.0,0.0
2023-04-27 00:00:00,5.3650177399601855,5.398053689969373,5.338589105974504,5.384839057922363,119000,0.0,0.0
2023-04-28 00:00:00,5.325374780576527,5.384838730851263,5.312160149332164,5.365017414093018,395900,0.0,0.0
2023-05-01 00:00:00,5.384840026094977,5.437697303569868,5.378233338991954,5.424483299255371,192800,0.0,0.0
2023-05-02 00:00:00,5.391447423370919,5.411268745191243,5.312161505981166,5.338590145111084,206900,0.0,0.0
2023-05-03 00:00:00,5.325375818191313,5.365018459431914,5.30555386746259,5.318768501281738,154000,0.0,0.0
2023-05-04 00:00:00,5.325374302517487,5.325374302517487,5.246088097439582,5.27251672744751,409400,0.0,0.0
2023-05-05 00:00:00,5.318768669608075,5.378233263459311,5.298947348360477,5.3584113121032715,266300,0.0,0.0
2023-05-08 00:00:00,5.365018784241001,5.391447423370919,5.305554188671572,5.338590145111084,183500,0.0,0.0
2023-05-09 00:00:00,5.312160752651893,5.325375385397086,5.292339433642475,5.305553436279297,223400,0.0,0.0
2023-05-10 00:00:00,5.331982504992465,5.35841114252234,5.298947180661438,5.318768501281738,158000,0.0,0.0
2023-05-11 00:00:00,5.298946446241706,5.338589081987943,5.298946446241706,5.325375080108643,189900,0.0,0.0
2023-05-12 00:00:00,5.342048168182373,5.342048168182373,5.308701923526743,5.342048168182373,119800,0.075,0.0
2023-05-15 00:00:00,5.342048904476333,5.368725776672363,5.308702655224593,5.368725776672363,162000,0.0,0.0
2023-05-16 00:00:00,5.3353799335937095,5.348718688720583,5.308703059366815,5.328710556030273,175700,0.0,0.0
2023-05-17 00:00:00,5.328708794654517,5.355385660063519,5.315370361950016,5.335378170013428,134800,0.0,0.0
2023-05-18 00:00:00,5.315371396991727,5.348717962266408,5.275356091086199,5.295363903045654,234300,0.0,0.0
2023-05-19 00:00:00,5.30203413855383,5.308703516691808,5.262018823766319,5.268688201904297,222800,0.0,0.0
2023-05-22 00:00:00,5.2953643651512285,5.3153718608432765,5.27535655144577,5.302033424377441,148800,0.0,0.0
2023-05-23 00:00:00,5.275357083155164,5.288695520965397,5.201995834205609,5.208664894104004,209200,0.0,0.0
2023-05-24 00:00:00,5.201995098506451,5.235341029309318,5.181987285614014,5.181987285614014,228300,0.0,0.0
2023-05-25 00:00:00,5.188657010860175,5.208664507082176,5.168649196624756,5.168649196624756,156700,0.0,0.0
2023-05-26 00:00:00,5.161979601790385,5.208664287697766,5.161979601790385,5.19532585144043,162800,0.0,0.0
2023-05-30 00:00:00,5.188656806945801,5.208664302381506,5.168648993496689,5.188656806945801,301000,0.0,0.0
2023-05-31 00:00:00,5.181987558824904,5.201995372772217,5.16197974487759,5.201995372772217,256000,0.0,0.0
2023-06-01 00:00:00,5.215333447412163,5.235340941957377,5.175318140308343,5.2220025062561035,322000,0.0,0.0
2023-06-02 00:00:00,5.215333447412163,5.24867937765865,5.20866407055483,5.2220025062561035,227100,0.0,0.0
2023-06-05 00:00:00,5.222002043176855,5.242009853961199,5.208663608658414,5.215332984924316,168100,0.0,0.0
2023-06-06 00:00:00,5.222003239597235,5.268687930114456,5.222003239597235,5.248680114746094,221400,0.0,0.0
2023-06-07 00:00:00,5.248678220276183,5.268686028422881,5.242009162902832,5.242009162902832,256300,0.0,0.0
2023-06-08 00:00:00,5.262016296386719,5.268685671321355,5.2420088076094125,5.262016296386719,191300,0.0,0.0
2023-06-09 00:00:00,5.268685671321355,5.282024103177325,5.2420088076094125,5.262016296386719,229900,0.0,0.0
2023-06-12 00:00:00,5.288694526388042,5.295363903045654,5.255348597140126,5.295363903045654,294900,0.0,0.0
2023-06-13 00:00:00,5.302033309314248,5.302033309314248,5.275356436961511,5.2820258140563965,502500,0.0,0.0
2023-06-14 00:00:00,5.298856819595618,5.325788722229746,5.238260199195631,5.251726150512695,357800,0.075,0.0
2023-06-15 00:00:00,5.251727507575119,5.278659417168535,5.251727507575119,5.265193462371826,271400,0.0,0.0
2023-06-16 00:00:00,5.278659820556641,5.298858593768422,5.278659820556641,5.278659820556641,226300,0.0,0.0
2023-06-20 00:00:00,5.278659417168535,5.278659417168535,5.251727507575119,5.265193462371826,266300,0.0,0.0
2023-06-21 00:00:00,5.251726823724471,5.278658729810965,5.244993686676025,5.244993686676025,219600,0.0,0.0
2023-06-22 00:00:00,5.2517266100076725,5.285391330718994,5.244993473233229,5.285391330718994,281600,0.0,0.0
2023-06-23 00:00:00,5.2853919011323995,5.2853919011323995,5.2382612228393555,5.2382612228393555,191200,0.0,0.0
2023-06-26 00:00:00,5.258459501408246,5.258459501408246,5.211328506469727,5.211328506469727,300200,0.0,0.0
2023-06-27 00:00:00,5.211328239963783,5.244993280491624,5.197862287963371,5.231527328491211,590100,0.0,0.0
2023-06-28 00:00:00,5.25846077472873,5.298858642578125,5.238262001330891,5.298858642578125,293600,0.0,0.0
2023-06-29 00:00:00,5.298858642578125,5.319057737029679,5.292125825130083,5.298858642578125,228500,0.0,0.0
2023-06-30 00:00:00,5.339255476938004,5.345988614136465,5.312323570251465,5.312323570251465,159100,0.0,0.0
2023-07-03 00:00:00,5.352720260620117,5.359453396347273,5.332521495545815,5.352720260620117,228400,0.0,0.0
2023-07-05 00:00:00,5.366188073104056,5.366188073104056,5.332523345947266,5.332523345947266,245800,0.0,0.0
2023-07-06 00:00:00,5.312323996174682,5.3257899505976045,5.285392087328838,5.292125225067139,237600,0.0,0.0
2023-07-07 00:00:00,5.3055906823840955,5.339255404760354,5.3055906823840955,5.325789451599121,240700,0.0,0.0
2023-07-10 00:00:00,5.386386663731854,5.386386663731854,5.345988802280305,5.366187572479248,190100,0.0,0.0
2023-07-11 00:00:00,5.379654407501221,5.399853823116221,5.372921590016603,5.379654407501221,150300,0.0,0.0
2023-07-12 00:00:00,5.40658712387085,5.426786542490864,5.399854626438373,5.40658712387085,234800,0.0,0.0
2023-07-13 00:00:00,5.430373383843295,5.437170001904358,5.40318755976022,5.416780471801758,136600,0.075,0.0
2023-07-14 00:00:00,5.403187113271821,5.4167800241901185,5.362408380516929,5.369204998016357,242000,0.0,0.0
2023-07-17 00:00:00,5.4031862535801976,5.4031862535801976,5.36920414373157,5.396389961242676,113100,0.0,0.0
2023-07-18 00:00:00,5.4167800241901185,5.4167800241901185,5.362408380516929,5.369204998016357,253700,0.0,0.0
2023-07-19 00:00:00,5.38959513461447,5.396391753289539,5.342020100211456,5.348816394805908,177600,0.0,0.0
2023-07-20 00:00:00,5.362409436706945,5.362409436706945,5.328427314758301,5.328427314758301,169400,0.0,0.0
2023-07-21 00:00:00,5.35561186802247,5.369204778384738,5.3352223404387935,5.36240816116333,232600,0.0,0.0
2023-07-24 00:00:00,5.369206016997856,5.403188138702532,5.369206016997856,5.376002311706543,249200,0.0,0.0
2023-07-25 00:00:00,5.382797688747006,5.409983509471543,5.36240816116333,5.36240816116333,147700,0.0,0.0
2023-07-26 00:00:00,5.36240904908799,5.382798580047829,5.355612754821777,5.355612754821777,163800,0.0,0.0
2023-07-27 00:00:00,5.382797908934655,5.396390819852952,5.362408380516929,5.369204998016357,142300,0.0,0.0
2023-07-28 00:00:00,5.396390060134012,5.4235758781433105,5.3760005345867805,5.4235758781433105,204300,0.0,0.0
2023-07-31 00:00:00,5.4235768287154675,5.518727208424702,5.396391005941401,5.491541385650635,1303400,0.0,0.0
2023-08-01 00:00:00,5.49154182280699,5.5051350593566895,5.457559379593936,5.5051350593566895,815200,0.0,0.0
2023-08-02 00:00:00,5.477948703983453,5.4847446734390495,5.430373028827498,5.46435546875,913600,0.0,0.0
2023-08-03 00:00:00,5.457558851133274,5.4847446734390495,5.437169646444224,5.46435546875,696400,0.0,0.0
2023-08-04 00:00:00,5.5051348405083225,5.5119308103518145,5.471152398646188,5.498338222503662,683400,0.0,0.0
2023-08-07 00:00:00,5.518725752426394,5.539114952087402,5.498336552765386,5.539114952087402,598900,0.0,0.0
2023-08-08 00:00:00,5.525524656883815,5.525524656883815,5.4847455925112865,5.511931419372559,604800,0.0,0.0
2023-08-09 00:00:00,5.518728777454897,5.518728777454897,5.450764525277379,5.471153736114502,1125400,0.0,0.0
2023-08-10 00:00:00,5.491541604499002,5.5119308103518145,5.477949016650848,5.498338222503662,600400,0.0,0.0
2023-08-11 00:00:00,5.505134715012974,5.525523920400994,5.484744861463802,5.5187273025512695,679700,0.0,0.0
2023-08-14 00:00:00,5.535899661028175,5.542767524719238,5.508426241209936,5.542767524719238,420400,0.085,0.0
2023-08-15 00:00:00,5.529028985208675,5.535897501238033,5.480950355529785,5.480950355529785,627200,0.0,0.0
2023-08-16 00:00:00,5.501555750450578,5.501555750450578,5.467213824233253,5.487818717956543,649700,0.0,0.0
2023-08-17 00:00:00,5.4946879981405745,5.508425032544495,5.460346067148626,5.467214584350586,534800,0.0,0.0
2023-08-18 00:00:00,5.460347190730048,5.501557647403877,5.439742289902128,5.47408390045166,475700,0.0,0.0
2023-08-21 00:00:00,5.501556718292953,5.508425235748291,5.480951493435879,5.508425235748291,486000,0.0,0.0
2023-08-22 00:00:00,5.515291537741149,5.529028568765198,5.5084236772468165,5.522160053253174,446000,0.0,0.0
2023-08-23 00:00:00,5.5358999807896,5.563373402194743,5.522162942578012,5.549636363983154,395700,0.0,0.0
2023-08-24 00:00:00,5.556504883088949,5.563373402194743,5.529031461683806,5.549636363983154,325300,0.0,0.0
2023-08-25 00:00:00,5.542766297493531,5.583976745605469,5.535898435323084,5.583976745605469,561700,0.0,0.0
2023-08-28 00:00:00,5.597712956824914,5.625186369735033,5.563371681950639,5.570239543914795,356400,0.0,0.0
2023-08-29 00:00:00,5.570239081957986,5.590844631195068,5.549634187738681,5.590844631195068,375200,0.0,0.0
2023-08-30 00:00:00,5.577107598370347,5.597712492589651,5.5565027041510415,5.590844631195068,509700,0.0,0.0
2023-08-31 00:00:00,5.590845706384002,5.590845706384002,5.556503772735596,5.556503772735596,766300,0.0,0.0
2023-09-01 00:00:00,5.583976114782708,5.604581009002012,5.583976114782708,5.590844631195068,409600,0.0,0.0
2023-09-05 00:00:00,5.590845144584795,5.63205493680757,5.57023959345557,5.618318557739258,553800,0.0,0.0
2023-09-06 00:00:00,5.597713315463697,5.625186730134004,5.590845453059525,5.604581832885742,402800,0.0,0.0
2023-09-07 00:00:00,5.597712723029485,5.645791684877489,5.597712723029485,5.638923168182373,451700,0.0,0.0
2023-09-08 00:00:00,5.659528577407455,5.67326561204567,5.632055163148889,5.6663970947265625,547000,0.0,0.0
2023-09-11 00:00:00,5.6663970947265625,5.693870508985128,5.659528577407455,5.6663970947265625,492400,0.0,0.0
2023-09-12 00:00:00,5.659528732299805,5.687002147310275,5.652660214792717,5.659528732299805,433500,0.0,0.0
2023-09-13 00:00:00,5.680133937866167,5.687001799935869,5.645792007446289,5.645792007446289,531900,0.0,0.0
2023-09-14 00:00:00,5.649262428283691,5.670082619584017,5.6353818595088425,5.649262428283691,674400,0.085,0.0
2023-09-15 00:00:00,5.642322032911475,5.649262317162385,5.600680989267958,5.614561557769775,446000,0.0,0.0
2023-09-18 00:00:00,5.6284415751214185,5.649262428283691,5.600681099433668,5.649262428283691,457000,0.0,0.0
2023-09-19 00:00:00,5.649261740928742,5.656201362609863,5.628440890299776,5.656201362609863,298600,0.0,0.0
2023-09-20 00:00:00,5.65620287256325,5.683963352284144,5.649263249029559,5.663143157958984,348600,0.0,0.0
2023-09-21 00:00:00,5.663142254449509,5.663142254449509,5.628441494869111,5.642322063446045,356400,0.0,0.0
2023-09-22 00:00:00,5.642323640443254,5.732545375823975,5.6353833542150165,5.732545375823975,660600,0.0,0.0
2023-09-25 00:00:00,5.725604057312012,5.725604057312012,5.690903294289235,5.725604057312012,515100,0.0,0.0
2023-09-26 00:00:00,5.72560440279651,5.732544688192244,5.628442392842354,5.663143157958984,639100,0.0,0.0
2023-09-27 00:00:00,5.67702322224268,5.7117233224013,5.614561982977988,5.635382175445557,566000,0.0,0.0
2023-09-28 00:00:00,5.649261774091227,5.704782719037323,5.635381206923767,5.683961868286133,540200,0.0,0.0
2023-09-29 00:00:00,5.725602592065871,5.725602592065871,5.670081650182665,5.697842121124268,1890400,0.0,0.0
2023-10-02 00:00:00,5.690902585611292,5.697842869723988,5.559040496779697,5.579860687255859,1035400,0.0,0.0
2023-10-03 00:00:00,5.552100036700185,5.586800794301942,5.46881861557311,5.489638805389404,757400,0.0,0.0
2023-10-04 00:00:00,5.482698995496037,5.55210018157959,5.447998236988781,5.55210018157959,953300,0.0,0.0
2023-10-05 00:00:00,5.531279660289044,5.559040465653425,5.496579232712747,5.55210018157959,856800,0.0,0.0
2023-10-06 00:00:00,5.531279820809624,5.572920533668191,5.517399583190103,5.565980911254883,632800,0.0,0.0
2023-10-09 00:00:00,5.552099690758978,5.607620634717619,5.531279171309023,5.600680351257324,457100,0.0,0.0
2023-10-10 00:00:00,5.600681019577179,5.6492623477345125,5.579860828573715,5.642322063446045,559000,0.0,0.0
2023-10-11 00:00:00,5.642322460222075,5.670082937466162,5.621502267754506,5.635382175445557,426100,0.0,0.0
2023-10-12 00:00:00,5.666943372623109,5.680970781366113,5.596808001067245,5.610835075378418,387600,0.085,0.0
2023-10-13 00:00:00,5.638888604005427,5.666942749543222,5.561739536560594,5.589793682098389,428200,0.0,0.0
2023-10-16 00:00:00,5.603819797533918,5.610833499936072,5.512644007328077,5.568752288818359,1272100,0.0,0.0
2023-10-17 00:00:00,5.54771428394516,5.575768438687262,5.5266738351045355,5.540700912475586,555500,0.0,0.0
2023-10-18 00:00:00,5.519658864252715,5.52667256854685,5.456537197764646,5.463550567626953,1352600,0.0,0.0
2023-10-19 00:00:00,5.456536441580216,5.498617658217787,5.40042781829834,5.40042781829834,1135600,0.0,0.0
2023-10-20 00:00:00,5.442510380127226,5.456537454944797,5.372374671607526,5.393415451049805,1089300,0.0,0.0
2023-10-23 00:00:00,5.3653603049829215,5.442509369367692,5.3653603049829215,5.40042781829834,584600,0.0,0.0
2023-10-24 00:00:00,5.40744128050856,5.470563269866266,5.40744128050856,5.449522495269775,438400,0.0,0.0
2023-10-25 00:00:00,5.421468548389553,5.449522692579447,5.358346556746403,5.365360260009766,845000,0.0,0.0
2023-10-26 00:00:00,5.337306115819872,5.3934144041996595,5.337306115819872,5.365360260009766,787400,0.0,0.0
2023-10-27 00:00:00,5.3653603049829215,5.40042781829834,5.358346601660768,5.40042781829834,647900,0.0,0.0
2023-10-30 00:00:00,5.400428571085969,5.449523497889234,5.400428571085969,5.44251012802124,474600,0.0,0.0
2023-10-31 00:00:00,5.456538233833304,5.505632835486845,5.435497451387578,5.491605758666992,598200,0.0,0.0
2023-11-01 00:00:00,5.519657375298493,5.568752288818359,5.505630304925923,5.568752288818359,645200,0.0,0.0
2023-11-02 00:00:00,5.596808001067245,5.666943372623109,5.596808001067245,5.610835075378418,771900,0.0,0.0
2023-11-03 00:00:00,5.645902727305279,5.6739568749285345,5.624862283803746,5.652916431427002,711100,0.0,0.0
2023-11-06 00:00:00,5.6388892240007635,5.673957076994611,5.5687538524449,5.610835075378418,507800,0.0,0.0
2023-11-07 00:00:00,5.631874655774131,5.659928800093342,5.589793439295315,5.638888359069824,956700,0.0,0.0
2023-11-08 00:00:00,5.659929466685087,5.66694317080681,5.617848579682023,5.652916431427002,495900,0.0,0.0
2023-11-09 00:00:00,5.666942888142787,5.666942888142787,5.603820891923042,5.631875038146973,332100,0.0,0.0
2023-11-10 00:00:00,5.624862186993898,5.680970481274726,5.603821074990867,5.666943073272705,613300,0.0,0.0
2023-11-13 00:00:00,5.673957639320222,5.673957639320222,5.64590348791753,5.659930229187012,329300,0.0,0.0
2023-11-14 00:00:00,5.67056380936979,5.720181026386934,5.67056380936979,5.6847405433654785,855800,0.085,0.0
2023-11-15 00:00:00,5.677650335508801,5.7060031183235,5.649297214702269,5.663473606109619,519200,0.0,0.0
2023-11-16 00:00:00,5.670562768829645,5.677651134526784,5.635121616327708,5.656386375427246,451800,0.0,0.0
2023-11-17 00:00:00,5.677650405920596,5.720179242678237,5.663473676345601,5.706003189086914,424700,0.0,0.0
2023-11-20 00:00:00,5.684738475039055,5.706002892311891,5.684738475039055,5.698914527893066,470300,0.0,0.0
2023-11-21 00:00:00,5.684738700208392,5.698914753623909,5.649297214702269,5.663473606109619,631800,0.0,0.0
2023-11-22 00:00:00,5.663474197617479,5.71309207971317,5.6492978047295095,5.6776509284973145,591900,0.0,0.0
2023-11-24 00:00:00,5.677650110620229,5.706002892311891,5.670561746201405,5.698914527893066,186500,0.0,0.0
2023-11-27 00:00:00,5.698916601377284,5.706004968375128,5.67056380936979,5.6847405433654785,658200,0.0,0.0
2023-11-28 00:00:00,5.67056197080921,5.698914753623909,5.663473606109619,5.663473606109619,785700,0.0,0.0
2023-11-29 00:00:00,5.691827165155701,5.713092262154532,5.663474378474348,5.670562744140625,960800,0.0,0.0
2023-11-30 00:00:00,5.67056197080921,5.677650335508801,5.628032796587161,5.663473606109619,927900,0.0,0.0
2023-12-01 00:00:00,5.677652596004591,5.7130937576293945,5.642211434379786,5.7130937576293945,691400,0.0,0.0
2023-12-04 00:00:00,5.6847394754731795,5.727268317503331,5.670562744140625,5.670562744140625,950300,0.0,0.0
2023-12-05 00:00:00,5.670561925590835,5.691826343536377,5.656385534296532,5.691826343536377,558400,0.0,0.0
2023-12-06 00:00:00,5.698914527893066,5.7201789451659035,5.677650110620229,5.698914527893066,1096700,0.0,0.0
2023-12-07 00:00:00,5.684738431102848,5.748531682428313,5.684738431102848,5.727267265319824,574100,0.0,0.0
2023-12-08 00:00:00,5.706003618053004,5.776885243305705,5.706003618053004,5.73435640335083,531900,0.0,0.0
2023-12-11 00:00:00,5.720178604125977,5.76979647611587,5.720178604125977,5.720178604125977,574900,0.0,0.0
2023-12-12 00:00:00,5.741444606091089,5.755620660346717,5.734356240971422,5.748532295227051,307300,0.0,0.0
2023-12-13 00:00:00,5.755621251766714,5.805238460735395,5.741445196054421,5.762709617614746,880500,0.0,0.0
2023-12-14 00:00:00,5.802105593833365,5.8737361138416375,5.794942336894803,5.866572856903076,937800,0.085,0.0
2023-12-15 00:00:00,5.8737368052156365,5.8737368052156365,5.830758624777039,5.852247714996338,510800,0.0,0.0
2023-12-18 00:00:00,5.830757289327785,5.859409630766406,5.7949416917480825,5.809267520904541,1077200,0.0,0.0
2023-12-19 00:00:00,5.8021055773341645,5.837920495673566,5.773453232787177,5.78061580657959,901400,0.0,0.0
2023-12-20 00:00:00,5.78777873803147,5.802105251062225,5.723310795644552,5.751963138580322,1001600,0.0,0.0
2023-12-21 00:00:00,5.802106158994434,5.802106158994434,5.694659343827368,5.730474948883057,1135900,0.0,0.0
2023-12-22 00:00:00,5.76629114151001,5.780616975116544,5.716149357635302,5.76629114151001,1181800,0.0,0.0
2023-12-26 00:00:00,5.7806168163331915,5.8164324240546135,5.766290983120162,5.794943332672119,1185100,0.0,0.0
2023-12-27 00:00:00,5.8164316770795566,5.852247280201361,5.780616073957752,5.787779331207275,1143900,0.0,0.0
2023-12-28 00:00:00,5.809270218346715,5.845085832556827,5.780617863603829,5.8379225730896,609100,0.0,0.0
2023-12-29 00:00:00,5.845082672992415,5.8880615234375,5.809267078142453,5.8880615234375,743900,0.0,0.0
2024-01-02 00:00:00,5.837921729047859,5.981184165175548,5.837921729047859,5.952531814575195,965000,0.0,0.0
2024-01-03 00:00:00,5.916716202647535,5.931042036377739,5.859411501474875,5.873737335205078,503900,0.0,0.0
2024-01-04 00:00:00,5.845083733312948,5.923878192901611,5.845083733312948,5.923878192901611,692800,0.0,0.0
2024-01-05 00:00:00,5.902388422217916,5.94536728045953,5.888062591554562,5.923878192901611,557100,0.0,0.0
2024-01-08 00:00:00,5.909551376203371,5.98118257522583,5.909551376203371,5.98118257522583,595100,0.0,0.0
2024-01-09 00:00:00,5.931041560404462,5.981183682251015,5.931041560404462,5.959693908691406,581000,0.0,0.0
2024-01-10 00:00:00,5.945367336273193,5.974019680994659,5.895225220666292,5.945367336273193,754900,0.0,0.0
2024-01-11 00:00:00,5.9127997863834025,5.985172152193792,5.905562411763557,5.970697402954102,629300,0.085,0.0
2024-01-12 00:00:00,5.941748703656034,5.963460137719783,5.898325145334492,5.920037269592285,1154200,0.0,0.0
2024-01-16 00:00:00,5.927273355852914,5.941748103897031,5.898324549958654,5.905561923980713,1006700,0.0,0.0
2024-01-17 00:00:00,5.920038937955756,5.970699195112737,5.920038937955756,5.95622444152832,763200,0.0,0.0
2024-01-18 00:00:00,5.970698891428684,5.985173644276881,5.941750075926495,5.977936267852783,438800,0.0,0.0
2024-01-19 00:00:00,5.9779357034746194,5.99964714050293,5.934512139223862,5.99964714050293,902200,0.0,0.0
2024-01-22 00:00:00,6.035831867854755,6.064780673615934,6.014120436082363,6.028594493865967,704900,0.0,0.0
2024-01-23 00:00:00,6.0430692418435425,6.057543299627147,5.992408314115999,6.028594493865967,421800,0.0,0.0
2024-01-24 00:00:00,6.064782025067818,6.072019400669354,6.028595837254264,6.050307273864746,553600,0.0,0.0
2024-01-25 00:00:00,6.072019100189209,6.079255785238504,6.043070289409753,6.072019100189209,431400,0.0,0.0
2024-01-26 00:00:00,6.079255785238504,6.100967910968666,6.057544349702435,6.072019100189209,261700,0.0,0.0
2024-01-29 00:00:00,6.072018896096044,6.1009677059024705,6.043070086289617,6.0792555809021,513900,0.0,0.0
2024-01-30 00:00:00,6.07925697882489,6.129917925281152,6.064782915690405,6.108205795288086,665800,0.0,0.0
2024-01-31 00:00:00,6.115441799163818,6.151627984168329,6.09373036423874,6.115441799163818,765600,0.0,0.0
2024-02-01 00:00:00,6.151627420567247,6.16610216932053,6.137152671813965,6.137152671813965,517700,0.0,0.0
2024-02-02 00:00:00,6.166103754454171,6.187815192971493,6.122680187225342,6.122680187225342,481600,0.0,0.0
2024-02-05 00:00:00,6.122680631083901,6.1588668246988485,6.086494437468954,6.151629447937012,658800,0.0,0.0
2024-02-06 00:00:00,6.15886637462397,6.187815189361571,6.144391622158076,6.187815189361572,417100,0.0,0.0
2024-02-07 00:00:00,6.231237439449591,6.238474814954389,6.187814566809031,6.202288627624512,563400,0.0,0.0
2024-02-08 00:00:00,6.202288714762518,6.202288714762518,6.173339902530728,6.180577278137207,394000,0.0,0.0
2024-02-09 00:00:00,6.180577278137207,6.202288714762518,6.144391090298939,6.180577278137207,565100,0.0,0.0
2024-02-12 00:00:00,6.195053393584777,6.238476276397706,6.18781601638453,6.238476276397705,618600,0.0,0.0
2024-02-13 00:00:00,6.19505094324254,6.260185241699219,6.187813568904907,6.260185241699219,1079900,0.0,0.0
2024-02-14 00:00:00,6.285768032073975,6.315004133277143,6.271149632950572,6.285768032073975,609500,0.085,0.0
2024-02-15 00:00:00,6.285767578028456,6.300385279052329,6.212676981778336,6.2346038818359375,756200,0.0,0.0
2024-02-16 00:00:00,6.24922350139724,6.24922350139724,6.198059795204095,6.205368995666504,449900,0.0,0.0
2024-02-20 00:00:00,6.205368303694181,6.227295902636222,6.15420530025004,6.1761322021484375,570700,0.0,0.0
2024-02-21 00:00:00,6.198058605194092,6.219986202371283,6.168822506001425,6.198058605194092,573100,0.0,0.0
2024-02-22 00:00:00,6.227295379845794,6.2711491799609975,6.205367782744607,6.2346038818359375,608000,0.0,0.0
2024-02-23 00:00:00,6.2565327018596495,6.2565327018596495,6.198059795204095,6.205368995666504,306700,0.0,0.0
2024-02-26 00:00:00,6.1980590553463575,6.278458856748154,6.19075055280008,6.249222755432129,833700,0.0,0.0
2024-02-27 00:00:00,6.278458834879399,6.30769493609359,6.271149635314942,6.271149635314941,967100,0.0,0.0
2024-02-28 00:00:00,6.29307653459204,6.3076949337154415,6.271149632950572,6.285768032073975,739000,0.0,0.0
2024-02-29 00:00:00,6.293077204400882,6.344240909734805,6.293077204400882,6.32231330871582,707700,0.0,0.0
2024-03-01 00:00:00,6.3442392167025,6.358856916437215,6.3223116215351425,6.351547718048096,928000,0.0,0.0
2024-03-04 00:00:00,6.336931709395143,6.366167813710081,6.315004805419868,6.32231330871582,672000,0.0,0.0
2024-03-05 00:00:00,6.322312613986129,6.351548715088446,6.300385712420299,6.307694911956787,708000,0.0,0.0
2024-03-06 00:00:00,6.315004565596277,6.3369314687388405,6.307695365534196,6.329622268676758,562300,0.0,0.0
2024-03-07 00:00:00,6.344240212595592,6.358857914624934,6.293076512883811,6.307694911956787,480400,0.0,0.0
2024-03-08 00:00:00,6.285768032073975,6.329621835356909,6.271149632950572,6.285768032073975,535100,0.0,0.0
2024-03-11 00:00:00,6.285767986615168,6.351548691063843,6.285767986615168,6.344240188598633,582600,0.0,0.0
2024-03-12 00:00:00,6.358858557665059,6.395403861999512,6.351549357389428,6.395403861999512,591300,0.0,0.0
2024-03-13 00:00:00,6.424639966058332,6.446566869841522,6.380785461448249,6.395403861999512,852200,0.0,0.0
2024-03-14 00:00:00,6.413854182054298,6.43599687926917,6.384331289649079,6.391712188720703,532200,0.085,0.0
2024-03-15 00:00:00,6.391712602735748,6.406474401835172,6.376951507517646,6.384331703186035,333000,0.0,0.0
2024-03-18 00:00:00,6.399094168398366,6.413855265153023,6.369571271007657,6.376952171325684,262000,0.0,0.0
2024-03-19 00:00:00,6.391712602735748,6.406474401835172,6.369570607967933,6.384331703186035,358600,0.0,0.0
2024-03-20 00:00:00,6.406475068716392,6.406475068716392,6.362190370689631,6.376952171325684,522000,0.0,0.0
2024-03-21 00:00:00,6.399092261671287,6.406473159790039,6.376950271196217,6.406473159790039,308300,0.0,0.0
2024-03-22 00:00:00,6.42123604021164,6.4286169403856865,6.347429150115321,6.362190246582031,393800,0.0,0.0
2024-03-25 00:00:00,6.399092668915067,6.406473567503546,6.3548079812654255,6.369569778442383,522700,0.0,0.0
2024-03-26 00:00:00,6.391711363552535,6.421234252146357,6.376950271196217,6.406473159790039,325600,0.0,0.0
2024-03-27 00:00:00,6.413854311615186,6.450758103837491,6.413854311615186,6.435997009277344,350200,0.0,0.0
2024-03-28 00:00:00,6.450757916981774,6.480280809128186,6.435996822849204,6.4433770179748535,666900,0.0,0.0
2024-04-01 00:00:00,6.458139419555664,6.472901218949119,6.450758519858937,6.458139419555664,506000,0.0,0.0
2024-04-02 00:00:00,6.450758103837491,6.472900801499649,6.428616110056624,6.435997009277344,528900,0.0,0.0
2024-04-03 00:00:00,6.406473159790039,6.428615150265109,6.399092261671287,6.406473159790039,473100,0.0,0.0
2024-04-04 00:00:00,6.413855679311822,6.43599838169571,6.391713680809374,6.399094581604004,388700,0.0,0.0
2024-04-05 00:00:00,6.413853354027605,6.428615150265109,6.391711363552535,6.406473159790039,486000,0.0,0.0
2024-04-08 00:00:00,6.42861611285198,6.465519905090332,6.42861611285198,6.465519905090332,803900,0.0,0.0
2024-04-09 00:00:00,6.480281478202515,6.50242417750946,6.465520382545895,6.4950432777404785,652900,0.0,0.0
2024-04-10 00:00:00,6.4729006775849465,6.487661771862513,6.45075798034668,6.45075798034668,661000,0.0,0.0
2024-04-11 00:00:00,6.46551978187441,6.495042674326204,6.450757983707875,6.480280876159668,688200,0.0,0.0
2024-04-12 00:00:00,6.4765543661904115,6.513818919614009,6.431837470691886,6.439290523529053,583800,0.085,0.0
2024-04-15 00:00:00,6.454197162787261,6.476555614847153,6.290233522569173,6.297686576843262,1107900,0.0,0.0
2024-04-16 00:00:00,6.305139064788818,6.305139064788818,6.2231576074245485,6.305139064788818,857800,0.0,0.0
2024-04-17 00:00:00,6.327497869896808,6.349857031965418,6.3200448158739375,6.334950923919678,415800,0.0,0.0
2024-04-18 00:00:00,6.349856045653389,6.357308387756347,6.334949939922987,6.357308387756348,319000,0.0,0.0
2024-04-19 00:00:00,6.372215713231112,6.409480273927907,6.357309604647443,6.394574165344238,356300,0.0,0.0
2024-04-22 00:00:00,6.424384505807136,6.43929061168554,6.402026057751776,6.431837558746338,499100,0.0,0.0
2024-04-23 00:00:00,6.431839043429265,6.4541974966457,6.424385988769648,6.446744441986084,243400,0.0,0.0
2024-04-24 00:00:00,6.454195918441148,6.461648971278316,6.416931365017551,6.439290523529053,271000,0.0,0.0
2024-04-25 00:00:00,6.431838336001228,6.4392913898410935,6.364762272967102,6.387120723724365,314400,0.0,0.0
2024-04-26 00:00:00,6.416933005687192,6.431839115172693,6.394574552221361,6.402027606964111,315100,0.0,0.0
2024-04-29 00:00:00,6.409480239365952,6.43929174561016,6.387121076611017,6.416932582855225,535100,0.0,0.0
2024-04-30 00:00:00,6.40947961807251,6.4169319608394,6.387120457484927,6.40947961807251,386600,0.0,0.0
2024-05-01 00:00:00,6.394574649834883,6.52127373934603,6.394574649834883,6.491462230682373,500500,0.0,0.0
2024-05-02 00:00:00,6.484009175825852,6.513820684489508,6.4541976671621955,6.491462230682373,354000,0.0,0.0
2024-05-03 00:00:00,6.5138220280014965,6.5138220280014965,6.4541989983766035,6.4989166259765625,498900,0.0,0.0
2024-05-06 00:00:00,6.498914509341728,6.506366852545749,6.4467438423395045,6.476555347442627,1182100,0.0,0.0
2024-05-07 00:00:00,6.536178200223707,6.580895096557561,6.491460593127601,6.5287251472473145,914700,0.0,0.0
2024-05-08 00:00:00,6.551083595414241,6.558536648390634,6.5063659883181355,6.5287251472473145,497000,0.0,0.0
2024-05-09 00:00:00,6.5287251472473145,6.543630542437848,6.5063659883181355,6.5287251472473145,382800,0.0,0.0
2024-05-10 00:00:00,6.551083772810682,6.551083772810682,6.506366164503671,6.513819217681885,278700,0.0,0.0
2024-05-13 00:00:00,6.5287267942025515,6.5361798490590735,6.491462230682373,6.491462230682373,533200,0.0,0.0
2024-05-14 00:00:00,6.510276795116756,6.578013896942139,6.502751008732668,6.578013896942139,539200,0.085,0.0
2024-05-15 00:00:00,6.5855396364515375,6.623171435070347,6.570486629897271,6.615644931793213,449300,0.0,0.0
2024-05-16 00:00:00,6.623172018806263,6.623172018806263,6.562961422816227,6.608119010925293,555300,0.0,0.0
2024-05-17 00:00:00,6.593067169189453,6.623172469231858,6.593067169189453,6.593067169189453,325400,0.0,0.0
2024-05-20 00:00:00,6.600593381196578,6.608119167548515,6.555435074250265,6.562961578369141,372000,0.0,0.0
2024-05-21 00:00:00,6.585540953862863,6.623172760009766,6.570487944297302,6.623172760009766,490700,0.0,0.0
2024-05-22 00:00:00,6.62317101932997,6.62317101932997,6.487696839912795,6.525328636169434,1238000,0.0,0.0
2024-05-23 00:00:00,6.525329960054289,6.547908755282422,6.517803455722591,6.532856464385986,606100,0.0,0.0
2024-05-24 00:00:00,6.555434732713312,6.570487022399903,6.517802931846484,6.570487022399902,409900,0.0,0.0
2024-05-28 00:00:00,6.5704852902717645,6.5704852902717645,6.525327715349647,6.540380001068115,547300,0.0,0.0
2024-05-29 00:00:00,6.547909629002382,6.593067943251306,6.517804325425452,6.555436134338379,782300,0.0,0.0
2024-05-30 00:00:00,6.547908755282422,6.585540559173951,6.517803455722591,6.532856464385986,742100,0.0,0.0
2024-05-31 00:00:00,6.562962639674375,6.600594448587302,6.510277820089455,6.555436134338379,582400,0.0,0.0
2024-06-03 00:00:00,6.585540401093168,6.585540401093168,6.517803299267785,6.578013896942139,604600,0.0,0.0
2024-06-04 00:00:00,6.562961578369141,6.585540372958827,6.525329775541702,6.562961578369141,581800,0.0,0.0
2024-06-05 00:00:00,6.547908306121827,6.5554348099372355,6.532856016257918,6.547908306121826,349400,0.0,0.0
2024-06-06 00:00:00,6.547907335253757,6.600592136383057,6.540380832554313,6.600592136383057,491200,0.0,0.0
2024-06-07 00:00:00,6.593066720811245,6.675856110855814,6.578013712930275,6.608119010925293,469200,0.0,0.0
2024-06-10 00:00:00,6.600593963428425,6.630699264792546,6.600593963428425,6.623172760009766,341000,0.0,0.0
2024-06-11 00:00:00,6.62317267997933,6.6608044856715125,6.600593883670818,6.645751476287842,281800,0.0,0.0
2024-06-12 00:00:00,6.675856777288189,6.675856777288189,6.630699184671165,6.645751476287842,420900,0.0,0.0
2024-06-13 00:00:00,6.645751476287842,6.653277980979677,6.62317267997933,6.645751476287842,409700,0.0,0.0
2024-06-14 00:00:00,6.641950458872251,6.641950458872251,6.573554970264219,6.603952884674072,523500,0.085,0.0
2024-06-17 00:00:00,6.596354459795548,6.641950972565069,6.573555478667285,6.6267523765563965,307100,0.0,0.0
2024-06-18 00:00:00,6.6039528623651975,6.657149755960321,6.596353927345989,6.634350776672363,397200,0.0,0.0
2024-06-20 00:00:00,6.649550302348453,6.672348557599762,6.626752047097144,6.664749622344971,572100,0.0,0.0
2024-06-21 00:00:00,6.672349315666775,6.687548637390137,6.649551057825282,6.687548637390137,305500,0.0,0.0
2024-06-24 00:00:00,6.679947681849685,6.702745935272518,6.6723480224609375,6.6723480224609375,348700,0.0,0.0
2024-06-25 00:00:00,6.702746806086765,6.702746806086765,6.611553055804221,6.6267523765563965,439500,0.0,0.0
2024-06-26 00:00:00,6.641951477632032,6.641951477632032,6.581155639487302,6.596354961395264,437300,0.0,0.0
2024-06-27 00:00:00,6.626751772761157,6.6343507077013655,6.550756625411569,6.558356285095215,683200,0.0,0.0
2024-06-28 00:00:00,6.5963549291004195,6.611553526190413,6.558357349260104,6.573555946350098,985500,0.0,0.0
2024-07-01 00:00:00,6.60395414888626,6.657151052844711,6.588755551143549,6.6495513916015625,621600,0.0,0.0
2024-07-02 00:00:00,6.657149428426852,6.69514700062718,6.649549769038104,6.6723480224609375,475200,0.0,0.0
2024-07-03 00:00:00,6.6875478313564525,6.725545406341553,6.657149916317064,6.725545406341553,276400,0.0,0.0
2024-07-05 00:00:00,6.695147982919679,6.702746918679911,6.634351423633216,6.641951084136963,631000,0.0,0.0
2024-07-08 00:00:00,6.664749067120297,6.710345573824378,6.641950089024849,6.7027459144592285,636100,0.0,0.0
2024-07-09 00:00:00,6.717945233189527,6.725544892554676,6.679947661107188,6.7027459144592285,640500,0.0,0.0
2024-07-10 00:00:00,6.75594332138094,6.75594332138094,6.6875478313564525,6.725545406341553,739000,0.0,0.0
2024-07-11 00:00:00,6.7027459144592285,6.733143827176418,6.679947661107188,6.7027459144592285,826900,0.0,0.0
2024-07-12 00:00:00,6.69514684598072,6.740743351773185,6.679947527554304,6.717945098876953,515900,0.0,0.0
2024-07-15 00:00:00,6.760149955749512,6.767822668193557,6.73712962307762,6.760149955749512,444800,0.085,0.0
2024-07-16 00:00:00,6.7678225523105615,6.78316944049571,6.714109907222352,6.744802951812744,432300,0.0,0.0
2024-07-17 00:00:00,6.767821296647244,6.767821296647244,6.721782104193461,6.737128257751465,419400,0.0,0.0
2024-07-18 00:00:00,6.76014946761279,6.767822179502804,6.714109537373374,6.729456424713135,403600,0.0,0.0
2024-07-19 00:00:00,6.744803603289644,6.752477048123392,6.683417508179611,6.706437110900879,409700,0.0,0.0
2024-07-22 00:00:00,6.721782119392797,6.775494754636922,6.7064352340203195,6.767821311950684,391900,0.0,0.0
2024-07-23 00:00:00,6.775494739316131,6.775494739316131,6.714108661524573,6.737128257751465,472800,0.0,0.0
2024-07-24 00:00:00,6.737128257751465,6.744801700420353,6.714108661524573,6.737128257751465,251500,0.0,0.0
2024-07-25 00:00:00,6.7678219060050395,6.783168792724609,6.7524757510653055,6.783168792724609,329600,0.0,0.0
2024-07-26 00:00:00,6.813861834383912,6.813861834383912,6.744802307705521,6.783168792724609,476600,0.0,0.0
2024-07-29 00:00:00,6.7908427030197,6.7908427030197,6.7448027714751415,6.752476215362549,492600,0.0,0.0
2024-07-30 00:00:00,6.767823514502759,6.79084385005332,6.752477355915729,6.775496959686279,412700,0.0,0.0
2024-07-31 00:00:00,6.813861236288343,6.821534678974581,6.74480171567174,6.767821311950684,700300,0.0,0.0
2024-08-01 00:00:00,6.790842884588284,6.8061890409935275,6.706436463129778,6.744802951812744,599500,0.0,0.0
2024-08-02 00:00:00,6.721783504783142,6.729456949050912,6.599011323618505,6.645050525665283,706100,0.0,0.0
2024-08-05 00:00:00,6.522278163766192,6.522278163766192,6.353466053452695,6.414852142333984,1718100,0.0,0.0
2024-08-06 00:00:00,6.430198588160639,6.529951158676503,6.422525144633299,6.506930828094482,603200,0.0,0.0
2024-08-07 00:00:00,6.552971947704506,6.6220314884342475,6.537625789642334,6.537625789642334,463900,0.0,0.0
2024-08-08 00:00:00,6.568316116597378,6.668067932128906,6.5606426748550515,6.668067932128906,601100,0.0,0.0
2024-08-09 00:00:00,6.668067932128906,6.721781292545515,6.652721780423933,6.668067932128906,666400,0.0,0.0
2024-08-12 00:00:00,6.698763019037203,6.752476395905318,6.675743418539386,6.744802951812744,1034000,0.0,0.0
2024-08-13 00:00:00,6.760148601044217,6.813861236288343,6.752475158357979,6.767821311950684,830200,0.0,0.0
2024-08-14 00:00:00,6.798515319824219,6.813862207383898,6.775495720264576,6.798515319824219,461200,0.0,0.0
2024-08-15 00:00:00,6.825632572174072,6.848875153873472,6.802389251606321,6.825632572174072,303000,0.085,0.0
2024-08-16 00:00:00,6.817883257929432,6.864368410823403,6.802387714385986,6.802387714385986,521400,0.0,0.0
2024-08-19 00:00:00,6.802388528581779,6.810136301280854,6.771398176653754,6.794641494750977,453000,0.0,0.0
2024-08-20 00:00:00,6.8256313789679055,6.83337841226786,6.748155135022593,6.763649940490723,416900,0.0,0.0
2024-08-21 00:00:00,6.786892909710724,6.825631029701155,6.771397366167278,6.802387714385986,399900,0.0,0.0
2024-08-22 00:00:00,6.825632218311344,6.86436960617929,6.802388898948602,6.81788444519043,414600,0.0,0.0
2024-08-23 00:00:00,6.848875153873472,6.879865509095455,6.786894443429505,6.825632572174072,461400,0.0,0.0
2024-08-26 00:00:00,6.856621358946364,6.8643683918284655,6.771397347429609,6.786892890930176,525200,0.0,0.0
2024-08-27 00:00:00,6.802389376941669,6.810137150607006,6.763651247483344,6.771399021148682,331800,0.0,0.0
2024-08-28 00:00:00,6.802387921490649,6.802387921490649,6.732659451158565,6.7559027671813965,360300,0.0,0.0
2024-08-29 00:00:00,6.779145137939001,6.802387714385986,6.755902561492016,6.802387714385986,439000,0.0,0.0
2024-08-30 00:00:00,6.825631392383146,6.887612092113925,6.825631392383146,6.856621742248535,575100,0.0,0.0
2024-09-03 00:00:00,6.872117273667987,6.895359853805153,6.841126920529001,6.887612819671631,649800,0.0,0.0
2024-09-04 00:00:00,6.887612819671631,6.918603172810618,6.8488746935308225,6.887612819671631,440500,0.0,0.0
2024-09-05 00:00:00,6.887613188728519,6.910855770111084,6.872117641894581,6.910855770111084,394900,0.0,0.0
2024-09-06 00:00:00,6.926349867765208,6.934097640387627,6.864369164522389,6.895359516143799,410400,0.0,0.0
2024-09-09 00:00:00,6.910856366123274,6.949594497680664,6.903108592038115,6.949594497680664,443100,0.0,0.0
2024-09-10 00:00:00,6.949592487270971,6.972835063934326,6.926349171739426,6.972835063934326,509700,0.0,0.0
2024-09-11 00:00:00,6.972835063934326,6.972835063934326,6.887611790256566,6.972835063934326,486200,0.0,0.0
2024-09-12 00:00:00,6.980585459281285,6.996080269924183,6.941847324371338,6.941847324371338,566900,0.0,0.0
2024-09-13 00:00:00,6.96922393212086,6.992689124102966,6.898827610229537,6.906649589538574,503400,0.085,0.0
2024-09-16 00:00:00,6.906647770931946,6.9301129567353765,6.8597173993250875,6.89100456237793,513500,0.0,0.0
2024-09-17 00:00:00,6.930112328827666,6.94575628190906,6.898825168609619,6.898825168609619,379500,0.0,0.0
2024-09-18 00:00:00,6.930112926179494,6.937934903394418,6.844073414649741,6.85971736907959,472600,0.0,0.0
2024-09-19 00:00:00,6.898824656369084,6.9301118142640465,6.859716268458894,6.867537498474121,484500,0.0,0.0
2024-09-20 00:00:00,6.89100456237793,6.898825793682534,6.8597173993250875,6.89100456237793,263700,0.0,0.0
2024-09-23 00:00:00,6.875361442565918,6.8910053989639595,6.836252297515712,6.875361442565918,462500,0.0,0.0
2024-09-24 00:00:00,6.859717727678071,6.867538959357054,6.804964630256135,6.84407377243042,641000,0.0,0.0
2024-09-25 00:00:00,6.828429817182769,6.87536093698088,6.828429817182769,6.84407377243042,585300,0.0,0.0
2024-09-26 00:00:00,6.851895149749165,6.875360334619978,6.773676872253418,6.773676872253418,843000,0.0,0.0
2024-09-27 00:00:00,6.781498405379456,6.8127855651412235,6.750211245617688,6.8049635887146,602000,0.0,0.0
2024-09-30 00:00:00,6.781498504278129,6.898825168609619,6.781498504278129,6.898825168609619,1616800,0.0,0.0
2024-10-01 00:00:00,6.898825734053574,6.906647711235378,6.836251408488741,6.883182525634766,840100,0.0,0.0
2024-10-02 00:00:00,6.875360578796283,6.937934904637277,6.836251438659461,6.9144697189331055,638200,0.0,0.0
2024-10-03 00:00:00,6.891004533228934,6.937934904637277,6.844073415875786,6.9144697189331055,545600,0.0,0.0
2024-10-04 00:00:00,6.9535793948547395,6.977044582366943,6.9222922295235145,6.977044582366943,418300,0.0,0.0
2024-10-07 00:00:00,6.977043986345097,7.0474402888128855,6.937934846535793,6.961400032043457,618800,0.0,0.0
2024-10-08 00:00:00,6.992686748504639,7.000508725156346,6.961399587842561,6.992686748504639,347800,0.0,0.0
2024-10-09 00:00:00,7.016154230884874,7.02397546332239,6.9614011281527635,7.008332252502441,388000,0.0,0.0
2024-10-10 00:00:00,7.03179591849103,7.055261848555182,7.00833073437163,7.0239739418029785,397900,0.0,0.0
2024-10-11 00:00:00,7.047438560009848,7.055260535241865,7.008329429794381,7.039616584777832,334900,0.0,0.0
2024-10-14 00:00:00,7.055261848555182,7.055261848555182,7.016152711059681,7.0239739418029785,392900,0.0,0.0
2024-10-15 00:00:00,7.043717559496154,7.067406981480686,7.027924109457703,7.051614284515381,476400,0.085,0.0
2024-10-16 00:00:00,7.067406981480686,7.067406981480686,7.012131412492398,7.051614284515381,391700,0.0,0.0
2024-10-17 00:00:00,7.059507957604579,7.067404680052317,6.980542992345897,7.004232406616211,469700,0.0,0.0
2024-10-18 00:00:00,7.02792320150481,7.051613373501902,6.941061496734619,6.941061496734619,594600,0.0,0.0
2024-10-21 00:00:00,6.941060750755091,6.980543613433838,6.925268057527374,6.980543613433838,402800,0.0,0.0
2024-10-22 00:00:00,6.996336306661555,7.012129752962241,6.933164027604748,6.980543613433838,438300,0.0,0.0
2024-10-23 00:00:00,6.980544061630905,6.996336755872617,6.933164472759732,6.948957920074463,249200,0.0,0.0
2024-10-24 00:00:00,6.972647993661081,6.996337413787842,6.941061849134369,6.996337413787842,332900,0.0,0.0
2024-10-25 00:00:00,6.996335540566006,7.035818398921398,6.996335540566006,7.027921676635742,305400,0.0,0.0
2024-10-28 00:00:00,7.051612615640987,7.075302032019048,6.964750167133151,6.980543613433838,407200,0.0,0.0
2024-10-29 00:00:00,6.980543070345599,6.980543070345599,6.885784659132621,6.917370796203613,615600,0.0,0.0
2024-10-30 00:00:00,6.925268597659815,6.956854739651761,6.877889008135381,6.901578426361084,485400,0.0,0.0
2024-10-31 00:00:00,6.885785194848628,6.980543613433838,6.885785194848628,6.980543613433838,428400,0.0,0.0
2024-11-01 00:00:00,6.988440336584181,7.020026476112584,6.956854197055777,6.980543613433838,407400,0.0,0.0
2024-11-04 00:00:00,6.964750313657797,6.99633645385071,6.909474756588445,6.956854343414307,475800,0.0,0.0
2024-11-05 00:00:00,6.972647993661081,6.996337413787842,6.941061849134369,6.996337413787842,299300,0.0,0.0
2024-11-06 00:00:00,7.059508794581269,7.059508794581269,6.980543819960485,7.020026683807373,475300,0.0,0.0
2024-11-07 00:00:00,7.043716634201265,7.083199501037598,7.0200272153286845,7.083199501037598,528300,0.0,0.0
2024-11-08 00:00:00,7.08320123412324,7.091097206964019,7.059511056381206,7.0753045082092285,339300,0.0,0.0
2024-11-11 00:00:00,7.091093896091681,7.106887340545654,7.0753012047105885,7.106887340545654,442700,0.0,0.0
2024-11-12 00:00:00,7.106888417550497,7.114785140974183,7.067405553505061,7.091094970703125,436600,0.0,0.0
2024-11-13 00:00:00,7.106888417550497,7.114785140974183,7.075302276928747,7.091094970703125,429900,0.0,0.0
2024-11-14 00:00:00,7.067406781566567,7.091096202881,7.0042344893459925,7.012131214141846,502600,0.0,0.0
2024-11-15 00:00:00,7.032061287283603,7.111790180206299,7.032061287283603,7.111790180206299,484300,0.085,0.0
2024-11-18 00:00:00,7.119763221568784,7.151654626667647,7.08787181646992,7.111790180206299,487200,0.0,0.0
2024-11-19 00:00:00,7.111790444274433,7.143681850557458,7.079899037991408,7.135708808898926,433900,0.0,0.0
2024-11-20 00:00:00,7.143682956695557,7.143682956695557,7.1117915454744205,7.143682956695557,260000,0.0,0.0
2024-11-21 00:00:00,7.15165489221599,7.15165489221599,7.119763485932965,7.135708808898926,289700,0.0,0.0
2024-11-22 00:00:00,7.151654832044905,7.167600154876708,7.143681790453455,7.167600154876709,266600,0.0,0.0
2024-11-25 00:00:00,7.183545742527878,7.19949106425975,7.175572701486421,7.191518783569336,501300,0.0,0.0
2024-11-26 00:00:00,7.199492344525882,7.199492344525882,7.15962789258065,7.183547019958496,276100,0.0,0.0
2024-11-27 00:00:00,7.199491500854493,7.207464542379455,7.19151921968062,7.199491500854492,223900,0.0,0.0
2024-11-29 00:00:00,7.2154390362378225,7.279221860573635,7.199492949978247,7.271248817443848,438800,0.0,0.0
2024-12-02 00:00:00,7.2871928215026855,7.295165102003276,7.255301418447246,7.2871928215026855,604700,0.0,0.0
2024-12-03 00:00:00,7.295166167730941,7.311112251763687,7.2473294363349785,7.3031392097473145,647400,0.0,0.0
2024-12-04 00:00:00,7.295165102003276,7.303138142854893,7.231382295892397,7.2871928215026855,537700,0.0,0.0
2024-12-05 00:00:00,7.279221860573635,7.279221860573635,7.223412079367609,7.271248817443848,430700,0.0,0.0
2024-12-06 00:00:00,7.2792197806510694,7.303138142854893,7.255301418447246,7.2871928215026855,340600,0.0,0.0
2024-12-09 00:00:00,7.303139773874534,7.366922594230114,7.303139773874534,7.34300422668457,634900,0.0,0.0
2024-12-10 00:00:00,7.358950180606527,7.3669232239202715,7.303140398112835,7.350977897644043,641600,0.0,0.0
2024-12-11 00:00:00,7.366922594230114,7.366922594230114,7.319085859139027,7.34300422668457,722900,0.0,0.0
2024-12-12 00:00:00,7.303138526430249,7.3589482946207525,7.239355716969371,7.247328758239746,537700,0.0,0.0
2024-12-13 00:00:00,7.299642086029053,7.339882825706912,7.2835462506748705,7.299642086029053,476300,0.085,0.0
2024-12-16 00:00:00,7.299642050036957,7.339882789516403,7.2594020780857775,7.275497913360596,528000,0.0,0.0
2024-12-17 00:00:00,7.267448795056295,7.283545396050031,7.162823191181558,7.178919792175293,718500,0.0,0.0
2024-12-18 00:00:00,7.203063865939806,7.219160466799018,7.04210169498856,7.098438262939453,997300,0.0,0.0
2024-12-19 00:00:00,7.1064876923296,7.1386801316340485,7.01795867612444,7.042102813720703,838200,0.0,0.0
2024-12-20 00:00:00,7.058199001818774,7.11453557540453,7.058199001818774,7.106487274169922,557100,0.0,0.0
2024-12-23 00:00:00,7.130631267081219,7.203064441680908,7.122583733536547,7.203064441680908,725900,0.0,0.0
2024-12-24 00:00:00,7.203064468313743,7.259401808504157,7.195016167211078,7.243305206298828,278900,0.0,0.0
2024-12-26 00:00:00,7.243304495381098,7.243304495381098,7.211112061658308,7.235256195068359,365600,0.0,0.0
2024-12-27 00:00:00,7.235256360597005,7.235256360597005,7.154775658212871,7.178919792175293,436600,0.0,0.0
2024-12-30 00:00:00,7.195016434401704,7.275497913360596,7.162823996323801,7.275497913360596,1024900,0.0,0.0
2024-12-31 00:00:00,7.291593696546898,7.307689530012453,7.162823191181558,7.178919792175293,1282700,0.0,0.0
2025-01-02 00:00:00,7.227206230163574,7.235254528622604,7.162821377547309,7.227206230163574,606000,0.0,0.0
2025-01-03 00:00:00,7.243306655392585,7.283547401428223,7.211114212069754,7.283547401428223,437300,0.0,0.0
2025-01-06 00:00:00,7.28354545557086,7.307689589730588,7.211112285563492,7.259401321411133,639200,0.0,0.0
2025-01-07 00:00:00,7.275498355673498,7.283546657564336,7.227209311856783,7.251354217529297,467800,0.0,0.0
2025-01-08 00:00:00,7.251353068427426,7.283545503361019,7.2272081665810886,7.267448902130127,633600,0.0,0.0
2025-01-10 00:00:00,7.146727289038849,7.16282312234973,7.082342420738982,7.114534854888916,1965800,0.0,0.0
2025-01-13 00:00:00,7.13867871353661,7.13867871353661,7.066245547608363,7.082342147827148,1510700,0.0,0.0
2025-01-14 00:00:00,7.114534540549934,7.122582840613865,7.042101375030828,7.058197975158691,1113000,0.0,0.0
2025-01-15 00:00:00,7.09476897739452,7.10289604696588,7.029753970903666,7.046008110046387,2959800,0.085,0.0
2025-01-16 00:00:00,7.054135849701967,7.086643356035337,7.021628343368597,7.029754638671875,1140600,0.0,0.0
2025-01-17 00:00:00,7.062261558389974,7.078515697726578,6.989120256495321,7.013500690460205,1734900,0.0,0.0
2025-01-21 00:00:00,6.948486752405776,6.948486752405776,6.818456717864405,6.9078521728515625,2847600,0.0,0.0
2025-01-22 00:00:00,6.90785236565253,6.96474031359211,6.867217784964188,6.956614017486572,1178000,0.0,0.0
2025-01-23 00:00:00,6.980993355707433,6.980993355707433,6.9322317115580265,6.948485851287842,767700,0.0,0.0
2025-01-24 00:00:00,6.948486946340871,6.96474031359211,6.9241065079439315,6.956614017486572,903500,0.0,0.0
2025-01-27 00:00:00,6.9566126706378775,6.964738965170108,6.883470594567711,6.924105167388916,1277200,0.0,0.0
2025-01-28 00:00:00,6.8997238635886635,6.90785093304891,6.867216360787681,6.891596794128418,1022800,0.0,0.0
2025-01-29 00:00:00,6.915979862213135,6.915979862213135,6.883472350670896,6.915979862213135,760600,0.0,0.0
2025-01-30 00:00:00,6.924105608026798,6.948486043255044,6.915978537937362,6.932231903076172,1090200,0.0,0.0
2025-01-31 00:00:00,6.948486856907417,7.037882313239036,6.948486856907417,6.989121437072754,1712200,0.0,0.0
2025-02-03 00:00:00,6.997246913711535,7.005373983800972,6.907851467847926,6.932231903076172,1172800,0.0,0.0
2025-02-04 00:00:00,6.940359115600586,6.940359115600586,6.915978679871988,6.940359115600586,792800,0.0,0.0
2025-02-05 00:00:00,6.964739215977617,6.989120425572341,6.9322317115580265,6.948485851287842,670700,0.0,0.0
2025-02-06 00:00:00,6.95661292115275,6.980993355707433,6.924105416733159,6.948485851287842,1278500,0.0,0.0
2025-02-07 00:00:00,6.95661292115275,6.964739215977617,6.9322317115580265,6.948485851287842,1109100,0.0,0.0
2025-02-10 00:00:00,6.96474031359211,6.972867384737811,6.948486946340871,6.956614017486572,1707400,0.0,0.0
2025-02-11 00:00:00,6.9647389887498505,6.972866058349609,6.940358554990591,6.972866058349609,942400,0.0,0.0
2025-02-12 00:00:00,6.964739799499512,6.9728668700453245,6.948486433447993,6.964739799499512,1268100,0.0,0.0
2025-02-13 00:00:00,6.972867629953991,6.9972480692083225,6.964740558522484,6.980994701385498,1255100,0.0,0.0
2025-02-14 00:00:00,6.985097903583022,6.985097903583022,6.94405721990648,6.976889610290527,1311400,0.085,0.0
2025-02-18 00:00:00,6.9686808586120605,7.001513246836459,6.944056763140233,6.9686808586120605,1919900,0.0,0.0
2025-02-19 00:00:00,6.985097418189408,7.058970487116567,6.960472540023103,7.042553901672363,2321000,0.0,0.0
2025-02-20 00:00:00,7.0589707029085655,7.100010602201903,7.050762409935537,7.083594799041748,1087300,0.0,0.0
2025-02-21 00:00:00,7.075386316037826,7.075386316037826,6.952265055892802,6.9686808586120605,1614800,0.0,0.0
2025-02-24 00:00:00,6.9933061599731445,7.0261385501839415,6.952265476513166,6.9933061599731445,933200,0.0,0.0
2025-02-25 00:00:00,7.0261390483387665,7.042554853215084,6.985098361968994,6.985098361968994,1124900,0.0,0.0
2025-02-26 00:00:00,6.985097903583022,7.009722000674574,6.9686813169980315,6.976889610290527,3749000,0.0,0.0
2025-02-27 00:00:00,6.9850974441172005,7.009721539589029,6.952265055892802,6.9686808586120605,1297200,0.0,0.0
2025-02-28 00:00:00,6.985097202152366,7.0015130043029785,6.976888909684132,7.0015130043029785,1150300,0.0,0.0
2025-03-03 00:00:00,7.017930754507614,7.034346559383933,6.985098361968994,6.985098361968994,1219300,0.0,0.0
2025-03-04 00:00:00,6.976889610290527,6.993306196875517,6.903016536229937,6.976889610290527,1728400,0.0,0.0
2025-03-05 00:00:00,6.985097202152366,7.0015130043029785,6.952264815065286,7.0015130043029785,1132900,0.0,0.0
2025-03-06 00:00:00,6.993306655800145,7.009722460676463,6.968681774306691,6.985098361968994,1386100,0.0,0.0
2025-03-07 00:00:00,6.976889573474782,7.01793025693476,6.952265476513166,6.9933061599731445,1400100,0.0,0.0
2025-03-10 00:00:00,6.960471852193916,6.976888436015844,6.911223666299735,6.935847759246826,1102400,0.0,0.0
2025-03-11 00:00:00,6.935848926613985,6.976889610290527,6.911224829522432,6.976889610290527,1339800,0.0,0.0
2025-03-12 00:00:00,6.993306196875517,7.001513707382079,6.911224829522432,6.976889610290527,1485500,0.0,0.0
2025-03-13 00:00:00,6.9850977067220485,6.9850977067220485,6.919432927804584,6.927640438079834,669200,0.0,0.0
2025-03-14 00:00:00,6.95666130215652,6.989827711611097,6.940077702054443,6.981535911560059,789400,0.085,0.0
2025-03-17 00:00:00,6.973245143890381,6.9898287464476425,6.931786928246921,6.973245143890381,795500,0.0,0.0
2025-03-18 00:00:00,6.9898287464476425,6.9898287464476425,6.940078729525552,6.973245143890381,565800,0.0,0.0
2025-03-19 00:00:00,6.981536543394787,6.998119354248047,6.931786529335716,6.998119354248047,1243500,0.0,0.0
2025-03-20 00:00:00,6.9898271560668945,7.006409964101412,6.9483689498563335,6.9898271560668945,592600,0.0,0.0
2025-03-21 00:00:00,6.989827711611097,6.989827711611097,6.95666130215652,6.981535911560059,519200,0.0,0.0
2025-03-24 00:00:00,6.9898271560668945,6.9898271560668945,6.964951757890851,6.9898271560668945,507000,0.0,0.0
2025-03-25 00:00:00,6.99811832233894,7.014701921496508,6.981535513930903,7.006410121917725,688400,0.0,0.0
2025-03-26 00:00:00,7.006411155049499,7.022994756652406,6.998119354248047,6.998119354248047,425500,0.0,0.0
2025-03-27 00:00:00,6.998118164709397,7.006409964101412,6.9898271560668945,6.9898271560668945,631600,0.0,0.0
2025-03-28 00:00:00,6.989827313509688,7.006410121917725,6.989827313509688,7.006410121917725,476900,0.0,0.0
2025-03-31 00:00:00,7.006411392951187,7.056161408699514,6.964953178285861,7.0229949951171875,1932900,0.0,0.0
2025-04-01 00:00:00,7.022995149187897,7.047869762232923,7.022995149187897,7.039577960968018,752900,0.0,0.0
2025-04-02 00:00:00,7.0312860054505135,7.0312860054505135,6.998119591868187,7.0229949951171875,494500,0.0,0.0
2025-04-03 00:00:00,6.9483705308041825,6.973245143890381,6.906912315160723,6.973245143890381,776000,0.0,0.0
2025-04-04 00:00:00,6.890328241643706,6.890328241643706,6.4094145306655905,6.525496959686279,3039700,0.0,0.0
2025-04-07 00:00:00,6.301623986330587,6.4011232187891425,5.90362666112156,6.226999759674072,2422000,0.0,0.0
2025-04-08 00:00:00,6.467455287615889,6.633287312272816,6.276748261573056,6.3016228675842285,1169900,0.0,0.0
2025-04-09 00:00:00,6.293332783386657,6.658163314115758,6.2269999596177295,6.6084136962890625,2188200,0.0,0.0
2025-04-10 00:00:00,6.608413551404967,6.608413551404967,6.392831878882405,6.417706489562988,1110900,0.0,0.0
2025-04-11 00:00:00,6.492330709545927,6.58353853225708,6.39283148224728,6.58353853225708,727700,0.0,0.0
2025-04-14 00:00:00,6.5752472832202065,6.716205126766012,6.5752472832202065,6.649872303009033,696000,0.0,0.0
2025-04-15 00:00:00,6.687583391021218,6.746246546942565,6.662441924309196,6.737865924835205,507800,0.085,0.0
2025-04-16 00:00:00,6.746246853026371,6.746246853026371,6.620540312982945,6.645681381225586,693700,0.0,0.0
2025-04-17 00:00:00,6.695963455110173,6.70434407701927,6.612159234069442,6.628920078277588,375300,0.0,0.0
2025-04-21 00:00:00,6.620540179894016,6.64568124763126,6.536735954753093,6.5870184898376465,537300,0.0,0.0
2025-04-22 00:00:00,6.628920078277588,6.628920078277588,6.587018167562246,6.628920078277588,387100,0.0,0.0
2025-04-23 00:00:00,6.670822375426324,6.754626995911567,6.662441753533781,6.712724685668945,401700,0.0,0.0
2025-04-24 00:00:00,6.7546274371678034,6.779768505267717,6.71272512418785,6.746246814727783,287100,0.0,0.0
2025-04-25 00:00:00,6.77976823615189,6.788148858259249,6.7211054798406,6.737865924835205,375700,0.0,0.0
2025-04-28 00:00:00,6.746246814727783,6.7546274371678034,6.7294855698477445,6.746246814727783,286300,0.0,0.0
2025-04-29 00:00:00,6.7462475163413815,6.788149833679199,6.721106445626782,6.788149833679199,443700,0.0,0.0
2025-04-30 00:00:00,6.779767712906113,6.855191707611084,6.754626647744473,6.855191707611084,577800,0.0,0.0
2025-05-01 00:00:00,6.863572864306268,6.880334110486212,6.830051171166587,6.87195348739624,678000,0.0,0.0
2025-05-02 00:00:00,6.8887128829956055,6.922234567130037,6.863571020479788,6.8887128829956055,544000,0.0,0.0
2025-05-05 00:00:00,6.897094040319148,6.92223590770399,6.880333594616067,6.905474662780762,295000,0.0,0.0
2025-05-06 00:00:00,6.905474012574805,6.905474012574805,6.846811259307372,6.880332946777344,331100,0.0,0.0
2025-05-07 00:00:00,6.897093296051025,6.91385453916554,6.871952230599313,6.897093296051025,340200,0.0,0.0
2025-05-08 00:00:00,6.922235255919827,6.930615877592338,6.8635717034323225,6.880332946777344,355600,0.0,0.0
2025-05-09 00:00:00,6.905474432356214,6.913855054538179,6.855192297704658,6.863572120666504,683900,0.0,0.0
2025-05-12 00:00:00,6.922235160722798,6.955756847731768,6.880332852156571,6.897093296051025,565000,0.0,0.0
2025-05-13 00:00:00,6.9054735011100785,6.922234743213653,6.9054735011100785,6.913854122161865,385900,0.0,0.0
2025-05-14 00:00:00,6.922235452690426,6.955757141113281,6.905474208868951,6.955757141113281,506200,0.0,0.0
2025-05-15 00:00:00,6.97692450275461,6.97692450275461,6.9261221052165824,6.951523303985596,619100,0.085,0.0
2025-05-16 00:00:00,6.934588716599976,6.943056052121396,6.926122188568115,6.926122188568115,564200,0.0,0.0
2025-05-19 00:00:00,6.892254014278277,6.926122550644943,6.866852006386075,6.883786678314209,545100,0.0,0.0
2025-05-20 00:00:00,6.8837860636872135,6.892253398895264,6.875318728479162,6.892253398895264,459100,0.0,0.0
2025-05-21 00:00:00,6.892254014278277,6.934589079119409,6.883786678314209,6.883786678314209,598600,0.0,0.0
2025-05-22 00:00:00,6.909188409765512,6.926123082995265,6.883787207410545,6.900721073150635,384400,0.0,0.0
2025-05-23 00:00:00,6.900720934124559,6.9176556070131365,6.883787068725629,6.909188270568848,447900,0.0,0.0
2025-05-27 00:00:00,6.943056244905699,6.9515235806622275,6.909187709369167,6.93458890914917,390100,0.0,0.0
2025-05-28 00:00:00,6.959992211743628,6.976926078918667,6.926123669903818,6.943057537078857,372300,0.0,0.0
2025-05-29 00:00:00,6.943055830900543,6.959990501403809,6.934588495648911,6.959990501403809,404200,0.0,0.0
2025-05-30 00:00:00,6.95999061901087,7.002326488494873,6.943055948221449,7.002326488494873,501000,0.0,0.0
2025-06-02 00:00:00,7.019261135135173,7.05312967300415,7.002327269945503,7.05312967300415,669900,0.0,0.0
2025-06-03 00:00:00,7.053129142082705,7.053129142082705,7.019260606763168,7.036195278167725,489500,0.0,0.0
2025-06-04 00:00:00,7.0531288572719815,7.061596192632343,7.019260323320082,7.044661521911621,676800,0.0,0.0
2025-06-05 00:00:00,7.053129142082705,7.053129142082705,7.010793271060889,7.036195278167725,425100,0.0,0.0
2025-06-06 00:00:00,7.027728080749512,7.053129280866588,7.027728080749512,7.027728080749512,358600,0.0,0.0
2025-06-09 00:00:00,7.027728807769846,7.095465886749197,7.027728807769846,7.0615973472595215,532400,0.0,0.0
2025-06-10 00:00:00,7.053130010514684,7.0615973472595215,7.036196144514684,7.0615973472595215,786900,0.0,0.0
2025-06-11 00:00:00,7.078529641541512,7.078529641541512,7.0446611095720115,7.07006311416626,530300,0.0,0.0
2025-06-12 00:00:00,7.078530848587576,7.11239938633241,7.070064319768593,7.103932857513428,676500,0.0,0.0
2025-06-13 00:00:00,7.108209811861821,7.108209811861821,7.048332643225417,7.0739946365356445,579200,0.085,0.0
2025-06-16 00:00:00,7.09965488680951,7.09965488680951,7.0397777259936305,7.056885719299316,483000,0.0,0.0
2025-06-17 00:00:00,7.073994684677497,7.091101864579944,7.039778693364338,7.048332691192627,417500,0.0,0.0
2025-06-18 00:00:00,7.065440686849207,7.082547866751654,7.039778693364338,7.048332691192627,350700,0.0,0.0
2025-06-20 00:00:00,7.073993712605001,7.0911008901566674,7.0483317226464735,7.056885719299316,453100,0.0,0.0
2025-06-23 00:00:00,7.065440960913468,7.082548141479492,7.065440960913468,7.082548141479492,471000,0.0,0.0
2025-06-24 00:00:00,7.091102378839355,7.133871555328369,7.082548380390714,7.133871555328369,609000,0.0,0.0
2025-06-25 00:00:00,7.142424890605217,7.1680860678143175,7.142424890605217,7.159532070159912,565500,0.0,0.0
2025-06-26 00:00:00,7.176639572170192,7.185192753482564,7.150977580970897,7.16808557510376,459700,0.0,0.0
2025-06-27 00:00:00,7.168085867118993,7.193747043609619,7.142424690628366,7.193747043609619,597400,0.0,0.0
2025-06-30 00:00:00,7.1937477604461,7.245070934295654,7.1937477604461,7.245070934295654,842500,0.0,0.0
2025-07-01 00:00:00,7.253623008728027,7.253623008728027,7.2279618336004,7.253623008728027,617700,0.0,0.0
2025-07-02 00:00:00,7.253623929870681,7.2707319259643555,7.23651674953116,7.2707319259643555,461900,0.0,0.0
2025-07-03 00:00:00,7.279286861419677,7.279286861419677,7.262178863122878,7.279286861419678,289500,0.0,0.0
2025-07-07 00:00:00,7.262177927917518,7.287839922058029,7.245070747577997,7.2707319259643555,680000,0.0,0.0
2025-07-08 00:00:00,7.29639196395874,7.304945960668627,7.27928478629299,7.29639196395874,694900,0.0,0.0
2025-07-09 00:00:00,7.347716056602537,7.347716056602537,7.29639288561427,7.313500881195068,624600,0.0,0.0
2025-07-10 00:00:00,7.339162520716576,7.339162520716576,7.3135013414844705,7.322055339813232,559900,0.0,0.0
2025-07-11 00:00:00,7.330607399008707,7.339161396026611,7.304946223709049,7.339161396026611,604700,0.0,0.0
2025-07-14 00:00:00,7.33916141128129,7.33916141128129,7.3220542329639775,7.3306074142456055,443200,0.0,0.0
2025-07-15 00:00:00,7.343568679717065,7.35220837002373,7.257173424502849,7.3349289894104,1196000,0.085,0.0
2025-07-16 00:00:00,7.326289299103736,7.3349289894104,7.3003710521099565,7.3349289894104,538100,0.0,0.0
2025-07-17 00:00:00,7.317650318145752,7.326289184390936,7.3003709378029775,7.317650318145752,365900,0.0,0.0
2025-07-18 00:00:00,7.334928874562324,7.334928874562324,7.3003709378029775,7.317650318145752,345500,0.0,0.0
2025-07-21 00:00:00,7.343568679717065,7.343568679717065,7.3003710521099565,7.3349289894104,536300,0.0,0.0
2025-07-22 00:00:00,7.334929230358606,7.334929230358606,7.29173160133248,7.309010982513428,412900,0.0,0.0
2025-07-23 00:00:00,7.317648881879847,7.326287746429443,7.300369504928568,7.326287746429443,415500,0.0,0.0
2025-07-24 00:00:00,7.326287024806139,7.326287024806139,7.300368785858154,7.300368785858154,297900,0.0,0.0
2025-07-25 00:00:00,7.317650675900507,7.352208614349365,7.300371294712955,7.352208614349365,620300,0.0,0.0
2025-07-28 00:00:00,7.35220837002373,7.35220837002373,7.309010742416622,7.3349289894104,643600,0.0,0.0
2025-07-29 00:00:00,7.343568564733711,7.343568564733711,7.309010627974365,7.317650318145752,351100,0.0,0.0
2025-07-30 00:00:00,7.3349289894104,7.343568679717065,7.317650432723287,7.3349289894104,233900,0.0,0.0
2025-07-31 00:00:00,7.334928404292139,7.36084747314453,7.334928404292139,7.360847473144531,533100,0.0,0.0
2025-08-01 00:00:00,7.369486092264625,7.369486092264625,7.317649604146508,7.343567848205566,479600,0.0,0.0
2025-08-04 00:00:00,7.35220837002373,7.35220837002373,7.326289299103736,7.3349289894104,321000,0.0,0.0
2025-08-05 00:00:00,7.343567848205566,7.35220753753396,7.326288469548779,7.343567848205566,336200,0.0,0.0
2025-08-06 00:00:00,7.352207783527067,7.378126028453308,7.343568093909603,7.360847473144531,660000,0.0,0.0
2025-08-07 00:00:00,7.369486338835844,7.378126028453308,7.352207783527067,7.360847473144531,816600,0.0,0.0
2025-08-08 00:00:00,7.369485978377145,7.3781256675720215,7.352207423913502,7.3781256675720215,383300,0.0,0.0
2025-08-11 00:00:00,7.386765470921413,7.386765470921413,7.334928158877173,7.343567848205566,488500,0.0,0.0
2025-08-12 00:00:00,7.360848060330396,7.360848060330396,7.326289299103736,7.3349289894104,533800,0.0,0.0
2025-08-13 00:00:00,7.34356892375559,7.352208614349365,7.317650675900507,7.352208614349365,597900,0.0,0.0
2025-08-14 00:00:00,7.343567848205566,7.369486092264625,7.334928158877173,7.343567848205566,745800,0.0,0.0
2025-08-15 00:00:00,7.365383282246334,7.382837197480194,7.3304762840271,7.3304762840271,525700,0.085,0.0
2025-08-18 00:00:00,7.33920324164403,7.374110239863264,7.313023201041725,7.3304762840271,708000,0.0,0.0
2025-08-19 00:00:00,7.347931270259779,7.356658229148708,7.33047735248192,7.33920431137085,561700,0.0,0.0
2025-08-20 00:00:00,7.34793019926096,7.35665715687789,7.304296243424795,7.3304762840271,750700,0.0,0.0
2025-08-21 00:00:00,7.3217512502893625,7.3304773769588225,7.295570373535156,7.295570373535156,734000,0.0,0.0
2025-08-22 00:00:00,7.295570126791038,7.3304771290341115,7.286844000416705,7.313024044036865,484100,0.0,0.0
2025-08-25 00:00:00,7.339202637563833,7.356656551361084,7.3130225991163735,7.356656551361084,494800,0.0,0.0
2025-08-26 00:00:00,7.365384578704834,7.365384578704834,7.330477574341252,7.365384578704834,403400,0.0,0.0
2025-08-27 00:00:00,7.356658451800413,7.365384578704834,7.321751447436831,7.365384578704834,460100,0.0,0.0
2025-08-28 00:00:00,7.374110951331329,7.374110951331329,7.339203949744202,7.347930908203125,414600,0.0,0.0
2025-08-29 00:00:00,7.339202274568882,7.374109268188477,7.321749193883272,7.374109268188477,559700,0.0,0.0
2025-09-02 00:00:00,7.365384578704834,7.374111537857887,7.339204533494305,7.365384578704834,455000,0.0,0.0
2025-09-03 00:00:00,7.356658451800413,7.374111537857887,7.339204533494305,7.365384578704834,460800,0.0,0.0
2025-09-04 00:00:00,7.330476991285279,7.365383992872406,7.313023906615998,7.347930908203125,549500,0.0,0.0
2025-09-05 00:00:00,7.365384578704834,7.365384578704834,7.330477574341252,7.365384578704834,815500,0.0,0.0
2025-09-08 00:00:00,7.34793019926096,7.374110239863264,7.3304762840271,7.3304762840271,805600,0.0,0.0
2025-09-09 00:00:00,7.33047735248192,7.347931270259779,7.33047735248192,7.33920431137085,457500,0.0,0.0
2025-09-10 00:00:00,7.339204087657025,7.347931046279939,7.295570126791038,7.313024044036865,708400,0.0,0.0
2025-09-11 00:00:00,7.3304773769588225,7.3304773769588225,7.295570373535156,7.295570373535156,477700,0.0,0.0
2025-09-12 00:00:00,7.313024158946258,7.365384247009311,7.313024158946258,7.321751117706299,518000,0.0,0.0
2025-09-15 00:00:00,7.3614233033803504,7.3614233033803504,7.317342758178711,7.317342758178711,683200,0.085,0.0
2025-09-16 00:00:00,7.334975170671189,7.34379144870482,7.282079184002502,7.290895462036133,612200,0.0,0.0
2025-09-17 00:00:00,7.317342533066942,7.317342533066942,7.264445712299006,7.282078266143799,559300,0.0,0.0
2025-09-18 00:00:00,7.290894134154405,7.290894134154405,7.237997316353201,7.2644453048706055,593200,0.0,0.0
2025-09-19 00:00:00,7.282078039936596,7.282078039936596,7.237997497460355,7.246813774108887,428700,0.0,0.0
2025-09-22 00:00:00,7.264445521195858,7.264445521195858,7.211549542585881,7.237997531890869,581800,0.0,0.0
2025-09-23 00:00:00,7.237998043824042,7.246814321138075,7.19391749802036,7.22918176651001,541900,0.0,0.0
2025-09-24 00:00:00,7.237997601004142,7.237997601004142,7.202733334671956,7.220365047454834,736500,0.0,0.0
2025-09-25 00:00:00,7.220366185930401,7.2291824640951665,7.158653920310165,7.202734470367432,842000,0.0,0.0
2025-09-26 00:00:00,7.193917337547824,7.2027336146651955,7.096940811556134,7.114572525024414,1147600,0.0,0.0
2025-09-29 00:00:00,7.132205044316609,7.141021321390786,7.070492786330283,7.123388767242432,1230700,0.0,0.0
2025-09-30 00:00:00,7.1145723939397705,7.211549758911133,7.096940680796353,7.211549758911133,1066200,0.0,0.0
2025-10-01 00:00:00,7.220366258176749,7.220366258176749,7.167470270192005,7.1851019859313965,765200,0.0,0.0
2025-10-02 00:00:00,7.176285813978678,7.202733805264196,7.149836981926677,7.158653259277344,646500,0.0,0.0
2025-10-03 00:00:00,7.149836757698505,7.158653034772683,7.123388767242432,7.123388767242432,834900,0.0,0.0
2025-10-06 00:00:00,7.123388506915058,7.149836496404578,7.079307963921572,7.096940517425537,748600,0.0,0.0
2025-10-07 00:00:00,7.105756068995776,7.141020331638366,7.096939793143544,7.132204055786133,756800,0.0,0.0
2025-10-08 00:00:00,7.141021545342494,7.158653259277345,7.132205267991827,7.158653259277344,732300,0.0,0.0
2025-10-09 00:00:00,7.167469536628011,7.1851012505628615,7.12338899064116,7.158653259277344,442400,0.0,0.0
2025-10-10 00:00:00,7.167469049908544,7.176285326660526,7.0704925279360165,7.096940517425537,673300,0.0,0.0
2025-10-13 00:00:00,7.13220478366704,7.141021060419023,7.044043697680069,7.096940517425537,804900,0.0,0.0
2025-10-14 00:00:00,7.088124082967311,7.088124082967311,7.026411408226141,7.04404354095459,690900,0.0,0.0
2025-10-15 00:00:00,7.021766731235992,7.0930536341068615,7.021766731235992,7.04849910736084,668300,0.085,0.0
2025-10-16 00:00:00,7.048499749039769,7.075232552501766,6.932658733780439,6.9504804611206055,1201400,0.0,0.0
2025-10-17 00:00:00,6.9593905143005035,6.9772122401092025,6.870281885257009,6.9237470626831055,1359600,0.0,0.0
2025-10-20 00:00:00,6.9415687884918045,6.9593905143005035,6.905925336874407,6.9237470626831055,842500,0.0,0.0
2025-10-21 00:00:00,6.932657909359471,6.986123085021973,6.923746834297332,6.986123085021973,971000,0.0,0.0
2025-10-22 00:00:00,6.9861235670609485,7.012855944284997,6.9861235670609485,6.995034217834473,769500,0.0,0.0
2025-10-23 00:00:00,6.9861235670609485,7.021767019961996,6.9861235670609485,6.995034217834473,808900,0.0,0.0
2025-10-24 00:00:00,7.0217671394348145,7.03067779035995,6.995034336852442,7.0217671394348145,593700,0.0,0.0
2025-10-27 00:00:00,7.057410177089119,7.066320827489201,7.030677376081959,7.039588451385498,591600,0.0,0.0
2025-10-28 00:00:00,7.057410182671427,7.0663208330785565,7.04849910736084,7.04849910736084,561200,0.0,0.0
2025-10-29 00:00:00,7.048499939100922,7.057411015463038,7.012856483459473,7.012856483459473,559700,0.0,0.0
2025-10-30 00:00:00,7.003945892736169,7.039589348686704,6.986124164760902,7.0306782722473145,705200,0.0,0.0
2025-10-31 00:00:00,7.1019642788964426,7.1019642788964426,7.039588451385498,7.039588451385498,963500,0.0,0.0
2025-11-03 00:00:00,7.084142558796274,7.084142558796274,7.030677381643122,7.04849910736084,816100,0.0,0.0
2025-11-04 00:00:00,7.0484997073044005,7.093054237842749,7.03067798006976,7.084143161773682,801900,0.0,0.0
2025-11-05 00:00:00,7.084143223172421,7.119786677950626,7.084143223172421,7.101964950561523,682300,0.0,0.0
2025-11-06 00:00:00,7.110875965077389,7.119786616242962,7.0752325106081075,7.084143161773682,953000,0.0,0.0
2025-11-07 00:00:00,7.084143156957856,7.084143156957856,7.0217673241307645,7.07523250579834,768000,0.0,0.0
2025-11-10 00:00:00,7.093052935346539,7.119785308837891,7.084141860913811,7.119785308837891,783300,0.0,0.0
2025-11-11 00:00:00,7.128697754096926,7.128697754096926,7.084143223172421,7.101964950561523,362800,0.0,0.0
2025-11-12 00:00:00,7.119785308837891,7.119785308837891,7.075231211384499,7.119785308837891,885800,0.0,0.0
2025-11-13 00:00:00,7.110876026707824,7.110876026707824,7.093054299318721,7.101964950561523,510100,0.0,0.0
2025-11-14 00:00:00,7.088453991429976,7.133488814395749,7.079447284527163,7.124481678009033,708200,0.085,0.0
2025-11-17 00:00:00,7.088454504218308,7.106468348810982,7.043420107478588,7.052426815032959,818900,0.0,0.0
2025-11-18 00:00:00,7.07044101918558,7.07044101918558,6.971364654145479,6.989378929138184,942000,0.0,0.0
2025-11-19 00:00:00,6.9803711087985905,7.016398796291741,6.9713639721833465,6.998384952545166,884500,0.0,0.0
2025-11-20 00:00:00,7.016398140159978,7.025405275932929,6.935335636138916,6.935335636138916,1113100,0.0,0.0
2025-11-21 00:00:00,6.953350493439492,6.989378612307783,6.935336648747315,6.980371475219727,1113700,0.0,0.0
2025-11-24 00:00:00,6.998384917730548,7.070440292358398,6.9893782106440225,7.070440292358398,680900,0.0,0.0
2025-11-25 00:00:00,7.0884541973038635,7.124481884929293,7.070440353491149,7.115475177764893,622100,0.0,0.0
2025-11-26 00:00:00,7.124482522946657,7.169517351253395,7.097461969549776,7.106468677520752,1006100,0.0,0.0
2025-11-28 00:00:00,7.106468260426542,7.151503086090088,7.106468260426542,7.151503086090088,492700,0.0,0.0
2025-12-01 00:00:00,7.151502865390322,7.151502865390322,7.106468041116578,7.115475177764893,826600,0.0,0.0
2025-12-02 00:00:00,7.133488925129006,7.151502768698164,7.106467945033315,7.142495632171631,652100,0.0,0.0
2025-12-03 00:00:00,7.124481884929293,7.142495728742007,7.0884541973038635,7.115475177764893,946400,0.0,0.0
2025-12-04 00:00:00,7.115475545182338,7.124482252811812,7.097461700439453,7.097461700439453,641200,0.0,0.0
2025-12-05 00:00:00,7.124481823329286,7.124481823329286,7.052426448701436,7.070440292358398,1536200,0.0,0.0
2025-12-08 00:00:00,7.061433952071263,7.070440659625634,7.025406262885914,7.052426815032959,1714600,0.0,0.0
2025-12-09 00:00:00,7.043420107478588,7.079447796663937,7.043420107478588,7.052426815032959,1199400,0.0,0.0
2025-12-10 00:00:00,7.061433426188559,7.079447269439697,7.043419582937421,7.079447269439697,975300,0.0,0.0
2025-12-11 00:00:00,7.0614333152771,7.0794471582453005,7.052426179051052,7.0614333152771,1154700,0.0,0.0
2025-12-12 00:00:00,7.043420107478588,7.070440659625634,7.034412970440284,7.052426815032959,1123400,0.0,0.0
2025-12-15 00:00:00,7.0934024348627664,7.0934024348627664,7.038767808124876,7.066085338592529,1357300,0.085,0.0
2025-12-16 00:00:00,7.056979953999022,7.075191497802734,7.020556866391598,7.075191497802734,2060900,0.0,0.0
2025-12-17 00:00:00,7.093403041606447,7.093403041606447,7.029662421194727,7.075191497802734,1892700,0.0,0.0
2025-12-18 00:00:00,7.066085942999605,7.093403041606447,7.066085942999605,7.075191497802734,1313800,0.0,0.0
2025-12-19 00:00:00,7.066085644835825,7.0842971878710745,7.04787366760314,7.056979656219482,1310200,0.0,0.0
2025-12-22 00:00:00,7.066084985413299,7.102508068084717,7.056978997646747,7.102508068084717,1314100,0.0,0.0
2025-12-23 00:00:00,7.093402257134753,7.1389313287076215,7.075190715345086,7.084296703338623,1109800,0.0,0.0
2025-12-24 00:00:00,7.1116136216538735,7.1207196094204255,7.102508068084717,7.102508068084717,497000,0.0,0.0
2025-12-26 00:00:00,7.120720037923913,7.14803713447264,7.120720037923913,7.129825592041016,773400,0.0,0.0
2025-12-29 00:00:00,7.111613750457764,7.138931280054793,7.102508196723689,7.111613750457764,1815000,0.0,0.0
2025-12-30 00:00:00,7.120720037923913,7.157143122787162,7.120720037923913,7.129825592041016,1842800,0.0,0.0
2025-12-31 00:00:00,7.166248676904265,7.193566207650411,7.102508495492289,7.129825592041016,1466600,0.0,0.0
2026-01-02 00:00:00,7.138932407884952,7.14803796305755,7.075191784886882,7.120720863342285,1195500,0.0,0.0
2026-01-05 00:00:00,7.102508488754272,7.1571431159973145,7.093402500448388,7.1571431159973145,1192900,0.0,0.0
2026-01-06 00:00:00,7.166249096455785,7.184460639953613,7.148037552957957,7.184460639953613,887000,0.0,0.0
2026-01-07 00:00:00,7.211778523185533,7.211778523185533,7.148037900743135,7.175355434417725,1021500,0.0,0.0
2026-01-08 00:00:00,7.184460333866975,7.211777865048604,7.184460333866975,7.19356632232666,873000,0.0,0.0
2026-01-09 00:00:00,7.184460989510943,7.202672533894847,7.175355434417725,7.175355434417725,489200,0.0,0.0
2026-01-12 00:00:00,7.175354899576683,7.2390950830705085,7.166248910964745,7.229989528656006,1315600,0.0,0.0
2026-01-13 00:00:00,7.229989173882582,7.266412258148193,7.229989173882582,7.266412258148193,1106600,0.0,0.0
2026-01-14 00:00:00,7.275517463684082,7.284623451413097,7.248200368891823,7.275517463684082,1321200,0.0,0.0
2026-01-15 00:00:00,7.307731694766443,7.316935158800457,7.252509593963623,7.252509593963623,870000,0.085,0.0
2026-01-16 00:00:00,7.252509159151615,7.270916524982306,7.215694427490234,7.215694427490234,983600,0.0,0.0
2026-01-20 00:00:00,7.2156939309072925,7.243304758320046,7.169675300064451,7.234101295471191,911100,0.0,0.0
2026-01-21 00:00:00,7.243305152666533,7.3077311515808105,7.243305152666533,7.3077311515808105,996000,0.0,0.0
2026-01-22 00:00:00,7.3261380001129135,7.344545364379883,7.298526734279368,7.344545364379883,685400,0.0,0.0
2026-01-23 00:00:00,7.3537488270802776,7.362952728646853,7.316934098546337,7.344545364379883,1069400,0.0,0.0
2026-01-26 00:00:00,7.344545874047106,7.344545874047106,7.280119875208844,7.298527240753174,630400,0.0,0.0
2026-01-27 00:00:00,7.316934635757253,7.316934635757253,7.261712538901925,7.289323806762695,663500,0.0,0.0
2026-01-28 00:00:00,7.289323827615681,7.3077311932867834,7.252509096273479,7.27091646194458,552400,0.0,0.0
2026-01-29 00:00:00,7.270916420448713,7.3077311515808105,7.2525090548826645,7.3077311515808105,1141400,0.0,0.0
2026-01-30 00:00:00,7.298527783878368,7.335342517706624,7.243305683135986,7.243305683135986,867400,0.0,0.0
2026-02-02 00:00:00,7.280119988464541,7.298527354295232,7.1972870616595435,7.215694427490234,1846300,0.0,0.0
2026-02-03 00:00:00,7.243305227236265,7.243305227236265,7.169675764214055,7.224897861480713,1089400,0.0,0.0
2026-02-04 00:00:00,7.234101793320924,7.234101793320924,7.1788796958288525,7.215694427490234,711400,0.0,0.0
2026-02-05 00:00:00,7.206490079574387,7.206490079574387,7.151267985496621,7.169675350189209,1211200,0.0,0.0
2026-02-06 00:00:00,7.160472414265088,7.188083243902948,7.142065048217773,7.142065048217773,723300,0.0,0.0
2026-02-09 00:00:00,7.160472384626925,7.169675848179376,7.151268482208252,7.151268482208252,723200,0.0,0.0
2026-02-10 00:00:00,7.1696762894202095,7.197287559509277,7.1512689223162464,7.197287559509277,553000,0.0,0.0
2026-02-11 00:00:00,7.224898316221858,7.243305683135986,7.206490949307731,7.243305683135986,703300,0.0,0.0
2026-02-12 00:00:00,7.252509150618288,7.261712614089695,7.19728705319119,7.206490516662598,554700,0.0,0.0
2026-02-13 00:00:00,7.220448321624485,7.229752792080416,7.192534022891237,7.201838493347168,694400,0.085,0.0
2026-02-17 00:00:00,7.211142986144342,7.22044789973932,7.146009922027588,7.146009922027588,1090000,0.0,0.0
2026-02-18 00:00:00,7.173923882121487,7.1832283515966715,7.1460095863305755,7.164618968963623,572600,0.0,0.0
2026-02-19 00:00:00,7.183229108752578,7.201838493347168,7.155315253702057,7.201838493347168,569800,0.0,0.0
2026-02-20 00:00:00,7.20183762695876,7.220447452997295,7.183228244602898,7.211142539978027,334400,0.0,0.0
2026-02-23 00:00:00,7.192533210480855,7.201837679885829,7.136705063002982,7.1553144454956055,645400,0.0,0.0
2026-02-24 00:00:00,7.155314161457026,7.173923543210929,7.118095397949219,7.118095397949219,539400,0.0,0.0
2026-02-25 00:00:00,7.1460095863305755,7.173923882121487,7.136705116855391,7.164618968963623,609900,0.0,0.0
2026-02-26 00:00:00,7.183228012246551,7.183228012246551,7.118095397949219,7.118095397949219,448300,0.0,0.0
2026-02-27 00:00:00,7.118096323283056,7.127400793528235,7.0529632568359375,7.0529632568359375,787100,0.0,0.0
2026-03-02 00:00:00,7.015744295922232,7.025049209594727,6.94130676127309,7.025049209594727,1300300,0.0,0.0
2026-03-03 00:00:00,6.96922072476118,7.0064399363550365,6.941306870669178,6.978525638580322,1181800,0.0,0.0
2026-03-04 00:00:00,6.987829739624997,7.025048503207122,6.978524826888137,6.997134208679199,852900,0.0,0.0
2026-03-05 00:00:00,7.015744686126709,7.062268369711348,7.015744686126709,7.015744686126709,803700,0.0,0.0
2026-03-06 00:00:00,6.978525357445697,6.987830270889984,6.913392294383768,6.9413065910339355,1305500,0.0,0.0
2026-03-09 00:00:00,6.913392066955566,6.922696980093752,6.811040684531598,6.913392066955566,907200,0.0,0.0
2026-03-10 00:00:00,6.950610919661417,6.959915832916766,6.913392154005393,6.922697067260742,925400,0.0,0.0
2026-03-11 00:00:00,6.913392154005393,6.950610919661417,6.913392154005393,6.922697067260742,443900,0.0,0.0
2026-03-12 00:00:00,6.932001307607656,6.969220072032939,6.876173160969731,6.894782543182373,2031100,0.0,0.0
2026-03-13 00:00:00,6.921113322118748,6.930516775357716,6.864691257476807,6.864691257476807,1229800,0.078,0.0
2026-03-16 00:00:00,6.836480000954481,6.864691257476807,6.798865291193187,6.864691257476807,2023200,0.0,0.0
2026-03-17 00:00:00,6.855287355835127,6.864691257476807,6.8176726460738335,6.864691257476807,1428500,0.0,0.0
2026-03-18 00:00:00,6.84588426410449,6.911709785461426,6.84588426410449,6.911709785461426,957500,0.0,0.0
2026-03-19 00:00:00,6.864691564884654,6.902306276330373,6.845884209161794,6.892902374267578,1058300,0.0,0.0
2026-03-20 00:00:00,6.892902177470179,7.005746308585554,6.874094822284284,6.986938953399658,1224700,0.0,0.0
2026-03-23 00:00:00,6.986939122707134,6.996343024729316,6.958728313446045,6.958728313446045,752200,0.0,0.0
2026-03-24 00:00:00,6.968131853082828,6.968131853082828,6.874095073713824,6.911709785461426,1460600,0.0,0.0
2026-03-25 00:00:00,6.949324723717319,6.949324723717319,6.883499200214847,6.90230655670166,1631600,0.0,0.0
2026-03-26 00:00:00,6.874094992880881,6.883498894908567,6.780058214617662,6.808269023895264,1493200,0.0,0.0
2026-03-27 00:00:00,6.770654849907517,6.789462207052709,6.733040135617135,6.742444038391113,898500,0.0,0.0
2026-03-30 00:00:00,6.770654312589976,6.81767292592295,6.7330396012846885,6.808269023895264,892300,0.0,0.0
2026-03-31 00:00:00,6.827076685392969,7.080976205603294,6.8176727835616475,7.071572303771973,1003400,0.0,0.0
2026-04-01 00:00:00,7.127994883638322,7.127994883638322,6.996343387323864,7.005746841430664,750500,0.0,0.0
2026-04-02 00:00:00,6.883498920607513,6.939920987776092,6.733039626421907,6.892902374267578,985000,0.0,0.0
2026-04-06 00:00:00,6.921113657265777,6.977535724639893,6.864691589891662,6.977535724639893,806600,0.0,0.0
2026-04-07 00:00:00,6.977535500008069,6.996342855193965,6.939920789636278,6.986938953399658,598800,0.0,0.0
2026-04-08 00:00:00,7.05276517288172,7.090379884598203,7.043361270751232,7.062169075012207,561100,0.0,0.0
2026-04-09 00:00:00,7.0809761494456325,7.0809761494456325,7.043360990821384,7.052764892578125,504800,0.0,0.0
2026-04-10 00:00:00,7.052765227996863,7.090379940007294,7.024553969787671,7.080976486206055,586800,0.0,0.0
2026-04-13 00:00:00,7.06216882221043,7.146801696341582,7.05276492041657,7.1373982429504395,1440200,0.0,0.0
2026-04-14 00:00:00,7.146802282881127,7.184416996338179,7.127994926152601,7.175013542175293,999900,0.0,0.0
2026-04-15 00:00:00,7.182613306193326,7.192114334973128,7.11610746383667,7.11610746383667,767600,0.078,0.0
2026-04-16 00:00:00,7.154111385345459,7.173112990560116,7.125608751006471,7.154111385345459,626800,0.0,0.0
2026-04-17 00:00:00,7.173112796968813,7.230117611074313,7.1636117681009015,7.182613372802734,726400,0.0,0.0
2026-04-20 00:00:00,7.192113876342773,7.230117082970602,7.192113876342773,7.192113876342773,775100,0.0,0.0
2026-04-21 00:00:00,7.220616899830803,7.230117929116652,7.125608872142374,7.135109901428223,520500,0.0,0.0
2026-04-22 00:00:00,7.173112990560116,7.173112990560116,7.125608751006471,7.154111385345459,663600,0.0,0.0
2026-04-23 00:00:00,7.163610860795246,7.163610860795246,7.078103423949928,7.097105026245117,489800,0.0,0.0
2026-04-24 00:00:00,7.135109715502758,7.135109715502758,7.068603871336849,7.0876054763793945,453500,0.0,0.0
2026-04-27 00:00:00,7.097105026245117,7.106606053909679,7.078103423949928,7.097105026245117,673600,0.0,0.0
2026-04-28 00:00:00,7.106607609036288,7.106607609036288,7.0781049728393555,7.0781049728393555,628800,0.0,0.0
2026-04-29 00:00:00,7.097105859311052,7.11610746383667,7.078104254785434,7.11610746383667,547600,0.0,0.0
2026-04-30 00:00:00,7.0876054207256685,7.182613445192366,7.0876054207256685,7.173112869262695,926700,0.0,0.0
2026-05-01 00:00:00,7.21111620098943,7.21111620098943,7.144610356221128,7.154111385345459,642800,0.0,0.0
2026-05-04 00:00:00,7.144610169733993,7.144610169733993,7.097105931420295,7.106606960296631,466500,0.0,0.0
2026-05-05 00:00:00,7.14461009714209,7.154111125921892,7.097105859311052,7.11610746383667,523200,0.0,0.0
2026-05-06 00:00:00,7.144610356221128,7.154111385345459,7.116107721882141,7.154111385345459,830100,0.0,0.0
2026-05-07 00:00:00,7.163611961435786,7.163611961435786,7.135109780130802,7.154111385345459,494900,0.0,0.0
2026-05-08 00:00:00,7.154111385345459,7.154111385345459,7.135109780130802,7.154111385345459,404800,0.0,0.0
2026-05-11 00:00:00,7.154111385345459,7.163611961435786,7.154111385345459,7.154111385345459,655500,0.0,0.0
2026-05-12 00:00:00,7.1636117681009015,7.182613372802734,7.1541111922669804,7.182613372802734,632600,0.0,0.0
2026-05-13 00:00:00,7.192113686100084,7.220615863800049,7.1731120832887925,7.220615863800049,632200,0.0,0.0
2026-05-14 00:00:00,7.230116891722668,7.239617466611341,7.192113686100084,7.220615863800049,624200,0.0,0.0
2026-05-15 00:00:00,7.199498151265273,7.21869679469271,7.1611008644104,7.1611008644104,390000,0.078,0.0
2026-05-18 00:00:00,7.161100639250185,7.209097475175536,7.151501088972413,7.180299282073975,547600,0.0,0.0
2026-05-19 00:00:00,7.189897926096065,7.218696117401123,7.16110019252273,7.218696117401123,908100,0.0,0.0
2026-05-20 00:00:00,7.237894923275804,7.285891757296178,7.218696281214001,7.266693115234375,914000,0.0,0.0
2026-05-21 00:00:00,7.276292911421138,7.324289750085473,7.247495174407959,7.247495174407959,897700,0.0,0.0
2026-05-22 00:00:00,7.2570942917311605,7.305091130555743,7.2570942917311605,7.285892486572266,517500,0.0,0.0
2026-05-26 00:00:00,7.2954915796981155,7.324289774539221,7.276292935714638,7.285892486572266,943600,0.0,0.0
2026-05-27 00:00:00,7.305090543875533,7.343487828758758,7.285891901433921,7.314689636230469,632400,0.0,0.0
2026-05-28 00:00:00,7.324289798736572,7.343488442783476,7.3146902478472295,7.324289798736572,423900,0.0,0.0
2026-05-29 00:00:00,7.3146902478472295,7.3818857308772845,7.3146902478472295,7.324289798736572,617900,0.0,0.0
2026-06-01 00:00:00,7.324289186317146,7.343487828758758,7.305090543875533,7.314689636230469,898000,0.0,0.0
2026-06-02 00:00:00,7.2954912445282964,7.3434880811478065,7.2954912445282964,7.333888530731201,868200,0.0,0.0
2026-06-03 00:00:00,7.333888025286336,7.343487575041348,7.285891649706449,7.295490741729736,934600,0.0,0.0
2026-06-04 00:00:00,7.305090543875533,7.36268647120037,7.295490993788857,7.314689636230469,789400,0.0,0.0
2026-06-05 00:00:00,7.314690223681593,7.314690223681593,7.247495198605311,7.285892486572266,692500,0.0,0.0
2026-06-08 00:00:00,7.285891785263184,7.324289069534179,7.247494500992189,7.305090427398682,838900,0.0,0.0
2026-06-09 00:00:00,7.3146902478472295,7.3338888918941345,7.285892510642763,7.324289798736572,832700,0.0,0.0
2026-06-10 00:00:00,7.333888305881933,7.401083783542753,7.333888305881933,7.353086948394775,805800,0.0,0.0
2026-06-11 00:00:00,7.343487882966624,7.401083810716621,7.333888332809085,7.391484260559082,483700,0.0,0.0
2026-06-12 00:00:00,7.410682875933302,7.410682875933302,7.353086948394775,7.353086948394775,554800,0.0,0.0
2026-06-15 00:00:00,7.380241870880127,7.399638019902596,7.360845721857657,7.380241870880127,696300,0.078,0.0
2026-06-16 00:00:00,7.370543003082275,7.399637455617617,7.351146855538926,7.370543003082275,855200,0.0,0.0
2026-06-17 00:00:00,7.389939714171026,7.409335863193496,7.360845721857657,7.380241870880127,356600,0.0,0.0
2026-06-18 00:00:00,7.409336019459787,7.419034325395899,7.3705437205967,7.3996381759643555,552500,0.0,0.0
2026-06-22 00:00:00,7.389939150625625,7.419033603160966,7.370543003082275,7.370543003082275,367100,0.0,0.0
2026-06-23 00:00:00,7.380241707027734,7.419034004211426,7.370543401511481,7.419034004211426,412700,0.0,0.0
2026-06-24 00:00:00,7.428732083420426,7.428732083420426,7.389939785003662,7.389939785003662,438300,0.0,0.0
2026-06-25 00:00:00,7.389939714171026,7.428732012215966,7.380241870880127,7.380241870880127,420900,0.0,0.0
2026-06-26 00:00:00,7.380241707027734,7.419034004211426,7.380241707027734,7.419034004211426,518600,0.0,0.0
2026-06-29 00:00:00,7.428731918334961,7.438430223943968,7.399637926389269,7.428731918334961,428100,0.0,0.0
2026-06-30 00:00:00,7.428732003575365,7.486920450575093,7.4190341602957455,7.438430309295654,955100,0.0,0.0
2026-07-01 00:00:00,7.477222285708427,7.4869201285709535,7.448127832239549,7.457826137542725,695800,0.0,0.0
2026-07-02 00:00:00,7.477222919464111,7.486920763148609,7.4481284635292395,7.477222919464111,396000,0.0,0.0
2026-07-06 00:00:00,7.448127903315464,7.506316348367852,7.448127903315464,7.46752405166626,527900,0.0,0.0
2026-07-07 00:00:00,7.46752405166626,7.477222357061985,7.428731754964668,7.46752405166626,470400,0.0,0.0
2026-07-08 00:00:00,7.428731754964668,7.46752405166626,7.428731754964668,7.46752405166626,413600,0.0,0.0
2026-07-09 00:00:00,7.4772225135924,7.486920356750488,7.457826364835559,7.486920356750488,380500,0.0,0.0
2026-07-10 00:00:00,7.496618270874023,7.5063161135256875,7.486919965781719,7.496618270874023,404600,0.0,0.0
2026-07-13 00:00:00,7.506316348367852,7.516014653763577,7.46752405166626,7.46752405166626,672400,0.0,0.0
2026-07-14 00:00:00,7.496618270874023,7.5063161135256875,7.477222123130054,7.496618270874023,495100,0.0,0.0
2026-07-15 00:00:00,7.524049758911133,7.553440784486797,7.504455897578858,7.524049758911133,528000,0.078,0.0
2026-07-16 00:00:00,7.533846923154521,7.543643620243407,7.504455897578858,7.524049758911133,403000,0.0,0.0
2026-07-17 00:00:00,7.504455829853156,7.543643552164047,7.504455829853156,7.533846855163574,462100,0.0,0.0
2026-07-20 00:00:00,7.543643698220816,7.543643698220816,7.494659277961036,7.51425313949585,347100,0.0,0.0
2026-07-21 00:00:00,7.514253061822247,7.553440784486797,7.504455897578858,7.524049758911133,464600,0.0,0.0
2026-07-22 00:00:00,7.533847185653481,7.573034909683433,7.524050021068732,7.553441047668457,434700,0.0,0.0
2026-07-23 00:00:00,7.553440528999566,7.5730343896690995,7.494658946990967,7.494658946990967,546100,0.0,0.0
2026-07-24 00:00:00,7.5142528076605,7.5142528076605,7.484861783078957,7.494658946990967,329300,0.0,0.0
2026-07-27 00:00:00,7.524049613624932,7.543643474578857,7.48486189171708,7.543643474578857,591700,0.0,0.0
2026-07-28 00:00:00,7.543643433278482,7.543643433278482,7.484861850738525,7.484861850738525,350900,0.0,0.0
2026-07-29 00:00:00,7.504455857526199,7.514253021717298,7.465268135070801,7.465268135070801,649400,0.0,0.0
2026-07-30 00:00:00,7.475065416426222,7.533847001030663,7.4554715548914094,7.51425313949585,401200,0.0,0.0
2026-07-31 00:00:00,7.533847185653481,7.582831607113662,7.524050021068732,7.553441047668457,688300,0.0,0.0
2026-08-03 00:00:00,7.582830983123083,7.602425310680163,7.553440426096424,7.573034286499023,575600,0.0,0.0
2026-08-04 00:00:00,7.582831274474938,7.6024256027848836,7.533846855163574,7.533846855163574,360200,0.0,0.0
2026-08-05 00:00:00,7.573034286499023,7.582830983123083,7.543643262317884,7.573034286499023,372700,0.0,0.0
2026-08-06 00:00:00,7.582831528896605,7.582831528896605,7.543643805270874,7.56323766708374,432100,0.0,0.0
2026-08-07 00:00:00,7.582831102348236,7.622019290924072,7.582831102348236,7.622019290924072,482100,0.0,0.0
2026-08-10 00:00:00,7.612221905724813,7.680800649796018,7.582830881935875,7.65140962600708,811000,0.0,0.0
2026-08-11 00:00:00,7.680800982584252,7.680800982584252,7.622019399614004,7.671003818511963,771000,0.0,0.0
2026-08-12 00:00:00,7.67100377732628,7.680800941345967,7.612222194671631,7.612222194671631,803900,0.0,0.0
2026-08-13 00:00:00,7.6318166119864275,7.641613776720419,7.592628887359514,7.602426052093506,751100,0.0,0.0
2026-08-14 00:00:00,7.630135565812603,7.669721185793908,7.590549945831299,7.590549945831299,574900,0.078,0.0
2026-08-17 00:00:00,7.600445775225223,7.61034241572719,7.5608601570129395,7.5608601570129395,566600,0.0,0.0
2026-08-18 00:00:00,7.580652966119081,7.590549606621049,7.5410673479067984,7.5608601570129395,506400,0.0,0.0
2026-08-19 00:00:00,7.560860300141229,7.570756940830541,7.521274681179584,7.5311713218688965,616300,0.0,0.0
2026-08-20 00:00:00,7.54106762957857,7.54106762957857,7.501482009887695,7.501482009887695,532100,0.0,0.0
2026-08-21 00:00:00,7.501482039371608,7.521274849294839,7.4618964195251465,7.4618964195251465,627800,0.0,0.0
2026-08-24 00:00:00,7.461896195253639,7.471792835866712,7.432207217210019,7.442103385925293,697900,0.0,0.0
2026-08-25 00:00:00,7.47179314481271,7.511378765106201,7.461896503790428,7.511378765106201,641400,0.0,0.0
2026-08-26 00:00:00,7.531171350619111,7.531171350619111,7.491585731506348,7.491585731506348,300400,0.0,0.0
2026-08-27 00:00:00,7.511378512388074,7.5410674906604065,7.491585702907251,7.5311713218688965,363400,0.0,0.0
2026-08-28 00:00:00,7.550964212023266,7.580653190612793,7.53117140233098,7.580653190612793,798100,0.0,0.0
2026-08-31 00:00:00,7.590549693261932,7.610342502593994,7.570756883929868,7.610342502593994,528600,0.0,0.0
2026-09-01 00:00:00,7.610342559792186,7.620238728583697,7.521274681179584,7.5311713218688965,893700,0.0,0.0
2026-09-02 00:00:00,7.560860300141229,7.570756940830541,7.511378512388074,7.5311713218688965,648200,0.0,0.0
2026-09-03 00:00:00,7.620238612547542,7.620238612547542,7.511378398009573,7.521274566650391,394700,0.0,0.0
2026-09-04 00:00:00,7.481689284280828,7.620238954758857,7.461896474212538,7.55096435546875,771100,0.0,0.0
2026-09-08 00:00:00,7.54106757122822,7.610342641100125,7.54106757122822,7.580653190612793,751300,0.0,0.0
2026-09-09 00:00:00,7.590549945831299,7.590549945831299,7.5608604948964135,7.590549945831299,429800,0.0,0.0
2026-09-10 00:00:00,7.59054997560533,7.59054997560533,7.521274904417408,7.55096435546875,534400,0.0,0.0
2026-09-11 00:00:00,7.580652994188681,7.580652994188681,7.521274566650391,7.521274566650391,372300,0.0,0.0
2026-09-14 00:00:00,7.531171379674772,7.531171379674772,7.442103500378525,7.452000141143799,576500,0.0,0.0
2026-09-15 00:00:00,7.460000038146973,7.480000019073486,7.440000057220459,7.440000057220459,869300,0.078,0.0
2026-09-16 00:00:00,7.480000019073486,7.489999771118164,7.460000038146973,7.460000038146973,739400,0.0,0.0
2026-09-17 00:00:00,7.480000019073486,7.510000228881836,7.460000038146973,7.489999771118164,922100,0.0,0.0
2026-09-18 00:00:00,7.5,7.53000020980835,7.440000057220459,7.53000020980835,568900,0.0,0.0
2026-09-21 00:00:00,7.539999961853027,7.539999961853027,7.449999809265137,7.489999771118164,481100,0.0,0.0
2026-09-22 00:00:00,7.480000019073486,7.480000019073486,7.409999847412109,7.429999828338623,637300,0.0,0.0
2026-09-23 00:00:00,7.409999847412109,7.409999847412109,7.289999961853027,7.309999942779541,1506600,0.0,0.0
2026-09-24 00:00:00,7.269999980926514,7.28000020980835,7.21999979019165,7.239999771118164,1340300,0.0,0.0
2026-09-25 00:00:00,7.239999771118164,7.340000152587891,7.230000019073486,7.329999923706055,1401000,0.0,0.0
2026-09-28 00:00:00,7.28000020980835,7.320000171661377,7.230000019073486,7.260000228881836,925800,0.0,0.0
2026-09-29 00:00:00,7.269999980926514,7.369999885559082,7.260000228881836,7.369999885559082,914800,0.0,0.0
