Date,Open,High,Low,Close,Volume,Dividends,Stock Splits
2016-10-03 00:00:00,8.925576334643104,8.937493265080526,8.758743286132812,8.758743286132812,380900,0.0,0.0
2016-10-04 00:00:00,8.746828085703687,8.782577745303287,8.520411491394043,8.520411491394043,649925,0.0,0.0
2016-10-05 00:00:00,8.532326751964243,8.55616004469256,8.460826873779297,8.460826873779297,452475,0.0,0.0
2016-10-06 00:00:00,8.425077438354492,8.508493680962113,8.389327214215129,8.425077438354492,454675,0.0,0.0
2016-10-07 00:00:00,8.436991691589355,8.496575194181698,8.377408757227407,8.436991691589355,516300,0.0,0.0
2016-10-10 00:00:00,8.448911562610276,8.639577928156491,8.448911562610276,8.56807804107666,509050,0.0,0.0
2016-10-11 00:00:00,8.556160120620165,8.627659999439604,8.520410465325709,8.615743637084961,621425,0.0,0.0
2016-10-12 00:00:00,8.615743619036383,8.711076790595927,8.56807703325661,8.63957691192627,395025,0.0,0.0
2016-10-13 00:00:00,8.639576111373481,8.734909274099348,8.603825891236045,8.699159622192383,376800,0.0,0.0
2016-10-14 00:00:00,8.711078760996555,8.711078760996555,8.579995336336532,8.591912269592285,386550,0.0,0.0
2016-10-17 00:00:00,8.615743488582334,8.627659850731584,8.54424361099528,8.556159973144531,232950,0.0,0.0
2016-10-18 00:00:00,8.579992418034243,8.699159437137034,8.544242766887773,8.68724250793457,358450,0.0,0.0
2016-10-19 00:00:00,8.699159638076058,8.734909290048297,8.627659197670633,8.675326347351074,358150,0.0,0.0
2016-10-20 00:00:00,8.699158494923738,8.699158494923738,8.60382477632109,8.663408279418945,178900,0.0,0.0
2016-10-21 00:00:00,8.651492856788101,8.7229927273115,8.615742637411172,8.68724250793457,305800,0.0,0.0
2016-10-24 00:00:00,8.711076683186075,8.782576560974121,8.675327028407311,8.782576560974121,296950,0.0,0.0
2016-10-25 00:00:00,8.78257667243867,8.889826774597168,8.78257667243867,8.889826774597168,232075,0.0,0.0
2016-10-26 00:00:00,8.889824893275405,8.901741253087575,8.818325029711174,8.842158317565918,319125,0.0,0.0
2016-10-27 00:00:00,8.842159147140984,8.842159147140984,8.711075767526394,8.734909057617188,299250,0.0,0.0
2016-10-28 00:00:00,8.71107598341788,8.79449278491825,8.639576111373481,8.699159622192383,237150,0.0,0.0
2016-10-31 00:00:00,8.687244394773538,8.75874428082646,8.651494735862368,8.711077690124512,427300,0.0,0.0
2016-11-01 00:00:00,8.72299548697909,8.782578447150106,8.591912065433833,8.603828430175781,407525,0.0,0.0
2016-11-02 00:00:00,8.627660996194557,8.663411223849769,8.544244745383384,8.56807804107666,322900,0.0,0.0
2016-11-03 00:00:00,8.603827576929838,8.77066121261724,8.591911213369642,8.711077690124512,455550,0.0,0.0
2016-11-04 00:00:00,8.746828986054165,8.85407854412324,8.722995687790966,8.794495582580566,446300,0.0,0.0
2016-11-07 00:00:00,8.865994494992362,8.913661086237166,8.794494608125158,8.818327903747559,374900,0.0,0.0
2016-11-08 00:00:00,8.830244226048869,8.913661044451528,8.794494566898148,8.865994453430176,400875,0.0,0.0
2016-11-09 00:00:00,8.663410097994044,8.901743023954197,8.603826582388747,8.782576560974121,588400,0.0,0.0
2016-11-10 00:00:00,8.770659526353466,8.818326107890945,8.651493072509766,8.651493072509766,553550,0.0,0.0
2016-11-11 00:00:00,8.62765896809339,8.806408927889565,8.62765896809339,8.734909057617188,372650,0.0,0.0
2016-11-14 00:00:00,8.746826906195356,8.806409853570136,8.722993613599341,8.782576560974121,531475,0.0,0.0
2016-11-15 00:00:00,8.782577635027517,8.889827748940851,8.71107774849549,8.865994453430176,691350,0.0,0.0
2016-11-16 00:00:00,8.854076456710121,8.973243488162277,8.746826923925907,8.758743286132812,747325,0.0,0.0
2016-11-17 00:00:00,8.722993706636753,8.961326635138908,8.722993706636753,8.913660049438477,770950,0.0,0.0
2016-11-18 00:00:00,8.901742045578821,9.128158584471167,8.901742045578821,9.104325294494629,813975,0.0,0.0
2016-11-21 00:00:00,9.163910784633353,9.306910555406711,9.14007748950446,9.259243965148926,821425,0.0,0.0
2016-11-22 00:00:00,9.306907653808594,9.366491157169872,9.247324718677715,9.306907653808594,872975,0.0,0.0
2016-11-23 00:00:00,9.294994028408988,9.33074368635801,9.199660281340266,9.223493576049805,401875,0.0,0.0
2016-11-25 00:00:00,9.23541064983662,9.318827466720732,9.223493718182928,9.283077239990234,297975,0.0,0.0
2016-11-28 00:00:00,9.283076433624707,9.37840960565091,9.283076433624707,9.342659950256348,359450,0.0,0.0
2016-11-29 00:00:00,9.35457706451416,9.485660470701221,9.318827406246236,9.35457706451416,643475,0.0,0.0
2016-11-30 00:00:00,9.318824768066406,9.354574416213527,9.259241263513989,9.318824768066406,657700,0.0,0.0
2016-12-01 00:00:00,9.306909500328237,9.342659723084038,9.116243160911996,9.128159523010254,609125,0.0,0.0
2016-12-02 00:00:00,9.140076655380623,9.235409827196086,9.068576776519027,9.116243362426758,665050,0.0,0.0
2016-12-05 00:00:00,9.092409997959924,9.247326685056874,9.092409997959924,9.211576461791992,589275,0.0,0.0
2016-12-06 00:00:00,9.25924213569312,9.25924213569312,9.14007568359375,9.14007568359375,2249000,0.0,0.0
2016-12-07 00:00:00,9.175825441047474,9.33074211468047,9.151992150352434,9.271159172058105,1205800,0.0,0.0
2016-12-08 00:00:00,9.306910615566025,9.449910387263724,9.259244025000124,9.41416072845459,1202975,0.0,0.0
2016-12-09 00:00:00,9.426078113039427,9.592911766322539,9.40224481517479,9.545245170593262,893350,0.0,0.0
2016-12-12 00:00:00,9.533329162016798,9.580995762368426,9.354579126582843,9.390329360961914,539825,0.0,0.0
2016-12-13 00:00:00,9.39032739310102,9.414160688282267,9.211577395126369,9.235410690307617,668625,0.0,0.0
2016-12-14 00:00:00,9.235409623047145,9.283076207901207,9.092409868484964,9.128159523010254,562125,0.0,0.0
2016-12-15 00:00:00,9.104325355676194,9.128158645812894,8.973242544039575,9.008992195129395,557325,0.0,0.0
2016-12-16 00:00:00,9.068577664191134,9.259244026485318,9.044744368904361,9.187744140625,822425,0.0,0.0
2016-12-19 00:00:00,9.223495691500517,9.402245726934472,9.223495691500517,9.390329360961914,510675,0.0,0.0
2016-12-20 00:00:00,9.366493996090517,9.414160585934798,9.294994111324094,9.35457706451416,425425,0.0,0.0
2016-12-21 00:00:00,9.354578897609391,9.485662329483167,9.31882923233607,9.426078796386719,673500,0.0,0.0
2016-12-22 00:00:00,9.4379938006349,9.46182709535446,9.342660621756659,9.449910163879395,663725,0.0,0.0
2016-12-23 00:00:00,9.425461754519292,9.46213637635674,9.315436723141739,9.339886665344238,499700,0.8,0.0
2016-12-27 00:00:00,9.339885941712549,9.376561143641094,9.278761382408382,9.290986061096191,335550,0.0,0.0
2016-12-28 00:00:00,9.290986061096191,9.364335882020727,9.242086180479834,9.290986061096191,455925,0.0,0.0
2016-12-29 00:00:00,9.278761512977411,9.388785954446178,9.266536251185011,9.364336013793945,382250,0.0,0.0
2016-12-30 00:00:00,9.376560437541876,9.401010376008859,9.290985361441178,9.32766056060791,275150,0.0,0.0
2017-01-03 00:00:00,9.35210972153675,9.498809340141984,9.327659785102545,9.486584663391113,388525,0.0,0.0
2017-01-04 00:00:00,9.523259919971107,9.657734870910645,9.511035242394332,9.657734870910645,635800,0.0,0.0
2017-01-05 00:00:00,9.657736655331949,9.694411277770996,9.596611507356716,9.694411277770996,598650,0.0,0.0
2017-01-06 00:00:00,9.682183632694462,9.731083502925653,9.633283762463273,9.706633567810059,475100,0.0,0.0
2017-01-09 00:00:00,9.706637748180505,9.706637748180505,9.511038183016625,9.53548812866211,670700,0.0,0.0
2017-01-10 00:00:00,9.559934725032884,9.633284536271603,9.474359653788136,9.547709465026855,1141075,0.0,0.0
2017-01-11 00:00:00,9.54771281001851,9.657737856889534,9.511038183016625,9.53548812866211,958125,0.0,0.0
2017-01-12 00:00:00,9.523259276576189,9.547709213010394,9.449909467273573,9.486584663391113,1033325,0.0,0.0
2017-01-13 00:00:00,9.511036161171614,9.621060601721085,9.449911018585471,9.572160720825195,522625,0.0,0.0
2017-01-17 00:00:00,9.608837365348078,9.657737253584342,9.535487532993685,9.559937477111816,331300,0.0,0.0
2017-01-18 00:00:00,9.55993545233166,9.633285269150672,9.523260252455891,9.596610069274902,345075,0.0,0.0
2017-01-19 00:00:00,9.608835922963394,9.63328586341134,9.511036161171614,9.572160720825195,334175,0.0,0.0
2017-01-20 00:00:00,9.572159434415132,9.633284568786621,9.535484820138226,9.633284568786621,234275,0.0,0.0
2017-01-23 00:00:00,9.657733697578868,9.718858243901638,9.608833827347679,9.706633567810059,297375,0.0,0.0
2017-01-24 00:00:00,9.718859424659522,9.718859424659522,9.621059672315313,9.657734870910645,373575,0.0,0.0
2017-01-25 00:00:00,9.682184808996697,9.682184808996697,9.60883499473854,9.657734870910645,345550,0.0,0.0
2017-01-26 00:00:00,9.682184918860115,9.694409596575602,9.621059781485148,9.645509719848633,476400,0.0,0.0
2017-01-27 00:00:00,9.669960251124182,9.669960251124182,9.559935813208627,9.621060371398926,245950,0.0,0.0
2017-01-30 00:00:00,9.596612816923495,9.633288027299905,9.535488243539735,9.608838081359863,344350,0.0,0.0
2017-01-31 00:00:00,9.572159904758179,9.682184918860115,9.376560397850302,9.645509719848633,1141650,0.0,0.0
2017-02-01 00:00:00,9.657734980496631,9.755534733950569,9.608835103769662,9.645509719848633,830300,0.0,0.0
2017-02-02 00:00:00,9.65773606491488,9.731085888241415,9.633286123806036,9.718860626220703,430075,0.0,0.0
2017-02-03 00:00:00,9.755532740553926,9.8166572825065,9.718857549036468,9.767757415771484,485725,0.0,0.0
2017-02-06 00:00:00,9.767760774906368,9.87778580436398,9.755536095484741,9.841111183166504,388475,0.0,0.0
2017-02-07 00:00:00,9.804434770380297,9.865558739251691,9.77998425013976,9.82888412475586,403425,0.0,0.0
2017-02-08 00:00:00,9.743309160954817,9.84110949420602,9.71885922337514,9.816658973693848,630775,0.0,0.0
2017-02-09 00:00:00,9.828885197416719,9.89001033882389,9.779985317464003,9.792210578918457,1227450,0.0,0.0
2017-02-10 00:00:00,9.82888390718059,9.877783780714227,9.804434553346246,9.853334426879883,423025,0.0,0.0
2017-02-13 00:00:00,9.890009369365373,9.902234629621457,9.80443487930275,9.816658973693848,461850,0.0,0.0
2017-02-14 00:00:00,9.8533356093826,9.8533356093826,9.73108532794473,9.804435729980469,366025,0.0,0.0
2017-02-15 00:00:00,9.77998425013976,9.82888412475586,9.68218450090756,9.82888412475586,610250,0.0,0.0
2017-02-16 00:00:00,9.731084375523661,9.951134394228596,9.731084375523661,9.82888412475586,599550,0.0,0.0
2017-02-17 00:00:00,9.828883982923807,9.841109242867665,9.718858975159014,9.755534172058105,447775,0.0,0.0
2017-02-21 00:00:00,9.804435729980469,9.816659825432186,9.718860066627924,9.804435729980469,403700,0.0,0.0
2017-02-22 00:00:00,9.767761118746193,9.841111529588375,9.75553643889424,9.779986381530762,395125,0.0,0.0
2017-02-23 00:00:00,9.816658864635592,9.853334644996398,9.79220951026003,9.82888412475586,465075,0.0,0.0
2017-02-24 00:00:00,9.82888412475586,9.87778399937196,9.767758990019491,9.82888412475586,323400,0.0,0.0
2017-02-27 00:00:00,9.80443487930275,9.865558848853201,9.80443487930275,9.816658973693848,439075,0.0,0.0
2017-02-28 00:00:00,9.804435729980469,9.8533356093826,9.77998520734686,9.804435729980469,727650,0.0,0.0
2017-03-01 00:00:00,9.816658647330943,9.93890891409751,9.7922092934966,9.853334426879883,578575,0.0,0.0
2017-03-02 00:00:00,9.865562438964844,9.890012968374645,9.816662546010654,9.865562438964844,328100,0.0,0.0
2017-03-03 00:00:00,9.853334205021012,9.902234077453613,9.81665842629787,9.902234077453613,255850,0.0,0.0
2017-03-06 00:00:00,9.877786636352539,9.890011899736471,9.841112012066025,9.877786636352539,333500,0.0,0.0
2017-03-07 00:00:00,9.816658647330943,9.914458394398217,9.816658647330943,9.853334426879883,241550,0.0,0.0
2017-03-08 00:00:00,9.853334958531567,9.865559053175835,9.657734870910645,9.657734870910645,574625,0.0,0.0
2017-03-09 00:00:00,9.657734870910645,9.755534623254853,9.621059672315313,9.657734870910645,443425,0.0,0.0
2017-03-10 00:00:00,9.682182940451403,9.779982673921435,9.682182940451403,9.767757415771484,360300,0.0,0.0
2017-03-13 00:00:00,9.792211032479816,9.828885652676794,9.69441068511186,9.718860626220703,329700,0.0,0.0
2017-03-14 00:00:00,9.718859424659522,9.743309362745574,9.645509610401366,9.657734870910645,441225,0.0,0.0
2017-03-15 00:00:00,9.682185557558572,9.841110458871174,9.669960296104117,9.792210578918457,526450,0.0,0.0
2017-03-16 00:00:00,9.828885197416719,9.841110458871174,9.731085437511288,9.792210578918457,331075,0.0,0.0
2017-03-17 00:00:00,9.792211068940702,9.914460192007537,9.792211068940702,9.890010833740234,667475,0.0,0.0
2017-03-20 00:00:00,9.926686524022985,9.951137050790852,9.865561372968605,9.877786636352539,359500,0.0,0.0
2017-03-21 00:00:00,9.877787703669744,9.926687596623935,9.804438447171165,9.865562438964844,531275,0.0,0.0
2017-03-22 00:00:00,9.877785451447368,9.938910595169386,9.853336093477647,9.926685333251953,354150,0.0,0.0
2017-03-23 00:00:00,9.938911426423413,10.000036575257713,9.914460900543595,9.963360786437988,485400,0.0,0.0
2017-03-24 00:00:00,9.951138126033737,9.975587489578125,9.853338340125354,9.865562438964844,556600,0.0,0.0
2017-03-27 00:00:00,9.903168284625188,9.965846205502991,9.815418478100277,9.940774917602539,597775,0.8,0.0
2017-03-28 00:00:00,9.940772979853817,10.015986828893785,9.940772979853817,9.97838020324707,526275,0.0,0.0
2017-03-29 00:00:00,10.003450206794055,10.11627066705072,9.990914268017503,10.10373592376709,481500,0.0,0.0
2017-03-30 00:00:00,10.09119987487793,10.141342433944073,10.066127997598404,10.09119987487793,322800,0.0,0.0
2017-03-31 00:00:00,10.11627303351069,10.166415604853633,10.078666403876786,10.128808975219727,444500,0.0,0.0
2017-04-03 00:00:00,10.128806686055333,10.178949246065788,10.091200064920724,10.166413307189941,495250,0.0,0.0
2017-04-04 00:00:00,10.153878892225151,10.241628076208382,10.12880701366253,10.204021453857422,486900,0.0,0.0
2017-04-05 00:00:00,10.216555674796835,10.24162755207636,10.09119987487793,10.09119987487793,476575,0.0,0.0
2017-04-06 00:00:00,10.103737167391893,10.191486358642578,10.053594601606777,10.191486358642578,268400,0.0,0.0
2017-04-07 00:00:00,10.204023429980738,10.204023429980738,10.103738287294856,10.128808975219727,315225,0.0,0.0
2017-04-10 00:00:00,10.128808975219727,10.178951546562669,10.103738287294856,10.128808975219727,528225,0.0,0.0
2017-04-11 00:00:00,10.128807852537916,10.254164864747239,10.103737167391893,10.191486358642578,386150,0.0,0.0
2017-04-12 00:00:00,10.20402112381748,10.216555867200395,10.141342624931179,10.166413307189941,257100,0.0,0.0
2017-04-13 00:00:00,10.178949575294801,10.241628076208382,10.153878892225151,10.204021453857422,319625,0.0,0.0
2017-04-17 00:00:00,10.19148664611789,10.27923583984375,10.19148664611789,10.27923583984375,339275,0.0,0.0
2017-04-18 00:00:00,10.279234424466578,10.304306302360665,10.166413364929065,10.25416374206543,317600,0.0,0.0
2017-04-19 00:00:00,10.266699609573717,10.279235549893263,10.153879733177009,10.191486358642578,336050,0.0,0.0
2017-04-20 00:00:00,10.216557043788601,10.266699609573717,10.11627191221837,10.191486358642578,309450,0.0,0.0
2017-04-21 00:00:00,10.229091754363797,10.27923431412076,10.191485133419306,10.24162769317627,351175,0.0,0.0
2017-04-24 00:00:00,10.266699164619023,10.354449547559712,10.191485916947597,10.304306983947754,433750,0.0,0.0
2017-04-25 00:00:00,10.329378067961335,10.417128454299721,10.304307382931126,10.404592514038086,499800,0.0,0.0
2017-04-26 00:00:00,10.404594618687723,10.567558288574219,10.392058675890308,10.567558288574219,556475,0.0,0.0
2017-04-27 00:00:00,10.567554775652859,10.680375832338433,10.529946959762395,10.655303955078125,618950,0.0,0.0
2017-04-28 00:00:00,10.63023357213195,10.667841393309022,10.36698599685089,10.417128562927246,751325,0.0,0.0
2017-05-01 00:00:00,10.45473498465739,10.542484174705908,10.429663104361785,10.529948234558105,319525,0.0,0.0
2017-05-02 00:00:00,10.467271129003601,10.49234181429524,10.379520741750172,10.417128562927246,395250,0.0,0.0
2017-05-03 00:00:00,10.429665292749908,10.429665292749908,10.291773508670303,10.34191608428955,378625,0.0,0.0
2017-05-04 00:00:00,10.404591422951134,10.49234060459456,10.153878621474961,10.25416374206543,530850,0.0,0.0
2017-05-05 00:00:00,9.790345555733923,10.0285230498986,9.777810212749758,9.928237915039062,5279475,0.0,0.0
2017-05-08 00:00:00,10.003452052896789,10.078665906197177,9.978380768463325,10.015987396240234,1262125,0.0,0.0
2017-05-09 00:00:00,10.015986828893785,10.07866533530036,9.928237637220425,9.97838020324707,1150450,0.0,0.0
2017-05-10 00:00:00,9.953310149502153,10.128809152270149,9.94077420757399,10.066130638122559,1020375,0.0,0.0
2017-05-11 00:00:00,10.0535950470805,10.12880830134433,10.003451881327011,10.078665733337402,660300,0.0,0.0
2017-05-12 00:00:00,10.066130355518876,10.178951438718475,10.066130355518876,10.116272926330566,653350,0.0,0.0
2017-05-15 00:00:00,10.116270556664547,10.20402093164998,10.09119987487793,10.09119987487793,449650,0.0,0.0
2017-05-16 00:00:00,10.116269908713459,10.191484340241615,10.091199228532629,10.178948402404785,538550,0.0,0.0
2017-05-17 00:00:00,10.14134407043457,10.178950696929466,10.091201503277011,10.14134407043457,519825,0.0,0.0
2017-05-18 00:00:00,10.153877722223953,10.24162689609611,10.10373516636946,10.178948402404785,457250,0.0,0.0
2017-05-19 00:00:00,10.178948402404785,10.24162689609611,10.153877722223953,10.178948402404785,492325,0.0,0.0
2017-05-22 00:00:00,10.191488642042453,10.329380429972867,10.178952698914232,10.291773796081543,384675,0.0,0.0
2017-05-23 00:00:00,10.29177182584218,10.404592901411213,10.279235885113819,10.366986274719238,309825,0.0,0.0
2017-05-24 00:00:00,10.366984449174847,10.429661750793457,10.341912572133085,10.429661750793457,365500,0.0,0.0
2017-05-25 00:00:00,10.442199248218886,10.529948439979238,10.39205668214253,10.417128562927246,460750,0.0,0.0
2017-05-26 00:00:00,10.404592129455136,10.454734693155206,10.341913625956794,10.442198753356934,227700,0.0,0.0
2017-05-30 00:00:00,10.417132169310728,10.442202863281775,10.354453641142875,10.392060279846191,192800,0.0,0.0
2017-05-31 00:00:00,10.404591069244592,10.442197689314337,10.29177001354246,10.429661750793457,407275,0.0,0.0
2017-06-01 00:00:00,10.42966387377521,10.47980644257247,10.39205724605055,10.45473575592041,727575,0.0,0.0
2017-06-02 00:00:00,10.454734693155206,10.592626444457144,10.417128069253408,10.442198753356934,529325,0.0,0.0
2017-06-05 00:00:00,10.429665292749908,10.454737178306184,10.329380141511413,10.34191608428955,549200,0.0,0.0
2017-06-06 00:00:00,10.366988076085315,10.417130652218416,10.291773614139004,10.354452133178711,383950,0.0,0.0
2017-06-07 00:00:00,10.341914116066175,10.442199248218886,10.341914116066175,10.417128562927246,477000,0.0,0.0
2017-06-08 00:00:00,10.404594618687723,10.592628978675746,10.379522733092891,10.567558288574219,549700,0.0,0.0
2017-06-09 00:00:00,10.542486011725423,10.617700470225248,10.529950069393243,10.605164527893066,264025,0.0,0.0
2017-06-12 00:00:00,10.630235611574689,10.655307497169522,10.52995046018197,10.567558288574219,407575,0.0,0.0
2017-06-13 00:00:00,10.567554050241176,10.692909841458926,10.567554050241176,10.680375099182129,421975,0.0,0.0
2017-06-14 00:00:00,10.680377188497333,10.7681263790647,10.667841248275407,10.755590438842773,1004725,0.0,0.0
2017-06-15 00:00:00,10.70544719696045,10.75558975918654,10.66784057416413,10.70544719696045,382250,0.0,0.0
2017-06-16 00:00:00,10.680377188497333,10.755590438842773,10.642769367831553,10.755590438842773,1749800,0.0,0.0
2017-06-19 00:00:00,10.780663101712172,10.830805670746003,10.730520532678339,10.818269729614258,664650,0.0,0.0
2017-06-20 00:00:00,10.8182695135988,10.830805454480231,10.743055063803334,10.793197631835938,315775,0.0,0.0
2017-06-21 00:00:00,10.805730890399879,10.855873445985544,10.680375099182129,10.680375099182129,650875,0.0,0.0
2017-06-22 00:00:00,10.692909841458926,10.717981716998171,10.64276728587326,10.680375099182129,765875,0.0,0.0
2017-06-23 00:00:00,10.680377572997344,10.768126766723736,10.64276975097766,10.717984199523926,901175,0.0,0.0
2017-06-26 00:00:00,10.730520318415026,10.8182695135988,10.717984377533595,10.793197631835938,482300,0.0,0.0
2017-06-27 00:00:00,10.780363916794098,10.818866099470252,10.69052793839656,10.716196060180664,633500,0.8,0.0
2017-06-28 00:00:00,10.741866424481175,10.844536496902775,10.677697323236725,10.818869590759277,926675,0.0,0.0
2017-06-29 00:00:00,10.806031692316743,10.818865752797548,10.703361656317046,10.793197631835938,620250,0.0,0.0
2017-06-30 00:00:00,10.806032354838045,10.844533314717594,10.741863272423165,10.767531394958496,582675,0.0,0.0
2017-07-03 00:00:00,10.780364219685476,10.921536445617676,10.780364219685476,10.921536445617676,268325,0.0,0.0
2017-07-05 00:00:00,10.921537222546286,10.985706309450878,10.870202197807318,10.960038185119629,700025,0.0,0.0
2017-07-06 00:00:00,10.908700942993164,10.947201897740502,10.806030914384738,10.908700942993164,644550,0.0,0.0
2017-07-07 00:00:00,10.90870059495043,10.90870059495043,10.780362451322892,10.831697463989258,543475,0.0,0.0
2017-07-10 00:00:00,10.831697463989258,10.883032476655625,10.806030569617699,10.831697463989258,594200,0.0,0.0
2017-07-11 00:00:00,10.8316968897322,10.94720096808873,10.780361879787428,10.934368133544922,596525,0.0,0.0
2017-07-12 00:00:00,10.972873523430394,11.075543584848857,10.908704429062936,11.037042617797852,562900,0.0,0.0
2017-07-13 00:00:00,11.062708234597563,11.062708234597563,10.88303503604941,10.960038185119629,519700,0.0,0.0
2017-07-14 00:00:00,10.985702029411334,11.114038929296813,10.972867972245869,11.101204872131348,548500,0.0,0.0
2017-07-17 00:00:00,11.114042765133199,11.126876826728138,10.921536736903036,10.947203636169434,882700,0.0,0.0
2017-07-18 00:00:00,10.921534654097833,10.947201548469394,10.754695556951331,10.831697463989258,454950,0.0,0.0
2017-07-19 00:00:00,10.83169924077261,10.934370506870321,10.780364219685476,10.921536445617676,420200,0.0,0.0
2017-07-20 00:00:00,10.934368133544922,10.972869085022706,10.89586595814396,10.934368133544922,264100,0.0,0.0
2017-07-21 00:00:00,10.960036766217083,10.985704887225301,10.921535808628132,10.972870826721191,470525,0.0,0.0
2017-07-24 00:00:00,10.998537723806034,11.011371784310144,10.947202705712975,10.972870826721191,312975,0.0,0.0
2017-07-25 00:00:00,11.01136805143157,11.01136805143157,10.870197105513766,10.88302993774414,727125,0.0,0.0
2017-07-26 00:00:00,10.89586688343629,10.947201897740502,10.857365928688951,10.908700942993164,922650,0.0,0.0
2017-07-27 00:00:00,10.921535808628132,10.998537723806034,10.844532669526854,10.972870826721191,1059975,0.0,0.0
2017-07-28 00:00:00,10.972872584430746,10.985706646990703,10.806033442922026,10.857368469238281,993075,0.0,0.0
2017-07-31 00:00:00,10.895866394042969,10.934368570984248,10.844531382044494,10.895866394042969,481450,0.0,0.0
2017-08-01 00:00:00,10.934372057107753,10.998539924621582,10.870202965670304,10.998539924621582,517925,0.0,0.0
2017-08-02 00:00:00,11.02420632461333,11.191045446657846,10.985705365348727,11.139710426330566,738775,0.0,0.0
2017-08-03 00:00:00,11.13970884073935,11.242378866780182,11.088373827718936,11.191043853759766,501750,0.0,0.0
2017-08-04 00:00:00,11.20387668907243,11.242378866780182,11.088373827718936,11.191043853759766,570600,0.0,0.0
2017-08-07 00:00:00,11.203879375982797,11.229547500610352,11.152544350651235,11.229547500610352,480225,0.0,0.0
2017-08-08 00:00:00,11.229547968182631,11.268048932803506,11.178212940713596,11.216713905334473,608150,0.0,0.0
2017-08-09 00:00:00,11.165378083112076,11.345051278426327,11.152544021177448,11.3322172164917,695800,0.0,0.0
2017-08-10 00:00:00,11.306549049031293,11.357884067091408,11.229545909979436,11.28088092803955,557000,0.0,0.0
2017-08-11 00:00:00,11.178209972040557,11.319380954107766,11.139709017644641,11.306548118591309,717475,0.0,0.0
2017-08-14 00:00:00,11.345049687439754,11.422051600402042,11.30654873095861,11.383550643920898,496775,0.0,0.0
2017-08-15 00:00:00,11.332213239254278,11.396382302482655,11.280878233456193,11.37071418762207,360875,0.0,0.0
2017-08-16 00:00:00,11.319381737437505,11.4092189358093,11.306548901032983,11.345049858093262,503350,0.0,0.0
2017-08-17 00:00:00,11.370716731148452,11.409218912051916,11.319381713867188,11.319381713867188,389825,0.0,0.0
2017-08-18 00:00:00,11.332218188321585,11.396387279574233,11.293717223139444,11.35788631439209,272275,0.0,0.0
2017-08-21 00:00:00,11.34504729668457,11.396382302482655,11.306546348316775,11.37071418762207,272100,0.0,0.0
2017-08-22 00:00:00,11.370716754825663,11.4092189358093,11.345049858093262,11.345049858093262,412450,0.0,0.0
2017-08-23 00:00:00,11.319381713867188,11.383550791449606,11.293714817188233,11.319381713867188,285900,0.0,0.0
2017-08-24 00:00:00,11.345052251356838,11.370719153503728,11.2552162579573,11.35788631439209,586025,0.0,0.0
2017-08-25 00:00:00,11.357885675901032,11.370718514291262,11.203879375982797,11.229547500610352,405325,0.0,0.0
2017-08-28 00:00:00,11.242382031030788,11.280882995651664,11.203879842486314,11.216713905334473,223900,0.0,0.0
2017-08-29 00:00:00,11.216711853033155,11.229545913533089,11.126875877380371,11.126875877380371,283850,0.0,0.0
2017-08-30 00:00:00,11.126874781503433,11.216710748308348,11.114040722267518,11.191043853759766,230400,0.0,0.0
2017-08-31 00:00:00,11.191045414456037,11.293715454815167,11.191045414456037,11.268047332763672,340350,0.0,0.0
2017-09-01 00:00:00,11.2423833047277,11.332219306995507,11.216715176123333,11.293718338012695,307350,0.0,0.0
2017-09-05 00:00:00,11.306549525891553,11.319382363005284,11.114042282104492,11.114042282104492,427650,0.0,0.0
2017-09-06 00:00:00,11.075540859304011,11.191044955956663,11.075540859304011,11.126875877380371,397125,0.0,0.0
2017-09-07 00:00:00,11.13971057854362,11.165377477096257,11.075541496276855,11.075541496276855,397375,0.0,0.0
2017-09-08 00:00:00,11.075540859304011,11.126875877380371,11.075540859304011,11.126875877380371,329125,0.0,0.0
2017-09-11 00:00:00,11.114043406986147,11.280882545585126,11.101209344650021,11.255215644836426,330875,0.0,0.0
2017-09-12 00:00:00,11.28088139378942,11.306549515840914,11.216712312584107,11.268047332763672,360625,0.0,0.0
2017-09-13 00:00:00,11.242378866780182,11.293713879800597,11.165375735287933,11.191043853759766,695700,0.0,0.0
2017-09-14 00:00:00,11.17821310134593,11.242382192585241,11.15254497528076,11.152544975280762,754325,0.0,0.0
2017-09-15 00:00:00,11.165375735287933,11.229544807544265,11.13970884073935,11.191043853759766,844425,0.0,0.0
2017-09-18 00:00:00,11.203876198233692,11.242378374254674,11.16537524613591,11.17820930480957,709950,0.0,0.0
2017-09-19 00:00:00,11.191048271442703,11.357887435599874,11.191048271442703,11.293718338012695,596250,0.0,0.0
2017-09-20 00:00:00,11.306550670257376,11.357885695678329,11.229547520164175,11.255215644836426,502725,0.0,0.0
2017-09-21 00:00:00,11.25521403097118,11.306549049031293,11.242379970475309,11.28088092803955,281925,0.0,0.0
2017-09-22 00:00:00,11.306551286174695,11.370719153503728,11.306551286174695,11.35788631439209,325900,0.0,0.0
2017-09-25 00:00:00,11.37071418762207,11.383548245052364,11.293712290886484,11.37071418762207,353725,0.0,0.0
2017-09-26 00:00:00,11.383550815153543,11.422051772213822,11.345049858093262,11.345049858093262,623800,0.0,0.0
2017-09-27 00:00:00,11.384442616692391,11.436965946147808,11.30565699638179,11.423834800720215,492725,0.8,0.0
2017-09-28 00:00:00,11.42383413065254,11.515750890999334,11.318787477903243,11.48948860168457,689950,0.0,0.0
2017-09-29 00:00:00,11.489487646107582,11.542010968113884,11.45009546766655,11.502618789672852,372775,0.0,0.0
2017-10-02 00:00:00,11.528879165649416,11.542010308464212,11.463224703830134,11.528879165649414,380775,0.0,0.0
2017-10-03 00:00:00,11.528883927445214,11.555146223921973,11.47636058674692,11.542015075683594,428625,0.0,0.0
2017-10-04 00:00:00,11.542015075683594,11.581407268143511,11.502622883223678,11.542015075683594,301800,0.0,0.0
2017-10-05 00:00:00,11.568273840325249,11.633927056962543,11.542011551866462,11.581403732299805,305650,0.0,0.0
2017-10-06 00:00:00,11.542010382556036,11.568272668354217,11.345048248088531,11.35817813873291,640700,0.0,0.0
2017-10-09 00:00:00,11.3713114712648,11.46322698474804,11.3713114712648,11.423834800720215,366425,0.0,0.0
2017-10-10 00:00:00,11.476358130175633,11.476358130175633,11.410703655292624,11.423834800720215,333350,0.0,0.0
2017-10-11 00:00:00,11.450096133036821,11.476357169438625,11.423833844380171,11.436964988708496,327975,0.0,0.0
2017-10-12 00:00:00,11.436964697120837,11.476356876846657,11.345049193675658,11.39757251739502,471450,0.0,0.0
2017-10-13 00:00:00,11.450096419967304,11.48948860168457,11.410702985995158,11.48948860168457,410550,0.0,0.0
2017-10-16 00:00:00,11.515750894004398,11.568274220392752,11.463226315361164,11.476357460021973,299850,0.0,0.0
2017-10-17 00:00:00,11.47635745702719,11.515750890999334,11.436965275309921,11.48948860168457,211575,0.0,0.0
2017-10-18 00:00:00,11.515751838684082,11.56827516938112,11.502620692946078,11.515751838684082,278425,0.0,0.0
2017-10-19 00:00:00,11.528879165649416,11.542010308464212,11.502618132274524,11.528879165649414,155600,0.0,0.0
2017-10-20 00:00:00,11.48949118195788,11.502622329564215,11.423836696181375,11.450098991394043,375200,0.0,0.0
2017-10-23 00:00:00,11.45009488677183,11.45009488677183,11.305654819391261,11.35817813873291,309400,0.0,0.0
2017-10-24 00:00:00,11.292526531297895,11.410703077396304,11.292526531297895,11.345049858093262,348425,0.0,0.0
2017-10-25 00:00:00,11.3844450751937,11.3844450751937,11.09556607467724,11.134958267211914,554250,0.0,0.0
2017-10-26 00:00:00,11.134956172917363,11.200610649630152,10.95112514082754,10.964256286621094,625925,0.0,0.0
2017-10-27 00:00:00,10.990518850669204,11.056173336490247,10.872341026642358,11.029911041259766,674175,0.0,0.0
2017-10-30 00:00:00,11.003650678812699,11.06930516869419,10.93799618893121,10.977388381958008,394100,0.0,0.0
2017-10-31 00:00:00,11.029909920837317,11.029909920837317,10.793555549047754,10.819816589355469,878575,0.0,0.0
2017-11-01 00:00:00,10.846077541521279,10.977385231342444,10.819815252204117,10.937993049621582,541300,0.0,0.0
2017-11-02 00:00:00,10.832947039186585,10.87233922324315,10.37336759305265,10.425890922546387,1462300,0.0,0.0
2017-11-03 00:00:00,10.189534967140668,10.53093720238748,10.176403822956983,10.491543769836426,676500,0.0,0.0
2017-11-06 00:00:00,10.452152746124954,10.465283265634183,10.176404949028813,10.189536094665527,884475,0.0,0.0
2017-11-07 00:00:00,10.150143283882871,10.465283265634183,10.150143283882871,10.189536094665527,802800,0.0,0.0
2017-11-08 00:00:00,10.18953626815095,10.399629592895508,10.176405122290667,10.399629592895508,1369025,0.0,0.0
2017-11-09 00:00:00,10.399631226705765,10.46528508793909,10.307715069625996,10.347107887268066,876950,0.0,0.0
2017-11-10 00:00:00,10.307714860754674,10.412761537501448,10.189537662478346,10.215799331665039,654575,0.0,0.0
2017-11-13 00:00:00,10.242061149111713,10.412761688232422,10.215799479544867,10.412761688232422,573125,0.0,0.0
2017-11-14 00:00:00,10.373371826639557,10.635989207415285,10.360240675843292,10.609726905822754,1687700,0.0,0.0
2017-11-15 00:00:00,10.544064546847842,10.570326828870188,10.439017923267516,10.465279579162598,622800,0.0,0.0
2017-11-16 00:00:00,10.478412628173828,10.530936575655272,10.412758163417557,10.478412628173828,434125,0.0,0.0
2017-11-17 00:00:00,10.465283055182852,10.530938155918648,10.452152535937671,10.50467586517334,297375,0.0,0.0
2017-11-20 00:00:00,10.517807568741764,10.68850871088079,10.50467642267222,10.622854232788086,511225,0.0,0.0
2017-11-21 00:00:00,10.649113647879961,10.754160295898753,10.622852612002674,10.688507080078125,389150,0.0,0.0
2017-11-22 00:00:00,10.675378410244575,10.793556229719496,10.635986221171304,10.754162788391113,361125,0.0,0.0
2017-11-24 00:00:00,10.767291439964808,10.767291439964808,10.67537593601207,10.688507080078125,118050,0.0,0.0
2017-11-27 00:00:00,10.688511605611119,10.714772652607374,10.59659481048584,10.59659481048584,268450,0.0,0.0
2017-11-28 00:00:00,10.596591940648999,10.662246418741702,10.570330900764924,10.622854232788086,330025,0.0,0.0
2017-11-29 00:00:00,10.622854919415834,10.701639296415442,10.530939395497928,10.544069290161133,814950,0.0,0.0
2017-11-30 00:00:00,10.609722523644677,10.635984814389985,10.465283055182852,10.50467586517334,623725,0.0,0.0
2017-12-01 00:00:00,10.478413535621096,10.570329669014482,10.386497402227711,10.557198524475098,818475,0.0,0.0
2017-12-04 00:00:00,10.635985092081594,10.675377276973087,10.570330615759119,10.58346176147461,673125,0.0,0.0
2017-12-05 00:00:00,10.570331583997731,10.596592625579236,10.517808248579628,10.544069290161133,400450,0.0,0.0
2017-12-06 00:00:00,10.557199190685058,10.583461481421102,10.504675861467916,10.517807006835938,145100,0.0,0.0
2017-12-07 00:00:00,10.530937487651197,10.583460813553865,10.50467519857243,10.557198524475098,263000,0.0,0.0
2017-12-08 00:00:00,10.609722800650612,10.622853946366103,10.517807285152134,10.58346176147461,342275,0.0,0.0
2017-12-11 00:00:00,10.596592625579236,10.622854919415834,10.530939395497928,10.544069290161133,361425,0.0,0.0
2017-12-12 00:00:00,10.544070648983345,10.570332946204385,10.425893442126803,10.452155113220215,571575,0.0,0.0
2017-12-13 00:00:00,10.452155921368048,10.62285710973745,10.41276309861831,10.59659481048584,1020300,0.0,0.0
2017-12-14 00:00:00,10.622852323392754,10.688506789684453,10.622852323392754,10.63598346710205,673025,0.0,0.0
2017-12-15 00:00:00,10.675376510693964,10.819815346431596,10.64911422114809,10.780423164367676,1074725,0.0,0.0
2017-12-18 00:00:00,10.819816981531362,10.885471463062915,10.688509270723335,10.727901458740234,324700,0.0,0.0
2017-12-19 00:00:00,10.727899356123425,10.74103050030711,10.491543769836426,10.491543769836426,649050,0.0,0.0
2017-12-20 00:00:00,10.530937487651197,10.635984139456532,10.465282391081713,10.557198524475098,501025,0.0,0.0
2017-12-21 00:00:00,10.557197857101055,10.701636681138963,10.544066713391757,10.63598346710205,281300,0.0,0.0
2017-12-22 00:00:00,10.635988259363252,10.66224930635951,10.583464913115387,10.59659481048584,226575,0.0,0.0
2017-12-26 00:00:00,10.622852614394306,10.701636974298728,10.609721470325296,10.675375938415527,229250,0.0,0.0
2017-12-27 00:00:00,10.702301850546055,10.769612183460245,10.67537784576416,10.67537784576416,388075,0.8,0.0
2017-12-28 00:00:00,10.688841676729671,10.809999394377515,10.661917668150261,10.796538352966309,341425,0.0,0.0
2017-12-29 00:00:00,10.823460770092405,10.836923094160568,10.661916732788086,10.661916732788086,311800,0.0,0.0
2018-01-02 00:00:00,10.661914426719065,10.675376105956657,10.513832103592744,10.58114242553711,441000,0.0,0.0
2018-01-03 00:00:00,10.581144204523957,10.688840224206617,10.419599533081055,10.419599533081055,595650,0.0,0.0
2018-01-04 00:00:00,10.419598844168432,10.581143504930486,10.419598844168432,10.540757179260254,407150,0.0,0.0
2018-01-05 00:00:00,10.567681051573901,10.594605054381114,10.500371365515296,10.513833045959473,281425,0.0,0.0
2018-01-08 00:00:00,10.527297724698743,10.594607425823604,10.47344970703125,10.47344970703125,540700,0.0,0.0
2018-01-09 00:00:00,10.4599861764294,10.486910182160896,10.352290153503418,10.352290153503418,457575,0.0,0.0
2018-01-10 00:00:00,10.298440629322888,10.41959831635854,10.204206302145083,10.365750312805176,554300,0.0,0.0
2018-01-11 00:00:00,10.352291346319891,10.47344970703125,10.338829020943516,10.47344970703125,393900,0.0,0.0
2018-01-12 00:00:00,10.48691056234445,10.567682582467176,10.459986555636874,10.500372886657715,316525,0.0,0.0
2018-01-16 00:00:00,10.540756645313028,10.554218967160788,10.352288632876252,10.365750312805176,523475,0.0,0.0
2018-01-17 00:00:00,10.36575234639586,10.473449016549747,10.352290663825976,10.39267635345459,435225,0.0,0.0
2018-01-18 00:00:00,10.392674482150385,10.392674482150385,10.177282464464007,10.204206466674805,653575,0.0,0.0
2018-01-19 00:00:00,10.190744662857862,10.298440670394092,10.190744662857862,10.244592666625977,610925,0.0,0.0
2018-01-22 00:00:00,10.284977949542819,10.29844027092207,10.109972265044258,10.163820266723633,646225,0.0,0.0
2018-01-23 00:00:00,10.163822115395215,10.311903825988292,10.12343578583051,10.284979820251465,304950,0.0,0.0
2018-01-24 00:00:00,10.31190369775471,10.338827703156722,10.217669999807127,10.258055686950684,789525,0.0,0.0
2018-01-25 00:00:00,10.231128971144244,10.231128971144244,9.961888988450482,10.096508979797363,762325,0.0,0.0
2018-01-26 00:00:00,10.109972110550766,10.123433789805489,9.98881378766422,10.002275466918945,551175,0.0,0.0
2018-01-29 00:00:00,9.9753512056995,10.002275205423864,9.638800888185548,9.692648887634277,1419025,0.0,0.0
2018-01-30 00:00:00,9.638801163324485,9.86765548847361,9.584953162338667,9.813807487487793,1362325,0.0,0.0
2018-01-31 00:00:00,9.894579911265645,9.908042233046071,9.55802956978097,9.638801574707031,1148650,0.0,0.0
2018-02-01 00:00:00,9.625340718012302,9.813808745624383,9.598416714067719,9.611878395080566,803775,0.0,0.0
2018-02-02 00:00:00,9.598417024627965,9.625341029443684,9.396486667550619,9.409948348999023,1314575,0.0,0.0
2018-02-05 00:00:00,9.356102204717486,9.423412551136073,9.100324428932545,9.194558143615723,1405250,0.0,0.0
2018-02-06 00:00:00,9.086860594184442,9.423410986561642,9.046474264654847,9.342638969421387,1518075,0.0,0.0
2018-02-07 00:00:00,9.329176078321224,9.531106429852448,9.329176078321224,9.356100082397461,870450,0.0,0.0
2018-02-08 00:00:00,9.396486279314358,9.463796609532038,9.32917594909668,9.32917594909668,1216975,0.0,0.0
2018-02-09 00:00:00,9.369562275611063,9.409947960206564,9.194555930580204,9.32917594909668,1037425,0.0,0.0
2018-02-12 00:00:00,9.369563355709683,9.43687369368672,9.302253017732646,9.42341136932373,999200,0.0,0.0
2018-02-13 00:00:00,9.409947017992637,9.490719662933676,9.329175014970419,9.46379566192627,760600,0.0,0.0
2018-02-14 00:00:00,9.436873501983127,9.598417539543615,9.436873501983127,9.584955215454102,788875,0.0,0.0
2018-02-15 00:00:00,9.786883759547008,10.01573809106943,9.638801431752706,9.934966087341309,1069650,0.0,0.0
2018-02-16 00:00:00,9.961889400884493,10.096509397804802,9.867655082080887,9.988813400268555,920850,0.0,0.0
2018-02-20 00:00:00,9.975352066868886,10.029200070966299,9.746497728495463,9.800346374511719,995100,0.0,0.0
2018-02-21 00:00:00,9.827271461486816,10.002277173164538,9.800347456465712,9.827271461486816,733925,0.0,0.0
2018-02-22 00:00:00,9.867659200749955,9.92150722199374,9.773425484532854,9.786887168884277,610350,0.0,0.0
2018-02-23 00:00:00,9.854195155765776,10.029200861924869,9.786884824376122,9.894580841064453,730300,0.0,0.0
2018-02-26 00:00:00,9.948430061340332,9.988816393477824,9.84073403153232,9.948430061340332,553975,0.0,0.0
2018-02-27 00:00:00,9.934967350895816,9.988815360229758,9.692650666974174,9.733036994934082,663425,0.0,0.0
2018-02-28 00:00:00,9.73303757084402,9.786885583364182,9.571493533283533,9.584955215454102,723275,0.0,0.0
2018-03-01 00:00:00,9.598416714067719,9.759960737735216,9.544568706178554,9.611878395080566,526300,0.0,0.0
2018-03-02 00:00:00,9.558029958192556,9.746497977345513,9.558029958192556,9.719573974609375,505900,0.0,0.0
2018-03-05 00:00:00,9.706111755818885,9.961890088584015,9.69264943423812,9.934966087341309,553375,0.0,0.0
2018-03-06 00:00:00,9.94842733354854,9.988813654612374,9.88111765433388,9.975351333618164,915675,0.0,0.0
2018-03-07 00:00:00,9.948427466062437,10.056123467775453,9.948427466062437,10.002275466918945,427950,0.0,0.0
2018-03-08 00:00:00,10.015736715650451,10.083046388554454,9.975350398373061,10.0426607131958,580450,0.0,0.0
2018-03-09 00:00:00,10.04266098325861,10.109971299891427,9.975350666625793,10.096508979797363,490275,0.0,0.0
2018-03-12 00:00:00,10.136897729959422,10.338827444462446,10.136897729959422,10.271517753601074,905325,0.0,0.0
2018-03-13 00:00:00,10.325365763057734,10.325365763057734,10.217669744144414,10.271517753601074,573425,0.0,0.0
2018-03-14 00:00:00,10.284979820251465,10.39267584319877,10.284979820251465,10.284979820251465,632775,0.0,0.0
2018-03-15 00:00:00,10.28497904572171,10.298441368535784,10.09651101975687,10.19074535369873,565825,0.0,0.0
2018-03-16 00:00:00,10.19074612113204,10.32536614981617,10.163822115395215,10.284979820251465,628475,0.0,0.0
2018-03-19 00:00:00,10.258055615186347,10.271517938752634,10.056125255124474,10.109973907470703,882950,0.0,0.0
2018-03-20 00:00:00,10.136898042374288,10.19074605349052,10.069587707519531,10.069587707519531,388525,0.0,0.0
2018-03-21 00:00:00,10.056122391009106,10.123432705831844,10.015736715650451,10.0426607131958,787750,0.0,0.0
2018-03-22 00:00:00,10.029197692871094,10.163818313112605,10.00227369720653,10.029197692871094,877550,0.0,0.0
2018-03-23 00:00:00,10.069585788948983,10.096509789377237,9.98881378766422,10.002275466918945,468550,0.0,0.0
2018-03-26 00:00:00,10.096511583904416,10.150359594331727,10.01573956826345,10.109973907470703,1066550,0.0,0.0
2018-03-27 00:00:00,10.136896265883946,10.217668268403008,10.02919962060638,10.163820266723633,1037150,0.0,0.0
2018-03-28 00:00:00,10.136163352482885,10.329759741404308,10.122335368681497,10.274446487426758,660825,0.8,0.0
2018-03-29 00:00:00,10.315931693428444,10.440386843796707,10.315931693428444,10.41273021697998,583575,0.0,0.0
2018-04-02 00:00:00,10.412732059645823,10.426560045808227,10.246791609994196,10.329761505126953,496300,0.0,0.0
2018-04-03 00:00:00,10.343591241193945,10.44038979208063,10.343591241193945,10.385076522827148,1000725,0.0,0.0
2018-04-04 00:00:00,10.343589632416005,10.426559523391607,10.329760987560366,10.398902893066406,781100,0.0,0.0
2018-04-05 00:00:00,10.412732059645823,10.412732059645823,10.302104873416035,10.329761505126953,2093450,0.0,0.0
2018-04-06 00:00:00,10.329760477668389,10.44038765289455,10.302103848708361,10.357417106628418,933150,0.0,0.0
2018-04-09 00:00:00,10.41273072917639,10.454215341749084,10.329760185258943,10.343588829040527,598575,0.0,0.0
2018-04-10 00:00:00,10.385074394974493,10.426559008721513,10.343589121841427,10.357417106628418,399925,0.0,0.0
2018-04-11 00:00:00,10.371246782386388,10.412732059645823,10.302104873416035,10.329761505126953,337275,0.0,0.0
2018-04-12 00:00:00,10.343589934629795,10.371246565763053,10.274448027103602,10.288276672363281,299750,0.0,0.0
2018-04-13 00:00:00,10.288274836035766,10.315931462232664,10.191476314653633,10.260618209838867,381775,0.0,0.0
2018-04-16 00:00:00,10.302102088928223,10.329758713164015,10.232960858031714,10.302102088928223,313850,0.0,0.0
2018-04-17 00:00:00,10.329760987560366,10.398902893066406,10.302104357235166,10.398902893066406,266150,0.0,0.0
2018-04-18 00:00:00,10.385075427934904,10.454216677519145,10.329761505126953,10.329761505126953,291700,0.0,0.0
2018-04-19 00:00:00,10.329761505126953,10.426560045808227,10.28827688725363,10.329761505126953,426500,0.0,0.0
2018-04-20 00:00:00,10.371246782386388,10.398903414097306,10.315933518964549,10.329761505126953,332225,0.0,0.0
2018-04-23 00:00:00,10.371245750801455,10.385074394974493,10.288275863921369,10.357417106628418,302250,0.0,0.0
2018-04-24 00:00:00,10.371247875820686,10.45421777970091,10.343591241193945,10.385076522827148,228125,0.0,0.0
2018-04-25 00:00:00,10.343589121841427,10.412731023934523,10.315932492881398,10.357417106628418,290575,0.0,0.0
2018-04-26 00:00:00,10.385071916191094,10.481869764753768,10.357414634446458,10.45421314239502,419000,0.0,0.0
2018-04-27 00:00:00,10.481875130594007,10.495703778545431,10.440390505512184,10.468047142028809,324925,0.0,0.0
2018-04-30 00:00:00,10.495701428897647,10.523358059222845,10.398902893066406,10.398902893066406,414225,0.0,0.0
2018-05-01 00:00:00,10.398904510447426,10.398904510447426,10.315934606567204,10.385076522827148,321075,0.0,0.0
2018-05-02 00:00:00,10.357415337399805,10.398900603446458,10.302102088928223,10.302102088928223,433050,0.0,0.0
2018-05-03 00:00:00,10.315934606567204,10.44038979208063,10.23296470268698,10.385076522827148,518975,0.0,0.0
2018-05-04 00:00:00,10.385072589478797,10.60632558269311,10.371243947709935,10.564840316772461,456175,0.0,0.0
2018-05-07 00:00:00,10.564844052713777,10.675470588440701,10.509530784850314,10.592500686645508,645650,0.0,0.0
2018-05-08 00:00:00,10.52335569078343,10.70312341774476,10.371243928536828,10.440385818481445,586125,0.0,0.0
2018-05-09 00:00:00,10.412731896026933,10.551015052408639,10.31593335686669,10.495701789855957,881500,0.0,0.0
2018-05-10 00:00:00,10.56484360779853,10.647813506099627,10.509530342264465,10.63398551940918,518500,0.0,0.0
2018-05-11 00:00:00,10.647808862759158,10.647808862759158,10.551011019979617,10.578667640686035,376150,0.0,0.0
2018-05-14 00:00:00,10.606329333304457,10.62015732057724,10.564844052713777,10.592500686645508,290950,0.0,0.0
2018-05-15 00:00:00,10.55101503973224,10.6754695506332,10.55101503973224,10.620156288146973,318075,0.0,0.0
2018-05-16 00:00:00,10.62015224205274,10.633980882098873,10.564839000639902,10.578667640686035,306775,0.0,0.0
2018-05-17 00:00:00,10.578668958541321,10.62015356507604,10.551012334389531,10.564840316772461,262375,0.0,0.0
2018-05-18 00:00:00,10.592497683791345,10.661639578712805,10.551013074347251,10.647810935974121,259600,0.0,0.0
2018-05-21 00:00:00,10.661639659728923,10.758438181477327,10.620154390583611,10.730781555175781,313800,0.0,0.0
2018-05-22 00:00:00,10.730781848927354,10.786095103044628,10.716953205705035,10.744609832763672,235650,0.0,0.0
2018-05-23 00:00:00,10.744610712291227,10.79992397093631,10.703125438614387,10.77226734161377,232475,0.0,0.0
2018-05-24 00:00:00,10.71695283089558,10.730781473634265,10.606326326530027,10.647810935974121,314650,0.0,0.0
2018-05-25 00:00:00,10.647812401546293,10.730782950626558,10.606327786392228,10.689297676086426,333050,0.0,0.0
2018-05-29 00:00:00,10.675467935424077,10.786095103044628,10.64781130836544,10.744609832763672,476975,0.0,0.0
2018-05-30 00:00:00,10.7722659523764,10.84140784645895,10.744609326620576,10.813751220703125,697975,0.0,0.0
2018-05-31 00:00:00,10.84141183282417,10.85523982109362,10.675471357887272,10.758441925048828,584225,0.0,0.0
2018-06-01 00:00:00,10.758441925048828,10.786098560973942,10.675471357887272,10.758441925048828,298675,0.0,0.0
2018-06-04 00:00:00,10.799922578132227,10.84140784645895,10.73078134343565,10.813751220703125,440350,0.0,0.0
2018-06-05 00:00:00,10.81375254104891,10.855237155054882,10.772267267656886,10.79992389678955,537925,0.0,0.0
2018-06-06 00:00:00,10.813752615290609,10.84140924461315,10.730782727322984,10.77226734161377,605825,0.0,0.0
2018-06-07 00:00:00,10.772267927769214,10.84140983453084,10.730783311221112,10.786096572875977,579025,0.0,0.0
2018-06-08 00:00:00,10.786095473535994,10.869065357561837,10.786095473535994,10.841408729553223,317225,0.0,0.0
2018-06-11 00:00:00,10.841412379960316,10.910553643569363,10.79992709428589,10.89672565460205,343125,0.0,0.0
2018-06-12 00:00:00,10.869066465358273,10.869066465358273,10.786096572875977,10.786096572875977,416650,0.0,0.0
2018-06-13 00:00:00,10.799923528355116,10.799923528355116,10.661640387409255,10.703125,493275,0.0,0.0
2018-06-14 00:00:00,10.758439942048545,10.799924558596647,10.71695466611435,10.786096572875977,243350,0.0,0.0
2018-06-15 00:00:00,10.772269407865679,10.786098054872479,10.70312749160404,10.71695613861084,387950,0.0,0.0
2018-06-18 00:00:00,10.71695466611435,10.786096572875977,10.71695466611435,10.786096572875977,317750,0.0,0.0
2018-06-19 00:00:00,10.786095838242717,10.841409096130235,10.772267194077815,10.827580451965332,252025,0.0,0.0
2018-06-20 00:00:00,10.841408729553223,10.896721985570451,10.786095473535994,10.841408729553223,267050,0.0,0.0
2018-06-21 00:00:00,10.827580451965332,10.869065725073995,10.772267194077815,10.827580451965332,242825,0.0,0.0
2018-06-22 00:00:00,10.855236713864517,10.924378613579066,10.827580085855903,10.841408729553223,540675,0.0,0.0
2018-06-25 00:00:00,10.841409022456228,10.882893635896929,10.813752393700412,10.855237007141113,390550,0.0,0.0
2018-06-26 00:00:00,10.910551081906375,10.979692988668,10.786096572875977,10.786096572875977,469825,0.0,0.0
2018-06-27 00:00:00,10.786097783553792,10.813754417485523,10.592500686645508,10.592500686645508,726250,0.0,0.0
2018-06-28 00:00:00,10.677692616696676,10.819683074951172,10.677692616696676,10.819683074951172,533250,0.8,0.0
2018-06-29 00:00:00,10.805487349825178,10.84808416052571,10.720293051360013,10.762889862060547,376950,0.0,0.0
2018-07-02 00:00:00,10.7486890187222,10.876480102539062,10.734489633262568,10.876480102539062,382325,0.0,0.0
2018-07-03 00:00:00,10.89067884465984,11.00427121337086,10.89067884465984,10.961673736572266,270925,0.0,0.0
2018-07-05 00:00:00,10.975876267966669,11.018473756977924,10.91908006732774,11.004274368286133,341350,0.0,0.0
2018-07-06 00:00:00,10.990072250366211,11.089465915333392,10.975873542264585,10.990072250366211,319625,0.0,0.0
2018-07-09 00:00:00,11.018471717834473,11.089466616962339,10.990072945706535,11.018471717834473,337800,0.0,0.0
2018-07-10 00:00:00,11.046871857297388,11.046871857297388,10.990074979594342,11.004274368286133,190475,0.0,0.0
2018-07-11 00:00:00,11.004270321179161,11.075265884399414,10.990070937709563,11.075265884399414,279800,0.0,0.0
2018-07-12 00:00:00,11.075266543261842,11.089465250512244,10.990071591503783,11.032669067382812,498275,0.0,0.0
2018-07-13 00:00:00,11.06107056892506,11.06107056892506,10.961676879274878,11.004274368286133,480800,0.0,0.0
2018-07-16 00:00:00,11.032669067382812,11.061067158947528,10.990071591503783,11.032669067382812,560825,0.0,0.0
2018-07-17 00:00:00,11.061066627502441,11.117862807903018,11.032668537302152,11.061066627502441,2269775,0.0,0.0
2018-07-18 00:00:00,11.061068521898394,11.089466616962339,11.004272331770505,11.018471717834473,826625,0.0,0.0
2018-07-19 00:00:00,11.032669067382812,11.075266543261842,11.004270975818097,11.032669067382812,895475,0.0,0.0
2018-07-20 00:00:00,11.018472135488048,11.07526832776879,11.018472135488048,11.046870231628418,490900,0.0,0.0
2018-07-23 00:00:00,11.004272331770505,11.061068521898394,11.004272331770505,11.018471717834473,445075,0.0,0.0
2018-07-24 00:00:00,11.01846970464876,11.075265884399414,10.975872231303835,11.075265884399414,483200,0.0,0.0
2018-07-25 00:00:00,11.061068001243484,11.146262282425143,11.061068001243484,11.089466094970703,540925,0.0,0.0
2018-07-26 00:00:00,11.117862997547947,11.188858562791626,11.075266200052852,11.160460472106934,447700,0.0,0.0
2018-07-27 00:00:00,11.160461021494555,11.217257205659806,11.13206292941193,11.174659729003906,522050,0.0,0.0
2018-07-30 00:00:00,11.160459860609414,11.330848395381748,11.132061771480693,11.288250923156738,991075,0.0,0.0
2018-07-31 00:00:00,11.33085171983074,11.472842207134072,11.302453622370074,11.430245399475098,1102675,0.0,0.0
2018-08-01 00:00:00,11.416043281555176,11.444442049287057,11.316649625685258,11.416043281555176,1045200,0.0,0.0
2018-08-02 00:00:00,11.288253165862681,11.572234113570124,11.288253165862681,11.444443702697754,1025700,0.0,0.0
2018-08-03 00:00:00,10.97587171772702,11.018469189078749,10.890677452087402,10.890677452087402,11346975,0.0,0.0
2018-08-06 00:00:00,10.890678088673626,10.904876795244926,10.72028954743477,10.8054838180542,2634675,0.0,0.0
2018-08-07 00:00:00,10.819682979213844,10.862280454845228,10.592498248016884,10.620896339416504,3134025,0.0,0.0
2018-08-08 00:00:00,10.649295273357998,10.677693367004395,10.592499086065207,10.677693367004395,1382850,0.0,0.0
2018-08-09 00:00:00,10.67769230559664,10.805484052834363,10.663493598716833,10.734488487243652,774400,0.0,0.0
2018-08-10 00:00:00,10.734488487243652,10.777085962010856,10.706090396420146,10.734488487243652,632975,0.0,0.0
2018-08-13 00:00:00,10.762886891649375,10.833882459308578,10.706090708347576,10.819683074951172,681575,0.0,0.0
2018-08-14 00:00:00,10.848081588745117,10.933275867013071,10.80548478814311,10.848081588745117,722475,0.0,0.0
2018-08-15 00:00:00,10.876480102539062,10.890679487998694,10.762887727117866,10.876480102539062,1511175,0.0,0.0
2018-08-16 00:00:00,10.890677349443198,10.990070319887394,10.876477966771839,10.947473526000977,1664050,0.0,0.0
2018-08-17 00:00:00,10.947473526000977,10.990070319887394,10.890677349443198,10.947473526000977,1809475,0.0,0.0
2018-08-20 00:00:00,10.947478167647205,11.004274368286133,10.933278778955414,11.004274368286133,886500,0.0,0.0
2018-08-21 00:00:00,10.947476141642614,11.046869812898418,10.947476141642614,11.018471717834473,857650,0.0,0.0
2018-08-22 00:00:00,11.046869637520937,11.046869637520937,10.890679778616876,10.91907787322998,912250,0.0,0.0
2018-08-23 00:00:00,10.919077581853994,10.975873769564592,10.876480102539062,10.876480102539062,1123750,0.0,0.0
2018-08-24 00:00:00,10.904878196394362,10.933276290249662,10.833883300288097,10.876480102539062,345025,0.0,0.0
2018-08-27 00:00:00,10.876479570193329,10.933275755124056,10.876479570193329,10.904877662658691,453450,0.0,0.0
2018-08-28 00:00:00,10.919077468204753,10.933276176452637,10.848081895773468,10.933276176452637,425975,0.0,0.0
2018-08-29 00:00:00,10.91907704742334,10.947475139888704,10.904877662658691,10.904877662658691,490825,0.0,0.0
2018-08-30 00:00:00,10.890677452087402,10.94747362918048,10.876478069282214,10.890677452087402,544825,0.0,0.0
2018-08-31 00:00:00,10.862281394143395,10.919077581853994,10.819683914828465,10.876480102539062,394000,0.0,0.0
2018-09-04 00:00:00,10.890677025728241,10.947473200597805,10.833880850858675,10.862278938293457,619550,0.0,0.0
2018-09-05 00:00:00,10.876479460039,11.00427121337086,10.876479460039,10.961673736572266,1309775,0.0,0.0
2018-09-06 00:00:00,10.961676879274878,11.032672468605597,10.947478167647205,11.004274368286133,627475,0.0,0.0
2018-09-07 00:00:00,11.004270975818097,11.046868451697126,10.947474792688665,11.032669067382812,789050,0.0,0.0
2018-09-10 00:00:00,11.046869165070516,11.103665351867676,11.00427168644067,11.103665351867676,636550,0.0,0.0
2018-09-11 00:00:00,11.061068941166594,11.103666423909159,11.018472135488048,11.046870231628418,1006825,0.0,0.0
2018-09-12 00:00:00,11.018471427147672,11.018471427147672,10.862281569884544,10.975873947143555,675275,0.0,0.0
2018-09-13 00:00:00,11.004272041458307,11.018471427147672,10.933276467139438,10.975873947143555,958475,0.0,0.0
2018-09-14 00:00:00,10.975874062456187,11.00427215706929,10.876480392778333,10.91907787322998,1158375,0.0,0.0
2018-09-17 00:00:00,10.904878082892914,10.933276176452637,10.819683802213746,10.933276176452637,934825,0.0,0.0
2018-09-18 00:00:00,10.919077566972247,10.919077566972247,10.748689004072675,10.833883285522461,1322575,0.0,0.0
2018-09-19 00:00:00,10.848081684809081,10.862281069844784,10.734489312779239,10.748688697814941,925900,0.0,0.0
2018-09-20 00:00:00,10.748691150848401,10.77708925033679,10.677695563595382,10.762889862060547,843375,0.0,0.0
2018-09-21 00:00:00,10.762886891649375,10.833882459308578,10.677692616696676,10.819683074951172,1236200,0.0,0.0
2018-09-24 00:00:00,10.833882976837323,10.862281069844784,10.706091219771778,10.748688697814941,608425,0.0,0.0
2018-09-25 00:00:00,10.748688697814941,10.79128549879416,10.66349441879256,10.748688697814941,1089425,0.0,0.0
2018-09-26 00:00:00,10.762888056787734,10.762888056787734,10.635096291992614,10.663495063781738,1007550,0.0,0.0
2018-09-27 00:00:00,10.635094516012758,10.720289463025255,10.592497719570384,10.649293899536133,955100,0.0,0.0
2018-09-28 00:00:00,10.722233772277832,10.765998298394324,10.678469941774884,10.722233772277832,588900,0.8,0.0
2018-10-01 00:00:00,10.722234444820261,10.751410565523454,10.663882203413877,10.678470611572266,528300,0.0,0.0
2018-10-02 00:00:00,10.6638822555542,10.736822905475611,10.63470613470835,10.6638822555542,879575,0.0,0.0
2018-10-03 00:00:00,10.678472887480597,10.736825141323626,10.59094450671605,10.649296760559082,757375,0.0,0.0
2018-10-04 00:00:00,10.634705361721753,10.64929376889111,10.503412479651706,10.56176471710205,948425,0.0,0.0
2018-10-05 00:00:00,10.561767359777802,10.576355770597345,10.474238981701676,10.50341510772705,638675,0.0,0.0
2018-10-08 00:00:00,10.503413375950412,10.590942435208678,10.488825663149766,10.576354026794434,662225,0.0,0.0
2018-10-09 00:00:00,10.561767891721791,10.620120842325205,10.518004048286418,10.54718017578125,520550,0.0,0.0
2018-10-10 00:00:00,10.576354215901377,10.678470989786153,10.474237442016602,10.474237442016602,659525,0.0,0.0
2018-10-11 00:00:00,10.459651724016492,10.47423943986041,10.226242705603836,10.240830421447754,695000,0.0,0.0
2018-10-12 00:00:00,10.299178720260487,10.357530952451262,10.036593675401999,10.094945907592773,1033825,0.0,0.0
2018-10-15 00:00:00,10.109536867915489,10.313770441855059,10.109536867915489,10.226242065429688,625875,0.0,0.0
2018-10-16 00:00:00,10.226243442286362,10.357535676794697,10.1678904878658,10.342947959899902,603525,0.0,0.0
2018-10-17 00:00:00,10.313766886043426,10.372119116875949,10.270002365112305,10.270002365112305,624550,0.0,0.0
2018-10-18 00:00:00,10.270005905835522,10.32835815678577,10.167889118865737,10.226242065429688,638900,0.0,0.0
2018-10-19 00:00:00,10.19706393106847,10.313769113552294,10.167887809350917,10.255416870117188,460275,0.0,0.0
2018-10-22 00:00:00,10.270006015668281,10.313770552155859,10.197065353393555,10.197065353393555,332025,0.0,0.0
2018-10-23 00:00:00,10.138711702443684,10.19706394596403,10.08035945892334,10.08035945892334,674575,0.0,0.0
2018-10-24 00:00:00,10.051183337163168,10.167887824203858,10.036595624089887,10.08035945892334,1144600,0.0,0.0
2018-10-25 00:00:00,10.080360578703797,10.197065078708647,10.051184453702584,10.153301239013672,1680125,0.0,0.0
2018-10-26 00:00:00,10.109536259710556,10.167888507150245,9.992831764831177,10.036596298217773,727775,0.0,0.0
2018-10-29 00:00:00,10.065771102905273,10.22624011014317,10.02200657525364,10.065771102905273,728950,0.0,0.0
2018-10-30 00:00:00,10.080360943758283,10.167889321931712,10.022008691642665,10.124125480651855,534875,0.0,0.0
2018-10-31 00:00:00,10.138711337996561,10.226240395744364,10.109535217285156,10.109535217285156,746675,0.0,0.0
2018-11-01 00:00:00,10.124122023688162,10.15329813978355,10.036593675401999,10.094945907592773,604150,0.0,0.0
2018-11-02 00:00:00,10.138710508144447,10.16788662646779,9.992829916527732,10.022006034851074,1348400,0.0,0.0
2018-11-05 00:00:00,10.065771883367317,10.109535718798666,9.93447898584603,9.992831230163574,1287125,0.0,0.0
2018-11-06 00:00:00,10.065772004419875,10.386709352026019,10.007419759400575,10.29918098449707,1573225,0.0,0.0
2018-11-07 00:00:00,10.357531496943114,10.38670761457228,10.167886384546778,10.372119903564453,957350,0.0,0.0
2018-11-08 00:00:00,10.40129931518681,10.445063157683398,10.284594807710933,10.32835865020752,579500,0.0,0.0
2018-11-09 00:00:00,10.328357553976149,10.415885925292969,10.255417592352295,10.415885925292969,554625,0.0,0.0
2018-11-12 00:00:00,10.415886291729858,10.459650826734762,10.32835791733374,10.386710166931152,581975,0.0,0.0
2018-11-13 00:00:00,10.445060446738566,10.503412685331577,10.357532088849052,10.401296615600586,619875,0.0,0.0
2018-11-14 00:00:00,10.430473327636719,10.459649448591236,10.357532677443631,10.430473327636719,446000,0.0,0.0
2018-11-15 00:00:00,10.357530711361088,10.372119116875949,10.226238539794643,10.270002365112305,512575,0.0,0.0
2018-11-16 00:00:00,10.27000413984636,10.372120909256552,10.197063490894283,10.357532501220703,568275,0.0,0.0
2018-11-19 00:00:00,10.342943001459687,10.40129523229221,10.255414655210904,10.270002365112305,391075,0.0,0.0
2018-11-20 00:00:00,10.27000458316916,10.313769113552294,10.1824762180165,10.255416870117188,700050,0.0,0.0
2018-11-21 00:00:00,10.255418680841963,10.35753477707649,10.167889604621319,10.32835865020752,449150,0.0,0.0
2018-11-23 00:00:00,10.313769113552294,10.328356826604264,10.255416870117188,10.255416870117188,189775,0.0,0.0
2018-11-26 00:00:00,10.313770202741228,10.386710166931152,10.270005667736326,10.386710166931152,433125,0.0,0.0
2018-11-27 00:00:00,10.32835791733374,10.430474701936054,10.313770202741228,10.386710166931152,531625,0.0,0.0
2018-11-28 00:00:00,10.386709801520695,10.474238172837516,10.313769839896842,10.415885925292969,570000,0.0,0.0
2018-11-29 00:00:00,10.386708360123194,10.561765078463642,10.386708360123194,10.532588958740234,660800,0.0,0.0
2018-11-30 00:00:00,10.518001784364657,10.576354026794434,10.401297299505101,10.576354026794434,955275,0.0,0.0
2018-12-03 00:00:00,10.59094418141689,10.605531896622722,10.38671060362555,10.50341510772705,706550,0.0,0.0
2018-12-04 00:00:00,10.48882769579372,10.547179949531658,10.29918252333855,10.32835865020752,692975,0.0,0.0
2018-12-06 00:00:00,10.284593304053184,10.459650039672852,10.226241058846627,10.459650039672852,643025,0.0,0.0
2018-12-07 00:00:00,10.445062637329102,10.47423876274457,10.342946546181816,10.445062637329102,891300,0.0,0.0
2018-12-10 00:00:00,10.43047134770847,10.47423517302613,10.270002365112305,10.270002365112305,655450,0.0,0.0
2018-12-11 00:00:00,10.299182676050918,10.372123342111745,10.211654294146172,10.240830421447754,768700,0.0,0.0
2018-12-12 00:00:00,10.270005905835522,10.299182031310647,10.19706524434086,10.226242065429688,605025,0.0,0.0
2018-12-13 00:00:00,10.226242174794413,10.270006015668281,10.197065353393555,10.197065353393555,573325,0.0,0.0
2018-12-14 00:00:00,10.16788953990131,10.255418615564817,10.13871341321805,10.182477951049805,627400,0.0,0.0
2018-12-17 00:00:00,10.226241133065335,10.328357215111115,10.007419864145799,10.051183700561523,1276450,0.0,0.0
2018-12-18 00:00:00,10.124124355405915,10.211652723851001,9.97824374133077,10.051183700561523,921650,0.0,0.0
2018-12-19 00:00:00,10.05118576557819,10.138714152005987,9.919893533743382,9.96365737915039,1160075,0.0,0.0
2018-12-20 00:00:00,9.963655212521015,9.963655212521015,9.628129456368736,9.744833946228027,1667525,0.0,0.0
2018-12-21 00:00:00,9.7740105245326,9.934479553379886,9.642718315124512,9.642718315124512,1710075,0.0,0.0
2018-12-24 00:00:00,9.628127216354452,9.65730333203136,9.33636605958538,9.54059886932373,740900,0.0,0.0
2018-12-26 00:00:00,9.540600988895786,10.007419639049772,9.540600988895786,9.992831230163574,1433475,0.0,0.0
2018-12-27 00:00:00,9.9627768672042,10.098017692565918,9.782455289032404,10.098017692565918,986250,0.8,0.0
2018-12-28 00:00:00,10.082992503521142,10.29336770415349,10.082992503521142,10.218234062194824,619775,0.0,0.0
2018-12-31 00:00:00,10.218233726247965,10.248287325350221,9.977804216895583,10.037911415100098,841425,0.0,0.0
2019-01-02 00:00:00,9.947749220633751,10.113044350747655,9.88764203087128,10.067963600158691,615925,0.0,0.0
2019-01-03 00:00:00,10.067965345208801,10.278341262375495,10.067965345208801,10.218234062194824,682825,0.0,0.0
2019-01-04 00:00:00,10.278341784126265,10.368502588974028,10.218234580894425,10.308395385742188,606075,0.0,0.0
2019-01-07 00:00:00,10.308394009133453,10.488715594748383,10.293366852065066,10.398554801940918,518350,0.0,0.0
2019-01-08 00:00:00,10.413581242475018,10.443634840077506,10.338447606735942,10.398554801940918,565225,0.0,0.0
2019-01-09 00:00:00,10.443637267687075,10.488718032836914,10.383530058510257,10.488718032836914,482525,0.0,0.0
2019-01-10 00:00:00,10.503743898306002,10.56385182070646,10.473690295372979,10.533798217773438,384325,0.0,0.0
2019-01-11 00:00:00,10.518769189313275,10.608929982094702,10.518769189313275,10.593903541564941,424675,0.0,0.0
2019-01-14 00:00:00,10.578875927587083,10.699090312770123,10.578875927587083,10.623956680297852,422400,0.0,0.0
2019-01-15 00:00:00,10.65401073675256,10.65401073675256,10.548822786907085,10.593903541564941,356125,0.0,0.0
2019-01-16 00:00:00,10.623958208229903,10.63898465027175,10.548823848417591,10.578877449035645,364925,0.0,0.0
2019-01-17 00:00:00,10.563850014867683,10.714118003845215,10.563850014867683,10.714118003845215,557575,0.0,0.0
2019-01-18 00:00:00,10.744174096459588,10.789254145353379,10.669039726257324,10.669039726257324,627700,0.0,0.0
2019-01-22 00:00:00,10.669037248884809,10.774225199436227,10.669037248884809,10.714118003845215,543625,0.0,0.0
2019-01-23 00:00:00,10.669036379773859,10.864385107798482,10.669036379773859,10.834331512451172,561150,0.0,0.0
2019-01-24 00:00:00,10.864386210130847,10.909466965992953,10.819305454268743,10.879412651062012,386350,0.0,0.0
2019-01-25 00:00:00,10.909465334625319,10.954545367211988,10.894438179406961,10.939518928527832,404225,0.0,0.0
2019-01-28 00:00:00,10.939523713941071,11.044710980346155,10.909470106891831,10.99963092803955,545375,0.0,0.0
2019-01-29 00:00:00,11.014652555017015,11.014652555017015,10.909465334625319,10.939518928527832,361875,0.0,0.0
2019-01-30 00:00:00,10.93952190265095,10.95454834542034,10.909468300577778,10.924494743347168,480975,0.0,0.0
2019-01-31 00:00:00,10.939521469280903,11.029682271928696,10.894440709689825,11.014655113220215,889000,0.0,0.0
2019-02-01 00:00:00,11.029680894860157,11.119841686251268,10.969573700599415,11.104814529418945,475450,0.0,0.0
2019-02-04 00:00:00,11.104815862330362,11.164923063805773,11.02968221875328,11.149896621704102,324650,0.0,0.0
2019-02-05 00:00:00,11.179948917441042,11.194975357788724,11.089788125752115,11.164921760559082,519325,0.0,0.0
2019-02-06 00:00:00,11.13486805309738,11.179948806762695,11.059734419034216,11.179948806762695,454900,0.0,0.0
2019-02-07 00:00:00,11.149897599770553,11.225031249938342,11.089790393022552,11.210004806518555,623750,0.0,0.0
2019-02-08 00:00:00,11.210004757205457,11.210004757205457,11.074763184350173,11.089790344238281,378500,0.0,0.0
2019-02-11 00:00:00,11.104815862330362,11.149896621704102,11.074762261592657,11.149896621704102,330425,0.0,0.0
2019-02-12 00:00:00,11.149897689249611,11.210004896479978,11.089790482019243,11.134870529174805,469125,0.0,0.0
2019-02-13 00:00:00,11.17994888051201,11.17994888051201,11.059734491990527,11.104814529418945,534575,0.0,0.0
2019-02-14 00:00:00,11.104815802596761,11.104815802596761,10.999628558847784,11.029682159423828,688400,0.0,0.0
2019-02-15 00:00:00,11.074762721724447,11.119843482971191,10.999629075025728,11.119843482971191,832725,0.0,0.0
2019-02-19 00:00:00,11.119840231402017,11.119840231402017,11.014652296940703,11.074759483337402,650325,0.0,0.0
2019-02-20 00:00:00,11.074761819426383,11.074761819426383,10.909467380235661,10.984601020812988,912625,0.0,0.0
2019-02-21 00:00:00,10.924491773309475,10.999626116332859,10.849357430286092,10.939518928527832,602250,0.0,0.0
2019-02-22 00:00:00,11.014655113220215,11.029682271928696,10.924494310572422,11.014655113220215,757550,0.0,0.0
2019-02-25 00:00:00,11.059734491990527,11.104814529418945,10.999627297729786,11.104814529418945,1012975,0.0,0.0
2019-02-26 00:00:00,11.11984535623651,11.11984535623651,10.99963092803955,10.99963092803955,495850,0.0,0.0
2019-02-27 00:00:00,10.9996295991492,10.9996295991492,10.894441628917603,10.954548835754395,389175,0.0,0.0
2019-02-28 00:00:00,10.95454834542034,10.999629106797297,10.894441141273994,10.924494743347168,443525,0.0,0.0
2019-03-01 00:00:00,10.95454834542034,10.969575504724125,10.819306777823865,10.924494743347168,548725,0.0,0.0
2019-03-04 00:00:00,10.90946772729592,10.984601370263457,10.879413410267679,10.969574928283691,388850,0.0,0.0
2019-03-05 00:00:00,10.95454742127519,10.999628178849054,10.909467380235661,10.984601020812988,421050,0.0,0.0
2019-03-06 00:00:00,10.98460243917279,11.029683202567595,10.954548835754395,10.954548835754395,501900,0.0,0.0
2019-03-07 00:00:00,10.969574050757037,10.999627648846744,10.834332501086212,10.894439697265625,965025,0.0,0.0
2019-03-08 00:00:00,10.86438521799288,10.939519565390334,10.819304466247559,10.819304466247559,1278425,0.0,0.0
2019-03-11 00:00:00,10.864388025499206,10.954548835754395,10.849360865522796,10.954548835754395,927550,0.0,0.0
2019-03-12 00:00:00,10.954547005320752,11.014654202114022,10.864386210130847,10.879412651062012,518800,0.0,0.0
2019-03-13 00:00:00,10.879414468941192,10.98460243917279,10.879414468941192,10.954548835754395,497350,0.0,0.0
2019-03-14 00:00:00,10.969574928283691,11.029682129271464,10.924494169275684,10.969574928283691,371325,0.0,0.0
2019-03-15 00:00:00,10.969575995730805,11.029683202567595,10.939522392312409,10.954548835754395,608075,0.0,0.0
2019-03-18 00:00:00,10.98460010421877,11.059734455060955,10.98460010421877,11.044707298278809,345775,0.0,0.0
2019-03-19 00:00:00,11.044709506221757,11.059736666007977,10.894441491031653,10.909468650817871,720225,0.0,0.0
2019-03-20 00:00:00,10.909466965992953,10.999627761182857,10.864386210130847,10.879412651062012,471450,0.0,0.0
2019-03-21 00:00:00,10.90946772729592,11.029682129271464,10.8944405687818,10.969574928283691,522150,0.0,0.0
2019-03-22 00:00:00,10.984603000235488,10.999630160979443,10.819307814724285,10.849361419677734,653325,0.0,0.0
2019-03-25 00:00:00,10.864387539200822,10.969575504724125,10.819306777823865,10.924494743347168,732725,0.0,0.0
2019-03-26 00:00:00,10.95454791145502,11.044708714102812,10.95454791145502,11.014655113220215,675900,0.0,0.0
2019-03-27 00:00:00,11.02968453508879,11.044710980346155,10.954550159198435,10.99963092803955,1077700,0.0,0.0
2019-03-28 00:00:00,11.04597404115571,11.185013771057129,10.999626973414134,11.185013771057129,891125,0.8,0.0
2019-03-29 00:00:00,11.185015268886382,11.231362342834473,11.123219661396757,11.231362342834473,1307650,0.0,0.0
2019-04-01 00:00:00,11.231362548625347,11.35495376586914,11.185015473828042,11.35495376586914,1086550,0.0,0.0
2019-04-02 00:00:00,11.32405346767237,11.354951265178725,11.26225787265966,11.293155670166016,707325,0.0,0.0
2019-04-03 00:00:00,11.308606147766113,11.354952480655934,11.262259078214614,11.308606147766113,439625,0.0,0.0
2019-04-04 00:00:00,11.324053404356246,11.401298266021035,11.29315560702265,11.385848999023438,349725,0.0,0.0
2019-04-05 00:00:00,11.370401382446289,11.401299182262923,11.293156514573875,11.370401382446289,276150,0.0,0.0
2019-04-08 00:00:00,11.385848999023438,11.385848999023438,11.308604874020245,11.385848999023438,359775,0.0,0.0
2019-04-09 00:00:00,11.370402745302835,11.385851278731986,11.308607138262744,11.324055671691895,270200,0.0,0.0
2019-04-10 00:00:00,11.324055961558193,11.370403036355496,11.293158157247243,11.35495376586914,335275,0.0,0.0
2019-04-11 00:00:00,11.354954684366211,11.385852491176468,11.308608342481735,11.339506149291992,286425,0.0,0.0
2019-04-12 00:00:00,11.370403865023889,11.432199478149414,11.324056786848837,11.432199478149414,524300,0.0,0.0
2019-04-15 00:00:00,11.432198233496692,11.447646766765242,11.370402627099011,11.401300430297852,314650,0.0,0.0
2019-04-16 00:00:00,11.416749290642537,11.463096365099453,11.401300756931404,11.447647094726562,366300,0.0,0.0
2019-04-17 00:00:00,11.463096365099453,11.463096365099453,11.401300756931404,11.447647094726562,254975,0.0,0.0
2019-04-18 00:00:00,11.463096073828577,11.478544607147173,11.416749000549316,11.416749000549316,290400,0.0,0.0
2019-04-22 00:00:00,11.432199478149414,11.447648013099887,11.385852399974363,11.432199478149414,248625,0.0,0.0
2019-04-23 00:00:00,11.432198813884888,11.463096618652344,11.401301009117434,11.463096618652344,790225,0.0,0.0
2019-04-24 00:00:00,11.4785450678314,11.586687752048757,11.432198729353795,11.555789947509766,633825,0.0,0.0
2019-04-25 00:00:00,11.571238567007548,11.571238567007548,11.432198813884888,11.463096618652344,318200,0.0,0.0
2019-04-26 00:00:00,11.493993679708,11.633034160495905,11.46309587693977,11.586687088012695,461375,0.0,0.0
2019-04-29 00:00:00,11.586690370219062,11.617588181739835,11.524894747177514,11.540343284606934,235550,0.0,0.0
2019-04-30 00:00:00,11.586688294289408,11.602137565612793,11.478545605011124,11.602137565612793,482800,0.0,0.0
2019-05-01 00:00:00,11.586690370219062,11.663935267351963,11.524894747177514,11.540343284606934,392550,0.0,0.0
2019-05-02 00:00:00,11.555789777351526,11.586687581435552,11.401300756931404,11.447647094726562,540850,0.0,0.0
2019-05-03 00:00:00,11.478547661565388,11.602139644310416,11.447649850044614,11.540343284606934,406325,0.0,0.0
2019-05-06 00:00:00,11.447649850044614,11.571241096127707,11.447649850044614,11.540343284606934,327725,0.0,0.0
2019-05-07 00:00:00,11.493991722288124,11.540338050216857,11.293155670166016,11.293155670166016,695975,0.0,0.0
2019-05-08 00:00:00,11.339502734756348,11.370400532262703,11.277707139743638,11.293155670166016,697550,0.0,0.0
2019-05-09 00:00:00,11.262258714757241,11.385849914023778,11.12321824725156,11.370401382446289,559125,0.0,0.0
2019-05-10 00:00:00,11.370403204349978,11.478545152705184,11.32405612886791,11.463096618652344,324700,0.0,0.0
2019-05-13 00:00:00,11.370400532262703,11.416746860191436,11.26225787265966,11.293155670166016,476725,0.0,0.0
2019-05-14 00:00:00,11.339502734756348,11.339502734756348,11.246809342237283,11.293155670166016,453400,0.0,0.0
2019-05-15 00:00:00,11.293156328971918,11.293156328971918,11.200462931045422,11.262258529663086,380600,0.0,0.0
2019-05-16 00:00:00,11.262259078214614,11.32405467984216,11.246810546138567,11.308606147766113,202875,0.0,0.0
2019-05-17 00:00:00,11.354952185283132,11.40129925362902,11.262258785253017,11.277708053588867,414000,0.0,0.0
2019-05-20 00:00:00,11.26226081348043,11.339505695747434,11.1695673967571,11.200465202331543,256300,0.0,0.0
2019-05-21 00:00:00,11.246812279024104,11.26226081348043,11.200465202331543,11.200465202331543,275775,0.0,0.0
2019-05-22 00:00:00,11.200464539089662,11.246811613037753,11.154117465141569,11.231362342834473,300325,0.0,0.0
2019-05-23 00:00:00,11.169566040200413,11.277708714907808,11.154116770958627,11.246810913085938,411825,0.0,0.0
2019-05-24 00:00:00,11.308608342481735,11.354954684366211,11.262261263935438,11.339506149291992,242150,0.0,0.0
2019-05-28 00:00:00,11.35495355781372,11.35495355781372,11.215913809292942,11.231362342834473,258300,0.0,0.0
2019-05-29 00:00:00,11.200463956617975,11.277708830293818,11.061423478666143,11.16956615447998,291025,0.0,0.0
2019-05-30 00:00:00,11.045974807843121,11.092321142139888,10.87603652987768,10.95328140258789,772000,0.0,0.0
2019-05-31 00:00:00,10.876038551330566,10.92238563090324,10.736998049274387,10.876038551330566,1654525,0.0,0.0
2019-06-03 00:00:00,10.891485434399357,11.045974437985244,10.891485434399357,11.015076637268066,484450,0.0,0.0
2019-06-04 00:00:00,11.045975350210007,11.154117293320123,10.99962827697586,11.12321949005127,884050,0.0,0.0
2019-06-05 00:00:00,11.185015728516763,11.200464999354907,11.045975974282367,11.076873779296875,400250,0.0,0.0
2019-06-06 00:00:00,11.10776971043156,11.15411604180381,10.906933643387397,11.092320442199707,608675,0.0,0.0
2019-06-07 00:00:00,11.123218866959574,11.123218866959574,10.984179128369224,11.045974731445312,380825,0.0,0.0
2019-06-10 00:00:00,11.04597543127252,11.09232176818505,10.999628357698247,11.030526161193848,373425,0.0,0.0
2019-06-11 00:00:00,11.030525576555274,11.045974845815104,10.953281440241227,10.968729972839355,572200,0.0,0.0
2019-06-12 00:00:00,10.99963092803955,11.045978012443989,10.968733117323897,10.99963092803955,311150,0.0,0.0
2019-06-13 00:00:00,11.030528738755205,11.061426549470859,10.953284580297028,10.99963092803955,572725,0.0,0.0
2019-06-14 00:00:00,11.015077834223279,11.154117584228516,10.968730759780362,11.154117584228516,619600,0.0,0.0
2019-06-17 00:00:00,11.154116668497618,11.185014470035663,11.030525462345443,11.045974731445312,781150,0.0,0.0
2019-06-18 00:00:00,11.107770334521401,11.154116668497618,11.015076929907268,11.045974731445312,596200,0.0,0.0
2019-06-19 00:00:00,11.061424135712874,11.13866901397705,10.968730723792916,11.13866901397705,1170475,0.0,0.0
2019-06-20 00:00:00,11.200464621923688,11.200464621923688,11.076873406030412,11.13866901397705,539075,0.0,0.0
2019-06-21 00:00:00,11.154117584228516,11.200464658671432,11.123219780153823,11.154117584228516,1248600,0.0,0.0
2019-06-24 00:00:00,11.200463956617975,11.308606632431813,11.138668352341986,11.16956615447998,629725,0.0,0.0
2019-06-25 00:00:00,11.215912307325945,11.26225863840587,11.154115971449963,11.185013771057129,725775,0.0,0.0
2019-06-26 00:00:00,11.200463039191538,11.246810106933111,11.138667439977207,11.185013771057129,678275,0.0,0.0
2019-06-27 00:00:00,11.246810106933111,11.277707906540277,11.154115971449963,11.185013771057129,844800,0.0,0.0
2019-06-28 00:00:00,11.264453325137785,11.48688236993504,11.232677747309605,11.407443046569824,1142400,0.8,0.0
2019-07-01 00:00:00,11.470997121782617,11.550436465366444,11.35978294987293,11.423334121704102,435800,0.0,0.0
2019-07-02 00:00:00,11.423334121704102,11.455109707619687,11.328007363957344,11.423334121704102,594950,0.0,0.0
2019-07-03 00:00:00,11.423332908000708,11.50277148555464,11.407444737936133,11.470995903015137,191650,0.0,0.0
2019-07-05 00:00:00,11.486884009311702,11.518659591674805,11.375669092246019,11.518659591674805,378550,0.0,0.0
2019-07-08 00:00:00,11.50276956361769,11.566321475667788,11.470993986387402,11.5345458984375,351200,0.0,0.0
2019-07-09 00:00:00,11.518657731027595,11.566321475667788,11.486882153797307,11.5345458984375,493350,0.0,0.0
2019-07-10 00:00:00,11.56632334401428,11.582210756401011,11.486884009311702,11.518659591674805,751625,0.0,0.0
2019-07-11 00:00:00,11.550433214468006,11.566321381748898,11.455106483551196,11.502769470214844,670250,0.0,0.0
2019-07-12 00:00:00,11.518657637495735,11.550433214468006,11.486882060523467,11.502769470214844,602975,0.0,0.0
2019-07-15 00:00:00,11.566323452574654,11.566323452574654,11.470995947000967,11.486884117126465,553050,0.0,0.0
2019-07-16 00:00:00,11.502769470214844,11.534545804776627,11.455106483551196,11.502769470214844,565375,0.0,0.0
2019-07-17 00:00:00,11.518659591674805,11.550435174037908,11.439220256972225,11.518659591674805,475075,0.0,0.0
2019-07-18 00:00:00,11.518659808500612,11.534547978776061,11.439220472302676,11.455108642578125,732400,0.0,0.0
2019-07-19 00:00:00,11.455108642578125,11.486884225539368,11.391557476655638,11.455108642578125,691300,0.0,0.0
2019-07-22 00:00:00,11.470993986387402,11.5345458984375,11.439218409157114,11.5345458984375,668750,0.0,0.0
2019-07-23 00:00:00,11.550434112548828,11.566322281065073,11.470994785146752,11.550434112548828,372225,0.0,0.0
2019-07-24 00:00:00,11.534547761651178,11.550435174037908,11.455108426948598,11.518659591674805,515150,0.0,0.0
2019-07-25 00:00:00,11.50277163822516,11.534547978776061,11.423333059616882,11.455108642578125,441900,0.0,0.0
2019-07-26 00:00:00,11.502771421698432,11.534547761651178,11.455108426948598,11.518659591674805,313950,0.0,0.0
2019-07-29 00:00:00,11.534547825683786,11.582210820698217,11.45510849054021,11.470995903015137,659100,0.0,0.0
2019-07-30 00:00:00,11.470993893242575,11.518657637495735,11.439218316270304,11.502769470214844,353050,0.0,0.0
2019-07-31 00:00:00,11.550433525591398,11.582209103419578,11.375667468741645,11.407443046569824,710875,0.0,0.0
2019-08-01 00:00:00,11.423330714566115,11.470993700428604,11.296228408813477,11.296228408813477,417500,0.0,0.0
2019-08-02 00:00:00,11.296232111206326,11.391558871764595,11.280343938985071,11.328007698059082,375475,0.0,0.0
2019-08-05 00:00:00,11.280341027527227,11.29622919564774,11.010248230194916,11.02613639831543,1057925,0.0,0.0
2019-08-06 00:00:00,11.105574192595018,11.343891394675966,11.08968678317069,11.296228408813477,1054125,0.0,0.0
2019-08-07 00:00:00,11.248566868371546,11.566323452574654,11.153240120387506,11.486884117126465,953525,0.0,0.0
2019-08-08 00:00:00,11.4868838885141,11.83641529083252,11.47099571870481,11.83641529083252,941300,0.0,0.0
2019-08-09 00:00:00,11.804639860382203,11.868191025256133,11.709313113071309,11.820528030395508,437675,0.0,0.0
2019-08-12 00:00:00,11.82052835669281,11.82052835669281,11.661650440122274,11.725201606750488,371375,0.0,0.0
2019-08-13 00:00:00,11.677536219383384,11.788751124219447,11.613985061645508,11.613985061645508,290650,0.0,0.0
2019-08-14 00:00:00,11.518662147607623,11.534550321109501,11.31212043762207,11.31212043762207,610200,0.0,0.0
2019-08-15 00:00:00,11.312117154030945,11.502770635173247,11.312117154030945,11.43921947479248,509000,0.0,0.0
2019-08-16 00:00:00,11.48688289493213,11.64576079133439,11.455107315651679,11.598097801208496,834300,0.0,0.0
2019-08-19 00:00:00,11.677536370614842,11.741087529175745,11.550434053493035,11.598097801208496,394550,0.0,0.0
2019-08-20 00:00:00,11.59809775546952,11.613985166252307,11.502770260414536,11.582209587097168,417700,0.0,0.0
2019-08-21 00:00:00,11.64576003994875,11.661648207358652,11.518657731027595,11.5345458984375,584750,0.0,0.0
2019-08-22 00:00:00,11.566321475667788,11.582208885488171,11.50276956361769,11.5345458984375,376975,0.0,0.0
2019-08-23 00:00:00,11.518657637495735,11.582208791440275,11.470993893242575,11.502769470214844,718700,0.0,0.0
2019-08-26 00:00:00,11.550433308257883,11.550433308257883,11.470993986387402,11.5345458984375,408025,0.0,0.0
2019-08-27 00:00:00,11.582209103419578,11.582209103419578,11.359780058622324,11.407443046569824,478925,0.0,0.0
2019-08-28 00:00:00,11.3756685256958,11.407444106476364,11.296229952539196,11.3756685256958,416425,0.0,0.0
2019-08-29 00:00:00,11.439221647700244,11.455109819608229,11.296231888477061,11.391558647155762,679350,0.0,0.0
2019-08-30 00:00:00,11.391558647155762,11.439221647700244,11.359783060929528,11.391558647155762,724925,0.0,0.0
2019-09-03 00:00:00,11.375669632073766,11.407445215944767,11.296231051191103,11.359782218933105,735150,0.0,0.0
2019-09-04 00:00:00,11.407442739298036,11.518657637495735,11.391555329606657,11.502769470214844,551150,0.0,0.0
2019-09-05 00:00:00,11.550433214468006,11.629872535693437,11.502769470214844,11.502769470214844,414175,0.0,0.0
2019-09-06 00:00:00,11.518658533105912,11.613985271434661,11.470994785146752,11.550434112548828,279725,0.0,0.0
2019-09-09 00:00:00,11.566323066231224,11.645761641436321,11.566323066231224,11.629874229431152,445650,0.0,0.0
2019-09-10 00:00:00,11.613987520988898,11.788753620570786,11.613987520988898,11.756978034973145,653125,0.0,0.0
2019-09-11 00:00:00,11.78875166278889,11.78875166278889,11.677536752871971,11.741087913513184,602750,0.0,0.0
2019-09-12 00:00:00,11.756976082468283,11.78875166278889,11.645761172551364,11.741087913513184,388350,0.0,0.0
2019-09-13 00:00:00,11.741089863379464,11.804641034574747,11.693426863777862,11.756978034973145,778375,0.0,0.0
2019-09-16 00:00:00,11.756978034973145,11.772865448977106,11.64576310658654,11.756978034973145,515650,0.0,0.0
2019-09-17 00:00:00,11.756978034973145,11.804641034574747,11.67753869218418,11.756978034973145,429075,0.0,0.0
2019-09-18 00:00:00,11.756978034973145,11.820529206168427,11.693426863777862,11.756978034973145,490375,0.0,0.0
2019-09-19 00:00:00,11.788753289209195,11.868191872175558,11.772865118062104,11.852304458618164,479150,0.0,0.0
2019-09-20 00:00:00,11.88408004332265,11.963519383878708,11.852304458618164,11.852304458618164,1015600,0.0,0.0
2019-09-23 00:00:00,11.852303079112877,12.058844734447218,11.852303079112877,11.979405403137207,799125,0.0,0.0
2019-09-24 00:00:00,12.027070374522731,12.074733372076167,11.931743621826172,11.931743621826172,1097975,0.0,0.0
2019-09-25 00:00:00,11.947629506119718,12.122395575825463,11.91585392595409,12.074731826782227,808025,0.0,0.0
2019-09-26 00:00:00,12.15417115599109,12.17005856727911,12.058844415494208,12.074731826782227,1032150,0.0,0.0
2019-09-27 00:00:00,12.123684921030023,12.140002502039803,11.944196198312971,12.07473373413086,932700,0.8,0.0
2019-09-30 00:00:00,12.074733028008083,12.123684212044614,11.94419549982395,12.009464263916016,701625,0.0,0.0
2019-10-01 00:00:00,12.042095280769088,12.058412078199815,11.846289043211417,11.878923416137695,569450,0.0,0.0
2019-10-02 00:00:00,11.846290916289945,11.927876472473145,11.797338960128068,11.927876472473145,714375,0.0,0.0
2019-10-03 00:00:00,11.960512549704161,12.025781315148969,11.878926981930682,11.944195747375488,652800,0.0,0.0
2019-10-04 00:00:00,11.927878963250366,12.123685272656214,11.927878963250366,12.107368469238281,516575,0.0,0.0
2019-10-07 00:00:00,12.107367728494967,12.140002111399331,12.074733345590603,12.091050148010254,428825,0.0,0.0
2019-10-08 00:00:00,12.07473373413086,12.123684921030023,12.025781769166608,12.07473373413086,576575,0.0,0.0
2019-10-09 00:00:00,12.123682380087354,12.188951134316943,12.10736558056242,12.156316757202148,1022075,0.0,0.0
2019-10-10 00:00:00,12.18895363775628,12.352126334908546,12.172636834880102,12.335808753967285,1157100,0.0,0.0
2019-10-11 00:00:00,12.368442570863456,12.40107695318506,12.28685700409197,12.319491386413574,526650,0.0,0.0
2019-10-14 00:00:00,12.319491032690742,12.335807834350524,12.221587110471946,12.286856651306152,583150,0.0,0.0
2019-10-15 00:00:00,12.286856651306152,12.401076597119705,12.270539071581343,12.286856651306152,522200,0.0,0.0
2019-10-16 00:00:00,12.270539283752441,12.303173665701316,12.205270519854691,12.270539283752441,404900,0.0,0.0
2019-10-17 00:00:00,12.303174157607963,12.368442924115293,12.286857355013664,12.352126121520996,461300,0.0,0.0
2019-10-18 00:00:00,12.335808188541852,12.368442570863456,12.303173806220249,12.319491386413574,494400,0.0,0.0
2019-10-21 00:00:00,12.35212552128626,12.417394284621944,12.319491139618417,12.384759902954102,329500,0.0,0.0
2019-10-22 00:00:00,12.384760467962016,12.466346036821138,12.352126084805352,12.401077270507812,528400,0.0,0.0
2019-10-23 00:00:00,12.401077270507812,12.482663617432003,12.368442887351149,12.401077270507812,475800,0.0,0.0
2019-10-24 00:00:00,12.401077270507812,12.433711653664474,12.352126084805352,12.401077270507812,299300,0.0,0.0
2019-10-25 00:00:00,12.401075244990306,12.450027200762314,12.30317211151123,12.30317211151123,339550,0.0,0.0
2019-10-28 00:00:00,12.335807834350524,12.352125414075331,12.237904690196753,12.286856651306152,515125,0.0,0.0
2019-10-29 00:00:00,12.270539986332412,12.384760718725982,12.270539986332412,12.335808753967285,306425,0.0,0.0
2019-10-30 00:00:00,12.319491245708273,12.335808047650191,12.237904901803567,12.270539283752441,430800,0.0,0.0
2019-10-31 00:00:00,12.335807941419823,12.384759902954102,12.270539178084139,12.384759902954102,670625,0.0,0.0
2019-11-01 00:00:00,12.401074768021108,12.482661098481508,12.352123592196797,12.433709144592285,495950,0.0,0.0
2019-11-04 00:00:00,12.450028880002996,12.48266326223103,12.335808153172357,12.36844253540039,618100,0.0,0.0
2019-11-05 00:00:00,12.368442570863456,12.40107695318506,12.237905041577042,12.319491386413574,732500,0.0,0.0
2019-11-06 00:00:00,12.352126121520996,12.46634607387629,12.303174157607963,12.352126121520996,690525,0.0,0.0
2019-11-07 00:00:00,12.433711892541627,12.564249427676172,12.41739508968235,12.547932624816895,494175,0.0,0.0
2019-11-08 00:00:00,12.54793353727549,12.629519113634766,12.498981569007812,12.596884727478027,502875,0.0,0.0
2019-11-11 00:00:00,12.596884727478027,12.645836695745704,12.54793353727549,12.596884727478027,420200,0.0,0.0
2019-11-12 00:00:00,12.613200077177485,12.629516878335371,12.515296936035156,12.515296936035156,447825,0.0,0.0
2019-11-13 00:00:00,12.482663857249623,12.613201392384168,12.482663857249623,12.547932624816895,435050,0.0,0.0
2019-11-14 00:00:00,12.531613704725746,12.613200044498813,12.482662523313909,12.564248085021973,504300,0.0,0.0
2019-11-15 00:00:00,12.596882465318199,12.613200044498813,12.515296903610134,12.564248085021973,430575,0.0,0.0
2019-11-18 00:00:00,12.547932624816895,12.596883811459808,12.531615043892534,12.547932624816895,506900,0.0,0.0
2019-11-19 00:00:00,12.580563990048807,12.580563990048807,12.433708909225974,12.498977661132812,676500,0.0,0.0
2019-11-20 00:00:00,12.48266241240966,12.613199932434782,12.466344833374023,12.466344833374023,647900,0.0,0.0
2019-11-21 00:00:00,12.482663617432003,12.482663617432003,12.401077270507812,12.401077270507812,456525,0.0,0.0
2019-11-22 00:00:00,12.417392345339152,12.482661098481508,12.335806014878752,12.433709144592285,477375,0.0,0.0
2019-11-25 00:00:00,12.466342950622561,12.515294902271423,12.417391777038574,12.417391777038574,378150,0.0,0.0
2019-11-26 00:00:00,12.482661247253418,12.515295624213541,12.450026870293295,12.482661247253418,462400,0.0,0.0
2019-11-27 00:00:00,12.498977687145551,12.498977687145551,12.417392136124658,12.450026512145996,609250,0.0,0.0
2019-11-29 00:00:00,12.48266086218855,12.53161203708623,12.450026486235132,12.498977661132812,238400,0.0,0.0
2019-12-02 00:00:00,12.531613593386584,12.580565552428501,12.466344833374023,12.466344833374023,493775,0.0,0.0
2019-12-03 00:00:00,12.433708909225974,12.51529523814197,12.433708909225974,12.498977661132812,450450,0.0,0.0
2019-12-04 00:00:00,12.498977661132812,12.547929614095388,12.417392110281714,12.498977661132812,773975,0.0,0.0
2019-12-05 00:00:00,12.515298241033259,12.564249427676172,12.450029473465987,12.547932624816895,385575,0.0,0.0
2019-12-06 00:00:00,12.547929614095388,12.56424641303965,12.498977661132812,12.498977661132812,344075,0.0,0.0
2019-12-09 00:00:00,12.498979324429522,12.580565664202586,12.482662523313909,12.564248085021973,383800,0.0,0.0
2019-12-10 00:00:00,12.564250341321289,12.596884727478027,12.515299151118752,12.596884727478027,554825,0.0,0.0
2019-12-11 00:00:00,12.564248085021973,12.629516845614425,12.54793128390636,12.564248085021973,597350,0.0,0.0
2019-12-12 00:00:00,12.580567923432227,12.645836695745704,12.564250341321289,12.596884727478027,654350,0.0,0.0
2019-12-13 00:00:00,12.596880852693813,12.678467182022379,12.58056405366704,12.662150382995605,627025,0.0,0.0
2019-12-16 00:00:00,12.694786426480036,12.77637198845936,12.645834466840439,12.727420806884766,893475,0.0,0.0
2019-12-17 00:00:00,12.743738629115922,12.874276161193848,12.743738629115922,12.874276161193848,614200,0.0,0.0
2019-12-18 00:00:00,12.890592676029303,12.90690947715755,12.727420774421844,12.776371955871582,1480850,0.0,0.0
2019-12-19 00:00:00,12.841641072204409,12.874275453429812,12.792689889398813,12.809006690979004,839375,0.0,0.0
2019-12-20 00:00:00,12.825326273205592,12.906911849975586,12.743739918370455,12.906911849975586,1748700,0.0,0.0
2019-12-23 00:00:00,12.906909263628384,12.906909263628384,12.7274205638621,12.792689323425293,1330875,0.0,0.0
2019-12-24 00:00:00,12.84164047241211,12.85795805129518,12.743737333308642,12.84164047241211,615400,0.0,0.0
2019-12-26 00:00:00,12.874274865683674,13.053764343261719,12.874274865683674,13.053764343261719,1231275,0.0,0.0
2019-12-27 00:00:00,13.037030336319653,13.05376631679989,12.903145684539629,12.919880867004395,1064300,0.8,0.0
2019-12-30 00:00:00,12.970087213891475,12.986823193343898,12.802731409444347,12.819466590881348,944650,0.0,0.0
2019-12-31 00:00:00,12.802727699279785,12.886405178246335,12.785991724677361,12.802727699279785,704375,0.0,0.0
2020-01-02 00:00:00,12.802728598152937,12.819463775915139,12.668843983994332,12.785992622375488,744500,0.0,0.0
2020-01-03 00:00:00,12.769260142712913,12.919879966459158,12.75252416339921,12.886408805847168,1091175,0.0,0.0
2020-01-06 00:00:00,12.869673731223198,12.8864089126602,12.819466590881348,12.819466590881348,732575,0.0,0.0
2020-01-07 00:00:00,12.785993581029851,12.919878205226713,12.785993581029851,12.836200714111328,805850,0.0,0.0
2020-01-08 00:00:00,12.869673731223198,12.919880073549624,12.819466590881348,12.819466590881348,587375,0.0,0.0
2020-01-09 00:00:00,12.852935990897405,12.886407147201227,12.75252252198594,12.769258499145508,2094575,0.0,0.0
2020-01-10 00:00:00,12.819466537613911,12.886408859114605,12.785995376863566,12.852937698364258,736275,0.0,0.0
2020-01-13 00:00:00,12.85293758910858,13.020294189453125,12.85293758910858,13.020294189453125,932475,0.0,0.0
2020-01-14 00:00:00,13.020291237640741,13.087233543395996,12.986820084763114,13.087233543395996,905500,0.0,0.0
2020-01-15 00:00:00,13.103969479310424,13.237854098570436,13.087234300910563,13.17091178894043,1346100,0.0,0.0
2020-01-16 00:00:00,13.221118920170573,13.237854098570436,13.154176610540567,13.17091178894043,539600,0.0,0.0
2020-01-17 00:00:00,13.187647819519043,13.20438299798764,13.137440688082693,13.187647819519043,545600,0.0,0.0
2020-01-21 00:00:00,13.187649674689562,13.2378560151734,13.154178515028539,13.221120834350586,683675,0.0,0.0
2020-01-22 00:00:00,13.254592844841714,13.304799188548364,13.204385703119618,13.2378568649292,706525,0.0,0.0
2020-01-23 00:00:00,13.221120834350586,13.271327174834424,13.170913695851354,13.221120834350586,805500,0.0,0.0
2020-01-24 00:00:00,13.271325307892587,13.30479646284506,13.137440688082693,13.187647819519043,719175,0.0,0.0
2020-01-27 00:00:00,13.170912895661123,13.18764887348255,13.103970580406113,13.120706558227539,873650,0.0,0.0
2020-01-28 00:00:00,13.154178515028539,13.2378560151734,13.13744253619033,13.221120834350586,461600,0.0,0.0
2020-01-29 00:00:00,13.254592844841714,13.271328026738782,13.204385703119618,13.2378568649292,560675,0.0,0.0
2020-01-30 00:00:00,13.221119927552845,13.237855107227842,13.070499320401167,13.137441635131836,731575,0.0,0.0
2020-01-31 00:00:00,13.187648011344763,13.187648011344763,12.986821078708722,13.053763389587402,1488075,0.0,0.0
2020-02-03 00:00:00,13.037026415071939,13.137439873704821,13.003555262194311,13.087233543395996,880900,0.0,0.0
2020-02-04 00:00:00,13.087234490968058,13.103969669610954,13.020292180365892,13.037027359008789,852025,0.0,0.0
2020-02-05 00:00:00,13.087235347910221,13.137441685141674,13.037028212663428,13.103970527648926,598775,0.0,0.0
2020-02-06 00:00:00,13.120706455456839,13.18764877018751,13.103970477766502,13.137441635131836,820575,0.0,0.0
2020-02-07 00:00:00,13.154176753445917,13.154176753445917,13.053763287910028,13.0704984664917,645275,0.0,0.0
2020-02-10 00:00:00,13.053764391747409,13.070499571744222,12.970086097717285,12.970086097717285,906375,0.0,0.0
2020-02-11 00:00:00,12.97008801042964,13.037030336319653,12.919880867004395,12.919880867004395,1270850,0.0,0.0
2020-02-12 00:00:00,12.919877116474792,13.03702655178257,12.919877116474792,12.986820220947266,2009650,0.0,0.0
2020-02-13 00:00:00,13.003555398553955,13.070497705011189,12.970084245325337,12.986820220947266,1394275,0.0,0.0
2020-02-14 00:00:00,13.003556068272799,13.187647819519043,12.986820889804203,13.187647819519043,1034800,0.0,0.0
2020-02-18 00:00:00,13.137441635131836,13.221119927552845,13.087235298091503,13.137441635131836,629100,0.0,0.0
2020-02-19 00:00:00,13.154178515028539,13.254591994011609,13.154178515028539,13.221120834350586,1045200,0.0,0.0
2020-02-20 00:00:00,13.271324879444219,13.539094908434661,13.23785372557232,13.438680648803711,1156175,0.0,0.0
2020-02-21 00:00:00,13.42194859033212,13.45541895197775,13.154178515028539,13.221120834350586,1709700,0.0,0.0
2020-02-24 00:00:00,13.053764391747409,13.087235549756388,12.953350119705117,12.970086097717285,1957475,0.0,0.0
2020-02-25 00:00:00,13.003559571340796,13.020295552333229,12.601905603708344,12.685583114624023,1781225,0.0,0.0
2020-02-26 00:00:00,12.685581362868648,12.852937159605295,12.568432704160688,12.58516788482666,1893450,0.0,0.0
2020-02-27 00:00:00,12.501489195361923,12.501489195361923,12.066364137493625,12.216984748840332,2559700,0.0,0.0
2020-02-28 00:00:00,11.96595264775983,12.15004444794504,11.664711375090302,12.099837303161621,3314975,0.0,0.0
2020-03-02 00:00:00,12.1667777955277,12.75252347355969,12.133306636726312,12.7190523147583,1576450,0.0,0.0
2020-03-03 00:00:00,12.752523894040118,12.836202192810344,12.300662836314771,12.45128345489502,2077125,0.0,0.0
2020-03-04 00:00:00,12.585169622715911,12.702319095616456,12.468020149815365,12.685583114624023,1470500,0.0,0.0
2020-03-05 00:00:00,12.501489639107604,12.585167936829384,12.384340979915578,12.55169677734375,730950,0.0,0.0
2020-03-06 00:00:00,12.25045754254004,12.451284519135253,12.049629767929359,12.384342193603516,1752400,0.0,0.0
2020-03-09 00:00:00,11.932478900576378,12.300661623221249,11.731651960951902,11.882271766662598,2875775,0.0,0.0
2020-03-10 00:00:00,12.08310245283522,12.200251936281123,11.731655598528652,11.999424934387207,2556075,0.0,0.0
2020-03-11 00:00:00,11.781859771052865,11.882273253429318,11.41367700233921,11.547561645507812,2163425,0.0,0.0
2020-03-12 00:00:00,10.493216035907498,10.894870654428633,10.041355088830723,10.07482624053955,2401250,0.0,0.0
2020-03-13 00:00:00,10.66057676413897,10.878139750676233,9.756854448693268,10.158509254455566,2096525,0.0,0.0
2020-03-16 00:00:00,9.037222573754871,10.007887075740552,8.535154342651367,8.535154342651367,1836500,0.0,0.0
2020-03-17 00:00:00,8.819659849671178,8.819659849671178,7.06242179314594,7.112628936767578,3214675,0.0,0.0
2020-03-18 00:00:00,6.644031306188829,7.012214446469685,2.5103392663631894,6.108492374420166,5735575,0.0,0.0
2020-03-19 00:00:00,5.639895360238945,6.44320395739578,5.020678532726379,6.108492374420166,3316850,0.0,0.0
2020-03-20 00:00:00,6.459939589305561,7.5477538388916585,5.941136232448397,6.024814128875732,3505650,0.0,0.0
2020-03-23 00:00:00,5.857457922874417,6.0248137039249094,4.3010475630742135,4.51861047744751,2881000,0.0,0.0
2020-03-24 00:00:00,4.85332399593009,4.886795162880688,0.535539169969295,0.6024816036224365,13770475,0.0,0.0
2020-03-25 00:00:00,1.2049629439890852,2.4099258879781704,1.0710781059334598,1.907857894897461,56849725,0.0,0.0
2020-03-26 00:00:00,3.7655089528277634,4.853322809914414,2.7446376127873306,2.8450512886047363,70216250,0.0,0.0
2020-03-27 00:00:00,3.229969923391293,3.7822446603355213,2.5940172866845375,3.112820863723755,35776675,0.0,0.0
2020-03-30 00:00:00,3.281588383807488,3.300340299546008,2.7190304645709635,2.8502938747406006,13459700,0.8,0.0
2020-03-31 00:00:00,2.8877977759625226,3.0565652452256686,2.49400731240248,2.9065496921539307,12216600,0.0,0.0
2020-04-01 00:00:00,2.6252697547912054,2.775285252379991,2.362742801666124,2.4002466201782227,7122450,0.0,0.0
2020-04-02 00:00:00,2.3439910770764985,2.4002468092766365,1.9126966831279573,2.0627121925354004,8688725,0.0,0.0
2020-04-03 00:00:00,2.0064567445106203,2.4189990626139246,1.8751931272456324,2.0439605712890625,11416275,0.0,0.0
2020-04-06 00:00:00,2.3252395811898077,2.494007031440481,2.062712560544565,2.1002163887023926,12626275,0.0,0.0
2020-04-07 00:00:00,2.3814953465424877,2.775285993102898,2.250231946715985,2.34399151802063,16848150,0.0,0.0
2020-04-08 00:00:00,2.7565343445726462,3.337844189780777,2.569014960345985,3.319092273712158,23781025,0.0,0.0
2020-04-09 00:00:00,4.237936553623914,4.556719536139452,3.150324432674067,3.7128825187683105,39575900,0.0,0.0
2020-04-13 00:00:00,3.8628980050984048,3.9379056639032806,3.244084372877267,3.4878594875335693,14770800,0.0,0.0
2020-04-14 00:00:00,3.525362996690598,3.6566266112155468,3.3003398171767118,3.43160343170166,9376900,0.0,0.0
2020-04-15 00:00:00,3.112820808314644,3.281588267521357,3.0190612329445035,3.131572723388672,9355050,0.0,0.0
2020-04-16 00:00:00,3.1690766463907423,3.225332389292951,2.9253013134002686,2.9253013134002686,6691575,0.0,0.0
2020-04-17 00:00:00,3.225332869248614,3.4503560978831795,3.0190615577052213,3.3378443717956543,13261550,0.0,0.0
2020-04-20 00:00:00,3.18782863608247,3.300340124547743,3.0940688388209523,3.150324583053589,6644625,0.0,0.0
2020-04-21 00:00:00,3.0940688932406157,3.2253325222992726,3.0378131480185315,3.131572723388672,5509575,0.0,0.0
2020-04-22 00:00:00,3.2440844373733007,3.2628363524473287,3.0565650630925596,3.131572723388672,4186375,0.0,0.0
2020-04-23 00:00:00,3.1690762652878415,3.187828177333533,3.037812657427575,3.0565645694732666,4400675,0.0,0.0
2020-04-24 00:00:00,3.056565885889214,3.056565885889214,2.7565349403990056,2.944054365158081,6012675,0.0,0.0
2020-04-27 00:00:00,3.0003097126469847,3.1690771940598843,2.887797983858222,3.0753173828125,4667325,0.0,0.0
2020-04-28 00:00:00,3.2253325316784447,3.4691076518901607,3.112820817366635,3.375347852706909,8301125,0.0,0.0
2020-04-29 00:00:00,3.469107590624844,3.731634621328824,3.431603761030055,3.5628671646118164,8124075,0.0,0.0
2020-04-30 00:00:00,3.5441150969239255,3.5441150969239255,3.2065804215913625,3.281588077545166,5975625,0.0,0.0
2020-05-01 00:00:00,3.18782863608247,3.225332465570894,3.0940688388209523,3.150324583053589,3715200,0.0,0.0
2020-05-04 00:00:00,3.094068765640259,3.1503245085423384,2.962805365535406,3.094068765640259,3786425,0.0,0.0
2020-05-05 00:00:00,3.3378439540361677,3.412851836553473,3.150324583053589,3.150324583053589,4103900,0.0,0.0
2020-05-06 00:00:00,3.2253324859907546,3.281588230579551,2.9815573692321777,2.9815573692321777,3941475,0.0,0.0
2020-05-07 00:00:00,3.0565649169164986,3.094068745270985,3.0003091743847685,3.0190610885620117,3252050,0.0,0.0
2020-05-08 00:00:00,3.019060745381883,3.09406839356465,3.0003088333361916,3.0565645694732666,2953125,0.0,0.0
2020-05-11 00:00:00,3.07531685134661,3.07531685134661,2.9065493990995326,2.9253013134002686,3869150,0.0,0.0
2020-05-12 00:00:00,2.962805664268629,3.0190614128428526,2.8877977759625226,2.9065496921539307,4018175,0.0,0.0
2020-05-13 00:00:00,2.9065492769576955,2.9065492769576955,2.625270350726377,2.7190301418304443,5684925,0.0,0.0
2020-05-14 00:00:00,2.644022716643404,2.981557664707103,2.494007382873298,2.96280574798584,4769975,0.0,0.0
2020-05-15 00:00:00,2.831541591880864,2.925301158417142,2.794037765266353,2.8127896785736084,2608875,0.0,0.0
2020-05-18 00:00:00,3.0003091743847685,3.0190610885620117,2.869045551603616,3.0190610885620117,5154575,0.0,0.0
2020-05-19 00:00:00,2.9628054543692457,3.150324602998568,2.906549486239991,2.9815573692321777,4311525,0.0,0.0
2020-05-20 00:00:00,3.0190612329445035,3.1503246384627,3.0190612329445035,3.131572723388672,3899600,0.0,0.0
2020-05-21 00:00:00,3.1315727791315724,3.1878287488954897,3.019061286684667,3.112820863723755,4016925,0.0,0.0
2020-05-22 00:00:00,3.1315727791315724,3.1315727791315724,3.0378132020924844,3.112820863723755,1852075,0.0,0.0
2020-05-26 00:00:00,3.244084786339787,3.356596288886828,3.20658095215744,3.3378443717956543,4660500,0.0,0.0
2020-05-27 00:00:00,3.4878596699351934,3.562867332662681,3.2815883738941345,3.5066115856170654,5517750,0.0,0.0
2020-05-28 00:00:00,3.5253635740074385,3.5628674061446763,3.300340357643539,3.319092273712158,3358200,0.0,0.0
2020-05-29 00:00:00,3.356595826200442,3.356595826200442,3.169076681137085,3.169076681137085,3714300,0.0,0.0
2020-06-01 00:00:00,3.1503244092997904,3.4691073894500732,3.1503244092997904,3.4691073894500732,4600925,0.0,0.0
2020-06-02 00:00:00,3.412852173431933,3.5066117564078874,3.375348116701072,3.4503560066223145,3497000,0.0,0.0
2020-06-03 00:00:00,3.469106712439847,3.6566260364847794,3.3940988486976336,3.637874126434326,7432000,0.0,0.0
2020-06-04 00:00:00,3.619123201560954,4.481712469672014,3.562867452621257,4.3504486083984375,13506075,0.0,0.0
2020-06-05 00:00:00,5.906859751127981,6.375658129881599,5.175534083556708,5.306797504425049,22567225,0.0,0.0
2020-06-08 00:00:00,6.131881750134491,6.5256723950739195,5.681835362643845,6.375657081604004,17136000,0.0,0.0
2020-06-09 00:00:00,6.244393311901305,6.938215039379731,5.625579689159635,5.756843090057373,13941350,0.0,0.0
2020-06-10 00:00:00,5.906859059649071,5.906859059649071,4.744238983958626,5.1942853927612305,12980750,0.0,0.0
2020-06-11 00:00:00,4.1066728961406715,4.819246024279481,3.844145671827933,4.312943935394287,10245250,0.0,0.0
2020-06-12 00:00:00,4.894253253936768,5.063020900435817,4.51921503300738,4.894253253936768,7255300,0.0,0.0
2020-06-15 00:00:00,4.5192159382452335,5.494316402144309,4.387952087545843,5.381804466247559,10646350,0.0,0.0
2020-06-16 00:00:00,5.813098792709623,5.831850706992652,4.8755021843964,5.269292831420898,12552625,0.0,0.0
2020-06-17 00:00:00,5.1567818906113345,5.213037639404654,4.819246950770473,4.837998867034912,5274975,0.0,0.0
2020-06-18 00:00:00,4.594222677193257,5.081772811482287,4.500463121960911,4.894253253936768,6054225,0.0,0.0
2020-06-19 00:00:00,5.0067662972389915,5.0067662972389915,4.687983290424246,4.762990951538086,5803300,0.0,0.0
2020-06-22 00:00:00,4.725487013640821,4.781742758198341,4.500464035410742,4.556719779968262,4450400,0.0,0.0
2020-06-23 00:00:00,4.594223464736615,4.744238778824047,4.594223464736615,4.68798303604126,3657450,0.0,0.0
2020-06-24 00:00:00,4.556719779968262,4.594223609673275,4.181681035837213,4.556719779968262,5539025,0.0,0.0
2020-06-25 00:00:00,4.312944472184766,4.725487049118045,4.275440642198188,4.706735134124756,3726850,0.0,0.0
2020-06-26 00:00:00,4.537967334388187,4.631726897685285,4.219184372097189,4.312943935394287,16348425,0.0,0.0
2020-06-29 00:00:00,4.387951960785495,4.744238778824047,4.312944303741779,4.68798303604126,4825350,0.0,0.0
2020-06-30 00:00:00,4.612975668481842,4.706735245670308,4.481712260417989,4.669231414794922,4380675,0.0,0.0
2020-07-01 00:00:00,4.68798303604126,5.025517939818883,4.650479207519402,4.68798303604126,4479850,0.0,0.0
2020-07-02 00:00:00,4.781742794097912,4.856750454071069,4.6317274741515995,4.706735134124756,3688250,0.0,0.0
2020-07-06 00:00:00,4.781741331100396,4.8755008773806425,4.6692298755641,4.800493240356445,6678975,0.0,0.0
2020-07-07 00:00:00,4.687983724226251,4.725487558253584,4.425456438953956,4.462960720062256,4611975,0.0,0.0
2020-07-08 00:00:00,4.444207300950548,4.650478786214745,4.369199650702061,4.500463485717773,3385050,0.0,0.0
2020-07-09 00:00:00,4.462960553358782,4.5004643859852465,4.2004332778925795,4.3504486083984375,3683150,0.0,0.0
2020-07-10 00:00:00,4.294192930612621,4.687983626796479,4.181681430868936,4.650479793548584,4296150,0.0,0.0
2020-07-13 00:00:00,4.556719223404138,4.70673452390111,4.462959660593531,4.500463485717773,3923675,0.0,0.0
2020-07-14 00:00:00,4.406704151586286,4.669231414794922,4.350448405273206,4.669231414794922,2327500,0.0,0.0
2020-07-15 00:00:00,4.762990972501087,5.044270149996885,4.66923139569613,5.006766319274902,4945700,0.0,0.0
2020-07-16 00:00:00,4.837998754706628,5.100526023394394,4.762991091390392,4.875502586364746,2254875,0.0,0.0
2020-07-17 00:00:00,4.875501342890298,4.98801325624994,4.81924560975089,4.894253253936768,1264875,0.0,0.0
2020-07-20 00:00:00,4.819245149612494,4.8755008773806425,4.687981784820149,4.800493240356445,1819775,0.0,0.0
2020-07-21 00:00:00,4.781742897892301,4.95051058357616,4.74423906709165,4.91300630569458,1863050,0.0,0.0
2020-07-22 00:00:00,4.856749880664167,5.156780932214872,4.837997967884802,5.081773281097412,2000950,0.0,0.0
2020-07-23 00:00:00,5.006766319274902,5.138029726801842,4.950510573191928,5.006766319274902,1986100,0.0,0.0
2020-07-24 00:00:00,4.969262727966939,5.006766560495818,4.819246950770473,4.837998867034912,1711950,0.0,0.0
2020-07-27 00:00:00,4.837998867034912,4.875502699563791,4.781743118241593,4.837998867034912,1648825,0.0,0.0
2020-07-28 00:00:00,4.781742818963442,5.081773907497179,4.781742818963442,4.950510501861572,1619050,0.0,0.0
2020-07-29 00:00:00,4.950509710455592,5.100525007200024,4.913005439188635,5.063021183013916,1507850,0.0,0.0
2020-07-30 00:00:00,4.969262848563808,5.138030099039503,4.931759015124765,5.0442705154418945,1577475,0.0,0.0
2020-07-31 00:00:00,5.006767513626405,5.063023273129046,4.837999788037449,4.931759834289551,1398800,0.0,0.0
2020-08-03 00:00:00,4.875503627705875,4.969263673957978,4.781744028534807,4.931759834289551,1377150,0.0,0.0
2020-08-04 00:00:00,4.875502464667035,5.044270149996885,4.875502464667035,5.006766319274902,1731075,0.0,0.0
2020-08-05 00:00:00,5.063020691555721,5.156780242919922,4.98801305046436,5.156780242919922,1443700,0.0,0.0
2020-08-06 00:00:00,5.250539794284123,5.494315074911852,5.138028332647082,5.156780242919922,2678975,0.0,0.0
2020-08-07 00:00:00,5.100527159940534,5.325550200030936,4.988015639895333,5.288046360015869,2288275,0.0,0.0
2020-08-10 00:00:00,5.325548297150249,5.700587010376239,5.306796383842993,5.625579357147217,3617125,0.0,0.0
2020-08-11 00:00:00,5.8318505154919045,5.98186627191096,5.569323724150112,5.588075637817383,3133000,0.0,0.0
2020-08-12 00:00:00,5.66308406479479,5.719339813468532,5.250541460773063,5.325549125671387,2037350,0.0,0.0
2020-08-13 00:00:00,5.325549421691955,5.513069041441986,5.21303791809052,5.306797504425049,1308525,0.0,0.0
2020-08-14 00:00:00,5.288045473166838,5.456813172011937,5.175533971990748,5.344301223754883,1175050,0.0,0.0
2020-08-17 00:00:00,5.344300412111252,5.363052326126064,5.175533185977945,5.213037014007568,1155425,0.0,0.0
2020-08-18 00:00:00,5.1942858018306195,5.2505415514761795,5.119278135636538,5.138030052185059,941375,0.0,0.0
2020-08-19 00:00:00,5.138030052185059,5.2505415514761795,5.081774302539498,5.138030052185059,995025,0.0,0.0
2020-08-20 00:00:00,5.063021183013916,5.17553265557224,5.006765446734755,5.063021183013916,1004800,0.0,0.0
2020-08-21 00:00:00,5.006766319274902,5.156781642162834,4.9692624885529195,5.006766319274902,1411375,0.0,0.0
2020-08-24 00:00:00,5.025518637089294,5.381805057480246,4.969262886501249,5.344301223754883,1898400,0.0,0.0
2020-08-25 00:00:00,5.381805173492672,5.419309455107457,5.156782166289802,5.306797504425049,1077575,0.0,0.0
2020-08-26 00:00:00,5.269292756052004,5.288044670066816,5.100525529918697,5.213037014007568,1227450,0.0,0.0
2020-08-27 00:00:00,5.1567825701710595,5.3630536762622585,5.1567825701710595,5.250542163848877,1103925,0.0,0.0
2020-08-28 00:00:00,5.250542520000802,5.288046360015869,5.156782919963135,5.288046360015869,810925,0.0,0.0
2020-08-31 00:00:00,5.250540911683837,5.288044740210936,5.00676602625769,5.02551794052124,1809000,0.0,0.0
2020-09-01 00:00:00,4.9692624885529195,5.138029726801842,4.950510573191928,5.006766319274902,1041975,0.0,0.0
2020-09-02 00:00:00,5.025518829524393,5.025518829524393,4.837999206636189,4.969263076782227,1320075,0.0,0.0
2020-09-03 00:00:00,4.988015593792191,5.100527112797473,4.856751707871662,4.931759834289551,1435900,0.0,0.0
2020-09-04 00:00:00,4.9880135346417,5.063021183013916,4.856749702909473,5.063021183013916,1475025,0.0,0.0
2020-09-08 00:00:00,4.96926114019152,5.175532153192762,4.913004962292193,5.156780242919922,2405525,0.0,0.0
2020-09-09 00:00:00,5.100526038218005,5.231789449402908,5.081774122334448,5.1192779541015625,2225400,0.0,0.0
2020-09-10 00:00:00,5.138030052185059,5.1942858018306195,5.081774302539498,5.138030052185059,1892525,0.0,0.0
2020-09-11 00:00:00,5.1192779541015625,5.156781785868678,4.969262627033102,5.1192779541015625,1971900,0.0,0.0
2020-09-14 00:00:00,5.081773655737096,5.38180428232586,5.0255179132517025,5.3630523681640625,2505050,0.0,0.0
2020-09-15 00:00:00,5.325550200030936,5.456814087164709,5.231790599993269,5.288046360015869,1040825,0.0,0.0
2020-09-16 00:00:00,5.2505410626290825,5.438060657736391,5.2317891478264436,5.381804466247559,1554100,0.0,0.0
2020-09-17 00:00:00,5.269293376997644,5.381804874345129,5.231789544548483,5.325549125671387,923375,0.0,0.0
2020-09-18 00:00:00,5.36305202601215,5.494315863851266,5.213036722288442,5.231788635253906,3603425,0.0,0.0
2020-09-21 00:00:00,5.306796584081628,5.363052326126064,5.1567812719631325,5.213037014007568,2011275,0.0,0.0
2020-09-22 00:00:00,5.269292756052004,5.32554849809644,5.1567812719631325,5.213037014007568,948625,0.0,0.0
2020-09-23 00:00:00,5.250541229981368,5.306796976182345,4.91300630569458,4.91300630569458,1382975,0.0,0.0
2020-09-24 00:00:00,4.969261345203471,5.063020900435817,4.800493698704421,4.894253253936768,1271300,0.0,0.0
2020-09-25 00:00:00,4.969263731650958,5.025519491806727,4.837999844206459,4.988015651702881,1146600,0.0,0.0
2020-09-28 00:00:00,5.044269787874261,5.250540842037193,5.0255178738594495,5.213037014007568,1247425,0.0,0.0
2020-09-29 00:00:00,5.155750751495361,5.232132169918096,5.022083269255577,5.155750751495361,1016500,0.2,0.0
2020-09-30 00:00:00,5.098464555709139,5.213036680377644,5.041178493374887,5.117559909820557,1048600,0.0,0.0
2020-10-01 00:00:00,5.098464801797667,5.346704417227921,5.098464801797667,5.327609062194824,1666075,0.0,0.0
2020-10-02 00:00:00,5.060274215846365,5.365799903869629,5.022083504843457,5.365799903869629,1242175,0.0,0.0
2020-10-05 00:00:00,5.289418417227892,5.3848951935684495,5.289418417227892,5.346704483032227,934675,0.0,0.0
2020-10-06 00:00:00,5.36580054222279,5.423086615542304,5.232133037810591,5.270323753356934,1189275,0.0,0.0
2020-10-07 00:00:00,5.270322997095535,5.346704417227921,5.2321322870293425,5.327609062194824,873900,0.0,0.0
2020-10-08 00:00:00,5.327609046384483,5.518563051417942,5.308513691408054,5.461276531219482,952900,0.0,0.0
2020-10-09 00:00:00,5.480372428894043,5.518563597897985,5.3658002876898765,5.480372428894043,710600,0.0,0.0
2020-10-12 00:00:00,5.442181456340917,5.575849403324704,5.403990744422462,5.53765869140625,1122950,0.0,0.0
2020-10-13 00:00:00,5.594944134266815,5.652230195745011,5.442180848389149,5.633134841918945,1597175,0.0,0.0
2020-10-14 00:00:00,5.594944134266815,5.766802318701401,5.575848780440751,5.633134841918945,1539150,0.0,0.0
2020-10-15 00:00:00,5.594944067483407,5.671325481875949,5.461276137027317,5.614039421081543,1012575,0.0,0.0
2020-10-16 00:00:00,5.5567540473654775,5.652230827161613,5.5185633354470225,5.53765869140625,748125,0.0,0.0
2020-10-19 00:00:00,5.5376577152924815,5.575848420479123,5.403989791870117,5.403989791870117,735425,0.0,0.0
2020-10-20 00:00:00,5.461276398569916,5.537658271889557,5.423085689544678,5.423085689544678,575800,0.0,0.0
2020-10-21 00:00:00,5.423085970373991,5.4421813258754455,5.308513837365267,5.365799903869629,903000,0.0,0.0
2020-10-22 00:00:00,5.346704548368175,5.499467847648994,5.346704548368175,5.365799903869629,1008675,0.0,0.0
2020-10-23 00:00:00,5.423085826847411,5.690421252061695,5.4039904718513325,5.594944477081299,1307525,0.0,0.0
2020-10-26 00:00:00,5.480372300056136,5.556754180999141,5.3848955179638915,5.442181587219238,742625,0.0,0.0
2020-10-27 00:00:00,5.44218049705676,5.556753067885802,5.403989791870117,5.403989791870117,579425,0.0,0.0
2020-10-28 00:00:00,5.346704568280384,5.365799923852954,5.1557510125546955,5.232132434844971,1021525,0.0,0.0
2020-10-29 00:00:00,5.174846593336293,5.575849533081055,5.079369811318304,5.575849533081055,3128975,0.0,0.0
2020-10-30 00:00:00,5.518562781434643,5.537658135476875,5.308513431700948,5.384894847869873,1333850,0.0,0.0
2020-11-02 00:00:00,5.480371291680419,5.556753158569336,5.346703821345784,5.556753158569336,917300,0.0,0.0
2020-11-03 00:00:00,5.575848376153111,5.709515843243748,5.575848376153111,5.6522297859191895,769925,0.0,0.0
2020-11-04 00:00:00,5.594943864379231,5.709515981808919,5.499467099854492,5.556753158569336,893075,0.0,0.0
2020-11-05 00:00:00,5.843183517456055,6.205995681974542,5.785897458100893,5.843183517456055,3676100,0.0,0.0
2020-11-06 00:00:00,5.843184341075469,5.900470408505323,5.747707562025712,5.804993629455566,2077375,0.0,0.0
2020-11-09 00:00:00,6.244187379056285,6.244187379056285,5.976852392977406,6.110519886016846,2974775,0.0,0.0
2020-11-10 00:00:00,6.225091182331872,6.396949364462232,6.110519060911632,6.282377243041992,3590275,0.0,0.0
2020-11-11 00:00:00,6.35875968754511,6.37785504420891,6.1487107642433125,6.301473617553711,1590700,0.0,0.0
2020-11-12 00:00:00,6.2441871589555,6.320568580857103,6.129615026103094,6.186901092529297,1716750,0.0,0.0
2020-11-13 00:00:00,6.225092441444558,6.58790468792835,6.167806369147523,6.37785530090332,2061350,0.0,0.0
2020-11-16 00:00:00,6.396950554224381,6.759762794803351,6.377855197102815,6.626095294952393,2951925,0.0,0.0
2020-11-17 00:00:00,6.5879029585234585,6.969810462184217,6.568807606103876,6.836142539978027,2343850,0.0,0.0
2020-11-18 00:00:00,7.008002992243303,7.218051923565518,6.778858248258927,6.7979536056518555,3103975,0.0,0.0
2020-11-19 00:00:00,6.817047187558446,6.893428597236775,6.68337972062137,6.836142539978027,1653625,0.0,0.0
2020-11-20 00:00:00,6.836144635023886,6.988907956466421,6.797953918480566,6.893430709838867,1400100,0.0,0.0
2020-11-23 00:00:00,6.950714736321969,7.179858953045671,6.950714736321969,7.122572898864746,1375700,0.0,0.0
2020-11-24 00:00:00,7.4471966852853,7.580864187354129,7.3326240853856435,7.370814800262451,2572425,0.0,0.0
2020-11-25 00:00:00,7.4090034332684915,7.428098784167881,7.198954118106126,7.3326215744018555,1417350,0.0,0.0
2020-11-27 00:00:00,7.370814544011005,7.370814544011005,7.23714704658922,7.294433116912842,648500,0.0,0.0
2020-11-30 00:00:00,7.256243572730844,7.256243572730844,6.969813174953548,7.0652899742126465,1702800,0.0,0.0
2020-12-01 00:00:00,7.198955402828142,7.256241465749554,7.084383276985318,7.160764694213867,1541125,0.0,0.0
2020-12-02 00:00:00,7.141669944951126,7.2562420805005345,7.065288521251519,7.19895601272583,1021325,0.0,0.0
2020-12-03 00:00:00,7.2562417325727795,7.351718507619294,7.179860312535567,7.237146377563477,1589625,0.0,0.0
2020-12-04 00:00:00,7.313527846873725,7.447195788108575,7.275337136597819,7.389909267425537,1553775,0.0,0.0
2020-12-07 00:00:00,7.29443222962413,7.37081364743132,7.179860102913343,7.313527584075928,1129950,0.0,0.0
2020-12-08 00:00:00,7.256241781459866,7.428100432970622,7.256241781459866,7.389909267425537,1010825,0.0,0.0
2020-12-09 00:00:00,7.4471966852853,7.466292042723705,7.237147298193623,7.370814800262451,1904750,0.0,0.0
2020-12-10 00:00:00,7.2562424033637605,7.351719187236465,7.23714704658922,7.294433116912842,1019250,0.0,0.0
2020-12-11 00:00:00,7.29443222962413,7.332622938527725,7.218050811816939,7.313527584075928,936550,0.0,0.0
2020-12-14 00:00:00,7.389909001883118,7.447195520507672,7.313527584075928,7.313527584075928,1130700,0.0,0.0
2020-12-15 00:00:00,7.313529613597754,7.389911052600976,7.256243534345338,7.351720333099365,1042950,0.0,0.0
2020-12-16 00:00:00,7.3708156928501705,7.504483666375095,7.33262497334856,7.351720333099365,1229900,0.0,0.0
2020-12-17 00:00:00,7.447196579800158,7.619054794311523,7.370814695859213,7.619054794311523,1229950,0.0,0.0
2020-12-18 00:00:00,7.619055054803105,7.810009088280247,7.409006118774414,7.409006118774414,2917875,0.0,0.0
2020-12-21 00:00:00,7.3899101577008555,7.4471966852853,7.237147298193623,7.370814800262451,1194250,0.0,0.0
2020-12-22 00:00:00,7.409005712829304,7.428101069603844,7.275337760138301,7.294433116912842,838575,0.0,0.0
2020-12-23 00:00:00,7.313527897735935,7.752721524232424,7.256241831923678,7.676340103149414,1273575,0.0,0.0
2020-12-24 00:00:00,7.695437517076573,7.695437517076573,7.504483469313528,7.580864906311035,438725,0.0,0.0
2020-12-28 00:00:00,7.676340319876459,7.9054845895949475,7.599958896636963,7.599958896636963,1343675,0.0,0.0
2020-12-29 00:00:00,7.68753856185854,7.726462770150428,7.453992848094047,7.47345495223999,1069725,0.3,0.0
2020-12-30 00:00:00,7.492918014526367,7.590229011712681,7.434531694622512,7.492918014526367,736875,0.0,0.0
2020-12-31 00:00:00,7.473454516234584,7.629151804331836,7.415068207203041,7.570765495300293,825925,0.0,0.0
2021-01-04 00:00:00,7.590227014886061,7.590227014886061,7.181522419067305,7.3177571296691895,1806500,0.0,0.0
2021-01-05 00:00:00,7.298297400617252,7.337221616299484,7.16206264572944,7.181524753570557,857850,0.0,0.0
2021-01-06 00:00:00,7.2204503741633,7.5513067358515045,7.2204503741633,7.395609378814697,1324950,0.0,0.0
2021-01-07 00:00:00,7.473455901928363,7.492918008547452,7.337221155594743,7.4345316886901855,835325,0.0,0.0
2021-01-08 00:00:00,7.453995713698497,7.453995713698497,7.259374597419166,7.395609378814697,1023300,0.0,0.0
2021-01-11 00:00:00,7.3177571296691895,7.415067637241965,7.23990872361097,7.3177571296691895,798350,0.0,0.0
2021-01-12 00:00:00,7.2982964449297185,7.3566827608075736,7.2399101290518635,7.259372234344482,715250,0.0,0.0
2021-01-13 00:00:00,7.278833847578967,7.278833847578967,7.181523327694186,7.200985431671143,862200,0.0,0.0
2021-01-14 00:00:00,7.200985944255471,7.512379630052555,7.142599628168518,7.415069103240967,1697275,0.0,0.0
2021-01-15 00:00:00,7.337220182808959,7.473454911080261,7.278833870692687,7.298295974731445,1467050,0.0,0.0
2021-01-19 00:00:00,7.317759032946618,7.434531672405367,7.220448500064327,7.278834819793701,880650,0.0,0.0
2021-01-20 00:00:00,7.259370839132771,7.3761434484454185,7.200984534476447,7.3566813468933105,821650,0.0,0.0
2021-01-21 00:00:00,7.356684669190747,7.668078898663998,7.298298338167008,7.531843662261963,1061950,0.0,0.0
2021-01-22 00:00:00,7.512381551920717,7.590230457299013,7.376146779531993,7.531843662261963,836075,0.0,0.0
2021-01-25 00:00:00,7.434532185281214,7.707002160161363,7.376145861524023,7.629153728485107,1140125,0.0,0.0
2021-01-26 00:00:00,7.687539577484131,7.862698537938441,7.609691150615548,7.687539577484131,1127750,0.0,0.0
2021-01-27 00:00:00,7.531840260862281,7.609689131083815,7.317757143789095,7.3566813468933105,1313425,0.0,0.0
2021-01-28 00:00:00,7.337223043930899,7.434533602070564,7.2204503741633,7.395609378814697,985450,0.0,0.0
2021-01-29 00:00:00,7.395606442407632,7.415068546308186,7.025826004283961,7.084212779998779,1475250,0.0,0.0
2021-02-01 00:00:00,7.162061255388396,7.356682296018586,7.08421283913632,7.337220191955566,958025,0.0,0.0
2021-02-02 00:00:00,7.395607483299981,7.551304800431134,7.337221163380758,7.512380123138428,676300,0.0,0.0
2021-02-03 00:00:00,7.531841735414873,7.551304304790384,7.376144892516331,7.415069103240967,669800,0.0,0.0
2021-02-04 00:00:00,7.434531252881473,7.648614877155189,7.376144936446785,7.6096906661987305,726325,0.0,0.0
2021-02-05 00:00:00,7.629152319411476,7.765387049682919,7.609690215086984,7.7264628410339355,756325,0.0,0.0
2021-02-08 00:00:00,7.745925432609795,7.843236424366694,7.7264633270610545,7.784849643707275,717750,0.0,0.0
2021-02-09 00:00:00,7.726462347605395,7.765386553768595,7.648613935278996,7.668076038360596,587025,0.0,0.0
2021-02-10 00:00:00,7.726463804017847,7.843236908531923,7.64861537701728,7.823774337768555,846900,0.0,0.0
2021-02-11 00:00:00,7.8237728742419055,7.921083853802703,7.62915184314659,7.707000255584717,697575,0.0,0.0
2021-02-12 00:00:00,7.687539577484131,7.745925897635567,7.609691150615548,7.687539577484131,715850,0.0,0.0
2021-02-16 00:00:00,7.707001697267705,7.8626985512688385,7.629153270267139,7.823774337768555,886800,0.0,0.0
2021-02-17 00:00:00,7.765388000505023,7.784850107212526,7.57076693343,7.64861536026001,674675,0.0,0.0
2021-02-18 00:00:00,7.5902290137106165,7.668077440269581,7.434531696579463,7.512380123138428,1213375,0.0,0.0
2021-02-19 00:00:00,7.590229532434271,7.882161615994533,7.55130531649467,7.843237400054932,1219475,0.0,0.0
2021-02-22 00:00:00,7.804310893833544,8.232477143517912,7.765386225303664,8.13516616821289,1611200,0.0,0.0
2021-02-23 00:00:00,7.901622317097271,8.057319162277292,7.531841845781521,7.9600090980529785,1715325,0.0,0.0
2021-02-24 00:00:00,7.979469350145848,8.310325552551433,7.921083507383826,8.13516616821289,1410350,0.0,0.0
2021-02-25 00:00:00,8.057318099992594,8.251939130808593,7.629151832197396,7.668076038360596,2200750,0.0,0.0
2021-02-26 00:00:00,7.76538801751813,7.8821611220322065,7.687539590517564,7.823774337768555,1084675,0.0,0.0
2021-03-01 00:00:00,7.998934255464941,8.135168547098102,7.882161607768012,7.979471683502197,721450,0.0,0.0
2021-03-02 00:00:00,7.921084886757973,8.115705943233,7.882160675462968,7.9600090980529785,979350,0.0,0.0
2021-03-03 00:00:00,8.018394453526954,8.15462964862074,7.940546035766602,7.940546035766602,1321375,0.0,0.0
2021-03-04 00:00:00,7.960009057659136,8.037857479854097,7.551304377122392,7.784849643707275,1949450,0.0,0.0
2021-03-05 00:00:00,7.901622768511394,7.940546982030112,7.376145421995473,7.862698554992676,1843425,0.0,0.0
2021-03-08 00:00:00,7.862698105802266,8.19355436582301,7.82377389450726,7.9600090980529785,1454450,0.0,0.0
2021-03-09 00:00:00,8.018393548470694,8.076780319213867,7.84323509229365,8.076780319213867,931300,0.0,0.0
2021-03-10 00:00:00,8.037858026730046,8.290865880090895,8.037858026730046,8.232479095458984,1159575,0.0,0.0
2021-03-11 00:00:00,8.310325629208473,8.40763660541112,8.193553014581044,8.290863990783691,1038125,0.0,0.0
2021-03-12 00:00:00,8.271403330573694,8.504948613651777,8.271403330573694,8.329790115356445,758350,0.0,0.0
2021-03-15 00:00:00,8.388175019606257,8.407637588332618,8.271402391327154,8.36871337890625,1082400,0.0,0.0
2021-03-16 00:00:00,8.329788195659502,8.36871240053531,8.232477219456854,8.290863990783691,728225,0.0,0.0
2021-03-17 00:00:00,8.290864982910232,8.485486030578613,8.251939845350199,8.485486030578613,903350,0.0,0.0
2021-03-18 00:00:00,8.446561714631818,8.485485923675112,7.998932846620769,8.037857055664062,1283175,0.0,0.0
2021-03-19 00:00:00,8.05731775917937,8.271401348034672,7.940545145629087,8.13516616821289,2044300,0.0,0.0
2021-03-22 00:00:00,8.135167130660014,8.213015548903547,7.998932862747005,8.115705490112305,1090525,0.0,0.0
2021-03-23 00:00:00,8.115706403033906,8.213016472771388,7.784850124268272,7.823774337768555,1164025,0.0,0.0
2021-03-24 00:00:00,7.940545997371907,8.19355381788286,7.765387058258057,7.765387058258057,2222950,0.0,0.0
2021-03-25 00:00:00,7.726464280158853,8.096244331199125,7.6486158483609,7.979471683502197,1336500,0.0,0.0
2021-03-26 00:00:00,8.11570452370057,8.213014570904209,7.921083501267056,8.076780319213867,1046075,0.0,0.0
2021-03-29 00:00:00,7.998934263813336,8.096244339649083,7.843237400054932,7.843237400054932,1174150,0.0,0.0
2021-03-30 00:00:00,7.892812888725645,8.190280898864437,7.892812888725645,8.170449256896973,1046000,0.3,0.0
2021-03-31 00:00:00,8.130789747244762,8.269608452437074,8.071296691894531,8.071296691894531,1334175,0.0,0.0
2021-04-01 00:00:00,8.150619600567884,8.368762016296387,8.110957257196805,8.368762016296387,995550,0.0,0.0
2021-04-05 00:00:00,8.408424305320223,8.448087594059796,8.229944234116392,8.249774932861328,824550,0.0,0.0
2021-04-06 00:00:00,8.229944216042544,8.388593588153027,8.190281873014921,8.210112571716309,636900,0.0,0.0
2021-04-07 00:00:00,8.28943725777155,8.28943725777155,8.11095718695968,8.210112571716309,590300,0.0,0.0
2021-04-08 00:00:00,8.150619560739202,8.289437289047202,8.110957217561936,8.269606590270996,522325,0.0,0.0
2021-04-09 00:00:00,8.269606577231114,8.329099619090774,8.190281891001668,8.249774932861328,538375,0.0,0.0
2021-04-12 00:00:00,8.249774945869937,8.329099632224468,8.170450259515407,8.269606590270996,494150,0.0,0.0
2021-04-13 00:00:00,8.348931399481614,8.547243118286133,8.24977506726692,8.547243118286133,1239725,0.0,0.0
2021-04-14 00:00:00,8.527412348530927,8.567074691963054,8.388593673706055,8.388593673706055,723575,0.0,0.0
2021-04-15 00:00:00,8.428256004165434,8.4480876486634,8.309268974052198,8.368762016296387,639250,0.0,0.0
2021-04-16 00:00:00,8.408425378075469,8.745555810374482,8.388594676800512,8.527413368225098,1389700,0.0,0.0
2021-04-19 00:00:00,8.48774995055838,8.507580649334585,8.269606590270996,8.269606590270996,841000,0.0,0.0
2021-04-20 00:00:00,8.269606590270996,8.329099632224468,8.110957217561936,8.269606590270996,1031175,0.0,0.0
2021-04-21 00:00:00,8.249775028757078,8.467918391236191,8.130787998029797,8.448087692260742,735175,0.0,0.0
2021-04-22 00:00:00,8.329099685745437,8.606737035395179,8.329099685745437,8.388593673706055,779125,0.0,0.0
2021-04-23 00:00:00,8.448087744236467,8.606737119515579,8.388593755694368,8.5670747756958,614750,0.0,0.0
2021-04-26 00:00:00,8.606738064574868,8.705893462199596,8.527413368225098,8.527413368225098,482200,0.0,0.0
2021-04-27 00:00:00,8.64639756460219,8.70589059445486,8.567072894382187,8.606735229492188,467550,0.0,0.0
2021-04-28 00:00:00,8.666230218788513,8.785217251021608,8.626567874710815,8.705892562866211,611650,0.0,0.0
2021-04-29 00:00:00,8.785218236546232,8.80504988362223,8.646400489514168,8.765387535095215,651950,0.0,0.0
2021-04-30 00:00:00,8.785217263665615,8.785217263665615,8.666230231261268,8.725724220275879,962475,0.0,0.0
2021-05-03 00:00:00,8.824879607800396,8.844711252680224,8.725724220275879,8.725724220275879,490275,0.0,0.0
2021-05-04 00:00:00,8.725724155687786,8.745554854795952,8.547243135589952,8.586905479431152,681150,0.0,0.0
2021-05-05 00:00:00,8.60673625374412,8.745553970336914,8.507579931356606,8.745553970336914,627900,0.0,0.0
2021-05-06 00:00:00,8.805048895872893,8.805048895872893,8.448087799173608,8.705892562866211,879000,0.0,0.0
2021-05-07 00:00:00,8.666228259344859,8.765384569932193,8.606735229492188,8.606735229492188,703075,0.0,0.0
2021-05-10 00:00:00,8.666229153325556,8.725723134940099,8.487749099731445,8.487749099731445,808125,0.0,0.0
2021-05-11 00:00:00,8.388592778915461,8.547242135721229,8.210111779696593,8.487749099731445,1182550,0.0,0.0
2021-05-12 00:00:00,8.428255907240674,8.448087551510577,8.150619506835938,8.150619506835938,1633150,0.0,0.0
2021-05-13 00:00:00,8.210110866071659,8.54724118458028,8.210110866071659,8.50757884979248,1097800,0.0,0.0
2021-05-14 00:00:00,8.54724224368563,8.705891602495376,8.54724224368563,8.686060905456543,544875,0.0,0.0
2021-05-17 00:00:00,8.626568804670981,8.705893501377728,8.507581759610861,8.646400451660156,838575,0.0,0.0
2021-05-18 00:00:00,8.666230231261268,8.864541951935177,8.646399532006315,8.725724220275879,722875,0.0,0.0
2021-05-19 00:00:00,8.646398565754106,8.72572324515898,8.527411546646796,8.686060905456543,560975,0.0,0.0
2021-05-20 00:00:00,8.70589354175591,8.805049885911721,8.666231193218582,8.785218238830566,403525,0.0,0.0
2021-05-21 00:00:00,8.824878649997018,8.844710292724429,8.705891630506862,8.745553970336914,365225,0.0,0.0
2021-05-24 00:00:00,8.745555888019217,8.824880585073247,8.646400489514168,8.765387535095215,445275,0.0,0.0
2021-05-25 00:00:00,8.745552929564862,8.824877599784864,8.606735229492188,8.606735229492188,685675,0.0,0.0
2021-05-26 00:00:00,8.62656695084676,8.745553970336914,8.567073913914069,8.745553970336914,370625,0.0,0.0
2021-05-27 00:00:00,8.725725148366903,8.785218198084475,8.646400451660156,8.646400451660156,1190800,0.0,0.0
2021-05-28 00:00:00,8.686060890676734,8.705891587681824,8.626566908411926,8.666229248046875,337625,0.0,0.0
2021-06-01 00:00:00,8.666230231261268,8.76538656441066,8.646399532006315,8.725724220275879,753100,0.0,0.0
2021-06-02 00:00:00,8.76538556994663,8.785216266951721,8.646398551041784,8.666229248046875,776525,0.0,0.0
2021-06-03 00:00:00,8.666229226437908,8.666229226437908,8.586904547365803,8.626566886901855,721225,0.0,0.0
2021-06-04 00:00:00,8.646400491762407,8.805049885911721,8.586906496143925,8.785218238830566,785550,0.0,0.0
2021-06-07 00:00:00,8.805049981480641,9.181842769487412,8.765387632512823,9.082686424255371,1742475,0.0,0.0
2021-06-08 00:00:00,9.162009319127431,9.36032102493921,9.043022295640364,9.320658683776855,1174850,0.0,0.0
2021-06-09 00:00:00,9.320658789490452,9.717283151237272,9.320658789490452,9.51897144317627,1826275,0.0,0.0
2021-06-10 00:00:00,9.657789070961499,9.697451412183373,9.340490341186523,9.340490341186523,948250,0.0,0.0
2021-06-11 00:00:00,9.459476350057018,9.459476350057018,9.16200834999239,9.261164665222168,538525,0.0,0.0
2021-06-14 00:00:00,9.24133392082945,9.340490245682687,9.142178541601007,9.162009239196777,577050,0.0,0.0
2021-06-15 00:00:00,9.181842757123281,9.201673458767992,8.904205369097422,9.043024063110352,1490550,0.0,0.0
2021-06-16 00:00:00,9.499139766094059,9.578464449039014,9.34049040020415,9.459477424621582,1632825,0.0,0.0
2021-06-17 00:00:00,9.499140631018607,9.578465321186306,9.181841870347807,9.241334915161133,1036075,0.0,0.0
2021-06-18 00:00:00,9.12234877322319,9.280998169094463,9.043024075287553,9.082686424255371,2219125,0.0,0.0
2021-06-21 00:00:00,9.162009390765595,9.479309068170227,9.122347049293118,9.459477424621582,876175,0.0,0.0
2021-06-22 00:00:00,9.518971409642704,9.518971409642704,9.34049040020415,9.459477424621582,602975,0.0,0.0
2021-06-23 00:00:00,9.419816029020549,9.558634710925817,9.39998438348055,9.439647674560547,799125,0.0,0.0
2021-06-24 00:00:00,9.479307292615136,9.657787322998047,9.419813318737742,9.657787322998047,788725,0.0,0.0
2021-06-25 00:00:00,9.65779010175109,9.677621747291088,9.439647674560547,9.439647674560547,2656850,0.0,0.0
2021-06-28 00:00:00,9.518972341430889,9.518972341430889,9.20167263296659,9.399984359741211,1153000,0.0,0.0
2021-06-29 00:00:00,9.4202420553786,9.440500137706055,9.278431615068033,9.318948745727539,1011600,0.4,0.0
2021-06-30 00:00:00,9.298690795898438,9.359466009751392,9.217656533424758,9.298690795898438,601450,0.0,0.0
2021-07-01 00:00:00,9.318949552818639,9.481018089493013,9.278432418650045,9.339208602905273,645100,0.0,0.0
2021-07-02 00:00:00,9.379725058372117,9.399983140988232,9.217656533424758,9.298690795898438,515825,0.0,0.0
2021-07-06 00:00:00,9.318951229326636,9.359468370784388,9.116365522037876,9.237916946411133,937875,0.0,0.0
2021-07-07 00:00:00,9.177140383183788,9.278432739101289,9.096105146043191,9.156881332397461,805575,0.0,0.0
2021-07-08 00:00:00,8.954295654557749,9.258174654319674,8.853002332635535,9.156881332397461,1123350,0.0,0.0
2021-07-09 00:00:00,9.25817454937953,9.602569714801017,9.217657414270844,9.582311630249023,1015325,0.0,0.0
2021-07-12 00:00:00,9.602568636862024,9.622827685144532,9.440500114620326,9.460759162902832,1643450,0.0,0.0
2021-07-13 00:00:00,9.399983857353062,9.440500991677677,9.177140101570012,9.19739818572998,929775,0.0,0.0
2021-07-14 00:00:00,9.237913811487719,9.31894806690392,9.055586253799003,9.136621475219727,690525,0.0,0.0
2021-07-15 00:00:00,9.075845428631924,9.339207245450451,8.994811172073074,9.258172988891602,907275,0.0,0.0
2021-07-16 00:00:00,9.318949982104389,9.46076044122943,9.177140488984069,9.278432846069336,851950,0.0,0.0
2021-07-19 00:00:00,9.116363805888536,9.197398073549394,8.873261002905961,9.075846672058105,1326325,0.0,0.0
2021-07-20 00:00:00,9.116363092430014,9.4202420553786,9.015069782778953,9.318948745727539,1065675,0.0,0.0
2021-07-21 00:00:00,9.399984596801875,9.58231219860777,9.359467459289982,9.501277923583984,751925,0.0,0.0
2021-07-22 00:00:00,9.481016711426168,9.501275758568148,9.258172988891602,9.258172988891602,456775,0.0,0.0
2021-07-23 00:00:00,9.278434087868884,9.37972742451569,9.21765885868468,9.237916946411133,372600,0.0,0.0
2021-07-26 00:00:00,9.278431592378626,9.48101724518075,9.2379144618182,9.460759162902832,626925,0.0,0.0
2021-07-27 00:00:00,9.379727076962503,9.46076135687539,9.278433744068986,9.420244216918945,561900,0.0,0.0
2021-07-28 00:00:00,9.420242848303689,9.562052334546115,9.31894953012652,9.48101806640625,645175,0.0,0.0
2021-07-29 00:00:00,9.481018309474958,9.703863035575084,9.481018309474958,9.582311630249023,667175,0.0,0.0
2021-07-30 00:00:00,9.622827685144532,9.683603863987466,9.379724901781984,9.460759162902832,759550,0.0,0.0
2021-08-02 00:00:00,9.521535223661607,9.703862810422617,9.29869146873668,9.339208602905273,789200,0.0,0.0
2021-08-03 00:00:00,9.339209937006059,9.44050230389476,9.136624237223838,9.420244216918945,598075,0.0,0.0
2021-08-04 00:00:00,9.33920974608786,9.33920974608786,9.156882137008715,9.177141189575195,1003750,0.0,0.0
2021-08-05 00:00:00,9.278432396056589,9.48101806640625,9.177140043884094,9.48101806640625,691750,0.0,0.0
2021-08-06 00:00:00,9.460758627797983,9.622827140873014,9.278431067586306,9.399982452392578,1084375,0.0,0.0
2021-08-09 00:00:00,9.359465876387045,9.359465876387045,9.177139271421568,9.318948745727539,1168975,0.0,0.0
2021-08-10 00:00:00,9.339209937006059,9.420244216918947,9.237916604112542,9.420244216918945,636700,0.0,0.0
2021-08-11 00:00:00,9.3999829840599,9.460759162902832,9.31894872293905,9.460759162902832,393850,0.0,0.0
2021-08-12 00:00:00,9.481019443851205,9.481019443851205,9.31895088402543,9.420244216918945,432900,0.0,0.0
2021-08-13 00:00:00,9.440500672668689,9.501276855104232,9.379725456237793,9.379725456237793,552525,0.0,0.0
2021-08-16 00:00:00,9.318949552818639,9.420242871242461,9.217657200399492,9.339208602905273,451425,0.0,0.0
2021-08-17 00:00:00,9.258174761054171,9.318949982104389,9.15688143796418,9.278432846069336,600675,0.0,0.0
2021-08-18 00:00:00,9.278433554393214,9.31895069352138,9.177141189575195,9.177141189575195,486450,0.0,0.0
2021-08-19 00:00:00,9.136623247615846,9.21765751875173,8.974553739339363,9.156881332397461,934300,0.0,0.0
2021-08-20 00:00:00,9.116363222330355,9.298690795898438,9.035328959856676,9.298690795898438,464050,0.0,0.0
2021-08-23 00:00:00,9.481020346466696,9.60257177790801,9.440503202652923,9.562054634094238,1601275,0.0,0.0
2021-08-24 00:00:00,9.602568878296438,9.764638370617591,9.562051746717303,9.703862190246582,938200,0.0,0.0
2021-08-25 00:00:00,9.703863563727772,9.76463975270102,9.60257023744061,9.643088340759277,652425,0.0,0.0
2021-08-26 00:00:00,9.66334797663112,9.724124175354232,9.562054634094238,9.562054634094238,492075,0.0,0.0
2021-08-27 00:00:00,9.562054133634701,9.784898895949631,9.541796045790537,9.764640808105469,598300,0.0,0.0
2021-08-30 00:00:00,9.76463975270102,9.76463975270102,9.60257023744061,9.643088340759277,444075,0.0,0.0
2021-08-31 00:00:00,9.602569676577405,9.74438013189567,9.602569676577405,9.724122047424316,617050,0.0,0.0
2021-09-01 00:00:00,9.724120686001676,9.825413026186439,9.643086427452042,9.784895896911621,781850,0.0,0.0
2021-09-02 00:00:00,9.80515794979865,9.825416037642814,9.724123666412286,9.764640808105469,330250,0.0,0.0
2021-09-03 00:00:00,9.724122615387106,9.724122615387106,9.562053100126695,9.643088340759277,530900,0.0,0.0
2021-09-07 00:00:00,9.703862786793216,9.703862786793216,9.460759982373622,9.48101806640625,651650,0.0,0.0
2021-09-08 00:00:00,9.440499580661335,9.50127575606674,9.298690114722952,9.399982452392578,569450,0.0,0.0
2021-09-09 00:00:00,9.399985163938316,9.541795636788278,9.359468023981872,9.420244216918945,533125,0.0,0.0
2021-09-10 00:00:00,9.440501390209544,9.481018526244595,9.278432846069336,9.278432846069336,618950,0.0,0.0
2021-09-13 00:00:00,9.298690114722952,9.420241499529226,9.258172986454195,9.399982452392578,548900,0.0,0.0
2021-09-14 00:00:00,9.440501390209544,9.46076044122943,9.258174761054171,9.278432846069336,588250,0.0,0.0
2021-09-15 00:00:00,9.318949982104389,9.35946711813944,9.197398573999234,9.278432846069336,1014100,0.0,0.0
2021-09-16 00:00:00,9.298690663400084,9.399983007046549,9.278431615068033,9.318948745727539,709025,0.0,0.0
2021-09-17 00:00:00,9.298690114722952,9.440499580661335,9.298690114722952,9.399982452392578,2403200,0.0,0.0
2021-09-20 00:00:00,9.298690663400084,9.339207794059588,9.156880223089518,9.318948745727539,940325,0.0,0.0
2021-09-21 00:00:00,9.359468023981872,9.501278496831834,9.31895088402543,9.420244216918945,440800,0.0,0.0
2021-09-22 00:00:00,9.399984316845986,9.622829049526878,9.359467180540797,9.541794776916504,675325,0.0,0.0
2021-09-23 00:00:00,9.541794215737019,9.683604667467272,9.521535165773553,9.622828483581543,770575,0.0,0.0
2021-09-24 00:00:00,9.62283083281735,9.643089887726688,9.541796545189806,9.562054634094238,313900,0.0,0.0
2021-09-27 00:00:00,9.58231339913514,9.724123881195975,9.58231339913514,9.602571487426758,416225,0.0,0.0
2021-09-28 00:00:00,9.663345652723283,9.683604702760586,9.460759982373622,9.48101806640625,712200,0.0,0.0
2021-09-29 00:00:00,9.543122272377667,9.605224465781403,9.439617300576018,9.522420883178711,386950,0.4,0.0
2021-09-30 00:00:00,9.522418838086315,9.584522005248965,9.439615273267018,9.46031665802002,731900,0.0,0.0
2021-10-01 00:00:00,9.481019110939775,9.605224485093538,9.418916917411176,9.543122291564941,493150,0.0,0.0
2021-10-04 00:00:00,9.522420902324361,9.667327665718705,9.501720500180353,9.543122291564941,639800,0.0,0.0
2021-10-05 00:00:00,9.584522303725079,9.688026269424288,9.501718736327158,9.605222702026367,627875,0.0,0.0
2021-10-06 00:00:00,9.52242000511884,9.584523179892626,9.377514242474135,9.563821792602539,688825,0.0,0.0
2021-10-07 00:00:00,9.584523179892626,9.708728542343719,9.52242000511884,9.563821792602539,988400,0.0,0.0
2021-10-08 00:00:00,9.543122272377667,9.667327646281706,9.522420883178711,9.522420883178711,393775,0.0,0.0
2021-10-11 00:00:00,9.522419134628445,9.708727654821962,9.522419134628445,9.605222702026367,485250,0.0,0.0
2021-10-12 00:00:00,9.646625464488501,9.729429040287815,9.605223676588844,9.625925064086914,369700,0.0,0.0
2021-10-13 00:00:00,9.60522185620848,9.667325019836426,9.522418296102085,9.667325019836426,486175,0.0,0.0
2021-10-14 00:00:00,9.708728694546195,9.770830883197073,9.60522373066608,9.646625518798828,458750,0.0,0.0
2021-10-15 00:00:00,9.70872863988623,9.791532215685544,9.625925064086916,9.625925064086914,722750,0.0,0.0
2021-10-18 00:00:00,9.625925064086916,9.688027252388158,9.563821888689187,9.625925064086914,1047175,0.0,0.0
2021-10-19 00:00:00,9.667325019836426,9.708726799889623,9.60522185620848,9.667325019836426,593000,0.0,0.0
2021-10-20 00:00:00,9.64662561392344,9.812232768087473,9.625925213201187,9.708728790283203,723425,0.0,0.0
2021-10-21 00:00:00,9.667327001742194,9.79153236736522,9.584523424660178,9.708728790283203,572325,0.0,0.0
2021-10-22 00:00:00,9.688027252388158,9.729429040287815,9.605223676588844,9.625925064086914,454125,0.0,0.0
2021-10-25 00:00:00,9.625925874334117,9.688028067862714,9.522420902324361,9.543122291564941,615725,0.0,0.0
2021-10-26 00:00:00,9.543121107337027,9.543121107337027,9.418915748596191,9.418915748596191,630925,0.0,0.0
2021-10-27 00:00:00,9.418917587175283,9.460319381503886,9.336113998518076,9.37751579284668,636550,0.0,0.0
2021-10-28 00:00:00,9.398216247558594,9.460319432937458,9.336114049276373,9.398216247558594,518775,0.0,0.0
2021-10-29 00:00:00,9.377512850061773,9.439615028517892,9.274007903173137,9.336111068725586,700250,0.0,0.0
2021-11-01 00:00:00,9.336111310791075,9.501718440429668,9.336111310791075,9.46031665802002,696850,0.0,0.0
2021-11-02 00:00:00,9.439614979424318,9.460316363532913,9.274007854940855,9.294708251953125,924300,0.0,0.0
2021-11-03 00:00:00,9.274009704589844,9.418916460961873,9.211906526974253,9.274009704589844,822375,0.0,0.0
2021-11-04 00:00:00,9.315411493968064,9.356813283346282,9.170504737596035,9.274009704589844,709450,0.0,0.0
2021-11-05 00:00:00,9.336112548789314,9.646625464488501,9.336112548789314,9.625925064086914,1314125,0.0,0.0
2021-11-08 00:00:00,9.522418838086315,9.625923787658614,9.41891487561037,9.46031665802002,733000,0.0,0.0
2021-11-09 00:00:00,9.501718440429668,9.522418838086315,9.398213490857371,9.46031665802002,596925,0.0,0.0
2021-11-10 00:00:00,9.377514964523373,9.522420738325522,9.377514964523373,9.439617156982422,673300,0.0,0.0
2021-11-11 00:00:00,9.418915748596191,9.481017934418386,9.377513962349248,9.418915748596191,279950,0.0,0.0
2021-11-12 00:00:00,9.37751386356544,9.418915649376254,9.336112077754628,9.356812477111816,419450,0.0,0.0
2021-11-15 00:00:00,9.377514671583652,9.418916460961873,9.253308316352474,9.274009704589844,480850,0.0,0.0
2021-11-16 00:00:00,9.2740094043487,9.2740094043487,9.108402252197266,9.108402252197266,636825,0.0,0.0
2021-11-17 00:00:00,9.108401354803659,9.170503537193664,8.963494617399661,9.129101753234863,834100,0.0,0.0
2021-11-18 00:00:00,9.191206771753059,9.211907174348646,9.046300005197587,9.087701797485352,976250,0.0,0.0
2021-11-19 00:00:00,9.087699969276063,9.170503537193664,8.984196002927257,9.129101753234863,940350,0.0,0.0
2021-11-22 00:00:00,9.149804169244769,9.315411323731217,9.0877009927641,9.170504570007324,1014625,0.0,0.0
2021-11-23 00:00:00,9.170502956284503,9.398213247181703,9.170502956284503,9.336111068725586,691950,0.0,0.0
2021-11-24 00:00:00,9.232606073819989,9.37751280129118,9.232606073819989,9.294708251953125,325975,0.0,0.0
2021-11-26 00:00:00,9.129101753234863,9.19120492272126,8.901392435009656,9.129101753234863,987150,0.0,0.0
2021-11-29 00:00:00,9.12910265266795,9.23260761631084,9.025598676121549,9.108402252197266,819925,0.0,0.0
2021-11-30 00:00:00,9.025597304302067,9.066999086047183,8.839288792900883,8.880690574645996,1156525,0.0,0.0
2021-12-01 00:00:00,9.046299419965719,9.067000808318662,8.735785504347252,8.756486892700195,1108025,0.0,0.0
2021-12-02 00:00:00,8.777185361607119,9.29470811133668,8.756484964908017,9.232605934143066,1157350,0.0,0.0
2021-12-03 00:00:00,9.211907386779785,9.33611375360393,9.149805190464326,9.211907386779785,1880500,0.0,0.0
2021-12-06 00:00:00,9.253307616511966,9.501719321090082,9.191205430689772,9.418915748596191,695025,0.0,0.0
2021-12-07 00:00:00,9.481018947653972,9.563822528997074,9.418916755194923,9.439617156982422,690700,0.0,0.0
2021-12-08 00:00:00,9.584523497950952,9.853635619073598,9.543121709093352,9.750130653381348,1553400,0.0,0.0
2021-12-09 00:00:00,9.688028335571289,9.75013151791255,9.584524347797986,9.688028335571289,585775,0.0,0.0
2021-12-10 00:00:00,9.70872938382735,9.70872938382735,9.501720428466795,9.501720428466797,757375,0.0,0.0
2021-12-13 00:00:00,9.48101680985408,9.48101680985408,9.294708300293067,9.336111068725586,734000,0.0,0.0
2021-12-14 00:00:00,9.31540949513209,9.481016617110141,9.191204153648552,9.232605934143066,1213600,0.0,0.0
2021-12-15 00:00:00,9.294710467087082,9.481019020080568,9.211906885111436,9.481019020080566,1301575,0.0,0.0
2021-12-16 00:00:00,9.584524816598543,9.646627014880764,9.356814453004898,9.398216247558594,1070975,0.0,0.0
2021-12-17 00:00:00,9.356813283346282,9.418916460961873,9.232607915211624,9.274009704589844,1253650,0.0,0.0
2021-12-20 00:00:00,9.129101753234863,9.170503537193664,8.859990651050856,9.129101753234863,1203850,0.0,0.0
2021-12-21 00:00:00,9.14980477986307,9.56382269370895,9.14980477986307,9.543122291564941,1139050,0.0,0.0
2021-12-22 00:00:00,9.522419134628445,9.688026269424288,9.481017350929484,9.605222702026367,703325,0.0,0.0
2021-12-23 00:00:00,9.563820076155283,9.750128579942821,9.543119679676835,9.667325019836426,459150,0.0,0.0
2021-12-27 00:00:00,9.60522185620848,9.708726799889623,9.522418296102085,9.667325019836426,409075,0.0,0.0
2021-12-28 00:00:00,9.625924087424039,9.770829836822209,9.605222702026365,9.605222702026367,625275,0.0,0.0
2021-12-29 00:00:00,9.625925064086916,9.667326851986573,9.5431214882876,9.625925064086914,659975,0.0,0.0
2021-12-30 00:00:00,9.668329980232157,9.816747692246986,9.58352014794167,9.625925064086914,1108750,0.44,0.0
2021-12-31 00:00:00,9.562319348598496,9.710736067499544,9.541116382462306,9.668331146240234,842750,0.0,0.0
2022-01-03 00:00:00,9.668329531673987,9.880354102563413,9.668329531673987,9.731937408447266,1575625,0.0,0.0
2022-01-04 00:00:00,9.753141607726775,9.901559347059994,9.731939651258106,9.795546531677246,1001825,0.0,0.0
2022-01-05 00:00:00,9.753139890871827,9.859152687593037,9.62592514141415,9.647128105163574,612400,0.0,0.0
2022-01-06 00:00:00,9.77434306846988,9.816747985883532,9.625925352015612,9.689533233642578,730625,0.0,0.0
2022-01-07 00:00:00,9.710736683776302,9.901559347059994,9.710736683776302,9.795546531677246,639450,0.0,0.0
2022-01-10 00:00:00,9.795545785760535,9.92276054792473,9.753140865039136,9.837950706481934,822300,0.0,0.0
2022-01-11 00:00:00,9.880355909564429,9.965165753430924,9.816749032171101,9.901558876037598,933650,0.0,0.0
2022-01-12 00:00:00,9.922759056091309,10.007568884783405,9.85915219007869,9.922759056091309,571625,0.0,0.0
2022-01-13 00:00:00,9.943962018770787,10.007568884783405,9.880354141745261,9.922759056091309,549250,0.0,0.0
2022-01-14 00:00:00,9.922761303528663,9.922761303528663,9.710736683776302,9.795546531677246,564200,0.0,0.0
2022-01-18 00:00:00,9.79554419504095,9.880354022711296,9.689532415959466,9.710734367370605,506325,0.0,0.0
2022-01-19 00:00:00,9.731937723334395,9.753139675602897,9.583520013403133,9.60472297668457,456425,0.0,0.0
2022-01-20 00:00:00,9.60472246741007,9.710734245157356,9.477506716492716,9.498709678649902,699025,0.0,0.0
2022-01-21 00:00:00,9.456304859580369,9.583519600752535,9.329090118408203,9.329090118408203,1043750,0.0,0.0
2022-01-24 00:00:00,9.13826627112921,9.286683954692771,8.926241731047522,9.265480995178223,1678025,0.0,0.0
2022-01-25 00:00:00,9.159471217638702,9.541115472577115,9.095863336309145,9.477507591247559,1084325,0.0,0.0
2022-01-26 00:00:00,9.541115472577115,9.77434302276819,9.3926977568168,9.477507591247559,1315200,0.0,0.0
2022-01-27 00:00:00,9.583520175205614,9.774342803908553,9.413900510142092,9.435102462768555,905400,0.0,0.0
2022-01-28 00:00:00,9.477507219021811,9.60472297668457,9.201875773453661,9.60472297668457,1376625,0.0,0.0
2022-01-31 00:00:00,9.541115205708369,9.816747665405273,9.498710289679071,9.816747665405273,1032425,0.0,0.0
2022-02-01 00:00:00,9.816747692246986,9.965164393248864,9.58352014794167,9.625925064086914,896000,0.0,0.0
2022-02-02 00:00:00,9.604722898717231,9.66832976601934,9.477507142087159,9.58351993560791,970050,0.0,0.0
2022-02-03 00:00:00,9.541115760803223,9.6047236440543,9.477507877552146,9.541115760803223,871875,0.0,0.0
2022-02-04 00:00:00,9.456305638146357,9.498710555361736,9.28668596928484,9.477507591247559,1372325,0.0,0.0
2022-02-07 00:00:00,9.456306038583644,9.562318841617804,9.371496200561523,9.371496200561523,887950,0.0,0.0
2022-02-08 00:00:00,9.39269731167573,9.604722898717231,9.39269731167573,9.58351993560791,1114125,0.0,0.0
2022-02-09 00:00:00,9.625925597795987,9.668330516292372,9.477507877552146,9.541115760803223,900700,0.0,0.0
2022-02-10 00:00:00,9.4987095536464,9.562317428267994,9.265482028051045,9.2866849899292,1565650,0.0,0.0
2022-02-11 00:00:00,9.265483514130377,9.392698272764514,9.159471720775112,9.201876640319824,1045775,0.0,0.0
2022-02-14 00:00:00,9.244278602696168,9.307885456159415,9.09586092626075,9.180670738220215,1010950,0.0,0.0
2022-02-15 00:00:00,9.265481432104234,9.392696162152227,9.223076522088238,9.35029125213623,859000,0.0,0.0
2022-02-16 00:00:00,9.350293368350535,9.477508127190532,9.350293368350535,9.392698287963867,625750,0.0,0.0
2022-02-17 00:00:00,9.350293353219802,9.371496318498673,9.180673675040953,9.201876640319824,604475,0.0,0.0
2022-02-18 00:00:00,9.138267501143508,9.371495032132257,9.138267501143508,9.329090118408203,661525,0.0,0.0
2022-02-22 00:00:00,9.265481819066792,9.286684780466711,8.989849386944925,9.053457260131836,1915100,0.0,0.0
2022-02-23 00:00:00,9.074661874603215,9.095863828852508,8.565801829450786,8.608206748962402,1902650,0.0,0.0
2022-02-24 00:00:00,8.205358801719113,8.65061092376709,8.056941596205277,8.65061092376709,2325850,0.0,0.0
2022-02-25 00:00:00,8.693016664358796,8.799029469575736,8.608206824590459,8.629409790039062,1431375,0.0,0.0
2022-02-28 00:00:00,8.502194955689877,8.608206748962402,8.353777231892703,8.608206748962402,1479350,0.0,0.0
2022-03-01 00:00:00,8.565801521703271,8.629409404191941,8.268967095786463,8.353776931762695,1712825,0.0,0.0
2022-03-02 00:00:00,8.417384611160127,8.650611668474019,8.37497969164851,8.608206748962402,810725,0.0,0.0
2022-03-03 00:00:00,8.650611668474019,8.693016587985635,8.544599875201493,8.608206748962402,546050,0.0,0.0
2022-03-04 00:00:00,8.50219528327898,8.544600204424455,8.35377755376328,8.480992317199707,981975,0.0,0.0
2022-03-07 00:00:00,8.417382909415485,8.438585364884787,8.268965721130371,8.268965721130371,859450,0.0,0.0
2022-03-08 00:00:00,8.268966363863381,8.565800763506054,8.247763906746048,8.396181106567383,892525,0.0,0.0
2022-03-09 00:00:00,8.544599875201493,8.693016587985635,8.480991990427553,8.608206748962402,621925,0.0,0.0
2022-03-10 00:00:00,8.502194955689877,8.608206748962402,8.459789530671744,8.608206748962402,548325,0.0,0.0
2022-03-11 00:00:00,8.671813652466733,8.883838226032918,8.629408737753497,8.799028396606445,1160125,0.0,0.0
2022-03-14 00:00:00,8.90503978729248,9.09586240063869,8.84143292351899,8.90503978729248,1123725,0.0,0.0
2022-03-15 00:00:00,8.9474458694458,9.011053752544779,8.862636032655832,8.9474458694458,609725,0.0,0.0
2022-03-16 00:00:00,8.989849908465187,9.095862699589116,8.841433214107173,8.968647956848145,780200,0.0,0.0
2022-03-17 00:00:00,8.947445735416851,8.968648699803234,8.841433946523903,8.926243782043457,614425,0.0,0.0
2022-03-18 00:00:00,8.947445129363002,9.032255970150896,8.841433347650746,8.989850044250488,1530450,0.0,0.0
2022-03-21 00:00:00,9.076919830521355,9.098686484232138,8.859248103710186,8.924549102783203,1027825,0.44,0.0
2022-03-22 00:00:00,8.98985100713289,9.12045404129227,8.946316662413096,9.011617660522461,723625,0.0,0.0
2022-03-23 00:00:00,8.924550200148724,9.011618901579187,8.793947148003031,8.837481498718262,1082425,0.0,0.0
2022-03-24 00:00:00,8.815712805200556,8.989850167821906,8.750410775247273,8.90278148651123,1017875,0.0,0.0
2022-03-25 00:00:00,8.837480469522927,8.946316852606534,8.815713815670609,8.859248161315918,1061100,0.0,0.0
2022-03-28 00:00:00,8.793945188212643,8.9463159007295,8.793945188212643,8.881013870239258,848325,0.0,0.0
2022-03-29 00:00:00,8.9027823085744,9.033385342600008,8.9027823085744,8.989850997924805,905750,0.0,0.0
2022-03-30 00:00:00,8.968084550863955,8.989852245191967,8.793947148003031,8.837481498718262,771125,0.0,0.0
2022-03-31 00:00:00,8.859248296192847,8.90278264250094,8.728645257268566,8.77217960357666,1012700,0.0,0.0
2022-04-01 00:00:00,8.750411033630371,8.859247407452724,8.685109520719134,8.750411033630371,1016775,0.0,0.0
2022-04-04 00:00:00,8.728645157771941,8.75041181170753,8.380369353336455,8.5545072555542,1267025,0.0,0.0
2022-04-05 00:00:00,8.440230369567871,8.60348444328487,8.358603073224174,8.440230369567871,1838500,0.0,0.25
2022-04-06 00:00:00,8.347718118789205,8.461995896230437,8.244323667357937,8.287858009338379,1981100,0.0,0.0
2022-04-07 00:00:00,8.238882848592306,8.336834865515293,8.021210604270532,8.06474494934082,2964800,0.0,0.0
2022-04-08 00:00:00,8.042977764977659,8.276975258614092,8.021210592474525,8.222557067871094,1612300,0.0,0.0
2022-04-11 00:00:00,8.244324934588267,8.325952227576199,8.200790585916186,8.217116355895996,1534900,0.0,0.0
2022-04-12 00:00:00,8.189906249177705,8.282416858450494,8.075628468250748,8.102837562561035,1337100,0.0,0.0
2022-04-13 00:00:00,8.108279088435165,8.184464449857987,8.037536168720786,8.17358112335205,1133700,0.0,0.0
2022-04-14 00:00:00,8.179022344224936,8.25520770394414,8.119162752355042,8.157255172729492,1786300,0.0,0.0
2022-04-18 00:00:00,8.14093049604054,8.2606502071652,8.048419880940164,8.081070899963379,1679200,0.0,0.0
2022-04-19 00:00:00,8.124605620657057,8.16269804546538,7.667494447075738,7.716470718383789,3075900,0.0,0.0
2022-04-20 00:00:00,7.73279666837596,8.06474623207768,7.727354744634027,7.868841648101807,2314400,0.0,0.0
2022-04-21 00:00:00,7.912375395711709,7.972234995389373,7.65116930369604,7.662052631378174,2188100,0.0,0.0
2022-04-22 00:00:00,7.618517510785244,7.6511685284641215,7.389961943944061,7.40628719329834,2056000,0.0,0.0
2022-04-25 00:00:00,7.292010782093845,7.466148710866732,7.134198624717753,7.428055763244629,2489700,0.0,0.0
2022-04-26 00:00:00,7.428055466004784,7.44982264135906,7.308336261041458,7.319219589233398,2211300,0.0,0.0
2022-04-27 00:00:00,7.330102000517545,7.6838186604783365,7.275683813306518,7.634842395782471,2805100,0.0,0.0
2022-04-28 00:00:00,7.7273544593932115,7.988561080689499,7.683820109005563,7.906933784484863,1700400,0.0,0.0
2022-04-29 00:00:00,7.885166378951812,7.999444175123738,7.754563331604004,7.754563331604004,1600900,0.0,0.0
2022-05-02 00:00:00,7.754562032012463,7.879723135002363,7.683818596812405,7.836188793182373,1663600,0.0,0.0
2022-05-03 00:00:00,7.874281328958501,8.108278274536133,7.841630314777528,8.108278274536133,2239000,0.0,0.0
2022-05-04 00:00:00,8.086511794592678,8.266091090482137,7.8470729063968365,8.102837562561035,2057400,0.0,0.0
2022-05-05 00:00:00,7.923259591669607,8.097396994023754,7.776330769205499,8.01032829284668,2901700,0.0,0.0
2022-05-06 00:00:00,7.999442602561617,8.12460422089295,7.868839580888268,7.966792106628418,2248500,0.0,0.0
2022-05-09 00:00:00,7.8361887218180915,7.901490752923662,7.35186904373883,7.3954033851623535,2135200,0.0,0.0
2022-05-10 00:00:00,7.438937135474808,7.634841656313742,7.319217446588115,7.629400253295898,2651700,0.0,0.0
2022-05-11 00:00:00,7.634843197942175,7.672936140580271,7.493356830474679,7.585866928100586,2421200,0.0,0.0
2022-05-12 00:00:00,7.58042582676364,7.58042582676364,7.058013125870913,7.253917694091797,2782100,0.0,0.0
2022-05-13 00:00:00,7.313776965761302,7.368195158424651,7.221266868586164,7.30289363861084,2104500,0.0,0.0
2022-05-16 00:00:00,7.302892623316033,7.4498208927276135,7.264800205129749,7.346426963806152,1280100,0.0,0.0
2022-05-17 00:00:00,7.400845905380563,7.477030749540357,7.330102465110519,7.466147422790527,1295800,0.0,0.0
2022-05-18 00:00:00,7.438939119422599,7.455264370770522,7.13964007686863,7.155965328216553,1473800,0.0,0.0
2022-05-19 00:00:00,7.074338483030651,7.248475879619346,7.063454636258668,7.199499607086182,1813800,0.0,0.0
2022-05-20 00:00:00,7.2865686297615415,7.2974519572725045,7.0308039461243625,7.150523662567139,2207900,0.0,0.0
2022-05-23 00:00:00,7.2158238705969495,7.351868813018595,7.183172856068835,7.22126579284668,1244600,0.0,0.0
2022-05-24 00:00:00,7.172290771528384,7.237592292913166,7.047129132979783,7.204941272735596,976900,0.0,0.0
2022-05-25 00:00:00,7.210383453858164,7.29201022876652,7.139640006751412,7.199499607086182,1285700,0.0,0.0
2022-05-26 00:00:00,7.17773228673145,7.302893927215301,7.1287565341633705,7.264801502227783,1144500,0.0,0.0
2022-05-27 00:00:00,7.330101998507479,7.373636340676245,7.26480048525433,7.308334827423096,798700,0.0,0.0
2022-05-31 00:00:00,7.335543558261077,7.428054167082289,7.270242043617334,7.357311248779297,1538000,0.0,0.0
2022-06-01 00:00:00,7.42805388818247,7.613075098877936,7.31921803452934,7.564098834991455,1997000,0.0,0.0
2022-06-02 00:00:00,7.536890448218269,7.613075288184731,7.477030337992851,7.591308116912842,964900,0.0,0.0
2022-06-03 00:00:00,7.558657494445175,7.591307991327712,7.493355981709809,7.520564556121826,849400,0.0,0.0
2022-06-06 00:00:00,7.558657619490158,7.694702569682038,7.487914183113944,7.591308116912842,1343700,0.0,0.0
2022-06-07 00:00:00,7.585864894298944,7.656608318551263,7.531447234930383,7.651166915893555,707700,0.0,0.0
2022-06-08 00:00:00,7.61851890402939,7.61851890402939,7.395405219160938,7.438939571380615,789200,0.0,0.0
2022-06-09 00:00:00,7.455263681333725,7.547774295367536,7.411729335784912,7.411729335784912,842000,0.0,0.0
2022-06-10 00:00:00,7.346428385320699,7.357312232034363,7.155965219594606,7.210383415222168,961300,0.0,0.0
2022-06-13 00:00:00,7.090663084589165,7.112430257168497,6.247184238941966,6.258068084716797,3079800,0.0,0.0
2022-06-14 00:00:00,6.290720684581986,6.3016040141225975,5.88258570688508,5.92067813873291,2181200,0.0,0.0
2022-06-15 00:00:00,6.040396122895565,6.089371870057592,5.790073388529417,5.947885513305664,2769600,0.0,0.0
2022-06-16 00:00:00,5.877141203561261,5.877141203561261,5.381937730967965,5.398262977600098,4366900,0.0,0.0
2022-06-17 00:00:00,5.430914622553488,5.73565556514184,5.289428256787442,5.730213642120361,5070800,0.0,0.0
2022-06-21 00:00:00,5.860817250988076,6.045837964601728,5.7846318849327965,5.844491481781006,2451100,0.0,0.0
2022-06-22 00:00:00,5.768306564154065,5.9478858714729235,5.751980795146647,5.877142429351807,2047400,0.0,0.0
2022-06-23 00:00:00,5.920676261059176,6.067604536568827,5.84993282508405,6.056721210479736,1647200,0.0,0.0
2022-06-24 00:00:00,6.122023491739842,6.366904327615363,6.122023491739842,6.323369979858398,2832900,0.0,0.0
2022-06-27 00:00:00,6.383228641631653,6.497506417467604,6.2254165244267945,6.2907185554504395,1619800,0.0,0.0
2022-06-28 00:00:00,6.339695147601408,6.410438591523743,6.219975952320862,6.230859279632568,1654500,0.0,0.0
2022-06-29 00:00:00,6.123332736280687,6.259155687879833,5.998829128571045,6.117673873901367,1848400,0.44,0.0
2022-06-30 00:00:00,6.027123938406412,6.134650399265262,5.95355388376849,6.083716869354248,2173200,0.0,0.0
2022-07-01 00:00:00,6.061081339475701,6.366682056604294,6.061081339475701,6.310089111328125,1323800,0.0,0.0
2022-07-05 00:00:00,6.230858477799949,6.457229137420654,6.157287878495664,6.457229137420654,1302200,0.0,0.0
2022-07-06 00:00:00,6.451570810995146,6.542119629641344,6.236518918377581,6.321407794952393,1197500,0.0,0.0
2022-07-07 00:00:00,6.3780008575445715,6.451570930763006,6.321407912303887,6.366682052612305,994100,0.0,0.0
2022-07-08 00:00:00,6.3610223516048165,6.434592961080692,6.287451742128941,6.372341156005859,1113100,0.0,0.0
2022-07-11 00:00:00,6.332725459569666,6.366681330806483,6.236518327104255,6.276133060455322,1336000,0.0,0.0
2022-07-12 00:00:00,6.247837183389409,6.417615476249347,6.247837183389409,6.321407794952393,1105300,0.0,0.0
2022-07-13 00:00:00,6.264813806887942,6.468547940256802,6.185584345875808,6.457229137420654,1173800,0.0,0.0
2022-07-14 00:00:00,6.344045052215431,6.389319193021669,6.1572890864621135,6.213881492614746,1854700,0.0,0.0
2022-07-15 00:00:00,6.349704564827406,6.423275179840607,6.1459703879569005,6.344045162200928,1111400,0.0,0.0
2022-07-18 00:00:00,6.293110340508039,6.34404387438637,5.959213209270299,6.055420875549316,2355500,0.0,0.0
2022-07-19 00:00:00,6.1120136267174745,6.423273682374933,6.106354225410379,6.411954879760742,1520400,0.0,0.0
2022-07-20 00:00:00,6.411954284983601,6.48552487602074,6.361020757364799,6.423273086547852,863000,0.0,0.0
2022-07-21 00:00:00,6.3666825709135635,6.51382380874961,6.281793685852197,6.508164405822754,714000,0.0,0.0
2022-07-22 00:00:00,6.559095901644121,6.598710630323427,6.411954709820703,6.462888240814209,756900,0.0,0.0
2022-07-25 00:00:00,6.462889434729263,6.536460044231961,6.434592963426641,6.49684476852417,856300,0.0,0.0
2022-07-26 00:00:00,6.440252364977286,6.547778308264006,6.434592962775274,6.52514123916626,1111700,0.0,0.0
2022-07-27 00:00:00,6.559096093039838,6.9099708793656776,6.525140224816595,6.898652076721191,2308900,0.0,0.0
2022-07-28 00:00:00,6.892994905901901,7.2721662521362305,6.892994905901901,7.2721662521362305,1608200,0.0,0.0
2022-07-29 00:00:00,7.317438724917813,7.4702387852659315,7.243868125598265,7.334416389465332,1866100,0.0,0.0
2022-08-01 00:00:00,7.323098773906818,7.475899398738434,7.255187564996203,7.4532623291015625,1268100,0.0,0.0
2022-08-02 00:00:00,7.374029562842147,7.402326024252937,7.147658950976046,7.164636611938477,1484300,0.0,0.0
2022-08-03 00:00:00,7.170298456086254,7.249528467099192,7.1250243182818025,7.153320789337158,1364300,0.0,0.0
2022-08-04 00:00:00,7.243868746952058,7.306120548772854,6.796786250976571,6.808104515075684,2900000,0.0,0.0
2022-08-05 00:00:00,6.791127560361552,6.87601643898194,6.6609645411822465,6.802446365356445,2354000,0.0,0.0
2022-08-08 00:00:00,6.859037395752497,7.096726855877949,6.813763264272432,6.830740928649902,1545600,0.0,0.0
2022-08-09 00:00:00,6.81376523084282,6.842061706112267,6.666623991209994,6.791128158569336,973400,0.0,0.0
2022-08-10 00:00:00,6.904313331750531,6.92695040340701,6.836402116781093,6.842061519622803,940200,0.0,0.0
2022-08-11 00:00:00,6.921290516308451,6.960905793718328,6.864698110981992,6.870357513427734,992600,0.0,0.0
2022-08-12 00:00:00,6.9269482958730775,6.943926499232565,6.847718839036256,6.864696502685547,937000,0.0,0.0
2022-08-15 00:00:00,6.796786308288573,6.836401042534913,6.7005786339386555,6.796786308288574,1056400,0.0,0.0
2022-08-16 00:00:00,6.802445179237266,6.85337817370229,6.745852243551373,6.836400508880615,604600,0.0,0.0
2022-08-17 00:00:00,6.791127084932204,6.791127084932204,6.63832646646029,6.689260005950928,849200,0.0,0.0
2022-08-18 00:00:00,6.66096437115355,6.774149719661658,6.643986164094597,6.711897373199463,595700,0.0,0.0
2022-08-19 00:00:00,6.638327598571777,6.723217025436789,6.598712856527668,6.638327598571777,715800,0.0,0.0
2022-08-22 00:00:00,6.553437952768424,6.615689760161308,6.41195613074888,6.434593200683594,996500,0.0,0.0
2022-08-23 00:00:00,6.474206927153268,6.525140461480359,6.445910998936203,6.502503395080566,1037900,0.0,0.0
2022-08-24 00:00:00,6.519482377334508,6.54777830892683,6.457230032526679,6.49684476852417,944900,0.0,0.0
2022-08-25 00:00:00,6.519481901653767,6.587393103998878,6.496844294495136,6.553437232971191,717500,0.0,0.0
2022-08-26 00:00:00,6.547778550357165,6.56475675759094,6.423274935571397,6.434593200683594,812000,0.0,0.0
2022-08-29 00:00:00,6.394979008323211,6.406297274400159,6.315748986943111,6.338386058807373,973500,0.0,0.0
2022-08-30 00:00:00,6.406296244778064,6.41195564676214,6.191243826775689,6.196903228759766,1056400,0.0,0.0
2022-08-31 00:00:00,6.2421764608088255,6.293109991865403,6.151628201023888,6.18558406829834,1130900,0.0,0.0
2022-09-01 00:00:00,6.151629083163423,6.151629083163423,5.783776590109758,5.959213733673096,1778400,0.0,0.0
2022-09-02 00:00:00,6.055421588631947,6.0893774617862,5.964873313167665,6.021466255187988,1245500,0.0,0.0
2022-09-06 00:00:00,6.072398828693428,6.095036435679224,5.908279956018207,5.953554630279541,914700,0.0,0.0
2022-09-07 00:00:00,5.9365768425221,6.004488049124482,5.8913027047871775,5.993169784545898,1739100,0.0,0.0
2022-09-08 00:00:00,5.953554272631057,5.964872535733775,5.896961337986795,5.942235469818115,865000,0.0,0.0
2022-09-09 00:00:00,5.99317042574854,6.15162992477417,5.976192757209096,6.15162992477417,1009500,0.0,0.0
2022-09-12 00:00:00,6.213881673264593,6.247837549711602,6.106355720651367,6.191244602203369,971400,0.0,0.0
2022-09-13 00:00:00,6.061082134653519,6.089378611003933,5.947896768962263,5.998830318450928,1254200,0.0,0.0
2022-09-14 00:00:00,6.015807029557014,6.185585320889249,5.993169960026737,6.179925918579102,1533300,0.0,0.0
2022-09-15 00:00:00,6.1572879980579085,6.196902729333215,6.0101467965921485,6.015806198120117,1272800,0.0,0.0
2022-09-16 00:00:00,5.976192406661994,6.247837246200561,5.908280657067031,6.225200176239014,2410500,0.0,0.0
2022-09-19 00:00:00,6.157288494291792,6.270473835421916,6.140310828049842,6.196903228759766,1405800,0.0,0.0
2022-09-20 00:00:00,6.1686069329623,6.1686069329623,6.010147450899806,6.021466255187988,1502300,0.0,0.0
2022-09-21 00:00:00,6.078059630018716,6.151630250532695,5.959214864528501,5.964874267578125,1294600,0.0,0.0
2022-09-22 00:00:00,5.9309168883502785,5.947895093203327,5.710205622363081,5.76679801940918,2437200,0.0,0.0
2022-09-23 00:00:00,5.710205964962846,5.738502435038742,5.3932864715913,5.512131214141846,2823500,0.0,0.0
2022-09-26 00:00:00,5.461198162827681,5.523450510486671,5.104664443100389,5.149938583374023,3830800,0.0,0.0
2022-09-27 00:00:00,5.234826661613412,5.314056664841627,4.985818928155119,5.014114856719971,2590300,0.0,0.0
2022-09-28 00:00:00,5.070708866400811,5.251805438151083,4.985819983320461,5.115983009338379,2405700,0.0,0.0
2022-09-29 00:00:00,5.044597157906394,5.062444019552245,4.776900473776778,4.8542351722717285,4230600,0.44,0.0
2022-09-30 00:00:00,4.88397856796332,4.9375180094140285,4.604384022233716,4.628179550170898,3439300,0.0,0.0
2022-10-03 00:00:00,4.7055138835334285,4.759053324202444,4.402124381619598,4.622230529785156,2823200,0.0,0.0
2022-10-04 00:00:00,4.782848084347295,5.11003308075625,4.729308649093772,5.080288887023926,3106400,0.0,0.0
2022-10-05 00:00:00,4.979159434727037,4.979159434727037,4.544895810830001,4.747155666351318,2434400,0.0,0.0
2022-10-06 00:00:00,4.7055140621384925,4.818541900579532,4.4973055280340954,4.586537837982178,2633300,0.0,0.0
2022-10-07 00:00:00,4.527050373089219,4.58058953978265,4.408073848262378,4.4378180503845215,3606600,0.0,0.0
2022-10-10 00:00:00,4.473510488805068,4.592486718429521,4.312892436981201,4.312892436981201,1589400,0.0,0.0
2022-10-11 00:00:00,4.324789582080451,4.949415144084033,4.253403852193472,4.883978366851807,5219900,0.0,0.0
2022-10-12 00:00:00,4.842337831831296,4.901825668680395,4.5865384881421125,4.8542351722717285,4237100,0.0,0.0
2022-10-13 00:00:00,4.753104767797925,5.0743408712797065,4.663872737456535,5.0445966720581055,2771700,0.0,0.0
2022-10-14 00:00:00,5.1159830576096725,5.199266135952362,4.985108919369618,4.991057872772217,2744400,0.0,0.0
2022-10-17 00:00:00,5.086238384246826,5.163573069308283,5.002954746336788,5.086238384246826,1521900,0.0,0.0
2022-10-18 00:00:00,5.502656405917415,5.740608888433106,5.437219615056468,5.532400608062744,2354000,0.0,0.0
2022-10-19 00:00:00,5.443167200307627,5.449116153325608,5.29444677879842,5.347986221313477,1195400,0.0,0.0
2022-10-20 00:00:00,5.383678779055413,5.472910795202173,5.300395147948,5.31229305267334,925300,0.0,0.0
2022-10-21 00:00:00,5.282548588888947,5.41342269757936,5.264702300034029,5.389627456665039,845500,0.0,0.0
2022-10-24 00:00:00,5.419371856316972,5.478860250760629,5.330139831974861,5.407474517822266,1640800,0.0,0.0
2022-10-25 00:00:00,5.383680280690097,5.7763021689646115,5.288499285632454,5.734660625457764,1305700,0.0,0.0
2022-10-26 00:00:00,5.734658326487622,5.871480810201277,5.663272608812248,5.675169944763184,1028000,0.0,0.0
2022-10-27 00:00:00,5.687067736913371,5.990456889274745,5.687067736913371,5.698965072631836,1177500,0.0,0.0
2022-10-28 00:00:00,5.710864461403025,5.9726121558607765,5.6811202633837965,5.960714817047119,922700,0.0,0.0
2022-10-31 00:00:00,5.960714799388996,6.032100534029636,5.859584866817243,5.925021648406982,1338900,0.0,0.0
2022-11-01 00:00:00,5.97261188497304,6.174871741542232,5.865533003889736,5.93691873550415,1063600,0.0,0.0
2022-11-02 00:00:00,5.996407616621755,6.079691260608288,5.776301451075284,5.78225040435791,1464600,0.0,0.0
2022-11-03 00:00:00,5.782250519583861,5.823892058745235,5.484809657406222,5.66327428817749,939400,0.0,0.0
2022-11-04 00:00:00,5.811994402440617,6.085639436096517,5.782250204379596,6.055895805358887,1493200,0.0,0.0
2022-11-07 00:00:00,6.073742097266143,6.127281540311302,5.9726121642527055,6.055895805358887,1007900,0.0,0.0
2022-11-08 00:00:00,6.049946668580182,6.127281354261274,6.008305132953199,6.073741912841797,1358800,0.0,0.0
2022-11-09 00:00:00,6.032100132922657,6.174871592710289,5.966662788360812,6.026151180267334,1061100,0.0,0.0
2022-11-10 00:00:00,6.139178981670195,6.555596626832169,6.139178981670195,6.537749767303467,2698200,0.0,0.0
2022-11-11 00:00:00,6.537750126869854,6.704317421024953,6.460415433295721,6.656726360321045,1089000,0.0,0.0
2022-11-14 00:00:00,6.609134286046974,6.632929527045431,6.484209128974249,6.4901580810546875,849000,0.0,0.0
2022-11-15 00:00:00,6.549647449887091,6.799497801518773,6.549647449887091,6.680521011352539,1227100,0.0,0.0
2022-11-16 00:00:00,6.6031881591385035,6.650778657408185,6.442569801985709,6.579392910003662,737800,0.0,0.0
2022-11-17 00:00:00,6.454467095245379,6.454467095245379,6.258156166756205,6.341439247131348,834700,0.0,0.0
2022-11-18 00:00:00,6.4901584242185875,6.4901584242185875,6.341438018283887,6.4187726974487305,1371200,0.0,0.0
2022-11-21 00:00:00,6.353335518770191,6.460413818449231,6.3176423739949845,6.4247212409973145,883900,0.0,0.0
2022-11-22 00:00:00,6.424724303545039,6.549649518822877,6.389031141755559,6.531802654266357,623900,0.0,0.0
2022-11-23 00:00:00,6.484212150096091,6.585342113288796,6.389031141755559,6.531802654266357,686800,0.0,0.0
2022-11-25 00:00:00,6.525852551006596,6.621033534322815,6.513954644430363,6.609135627746582,361500,0.0,0.0
2022-11-28 00:00:00,6.543697814044772,6.585339345863412,6.442567893350941,6.448516845703125,557600,0.0,0.0
2022-11-29 00:00:00,6.460414069077372,6.51395350465557,6.394977296328082,6.472311973571777,755300,0.0,0.0
2022-11-30 00:00:00,6.406875024086901,6.662673723103888,6.31169349272721,6.650776386260986,1351900,0.0,0.0
2022-12-01 00:00:00,6.704317421024953,6.8887304410434425,6.615084820443986,6.656726360321045,810900,0.0,0.0
2022-12-02 00:00:00,6.543699042310693,6.662675275069838,6.454467009572191,6.626982688903809,598400,0.0,0.0
2022-12-05 00:00:00,6.543698849877605,6.621033540727695,6.412824714029497,6.454466819763184,898400,0.0,0.0
2022-12-06 00:00:00,6.44256859479833,6.49610803715055,6.299797126741335,6.460414886474609,1303300,0.0,0.0
2022-12-07 00:00:00,6.4604146859696945,6.6448282519790745,6.418773150909633,6.638879299163818,1671200,0.0,0.0
2022-12-08 00:00:00,6.6864713962470885,6.83519184848029,6.626983555747909,6.811396598815918,1024000,0.0,0.0
2022-12-09 00:00:00,6.781651028895126,6.870883622655271,6.722163200378418,6.722163200378418,666200,0.0,0.0
2022-12-12 00:00:00,6.763804737072453,6.793548934992501,6.6864700494096825,6.722163200378418,698900,0.0,0.0
2022-12-13 00:00:00,6.966063683421576,7.061244650354081,6.781650134497365,6.787599086761475,1144500,0.0,0.0
2022-12-14 00:00:00,6.763804496548915,6.9125249135372115,6.7281119141728105,6.8292412757873535,1021300,0.0,0.0
2022-12-15 00:00:00,6.751906510891556,6.763803848101868,6.466363042640976,6.567492961883545,1679100,0.0,0.0
2022-12-16 00:00:00,6.49610803715055,6.5615448181791605,6.3771318137697195,6.460414886474609,3130900,0.0,0.0
2022-12-19 00:00:00,6.436619034053177,6.47826113379716,6.335489111897307,6.389028549194336,1095800,0.0,0.0
2022-12-20 00:00:00,6.3711831490157955,6.383080488230448,6.21651376796145,6.228411674499512,1589300,0.0,0.0
2022-12-21 00:00:00,6.305747014985427,6.448518504217743,6.2879001533387875,6.365234851837158,871600,0.0,0.0
2022-12-22 00:00:00,6.29979751920202,6.311694858619584,6.139179182139265,6.26410436630249,769500,0.0,0.0
2022-12-23 00:00:00,6.240307763115943,6.293847197160751,6.228410426285595,6.270051956176758,575200,0.0,0.0
2022-12-27 00:00:00,6.258155190137069,6.258155190137069,6.162973650196532,6.210564136505127,731600,0.0,0.0
2022-12-28 00:00:00,6.19271847726769,6.2462579216536085,5.942868115015673,5.966663360595703,1139500,0.0,0.0
2022-12-29 00:00:00,6.040630200136247,6.139252638042782,5.985154931854797,6.1330885887146,1057300,0.35,0.0
2022-12-30 00:00:00,6.046794147561188,6.163908143642517,6.015974489275758,6.0714497566223145,759400,0.0,0.0
2023-01-03 00:00:00,6.163908363911612,6.299514512511778,6.120761193471786,6.26253080368042,758500,0.0,0.0
2023-01-04 00:00:00,6.324169266923261,6.490594464560173,6.311841169701844,6.447447299957275,935700,0.0,0.0
2023-01-05 00:00:00,6.410464254269779,6.502923229414763,6.367317085237107,6.465939521789551,592600,0.0,0.0
2023-01-06 00:00:00,6.527577952591828,6.607708818373882,6.404299923633287,6.422791481018066,1745400,0.0,0.0
2023-01-09 00:00:00,6.49675935673409,6.52757901595334,6.19472798962488,6.3180060386657715,13018800,0.0,0.0
2023-01-10 00:00:00,6.348824378567693,6.4536108454363275,6.2933491210683,6.441282749176025,2097600,0.0,0.0
2023-01-11 00:00:00,6.484431318717071,6.626200916632552,6.484431318717071,6.595381259918213,1619500,0.0,0.0
2023-01-12 00:00:00,6.663185874013265,6.755644273689603,6.583054986636894,6.743316173553467,1637800,0.0,0.0
2023-01-13 00:00:00,6.681676194155933,6.8974126159040905,6.657020586303685,6.885085105895996,854700,0.0,0.0
2023-01-17 00:00:00,6.872757703088571,6.922068923779874,6.7741352617059665,6.84810209274292,872700,0.0,0.0
2023-01-18 00:00:00,6.915904918124196,7.051510470441636,6.878921211596483,6.959052085876465,985600,0.0,0.0
2023-01-19 00:00:00,6.848101321435969,6.928232192993163,6.798790106298627,6.928232192993164,650500,0.0,0.0
2023-01-20 00:00:00,6.98370879494668,7.039184069563363,6.872758245713313,7.03302001953125,680300,0.0,0.0
2023-01-23 00:00:00,7.03302001953125,7.119314956472332,7.002200357206853,7.03302001953125,1112300,0.0,0.0
2023-01-24 00:00:00,7.033018693413657,7.082329908700305,6.977543429257166,6.996035575866699,956000,0.0,0.0
2023-01-25 00:00:00,6.946722698123755,6.996033901609481,6.909739001591502,6.965214252471924,528100,0.0,0.0
2023-01-26 00:00:00,7.014527523279644,7.106985910105745,6.977543815847551,7.100822448730469,629200,0.0,0.0
2023-01-27 00:00:00,7.094658029703146,7.211772019433932,7.094658029703146,7.162460803985596,702900,0.0,0.0
2023-01-30 00:00:00,7.119312949504857,7.150132603141051,7.039182085185152,7.076165199279785,755900,0.0,0.0
2023-01-31 00:00:00,7.174789282369266,7.335050447159763,7.143969624120141,7.328886985778809,1242200,0.0,0.0
2023-02-01 00:00:00,7.316557039258659,7.569277114962077,7.2425902308456545,7.495310306549072,1389800,0.0,0.0
2023-02-02 00:00:00,7.5816061238455585,7.630917335396098,7.513802767086559,7.544622421264648,1051400,0.0,0.0
2023-02-03 00:00:00,7.458329444452977,7.5138041266077185,7.384362025907754,7.427509784698486,803000,0.0,0.0
2023-02-06 00:00:00,7.36587048085106,7.36587048085106,7.119314377963138,7.137805938720703,875700,0.0,0.0
2023-02-07 00:00:00,7.106985766887197,7.261083467049411,7.063838598949321,7.25492000579834,960900,0.0,0.0
2023-02-08 00:00:00,7.236428158630325,7.242592207973093,7.094658550763243,7.1747894287109375,845400,0.0,0.0
2023-02-09 00:00:00,7.230263615827472,7.298066978298199,6.8357738901915,6.885085105895996,1979900,0.0,0.0
2023-02-10 00:00:00,6.811119019589057,6.934397072194174,6.786463409068034,6.8604302406311035,1940100,0.0,0.0
2023-02-13 00:00:00,6.903578281402588,6.98370917264526,6.866595154882091,6.903578281402588,2295800,0.0,0.0
2023-02-14 00:00:00,6.903577151936497,6.965216469834363,6.774135054619858,6.823446273803711,1812500,0.0,0.0
2023-02-15 00:00:00,6.7802985761941335,6.891249104639393,6.71865926309431,6.8727569580078125,2094900,0.0,0.0
2023-02-16 00:00:00,6.774134630813179,6.903576720031599,6.730987463685727,6.835773944854736,858200,0.0,0.0
2023-02-17 00:00:00,6.866594115249262,6.878921626277588,6.700168307596042,6.780299186706543,1051100,0.0,0.0
2023-02-21 00:00:00,6.681675583570246,6.749478352008953,6.441282988101366,6.472102642059326,1651900,0.0,0.0
2023-02-22 00:00:00,6.521414201888749,6.632364726934354,6.515250153200429,6.564561367034912,1087000,0.0,0.0
2023-02-23 00:00:00,6.76180818838904,6.780299750386879,6.620037978842512,6.737152576446533,1591500,0.0,0.0
2023-02-24 00:00:00,6.638529669243742,6.724824011152261,6.607710009489507,6.675512790679932,1880100,0.0,0.0
2023-02-27 00:00:00,6.743315147086874,6.786462903159232,6.626201152801514,6.626201152801514,1017600,0.0,0.0
2023-02-28 00:00:00,6.620036892826608,6.700167765453336,6.59538128492885,6.601545333862305,1004300,0.0,0.0
2023-03-01 00:00:00,6.576888868859432,6.6015444735440525,6.441282749176025,6.441282749176025,1451000,0.0,0.0
2023-03-02 00:00:00,6.398136036368088,6.453611297755619,6.354988872104909,6.435119152069092,1020700,0.0,0.0
2023-03-03 00:00:00,6.490596228827006,6.570727119039215,6.428957489473438,6.539907455444336,914300,0.0,0.0
2023-03-06 00:00:00,6.527578250577069,6.626200678246034,6.509086692348148,6.564561367034912,1040100,0.0,0.0
2023-03-07 00:00:00,6.576890115493559,6.6323653835081595,6.385808702091725,6.416628360748291,1018200,0.0,0.0
2023-03-08 00:00:00,6.459774834700239,6.459774834700239,6.330333340383429,6.453611373901367,860900,0.0,0.0
2023-03-09 00:00:00,6.47826750623283,6.47826750623283,6.163908054378849,6.176236152648926,1046200,0.0,0.0
2023-03-10 00:00:00,6.145416771342754,6.145416771342754,5.794073596704801,5.861876964569092,2153900,0.0,0.0
2023-03-13 00:00:00,5.744762700942538,5.898860417923496,5.584501522037808,5.787910461425781,1556400,0.0,0.0
2023-03-14 00:00:00,5.948171491720829,6.052957983676775,5.812565927407588,5.880368709564209,1687600,0.0,0.0
2023-03-15 00:00:00,5.738598741736377,5.7940734212599665,5.633812256242782,5.781745910644531,1494300,0.0,0.0
2023-03-16 00:00:00,5.7016150342178955,5.831057128778448,5.566008890431581,5.781745910644531,1243400,0.0,0.0
2023-03-17 00:00:00,5.676959881454119,5.73859920299401,5.535189677046825,5.547517776489258,2075800,0.0,0.0
2023-03-20 00:00:00,5.590664803809661,5.72627095497729,5.590664803809661,5.6399760246276855,1078900,0.0,0.0
2023-03-21 00:00:00,5.794072489051183,5.85571179571947,5.7139422133528015,5.726269721984863,1142100,0.0,0.0
2023-03-22 00:00:00,5.7077793020710175,5.732434912082369,5.51053383414409,5.516697883605957,1334300,0.0,0.0
2023-03-23 00:00:00,5.559845108375104,5.683123146599773,5.399583364765006,5.405747413635254,1140000,0.0,0.0
2023-03-24 00:00:00,5.387255718036258,5.62764835357666,5.319452938295371,5.62764835357666,1115600,0.0,0.0
2023-03-27 00:00:00,6.015974716063239,6.071449985501077,5.831057347215815,5.972826957702637,4819900,0.0,0.0
2023-03-28 00:00:00,6.102268827071656,6.133088485357087,5.97282673254172,6.0714497566223145,2690000,0.0,0.0
2023-03-29 00:00:00,6.20705394896304,6.2378736004779505,6.102267486513919,6.188562393188477,2486200,0.0,0.0
2023-03-30 00:00:00,6.239655403187608,6.271587644238036,6.11192400271207,6.163016319274902,1609200,0.35,0.0
2023-03-31 00:00:00,6.2141097338789,6.348227240822186,6.169404101253994,6.33545446395874,1891200,0.0,0.0
2023-04-03 00:00:00,6.29713467985014,6.3673870817130975,6.214109501601173,6.290748596191406,1463500,0.0,0.0
2023-04-04 00:00:00,6.322681311050753,6.380160331726074,6.252429513041243,6.380160331726074,1196200,0.0,0.0
2023-04-05 00:00:00,6.3035222743556165,6.5973034820845395,6.271589415219481,6.5717573165893555,1748500,0.0,0.0
2023-04-06 00:00:00,6.610074866565968,6.64200710695826,6.55898255105617,6.597301483154297,889200,0.0,0.0
2023-04-10 00:00:00,6.6164623793880954,6.6420085426649385,6.290748949875492,6.437639236450195,1125600,0.0,0.0
2023-04-11 00:00:00,6.482344454434954,6.501504532465963,6.418479354870535,6.44402551651001,850600,0.0,0.0
2023-04-12 00:00:00,6.558982643996549,6.610074960230322,6.431251244343662,6.450411319732666,738100,0.0,0.0
2023-04-13 00:00:00,6.437638823833007,6.482344454434954,6.380159807877055,6.44402551651001,794500,0.0,0.0
2023-04-14 00:00:00,6.450412566098031,6.52066436222659,6.258816038666378,6.341841220855713,875500,0.0,0.0
2023-04-17 00:00:00,6.322680328040252,6.558983067204064,6.297134168275042,6.533436298370361,806700,0.0,0.0
2023-04-18 00:00:00,6.514276316466762,6.533435782510775,6.316293746185586,6.373772144317627,934100,0.0,0.0
2023-04-19 00:00:00,6.290748546673162,6.514277308751431,6.290748546673162,6.44402551651001,694500,0.0,0.0
2023-04-20 00:00:00,6.386546390342605,6.590915679931641,6.386546390342605,6.590915679931641,1463500,0.0,0.0
2023-04-21 00:00:00,6.578143498017503,6.725033785909911,6.558984027655141,6.693100929260254,1473000,0.0,0.0
2023-04-24 00:00:00,6.661168080029266,6.673940856094317,6.5270505814693305,6.590915679931641,878900,0.0,0.0
2023-04-25 00:00:00,6.578142443346919,6.597301910637452,6.4440249541762205,6.469571113586426,704700,0.0,0.0
2023-04-26 00:00:00,6.507890398198078,6.597302265477106,6.405705755061199,6.456798076629639,1273500,0.0,0.0
2023-04-27 00:00:00,6.507890436746005,6.693100255795775,6.507890436746005,6.686714172363281,975200,0.0,0.0
2023-04-28 00:00:00,6.693100552599007,6.891083765430302,6.6739410833148645,6.827218055725098,1453100,0.0,0.0
2023-05-01 00:00:00,6.820832735183038,6.878311758535261,6.654782358625196,6.661169052124023,1250900,0.0,0.0
2023-05-02 00:00:00,6.63562245864716,6.648395235751294,6.303521726979625,6.437639236450195,1350300,0.0,0.0
2023-05-03 00:00:00,6.437638908132591,6.654781589445835,6.412092746158595,6.507890701293945,1289400,0.0,0.0
2023-05-04 00:00:00,6.539823635907033,6.616462122765098,6.361000499904883,6.584529876708984,1785600,0.0,0.0
2023-05-05 00:00:00,6.693100059275166,6.763352456586554,6.488730777791497,6.5781426429748535,1116000,0.0,0.0
2023-05-08 00:00:00,6.578142175080059,6.686713500412845,6.578142175080059,6.667553424835205,796600,0.0,0.0
2023-05-09 00:00:00,6.629234963345771,6.693100059275166,6.571755950661363,6.5781426429748535,791500,0.0,0.0
2023-05-10 00:00:00,6.673940856094317,6.705873709859736,6.533436664967593,6.590915679931641,884800,0.0,0.0
2023-05-11 00:00:00,6.5717562112998005,6.597302372498429,6.514277196335753,6.590915679931641,667000,0.0,0.0
2023-05-12 00:00:00,6.610076243411587,6.642008490455204,6.4695720419591005,6.501504898071289,766700,0.0,0.0
2023-05-15 00:00:00,6.5206633670534515,6.578142377417451,6.450411581646607,6.463184356689453,779900,0.0,0.0
2023-05-16 00:00:00,6.431251254003223,6.552595962042031,6.42486517126575,6.539822578430176,862500,0.0,0.0
2023-05-17 00:00:00,6.597302007470664,6.744192883036726,6.539822995686921,6.725032806396484,1082800,0.0,0.0
2023-05-18 00:00:00,6.705873427354367,6.8974699328067635,6.680327267231948,6.891083240509033,1006800,0.0,0.0
2023-05-19 00:00:00,6.897469670648725,6.9485619889516546,6.801671117029374,6.878310203552246,1192900,0.0,0.0
2023-05-22 00:00:00,6.8974713365097395,6.948563667152369,6.782513288029513,6.923017501831055,930900,0.0,0.0
2023-05-23 00:00:00,6.916629617241998,7.114612821192435,6.903856841315029,6.967721939086914,1434900,0.0,0.0
2023-05-24 00:00:00,6.897469399812902,6.897469399812902,6.699486217361693,6.763351917266846,1643100,0.0,0.0
2023-05-25 00:00:00,6.712262242517831,6.712262242517831,6.424867697980132,6.558985233306885,1142100,0.0,0.0
2023-05-26 00:00:00,6.520663905764991,6.7761255184119085,6.475958275818912,6.750579357147217,998000,0.0,0.0
2023-05-30 00:00:00,6.801671569133335,6.878310660750372,6.69948692573531,6.718647003173828,1071500,0.0,0.0
2023-05-31 00:00:00,6.744193337824534,6.795285660840221,6.642008082724627,6.7569661140441895,1427000,0.0,0.0
2023-06-01 00:00:00,6.756966807432112,6.910243792208184,6.750580114132626,6.903857707977295,862500,0.0,0.0
2023-06-02 00:00:00,6.974109329354589,7.140159696498409,6.9357897796027155,7.1146135330200195,1369500,0.0,0.0
2023-06-05 00:00:00,7.044361058761004,7.069907221993185,6.929403628750479,6.948563098907471,824600,0.0,0.0
2023-06-06 00:00:00,6.929403633378354,7.184865265870774,6.9230169402989,7.108226776123047,1168300,0.0,0.0
2023-06-07 00:00:00,7.120999160389803,7.280662824157005,7.120999160389803,7.172091484069824,1306700,0.0,0.0
2023-06-08 00:00:00,7.1529318181588755,7.287049316396102,7.114612880987396,7.2551164627075195,920600,0.0,0.0
2023-06-09 00:00:00,7.210411638692676,7.24234449594951,7.140159839982516,7.184865474700928,615800,0.0,0.0
2023-06-12 00:00:00,7.191251468638172,7.3062088908874765,7.184864775994174,7.299822807312012,884900,0.0,0.0
2023-06-13 00:00:00,7.3125957560721515,7.408394320786894,7.30620906327746,7.338141918182373,1063200,0.0,0.0
2023-06-14 00:00:00,7.37646146588198,7.459486645007338,7.255116739057016,7.338141918182373,1351100,0.0,0.0
2023-06-15 00:00:00,7.274275749876155,7.440325474689042,7.274275749876155,7.427552700042725,1031200,0.0,0.0
2023-06-16 00:00:00,7.497805779617751,7.497805779617751,7.350915495911662,7.357302188873291,1742500,0.0,0.0
2023-06-20 00:00:00,7.318982059281049,7.3573016049409246,7.223184108734131,7.223184108734131,1306800,0.0,0.0
2023-06-21 00:00:00,7.223183398178814,7.306207955649018,7.178477164462025,7.267889022827148,1027400,0.0,0.0
2023-06-22 00:00:00,7.248729216876336,7.248729216876336,7.133771205658597,7.146543979644775,1025700,0.0,0.0
2023-06-23 00:00:00,7.095452809218928,7.114612886889086,6.954949227382254,6.974108695983887,1523100,0.0,0.0
2023-06-26 00:00:00,6.961335793462222,7.216798031824084,6.9549497095313155,7.133772850036621,872200,0.0,0.0
2023-06-27 00:00:00,7.120999909608977,7.344529306028593,7.089067660750693,7.325369834899902,1021200,0.0,0.0
2023-06-28 00:00:00,7.31898284407535,7.344529007565007,7.248731046745939,7.274277210235596,1146300,0.0,0.0
2023-06-29 00:00:00,7.300632889571777,7.346755820782299,7.2479207886518076,7.333578109741211,1316600,0.35,0.0
2023-06-30 00:00:00,7.392878694295602,7.41923474230969,7.340166598267428,7.4060564041137695,849400,0.0,0.0
2023-07-03 00:00:00,7.34016697322354,7.412645951870269,7.313810923863112,7.359933853149414,390500,0.0,0.0
2023-07-05 00:00:00,7.346755130497217,7.353344299587562,7.228153228759765,7.228153228759766,1060400,0.0,0.0
2023-07-06 00:00:00,7.155672207025283,7.155672207025283,6.931646157762856,7.004125118255615,1153200,0.0,0.0
2023-07-07 00:00:00,7.017305242558122,7.175442181959857,7.010716700882175,7.083195686340332,878300,0.0,0.0
2023-07-10 00:00:00,7.08319574187446,7.274277276287588,7.063428859935957,7.241332054138184,1500200,0.0,0.0
2023-07-11 00:00:00,7.280865364530976,7.379700387915469,7.267687026278242,7.307221412658691,521400,0.0,0.0
2023-07-12 00:00:00,7.41264557321173,7.439001621225817,7.379700356099683,7.4060564041137695,732700,0.0,0.0
2023-07-13 00:00:00,7.4390016395352925,7.610316266237389,7.39946725322798,7.597137928009033,1191100,0.0,0.0
2023-07-14 00:00:00,7.597138689412902,7.597138689412902,7.4719476055853375,7.504892826080322,496200,0.0,0.0
2023-07-17 00:00:00,7.4917136663158965,7.518069714150783,7.419234691864398,7.452179908752441,465500,0.0,0.0
2023-07-18 00:00:00,7.465357889920202,7.5839604236784295,7.439001841127015,7.524659156799316,622900,0.0,0.0
2023-07-19 00:00:00,7.577371640069887,7.709151890743368,7.564193300813638,7.669618129730225,816400,0.0,0.0
2023-07-20 00:00:00,7.66302745815405,7.66302745815405,7.4851236833305155,7.564191818237305,789700,0.0,0.0
2023-07-21 00:00:00,7.6827964510591515,7.722330843591373,7.583961412295374,7.603728294372559,652600,0.0,0.0
2023-07-24 00:00:00,7.623494230195537,7.7091515464017295,7.564192962946807,7.616905689239502,807800,0.0,0.0
2023-07-25 00:00:00,7.6037282943725595,7.676207280907472,7.583961412295374,7.603728294372559,854600,0.0,0.0
2023-07-26 00:00:00,7.63008374033928,7.722330229999617,7.63008374033928,7.669618129730225,709200,0.0,0.0
2023-07-27 00:00:00,7.682794334786328,7.807986019672003,7.557603278278331,7.564191818237305,1126900,0.0,0.0
2023-07-28 00:00:00,7.64984854159577,7.682793752403991,7.557602705385909,7.6432600021362305,1085100,0.0,0.0
2023-07-31 00:00:00,7.695973571377704,7.695973571377704,7.366522656553353,7.419234752655029,1601700,0.0,0.0
2023-08-01 00:00:00,7.432413174477389,7.432413174477389,7.333578141913312,7.412646293640137,955200,0.0,0.0
2023-08-02 00:00:00,7.386289525197642,7.41923474230969,7.2610984542251655,7.4060564041137695,887600,0.0,0.0
2023-08-03 00:00:00,7.386290526975096,7.386290526975096,6.898703258395805,6.911880970001221,2008100,0.0,0.0
2023-08-04 00:00:00,6.984359409165632,7.142495692116815,6.977770240281566,7.109550476074219,1360200,0.0,0.0
2023-08-07 00:00:00,7.135907173156739,7.182030102790518,7.063428193963974,7.135907173156738,788600,0.0,0.0
2023-08-08 00:00:00,7.030481670690674,7.188617938708609,6.964591244827698,7.182028770446777,558300,0.0,0.0
2023-08-09 00:00:00,7.175441488965139,7.2281535875489045,7.135907100838423,7.155673980712891,520400,0.0,0.0
2023-08-10 00:00:00,7.1886197974806905,7.228154188896476,7.017305148642008,7.037072658538818,641100,0.0,0.0
2023-08-11 00:00:00,7.030481161014585,7.070014910964226,7.004125118255615,7.004125118255615,544700,0.0,0.0
2023-08-14 00:00:00,6.99753678740971,7.017303664748742,6.93164698682037,6.944824695587158,602900,0.0,0.0
2023-08-15 00:00:00,6.918468778334999,6.931647115724559,6.8064554240345965,6.892112731933594,719900,0.0,0.0
2023-08-16 00:00:00,6.8657573662419535,6.925058633619005,6.813045268212968,6.819634437561035,446400,0.0,0.0
2023-08-17 00:00:00,6.819634627103479,6.865757557066321,6.694442919521776,6.720798969268799,593100,0.0,0.0
2023-08-18 00:00:00,6.641732171365525,6.799868502022342,6.608786945384208,6.766923904418945,760100,0.0,0.0
2023-08-21 00:00:00,6.819634071160898,6.819634071160898,6.654908616576121,6.740565299987793,537900,0.0,0.0
2023-08-22 00:00:00,6.753744026420338,6.806456124649006,6.654908999336029,6.707621097564697,612200,0.0,0.0
2023-08-23 00:00:00,6.7603323742082235,6.951413864159402,6.720797991152459,6.944824695587158,812500,0.0,0.0
2023-08-24 00:00:00,6.91187960964022,6.990947748844437,6.865756685532188,6.892112731933594,400300,0.0,0.0
2023-08-25 00:00:00,6.911880126735608,7.0107157794183115,6.845990319991565,6.971181392669678,500200,0.0,0.0
2023-08-28 00:00:00,6.984359974504542,7.175441488965139,6.984359974504542,7.155673980712891,676300,0.0,0.0
2023-08-29 00:00:00,7.155673625521474,7.267686986546332,7.109550698644562,7.228153228759766,842600,0.0,0.0
2023-08-30 00:00:00,7.228154108690598,7.2742770411823585,7.195208887605986,7.247920989990234,610500,0.0,0.0
2023-08-31 00:00:00,7.261099639244091,7.280866521386194,7.214976076408712,7.221565246582031,665900,0.0,0.0
2023-09-01 00:00:00,7.254510460823717,7.313811735560465,7.175442303967337,7.2083868980407715,873900,0.0,0.0
2023-09-05 00:00:00,7.168852095894354,7.234741902879544,7.122729168166944,7.175441265106201,722900,0.0,0.0
2023-09-06 00:00:00,7.135905880521192,7.168851093596503,7.037070869672935,7.096372127532959,510800,0.0,0.0
2023-09-07 00:00:00,7.017304865913802,7.1754417968277515,7.017304865913802,7.1293182373046875,478500,0.0,0.0
2023-09-08 00:00:00,7.155674287727377,7.195208677550317,7.102962186881997,7.1293182373046875,436000,0.0,0.0
2023-09-11 00:00:00,7.182030030004773,7.195208368839605,7.089784171672074,7.155673980712891,354700,0.0,0.0
2023-09-12 00:00:00,7.083194794310717,7.182029819159297,7.0502495765686035,7.0502495765686035,652100,0.0,0.0
2023-09-13 00:00:00,7.056838952962775,7.214975248714072,7.023893734253476,7.155673980712891,1015100,0.0,0.0
2023-09-14 00:00:00,7.182030030004773,7.2281535875489045,7.116140220963957,7.155673980712891,783300,0.0,0.0
2023-09-15 00:00:00,7.142495017631129,7.188617938708609,7.083193760029985,7.182028770446777,2005700,0.0,0.0
2023-09-18 00:00:00,7.182029633372973,7.221564019316378,7.129317537700263,7.14908504486084,696400,0.0,0.0
2023-09-19 00:00:00,7.122729737049793,7.168852668460979,7.0173049063733774,7.030483245849609,780300,0.0,0.0
2023-09-20 00:00:00,7.063427227946201,7.096372442483684,6.958003044128418,6.958003044128418,638900,0.0,0.0
2023-09-21 00:00:00,6.944825501293564,6.944825501293564,6.608785405655704,6.6285529136657715,1028600,0.0,0.0
2023-09-22 00:00:00,6.635141650496526,6.786689407825253,6.589018720533684,6.720798969268799,1138800,0.0,0.0
2023-09-25 00:00:00,6.668085632169903,6.727386890188766,6.608784374151039,6.635140419006348,783100,0.0,0.0
2023-09-26 00:00:00,6.595608678127854,6.615375560705479,6.477006125906367,6.50336217880249,1166300,0.0,0.0
2023-09-27 00:00:00,6.529717582269606,6.569251971870734,6.450649431445153,6.477005481719971,1121800,0.0,0.0
2023-09-28 00:00:00,6.490184085515413,6.582429951047307,6.457238864234951,6.549484729766846,1122000,0.0,0.0
2023-09-29 00:00:00,6.658755916427959,6.67924421380367,6.542654479113547,6.563142776489258,1168700,0.35,0.0
2023-10-02 00:00:00,6.488018327345468,6.556313517631481,6.262645111237311,6.358258247375488,1304300,0.0,0.0
2023-10-03 00:00:00,6.296794048698746,6.337770650556573,5.96214832653266,5.996295928955078,1984900,0.0,0.0
2023-10-04 00:00:00,5.9962953178388965,6.0509312156219766,5.764092426605168,5.8460469245910645,1834300,0.0,0.0
2023-10-05 00:00:00,5.8255582271349144,6.037272828711378,5.8255582271349144,5.98263692855835,907100,0.0,0.0
2023-10-06 00:00:00,5.90068243242734,6.037272167858503,5.887023133228607,5.968976974487305,889100,0.0,0.0
2023-10-09 00:00:00,5.941659461013795,6.173862353848181,5.941659461013795,6.119226455688477,540400,0.0,0.0
2023-10-10 00:00:00,6.105566786213617,6.19435027818112,6.105566786213617,6.173861980438232,596700,0.0,0.0
2023-10-11 00:00:00,6.2284982511207065,6.542654991149902,6.2284982511207065,6.542654991149902,1609000,0.0,0.0
2023-10-12 00:00:00,6.488019668823392,6.494849319526348,6.310452658414556,6.419724464416504,1367800,0.0,0.0
2023-10-13 00:00:00,6.467530168508184,6.474359166633243,6.235327298164497,6.262645244598389,953900,0.0,0.0
2023-10-16 00:00:00,6.269474859289263,6.351428698136749,6.2080093173258435,6.283133506774902,853900,0.0,0.0
2023-10-17 00:00:00,6.201180414143384,6.365088111562109,6.1602038154443495,6.351429462432861,1381300,0.0,0.0
2023-10-18 00:00:00,6.31045184511137,6.31045184511137,6.139714507410448,6.160203456878662,752300,0.0,0.0
2023-10-19 00:00:00,5.982636662838364,6.126056057197888,5.8938531662052025,5.9621477127075195,1149000,0.0,0.0
2023-10-20 00:00:00,5.975807339061361,6.023613589354232,5.880194187164307,5.880194187164307,812000,0.0,0.0
2023-10-23 00:00:00,5.852876374008011,6.009955080713047,5.743604570027809,5.914341926574707,1056900,0.0,0.0
2023-10-24 00:00:00,5.921170587517877,6.003124426805694,5.88019334221836,5.934829235076904,621000,0.0,0.0
2023-10-25 00:00:00,5.880194071596288,5.928000972260885,5.750433972789637,5.777751922607422,981000,0.0,0.0
2023-10-26 00:00:00,5.811899686555676,5.996295690196359,5.811899686555676,5.907512187957764,1040100,0.0,0.0
2023-10-27 00:00:00,5.9621482279583375,6.016784781717687,5.8801943742863125,5.941659927368164,838600,0.0,0.0
2023-10-30 00:00:00,5.9962951168932594,6.098737910286967,5.92800057260871,6.030442714691162,738400,0.0,0.0
2023-10-31 00:00:00,6.091908491650267,6.208009937782379,5.955318746586394,6.071420192718506,1725600,0.0,0.0
2023-11-01 00:00:00,6.085078965643964,6.358259112653132,6.023613416284119,6.351429462432861,2202600,0.0,0.0
2023-11-02 00:00:00,6.440213130638138,6.665586383340456,6.433383480238356,6.658756732940674,1635500,0.0,0.0
2023-11-03 00:00:00,6.7407104352193,6.884129833896787,6.7407104352193,6.754369735717773,1426900,0.0,0.0
2023-11-06 00:00:00,6.727052640962621,6.768029245043101,6.658757432413318,6.699734687805176,1167300,0.0,0.0
2023-11-07 00:00:00,6.720222372856342,6.747540323505705,6.4470422150513995,6.665586471557617,1589800,0.0,0.0
2023-11-08 00:00:00,6.645096445823726,6.686073690828943,6.597290202743652,6.679244041442871,1196900,0.0,0.0
2023-11-09 00:00:00,6.713391483956112,6.809004619246918,6.474358971384699,6.528995513916016,1624300,0.0,0.0
2023-11-10 00:00:00,6.60412083236504,6.658756732940674,6.549484931789406,6.658756732940674,711700,0.0,0.0
2023-11-13 00:00:00,6.569973094098744,6.6382682940438045,6.535825494126214,6.624608993530273,481800,0.0,0.0
2023-11-14 00:00:00,6.890959033507915,6.993401175302019,6.829493487906952,6.979742527008057,1511300,0.0,0.0
2023-11-15 00:00:00,6.986572290759091,7.10950339542602,6.938766039526985,7.095844745635986,856800,0.0,0.0
2023-11-16 00:00:00,7.102673142387048,7.123162092301099,6.979742699459088,7.109502792358398,1031300,0.0,0.0
2023-11-17 00:00:00,7.170968339478013,7.225604236626277,7.068526195152835,7.109502792358398,722900,0.0,0.0
2023-11-20 00:00:00,7.082184703334172,7.205115795135498,7.048037105465887,7.205115795135498,887400,0.0,0.0
2023-11-21 00:00:00,7.143650019570373,7.191456264262274,7.116332072416252,7.164138317108154,717700,0.0,0.0
2023-11-22 00:00:00,7.246092248503503,7.273410195996672,7.129990808829721,7.170968055725098,530000,0.0,0.0
2023-11-24 00:00:00,7.129991745716639,7.170968997996461,7.082185494149622,7.123162746429443,276300,0.0,0.0
2023-11-27 00:00:00,7.082184457455432,7.123161703736981,7.0685258095690715,7.116332054138184,538200,0.0,0.0
2023-11-28 00:00:00,7.14365106948226,7.232434573609589,7.075355865903905,7.218775272369385,1004800,0.0,0.0
2023-11-29 00:00:00,7.273411401868139,7.526103272213236,7.273411401868139,7.48512601852417,2605900,0.0,0.0
2023-11-30 00:00:00,7.478296169896476,7.491955471202005,7.341706413397852,7.375854015350342,1088700,0.0,0.0
2023-12-01 00:00:00,7.369023687098848,7.5739086286628075,7.328046438261547,7.560249328613281,1582000,0.0,0.0
2023-12-04 00:00:00,7.512443029198257,7.580738226351841,7.485125080599078,7.532931327819824,610600,0.0,0.0
2023-12-05 00:00:00,7.498784668879624,7.526103272213236,7.423660463646247,7.48512601852417,882300,0.0,0.0
2023-12-06 00:00:00,7.526101522310894,7.567078115161094,7.355364199042257,7.369022846221924,1033600,0.0,0.0
2023-12-07 00:00:00,7.375854085717859,7.505614192801661,7.307558881161326,7.49878454208374,808800,0.0,0.0
2023-12-08 00:00:00,7.47829597934647,7.54659118151126,7.444148378264075,7.491955280303955,735000,0.0,0.0
2023-12-11 00:00:00,7.464637717335313,7.526103272213236,7.4373197653130525,7.48512601852417,716200,0.0,0.0
2023-12-12 00:00:00,7.464636993955748,7.621715040033861,7.423659744237686,7.526102542877197,742600,0.0,0.0
2023-12-13 00:00:00,7.765133072707963,7.9358703891298035,7.608055054229233,7.8470869064331055,2432700,0.0,0.0
2023-12-14 00:00:00,7.9700176056981125,8.092948676126829,7.942699662415192,8.051971435546875,2053700,0.0,0.0
2023-12-15 00:00:00,8.072460340160099,8.079289989324684,7.894894021059251,7.956358909606934,1990400,0.0,0.0
2023-12-18 00:00:00,7.997337565025914,8.024655515195404,7.853918163808268,7.860747814178467,958800,0.0,0.0
2023-12-19 00:00:00,7.894893870114679,8.058801539063754,7.853916627221819,8.004165649414062,850400,0.0,0.0
2023-12-20 00:00:00,7.990507089984289,8.120267828380706,7.89489459991455,7.894894599914551,918800,0.0,0.0
2023-12-21 00:00:00,7.9563596341503455,8.045143127441406,7.935871336102024,8.045143127441406,974700,0.0,0.0
2023-12-22 00:00:00,8.086120713039415,8.113438662016794,8.00416686610728,8.010995864868164,716400,0.0,0.0
2023-12-26 00:00:00,8.031484146114005,8.12709663391529,7.997336549908737,8.079290390014648,552400,0.0,0.0
2023-12-27 00:00:00,8.07246272630431,8.099780679726386,8.010997168276793,8.038315773010254,942900,0.0,0.0
2023-12-28 00:00:00,7.996081727691813,8.080547301744897,7.9890434333085905,8.059431076049805,932800,0.35,0.0
2023-12-29 00:00:00,7.98904344169058,8.059431084505643,7.932733058929443,7.932733058929443,741800,0.0,0.0
2024-01-02 00:00:00,7.8693825551324865,7.9468091522431985,7.798994251379029,7.918653964996338,1034100,0.0,0.0
2024-01-03 00:00:00,7.8201115848622464,7.834189516121789,7.651180437383998,7.770840167999268,1159100,0.0,0.0
2024-01-04 00:00:00,7.76380127583846,7.8130733644404105,7.714529858509225,7.756762981414795,532100,0.0,0.0
2024-01-05 00:00:00,7.728606475301961,7.9186545056484,7.707490251243244,7.834188938140869,971700,0.0,0.0
2024-01-08 00:00:00,7.813073521753185,8.073509216308594,7.813073521753185,8.073509216308594,880900,0.0,0.0
2024-01-09 00:00:00,7.982005383844767,8.07350993405688,7.953850189262024,8.038315773010254,771600,0.0,0.0
2024-01-10 00:00:00,8.038313404578773,8.15093414972685,8.038313404578773,8.108701705932617,794800,0.0,0.0
2024-01-11 00:00:00,8.073508157419788,8.080546451062052,7.925693250569988,8.066469192504883,849200,0.0,0.0
2024-01-12 00:00:00,8.157974211186986,8.235400816070335,8.059430710294164,8.136857986450195,773800,0.0,0.0
2024-01-16 00:00:00,8.066468168644668,8.087584389436504,7.960886393412934,8.080545425415039,738700,0.0,0.0
2024-01-17 00:00:00,8.010158572700824,8.101663100000398,7.953848197635336,8.031274795532227,608200,0.0,0.0
2024-01-18 00:00:00,8.087585136387741,8.094624101059308,7.890498824492195,8.01015853881836,640600,0.0,0.0
2024-01-19 00:00:00,8.038312983831368,8.087584389436504,7.869381874951572,8.080545425415039,844700,0.0,0.0
2024-01-22 00:00:00,8.150935826709587,8.214285176707095,8.031276092552678,8.073509216308594,556900,0.0,0.0
2024-01-23 00:00:00,8.101664543151855,8.115741803789502,8.03831519210059,8.101664543151855,481400,0.0,0.0
2024-01-24 00:00:00,8.19316828776266,8.19316828776266,7.94680987353739,7.953848838806152,729000,0.0,0.0
2024-01-25 00:00:00,8.087585170597714,8.136857252234483,7.960887162336677,8.031274795532227,710400,0.0,0.0
2024-01-26 00:00:00,8.066468520434718,8.179089264599464,8.03831333439353,8.12277889251709,908100,0.0,0.0
2024-01-29 00:00:00,8.143895465722402,8.214283769499637,8.059429903953287,8.16501235961914,1065600,0.0,0.0
2024-01-30 00:00:00,8.13685928968625,8.172052779460087,8.003121611963627,8.038315773010254,693100,0.0,0.0
2024-01-31 00:00:00,8.02423643018911,8.031275395416216,7.784917653921541,7.791955947875977,1472900,0.0,0.0
2024-02-01 00:00:00,7.855305338861509,7.9679260980710005,7.728606649114492,7.953848838806152,1206500,0.0,0.0
2024-02-02 00:00:00,7.82714946262012,7.855304649953291,7.728605971317716,7.813072204589844,1083200,0.0,0.0
2024-02-05 00:00:00,7.714528594994364,7.777877933340764,7.573752660487143,7.735644817352295,849000,0.0,0.0
2024-02-06 00:00:00,7.7004512776536576,7.798994775273599,7.672296088515483,7.763800621032715,654700,0.0,0.0
2024-02-07 00:00:00,7.777877761573614,7.7989939834652136,7.496325227504391,7.510403156280518,941400,0.0,0.0
2024-02-08 00:00:00,7.496326243193658,7.6371028649386155,7.482248983782771,7.552636623382568,829200,0.0,0.0
2024-02-09 00:00:00,7.5737524382348695,7.623023846048373,7.4892868800091845,7.5948686599731445,844700,0.0,0.0
2024-02-12 00:00:00,7.58783032082584,7.742684192634877,7.58783032082584,7.693412780761719,713200,0.0,0.0
2024-02-13 00:00:00,7.594869043533975,7.601908008226415,7.327394426674842,7.41185998916626,1056700,0.0,0.0
2024-02-14 00:00:00,7.4822493219623185,7.538559704696322,7.390744782201386,7.524481773376465,778400,0.0,0.0
2024-02-15 00:00:00,7.545598839168518,7.7849183067785095,7.545598839168518,7.714529991149902,1153800,0.0,0.0
2024-02-16 00:00:00,7.608947817039407,7.74972377014249,7.538559504851519,7.651180267333984,927500,0.0,0.0
2024-02-20 00:00:00,7.587830778818808,7.658219089691286,7.510404173877227,7.552636623382568,995100,0.0,0.0
2024-02-21 00:00:00,7.531519933677376,7.637102393468043,7.510403710228299,7.6230244636535645,658700,0.0,0.0
2024-02-22 00:00:00,7.707489918760204,7.932732093669859,7.6230243548963195,7.862343788146973,1290800,0.0,0.0
2024-02-23 00:00:00,7.862344127310046,7.890499316479223,7.763800629581597,7.834188938140869,768700,0.0,0.0
2024-02-26 00:00:00,7.791956326920762,7.869383605640088,7.637103112027519,7.658219337463379,798100,0.0,0.0
2024-02-27 00:00:00,7.679334946267828,7.714529100016728,7.5807921212980895,7.630063533782959,960400,0.0,0.0
2024-02-28 00:00:00,7.587830988978884,7.6441413707274215,7.524481641693603,7.566714763641357,483700,0.0,0.0
2024-02-29 00:00:00,7.672295540007436,7.911614966208816,7.62302413035631,7.897537708282471,1243500,0.0,0.0
2024-03-01 00:00:00,7.9256931961744925,7.9538483843682375,7.798994513666322,7.904576301574707,1150000,0.0,0.0
2024-03-04 00:00:00,7.918655089860914,7.932733021120455,7.763801202369497,7.770840167999268,627200,0.0,0.0
2024-03-05 00:00:00,7.770839352875183,7.869382847537106,7.756762094364988,7.798994541168213,822400,0.0,0.0
2024-03-06 00:00:00,7.855305909182744,7.925694224435438,7.791956559709862,7.8201117515563965,585100,0.0,0.0
2024-03-07 00:00:00,7.897539407600428,7.939771861739257,7.869384214416956,7.8834614753723145,513100,0.0,0.0
2024-03-08 00:00:00,7.946809939898445,8.031275510010907,7.855305404458441,7.869383335113525,1142900,0.0,0.0
2024-03-11 00:00:00,7.876420814484034,7.953848082533076,7.813072146906562,7.897537708282471,1043100,0.0,0.0
2024-03-12 00:00:00,7.904577891048389,8.05239282660673,7.876422697193123,8.024237632751465,790500,0.0,0.0
2024-03-13 00:00:00,8.024236814934675,8.094625128035368,8.003120589513546,8.05239200592041,494000,0.0,0.0
2024-03-14 00:00:00,8.024236849536456,8.03127581513142,7.827150511786432,7.876421928405762,653000,0.0,0.0
2024-03-15 00:00:00,7.841227675108094,8.017197770113704,7.798994556946786,7.9960808753967285,1132700,0.0,0.0
2024-03-18 00:00:00,8.024236853276479,8.024236853276479,7.890499863273377,7.946810245513916,666700,0.0,0.0
2024-03-19 00:00:00,7.9186549235052395,7.996081529988009,7.820111420576781,7.989043235778809,600700,0.0,0.0
2024-03-20 00:00:00,7.939770644934707,8.186129050989146,7.92569338613675,8.094624519348145,634400,0.0,0.0
2024-03-21 00:00:00,8.122780223218403,8.228362020351474,8.094625032564739,8.186129570007324,595800,0.0,0.0
2024-03-22 00:00:00,8.228360744198005,8.249477637367713,8.094623777152812,8.108701705932617,496400,0.0,0.0
2024-03-25 00:00:00,8.129818948486518,8.249478673047157,8.129818948486518,8.150935173034668,548900,0.0,0.0
2024-03-26 00:00:00,8.186128900213655,8.186128900213655,7.974964651952395,7.9960808753967285,742900,0.0,0.0
2024-03-27 00:00:00,8.054181614961513,8.18490795659244,8.032394122226995,8.170382499694824,739200,0.35,0.0
2024-03-28 00:00:00,8.134070992710871,8.286584854125977,8.134070992710871,8.286584854125977,807700,0.0,0.0
2024-04-01 00:00:00,8.279322128854936,8.279322128854936,8.126808267357566,8.163121223449707,527900,0.0,0.0
2024-04-02 00:00:00,8.075970548885769,8.134071001620685,8.017870096150851,8.039657592773438,613700,0.0,0.0
2024-04-03 00:00:00,8.054182551986626,8.105020271818942,7.952506419710007,8.046919822692871,532700,0.0,0.0
2024-04-04 00:00:00,8.148595342683372,8.199433058695737,8.01060626691847,8.017868995666504,462500,0.0,0.0
2024-04-05 00:00:00,7.988820029721405,8.05418321350978,7.937982305713578,8.003345489501953,467900,0.0,0.0
2024-04-08 00:00:00,8.04691977769976,8.068707272847218,7.9815565996454,8.061445236206055,370400,0.0,0.0
2024-04-09 00:00:00,8.075970544395785,8.163121223449707,8.046920318044478,8.163121223449707,283000,0.0,0.0
2024-04-10 00:00:00,7.974293802663084,8.02513221439134,7.705579056086791,7.763679504394531,874100,0.0,0.0
2024-04-11 00:00:00,7.792730036195902,7.894406171054486,7.712842089771875,7.872618675231934,620100,0.0,0.0
2024-04-12 00:00:00,7.8363058232919185,7.879881508120888,7.75641787581949,7.785468101501465,316900,0.0,0.0
2024-04-15 00:00:00,7.84356795948012,7.887142948400521,7.567590490073728,7.625690937042236,631000,0.0,0.0
2024-04-16 00:00:00,7.6111647686208554,7.6111647686208554,7.4078132232105,7.429600715637207,694400,0.0,0.0
2024-04-17 00:00:00,7.494964322148717,7.567590224617761,7.444126605987549,7.444126605987549,504000,0.0,0.0
2024-04-18 00:00:00,7.451389484202211,7.56759037639366,7.444126755287257,7.465914249420166,619800,0.0,0.0
2024-04-19 00:00:00,7.43686480373466,7.611166160241249,7.415077307324342,7.574853897094727,528800,0.0,0.0
2024-04-22 00:00:00,7.589378910623486,7.662004824502236,7.574854143414963,7.6329545974731445,354000,0.0,0.0
2024-04-23 00:00:00,7.618427976010288,7.84356772061593,7.61116524720741,7.814517498016357,382000,0.0,0.0
2024-04-24 00:00:00,7.763679504394531,7.778204962777455,7.662004066161975,7.763679504394531,476600,0.0,0.0
2024-04-25 00:00:00,7.662003061796564,7.734628266355254,7.640215569690146,7.654740333557129,421300,0.0,0.0
2024-04-26 00:00:00,7.712841910021528,7.865355762449016,7.683791685397816,7.79272985458374,472300,0.0,0.0
2024-04-29 00:00:00,7.821780226819236,7.887142708209319,7.778204546613907,7.814517498016357,456100,0.0,0.0
2024-04-30 00:00:00,7.756417522134194,7.807255241606495,7.691054344177246,7.691054344177246,595500,0.0,0.0
2024-05-01 00:00:00,7.698315817737872,7.974292557811444,7.698315817737872,7.836304187774658,411700,0.0,0.0
2024-05-02 00:00:00,7.901667745703975,7.930717966759023,7.81451708253883,7.923455238342285,555800,0.0,0.0
2024-05-03 00:00:00,8.017869240876081,8.105019910682,7.9234558421000125,7.952506065368652,863400,0.0,0.0
2024-05-06 00:00:00,7.691054593949323,7.981556846956699,7.691054593949323,7.872618675231934,896300,0.0,0.0
2024-05-07 00:00:00,7.83630528339305,7.945243449041927,7.727367117744173,7.734629154205322,716200,0.0,0.0
2024-05-08 00:00:00,7.683790103651639,7.8072537060398215,7.683790103651639,7.77820348739624,650000,0.0,0.0
2024-05-09 00:00:00,7.814518575275633,7.872619028484133,7.785468348671383,7.843568801879883,701100,0.0,0.0
2024-05-10 00:00:00,7.850831179409382,7.9016689005326715,7.821780954108644,7.872618675231934,418800,0.0,0.0
2024-05-13 00:00:00,7.901668143543618,7.930718366061311,7.785467253472849,7.821780204772949,481700,0.0,0.0
2024-05-14 00:00:00,7.901668444320536,7.930718667944024,7.8217805025089335,7.865355491638184,472200,0.0,0.0
2024-05-15 00:00:00,7.959769419169911,8.00334510379948,7.916193734540341,7.974294185638428,454600,0.0,0.0
2024-05-16 00:00:00,7.9525061695997215,8.017869345963845,7.9379814040810075,7.988819122314453,363200,0.0,0.0
2024-05-17 00:00:00,8.010607526780182,8.010607526780182,7.945244342991808,8.003345489501953,393400,0.0,0.0
2024-05-20 00:00:00,7.9888185865404475,8.010606079663312,7.879880428314209,7.879880428314209,529700,0.0,0.0
2024-05-21 00:00:00,7.894406171054486,7.923456396355224,7.858093216275563,7.872618675231934,414700,0.0,0.0
2024-05-22 00:00:00,7.850831179409382,7.930719125833409,7.850831179409382,7.872618675231934,451500,0.0,0.0
2024-05-23 00:00:00,7.894405960926286,7.908931419496028,7.654741435421435,7.6765289306640625,675100,0.0,0.0
2024-05-24 00:00:00,7.6910542903158445,7.763679504394531,7.654741336970513,7.763679504394531,462800,0.0,0.0
2024-05-28 00:00:00,7.814517333853992,7.814517333853992,7.662003495257164,7.669266223907471,567200,0.0,0.0
2024-05-29 00:00:00,7.5893785390094815,7.603903998118811,7.502227862189542,7.545803546905518,713700,0.0,0.0
2024-05-30 00:00:00,7.618427384971842,7.683790553902982,7.603902621104858,7.654740333557129,449100,0.0,0.0
2024-05-31 00:00:00,7.705578561014254,7.807254685326241,7.683791067451661,7.770941734313965,778700,0.0,0.0
2024-06-03 00:00:00,7.850831282438913,7.850831282438913,7.778205371927968,7.785468101501465,494400,0.0,0.0
2024-06-04 00:00:00,7.734629437850511,7.8145180753605405,7.712841942444135,7.727367401123047,424800,0.0,0.0
2024-06-05 00:00:00,7.778204546613907,7.821780226819236,7.698316607618067,7.814517498016357,361100,0.0,0.0
2024-06-06 00:00:00,7.749154485127426,7.814517660488419,7.69831676767419,7.705578804016113,340900,0.0,0.0
2024-06-07 00:00:00,7.611166000366212,7.662004414405106,7.589378504413547,7.611166000366211,462700,0.0,0.0
2024-06-10 00:00:00,7.553065549417767,7.647478955361991,7.531278053465104,7.611166000366211,436500,0.0,0.0
2024-06-11 00:00:00,7.553064064121393,7.560326792214748,7.50222635269165,7.50222635269165,765200,0.0,0.0
2024-06-12 00:00:00,7.6910537961765035,7.836304907613675,7.6910537961765035,7.770941734313965,1149000,0.0,0.0
2024-06-13 00:00:00,7.741890288628713,7.872616614570349,7.727365526086211,7.850829124450684,881400,0.0,0.0
2024-06-14 00:00:00,7.807255191751331,7.9234560884385505,7.799992462555386,7.887143135070801,493000,0.0,0.0
2024-06-17 00:00:00,7.850830733132831,7.996081851379792,7.843568004067492,7.988819122314453,629100,0.0,0.0
2024-06-18 00:00:00,8.010606511905932,8.02513196984623,7.908931076771671,7.952506065368652,513100,0.0,0.0
2024-06-20 00:00:00,7.901668347801522,8.010606511905932,7.901668347801522,7.952506065368652,457900,0.0,0.0
2024-06-21 00:00:00,7.981556244129182,7.981556244129182,7.908931032668546,7.967031478881836,1038500,0.0,0.0
2024-06-24 00:00:00,7.959769294301879,8.046919969581841,7.937981798634889,7.945243835449219,488400,0.0,0.0
2024-06-25 00:00:00,7.952506564875549,7.974294060542539,7.916193610355898,7.945243835449219,493700,0.0,0.0
2024-06-26 00:00:00,7.8726175461898436,7.937980716895523,7.850830053491919,7.916192531585693,475900,0.0,0.0
2024-06-27 00:00:00,7.923455108732931,7.945242601014848,7.821779683009389,7.894404888153076,1295600,0.0,0.0
2024-06-28 00:00:00,7.961941557208163,8.021974991490874,7.879395763983182,7.98445463180542,1498200,0.35,0.0
2024-07-01 00:00:00,7.954438866903386,7.961942510345758,7.796850904132401,7.8643879890441895,1140700,0.0,0.0
2024-07-02 00:00:00,7.86438875343336,7.976952003870546,7.834372029781139,7.954439640045166,505700,0.0,0.0
2024-07-03 00:00:00,7.954440694329746,7.9919610671266295,7.894407239068446,7.909415245056152,368800,0.0,0.0
2024-07-05 00:00:00,7.909413545680872,7.954438985280534,7.871892465290334,7.924422264099121,398000,0.0,0.0
2024-07-08 00:00:00,7.93943176989389,7.999465223621784,7.93943176989389,7.946936130523682,544000,0.0,0.0
2024-07-09 00:00:00,7.931924840066808,8.029479349689959,7.901908122925452,7.98445463180542,497300,0.0,0.0
2024-07-10 00:00:00,8.02197643089946,8.179564403081832,7.999464067917726,8.157052040100098,629500,0.0,0.0
2024-07-11 00:00:00,8.254606357342453,8.44971540663686,8.217085276223512,8.434706687927246,1060200,0.0,0.0
2024-07-12 00:00:00,8.50224389129636,8.577286048242833,8.457219169652513,8.494739532470703,1274500,0.0,0.0
2024-07-15 00:00:00,8.524757835998297,8.644825452551947,8.48723746620891,8.59229564666748,855800,0.0,0.0
2024-07-16 00:00:00,8.66733633065202,8.832428648892979,8.622310892711738,8.794907569885254,723200,0.0,0.0
2024-07-17 00:00:00,8.70485892162772,8.854942548071952,8.70485892162772,8.749883651733398,924200,0.0,0.0
2024-07-18 00:00:00,8.727370985559942,8.81742115831948,8.524757560109615,8.554774284362793,624700,0.0,0.0
2024-07-19 00:00:00,8.55477346477003,8.637319985299245,8.494740022015195,8.547269821166992,582000,0.0,0.0
2024-07-22 00:00:00,8.59979922913337,8.629815951643316,8.48723669863485,8.62231159210205,713300,0.0,0.0
2024-07-23 00:00:00,8.584790510050839,8.704858115745738,8.584790510050839,8.62231159210205,625300,0.0,0.0
2024-07-24 00:00:00,8.51725433132306,8.592295787789514,8.29963289095652,8.307136535644531,853700,0.0,0.0
2024-07-25 00:00:00,8.359665918216729,8.449716090800383,8.217085941551245,8.224590301513672,817100,0.0,0.0
2024-07-26 00:00:00,8.352160528253606,8.434706330695162,8.314639448723783,8.374672889709473,604100,0.0,0.0
2024-07-29 00:00:00,8.419699793826998,8.48723760560544,8.307136535644531,8.307136535644531,633800,0.0,0.0
2024-07-30 00:00:00,8.35966482786995,8.532260790563226,8.352160468886312,8.52475643157959,914800,0.0,0.0
2024-07-31 00:00:00,8.56227862004857,8.629816428340407,8.389682634996236,8.397186279296875,856600,0.0,0.0
2024-08-01 00:00:00,8.412195112135299,8.457220556819339,8.172061315567529,8.232094764709473,672400,0.0,0.0
2024-08-02 00:00:00,8.089513956304035,8.17956412077816,7.99946379182991,8.11953067779541,767300,0.0,0.0
2024-08-05 00:00:00,7.811859782704596,7.991960127309536,7.661776162200479,7.84187650680542,1188700,0.0,0.0
2024-08-06 00:00:00,7.85688515763935,8.119531312299706,7.841876437893253,8.044489860534668,1283000,0.0,0.0
2024-08-07 00:00:00,8.157052820063024,8.262111716781854,8.1045237295312,8.127036094665527,884600,0.0,0.0
2024-08-08 00:00:00,8.367170049861132,8.637321299001925,8.149548607861714,8.607304573059082,1434800,0.0,0.0
2024-08-09 00:00:00,8.674841147867529,8.832429115501142,8.629815707548598,8.742378234863281,1180100,0.0,0.0
2024-08-12 00:00:00,8.757386839978148,8.764891199209854,8.539765431844243,8.562277793884277,924500,0.0,0.0
2024-08-13 00:00:00,8.637321142555065,8.779900409287253,8.60730441715591,8.734875679016113,659200,0.0,0.0
2024-08-14 00:00:00,8.787403031459137,8.787403031459137,8.712360874976515,8.764890670776367,532900,0.0,0.0
2024-08-15 00:00:00,8.862445831298828,8.914974915256915,8.764891307051599,8.862445831298828,1014500,0.0,0.0
2024-08-16 00:00:00,8.832429255609862,8.952496144158168,8.832429255609862,8.907470703125,755600,0.0,0.0
2024-08-19 00:00:00,8.937488798035744,8.99752225153087,8.92998443743505,8.990017890930176,622800,0.0,0.0
2024-08-20 00:00:00,8.97500901040884,8.982513370277934,8.839933395385742,8.839933395385742,511400,0.0,0.0
2024-08-21 00:00:00,8.907470703125,8.929983065814032,8.862445977746939,8.907470703125,583600,0.0,0.0
2024-08-22 00:00:00,8.86994951814203,8.937487321076935,8.86994951814203,8.8999662399292,426500,0.0,0.0
2024-08-23 00:00:00,8.975009517527171,9.102580779889383,8.944992792009897,9.05005168914795,649000,0.0,0.0
2024-08-26 00:00:00,9.125092361162693,9.237655608923378,9.08006763458252,9.08006763458252,614900,0.0,0.0
2024-08-27 00:00:00,9.072563347317633,9.117588074257027,9.04254662413966,9.102580070495605,314900,0.0,0.0
2024-08-28 00:00:00,9.0800676343869,9.275175975655324,9.0800676343869,9.252663612365723,811400,0.0,0.0
2024-08-29 00:00:00,9.305193831178629,9.33521055776997,9.245160377995944,9.282681465148926,796000,0.0,0.0
2024-08-30 00:00:00,9.29768911561242,9.402747288756713,9.237655669342784,9.395243644714355,898700,0.0,0.0
2024-09-03 00:00:00,9.342713781179254,9.387739223413583,9.207638885786519,9.252663612365723,775100,0.0,0.0
2024-09-04 00:00:00,9.245158149318181,9.312695946781552,9.177620351854811,9.207637786865234,653200,0.0,0.0
2024-09-05 00:00:00,9.267672331662208,9.305192698593167,9.200134526138276,9.252663612365723,854000,0.0,0.0
2024-09-06 00:00:00,9.27517572483149,9.327705525293524,9.15510883632702,9.20013427734375,587600,0.0,0.0
2024-09-09 00:00:00,9.25266353956511,9.305192625379252,9.207638813340164,9.230151176452637,731300,0.0,0.0
2024-09-10 00:00:00,9.260167550609209,9.357722074631546,9.200134107465479,9.342713356018066,721800,0.0,0.0
2024-09-11 00:00:00,9.32020102396971,9.387738826639145,9.200134137292983,9.327705383300781,1082300,0.0,0.0
2024-09-12 00:00:00,9.357723121386522,9.552831475600923,9.357723121386522,9.522814750671387,791900,0.0,0.0
2024-09-13 00:00:00,9.620368176391302,9.777956143015492,9.567839092734935,9.770452499389648,1024400,0.0,0.0
2024-09-16 00:00:00,9.837991069153688,9.928041247135837,9.747940891171538,9.860504150390625,1113500,0.0,0.0
2024-09-17 00:00:00,9.950553051908296,9.965561055152483,9.82298180388472,9.837989807128906,837100,0.0,0.0
2024-09-18 00:00:00,9.86800765991211,9.95805855231536,9.800470564092455,9.86800765991211,1235400,0.0,0.0
2024-09-19 00:00:00,10.093132695807503,10.093132695807503,9.830486545748652,9.883015632629395,856900,0.0,0.0
2024-09-20 00:00:00,9.830487758236453,9.90552921794236,9.747941222208166,9.76294994354248,1795000,0.0,0.0
2024-09-23 00:00:00,9.815477184513107,9.830485903014958,9.590351416570954,9.61286449432373,741100,0.0,0.0
2024-09-24 00:00:00,9.68040133929309,9.79296457828561,9.657888977756613,9.732931137084961,661900,0.0,0.0
2024-09-25 00:00:00,9.717923976505146,9.777957427327705,9.650386165415972,9.67289924621582,843300,0.0,0.0
2024-09-26 00:00:00,9.792965615342439,9.800469975200986,9.575344189030615,9.58284854888916,966500,0.0,0.0
2024-09-27 00:00:00,9.675436630493602,9.690868302125335,9.57513297235514,9.667720794677734,845600,0.35,0.0
2024-09-30 00:00:00,9.613710407995862,9.82974863743888,9.613710407995862,9.81431770324707,652300,0.0,0.0
2024-10-01 00:00:00,9.829751157063685,9.837466994048626,9.521125035893206,9.551987648010254,687600,0.0,0.0
2024-10-02 00:00:00,9.490259367714998,9.528837804393925,9.389955726678775,9.420818328857422,744800,0.0,0.0
2024-10-03 00:00:00,9.39767373163263,9.428536340939194,9.305085903712929,9.405388832092285,644300,0.0,0.0
2024-10-04 00:00:00,9.451682232290866,9.482544838718503,9.32823180658031,9.428535461425781,570700,0.0,0.0
2024-10-07 00:00:00,9.436250632486647,9.436250632486647,9.243359156900352,9.281937599182129,1150700,0.0,0.0
2024-10-08 00:00:00,9.351377756699817,9.474828171575457,9.289652549261998,9.436249732971191,573300,0.0,0.0
2024-10-09 00:00:00,9.474828171575457,9.490259841346168,9.397672030189439,9.436249732971191,605900,0.0,0.0
2024-10-10 00:00:00,9.359093328530582,9.451681137084961,9.305083957496151,9.451681137084961,500800,0.0,0.0
2024-10-11 00:00:00,9.47482900315595,9.47482900315595,9.35909441300795,9.428535461425781,579700,0.0,0.0
2024-10-14 00:00:00,9.451681947997775,9.590564040656062,9.42081934249844,9.575132369995117,453700,0.0,0.0
2024-10-15 00:00:00,9.590564718765014,9.737161921296495,9.559702111083512,9.690868377685547,496100,0.0,0.0
2024-10-16 00:00:00,9.783455099040925,9.860611241645026,9.729444989813276,9.81431770324707,927000,0.0,0.0
2024-10-17 00:00:00,9.79116978856871,9.806601457937393,9.729444582738966,9.752592086791992,434800,0.0,0.0
2024-10-18 00:00:00,9.752593651168592,9.783456259034018,9.721731043303166,9.744877815246582,328500,0.0,0.0
2024-10-21 00:00:00,9.744878127612564,9.744878127612564,9.490261420605567,9.497977256774902,533000,0.0,0.0
2024-10-22 00:00:00,9.505692842275977,9.505692842275977,9.389958237119584,9.413105010986328,465700,0.0,0.0
2024-10-23 00:00:00,9.35137939453125,9.397673676129005,9.258791567158383,9.35137939453125,538800,0.0,0.0
2024-10-24 00:00:00,9.359093191377148,9.474827766418457,9.343661522266316,9.474827766418457,376300,0.0,0.0
2024-10-25 00:00:00,9.551986778165462,9.551986778165462,9.389957895350324,9.405388832092285,369100,0.0,0.0
2024-10-28 00:00:00,9.428535521350826,9.5442701122344,9.382241243503845,9.482544898986816,888100,0.0,0.0
2024-10-29 00:00:00,9.39767263273461,9.714014525091775,9.30508481564148,9.629141807556152,1122000,0.0,0.0
2024-10-30 00:00:00,9.629140998775766,9.837464121604544,9.629140998775766,9.706297874450684,883100,0.0,0.0
2024-10-31 00:00:00,9.71401481657655,9.752593258811936,9.474829063375221,9.482544898986816,709100,0.0,0.0
2024-11-01 00:00:00,9.551984712688833,9.644572520587777,9.359093262277078,9.397671699523926,1008800,0.0,0.0
2024-11-04 00:00:00,9.389957219754084,9.575132862270317,9.389957219754084,9.45939826965332,741100,0.0,0.0
2024-11-05 00:00:00,9.428535380822106,9.528839034810089,9.420819545325514,9.505691528320312,651100,0.0,0.0
2024-11-06 00:00:00,9.451682129595575,9.721730484770191,8.772704059742246,8.818998336791992,3435000,0.0,0.0
2024-11-07 00:00:00,8.927016742333844,9.050467161892431,8.842144762842953,8.911585807800293,1617600,0.0,0.0
2024-11-08 00:00:00,8.919301438757135,9.011889251306131,8.849860395389754,8.880722999572754,1182400,0.0,0.0
2024-11-11 00:00:00,8.903870440984894,9.011889931691984,8.880723670055724,8.927017211914062,852700,0.0,0.0
2024-11-12 00:00:00,8.927017244941291,8.927017244941291,8.57209690081642,8.595244407653809,1266000,0.0,0.0
2024-11-13 00:00:00,8.649252538277,8.718693577132234,8.533517964066597,8.54123306274414,991100,0.0,0.0
2024-11-14 00:00:00,8.548949789656035,8.618390835760113,8.456361973458115,8.487224578857422,1150400,0.0,0.0
2024-11-15 00:00:00,8.525803833950205,8.541234770212549,8.45636278121309,8.510372161865234,671800,0.0,0.0
2024-11-18 00:00:00,8.487224981584962,8.56438186665568,8.440930703378013,8.5489501953125,851300,0.0,0.0
2024-11-19 00:00:00,8.45636278121309,8.525803833950205,8.45636278121309,8.510372161865234,1070500,0.0,0.0
2024-11-20 00:00:00,8.479509854754166,8.487225691070758,8.325196807535592,8.363775253295898,1296800,0.0,0.0
2024-11-21 00:00:00,8.36377409570339,8.448646075971192,8.33291149053123,8.433215141296387,743500,0.0,0.0
2024-11-22 00:00:00,8.464077668825905,8.610674858093262,8.464077668825905,8.610674858093262,536000,0.0,0.0
2024-11-25 00:00:00,8.680117065227321,8.749558119480763,8.587529238163613,8.641538619995117,1350100,0.0,0.0
2024-11-26 00:00:00,8.587528839392716,8.63382238286356,8.533519460069195,8.579813003540039,824500,0.0,0.0
2024-11-27 00:00:00,8.602957725524902,8.703261360243415,8.595242627333041,8.602957725524902,598100,0.0,0.0
2024-11-29 00:00:00,8.656969543983754,8.68011631479288,8.572096824645996,8.572096824645996,447700,0.0,0.0
2024-12-02 00:00:00,8.56438221018763,8.633822526549537,8.494941158003101,8.556666374206543,929000,0.0,0.0
2024-12-03 00:00:00,8.548949789656035,8.595244065666273,8.471792908246492,8.487224578857422,708500,0.0,0.0
2024-12-04 00:00:00,8.471793660462698,8.518087940583435,8.42550011616458,8.4563627243042,1140700,0.0,0.0
2024-12-05 00:00:00,8.464077746468547,8.479508681143352,8.402352536124226,8.433215141296387,695700,0.0,0.0
2024-12-06 00:00:00,8.49494006994902,8.502655904941841,8.425499026658684,8.479508399963379,612300,0.0,0.0
2024-12-09 00:00:00,8.471793592929298,8.564382152432698,8.46407849282286,8.502656936645508,489400,0.0,0.0
2024-12-10 00:00:00,8.464077668710585,8.53351871366564,8.394636623755531,8.410067558288574,1028600,0.0,0.0
2024-12-11 00:00:00,8.448645386160607,8.479507988812914,8.394636015474694,8.4177827835083,1107600,0.0,0.0
2024-12-12 00:00:00,8.448647043765748,8.448647043765748,8.317480772803302,8.33291244506836,814400,0.0,0.0
2024-12-13 00:00:00,8.33291195996371,8.348342895507812,8.232608303547972,8.348342895507812,795500,0.0,0.0
2024-12-16 00:00:00,8.356058665557994,8.50265659909976,8.32519605888961,8.394637107849121,1080000,0.0,0.0
2024-12-17 00:00:00,8.394636417514556,8.487224229905735,8.240323396862594,8.278901100158691,1332400,0.0,0.0
2024-12-18 00:00:00,8.278902239677866,8.356059128535087,7.9085509391375055,7.939413547515869,1265200,0.0,0.0
2024-12-19 00:00:00,7.993422031432416,8.124588286280444,7.893118381500245,7.893118381500244,1044200,0.0,0.0
2024-12-20 00:00:00,7.831393713126878,8.109157912396602,7.785100170463653,8.016570091247559,2915300,0.0,0.0
2024-12-23 00:00:00,7.985707949997837,8.039717331529456,7.939413668811711,8.032001495361328,1175000,0.0,0.0
2024-12-24 00:00:00,8.032000602063318,8.18631362915039,8.024284766753325,8.18631362915039,581400,0.0,0.0
2024-12-26 00:00:00,8.124587886457972,8.186313093252101,8.070578514468735,8.116872787475586,998100,0.0,0.0
2024-12-27 00:00:00,8.101441319131785,8.15545069246279,7.9934218366472525,8.047431945800781,755700,0.0,0.0
2024-12-30 00:00:00,7.993422870588967,7.993422870588967,7.839109829809763,7.885404109954834,1473800,0.0,0.0
2024-12-31 00:00:00,7.973285296998552,8.149049322539128,7.893393112236914,8.141059875488281,1581900,0.35,0.0
2025-01-02 00:00:00,8.188995195889085,8.252909243781804,8.07714523111905,8.165027618408203,956400,0.0,0.0
2025-01-03 00:00:00,8.228941566528993,8.308833744468464,8.188995096601488,8.26089859008789,1691700,0.0,0.0
2025-01-06 00:00:00,8.252908712400048,8.268887604302167,8.117091178894043,8.117091178894043,1248700,0.0,0.0
2025-01-07 00:00:00,8.133071575139478,8.22095321110976,7.965296988712111,8.029211044311523,1523900,0.0,0.0
2025-01-08 00:00:00,7.981275438032549,8.013232467099035,7.893393798578633,7.9493184089660645,1434300,0.0,0.0
2025-01-10 00:00:00,7.829478504525797,7.837467951010165,7.597789889887992,7.629746913909912,1387200,0.0,0.0
2025-01-13 00:00:00,7.669693945139351,7.669693945139351,7.477951025074161,7.613768577575684,1647500,0.0,0.0
2025-01-14 00:00:00,7.669693472134428,7.941327798469647,7.637736447747017,7.877413749694824,1391700,0.0,0.0
2025-01-15 00:00:00,8.069156288764939,8.093123865480072,7.9573063275684355,8.045187950134277,719800,0.0,0.0
2025-01-16 00:00:00,8.03719970218475,8.125081329521748,8.029210255540779,8.053177833557129,904300,0.0,0.0
2025-01-17 00:00:00,8.133070695414576,8.157038273192958,8.037199622385485,8.069156646728516,652900,0.0,0.0
2025-01-21 00:00:00,8.085135269963574,8.165028216640819,8.077145822912728,8.141059875488281,487800,0.0,0.0
2025-01-22 00:00:00,8.125080640267704,8.125080640267704,8.021220128453294,8.037199020385742,493800,0.0,0.0
2025-01-23 00:00:00,8.04518855116429,8.125081495403983,8.037199866272788,8.07714557647705,550000,0.0,0.0
2025-01-24 00:00:00,8.061166503032947,8.244919186635519,8.061166503032947,8.13306999206543,488900,0.0,0.0
2025-01-27 00:00:00,8.157037891439149,8.324812451867006,8.141058999057675,8.31682300567627,793100,0.0,0.0
2025-01-28 00:00:00,8.284867317202185,8.332803240151716,8.17301733826371,8.204975128173828,550900,0.0,0.0
2025-01-29 00:00:00,8.228941491894089,8.260898515163142,8.037199352279774,8.085134506225586,595000,0.0,0.0
2025-01-30 00:00:00,8.18100632467893,8.31682387647999,8.13307116634656,8.276877403259277,829000,0.0,0.0
2025-01-31 00:00:00,8.252909639349603,8.4446517922181,8.252909639349603,8.388727188110352,1412700,0.0,0.0
2025-02-03 00:00:00,8.22894165194643,8.356769747508887,8.22095220549489,8.3008451461792,1142200,0.0,0.0
2025-02-04 00:00:00,8.2928552557841,8.468619258731033,8.204973635268388,8.428672790527344,746500,0.0,0.0
2025-02-05 00:00:00,8.468619346618652,8.516554499428146,8.420683431893641,8.468619346618652,717500,0.0,0.0
2025-02-06 00:00:00,8.524544094400282,8.63639405610155,8.50856520190773,8.572479248046875,726400,0.0,0.0
2025-02-07 00:00:00,8.572479081484563,8.588457973666644,8.468619329963083,8.548511505126953,762100,0.0,0.0
2025-02-10 00:00:00,8.556500602414832,8.59644706932612,8.45264009321168,8.58046817779541,619100,0.0,0.0
2025-02-11 00:00:00,8.532533895841336,8.628404969041002,8.524544449262475,8.596447944641113,659400,0.0,0.0
2025-02-12 00:00:00,8.492586834887044,8.508564965019216,8.348779854119963,8.428672790527344,1372500,0.0,0.0
2025-02-13 00:00:00,8.492588125032071,8.540523284626126,8.436663518200465,8.5325345993042,910800,0.0,0.0
2025-02-14 00:00:00,8.540522928411653,8.636394767432316,8.484598323912591,8.508565902709961,1523600,0.0,0.0
2025-02-18 00:00:00,8.524544588422907,8.572479744847485,8.220952470710145,8.228941917419434,2298600,0.0,0.0
2025-02-19 00:00:00,7.989263585978178,8.340790848518376,7.989263585978178,8.244919776916504,2486200,0.0,0.0
2025-02-20 00:00:00,8.228942244926907,8.340791455646174,8.18100632467893,8.276877403259277,1886000,0.0,0.0
2025-02-21 00:00:00,8.33280243889345,8.42068406694889,8.165027867576281,8.228941917419434,1475600,0.0,0.0
2025-02-24 00:00:00,8.236930576689526,8.30883330445259,8.196984108877489,8.252908706665039,872800,0.0,0.0
2025-02-25 00:00:00,8.284865302774026,8.45263984943028,8.276875857239094,8.436661720275879,1172400,0.0,0.0
2025-02-26 00:00:00,8.452641404136882,8.5325343503501,8.380737904928106,8.412694931030273,758700,0.0,0.0
2025-02-27 00:00:00,8.388726487826592,8.492587002439068,8.364758911197718,8.452640533447266,745500,0.0,0.0
2025-02-28 00:00:00,8.46062955231286,8.55650061590177,8.452640106534911,8.50057601928711,2059700,0.0,0.0
2025-03-03 00:00:00,8.468619355137033,8.508565061879954,8.29285535018922,8.332801818847656,1128400,0.0,0.0
2025-03-04 00:00:00,8.228942221421716,8.5325343503501,8.149049275208498,8.412694931030273,1260800,0.0,0.0
2025-03-05 00:00:00,8.412695095438337,8.532534517100167,8.412695095438337,8.49258804321289,815300,0.0,0.0
2025-03-06 00:00:00,8.540521724345876,8.70829627610534,8.468618998090806,8.50057601928711,1390400,0.0,0.0
2025-03-07 00:00:00,8.532534385265949,8.812158174325251,8.500577359033013,8.724276542663574,916000,0.0,0.0
2025-03-10 00:00:00,8.700308362806352,8.844114589968516,8.628404868267493,8.6923189163208,1262600,0.0,0.0
2025-03-11 00:00:00,8.708296447217522,8.724275339087392,8.41269380486445,8.524543762207031,1129500,0.0,0.0
2025-03-12 00:00:00,8.572480311660703,8.580469758898255,8.452641650759942,8.5325345993042,1112000,0.0,0.0
2025-03-13 00:00:00,8.532534517100167,8.66835207116754,8.49258804321289,8.49258804321289,655700,0.0,0.0
2025-03-14 00:00:00,8.580468441650337,8.700307846069336,8.524543843404109,8.700307846069336,824600,0.0,0.0
2025-03-17 00:00:00,8.660361109056437,8.764221618228868,8.628404087919957,8.716285705566406,1421900,0.0,0.0
2025-03-18 00:00:00,8.716285525798227,8.812156587230383,8.684328505320842,8.772210121154785,656500,0.0,0.0
2025-03-19 00:00:00,8.788190240274588,8.804169133703654,8.684329718732384,8.756233215332031,638300,0.0,0.0
2025-03-20 00:00:00,8.700307319272476,8.852102974713489,8.700307319272476,8.788188934326172,711400,0.0,0.0
2025-03-21 00:00:00,8.772210654070744,8.852103591075474,8.668350902646312,8.68432903289795,2206100,0.0,0.0
2025-03-24 00:00:00,8.764223698813904,8.780201832217536,8.676341298389106,8.740255355834961,953600,0.0,0.0
2025-03-25 00:00:00,8.764222324174266,8.78818990147831,8.612425890112391,8.652372360229492,1057100,0.0,0.0
2025-03-26 00:00:00,8.644382230917985,8.644382230917985,8.500576016538854,8.636393547058105,1463800,0.0,0.0
2025-03-27 00:00:00,8.644382220087275,8.70030757852927,8.564490048180186,8.58046817779541,833900,0.0,0.0
2025-03-28 00:00:00,8.596446821397201,8.596446821397201,8.340789897687623,8.436661720275879,1342800,0.0,0.0
2025-03-31 00:00:00,8.387036163874402,8.544189349065865,8.221610762022197,8.48629093170166,1165900,0.36,0.0
2025-04-01 00:00:00,8.453205696117259,8.593816809201517,8.428391413474097,8.560731887817383,981100,0.0,0.0
2025-04-02 00:00:00,8.486290137632617,8.569002042012523,8.43666236395931,8.511103630065918,1020900,0.0,0.0
2025-04-03 00:00:00,8.312594311916724,8.478018913442053,8.279509391611658,8.378764152526855,1672800,0.0,0.0
2025-04-04 00:00:00,8.229881472639486,8.254694965232103,7.849404501390295,7.9238457679748535,2128600,0.0,0.0
2025-04-07 00:00:00,7.65916647401219,8.014829166826692,7.311774419593031,7.386215686798096,3337200,0.0,0.0
2025-04-08 00:00:00,7.609538902274566,7.634352395734884,6.997467471541815,7.0801801681518555,2889400,0.0,0.0
2025-04-09 00:00:00,6.989195725288747,7.6674377556537605,6.608718758091149,7.609538555145264,6832600,0.0,0.0
2025-04-10 00:00:00,7.468927714002593,7.468927714002593,6.633533273161579,6.765872955322266,3788800,0.0,0.0
2025-04-11 00:00:00,6.790686659544351,6.856856502680903,6.49292197102649,6.757601737976074,6092500,0.0,0.0
2025-04-14 00:00:00,6.939568437664642,7.187704927728759,6.939568437664642,7.1298065185546875,2722000,0.0,0.0
2025-04-15 00:00:00,7.096722552819621,7.2869614480413984,6.997467785715257,7.1794352531433105,2259000,0.0,0.0
2025-04-16 00:00:00,7.162891704913002,7.245604397238474,7.088450439581415,7.138078212738037,1305000,0.0,0.0
2025-04-17 00:00:00,7.162891474999572,7.468927164690023,7.146349410349459,7.427570819854736,1177100,0.0,0.0
2025-04-21 00:00:00,7.3200463160630855,7.361401877111122,7.15462091664388,7.336588382720947,1145000,0.0,0.0
2025-04-22 00:00:00,7.444113658269028,7.708793002589349,7.427570804845675,7.683979511260986,1325300,0.0,0.0
2025-04-23 00:00:00,7.84113267474951,7.907303299636257,7.659166019932623,7.683979511260986,1278600,0.0,0.0
2025-04-24 00:00:00,7.708794063764208,7.799778192503985,7.6095392959809045,7.741878986358643,927800,0.0,0.0
2025-04-25 00:00:00,7.766692695995468,7.890760949354971,7.69225142845708,7.857676029205322,1006200,0.0,0.0
2025-04-28 00:00:00,7.907303610299157,8.072728206998574,7.899032183262512,8.039643287658691,939900,0.0,0.0
2025-04-29 00:00:00,8.039644183732074,8.238153721896623,8.014829899856416,8.196797370910645,1062000,0.0,0.0
2025-04-30 00:00:00,8.05618467434011,8.163710850339307,7.9073029442545275,8.122354507446289,1711900,0.0,0.0
2025-05-01 00:00:00,8.163712451886106,8.25469579305444,8.047914826829949,8.072729110717773,1007900,0.0,0.0
2025-05-02 00:00:00,8.163711033669978,8.296050702854256,8.138897542899588,8.246423721313477,1034500,0.0,0.0
2025-05-05 00:00:00,8.188525942952092,8.246425149855176,8.138898952814348,8.196797370910645,935600,0.0,0.0
2025-05-06 00:00:00,8.105812985656778,8.171982823188126,7.708793171662015,7.758420944213867,2034200,0.0,0.0
2025-05-07 00:00:00,7.750150259863224,7.907304230662118,7.725336765613258,7.766693115234375,1348500,0.0,0.0
2025-05-08 00:00:00,7.849404920346336,7.932117618478729,7.7915065049377095,7.832862854003906,1451700,0.0,0.0
2025-05-09 00:00:00,7.890761269412533,7.907304124561711,7.774963649788531,7.832862854003906,1724000,0.0,0.0
2025-05-12 00:00:00,8.01482926079221,8.047914181181602,7.915574499624037,7.948659420013428,2286900,0.0,0.0
2025-05-13 00:00:00,8.006559000243836,8.056185988767167,7.915574873273126,7.940389156341553,1332400,0.0,0.0
2025-05-14 00:00:00,7.899032008890081,7.965201846109138,7.8411328097183945,7.915574073791504,1158300,0.0,0.0
2025-05-15 00:00:00,7.948659226355173,8.14716953266181,7.932117160966864,8.130626678466797,1296000,0.0,0.0
2025-05-16 00:00:00,8.155439423999377,8.221609257105555,8.10581244357306,8.122354507446289,768900,0.0,0.0
2025-05-19 00:00:00,8.01482964274375,8.138898691721595,7.932117732231948,8.11408519744873,821000,0.0,0.0
2025-05-20 00:00:00,8.10581382172229,8.221610654942545,8.10581382172229,8.205068588256836,885300,0.0,0.0
2025-05-21 00:00:00,8.105813317568797,8.105813317568797,7.708793487317102,7.733607769012451,1302200,0.0,0.0
2025-05-22 00:00:00,7.683980569020076,7.832863115098419,7.510284528197602,7.741878986358643,1079200,0.0,0.0
2025-05-23 00:00:00,7.659166709627696,7.774963538791813,7.642623854714687,7.72533655166626,853800,0.0,0.0
2025-05-27 00:00:00,7.832862797504217,7.8411334362124,7.708793751200557,7.816319942474365,1418600,0.0,0.0
2025-05-28 00:00:00,7.733608085282812,7.865947771176579,7.708793802572669,7.7832350730896,961800,0.0,0.0
2025-05-29 00:00:00,7.841133492771746,7.899032696987121,7.766693011020691,7.832862854003906,909800,0.0,0.0
2025-05-30 00:00:00,7.791506446005591,7.791506446005591,7.692251682281495,7.692251682281494,1071900,0.0,0.0
2025-06-02 00:00:00,7.675709033887702,7.700523317091785,7.609539189623678,7.634352684020996,959100,0.0,0.0
2025-06-03 00:00:00,7.650895646425642,7.832863115098419,7.6095392959809045,7.741878986358643,1371600,0.0,0.0
2025-06-04 00:00:00,7.741878728296924,7.841133492771746,7.700523168037476,7.832862854003906,626300,0.0,0.0
2025-06-05 00:00:00,7.8576759720336,7.965202158939286,7.808048197766856,7.841133117675781,859300,0.0,0.0
2025-06-06 00:00:00,7.915574602061448,7.948659522879,7.824591267014865,7.8824896812438965,890500,0.0,0.0
2025-06-09 00:00:00,7.923846086363087,8.047914343118068,7.890761165307976,7.8990325927734375,1123200,0.0,0.0
2025-06-10 00:00:00,7.948658686037634,8.02309994724157,7.8824888513689455,7.990015029907227,818000,0.0,0.0
2025-06-11 00:00:00,8.064457845568674,8.081000701827875,7.965203074433876,7.973474502563477,773500,0.0,0.0
2025-06-12 00:00:00,7.965202913624223,8.114085461724029,7.940389418543185,8.072729110717773,1281900,0.0,0.0
2025-06-13 00:00:00,8.039642637565676,8.114083897262699,7.932116461204046,7.965201377868652,1257200,0.0,0.0
2025-06-16 00:00:00,8.006558137441083,8.072727974212771,7.8494041835033155,7.874218463897705,1215400,0.0,0.0
2025-06-17 00:00:00,7.832862581104398,7.915574487548333,7.758421313140152,7.77496337890625,1400200,0.0,0.0
2025-06-18 00:00:00,7.774963593706478,7.874219146272104,7.741878672453518,7.816319942474365,1081800,0.0,0.0
2025-06-20 00:00:00,7.849403381347656,7.882488296352447,7.766691488238976,7.849403381347656,3155200,0.0,0.0
2025-06-23 00:00:00,7.824590171577785,7.923844920134845,7.700521933083116,7.9073028564453125,2160500,0.0,0.0
2025-06-24 00:00:00,7.940388941294011,7.9900159284733085,7.849404816787402,7.8990325927734375,1793200,0.0,0.0
2025-06-25 00:00:00,7.857676029205322,7.915574442265528,7.816319681816583,7.857676029205322,1116300,0.0,0.0
2025-06-26 00:00:00,7.91557376870329,8.006557882977724,7.849403934034602,7.990015029907227,1261700,0.0,0.0
2025-06-27 00:00:00,8.006559426275075,8.047914989309474,7.932118150722276,7.973474502563477,2075100,0.0,0.0
2025-06-30 00:00:00,8.033618057999766,8.145314695737788,7.956288986175797,8.128130912780762,1605800,0.36,0.0
2025-07-01 00:00:00,8.067986398960617,8.27419670975277,8.007841110424371,8.188275337219238,1359400,0.0,0.0
2025-07-02 00:00:00,8.205461049337071,8.368710695943161,8.17109265955647,8.342934608459473,1250700,0.0,0.0
2025-07-03 00:00:00,8.282789954963443,8.428855813274934,8.282789954963443,8.3687105178833,964300,0.0,0.0
2025-07-07 00:00:00,8.27419670975277,8.385894166283588,8.171091554356694,8.188275337219238,1433900,0.0,0.0
2025-07-08 00:00:00,8.196867252139679,8.334340786190399,8.196867252139679,8.265604019165039,879100,0.0,0.0
2025-07-09 00:00:00,8.308565139770508,8.36011730804358,8.2226437667728,8.308565139770508,1230800,0.0,0.0
2025-07-10 00:00:00,8.162499773653236,8.231236548299862,8.085170697324035,8.145315170288086,2474700,0.0,0.0
2025-07-11 00:00:00,8.07657896868023,8.11953966073421,7.999250706271525,8.042210578918457,1381500,0.0,0.0
2025-07-14 00:00:00,8.016434370313712,8.07657884663622,7.982065981071274,7.990658283233643,1200100,0.0,0.0
2025-07-15 00:00:00,8.0164342870379,8.050802675923313,7.913329120381656,7.93051290512085,1017400,0.0,0.0
2025-07-16 00:00:00,7.947696641101645,8.04220949536068,7.921920557104987,8.007841110229492,1586900,0.0,0.0
2025-07-17 00:00:00,7.990657504704205,8.110946445629475,7.956289118810278,7.964881420135498,1096100,0.0,0.0
2025-07-18 00:00:00,7.999248751654126,8.042208613803812,7.853182926006029,7.904735088348389,979500,0.0,0.0
2025-07-21 00:00:00,7.956289118810278,8.025025890598133,7.90473613026591,7.964881420135498,763200,0.0,0.0
2025-07-22 00:00:00,7.973474520368235,8.119540394915028,7.964883036706222,8.093764305114746,977000,0.0,0.0
2025-07-23 00:00:00,8.110947564514378,8.153908257659845,8.076579173879416,8.136724472045898,816200,0.0,0.0
2025-07-24 00:00:00,8.076579698976479,8.179685696991843,8.067988215314466,8.093764305114746,1012500,0.0,0.0
2025-07-25 00:00:00,8.09376299900661,8.162499773653236,8.042210008318147,8.145315170288086,837400,0.0,0.0
2025-07-28 00:00:00,8.145314912731948,8.196867901790297,8.059394356843981,8.076578140258789,1007800,0.0,0.0
2025-07-29 00:00:00,8.093762354033313,8.162499123202464,8.050801668450863,8.15390682220459,762100,0.0,0.0
2025-07-30 00:00:00,8.162499298920501,8.179683901286193,7.930512083425325,7.947696685791016,1880600,0.0,0.0
2025-07-31 00:00:00,7.913328741121486,7.930512525037117,7.784447493829798,7.810223579406738,2262500,0.0,0.0
2025-08-01 00:00:00,7.818815533154247,7.887552304572165,7.758670243608356,7.8445916175842285,2167500,0.0,0.0
2025-08-04 00:00:00,7.878961081440945,7.904737169398097,7.775855910205277,7.896144866943359,1383000,0.0,0.0
2025-08-05 00:00:00,7.93051230230489,7.93910460372488,7.8274071434859005,7.878960132598877,1821800,0.0,0.0
2025-08-06 00:00:00,7.741487519793388,8.067987638409868,7.5438686603697285,7.896144866943359,2503600,0.0,0.0
2025-08-07 00:00:00,7.947696299662028,8.1367228194663,7.939103998896629,8.025025367736816,1449100,0.0,0.0
2025-08-08 00:00:00,8.093763275503388,8.093763275503388,7.999250411987305,7.999250411987305,957500,0.0,0.0
2025-08-11 00:00:00,7.9992508081158125,8.076579071509041,7.921921725315527,7.93910551071167,790700,0.0,0.0
2025-08-12 00:00:00,7.990657920533876,8.214052850173239,7.982065618761517,8.205460548400879,1153800,0.0,0.0
2025-08-13 00:00:00,8.222643683061177,8.411670210087564,8.214052201374425,8.394486427307129,1201900,0.0,0.0
2025-08-14 00:00:00,8.325748404761825,8.368709088587995,8.265603939049319,8.35152530670166,1076800,0.0,0.0
2025-08-15 00:00:00,8.334342002868652,8.39448729735125,8.31715821830721,8.334342002868652,811800,0.0,0.0
2025-08-18 00:00:00,8.317158141747754,8.368710314364565,8.23123676151039,8.239829063415527,714200,0.0,0.0
2025-08-19 00:00:00,8.265604623143089,8.463223457336426,8.248420839834557,8.463223457336426,969200,0.0,0.0
2025-08-20 00:00:00,8.454631325599648,8.531960400556848,8.403078335825857,8.47181510925293,902000,0.0,0.0
2025-08-21 00:00:00,8.411670603592444,8.44603899016803,8.317157745361328,8.317157745361328,667600,0.0,0.0
2025-08-22 00:00:00,8.385895132562078,8.703802936516496,8.368710528312475,8.669434547424316,1355300,0.0,0.0
2025-08-25 00:00:00,8.63506538297289,8.695209853631956,8.583512394260147,8.643657684326172,746100,0.0,0.0
2025-08-26 00:00:00,8.609289769705072,8.738171019433135,8.592105166057596,8.660841941833496,1277800,0.0,0.0
2025-08-27 00:00:00,8.660842467220126,8.72957924716576,8.600697989619462,8.617881774902344,811900,0.0,0.0
2025-08-28 00:00:00,8.669433939286828,8.720986109605334,8.592104864402092,8.652249336242676,518300,0.0,0.0
2025-08-29 00:00:00,8.66084137627214,8.772538834465777,8.643657593153785,8.763946533203125,896400,0.0,0.0
2025-09-02 00:00:00,8.652250038831992,8.695210730523938,8.531961085382992,8.583513259887695,1050000,0.0,0.0
2025-09-03 00:00:00,8.549143918078505,8.772538834465777,8.549143918078505,8.763946533203125,692500,0.0,0.0
2025-09-04 00:00:00,8.789722787557809,8.927197152197852,8.763946702678348,8.918604850769043,862300,0.0,0.0
2025-09-05 00:00:00,8.952972756537305,9.08185399342403,8.875643686642501,8.93578815460205,960800,0.0,0.0
2025-09-08 00:00:00,8.95297310737514,8.978749191881182,8.82409186543798,8.884236335754395,1341900,0.0,0.0
2025-09-09 00:00:00,8.858460208278405,8.935788461421431,8.763946533203125,8.763946533203125,1000400,0.0,0.0
2025-09-10 00:00:00,8.789723269479234,8.85846086527147,8.720986493094006,8.755354881286621,975700,0.0,0.0
2025-09-11 00:00:00,8.798314918846787,8.8412756057531,8.738170448822116,8.763946533203125,1355500,0.0,0.0
2025-09-12 00:00:00,8.76394596512048,8.832682731952257,8.65224851416712,8.686616897583008,835200,0.0,0.0
2025-09-15 00:00:00,8.73817114718793,8.73817114718793,8.63506598201665,8.695210456848145,1088100,0.0,0.0
2025-09-16 00:00:00,8.695210730523938,8.712395334963531,8.531961085382992,8.583513259887695,1769500,0.0,0.0
2025-09-17 00:00:00,8.574920269393537,8.669433947410994,8.463223627129775,8.47181510925293,1752200,0.0,0.0
2025-09-18 00:00:00,8.49759131354991,8.49759131354991,8.299972491677774,8.360116958618164,2172900,0.0,0.0
2025-09-19 00:00:00,8.394487154682759,8.489000016681949,8.34293416306056,8.48040771484375,4740800,0.0,0.0
2025-09-22 00:00:00,8.514775673551418,8.557736361169725,8.248420885250443,8.257012367248535,3115300,0.0,0.0
2025-09-23 00:00:00,8.265605149723934,8.325749624245883,8.23123676151039,8.239829063415527,2136400,0.0,0.0
2025-09-24 00:00:00,8.205460325098809,8.368709957296003,8.179684239890195,8.291380882263184,3694200,0.0,0.0
2025-09-25 00:00:00,8.257012847818794,8.308565839842617,8.188276071391707,8.239829063415527,1348000,0.0,0.0
2025-09-26 00:00:00,8.274196799609241,8.29997288388645,8.214052329826771,8.248420715332031,1095200,0.0,0.0
2025-09-29 00:00:00,8.291380800581884,8.291380800581884,8.102355085038234,8.196867942810059,2186400,0.0,0.0
2025-09-30 00:00:00,8.17008102679712,8.214726450479091,8.054004117380883,8.20579719543457,2460400,0.36,0.0
2025-10-01 00:00:00,8.161151460238738,8.321873770432237,8.125435296691236,8.295086860656738,2449300,0.0,0.0
2025-10-02 00:00:00,8.268300165487567,8.321873986429088,8.179009328530988,8.223654747009277,894100,0.0,0.0
2025-10-03 00:00:00,8.250441657480039,8.357590150903613,8.196867836538516,8.223654747009277,1156100,0.0,0.0
2025-10-06 00:00:00,8.170079761639826,8.205795924746539,7.9914989461062635,8.000428199768066,2301100,0.0,0.0
2025-10-07 00:00:00,7.982570641895337,8.054003828145557,7.946854474540526,8.009358406066895,2749900,0.0,0.0
2025-10-08 00:00:00,8.10757710617618,8.187938690185547,8.054003284530296,8.187938690185547,1199300,0.0,0.0
2025-10-09 00:00:00,8.20579539205033,8.277228565167022,8.161150829720508,8.170079231262207,2029900,0.0,0.0
2025-10-10 00:00:00,8.214725713219881,8.25044187865186,8.054003394546259,8.134364128112793,1511500,0.0,0.0
2025-10-13 00:00:00,8.134364124882643,8.223654964197406,8.036144882868845,8.152222633361816,960000,0.0,0.0
2025-10-14 00:00:00,8.098648579646767,8.268301017028428,8.08972017626401,8.2415132522583,1152300,0.0,0.0
2025-10-15 00:00:00,8.25937209313245,8.321875177019903,8.161152839660645,8.161152839660645,880700,0.0,0.0
2025-10-16 00:00:00,8.161151145413072,8.196867307582782,8.045073405476398,8.062931060791016,1344100,0.0,0.0
2025-10-17 00:00:00,8.062932008906271,8.116506684230886,8.009358185122233,8.089719772338867,1085400,0.0,0.0
2025-10-20 00:00:00,8.089720389205313,8.20579730010215,8.045074964953876,8.196868896484375,870300,0.0,0.0
2025-10-21 00:00:00,8.196868273327159,8.196868273327159,8.071861265234777,8.080790519714355,752000,0.0,0.0
2025-10-22 00:00:00,8.116507089493517,8.2415132522583,8.107577834570142,8.2415132522583,1380100,0.0,0.0
2025-10-23 00:00:00,8.179009547787903,8.214725713219881,8.07186105149197,8.134364128112793,965300,0.0,0.0
2025-10-24 00:00:00,8.170080291920826,8.25044187701194,8.143293380737305,8.143293380737305,738300,0.0,0.0
2025-10-27 00:00:00,8.16115188922002,8.179009546162183,8.089719558370263,8.143293380737305,693900,0.0,0.0
2025-10-28 00:00:00,8.143293489816871,8.143293489816871,8.071861158010277,8.107577323913574,643500,0.0,0.0
2025-10-29 00:00:00,8.107577653407475,8.18793924284095,8.000429151343042,8.009358406066895,1257400,0.0,0.0
2025-10-30 00:00:00,7.991499531187553,8.07186111694629,7.911137945428816,7.964712619781494,1610700,0.0,0.0
2025-10-31 00:00:00,7.946854369272636,8.071861379128869,7.8575643778386866,8.027215957641602,1709300,0.0,0.0
2025-11-03 00:00:00,8.027215846222262,8.098648178994162,7.9557835134503625,8.071861267089844,1111100,0.0,0.0
2025-11-04 00:00:00,8.027215630221312,8.187938800403542,8.027215630221312,8.143293380737305,1531200,0.0,0.0
2025-11-05 00:00:00,8.16115156444686,8.26830005645752,8.098647638785252,8.26830005645752,1406600,0.0,0.0
2025-11-06 00:00:00,8.036145318697853,8.214726155471908,7.946854474540526,8.009358406066895,1847500,0.0,0.0
2025-11-07 00:00:00,8.000428506158364,8.259370911483803,8.000428506158364,8.223654747009277,1997300,0.0,0.0
2025-11-10 00:00:00,8.214725383429949,8.304016219195484,8.161151563203044,8.277229309082031,1216500,0.0,0.0
2025-11-11 00:00:00,8.28615739548739,8.411164390484704,8.277228993483677,8.3665189743042,1067900,0.0,0.0
2025-11-12 00:00:00,8.402236201375008,8.429023113860605,8.277230042081815,8.348662376403809,1049500,0.0,0.0
2025-11-13 00:00:00,8.277229310343538,8.339732384464625,8.232583892453967,8.26830005645752,1057500,0.0,0.0
2025-11-14 00:00:00,8.277230158446221,8.3040170713084,8.134364636253181,8.286158561706543,901100,0.0,0.0
2025-11-17 00:00:00,8.277228775581657,8.295086430659454,8.11650562217915,8.125434875488281,1018100,0.0,0.0
2025-11-18 00:00:00,8.08971892538926,8.107576580934147,8.009357346586045,8.045073509216309,1206500,0.0,0.0
2025-11-19 00:00:00,8.080790631742376,8.089719886345746,8.00042904339322,8.036145210266113,1252600,0.0,0.0
2025-11-20 00:00:00,8.08972000188293,8.12543616926592,7.982570648193359,7.982570648193359,1112400,0.0,0.0
2025-11-21 00:00:00,8.018286269512892,8.196867945806625,8.009357866930639,8.179009437561035,1449300,0.0,0.0
2025-11-24 00:00:00,8.170079438953008,8.18793794557127,8.08971871379222,8.125434875488281,1245600,0.0,0.0
2025-11-25 00:00:00,8.187938671509698,8.518313409374233,8.187938671509698,8.509384155273438,1692000,0.0,0.0
2025-11-26 00:00:00,8.47366777456467,8.66117784820229,8.47366777456467,8.598674774169922,1260400,0.0,0.0
2025-11-28 00:00:00,8.616532431628816,8.643320193252741,8.54510010371272,8.58974552154541,490900,0.0,0.0
2025-12-01 00:00:00,8.518313406424758,8.562958825372732,8.446881076724216,8.527242660522461,1161800,0.0,0.0
2025-12-02 00:00:00,8.562957973791416,8.562957973791416,8.455809489896458,8.47366714477539,700500,0.0,0.0
2025-12-03 00:00:00,8.49152638989741,8.562958718708154,8.49152638989741,8.55402946472168,841000,0.0,0.0
2025-12-04 00:00:00,8.54510138297333,8.571889148607568,8.455811385481141,8.500456809997559,905200,0.0,0.0
2025-12-05 00:00:00,8.52724244874628,8.643320194511977,8.500455538658972,8.580816268920898,930400,0.0,0.0
2025-12-08 00:00:00,8.562958934308012,8.598675099612652,8.473668095276135,8.49152660369873,1000800,0.0,0.0
2025-12-09 00:00:00,8.545100427483895,8.571888190122799,8.437951931549929,8.482597351074219,791500,0.0,0.0
2025-12-10 00:00:00,8.500455536184699,8.64332019199612,8.500455536184699,8.598674774169922,1306300,0.0,0.0
2025-12-11 00:00:00,8.634390938122777,8.66117784820229,8.57188786409041,8.598674774169922,1036500,0.0,0.0
2025-12-12 00:00:00,8.616532536807835,8.679036463152771,8.554029462003427,8.571887969970703,1023600,0.0,0.0
2025-12-15 00:00:00,8.625461790791473,8.625461790791473,8.509384043625767,8.571887969970703,1047500,0.0,0.0
2025-12-16 00:00:00,8.57188722700111,8.580815628670347,8.464737891565697,8.47366714477539,1121800,0.0,0.0
2025-12-17 00:00:00,8.509383939754672,8.705823267294194,8.509383939754672,8.58974552154541,1623900,0.0,0.0
2025-12-18 00:00:00,8.661178368532294,8.804043032926469,8.661178368532294,8.74153995513916,1300800,0.0,0.0
2025-12-19 00:00:00,8.670106783841382,8.759397616216381,8.670106783841382,8.68796443939209,1846800,0.0,0.0
2025-12-22 00:00:00,8.71475303989806,8.821901538150016,8.687965276679645,8.759398460388184,1430400,0.0,0.0
2025-12-23 00:00:00,8.750468575285353,8.78618473879507,8.625461577231096,8.634390830993652,978300,0.0,0.0
2025-12-24 00:00:00,8.670106677866105,8.741539002276786,8.652248170993197,8.732609748840332,487400,0.0,0.0
2025-12-26 00:00:00,8.7415401754894,8.78618559712311,8.607604762128858,8.6701078414917,1011400,0.0,0.0
2025-12-29 00:00:00,8.687965719599145,8.705824229321863,8.571888812563925,8.60760498046875,1177300,0.0,0.0
2025-12-30 00:00:00,8.598675725607391,8.66117880655568,8.58974647074603,8.60760498046875,1445900,0.0,0.0
2025-12-31 00:00:00,8.626154688741723,8.718908507586614,8.589052984288886,8.635430335998535,1752500,0.36,0.0
2026-01-02 00:00:00,8.644705752573968,8.904418587963146,8.589053633972341,8.839489936828613,1304300,0.0,0.0
2026-01-05 00:00:00,8.811664051104069,8.83021534738636,8.653981571002562,8.793112754821777,1883300,0.0,0.0
2026-01-06 00:00:00,8.774561349724046,8.830214347695813,8.644704944172851,8.756010055541992,1757600,0.0,0.0
2026-01-07 00:00:00,8.802387900546709,8.820939195770144,8.700358430541147,8.737460136413574,1510000,0.0,0.0
2026-01-08 00:00:00,8.691082211592645,8.922968079195142,8.691082211592645,8.876590728759766,1281400,0.0,0.0
2026-01-09 00:00:00,8.904418739923432,9.071375983152034,8.885867443689982,8.987896919250488,2202800,0.0,0.0
2026-01-12 00:00:00,8.960070859474804,9.006448215483939,8.876591795573257,8.987896919250488,1223900,0.0,0.0
2026-01-13 00:00:00,8.9507945405843,9.052824893073128,8.913692835472295,8.978621482849121,1066500,0.0,0.0
2026-01-14 00:00:00,8.987896821979286,9.136304536517283,8.89514299553933,9.108477592468262,1499600,0.0,0.0
2026-01-15 00:00:00,9.10847745831201,9.210507815840009,9.0157236332382,9.191956520080566,1244400,0.0,0.0
2026-01-16 00:00:00,9.145578696866574,9.37746457453679,9.099202228992068,9.368189811706543,2530400,0.0,0.0
2026-01-20 00:00:00,9.182680661148868,9.229058014907084,9.071375542873819,9.201231956481934,1753200,0.0,0.0
2026-01-21 00:00:00,9.22905851495731,9.266160223059243,9.09920297888779,9.256884574890137,1167100,0.0,0.0
2026-01-22 00:00:00,9.28471126862303,9.331088623641447,9.191956558586197,9.229058265686035,1185500,0.0,0.0
2026-01-23 00:00:00,9.191956387131723,9.331088449591789,9.164130328469492,9.275435447692871,1052100,0.0,0.0
2026-01-26 00:00:00,9.275436079378487,9.284711727755749,9.099203183083082,9.173406600952148,1057600,0.0,0.0
2026-01-27 00:00:00,9.173405767404452,9.303261294588651,9.127028414306766,9.284710884094238,955400,0.0,0.0
2026-01-28 00:00:00,9.284711307205749,9.340363425799534,9.23833395199461,9.266160011291504,1162400,0.0,0.0
2026-01-29 00:00:00,9.30326120456947,9.45166802538652,9.238333441605617,9.405291557312012,1820800,0.0,0.0
2026-01-30 00:00:00,9.358914139007044,9.368189786386646,8.89514238492007,8.941519737243652,3764200,0.0,0.0
2026-02-02 00:00:00,8.969346677196858,9.052825742676946,8.848765903122786,8.867317199707031,1709700,0.0,0.0
2026-02-03 00:00:00,8.904418492044249,9.062100967341086,8.858041137326154,8.960070610046387,1644600,0.0,0.0
2026-02-04 00:00:00,8.960070059436644,9.071375173175522,8.876591002988881,9.062100410461426,1482000,0.0,0.0
2026-02-05 00:00:00,8.997172104792808,9.0621007536972,8.96007039880792,8.969346046447754,1237000,0.0,0.0
2026-02-06 00:00:00,8.997172394079502,9.062101045071547,8.941520275600006,9.034274101257324,938000,0.0,0.0
2026-02-09 00:00:00,9.006447672199936,9.034273730297107,8.76528614315929,8.895142555236816,1438300,0.0,0.0
2026-02-10 00:00:00,8.960070821722663,8.97862211787795,8.876591758172845,8.95079517364502,961700,0.0,0.0
2026-02-11 00:00:00,8.978621523175947,9.080650991548609,8.96007022824941,9.01572322845459,1173700,0.0,0.0
2026-02-12 00:00:00,9.071375214075902,9.201231622977287,9.006447451912416,9.099202156066895,1593300,0.0,0.0
2026-02-13 00:00:00,9.11775359526309,9.29398737613301,9.052825825771286,9.173406600952148,1296000,0.0,0.0
2026-02-17 00:00:00,9.266159720998767,9.266159720998767,9.080651190540351,9.201231956481934,1337500,0.0,0.0
2026-02-18 00:00:00,9.247609466570488,9.58152482704046,9.182680816381591,9.349638938903809,2097600,0.0,0.0
2026-02-19 00:00:00,9.368189982996608,9.405291688719242,9.229057923105902,9.321812629699707,1537200,0.0,0.0
2026-02-20 00:00:00,9.368190728450314,9.38674114050052,9.247609954113187,9.33108901977539,872600,0.0,0.0
2026-02-23 00:00:00,9.321812183231865,9.396015591123163,9.173405367449268,9.182680130004883,1205400,0.0,0.0
2026-02-24 00:00:00,9.191956308815401,9.219782367240551,9.024998189115601,9.201231956481934,1440700,0.0,0.0
2026-02-25 00:00:00,9.182680778037252,9.321812841082943,9.127028660478544,9.31253719329834,1383100,0.0,0.0
2026-02-26 00:00:00,9.340362713550693,9.516596472999428,9.340362713550693,9.48876953125,1218900,0.0,0.0
2026-02-27 00:00:00,9.433118251958991,9.507321667377441,9.37746524810791,9.37746524810791,1276300,0.0,0.0
2026-03-02 00:00:00,9.24760889477583,9.581524234599273,9.164129838676367,9.48876953125,1149400,0.0,0.0
2026-03-03 00:00:00,9.321812918625866,9.507321452988803,9.293986859615043,9.386740684509277,1493800,0.0,0.0
2026-03-04 00:00:00,9.460944387464156,9.525873039906825,9.35891491158924,9.451668739318848,1170900,0.0,0.0
2026-03-05 00:00:00,9.414566571132275,9.525872574286407,9.358914454129659,9.433117866516113,1068200,0.0,0.0
2026-03-06 00:00:00,9.331088106662285,9.414566279581049,9.182680401910831,9.368189811706543,1401000,0.0,0.0
2026-03-09 00:00:00,9.275435773051163,9.396016544249767,9.024998582583027,9.37746524810791,1590700,0.0,0.0
2026-03-10 00:00:00,9.386739815172941,9.590799626360766,9.368189405741894,9.460943222045898,1336600,0.0,0.0
2026-03-11 00:00:00,9.433118327602724,9.48877044732559,9.340363615298621,9.451668739318848,1157900,0.0,0.0
2026-03-12 00:00:00,9.386740527088895,9.451668291883434,9.229058054381197,9.238333702087402,1394000,0.0,0.0
2026-03-13 00:00:00,9.293987014497137,9.358914781462554,9.089927181010063,9.108477592468262,1242100,0.0,0.0
2026-03-16 00:00:00,9.238333169954199,9.37746433923545,9.210507113012829,9.219781875610352,1158700,0.0,0.0
2026-03-17 00:00:00,9.256884717851035,9.451668909538007,9.256884717851035,9.33108901977539,1883800,0.0,0.0
2026-03-18 00:00:00,9.266159508457086,9.377464624179085,9.2105073928833,9.2105073928833,1603500,0.0,0.0
2026-03-19 00:00:00,9.136304363368462,9.284711190519408,9.11775306768736,9.154854774475098,1523000,0.0,0.0
2026-03-20 00:00:00,9.191956779146116,9.229058487136205,8.728184986982743,8.793112754821777,3064100,0.0,0.0
2026-03-23 00:00:00,8.913693123286532,9.145579008867523,8.904418360139877,9.043549537658691,2231800,0.0,0.0
2026-03-24 00:00:00,8.997172104792808,9.08065116440242,8.932244340462864,8.969346046447754,1422800,0.0,0.0
2026-03-25 00:00:00,9.089926759500562,9.191956229225644,9.04354940614391,9.127028465270996,1230800,0.0,0.0
2026-03-26 00:00:00,9.062101045071547,9.127028811489119,8.997172394079502,9.034274101257324,1263400,0.0,0.0
2026-03-27 00:00:00,8.99717157246233,9.024997629161016,8.728183998843306,8.756010055541992,1874500,0.0,0.0
2026-03-30 00:00:00,8.83948938521689,9.015723147131615,8.774561622708527,8.941519737243652,1385400,0.0,0.0
2026-03-31 00:00:00,9.057142523717822,9.240212947800606,9.037872484750599,9.23057746887207,1404400,0.36,0.0
2026-04-01 00:00:00,9.25948298676783,9.30765946252066,9.172766433080552,9.23057746887207,1217000,0.0,0.0
2026-04-02 00:00:00,9.066777546672576,9.355835467762809,9.066777546672576,9.346199989318848,1297700,0.0,0.0
2026-04-06 00:00:00,9.346200125430721,9.481094068941283,9.269118134536063,9.432917594909668,1109000,0.0,0.0
2026-04-07 00:00:00,9.42328223221227,9.461823228133575,9.25948276982427,9.288389205932617,1449200,0.0,0.0
2026-04-08 00:00:00,9.490729839232005,9.55817635361541,9.413647845968157,9.481094360351562,1075200,0.0,0.0
2026-04-09 00:00:00,9.529271220951212,9.654529694789243,9.452189224572406,9.615987777709961,905500,0.0,0.0
2026-04-10 00:00:00,9.635258228090263,9.635258228090263,9.548540757015077,9.625622749328613,821900,0.0,0.0
2026-04-13 00:00:00,9.587082041091024,9.673799514770508,9.490730007250376,9.673799514770508,1345400,0.0,0.0
2026-04-14 00:00:00,9.654529319328516,9.741245872714893,9.654529319328516,9.712340354919434,1274800,0.0,0.0
2026-04-15 00:00:00,9.683435124691119,9.779787159833944,9.664164166328632,9.760517120361328,1626800,0.0,0.0
2026-04-16 00:00:00,9.731610882727162,9.750880920776092,9.55817594583779,9.577445983886719,1302600,0.0,0.0
2026-04-17 00:00:00,9.69307019910467,9.876139701454246,9.644893724100097,9.856868743896484,1509100,0.0,0.0
2026-04-20 00:00:00,9.770152152549182,9.779786712399765,9.654529164333727,9.75088119506836,1562400,0.0,0.0
2026-04-21 00:00:00,9.779786419461228,9.856868409295991,9.635257918243497,9.702704429626465,1768600,0.0,0.0
2026-04-22 00:00:00,9.741245849715353,9.876139797258743,9.693070293133282,9.83759880065918,1310400,0.0,0.0
2026-04-23 00:00:00,9.837598957725158,9.89541091299244,9.76051696329535,9.799057960510254,1138100,0.0,0.0
2026-04-24 00:00:00,9.779786846314916,9.856868839514041,9.760516807460055,9.83759880065918,968800,0.0,0.0
2026-04-27 00:00:00,9.847234697701662,10.020668730319779,9.847234697701662,9.972493171691895,1268400,0.0,0.0
2026-04-28 00:00:00,9.991762471723495,10.04957442424325,9.895410442710322,9.914680480957031,1258400,0.0,0.0
2026-04-29 00:00:00,9.876139954940061,9.933951910207345,9.77015244232154,9.799057960510254,1246900,0.0,0.0
2026-04-30 00:00:00,9.818327687379657,9.982127150055465,9.818327687379657,9.876139640808105,1454900,0.0,0.0
2026-05-01 00:00:00,9.924316537456205,10.049575009468441,9.827963583942218,10.01103401184082,1222200,0.0,0.0
2026-05-04 00:00:00,9.943586017049082,9.991762491093972,9.789422035217285,9.789422035217285,1402200,0.0,0.0
2026-05-05 00:00:00,9.731610975649613,9.799057487799582,9.192036121780426,9.201671600341797,3407200,0.0,0.0
2026-05-06 00:00:00,9.249848189645016,9.432917690145674,9.230577232281883,9.413647651672363,2344800,0.0,0.0
2026-05-07 00:00:00,9.394376754760742,9.461823268186073,9.346200279932722,9.394376754760742,1852100,0.0,0.0
2026-05-08 00:00:00,9.442553114149526,9.60635257522838,9.442553114149526,9.538905143737793,1149100,0.0,0.0
2026-05-11 00:00:00,9.558176699736322,9.57744673930517,9.240213236286394,9.278754234313965,1826900,0.0,0.0
2026-05-12 00:00:00,9.269118016999819,9.326929968882641,9.153495032123978,9.220941543579102,1395500,0.0,0.0
2026-05-13 00:00:00,9.201672204176987,9.230577722868134,9.114954729213675,9.17276668548584,1263400,0.0,0.0
2026-05-14 00:00:00,9.240213105297126,9.346200618647998,9.192036628723145,9.192036628723145,959300,0.0,0.0
2026-05-15 00:00:00,9.114954108273787,9.153495103533071,8.970425605773926,8.970425605773926,1305000,0.0,0.0
2026-05-18 00:00:00,9.05714264272958,9.182401113776908,9.047508082564292,9.08604907989502,1122000,0.0,0.0
2026-05-19 00:00:00,9.028236543863452,9.095683055132389,8.97042551103002,8.98969554901123,1254800,0.0,0.0
2026-05-20 00:00:00,9.05714233200217,9.192036277476777,9.028236814718264,9.163130760192871,1069800,0.0,0.0
2026-05-21 00:00:00,9.095683831913782,9.211307745234654,9.028237314884839,9.153495788574219,1190500,0.0,0.0
2026-05-22 00:00:00,9.163130977963922,9.201671974888372,9.105319023132324,9.105319023132324,916100,0.0,0.0
2026-05-26 00:00:00,9.15349557035258,9.230577564802257,9.134224612295235,9.211307525634766,986200,0.0,0.0
2026-05-27 00:00:00,9.249848365783691,9.317294880059354,9.220941929188545,9.249848365783691,1010100,0.0,0.0
2026-05-28 00:00:00,9.230577408053593,9.307659401194304,9.230577408053593,9.249848365783691,1364800,0.0,0.0
2026-05-29 00:00:00,9.26911840462395,9.326930358924402,9.249848365783691,9.249848365783691,1265400,0.0,0.0
2026-06-01 00:00:00,9.153495206366,9.220941719105006,9.028236740643687,9.05714225769043,1113100,0.0,0.0
2026-06-02 00:00:00,9.05714248670964,9.211307392266734,9.05714248670964,9.124589920043945,1271200,0.0,0.0
2026-06-03 00:00:00,9.037872718133608,9.047508197310957,8.796991252039076,8.816261291503906,2032200,0.0,0.0
2026-06-04 00:00:00,8.9029788355019,9.05714282797797,8.9029788355019,8.922249794006348,1386100,0.0,0.0
2026-06-05 00:00:00,8.922249697836786,8.999331693243983,8.902978739540053,8.941519737243652,974400,0.0,0.0
2026-06-08 00:00:00,8.980060404398307,9.008966840779383,8.77771994417994,8.787355422973633,1455300,0.0,0.0
2026-06-09 00:00:00,8.854801953301886,9.018601417541504,8.854801953301886,9.018601417541504,1561400,0.0,0.0
2026-06-10 00:00:00,9.018601537096606,9.037872494975478,8.874073028564453,8.874073028564453,1262000,0.0,0.0
2026-06-11 00:00:00,8.970425666066376,8.989695704380633,8.85480176062158,8.951154708862305,1366600,0.0,0.0
2026-06-12 00:00:00,9.01860120200333,9.095683192875082,8.951154689713,9.07641315460205,1250900,0.0,0.0
2026-06-15 00:00:00,9.153494945934318,9.19203594053003,8.999330967551476,9.008966445922852,1620800,0.0,0.0
2026-06-16 00:00:00,9.105318827902307,9.153495302747364,8.989695839608068,9.037872314453125,1324300,0.0,0.0
2026-06-17 00:00:00,9.17276626024132,9.269118291041604,8.989695839608068,9.037872314453125,2366500,0.0,0.0
2026-06-18 00:00:00,9.076413195229552,9.211307139303834,9.076413195229552,9.182400703430176,3861300,0.0,0.0
2026-06-22 00:00:00,9.153495364235846,9.240212835761508,8.999331378807932,9.018601417541504,1888800,0.0,0.0
2026-06-23 00:00:00,9.01860120200333,9.095683192875082,8.999331163730298,9.07641315460205,1396400,0.0,0.0
2026-06-24 00:00:00,9.114954823560751,9.31729529427291,9.057142866690185,9.259483337402344,1668900,0.0,0.0
2026-06-25 00:00:00,9.298024273882813,9.355836230369107,9.211307717488184,9.278754234313965,1759000,0.0,0.0
2026-06-26 00:00:00,9.278753553969032,9.461823051454342,9.201671563565764,9.452188491821289,3658000,0.0,0.0
2026-06-29 00:00:00,9.442553712010648,9.510000228881836,9.298024280142549,9.510000228881836,2199500,0.0,0.0
2026-06-30 00:00:00,9.470000267028809,9.789999961853027,9.460000038146973,9.6899995803833,2157300,0.36,0.0
2026-07-01 00:00:00,9.609999656677246,9.680000305175781,9.550000190734863,9.579999923706055,2005800,0.0,0.0
2026-07-02 00:00:00,9.720000267028809,9.75,9.449999809265137,9.479999542236328,1965200,0.0,0.0
2026-07-06 00:00:00,9.470000267028809,9.539999961853027,9.329999923706055,9.329999923706055,1613400,0.0,0.0
2026-07-07 00:00:00,9.359999656677246,9.5,9.34000015258789,9.359999656677246,1429700,0.0,0.0
2026-07-08 00:00:00,9.300000190734863,9.369999885559082,9.220000267028809,9.270000457763672,1659900,0.0,0.0
2026-07-09 00:00:00,9.300000190734863,9.470000267028809,9.25,9.430000305175781,1233900,0.0,0.0
2026-07-10 00:00:00,9.470000267028809,9.520000457763672,9.399999618530273,9.5,1166200,0.0,0.0
2026-07-13 00:00:00,9.5,9.529999732971191,9.350000381469727,9.40999984741211,1390800,0.0,0.0
2026-07-14 00:00:00,9.460000038146973,9.550000190734863,9.399999618530273,9.460000038146973,1656500,0.0,0.0
2026-07-15 00:00:00,9.529999732971191,9.59000015258789,9.4399995803833,9.449999809265137,1750300,0.0,0.0
2026-07-16 00:00:00,9.470000267028809,9.65999984741211,9.460000038146973,9.619999885559082,1115400,0.0,0.0
2026-07-17 00:00:00,9.59000015258789,9.619999885559082,9.369999885559082,9.449999809265137,1338900,0.0,0.0
2026-07-20 00:00:00,9.449999809265137,9.489999771118164,9.220000267028809,9.289999961853027,1406400,0.0,0.0
2026-07-21 00:00:00,9.319999694824219,9.380000114440918,9.270000457763672,9.319999694824219,1008900,0.0,0.0
2026-07-22 00:00:00,9.34000015258789,9.350000381469727,9.260000228881836,9.289999961853027,1060800,0.0,0.0
2026-07-23 00:00:00,9.239999771118164,9.239999771118164,9.029999732971191,9.069999694824219,2029400,0.0,0.0
2026-07-24 00:00:00,9.109999656677246,9.220000267028809,9.09000015258789,9.140000343322754,1338500,0.0,0.0
2026-07-27 00:00:00,9.180000305175781,9.229999542236328,9.119999885559082,9.119999885559082,1117700,0.0,0.0
2026-07-28 00:00:00,9.149999618530273,9.239999771118164,9.130000114440918,9.199999809265137,1188200,0.0,0.0
2026-07-29 00:00:00,9.199999809265137,9.289999961853027,9.130000114440918,9.170000076293945,1261800,0.0,0.0
2026-07-30 00:00:00,9.260000228881836,9.319999694824219,9.100000381469727,9.199999809265137,1807400,0.0,0.0
2026-07-31 00:00:00,9.229999542236328,9.229999542236328,8.970000267028809,9.109999656677246,2334000,0.0,0.0
2026-08-03 00:00:00,9.15999984741211,9.319999694824219,9.140000343322754,9.15999984741211,1406800,0.0,0.0
2026-08-04 00:00:00,9.149999618530273,9.210000038146973,9.0600004196167,9.09000015258789,1616200,0.0,0.0
2026-08-05 00:00:00,9.050000190734863,9.140000343322754,8.850000381469727,9.0600004196167,3202700,0.0,0.0
2026-08-06 00:00:00,9.09000015258789,9.09000015258789,8.960000038146973,9.050000190734863,1554700,0.0,0.0
2026-08-07 00:00:00,9.079999923706055,9.300000190734863,9.069999694824219,9.229999542236328,1597400,0.0,0.0
2026-08-10 00:00:00,9.149999618530273,9.170000076293945,9.0,9.09000015258789,1469000,0.0,0.0
2026-08-11 00:00:00,9.09000015258789,9.229999542236328,9.069999694824219,9.180000305175781,1008500,0.0,0.0
2026-08-12 00:00:00,9.199999809265137,9.25,9.119999885559082,9.149999618530273,1202600,0.0,0.0
2026-08-13 00:00:00,9.220000267028809,9.289999961853027,9.180000305175781,9.210000038146973,1180400,0.0,0.0
2026-08-14 00:00:00,9.229999542236328,9.270000457763672,9.140000343322754,9.15999984741211,856400,0.0,0.0
2026-08-17 00:00:00,9.100000381469727,9.170000076293945,9.09000015258789,9.109999656677246,931900,0.0,0.0
2026-08-18 00:00:00,9.149999618530273,9.15999984741211,9.0,9.0,1170900,0.0,0.0
2026-08-19 00:00:00,9.039999961853027,9.170000076293945,9.039999961853027,9.100000381469727,1128000,0.0,0.0
2026-08-20 00:00:00,9.029999732971191,9.069999694824219,8.859999656677246,8.9399995803833,1690100,0.0,0.0
2026-08-21 00:00:00,8.989999771118164,9.0,8.880000114440918,8.90999984741211,1506000,0.0,0.0
2026-08-24 00:00:00,8.9399995803833,8.979999542236328,8.890000343322754,8.9399995803833,1591700,0.0,0.0
2026-08-25 00:00:00,8.9399995803833,8.970000267028809,8.8100004196167,8.84000015258789,1419000,0.0,0.0
2026-08-26 00:00:00,8.859999656677246,8.869999885559082,8.779999732971191,8.800000190734863,1355000,0.0,0.0
2026-08-27 00:00:00,8.789999961853027,8.880000114440918,8.779999732971191,8.859999656677246,1186200,0.0,0.0
2026-08-28 00:00:00,8.899999618530273,8.920000076293945,8.819999694824219,8.829999923706055,1267700,0.0,0.0
2026-08-31 00:00:00,8.800000190734863,8.890000343322754,8.760000228881836,8.819999694824219,1294100,0.0,0.0
2026-09-01 00:00:00,8.770000457763672,8.789999961853027,8.630000114440918,8.680000305175781,1905000,0.0,0.0
2026-09-02 00:00:00,8.729999542236328,8.84000015258789,8.699999809265137,8.819999694824219,1217500,0.0,0.0
2026-09-03 00:00:00,8.899999618530273,8.930000305175781,8.800000190734863,8.869999885559082,1580500,0.0,0.0
2026-09-04 00:00:00,8.819999694824219,8.979999542236328,8.800000190734863,8.949999809265137,1122600,0.0,0.0
2026-09-08 00:00:00,8.949999809265137,8.989999771118164,8.859999656677246,8.859999656677246,1093800,0.0,0.0
2026-09-09 00:00:00,8.819999694824219,8.880000114440918,8.75,8.75,1336100,0.0,0.0
2026-09-10 00:00:00,8.75,8.789999961853027,8.550000190734863,8.5600004196167,2048300,0.0,0.0
2026-09-11 00:00:00,8.640000343322754,8.649999618530273,8.529999732971191,8.5600004196167,1769900,0.0,0.0
2026-09-14 00:00:00,8.510000228881836,8.59000015258789,8.420000076293945,8.460000038146973,1615200,0.0,0.0
2026-09-15 00:00:00,8.4399995803833,8.569999694824219,8.380000114440918,8.430000305175781,1562500,0.0,0.0
2026-09-16 00:00:00,8.470000267028809,8.59000015258789,8.380000114440918,8.449999809265137,1848400,0.0,0.0
2026-09-17 00:00:00,8.529999732971191,8.630000114440918,8.5,8.5,1672700,0.0,0.0
2026-09-18 00:00:00,8.479999542236328,8.5,8.359999656677246,8.359999656677246,3277000,0.0,0.0
2026-09-21 00:00:00,8.420000076293945,8.510000228881836,8.380000114440918,8.449999809265137,1419400,0.0,0.0
2026-09-22 00:00:00,8.5,8.609999656677246,8.479999542236328,8.5600004196167,1603000,0.0,0.0
2026-09-23 00:00:00,8.5600004196167,8.5600004196167,8.289999961853027,8.319999694824219,1816900,0.0,0.0
2026-09-24 00:00:00,8.319999694824219,8.34000015258789,8.149999618530273,8.15999984741211,2043700,0.0,0.0
2026-09-25 00:00:00,8.220000267028809,8.239999771118164,8.119999885559082,8.170000076293945,1453500,0.0,0.0
2026-09-28 00:00:00,8.100000381469727,8.15999984741211,7.960000038146973,8.010000228881836,2164600,0.0,0.0
2026-09-29 00:00:00,8.010000228881836,8.100000381469727,7.920000076293945,8.0,1858100,0.0,0.0
