Date,Open,High,Low,Close,Volume,Dividends,Stock Splits
2016-09-30 00:00:00,9.814123430565331,9.825939699980955,9.760946273803711,9.760946273803711,56700,0.0,0.0
2016-10-03 00:00:00,9.778668513076493,9.808211995795025,9.678222925770745,9.684131622314453,46900,0.0,0.0
2016-10-04 00:00:00,9.684136661439524,9.684136661439524,9.57778232224876,9.613234519958496,62300,0.0,0.0
2016-10-05 00:00:00,9.642776221373966,9.654593619789807,9.524605618122989,9.560056686401367,44800,0.0,0.0
2016-10-06 00:00:00,9.536416737397508,9.57777648253867,9.506874384287686,9.530508041381836,37700,0.0,0.0
2016-10-07 00:00:00,9.512788616561712,9.613234253348462,9.500971217652873,9.607325553894043,79500,0.0,0.0
2016-10-10 00:00:00,9.619139698410674,9.619139698410674,9.57187124573659,9.577778816223145,27500,0.0,0.0
2016-10-11 00:00:00,9.577781657055986,9.595507754679748,9.560056686401367,9.560056686401367,35600,0.0,0.0
2016-10-12 00:00:00,9.52622281360955,9.561835678298849,9.472805214690455,9.478740692138672,47900,0.073,0.0
2016-10-13 00:00:00,9.455000327479244,9.484676585716826,9.336293030375538,9.360034942626953,67300,0.0,0.0
2016-10-14 00:00:00,9.300683820560126,9.36003748523511,9.187911970885356,9.229459762573242,90300,0.0,0.0
2016-10-17 00:00:00,9.24132439704765,9.24132439704765,9.003911018371582,9.003911018371582,103600,0.0,0.0
2016-10-18 00:00:00,9.021717652601104,9.158230781555176,8.968299496316389,9.158230781555176,116200,0.0,0.0
2016-10-19 00:00:00,9.176037591917915,9.324421123115787,9.176037591917915,9.276938438415527,106100,0.0,0.0
2016-10-20 00:00:00,9.29474373011731,9.365967752772674,9.282873342693858,9.300679206848145,62700,0.0,0.0
2016-10-21 00:00:00,9.276938622597559,9.371903993883496,9.276938622597559,9.348162651062012,49200,0.0,0.0
2016-10-24 00:00:00,9.336290171268793,9.354096600004388,9.30661392211914,9.30661392211914,37100,0.0,0.0
2016-10-25 00:00:00,9.306619027929806,9.395648956298828,9.306619027929806,9.395648956298828,53500,0.0,0.0
2016-10-26 00:00:00,9.365966025675505,9.38970736218269,9.318483352661133,9.318483352661133,44400,0.0,0.0
2016-10-27 00:00:00,9.288810927110417,9.288810927110417,9.24132823167259,9.282876014709473,53100,0.0,0.0
2016-10-28 00:00:00,9.223516640414983,9.223516640414983,9.152292641443356,9.187904357910156,39600,0.0,0.0
2016-10-31 00:00:00,9.18197748905171,9.21165432278482,9.116688341631159,9.13449478149414,58200,0.0,0.0
2016-11-01 00:00:00,9.134489817702853,9.15229568185139,9.092942046638644,9.140424728393555,57900,0.0,0.0
2016-11-02 00:00:00,9.140425299983608,9.17603759654589,9.110749046559668,9.1701021194458,52000,0.0,0.0
2016-11-03 00:00:00,9.170102493702112,9.247262001037598,9.14042567302873,9.247262001037598,89900,0.0,0.0
2016-11-04 00:00:00,9.259130852726331,9.259130852726331,9.22351856279912,9.241324424743652,19500,0.0,0.0
2016-11-07 00:00:00,9.235393707303825,9.271005447359261,9.235393707303825,9.253199577331543,39200,0.0,0.0
2016-11-08 00:00:00,9.294742584228516,9.294742584228516,9.259130860310282,9.294742584228516,22300,0.0,0.0
2016-11-09 00:00:00,9.217586343669481,9.259134124271062,9.122620958360173,9.1463623046875,103300,0.0,0.0
2016-11-10 00:00:00,9.094480644969428,9.130262458405108,8.909608984894906,8.921536445617676,168400,0.073,0.0
2016-11-11 00:00:00,8.849969951667303,8.963277940881062,8.796297536717265,8.826115608215332,131600,0.0,0.0
2016-11-14 00:00:00,8.766485774002698,8.790340134621411,8.498124074858978,8.682995796203613,203000,0.0,0.0
2016-11-15 00:00:00,8.98713269449951,8.98713269449951,8.688953103374962,8.820152282714844,64700,0.0,0.0
2016-11-16 00:00:00,8.826113070864393,8.861894291389678,8.700877661561403,8.730695724487305,100300,0.0,0.0
2016-11-17 00:00:00,8.706844300482876,8.736661804651003,8.593535737207228,8.61142635345459,154000,0.0,0.0
2016-11-18 00:00:00,8.647208889917115,8.647208889917115,8.55179150350833,8.569682121276855,90300,0.0,0.0
2016-11-21 00:00:00,8.599497777041114,8.665097069556122,8.587570322729844,8.659133911132812,88200,0.0,0.0
2016-11-22 00:00:00,8.736658328487765,8.74858578039524,8.653168440064277,8.7247314453125,138500,0.0,0.0
2016-11-23 00:00:00,8.671062154843392,8.682989611022837,8.593535395874248,8.65317153930664,97200,0.0,0.0
2016-11-25 00:00:00,8.647213970909135,8.71281332042739,8.647213970909135,8.682995796203613,15600,0.0,0.0
2016-11-28 00:00:00,8.70088341314204,8.724737765504853,8.635283517594841,8.671065330505371,103500,0.0,0.0
2016-11-29 00:00:00,8.647207811216918,8.677025882933114,8.629317195680166,8.65317153930664,129500,0.0,0.0
2016-11-30 00:00:00,8.599501112368177,8.653173540121157,8.587573653430827,8.629319190979004,76800,0.0,0.0
2016-12-01 00:00:00,8.545828632633333,8.617391679624495,8.47426558564217,8.593537330627441,216200,0.0,0.0
2016-12-02 00:00:00,8.599496915195116,8.6949142651932,8.551788240196077,8.688950538635254,123200,0.0,0.0
2016-12-05 00:00:00,8.694922656896058,8.694922656896058,8.64721393585205,8.64721393585205,139000,0.0,0.0
2016-12-06 00:00:00,8.647208171917946,8.7664798950255,8.629317555634923,8.760516166687012,128900,0.0,0.0
2016-12-07 00:00:00,8.790333151272417,8.921532314812527,8.75455192313662,8.903641700744629,83300,0.0,0.0
2016-12-08 00:00:00,8.905443867212758,8.92342296795785,8.827536145232118,8.869486808776855,73500,0.073,0.0
2016-12-09 00:00:00,8.84551252810663,8.84551252810663,8.779590322017489,8.791576385498047,50500,0.0,0.0
2016-12-12 00:00:00,8.761610045087622,8.809553146362305,8.731645463909233,8.809553146362305,111200,0.0,0.0
2016-12-13 00:00:00,8.815546711964808,8.8515043258667,8.785582128967713,8.8515043258667,94900,0.0,0.0
2016-12-14 00:00:00,8.869485188396327,8.893456746816572,8.797570513135591,8.833527565002441,185200,0.0,0.0
2016-12-15 00:00:00,8.743632306917121,8.791575412479261,8.677710108124002,8.69568920135498,154400,0.0,0.0
2016-12-16 00:00:00,8.647748133306482,8.755619860473725,8.647748133306482,8.737641334533691,100600,0.0,0.0
2016-12-19 00:00:00,8.743633270263672,8.773597857423141,8.737640238526385,8.743633270263672,66500,0.0,0.0
2016-12-20 00:00:00,8.695688137812962,8.815545887058892,8.695688137812962,8.797567367553711,123100,0.0,0.0
2016-12-21 00:00:00,8.761616395100429,8.845517168901935,8.761616395100429,8.821545600891113,138800,0.0,0.0
2016-12-22 00:00:00,8.84551362997608,8.84551362997608,8.815549039069015,8.833527565002441,72000,0.0,0.0
2016-12-23 00:00:00,8.839524134017413,8.875481771797277,8.809559531122071,8.821545600891113,88900,0.0,0.0
2016-12-27 00:00:00,8.845514744289334,8.845514744289334,8.701685375648964,8.731649398803711,99400,0.0,0.0
2016-12-28 00:00:00,8.74962630637002,8.80356187745164,8.731647211149184,8.791576385498047,84500,0.0,0.0
2016-12-29 00:00:00,8.80955490919192,8.84551252810663,8.791576385498047,8.791576385498047,123900,0.0,0.0
2016-12-30 00:00:00,8.797574032880293,8.863495702028235,8.797574032880293,8.821545600891113,150600,0.0,0.0
2017-01-03 00:00:00,8.79157799713217,8.911435796274747,8.79157799713217,8.899450302124023,47900,0.0,0.0
2017-01-04 00:00:00,8.881471630547471,8.911436224655306,8.869486135820594,8.90544319152832,81500,0.0,0.0
2017-01-05 00:00:00,8.887462478776472,8.947391652259126,8.875476986996114,8.941398620605469,105300,0.0,0.0
2017-01-06 00:00:00,8.917428302028897,8.929413795471191,8.893456743617277,8.929413795471191,86900,0.0,0.0
2017-01-09 00:00:00,8.941396580374255,8.98334664932385,8.941396580374255,8.97136116027832,99400,0.0,0.0
2017-01-10 00:00:00,8.941396580374255,8.98933967961003,8.941396580374255,8.97136116027832,65900,0.0,0.0
2017-01-11 00:00:00,8.961124939935495,9.021347208719423,8.961124939935495,8.997258186340332,54800,0.073,0.0
2017-01-12 00:00:00,8.991237309658295,9.063504384416458,8.991237309658295,9.03941535949707,53100,0.0,0.0
2017-01-13 00:00:00,8.967148284738906,9.045437759308832,8.955103485115384,9.03941535949707,121600,0.0,0.0
2017-01-17 00:00:00,9.057476997375488,9.08758840552669,9.033387985719994,9.057476997375488,73200,0.0,0.0
2017-01-18 00:00:00,9.033395663824829,9.06350709756981,9.021350860595703,9.021350860595703,41300,0.0,0.0
2017-01-19 00:00:00,8.985213495738392,9.021346740266933,8.967146873474121,8.967146873474121,62500,0.0,0.0
2017-01-20 00:00:00,8.949079838561188,8.97919125909736,8.924990816997767,8.943058013916016,45800,0.0,0.0
2017-01-23 00:00:00,8.9310118919852,8.997256547882222,8.9310118919852,8.985212326049805,54500,0.0,0.0
2017-01-24 00:00:00,8.985213495738392,9.009302516866608,8.918968831217686,8.967146873474121,85000,0.0,0.0
2017-01-25 00:00:00,8.931010988117244,8.955100003671626,8.92498859064679,8.949077606201172,46600,0.0,0.0
2017-01-26 00:00:00,8.924990655754065,8.9731686980105,8.924990655754065,8.967146873474121,54600,0.0,0.0
2017-01-27 00:00:00,8.949079247454586,9.009302084549077,8.949079247454586,9.003279685974121,35600,0.0,0.0
2017-01-30 00:00:00,8.985215021412367,9.03941547173589,8.985215021412367,9.00930404663086,66200,0.0,0.0
2017-01-31 00:00:00,9.009306631694407,9.051462294340686,9.009306631694407,9.021350860595703,45800,0.0,0.0
2017-02-01 00:00:00,9.003280585517004,9.045436805426109,8.973169163961241,8.997258186340332,94000,0.0,0.0
2017-02-02 00:00:00,8.99725924685778,9.021348272076272,8.991237421298907,9.00930404663086,50000,0.0,0.0
2017-02-03 00:00:00,9.027373262210267,9.03941806543939,9.015329033308971,9.021350860595703,66100,0.0,0.0
2017-02-06 00:00:00,9.03339307184935,9.057482097067842,8.991237421298907,9.00930404663086,71700,0.0,0.0
2017-02-07 00:00:00,9.00328153495416,9.051459584792935,9.00328153495416,9.03941535949707,45600,0.0,0.0
2017-02-08 00:00:00,9.063504952739006,9.093616379358277,9.051460152360221,9.081571578979492,42900,0.0,0.0
2017-02-09 00:00:00,9.075547489189672,9.08156988825787,9.051458467244462,9.06350326538086,55900,0.0,0.0
2017-02-10 00:00:00,9.05145460087978,9.069521790366904,9.033387985719994,9.057476997375488,95300,0.0,0.0
2017-02-13 00:00:00,9.047195434570312,9.065350180432388,9.041143660239964,9.047195434570312,76700,0.073,0.0
2017-02-14 00:00:00,9.041140434278386,9.053243978620424,8.956417932399152,8.986676216125488,82300,0.0,0.0
2017-02-15 00:00:00,8.938265181137345,8.956419924559771,8.889851570129395,8.889851570129395,122700,0.0,0.0
2017-02-16 00:00:00,8.87774693996543,8.932211737175944,8.87774693996543,8.895901679992676,103500,0.0,0.0
2017-02-17 00:00:00,8.938263893127441,8.938263893127441,8.908005607031045,8.938263893127441,57600,0.0,0.0
2017-02-21 00:00:00,8.944316864013672,8.956420411706201,8.926162119603795,8.944316864013672,35500,0.0,0.0
2017-02-22 00:00:00,8.950368881225586,8.962472429247219,8.920110588300439,8.950368881225586,51900,0.0,0.0
2017-02-23 00:00:00,8.980624312626794,8.992727279663086,8.944314257260414,8.992727279663086,56400,0.0,0.0
2017-02-24 00:00:00,9.010880586687785,9.02298355102539,9.004828815954673,9.02298355102539,49000,0.0,0.0
2017-02-27 00:00:00,9.022985562946943,9.022985562946943,8.968520768461751,8.992727279663086,70100,0.0,0.0
2017-02-28 00:00:00,9.016937858881647,9.016937858881647,8.980628364262886,8.998783111572266,50200,0.0,0.0
2017-03-01 00:00:00,8.920114629747749,8.962476489887468,8.920114629747749,8.956424713134766,71800,0.0,0.0
2017-03-02 00:00:00,8.950368637859937,8.962472185552468,8.908007375193918,8.944316864013672,73400,0.0,0.0
2017-03-03 00:00:00,8.944316867234495,8.956420414931383,8.889852056856334,8.901955604553223,51900,0.0,0.0
2017-03-06 00:00:00,8.883800860136809,8.914058575121192,8.877749086288365,8.901955604553223,49100,0.0,0.0
2017-03-07 00:00:00,8.914056772609053,8.914056772609053,8.85354077774831,8.871695518493652,65300,0.0,0.0
2017-03-08 00:00:00,8.847489955402802,8.847489955402802,8.79302515018809,8.82933521270752,116100,0.0,0.0
2017-03-09 00:00:00,8.811182138357733,8.823285110069925,8.726459027856485,8.780923843383789,101900,0.0,0.0
2017-03-10 00:00:00,8.817230576087708,8.817230576087708,8.7385592646291,8.793024063110352,80800,0.0,0.0
2017-03-13 00:00:00,8.800933432730304,8.837426265903327,8.770522351724034,8.788768768310547,65500,0.073,0.0
2017-03-14 00:00:00,8.80092910702688,8.83134017308595,8.782682119365735,8.813093185424805,47500,0.0,0.0
2017-03-15 00:00:00,8.819180405223937,8.892166656213714,8.776605237157359,8.867837905883789,99900,0.0,0.0
2017-03-16 00:00:00,8.849591286227913,8.880002368457227,8.819180203998599,8.86175537109375,37100,0.0,0.0
2017-03-17 00:00:00,8.867837703548242,8.880002368457227,8.849591286227913,8.86175537109375,32000,0.0,0.0
2017-03-20 00:00:00,8.867836128341933,8.922575950622559,8.867836128341933,8.922575950622559,20400,0.0,0.0
2017-03-21 00:00:00,8.922577888529904,8.952988971962283,8.898249137792636,8.934741973876953,48500,0.0,0.0
2017-03-22 00:00:00,8.965150833129883,8.965150833129883,8.934739757242241,8.965150833129883,26400,0.0,0.0
2017-03-23 00:00:00,8.965150629387752,8.965150629387752,8.940821885239139,8.959068298339844,37900,0.0,0.0
2017-03-24 00:00:00,8.959070174382694,8.971234839025806,8.940823757461159,8.946906089782715,22100,0.0,0.0
2017-03-27 00:00:00,8.98947875842734,9.025972162174691,8.971232346575151,9.019889831542969,31300,0.0,0.0
2017-03-28 00:00:00,9.032056370527577,9.032056370527577,9.00164529108963,9.00772762298584,19300,0.0,0.0
2017-03-29 00:00:00,9.032058744779187,9.044222831726074,9.007729990842163,9.044222831726074,31800,0.0,0.0
2017-03-30 00:00:00,9.062467229356708,9.086795977863371,9.044220812987492,9.080714225769043,52200,0.0,0.0
2017-03-31 00:00:00,9.068549996721899,9.105043411254883,9.056385911906334,9.105043411254883,48400,0.0,0.0
2017-04-03 00:00:00,9.117207496070446,9.1232898284998,9.08071466158061,9.105043411254883,43100,0.0,0.0
2017-04-04 00:00:00,9.056382688463664,9.086793179700125,9.007725206433799,9.03205394744873,95200,0.0,0.0
2017-04-05 00:00:00,9.044222831726074,9.056387498716209,9.013811744293983,9.044222831726074,34400,0.0,0.0
2017-04-06 00:00:00,9.06246620353962,9.13545302084105,9.06246620353962,9.12937068939209,43200,0.0,0.0
2017-04-07 00:00:00,9.14153310240133,9.165861843710095,9.123286691430495,9.147615432739258,56600,0.0,0.0
2017-04-10 00:00:00,9.147614419136277,9.214518305311344,9.147614419136277,9.196271896362305,37700,0.0,0.0
2017-04-11 00:00:00,9.20421834401922,9.247000047686212,9.130877447937236,9.191994667053223,61600,0.073,0.0
2017-04-12 00:00:00,9.198106505536222,9.222553276611217,9.191994667053223,9.191994667053223,48000,0.0,0.0
2017-04-13 00:00:00,9.216444824063386,9.240891604119632,9.17977494540762,9.204221725463867,41900,0.0,0.0
2017-04-17 00:00:00,9.22866795456026,9.22866795456026,9.173662557003274,9.222556114196777,46700,0.0,0.0
2017-04-18 00:00:00,9.222557031990387,9.271450594049591,9.222557031990387,9.2531156539917,39100,0.0,0.0
2017-04-19 00:00:00,9.265336009849046,9.295894622802734,9.259224170686895,9.295894622802734,46500,0.0,0.0
2017-04-20 00:00:00,9.295895057985902,9.295895057985902,9.259224604153353,9.283671379089355,30900,0.0,0.0
2017-04-21 00:00:00,9.314226428665497,9.320338265774605,9.277556571724592,9.289779663085938,31000,0.0,0.0
2017-04-24 00:00:00,9.27756188333288,9.27756188333288,9.22866832418112,9.27145004272461,35200,0.0,0.0
2017-04-25 00:00:00,9.24700251849051,9.24700251849051,9.16755034555286,9.173662185668945,57900,0.0,0.0
2017-04-26 00:00:00,9.179771572944224,9.234776370720216,9.16143605749523,9.191994667053223,31500,0.0,0.0
2017-04-27 00:00:00,9.198109772033648,9.228668392443833,9.17366299227694,9.210332870483398,51800,0.0,0.0
2017-04-28 00:00:00,9.216445191018677,9.2775624350213,9.216445191018677,9.2531156539917,29800,0.0,0.0
2017-05-01 00:00:00,9.271444734615484,9.289779663085938,9.246997969035924,9.289779663085938,85300,0.0,0.0
2017-05-02 00:00:00,9.259229570724067,9.332570517728616,9.259229570724067,9.32034683227539,74600,0.0,0.0
2017-05-03 00:00:00,9.308115488459604,9.393679467661197,9.308115488459604,9.38145637512207,102700,0.0,0.0
2017-05-04 00:00:00,9.381460705440675,9.448689202579692,9.375348864921529,9.442577362060547,97100,0.0,0.0
2017-05-05 00:00:00,9.448689605765104,9.479248226807604,9.436465924205216,9.460912704467773,49700,0.0,0.0
2017-05-08 00:00:00,9.454799012019595,9.47924578598733,9.38756994646553,9.39979362487793,84500,0.0,0.0
2017-05-09 00:00:00,9.399791305359225,9.436461165833533,9.369232699726018,9.38145637512207,58800,0.0,0.0
2017-05-10 00:00:00,9.381459895324024,9.619815826416016,9.363124375349916,9.619815826416016,44100,0.0,0.0
2017-05-11 00:00:00,9.627799109576886,9.627799109576886,9.455873707210875,9.474294662475586,105900,0.073,0.0
2017-05-12 00:00:00,9.492717024322701,9.541838410857963,9.492717024322701,9.517277717590332,96100,0.0,0.0
2017-05-15 00:00:00,9.57253360748291,9.590953969847984,9.52955256677348,9.57253360748291,38700,0.0,0.0
2017-05-16 00:00:00,9.578679506340096,9.578679506340096,9.492716789245605,9.492716789245605,40400,0.0,0.0
2017-05-17 00:00:00,9.523415737773446,9.566396794220301,9.474294363099048,9.51113510131836,49600,0.0,0.0
2017-05-18 00:00:00,9.529556835575955,9.529556835575955,9.39447275138418,9.42517375946045,55500,0.0,0.0
2017-05-19 00:00:00,9.443589520005487,9.443589520005487,9.394468165292208,9.412888526916504,39900,0.0,0.0
2017-05-22 00:00:00,9.42517551218842,9.468156580144244,9.400614818274644,9.443595886230469,44000,0.0,0.0
2017-05-23 00:00:00,9.480434395324163,9.486574713745734,9.42517328624901,9.474294662475586,32600,0.0,0.0
2017-05-24 00:00:00,9.498855350588874,9.54797672681545,9.462014025632445,9.474294662475586,42200,0.0,0.0
2017-05-25 00:00:00,9.523416038702162,9.523416038702162,9.41903296782744,9.474294662475586,44800,0.0,0.0
2017-05-26 00:00:00,9.46815314782098,9.504993882549853,9.449732780456543,9.449732780456543,34300,0.0,0.0
2017-05-30 00:00:00,9.468154516836846,9.48043456833109,9.419033139713862,9.462014198303223,57700,0.0,0.0
2017-05-31 00:00:00,9.468151755734144,9.504992485046387,9.437450757592055,9.504992485046387,47300,0.0,0.0
2017-06-01 00:00:00,9.53569380672446,9.572535122859522,9.523413758394675,9.566394805908203,38300,0.0,0.0
2017-06-02 00:00:00,9.578679567394618,9.578679567394618,9.419034771304316,9.529558181762695,107400,0.0,0.0
2017-06-05 00:00:00,9.523415737773446,9.55411674333819,9.498855050436248,9.51113510131836,27300,0.0,0.0
2017-06-06 00:00:00,9.52955256677348,9.57253360748291,9.517271934814923,9.57253360748291,34600,0.0,0.0
2017-06-07 00:00:00,9.57867543981084,9.603236122043265,9.566394805908203,9.566394805908203,27000,0.0,0.0
2017-06-08 00:00:00,9.57253360748291,9.615514648192338,9.535692297179997,9.57253360748291,27200,0.0,0.0
2017-06-09 00:00:00,9.572539423835781,9.572539423835781,9.498857344032889,9.517277717590332,38100,0.0,0.0
2017-06-12 00:00:00,9.547972395310575,9.584813117980957,9.511131087067465,9.584813117980957,28600,0.0,0.0
2017-06-13 00:00:00,9.592837246441608,9.592837246441608,9.543485076767862,9.57433032989502,14000,0.073,0.0
2017-06-14 00:00:00,9.599006414731893,9.636020247825067,9.561991993314448,9.57433032989502,71700,0.0,0.0
2017-06-15 00:00:00,9.537315368652344,9.568160620033618,9.531146200711241,9.537315368652344,30500,0.0,0.0
2017-06-16 00:00:00,9.555821570434707,9.574329072875702,9.531145488837572,9.561990737915039,22500,0.0,0.0
2017-06-19 00:00:00,9.574329072875702,9.574329072875702,9.555821570434707,9.561990737915039,41100,0.0,0.0
2017-06-20 00:00:00,9.555822674356158,9.580498758803959,9.543484926294386,9.568161010742188,42300,0.0,0.0
2017-06-21 00:00:00,9.605177265396117,9.605177265396117,9.512642072463262,9.54965591430664,64700,0.0,0.0
2017-06-22 00:00:00,9.574324705957629,9.599000776299834,9.537310306282363,9.5928316116333,59800,0.0,0.0
2017-06-23 00:00:00,9.5928316116333,9.599000776299834,9.561986376624565,9.5928316116333,31800,0.0,0.0
2017-06-26 00:00:00,9.5928329626274,9.5928329626274,9.555818557739258,9.555818557739258,34500,0.0,0.0
2017-06-27 00:00:00,9.561991452092515,9.580498367591586,9.518808453153273,9.537315368652344,31400,0.0,0.0
2017-06-28 00:00:00,9.549653116210312,9.568160620033618,9.500300949329967,9.537315368652344,69200,0.0,0.0
2017-06-29 00:00:00,9.518811484651021,9.518811484651021,9.438614040848568,9.444783210754395,73100,0.0,0.0
2017-06-30 00:00:00,9.487965499999007,9.487965499999007,9.426274982293442,9.46945858001709,56100,0.0,0.0
2017-07-03 00:00:00,9.518808213501115,9.518808213501115,9.487962962896422,9.512639045715332,24200,0.0,0.0
2017-07-05 00:00:00,9.49413494238784,9.500303523676237,9.407768332781911,9.426275253295898,77400,0.0,0.0
2017-07-06 00:00:00,9.407766579571897,9.432442665100098,9.395428242645654,9.432442665100098,32000,0.0,0.0
2017-07-07 00:00:00,9.42010491649814,9.475625667693377,9.401597411108774,9.432442665100098,32200,0.0,0.0
2017-07-10 00:00:00,9.457117623886687,9.494132041931152,9.43861070902656,9.494132041931152,57300,0.0,0.0
2017-07-11 00:00:00,9.494135151541572,9.55582508405534,9.469459060871182,9.54965591430664,54300,0.0,0.0
2017-07-12 00:00:00,9.557710942211997,9.60729694366455,9.557710942211997,9.60729694366455,18200,0.073,0.0
2017-07-13 00:00:00,9.613493270689553,9.619691667313807,9.563907279918793,9.576303482055664,44400,0.0,0.0
2017-07-14 00:00:00,9.632087240682223,9.65068183822952,9.607294246915291,9.638285636901855,50100,0.0,0.0
2017-07-17 00:00:00,9.613492002961273,9.687870979309082,9.6072936071544,9.687870979309082,67000,0.0,0.0
2017-07-18 00:00:00,9.687871897222793,9.74985408782959,9.669277299151917,9.74985408782959,78500,0.0,0.0
2017-07-19 00:00:00,9.749855386066582,9.749855386066582,9.7002693905339,9.737459182739258,19700,0.0,0.0
2017-07-20 00:00:00,9.72506224693569,9.743657438323915,9.718864440917969,9.718864440917969,19100,0.0,0.0
2017-07-21 00:00:00,9.749858386456513,9.756056785583496,9.725065381060453,9.756056785583496,31000,0.0,0.0
2017-07-24 00:00:00,9.731263175660679,9.76225457825847,9.706470171804813,9.743659973144531,23600,0.0,0.0
2017-07-25 00:00:00,9.749855244341639,9.762252038600453,9.71266604378856,9.718864440917969,79300,0.0,0.0
2017-07-26 00:00:00,9.74365929547143,9.780848503112793,9.731262498849777,9.780848503112793,24300,0.0,0.0
2017-07-27 00:00:00,9.774651375742323,9.799444379598189,9.743659973144531,9.743659973144531,51700,0.0,0.0
2017-07-28 00:00:00,9.743656927534982,9.873820304870605,9.743656927534982,9.873820304870605,79000,0.0,0.0
2017-07-31 00:00:00,9.880019829060302,9.935804818891938,9.86762362440686,9.91720962524414,59700,0.0,0.0
2017-08-01 00:00:00,9.91101360321045,9.966798015302858,9.91101360321045,9.91101360321045,61300,0.0,0.0
2017-08-02 00:00:00,9.972995970709645,9.972995970709645,9.917211561100554,9.942005157470703,21200,0.0,0.0
2017-08-03 00:00:00,9.972995790726376,9.97919418970705,9.88621997833252,9.88621997833252,71000,0.0,0.0
2017-08-04 00:00:00,9.929605493197549,9.929605493197549,9.805639911575803,9.842829704284668,65900,0.0,0.0
2017-08-07 00:00:00,9.84283310161477,9.849031501057624,9.774652481079102,9.774652481079102,85700,0.0,0.0
2017-08-08 00:00:00,9.780846128340617,9.842828914175975,9.774648322646405,9.787044525146484,58100,0.0,0.0
2017-08-09 00:00:00,9.80563912445243,9.811837521258296,9.749854735422938,9.787044525146484,24300,0.0,0.0
2017-08-10 00:00:00,9.80563912445243,9.80563912445243,9.712665536811047,9.787044525146484,47300,0.0,0.0
2017-08-11 00:00:00,9.583419395799092,9.838728063915442,9.46510524617726,9.795138359069824,124400,0.073,0.0
2017-08-14 00:00:00,9.838728063915442,9.838728063915442,9.770230210811086,9.795138359069824,33000,0.0,0.0
2017-08-15 00:00:00,9.807598861859544,9.807598861859544,9.739101559787628,9.776463508605957,21100,0.0,0.0
2017-08-16 00:00:00,9.782685672148197,9.788912858371175,9.739096556301677,9.764004707336426,47600,0.0,0.0
2017-08-17 00:00:00,9.795144483015122,9.795144483015122,9.74532815535237,9.776463508605957,19100,0.0,0.0
2017-08-18 00:00:00,9.795141184301619,9.813822746276855,9.751552060740604,9.813822746276855,23300,0.0,0.0
2017-08-21 00:00:00,9.820047101185661,9.820047101185661,9.770230210811086,9.795138359069824,32900,0.0,0.0
2017-08-22 00:00:00,9.826276527069744,9.826276527069744,9.807595558951776,9.813822746276855,24000,0.0,0.0
2017-08-23 00:00:00,9.820050059629365,9.876092964702506,9.820050059629365,9.869866371154785,17800,0.0,0.0
2017-08-24 00:00:00,9.882320152107502,9.882320152107502,9.826276653177084,9.869866371154785,22000,0.0,0.0
2017-08-25 00:00:00,9.876094912995772,9.876094912995772,9.82005199686684,9.851186752319336,41600,0.0,0.0
2017-08-28 00:00:00,9.84496126406191,9.84496126406191,9.801371532585861,9.820053100585938,36000,0.0,0.0
2017-08-29 00:00:00,9.888549155750566,9.925911099328292,9.820051863286476,9.894776344299316,38200,0.0,0.0
2017-08-30 00:00:00,9.919685754489826,9.919685754489826,9.820053100585938,9.820053100585938,26000,0.0,0.0
2017-08-31 00:00:00,9.87609117432067,9.882318360596775,9.795139534302816,9.826274871826172,49800,0.0,0.0
2017-09-01 00:00:00,9.863640082353628,9.882321052413229,9.851185706409009,9.876093864440918,22900,0.0,0.0
2017-09-05 00:00:00,9.944590838442917,9.944590838442917,9.863639183749788,9.869866371154785,57000,0.0,0.0
2017-09-06 00:00:00,9.907228469848633,9.957044782188525,9.869866532522355,9.907228469848633,41700,0.0,0.0
2017-09-07 00:00:00,9.9321362834734,10.006860749406101,9.9072281281625,9.919682502746582,30600,0.0,0.0
2017-09-08 00:00:00,9.96950098101179,10.013090113819024,9.919684659558552,9.932138442993164,41500,0.0,0.0
2017-09-11 00:00:00,9.988176682907312,9.988176682907312,9.93213261185406,9.975722312927246,11000,0.0,0.0
2017-09-12 00:00:00,9.944588778160819,9.988178487107769,9.888545290841277,9.900999069213867,43900,0.0,0.0
2017-09-13 00:00:00,9.925904170411334,9.969493865966797,9.9009960274612,9.969493865966797,32200,0.0,0.0
2017-09-14 00:00:00,10.052695964273202,10.052695964273202,9.908818209828159,9.965118408203125,28800,0.073,0.0
2017-09-15 00:00:00,9.996393992646063,10.008905410766602,9.94634951331841,10.008905410766602,21900,0.0,0.0
2017-09-18 00:00:00,9.977629231965697,10.033930026918021,9.965118408203125,9.965118408203125,19300,0.0,0.0
2017-09-19 00:00:00,9.96512245291908,9.983888994468714,9.896310806274414,9.896310806274414,37900,0.0,0.0
2017-09-20 00:00:00,9.921329895384234,9.921329895384234,9.840007445842879,9.865030288696289,42500,0.0,0.0
2017-09-21 00:00:00,9.890052837126515,9.890052837126515,9.821241210332168,9.833752632141113,30300,0.0,0.0
2017-09-22 00:00:00,9.83375614686219,9.865034115986306,9.57727787388418,9.70864486694336,253800,0.0,0.0
2017-09-25 00:00:00,9.696125410859391,9.802470059865957,9.689869702899676,9.758681297302246,124800,0.0,0.0
2017-09-26 00:00:00,9.758689177942182,9.783711433410645,9.73366692247372,9.783711433410645,50700,0.0,0.0
2017-09-27 00:00:00,9.758681748555867,9.758681748555867,9.683614442722378,9.714892387390137,74000,0.0,0.0
2017-09-28 00:00:00,9.71489346812368,9.733660594958389,9.627315929204,9.696126937866211,67500,0.0,0.0
2017-09-29 00:00:00,9.739914204147288,9.739914204147288,9.64608097076416,9.64608097076416,58000,0.0,0.0
2017-10-02 00:00:00,9.689874828070021,9.696130539338506,9.596041545352568,9.614808082580566,79800,0.0,0.0
2017-10-03 00:00:00,9.608550040381713,9.689872477411711,9.589783507706274,9.664850234985352,91600,0.0,0.0
2017-10-04 00:00:00,9.633572282808073,9.702383896913549,9.621061459883553,9.664850234985352,43500,0.0,0.0
2017-10-05 00:00:00,9.702385769305971,9.721152305603027,9.67736352205075,9.721152305603027,44900,0.0,0.0
2017-10-06 00:00:00,9.727404886013487,9.727404886013487,9.664848989718937,9.696126937866211,88100,0.0,0.0
2017-10-09 00:00:00,9.721154042157268,9.733665466308594,9.683620366280834,9.733665466308594,17000,0.0,0.0
2017-10-10 00:00:00,9.727405978734678,9.746172511100271,9.702383736721451,9.739916801452637,21200,0.0,0.0
2017-10-11 00:00:00,9.808729206705527,9.808729206705527,9.72740676444953,9.752429008483887,66400,0.0,0.0
2017-10-12 00:00:00,9.802473461622293,9.80872917175293,9.7774512176771,9.80872917175293,37600,0.0,0.0
2017-10-13 00:00:00,9.842035038996503,9.860889344612081,9.804326427765348,9.848320007324219,38200,0.073,0.0
2017-10-16 00:00:00,9.823189403912718,9.835758752295035,9.772910811647254,9.779195785522461,26900,0.0,0.0
2017-10-17 00:00:00,9.798045510527947,9.842039108276367,9.77290622619059,9.842039108276367,28500,0.0,0.0
2017-10-18 00:00:00,9.829467331011937,9.829467331011937,9.779188774791326,9.81689739227295,23100,0.0,0.0
2017-10-19 00:00:00,9.86089481556203,9.86089481556203,9.804331867333454,9.854610443115234,33000,0.0,0.0
2017-10-20 00:00:00,9.835749088938964,9.835749088938964,9.785470546070801,9.810609817504883,23700,0.0,0.0
2017-10-23 00:00:00,9.829464720606076,9.829464720606076,9.779186177737913,9.810609817504883,28900,0.0,0.0
2017-10-24 00:00:00,9.798046112060547,9.823185397941282,9.760336883555516,9.798046112060547,31700,0.0,0.0
2017-10-25 00:00:00,9.772903053764104,9.772903053764104,9.691200256347656,9.691200256347656,26200,0.0,0.0
2017-10-26 00:00:00,9.74148095342617,9.747765923695995,9.55293604090566,9.565505981445312,47700,0.0,0.0
2017-10-27 00:00:00,9.615789158109632,9.615789158109632,9.55294062399486,9.584364891052246,38700,0.0,0.0
2017-10-30 00:00:00,9.584357795152378,9.653490652000814,9.584357795152378,9.6094970703125,32200,0.0,0.0
2017-10-31 00:00:00,9.6220703125,9.6220703125,9.57179114554261,9.6220703125,41000,0.0,0.0
2017-11-01 00:00:00,9.603212356567383,9.666060845819601,9.596927987136253,9.603212356567383,29500,0.0,0.0
2017-11-02 00:00:00,9.634641472013746,9.653495788574219,9.603217211501013,9.653495788574219,21600,0.0,0.0
2017-11-03 00:00:00,9.653496140599549,9.659781112804867,9.60321756169288,9.615787506103516,30100,0.0,0.0
2017-11-06 00:00:00,9.659780333153027,9.722628851397758,9.634641045728713,9.716343879699707,23300,0.0,0.0
2017-11-07 00:00:00,9.697487503483039,9.772905349731445,9.691202533120398,9.772905349731445,31700,0.0,0.0
2017-11-08 00:00:00,9.747764675330396,9.804328201779411,9.741479705865466,9.760334014892578,40400,0.0,0.0
2017-11-09 00:00:00,9.747761726379395,9.747761726379395,9.735191791252266,9.747761726379395,19500,0.0,0.0
2017-11-10 00:00:00,9.747761726379395,9.747761726379395,9.703767552801942,9.747761726379395,36300,0.0,0.0
2017-11-13 00:00:00,9.747771515514522,9.804335081655193,9.735201567764106,9.779195785522461,24500,0.0,0.0
2017-11-14 00:00:00,9.901059718229067,9.945260684123413,9.850544156580389,9.932631492614746,62400,0.073,0.0
2017-11-15 00:00:00,9.95157204783622,10.002087593078613,9.932628266725724,10.002087593078613,59000,0.0,0.0
2017-11-16 00:00:00,9.964199094128032,10.00208604830477,9.951570510864258,9.951570510864258,36800,0.0,0.0
2017-11-17 00:00:00,9.983147439075866,10.002090623733388,9.787399190304855,9.86317253112793,97000,0.0,0.0
2017-11-20 00:00:00,9.882115715785451,9.901059502635958,9.812656970579214,9.86317253112793,39100,0.0,0.0
2017-11-21 00:00:00,9.88212012376688,9.926321710608136,9.856862332226125,9.901063919067383,43600,0.0,0.0
2017-11-22 00:00:00,9.913688766513282,9.913688766513282,9.81897223458522,9.837915420532227,35600,0.0,0.0
2017-11-24 00:00:00,9.856861152366218,9.87580494539916,9.844232559204102,9.844232559204102,5400,0.0,0.0
2017-11-27 00:00:00,9.894746860808393,9.894746860808393,9.800030316625332,9.831602096557617,16900,0.0,0.0
2017-11-28 00:00:00,9.863175794547914,9.863175794547914,9.749515444610116,9.812660217285156,39500,0.0,0.0
2017-11-29 00:00:00,9.793711024805816,9.812654204122737,9.74319547849882,9.787396430969238,47600,0.0,0.0
2017-11-30 00:00:00,9.82528810188702,9.856859881819307,9.793715719761634,9.831602096557617,64500,0.0,0.0
2017-12-01 00:00:00,9.901062016758456,9.901062016758456,9.850546443382598,9.882118225097656,44900,0.0,0.0
2017-12-04 00:00:00,9.850546676879958,9.938948631286621,9.81897429222337,9.938948631286621,28700,0.0,0.0
2017-12-05 00:00:00,9.938944154320124,9.995774300664388,9.894743197026976,9.983145713806152,26400,0.0,0.0
2017-12-06 00:00:00,10.008405967532312,10.077864717930964,10.008405967532312,10.033663749694824,38600,0.0,0.0
2017-12-07 00:00:00,10.096804943242665,10.159949681229055,10.052603987967903,10.128377914428711,47700,0.0,0.0
2017-12-08 00:00:00,10.122068341856199,10.122068341856199,9.932634033916674,9.938948631286621,52400,0.0,0.0
2017-12-11 00:00:00,9.92182856398446,9.97888710113945,9.909149224957236,9.915489196777344,50000,0.063,0.0
2017-12-12 00:00:00,9.902809511971125,9.915489455942762,9.85209094531059,9.864770889282227,36600,0.0,0.0
2017-12-13 00:00:00,9.896467457354417,9.915487369309286,9.826729594025196,9.845748901367188,60000,0.0,0.0
2017-12-14 00:00:00,9.84575010975842,9.852090081188162,9.795031547546387,9.795031547546387,69900,0.0,0.0
2017-12-15 00:00:00,9.820389623373574,9.858428842670435,9.801370316031582,9.845748901367188,82100,0.0,0.0
2017-12-18 00:00:00,9.871110296676006,9.871110296676006,9.782353106966719,9.788692474365234,39200,0.0,0.0
2017-12-19 00:00:00,9.79503616366725,9.79503616366725,9.680919647216797,9.680919647216797,51300,0.0,0.0
2017-12-20 00:00:00,9.668235023727368,9.680914966431716,9.611176490783691,9.611176490783691,42200,0.0,0.0
2017-12-21 00:00:00,9.611176857337393,9.661895420863212,9.509739730285753,9.573138236999512,89000,0.0,0.0
2017-12-22 00:00:00,9.598497518762422,9.845750364797551,9.535099012048663,9.573138236999512,61300,0.0,0.0
2017-12-26 00:00:00,9.554119219439652,9.579478503584038,9.541439879673973,9.56679916381836,65500,0.0,0.0
2017-12-27 00:00:00,9.6111815038234,9.6111815038234,9.560462915777888,9.598502159118652,98000,0.0,0.0
2017-12-28 00:00:00,9.62385643348804,9.649215714283791,9.592157181340115,9.611176490783691,61200,0.0,0.0
2017-12-29 00:00:00,9.60483276519375,9.63019203607733,9.573134130048805,9.617512702941895,65400,0.0,0.0
2018-01-02 00:00:00,9.617517546432206,9.6301968859531,9.560459007055648,9.58581829071045,82900,0.0,0.0
2018-01-03 00:00:00,9.579477932246165,9.661895751953125,9.579477932246165,9.661895751953125,95000,0.0,0.0
2018-01-04 00:00:00,9.65555190686377,9.706271056394842,9.604833361945449,9.693591117858887,37800,0.0,0.0
2018-01-05 00:00:00,9.680917686145994,9.693597027799475,9.642878451959321,9.674577713012695,47500,0.0,0.0
2018-01-08 00:00:00,9.687255034585036,9.687255034585036,9.642876441132438,9.661895751953125,28600,0.0,0.0
2018-01-09 00:00:00,9.649215714283791,9.687254333170944,9.604836519431517,9.611176490783691,74600,0.0,0.0
2018-01-10 00:00:00,9.585819619047413,9.592159591992917,9.528761071764073,9.547780990600586,62900,0.0,0.0
2018-01-11 00:00:00,9.554113388061523,9.61117189371384,9.547774024354442,9.554113388061523,56600,0.0,0.0
2018-01-12 00:00:00,9.575131201299882,9.594230362199596,9.524199700799727,9.549665451049805,46900,0.063,0.0
2018-01-16 00:00:00,9.543294224430591,9.56875996230638,9.447797859184151,9.466897010803223,97200,0.0,0.0
2018-01-17 00:00:00,9.50509702203306,9.50509702203306,9.447798953388741,9.473264694213867,47400,0.0,0.0
2018-01-18 00:00:00,9.47326359705994,9.479630183316658,9.435064686670714,9.466897010803223,60300,0.0,0.0
2018-01-19 00:00:00,9.44779931836341,9.51146336931003,9.428700163794542,9.505097389221191,84200,0.0,0.0
2018-01-22 00:00:00,9.485997850305338,9.505097612473993,9.435066365491307,9.44143295288086,56000,0.0,0.0
2018-01-23 00:00:00,9.479631647412308,9.52419654379006,9.454165905603425,9.505097389221191,37000,0.0,0.0
2018-01-24 00:00:00,9.50509923257005,9.517831802368164,9.466900308873118,9.517831802368164,43900,0.0,0.0
2018-01-25 00:00:00,9.517829588870047,9.517829588870047,9.460531520225727,9.473264694213867,27200,0.0,0.0
2018-01-26 00:00:00,9.466903125260956,9.466903125260956,9.384139271921576,9.409605026245117,43100,0.0,0.0
2018-01-29 00:00:00,9.371402731959856,9.371402731959856,9.154943608248708,9.161310195922852,156300,0.0,0.0
2018-01-30 00:00:00,9.135839170794645,9.154938315624321,9.059441377174208,9.123106002807617,97400,0.0,0.0
2018-01-31 00:00:00,9.129476690122509,9.180408170660478,9.104010949853523,9.135843276977539,130500,0.0,0.0
2018-02-01 00:00:00,9.14220903089326,9.186774530626689,9.110377311706543,9.110377311706543,86600,0.0,0.0
2018-02-02 00:00:00,9.097643625166567,9.104010211505258,9.046712148759214,9.07217788696289,93800,0.0,0.0
2018-02-05 00:00:00,9.059444928232706,9.11037701299396,8.9703151459905,9.008513450622559,94200,0.0,0.0
2018-02-06 00:00:00,8.989416780737166,9.065814018249512,8.983050192489985,9.065814018249512,73000,0.0,0.0
2018-02-07 00:00:00,9.07854325654083,9.161307046398054,9.07854325654083,9.148573875427246,69900,0.0,0.0
2018-02-08 00:00:00,9.154942226465984,9.18040796616772,9.110377333775725,9.14220905303955,63300,0.0,0.0
2018-02-09 00:00:00,9.148575617591053,9.148575617591053,9.091277551613162,9.110377311706543,97000,0.0,0.0
2018-02-12 00:00:00,9.110377168567979,9.135842907807922,9.09764399537245,9.104010581970215,54800,0.0,0.0
2018-02-13 00:00:00,9.097642405846033,9.15494046091265,9.097642405846033,9.148573875427246,28600,0.0,0.0
2018-02-14 00:00:00,9.156886678759138,9.16967591962284,9.118520175817169,9.150492668151855,54000,0.063,0.0
2018-02-15 00:00:00,9.144101279906746,9.169679160850656,9.1313120345224,9.156889915466309,62500,0.0,0.0
2018-02-16 00:00:00,9.15689111110804,9.195258242446002,9.15689111110804,9.176074981689453,81000,0.0,0.0
2018-02-20 00:00:00,9.150500777160687,9.17607867173019,9.137711524963379,9.137711524963379,66500,0.0,0.0
2018-02-21 00:00:00,9.150494188013848,9.182466075834375,9.105732447380706,9.118521690368652,53500,0.0,0.0
2018-02-22 00:00:00,9.099337342956737,9.150493702368827,9.092943331626785,9.105731964111328,60700,0.0,0.0
2018-02-23 00:00:00,9.131310990170656,9.131310990170656,9.048182734154167,9.067366600036621,101200,0.0,0.0
2018-02-26 00:00:00,9.080157758748074,9.105735643878214,9.073763135009317,9.092947006225586,54200,0.0,0.0
2018-02-27 00:00:00,9.086552382486829,9.105735643878214,9.041791235965306,9.092947006225586,48000,0.0,0.0
2018-02-28 00:00:00,9.080155470301799,9.092944714556072,9.048182969490842,9.060972213745117,47500,0.0,0.0
2018-03-01 00:00:00,9.060973267332184,9.086551148990134,9.003422881145596,9.041790008544922,87700,0.0,0.0
2018-03-02 00:00:00,9.003420734434117,9.073759739766148,8.990632101566774,9.022603988647461,95400,0.0,0.0
2018-03-05 00:00:00,9.035395758392308,9.086551523818429,9.035395758392308,9.048184394836426,31800,0.0,0.0
2018-03-06 00:00:00,9.035395385674233,9.073761903248759,9.029000762803546,9.041790008544922,65200,0.0,0.0
2018-03-07 00:00:00,9.028999478096429,9.073760612172725,9.028999478096429,9.067366600036621,37900,0.0,0.0
2018-03-08 00:00:00,9.048182734154167,9.080155234133542,9.048182734154167,9.067366600036621,12400,0.0,0.0
2018-03-09 00:00:00,9.048187230444224,9.067371105859666,9.009820699263374,9.016215324401855,40600,0.0,0.0
2018-03-12 00:00:00,9.048184394836426,9.048184394836426,9.01621249881372,9.048184394836426,27400,0.0,0.0
2018-03-13 00:00:00,9.041792392423822,9.054581031712136,9.009819879465596,9.029003143310547,83600,0.0,0.0
2018-03-14 00:00:00,9.018085191625048,9.037354432963742,8.966700139683104,9.024508476257324,77600,0.063,0.0
2018-03-15 00:00:00,9.043775097182339,9.043775097182339,8.99881334290024,9.005236625671387,37000,0.0,0.0
2018-03-16 00:00:00,8.979543494586803,9.018082578655717,8.979543494586803,9.005236625671387,41500,0.0,0.0
2018-03-19 00:00:00,8.97954273223877,8.99238929669041,8.966696780345039,8.97954273223877,24100,0.0,0.0
2018-03-20 00:00:00,8.95384851072994,8.96669507273509,8.934579280280007,8.947425842285156,39900,0.0,0.0
2018-03-21 00:00:00,8.915311854349017,8.947427653304556,8.88319605539348,8.928157806396484,63300,0.0,0.0
2018-03-22 00:00:00,8.928158893484158,8.97312126251967,8.928158893484158,8.960274696350098,35800,0.0,0.0
2018-03-23 00:00:00,8.921732946674618,8.947425457020843,8.908886385222623,8.934578895568848,40200,0.0,0.0
2018-03-26 00:00:00,8.90888686603039,8.934579377763225,8.889617635370213,8.896040916442871,76500,0.0,0.0
2018-03-27 00:00:00,8.941004999253941,8.941004999253941,8.870350726633468,8.921735763549805,48700,0.0,0.0
2018-03-28 00:00:00,8.902463487824921,8.960271791732517,8.883194257374985,8.947425842285156,59100,0.0,0.0
2018-03-29 00:00:00,8.960271217832656,9.063041257060338,8.960271217832656,9.037348747253418,98500,0.0,0.0
2018-04-02 00:00:00,9.075891726549466,9.075891726549466,8.966698359709211,8.973121643066406,93400,0.0,0.0
2018-04-03 00:00:00,8.985964303185026,8.985964303185026,8.934579280280007,8.947425842285156,55300,0.0,0.0
2018-04-04 00:00:00,8.883194257374985,8.973118353737666,8.883194257374985,8.947425842285156,218500,0.0,0.0
2018-04-05 00:00:00,8.921737835615094,8.985968840399126,8.921737835615094,8.966699600219727,61200,0.0,0.0
2018-04-06 00:00:00,8.979543494586803,9.018082578655717,8.979543494586803,9.005236625671387,42300,0.0,0.0
2018-04-09 00:00:00,8.998814582824707,9.018083821235244,8.98596801551232,8.998814582824707,34800,0.0,0.0
2018-04-10 00:00:00,8.99881257891623,9.01165853080996,8.97954273223877,8.97954273223877,49600,0.0,0.0
2018-04-11 00:00:00,8.985966014464589,9.005235861142049,8.97954273223877,8.97954273223877,36800,0.0,0.0
2018-04-12 00:00:00,8.998812292802954,8.998812292802954,8.966696495252872,8.985965728759766,20200,0.0,0.0
2018-04-13 00:00:00,8.962095363113372,9.007260512494023,8.962095363113372,8.97499942779541,18700,0.063,0.0
2018-04-16 00:00:00,8.929831833034942,8.974996970047398,8.929831833034942,8.949188232421875,35100,0.0,0.0
2018-04-17 00:00:00,8.949188232421875,8.968544631808806,8.92337949479635,8.949188232421875,63700,0.0,0.0
2018-04-18 00:00:00,8.94273703223073,8.949189371290442,8.884667826680081,8.9169282913208,66500,0.0,0.0
2018-04-19 00:00:00,8.897567020245278,8.910471691302575,8.878210628987915,8.904019355773926,61100,0.0,0.0
2018-04-20 00:00:00,8.86531015894815,8.91047591372287,8.86531015894815,8.878214836120605,41900,0.0,0.0
2018-04-23 00:00:00,8.858857090652116,8.904022841706503,8.858857090652116,8.884666442871094,55800,0.0,0.0
2018-04-24 00:00:00,8.85885642402747,8.891117496544737,8.84595236421783,8.86530876159668,47900,0.0,0.0
2018-04-25 00:00:00,8.845952141686853,8.891117272877576,8.813691069981152,8.858856201171875,179700,0.0,0.0
2018-04-26 00:00:00,8.884665774304308,8.884665774304308,8.852404701787039,8.86530876159668,35000,0.0,0.0
2018-04-27 00:00:00,8.878211132138613,8.90401986038727,8.878211132138613,8.891115188598633,22400,0.0,0.0
2018-04-30 00:00:00,8.897569257447305,8.923377990722656,8.891116920296284,8.923377990722656,31200,0.0,0.0
2018-05-01 00:00:00,8.936278116642796,8.942729835181288,8.916921115042046,8.929825782775879,53900,0.0,0.0
2018-05-02 00:00:00,8.916921115042046,8.962086836782039,8.916921115042046,8.929825782775879,49500,0.0,0.0
2018-05-03 00:00:00,8.936286296205681,8.968546764412071,8.936286296205681,8.955642700195312,20800,0.0,0.0
2018-05-04 00:00:00,8.949190463158763,8.994355611429395,8.949190463158763,8.968546867370605,34100,0.0,0.0
2018-05-07 00:00:00,8.962095039968187,8.981451443957818,8.949190360422438,8.955642700195312,37100,0.0,0.0
2018-05-08 00:00:00,8.936278116642796,8.968538555320531,8.929825782775879,8.929825782775879,37600,0.0,0.0
2018-05-09 00:00:00,8.904017062636637,8.949182169048205,8.904017062636637,8.929825782775879,29300,0.0,0.0
2018-05-10 00:00:00,8.942733764648438,8.95563843805263,8.929829706572944,8.942733764648438,49600,0.0,0.0
2018-05-11 00:00:00,8.949187723853338,8.962092399597168,8.936283663438315,8.962092399597168,40800,0.0,0.0
2018-05-14 00:00:00,8.970517035077672,9.002925095612293,8.970517035077672,8.989961624145508,37500,0.063,0.0
2018-05-15 00:00:00,8.964034377085593,8.970516112152117,8.931626319885254,8.931626319885254,57800,0.0,0.0
2018-05-16 00:00:00,8.931627485134637,8.957553810650886,8.925146367354843,8.951072692871094,34000,0.0,0.0
2018-05-17 00:00:00,8.938108176735113,8.95107164704479,8.912181854248047,8.912181854248047,35400,0.0,0.0
2018-05-18 00:00:00,8.905700119093208,8.94458991188995,8.905700119093208,8.912181854248047,36900,0.0,0.0
2018-05-21 00:00:00,8.905701637268066,8.93162796417485,8.905701637268066,8.905701637268066,28600,0.0,0.0
2018-05-22 00:00:00,8.918665885925293,8.93811047826443,8.905702412277572,8.918665885925293,53100,0.0,0.0
2018-05-23 00:00:00,8.91866507050009,8.964035987854004,8.91866507050009,8.964035987854004,53200,0.0,0.0
2018-05-24 00:00:00,8.957553563610887,9.02885142041352,8.957553563610887,8.989961624145508,70500,0.0,0.0
2018-05-25 00:00:00,9.009407945324135,9.028853156262766,8.98348161553842,9.00292682647705,45400,0.0,0.0
2018-05-29 00:00:00,9.015890379634802,9.054780186387525,9.015890379634802,9.041816711425781,40900,0.0,0.0
2018-05-30 00:00:00,9.028853854596546,9.054780186387525,9.002927522805567,9.041816711425781,36000,0.0,0.0
2018-05-31 00:00:00,9.041817354144703,9.074225425720215,9.041817354144703,9.074225425720215,34100,0.0,0.0
2018-06-01 00:00:00,9.08070729408929,9.087189032124002,9.035335745978877,9.054780960083008,52800,0.0,0.0
2018-06-04 00:00:00,9.054777887253742,9.074222476626598,9.028851562045817,9.035332679748535,71200,0.0,0.0
2018-06-05 00:00:00,9.041817224831206,9.100151629206334,9.041817224831206,9.093669891357422,74600,0.0,0.0
2018-06-06 00:00:00,9.07422503905702,9.080706776722439,9.041816968862454,9.067743301391602,30000,0.0,0.0
2018-06-07 00:00:00,9.067743121301136,9.093669453315373,9.054780264360275,9.080706596374512,10900,0.0,0.0
2018-06-08 00:00:00,9.074222388136455,9.087185859680176,9.05477779895322,9.087185859680176,48900,0.0,0.0
2018-06-11 00:00:00,9.07422555605458,9.087189032124002,9.048299222048298,9.054780960083008,56100,0.0,0.0
2018-06-12 00:00:00,9.041817796105622,9.080707607523667,9.02237319946289,9.02237319946289,84300,0.0,0.0
2018-06-13 00:00:00,9.022366914328138,9.061256080522742,9.015885180584986,9.028848648071289,58900,0.0,0.0
2018-06-14 00:00:00,9.024294403658232,9.050338519158833,9.011272656378276,9.030805587768555,53900,0.063,0.0
2018-06-15 00:00:00,9.024293899536133,9.05033801358184,9.01127215298361,9.024293899536133,36400,0.0,0.0
2018-06-18 00:00:00,9.011271028369721,9.0503368840925,9.011271028369721,9.017782211303711,26100,0.0,0.0
2018-06-19 00:00:00,9.017783842837824,9.082893821135947,9.017783842837824,9.076382637023926,23400,0.0,0.0
2018-06-20 00:00:00,9.069872071489806,9.076382634659437,9.030805587768555,9.030805587768555,29000,0.0,0.0
2018-06-21 00:00:00,9.03731587342176,9.05033761940714,9.011271760510368,9.043827056884766,52500,0.0,0.0
2018-06-22 00:00:00,9.037317949814279,9.063362068709504,9.024295579896277,9.050339698791504,35000,0.0,0.0
2018-06-25 00:00:00,9.03731587342176,9.076381732318533,9.03731587342176,9.043827056884766,33400,0.0,0.0
2018-06-26 00:00:00,9.030806764855278,9.076383817686729,9.024295579896277,9.050339698791504,42700,0.0,0.0
2018-06-27 00:00:00,9.063357859507793,9.102423709237295,9.063357859507793,9.069869041442871,26000,0.0,0.0
2018-06-28 00:00:00,9.076379602437465,9.076379602437465,9.056846677572713,9.069869041442871,32400,0.0,0.0
2018-06-29 00:00:00,9.069873581883497,9.095917701721191,9.063362396688873,9.095917701721191,38500,0.0,0.0
2018-07-02 00:00:00,9.128471264738957,9.148004195654499,9.082893598015122,9.102426528930664,65500,0.0,0.0
2018-07-03 00:00:00,9.069867255811978,9.089400176831184,8.978712589488412,8.985223770141602,122600,0.0,0.0
2018-07-05 00:00:00,8.972203745890939,8.998247854347236,8.900582602871257,8.933137893676758,120300,0.0,0.0
2018-07-06 00:00:00,8.920115528978348,8.965693184482259,8.920115528978348,8.933137893676758,141800,0.0,0.0
2018-07-09 00:00:00,8.97220543914751,8.97220543914751,8.939650142198094,8.959183692932129,52000,0.0,0.0
2018-07-10 00:00:00,8.946157307162826,8.991734950794791,8.939646126509636,8.985223770141602,60900,0.0,0.0
2018-07-11 00:00:00,8.965696056026571,8.99174017282431,8.965696056026571,8.978717803955078,38200,0.0,0.0
2018-07-12 00:00:00,8.965691589268527,9.011268615722656,8.959180408077819,9.011268615722656,77600,0.0,0.0
2018-07-13 00:00:00,8.99558162689209,9.034806196984885,8.99558162689209,8.99558162689209,28000,0.056,0.0
2018-07-16 00:00:00,9.00211814037316,9.028268058328198,8.995580505018593,9.021730422973633,52900,0.0,0.0
2018-07-17 00:00:00,9.008657809586547,9.05442064710414,9.008657809586547,9.028270721435547,44400,0.0,0.0
2018-07-18 00:00:00,9.041346921341935,9.087109143235297,9.028272267999624,9.080572128295898,54300,0.0,0.0
2018-07-19 00:00:00,9.087105156749876,9.106718063354492,9.074030509143373,9.106718063354492,55000,0.0,0.0
2018-07-20 00:00:00,9.113258361816406,9.119795999708858,9.093646071602517,9.113258361816406,43700,0.0,0.0
2018-07-23 00:00:00,9.100181778656202,9.132869337719484,9.087106505645556,9.093644142150879,54600,0.0,0.0
2018-07-24 00:00:00,9.087105156749876,9.119792710960997,9.080568144678244,9.106718063354492,45900,0.0,0.0
2018-07-25 00:00:00,9.113256428203515,9.132869337719484,9.093644142150879,9.093644142150879,46300,0.0,0.0
2018-07-26 00:00:00,9.087106505645556,9.113256428203515,9.080569492603566,9.093644142150879,25700,0.0,0.0
2018-07-27 00:00:00,9.113256428203515,9.113256428203515,9.087106505645556,9.093644142150879,22200,0.0,0.0
2018-07-30 00:00:00,9.080572309209165,9.093646962811965,9.047884740006875,9.054422378540039,24900,0.0,0.0
2018-07-31 00:00:00,9.047884740006875,9.080572309209165,9.047884740006875,9.054422378540039,47900,0.0,0.0
2018-08-01 00:00:00,9.054420320858858,9.119794820943092,9.04134504676398,9.10018253326416,69800,0.0,0.0
2018-08-02 00:00:00,9.080572732492733,9.106722664380817,9.060959815979004,9.060959815979004,54600,0.0,0.0
2018-08-03 00:00:00,9.13287127549376,9.139408289922747,9.093646071602517,9.113258361816406,56000,0.0,0.0
2018-08-06 00:00:00,9.113258518852438,9.145946085414488,9.047884009191812,9.067496299743652,105500,0.0,0.0
2018-08-07 00:00:00,9.054418006042633,9.067492653331515,9.01519281724954,9.041342735290527,96400,0.0,0.0
2018-08-08 00:00:00,9.074034489892986,9.09364678163821,9.047884559744848,9.080572128295898,69000,0.0,0.0
2018-08-09 00:00:00,9.113259254947927,9.113259254947927,9.03480946294055,9.054422378540039,37500,0.0,0.0
2018-08-10 00:00:00,9.060960366061643,9.100185578006872,9.03481043258602,9.07403564453125,29900,0.0,0.0
2018-08-13 00:00:00,9.041349208393068,9.093649081918839,9.041349208393068,9.047886848449707,48400,0.0,0.0
2018-08-14 00:00:00,9.051823675040774,9.051823675040774,9.025567503706215,9.045259475708008,36100,0.056,0.0
2018-08-15 00:00:00,9.071511212811416,9.078075408935547,9.025563091934893,9.078075408935547,57600,0.0,0.0
2018-08-16 00:00:00,9.084639605059678,9.091203801183807,9.05838344655935,9.078075408935547,47500,0.0,0.0
2018-08-17 00:00:00,9.091206550598145,9.097770122711072,9.071513956270206,9.091206550598145,57000,0.0,0.0
2018-08-20 00:00:00,9.091206550598145,9.117462717039011,9.078078154379519,9.091206550598145,27800,0.0,0.0
2018-08-21 00:00:00,9.084647178649902,9.09777495584619,9.012442213081803,9.084647178649902,84400,0.0,0.0
2018-08-22 00:00:00,9.117461015552667,9.117461015552667,9.018999940276784,9.03212833404541,65800,0.0,0.0
2018-08-23 00:00:00,9.02556324005127,9.045255202750626,9.012434847587562,9.02556324005127,20400,0.0,0.0
2018-08-24 00:00:00,9.051823675040774,9.058387874373539,9.025567503706215,9.045259475708008,44500,0.0,0.0
2018-08-27 00:00:00,9.051820298702077,9.058384495586392,9.012435743392471,9.03212833404541,37400,0.0,0.0
2018-08-28 00:00:00,9.018999043819417,9.038691632514979,8.992742884888205,9.02556324005127,22000,0.0,0.0
2018-08-29 00:00:00,9.01243782043457,9.045258186423776,8.992745851239613,9.01243782043457,48000,0.0,0.0
2018-08-30 00:00:00,8.999307632446289,9.045255756891784,8.986179239178293,8.999307632446289,50300,0.0,0.0
2018-08-31 00:00:00,8.999309482131567,9.025565648067909,8.992745284148388,9.005873680114746,25300,0.0,0.0
2018-09-04 00:00:00,9.019002522206925,9.019002522206925,8.979618581618883,8.992746353149414,51900,0.0,0.0
2018-09-05 00:00:00,8.979620871147599,9.019004821777344,8.97305667071044,9.019004821777344,40200,0.0,0.0
2018-09-06 00:00:00,8.986184266283951,9.038697242736816,8.986184266283951,9.038697242736816,93700,0.0,0.0
2018-09-07 00:00:00,9.019004821777344,9.045260997529377,8.979620871147599,9.019004821777344,51800,0.0,0.0
2018-09-10 00:00:00,9.02556324005127,9.05181939898248,8.99930708112006,9.02556324005127,73000,0.0,0.0
2018-09-11 00:00:00,8.999308130155951,9.032128489144835,8.9730519681641,8.979616165161133,45500,0.0,0.0
2018-09-12 00:00:00,8.973053488932571,8.992745457264819,8.973053488932571,8.986181259155273,29000,0.0,0.0
2018-09-13 00:00:00,8.957185734016988,8.990140920927944,8.957185734016988,8.970367431640625,17900,0.056,0.0
2018-09-14 00:00:00,8.943993565136497,8.983539871623293,8.911039043059255,8.930811882019043,43100,0.0,0.0
2018-09-17 00:00:00,8.897863393703638,8.897863393703638,8.818771350076616,8.864908218383789,67000,0.0,0.0
2018-09-18 00:00:00,8.818771350076616,8.897863393703638,8.818771350076616,8.864908218383789,95400,0.0,0.0
2018-09-19 00:00:00,8.831949251023481,8.897859573364258,8.798994718420511,8.897859573364258,82800,0.0,0.0
2018-09-20 00:00:00,8.878087365124715,8.904451370239258,8.84513220158967,8.904451370239258,56900,0.0,0.0
2018-09-21 00:00:00,8.871497154896463,8.878088314021433,8.818769139031769,8.825360298156738,74400,0.0,0.0
2018-09-24 00:00:00,8.845134747459044,8.845134747459044,8.733087536330151,8.766042709350586,98900,0.0,0.0
2018-09-25 00:00:00,8.766044627252104,8.772635789011783,8.713316590310226,8.733089447021484,59500,0.0,0.0
2018-09-26 00:00:00,8.713312791859613,8.83195050897644,8.713312791859613,8.798995971679688,85000,0.0,0.0
2018-09-27 00:00:00,8.805581140591864,8.871491432189941,8.805581140591864,8.871491432189941,114100,0.0,0.0
2018-09-28 00:00:00,8.851723994214598,8.911043167114258,8.818768828318397,8.911043167114258,111200,0.0,0.0
2018-10-01 00:00:00,8.937409090403548,8.937409090403548,8.825361879472728,8.878089904785156,98400,0.0,0.0
2018-10-02 00:00:00,8.864908218383789,8.89127223292613,8.83854420384145,8.864908218383789,66600,0.0,0.0
2018-10-03 00:00:00,8.838541985204978,8.864905993129467,8.746268271753028,8.792405128479004,101500,0.0,0.0
2018-10-04 00:00:00,8.772631952081039,8.792404800144146,8.64081128881364,8.653993606567383,83700,0.0,0.0
2018-10-05 00:00:00,8.627630233195019,8.700131100462162,8.502400719608296,8.515583038330078,101300,0.0,0.0
2018-10-08 00:00:00,8.51558463777853,8.581494986632014,8.396946261269322,8.456265449523926,113700,0.0,0.0
2018-10-09 00:00:00,8.456263226509803,8.535355247201377,8.436490378478785,8.462854385375977,151500,0.0,0.0
2018-10-10 00:00:00,8.45626002201136,8.45626002201136,8.39034971546133,8.403532028198242,253700,0.0,0.0
2018-10-11 00:00:00,8.423308375753992,8.443081853091986,8.403535526983527,8.410126686096191,102100,0.0,0.0
2018-10-12 00:00:00,8.427337276732588,8.47367813263992,8.427337276732588,8.447197914123535,73600,0.056,0.0
2018-10-15 00:00:00,8.433959511058301,8.460439735922757,8.407479286193848,8.407479286193848,58100,0.0,0.0
2018-10-16 00:00:00,8.414096900138345,8.473677545506474,8.414096900138345,8.427336692810059,81000,0.0,0.0
2018-10-17 00:00:00,8.460440514339048,8.500161170959473,8.420720489057043,8.500161170959473,163600,0.0,0.0
2018-10-18 00:00:00,8.47367779101598,8.586218873007974,8.40747693172486,8.533258438110352,164000,0.0,0.0
2018-10-19 00:00:00,8.500159571167886,8.506779784581722,8.447199126533805,8.467059135437012,55000,0.0,0.0
2018-10-22 00:00:00,8.460433959960938,8.506774795340487,8.433953753174594,8.460433959960938,44600,0.0,0.0
2018-10-23 00:00:00,8.47368049621582,8.500160722118373,8.440580056003032,8.47368049621582,63000,0.0,0.0
2018-10-24 00:00:00,8.520017555710288,8.520017555710288,8.473677335500504,8.5067777633667,55100,0.0,0.0
2018-10-25 00:00:00,8.486913666392908,8.599454696434384,8.473673879449265,8.539874076843262,178000,0.0,0.0
2018-10-26 00:00:00,8.520018080987132,8.54649829864502,8.486917651080226,8.54649829864502,73600,0.0,0.0
2018-10-29 00:00:00,8.513399366657257,8.513399366657257,8.453819339947641,8.467059135437012,87000,0.0,0.0
2018-10-30 00:00:00,8.453818345241585,8.520018577575684,8.447198132606708,8.520018577575684,52000,0.0,0.0
2018-10-31 00:00:00,8.467059586453098,8.493539810180664,8.42071935276444,8.493539810180664,116600,0.0,0.0
2018-11-01 00:00:00,8.493541525528292,8.493541525528292,8.460441081349316,8.486921310424805,73700,0.0,0.0
2018-11-02 00:00:00,8.447200270313267,8.47368049621582,8.433959841692799,8.47368049621582,53000,0.0,0.0
2018-11-05 00:00:00,8.440580056003032,8.526640948020924,8.440580056003032,8.47368049621582,76900,0.0,0.0
2018-11-06 00:00:00,8.467057920176272,8.47367813263992,8.440577701659885,8.447197914123535,65600,0.0,0.0
2018-11-07 00:00:00,8.44057929868684,8.486919532023915,8.41409907516018,8.480299949645996,169300,0.0,0.0
2018-11-08 00:00:00,8.46043668282601,8.566357544060432,8.44057667917909,8.553117752075195,107200,0.0,0.0
2018-11-09 00:00:00,8.539881199994682,8.572981641969847,8.533261616670384,8.566361427307129,111000,0.0,0.0
2018-11-12 00:00:00,8.559742105685224,8.625942360321115,8.559742105685224,8.619322776794434,51100,0.0,0.0
2018-11-13 00:00:00,8.612699769488312,8.645800201743535,8.599459344050931,8.632559776306152,62800,0.0,0.0
2018-11-14 00:00:00,8.643203276186123,8.663148952363146,8.643203276186123,8.656500816345215,34900,0.056,0.0
2018-11-15 00:00:00,8.65649664008117,8.722982406616211,8.616604672911098,8.722982406616211,191600,0.0,0.0
2018-11-16 00:00:00,8.709681770956713,8.7296274289555,8.656492926919261,8.683087348937988,119100,0.0,0.0
2018-11-19 00:00:00,8.656492679943208,8.722978416062617,8.636546388452468,8.643195152282715,77100,0.0,0.0
2018-11-20 00:00:00,8.643195152282715,8.663140809712436,8.623249494852994,8.643195152282715,89900,0.0,0.0
2018-11-21 00:00:00,8.629899092203505,8.649845387086266,8.623250961303711,8.623250961303711,79300,0.0,0.0
2018-11-23 00:00:00,8.61660219634279,8.629899092203505,8.61660219634279,8.623250961303711,27200,0.0,0.0
2018-11-26 00:00:00,8.609958400145548,8.643201610073513,8.550120749087508,8.603309631347656,109800,0.0,0.0
2018-11-27 00:00:00,8.609960059850007,8.656500816345215,8.596663153752528,8.656500816345215,129200,0.0,0.0
2018-11-28 00:00:00,8.603303203362254,8.69638399480265,8.603303203362254,8.643195152282715,184200,0.0,0.0
2018-11-29 00:00:00,8.656500284886814,8.802769413287074,8.656500284886814,8.796120643615723,219400,0.0,0.0
2018-11-30 00:00:00,8.756224615051925,8.809413475879506,8.756224615051925,8.789467811584473,125500,0.0,0.0
2018-12-03 00:00:00,8.81606209179095,8.88254784966203,8.709684371948242,8.709684371948242,199400,0.0,0.0
2018-12-04 00:00:00,8.742923037189769,8.782814981381819,8.72962614516638,8.749571800231934,184200,0.0,0.0
2018-12-06 00:00:00,8.74958052403942,8.895850286501254,8.74958052403942,8.796120643615723,233600,0.0,0.0
2018-12-07 00:00:00,8.762875958125552,8.849308040903315,8.736281519890966,8.816064834594727,86300,0.0,0.0
2018-12-10 00:00:00,8.85594991326003,8.875896203378884,8.802761074398363,8.836004257202148,121100,0.0,0.0
2018-12-11 00:00:00,8.875907032356135,8.90250148423331,8.809420585632324,8.809420585632324,177500,0.0,0.0
2018-12-12 00:00:00,8.834831237792969,8.841519378160507,8.781327390484998,8.834831237792969,129800,0.078,0.0
2018-12-13 00:00:00,8.808076699774427,8.834828615488057,8.721132814251135,8.754572868347168,155300,0.0,0.0
2018-12-14 00:00:00,8.754572769978797,8.794700324190368,8.66094074712517,8.681004524230957,198700,0.0,0.0
2018-12-17 00:00:00,8.694382689320506,8.714446470784273,8.65425448857686,8.687694549560547,249100,0.0,0.0
2018-12-18 00:00:00,8.754572403635047,8.754572403635047,8.573996503791427,8.587372779846191,284700,0.0,0.0
2018-12-19 00:00:00,8.594062027091663,8.68769342029603,8.594062027091663,8.640877723693848,129600,0.0,0.0
2018-12-20 00:00:00,8.654254297145041,8.70107063661307,8.594062954085171,8.647566795349121,228600,0.0,0.0
2018-12-21 00:00:00,8.647566964971283,8.694382667541504,8.63419068548487,8.694382667541504,208600,0.0,0.0
2018-12-24 00:00:00,8.707756959962753,8.868268450275144,8.67431690669368,8.828140258789062,92100,0.0,0.0
2018-12-26 00:00:00,8.781326675329199,8.828142378456937,8.674318989428018,8.761262893676758,112900,0.0,0.0
2018-12-27 00:00:00,8.741193186935934,8.788009499562078,8.681001240570701,8.721129417419434,148400,0.0,0.0
2018-12-28 00:00:00,8.707758968840427,8.734510890064152,8.681006409800586,8.687694549560547,156400,0.0,0.0
2018-12-31 00:00:00,8.727820854565756,8.767948408777329,8.681004524230957,8.681004524230957,205000,0.0,0.0
2019-01-02 00:00:00,8.727820874105767,8.88833236694336,8.727820874105767,8.88833236694336,70400,0.0,0.0
2019-01-03 00:00:00,8.874961032630173,8.955216817974463,8.874961032630173,8.928464889526367,97300,0.0,0.0
2019-01-04 00:00:00,8.895024819512175,8.961904321724274,8.828144679483788,8.928464889526367,88600,0.0,0.0
2019-01-07 00:00:00,8.961901221247851,9.035469477390519,8.961901221247851,9.002029418945312,76100,0.0,0.0
2019-01-08 00:00:00,9.01540366660711,9.068908134541768,9.01540366660711,9.042156219482422,22800,0.0,0.0
2019-01-09 00:00:00,9.002025024393237,9.142472691047391,9.002025024393237,9.102344512939453,89300,0.0,0.0
2019-01-10 00:00:00,9.088970557910365,9.162538153914353,9.068906784057617,9.068906784057617,47900,0.0,0.0
2019-01-11 00:00:00,9.075603040772112,9.129106914550764,9.075603040772112,9.10904312133789,29600,0.0,0.0
2019-01-14 00:00:00,9.113064813749386,9.153358677059323,9.106349703572088,9.126496315002441,23500,0.056,0.0
2019-01-15 00:00:00,9.119780564375914,9.146642926432795,9.113064813749386,9.126496315002441,36100,0.0,0.0
2019-01-16 00:00:00,9.09963321685791,9.13321132682512,9.092917466774633,9.09963321685791,32100,0.0,0.0
2019-01-17 00:00:00,9.113064813749386,9.126496315002441,9.092918202319032,9.126496315002441,48300,0.0,0.0
2019-01-18 00:00:00,9.10634817569021,9.10634817569021,8.998898105041647,9.059338569641113,160800,0.0,0.0
2019-01-22 00:00:00,9.05262279510498,9.066054294067325,9.025760437629414,9.05262279510498,44100,0.0,0.0
2019-01-23 00:00:00,9.052624339009094,9.126496315002441,9.045909228831796,9.126496315002441,121800,0.0,0.0
2019-01-24 00:00:00,9.12649683046904,9.240662035771171,9.1063502179008,9.180221557617188,168900,0.0,0.0
2019-01-25 00:00:00,9.160077051059206,9.18022366825939,9.146645545959473,9.146645545959473,23500,0.0,0.0
2019-01-28 00:00:00,9.15335870102167,9.173505312504764,9.126496338894466,9.133212089538574,48200,0.0,0.0
2019-01-29 00:00:00,9.11978034758744,9.153358459472656,9.11978034758744,9.153358459472656,32300,0.0,0.0
2019-01-30 00:00:00,9.16678953786315,9.173505288489677,9.126496315002441,9.126496315002441,48200,0.0,0.0
2019-01-31 00:00:00,9.133212387611868,9.213799476623535,9.133212387611868,9.213799476623535,40900,0.0,0.0
2019-02-01 00:00:00,9.21379923494546,9.233945846557617,9.18693687264617,9.233945846557617,47700,0.0,0.0
2019-02-04 00:00:00,9.20708255781175,9.240660667419434,9.18022019821544,9.240660667419434,63500,0.0,0.0
2019-02-05 00:00:00,9.227226491131756,9.26752033906398,9.180217535584983,9.207079887390137,99500,0.0,0.0
2019-02-06 00:00:00,9.22051576352988,9.227231515250061,9.180222534107454,9.186938285827637,99800,0.0,0.0
2019-02-07 00:00:00,9.193651439828866,9.23394530112232,9.173504829406738,9.173504829406738,26900,0.0,0.0
2019-02-08 00:00:00,9.173505371271908,9.233945846557617,9.173505371271908,9.233945846557617,39700,0.0,0.0
2019-02-11 00:00:00,9.20708236859059,9.274238586425781,9.20708236859059,9.274238586425781,67000,0.0,0.0
2019-02-12 00:00:00,9.24737974075926,9.280957221984863,9.24737974075926,9.280957221984863,30400,0.0,0.0
2019-02-13 00:00:00,9.247377669399974,9.321249008178711,9.240661918479383,9.321249008178711,36500,0.0,0.0
2019-02-14 00:00:00,9.325292915801402,9.37923526763916,9.305064694623132,9.37923526763916,45300,0.056,0.0
2019-02-15 00:00:00,9.359006716253147,9.379234936717717,9.32529258678317,9.338778495788574,35900,0.0,0.0
2019-02-19 00:00:00,9.338781515730913,9.365752699420032,9.338781515730913,9.359009742736816,32300,0.0,0.0
2019-02-20 00:00:00,9.345520807247741,9.345520807247741,9.32529258678317,9.338778495788574,18000,0.0,0.0
2019-02-21 00:00:00,9.318549156188965,9.325292110347164,9.298320936757868,9.318549156188965,26500,0.0,0.0
2019-02-22 00:00:00,9.305063890916067,9.338778018663563,9.305063890916067,9.318549156188965,80400,0.0,0.0
2019-02-25 00:00:00,9.311808588453568,9.325293856251209,9.298322677612305,9.298322677612305,29300,0.0,0.0
2019-02-26 00:00:00,9.298320936757868,9.338778018663563,9.298320936757868,9.318549156188965,36500,0.0,0.0
2019-02-27 00:00:00,9.298325046088143,9.385981559753418,9.298325046088143,9.385981559753418,34500,0.0,0.0
2019-02-28 00:00:00,9.332033837889737,9.439918518066406,9.325290884617841,9.439918518066406,80800,0.0,0.0
2019-03-01 00:00:00,9.4534080864733,9.4534080864733,9.392722769606062,9.406208038330078,55800,0.0,0.0
2019-03-04 00:00:00,9.39272324379232,9.43992265127471,9.372494375119553,9.412951469421387,49200,0.0,0.0
2019-03-05 00:00:00,9.37923685783838,9.426436262937935,9.359008633230523,9.406208038330078,60200,0.0,0.0
2019-03-06 00:00:00,9.35900531135965,9.43317587062492,9.35900531135965,9.39946174621582,100100,0.0,0.0
2019-03-07 00:00:00,9.507345498936074,9.507345498936074,9.426431356532676,9.466888427734375,65300,0.0,0.0
2019-03-08 00:00:00,9.446665285277716,9.493864691150156,9.433179373289203,9.453408241271973,61400,0.0,0.0
2019-03-11 00:00:00,9.453403166029362,9.487116641813559,9.446660213655191,9.466888427734375,19500,0.0,0.0
2019-03-12 00:00:00,9.453405547000376,9.480376720246795,9.446662592927899,9.473633766174316,28700,0.0,0.0
2019-03-13 00:00:00,9.46689319307752,9.500607328875708,9.460150237309152,9.480379104614258,154400,0.0,0.0
2019-03-14 00:00:00,9.47766928538275,9.504748314659244,9.464129447937012,9.464129447937012,72600,0.056,0.0
2019-03-15 00:00:00,9.470898904550186,9.48443874133528,9.416740848639709,9.430280685424805,25100,0.0,0.0
2019-03-18 00:00:00,9.403205871582031,9.437054187484224,9.382896107302425,9.403205871582031,27400,0.0,0.0
2019-03-19 00:00:00,9.491208659727828,9.491208659727828,9.40997093024716,9.430280685424805,41100,0.0,0.0
2019-03-20 00:00:00,9.416743108540532,9.4912109375,9.416743108540532,9.4912109375,38700,0.0,0.0
2019-03-21 00:00:00,9.497978026279448,9.538596891420815,9.470898998056857,9.531826972961426,54000,0.0,0.0
2019-03-22 00:00:00,9.545370007114757,9.565679123680527,9.538600086387774,9.552139282226562,41700,0.0,0.0
2019-03-25 00:00:00,9.531830165660793,9.558909202953544,9.511521049095023,9.552139282226562,88200,0.0,0.0
2019-03-26 00:00:00,9.538595199584961,9.55890430574599,9.511516176165307,9.538595199584961,57300,0.0,0.0
2019-03-27 00:00:00,9.525059700012207,9.558908656095467,9.511520504947987,9.525059700012207,79600,0.0,0.0
2019-03-28 00:00:00,9.525055365067711,9.552134388487366,9.525055365067711,9.538595199584961,26300,0.0,0.0
2019-03-29 00:00:00,9.531825282326336,9.538595199584961,9.511516176165307,9.538595199584961,32500,0.0,0.0
2019-04-01 00:00:00,9.538600086387774,9.552139282226562,9.518290969822006,9.552139282226562,45300,0.0,0.0
2019-04-02 00:00:00,9.552135683325146,9.565675519677784,9.5250566562348,9.558905601501465,28500,0.0,0.0
2019-04-03 00:00:00,9.531827403375589,9.558906432820946,9.518288211460405,9.545367240905762,56700,0.0,0.0
2019-04-04 00:00:00,9.531828545180943,9.56567749744611,9.511519432067871,9.511519432067871,41200,0.0,0.0
2019-04-05 00:00:00,9.504750131919382,9.565678120844362,9.484441017482757,9.4912109375,69700,0.0,0.0
2019-04-08 00:00:00,9.53182641739134,9.53182641739134,9.491208200232398,9.50474739074707,15000,0.0,0.0
2019-04-09 00:00:00,9.504750992102093,9.552139145281227,9.497981071472168,9.497981071472168,33200,0.0,0.0
2019-04-10 00:00:00,9.511517740319478,9.545366686564165,9.511517740319478,9.518287658691406,21100,0.0,0.0
2019-04-11 00:00:00,9.518288761102,9.572446823120117,9.518288761102,9.572446823120117,35900,0.0,0.0
2019-04-12 00:00:00,9.5425386428833,9.562928501282986,9.522148784483615,9.5425386428833,38300,0.056,0.0
2019-04-15 00:00:00,9.569729163771738,9.576526002017012,9.535745620727539,9.535745620727539,32400,0.0,0.0
2019-04-16 00:00:00,9.535745287274114,9.535745287274114,9.447388337721803,9.481371879577637,50700,0.0,0.0
2019-04-17 00:00:00,9.447388956078383,9.494966177063466,9.440592765808105,9.440592765808105,48300,0.0,0.0
2019-04-18 00:00:00,9.460983276367188,9.494966822758348,9.447389598537828,9.460983276367188,58000,0.0,0.0
2019-04-22 00:00:00,9.433795286461384,9.460981990242109,9.399811744689941,9.399811744689941,46600,0.0,0.0
2019-04-23 00:00:00,9.399809187736944,9.440589556405955,9.365825655209763,9.386216163635254,85200,0.0,0.0
2019-04-24 00:00:00,9.393018714747749,9.454188985099115,9.393018714747749,9.406612396240234,126600,0.0,0.0
2019-04-25 00:00:00,9.440589600651498,9.460979460990579,9.406606067965045,9.454182624816895,109400,0.0,0.0
2019-04-26 00:00:00,9.467780115281867,9.488169983843669,9.454186437452508,9.460983276367188,55300,0.0,0.0
2019-04-29 00:00:00,9.474572486515637,9.488166158864958,9.454182626173628,9.46777629852295,52400,0.0,0.0
2019-04-30 00:00:00,9.474575682833816,9.542542771145675,9.474575682833816,9.508559226989746,92800,0.0,0.0
2019-05-01 00:00:00,9.508557963554356,9.569728205270685,9.508557963554356,9.549338340759277,52200,0.0,0.0
2019-05-02 00:00:00,9.556132665732587,9.596912384033203,9.535742158400343,9.596912384033203,92900,0.0,0.0
2019-05-03 00:00:00,9.617303543868964,9.685270614471397,9.596913681961045,9.664880752563477,82400,0.0,0.0
2019-05-06 00:00:00,9.698862728982878,9.739642446244263,9.664879199143776,9.726049423217773,53900,0.0,0.0
2019-05-07 00:00:00,9.746443105963888,9.746443105963888,9.692069696160136,9.719256401062012,49900,0.0,0.0
2019-05-08 00:00:00,9.746437664726523,9.746437664726523,9.69206428527832,9.69206428527832,58100,0.0,0.0
2019-05-09 00:00:00,9.739640830250044,9.739640830250044,9.685267450801842,9.69206428527832,33800,0.0,0.0
2019-05-10 00:00:00,9.719253236137307,9.7328462600708,9.69206654008836,9.7328462600708,43000,0.0,0.0
2019-05-13 00:00:00,9.773627280505577,9.78042411701691,9.671676677381592,9.76003360748291,46400,0.0,0.0
2019-05-14 00:00:00,9.723189136558057,10.030237084410686,9.723189136558057,9.955181121826172,98000,0.056,0.0
2019-05-15 00:00:00,9.955178551128189,9.955178551128189,9.777772884590634,9.798242568969727,81500,0.0,0.0
2019-05-16 00:00:00,9.818717556304213,9.839187250382112,9.743660926818848,9.743660926818848,50800,0.0,0.0
2019-05-17 00:00:00,9.7777738571167,9.811890434954876,9.764127616413187,9.7777738571167,50800,0.0,0.0
2019-05-20 00:00:00,9.743660157158459,9.811893332988111,9.743660157158459,9.757307052612305,21100,0.0,0.0
2019-05-21 00:00:00,9.777772884590634,9.798242568969727,9.757303200211542,9.798242568969727,76800,0.0,0.0
2019-05-22 00:00:00,9.805066014002602,9.805066014002602,9.743656310145791,9.798242568969727,76200,0.0,0.0
2019-05-23 00:00:00,9.791424413960401,9.798247211506473,9.743660926818848,9.743660926818848,42700,0.0,0.0
2019-05-24 00:00:00,9.757303294451242,9.805066108703613,9.757303294451242,9.805066108703613,41700,0.0,0.0
2019-05-28 00:00:00,9.81871299890117,9.81871299890117,9.791419869225596,9.805066108703613,16400,0.0,0.0
2019-05-29 00:00:00,9.832362149876984,9.859655287634432,9.805069012119535,9.852831840515137,61800,0.0,0.0
2019-05-30 00:00:00,9.852829860177026,9.852829860177026,9.8118904871292,9.825536727905273,30100,0.0,0.0
2019-05-31 00:00:00,9.87329940963287,9.87329940963287,9.832359389132032,9.859652519226074,11700,0.0,0.0
2019-06-03 00:00:00,9.88694953918457,9.88694953918457,9.832363257520376,9.88694953918457,41200,0.0,0.0
2019-06-04 00:00:00,9.880124978272585,9.893771872511175,9.852831840515137,9.852831840515137,34900,0.0,0.0
2019-06-05 00:00:00,9.87329940963287,9.893769094523513,9.859652519226074,9.859652519226074,15000,0.0,0.0
2019-06-06 00:00:00,9.880122393308342,9.8869458386424,9.859652708025731,9.873299598693848,40800,0.0,0.0
2019-06-07 00:00:00,9.893768540632365,9.982471371151963,9.880121650989574,9.975647926330566,265500,0.0,0.0
2019-06-10 00:00:00,9.968827364696219,9.975650811491095,9.941534228236424,9.955181121826172,21200,0.0,0.0
2019-06-11 00:00:00,9.934711176955943,9.948357419475442,9.880124254718893,9.914240837097168,35800,0.0,0.0
2019-06-12 00:00:00,9.914240837097168,9.914240837097168,9.873301458818986,9.914240837097168,43700,0.0,0.0
2019-06-13 00:00:00,9.911505231720302,9.945753824872357,9.904655382442373,9.925204277038574,21600,0.056,0.0
2019-06-14 00:00:00,9.897801173216067,9.96629832934741,9.897801173216067,9.932049751281738,67600,0.0,0.0
2019-06-17 00:00:00,9.932047047495352,9.966295616237588,9.911498167544858,9.918347358703613,23800,0.0,0.0
2019-06-18 00:00:00,9.932054126316501,9.966302719468558,9.925204277038574,9.925204277038574,70900,0.0,0.0
2019-06-19 00:00:00,9.959449506738162,9.959449506738162,9.904652037495817,9.91150188446045,30700,0.0,0.0
2019-06-20 00:00:00,9.918347358703613,9.959445771841718,9.904648323148988,9.918347358703613,23300,0.0,0.0
2019-06-21 00:00:00,9.932047047495352,9.966295616237588,9.918347358703613,9.918347358703613,22800,0.0,0.0
2019-06-24 00:00:00,9.95259745875862,9.973146995107994,9.918348884746878,9.966297149658203,73700,0.0,0.0
2019-06-25 00:00:00,9.959448483086817,9.96629832934741,9.90465101947666,9.932049751281738,63600,0.0,0.0
2019-06-26 00:00:00,9.897798657861482,9.918347538183825,9.843001208177151,9.856700897216797,104900,0.0,0.0
2019-06-27 00:00:00,9.911500865737253,9.938899597542331,9.863552595150395,9.932049751281738,146200,0.0,0.0
2019-06-28 00:00:00,9.918347599187673,9.938897132873535,9.890948874176988,9.938897132873535,89100,0.0,0.0
2019-07-01 00:00:00,9.890949091397978,9.932047506435158,9.890949091397978,9.904648780822754,87600,0.0,0.0
2019-07-02 00:00:00,9.836150568021559,9.884098822544711,9.829301377292886,9.843000411987305,118800,0.0,0.0
2019-07-03 00:00:00,9.836156539122182,9.91150356201113,9.836156539122182,9.89095401763916,39700,0.0,0.0
2019-07-05 00:00:00,9.87725218230813,9.87725218230813,9.84985345079532,9.870402336120605,32700,0.0,0.0
2019-07-08 00:00:00,9.870404080228619,9.9115025113786,9.856705038670228,9.884103775024414,96800,0.0,0.0
2019-07-09 00:00:00,9.897798718738942,9.938897132873535,9.897798718738942,9.938897132873535,37700,0.0,0.0
2019-07-10 00:00:00,9.918349154074724,10.01424503326416,9.911499961676162,10.01424503326416,110600,0.0,0.0
2019-07-11 00:00:00,10.027946567451107,10.034795761108398,10.000547833109874,10.034795761108398,31800,0.0,0.0
2019-07-12 00:00:00,10.043729435161191,10.043729435161191,9.981858961204262,10.029980659484863,30600,0.053,0.0
2019-07-15 00:00:00,9.98185892300555,10.043729396725713,9.98185892300555,10.002482414245605,47300,0.0,0.0
2019-07-16 00:00:00,9.981861114501953,10.036857540289091,9.981861114501953,9.981861114501953,16500,0.0,0.0
2019-07-17 00:00:00,9.981861137442252,10.016233411931374,9.954362268876377,9.98873519897461,45500,0.0,0.0
2019-07-18 00:00:00,9.981863336543029,9.995612118245845,9.954364461918885,9.968113899230957,43300,0.0,0.0
2019-07-19 00:00:00,9.954360008239746,9.988732930531883,9.940611232688267,9.954360008239746,47600,0.0,0.0
2019-07-22 00:00:00,9.947491984538196,9.988738991830822,9.926867825282523,9.961240768432617,35100,0.0,0.0
2019-07-23 00:00:00,9.954359660691567,9.961234376031763,9.926861454939727,9.940610885620117,74100,0.0,0.0
2019-07-24 00:00:00,9.947487831115723,9.974986043032466,9.933738397352808,9.947487831115723,48000,0.0,0.0
2019-07-25 00:00:00,9.933742545034415,9.974990207936399,9.933742545034415,9.961240768432617,68600,0.0,0.0
2019-07-26 00:00:00,9.954364461918885,9.974988617886993,9.926866242903998,9.968113899230957,101300,0.0,0.0
2019-07-29 00:00:00,9.968109491772871,10.023105905485659,9.954360060540191,10.002482414245605,46200,0.0,0.0
2019-07-30 00:00:00,9.981859626072929,10.071228312944124,9.981859626072929,10.050604820251465,113300,0.0,0.0
2019-07-31 00:00:00,10.05060647054426,10.11247761439039,10.029982974465257,10.09872817993164,63400,0.0,0.0
2019-08-01 00:00:00,10.105599501729717,10.181220054626465,10.105599501729717,10.181220054626465,52900,0.0,0.0
2019-08-02 00:00:00,10.160601959836551,10.222473119734488,10.146853177419949,10.194974899291992,35700,0.0,0.0
2019-08-05 00:00:00,10.146850010137989,10.236219362582279,10.146850010137989,10.18809700012207,77900,0.0,0.0
2019-08-06 00:00:00,10.174348221997072,10.208721150723196,10.174348221997072,10.18809700012207,42500,0.0,0.0
2019-08-07 00:00:00,10.188095489984608,10.2843395450301,10.188095489984608,10.249966621398926,62800,0.0,0.0
2019-08-08 00:00:00,10.243091352797515,10.311837196350098,10.215593146498273,10.311837196350098,42300,0.0,0.0
2019-08-09 00:00:00,10.311837505096237,10.366833919341365,10.291214013656557,10.298088073730469,73300,0.0,0.0
2019-08-12 00:00:00,10.35995864868164,10.373708079310859,10.339335158346747,10.35995864868164,44900,0.0,0.0
2019-08-13 00:00:00,10.40808388373882,10.40808388373882,10.373710953252004,10.380585670471191,56600,0.0,0.0
2019-08-14 00:00:00,10.493034814354642,10.5206298828125,10.403350677387024,10.5206298828125,93800,0.053,0.0
2019-08-15 00:00:00,10.534431898204454,10.562026977539062,10.46544387090864,10.562026977539062,97700,0.0,0.0
2019-08-16 00:00:00,10.555120534223148,10.56201946362849,10.368853387787636,10.444740295410156,47600,0.0,0.0
2019-08-19 00:00:00,10.451646310426414,10.458545244943112,10.375760004498543,10.430950164794922,54000,0.0,0.0
2019-08-20 00:00:00,10.458540915873668,10.458540915873668,10.382654641357153,10.410249710083008,64000,0.0,0.0
2019-08-21 00:00:00,10.424048833691538,10.430947766622108,10.292972397602991,10.361960411071777,99900,0.0,0.0
2019-08-22 00:00:00,10.355060682183359,10.355060682183359,10.299870538817988,10.341262817382812,21700,0.0,0.0
2019-08-23 00:00:00,10.361961026841577,10.361961026841577,10.299871942613654,10.320568084716797,49700,0.0,0.0
2019-08-26 00:00:00,10.334365240108104,10.355062040022855,10.30677016480693,10.32746696472168,10200,0.0,0.0
2019-08-27 00:00:00,10.341262817382812,10.368857889065497,10.33436388498254,10.341262817382812,32700,0.0,0.0
2019-08-28 00:00:00,10.382657615002486,10.382657615002486,10.306770660833232,10.348163604736328,71200,0.0,0.0
2019-08-29 00:00:00,10.355059675352706,10.368856880893333,10.286071673894547,10.299869537353516,56700,0.0,0.0
2019-08-30 00:00:00,10.292973451477883,10.348163604736328,10.292973451477883,10.348163604736328,39000,0.0,0.0
2019-09-03 00:00:00,10.36195715278009,10.389552217906713,10.348159291257653,10.375754356384277,39200,0.0,0.0
2019-09-04 00:00:00,10.38955020904541,10.403347409981853,10.361955149254403,10.38955020904541,42800,0.0,0.0
2019-09-05 00:00:00,10.403351893148455,10.403351893148455,10.313667745700128,10.341262817382812,60600,0.0,0.0
2019-09-06 00:00:00,10.355060682183359,10.375756821465771,10.3205666781004,10.341262817382812,34100,0.0,0.0
2019-09-09 00:00:00,10.3205666781004,10.341262817382812,10.258477602334757,10.341262817382812,79400,0.0,0.0
2019-09-10 00:00:00,10.341262367846404,10.341262367846404,10.279173294779783,10.313667297363281,43400,0.0,0.0
2019-09-11 00:00:00,10.299871942613654,10.334365293479394,10.258479000488874,10.320568084716797,64800,0.0,0.0
2019-09-12 00:00:00,10.26537608849741,10.33436343574603,10.26537608849741,10.313667297363281,117300,0.0,0.0
2019-09-13 00:00:00,10.281126915897822,10.288049731711604,10.114966791445708,10.128813743591309,128600,0.053,0.0
2019-09-16 00:00:00,10.128816406970483,10.177279431705433,10.121892929077148,10.121892929077148,34600,0.0,0.0
2019-09-17 00:00:00,10.15651009273706,10.253436806612267,10.14266313635808,10.191126823425293,125600,0.0,0.0
2019-09-18 00:00:00,10.19112781001416,10.33651756477234,10.19112781001416,10.246514320373535,58600,0.0,0.0
2019-09-19 00:00:00,10.294974573495354,10.378054316613095,10.288051096504098,10.357284545898438,60700,0.0,0.0
2019-09-20 00:00:00,10.364206314086914,10.38497608137715,10.294972876107469,10.364206314086914,56400,0.0,0.0
2019-09-23 00:00:00,10.412668027599718,10.412668027599718,10.329588308527516,10.405744552612305,62000,0.0,0.0
2019-09-24 00:00:00,10.44036581342548,10.4542127694298,10.30882303268046,10.343439102172852,64200,0.0,0.0
2019-09-25 00:00:00,10.378057942439819,10.391904901260101,10.274208392325054,10.350364685058594,72200,0.0,0.0
2019-09-26 00:00:00,10.378054562038683,10.454211490225275,10.322668065317046,10.419594764709473,38100,0.0,0.0
2019-09-27 00:00:00,10.41959210383671,10.46113163564034,10.391898862547972,10.426515579223633,44900,0.0,0.0
2019-09-30 00:00:00,10.419587886036483,10.419587886036483,10.364201425879186,10.412664413452148,33100,0.0,0.0
2019-10-01 00:00:00,10.3849711833735,10.440357643530797,10.28112173564324,10.412664413452148,72500,0.0,0.0
2019-10-02 00:00:00,10.440364639332941,10.46113441074451,10.412671390697806,10.433441162109375,61500,0.0,0.0
2019-10-03 00:00:00,10.46113330598518,10.58575324181223,10.40574681456406,10.578829765319824,96600,0.0,0.0
2019-10-04 00:00:00,10.641140751596017,10.641140751596017,10.350361313677865,10.419594764709473,105900,0.0,0.0
2019-10-07 00:00:00,10.391900062561035,10.419593307047673,10.35728334188798,10.391900062561035,58200,0.0,0.0
2019-10-08 00:00:00,10.44036628678988,10.488829314483898,10.39190325909586,10.468059539794922,56100,0.0,0.0
2019-10-09 00:00:00,10.481908871393015,10.50960213067273,10.44036865234375,10.44036865234375,38300,0.0,0.0
2019-10-10 00:00:00,10.474981261431108,10.474981261431108,10.378054562038683,10.419594764709473,25000,0.0,0.0
2019-10-11 00:00:00,10.386944770812988,10.42168384949654,10.373049536895257,10.386944770812988,36200,0.053,0.0
2019-10-14 00:00:00,10.44252180810986,10.44252180810986,10.379991630276884,10.393887519836426,37200,0.0,0.0
2019-10-15 00:00:00,10.414735901241267,10.42168384949654,10.35915364038471,10.386944770812988,44200,0.0,0.0
2019-10-16 00:00:00,10.37999153137207,10.393887420799208,10.366096304537411,10.37999153137207,31400,0.0,0.0
2019-10-17 00:00:00,10.393887519836426,10.393887519836426,10.352200513750281,10.393887519836426,35100,0.0,0.0
2019-10-18 00:00:00,10.414735901241267,10.414735901241267,10.366101588639983,10.386944770812988,35400,0.0,0.0
2019-10-21 00:00:00,10.35915012727672,10.379993302381159,10.331359006273269,10.345254898071289,35300,0.0,0.0
2019-10-22 00:00:00,10.366096590355701,10.386939762478626,10.29661846648929,10.338305473327637,31100,0.0,0.0
2019-10-23 00:00:00,10.331357811840066,10.352200984534777,10.254932403564453,10.254932403564453,50200,0.0,0.0
2019-10-24 00:00:00,10.268827631163422,10.268827631163422,10.227141285774,10.254932403564453,23500,0.0,0.0
2019-10-25 00:00:00,10.247981157055248,10.25492909991269,10.21324210536033,10.220190048217773,38300,0.0,0.0
2019-10-28 00:00:00,10.234086493378625,10.234086493378625,10.109026819972932,10.136817932128906,85800,0.0,0.0
2019-10-29 00:00:00,10.115971723086682,10.164605989093465,10.115971723086682,10.150710105895996,34500,0.0,0.0
2019-10-30 00:00:00,10.157663160001613,10.268827631163422,10.150715214905873,10.254932403564453,46400,0.0,0.0
2019-10-31 00:00:00,10.27577610294496,10.296619276707988,10.220193864515183,10.261880874633789,62100,0.0,0.0
2019-11-01 00:00:00,10.282720977729031,10.296616201890753,10.227138755897442,10.234086036682129,21400,0.0,0.0
2019-11-04 00:00:00,10.22713928287376,10.254930395221553,10.206295451668627,10.241034507751465,51500,0.0,0.0
2019-11-05 00:00:00,10.227138755897442,10.241033980059166,10.220190812520407,10.234086036682129,38400,0.0,0.0
2019-11-06 00:00:00,10.268828818367359,10.35220218137771,10.24798564326292,10.345254898071289,55500,0.0,0.0
2019-11-07 00:00:00,10.338307579547362,10.338307579547362,10.241038318836253,10.28272533416748,36000,0.0,0.0
2019-11-08 00:00:00,10.27577505472765,10.33135728748756,10.261879827833912,10.289670944213867,55500,0.0,0.0
2019-11-11 00:00:00,10.303565552073247,10.317461440724605,10.247983322652695,10.310513496398926,150000,0.0,0.0
2019-11-12 00:00:00,10.31051435629957,10.338305473327637,10.282723239271506,10.338305473327637,58400,0.0,0.0
2019-11-13 00:00:00,10.366096590355701,10.386939762478626,10.317462301204712,10.338305473327637,33000,0.0,0.0
2019-11-14 00:00:00,10.354346482829643,10.417099537697647,10.319483231262163,10.375264167785645,64200,0.053,0.0
2019-11-15 00:00:00,10.410123303717887,10.528657913208008,10.36828728538451,10.528657913208008,50900,0.0,0.0
2019-11-18 00:00:00,10.50774097442627,10.50774097442627,10.458932833988523,10.50774097442627,91200,0.0,0.0
2019-11-19 00:00:00,10.528659121936215,10.549576801023854,10.479850317450357,10.500768661499023,57100,0.0,0.0
2019-11-20 00:00:00,10.535631681012326,10.5774677059065,10.486823539436669,10.556550025939941,34800,0.0,0.0
2019-11-21 00:00:00,10.577468160174785,10.577468160174785,10.500769553696072,10.535632133483887,32400,0.0,0.0
2019-11-22 00:00:00,10.521682494399238,10.570490616082322,10.507736936797908,10.549572944641113,45400,0.0,0.0
2019-11-25 00:00:00,10.535627852605078,10.591408755553763,10.507737401130735,10.542600631713867,73600,0.0,0.0
2019-11-26 00:00:00,10.563520449996824,10.59838368766222,10.542602773381969,10.577466011047363,28600,0.0,0.0
2019-11-27 00:00:00,10.584436394990082,10.59140850897574,10.549573165218598,10.570490837097168,17100,0.0,0.0
2019-11-29 00:00:00,10.535630965900275,10.563521425616292,10.514713287353516,10.514713287353516,19800,0.0,0.0
2019-12-02 00:00:00,10.500770777999975,10.528661244058679,10.472880311941271,10.521688461303711,37600,0.0,0.0
2019-12-03 00:00:00,10.528660016502975,10.542604915425885,10.472879090889169,10.535632133483887,45700,0.0,0.0
2019-12-04 00:00:00,10.549578927362415,10.563523827911185,10.479852429735073,10.521688461303711,25600,0.0,0.0
2019-12-05 00:00:00,10.528661244058679,10.55655171011738,10.465907529186303,10.521688461303711,37600,0.0,0.0
2019-12-06 00:00:00,10.50774097442627,10.556549779825056,10.479850513467408,10.50774097442627,52700,0.0,0.0
2019-12-09 00:00:00,10.514713287353516,10.542603747069531,10.486822827637498,10.514713287353516,46100,0.0,0.0
2019-12-10 00:00:00,10.528658849692029,10.535630965900275,10.500768389976013,10.514713287353516,54500,0.0,0.0
2019-12-11 00:00:00,10.507741670676984,10.535632133483887,10.500769553696072,10.535632133483887,41600,0.0,0.0
2019-12-12 00:00:00,10.542603747069531,10.563521425616292,10.45893236792148,10.514713287353516,46900,0.0,0.0
2019-12-13 00:00:00,10.525209184416576,10.574195981806133,10.511213242617442,10.532207489013672,51400,0.055,0.0
2019-12-16 00:00:00,10.567198344604096,10.567198344604096,10.511213242617442,10.532207489013672,44200,0.0,0.0
2019-12-17 00:00:00,10.532207078898319,10.532207078898319,10.483219616021232,10.49721622467041,63300,0.0,0.0
2019-12-18 00:00:00,10.497215924103756,10.532206777329773,10.476221679126153,10.525208473205566,66200,0.0,0.0
2019-12-19 00:00:00,10.497215924103756,10.553201022307375,10.49021761997955,10.525208473205566,38900,0.0,0.0
2019-12-20 00:00:00,10.539207458496094,10.539207458496094,10.49721829167552,10.539207458496094,37400,0.0,0.0
2019-12-23 00:00:00,10.539206279505322,10.539206279505322,10.497217117381954,10.518211364746094,33900,0.0,0.0
2019-12-24 00:00:00,10.518211364746094,10.518211364746094,10.497217117381954,10.518211364746094,30800,0.0,0.0
2019-12-26 00:00:00,10.53220915279347,10.539207458496094,10.49721829167552,10.539207458496094,41700,0.0,0.0
2019-12-27 00:00:00,10.525210847090847,10.560201708208798,10.518212541388223,10.539207458496094,30900,0.0,0.0
2019-12-30 00:00:00,10.539205793610769,10.539205793610769,10.49721663342325,10.532207489013672,54000,0.0,0.0
2019-12-31 00:00:00,10.532207489013672,10.532207489013672,10.504214938020347,10.532207489013672,45500,0.0,0.0
2020-01-02 00:00:00,10.532210439935744,10.57419894449257,10.476225322263142,10.483222961425781,74700,0.0,0.0
2020-01-03 00:00:00,10.490217811015146,10.511212723770099,10.434232711791992,10.434232711791992,98400,0.0,0.0
2020-01-06 00:00:00,10.448229429188359,10.511212833319586,10.448229429188359,10.49721622467041,60100,0.0,0.0
2020-01-07 00:00:00,10.511216738563915,10.56720185917077,10.504218431639238,10.560203552246094,53500,0.0,0.0
2020-01-08 00:00:00,10.581192728842726,10.623181882849407,10.567196789103807,10.588191032409668,59200,0.0,0.0
2020-01-09 00:00:00,10.595191955566406,10.623184509360176,10.581195344971958,10.595191955566406,44200,0.0,0.0
2020-01-10 00:00:00,10.609185218811035,10.609185218811035,10.595189279147187,10.609185218811035,21600,0.0,0.0
2020-01-13 00:00:00,10.602185613502009,10.658170700073242,10.602185613502009,10.658170700073242,44000,0.0,0.0
2020-01-14 00:00:00,10.632187085880554,10.723480712470947,10.632187085880554,10.695389747619629,33200,0.053,0.0
2020-01-15 00:00:00,10.709440118075394,10.709440118075394,10.688372554546659,10.702417373657227,33300,0.0,0.0
2020-01-16 00:00:00,10.702416533781868,10.716462021515982,10.681348971906417,10.709439277648926,21300,0.0,0.0
2020-01-17 00:00:00,10.702415695007291,10.730505998548296,10.695392951690625,10.716461181640625,27100,0.0,0.0
2020-01-21 00:00:00,10.723487793686978,10.737532615661621,10.70944230198643,10.737532615661621,21700,0.0,0.0
2020-01-22 00:00:00,10.737531549474236,10.737531549474236,10.716463983741232,10.730508804321289,45900,0.0,0.0
2020-01-23 00:00:00,10.765623466921879,10.849894412155548,10.737533151843989,10.84287166595459,76400,0.0,0.0
2020-01-24 00:00:00,10.849894684826518,10.877985000610352,10.800736799636297,10.877985000610352,63700,0.0,0.0
2020-01-27 00:00:00,10.885002136230469,10.913092437534942,10.849889092168475,10.885002136230469,30700,0.0,0.0
2020-01-28 00:00:00,10.885008922480852,10.8920316696167,10.842873109391794,10.8920316696167,39100,0.0,0.0
2020-01-29 00:00:00,10.870956420898438,10.885001906116551,10.856911605405921,10.870956420898438,32700,0.0,0.0
2020-01-30 00:00:00,10.906069464218128,10.906069464218128,10.863934348014977,10.870956420898438,30300,0.0,0.0
2020-01-31 00:00:00,10.856911605405921,10.870956420898438,10.828821304695289,10.870956420898438,60900,0.0,0.0
2020-02-03 00:00:00,10.877979163507495,10.927137692045298,10.870956420898438,10.870956420898438,53900,0.0,0.0
2020-02-04 00:00:00,10.870963428209157,10.92012198843406,10.842873109391794,10.8920316696167,42800,0.0,0.0
2020-02-05 00:00:00,10.885005165122204,10.920118218954855,10.885005165122204,10.913095474243164,31000,0.0,0.0
2020-02-06 00:00:00,10.906072896861525,10.948208696052347,10.899050821767894,10.94118595123291,35300,0.0,0.0
2020-02-07 00:00:00,10.927137551518296,10.983318152217056,10.91309206648081,10.955227851867676,45900,0.0,0.0
2020-02-10 00:00:00,10.969275361125783,10.969275361125783,10.948207798121159,10.962252616882324,42300,0.0,0.0
2020-02-11 00:00:00,10.96927743423447,10.990345001220703,10.962254688663768,10.990345001220703,52400,0.0,0.0
2020-02-12 00:00:00,10.990344878308827,11.109728872772127,10.969277311558207,11.095684051513672,27900,0.0,0.0
2020-02-13 00:00:00,11.055519066842939,11.062565448234444,10.992103650259141,11.027334213256836,74200,0.053,0.0
2020-02-14 00:00:00,11.041425024056101,11.048471404201896,10.98505532684934,10.999147415161133,37300,0.0,0.0
2020-02-18 00:00:00,11.01324169135485,11.01324169135485,10.942779224157793,10.95687198638916,52400,0.0,0.0
2020-02-19 00:00:00,10.970965702800811,10.978012084960938,10.949827228300421,10.978012084960938,46700,0.0,0.0
2020-02-20 00:00:00,10.935731654329851,10.999147057641336,10.935731654329851,10.985054969787598,45200,0.0,0.0
2020-02-21 00:00:00,10.992101706995134,11.020286555598515,10.992101706995134,10.999147415161133,33100,0.0,0.0
2020-02-24 00:00:00,11.03437614440918,11.041422522958833,11.02028405928952,11.03437614440918,50700,0.0,0.0
2020-02-25 00:00:00,11.041423164497964,11.055515250436416,10.992099855743858,11.048469543457031,55900,0.0,0.0
2020-02-26 00:00:00,11.076654387313619,11.083700094293002,11.034376785538896,11.048469543457031,60700,0.0,0.0
2020-02-27 00:00:00,11.055520878441582,11.125983359943044,10.963920593261719,10.963920593261719,55200,0.0,0.0
2020-02-28 00:00:00,10.935735353769955,10.935735353769955,10.766625538458666,10.879364967346191,79700,0.0,0.0
2020-03-02 00:00:00,10.724351195987337,11.01324622074459,10.724351195987337,11.006199836730957,61900,0.0,0.0
2020-03-03 00:00:00,10.96391501188727,11.097792852211137,10.96391501188727,11.048469543457031,45400,0.0,0.0
2020-03-04 00:00:00,11.013246562054118,11.076662676181792,10.978015312874279,11.041431427001953,59200,0.0,0.0
2020-03-05 00:00:00,11.048472924953378,11.0907498676877,10.95687198638916,10.95687198638916,72600,0.0,0.0
2020-03-06 00:00:00,10.992099217070555,11.090745828847108,10.949821617752285,11.03437614440918,60500,0.0,0.0
2020-03-09 00:00:00,10.717298281318868,11.06256282383567,10.717298281318868,10.787760734558105,91000,0.0,0.0
2020-03-10 00:00:00,10.815945809913046,10.837084277539404,10.675020900457945,10.71729850769043,271900,0.0,0.0
2020-03-11 00:00:00,10.667979133050887,10.710256083919639,10.266344067917638,10.287483215332031,258500,0.0,0.0
2020-03-12 00:00:00,9.484209327652277,9.78015053344072,8.568200865544224,9.44193172454834,277600,0.0,0.0
2020-03-13 00:00:00,9.790691669583632,9.790691669583632,9.245978014649697,9.769469261169434,95900,0.053,0.0
2020-03-16 00:00:00,9.550168760794758,9.585539891134747,9.054974959979484,9.210607528686523,189100,0.0,0.0
2020-03-17 00:00:00,9.12571911024946,9.366242054568163,9.062051867325438,9.323797225952148,79900,0.0,0.0
2020-03-18 00:00:00,9.224758945944455,9.238907673108423,7.923105731390894,8.602229118347168,178800,0.0,0.0
2020-03-19 00:00:00,8.276812305410582,8.559780656877775,7.894805604380807,8.411222457885742,382200,0.0,0.0
2020-03-20 00:00:00,8.255591324321816,8.955936951407642,8.255591324321816,8.715414047241211,241500,0.0,0.0
2020-03-23 00:00:00,8.489037455011633,8.609298872929479,7.951398254278691,8.022140502929688,279600,0.0,0.0
2020-03-24 00:00:00,8.191922654488934,8.581003747074313,8.135329114619957,8.418296813964844,377400,0.0,0.0
2020-03-25 00:00:00,8.460743585433232,9.139866841190855,8.453669223217933,9.125718116760254,194500,0.0,0.0
2020-03-26 00:00:00,9.125717471986452,9.875582947619014,9.125717471986452,9.762395858764648,198100,0.0,0.0
2020-03-27 00:00:00,9.436980584779503,9.896803201722602,9.436980584779503,9.861432075500488,117900,0.0,0.0
2020-03-30 00:00:00,9.847286747711992,10.420296587001578,9.833138023458766,10.243441581726074,246800,0.0,0.0
2020-03-31 00:00:00,10.179772142332338,10.469814180238403,10.101955525085627,10.292959213256836,238100,0.0,0.0
2020-04-01 00:00:00,10.158551864899213,10.292962054713206,9.94632638565328,10.186848640441895,209000,0.0,0.0
2020-04-02 00:00:00,10.101954677484649,10.200993693557828,9.946322805345782,10.00291633605957,157300,0.0,0.0
2020-04-03 00:00:00,9.995841172750056,10.031212295265627,9.719947226706273,9.783615112304688,109500,0.0,0.0
2020-04-06 00:00:00,9.882659953415173,10.080737411905435,9.882659953415173,9.953401565551758,106600,0.0,0.0
2020-04-07 00:00:00,10.328331616139073,10.328331616139073,9.528946985777438,9.69165325164795,215100,0.0,0.0
2020-04-08 00:00:00,9.99584045119578,10.151472974241054,9.727020883989582,10.038285255432129,108800,0.0,0.0
2020-04-09 00:00:00,10.18684707490094,10.271738063131062,10.045363218931142,10.257589340209961,170300,0.0,0.0
2020-04-13 00:00:00,10.186849306919866,10.328333868538289,10.080736560354438,10.31418514251709,158400,0.0,0.0
2020-04-14 00:00:00,10.337612983794969,10.472512851410338,10.337612983794969,10.437012672424316,89600,0.053,0.0
2020-04-15 00:00:00,10.429912501205193,10.451213014862564,10.387312828109643,10.437012672424316,89900,0.0,0.0
2020-04-16 00:00:00,10.444113033622264,10.500913050189256,10.309213163553062,10.330513000488281,188200,0.0,0.0
2020-04-17 00:00:00,10.451214514950047,10.472514354555038,10.36601447942039,10.408614158630371,189700,0.0,0.0
2020-04-20 00:00:00,10.422813545383748,10.429913039859931,10.316313002925444,10.366013526916504,95500,0.0,0.0
2020-04-21 00:00:00,10.358915470433432,10.394415658501362,10.216915395271482,10.302115440368652,57200,0.0,0.0
2020-04-22 00:00:00,10.33050973526353,10.437009563387212,10.33050973526353,10.344709396362305,57600,0.0,0.0
2020-04-23 00:00:00,10.302109957489442,10.344709618811205,10.1814097885621,10.231109619140625,71400,0.0,0.0
2020-04-24 00:00:00,10.287909481417941,10.287909481417941,10.032309485576725,10.082009315490723,164400,0.0,0.0
2020-04-27 00:00:00,10.124616540484146,10.124616540484146,9.847715848799538,9.86901569366455,98300,0.0,0.0
2020-04-28 00:00:00,9.982611017004205,9.982611017004205,9.570809951882525,9.698610305786133,299500,0.0,0.0
2020-04-29 00:00:00,9.769613002251079,9.91871322529087,9.670212627854665,9.88321304321289,83700,0.0,0.0
2020-04-30 00:00:00,9.798012603957716,9.897412297099946,9.727012242762155,9.854812622070312,147800,0.0,0.0
2020-05-01 00:00:00,9.854812622070312,9.861912793611793,9.833512784555495,9.854812622070312,91100,0.0,0.0
2020-05-04 00:00:00,9.88321304321289,9.890313215050417,9.840612689297384,9.88321304321289,100400,0.0,0.0
2020-05-05 00:00:00,9.904513566877679,9.982614108274696,9.883213727001085,9.954214096069336,85700,0.0,0.0
2020-05-06 00:00:00,9.97551155090332,10.032311561733739,9.954211716119298,9.97551155090332,85400,0.0,0.0
2020-05-07 00:00:00,9.982615942951929,10.082015665384237,9.982615942951929,10.003915786743164,64200,0.0,0.0
2020-05-08 00:00:00,10.074913575153614,10.160114288330078,10.003913883652823,10.160114288330078,77800,0.0,0.0
2020-05-11 00:00:00,10.188514504633986,10.224014012541305,10.082013949582898,10.096214294433594,46500,0.0,0.0
2020-05-12 00:00:00,10.188514906694769,10.415715016394028,10.145914547571289,10.32341480255127,93400,0.0,0.0
2020-05-13 00:00:00,10.280816962700591,10.316317157817714,10.082016817998564,10.287917137145996,72100,0.0,0.0
2020-05-14 00:00:00,10.275801854888794,10.290053653788302,10.154658506062853,10.21166706085205,80200,0.053,0.0
2020-05-15 00:00:00,10.30430343490463,10.339933942219702,10.176033880408532,10.225916862487793,48800,0.0,0.0
2020-05-18 00:00:00,10.261548032363956,10.261548032363956,10.14753093771921,10.218791961669922,29500,0.0,0.0
2020-05-19 00:00:00,10.247297577494194,10.304306132283392,10.176036544209907,10.21166706085205,43300,0.0,0.0
2020-05-20 00:00:00,10.261546973353562,10.261546973353562,10.161782365633044,10.190286636352539,58500,0.0,0.0
2020-05-21 00:00:00,10.311428346667583,10.311428346667583,10.21166307493011,10.275797843933105,104200,0.0,0.0
2020-05-22 00:00:00,10.282921597909072,10.297173387805024,10.247291103776464,10.268669128417969,102800,0.0,0.0
2020-05-26 00:00:00,10.240165710449219,10.332804730967943,10.240165710449219,10.240165710449219,91900,0.0,0.0
2020-05-27 00:00:00,10.31142719770824,10.325678989456824,10.23303996450769,10.261544227600098,95200,0.0,0.0
2020-05-28 00:00:00,10.304307641895203,10.354189964744766,10.261550879741522,10.339938163757324,134200,0.0,0.0
2020-05-29 00:00:00,10.354184445634582,10.404067421490607,10.311428385866922,10.396941184997559,44000,0.0,0.0
2020-06-01 00:00:00,10.439697474900663,10.518084718861559,10.34705911683015,10.496706008911133,54500,0.0,0.0
2020-06-02 00:00:00,10.518082111850644,10.639225386495163,10.503829642082977,10.632099151611328,45300,0.0,0.0
2020-06-03 00:00:00,10.667733876859,10.81738147078832,10.575094825417475,10.74612045288086,63300,0.0,0.0
2020-06-04 00:00:00,10.653480658992377,10.874389255433917,10.589345883264338,10.803128242492676,88300,0.0,0.0
2020-06-05 00:00:00,10.931397215834961,11.00265754541217,10.696236836999011,10.796001434326172,65100,0.0,0.0
2020-06-08 00:00:00,10.760371609335243,10.881514917171382,10.74611913566259,10.796001434326172,64300,0.0,0.0
2020-06-09 00:00:00,10.817383773584183,10.85301361052733,10.632105631259273,10.696240425109863,96000,0.0,0.0
2020-06-10 00:00:00,10.73899154669938,10.767495810860412,10.681983018377313,10.760370254516602,81600,0.0,0.0
2020-06-11 00:00:00,10.78887660122409,10.78887660122409,10.560841764323639,10.617850303649902,41600,0.0,0.0
2020-06-12 00:00:00,10.760949416828028,10.904047012329102,10.682245909888229,10.904047012329102,44100,0.06,0.0
2020-06-15 00:00:00,10.78240956840022,10.846803631178764,10.689395997980421,10.77525520324707,105500,0.0,0.0
2020-06-16 00:00:00,10.775257442209465,10.775257442209465,10.689398219102353,10.739482879638672,45900,0.0,0.0
2020-06-17 00:00:00,10.76810405677076,10.775259106858893,10.68224550274255,10.710865020751953,78000,0.0,0.0
2020-06-18 00:00:00,10.646472343191261,10.739485959613463,10.646472343191261,10.725175857543945,23000,0.0,0.0
2020-06-19 00:00:00,10.77525520324707,10.77525520324707,10.725170553117712,10.77525520324707,59700,0.0,0.0
2020-06-22 00:00:00,10.710861140468527,10.77525520324707,10.710861140468527,10.77525520324707,47800,0.0,0.0
2020-06-23 00:00:00,10.77525520324707,10.77525520324707,10.718015505621675,10.77525520324707,33100,0.0,0.0
2020-06-24 00:00:00,10.753791595165799,10.775256740716662,10.696552571716127,10.768101692199707,93800,0.0,0.0
2020-06-25 00:00:00,10.775257071318569,10.775257071318569,10.718017363769711,10.732327461242676,41900,0.0,0.0
2020-06-26 00:00:00,10.725172861010066,10.7537923748098,10.675088882446289,10.675088882446289,37500,0.0,0.0
2020-06-29 00:00:00,10.70370864868164,10.732328163156335,10.646469619732251,10.70370864868164,83900,0.0,0.0
2020-06-30 00:00:00,10.725170553117712,10.77525520324707,10.689395997980421,10.77525520324707,47500,0.0,0.0
2020-07-01 00:00:00,10.77525520324707,10.77525520324707,10.718015505621675,10.77525520324707,47000,0.0,0.0
2020-07-02 00:00:00,10.775256740716662,10.775256740716662,10.746637228991826,10.768101692199707,66200,0.0,0.0
2020-07-06 00:00:00,10.77525520324707,10.789564615896255,10.746635695605816,10.77525520324707,93100,0.0,0.0
2020-07-07 00:00:00,10.77525910453035,11.075763702392578,10.768104054443763,11.075763702392578,98500,0.0,0.0
2020-07-08 00:00:00,11.075763280177652,11.233170964366442,10.968440262342584,11.175931930541992,57000,0.0,0.0
2020-07-09 00:00:00,11.161619218327644,11.23316764831543,11.161619218327644,11.23316764831543,38700,0.0,0.0
2020-07-10 00:00:00,11.233173612936513,11.36911686207976,11.204554089276344,11.26179313659668,73500,0.0,0.0
2020-07-13 00:00:00,11.340494002558616,11.533676242196712,11.283254972075417,11.319028854370117,70200,0.0,0.0
2020-07-14 00:00:00,11.56322219259883,11.56322219259883,11.311847529087217,11.347758293151855,94100,0.06,0.0
2020-07-15 00:00:00,11.383665613502437,11.405211791446865,11.132291026035062,11.153837203979492,63400,0.0,0.0
2020-07-16 00:00:00,11.254389880431605,11.254389880431605,11.125111411817581,11.132293701171875,44800,0.0,0.0
2020-07-17 00:00:00,11.196931823505155,11.297481124716398,11.153838776599805,11.168203353881836,62000,0.0,0.0
2020-07-20 00:00:00,11.232842658649293,11.31902806810912,11.168203430319236,11.311845779418945,39400,0.0,0.0
2020-07-21 00:00:00,11.405214322850691,11.462671266748917,11.340575089729986,11.433942794799805,87800,0.0,0.0
2020-07-22 00:00:00,11.419579515809653,11.527311126642605,11.383669435492587,11.448307991027832,45300,0.0,0.0
2020-07-23 00:00:00,11.412397585326687,11.491400718688965,11.412397585326687,11.491400718688965,42000,0.0,0.0
2020-07-24 00:00:00,11.512948114628221,11.57758735621704,11.477036663811223,11.527311325073242,28900,0.0,0.0
2020-07-27 00:00:00,11.54885819556344,11.56322277589024,11.49858353430142,11.527311325073242,30200,0.0,0.0
2020-07-28 00:00:00,11.548856312858327,11.584766387939453,11.498581659792128,11.584766387939453,16400,0.0,0.0
2020-07-29 00:00:00,11.584766161808671,11.613495317218034,11.419577627849426,11.477034568786621,111000,0.0,0.0
2020-07-30 00:00:00,11.505767492867424,11.649409207318959,11.426763659495796,11.57758903503418,82700,0.0,0.0
2020-07-31 00:00:00,11.635044435831741,11.635044435831741,11.527311452075574,11.62067985534668,31500,0.0,0.0
2020-08-03 00:00:00,11.70685662083929,11.77867810443995,11.606307365726881,11.771495819091797,69000,0.0,0.0
2020-08-04 00:00:00,11.793044737023237,12.065964778565847,11.793044737023237,12.044419288635254,57900,0.0,0.0
2020-08-05 00:00:00,12.030062346527771,12.101883888244629,12.008515473048123,12.101883888244629,56200,0.0,0.0
2020-08-06 00:00:00,12.123425454224183,12.223976127922297,11.965419209672179,12.06596851348877,104600,0.0,0.0
2020-08-07 00:00:00,12.123424716321399,12.123424716321399,11.857686895300052,11.979783058166504,55600,0.0,0.0
2020-08-10 00:00:00,12.338887337032721,12.353251911575871,12.015691259217991,12.037238121032715,59100,0.0,0.0
2020-08-11 00:00:00,12.065970983315774,12.065970983315774,11.907964706420898,11.907964706420898,106800,0.0,0.0
2020-08-12 00:00:00,11.994149262922312,12.065969416807249,11.907963160426112,11.951055526733398,108600,0.0,0.0
2020-08-13 00:00:00,11.943845867209854,12.037552128449317,11.80689130261921,11.84293270111084,117200,0.06,0.0
2020-08-14 00:00:00,11.886183467217222,11.95105662310476,11.749228874250301,11.792478561401367,101800,0.0,0.0
2020-08-17 00:00:00,11.821305663646074,11.821305663646074,11.72039251631355,11.75643253326416,47900,0.0,0.0
2020-08-18 00:00:00,11.79247433442913,11.79247433442913,11.691559808754839,11.749224662780762,28400,0.0,0.0
2020-08-19 00:00:00,11.792477202808442,11.792477202808442,11.669939186342624,11.69156265258789,39400,0.0,0.0
2020-08-20 00:00:00,11.720399055023766,11.792480503977128,11.648317606070403,11.684357643127441,72300,0.0,0.0
2020-08-21 00:00:00,11.734812196473094,12.037553093889441,11.63389764744172,11.785268783569336,50100,0.0,0.0
2020-08-24 00:00:00,11.785268504290368,11.958263102308937,11.59785734606054,11.641105651855469,91000,0.0,0.0
2020-08-25 00:00:00,11.612274855859003,11.612274855859003,11.39603124694288,11.439279556274414,56000,0.0,0.0
2020-08-26 00:00:00,11.504153671133633,11.504153671133633,11.374407357434153,11.38161563873291,43000,0.0,0.0
2020-08-27 00:00:00,11.410448620398094,11.446489341190258,11.359992023740809,11.388824462890625,23700,0.0,0.0
2020-08-28 00:00:00,11.439277103917835,11.446485383067605,11.367196374678144,11.432068824768066,43500,0.0,0.0
2020-08-31 00:00:00,11.489736690693759,11.547402251567183,11.410447661549513,11.475320816040039,32000,0.0,0.0
2020-09-01 00:00:00,11.583437490430242,11.583437490430242,11.468107791228476,11.532980918884277,67800,0.0,0.0
2020-09-02 00:00:00,11.518567227485407,11.626688675522464,11.518567227485407,11.590648651123047,68600,0.0,0.0
2020-09-03 00:00:00,11.590650977887881,11.677148978584848,11.424864632627697,11.46811294555664,52000,0.0,0.0
2020-09-04 00:00:00,11.496942068272336,11.504150347488562,11.273490911924068,11.302323341369629,69300,0.0,0.0
2020-09-08 00:00:00,11.352783205303618,11.352783205303618,11.179788578584443,11.32395076751709,60400,0.0,0.0
2020-09-09 00:00:00,11.453697204589844,11.453697204589844,11.352783327540667,11.453697204589844,49000,0.0,0.0
2020-09-10 00:00:00,11.410443950532157,11.893387624205563,11.410443950532157,11.763641357421875,72500,0.0,0.0
2020-09-11 00:00:00,11.893389431712048,11.893389431712048,11.742019680685607,11.864556312561035,48000,0.0,0.0
2020-09-14 00:00:00,11.850090260877929,12.190112066336567,11.70540133461106,12.030952453613281,57200,0.06,0.0
2020-09-15 00:00:00,11.994775243548291,12.761630214040842,11.987540593465443,12.124996185302734,84200,0.0,0.0
2020-09-16 00:00:00,12.088826993115001,12.117765603161102,12.009248575225971,12.023717880249023,76400,0.0,0.0
2020-09-17 00:00:00,12.125003463413487,12.132238117838982,11.661996619135683,11.71987247467041,112600,0.0,0.0
2020-09-18 00:00:00,11.661992342437223,11.727101448651322,11.640288387120034,11.676460266113281,33500,0.0,0.0
2020-09-21 00:00:00,11.784982467611668,11.784982467611668,11.575181638084185,11.604120254516602,35300,0.0,0.0
2020-09-22 00:00:00,11.582413625127819,11.661993422123068,11.582413625127819,11.62582015991211,40100,0.0,0.0
2020-09-23 00:00:00,11.640289464796492,11.669226694696398,11.560709667801243,11.62582015991211,36100,0.0,0.0
2020-09-24 00:00:00,11.61135196685791,11.618586619992847,11.567945427917282,11.61135196685791,16100,0.0,0.0
2020-09-25 00:00:00,11.560708641471606,11.63305377960205,11.560708641471606,11.63305377960205,25800,0.0,0.0
2020-09-28 00:00:00,11.633055658777682,11.633055658777682,11.560710508960778,11.596883773803711,41400,0.0,0.0
2020-09-29 00:00:00,11.66922537969836,11.705398637832978,11.59688162316654,11.698163986206055,51100,0.0,0.0
2020-09-30 00:00:00,11.748805573283404,11.748805573283404,11.582412719726562,11.582412719726562,49300,0.0,0.0
2020-10-01 00:00:00,11.683698573503074,11.98031248963277,11.647526683192298,11.690933227539062,44000,0.0,0.0
2020-10-02 00:00:00,11.719866713788416,11.806679764483066,11.65475623583315,11.763273239135742,36700,0.0,0.0
2020-10-05 00:00:00,11.828385274630676,11.835619926452637,11.683694997928965,11.835619926452637,21100,0.0,0.0
2020-10-06 00:00:00,11.893496878546074,11.900731531047725,11.763275893254104,11.821151733398438,23900,0.0,0.0
2020-10-07 00:00:00,11.886263157145018,11.886263157145018,11.756042161652296,11.784980773925781,49100,0.0,0.0
2020-10-08 00:00:00,11.82838571415923,11.82838571415923,11.756040573120117,11.756040573120117,53500,0.0,0.0
2020-10-09 00:00:00,11.777745198257406,12.103296281618457,11.777745198257406,11.821151733398438,37200,0.0,0.0
2020-10-12 00:00:00,11.75603756510516,11.850085258483887,11.75603756510516,11.850085258483887,41600,0.0,0.0
2020-10-13 00:00:00,11.900726318359375,11.900726318359375,11.821146555567163,11.900726318359375,23200,0.0,0.0
2020-10-14 00:00:00,12.135301119177427,12.149826049804688,11.837546967186714,12.149826049804688,33000,0.063,0.0
2020-10-15 00:00:00,12.113513748130728,12.113513748130728,11.917431362202537,11.93195629119873,36000,0.0,0.0
2020-10-16 00:00:00,11.852073737342527,11.931959483017687,11.764926910400389,11.76492691040039,61200,0.0,0.0
2020-10-19 00:00:00,11.793971549781588,11.852069877212104,11.735873222351074,11.735873222351074,42100,0.0,0.0
2020-10-20 00:00:00,11.77944732095478,11.83028457250131,11.714086525568426,11.786709785461426,20800,0.0,0.0
2020-10-21 00:00:00,11.815758942008053,11.82302140608354,11.721348294200098,11.735873222351074,30300,0.0,0.0
2020-10-22 00:00:00,11.823023581028364,11.823023581028364,11.655989646911621,11.655989646911621,32500,0.0,0.0
2020-10-23 00:00:00,11.72861583807339,11.735878305294337,11.64146900177002,11.64146900177002,16300,0.0,0.0
2020-10-26 00:00:00,11.583370466638407,11.677780466906858,11.532534579027326,11.5543212890625,41400,0.0,0.0
2020-10-27 00:00:00,11.59788966763598,11.619676366899647,11.5325288772583,11.5325288772583,29800,0.0,0.0
2020-10-28 00:00:00,11.61241559893974,11.61241559893974,11.430858129190513,11.467169761657715,137900,0.0,0.0
2020-10-29 00:00:00,11.532532504239159,11.568844142823066,11.35823747014069,11.394548416137695,108700,0.0,0.0
2020-10-30 00:00:00,11.409075001178843,11.44538664502239,11.380025824621406,11.423599243164062,17700,0.0,0.0
2020-11-02 00:00:00,11.525268568266474,11.525268568266474,11.41633435899329,11.5034818649292,29900,0.0,0.0
2020-11-03 00:00:00,11.481695133261645,11.597891807556152,11.474432667971536,11.597891807556152,31700,0.0,0.0
2020-11-04 00:00:00,11.648731904145059,11.714091341227183,11.568846146904406,11.670517921447754,69000,0.0,0.0
2020-11-05 00:00:00,11.677780112137196,11.79397681891078,11.663255177496996,11.721353530883789,34900,0.0,0.0
2020-11-06 00:00:00,11.764923029725502,12.113512992858887,11.764923029725502,12.113512992858887,15900,0.0,0.0
2020-11-09 00:00:00,12.084466060763722,12.09172852656631,11.873860093183527,11.92469596862793,71400,0.0,0.0
2020-11-10 00:00:00,11.910172280958749,11.910172280958749,11.772188186645508,11.772188186645508,28300,0.0,0.0
2020-11-11 00:00:00,11.982795561395921,11.982795561395921,11.772188186645508,11.772188186645508,38500,0.0,0.0
2020-11-12 00:00:00,11.77944732095478,11.881120438874367,11.735873919088368,11.786709785461426,59800,0.0,0.0
2020-11-13 00:00:00,11.80348416436934,11.883679834917032,11.80348416436934,11.87639045715332,15500,0.063,0.0
2020-11-16 00:00:00,11.861805694443921,11.898258135636057,11.810771720546335,11.839933395385742,33400,0.0,0.0
2020-11-17 00:00:00,11.861804668661014,11.963872607629577,11.774316870565547,11.883675575256348,54200,0.0,0.0
2020-11-18 00:00:00,11.927419587693207,12.000324460216053,11.88367499549393,11.92012882232666,53900,0.0,0.0
2020-11-19 00:00:00,11.912838218245536,12.036778450012207,11.912838218245536,12.036778450012207,41000,0.0,0.0
2020-11-20 00:00:00,12.095100555367374,12.116972847011137,11.993032642171858,12.109682083129883,26000,0.0,0.0
2020-11-23 00:00:00,12.102398728767481,12.116980265457325,12.022201667545213,12.087817192077637,21600,0.0,0.0
2020-11-24 00:00:00,12.175300156084797,12.284658856412356,12.051359924894545,12.182589530944824,40900,0.0,0.0
2020-11-25 00:00:00,12.270082616901897,12.379441364389338,12.1388515636882,12.284664154052734,43900,0.0,0.0
2020-11-27 00:00:00,12.284660775644836,12.64189999416438,12.240917566794076,12.481507301330566,25800,0.0,0.0
2020-11-30 00:00:00,12.394017556739914,12.474214585913408,12.160718625222104,12.182589530944824,54400,0.0,0.0
2020-12-01 00:00:00,12.197178005290857,12.415896921027338,12.160725547954167,12.26279354095459,71100,0.0,0.0
2020-12-02 00:00:00,12.22633346794703,12.474213917035984,12.182588877704571,12.211751937866211,54300,0.0,0.0
2020-12-03 00:00:00,12.255497943238856,12.299242543495946,12.000326670692086,12.051362037658691,81200,0.0,0.0
2020-12-04 00:00:00,12.000327334924085,12.109687451048456,11.971165657043457,11.971165657043457,31600,0.0,0.0
2020-12-07 00:00:00,12.00762021654795,12.131560498152378,11.99304007032593,12.044074058532715,37400,0.0,0.0
2020-12-08 00:00:00,12.04407214478023,12.15343087221411,12.04407214478023,12.09510612487793,26300,0.0,0.0
2020-12-09 00:00:00,12.138850356694059,12.175304195946461,12.124268820993098,12.15343189239502,28500,0.0,0.0
2020-12-10 00:00:00,12.080524366078047,12.153430646537393,12.080524366078047,12.124267578125,23000,0.0,0.0
2020-12-11 00:00:00,12.124268820993098,12.15343189239502,12.124268820993098,12.15343189239502,30900,0.0,0.0
2020-12-14 00:00:00,12.148306561656586,12.177578863003014,12.00194086738432,12.067805290222168,37900,0.063,0.0
2020-12-15 00:00:00,12.126351506636611,12.133669931066386,12.031214780743008,12.089760780334473,36800,0.0,0.0
2020-12-16 00:00:00,12.089757390242992,12.133666528662335,11.979983846271463,11.987300872802734,82100,0.0,0.0
2020-12-17 00:00:00,11.921439538126059,12.009257827303706,11.840938276507764,11.862892150878906,84500,0.0,0.0
2020-12-18 00:00:00,11.906800441967865,12.053164694896052,11.855572883650686,12.023892402648926,35500,0.0,0.0
2020-12-21 00:00:00,12.023897162006257,12.155626018875575,11.994623462325597,12.075124740600586,44600,0.0,0.0
2020-12-22 00:00:00,12.060488688464158,12.119034695850997,12.053170263059938,12.111716270446777,23700,0.0,0.0
2020-12-23 00:00:00,12.192216747629573,12.294671904818228,11.928759033890938,12.075124740600586,55500,0.0,0.0
2020-12-24 00:00:00,12.162945803599795,12.29467327934927,12.10439979353992,12.221491813659668,18000,0.0,0.0
2020-12-28 00:00:00,12.184898438677328,12.258081292728658,12.031215701431691,12.243444442749023,35900,0.0,0.0
2020-12-29 00:00:00,12.294671287996428,12.294671287996428,12.111714861711679,12.214171409606934,28100,0.0,0.0
2020-12-30 00:00:00,12.126353121255217,12.133671546659437,12.067807113868378,12.111716270446777,104300,0.0,0.0
2020-12-31 00:00:00,12.089761590440915,12.236125901303735,12.075124740600586,12.075124740600586,66500,0.0,0.0
2021-01-04 00:00:00,12.162948146112202,12.177583604560635,11.994627113406311,12.060491561889648,70600,0.0,0.0
2021-01-05 00:00:00,12.060487226639655,12.140988500481775,12.045850377605314,12.104397773742676,55600,0.0,0.0
2021-01-06 00:00:00,12.097076261020915,12.097076261020915,11.972665867682657,12.031211853027344,72000,0.0,0.0
2021-01-07 00:00:00,12.016574562313192,12.082438967865377,11.958028579138618,11.987300872802734,33900,0.0,0.0
2021-01-08 00:00:00,12.045852204995434,12.097081184387207,11.950715463533209,12.097081184387207,41700,0.0,0.0
2021-01-11 00:00:00,12.089761590440915,12.089761590440915,12.009260312165926,12.075124740600586,28700,0.0,0.0
2021-01-12 00:00:00,12.111711561189248,12.148303673982657,11.972665720113428,12.01657485961914,108300,0.0,0.0
2021-01-13 00:00:00,12.031212438205358,12.089758426397623,11.94339275799373,11.994620323181152,67600,0.0,0.0
2021-01-14 00:00:00,12.474345961776043,12.474345961776043,12.033556059689555,12.320070266723633,80900,0.063,0.0
2021-01-15 00:00:00,12.408232005812065,12.459657256558213,12.320074833456667,12.356806755065918,32500,0.0,0.0
2021-01-19 00:00:00,12.290685008701919,12.525772609394075,12.246606433880297,12.422922134399414,30500,0.0,0.0
2021-01-20 00:00:00,12.42291909020229,12.489037636848897,12.386187187057415,12.459650993347168,47600,0.0,0.0
2021-01-21 00:00:00,12.415576281208107,12.650663897227764,12.415576281208107,12.547813415527344,28800,0.0,0.0
2021-01-22 00:00:00,12.591894489692118,12.672706399182916,12.452312065777281,12.525775909423828,15700,0.0,0.0
2021-01-25 00:00:00,12.555165131392485,12.555165131392485,12.45231460830082,12.496393203735352,31600,0.0,0.0
2021-01-26 00:00:00,12.613933937479215,13.07676257808878,12.525775367193475,12.635973930358887,50100,0.0,0.0
2021-01-27 00:00:00,12.724132955070427,12.841676798438453,12.635975773160979,12.64332103729248,56600,0.0,0.0
2021-01-28 00:00:00,12.768205959269048,13.010640205292114,12.6359702442649,12.804939270019531,64900,0.0,0.0
2021-01-29 00:00:00,12.680051226400941,12.782901713589032,12.658011235760867,12.702091217041016,36800,0.0,0.0
2021-02-01 00:00:00,12.841673738631764,12.973910881220716,12.709436596042812,12.768208503723145,47800,0.0,0.0
2021-02-02 00:00:00,12.724126640441602,13.07675799554458,12.66535474792444,12.959214210510254,43300,0.0,0.0
2021-02-03 00:00:00,12.8784002301476,12.91513212751474,12.650657982528724,12.68739128112793,59900,0.0,0.0
2021-02-04 00:00:00,12.70943623554209,12.724129562353601,12.56985383453103,12.650664329528809,40100,0.0,0.0
2021-02-05 00:00:00,12.635972403950065,12.694744309963346,12.635972403950065,12.650664329528809,47100,0.0,0.0
2021-02-08 00:00:00,12.62128060177244,12.694745843471734,12.62128060177244,12.635973930358887,57900,0.0,0.0
2021-02-09 00:00:00,12.64332103729248,12.694747694844992,12.525777193924457,12.64332103729248,57200,0.0,0.0
2021-02-10 00:00:00,12.496389498232729,12.635973310490696,12.496389498232729,12.569854736328125,85100,0.0,0.0
2021-02-11 00:00:00,12.621281250726778,12.650666508177649,12.569855999262996,12.599241256713867,29500,0.0,0.0
2021-02-12 00:00:00,12.579331699802491,12.59407920274699,12.461354489045085,12.490849494934082,52000,0.063,0.0
2021-02-16 00:00:00,12.520340847413705,12.520340847413705,12.35074881318632,12.387616157531738,43600,0.0,0.0
2021-02-17 00:00:00,12.446605738975386,12.446605738975386,12.277013691304314,12.328628540039062,28900,0.0,0.0
2021-02-18 00:00:00,12.387618189942613,12.387618189942613,12.232773630607984,12.27701473236084,36000,0.0,0.0
2021-02-19 00:00:00,12.277012692979097,12.277012692979097,12.08529940869726,12.136914253234863,37300,0.0,0.0
2021-02-22 00:00:00,12.181158922009303,12.181158922009303,11.908335744098267,11.915709495544434,52200,0.0,0.0
2021-02-23 00:00:00,11.967322423074076,11.967322423074076,11.731368040371791,11.790356636047363,67100,0.0,0.0
2021-02-24 00:00:00,11.731370962931567,11.893589289852015,11.709250409842362,11.864095687866211,80900,0.0,0.0
2021-02-25 00:00:00,11.834598807533629,11.834598807533629,11.628139407091655,11.679754257202148,95100,0.0,0.0
2021-02-26 00:00:00,11.731371971607963,11.797734339781195,11.665009603434733,11.775613784790039,62700,0.0,0.0
2021-03-01 00:00:00,11.849346384428772,11.893587483889466,11.606018227796167,11.657633781433105,164900,0.0,0.0
2021-03-02 00:00:00,11.665006652249305,11.73136900363321,11.53965570034628,11.635512351989746,138400,0.0,0.0
2021-03-03 00:00:00,11.57652279205103,11.63551138768139,11.429051302975127,11.510160446166992,171600,0.0,0.0
2021-03-04 00:00:00,11.510162481561654,11.790358711954013,11.340570414934508,11.399559020996094,176700,0.0,0.0
2021-03-05 00:00:00,11.406928879802804,11.451169967651367,11.362687088754829,11.451169967651367,47700,0.0,0.0
2021-03-08 00:00:00,11.443803674386976,11.495418541732848,11.377441300256665,11.429056167602539,69300,0.0,0.0
2021-03-09 00:00:00,11.458546667408838,11.55440332003087,11.451172916468776,11.524909019470215,51400,0.0,0.0
2021-03-10 00:00:00,11.547026740076067,11.620762825012207,11.53227994500849,11.620762825012207,51100,0.0,0.0
2021-03-11 00:00:00,11.709247482215401,11.709247482215401,11.620764588781977,11.665005683898926,47200,0.0,0.0
2021-03-12 00:00:00,11.60800698499115,11.645021747857669,11.482154814413208,11.570991516113281,186900,0.063,0.0
2021-03-15 00:00:00,11.615403318043471,11.637613011129856,11.556178881835052,11.622806549072266,36500,0.0,0.0
2021-03-16 00:00:00,11.652419257872568,11.667225720553674,11.541373611808272,11.58579158782959,66600,0.0,0.0
2021-03-17 00:00:00,11.570984697289896,11.570984697289896,11.533969250225367,11.563581466674805,20600,0.0,0.0
2021-03-18 00:00:00,11.54878144971172,11.54878144971172,11.422929290766573,11.474750518798828,52500,0.0,0.0
2021-03-19 00:00:00,11.496957919383277,11.526570146434693,11.422927704760324,11.504361152648926,86900,0.0,0.0
2021-03-22 00:00:00,11.511765308125973,11.511765308125973,11.452540849278646,11.489556312561035,58400,0.0,0.0
2021-03-23 00:00:00,11.489555392128809,11.541376612965994,11.452539931811742,11.504361152648926,83600,0.0,0.0
2021-03-24 00:00:00,11.511765984255275,11.570990446581076,11.452541521929474,11.474750518798828,84300,0.0,0.0
2021-03-25 00:00:00,11.474746734439472,11.526567945381148,11.363701080704153,11.400715827941895,150700,0.0,0.0
2021-03-26 00:00:00,11.39331404364708,11.49695647227611,11.39331404364708,11.45253849029541,127800,0.0,0.0
2021-03-29 00:00:00,11.482148170471191,11.504357156542536,11.45993847838891,11.482148170471191,83800,0.0,0.0
2021-03-30 00:00:00,11.482154646386281,11.652424812316895,11.482154646386281,11.652424812316895,90600,0.0,0.0
2021-03-31 00:00:00,11.659826539309236,11.763469696044922,11.600602080034914,11.763469696044922,80400,0.0,0.0
2021-04-01 00:00:00,11.75606694302716,11.904128097269563,11.75606694302716,11.815291404724121,62500,0.0,0.0
2021-04-05 00:00:00,11.800480663702212,11.881914092548168,11.756062686517515,11.778271675109863,62900,0.0,0.0
2021-04-06 00:00:00,11.77087083883249,11.88191651040196,11.77087083883249,11.830095291137695,53800,0.0,0.0
2021-04-07 00:00:00,11.839037096744285,11.898642008262785,11.839037096744285,11.883740425109863,67700,0.102,0.0
2021-04-08 00:00:00,11.883740557181909,11.94334617990944,11.883740557181909,11.92099380493164,89800,0.0,0.0
2021-04-09 00:00:00,11.906088391770105,11.935891548820361,11.831582630783583,11.853934288024902,42100,0.0,0.0
2021-04-12 00:00:00,11.853941086435155,11.928447600698634,11.853941086435155,11.891194343566895,41400,0.0,0.0
2021-04-13 00:00:00,11.853939199132565,11.97314903453694,11.853939199132565,11.9656982421875,56800,0.0,0.0
2021-04-14 00:00:00,11.96569480992512,12.025299710530126,11.935893070169081,12.002948760986328,77200,0.0,0.0
2021-04-15 00:00:00,12.01785367942792,12.107261776287796,12.01785367942792,12.070009231567383,57400,0.0,0.0
2021-04-16 00:00:00,12.070009231567383,12.099810983125016,12.040206058916262,12.070009231567383,66000,0.0,0.0
2021-04-19 00:00:00,12.077459047214152,12.144514767048491,11.958249194418338,11.988052368164062,68000,0.0,0.0
2021-04-20 00:00:00,11.988052368164062,12.062558881434832,11.943349028639018,11.988052368164062,78500,0.0,0.0
2021-04-21 00:00:00,11.950795748306325,12.032751605982996,11.83903601649666,11.913541793823242,297300,0.0,0.0
2021-04-22 00:00:00,11.906095220091522,11.92099680716293,11.861391879970858,11.891194343566895,191100,0.0,0.0
2021-04-23 00:00:00,11.906095061456863,11.988052368164062,11.88374339169434,11.988052368164062,274200,0.0,0.0
2021-04-26 00:00:00,11.965693423902012,12.0252983176028,11.906088530201226,11.950793266296387,149900,0.0,0.0
2021-04-27 00:00:00,11.965697000811153,11.973147792387614,11.876289633533402,11.883740425109863,134300,0.0,0.0
2021-04-28 00:00:00,11.868838464293745,11.920992579453968,11.809233558240198,11.84648609161377,199500,0.0,0.0
2021-04-29 00:00:00,11.839036011266971,11.883739335533868,11.831585220373647,11.84648609161377,97800,0.0,0.0
2021-04-30 00:00:00,11.824134960887577,11.876289078391741,11.824134960887577,11.861388206481934,108400,0.0,0.0
2021-05-03 00:00:00,11.868839286812687,11.920993405587227,11.831586040310912,11.876289367675781,177000,0.0,0.0
2021-05-04 00:00:00,11.876290602366351,11.980599561306242,11.876290602366351,11.958247184753418,198400,0.0,0.0
2021-05-05 00:00:00,11.980596136258185,12.062553405761719,11.965694556149744,12.062553405761719,196200,0.0,0.0
2021-05-06 00:00:00,12.092356155519544,12.1594118505189,12.03275125119712,12.144510269165039,171200,0.0,0.0
2021-05-07 00:00:00,12.181766504657798,12.256273004291984,12.129612381241852,12.248822212219238,139400,0.0,0.0
2021-05-10 00:00:00,12.278623049105175,12.293524632145896,12.233919721076187,12.263721466064453,118600,0.0,0.0
2021-05-11 00:00:00,12.233915745984486,12.263717481289456,12.204112589586803,12.219014167785645,94900,0.0,0.0
2021-05-12 00:00:00,12.204115011489899,12.248819754958067,12.077454413849411,12.099806785583496,85600,0.0,0.0
2021-05-13 00:00:00,12.154407501220703,12.161887307801338,12.102050281783495,12.154407501220703,61800,0.063,0.0
2021-05-14 00:00:00,12.236689567565918,12.244169377582196,12.124493843949624,12.236689567565918,88400,0.0,0.0
2021-05-17 00:00:00,12.274083875593302,12.274083875593302,12.154409800914499,12.18432903289795,101400,0.0,0.0
2021-05-18 00:00:00,12.184330786296984,12.22172840503054,12.07961488591315,12.117013931274414,99700,0.0,0.0
2021-05-19 00:00:00,12.14693085344803,12.221727512078004,12.117013045972602,12.214247703552246,93000,0.0,0.0
2021-05-20 00:00:00,12.2666040026449,12.289043426513672,12.259124194688644,12.289043426513672,90800,0.0,0.0
2021-05-21 00:00:00,12.311482097253004,12.371320564176514,12.266604673687942,12.304003715515137,79700,0.0,0.0
2021-05-24 00:00:00,12.416198414474401,12.416198414474401,12.274084903901903,12.281564712524414,96700,0.0,0.0
2021-05-25 00:00:00,12.296523397669125,12.408717665247028,12.229206551796878,12.35636043548584,70000,0.0,0.0
2021-05-26 00:00:00,12.363840948058431,12.378799138394323,12.304003906832078,12.318962097167969,72800,0.0,0.0
2021-05-27 00:00:00,12.318956237861546,12.35635526248204,12.25911922509567,12.326436042785645,128500,0.0,0.0
2021-05-28 00:00:00,12.318963729433435,12.438637827742989,12.304005537115579,12.408720016479492,97200,0.0,0.0
2021-06-01 00:00:00,12.416199401036533,12.528393686033676,12.378800354952329,12.431159019470215,107900,0.0,0.0
2021-06-02 00:00:00,12.51343283781052,12.51343283781052,12.304003906832078,12.318962097167969,132800,0.0,0.0
2021-06-03 00:00:00,12.393756242021837,12.401236048986746,12.244164382605556,12.27408218383789,150400,0.0,0.0
2021-06-04 00:00:00,12.363841180744434,12.363841180744434,12.244167096039472,12.281564712524414,85700,0.0,0.0
2021-06-07 00:00:00,12.318956237861546,12.326436042785645,12.244161041874388,12.326436042785645,87400,0.0,0.0
2021-06-08 00:00:00,12.356361298456072,12.446116148135882,12.281564639304486,12.386279106140137,104400,0.0,0.0
2021-06-09 00:00:00,12.386277452885915,12.453594294474488,12.363839456774674,12.423676490783691,107500,0.0,0.0
2021-06-10 00:00:00,12.423680875704834,12.46855831039417,12.363843820576411,12.39376163482666,63500,0.0,0.0
2021-06-11 00:00:00,12.371323250483124,12.461078117102598,12.371323250483124,12.438638687133789,70400,0.0,0.0
2021-06-14 00:00:00,12.478434110714312,12.500957442360257,12.40335299710386,12.485940933227539,85200,0.063,0.0
2021-06-15 00:00:00,12.508463859558105,12.538496873411988,12.45590751736673,12.508463859558105,81900,0.0,0.0
2021-06-16 00:00:00,12.508463282074638,12.538496294541975,12.425873929842318,12.478431701660156,99600,0.0,0.0
2021-06-17 00:00:00,12.508458109631196,12.523474609655306,12.463410041611128,12.50094985961914,46100,0.0,0.0
2021-06-18 00:00:00,12.485935978924921,12.576033565918209,12.485935978924921,12.568525314331055,85100,0.0,0.0
2021-06-21 00:00:00,12.568528553165384,12.568528553165384,12.523480464086399,12.538496971130371,44300,0.0,0.0
2021-06-22 00:00:00,12.553507244764225,12.568523746064814,12.530983924865723,12.530983924865723,50300,0.0,0.0
2021-06-23 00:00:00,12.553509789381748,12.621082626879145,12.53849471708996,12.576034545898438,77600,0.0,0.0
2021-06-24 00:00:00,12.59855895613605,12.651115287844444,12.576034200238464,12.613574028015137,138700,0.0,0.0
2021-06-25 00:00:00,12.651112528892916,12.651112528892916,12.583539707989063,12.643604278564453,112500,0.0,0.0
2021-06-28 00:00:00,12.636097565978334,12.681145641378896,12.606065993062126,12.673637390136719,64800,0.0,0.0
2021-06-29 00:00:00,12.673642875084948,12.711184147543086,12.598563194274902,12.598563194274902,148300,0.0,0.0
2021-06-30 00:00:00,12.636099131223608,12.688655464376545,12.576034545898438,12.576034545898438,100300,0.0,0.0
2021-07-01 00:00:00,12.673640577881208,12.673640577881208,12.598560910679986,12.628592491149902,122200,0.0,0.0
2021-07-02 00:00:00,12.651114357889673,12.651114357889673,12.591049778630628,12.621081352233887,86000,0.0,0.0
2021-07-06 00:00:00,12.643611289171552,12.673642875084948,12.57603843080002,12.598563194274902,104000,0.0,0.0
2021-07-07 00:00:00,12.598558030044575,12.628589603647832,12.538493450785529,12.621081352233887,87500,0.0,0.0
2021-07-08 00:00:00,12.538492557026808,12.651113456103202,12.538492557026808,12.636096954345703,86300,0.0,0.0
2021-07-09 00:00:00,12.681146699776804,12.7036714553833,12.636098620616426,12.7036714553833,40900,0.0,0.0
2021-07-12 00:00:00,12.726195996820593,12.778752326965332,12.681146486365737,12.778752326965332,71900,0.0,0.0
2021-07-13 00:00:00,12.733705341276888,12.838819454460387,12.733705341276888,12.823802947998047,77000,0.0,0.0
2021-07-14 00:00:00,12.803459154069206,12.848674028807764,12.720564019252718,12.773316383361816,53100,0.063,0.0
2021-07-15 00:00:00,12.818525217554235,12.818525217554235,12.667807122976175,12.697951316833496,67600,0.0,0.0
2021-07-16 00:00:00,12.72809677517716,12.72809677517716,12.592450748733672,12.615058898925781,30900,0.0,0.0
2021-07-19 00:00:00,12.615055909791327,12.622591958069698,12.441731111451507,12.464339256286621,76800,0.0,0.0
2021-07-20 00:00:00,12.471877935469465,12.622596075491847,12.464343322087583,12.479413986206055,64400,0.0,0.0
2021-07-21 00:00:00,12.479408458180952,12.539695400013553,12.411585468950017,12.43419361114502,99900,0.0,0.0
2021-07-22 00:00:00,12.479409872194397,12.479409872194397,12.388980167876149,12.404050827026367,95700,0.0,0.0
2021-07-23 00:00:00,12.434199119141223,12.524630290625595,12.37391215060321,12.479413986206055,79900,0.0,0.0
2021-07-26 00:00:00,12.479412194063533,12.509556392680947,12.456805482454975,12.47187614440918,139500,0.0,0.0
2021-07-27 00:00:00,12.464338446270975,12.51708934343723,12.464338446270975,12.486945152282715,68200,0.0,0.0
2021-07-28 00:00:00,12.486945152282715,12.509553295648601,12.464338446270975,12.486945152282715,141800,0.0,0.0
2021-07-29 00:00:00,12.486947439701284,12.547234395699821,12.486947439701284,12.524627685546875,98400,0.0,0.0
2021-07-30 00:00:00,12.494479907934574,12.539694752636233,12.494479907934574,12.509552001953125,66800,0.0,0.0
2021-08-02 00:00:00,12.53969776146399,12.562305907916514,12.502018954730795,12.532161712646484,162400,0.0,0.0
2021-08-03 00:00:00,12.53215737577663,12.599980354309082,12.517086720711298,12.599980354309082,131000,0.0,0.0
2021-08-04 00:00:00,12.584913395539887,12.62259220030057,12.562305250270917,12.60752010345459,73900,0.0,0.0
2021-08-05 00:00:00,12.569845531491707,12.622596450861831,12.517094612121582,12.517094612121582,114900,0.0,0.0
2021-08-06 00:00:00,12.509555003548304,12.554769859099006,12.479410808278274,12.532161712646484,92700,0.0,0.0
2021-08-09 00:00:00,12.53216007865206,12.59244702397732,12.517089420336363,12.577376365661621,88700,0.0,0.0
2021-08-10 00:00:00,12.599982875524177,12.622591018676758,12.57737616972573,12.622591018676758,109600,0.0,0.0
2021-08-11 00:00:00,12.622593420885817,12.697952475048554,12.60752132258239,12.652737617492676,124200,0.0,0.0
2021-08-12 00:00:00,12.66026833403009,12.713020661861467,12.652733724550998,12.690412521362305,51300,0.0,0.0
2021-08-13 00:00:00,12.677556558771384,12.851532224963073,12.639734820848117,12.715376853942871,97700,0.063,0.0
2021-08-16 00:00:00,12.685123296532177,12.7985856461774,12.601916900174723,12.62460994720459,90700,0.0,0.0
2021-08-17 00:00:00,12.624609189651958,12.68512253534838,12.609480492539861,12.632173538208008,96200,0.0,0.0
2021-08-18 00:00:00,12.632175392365575,12.722944702857395,12.632175392365575,12.685124397277832,73100,0.0,0.0
2021-08-19 00:00:00,12.692684173583984,12.722940118595538,12.692684173583984,12.692684173583984,52800,0.0,0.0
2021-08-20 00:00:00,12.692684336431757,12.768324921306942,12.692684336431757,12.75319766998291,67400,0.0,0.0
2021-08-23 00:00:00,12.775889268344796,12.775889268344796,12.722940281831496,12.75319766998291,81100,0.0,0.0
2021-08-24 00:00:00,12.753200289252709,12.821277983823608,12.730507243478419,12.798584938049316,98400,0.0,0.0
2021-08-25 00:00:00,12.775891304016113,12.798584348745516,12.753199702038618,12.775891304016113,83100,0.0,0.0
2021-08-26 00:00:00,12.768328445812232,12.851534843444824,12.768328445812232,12.851534843444824,121200,0.0,0.0
2021-08-27 00:00:00,12.843969586845924,12.851533935437356,12.753200289252709,12.798584938049316,86300,0.0,0.0
2021-08-30 00:00:00,12.79858303612138,12.813711731056047,12.707812309265137,12.707812309265137,99000,0.0,0.0
2021-08-31 00:00:00,12.707812576810836,12.738069967317198,12.669992281429673,12.700249671936035,97200,0.0,0.0
2021-09-01 00:00:00,12.760763010196971,12.760763010196971,12.639734890923311,12.700249671936035,101900,0.0,0.0
2021-09-02 00:00:00,12.745636571984942,12.783456874063456,12.60191682713291,12.639737129211426,131400,0.0,0.0
2021-09-03 00:00:00,12.685121182168535,12.685121182168535,12.564094503686158,12.617043495178223,69100,0.0,0.0
2021-09-07 00:00:00,12.601917883090783,12.63973818833839,12.53384017944336,12.53384017944336,45200,0.0,0.0
2021-09-08 00:00:00,12.556530559082123,12.556530559082123,12.503581565890057,12.541401863098145,125100,0.0,0.0
2021-09-09 00:00:00,12.511145913882046,12.579222160306232,12.511145913882046,12.541401863098145,59500,0.0,0.0
2021-09-10 00:00:00,12.541404355993242,12.571661753975558,12.526275657002085,12.56409740447998,119800,0.0,0.0
2021-09-13 00:00:00,12.571655961182334,12.586783210450983,12.541398577142077,12.579218864440918,85100,0.0,0.0
2021-09-14 00:00:00,12.589094037863857,12.589094037863857,12.558723031971203,12.566314697265625,63700,0.063,0.0
2021-09-15 00:00:00,12.5815018282757,12.680210863055013,12.573908714197412,12.642245292663574,139100,0.0,0.0
2021-09-16 00:00:00,12.649835586547852,12.665021811318763,12.619464585244135,12.649835586547852,76500,0.0,0.0
2021-09-17 00:00:00,12.665024634898437,12.665024634898437,12.604281170510562,12.642245292663574,74500,0.0,0.0
2021-09-20 00:00:00,12.627058235811125,12.71058103695238,12.589094116149646,12.665023803710938,120500,0.0,0.0
2021-09-21 00:00:00,12.718173770925947,12.862440028162574,12.649837198984297,12.763731002807617,120500,0.0,0.0
2021-09-22 00:00:00,12.763731784991743,12.84725458875847,12.763731784991743,12.816882133483887,62600,0.0,0.0
2021-09-23 00:00:00,12.877625595794678,12.877625595794678,12.756138671173096,12.816882133483887,93700,0.0,0.0
2021-09-24 00:00:00,12.832068361121179,12.832068361121179,12.740953891774183,12.816882133483887,126600,0.0,0.0
2021-09-27 00:00:00,12.801696822414748,12.801696822414748,12.680209902838667,12.725767135620117,58800,0.0,0.0
2021-09-28 00:00:00,12.687798210672776,12.687798210672776,12.482789993286133,12.482789993286133,91800,0.0,0.0
2021-09-29 00:00:00,12.490384892715579,12.589092459791383,12.490384892715579,12.543535232543945,50500,0.0,0.0
2021-09-30 00:00:00,12.528350469643371,12.581500815675243,12.300562858581543,12.300562858581543,153800,0.0,0.0
2021-10-01 00:00:00,12.338524646922803,12.361303983021278,12.262594974832593,12.308152198791504,100400,0.0,0.0
2021-10-04 00:00:00,12.262594624145123,12.330931182248209,12.171480178833008,12.171480178833008,91500,0.0,0.0
2021-10-05 00:00:00,12.171476273079474,12.239812809253777,12.141103835563104,12.156290054321289,104400,0.0,0.0
2021-10-06 00:00:00,12.141105680859424,12.232221559019479,12.133512570326273,12.224628448486328,50100,0.0,0.0
2021-10-07 00:00:00,12.285377420536454,12.315748428117054,12.232227071091604,12.270191192626953,62600,0.0,0.0
2021-10-08 00:00:00,12.232221559019479,12.285371884513781,12.209442227420027,12.224628448486328,64800,0.0,0.0
2021-10-11 00:00:00,12.239821313263278,12.338528907296693,12.20185573999001,12.217041969299316,65000,0.0,0.0
2021-10-12 00:00:00,12.232226077086954,12.353712994013994,12.232226077086954,12.34611988067627,65400,0.0,0.0
2021-10-13 00:00:00,12.33092873167896,12.513159034325914,12.33092873167896,12.475194931030273,61200,0.0,0.0
2021-10-14 00:00:00,12.485108151004722,12.652796745300293,12.454620240831915,12.652796745300293,46600,0.063,0.0
2021-10-15 00:00:00,12.6527974239819,12.690907677195323,12.58419780514736,12.675662994384766,72700,0.0,0.0
2021-10-18 00:00:00,12.652796763631091,12.660419104638558,12.599441830391708,12.61468505859375,42100,0.0,0.0
2021-10-19 00:00:00,12.584195515816345,12.668039802208398,12.561328495760502,12.591817855834961,48900,0.0,0.0
2021-10-20 00:00:00,12.53846263885498,12.629927809332624,12.530840299013065,12.53846263885498,70400,0.0,0.0
2021-10-21 00:00:00,12.553707413129768,12.6146846855735,12.454619890588521,12.492730140686035,135800,0.0,0.0
2021-10-22 00:00:00,12.553706744367714,12.568951425119744,12.523218836676428,12.5460844039917,106000,0.0,0.0
2021-10-25 00:00:00,12.538461879994093,12.576572123084466,12.46223994000076,12.52321720123291,89600,0.0,0.0
2021-10-26 00:00:00,12.4851070264569,12.500351707076645,12.386019510054084,12.401264190673828,75500,0.0,0.0
2021-10-27 00:00:00,12.40126603679931,12.431753948764648,12.286933822756582,12.294554710388184,101200,0.0,0.0
2021-10-28 00:00:00,12.279307949085988,12.347907548541082,12.157352701773442,12.233573913574219,114300,0.0,0.0
2021-10-29 00:00:00,12.210709094545852,12.286931037902832,12.210709094545852,12.286931037902832,114000,0.0,0.0
2021-11-01 00:00:00,12.317419343164353,12.370774269104004,12.248819737295461,12.370774269104004,99800,0.0,0.0
2021-11-02 00:00:00,12.355529589174761,12.386018949033245,12.225954171214294,12.370774269104004,133600,0.0,0.0
2021-11-03 00:00:00,12.370774844286307,12.393641865243378,12.332664596503953,12.363152503967285,135300,0.0,0.0
2021-11-04 00:00:00,12.332663450389422,12.416507732293995,12.332663450389422,12.378396034240723,57300,0.0,0.0
2021-11-05 00:00:00,12.393640323394719,12.446995245177424,12.393640323394719,12.40888500213623,77700,0.0,0.0
2021-11-08 00:00:00,12.553705780245311,13.11012495445933,12.38601866628964,12.431751251220703,116200,0.0,0.0
2021-11-09 00:00:00,12.3479084211492,12.51559553510487,12.157353560915334,12.431751251220703,172000,0.0,0.0
2021-11-10 00:00:00,12.39364260112933,12.530841827392578,12.39364260112933,12.530841827392578,133100,0.0,0.0
2021-11-11 00:00:00,12.515596011039952,12.530840691200908,12.477485764450277,12.507973670959473,47900,0.0,0.0
2021-11-12 00:00:00,12.540874481201172,12.571481343888328,12.433753380627202,12.540874481201172,79300,0.063,0.0
2021-11-15 00:00:00,12.586786781888614,12.586786781888614,12.510271072387695,12.510271072387695,82900,0.0,0.0
2021-11-16 00:00:00,12.502622139053225,12.52557729483892,12.456713286897934,12.464365005493164,37100,0.0,0.0
2021-11-17 00:00:00,12.418445498919604,12.540869986964227,12.41079378598994,12.487309455871582,103400,0.0,0.0
2021-11-18 00:00:00,12.456708229585468,12.51792049407959,12.456708229585468,12.51792049407959,97700,0.0,0.0
2021-11-19 00:00:00,12.472012526076009,12.517922827566442,12.387846558841764,12.395498275756836,93900,0.0,0.0
2021-11-22 00:00:00,12.395496575208286,12.395496575208286,12.35723799588165,12.372541427612305,79600,0.0,0.0
2021-11-23 00:00:00,12.372538869060902,12.380190583343909,12.242462645080312,12.280719757080078,88200,0.0,0.0
2021-11-24 00:00:00,12.31898042293588,12.31898042293588,12.25776815767994,12.296025276184082,55700,0.0,0.0
2021-11-26 00:00:00,12.280723274664169,12.288374991138868,12.234814435231664,12.257769584655762,30900,0.0,0.0
2021-11-29 00:00:00,12.265418152941823,12.326630409612259,12.257766438431103,12.31132698059082,107200,0.0,0.0
2021-11-30 00:00:00,12.334287113803255,12.387847677630221,12.265423114764037,12.288376808166504,88100,0.0,0.0
2021-12-01 00:00:00,12.326631837426223,12.364888954995886,12.25776785826844,12.2730712890625,148700,0.0,0.0
2021-12-02 00:00:00,12.28072243485418,12.296025866757063,12.181253046316625,12.188904762268066,112300,0.0,0.0
2021-12-03 00:00:00,12.188906538337925,12.29602765843575,12.142996965647496,12.158300399780273,103700,0.0,0.0
2021-12-06 00:00:00,12.158298175130025,12.234813142669964,12.10473689517352,12.112388610839844,112300,0.0,0.0
2021-12-07 00:00:00,12.120038316441363,12.242462827967817,12.120038316441363,12.18125057220459,183600,0.0,0.0
2021-12-08 00:00:00,12.234811678211653,12.303675651550293,12.188902849124347,12.303675651550293,134100,0.0,0.0
2021-12-09 00:00:00,12.273071656716452,12.387844472279077,12.265419941090206,12.380192756652832,88800,0.0,0.0
2021-12-10 00:00:00,12.372543545690755,12.418452389326362,12.318982984879911,12.349588394165039,83700,0.0,0.0
2021-12-13 00:00:00,12.31897943601697,12.464359101633745,12.31897943601697,12.449055671691895,102300,0.0,0.0
2021-12-14 00:00:00,12.395495855512927,12.586784362792969,12.395495855512927,12.586784362792969,85000,0.0,0.0
2021-12-15 00:00:00,12.61738862633084,12.61738862633084,12.472008965282317,12.571479797363281,96800,0.0,0.0
2021-12-16 00:00:00,12.550742088576861,12.627552307968877,12.543060920134351,12.619871139526367,61200,0.063,0.0
2021-12-17 00:00:00,12.665953307275704,12.665953307275704,12.527695242248623,12.56610107421875,84000,0.0,0.0
2021-12-20 00:00:00,12.589147271878655,12.589147271878655,12.466251498995263,12.48929500579834,39600,0.0,0.0
2021-12-21 00:00:00,12.512338237427342,12.581465826249953,12.335674285888672,12.335674285888672,73800,0.0,0.0
2021-12-22 00:00:00,12.381760557864448,12.458569310858165,12.351035884640519,12.39712142944336,57700,0.0,0.0
2021-12-23 00:00:00,12.489291918799912,12.489291918799912,12.412481713474802,12.427844047546387,56700,0.0,0.0
2021-12-27 00:00:00,12.450892018131297,12.520021089369838,12.36640207053248,12.38176441192627,77400,0.0,0.0
2021-12-28 00:00:00,12.381759659837874,12.40480169805157,12.304949447382008,12.327991485595703,135100,0.0,0.0
2021-12-29 00:00:00,12.289588344331163,12.343355058932316,12.205097688169843,12.258864402770996,230900,0.0,0.0
2021-12-30 00:00:00,12.258864710124756,12.335674199692662,12.243502372701235,12.297269821166992,133200,0.0,0.0
2021-12-31 00:00:00,12.31263150814366,12.427846102667289,12.28190683491973,12.39712142944336,133200,0.0,0.0
2022-01-03 00:00:00,12.397122020997228,12.427846695687249,12.289588589648405,12.366398811340332,128900,0.0,0.0
2022-01-04 00:00:00,12.374077031553309,12.404800233889569,12.243499392784072,12.274223327636719,117700,0.0,0.0
2022-01-05 00:00:00,12.251181288060438,12.31262989393575,12.205095749299494,12.212776184082031,135900,0.0,0.0
2022-01-06 00:00:00,12.266546787026813,12.274227223790652,12.120607500764581,12.143651008605957,132900,0.0,0.0
2022-01-07 00:00:00,12.197416857116707,12.220459630795219,12.10524502988609,12.18205451965332,161800,0.0,0.0
2022-01-10 00:00:00,12.166696735632565,12.166696735632565,12.059162537167667,12.074524879455566,118300,0.0,0.0
2022-01-11 00:00:00,12.097565168554633,12.097565168554633,12.013074500924688,12.043798446655273,122300,0.0,0.0
2022-01-12 00:00:00,12.043798446655273,12.059160053262241,11.95162660946352,12.043798446655273,164300,0.0,0.0
2022-01-13 00:00:00,12.030689373857422,12.053825108463158,11.976705012481712,11.9921293258667,105600,0.063,0.0
2022-01-14 00:00:00,11.96127641637981,11.96127641637981,11.830172749497136,11.837884902954102,155800,0.0,0.0
2022-01-18 00:00:00,11.668225144586964,11.791616699681677,11.56796932220459,11.56796932220459,242100,0.0,0.0
2022-01-19 00:00:00,11.567967675245017,11.675935638317071,11.375168213990934,11.483136177062988,329400,0.0,0.0
2022-01-20 00:00:00,11.513983140706193,11.652798241587835,11.382879458699657,11.398303031921387,301800,0.0,0.0
2022-01-21 00:00:00,11.375165517207444,11.513981331751333,11.344317640138959,11.3597412109375,258600,0.0,0.0
2022-01-24 00:00:00,11.298046742612838,11.336606777204752,11.143807339716673,11.321183204650879,295500,0.0,0.0
2022-01-25 00:00:00,11.336609243847102,11.552544454885354,11.321185667937335,11.44457721710205,408900,0.0,0.0
2022-01-26 00:00:00,11.444573613339323,11.58338943017397,11.406013582499542,11.452285766601562,173300,0.0,0.0
2022-01-27 00:00:00,11.459998795751343,11.575678904536149,11.398303031921387,11.398303031921387,122200,0.0,0.0
2022-01-28 00:00:00,11.382880619864057,11.41372850492582,11.344320579668956,11.40601634979248,131700,0.0,0.0
2022-01-31 00:00:00,11.390594069563623,11.521697044372559,11.336609712966403,11.521697044372559,153600,0.0,0.0
2022-02-01 00:00:00,11.529406835616525,11.621950482338223,11.498558953375959,11.591102600097656,218600,0.0,0.0
2022-02-02 00:00:00,11.621948547678233,11.72991648528298,11.621948547678233,11.675932884216309,250000,0.0,0.0
2022-02-03 00:00:00,11.621950816916438,11.660510854695112,11.54483147683064,11.56025505065918,199800,0.0,0.0
2022-02-04 00:00:00,11.552541234512004,11.645085606059624,11.467709751976702,11.475421905517578,209700,0.0,0.0
2022-02-07 00:00:00,11.537121369780376,11.660512924194336,11.498561325158095,11.660512924194336,200000,0.0,0.0
2022-02-08 00:00:00,11.64508279556345,11.745337825512891,11.60652277263683,11.614234924316406,121300,0.0,0.0
2022-02-09 00:00:00,11.621951574728643,11.68364734500879,11.513984344474185,11.544832229614258,109600,0.0,0.0
2022-02-10 00:00:00,11.52940659030932,11.56796662615748,11.41372721823635,11.43686294555664,126000,0.0,0.0
2022-02-11 00:00:00,11.444577673326327,11.452289829324469,11.205505985685651,11.236353874206543,205900,0.0,0.0
2022-02-14 00:00:00,11.199948140536591,11.207693786772731,11.006311416625977,11.006311416625977,182300,0.063,0.0
2022-02-15 00:00:00,10.93660627802307,11.122497427088833,10.921115718267139,11.076025009155273,357100,0.0,0.0
2022-02-16 00:00:00,11.03729241557306,11.199947280717595,10.990819280389438,11.176711082458496,145800,0.0,0.0
2022-02-17 00:00:00,11.153475604856409,11.28514864332846,11.153475604856409,11.269658088684082,121900,0.0,0.0
2022-02-18 00:00:00,11.269658425955301,11.378094527707711,11.269658425955301,11.331622123718262,130600,0.0,0.0
2022-02-22 00:00:00,11.35486004711052,11.35486004711052,11.223186984736197,11.316132545471191,151800,0.0,0.0
2022-02-23 00:00:00,11.25416645484238,11.316130148876015,11.176712206633086,11.207694053649902,95400,0.0,0.0
2022-02-24 00:00:00,11.130239475919506,11.323876211559021,11.037293931452401,11.29289436340332,167200,0.0,0.0
2022-02-25 00:00:00,11.246423365573117,11.354859478332761,11.199950218200684,11.199950218200684,186400,0.0,0.0
2022-02-28 00:00:00,11.199949859349424,11.308386707300324,11.199949859349424,11.300641059875488,141300,0.0,0.0
2022-03-01 00:00:00,11.308384106090948,11.548493211705,11.308384106090948,11.517511367797852,186300,0.0,0.0
2022-03-02 00:00:00,11.525257871113416,11.540748424887035,11.478784732461598,11.509766578674316,116100,0.0,0.0
2022-03-03 00:00:00,11.494275169533845,11.540747566061857,11.440057127362689,11.517511367797852,99900,0.0,0.0
2022-03-04 00:00:00,11.486530671956576,11.540748719546764,11.331621436937823,11.370348930358887,118300,0.0,0.0
2022-03-07 00:00:00,11.292896405633432,11.401333263121089,11.122495840628728,11.13798713684082,155200,0.0,0.0
2022-03-08 00:00:00,11.060532133111684,11.246423994328477,11.006314073700684,11.13798713684082,164900,0.0,0.0
2022-03-09 00:00:00,11.099257806899962,11.246422142013841,11.021802815927861,11.161221504211426,106300,0.0,0.0
2022-03-10 00:00:00,11.037289849846044,11.106999167084144,10.843653185813658,10.913362503051758,338100,0.0,0.0
2022-03-11 00:00:00,10.90561988607323,10.952093023352367,10.781692504882812,10.781692504882812,167400,0.0,0.0
2022-03-14 00:00:00,10.77625011969121,10.822933818913926,10.636197537975027,10.667320251464844,184100,0.063,0.0
2022-03-15 00:00:00,10.659535735670925,10.737342863751056,10.55060664678726,10.62063217163086,200300,0.0,0.0
2022-03-16 00:00:00,10.581727348185751,10.659533719525813,10.480578397622407,10.542823791503906,341900,0.0,0.0
2022-03-17 00:00:00,10.542825461510997,10.682877248917075,10.542825461510997,10.65953540802002,254000,0.0,0.0
2022-03-18 00:00:00,10.776248099215932,10.815150927266165,10.706221821487304,10.79180908203125,179400,0.0,0.0
2022-03-21 00:00:00,10.8151505155129,10.822931377636268,10.675098707411564,10.698440551757812,160200,0.0,0.0
2022-03-22 00:00:00,10.69843832031971,10.73734188079834,10.636192920363381,10.73734188079834,200900,0.0,0.0
2022-03-23 00:00:00,10.690658903728316,10.791807877824725,10.675097922649375,10.706220626831055,101700,0.0,0.0
2022-03-24 00:00:00,10.698439799990457,10.706220661567071,10.589509963989258,10.589509963989258,133600,0.0,0.0
2022-03-25 00:00:00,10.581732697648777,10.581732697648777,10.371653830578243,10.449460983276367,315300,0.0,0.0
2022-03-28 00:00:00,10.46502111630386,10.496143826443596,10.293845839523334,10.324969291687012,193600,0.0,0.0
2022-03-29 00:00:00,10.324969075797243,10.41055634138595,10.208258358695634,10.379433631896973,386500,0.0,0.0
2022-03-30 00:00:00,10.356090171171381,10.503922832696635,10.348309309505892,10.4027738571167,281300,0.0,0.0
2022-03-31 00:00:00,10.418337561195655,10.729564666748047,10.394994971761262,10.729564666748047,399900,0.0,0.0
2022-04-01 00:00:00,10.690660812976258,10.721783522716152,10.535047264276795,10.65175724029541,228900,0.0,0.0
2022-04-04 00:00:00,10.659536321575917,10.7295625922923,10.581729931242897,10.721781730651855,151400,0.0,0.0
2022-04-05 00:00:00,10.667317516633775,10.690659360260872,10.410555010664213,10.480581283569336,341100,0.0,0.0
2022-04-06 00:00:00,10.41055330313994,10.566166805170132,10.340527041720426,10.371649742126465,278300,0.0,0.0
2022-04-07 00:00:00,10.371652870198169,10.394994717036628,10.239381168073672,10.254942893981934,254600,0.0,0.0
2022-04-08 00:00:00,10.20825845828108,10.332749297451446,10.20047759532695,10.254942893981934,259900,0.0,0.0
2022-04-11 00:00:00,10.254942950018046,10.286065659980702,10.11489038417413,10.138232231140137,153600,0.0,0.0
2022-04-12 00:00:00,10.177135349619014,10.216038920841,10.099328207175041,10.107109069824219,323800,0.0,0.0
2022-04-13 00:00:00,10.10945374106429,10.218913703943144,10.05472301398479,10.078179359436035,282900,0.063,0.0
2022-04-14 00:00:00,10.0390859063742,10.101634667826247,9.984355926513672,9.984355926513672,279000,0.0,0.0
2022-04-18 00:00:00,9.937445080154792,10.023449450240173,9.913989478429711,9.945263862609863,434700,0.0,0.0
2022-04-19 00:00:00,9.992172216434804,9.992172216434804,9.859255935164958,9.968716621398926,365900,0.0,0.0
2022-04-20 00:00:00,9.968719629246769,10.156365937431897,9.937445244549249,10.125091552734375,487800,0.0,0.0
2022-04-21 00:00:00,10.156363718102318,10.211094438593545,10.054721803635738,10.17982006072998,481500,0.0,0.0
2022-04-22 00:00:00,10.093816237109056,10.172002564462,10.070360637159204,10.14854621887207,317800,0.0,0.0
2022-04-25 00:00:00,10.10945199146486,10.179819524360244,9.992172521425903,10.062540054321289,308000,0.0,0.0
2022-04-26 00:00:00,10.10163321100094,10.140726367680593,9.992172521425903,10.062540054321289,247600,0.0,0.0
2022-04-27 00:00:00,10.02345068237415,10.109455808671859,9.968720689741227,10.039088249206543,187300,0.0,0.0
2022-04-28 00:00:00,10.125090039689942,10.172001982546004,9.913988160937752,10.132908821105957,274200,0.0,0.0
2022-04-29 00:00:00,10.062544402968392,10.109456360385519,9.968721233774406,10.007814407348633,241500,0.0,0.0
2022-05-02 00:00:00,10.023451229394164,10.054725619125493,9.89053488662595,10.007814407348633,265700,0.0,0.0
2022-05-03 00:00:00,10.007810889360847,10.12508962321695,9.953080167339996,10.10163402557373,273300,0.0,0.0
2022-05-04 00:00:00,10.054721297842962,10.101633235098443,9.921805012199039,10.0859956741333,305400,0.0,0.0
2022-05-05 00:00:00,10.085998218600476,10.156365769415851,9.89835191351957,9.945263862609863,402800,0.0,0.0
2022-05-06 00:00:00,9.94526276419613,10.125090266960752,9.906169601878588,9.984355926513672,277100,0.0,0.0
2022-05-09 00:00:00,9.984355697263322,10.031266894455204,9.898350593011477,9.960899353027344,224600,0.0,0.0
2022-05-10 00:00:00,10.007812086947856,10.06254206987798,9.835802610487352,9.976537704467773,265400,0.0,0.0
2022-05-11 00:00:00,9.906168122911692,9.984354435873751,9.835800590373829,9.867074966430664,348400,0.0,0.0
2022-05-12 00:00:00,9.882715535492007,10.062543066146764,9.781073595958384,10.023449897766113,271700,0.0,0.0
2022-05-13 00:00:00,9.939376124737684,10.096521015491499,9.907947296451397,9.994377136230469,269000,0.063,0.0
2022-05-16 00:00:00,9.931517326655147,10.041517827149525,9.845087505612753,9.939373970031738,235300,0.0,0.0
2022-05-17 00:00:00,9.915805383384066,9.95509160881631,9.625088514101328,9.70366096496582,739000,0.0,0.0
2022-05-18 00:00:00,9.711517397412685,9.719374792191138,9.554373248455667,9.58580207824707,172000,0.0,0.0
2022-05-19 00:00:00,9.554372226896275,9.656516100127654,9.54651483295794,9.593658447265625,209200,0.0,0.0
2022-05-20 00:00:00,9.625089222524762,9.687946888113819,9.593660389730234,9.648660659790039,191300,0.0,0.0
2022-05-23 00:00:00,9.648662492809569,9.727234964384058,9.554375976513757,9.656519889831543,262600,0.0,0.0
2022-05-24 00:00:00,9.68009170863982,9.742949388618833,9.640806220644926,9.695806503295898,395900,0.0,0.0
2022-05-25 00:00:00,9.742945422128424,10.080805876459854,9.742945422128424,10.010090827941895,547500,0.0,0.0
2022-05-26 00:00:00,10.017950779637955,10.198666394811507,10.01009338350279,10.159380912780762,453600,0.0,0.0
2022-05-27 00:00:00,10.206524631613814,10.402955055236816,10.112238118193485,10.402955055236816,473500,0.0,0.0
2022-05-31 00:00:00,10.387238112665253,10.402952152522685,10.230093967478975,10.347951889038086,211800,0.0,0.0
2022-06-01 00:00:00,10.44224014453663,10.481526374816895,10.33223884961639,10.481526374816895,266800,0.0,0.0
2022-06-02 00:00:00,10.363667715821853,10.622956536739347,10.355811069199671,10.536526679992676,359200,0.0,0.0
2022-06-03 00:00:00,10.520814266920992,10.536528311921712,10.332240481653894,10.371526718139648,238000,0.0,0.0
2022-06-06 00:00:00,10.324383431309007,10.395097755039338,10.269382402644162,10.277239799499512,232800,0.0,0.0
2022-06-07 00:00:00,10.167237909134462,10.473669625037896,10.135809072835846,10.434383392333984,330000,0.0,0.0
2022-06-08 00:00:00,10.457954936377742,10.505097813256047,10.363667683976098,10.481526374816895,209400,0.0,0.0
2022-06-09 00:00:00,10.450099191111159,10.450099191111159,10.285097597329097,10.371526718139648,185300,0.0,0.0
2022-06-10 00:00:00,10.355810661527144,10.395096141059076,10.21438053738022,10.324381828308105,247600,0.0,0.0
2022-06-13 00:00:00,10.245808333902897,10.245808333902897,9.758661093637308,9.837233543395996,317100,0.0,0.0
2022-06-14 00:00:00,9.849861903016244,9.873539998472404,9.510484147725315,9.589408874511719,311500,0.056,0.0
2022-06-15 00:00:00,9.668335885521278,9.72358327829226,9.439452862012427,9.557840347290039,172000,0.0,0.0
2022-06-16 00:00:00,9.423664226974276,9.463126959413911,9.234244014490846,9.313169479370117,348200,0.0,0.0
2022-06-17 00:00:00,9.439450837864964,9.50259091683216,9.368418060854593,9.455235481262207,224700,0.0,0.0
2022-06-21 00:00:00,9.47891301059234,9.510483048194843,9.273707389831543,9.273707389831543,211400,0.0,0.0
2022-06-22 00:00:00,9.305278521058867,9.407881343497904,9.297385822558365,9.376311302185059,177200,0.0,0.0
2022-06-23 00:00:00,9.431558954526041,9.581517219543457,9.384204267554674,9.581517219543457,245400,0.0,0.0
2022-06-24 00:00:00,9.63676426980236,9.731474393137594,9.573624187578869,9.707797050476074,192300,0.0,0.0
2022-06-27 00:00:00,9.747261320504036,9.747261320504036,9.597303037160685,9.723583221435547,257400,0.0,0.0
2022-06-28 00:00:00,9.802508535995889,9.873541326540522,9.715691099046477,9.786723136901855,142800,0.0,0.0
2022-06-29 00:00:00,9.834075461547844,9.952462906436606,9.770935390581968,9.857752799987793,177300,0.0,0.0
2022-06-30 00:00:00,9.849863003252725,10.062961370026473,9.778830967017381,10.015605926513672,194300,0.0,0.0
2022-07-01 00:00:00,10.015605315309088,10.252381013045328,10.015605315309088,10.165563583374023,366000,0.0,0.0
2022-07-05 00:00:00,10.165563892457087,10.354984155329706,10.126101149519652,10.252381324768066,200100,0.0,0.0
2022-07-06 00:00:00,10.27605916070817,10.362876590810405,10.244488365010051,10.323413848876953,218300,0.0,0.0
2022-07-07 00:00:00,10.323412731485295,10.473370984063301,10.323412731485295,10.386552810668945,224600,0.0,0.0
2022-07-08 00:00:00,10.41023040765974,10.504941281448554,10.30762834098527,10.315520286560059,178300,0.0,0.0
2022-07-11 00:00:00,10.370766661721794,10.512831442917292,10.291841197855065,10.418121337890625,149400,0.0,0.0
2022-07-12 00:00:00,10.4339082311246,10.528618349761407,10.323412716370434,10.339198112487793,122800,0.0,0.0
2022-07-13 00:00:00,10.315523532778192,10.41023368368245,10.283953482476774,10.299738883972168,151600,0.0,0.0
2022-07-14 00:00:00,10.288636207580566,10.336195723105174,10.18559197648748,10.288636207580566,121200,0.056,0.0
2022-07-15 00:00:00,10.344122435014752,10.494726181632446,10.256930115875113,10.288636207580566,154400,0.0,0.0
2022-07-18 00:00:00,10.336197380345597,10.344124093526093,10.193519566828568,10.272785186767578,142200,0.0,0.0
2022-07-19 00:00:00,10.233149991163016,10.288635458625315,10.193517190433031,10.209370613098145,108100,0.0,0.0
2022-07-20 00:00:00,10.256931296448103,10.304490817446814,10.098400819673971,10.169739723205566,169500,0.0,0.0
2022-07-21 00:00:00,10.18559434894862,10.21730044803916,10.042916525074673,10.050843238830566,137600,0.0,0.0
2022-07-22 00:00:00,10.066694487925723,10.161812771756566,9.99535558606936,10.074621200561523,139600,0.0,0.0
2022-07-25 00:00:00,10.027061449864226,10.058767543744656,9.89231036188917,9.93986988067627,210800,0.0,0.0
2022-07-26 00:00:00,9.995357975369856,10.074623608809757,9.995357975369856,10.058770179748535,118400,0.0,0.0
2022-07-27 00:00:00,10.050841581608243,10.15388657564529,10.034988156710432,10.106327056884766,145000,0.0,0.0
2022-07-28 00:00:00,10.13803429764205,10.352051022376315,10.13803429764205,10.320344924926758,164300,0.0,0.0
2022-07-29 00:00:00,10.264860348138935,10.407538187711555,10.264860348138935,10.399611473083496,150400,0.0,0.0
2022-08-01 00:00:00,10.463022958895099,10.534361873776765,10.407537472179609,10.455096244812012,262900,0.0,0.0
2022-08-02 00:00:00,10.447171443784478,10.510583651606554,10.42339129890134,10.502656936645508,89500,0.0,0.0
2022-08-03 00:00:00,10.542287598959653,10.605699793809965,10.494728074855425,10.534360885620117,152800,0.0,0.0
2022-08-04 00:00:00,10.59777138464004,10.637404189062785,10.534359199936796,10.581918716430664,115200,0.0,0.0
2022-08-05 00:00:00,10.542289025604974,10.605701229036603,10.391684475505038,10.51058292388916,143500,0.0,0.0
2022-08-08 00:00:00,10.581920409724345,10.613626507149501,10.478875404109342,10.534360885620117,73900,0.0,0.0
2022-08-09 00:00:00,10.534360192796289,10.597772383476107,10.423388481140137,10.423388481140137,94000,0.0,0.0
2022-08-10 00:00:00,10.510583651606554,10.589848533417577,10.447171443784478,10.502656936645508,133300,0.0,0.0
2022-08-11 00:00:00,10.502652420089474,10.61362411402246,10.486798996984982,10.597770690917969,125600,0.0,0.0
2022-08-12 00:00:00,10.6105115161042,10.658271092020017,10.586632107702645,10.602551460266113,87000,0.056,0.0
2022-08-15 00:00:00,10.594589318360045,10.62642877404919,10.51499029958093,10.562749862670898,80400,0.0,0.0
2022-08-16 00:00:00,10.570708624417849,10.586628731016184,10.459270914679367,10.546829223632812,100600,0.0,0.0
2022-08-17 00:00:00,10.53090832648828,10.53090832648828,10.379671120719673,10.483149528503418,102200,0.0,0.0
2022-08-18 00:00:00,10.459273079007989,10.459273079007989,10.31599512642445,10.347834587097168,162600,0.0,0.0
2022-08-19 00:00:00,10.292116684105812,10.31599609206746,10.204557589725283,10.244357109069824,76800,0.0,0.0
2022-08-22 00:00:00,10.21251609449885,10.236395498834066,10.005559232626776,10.013519287109375,168400,0.0,0.0
2022-08-23 00:00:00,9.989637552774163,10.116995358340265,9.989637552774163,10.069235801696777,76400,0.0,0.0
2022-08-24 00:00:00,10.124954378467086,10.140873722983264,10.045355378549235,10.061275482177734,78700,0.0,0.0
2022-08-25 00:00:00,10.077194977850835,10.077194977850835,9.981676631984044,10.037395477294922,125600,0.0,0.0
2022-08-26 00:00:00,10.061281131578342,10.085160541317036,9.973722030681882,9.989642143249512,132600,0.0,0.0
2022-08-29 00:00:00,9.957798672421076,9.989638125638463,9.838400153521548,9.846360206604004,122300,0.0,0.0
2022-08-30 00:00:00,9.90208064042783,9.941880153080076,9.822482374235905,9.830442428588867,152200,0.0,0.0
2022-08-31 00:00:00,9.846362202897751,9.894121771963032,9.806562688528784,9.814522743225098,152500,0.0,0.0
2022-09-01 00:00:00,9.806562422915936,9.822482531877363,9.647365128864555,9.703083992004395,553800,0.0,0.0
2022-09-02 00:00:00,9.72696132440354,9.814519620869714,9.69512187486017,9.76676082611084,162400,0.0,0.0
2022-09-06 00:00:00,9.726964510309987,9.758803970281845,9.639405426052924,9.679204940795898,144900,0.0,0.0
2022-09-07 00:00:00,9.703082616988446,9.766762284697581,9.63144441415155,9.719002723693848,154400,0.0,0.0
2022-09-08 00:00:00,9.687162819894903,9.766761831503443,9.655323367073974,9.671242713928223,131900,0.0,0.0
2022-09-09 00:00:00,9.67920166098903,9.726961214319747,9.655322263879846,9.695121765136719,122400,0.0,0.0
2022-09-12 00:00:00,9.711038730786003,9.726958831032968,9.631440506887657,9.647359848022461,130200,0.0,0.0
2022-09-13 00:00:00,9.607564588931437,9.623484696191676,9.551845731745585,9.591645240783691,182900,0.0,0.0
2022-09-14 00:00:00,9.636429171878946,9.65242284835855,9.572452940646862,9.588446617126465,136900,0.056,0.0
2022-09-15 00:00:00,9.596446918842638,9.604444140979373,9.436506289393344,9.468494415283203,152300,0.0,0.0
2022-09-16 00:00:00,9.356533950439506,9.444501853183267,9.356533950439506,9.412513732910156,247800,0.0,0.0
2022-09-19 00:00:00,9.412511541255812,9.412511541255812,9.284558327299667,9.316546440124512,190100,0.0,0.0
2022-09-20 00:00:00,9.30055233559097,9.316546009936506,9.23657611289536,9.268564224243164,145400,0.0,0.0
2022-09-21 00:00:00,9.308549291898434,9.3165457475176,9.24457307100484,9.29255485534668,121100,0.0,0.0
2022-09-22 00:00:00,9.268566647787939,9.268566647787939,9.028655368619035,9.06864070892334,410100,0.0,0.0
2022-09-23 00:00:00,8.996664342050277,9.060640560803433,8.956679014665383,9.004661560058594,261200,0.0,0.0
2022-09-26 00:00:00,8.98066691742651,9.020652231504998,8.828723639115973,8.90869426727295,312400,0.0,0.0
2022-09-27 00:00:00,8.964681044332858,8.988671948577881,8.9007047912414,8.948686599731445,245200,0.0,0.0
2022-09-28 00:00:00,8.988666134061837,9.09262766874993,8.96467524533585,8.972672462463379,204500,0.0,0.0
2022-09-29 00:00:00,8.908698979102908,8.964677990826353,8.836725528226003,8.844722747802734,173500,0.0,0.0
2022-09-30 00:00:00,8.852717000150477,8.948681323202958,8.796738002367356,8.836723327636719,217800,0.0,0.0
2022-10-03 00:00:00,8.892707568940693,9.052648201669339,8.876713886996377,8.948686599731445,301000,0.0,0.0
2022-10-04 00:00:00,8.924692504928034,9.100627519361701,8.924692504928034,8.996665954589844,334400,0.0,0.0
2022-10-05 00:00:00,8.916697792243555,9.108627299517929,8.916697792243555,9.076639175415039,300700,0.0,0.0
2022-10-06 00:00:00,8.996665954589844,9.084633080478266,8.98067151570641,8.996665954589844,255700,0.0,0.0
2022-10-07 00:00:00,8.988669447994845,9.06864012344045,8.940687652852988,9.052645683288574,205900,0.0,0.0
2022-10-10 00:00:00,9.060642903364512,9.076637343516385,8.940687652852988,9.052645683288574,184800,0.0,0.0
2022-10-11 00:00:00,9.044647287104123,9.10862350868423,8.940685736372268,9.020655632019043,370400,0.0,0.0
2022-10-12 00:00:00,8.948686599731445,9.01266361548,8.892707568940693,8.948686599731445,381800,0.0,0.0
2022-10-13 00:00:00,8.865963945303365,9.026579081547862,8.809748839086136,8.946271896362305,255700,0.047,0.0
2022-10-14 00:00:00,8.962335909617012,8.970366860480587,8.825812808430754,8.865966796875,311600,0.0,0.0
2022-10-17 00:00:00,8.8900573339806,8.938242264889382,8.825811270017887,8.841873168945312,223100,0.0,0.0
2022-10-18 00:00:00,8.857938270462913,8.914154176020816,8.841877130213396,8.898092269897461,263400,0.0,0.0
2022-10-19 00:00:00,8.890060149675783,8.922183191831278,8.84187596937941,8.849906921386719,206700,0.0,0.0
2022-10-20 00:00:00,8.849901722367488,8.914147768936088,8.793685857214998,8.801716804504395,359600,0.0,0.0
2022-10-21 00:00:00,8.793693466972076,8.793693466972076,8.697324313724655,8.729447364807129,183900,0.0,0.0
2022-10-24 00:00:00,8.705352810667156,8.705352810667156,8.608983684622254,8.625044822692871,395600,0.0,0.0
2022-10-25 00:00:00,8.625044334396964,8.705352317824715,8.608983197235629,8.66519832611084,232700,0.0,0.0
2022-10-26 00:00:00,8.665198877572339,8.729444962053744,8.608983745119543,8.617013931274414,411200,0.0,0.0
2022-10-27 00:00:00,8.592922058312528,8.600953010544181,8.448368747511571,8.536706924438477,303100,0.0,0.0
2022-10-28 00:00:00,8.488522433973625,8.697322607996567,8.416245391744622,8.576861381530762,423400,0.0,0.0
2022-10-31 00:00:00,8.520642222402211,8.560796204503003,8.44033502407413,8.52867317199707,267100,0.0,0.0
2022-11-01 00:00:00,8.576861381530762,8.665199563214099,8.480492247183358,8.576861381530762,469800,0.0,0.0
2022-11-02 00:00:00,8.544738336748294,8.633076518431631,8.512615291965826,8.576861381530762,361700,0.0,0.0
2022-11-03 00:00:00,8.50458433930176,8.60898442631323,8.44836920240089,8.576861381530762,229800,0.0,0.0
2022-11-04 00:00:00,8.568829630532026,8.777629785101622,8.56079867861618,8.633075714111328,282000,0.0,0.0
2022-11-07 00:00:00,8.600951253936184,8.657166376329188,8.54473613154318,8.592920303344727,246200,0.0,0.0
2022-11-08 00:00:00,8.617012389245499,8.665197326920648,8.560797266852495,8.592920303344727,215300,0.0,0.0
2022-11-09 00:00:00,8.536705180951722,8.633074290428416,8.520643279768805,8.592920303344727,329100,0.0,0.0
2022-11-10 00:00:00,8.721409874573435,8.890055957838245,8.721409874573435,8.873994827270508,312400,0.0,0.0
2022-11-11 00:00:00,8.873994893583935,9.002487002579532,8.833840918054467,8.946271896362305,292100,0.0,0.0
2022-11-14 00:00:00,8.935788844882563,8.935788844882563,8.839011439995417,8.847076416015625,169200,0.047,0.0
2022-11-15 00:00:00,8.927725028061296,9.048697376716422,8.927725028061296,9.008373260498047,322900,0.0,0.0
2022-11-16 00:00:00,9.016438731210092,9.153540272387671,8.992243798683281,9.105151176452637,385800,0.0,0.0
2022-11-17 00:00:00,9.06482818208898,9.274513008611285,9.048698994189634,9.185800552368164,385200,0.0,0.0
2022-11-18 00:00:00,9.242251705759166,9.258380889892578,9.161603477736595,9.258380889892578,318800,0.0,0.0
2022-11-21 00:00:00,9.290644863585749,9.37935733795166,9.250320731921665,9.37935733795166,201100,0.0,0.0
2022-11-22 00:00:00,9.419677834868091,9.5406494140625,9.395482903734374,9.5406494140625,258500,0.0,0.0
2022-11-23 00:00:00,9.580973530166817,9.597102715137417,9.468066158898438,9.5406494140625,298500,0.0,0.0
2022-11-25 00:00:00,9.5406519706648,9.548716949870538,9.51645780216633,9.52452278137207,49800,0.0,0.0
2022-11-28 00:00:00,9.46000148460363,9.589038814090754,9.46000148460363,9.476131439208984,255700,0.0,0.0
2022-11-29 00:00:00,9.47613318793912,9.580975604865882,9.460003230357135,9.508392333984375,209300,0.0,0.0
2022-11-30 00:00:00,9.540650548182544,9.64549295486922,9.540650548182544,9.621298789978027,225000,0.0,0.0
2022-12-01 00:00:00,9.677751509294184,9.71807562773996,9.540649968049696,9.564844131469727,276200,0.0,0.0
2022-12-02 00:00:00,9.500323791449611,9.572907035103826,9.484194609036686,9.516453742980957,210100,0.0,0.0
2022-12-05 00:00:00,9.492261146793533,9.548714448206027,9.443872053355289,9.468066215515137,225800,0.0,0.0
2022-12-06 00:00:00,9.516455804629665,9.629362413335535,9.476131686183889,9.564844131469727,268900,0.0,0.0
2022-12-07 00:00:00,9.564844623002765,9.661622050774824,9.556780414194064,9.580974578857422,268000,0.0,0.0
2022-12-08 00:00:00,9.556781437611615,9.589040583656873,9.48419816673011,9.508392333984375,269200,0.0,0.0
2022-12-09 00:00:00,9.54065213175929,9.564846300666279,9.427744728328738,9.492263793945312,255900,0.0,0.0
2022-12-12 00:00:00,9.50839169319907,9.564845002694115,9.387420095961497,9.443873405456543,460900,0.0,0.0
2022-12-13 00:00:00,9.65355678533088,9.65355678533088,9.492261090032153,9.5406494140625,369100,0.0,0.0
2022-12-14 00:00:00,9.556782090443123,9.556782090443123,9.443874687012572,9.492263793945312,324500,0.0,0.0
2022-12-15 00:00:00,9.555424761333564,9.571619994681091,9.40966379986555,9.41776180267334,418100,0.048,0.0
2022-12-16 00:00:00,9.433956055874544,9.433956055874544,9.280097879851978,9.361076354980469,413000,0.0,0.0
2022-12-19 00:00:00,9.312489425314231,9.4177611375769,9.304391423078334,9.393467903137207,336100,0.0,0.0
2022-12-20 00:00:00,9.369173049926758,9.417760286684297,9.296292580924414,9.369173049926758,385400,0.0,0.0
2022-12-21 00:00:00,9.417760286684297,9.433955517424858,9.320586585437148,9.369173049926758,367500,0.0,0.0
2022-12-22 00:00:00,9.377271983519915,9.393467988138266,9.272000270304646,9.31248950958252,367000,0.0,0.0
2022-12-23 00:00:00,9.320585637271394,9.320585637271394,9.231509174322143,9.271998405456543,298200,0.0,0.0
2022-12-27 00:00:00,9.247705849552121,9.288195083636923,9.150532151109342,9.199118614196777,613400,0.0,0.0
2022-12-28 00:00:00,9.24771006450566,9.442057549971592,9.182927569350348,9.425862312316895,627800,0.0,0.0
2022-12-29 00:00:00,9.458250399411286,9.628304585437276,9.385369923647575,9.450152397155762,525900,0.0,0.0
2022-12-30 00:00:00,9.458250376488389,9.506836845367774,9.296293420842437,9.393467903137207,567600,0.0,0.0
2023-01-03 00:00:00,9.50683657878488,9.539227814552182,9.401564869474154,9.474445343017578,142800,0.0,0.0
2023-01-04 00:00:00,9.587814293269888,9.64449875829614,9.531129828243637,9.628303527832031,150100,0.0,0.0
2023-01-05 00:00:00,9.620207915157229,9.644501153019343,9.425860467724098,9.442055702209473,139600,0.0,0.0
2023-01-06 00:00:00,9.555424024993734,9.604010493560303,9.490641552059646,9.53113079071045,186200,0.0,0.0
2023-01-09 00:00:00,9.652596759662151,9.725477227420425,9.5959122946359,9.628303527832031,115100,0.0,0.0
2023-01-10 00:00:00,9.587815552334206,9.684989264683374,9.587815552334206,9.660696029663086,110600,0.0,0.0
2023-01-11 00:00:00,9.71737921726924,9.741672449077397,9.628303519127387,9.72547721862793,156300,0.0,0.0
2023-01-12 00:00:00,9.788075853087332,9.8775015164413,9.682390555322439,9.836853981018066,190400,0.047,0.0
2023-01-13 00:00:00,9.82872522680358,9.836855044888296,9.763688232730116,9.804336547851562,106900,0.0,0.0
2023-01-17 00:00:00,9.836854045404896,9.836854045404896,9.706779295172213,9.731168746948242,188200,0.0,0.0
2023-01-18 00:00:00,9.7718160221058,9.901889983248312,9.7636862057089,9.877500534057617,254300,0.0,0.0
2023-01-19 00:00:00,9.918150682825582,10.015706171801321,9.869373325988764,9.983187675476074,140600,0.0,0.0
2023-01-20 00:00:00,9.999447016251928,10.048224371649548,9.950668885552222,10.040095329284668,81900,0.0,0.0
2023-01-23 00:00:00,10.121391180048063,10.129520997715028,9.999447016251928,10.040095329284668,188200,0.0,0.0
2023-01-24 00:00:00,10.048225181901648,10.080743679889595,9.966929324582853,9.9994478225708,156700,0.0,0.0
2023-01-25 00:00:00,9.9994478225708,10.007577640893324,9.918151189949857,9.9994478225708,98300,0.0,0.0
2023-01-26 00:00:00,9.991318227815897,10.04009636354036,9.90189255017357,9.93441104888916,123000,0.0,0.0
2023-01-27 00:00:00,9.877501381497204,9.9506681847427,9.877501381497204,9.910019874572754,176600,0.0,0.0
2023-01-30 00:00:00,9.910018841970727,9.983185637592404,9.861241495090908,9.90188980102539,140100,0.0,0.0
2023-01-31 00:00:00,9.910020864918742,9.991317493382914,9.844983872268248,9.983187675476074,350900,0.0,0.0
2023-02-01 00:00:00,9.991315993931218,10.088871468266273,9.966927319172953,10.031964302062988,167400,0.0,0.0
2023-02-02 00:00:00,10.08887269244594,10.186428178618337,10.08887269244594,10.153909683227539,275300,0.0,0.0
2023-02-03 00:00:00,10.145779748433608,10.145779748433608,10.02383558595133,10.072613716125488,219800,0.0,0.0
2023-02-06 00:00:00,9.966930222651293,10.031967224487335,9.85311508178711,9.85311508178711,167700,0.0,0.0
2023-02-07 00:00:00,9.901889726962203,10.097000663626005,9.901889726962203,10.048222541809082,120000,0.0,0.0
2023-02-08 00:00:00,10.08887185003686,10.145779018393553,10.031964681680165,10.121390342712402,137100,0.0,0.0
2023-02-09 00:00:00,10.162037746616159,10.162037746616159,10.015704154968262,10.015704154968262,123500,0.0,0.0
2023-02-10 00:00:00,10.064482793508008,10.097001284953025,9.950667685799447,10.031964302062988,119500,0.0,0.0
2023-02-13 00:00:00,10.105131466628203,10.113260508306578,9.999446171789137,10.007575988769531,85700,0.0,0.0
2023-02-14 00:00:00,10.013287545940136,10.029608717721038,9.899036230380155,9.956161499023438,169500,0.047,0.0
2023-02-15 00:00:00,9.964324196021947,9.964324196021947,9.833751686116349,9.850072860717773,111100,0.0,0.0
2023-02-16 00:00:00,9.801107017530379,9.833750139874029,9.670534528155779,9.678694725036621,115600,0.0,0.0
2023-02-17 00:00:00,9.703179555643768,9.711339754126803,9.597089192628525,9.662375450134277,115500,0.0,0.0
2023-02-21 00:00:00,9.637890991381747,9.637890991381747,9.507317729348385,9.523639678955078,109800,0.0,0.0
2023-02-22 00:00:00,9.556281292169205,9.613406550233002,9.556281292169205,9.588924407958984,91900,0.0,0.0
2023-02-23 00:00:00,9.597085381474747,9.646049666022783,9.556281292169205,9.588924407958984,110100,0.0,0.0
2023-02-24 00:00:00,9.507317344472046,9.539960464090575,9.442031105234987,9.474674224853516,144500,0.0,0.0
2023-02-27 00:00:00,9.515478714854638,9.637891002222341,9.442031498088694,9.597086906433105,82300,0.0,0.0
2023-02-28 00:00:00,9.60524980183578,9.629731952895222,9.523641593939576,9.539962768554688,75800,0.0,0.0
2023-03-01 00:00:00,9.548123744999018,9.56444569788768,9.507319641050916,9.539962768554688,87100,0.0,0.0
2023-03-02 00:00:00,9.368585769302452,9.507319250056366,9.327782445305962,9.458354949951172,142800,0.0,0.0
2023-03-03 00:00:00,9.490995060589643,9.605246354990511,9.48283408707388,9.588924407958984,103900,0.0,0.0
2023-03-06 00:00:00,9.58892841302719,9.629732519375642,9.523642154179106,9.531803131103516,110500,0.0,0.0
2023-03-07 00:00:00,9.499156963799646,9.564443201768851,9.466513844815042,9.515478134155273,153700,0.0,0.0
2023-03-08 00:00:00,9.482836714356804,9.523640814967395,9.450193589523028,9.46651554107666,76700,0.0,0.0
2023-03-09 00:00:00,9.499157148272435,9.564443387509494,9.458353054180932,9.474674224853516,91000,0.0,0.0
2023-03-10 00:00:00,9.482836520010812,9.588926868114685,9.425711247290831,9.43387222290039,130400,0.0,0.0
2023-03-13 00:00:00,9.393068324518204,9.515479848192292,9.376746372949134,9.482836723327637,236300,0.0,0.0
2023-03-14 00:00:00,9.461537324323139,9.535263712967547,9.461537324323139,9.477920532226562,138400,0.044,0.0
2023-03-15 00:00:00,9.445151539100438,9.535261899744507,9.445151539100438,9.510685920715332,105200,0.0,0.0
2023-03-16 00:00:00,9.48611072291761,9.58441229533995,9.48611072291761,9.510685920715332,172600,0.0,0.0
2023-03-17 00:00:00,9.486114568000803,9.559840972509539,9.47792257167055,9.494306564331055,123000,0.0,0.0
2023-03-20 00:00:00,9.49430455831099,9.510687766278172,9.436962158578444,9.46153736114502,137600,0.0,0.0
2023-03-21 00:00:00,9.453345924375366,9.477921128392094,9.355044327076808,9.371427536010742,258700,0.0,0.0
2023-03-22 00:00:00,9.396003885589357,9.453346290929057,9.371427899388046,9.436963081359863,182700,0.0,0.0
2023-03-23 00:00:00,9.412383889717674,9.436959867549495,9.35504150390625,9.35504150390625,168100,0.0,0.0
2023-03-24 00:00:00,9.379619732626916,9.445154132234046,9.355044528082159,9.396003723144531,218500,0.0,0.0
2023-03-27 00:00:00,9.396006497809887,9.518883338051195,9.363239288330078,9.363239288330078,202300,0.0,0.0
2023-03-28 00:00:00,9.420577934947293,9.445153136902311,9.36323553664172,9.412385940551758,192400,0.0,0.0
2023-03-29 00:00:00,9.445155143737793,9.477922347050475,9.412387940425111,9.445155143737793,122800,0.0,0.0
2023-03-30 00:00:00,9.518878121472095,9.551645312994678,9.461535731615443,9.535262107849121,155800,0.0,0.0
2023-03-31 00:00:00,9.584414904719553,9.699100494384766,9.559839700231173,9.699100494384766,108400,0.0,0.0
2023-04-03 00:00:00,9.723672546626597,9.73186453921091,9.608986994140457,9.625370979309082,108800,0.0,0.0
2023-04-04 00:00:00,9.625372854507466,9.658140049996952,9.568030457708756,9.600797653198242,87800,0.0,0.0
2023-04-05 00:00:00,9.600798961600962,9.731867761421043,9.584414971007616,9.707292556762695,193600,0.0,0.0
2023-04-06 00:00:00,9.731867761421043,9.772826956672736,9.69090856616935,9.707292556762695,72600,0.0,0.0
2023-04-10 00:00:00,9.649950133474494,9.690909331962859,9.62537492687417,9.641758918762207,240400,0.0,0.0
2023-04-11 00:00:00,9.641758879254574,9.69090929225383,9.62537488743367,9.65814208984375,213300,0.0,0.0
2023-04-12 00:00:00,9.723674909775347,9.78101730933866,9.707291701856517,9.740058898925781,108300,0.0,0.0
2023-04-13 00:00:00,9.735124588012695,9.800902393272244,9.70223568538292,9.735124588012695,159800,0.044,0.0
2023-04-14 00:00:00,9.75979458191611,9.800905921034365,9.677572687813168,9.718683242797852,105900,0.0,0.0
2023-04-17 00:00:00,9.743349762324138,9.77623867424545,9.64468224242669,9.661127090454102,163000,0.0,0.0
2023-04-18 00:00:00,9.661126374010337,9.677571220818242,9.537793159484863,9.537793159484863,162400,0.0,0.0
2023-04-19 00:00:00,9.496683013765328,9.537794351790907,9.39801627298407,9.422682762145996,198600,0.0,0.0
2023-04-20 00:00:00,9.472016428315198,9.587127232656393,9.472016428315198,9.554238319396973,121600,0.0,0.0
2023-04-21 00:00:00,9.611791644396105,9.636458912110069,9.529569771083018,9.546013832092285,128800,0.0,0.0
2023-04-24 00:00:00,9.562459748169806,9.652904054183404,9.546014901185446,9.620015144348145,122400,0.0,0.0
2023-04-25 00:00:00,9.620016394667312,9.661127733338017,9.570683415569318,9.644682884216309,158100,0.0,0.0
2023-04-26 00:00:00,9.661126903845972,9.776238485413899,9.644682056136197,9.710460662841797,193700,0.0,0.0
2023-04-27 00:00:00,9.710460193345643,9.743349103041531,9.677571283649756,9.685792922973633,145500,0.0,0.0
2023-04-28 00:00:00,9.685793391277135,9.800904972845062,9.661126903845972,9.710460662841797,140900,0.0,0.0
2023-05-01 00:00:00,9.710461053801243,9.751571606463864,9.603571891784668,9.603571891784668,135100,0.0,0.0
2023-05-02 00:00:00,9.603571237560278,9.636460147929998,9.570682327190555,9.6282377243042,110700,0.0,0.0
2023-05-03 00:00:00,9.628238570264052,9.66112748352347,9.546015895048733,9.554238319396973,110300,0.0,0.0
2023-05-04 00:00:00,9.578900337219238,9.636456496658218,9.554233859821492,9.578900337219238,143600,0.0,0.0
2023-05-05 00:00:00,9.652904666440396,9.677571938481513,9.620015754519084,9.661127090454102,192000,0.0,0.0
2023-05-08 00:00:00,9.661122974055964,9.685789451453712,9.578900337219238,9.578900337219238,80400,0.0,0.0
2023-05-09 00:00:00,9.644680550548015,9.661125395690657,9.529569771083018,9.546013832092285,167100,0.0,0.0
2023-05-10 00:00:00,9.62001614591581,9.628238570264052,9.513126981789313,9.554238319396973,149200,0.0,0.0
2023-05-11 00:00:00,9.595347278421658,9.603569700731649,9.496680563101814,9.521347045898438,118500,0.0,0.0
2023-05-12 00:00:00,9.623693907931479,9.623693907931479,9.491636482806245,9.532904624938965,96900,0.044,0.0
2023-05-15 00:00:00,9.491634788910662,9.51639535492174,9.466874222899584,9.475127220153809,280600,0.0,0.0
2023-05-16 00:00:00,9.491636541551117,9.532904683939252,9.458622185065478,9.499890327453613,96600,0.0,0.0
2023-05-17 00:00:00,9.532902923678591,9.549409705311243,9.475127220153809,9.475127220153809,99900,0.0,0.0
2023-05-18 00:00:00,9.508144331628511,9.532904902780066,9.433861831049482,9.44211483001709,102900,0.0,0.0
2023-05-19 00:00:00,9.417356197357506,9.42560998514846,9.334820680821553,9.36783504486084,146600,0.0,0.0
2023-05-22 00:00:00,9.42560528819107,9.42560528819107,9.277040330484745,9.301801681518555,145700,0.0,0.0
2023-05-23 00:00:00,9.318310737609863,9.351325093260744,9.285296381958982,9.318310737609863,110300,0.0,0.0
2023-05-24 00:00:00,9.343073850242162,9.351327638182195,9.186255815004241,9.202762603759766,141900,0.0,0.0
2023-05-25 00:00:00,9.19450884944648,9.268790573445704,9.178001274919225,9.244029998779297,167900,0.0,0.0
2023-05-26 00:00:00,9.22752354006007,9.28529847871445,9.219269752502441,9.219269752502441,235200,0.0,0.0
2023-05-30 00:00:00,9.3018049669853,9.31831175304736,9.244029247957062,9.285297393798828,96900,0.0,0.0
2023-05-31 00:00:00,9.367833296312075,9.376086295438041,9.285297008057368,9.343071937561035,165800,0.0,0.0
2023-06-01 00:00:00,9.334816346952794,9.417351825170059,9.334816346952794,9.351323127746582,223300,0.0,0.0
2023-06-02 00:00:00,9.425606200551155,9.425606200551155,9.301802581894956,9.334816932678223,168500,0.0,0.0
2023-06-05 00:00:00,9.367832872180365,9.392593442685982,9.318310944044788,9.359579086303711,74900,0.0,0.0
2023-06-06 00:00:00,9.43386215649365,9.450368942122674,9.392594011734502,9.417354583740234,93900,0.0,0.0
2023-06-07 00:00:00,9.483380956907743,9.49163474124472,9.417352256460324,9.433859825134277,116000,0.0,0.0
2023-06-08 00:00:00,9.475126749694343,9.532902450350445,9.466873752849898,9.524648666381836,101000,0.0,0.0
2023-06-09 00:00:00,9.508143581358668,9.532904150556414,9.483382225036621,9.483382225036621,63700,0.0,0.0
2023-06-12 00:00:00,9.549408101058093,9.549408101058093,9.400843942825468,9.45036506652832,118900,0.0,0.0
2023-06-13 00:00:00,9.49163474124472,9.499888525581696,9.409098472123347,9.433859825134277,98400,0.0,0.0
2023-06-14 00:00:00,9.511741790094781,9.511741790094781,9.404031119411249,9.428887367248535,114700,0.044,0.0
2023-06-15 00:00:00,9.470317363795418,9.503459299331181,9.412318383983282,9.445460319519043,155000,0.0,0.0
2023-06-16 00:00:00,9.495172500170016,9.495172500170016,9.404032385716855,9.412317276000977,92800,0.0,0.0
2023-06-20 00:00:00,9.37917408140809,9.462029294420208,9.37917408140809,9.428887367248535,128400,0.0,0.0
2023-06-21 00:00:00,9.470314973754595,9.470314973754595,9.395745440076862,9.428887367248535,148800,0.0,0.0
2023-06-22 00:00:00,9.3957481323556,9.462032005692077,9.304607213893371,9.437175750732422,142000,0.0,0.0
2023-06-23 00:00:00,9.495171704230644,9.528313633086919,9.46202977537437,9.486886024475098,133100,0.0,0.0
2023-06-26 00:00:00,9.528313954224128,9.58631213413587,9.495172024250856,9.553170204162598,108000,0.0,0.0
2023-06-27 00:00:00,9.561455726623535,9.636025265375968,9.536599477094699,9.561455726623535,185800,0.0,0.0
2023-06-28 00:00:00,9.627742447533153,9.669170069173758,9.528316629695402,9.64431381225586,179500,0.0,0.0
2023-06-29 00:00:00,9.627741345994508,9.644312708821234,9.52831553953236,9.569743156433105,149400,0.0,0.0
2023-06-30 00:00:00,9.64431606227239,9.685742903411706,9.569746483955473,9.58631706237793,129400,0.0,0.0
2023-07-03 00:00:00,9.669169896625391,9.71059751752671,9.636027957937566,9.68574047088623,63000,0.0,0.0
2023-07-05 00:00:00,9.710595611612494,9.71888050203375,9.58631277330173,9.611169815063477,103200,0.0,0.0
2023-07-06 00:00:00,9.578027086420043,9.578027086420043,9.445458578545757,9.561455726623535,162900,0.0,0.0
2023-07-07 00:00:00,9.528319196693046,9.60288877770248,9.511747827505895,9.536604881286621,195900,0.0,0.0
2023-07-10 00:00:00,9.58631023072901,9.619452154121799,9.544883419112361,9.594595909118652,84100,0.0,0.0
2023-07-11 00:00:00,9.660882793799727,9.660882793799727,9.586313245175875,9.627740859985352,157400,0.0,0.0
2023-07-12 00:00:00,9.694024725102873,9.694024725102873,9.611170285671413,9.669168472290039,88600,0.0,0.0
2023-07-13 00:00:00,9.755661017461803,9.755661017461803,9.655858949999367,9.664175987243652,133400,0.044,0.0
2023-07-14 00:00:00,9.730713218605693,9.739030258003634,9.58932672146682,9.614277839660645,159900,0.0,0.0
2023-07-17 00:00:00,9.61427923520347,9.62259548265201,9.564377784729004,9.564377784729004,147000,0.0,0.0
2023-07-18 00:00:00,9.564373919781216,9.70576038030875,9.564373919781216,9.664175987243652,220700,0.0,0.0
2023-07-19 00:00:00,9.730713454351257,9.78893193839077,9.730713454351257,9.772297859191895,136400,0.0,0.0
2023-07-20 00:00:00,9.76397771776848,9.772294754725758,9.689125971465574,9.697443008422852,156100,0.0,0.0
2023-07-21 00:00:00,9.739027400052944,9.772294754725758,9.697443008422852,9.697443008422852,113400,0.0,0.0
2023-07-24 00:00:00,9.730714958892454,9.813883781433105,9.722397918007054,9.813883781433105,211200,0.0,0.0
2023-07-25 00:00:00,9.788930260684214,9.92199969884249,9.755662107988229,9.847147941589355,304800,0.0,0.0
2023-07-26 00:00:00,9.905365622494497,9.92199969884249,9.830513865241363,9.847147941589355,191400,0.0,0.0
2023-07-27 00:00:00,9.880416121590923,9.880416121590923,9.730712594653392,9.75566291809082,263800,0.0,0.0
2023-07-28 00:00:00,9.82219737183623,9.872098013305468,9.797246257945215,9.863780975341797,178300,0.0,0.0
2023-07-31 00:00:00,9.847147692570848,9.897048334040088,9.830513616643506,9.863780975341797,302700,0.0,0.0
2023-08-01 00:00:00,9.863784184707997,9.888735306717324,9.813883527002648,9.830516815185547,207400,0.0,0.0
2023-08-02 00:00:00,9.797248484536082,9.797248484536082,9.70576342561335,9.747347831726074,207900,0.0,0.0
2023-08-03 00:00:00,9.680811512284151,9.680811512284151,9.481206554294575,9.514473915100098,322100,0.0,0.0
2023-08-04 00:00:00,9.522791566033943,9.58101004605517,9.506158281139662,9.547741889953613,127700,0.0,0.0
2023-08-07 00:00:00,9.589326983250452,9.63922842784385,9.439624235783363,9.481207847595215,141400,0.0,0.0
2023-08-08 00:00:00,9.5394247085654,9.5394247085654,9.439622629517686,9.456255912780762,121600,0.0,0.0
2023-08-09 00:00:00,9.464572278122652,9.52278995513916,9.45625524050419,9.52278995513916,112500,0.0,0.0
2023-08-10 00:00:00,9.497841177632115,9.547741825132674,9.472890853881836,9.472890853881836,152100,0.0,0.0
2023-08-11 00:00:00,9.472892420005955,9.605961892882734,9.472892420005955,9.589327812194824,139700,0.0,0.0
2023-08-14 00:00:00,9.575969082455497,9.584317186030473,9.51752758026123,9.51752758026123,68200,0.044,0.0
2023-08-15 00:00:00,9.492484090549844,9.542576705709957,9.44239227158484,9.459089279174805,195800,0.0,0.0
2023-08-16 00:00:00,9.434041356436941,9.48413316471219,9.342205047607422,9.342205047607422,229400,0.0,0.0
2023-08-17 00:00:00,9.3755998518559,9.392297652077609,9.325508043580651,9.342205047607422,128800,0.0,0.0
2023-08-18 00:00:00,9.325506716001778,9.39229631499057,9.300460815429688,9.300460815429688,178600,0.0,0.0
2023-08-21 00:00:00,9.325504713929938,9.325504713929938,9.242017335020257,9.283761024475098,128300,0.0,0.0
2023-08-22 00:00:00,9.258717017118359,9.317157716554314,9.250368118286133,9.250368118286133,177700,0.0,0.0
2023-08-23 00:00:00,9.258715629577637,9.325505217836517,9.258715629577637,9.258715629577637,190500,0.0,0.0
2023-08-24 00:00:00,9.26706635099281,9.275414454022123,9.225322651066834,9.242019653320312,137600,0.0,0.0
2023-08-25 00:00:00,9.242019653320312,9.26706635099281,9.191927850365026,9.242019653320312,169400,0.0,0.0
2023-08-28 00:00:00,9.250370455645355,9.267068257528965,9.208626747131348,9.208626747131348,161000,0.0,0.0
2023-08-29 00:00:00,9.208627348699636,9.308811777960953,9.208627348699636,9.267068862915039,175800,0.0,0.0
2023-08-30 00:00:00,9.27541262854501,9.325505217836517,9.250366731996602,9.258715629577637,147200,0.0,0.0
2023-08-31 00:00:00,9.283761526126042,9.325505217836517,9.250366731996602,9.258715629577637,159000,0.0,0.0
2023-09-01 00:00:00,9.308807422674448,9.308807422674448,9.225320835448196,9.258715629577637,186000,0.0,0.0
2023-09-05 00:00:00,9.275414454022123,9.283763353246288,9.225322651066834,9.242019653320312,101600,0.0,0.0
2023-09-06 00:00:00,9.233673968592974,9.258719876630149,9.20862726436074,9.216976165771484,78500,0.0,0.0
2023-09-07 00:00:00,9.258715937991775,9.258715937991775,9.150182654407104,9.166879653930664,179600,0.0,0.0
2023-09-08 00:00:00,9.158533966501743,9.200277670606578,9.133487266321882,9.141836166381836,143200,0.0,0.0
2023-09-11 00:00:00,9.19192920842475,9.19192920842475,9.10844179623797,9.133487701416016,147600,0.0,0.0
2023-09-12 00:00:00,9.158535435961179,9.158535435961179,9.083396915755714,9.116791725158691,93800,0.0,0.0
2023-09-13 00:00:00,9.10844143619489,9.158534040765867,9.100092536067239,9.125139236450195,175600,0.0,0.0
2023-09-14 00:00:00,9.128491595262973,9.153638730401088,9.053049390435616,9.07819652557373,438800,0.044,0.0
2023-09-15 00:00:00,9.09496408323671,9.09496408323671,9.036286354064941,9.036286354064941,152900,0.0,0.0
2023-09-18 00:00:00,9.027900848932717,9.061430623697944,9.027900848932717,9.044665336608887,201200,0.0,0.0
2023-09-19 00:00:00,9.036285252006145,9.053050543842884,9.01952075958252,9.01952075958252,396100,0.0,0.0
2023-09-20 00:00:00,9.069815635681152,9.103345422157467,9.06143378862195,9.069815635681152,135300,0.0,0.0
2023-09-21 00:00:00,9.053049127016829,9.053049127016829,8.985989568991096,8.99437141418457,108400,0.0,0.0
2023-09-22 00:00:00,9.011133992487462,9.053046403497861,8.969221581477063,9.002751350402832,294800,0.0,0.0
2023-09-25 00:00:00,8.994370061625952,8.994370061625952,8.80995670449346,8.818339347839355,208900,0.0,0.0
2023-09-26 00:00:00,8.784810107433225,8.801575396668927,8.717750549316406,8.717750549316406,222400,0.0,0.0
2023-09-27 00:00:00,8.751280877608474,8.751280877608474,8.600397262082614,8.608779907226562,349700,0.0,0.0
2023-09-28 00:00:00,8.59201606941259,8.659075643074464,8.550103636020626,8.583633422851562,265000,0.0,0.0
2023-09-29 00:00:00,8.617159224923855,8.667454281619339,8.575246810913086,8.575246810913086,202600,0.0,0.0
2023-10-02 00:00:00,8.575248224112515,8.684220198733955,8.566866379459281,8.600396156311035,292200,0.0,0.0
2023-10-03 00:00:00,8.625546249237415,8.675841331481934,8.566869319463153,8.675841331481934,276900,0.0,0.0
2023-10-04 00:00:00,8.684220466942023,8.734515533479463,8.66745597770485,8.69260311126709,206600,0.0,0.0
2023-10-05 00:00:00,8.70098675681549,8.717751247981754,8.583632120999427,8.625544548034668,257700,0.0,0.0
2023-10-06 00:00:00,8.608777381651946,8.617159224923855,8.491422782304355,8.575246810913086,256800,0.0,0.0
2023-10-09 00:00:00,8.558484835775914,8.625544398101418,8.550102190631968,8.608779907226562,106000,0.0,0.0
2023-10-10 00:00:00,8.633926391601562,8.650690881211121,8.592013968458195,8.633926391601562,197600,0.0,0.0
2023-10-11 00:00:00,8.684220922148294,8.742898636086549,8.659073787267902,8.726133346557617,220800,0.0,0.0
2023-10-12 00:00:00,8.73451973182304,8.768049525826813,8.617165053103161,8.650694847106934,256100,0.0,0.0
2023-10-13 00:00:00,8.830842633006954,8.830842633006954,8.721404065042307,8.7719144821167,395100,0.044,0.0
2023-10-16 00:00:00,8.763500400720247,8.780337482583423,8.670898858981534,8.712990760803223,249500,0.0,0.0
2023-10-17 00:00:00,8.654059039094728,8.654059039094728,8.536202714685599,8.578293800354004,265700,0.0,0.0
2023-10-18 00:00:00,8.544621187261024,8.56987680424406,8.435183391678791,8.502530097961426,285900,0.0,0.0
2023-10-19 00:00:00,8.519364978626554,8.519364978626554,8.426763473354372,8.460436820983887,252500,0.0,0.0
2023-10-20 00:00:00,8.443599306379657,8.485691189435238,8.376252614625082,8.418344497680664,249500,0.0,0.0
2023-10-23 00:00:00,8.359418828324586,8.409928460738872,8.32574547243635,8.342581748962402,284400,0.0,0.0
2023-10-24 00:00:00,8.384671151803378,8.443599306379657,8.367834077446787,8.418344497680664,242000,0.0,0.0
2023-10-25 00:00:00,8.409928993613603,8.409928993613603,8.266817021311631,8.300490379333496,374000,0.0,0.0
2023-10-26 00:00:00,8.266816497504841,8.351000288643494,8.266816497504841,8.342581748962402,252200,0.0,0.0
2023-10-27 00:00:00,8.37625464697996,8.37625464697996,8.30048939966395,8.35099983215332,255300,0.0,0.0
2023-10-30 00:00:00,8.317326973244324,8.38467368534864,8.317326973244324,8.359418869018555,275800,0.0,0.0
2023-10-31 00:00:00,8.376253583012412,8.42676400908585,8.36783504486084,8.36783504486084,242800,0.0,0.0
2023-11-01 00:00:00,8.409927049172394,8.578293800354004,8.384672237204152,8.578293800354004,397600,0.0,0.0
2023-11-02 00:00:00,8.64564019479159,8.763496504084724,8.64564019479159,8.746660232543945,308100,0.0,0.0
2023-11-03 00:00:00,8.822427223918371,8.990794805295666,8.822427223918371,8.864519119262695,208400,0.0,0.0
2023-11-06 00:00:00,8.847680500833917,8.847680500833917,8.738241923041663,8.82242488861084,195800,0.0,0.0
2023-11-07 00:00:00,8.864514795531177,8.957117080688477,8.856097062837025,8.957117080688477,247400,0.0,0.0
2023-11-08 00:00:00,9.007629521405763,9.007629521405763,8.898190933602221,8.940282821655273,483300,0.0,0.0
2023-11-09 00:00:00,8.957119124470148,8.957119124470148,8.839262008666992,8.839262008666992,254200,0.0,0.0
2023-11-10 00:00:00,8.898193398411646,8.931866757614447,8.88135712022835,8.915030479431152,184100,0.0,0.0
2023-11-13 00:00:00,8.889773824415302,8.906610099120801,8.864518208102988,8.881355285644531,219500,0.0,0.0
2023-11-14 00:00:00,8.943911185087849,9.062261907733403,8.943911185087849,9.036900520324707,264500,0.044,0.0
2023-11-15 00:00:00,9.062260261983972,9.138342797996426,9.01999209684392,9.104528427124023,382800,0.0,0.0
2023-11-16 00:00:00,9.214424893600745,9.425764921492489,9.189064315989238,9.358136177062988,577900,0.0,0.0
2023-11-17 00:00:00,9.358138284170364,9.484942813176048,9.358138284170364,9.44267463684082,336400,0.0,0.0
2023-11-20 00:00:00,9.459577331820654,9.569474220275879,9.45112434516876,9.569474220275879,237200,0.0,0.0
2023-11-21 00:00:00,9.569478511274877,9.60329289163916,9.484942963463379,9.54411792755127,156800,0.0,0.0
2023-11-22 00:00:00,9.54411802605099,9.594840000220099,9.484943061352386,9.561025619506836,187300,0.0,0.0
2023-11-24 00:00:00,9.603292461869218,9.620200054393916,9.518756917840884,9.552571296691895,48700,0.0,0.0
2023-11-27 00:00:00,9.586385952661548,9.586385952661548,9.425767043827365,9.44267463684082,290400,0.0,0.0
2023-11-28 00:00:00,9.44267201500647,9.577929496765137,9.425764426687545,9.577929496765137,227900,0.0,0.0
2023-11-29 00:00:00,9.637108986178013,9.738552951513356,9.586387809708906,9.72164535522461,395500,0.0,0.0
2023-11-30 00:00:00,9.780816807721957,9.780816807721957,9.56947676740853,9.645559310913086,413200,0.0,0.0
2023-12-01 00:00:00,9.687828276979149,9.82308578491211,9.662467695791305,9.82308578491211,275900,0.0,0.0
2023-12-04 00:00:00,9.823086688443107,9.865354865109584,9.772365521402067,9.78927230834961,410900,0.0,0.0
2023-12-05 00:00:00,9.848447372164253,9.882261752601789,9.806180001266151,9.856901168823242,231600,0.0,0.0
2023-12-06 00:00:00,9.899170830822284,9.899170830822284,9.806181472220013,9.8653564453125,309200,0.0,0.0
2023-12-07 00:00:00,9.890713803248524,9.958342552185059,9.87380701911353,9.958342552185059,302000,0.0,0.0
2023-12-08 00:00:00,9.949889563216702,9.966796347351696,9.916074382550153,9.958342552185059,172900,0.0,0.0
2023-12-11 00:00:00,9.91607437262689,9.941435758101422,9.873807009232564,9.907621383666992,275500,0.0,0.0
2023-12-12 00:00:00,9.924529227647447,9.983704993875918,9.88226105354093,9.975251197814941,351200,0.0,0.0
2023-12-13 00:00:00,9.975252199738641,10.05978775024414,9.924530224476584,10.05978775024414,416900,0.0,0.0
2023-12-14 00:00:00,10.117554492486374,10.270464897155762,10.09206969509051,10.270464897155762,311600,0.058,0.0
2023-12-15 00:00:00,10.270460831007428,10.304440817464696,10.227985645399146,10.244976043701172,243600,0.0,0.0
2023-12-18 00:00:00,10.278955459594727,10.278955459594727,10.219489878985234,10.278955459594727,303700,0.0,0.0
2023-12-19 00:00:00,10.278956660934558,10.47434139251709,10.278956660934558,10.47434139251709,491600,0.0,0.0
2023-12-20 00:00:00,10.474341523549036,10.482836723327637,10.397886345835317,10.482836723327637,491000,0.0,0.0
2023-12-21 00:00:00,10.584776690230315,10.584776690230315,10.406381545613916,10.482836723327637,372200,0.0,0.0
2023-12-22 00:00:00,10.47434139251709,10.55079656927437,10.457351803319266,10.47434139251709,202200,0.0,0.0
2023-12-26 00:00:00,10.52531235771263,10.559292348118895,10.43186677648525,10.440361976623535,349400,0.0,0.0
2023-12-27 00:00:00,10.508321381059567,10.55079656927437,10.440361403974613,10.47434139251709,289900,0.0,0.0
2023-12-28 00:00:00,10.423375085704825,10.491335084116102,10.31293988574973,10.338424682617188,353300,0.0,0.0
2023-12-29 00:00:00,10.355412483215332,10.431867670719992,10.304442898310189,10.355412483215332,401800,0.0,0.0
2024-01-02 00:00:00,10.363909523228534,10.482839926023791,10.321434321505437,10.423375129699707,220700,0.0,0.0
2024-01-03 00:00:00,10.431866204302287,10.491331791861743,10.423371814776791,10.47434139251709,157800,0.0,0.0
2024-01-04 00:00:00,10.397889522577595,10.423375129699707,10.355414320854498,10.423375129699707,191700,0.0,0.0
2024-01-05 00:00:00,10.423372700686311,10.457352692116835,10.346917517430906,10.389391899108887,152700,0.0,0.0
2024-01-08 00:00:00,10.440362789041439,10.601767553494197,10.40638279599102,10.593273162841797,236400,0.0,0.0
2024-01-09 00:00:00,10.593273364776701,10.601767755591027,10.474342981759646,10.525313377380371,155400,0.0,0.0
2024-01-10 00:00:00,10.559291901041355,10.559291901041355,10.457351934138677,10.482836723327637,263900,0.0,0.0
2024-01-11 00:00:00,10.489665923960075,10.506736560324468,10.429920324630187,10.46406078338623,246800,0.058,0.0
2024-01-12 00:00:00,10.46406161166594,10.49820207312436,10.4043151936341,10.42992115020752,194100,0.0,0.0
2024-01-16 00:00:00,10.429923594778717,10.506739854557603,10.284826396079268,10.31896686553955,146200,0.0,0.0
2024-01-17 00:00:00,10.27628777012125,10.27628777012125,10.20800685316146,10.225076675415039,230200,0.0,0.0
2024-01-18 00:00:00,10.225074635139178,10.25068058436933,10.148259229366445,10.173864364624023,174300,0.0,0.0
2024-01-19 00:00:00,10.18240253740475,10.216542998649471,10.079981153670587,10.190937042236328,204800,0.0,0.0
2024-01-22 00:00:00,10.233613262500592,10.318964826270328,10.233613262500592,10.301894187927246,163400,0.0,0.0
2024-01-23 00:00:00,10.284823417663574,10.464061033917297,10.267752780890476,10.284823417663574,221900,0.0,0.0
2024-01-24 00:00:00,10.378709343064212,10.378709343064212,10.250682824821489,10.267752647399902,240400,0.0,0.0
2024-01-25 00:00:00,10.318963743080642,10.318963743080642,10.250682824821489,10.267752647399902,164700,0.0,0.0
2024-01-26 00:00:00,10.310428228601145,10.310428228601145,10.199471535048302,10.225076675415039,153900,0.0,0.0
2024-01-29 00:00:00,10.23361143483123,10.31042766571045,10.208006295862388,10.31042766571045,161700,0.0,0.0
2024-01-30 00:00:00,10.353101663200041,10.353101663200041,10.293356077868568,10.327496528625488,149800,0.0,0.0
2024-01-31 00:00:00,10.370171615775062,10.46405846705084,10.344566480869197,10.378706932067871,211600,0.0,0.0
2024-02-01 00:00:00,10.455524638548136,10.515270233154297,10.455524638548136,10.515270233154297,114200,0.0,0.0
2024-02-02 00:00:00,10.429921076840074,10.472596856856105,10.41285043924454,10.438455581665039,260500,0.0,0.0
2024-02-05 00:00:00,10.378710681009192,10.4128511445399,10.32750039269956,10.3701753616333,187300,0.0,0.0
2024-02-06 00:00:00,10.378706932067871,10.395777564653491,10.353101797162006,10.378706932067871,176800,0.0,0.0
2024-02-07 00:00:00,10.404314994812012,10.438455455618023,10.361640029284091,10.404314994812012,166800,0.0,0.0
2024-02-08 00:00:00,10.395777564653491,10.404312066973738,10.353101797162006,10.378706932067871,156900,0.0,0.0
2024-02-09 00:00:00,10.378709599565813,10.412850059539144,10.318963998105676,10.336033821105957,236400,0.0,0.0
2024-02-12 00:00:00,10.472596730396825,10.472596730396825,10.33603407319999,10.404314994812012,407000,0.0,0.0
2024-02-13 00:00:00,10.336034898102595,10.378710681009192,10.293359929168853,10.3701753616333,448300,0.0,0.0
2024-02-14 00:00:00,10.36846034543628,10.505677223205566,10.36846034543628,10.505677223205566,237100,0.058,0.0
2024-02-15 00:00:00,10.531403811394565,10.574284284580715,10.514252112846306,10.548556327819824,212300,0.0,0.0
2024-02-16 00:00:00,10.53140518331803,10.53140518331803,10.462796744433387,10.505677223205566,160400,0.0,0.0
2024-02-20 00:00:00,10.505676538244748,10.539980755450465,10.497100279474056,10.522829055786133,84200,0.0,0.0
2024-02-21 00:00:00,10.52282974186528,10.53140518331803,10.4799492630931,10.505677223205566,77000,0.0,0.0
2024-02-22 00:00:00,10.522827966867583,10.531403406873823,10.488522935334752,10.514251708984375,55000,0.0,0.0
2024-02-23 00:00:00,10.53140518331803,10.557133961307601,10.49710096387571,10.505677223205566,136800,0.0,0.0
2024-02-26 00:00:00,10.514253770867729,10.591438471198863,10.428492810971548,10.45422077178955,151400,0.0,0.0
2024-02-27 00:00:00,10.445642199047258,10.462793895159042,10.41991342806426,10.428489685058594,110200,0.0,0.0
2024-02-28 00:00:00,10.411341637386888,10.505678043752148,10.411341637386888,10.497101783752441,87700,0.0,0.0
2024-02-29 00:00:00,10.505675720157967,10.574284149226798,10.505675720157967,10.539979934692383,128600,0.0,0.0
2024-03-01 00:00:00,10.548554965013205,10.60858712899184,10.514250754471572,10.600010871887207,121000,0.0,0.0
2024-03-04 00:00:00,10.582859175554837,10.668619292970472,10.582859175554837,10.600010871887207,186600,0.0,0.0
2024-03-05 00:00:00,10.608588487664917,10.668620659332047,10.608588487664917,10.634316444396973,126500,0.0,0.0
2024-03-06 00:00:00,10.660043716430664,10.694347926530424,10.642891202442343,10.660043716430664,145700,0.0,0.0
2024-03-07 00:00:00,10.677197456359863,10.70292541439028,10.651469498329446,10.677197456359863,151100,0.0,0.0
2024-03-08 00:00:00,10.720079154971165,10.737231674200142,10.651470713809521,10.702926635742188,190800,0.0,0.0
2024-03-11 00:00:00,10.685771669536264,10.702923365647703,10.651467459436503,10.660043716430664,128300,0.0,0.0
2024-03-12 00:00:00,10.677195412542103,10.677195412542103,10.634314945448182,10.660043716430664,122000,0.0,0.0
2024-03-13 00:00:00,10.668622415161366,10.702926635742188,10.642894454195032,10.702926635742188,133500,0.0,0.0
2024-03-14 00:00:00,10.675355465736743,10.70981985633921,10.632274772059688,10.640891075134277,174600,0.058,0.0
2024-03-15 00:00:00,10.632274772059688,10.658122859587566,10.60642668453181,10.640891075134277,120600,0.0,0.0
2024-03-18 00:00:00,10.683971405029297,10.692587708473178,10.658123316393572,10.683971405029297,108000,0.0,0.0
2024-03-19 00:00:00,10.675354522173432,10.692586305103655,10.632273832304152,10.649505615234375,108500,0.0,0.0
2024-03-20 00:00:00,10.632274325455814,10.64950610918529,10.597809936301008,10.606426239013672,137100,0.0,0.0
2024-03-21 00:00:00,10.649503752374033,10.649503752374033,10.563343209402888,10.580574989318848,135000,0.0,0.0
2024-03-22 00:00:00,10.632273383011603,10.666737769111487,10.606425298860634,10.61504077911377,154700,0.0,0.0
2024-03-25 00:00:00,10.640888273263887,10.640888273263887,10.554726908597072,10.580574989318848,100900,0.0,0.0
2024-03-26 00:00:00,10.58057592909413,10.589192230665251,10.554727846076505,10.57196044921875,147400,0.0,0.0
2024-03-27 00:00:00,10.563342551162004,10.615038709384176,10.5547262508931,10.597806930541992,149800,0.0,0.0
2024-03-28 00:00:00,10.615040020260494,10.632272622926394,10.554727554321289,10.554727554321289,225900,0.0,0.0
2024-04-01 00:00:00,10.580578203821817,10.606427114092464,10.494417634674086,10.528882026672363,148000,0.0,0.0
2024-04-02 00:00:00,10.477185039804823,10.537497520446777,10.442720647767146,10.537497520446777,168300,0.0,0.0
2024-04-03 00:00:00,10.477180776000688,10.520261453939609,10.451332697915571,10.494413375854492,143700,0.0,0.0
2024-04-04 00:00:00,10.528881436108462,10.528881436108462,10.468568137222505,10.485800743103027,190300,0.0,0.0
2024-04-05 00:00:00,10.45995324267581,10.54611381182354,10.434104332405163,10.528882026672363,187400,0.0,0.0
2024-04-08 00:00:00,10.53749524293426,10.57196044921875,10.494415378470135,10.57196044921875,106800,0.0,0.0
2024-04-09 00:00:00,10.580578215917853,10.589194519351253,10.528882038709298,10.537497520446777,115100,0.0,0.0
2024-04-10 00:00:00,10.494416306721904,10.494416306721904,10.399638624447771,10.434103012084961,142900,0.0,0.0
2024-04-11 00:00:00,10.416870712921197,10.459951400756836,10.391022628898122,10.459951400756836,121600,0.0,0.0
2024-04-12 00:00:00,10.48419168527978,10.518821518422655,10.466877181528517,10.492849349975586,143000,0.058,0.0
2024-04-15 00:00:00,10.397618518556216,10.432248355040683,10.345673351009303,10.354331016540527,124000,0.0,0.0
2024-04-16 00:00:00,10.337017358225882,10.406277868043057,10.302387516137577,10.39762020111084,156400,0.0,0.0
2024-04-17 00:00:00,10.414933204650879,10.432248536013704,10.380303367565674,10.414933204650879,66400,0.0,0.0
2024-04-18 00:00:00,10.449560725337763,10.449560725337763,10.328356735227565,10.36298656463623,119200,0.0,0.0
2024-04-19 00:00:00,10.388964176625619,10.406279513227528,10.2937323022372,10.302389144897461,116000,0.0,0.0
2024-04-22 00:00:00,10.302383766931433,10.319699094494537,10.250439435522647,10.2590970993042,153700,0.0,0.0
2024-04-23 00:00:00,10.250440574421722,10.35433007442244,10.250440574421722,10.319700241088867,106700,0.0,0.0
2024-04-24 00:00:00,10.285074633936246,10.337018992460585,10.276416965635292,10.302389144897461,129100,0.0,0.0
2024-04-25 00:00:00,10.19849544621111,10.241782944435066,10.19849544621111,10.215810775756836,80000,0.0,0.0
2024-04-26 00:00:00,10.22447054197444,10.285072556559353,10.22447054197444,10.241785049438477,79000,0.0,0.0
2024-04-29 00:00:00,10.25043944325083,10.267753945186726,10.215809613738777,10.224467277526855,141000,0.0,0.0
2024-04-30 00:00:00,10.18118116349611,10.207153332738597,10.15520816861325,10.172523498535156,174300,0.0,0.0
2024-05-01 00:00:00,10.163867720460564,10.233127401725262,10.163867720460564,10.207155227661133,168600,0.0,0.0
2024-05-02 00:00:00,10.181182296056532,10.241784306243861,10.14655245800085,10.233126640319824,209300,0.0,0.0
2024-05-03 00:00:00,10.28507060433989,10.345672607421875,10.27641293943093,10.345672607421875,130500,0.0,0.0
2024-05-06 00:00:00,10.345673113495739,10.475535616561455,10.345673113495739,10.43224811553955,138800,0.0,0.0
2024-05-07 00:00:00,10.562109554077688,10.562109554077688,10.501507549401925,10.510165214538574,156400,0.0,0.0
2024-05-08 00:00:00,10.536137776468337,10.56210994720459,10.518822445550553,10.56210994720459,155900,0.0,0.0
2024-05-09 00:00:00,10.614055861022582,10.614055861022582,10.54479618375983,10.570768356323242,116000,0.0,0.0
2024-05-10 00:00:00,10.570768390253617,10.570768390253617,10.4928510466728,10.501508712768555,76700,0.0,0.0
2024-05-13 00:00:00,10.510165845173958,10.527480350845778,10.484192848205566,10.484192848205566,75500,0.0,0.0
2024-05-14 00:00:00,10.482453482064695,10.552046466757114,10.482453482064695,10.508550643920898,102400,0.058,0.0
2024-05-15 00:00:00,10.578141301001828,10.586840629577637,10.53464548773642,10.586840629577637,131200,0.0,0.0
2024-05-16 00:00:00,10.62163880258461,10.62163880258461,10.534647162226408,10.552045822143555,115300,0.0,0.0
2024-05-17 00:00:00,10.569442520735453,10.578141849762556,10.517248205800195,10.534646034240723,105300,0.0,0.0
2024-05-20 00:00:00,10.56074501424139,10.56074501424139,10.508549864785074,10.525948524475098,102200,0.0,0.0
2024-05-21 00:00:00,10.543345363267825,10.578141849762556,10.508548876773093,10.534646034240723,122200,0.0,0.0
2024-05-22 00:00:00,10.560746486106071,10.560746486106071,10.447657671200853,10.4563570022583,113300,0.0,0.0
2024-05-23 00:00:00,10.438959036227375,10.473755533163576,10.378065373992506,10.430259704589844,158900,0.0,0.0
2024-05-24 00:00:00,10.46505404517377,10.525948524475098,10.447656215097503,10.525948524475098,61400,0.0,0.0
2024-05-28 00:00:00,10.499849906725405,10.552045053058842,10.421557602032104,10.438956260681152,110400,0.0,0.0
2024-05-29 00:00:00,10.404160047210304,10.438956535811794,10.334567070007324,10.334567070007324,73100,0.0,0.0
2024-05-30 00:00:00,10.343267440795898,10.360665272041182,10.30847094869152,10.343267440795898,151000,0.0,0.0
2024-05-31 00:00:00,10.351966163729994,10.395461987197196,10.325869001495207,10.378064155578613,174000,0.0,0.0
2024-06-03 00:00:00,10.412860697447126,10.438957859804766,10.369364873775174,10.395462036132812,137500,0.0,0.0
2024-06-04 00:00:00,10.482454213909861,10.525950039782789,10.438958388036932,10.4737548828125,185200,0.0,0.0
2024-06-05 00:00:00,10.491151048332567,10.552044692294928,10.46505306125126,10.534646034240723,142600,0.0,0.0
2024-06-06 00:00:00,10.560743473463846,10.595539958153445,10.560743473463846,10.586840629577637,83300,0.0,0.0
2024-06-07 00:00:00,10.56074333190918,10.612937643437157,10.525946847685987,10.56074333190918,145600,0.0,0.0
2024-06-10 00:00:00,10.552045007889543,10.604239324385848,10.552045007889543,10.578142166137695,89600,0.0,0.0
2024-06-11 00:00:00,10.604239689854191,10.64773550817597,10.59554118988082,10.639036178588867,133300,0.0,0.0
2024-06-12 00:00:00,10.708629845902104,10.769523492989569,10.61293888092041,10.61293888092041,233100,0.0,0.0
2024-06-13 00:00:00,10.673833897386912,10.691231727600098,10.639036577733014,10.691231727600098,131300,0.0,0.0
2024-06-14 00:00:00,10.71570538102184,10.741926285918016,10.654522158200711,10.689483642578125,234600,0.058,0.0
2024-06-17 00:00:00,10.680743896644426,10.689483642578125,10.663262737681949,10.689483642578125,121600,0.0,0.0
2024-06-18 00:00:00,10.689482754226342,10.759406550717676,10.689482754226342,10.733184814453125,132500,0.0,0.0
2024-06-20 00:00:00,10.733185706436778,10.733185706436778,10.672003317163187,10.689483642578125,165600,0.0,0.0
2024-06-21 00:00:00,10.66326008293849,10.689480981306666,10.628298607265142,10.637039184570312,89600,0.0,0.0
2024-06-24 00:00:00,10.680743955272447,10.680743955272447,10.610820986133803,10.645782470703125,118900,0.0,0.0
2024-06-25 00:00:00,10.66326030752051,10.680741462499023,10.602077932190406,10.672000885009766,202500,0.0,0.0
2024-06-26 00:00:00,10.602077708896966,10.654519505633319,10.602077708896966,10.637039184570312,145400,0.0,0.0
2024-06-27 00:00:00,10.645780360653383,10.698222160339355,10.645780360653383,10.698222160339355,99800,0.0,0.0
2024-06-28 00:00:00,10.706963911736043,10.733184814453125,10.654521272754408,10.733184814453125,165100,0.0,0.0
2024-07-01 00:00:00,10.71570538102184,10.724445960503077,10.64578241226701,10.689483642578125,123200,0.0,0.0
2024-07-02 00:00:00,10.698222160339355,10.724443893729719,10.689481582542568,10.698222160339355,149300,0.0,0.0
2024-07-03 00:00:00,10.741923557157625,10.794366187175564,10.715702658922316,10.776885032653809,92600,0.0,0.0
2024-07-05 00:00:00,10.829327815687266,10.829327815687266,10.759404863706903,10.768144607543945,118600,0.0,0.0
2024-07-08 00:00:00,10.811847088011364,10.811847088011364,10.689481500438337,10.750664710998535,144600,0.0,0.0
2024-07-09 00:00:00,10.776885233115031,10.776885233115031,10.698221703398561,10.724443435668945,124900,0.0,0.0
2024-07-10 00:00:00,10.768146295925058,10.78562745343476,10.715704490490893,10.733184814453125,96800,0.0,0.0
2024-07-11 00:00:00,10.776886579583469,10.864290697643707,10.776886579583469,10.838068962097168,123900,0.0,0.0
2024-07-12 00:00:00,10.873029251517835,10.91673130576058,10.811846875706403,10.899250984191895,101100,0.0,0.0
2024-07-15 00:00:00,10.906278513073522,10.923840522766113,10.827247375850249,10.923840522766113,107900,0.058,0.0
2024-07-16 00:00:00,10.967744860550166,10.994089126586914,10.897495159337167,10.994089126586914,90300,0.0,0.0
2024-07-17 00:00:00,10.994089260171853,10.994089260171853,10.897495291748431,10.915058135986328,144200,0.0,0.0
2024-07-18 00:00:00,10.932620329225164,10.932620329225164,10.77455891560106,10.783339500427246,119000,0.0,0.0
2024-07-19 00:00:00,10.809685777304681,10.827247787665245,10.739435223534398,10.765779495239258,87400,0.0,0.0
2024-07-22 00:00:00,10.827244746935929,10.827244746935929,10.774557893208167,10.818463325500488,97500,0.0,0.0
2024-07-23 00:00:00,10.853590974674892,10.871153822078039,10.82724754101283,10.862372398376465,124300,0.0,0.0
2024-07-24 00:00:00,10.836027218340968,10.862370647757428,10.792120944351856,10.800902366638184,96200,0.0,0.0
2024-07-25 00:00:00,10.818463325500488,10.85358817379981,10.765776471772725,10.818463325500488,169800,0.0,0.0
2024-07-26 00:00:00,10.827244746935929,10.87115101667069,10.800901320072047,10.818463325500488,140600,0.0,0.0
2024-07-29 00:00:00,10.82724676211507,10.85359019388202,10.80090333034812,10.809684753417969,107400,0.0,0.0
2024-07-30 00:00:00,10.836028109157292,10.853590117731173,10.783340408550462,10.844809532165527,206300,0.0,0.0
2024-07-31 00:00:00,10.853589090706894,10.888713941973549,10.853589090706894,10.87993335723877,138400,0.0,0.0
2024-08-01 00:00:00,10.958964347839355,10.967745770580228,10.90627748627925,10.958964347839355,164000,0.0,0.0
2024-08-02 00:00:00,10.994088983781525,11.099463534232283,10.967744718086971,11.064338684082031,166800,0.0,0.0
2024-08-05 00:00:00,11.081898952851219,11.081898952851219,10.941399574279785,10.941399574279785,118100,0.0,0.0
2024-08-06 00:00:00,10.976528177302002,11.064340737697474,10.967746753773927,10.985309600830078,150300,0.0,0.0
2024-08-07 00:00:00,11.064338889199119,11.125807168740975,10.941401492672906,10.950182914733887,251400,0.0,0.0
2024-08-08 00:00:00,11.011651172027085,11.011651172027085,10.8974951977925,10.93262004852295,189500,0.0,0.0
2024-08-09 00:00:00,10.985308787571784,10.985308787571784,10.888714810799227,10.906277656555176,155000,0.0,0.0
2024-08-12 00:00:00,10.906278513073522,10.941403369901348,10.879935079813311,10.923840522766113,200800,0.0,0.0
2024-08-13 00:00:00,10.9765271933211,10.985308616061973,10.90627748627925,10.958964347839355,257100,0.0,0.0
2024-08-14 00:00:00,10.932620070611927,10.967744921413345,10.923838648550948,10.950182914733887,137100,0.0,0.0
2024-08-15 00:00:00,10.957240089404856,10.974884160792131,10.930773561646069,10.966062545776367,116800,0.058,0.0
2024-08-16 00:00:00,10.99253080609294,11.045464711309297,10.983708348330902,11.00135326385498,143000,0.0,0.0
2024-08-19 00:00:00,11.027822494506836,11.05428903291395,11.001355956099724,11.027822494506836,93300,0.0,0.0
2024-08-20 00:00:00,11.071931047147531,11.080753504753318,11.018997142868672,11.045464515686035,122600,0.0,0.0
2024-08-21 00:00:00,11.080752403998291,11.080752403998291,11.027818504977853,11.06310749053955,103000,0.0,0.0
2024-08-22 00:00:00,11.071931047147531,11.071931047147531,11.010174685262886,11.045464515686035,79400,0.0,0.0
2024-08-23 00:00:00,11.071929916037217,11.116041358203855,11.071929916037217,11.0807523727417,91600,0.0,0.0
2024-08-26 00:00:00,11.107219728565617,11.12486380193262,11.080753197837193,11.089574813842773,98400,0.0,0.0
2024-08-27 00:00:00,11.089574765177879,11.124863753112864,11.080753149211011,11.116042137145996,92200,0.0,0.0
2024-08-28 00:00:00,11.133686210435568,11.133686210435568,11.098397222500585,11.116042137145996,88200,0.0,0.0
2024-08-29 00:00:00,11.133686065673828,11.151330980089817,11.124863608465834,11.133686065673828,98000,0.0,0.0
2024-08-30 00:00:00,11.151330963970144,11.160152579809559,11.107219519349762,11.142508506774902,109400,0.0,0.0
2024-09-03 00:00:00,11.133688759653511,11.21308921102606,11.133688759653511,11.160155296325684,155200,0.0,0.0
2024-09-04 00:00:00,11.160154126432062,11.230732111063345,11.160154126432062,11.213088035583496,185200,0.0,0.0
2024-09-05 00:00:00,11.248375925543579,11.248375925543579,11.186620405382312,11.230731010437012,102800,0.0,0.0
2024-09-06 00:00:00,11.274842440343706,11.274842440343706,11.195442005192097,11.239553451538086,115700,0.0,0.0
2024-09-09 00:00:00,11.274843379783965,11.274843379783965,11.19544293801657,11.248376846313477,190700,0.0,0.0
2024-09-10 00:00:00,11.274842037083344,11.33659839630127,11.248375506764706,11.33659839630127,124500,0.0,0.0
2024-09-11 00:00:00,11.354244033165232,11.398355484008789,11.336599957641374,11.398355484008789,180600,0.0,0.0
2024-09-12 00:00:00,11.433643756384654,11.601266249407104,11.415998840616034,11.539510726928711,240900,0.0,0.0
2024-09-13 00:00:00,11.698312737729328,11.698312737729328,11.442467323767946,11.513045310974121,305900,0.0,0.0
2024-09-16 00:00:00,11.573303524740346,11.617611053677173,11.537856994523718,11.564441680908203,123300,0.058,0.0
2024-09-17 00:00:00,11.626472959119248,11.626472959119248,11.475824993622291,11.537857055664062,200600,0.0,0.0
2024-09-18 00:00:00,11.564442348775628,11.564442348775628,11.475825595560309,11.520133972167969,263100,0.0,0.0
2024-09-19 00:00:00,11.564442348775628,11.573304193119558,11.484687439904238,11.520133972167969,126700,0.0,0.0
2024-09-20 00:00:00,11.520133972167969,11.53785766085583,11.484687439904238,11.520133972167969,105600,0.0,0.0
2024-09-23 00:00:00,11.54671584879527,11.54671584879527,11.458099962267356,11.493546485900879,129800,0.0,0.0
2024-09-24 00:00:00,11.493548681380497,11.537857055664062,11.458102150976034,11.537857055664062,106900,0.0,0.0
2024-09-25 00:00:00,11.564440375727438,11.564440375727438,11.520132006679379,11.546716690063477,65200,0.0,0.0
2024-09-26 00:00:00,11.608751838663409,11.661921219601954,11.564443457806572,11.617612838745117,223600,0.0,0.0
2024-09-27 00:00:00,11.653058830674436,11.653058830674436,11.58216576265621,11.60875129699707,119000,0.0,0.0
2024-09-30 00:00:00,11.608751838663409,11.644198374326463,11.608751838663409,11.617612838745117,121000,0.0,0.0
2024-10-01 00:00:00,11.6973631997748,11.6973631997748,11.644193839542845,11.688501358032227,208200,0.0,0.0
2024-10-02 00:00:00,11.679642316507216,11.715088844299316,11.661918630055226,11.715088844299316,206500,0.0,0.0
2024-10-03 00:00:00,11.706227001073321,11.77712005665752,11.697365157847324,11.715088844299316,194900,0.0,0.0
2024-10-04 00:00:00,11.697365896241308,11.715089583812105,11.55557977612269,11.591026306152344,163800,0.0,0.0
2024-10-07 00:00:00,11.57330221855942,11.617609742495633,11.511270163847398,11.546716690063477,152500,0.0,0.0
2024-10-08 00:00:00,11.573304176330566,11.582165175549651,11.493549267574874,11.573304176330566,154500,0.0,0.0
2024-10-09 00:00:00,11.617609742495633,11.626471585327613,11.502408321015416,11.546716690063477,168300,0.0,0.0
2024-10-10 00:00:00,11.555580709203596,11.644197463989258,11.520134176311732,11.644197463989258,101900,0.0,0.0
2024-10-11 00:00:00,11.582164462366945,11.60874999372314,11.564441619908088,11.591026306152344,141800,0.0,0.0
2024-10-14 00:00:00,11.56444233199949,11.5998888642118,11.511272111125034,11.573304176330566,151900,0.0,0.0
2024-10-15 00:00:00,11.580422911253434,11.607126184806022,11.518114141121712,11.562620162963867,137200,0.058,0.0
2024-10-16 00:00:00,11.562622804095515,11.571524180273547,11.491413492435155,11.55372142791748,121200,0.0,0.0
2024-10-17 00:00:00,11.562620162963867,11.59822481066124,11.544818263556062,11.562620162963867,210300,0.0,0.0
2024-10-18 00:00:00,11.616027387920022,11.633829287065717,11.544818093573742,11.598224639892578,121900,0.0,0.0
2024-10-21 00:00:00,11.589324853221267,11.616028128082192,11.464708155733948,11.500312805175781,205500,0.0,0.0
2024-10-22 00:00:00,11.500312415907105,11.527015689864164,11.429103119433769,11.438004493713379,89000,0.0,0.0
2024-10-23 00:00:00,11.384599785442171,11.384599785442171,11.215477878599534,11.25998306274414,124600,0.0,0.0
2024-10-24 00:00:00,11.259982305252116,11.286686432600785,11.073057658221028,11.135366439819336,248300,0.0,0.0
2024-10-25 00:00:00,11.135364582858156,11.268881801808162,11.126463208559683,11.17987060546875,219500,0.0,0.0
2024-10-28 00:00:00,11.179871687895275,11.206574964494312,11.064156357456973,11.099761009216309,157700,0.0,0.0
2024-10-29 00:00:00,11.064157780343354,11.064157780343354,10.966244338751805,11.037453651428223,162600,0.0,0.0
2024-10-30 00:00:00,11.064156311341458,11.081958212705999,11.019650284607327,11.055254936218262,177800,0.0,0.0
2024-10-31 00:00:00,11.046351762219263,11.144265174865723,11.046351762219263,11.144265174865723,193400,0.0,0.0
2024-11-01 00:00:00,11.144265855896448,11.215475151873658,11.037451063048865,11.090858459472656,177800,0.0,0.0
2024-11-04 00:00:00,11.108661535494749,11.242179616253647,11.099761009216309,11.099761009216309,193500,0.0,0.0
2024-11-05 00:00:00,11.144267418628978,11.197673973660068,11.135366043163167,11.162069320678711,152400,0.0,0.0
2024-11-06 00:00:00,11.162068891051064,11.1887721675388,11.019650284607327,11.055254936218262,306100,0.0,0.0
2024-11-07 00:00:00,11.117563468143343,11.144267594963312,11.073057438991965,11.12646484375,186200,0.0,0.0
2024-11-08 00:00:00,11.162067075547778,11.242177740862894,11.162067075547778,11.2332763671875,131600,0.0,0.0
2024-11-11 00:00:00,11.242176952960545,11.268880223233527,11.162066293259945,11.197670936584473,176600,0.0,0.0
2024-11-12 00:00:00,11.188772508161367,11.188772508161367,11.019650620081274,11.073057174682617,205400,0.0,0.0
2024-11-13 00:00:00,11.144265632797335,11.162067531994374,11.055253590166886,11.08195686340332,179400,0.0,0.0
2024-11-14 00:00:00,11.153165699657634,11.153165699657634,11.073055034358426,11.144265174865723,147300,0.0,0.0
2024-11-15 00:00:00,11.115650063322041,11.124592013552514,11.044109344482422,11.044109344482422,133000,0.058,0.0
2024-11-18 00:00:00,11.088824022046408,11.088824022046408,11.01728328792994,11.061996459960938,209000,0.0,0.0
2024-11-19 00:00:00,11.053051294712894,11.07093690083912,11.026223738356197,11.044109344482422,137700,0.0,0.0
2024-11-20 00:00:00,11.044109942930689,11.070937500741094,10.972569220214485,11.017281532287598,212800,0.0,0.0
2024-11-21 00:00:00,11.035166627294293,11.035166627294293,10.927855548199776,10.96362590789795,197800,0.0,0.0
2024-11-22 00:00:00,10.9993984323341,11.05305355602464,10.954685260703442,10.990455627441406,213300,0.0,0.0
2024-11-25 00:00:00,11.053050854495654,11.115649620611636,11.044108904621318,11.097764015197754,216200,0.0,0.0
2024-11-26 00:00:00,11.053052057291495,11.142478388427094,11.035167302763995,11.124592781066895,209000,0.0,0.0
2024-11-27 00:00:00,11.17824717390735,11.294501046855896,11.133534014645205,11.26767349243164,257600,0.0,0.0
2024-11-29 00:00:00,11.321329981165107,11.401813507080078,11.249789258759062,11.401813507080078,120900,0.0,0.0
2024-12-02 00:00:00,11.437583310881875,11.437583310881875,11.294501873042742,11.383927345275879,180600,0.0,0.0
2024-12-03 00:00:00,11.428643683591202,11.428643683591202,11.330275380950452,11.374988555908203,189800,0.0,0.0
2024-12-04 00:00:00,11.401814712419055,11.428642272949219,11.33921678690442,11.428642272949219,206800,0.0,0.0
2024-12-05 00:00:00,11.437583310881875,11.437583310881875,11.374985395035415,11.383927345275879,124200,0.0,0.0
2024-12-06 00:00:00,11.401813507080078,11.410756310589004,11.35710034236813,11.401813507080078,174600,0.0,0.0
2024-12-09 00:00:00,11.401812951422091,11.410755754495197,11.33921503557563,11.383927345275879,133500,0.0,0.0
2024-12-10 00:00:00,11.374985949385982,11.446526671792027,11.374985949385982,11.401813507080078,208300,0.0,0.0
2024-12-11 00:00:00,11.464411982935736,11.56278112064748,11.392871257054134,11.419699668884277,235800,0.0,0.0
2024-12-12 00:00:00,11.446529450927104,11.446529450927104,11.26767760148805,11.330275535583496,220200,0.0,0.0
2024-12-13 00:00:00,11.330271343762165,11.348156095672866,11.097763599095035,11.231903076171875,236300,0.0,0.0
2024-12-16 00:00:00,11.23909141847252,11.355884635409494,11.23909141847252,11.29299545288086,167100,0.058,0.0
2024-12-17 00:00:00,11.239092566535215,11.2929966064498,10.99652181655178,11.02347469329834,264400,0.0,0.0
2024-12-18 00:00:00,11.005503905851631,11.050424501314966,10.852774395349746,10.87972640991211,212600,0.0,0.0
2024-12-19 00:00:00,10.834809035452778,10.915665096783107,10.67309519921356,10.691062927246094,343600,0.0,0.0
2024-12-20 00:00:00,10.709030971389025,10.753951574386326,10.547317143314434,10.601222038269043,468400,0.0,0.0
2024-12-23 00:00:00,10.583252406240062,10.628173004788644,10.502395500210444,10.529348373413086,338800,0.0,0.0
2024-12-24 00:00:00,10.475443435769552,10.502395452059472,10.340682497530807,10.493412017822266,385400,0.0,0.0
2024-12-26 00:00:00,10.421538077114608,10.475442102835498,10.367633194604677,10.412553787231445,1129900,0.0,0.0
2024-12-27 00:00:00,10.3586494783422,10.412554363837167,10.286776868874966,10.331697463989258,729700,0.0,0.0
2024-12-30 00:00:00,10.277792930603027,10.376618414597969,10.268809496703675,10.277792930603027,775700,0.0,0.0
2024-12-31 00:00:00,10.277795019481268,10.376620523561689,10.277795019481268,10.349668502807617,728600,0.0,0.0
2025-01-02 00:00:00,10.45747738137254,10.547317735623094,10.403572483390777,10.520365715026855,206600,0.0,0.0
2025-01-03 00:00:00,10.54731497143818,10.610204145400118,10.54731497143818,10.592235565185547,217700,0.0,0.0
2025-01-06 00:00:00,10.592237746311735,10.655126076434414,10.56528572722905,10.601222038269043,367000,0.0,0.0
2025-01-07 00:00:00,10.628173053184796,10.628173053184796,10.538331855678532,10.565284729003906,285000,0.0,0.0
2025-01-08 00:00:00,10.574270613008618,10.574270613008618,10.511381422565014,10.520365715026855,219100,0.0,0.0
2025-01-10 00:00:00,10.475444297328147,10.475444297328147,10.421540260314941,10.421540260314941,265600,0.0,0.0
2025-01-13 00:00:00,10.448490089975053,10.448490089975053,10.349665471627393,10.412553787231445,337400,0.0,0.0
2025-01-14 00:00:00,10.39458503862124,10.475441932678223,10.385601605673042,10.475441932678223,163300,0.0,0.0
2025-01-15 00:00:00,10.572957992553711,10.600044748784194,10.509755274325098,10.572957992553711,164200,0.058,0.0
2025-01-16 00:00:00,10.62713155284629,10.645189101927272,10.581986388535245,10.636159896850586,136400,0.0,0.0
2025-01-17 00:00:00,10.66324705229349,10.690333805283212,10.6090726852417,10.6090726852417,169600,0.0,0.0
2025-01-21 00:00:00,10.618100351369506,10.654216303813394,10.618100351369506,10.627129554748535,229500,0.0,0.0
2025-01-22 00:00:00,10.627130910406503,10.654217662926703,10.59101409228312,10.600043296813965,224600,0.0,0.0
2025-01-23 00:00:00,10.58198574882461,10.60907250134481,10.518782178181025,10.600043296813965,204600,0.0,0.0
2025-01-24 00:00:00,10.618100351369506,10.627129554748535,10.57295519554659,10.627129554748535,111400,0.0,0.0
2025-01-27 00:00:00,10.627128812029547,10.672273103625146,10.563925253865804,10.591012001037598,238100,0.0,0.0
2025-01-28 00:00:00,10.57295754736377,10.663247879093513,10.563928341976311,10.654218673706055,261300,0.0,0.0
2025-01-29 00:00:00,10.672276406603803,10.74450832879853,10.618102895493976,10.663248062133789,224900,0.0,0.0
2025-01-30 00:00:00,10.726449012756348,10.744506559795772,10.690333057605207,10.726449012756348,109100,0.0,0.0
2025-01-31 00:00:00,10.690333057605207,10.771594171963347,10.681303853549348,10.726449012756348,210200,0.0,0.0
2025-02-03 00:00:00,10.726449472109978,10.807710589948076,10.627130806459153,10.753536224365234,180800,0.0,0.0
2025-02-04 00:00:00,10.771593831952405,10.87994169398577,10.771593831952405,10.81673812866211,191500,0.0,0.0
2025-02-05 00:00:00,10.861885253822237,10.907030419781204,10.843827704082104,10.870914459228516,230200,0.0,0.0
2025-02-06 00:00:00,10.87994252604921,10.916058482822365,10.834797364814682,10.861884117126465,196200,0.0,0.0
2025-02-07 00:00:00,10.870913633293151,10.907029591101871,10.78965251295544,10.82576847076416,147900,0.0,0.0
2025-02-10 00:00:00,10.87994252604921,10.907029278360993,10.807710612502897,10.861884117126465,134500,0.0,0.0
2025-02-11 00:00:00,10.816739266043891,10.852856084924968,10.744507350426451,10.82576847076416,174800,0.0,0.0
2025-02-12 00:00:00,10.744508012735498,10.75353721801234,10.64518933790744,10.699363708496094,261300,0.0,0.0
2025-02-13 00:00:00,10.726450463254217,10.735479668531061,10.681305297942407,10.699363708496094,209000,0.0,0.0
2025-02-14 00:00:00,10.815502166748047,10.824575782221807,10.77013495468685,10.815502166748047,165100,0.058,0.0
2025-02-18 00:00:00,10.797354190274577,10.824575034816336,10.770134211040357,10.788281440734863,270300,0.0,0.0
2025-02-19 00:00:00,10.806428193847045,10.851795404407703,10.788281828807323,10.824575424194336,117200,0.0,0.0
2025-02-20 00:00:00,10.860869378809245,10.888089359922926,10.779208570160607,10.815502166748047,114200,0.0,0.0
2025-02-21 00:00:00,10.851796483000813,10.851796483000813,10.779209285012126,10.797355651855469,127800,0.0,0.0
2025-02-24 00:00:00,10.797353950798472,10.842721158720991,10.733840378891458,10.770133972167969,212500,0.0,0.0
2025-02-25 00:00:00,10.82457619516927,10.90623700693319,10.80642896352945,10.897163391113281,276000,0.0,0.0
2025-02-26 00:00:00,10.933455824631366,10.942529439484902,10.879015000817693,10.924382209777832,119300,0.0,0.0
2025-02-27 00:00:00,10.96067769336472,10.96067769336472,10.86087050869297,10.879016876220703,125400,0.0,0.0
2025-02-28 00:00:00,10.933457522248249,10.978824738252467,10.906237538768787,10.951603889465332,107300,0.0,0.0
2025-03-03 00:00:00,10.960676043140367,10.969749658191967,10.851795258443847,10.942529678344727,281700,0.0,0.0
2025-03-04 00:00:00,10.915308921744279,10.92438253686949,10.869941711425781,10.869941711425781,144000,0.0,0.0
2025-03-05 00:00:00,10.915308952331543,10.94252979778346,10.879015357036554,10.915308952331543,98600,0.0,0.0
2025-03-06 00:00:00,10.915309730172929,10.915309730172929,10.85179615020752,10.85179615020752,140700,0.0,0.0
2025-03-07 00:00:00,10.851796122866016,10.933456934220157,10.770135311511877,10.806428909301758,195200,0.0,0.0
2025-03-10 00:00:00,10.788281440734863,10.860868628897807,10.724767002111633,10.788281440734863,124500,0.0,0.0
2025-03-11 00:00:00,10.770134537564617,10.842721727928229,10.706620962323349,10.733840942382812,100100,0.0,0.0
2025-03-12 00:00:00,10.7701332228916,10.788280450921114,10.643105222607367,10.742913246154785,114800,0.0,0.0
2025-03-13 00:00:00,10.733840520292356,10.733840520292356,10.525152572530173,10.652179718017578,102300,0.0,0.0
2025-03-14 00:00:00,10.65947680245505,10.65947680245505,10.595647876027217,10.623003005981445,106800,0.058,0.0
2025-03-17 00:00:00,10.623000883191054,10.686830666467708,10.577409298912524,10.64123821258545,118600,0.0,0.0
2025-03-18 00:00:00,10.659475560243994,10.686831556614171,10.577410179944868,10.613883972167969,202800,0.0,0.0
2025-03-19 00:00:00,10.540937706851258,10.604766633828508,10.486226576867965,10.550055503845215,265100,0.0,0.0
2025-03-20 00:00:00,10.595643565056891,10.695946247148926,10.5591697834231,10.659472465515137,191500,0.0,0.0
2025-03-21 00:00:00,10.732422828674316,10.75065928796937,10.65947438268299,10.732422828674316,107600,0.0,0.0
2025-03-24 00:00:00,10.750661176993916,10.914793687508036,10.750661176993916,10.832727432250977,239000,0.0,0.0
2025-03-25 00:00:00,10.85096243116375,10.878318425628875,10.741541062114464,10.76889705657959,214800,0.0,0.0
2025-03-26 00:00:00,10.750658761508085,10.78713254791577,10.686829852695553,10.695947647094727,134200,0.0,0.0
2025-03-27 00:00:00,10.695947945727584,10.714185274242446,10.604763911964326,10.677711486816406,149500,0.0,0.0
2025-03-28 00:00:00,10.73242399928394,10.778015587296203,10.65035774949579,10.714186668395996,138700,0.0,0.0
2025-03-31 00:00:00,10.705066609985014,10.741540397411054,10.659474158301544,10.677711486816406,207000,0.0,0.0
2025-04-01 00:00:00,10.741539813976509,10.823606048628532,10.68682957061092,10.787132263183594,163400,0.0,0.0
2025-04-02 00:00:00,10.77801404046521,10.77801404046521,10.686830007923367,10.72330379486084,105800,0.0,0.0
2025-04-03 00:00:00,10.796251513351956,10.796251513351956,10.668592822558974,10.677711486816406,170200,0.0,0.0
2025-04-04 00:00:00,10.69594996371217,10.750661089975317,10.486225863845116,10.504463195800781,211600,0.0,0.0
2025-04-07 00:00:00,10.44974926675843,10.44974926675843,10.176195448021625,10.258261680603027,248500,0.0,0.0
2025-04-08 00:00:00,10.294736110483464,10.358565020002027,9.82969467643877,9.902642250061035,266800,0.0,0.0
2025-04-09 00:00:00,9.76586798400764,10.13060593492327,9.592617674723682,10.085014343261719,468000,0.0,0.0
2025-04-10 00:00:00,10.021182950444205,10.039420279881565,9.63820772829696,9.720273971557617,328400,0.0,0.0
2025-04-11 00:00:00,9.62908964671701,9.875287499570874,9.62908964671701,9.811458587646484,305500,0.0,0.0
2025-04-14 00:00:00,9.838815665285436,9.957355717831511,9.756749408168625,9.939118385314941,219100,0.0,0.0
2025-04-15 00:00:00,9.946452598303926,10.047291891622155,9.937285151387035,10.01062297821045,157100,0.058,0.0
2025-04-16 00:00:00,9.96478661788185,10.038124444705264,9.937285151387035,10.01062297821045,182100,0.0,0.0
2025-04-17 00:00:00,9.992288084376668,10.028956997788374,9.946452598303926,10.01062297821045,131100,0.0,0.0
2025-04-21 00:00:00,9.98311883514997,9.98311883514997,9.726435635831281,9.808940887451172,287000,0.0,0.0
2025-04-22 00:00:00,9.88227984740751,9.918948755265477,9.790608014890452,9.900614738464355,180300,0.0,0.0
2025-04-23 00:00:00,9.99228598493765,10.09312613132462,9.909781602787866,9.91894817352295,294500,0.0,0.0
2025-04-24 00:00:00,9.95562100537134,10.102297560300405,9.95562100537134,10.093130111694336,208800,0.0,0.0
2025-04-25 00:00:00,10.148130045656856,10.148130045656856,10.093127118842148,10.129796028137207,175300,0.0,0.0
2025-04-28 00:00:00,10.157296080872555,10.157296080872555,10.07479082785328,10.111459732055664,126700,0.0,0.0
2025-04-29 00:00:00,10.056456812879906,10.148128636258049,10.038121923650895,10.111459732055664,226800,0.0,0.0
2025-04-30 00:00:00,10.056459110910575,10.230636227109711,10.056459110910575,10.212302207946777,280300,0.0,0.0
2025-05-01 00:00:00,10.212300898189492,10.276471268413479,10.184798561588591,10.239802360534668,105200,0.0,0.0
2025-05-02 00:00:00,10.331475163041045,10.331475163041045,10.212300992767288,10.285638809204102,191900,0.0,0.0
2025-05-05 00:00:00,10.248968124389648,10.285637026251726,10.212299222527571,10.248968124389648,144100,0.0,0.0
2025-05-06 00:00:00,10.212301492579485,10.322308222618673,10.212301492579485,10.267304420471191,128700,0.0,0.0
2025-05-07 00:00:00,10.267304736503712,10.395646362627737,10.267304736503712,10.322308540344238,179600,0.0,0.0
2025-05-08 00:00:00,10.386478088240787,10.386478088240787,10.285638809204102,10.285638809204102,131400,0.0,0.0
2025-05-09 00:00:00,10.34064169857903,10.368144035339355,10.276471327983069,10.368144035339355,85800,0.0,0.0
2025-05-12 00:00:00,10.38647818357815,10.478150892093497,10.303972920765487,10.331475257873535,119300,0.0,0.0
2025-05-13 00:00:00,10.322308089835577,10.34980955342766,10.285639180294211,10.303973197937012,132500,0.0,0.0
2025-05-14 00:00:00,10.331473372143217,10.331473372143217,10.239800680360235,10.248968124389648,124200,0.0,0.0
2025-05-15 00:00:00,10.302418312701372,10.394568215032066,10.274772551068681,10.366923332214355,128300,0.058,0.0
2025-05-16 00:00:00,10.4037810083751,10.4037810083751,10.283985372743848,10.311630249023438,188100,0.0,0.0
2025-05-19 00:00:00,10.219481286350234,10.302416801452637,10.219481286350234,10.302416801452637,113200,0.0,0.0
2025-05-20 00:00:00,10.274771561369047,10.302417320338806,10.219481801059317,10.256341934204102,126400,0.0,0.0
2025-05-21 00:00:00,10.228697197501448,10.2379115718057,10.062826156616211,10.062826156616211,245200,0.0,0.0
2025-05-22 00:00:00,10.090470647789918,10.145761285556423,10.035180888838285,10.127330780029297,232200,0.0,0.0
2025-05-23 00:00:00,10.099684611939356,10.145759991063562,10.081254108763769,10.090469360351562,95500,0.0,0.0
2025-05-27 00:00:00,10.219481468200684,10.237911094765357,10.136545951622484,10.219481468200684,115000,0.0,0.0
2025-05-28 00:00:00,10.219481446855886,10.219481446855886,10.118115425109863,10.118115425109863,102100,0.0,0.0
2025-05-29 00:00:00,10.154979606438877,10.18262449426703,10.118118584247823,10.145764350891113,119000,0.0,0.0
2025-05-30 00:00:00,10.182620768827206,10.182620768827206,10.081254752518117,10.154975891113281,161500,0.0,0.0
2025-06-02 00:00:00,10.154979606438877,10.18262449426703,10.099688951967433,10.145764350891113,197700,0.0,0.0
2025-06-03 00:00:00,10.191834855520028,10.191834855520028,10.127328976477656,10.136544227600098,230900,0.0,0.0
2025-06-04 00:00:00,10.15497472984498,10.182619604397587,10.136544227600098,10.136544227600098,131800,0.0,0.0
2025-06-05 00:00:00,10.182621417795803,10.191836670559365,10.118115527265735,10.127330780029297,180100,0.0,0.0
2025-06-06 00:00:00,10.13654593045091,10.13654593045091,10.081255293242636,10.118115425109863,134800,0.0,0.0
2025-06-09 00:00:00,10.154975242651355,10.164189615424387,10.072039735990737,10.090469360351562,275300,0.0,0.0
2025-06-10 00:00:00,10.099684611939356,10.127329487887975,10.062824484402944,10.090469360351562,184200,0.0,0.0
2025-06-11 00:00:00,10.127328976477656,10.136544227600098,10.081253599680167,10.136544227600098,149200,0.0,0.0
2025-06-12 00:00:00,10.145764350891113,10.173409238719266,10.127333839795586,10.145764350891113,128400,0.0,0.0
2025-06-13 00:00:00,10.11611557006836,10.143906848794316,10.088324291342401,10.11611557006836,102600,0.058,0.0
2025-06-16 00:00:00,10.116114738381484,10.134641961519318,10.07905940863707,10.097586631774902,166400,0.0,0.0
2025-06-17 00:00:00,10.116116328637183,10.143907609447103,10.079060993067662,10.1346435546875,226700,0.0,0.0
2025-06-18 00:00:00,10.134641961519318,10.16243412142919,10.097586631774902,10.097586631774902,124500,0.0,0.0
2025-06-20 00:00:00,10.13464279472939,10.16243495692417,10.11611557006836,10.11611557006836,161000,0.0,0.0
2025-06-23 00:00:00,10.143907422438582,10.171698702736153,10.11611614214101,10.162435531616211,88700,0.0,0.0
2025-06-24 00:00:00,10.180963579262508,10.190227634599237,10.143908241384542,10.171699523925781,112200,0.0,0.0
2025-06-25 00:00:00,10.15317400718519,10.227284695426249,10.15317400718519,10.199493408203125,334100,0.0,0.0
2025-06-26 00:00:00,10.190226874420322,10.218018154888366,10.15317153930664,10.15317153930664,124100,0.0,0.0
2025-06-27 00:00:00,10.199492257238623,10.227283541325633,10.171700089682622,10.218019485473633,187200,0.0,0.0
2025-06-30 00:00:00,10.255073228757535,10.292128562927246,10.208754723647038,10.292128562927246,175400,0.0,0.0
2025-07-01 00:00:00,10.292129328234765,10.329184665159856,10.264338046408177,10.319921493530273,123900,0.0,0.0
2025-07-02 00:00:00,10.319921670061825,10.403295516967773,10.319921670061825,10.403295516967773,162200,0.0,0.0
2025-07-03 00:00:00,10.403296668793562,10.431088837641555,10.356978154318304,10.384769439697266,49400,0.0,0.0
2025-07-07 00:00:00,10.394030307905151,10.394030307905151,10.27360026357612,10.31065559387207,120100,0.0,0.0
2025-07-08 00:00:00,10.329183897096955,10.329183897096955,10.255073228757535,10.292128562927246,130700,0.0,0.0
2025-07-09 00:00:00,10.329182817285664,10.329182817285664,10.26433621013494,10.31065559387207,142100,0.0,0.0
2025-07-10 00:00:00,10.338447125698023,10.347711179367675,10.24580923940785,10.282864570617676,114300,0.0,0.0
2025-07-11 00:00:00,10.264338690292647,10.273602745972285,10.245811462402344,10.245811462402344,64700,0.0,0.0
2025-07-14 00:00:00,10.245811265812353,10.301393831885756,10.236547210310468,10.264338493347168,118200,0.0,0.0
2025-07-15 00:00:00,10.299725079403236,10.299725079403236,10.225223541259766,10.225223541259766,130200,0.058,0.0
2025-07-16 00:00:00,10.27178629950234,10.27178629950234,10.150722525542642,10.197285652160645,115200,0.0,0.0
2025-07-17 00:00:00,10.187975346426187,10.20660095688589,10.122787486053205,10.169350624084473,149200,0.0,0.0
2025-07-18 00:00:00,10.1972890956025,10.1972890956025,10.066913362787867,10.076225280761719,142200,0.0,0.0
2025-07-21 00:00:00,10.085534071066991,10.113471590100724,10.038970947265625,10.038970947265625,124800,0.0,0.0
2025-07-22 00:00:00,10.066913010979768,10.104163345927601,10.038974593680363,10.094850540161133,128500,0.0,0.0
2025-07-23 00:00:00,10.104163345927601,10.104163345927601,10.066913010979768,10.094850540161133,115700,0.0,0.0
2025-07-24 00:00:00,10.0389749445121,10.085538086853642,10.0389749445121,10.076225280761719,120800,0.0,0.0
2025-07-25 00:00:00,10.094849222923601,10.104162027474878,10.048286088285142,10.066911697387695,100800,0.0,0.0
2025-07-28 00:00:00,10.085535415778935,10.141411349414097,10.06691069664577,10.113472938537598,87200,0.0,0.0
2025-07-29 00:00:00,10.150725598523861,10.150725598523861,10.0576002052133,10.094850540161133,159800,0.0,0.0
2025-07-30 00:00:00,10.122785742163098,10.122785742163098,10.085535415778935,10.113472938537598,97400,0.0,0.0
2025-07-31 00:00:00,10.113473920150827,10.243850519208662,10.113473920150827,10.206600189208984,153200,0.0,0.0
2025-08-01 00:00:00,10.262475916779836,10.309038162231445,10.197287174535358,10.309038162231445,157700,0.0,0.0
2025-08-04 00:00:00,10.327664011752116,10.327664011752116,10.206600216895284,10.299726486206055,87800,0.0,0.0
2025-08-05 00:00:00,10.281101239010681,10.374227511599669,10.27178843412819,10.327664375305176,164600,0.0,0.0
2025-08-06 00:00:00,10.364913940429688,10.439414597745795,10.327663611771634,10.364913940429688,135700,0.0,0.0
2025-08-07 00:00:00,10.374227511599669,10.467352896070702,10.27178843412819,10.327664375305176,169700,0.0,0.0
2025-08-08 00:00:00,10.299726836549512,10.34628908467078,10.262476505181725,10.28110122680664,198100,0.0,0.0
2025-08-11 00:00:00,10.28110087709673,10.318351207197454,10.27178807254207,10.299726486206055,156800,0.0,0.0
2025-08-12 00:00:00,10.28110087709673,10.336976816306777,10.26247615610533,10.299726486206055,129800,0.0,0.0
2025-08-13 00:00:00,10.364913526628264,10.383538246154785,10.318350395635177,10.383538246154785,141600,0.0,0.0
2025-08-14 00:00:00,10.355600962054705,10.383538486048865,10.327663438060545,10.374226570129395,180300,0.0,0.0
2025-08-15 00:00:00,10.353632587760183,10.437883817723172,10.353632587760183,10.362993240356445,137600,0.058,0.0
2025-08-18 00:00:00,10.3536308332689,10.391076115606912,10.288100919602915,10.297462463378906,156800,0.0,0.0
2025-08-19 00:00:00,10.278739867835982,10.316186044732373,10.24129458370559,10.250656127929688,119400,0.0,0.0
2025-08-20 00:00:00,10.23193605925929,10.288103550747964,10.175767675004435,10.213212966918945,233700,0.0,0.0
2025-08-21 00:00:00,10.185128769305093,10.222574059558319,10.15704502480671,10.16640567779541,68200,0.0,0.0
2025-08-22 00:00:00,10.213210843799294,10.306824500508275,10.213210843799294,10.250656127929688,177400,0.0,0.0
2025-08-25 00:00:00,10.278742004577792,10.288103550747964,10.203851420748773,10.213212966918945,203200,0.0,0.0
2025-08-26 00:00:00,10.194489537976795,10.241295477650901,10.157044250577865,10.222573280334473,230400,0.0,0.0
2025-08-27 00:00:00,10.22257395543914,10.26938079097047,10.203850864120154,10.231935501098633,176600,0.0,0.0
2025-08-28 00:00:00,10.26938090487718,10.297464649401025,10.24129626758719,10.288103103637695,218900,0.0,0.0
2025-08-29 00:00:00,10.288102662989719,10.362993240356445,10.250657374306355,10.362993240356445,138800,0.0,0.0
2025-09-02 00:00:00,10.344270926079686,10.36299312382779,10.297464092560284,10.306825637817383,176100,0.0,0.0
2025-09-03 00:00:00,10.31618656639131,10.353631852415202,10.306825021693829,10.325547218322754,211700,0.0,0.0
2025-09-04 00:00:00,10.37235472756032,10.37235472756032,10.306825695923385,10.334909439086914,192900,0.0,0.0
2025-09-05 00:00:00,10.381714730864184,10.48468903567965,10.381714730864184,10.475327491760254,254100,0.0,0.0
2025-09-08 00:00:00,10.540859291097116,10.690640449523926,10.53149774550391,10.690640449523926,248700,0.0,0.0
2025-09-09 00:00:00,10.737447121017988,10.756169319152832,10.634471906594948,10.756169319152832,305100,0.0,0.0
2025-09-10 00:00:00,10.774893036072633,10.887228909706728,10.774893036072633,10.859145164489746,184700,0.0,0.0
2025-09-11 00:00:00,10.905949772486597,10.999563435426435,10.887227575558262,10.962118148803711,106600,0.0,0.0
2025-09-12 00:00:00,10.962118148803711,10.971479693650906,10.924672862180987,10.962118148803711,96200,0.0,0.0
2025-09-15 00:00:00,11.035500044239974,11.120171546936035,11.02609279732597,11.120171546936035,263400,0.058,0.0
2025-09-16 00:00:00,11.129579086301751,11.13898722991454,11.06372387543214,11.10135555267334,254100,0.0,0.0
2025-09-17 00:00:00,11.148395226549761,11.15780247282857,11.073131873059614,11.110763549804688,228600,0.0,0.0
2025-09-18 00:00:00,11.110764300022034,11.138987835184052,11.073132620736006,11.120171546936035,202400,0.0,0.0
2025-09-19 00:00:00,11.1107640067816,11.148395685074435,11.101355862905896,11.13898754119873,89200,0.0,0.0
2025-09-22 00:00:00,11.167210911018326,11.204842588756494,11.054315877803823,11.091947555541992,182000,0.0,0.0
2025-09-23 00:00:00,11.129579086301751,11.129579086301751,11.044907588206563,11.10135555267334,155500,0.0,0.0
2025-09-24 00:00:00,11.044907110899938,11.073131540518585,10.979051902876268,11.016683578491211,197500,0.0,0.0
2025-09-25 00:00:00,11.035500730470172,11.082540556805327,10.960237367217951,11.026093482971191,270400,0.0,0.0
2025-09-26 00:00:00,11.044906649556843,11.063722935183323,10.960235158657449,10.988459587097168,131000,0.0,0.0
2025-09-29 00:00:00,11.073131077996562,11.073131077996562,10.922603484614372,10.988459587097168,222100,0.0,0.0
2025-09-30 00:00:00,11.007277329969892,11.007277329969892,10.960237503051758,10.960237503051758,161600,0.0,0.0
2025-10-01 00:00:00,11.016683578491211,11.044907110899938,10.988460046082484,11.016683578491211,341500,0.0,0.0
2025-10-02 00:00:00,11.035499298366162,11.044907441854287,10.894380734884066,10.941420555114746,374700,0.0,0.0
2025-10-03 00:00:00,10.932012891395093,10.932012891395093,10.809709712311838,10.856749534606934,293700,0.0,0.0
2025-10-06 00:00:00,10.837934479172205,10.866158014538067,10.772078367038512,10.781486511230469,168100,0.0,0.0
2025-10-07 00:00:00,10.819118002600645,10.86615782553221,10.800301714544018,10.847341537475586,159000,0.0,0.0
2025-10-08 00:00:00,10.903788218550007,10.922603607177734,10.875564687003472,10.922603607177734,88900,0.0,0.0
2025-10-09 00:00:00,10.932012557983398,10.960236091615682,10.884972737122952,10.932012557983398,277800,0.0,0.0
2025-10-10 00:00:00,10.96023528164308,10.979051567480697,10.866156544084662,10.922603607177734,163200,0.0,0.0
2025-10-13 00:00:00,10.96023640262774,10.969644546508789,10.866157655447191,10.969644546508789,165300,0.0,0.0
2025-10-14 00:00:00,10.99786697863208,11.016683264508234,10.941419915423404,10.97905158996582,200100,0.0,0.0
2025-10-15 00:00:00,11.024435266260511,11.09061940985798,10.967706257945919,11.062254905700684,268700,0.058,0.0
2025-10-16 00:00:00,11.081165602987522,11.090619836943137,10.94879640900389,10.967706680297852,309900,0.0,0.0
2025-10-17 00:00:00,10.996072198207996,10.996072198207996,10.84479362069008,10.901522636413574,238500,0.0,0.0
2025-10-20 00:00:00,10.967706764895103,10.986616134643555,10.892067482518561,10.986616134643555,221400,0.0,0.0
2025-10-21 00:00:00,10.910976446881545,11.03389050159953,10.910976446881545,10.996070861816406,295200,0.0,0.0
2025-10-22 00:00:00,10.996070724297121,11.01498009310653,10.920431445676835,10.977160453796387,301400,0.0,0.0
2025-10-23 00:00:00,10.977160777173198,10.996071048231013,10.939341136748926,10.948796272277832,255700,0.0,0.0
2025-10-24 00:00:00,10.96770657864939,11.052800093609473,10.96770657864939,11.033890724182129,184100,0.0,0.0
2025-10-27 00:00:00,11.033890724182129,11.04334585974148,10.977160812517383,11.033890724182129,326700,0.0,0.0
2025-10-28 00:00:00,11.014980453063428,11.052800093609473,10.977160812517383,11.033890724182129,328800,0.0,0.0
2025-10-29 00:00:00,10.996071899006932,11.043346678617803,10.977161626486012,11.014981269836426,173800,0.0,0.0
2025-10-30 00:00:00,10.948796272277832,11.005526183759919,10.939341136748926,10.948796272277832,149100,0.0,0.0
2025-10-31 00:00:00,10.948797119396058,11.014981269836426,10.948797119396058,11.014981269836426,192400,0.0,0.0
2025-11-03 00:00:00,11.014980828777077,11.014980828777077,10.892067669078461,10.93934154510498,300500,0.0,0.0
2025-11-04 00:00:00,10.92988731091451,11.014980828777077,10.92043217503265,10.93934154510498,227900,0.0,0.0
2025-11-05 00:00:00,10.986616238038769,10.986616238038769,10.87315731340619,10.920432090759277,288700,0.0,0.0
2025-11-06 00:00:00,10.958252142710037,10.977161513344635,10.882612856788825,10.910977363586426,122000,0.0,0.0
2025-11-07 00:00:00,10.91097522943528,10.91097522943528,10.83533595830886,10.87315559387207,158800,0.0,0.0
2025-11-10 00:00:00,10.863702584462814,10.939341870384029,10.863702584462814,10.910977363586426,170900,0.0,0.0
2025-11-11 00:00:00,10.958251816868698,10.967706952750557,10.901521903268932,10.93934154510498,151600,0.0,0.0
2025-11-12 00:00:00,10.958251953125,10.986616459431877,10.910977174819273,10.958251953125,212300,0.0,0.0
2025-11-13 00:00:00,10.986616322822886,10.986616322822886,10.92043217503265,10.93934154510498,132200,0.0,0.0
2025-11-14 00:00:00,10.908932864858166,10.937441182764573,10.861420814149374,10.880425453186035,132900,0.058,0.0
2025-11-17 00:00:00,10.889926677517506,10.899429448801893,10.851916498614104,10.87092113494873,157300,0.0,0.0
2025-11-18 00:00:00,10.908931313852133,10.927936856420908,10.86141926989849,10.87092113494873,158500,0.0,0.0
2025-11-19 00:00:00,10.880424258291429,10.880424258291429,10.80440389802483,10.8139066696167,217600,0.0,0.0
2025-11-20 00:00:00,10.794902026090606,10.813907570858285,10.7568918427895,10.76639461517334,184400,0.0,0.0
2025-11-21 00:00:00,10.794901424149934,10.794901424149934,10.604850518241946,10.709379196166992,388500,0.0,0.0
2025-11-24 00:00:00,10.747390517342502,10.747390517342502,10.69037478640525,10.728384971618652,187000,0.0,0.0
2025-11-25 00:00:00,10.728385021440355,10.794902619314135,10.718882248534298,10.775897979736328,315700,0.0,0.0
2025-11-26 00:00:00,10.766395027645029,10.823410757898145,10.737887615635616,10.804405212402344,270700,0.0,0.0
2025-11-28 00:00:00,10.823410217644142,10.851917628230598,10.79490190082344,10.842414855957031,91300,0.0,0.0
2025-12-01 00:00:00,10.7758964894834,10.83291130656626,10.7758964894834,10.8139066696167,272000,0.0,0.0
2025-12-02 00:00:00,10.813907802151997,10.813907802151997,10.737887433923822,10.785400390625,397700,0.0,0.0
2025-12-03 00:00:00,10.785398912091686,10.927936856420908,10.775896140807298,10.87092113494873,666000,0.0,0.0
2025-12-04 00:00:00,10.889927864074707,10.975451002484428,10.861420453349549,10.889927864074707,384000,0.0,0.0
2025-12-05 00:00:00,10.908931313852133,10.96594703532431,10.87092113494873,10.87092113494873,200300,0.0,0.0
2025-12-08 00:00:00,10.870922497650017,10.880425270125604,10.823410447740605,10.861420631408691,143300,0.0,0.0
2025-12-09 00:00:00,10.899433093946408,10.9089349621744,10.804407161790895,10.851920127868652,286700,0.0,0.0
2025-12-10 00:00:00,10.832912624411758,10.86142094265546,10.78540057314083,10.804405212402344,268100,0.0,0.0
2025-12-11 00:00:00,10.851920127868652,10.899433093946408,10.832914578943768,10.851920127868652,191900,0.0,0.0
2025-12-12 00:00:00,10.842415213678994,10.842415213678994,10.785400390625,10.785400390625,248900,0.0,0.0
2025-12-15 00:00:00,10.842414802739741,10.86142034719359,10.76639443739282,10.794901847839355,285300,0.0,0.0
2025-12-16 00:00:00,10.813907570858285,10.832912209391711,10.737887204256076,10.76639461517334,339900,0.0,0.0
2025-12-17 00:00:00,10.78540015994102,10.794902026090606,10.747389976639914,10.76639461517334,376800,0.0,0.0
2025-12-18 00:00:00,10.78539998184667,10.842414802739741,10.76639443739282,10.794901847839355,369300,0.0,0.0
2025-12-19 00:00:00,10.84241617216983,10.870923586216938,10.785401344075613,10.832913398742676,365900,0.0,0.0
2025-12-22 00:00:00,10.878758203841398,10.888308659848192,10.773694989950352,10.802349090576172,421400,0.058,0.0
2025-12-23 00:00:00,10.802350740147594,10.802350740147594,10.706838878546694,10.725940704345703,638400,0.0,0.0
2025-12-24 00:00:00,10.73548921025926,10.764143307620614,10.706836023766282,10.754591941833496,370700,0.0,0.0
2025-12-26 00:00:00,10.745042753440435,10.773695945739746,10.7068381934185,10.773695945739746,661000,0.0,0.0
2025-12-29 00:00:00,10.754593533351347,10.764144900551925,10.687734873815822,10.735490798950195,650400,0.0,0.0
2025-12-30 00:00:00,10.71638861043567,10.83100228033351,10.71638861043567,10.802349090576172,489800,0.0,0.0
2025-12-31 00:00:00,10.859655790660915,10.859655790660915,10.745042117379752,10.792798042297363,1013900,0.0,0.0
2026-01-02 00:00:00,10.840554237365723,10.859656061287689,10.792798311258016,10.840554237365723,166400,0.0,0.0
2026-01-05 00:00:00,10.77369557646752,10.869207428682936,10.77369557646752,10.840554237365723,198000,0.0,0.0
2026-01-06 00:00:00,10.86920733596578,10.907411894352347,10.840554144892987,10.897860527038574,208400,0.0,0.0
2026-01-07 00:00:00,10.926513622708429,10.983820915222168,10.897860431885816,10.983820915222168,178800,0.0,0.0
2026-01-08 00:00:00,11.02202483426458,11.031576200941208,10.955167089265109,11.002923011779785,218500,0.0,0.0
2026-01-09 00:00:00,11.041127795059525,11.07933235168457,11.012473694439384,11.07933235168457,181500,0.0,0.0
2026-01-12 00:00:00,11.088882807689473,11.107985541436234,11.050678251064427,11.07933235168457,118100,0.0,0.0
2026-01-13 00:00:00,11.117538089733133,11.12708854675293,11.088883986068016,11.12708854675293,203300,0.0,0.0
2026-01-14 00:00:00,11.127088812109129,11.193947478053593,11.107986986745424,11.174844741821289,223000,0.0,0.0
2026-01-15 00:00:00,11.203497662946319,11.203497662946319,11.11753808459641,11.155742645263672,207700,0.0,0.0
2026-01-16 00:00:00,11.146191277379712,11.203497662946319,11.11753808459641,11.155742645263672,129900,0.0,0.0
2026-01-20 00:00:00,11.134624141636731,11.17301935941834,11.086629890556171,11.144222259521484,262900,0.058,0.0
2026-01-21 00:00:00,11.115427302936267,11.16342155931865,11.048235893249512,11.048235893249512,192300,0.0,0.0
2026-01-22 00:00:00,11.05783487237284,11.115427247412573,10.990642547607422,10.990642547607422,209700,0.0,0.0
2026-01-23 00:00:00,11.01943808149226,11.01943808149226,10.961845709868706,10.981042861938477,214500,0.0,0.0
2026-01-26 00:00:00,11.029038057585977,11.048236126710325,10.90425335452067,10.92345142364502,264200,0.0,0.0
2026-01-27 00:00:00,10.94264776767718,11.134624783058458,10.894654429246113,11.125025749206543,338500,0.0,0.0
2026-01-28 00:00:00,11.153822303408827,11.21141559300656,11.105828047979763,11.20181655883789,269200,0.0,0.0
2026-01-29 00:00:00,11.211415887549329,11.221014006555874,11.086631186321172,11.163421630859375,341400,0.0,0.0
2026-01-30 00:00:00,11.153822321026375,11.269007984989496,11.153822321026375,11.259408950805664,245700,0.0,0.0
2026-02-02 00:00:00,11.288206053357158,11.297805087540988,11.211415610715077,11.259408950805664,296700,0.0,0.0
2026-02-03 00:00:00,11.297806398244377,11.317003553424895,11.259410257054565,11.307404518127441,506600,0.0,0.0
2026-02-04 00:00:00,11.326602227581317,11.355398417141139,11.230613708496094,11.230613708496094,276400,0.0,0.0
2026-02-05 00:00:00,11.259409898055916,11.26900893304731,11.2210146735047,11.230613708496094,180700,0.0,0.0
2026-02-06 00:00:00,11.257623119088002,11.257623119088002,11.151510465274313,11.228683471679688,301100,0.058,0.0
2026-02-09 00:00:00,11.267271079785164,11.305857586771761,11.199744002577447,11.286563873291016,178100,0.0,0.0
2026-02-10 00:00:00,11.36373648243102,11.392677051621131,11.286563471207113,11.315503120422363,182900,0.0,0.0
2026-02-11 00:00:00,11.344444165617245,11.363736959245303,11.247977437552258,11.30585765838623,211600,0.0,0.0
2026-02-12 00:00:00,11.305857586771761,11.305857586771761,11.238330509564046,11.286563873291016,227500,0.0,0.0
2026-02-13 00:00:00,11.28656431469822,11.296211171815871,11.257624663320192,11.276917457580566,229500,0.0,0.0
2026-02-17 00:00:00,11.296210730031389,11.305857586771761,11.257624223044791,11.286563873291016,127200,0.0,0.0
2026-02-18 00:00:00,11.334797237017986,11.334797237017986,11.257624223044791,11.286563873291016,204000,0.0,0.0
2026-02-19 00:00:00,11.305857184000521,11.315503120422363,11.267270678388568,11.315503120422363,151000,0.0,0.0
2026-02-20 00:00:00,11.373382896264603,11.373382896264603,11.286563032022345,11.325149536132812,235300,0.0,0.0
2026-02-23 00:00:00,11.363736665481593,11.373383522033691,11.26727085988524,11.373383522033691,258600,0.0,0.0
2026-02-24 00:00:00,11.402322880433362,11.518082396176737,11.344443582549099,11.440909385681152,703000,0.0,0.0
2026-02-25 00:00:00,11.440909161633227,11.440909161633227,11.334796504273521,11.363736152648926,385400,0.0,0.0
2026-02-26 00:00:00,11.354090618434055,11.373383411375665,11.267270750259643,11.334796905517578,594400,0.0,0.0
2026-02-27 00:00:00,11.305856642273838,11.450555801391602,11.2865629304049,11.450555801391602,534100,0.0,0.0
2026-03-02 00:00:00,11.41196969798735,11.431263410533157,11.334796687753823,11.421616554260254,358100,0.0,0.0
2026-03-03 00:00:00,11.402323133260866,11.402323133260866,11.3251501210541,11.354090690612793,338100,0.0,0.0
2026-03-04 00:00:00,11.354090546009179,11.383030195224427,11.286563471207113,11.315503120422363,571800,0.0,0.0
2026-03-05 00:00:00,11.276915435291786,11.305856001454833,11.228682998302903,11.23832893371582,239600,0.0,0.0
2026-03-06 00:00:00,11.180449641339257,11.23832893371582,11.170802785951574,11.23832893371582,291000,0.0,0.0
2026-03-09 00:00:00,11.199743231630936,11.23832973596139,11.13221707904635,11.180450439453125,369700,0.0,0.0
2026-03-10 00:00:00,11.209390087707257,11.2286837998599,11.170803583376804,11.180450439453125,356800,0.0,0.0
2026-03-11 00:00:00,11.180451618275939,11.190098475369387,11.055045235985903,11.093631744384766,384200,0.0,0.0
2026-03-12 00:00:00,11.074336297202725,11.103276863954232,10.987517356872559,10.987517356872559,359300,0.0,0.0
2026-03-13 00:00:00,10.956490320751676,11.014665856747419,10.956490320751676,11.00497055053711,328500,0.058,0.0
2026-03-16 00:00:00,11.014665856747419,11.043754549428762,10.995274319643329,11.00497055053711,323800,0.0,0.0
2026-03-17 00:00:00,11.014667262371495,11.034059726633805,10.975883258530466,10.985579490661621,361300,0.0,0.0
2026-03-18 00:00:00,10.995274319643329,11.014665856747419,10.995274319643329,11.00497055053711,237000,0.0,0.0
2026-03-19 00:00:00,10.99527569943119,11.004971931541743,10.917707691913941,10.946795463562012,442300,0.0,0.0
2026-03-20 00:00:00,10.937099160738933,10.956491624834658,10.791659378755313,10.830443382263184,317600,0.0,0.0
2026-03-23 00:00:00,10.84983441674199,10.859530648338607,10.811050415039062,10.811050415039062,338800,0.0,0.0
2026-03-24 00:00:00,10.791658005829618,10.81104954277475,10.578345551332365,10.607433319091797,767400,0.0,0.0
2026-03-25 00:00:00,10.63652281938313,10.781962593909968,10.63652281938313,10.733482360839844,360400,0.0,0.0
2026-03-26 00:00:00,10.685003226701143,10.71409099714416,10.617130529422708,10.646218299865723,374100,0.0,0.0
2026-03-27 00:00:00,10.597739670777907,10.714091684700183,10.539563201474964,10.578347206115723,406900,0.0,0.0
2026-03-30 00:00:00,10.61713071015472,10.646218481092887,10.510474933592398,10.520171165466309,672200,0.0,0.0
2026-03-31 00:00:00,10.597738990688548,10.762571231004884,10.549258756827822,10.646218299865723,729900,0.0,0.0
2026-04-01 00:00:00,10.704395317138271,10.830443561799246,10.65591508077888,10.743179321289062,778600,0.0,0.0
2026-04-02 00:00:00,10.685003052453254,10.7916588254607,10.646218126250327,10.733482360839844,598600,0.0,0.0
2026-04-06 00:00:00,10.723788446359443,10.733483754485487,10.626827967629755,10.636524200439453,432200,0.0,0.0
2026-04-07 00:00:00,10.626827826097259,10.81105162360971,10.607435360736135,10.801356315612793,484200,0.0,0.0
2026-04-08 00:00:00,10.908011306802704,11.101931322875815,10.908011306802704,11.072843551635742,574600,0.0,0.0
2026-04-09 00:00:00,11.13101816270393,11.179498393836413,11.072842625091747,11.111626625061035,569300,0.0,0.0
2026-04-10 00:00:00,11.160107790039536,11.198891793254159,11.072843551635742,11.072843551635742,397400,0.0,0.0
2026-04-13 00:00:00,11.072843098511362,11.169803564921876,11.024362865306104,11.13101863861084,615300,0.0,0.0
2026-04-14 00:00:00,11.179500353745816,11.237676826240577,11.131020114114126,11.189196586608887,471400,0.0,0.0
2026-04-15 00:00:00,11.216481595435347,11.23597108849141,11.177501679968726,11.226226806640625,408400,0.058,0.0
2026-04-16 00:00:00,11.255461122924245,11.255461122924245,11.21648120880127,11.21648120880127,233800,0.0,0.0
2026-04-17 00:00:00,11.245716094970703,11.294441220755571,11.235970883942834,11.245716094970703,306500,0.0,0.0
2026-04-20 00:00:00,11.284695826177863,11.284695826177863,11.177501294678294,11.21648120880127,238400,0.0,0.0
2026-04-21 00:00:00,11.255461119717767,11.255461119717767,11.167756080627441,11.167756080627441,303200,0.0,0.0
2026-04-22 00:00:00,11.206737134086863,11.206737134086863,11.070306956147732,11.148266792297363,302900,0.0,0.0
2026-04-23 00:00:00,11.167756465749068,11.187245958799872,11.109286127887673,11.128776550292969,233200,0.0,0.0
2026-04-24 00:00:00,11.11903208607989,11.167757216012047,11.070306956147732,11.148266792297363,223700,0.0,0.0
2026-04-27 00:00:00,11.158011436462402,11.177501859185462,11.109286309009258,11.158011436462402,287900,0.0,0.0
2026-04-28 00:00:00,11.158011253020678,11.158011253020678,11.050816717869687,11.08005142211914,247100,0.0,0.0
2026-04-29 00:00:00,11.080051053188196,11.080051053188196,10.963111310729616,10.972856521606445,336500,0.0,0.0
2026-04-30 00:00:00,11.00209158969989,11.089796631790646,10.99234637849992,11.031326293945312,413200,0.0,0.0
2026-05-01 00:00:00,11.070305636794947,11.070305636794947,10.963111107203225,10.992345809936523,438000,0.0,0.0
2026-05-04 00:00:00,10.963111876813205,10.98260229957326,10.894897255862032,10.914386749267578,573500,0.0,0.0
2026-05-05 00:00:00,10.943621433281278,11.158011436462402,10.924131939912725,11.158011436462402,413100,0.0,0.0
2026-05-06 00:00:00,11.226226806640625,11.255461510901968,11.167756468763448,11.226226806640625,732000,0.0,0.0
2026-05-07 00:00:00,11.274951003958032,11.274951003958032,11.187245961819512,11.226226806640625,274100,0.0,0.0
2026-05-08 00:00:00,11.26520651702644,11.274950798699834,11.216481391241572,11.245716094970703,251400,0.0,0.0
2026-05-11 00:00:00,11.255461122924245,11.265206333793605,11.206735997931911,11.21648120880127,252000,0.0,0.0
2026-05-12 00:00:00,11.17750242786939,11.17750242786939,11.11903208607989,11.148266792297363,389600,0.0,0.0
2026-05-13 00:00:00,11.138521190444882,11.158010682496498,11.070305644878122,11.08979606628418,372100,0.0,0.0
2026-05-14 00:00:00,11.119031907101954,11.119031907101954,11.060562495608163,11.070306777954102,235000,0.0,0.0
2026-05-15 00:00:00,10.989987321136281,11.009576830150547,10.950807368984005,10.999781608581543,407100,0.058,0.0
2026-05-18 00:00:00,10.980191644275186,10.999781152477176,10.862651792692132,10.87244701385498,390800,0.0,0.0
2026-05-19 00:00:00,10.794087293154437,10.882241482721888,10.774496850501412,10.823472023010254,511100,0.0,0.0
2026-05-20 00:00:00,10.813677366848083,10.931217226538154,10.813677366848083,10.921422004699707,409400,0.0,0.0
2026-05-21 00:00:00,10.931216472584655,10.931216472584655,10.852856571529285,10.87244701385498,294900,0.0,0.0
2026-05-22 00:00:00,10.892037240491536,10.941012415412452,10.862652509188495,10.931217193603516,371300,0.0,0.0
2026-05-26 00:00:00,11.01937177233746,11.087936453334637,10.970396599857882,11.078142166137695,299500,0.0,0.0
2026-05-27 00:00:00,11.176092147827148,11.18588736964813,11.107527463327816,11.176092147827148,439400,0.0,0.0
2026-05-28 00:00:00,11.205476813274387,11.205476813274387,11.136912129178237,11.195682525634766,276500,0.0,0.0
2026-05-29 00:00:00,11.195683392522554,11.234863348486046,11.185888170000723,11.215272903442383,391400,0.0,0.0
2026-06-01 00:00:00,11.215272134048853,11.225067355898709,11.16629695892334,11.16629695892334,419700,0.0,0.0
2026-06-02 00:00:00,11.166296860344621,11.254451987967535,11.146707350941618,11.195682525634766,502100,0.0,0.0
2026-06-03 00:00:00,11.19568271029096,11.205476998092122,11.1369123128651,11.146707534790039,301300,0.0,0.0
2026-06-04 00:00:00,11.156502605478252,11.234862511567973,11.13691216189394,11.185887336730957,402600,0.0,0.0
2026-06-05 00:00:00,11.10752684391669,11.185886745867263,11.05855167166665,11.087936401367188,428400,0.0,0.0
2026-06-08 00:00:00,11.097730865916198,11.107526086523036,11.019370969308783,11.038961410522461,424900,0.0,0.0
2026-06-09 00:00:00,11.087937019685853,11.19568259146911,11.019372335186521,11.176092147827148,660000,0.0,0.0
2026-06-10 00:00:00,11.205476998092122,11.254452173593043,11.12711709094016,11.146707534790039,434700,0.0,0.0
2026-06-11 00:00:00,11.205476610584117,11.28383744914998,11.156502370900602,11.244656562805176,323300,0.0,0.0
2026-06-12 00:00:00,11.254452021028522,11.254452021028522,11.185887336730957,11.185887336730957,208200,0.0,0.0
2026-06-15 00:00:00,11.272522415929275,11.302057146760975,11.213452954265879,11.262677192687988,404000,0.058,0.0
2026-06-16 00:00:00,11.242987632751465,11.282367586641103,11.223297186360565,11.242987632751465,286800,0.0,0.0
2026-06-17 00:00:00,11.2626769520565,11.282367398118382,11.183917045593262,11.183917045593262,502900,0.0,0.0
2026-06-18 00:00:00,11.252832908338865,11.292212862411851,11.23314246185629,11.262677192687988,361200,0.0,0.0
2026-06-22 00:00:00,11.23314246185629,11.292212862411851,11.23314246185629,11.262677192687988,316500,0.0,0.0
2026-06-23 00:00:00,11.262678262097491,11.321748668261884,11.252833976813637,11.302058219909668,309100,0.0,0.0
2026-06-24 00:00:00,11.302057399610849,11.361127801487935,11.302057399610849,11.341438293457031,344200,0.0,0.0
2026-06-25 00:00:00,11.341439116614099,11.361128626074061,11.282368710449706,11.302058219909668,329600,0.0,0.0
2026-06-26 00:00:00,11.341438529007997,11.420198440551758,11.341438529007997,11.420198440551758,370300,0.0,0.0
2026-06-29 00:00:00,11.439888000488281,11.49895840385811,11.420198491959813,11.439888000488281,297100,0.0,0.0
2026-06-30 00:00:00,11.469422681097454,11.508802636869335,11.420198440551758,11.420198440551758,336800,0.0,0.0
2026-07-01 00:00:00,11.439887437695008,11.439887437695008,11.390662260457185,11.41035270690918,436800,0.0,0.0
2026-07-02 00:00:00,11.469422732727091,11.49895840385811,11.420198491959813,11.439888000488281,292500,0.0,0.0
2026-07-06 00:00:00,11.48911318014777,11.48911318014777,11.400508044539132,11.439888000488281,386300,0.0,0.0
2026-07-07 00:00:00,11.459577884147002,11.489112614932829,11.361127529671357,11.41035270690918,496100,0.0,0.0
2026-07-08 00:00:00,11.400507875240473,11.410353098804611,11.341438411640041,11.380818367004395,327500,0.0,0.0
2026-07-09 00:00:00,11.410353216885737,11.430042725325574,11.390662769553693,11.420198440551758,466700,0.0,0.0
2026-07-10 00:00:00,11.449732593413882,11.449732593413882,11.361127462686648,11.39066219329834,323000,0.0,0.0
2026-07-13 00:00:00,11.410353098804611,11.410353098804611,11.36112791987612,11.380818367004395,298100,0.0,0.0
2026-07-14 00:00:00,11.430041891581169,11.479267067428426,11.400507161629669,11.459577560424805,667500,0.0,0.0
2026-07-15 00:00:00,11.497175690990174,11.497175690990174,11.447704005695568,11.467493057250977,396500,0.058,0.0
2026-07-16 00:00:00,11.467493367275955,11.467493367275955,11.427916206689078,11.447704315185547,322100,0.0,0.0
2026-07-17 00:00:00,11.447704947501933,11.457599474093662,11.408127784729004,11.408127784729004,246100,0.0,0.0
2026-07-20 00:00:00,11.427915727717902,11.427915727717902,11.3883385687898,11.418021202087402,290700,0.0,0.0
2026-07-21 00:00:00,11.418021819905507,11.418021819905507,11.299290336696753,11.31907844543457,451600,0.0,0.0
2026-07-22 00:00:00,11.33886733894851,11.33886733894851,11.239923965863424,11.269607543945312,454200,0.0,0.0
2026-07-23 00:00:00,11.239924261543152,11.239924261543152,11.131087303161621,11.131087303161621,450300,0.0,0.0
2026-07-24 00:00:00,11.150876667352552,11.180559303450833,11.10140497812609,11.111298561096191,587600,0.0,0.0
2026-07-27 00:00:00,11.190453996393368,11.190453996393368,11.131087779720167,11.160770416259766,275900,0.0,0.0
2026-07-28 00:00:00,11.180559313865787,11.180559313865787,11.131087624593242,11.17066478729248,270700,0.0,0.0
2026-07-29 00:00:00,11.190452730242557,11.210240837832018,11.170663679059201,11.180558204650879,221300,0.0,0.0
2026-07-30 00:00:00,11.20034709998678,11.20034709998678,11.081615615317666,11.131087303161621,325000,0.0,0.0
2026-07-31 00:00:00,11.131087135095036,11.230030509289016,11.042038287039246,11.081615447998047,405800,0.0,0.0
2026-08-03 00:00:00,11.131086824054659,11.140981349916359,11.071720612478375,11.101404190063477,324400,0.0,0.0
2026-08-04 00:00:00,11.140981674194336,11.200346943904629,11.111298095745239,11.140981674194336,314100,0.0,0.0
2026-08-05 00:00:00,11.140982151166549,11.190453840439096,11.111298571446628,11.17066478729248,424500,0.0,0.0
2026-08-06 00:00:00,11.190452730242557,11.230029889015375,11.160769153467522,11.180558204650879,330500,0.0,0.0
2026-08-07 00:00:00,11.210241640274086,11.249818801879883,11.210241640274086,11.249818801879883,433400,0.0,0.0
2026-08-10 00:00:00,11.249819123059632,11.249819123059632,11.210241960323916,11.23003101348877,247600,0.0,0.0
2026-08-11 00:00:00,11.249819435257375,11.249819435257375,11.180559634446317,11.21024227142334,320400,0.0,0.0
2026-08-12 00:00:00,11.249819112690957,11.249819112690957,11.17066478729248,11.17066478729248,356800,0.0,0.0
2026-08-13 00:00:00,11.200347268694657,11.249818957283791,11.180559159415388,11.239924430847168,637200,0.0,0.0
2026-08-14 00:00:00,11.267770593708155,11.287661200183683,11.237935632431181,11.247880935668945,454800,0.058,0.0
2026-08-17 00:00:00,11.257825145927896,11.257825145927896,11.178264617919922,11.178264617919922,307200,0.0,0.0
2026-08-18 00:00:00,11.158374639964615,11.178264297177753,11.05892350859008,11.08875846862793,649500,0.0,0.0
2026-08-19 00:00:00,11.148429303954773,11.178264263903813,11.088758435620417,11.138484001159668,611100,0.0,0.0
2026-08-20 00:00:00,11.088758681925214,11.098703984941226,11.019143457685727,11.058923721313477,408200,0.0,0.0
2026-08-21 00:00:00,11.019143885051696,11.048978846820551,10.98930892328284,10.99925422668457,290600,0.0,0.0
2026-08-24 00:00:00,10.999253834171212,11.048978452532747,10.999253834171212,11.009198188781738,339600,0.0,0.0
2026-08-25 00:00:00,11.08875846862793,11.08875846862793,11.039033851376942,11.08875846862793,412500,0.0,0.0
2026-08-26 00:00:00,11.118595159947656,11.118595159947656,11.048978983709388,11.068869590759277,188900,0.0,0.0
2026-08-27 00:00:00,11.048978805541992,11.068869412271141,11.029089147249174,11.048978805541992,369800,0.0,0.0
2026-08-28 00:00:00,11.058923755579574,11.058923755579574,10.979363228077558,11.009198188781738,375100,0.0,0.0
2026-08-31 00:00:00,10.98930892328284,10.99925422668457,10.959473961513986,10.99925422668457,343500,0.0,0.0
2026-09-01 00:00:00,10.979363692488402,10.9992542994234,10.899803161621094,10.899803161621094,607700,0.0,0.0
2026-09-02 00:00:00,10.909748147233907,10.92963780515308,10.800351709151359,10.810297012329102,990400,0.0,0.0
2026-09-03 00:00:00,10.810296625278923,10.860022190950959,10.790406968071876,10.820241928100586,673000,0.0,0.0
2026-09-04 00:00:00,10.860022579781504,10.869967882959248,10.780462051232185,10.810297012329102,474100,0.0,0.0
2026-09-08 00:00:00,10.800351355689358,10.820241961393886,10.770516395568848,10.770516395568848,438900,0.0,0.0
2026-09-09 00:00:00,10.79040728458277,10.800351639259848,10.61139562228707,10.641230583190918,782900,0.0,0.0
2026-09-10 00:00:00,10.611395551401111,10.611395551401111,10.462219799442087,10.472164154052734,1083400,0.0,0.0
2026-09-11 00:00:00,10.511944562250932,10.611395697214393,10.482109601136418,10.541780471801758,637200,0.0,0.0
2026-09-14 00:00:00,10.541780118004544,10.551724472418092,10.402548723415764,10.501999855041504,881500,0.0,0.0
2026-09-15 00:00:00,10.489999771118164,10.539999961853027,10.319999694824219,10.319999694824219,2038400,0.058,0.0
2026-09-16 00:00:00,10.350000381469727,10.449999809265137,10.329999923706055,10.359999656677246,1086400,0.0,0.0
2026-09-17 00:00:00,10.40999984741211,10.5,10.399999618530273,10.5,866700,0.0,0.0
2026-09-18 00:00:00,10.4399995803833,10.5,10.319999694824219,10.350000381469727,730400,0.0,0.0
2026-09-21 00:00:00,10.390000343322754,10.399999618530273,10.329999923706055,10.350000381469727,864000,0.0,0.0
2026-09-22 00:00:00,10.369999885559082,10.479999542236328,10.359999656677246,10.430000305175781,1086400,0.0,0.0
2026-09-23 00:00:00,10.390000343322754,10.479999542236328,10.199999809265137,10.210000038146973,1310400,0.0,0.0
2026-09-24 00:00:00,10.210000038146973,10.210000038146973,10.100000381469727,10.149999618530273,1284200,0.0,0.0
2026-09-25 00:00:00,10.140000343322754,10.180000305175781,10.09000015258789,10.15999984741211,858300,0.0,0.0
