Timestamp,Open,High,Low,Close,AdjClose,Volume,AdjHigh,AdjLow,AdjOpen,AdjVolume,DivCash,SplitFactor
2016-10-07 00:00:00,7.6,7.61,7.4,7.4,7.4,402422,7.61,7.4,7.6,402422,0.0,1.0
2016-10-10 00:00:00,7.45,7.51,7.28,7.33,7.33,521880,7.51,7.28,7.45,521880,0.0,1.0
2016-10-11 00:00:00,7.3,7.31,7.09,7.12,7.12,326303,7.31,7.09,7.3,326303,0.0,1.0
2016-10-12 00:00:00,7.09,7.29,7.05,7.22,7.22,747591,7.29,7.05,7.09,747591,0.0,1.0
2016-10-13 00:00:00,7.15,7.28,7.14,7.19,7.19,347150,7.28,7.14,7.15,347150,0.0,1.0
2016-10-14 00:00:00,7.24,7.4,7.06,7.16,7.16,376473,7.4,7.06,7.24,376473,0.0,1.0
2016-10-17 00:00:00,7.2,7.25,7.05,7.15,7.15,488690,7.25,7.05,7.2,488690,0.0,1.0
2016-10-18 00:00:00,7.25,7.3,7.1,7.1,7.1,208426,7.3,7.1,7.25,208426,0.0,1.0
2016-10-19 00:00:00,7.2,7.55,7.2,7.35,7.35,349109,7.55,7.2,7.2,349109,0.0,1.0
2016-10-20 00:00:00,7.3,7.3,7.15,7.15,7.15,211099,7.3,7.15,7.3,211099,0.0,1.0
2016-10-21 00:00:00,7.1,7.5,7.1,7.2,7.2,354572,7.5,7.1,7.1,354572,0.0,1.0
2016-10-24 00:00:00,7.2,7.375,7.1,7.1,7.1,321449,7.375,7.1,7.2,321449,0.0,1.0
2016-10-25 00:00:00,7.1,7.2,6.95,7.0,7.0,454388,7.2,6.95,7.1,454388,0.0,1.0
2016-10-26 00:00:00,6.95,7.05,6.8,6.85,6.85,687067,7.05,6.8,6.95,687067,0.0,1.0
2016-10-27 00:00:00,7.0,7.0,6.75,6.8,6.8,490618,7.0,6.75,7.0,490618,0.0,1.0
2016-10-28 00:00:00,6.5,6.65,6.4,6.55,6.55,718834,6.65,6.4,6.5,718834,0.0,1.0
2016-10-31 00:00:00,6.55,6.6,6.3,6.3,6.3,491485,6.6,6.3,6.55,491485,0.0,1.0
2016-11-01 00:00:00,6.4,6.45,5.9,5.95,5.95,586778,6.45,5.9,6.4,586778,0.0,1.0
2016-11-02 00:00:00,5.85,6.0,5.8,5.9,5.9,397129,6.0,5.8,5.85,397129,0.0,1.0
2016-11-03 00:00:00,5.9,6.1,5.85,6.1,6.1,356529,6.1,5.85,5.9,356529,0.0,1.0
2016-11-04 00:00:00,6.1,6.2,5.95,6.15,6.15,467927,6.2,5.95,6.1,467927,0.0,1.0
2016-11-07 00:00:00,6.2,6.3,6.15,6.15,6.15,346155,6.3,6.15,6.2,346155,0.0,1.0
2016-11-08 00:00:00,6.1,6.25,6.0,6.2,6.2,236473,6.25,6.0,6.1,236473,0.0,1.0
2016-11-09 00:00:00,6.15,6.6,6.15,6.6,6.6,464425,6.6,6.15,6.15,464425,0.0,1.0
2016-11-10 00:00:00,6.6,6.875,6.4,6.7,6.7,491305,6.875,6.4,6.6,491305,0.0,1.0
2016-11-11 00:00:00,6.7,6.95,6.45,6.9,6.9,573867,6.95,6.45,6.7,573867,0.0,1.0
2016-11-14 00:00:00,6.95,7.2,6.75,7.1,7.1,448698,7.2,6.75,6.95,448698,0.0,1.0
2016-11-15 00:00:00,7.15,7.45,7.1,7.3,7.3,377462,7.45,7.1,7.15,377462,0.0,1.0
2016-11-16 00:00:00,7.35,7.55,7.15,7.25,7.25,502550,7.55,7.15,7.35,502550,0.0,1.0
2016-11-17 00:00:00,7.4,7.5,7.2,7.25,7.25,347561,7.5,7.2,7.4,347561,0.0,1.0
2016-11-18 00:00:00,7.35,7.375,7.0,7.2,7.2,490901,7.375,7.0,7.35,490901,0.0,1.0
2016-11-21 00:00:00,7.45,7.65,7.325,7.65,7.65,397970,7.65,7.325,7.45,397970,0.0,1.0
2016-11-22 00:00:00,7.65,7.75,7.5,7.7,7.7,459607,7.75,7.5,7.65,459607,0.0,1.0
2016-11-23 00:00:00,7.8,8.0,7.65,8.0,8.0,587086,8.0,7.65,7.8,587086,0.0,1.0
2016-11-25 00:00:00,7.85,7.875,7.7,7.8,7.8,159536,7.875,7.7,7.85,159536,0.0,1.0
2016-11-28 00:00:00,7.85,7.85,7.45,7.5,7.5,412692,7.85,7.45,7.85,412692,0.0,1.0
2016-11-29 00:00:00,6.75,6.8,6.25,6.55,6.55,4635304,6.8,6.25,6.75,4635304,0.0,1.0
2016-11-30 00:00:00,6.95,7.4,6.9,7.35,7.35,2975443,7.4,6.9,6.95,2975443,0.0,1.0
2016-12-01 00:00:00,7.35,7.45,7.1,7.45,7.45,1787544,7.45,7.1,7.35,1787544,0.0,1.0
2016-12-02 00:00:00,7.45,7.75,7.4,7.7,7.7,1186942,7.75,7.4,7.45,1186942,0.0,1.0
2016-12-05 00:00:00,7.75,7.85,7.6,7.75,7.75,1168370,7.85,7.6,7.75,1168370,0.0,1.0
2016-12-06 00:00:00,7.75,7.9,7.6,7.8,7.8,721614,7.9,7.6,7.75,721614,0.0,1.0
2016-12-07 00:00:00,7.7,7.85,7.65,7.8,7.8,1029985,7.85,7.65,7.7,1029985,0.0,1.0
2016-12-08 00:00:00,7.85,8.0,7.75,7.9,7.9,922649,8.0,7.75,7.85,922649,0.0,1.0
2016-12-09 00:00:00,8.0,8.0,7.55,7.7,7.7,955519,8.0,7.55,8.0,955519,0.0,1.0
2016-12-12 00:00:00,7.75,8.2,7.575,7.75,7.75,987624,8.2,7.575,7.75,987624,0.0,1.0
2016-12-13 00:00:00,7.8,7.95,7.6,7.9,7.9,1068077,7.95,7.6,7.8,1068077,0.0,1.0
2016-12-14 00:00:00,7.85,7.9,7.55,7.65,7.65,1192065,7.9,7.55,7.85,1192065,0.0,1.0
2016-12-15 00:00:00,7.55,7.9,7.5,7.85,7.85,1187313,7.9,7.5,7.55,1187313,0.0,1.0
2016-12-16 00:00:00,7.85,7.85,7.55,7.6,7.6,1713372,7.85,7.55,7.85,1713372,0.0,1.0
2016-12-19 00:00:00,7.65,7.7,7.35,7.55,7.55,443643,7.7,7.35,7.65,443643,0.0,1.0
2016-12-20 00:00:00,7.65,7.85,7.6,7.7,7.7,498485,7.85,7.6,7.65,498485,0.0,1.0
2016-12-21 00:00:00,7.75,7.8,7.55,7.75,7.75,349229,7.8,7.55,7.75,349229,0.0,1.0
2016-12-22 00:00:00,7.7,7.875,7.65,7.7,7.7,509415,7.875,7.65,7.7,509415,0.0,1.0
2016-12-23 00:00:00,7.65,7.95,7.6,7.85,7.85,352165,7.95,7.6,7.65,352165,0.0,1.0
2016-12-27 00:00:00,7.85,8.15,7.825,8.05,8.05,473124,8.15,7.825,7.85,473124,0.0,1.0
2016-12-28 00:00:00,8.05,8.15,7.7,7.7,7.7,489166,8.15,7.7,8.05,489166,0.0,1.0
2016-12-29 00:00:00,7.65,7.75,7.45,7.45,7.45,423403,7.75,7.45,7.65,423403,0.0,1.0
2016-12-30 00:00:00,7.45,7.6,7.3,7.5,7.5,612588,7.6,7.3,7.45,612588,0.0,1.0
2017-01-03 00:00:00,7.7,7.9,7.6,7.7,7.7,580336,7.9,7.6,7.7,580336,0.0,1.0
2017-01-04 00:00:00,7.75,8.4,7.7,8.35,8.35,1805091,8.4,7.7,7.75,1805091,0.0,1.0
2017-01-05 00:00:00,8.75,8.75,8.15,8.35,8.35,776075,8.75,8.15,8.75,776075,0.0,1.0
2017-01-06 00:00:00,8.35,8.75,8.3,8.45,8.45,670800,8.75,8.3,8.35,670800,0.0,1.0
2017-01-09 00:00:00,8.4,8.45,8.05,8.1,8.1,739860,8.45,8.05,8.4,739860,0.0,1.0
2017-01-10 00:00:00,8.1,8.35,7.9,8.05,8.05,1329181,8.35,7.9,8.1,1329181,0.0,1.0
2017-01-11 00:00:00,8.1,8.5,8.0,8.1,8.1,817986,8.5,8.0,8.1,817986,0.0,1.0
2017-01-12 00:00:00,8.15,8.2,7.65,7.95,7.95,919252,8.2,7.65,8.15,919252,0.0,1.0
2017-01-13 00:00:00,7.85,8.05,7.7,7.9,7.9,642373,8.05,7.7,7.85,642373,0.0,1.0
2017-01-17 00:00:00,7.85,7.95,7.75,7.8,7.8,773342,7.95,7.75,7.85,773342,0.0,1.0
2017-01-18 00:00:00,7.75,7.9,7.55,7.6,7.6,688318,7.9,7.55,7.75,688318,0.0,1.0
2017-01-19 00:00:00,7.6,7.725,7.4,7.65,7.65,883788,7.725,7.4,7.6,883788,0.0,1.0
2017-01-20 00:00:00,7.65,7.8,7.6,7.7,7.7,354822,7.8,7.6,7.65,354822,0.0,1.0
2017-01-23 00:00:00,7.65,7.8,7.5,7.6,7.6,361859,7.8,7.5,7.65,361859,0.0,1.0
2017-01-24 00:00:00,7.7,7.925,7.55,7.85,7.85,515429,7.925,7.55,7.7,515429,0.0,1.0
2017-01-25 00:00:00,7.85,8.1,7.8,8.05,8.05,497070,8.1,7.8,7.85,497070,0.0,1.0
2017-01-26 00:00:00,8.1,8.2,7.9,7.95,7.95,400885,8.2,7.9,8.1,400885,0.0,1.0
2017-01-27 00:00:00,7.85,7.9,7.7,7.85,7.85,202401,7.9,7.7,7.85,202401,0.0,1.0
2017-01-30 00:00:00,7.75,7.75,7.5,7.65,7.65,542582,7.75,7.5,7.75,542582,0.0,1.0
2017-01-31 00:00:00,7.65,7.7,7.45,7.55,7.55,642687,7.7,7.45,7.65,642687,0.0,1.0
2017-02-01 00:00:00,7.65,7.75,7.3,7.4,7.4,472836,7.75,7.3,7.65,472836,0.0,1.0
2017-02-02 00:00:00,7.45,7.5,7.25,7.4,7.4,421665,7.5,7.25,7.45,421665,0.0,1.0
2017-02-03 00:00:00,7.45,7.75,7.4,7.7,7.7,405536,7.75,7.4,7.45,405536,0.0,1.0
2017-02-06 00:00:00,7.7,7.75,7.5,7.65,7.65,316507,7.75,7.5,7.7,316507,0.0,1.0
2017-02-07 00:00:00,7.6,7.75,7.5,7.6,7.6,318663,7.75,7.5,7.6,318663,0.0,1.0
2017-02-08 00:00:00,7.6,7.75,7.45,7.7,7.7,494513,7.75,7.45,7.6,494513,0.0,1.0
2017-02-09 00:00:00,7.75,8.15,7.7,8.15,8.15,810709,8.15,7.7,7.75,810709,0.0,1.0
2017-02-10 00:00:00,8.0,8.4,7.75,8.15,8.15,786495,8.4,7.75,8.0,786495,0.0,1.0
2017-02-13 00:00:00,8.2,8.3,7.6,7.7,7.7,730742,8.3,7.6,8.2,730742,0.0,1.0
2017-02-14 00:00:00,7.85,8.25,7.65,8.25,8.25,812696,8.25,7.65,7.85,812696,0.0,1.0
2017-02-15 00:00:00,8.2,8.25,8.0,8.1,8.1,454066,8.25,8.0,8.2,454066,0.0,1.0
2017-02-16 00:00:00,8.15,8.15,7.6,7.6,7.6,511997,8.15,7.6,8.15,511997,0.0,1.0
2017-02-17 00:00:00,7.6,7.7,7.4,7.5,7.5,676747,7.7,7.4,7.6,676747,0.0,1.0
2017-02-21 00:00:00,7.65,8.2,7.6,8.15,8.15,896627,8.2,7.6,7.65,896627,0.0,1.0
2017-02-22 00:00:00,8.0,8.15,7.7,7.85,7.85,578399,8.15,7.7,8.0,578399,0.0,1.0
2017-02-23 00:00:00,7.95,8.07,7.8,7.9,7.9,892396,8.07,7.8,7.95,892396,0.0,1.0
2017-02-24 00:00:00,7.85,7.9,7.4,7.5,7.5,624406,7.9,7.4,7.85,624406,0.0,1.0
2017-02-27 00:00:00,7.45,8.0,7.45,7.9,7.9,656557,8.0,7.45,7.45,656557,0.0,1.0
2017-02-28 00:00:00,7.9,7.95,7.65,7.7,7.7,870227,7.95,7.65,7.9,870227,0.0,1.0
2017-03-01 00:00:00,7.8,8.15,7.75,8.0,8.0,590015,8.15,7.75,7.8,590015,0.0,1.0
2017-03-02 00:00:00,7.85,8.0,7.55,7.6,7.6,605409,8.0,7.55,7.85,605409,0.0,1.0
2017-03-03 00:00:00,7.6,7.75,7.4,7.5,7.5,692294,7.75,7.4,7.6,692294,0.0,1.0
2017-03-06 00:00:00,7.5,7.6,7.25,7.5,7.5,484783,7.6,7.25,7.5,484783,0.0,1.0
2017-03-07 00:00:00,7.55,7.65,7.15,7.2,7.2,484307,7.65,7.15,7.55,484307,0.0,1.0
2017-03-08 00:00:00,7.25,7.3,6.9,6.9,6.9,983149,7.3,6.9,7.25,983149,0.0,1.0
2017-03-09 00:00:00,6.9,7.0,6.65,6.85,6.85,810962,7.0,6.65,6.9,810962,0.0,1.0
2017-03-10 00:00:00,6.9,7.0,6.6,6.75,6.75,496057,7.0,6.6,6.9,496057,0.0,1.0
2017-03-13 00:00:00,6.75,6.9,6.65,6.75,6.75,450328,6.9,6.65,6.75,450328,0.0,1.0
2017-03-14 00:00:00,6.6,6.8,6.4,6.75,6.75,619101,6.8,6.4,6.6,619101,0.0,1.0
2017-03-15 00:00:00,6.85,7.3,6.75,7.25,7.25,1110821,7.3,6.75,6.85,1110821,0.0,1.0
2017-03-16 00:00:00,7.35,7.38,7.05,7.3,7.3,755269,7.38,7.05,7.35,755269,0.0,1.0
2017-03-17 00:00:00,7.35,7.65,7.25,7.6,7.6,2397678,7.65,7.25,7.35,2397678,0.0,1.0
2017-03-20 00:00:00,7.5,7.6,7.18,7.3,7.3,1559137,7.6,7.18,7.5,1559137,0.0,1.0
2017-03-21 00:00:00,7.3,7.55,7.15,7.3,7.3,1114930,7.55,7.15,7.3,1114930,0.0,1.0
2017-03-22 00:00:00,7.2,7.35,7.03,7.25,7.25,680648,7.35,7.03,7.2,680648,0.0,1.0
2017-03-23 00:00:00,7.2,7.7,7.0,7.65,7.65,1103368,7.7,7.0,7.2,1103368,0.0,1.0
2017-03-24 00:00:00,7.65,7.7,7.5,7.6,7.6,1512617,7.7,7.5,7.65,1512617,0.0,1.0
2017-03-27 00:00:00,7.4,7.55,7.28,7.5,7.5,797023,7.55,7.28,7.4,797023,0.0,1.0
2017-03-28 00:00:00,7.5,7.85,7.4,7.8,7.8,613371,7.85,7.4,7.5,613371,0.0,1.0
2017-03-29 00:00:00,7.75,8.05,7.65,7.9,7.9,584670,8.05,7.65,7.75,584670,0.0,1.0
2017-03-30 00:00:00,8.05,8.07,7.85,8.0,8.0,955000,8.07,7.85,8.05,955000,0.0,1.0
2017-03-31 00:00:00,8.05,8.2,8.0,8.1,8.1,784527,8.2,8.0,8.05,784527,0.0,1.0
2017-04-03 00:00:00,8.15,8.2,7.8,7.9,7.9,720638,8.2,7.8,8.15,720638,0.0,1.0
2017-04-04 00:00:00,7.9,8.2,7.85,8.0,8.0,1020218,8.2,7.85,7.9,1020218,0.0,1.0
2017-04-05 00:00:00,8.2,8.28,7.95,7.95,7.95,1136024,8.28,7.95,8.2,1136024,0.0,1.0
2017-04-06 00:00:00,8.05,8.15,7.88,8.15,8.15,689350,8.15,7.88,8.05,689350,0.0,1.0
2017-04-07 00:00:00,8.1,8.15,7.9,8.05,8.05,559748,8.15,7.9,8.1,559748,0.0,1.0
2017-04-10 00:00:00,8.15,8.28,8.03,8.2,8.2,1138514,8.28,8.03,8.15,1138514,0.0,1.0
2017-04-11 00:00:00,8.2,8.25,8.05,8.25,8.25,530214,8.25,8.05,8.2,530214,0.0,1.0
2017-04-12 00:00:00,8.2,8.25,7.95,8.1,8.1,766794,8.25,7.95,8.2,766794,0.0,1.0
2017-04-13 00:00:00,8.1,8.2,7.83,7.95,7.95,761882,8.2,7.83,8.1,761882,0.0,1.0
2017-04-17 00:00:00,7.9,8.1,7.85,8.1,8.1,539663,8.1,7.85,7.9,539663,0.0,1.0
2017-04-18 00:00:00,8.05,8.15,7.83,8.0,8.0,784190,8.15,7.83,8.05,784190,0.0,1.0
2017-04-19 00:00:00,8.05,8.15,7.75,7.75,7.75,709824,8.15,7.75,8.05,709824,0.0,1.0
2017-04-20 00:00:00,7.8,7.95,7.7,7.9,7.9,812299,7.95,7.7,7.8,812299,0.0,1.0
2017-04-21 00:00:00,7.85,7.9,7.6,7.7,7.7,828881,7.9,7.6,7.85,828881,0.0,1.0
2017-04-24 00:00:00,7.85,7.9,7.65,7.7,7.7,715331,7.9,7.65,7.85,715331,0.0,1.0
2017-04-25 00:00:00,7.75,7.95,7.65,7.85,7.85,449508,7.95,7.65,7.75,449508,0.0,1.0
2017-04-26 00:00:00,7.8,8.2,7.7,8.0,8.0,1002175,8.2,7.7,7.8,1002175,0.0,1.0
2017-04-27 00:00:00,7.9,8.0,7.6,7.9,7.9,1251658,8.0,7.6,7.9,1251658,0.0,1.0
2017-04-28 00:00:00,7.85,7.9,7.35,7.65,7.65,2140162,7.9,7.35,7.85,2140162,0.0,1.0
2017-05-01 00:00:00,7.7,7.7,7.55,7.65,7.65,840144,7.7,7.55,7.7,840144,0.0,1.0
2017-05-02 00:00:00,7.7,7.83,7.55,7.75,7.75,1270008,7.83,7.55,7.7,1270008,0.0,1.0
2017-05-03 00:00:00,7.75,7.75,7.38,7.6,7.6,1041040,7.75,7.38,7.75,1041040,0.0,1.0
2017-05-04 00:00:00,7.55,7.6,7.3,7.3,7.3,967360,7.6,7.3,7.55,967360,0.0,1.0
2017-05-05 00:00:00,7.3,7.75,7.2,7.6,7.6,1121182,7.75,7.2,7.3,1121182,0.0,1.0
2017-05-08 00:00:00,7.6,7.75,7.55,7.6,7.6,653826,7.75,7.55,7.6,653826,0.0,1.0
2017-05-09 00:00:00,7.65,7.65,7.45,7.5,7.5,356431,7.65,7.45,7.65,356431,0.0,1.0
2017-05-10 00:00:00,7.55,7.95,7.55,7.85,7.85,512459,7.95,7.55,7.55,512459,0.0,1.0
2017-05-11 00:00:00,7.95,8.0,7.7,7.85,7.85,397195,8.0,7.7,7.95,397195,0.0,1.0
2017-05-12 00:00:00,7.85,8.0,7.75,7.95,7.95,666730,8.0,7.75,7.85,666730,0.0,1.0
2017-05-15 00:00:00,8.0,8.15,7.85,7.85,7.85,552294,8.15,7.85,8.0,552294,0.0,1.0
2017-05-16 00:00:00,7.9,8.2,7.85,8.2,8.2,729003,8.2,7.85,7.9,729003,0.0,1.0
2017-05-17 00:00:00,8.2,8.2,7.8,7.8,7.8,610147,8.2,7.8,8.2,610147,0.0,1.0
2017-05-18 00:00:00,7.8,7.95,7.7,7.8,7.8,752504,7.95,7.7,7.8,752504,0.0,1.0
2017-05-19 00:00:00,7.85,8.1,7.75,8.0,8.0,1156282,8.1,7.75,7.85,1156282,0.0,1.0
2017-05-22 00:00:00,8.1,8.15,7.98,8.05,8.05,586249,8.15,7.98,8.1,586249,0.0,1.0
2017-05-23 00:00:00,8.0,8.03,7.85,7.9,7.9,475084,8.03,7.85,8.0,475084,0.0,1.0
2017-05-24 00:00:00,7.9,8.0,7.65,7.75,7.75,405121,8.0,7.65,7.9,405121,0.0,1.0
2017-05-25 00:00:00,7.75,7.95,7.5,7.55,7.55,699800,7.95,7.5,7.75,699800,0.0,1.0
2017-05-26 00:00:00,7.55,7.78,7.5,7.7,7.7,396842,7.78,7.5,7.55,396842,0.0,1.0
2017-05-30 00:00:00,7.55,7.65,7.45,7.5,7.5,430117,7.65,7.45,7.55,430117,0.0,1.0
2017-05-31 00:00:00,7.45,7.55,7.33,7.4,7.4,717034,7.55,7.33,7.45,717034,0.0,1.0
2017-06-01 00:00:00,7.45,7.65,7.3,7.55,7.55,701621,7.65,7.3,7.45,701621,0.0,1.0
2017-06-02 00:00:00,7.5,7.6,7.25,7.25,7.25,843606,7.6,7.25,7.5,843606,0.0,1.0
2017-06-05 00:00:00,7.25,7.5,7.25,7.45,7.45,450422,7.5,7.25,7.25,450422,0.0,1.0
2017-06-06 00:00:00,7.4,7.55,7.15,7.4,7.4,368120,7.55,7.15,7.4,368120,0.0,1.0
2017-06-07 00:00:00,7.35,7.5,7.0,7.1,7.1,1218438,7.5,7.0,7.35,1218438,0.0,1.0
2017-06-08 00:00:00,7.05,7.35,7.03,7.25,7.25,588377,7.35,7.03,7.05,588377,0.0,1.0
2017-06-09 00:00:00,7.2,7.9,7.2,7.8,7.8,969509,7.9,7.2,7.2,969509,0.0,1.0
2017-06-12 00:00:00,7.85,8.1,7.65,7.7,7.7,821017,8.1,7.65,7.85,821017,0.0,1.0
2017-06-13 00:00:00,7.75,7.95,7.7,7.85,7.85,437575,7.95,7.7,7.75,437575,0.0,1.0
2017-06-14 00:00:00,7.75,7.75,7.4,7.55,7.55,772888,7.75,7.4,7.75,772888,0.0,1.0
2017-06-15 00:00:00,7.35,7.53,7.2,7.25,7.25,480650,7.53,7.2,7.35,480650,0.0,1.0
2017-06-16 00:00:00,7.1,7.35,7.05,7.3,7.3,1135376,7.35,7.05,7.1,1135376,0.0,1.0
2017-06-19 00:00:00,7.35,7.48,7.25,7.4,7.4,502907,7.48,7.25,7.35,502907,0.0,1.0
2017-06-20 00:00:00,7.25,7.3,7.0,7.05,7.05,548391,7.3,7.0,7.25,548391,0.0,1.0
2017-06-21 00:00:00,7.05,7.14,6.65,6.7,6.7,954122,7.14,6.65,7.05,954122,0.0,1.0
2017-06-22 00:00:00,6.7,6.8,6.58,6.65,6.65,3383122,6.8,6.58,6.7,3383122,0.0,1.0
2017-06-23 00:00:00,6.65,6.75,6.6,6.65,6.65,1024542,6.75,6.6,6.65,1024542,0.0,1.0
2017-06-26 00:00:00,6.65,6.9,6.6,6.8,6.8,630512,6.9,6.6,6.65,630512,0.0,1.0
2017-06-27 00:00:00,6.9,7.0,6.78,6.85,6.85,1082330,7.0,6.78,6.9,1082330,0.0,1.0
2017-06-28 00:00:00,6.85,7.1,6.8,7.05,7.05,714493,7.1,6.8,6.85,714493,0.0,1.0
2017-06-29 00:00:00,7.25,7.63,7.1,7.55,7.55,1401585,7.63,7.1,7.25,1401585,0.0,1.0
2017-06-30 00:00:00,7.6,7.65,7.25,7.35,7.35,964184,7.65,7.25,7.6,964184,0.0,1.0
2017-07-03 00:00:00,7.45,7.65,7.4,7.55,7.55,420951,7.65,7.4,7.45,420951,0.0,1.0
2017-07-05 00:00:00,7.5,7.55,7.15,7.25,7.25,592991,7.55,7.15,7.5,592991,0.0,1.0
2017-07-06 00:00:00,7.3,7.4,6.975,7.0,7.0,486095,7.4,6.975,7.3,486095,0.0,1.0
2017-07-07 00:00:00,7.0,7.15,6.9,7.1,7.1,547673,7.15,6.9,7.0,547673,0.0,1.0
2017-07-10 00:00:00,7.05,7.35,7.0,7.35,7.35,486538,7.35,7.0,7.05,486538,0.0,1.0
2017-07-11 00:00:00,7.35,7.4,7.15,7.4,7.4,502506,7.4,7.15,7.35,502506,0.0,1.0
2017-07-12 00:00:00,7.5,7.6,7.2,7.25,7.25,469631,7.6,7.2,7.5,469631,0.0,1.0
2017-07-13 00:00:00,7.25,7.4,7.15,7.35,7.35,624420,7.4,7.15,7.25,624420,0.0,1.0
2017-07-14 00:00:00,7.3,7.48,7.3,7.45,7.45,517293,7.48,7.3,7.3,517293,0.0,1.0
2017-07-17 00:00:00,7.4,7.6,7.35,7.45,7.45,441258,7.6,7.35,7.4,441258,0.0,1.0
2017-07-18 00:00:00,7.5,7.5,7.3,7.4,7.4,500033,7.5,7.3,7.5,500033,0.0,1.0
2017-07-19 00:00:00,7.45,7.7,7.4,7.7,7.7,615093,7.7,7.4,7.45,615093,0.0,1.0
2017-07-20 00:00:00,7.75,7.85,7.6,7.7,7.7,747773,7.85,7.6,7.75,747773,0.0,1.0
2017-07-21 00:00:00,7.75,7.8,7.25,7.35,7.35,595290,7.8,7.25,7.75,595290,0.0,1.0
2017-07-24 00:00:00,7.35,7.35,7.2,7.25,7.25,520981,7.35,7.2,7.35,520981,0.0,1.0
2017-07-25 00:00:00,7.4,7.5,7.3,7.35,7.35,484198,7.5,7.3,7.4,484198,0.0,1.0
2017-07-26 00:00:00,7.45,7.5,7.2,7.35,7.35,338372,7.5,7.2,7.45,338372,0.0,1.0
2017-07-27 00:00:00,7.4,7.5,7.2,7.45,7.45,530442,7.5,7.2,7.4,530442,0.0,1.0
2017-07-28 00:00:00,7.7,8.0,7.65,7.85,7.85,922794,8.0,7.65,7.7,922794,0.0,1.0
2017-07-31 00:00:00,7.95,8.45,7.78,8.35,8.35,1258757,8.45,7.78,7.95,1258757,0.0,1.0
2017-08-01 00:00:00,8.35,8.55,8.2,8.45,8.45,798692,8.55,8.2,8.35,798692,0.0,1.0
2017-08-02 00:00:00,8.35,8.6,8.3,8.45,8.45,816150,8.6,8.3,8.35,816150,0.0,1.0
2017-08-03 00:00:00,8.45,8.55,8.2,8.4,8.4,607378,8.55,8.2,8.45,607378,0.0,1.0
2017-08-04 00:00:00,8.4,8.5,8.25,8.4,8.4,439839,8.5,8.25,8.4,439839,0.0,1.0
2017-08-07 00:00:00,8.35,8.4,8.15,8.25,8.25,658357,8.4,8.15,8.35,658357,0.0,1.0
2017-08-08 00:00:00,8.25,8.4,8.18,8.2,8.2,502472,8.4,8.18,8.25,502472,0.0,1.0
2017-08-09 00:00:00,8.2,8.28,8.07,8.2,8.2,360515,8.28,8.07,8.2,360515,0.0,1.0
2017-08-10 00:00:00,8.2,8.3,8.1,8.1,8.1,385089,8.3,8.1,8.2,385089,0.0,1.0
2017-08-11 00:00:00,7.9,8.2,7.85,7.95,7.95,524673,8.2,7.85,7.9,524673,0.0,1.0
2017-08-14 00:00:00,8.05,8.2,7.95,8.2,8.2,499028,8.2,7.95,8.05,499028,0.0,1.0
2017-08-15 00:00:00,8.15,8.2,7.7,7.75,7.75,528092,8.2,7.7,8.15,528092,0.0,1.0
2017-08-16 00:00:00,7.8,7.8,7.4,7.5,7.5,1016819,7.8,7.4,7.8,1016819,0.0,1.0
2017-08-17 00:00:00,7.45,7.6,7.4,7.45,7.45,455714,7.6,7.4,7.45,455714,0.0,1.0
2017-08-18 00:00:00,7.4,7.7,7.3,7.55,7.55,1004117,7.7,7.3,7.4,1004117,0.0,1.0
2017-08-21 00:00:00,7.5,7.55,7.4,7.45,7.45,428684,7.55,7.4,7.5,428684,0.0,1.0
2017-08-22 00:00:00,7.45,7.65,7.45,7.55,7.55,845894,7.65,7.45,7.45,845894,0.0,1.0
2017-08-23 00:00:00,7.5,7.55,7.4,7.45,7.45,388369,7.55,7.4,7.5,388369,0.0,1.0
2017-08-24 00:00:00,7.45,7.63,7.4,7.45,7.45,641977,7.63,7.4,7.45,641977,0.0,1.0
2017-08-25 00:00:00,7.5,7.65,7.38,7.55,7.55,623030,7.65,7.38,7.5,623030,0.0,1.0
2017-08-28 00:00:00,7.6,7.75,7.35,7.55,7.55,356471,7.75,7.35,7.6,356471,0.0,1.0
2017-08-29 00:00:00,7.45,7.75,7.4,7.75,7.75,637201,7.75,7.4,7.45,637201,0.0,1.0
2017-08-30 00:00:00,7.7,7.75,7.55,7.7,7.7,774676,7.75,7.55,7.7,774676,0.0,1.0
2017-08-31 00:00:00,7.75,8.07,7.7,8.05,8.05,616716,8.07,7.7,7.75,616716,0.0,1.0
2017-09-01 00:00:00,8.0,8.25,7.88,8.25,8.25,468083,8.25,7.88,8.0,468083,0.0,1.0
2017-09-05 00:00:00,8.3,8.35,8.1,8.25,8.25,534609,8.35,8.1,8.3,534609,0.0,1.0
2017-09-06 00:00:00,8.3,8.65,8.28,8.55,8.55,594723,8.65,8.28,8.3,594723,0.0,1.0
2017-09-07 00:00:00,8.55,8.7,8.45,8.7,8.7,484640,8.7,8.45,8.55,484640,0.0,1.0
2017-09-08 00:00:00,8.7,8.7,8.1,8.3,8.3,609470,8.7,8.1,8.7,609470,0.0,1.0
2017-09-11 00:00:00,8.3,8.65,8.28,8.65,8.65,441892,8.65,8.28,8.3,441892,0.0,1.0
2017-09-12 00:00:00,8.65,9.03,8.63,8.9,8.9,408096,9.03,8.63,8.65,408096,0.0,1.0
2017-09-13 00:00:00,8.95,9.25,8.85,9.1,9.1,502224,9.25,8.85,8.95,502224,0.0,1.0
2017-09-14 00:00:00,9.2,9.5,9.2,9.45,9.45,1073913,9.5,9.2,9.2,1073913,0.0,1.0
2017-09-15 00:00:00,9.5,9.6,9.4,9.5,9.5,2092929,9.6,9.4,9.5,2092929,0.0,1.0
2017-09-18 00:00:00,9.5,9.82,9.4,9.55,9.55,931237,9.82,9.4,9.5,931237,0.0,1.0
2017-09-19 00:00:00,9.55,9.75,9.5,9.65,9.65,572433,9.75,9.5,9.55,572433,0.0,1.0
2017-09-20 00:00:00,9.65,9.75,9.53,9.6,9.6,652239,9.75,9.53,9.65,652239,0.0,1.0
2017-09-21 00:00:00,9.6,9.65,9.3,9.6,9.6,568782,9.65,9.3,9.6,568782,0.0,1.0
2017-09-22 00:00:00,9.6,9.78,9.55,9.6,9.6,353129,9.78,9.55,9.6,353129,0.0,1.0
2017-09-25 00:00:00,9.7,9.85,9.6,9.8,9.8,881847,9.85,9.6,9.7,881847,0.0,1.0
2017-09-26 00:00:00,9.85,9.85,9.7,9.75,9.75,971057,9.85,9.7,9.85,971057,0.0,1.0
2017-09-27 00:00:00,9.75,10.0,9.7,10.0,10.0,845372,10.0,9.7,9.75,845372,0.0,1.0
2017-09-28 00:00:00,9.95,10.2,9.9,10.15,10.15,489949,10.2,9.9,9.95,489949,0.0,1.0
2017-09-29 00:00:00,10.1,10.15,9.93,10.0,10.0,804849,10.15,9.93,10.1,804849,0.0,1.0
2017-10-02 00:00:00,9.9,10.15,9.8,10.05,10.05,598299,10.15,9.8,9.9,598299,0.0,1.0
2017-10-03 00:00:00,10.05,10.05,9.65,9.7,9.7,694519,10.05,9.65,10.05,694519,0.0,1.0
2017-10-04 00:00:00,9.7,9.85,9.6,9.7,9.7,1088011,9.85,9.6,9.7,1088011,0.0,1.0
2017-10-05 00:00:00,9.75,9.85,9.63,9.7,9.7,667267,9.85,9.63,9.75,667267,0.0,1.0
2017-10-06 00:00:00,9.6,9.83,9.45,9.7,9.7,533306,9.83,9.45,9.6,533306,0.0,1.0
2017-10-09 00:00:00,9.7,9.9,9.65,9.85,9.85,281103,9.9,9.65,9.7,281103,0.0,1.0
2017-10-10 00:00:00,10.05,10.05,9.7,9.75,9.75,397010,10.05,9.7,10.05,397010,0.0,1.0
2017-10-11 00:00:00,9.8,9.9,9.7,9.8,9.8,347597,9.9,9.7,9.8,347597,0.0,1.0
2017-10-12 00:00:00,9.75,9.75,9.6,9.65,9.65,447290,9.75,9.6,9.75,447290,0.0,1.0
2017-10-13 00:00:00,9.9,10.0,9.8,9.85,9.85,396508,10.0,9.8,9.9,396508,0.0,1.0
2017-10-16 00:00:00,9.9,9.95,9.55,9.7,9.7,270513,9.95,9.55,9.9,270513,0.0,1.0
2017-10-17 00:00:00,9.75,9.8,9.55,9.55,9.55,228998,9.8,9.55,9.75,228998,0.0,1.0
2017-10-18 00:00:00,9.6,9.8,9.5,9.7,9.7,832678,9.8,9.5,9.6,832678,0.0,1.0
2017-10-19 00:00:00,9.7,9.73,9.35,9.5,9.5,266625,9.73,9.35,9.7,266625,0.0,1.0
2017-10-20 00:00:00,9.55,9.55,9.35,9.45,9.45,332755,9.55,9.35,9.55,332755,0.0,1.0
2017-10-23 00:00:00,9.45,9.55,9.3,9.35,9.35,262383,9.55,9.3,9.45,262383,0.0,1.0
2017-10-24 00:00:00,9.5,9.5,9.15,9.2,9.2,445290,9.5,9.15,9.5,445290,0.0,1.0
2017-10-25 00:00:00,9.15,9.3,9.0,9.15,9.15,351127,9.3,9.0,9.15,351127,0.0,1.0
2017-10-26 00:00:00,9.15,9.35,9.07,9.25,9.25,222211,9.35,9.07,9.15,222211,0.0,1.0
2017-10-27 00:00:00,9.2,9.43,9.1,9.2,9.2,457266,9.43,9.1,9.2,457266,0.0,1.0
2017-10-30 00:00:00,9.25,9.45,9.15,9.2,9.2,538668,9.45,9.15,9.25,538668,0.0,1.0
2017-10-31 00:00:00,8.85,8.9,8.25,8.75,8.75,768003,8.9,8.25,8.85,768003,0.0,1.0
2017-11-01 00:00:00,8.75,8.9,8.6,8.6,8.6,537835,8.9,8.6,8.75,537835,0.0,1.0
2017-11-02 00:00:00,9.15,9.15,8.75,9.0,9.0,798527,9.15,8.75,9.15,798527,0.0,1.0
2017-11-03 00:00:00,9.0,9.45,8.9,9.45,9.45,818330,9.45,8.9,9.0,818330,0.0,1.0
2017-11-06 00:00:00,9.5,9.75,9.45,9.45,9.45,850385,9.75,9.45,9.5,850385,0.0,1.0
2017-11-07 00:00:00,9.55,9.6,9.3,9.45,9.45,692540,9.6,9.3,9.55,692540,0.0,1.0
2017-11-08 00:00:00,9.3,9.55,9.3,9.35,9.35,910032,9.55,9.3,9.3,910032,0.0,1.0
2017-11-09 00:00:00,9.3,9.82,9.25,9.75,9.75,660490,9.82,9.25,9.3,660490,0.0,1.0
2017-11-10 00:00:00,9.65,9.85,9.57,9.65,9.65,534698,9.85,9.57,9.65,534698,0.0,1.0
2017-11-13 00:00:00,9.55,9.6,9.3,9.4,9.4,392786,9.6,9.3,9.55,392786,0.0,1.0
2017-11-14 00:00:00,9.3,9.4,8.75,8.75,8.75,403833,9.4,8.75,9.3,403833,0.0,1.0
2017-11-15 00:00:00,8.6,8.75,8.55,8.55,8.55,353487,8.75,8.55,8.6,353487,0.0,1.0
2017-11-16 00:00:00,8.6,8.75,8.5,8.5,8.5,495268,8.75,8.5,8.6,495268,0.0,1.0
2017-11-17 00:00:00,8.5,9.0,8.5,8.95,8.95,533837,9.0,8.5,8.5,533837,0.0,1.0
2017-11-20 00:00:00,8.95,8.95,8.65,8.75,8.75,218232,8.95,8.65,8.95,218232,0.0,1.0
2017-11-21 00:00:00,8.8,8.98,8.78,8.85,8.85,488348,8.98,8.78,8.8,488348,0.0,1.0
2017-11-22 00:00:00,9.0,9.13,8.9,8.95,8.95,194974,9.13,8.9,9.0,194974,0.0,1.0
2017-11-24 00:00:00,9.0,9.05,8.85,8.95,8.95,167483,9.05,8.85,9.0,167483,0.0,1.0
2017-11-27 00:00:00,8.9,8.95,8.65,8.75,8.75,343838,8.95,8.65,8.9,343838,0.0,1.0
2017-11-28 00:00:00,8.75,8.85,8.65,8.85,8.85,469858,8.85,8.65,8.75,469858,0.0,1.0
2017-11-29 00:00:00,8.8,8.9,8.65,8.75,8.75,260184,8.9,8.65,8.8,260184,0.0,1.0
2017-11-30 00:00:00,8.95,9.1,8.8,8.85,8.85,441511,9.1,8.8,8.95,441511,0.0,1.0
2017-12-01 00:00:00,9.0,9.2,8.7,8.95,8.95,294114,9.2,8.7,9.0,294114,0.0,1.0
2017-12-04 00:00:00,9.0,9.2,8.95,9.05,9.05,481203,9.2,8.95,9.0,481203,0.0,1.0
2017-12-05 00:00:00,9.05,9.15,8.8,8.8,8.8,316598,9.15,8.8,9.05,316598,0.0,1.0
2017-12-06 00:00:00,8.8,8.85,8.4,8.45,8.45,385645,8.85,8.4,8.8,385645,0.0,1.0
2017-12-07 00:00:00,8.45,8.475,8.3,8.3,8.3,302916,8.475,8.3,8.45,302916,0.0,1.0
2017-12-08 00:00:00,8.35,8.5,8.2,8.2,8.2,244901,8.5,8.2,8.35,244901,0.0,1.0
2017-12-11 00:00:00,8.25,8.5,8.25,8.45,8.45,367437,8.5,8.25,8.25,367437,0.0,1.0
2017-12-12 00:00:00,8.5,8.55,8.375,8.45,8.45,235608,8.55,8.375,8.5,235608,0.0,1.0
2017-12-13 00:00:00,8.4,8.6,8.4,8.5,8.5,258122,8.6,8.4,8.4,258122,0.0,1.0
2017-12-14 00:00:00,8.4,8.475,8.325,8.45,8.45,460563,8.475,8.325,8.4,460563,0.0,1.0
2017-12-15 00:00:00,8.55,8.6,8.25,8.35,8.35,978850,8.6,8.25,8.55,978850,0.0,1.0
2017-12-18 00:00:00,8.5,8.55,8.3974,8.5,8.5,279870,8.55,8.3974,8.5,279870,0.0,1.0
2017-12-19 00:00:00,8.525,8.55,8.25,8.3,8.3,321657,8.55,8.25,8.525,321657,0.0,1.0
2017-12-20 00:00:00,8.35,8.6,8.25,8.5,8.5,322050,8.6,8.25,8.35,322050,0.0,1.0
2017-12-21 00:00:00,8.725,8.85,8.5,8.7,8.7,423700,8.85,8.5,8.725,423700,0.0,1.0
2017-12-22 00:00:00,8.65,8.75,8.6,8.65,8.65,311370,8.75,8.6,8.65,311370,0.0,1.0
2017-12-26 00:00:00,8.7,8.8,8.6,8.7,8.7,207355,8.8,8.6,8.7,207355,0.0,1.0
2017-12-27 00:00:00,8.7,8.75,8.55,8.6,8.6,160391,8.75,8.55,8.7,160391,0.0,1.0
2017-12-28 00:00:00,8.6,8.65,8.5,8.5,8.5,165090,8.65,8.5,8.6,165090,0.0,1.0
2017-12-29 00:00:00,8.55,8.675,8.3,8.6,8.6,503705,8.675,8.3,8.55,503705,0.0,1.0
2018-01-02 00:00:00,8.7,8.8,8.6,8.7,8.7,384512,8.8,8.6,8.7,384512,0.0,1.0
2018-01-03 00:00:00,8.75,8.85,8.65,8.75,8.75,422873,8.85,8.65,8.75,422873,0.0,1.0
2018-01-04 00:00:00,8.8,8.9,8.65,8.8,8.8,484345,8.9,8.65,8.8,484345,0.0,1.0
2018-01-05 00:00:00,8.85,8.9,8.7,8.85,8.85,368312,8.9,8.7,8.85,368312,0.0,1.0
2018-01-08 00:00:00,8.8,8.95,8.7,8.95,8.95,154141,8.95,8.7,8.8,154141,0.0,1.0
2018-01-09 00:00:00,8.9,8.95,8.8,8.85,8.85,325814,8.95,8.8,8.9,325814,0.0,1.0
2018-01-10 00:00:00,8.85,8.9,8.75,8.8,8.8,137767,8.9,8.75,8.85,137767,0.0,1.0
2018-01-11 00:00:00,8.95,9.65,8.75,9.6,9.6,759361,9.65,8.75,8.95,759361,0.0,1.0
2018-01-12 00:00:00,9.65,9.95,9.5,9.85,9.85,646912,9.95,9.5,9.65,646912,0.0,1.0
2018-01-16 00:00:00,9.8,9.85,9.525,9.65,9.65,694401,9.85,9.525,9.8,694401,0.0,1.0
2018-01-17 00:00:00,9.75,9.8,9.55,9.7,9.7,713072,9.8,9.55,9.75,713072,0.0,1.0
2018-01-18 00:00:00,9.65,9.65,9.25,9.25,9.25,362435,9.65,9.25,9.65,362435,0.0,1.0
2018-01-19 00:00:00,9.15,9.5,9.0,9.4,9.4,237064,9.5,9.0,9.15,237064,0.0,1.0
2018-01-22 00:00:00,9.4,9.55,9.35,9.55,9.55,333048,9.55,9.35,9.4,333048,0.0,1.0
2018-01-23 00:00:00,9.55,9.9,9.45,9.7,9.7,797705,9.9,9.45,9.55,797705,0.0,1.0
2018-01-24 00:00:00,9.7,9.8,9.5,9.5,9.5,266656,9.8,9.5,9.7,266656,0.0,1.0
2018-01-25 00:00:00,9.65,9.65,9.35,9.5,9.5,330969,9.65,9.35,9.65,330969,0.0,1.0
2018-01-26 00:00:00,9.5,9.55,9.35,9.45,9.45,159998,9.55,9.35,9.5,159998,0.0,1.0
2018-01-29 00:00:00,9.35,9.4,9.1,9.15,9.15,172278,9.4,9.1,9.35,172278,0.0,1.0
2018-01-30 00:00:00,9.1,9.125,8.9,9.05,9.05,273584,9.125,8.9,9.1,273584,0.0,1.0
2018-01-31 00:00:00,9.1,9.2,9.0,9.1,9.1,256001,9.2,9.0,9.1,256001,0.0,1.0
2018-02-01 00:00:00,9.05,9.4,9.05,9.2,9.2,468072,9.4,9.05,9.05,468072,0.0,1.0
2018-02-02 00:00:00,9.05,9.1,8.675,8.7,8.7,495714,9.1,8.675,9.05,495714,0.0,1.0
2018-02-05 00:00:00,8.65,8.9,8.35,8.4,8.4,341995,8.9,8.35,8.65,341995,0.0,1.0
2018-02-06 00:00:00,8.25,8.65,8.25,8.45,8.45,450883,8.65,8.25,8.25,450883,0.0,1.0
2018-02-07 00:00:00,8.45,8.525,8.1,8.2,8.2,446433,8.525,8.1,8.45,446433,0.0,1.0
2018-02-08 00:00:00,8.2,8.25,7.9,8.0,8.0,692851,8.25,7.9,8.2,692851,0.0,1.0
2018-02-09 00:00:00,7.45,8.55,7.45,7.9,7.9,512075,8.55,7.45,7.45,512075,0.0,1.0
2018-02-12 00:00:00,7.95,8.25,7.7,8.1,8.1,708576,8.25,7.7,7.95,708576,0.0,1.0
2018-02-13 00:00:00,8.05,8.2,7.95,8.0,8.0,472737,8.2,7.95,8.05,472737,0.0,1.0
2018-02-14 00:00:00,7.9,8.375,7.9,8.3,8.3,574241,8.375,7.9,7.9,574241,0.0,1.0
2018-02-15 00:00:00,8.35,8.45,8.125,8.4,8.4,700361,8.45,8.125,8.35,700361,0.0,1.0
2018-02-16 00:00:00,8.35,8.55,8.325,8.5,8.5,334997,8.55,8.325,8.35,334997,0.0,1.0
2018-02-20 00:00:00,8.45,8.55,8.3,8.35,8.35,626114,8.55,8.3,8.45,626114,0.0,1.0
2018-02-21 00:00:00,8.35,8.6,8.25,8.4,8.4,389914,8.6,8.25,8.35,389914,0.0,1.0
2018-02-22 00:00:00,8.5,8.65,8.4,8.5,8.5,274512,8.65,8.4,8.5,274512,0.0,1.0
2018-02-23 00:00:00,8.5,8.7,8.45,8.65,8.65,422642,8.7,8.45,8.5,422642,0.0,1.0
2018-02-26 00:00:00,8.65,8.745,8.45,8.65,8.65,195562,8.745,8.45,8.65,195562,0.0,1.0
2018-02-27 00:00:00,8.65,8.8,8.45,8.45,8.45,621499,8.8,8.45,8.65,621499,0.0,1.0
2018-02-28 00:00:00,8.55,8.6,8.25,8.25,8.25,575632,8.6,8.25,8.55,575632,0.0,1.0
2018-03-01 00:00:00,8.2,8.4,8.1,8.3,8.3,346000,8.4,8.1,8.2,346000,0.0,1.0
2018-03-02 00:00:00,8.2,8.65,8.15,8.55,8.55,402163,8.65,8.15,8.2,402163,0.0,1.0
2018-03-05 00:00:00,8.7,8.9,8.55,8.75,8.75,692859,8.9,8.55,8.7,692859,0.0,1.0
2018-03-06 00:00:00,8.85,9.0,8.65,8.85,8.85,1252146,9.0,8.65,8.85,1252146,0.0,1.0
2018-03-07 00:00:00,8.75,9.0,8.6,8.8,8.8,495727,9.0,8.6,8.75,495727,0.0,1.0
2018-03-08 00:00:00,8.8,8.95,8.75,8.8,8.8,404954,8.95,8.75,8.8,404954,0.0,1.0
2018-03-09 00:00:00,8.9,9.05,8.75,8.8,8.8,688276,9.05,8.75,8.9,688276,0.0,1.0
2018-03-12 00:00:00,8.8,9.0,8.7,8.9,8.9,701327,9.0,8.7,8.8,701327,0.0,1.0
2018-03-13 00:00:00,8.95,9.05,8.7,8.75,8.75,554062,9.05,8.7,8.95,554062,0.0,1.0
2018-03-14 00:00:00,8.85,9.025,8.6,8.75,8.75,855961,9.025,8.6,8.85,855961,0.0,1.0
2018-03-15 00:00:00,8.75,8.85,8.45,8.6,8.6,340333,8.85,8.45,8.75,340333,0.0,1.0
2018-03-16 00:00:00,8.6,8.95,8.6,8.85,8.85,1160810,8.95,8.6,8.6,1160810,0.0,1.0
2018-03-19 00:00:00,8.85,8.9,8.5,8.6,8.6,453994,8.9,8.5,8.85,453994,0.0,1.0
2018-03-20 00:00:00,8.65,8.75,8.6,8.65,8.65,245860,8.75,8.6,8.65,245860,0.0,1.0
2018-03-21 00:00:00,8.65,9.0,8.65,9.0,9.0,638160,9.0,8.65,8.65,638160,0.0,1.0
2018-03-22 00:00:00,8.85,9.0,8.5,8.55,8.55,383329,9.0,8.5,8.85,383329,0.0,1.0
2018-03-23 00:00:00,8.6,8.75,8.3,8.35,8.35,384191,8.75,8.3,8.6,384191,0.0,1.0
2018-03-26 00:00:00,8.45,8.55,8.3,8.45,8.45,888614,8.55,8.3,8.45,888614,0.0,1.0
2018-03-27 00:00:00,8.5,8.5,8.145,8.15,8.15,591685,8.5,8.145,8.5,591685,0.0,1.0
2018-03-28 00:00:00,8.15,8.232,7.95,8.05,8.05,757227,8.232,7.95,8.15,757227,0.0,1.0
2018-03-29 00:00:00,8.05,8.3,8.0,8.1,8.1,627738,8.3,8.0,8.05,627738,0.0,1.0
2018-04-02 00:00:00,8.05,8.15,7.9,8.0,8.0,438709,8.15,7.9,8.05,438709,0.0,1.0
2018-04-03 00:00:00,8.05,8.5,7.975,8.45,8.45,913248,8.5,7.975,8.05,913248,0.0,1.0
2018-04-04 00:00:00,8.3,8.6,8.15,8.55,8.55,521521,8.6,8.15,8.3,521521,0.0,1.0
2018-04-05 00:00:00,8.6,9.05,8.6,8.8,8.8,430393,9.05,8.6,8.6,430393,0.0,1.0
2018-04-06 00:00:00,8.8,8.9,8.525,8.7,8.7,737714,8.9,8.525,8.8,737714,0.0,1.0
2018-04-09 00:00:00,8.75,8.75,8.4,8.45,8.45,455696,8.75,8.4,8.75,455696,0.0,1.0
2018-04-10 00:00:00,8.65,8.85,8.55,8.8,8.8,826492,8.85,8.55,8.65,826492,0.0,1.0
2018-04-11 00:00:00,8.85,9.125,8.8,9.0,9.0,804443,9.125,8.8,8.85,804443,0.0,1.0
2018-04-12 00:00:00,9.05,9.3,8.9,9.3,9.3,506746,9.3,8.9,9.05,506746,0.0,1.0
2018-04-13 00:00:00,9.35,9.45,9.25,9.4,9.4,367837,9.45,9.25,9.35,367837,0.0,1.0
2018-04-16 00:00:00,9.45,9.7,9.3,9.65,9.65,405233,9.7,9.3,9.45,405233,0.0,1.0
2018-04-17 00:00:00,9.65,9.8,9.55,9.75,9.75,310711,9.8,9.55,9.65,310711,0.0,1.0
2018-04-18 00:00:00,9.85,10.075,9.8,9.8,9.8,406310,10.075,9.8,9.85,406310,0.0,1.0
2018-04-19 00:00:00,9.85,9.875,9.55,9.8,9.8,405360,9.875,9.55,9.85,405360,0.0,1.0
2018-04-20 00:00:00,9.75,9.9,9.65,9.8,9.8,336361,9.9,9.65,9.75,336361,0.0,1.0
2018-04-23 00:00:00,9.8,9.8,9.55,9.65,9.65,236866,9.8,9.55,9.8,236866,0.0,1.0
2018-04-24 00:00:00,9.75,9.85,9.55,9.65,9.65,419605,9.85,9.55,9.75,419605,0.0,1.0
2018-04-25 00:00:00,9.6,9.8,9.5,9.65,9.65,373855,9.8,9.5,9.6,373855,0.0,1.0
2018-04-26 00:00:00,9.6,9.925,9.6,9.7,9.7,285474,9.925,9.6,9.6,285474,0.0,1.0
2018-04-27 00:00:00,9.4,10.3,9.35,10.25,10.25,1019909,10.3,9.35,9.4,1019909,0.0,1.0
2018-04-30 00:00:00,10.35,10.75,10.3,10.5,10.5,1440123,10.75,10.3,10.35,1440123,0.0,1.0
2018-05-01 00:00:00,10.3,10.5,10.25,10.45,10.45,814770,10.5,10.25,10.3,814770,0.0,1.0
2018-05-02 00:00:00,10.45,10.65,10.425,10.5,10.5,1269879,10.65,10.425,10.45,1269879,0.0,1.0
2018-05-03 00:00:00,10.5,10.55,10.2,10.3,10.3,513611,10.55,10.2,10.5,513611,0.0,1.0
2018-05-04 00:00:00,10.25,10.75,10.2,10.65,10.65,918433,10.75,10.2,10.25,918433,0.0,1.0
2018-05-07 00:00:00,10.65,10.745,10.2755,10.3,10.3,1039631,10.745,10.2755,10.65,1039631,0.0,1.0
2018-05-08 00:00:00,10.35,10.55,10.05,10.55,10.55,566871,10.55,10.05,10.35,566871,0.0,1.0
2018-05-09 00:00:00,10.7,10.85,10.6,10.65,10.65,765863,10.85,10.6,10.7,765863,0.0,1.0
2018-05-10 00:00:00,10.65,10.675,10.45,10.55,10.55,258680,10.675,10.45,10.65,258680,0.0,1.0
2018-05-11 00:00:00,10.55,10.6,10.3,10.35,10.35,601717,10.6,10.3,10.55,601717,0.0,1.0
2018-05-14 00:00:00,10.4,10.525,10.3,10.3,10.3,341366,10.525,10.3,10.4,341366,0.0,1.0
2018-05-15 00:00:00,10.3,10.725,10.225,10.55,10.55,713659,10.725,10.225,10.3,713659,0.0,1.0
2018-05-16 00:00:00,10.6,10.75,10.55,10.6,10.6,461276,10.75,10.55,10.6,461276,0.0,1.0
2018-05-17 00:00:00,10.65,10.9,10.65,10.75,10.75,585538,10.9,10.65,10.65,585538,0.0,1.0
2018-05-18 00:00:00,10.7,10.8,10.6,10.7,10.7,384351,10.8,10.6,10.7,384351,0.0,1.0
2018-05-21 00:00:00,10.8,10.9,10.7,10.9,10.9,286599,10.9,10.7,10.8,286599,0.0,1.0
2018-05-22 00:00:00,10.8,10.95,10.475,10.5,10.5,434237,10.95,10.475,10.8,434237,0.0,1.0
2018-05-23 00:00:00,10.4,10.65,10.3,10.6,10.6,406946,10.65,10.3,10.4,406946,0.0,1.0
2018-05-24 00:00:00,10.5,10.7,10.45,10.6,10.6,334407,10.7,10.45,10.5,334407,0.0,1.0
2018-05-25 00:00:00,10.5,10.7,10.45,10.6,10.6,663900,10.7,10.45,10.5,663900,0.0,1.0
2018-05-29 00:00:00,10.5,10.6,10.4,10.55,10.55,385178,10.6,10.4,10.5,385178,0.0,1.0
2018-05-30 00:00:00,10.65,11.15,10.6,10.85,10.85,712355,11.15,10.6,10.65,712355,0.0,1.0
2018-05-31 00:00:00,10.8,10.975,10.65,10.85,10.85,674202,10.975,10.65,10.8,674202,0.0,1.0
2018-06-01 00:00:00,10.9,10.95,10.725,10.85,10.85,434568,10.95,10.725,10.9,434568,0.0,1.0
2018-06-04 00:00:00,10.9,10.9,10.5,10.55,10.55,556695,10.9,10.5,10.9,556695,0.0,1.0
2018-06-05 00:00:00,10.5,10.6,10.35,10.6,10.6,514847,10.6,10.35,10.5,514847,0.0,1.0
2018-06-06 00:00:00,10.6,10.7,10.45,10.5,10.5,412092,10.7,10.45,10.6,412092,0.0,1.0
2018-06-07 00:00:00,10.55,10.775,10.55,10.65,10.65,241341,10.775,10.55,10.55,241341,0.0,1.0
2018-06-08 00:00:00,10.65,10.65,10.3,10.3,10.3,475927,10.65,10.3,10.65,475927,0.0,1.0
2018-06-11 00:00:00,10.3,10.5,10.205,10.35,10.35,429203,10.5,10.205,10.3,429203,0.0,1.0
2018-06-12 00:00:00,10.35,10.45,10.3,10.4,10.4,308295,10.45,10.3,10.35,308295,0.0,1.0
2018-06-13 00:00:00,10.35,10.5,10.25,10.3,10.3,458463,10.5,10.25,10.35,458463,0.0,1.0
2018-06-14 00:00:00,10.35,10.4,10.25,10.3,10.3,358980,10.4,10.25,10.35,358980,0.0,1.0
2018-06-15 00:00:00,10.2,10.2,9.9,10.1,10.1,791742,10.2,9.9,10.2,791742,0.0,1.0
2018-06-18 00:00:00,10.1,10.4,10.0,10.3,10.3,572084,10.4,10.0,10.1,572084,0.0,1.0
2018-06-19 00:00:00,10.2,10.5,10.1,10.35,10.35,498004,10.5,10.1,10.2,498004,0.0,1.0
2018-06-20 00:00:00,10.35,10.5,10.25,10.35,10.35,416249,10.5,10.25,10.35,416249,0.0,1.0
2018-06-21 00:00:00,10.25,10.35,10.0,10.15,10.15,411622,10.35,10.0,10.25,411622,0.0,1.0
2018-06-22 00:00:00,10.4,11.125,10.35,11.0,11.0,3168829,11.125,10.35,10.4,3168829,0.0,1.0
2018-06-25 00:00:00,10.85,10.9,10.5,10.65,10.65,534247,10.9,10.5,10.85,534247,0.0,1.0
2018-06-26 00:00:00,10.65,11.15,10.55,11.1,11.1,661954,11.15,10.55,10.65,661954,0.0,1.0
2018-06-27 00:00:00,11.2,11.65,11.2,11.3,11.3,720632,11.65,11.2,11.2,720632,0.0,1.0
2018-06-28 00:00:00,11.35,11.35,10.9,11.0,11.0,870894,11.35,10.9,11.35,870894,0.0,1.0
2018-06-29 00:00:00,11.05,11.1,10.8,10.85,10.85,622408,11.1,10.8,11.05,622408,0.0,1.0
2018-07-02 00:00:00,10.85,10.85,10.45,10.5,10.5,592927,10.85,10.45,10.85,592927,0.0,1.0
2018-07-03 00:00:00,10.7,10.9,10.5,10.7,10.7,749589,10.9,10.5,10.7,749589,0.0,1.0
2018-07-05 00:00:00,10.85,10.85,10.55,10.65,10.65,755120,10.85,10.55,10.85,755120,0.0,1.0
2018-07-06 00:00:00,10.55,10.65,10.5,10.55,10.55,435759,10.65,10.5,10.55,435759,0.0,1.0
2018-07-09 00:00:00,10.55,10.8,10.55,10.65,10.65,430949,10.8,10.55,10.55,430949,0.0,1.0
2018-07-10 00:00:00,10.7,11.0,10.55,10.6,10.6,557737,11.0,10.55,10.7,557737,0.0,1.0
2018-07-11 00:00:00,10.45,10.65,10.25,10.3,10.3,453037,10.65,10.25,10.45,453037,0.0,1.0
2018-07-12 00:00:00,10.35,10.545,10.15,10.4,10.4,715192,10.545,10.15,10.35,715192,0.0,1.0
2018-07-13 00:00:00,10.4,10.5,10.3,10.3,10.3,368171,10.5,10.3,10.4,368171,0.0,1.0
2018-07-16 00:00:00,10.2,10.25,9.65,9.9,9.9,686897,10.25,9.65,10.2,686897,0.0,1.0
2018-07-17 00:00:00,9.85,10.0,9.65,9.7,9.7,849553,10.0,9.65,9.85,849553,0.0,1.0
2018-07-18 00:00:00,9.65,9.725,9.5,9.6,9.6,434674,9.725,9.5,9.65,434674,0.0,1.0
2018-07-19 00:00:00,9.55,9.9,9.55,9.85,9.85,663399,9.9,9.55,9.55,663399,0.0,1.0
2018-07-20 00:00:00,9.85,9.9,9.7,9.75,9.75,329386,9.9,9.7,9.85,329386,0.0,1.0
2018-07-23 00:00:00,9.85,9.85,9.55,9.8,9.8,579343,9.85,9.55,9.85,579343,0.0,1.0
2018-07-24 00:00:00,9.9,10.05,9.75,9.85,9.85,620632,10.05,9.75,9.9,620632,0.0,1.0
2018-07-25 00:00:00,9.8,9.95,9.3,9.5,9.5,983991,9.95,9.3,9.8,983991,0.0,1.0
2018-07-26 00:00:00,9.5,9.85,9.5,9.65,9.65,340528,9.85,9.5,9.5,340528,0.0,1.0
2018-07-27 00:00:00,9.65,10.75,9.65,10.7,10.7,1497036,10.75,9.65,9.65,1497036,0.0,1.0
2018-07-30 00:00:00,10.9,10.95,10.525,10.6,10.6,739929,10.95,10.525,10.9,739929,0.0,1.0
2018-07-31 00:00:00,10.65,11.05,10.4,11.05,11.05,985648,11.05,10.4,10.65,985648,0.0,1.0
2018-08-01 00:00:00,10.9,10.95,10.5,10.75,10.75,853228,10.95,10.5,10.9,853228,0.0,1.0
2018-08-02 00:00:00,10.55,11.0,10.5,10.65,10.65,495192,11.0,10.5,10.55,495192,0.0,1.0
2018-08-03 00:00:00,10.5,10.75,10.05,10.15,10.15,681574,10.75,10.05,10.5,681574,0.0,1.0
2018-08-06 00:00:00,10.15,10.4,10.05,10.35,10.35,257420,10.4,10.05,10.15,257420,0.0,1.0
2018-08-07 00:00:00,10.5,10.625,10.4,10.5,10.5,318295,10.625,10.4,10.5,318295,0.0,1.0
2018-08-08 00:00:00,10.45,10.6,10.35,10.55,10.55,318982,10.6,10.35,10.45,318982,0.0,1.0
2018-08-09 00:00:00,10.65,10.7,10.5,10.55,10.55,274396,10.7,10.5,10.65,274396,0.0,1.0
2018-08-10 00:00:00,10.5,10.75,10.45,10.55,10.55,395594,10.75,10.45,10.5,395594,0.0,1.0
2018-08-13 00:00:00,10.6,10.6,10.2,10.25,10.25,383706,10.6,10.2,10.6,383706,0.0,1.0
2018-08-14 00:00:00,10.25,10.55,10.1,10.4,10.4,724123,10.55,10.1,10.25,724123,0.0,1.0
2018-08-15 00:00:00,10.3,10.4,9.7,9.75,9.75,404187,10.4,9.7,10.3,404187,0.0,1.0
2018-08-16 00:00:00,9.8,9.95,9.6,9.85,9.85,879441,9.95,9.6,9.8,879441,0.0,1.0
2018-08-17 00:00:00,9.8,9.95,9.65,9.95,9.95,353485,9.95,9.65,9.8,353485,0.0,1.0
2018-08-20 00:00:00,9.95,10.15,9.75,10.05,10.05,418322,10.15,9.75,9.95,418322,0.0,1.0
2018-08-21 00:00:00,10.15,10.55,10.1,10.5,10.5,552352,10.55,10.1,10.15,552352,0.0,1.0
2018-08-22 00:00:00,10.55,10.95,10.55,10.85,10.85,937733,10.95,10.55,10.55,937733,0.0,1.0
2018-08-23 00:00:00,10.85,11.0,10.8,10.9,10.9,648112,11.0,10.8,10.85,648112,0.0,1.0
2018-08-24 00:00:00,10.9,10.95,10.7,10.8,10.8,392222,10.95,10.7,10.9,392222,0.0,1.0
2018-08-27 00:00:00,10.85,11.1,10.8,11.0,11.0,501516,11.1,10.8,10.85,501516,0.0,1.0
2018-08-28 00:00:00,11.0,11.2,10.85,11.0,11.0,504289,11.2,10.85,11.0,504289,0.0,1.0
2018-08-29 00:00:00,11.0,11.25,10.95,11.2,11.2,428384,11.25,10.95,11.0,428384,0.0,1.0
2018-08-30 00:00:00,11.2,11.2,10.45,10.45,10.45,599254,11.2,10.45,11.2,599254,0.0,1.0
2018-08-31 00:00:00,10.4,10.6,10.3,10.5,10.5,441331,10.6,10.3,10.4,441331,0.0,1.0
2018-09-04 00:00:00,10.5,10.5,10.1,10.15,10.15,316683,10.5,10.1,10.5,316683,0.0,1.0
2018-09-05 00:00:00,10.0,10.05,9.75,10.0,10.0,558669,10.05,9.75,10.0,558669,0.0,1.0
2018-09-06 00:00:00,10.0,10.05,9.9,9.95,9.95,739534,10.05,9.9,10.0,739534,0.0,1.0
2018-09-07 00:00:00,9.9,9.93,9.5,9.75,9.75,414260,9.93,9.5,9.9,414260,0.0,1.0
2018-09-10 00:00:00,9.8,9.9,9.5,9.55,9.55,467178,9.9,9.5,9.8,467178,0.0,1.0
2018-09-11 00:00:00,9.55,9.8,9.5,9.65,9.65,752732,9.8,9.5,9.55,752732,0.0,1.0
2018-09-12 00:00:00,9.8,9.85,9.6,9.65,9.65,623219,9.85,9.6,9.8,623219,0.0,1.0
2018-09-13 00:00:00,9.6,9.65,9.3,9.45,9.45,538789,9.65,9.3,9.6,538789,0.0,1.0
2018-09-14 00:00:00,9.5,9.625,9.325,9.45,9.45,796467,9.625,9.325,9.5,796467,0.0,1.0
2018-09-17 00:00:00,9.5,9.65,9.35,9.45,9.45,430223,9.65,9.35,9.5,430223,0.0,1.0
2018-09-18 00:00:00,9.55,9.6,9.4,9.55,9.55,533886,9.6,9.4,9.55,533886,0.0,1.0
2018-09-19 00:00:00,9.55,9.9,9.54,9.8,9.8,691300,9.9,9.54,9.55,691300,0.0,1.0
2018-09-20 00:00:00,9.9,9.95,9.75,9.95,9.95,930947,9.95,9.75,9.9,930947,0.0,1.0
2018-09-21 00:00:00,9.95,10.125,9.85,10.0,10.0,1104759,10.125,9.85,9.95,1104759,0.0,1.0
2018-09-24 00:00:00,10.05,10.1,9.85,10.05,10.05,559137,10.1,9.85,10.05,559137,0.0,1.0
2018-09-25 00:00:00,10.1,10.55,10.014,10.5,10.5,571396,10.55,10.014,10.1,571396,0.0,1.0
2018-09-26 00:00:00,10.4,10.45,10.2,10.2,10.2,373323,10.45,10.2,10.4,373323,0.0,1.0
2018-09-27 00:00:00,10.25,10.35,10.1,10.25,10.25,235479,10.35,10.1,10.25,235479,0.0,1.0
2018-09-28 00:00:00,10.25,10.55,10.15,10.35,10.35,297299,10.55,10.15,10.25,297299,0.0,1.0
2018-10-01 00:00:00,10.43,10.52,10.31,10.34,10.34,578119,10.52,10.31,10.43,578119,0.0,1.0
2018-10-02 00:00:00,10.38,10.53,10.25,10.48,10.48,343587,10.53,10.25,10.38,343587,0.0,1.0
2018-10-03 00:00:00,10.57,10.6586,10.32,10.64,10.64,313698,10.6586,10.32,10.57,313698,0.0,1.0
2018-10-04 00:00:00,10.58,10.8,10.54,10.59,10.59,269606,10.8,10.54,10.58,269606,0.0,1.0
2018-10-05 00:00:00,10.54,10.59,10.3,10.44,10.44,233593,10.59,10.3,10.54,233593,0.0,1.0
2018-10-08 00:00:00,10.38,10.5,10.29,10.47,10.47,264197,10.5,10.29,10.38,264197,0.0,1.0
2018-10-09 00:00:00,10.57,10.9,10.47,10.82,10.82,554740,10.9,10.47,10.57,554740,0.0,1.0
2018-10-10 00:00:00,10.72,10.82,10.245,10.26,10.26,533023,10.82,10.245,10.72,533023,0.0,1.0
2018-10-11 00:00:00,10.14,10.24,9.9,9.9,9.9,574864,10.24,9.9,10.14,574864,0.0,1.0
2018-10-12 00:00:00,10.12,10.12,9.86,10.0,10.0,557140,10.12,9.86,10.12,557140,0.0,1.0
2018-10-15 00:00:00,10.06,10.14,9.815,10.01,10.01,491908,10.14,9.815,10.06,491908,0.0,1.0
2018-10-16 00:00:00,9.99,10.07,9.86,9.95,9.95,611047,10.07,9.86,9.99,611047,0.0,1.0
2018-10-17 00:00:00,9.87,9.9403,9.725,9.77,9.77,359569,9.9403,9.725,9.87,359569,0.0,1.0
2018-10-18 00:00:00,9.63,9.63,9.36,9.54,9.54,780541,9.63,9.36,9.63,780541,0.0,1.0
2018-10-19 00:00:00,9.52,9.71,9.14,9.15,9.15,506716,9.71,9.14,9.52,506716,0.0,1.0
2018-10-22 00:00:00,9.15,9.19,8.93,9.01,9.01,391328,9.19,8.93,9.15,391328,0.0,1.0
2018-10-23 00:00:00,8.81,8.81,8.31,8.38,8.38,724703,8.81,8.31,8.81,724703,0.0,1.0
2018-10-24 00:00:00,8.43,8.52,7.91,7.91,7.91,587931,8.52,7.91,8.43,587931,0.0,1.0
2018-10-25 00:00:00,8.08,8.23,7.94,7.96,7.96,1087597,8.23,7.94,8.08,1087597,0.0,1.0
2018-10-26 00:00:00,7.86,7.98,7.32,7.86,7.86,1166567,7.98,7.32,7.86,1166567,0.0,1.0
2018-10-29 00:00:00,7.84,7.88,7.28,7.36,7.36,953577,7.88,7.28,7.84,953577,0.0,1.0
2018-10-30 00:00:00,7.31,7.97,7.27,7.95,7.95,758818,7.97,7.27,7.31,758818,0.0,1.0
2018-10-31 00:00:00,8.05,8.29,7.915,8.21,8.21,1429010,8.29,7.915,8.05,1429010,0.0,1.0
2018-11-01 00:00:00,8.29,8.29,8.01,8.12,8.12,916394,8.29,8.01,8.29,916394,0.0,1.0
2018-11-02 00:00:00,8.2,8.32,8.11,8.23,8.23,604549,8.32,8.11,8.2,604549,0.0,1.0
2018-11-05 00:00:00,8.36,8.43,8.045,8.2,8.2,596791,8.43,8.045,8.36,596791,0.0,1.0
2018-11-06 00:00:00,8.18,8.23,7.96,8.17,8.17,381340,8.23,7.96,8.18,381340,0.0,1.0
2018-11-07 00:00:00,8.25,8.4,8.12,8.32,8.32,433259,8.4,8.12,8.25,433259,0.0,1.0
2018-11-08 00:00:00,8.29,8.431,8.23,8.27,8.27,377099,8.431,8.23,8.29,377099,0.0,1.0
2018-11-09 00:00:00,8.09,8.19,7.995,8.09,8.09,500061,8.19,7.995,8.09,500061,0.0,1.0
2018-11-12 00:00:00,8.27,8.27,7.79,7.83,7.83,471819,8.27,7.79,8.27,471819,0.0,1.0
2018-11-13 00:00:00,7.83,7.97,7.62,7.64,7.64,426442,7.97,7.62,7.83,426442,0.0,1.0
2018-11-14 00:00:00,7.82,7.86,7.56,7.76,7.76,591343,7.86,7.56,7.82,591343,0.0,1.0
2018-11-15 00:00:00,7.8,8.28,7.77,8.19,8.19,672167,8.28,7.77,7.8,672167,0.0,1.0
2018-11-16 00:00:00,8.18,8.295,8.01,8.28,8.28,827534,8.295,8.01,8.18,827534,0.0,1.0
2018-11-19 00:00:00,8.19,8.27,7.98,8.16,8.16,464157,8.27,7.98,8.19,464157,0.0,1.0
2018-11-20 00:00:00,7.96,7.96,7.61,7.71,7.71,473285,7.96,7.61,7.96,473285,0.0,1.0
2018-11-21 00:00:00,7.88,8.01,7.81,7.89,7.89,448075,8.01,7.81,7.88,448075,0.0,1.0
2018-11-23 00:00:00,7.58,7.81,7.58,7.67,7.67,256985,7.81,7.58,7.58,256985,0.0,1.0
2018-11-26 00:00:00,7.74,7.78,7.325,7.37,7.37,962382,7.78,7.325,7.74,962382,0.0,1.0
2018-11-27 00:00:00,7.37,7.59,7.37,7.45,7.45,512025,7.59,7.37,7.37,512025,0.0,1.0
2018-11-28 00:00:00,7.48,7.68,7.27,7.66,7.66,684821,7.68,7.27,7.48,684821,0.0,1.0
2018-11-29 00:00:00,7.64,7.75,7.53,7.66,7.66,814239,7.75,7.53,7.64,814239,0.0,1.0
2018-11-30 00:00:00,7.57,7.825,7.52,7.69,7.69,802173,7.825,7.52,7.57,802173,0.0,1.0
2018-12-03 00:00:00,7.95,7.98,7.755,7.84,7.84,752363,7.98,7.755,7.95,752363,0.0,1.0
2018-12-04 00:00:00,7.79,7.85,7.38,7.39,7.39,766940,7.85,7.38,7.79,766940,0.0,1.0
2018-12-06 00:00:00,7.14,7.3,7.04,7.17,7.17,548483,7.3,7.04,7.14,548483,0.0,1.0
2018-12-07 00:00:00,7.44,7.5,6.99,7.0,7.0,521069,7.5,6.99,7.44,521069,0.0,1.0
2018-12-10 00:00:00,6.95,7.0,6.76,6.82,6.82,579463,7.0,6.76,6.95,579463,0.0,1.0
2018-12-11 00:00:00,6.99,6.99,6.61,6.65,6.65,517428,6.99,6.61,6.99,517428,0.0,1.0
2018-12-12 00:00:00,6.83,7.07,6.7,6.91,6.91,568734,7.07,6.7,6.83,568734,0.0,1.0
2018-12-13 00:00:00,6.9,6.94,6.72,6.82,6.82,425159,6.94,6.72,6.9,425159,0.0,1.0
2018-12-14 00:00:00,6.75,6.79,6.54,6.6,6.6,392920,6.79,6.54,6.75,392920,0.0,1.0
2018-12-17 00:00:00,6.6,6.85,6.6,6.7,6.7,876462,6.85,6.6,6.6,876462,0.0,1.0
2018-12-18 00:00:00,6.74,6.92,6.67,6.9,6.9,756853,6.92,6.67,6.74,756853,0.0,1.0
2018-12-19 00:00:00,6.84,6.95,6.51,6.58,6.58,959861,6.95,6.51,6.84,959861,0.0,1.0
2018-12-20 00:00:00,6.52,6.71,6.39,6.42,6.42,952074,6.71,6.39,6.52,952074,0.0,1.0
2018-12-21 00:00:00,6.46,6.76,6.4,6.66,6.66,1506644,6.76,6.4,6.46,1506644,0.0,1.0
2018-12-24 00:00:00,6.62,6.79,6.5,6.54,6.54,273742,6.79,6.5,6.62,273742,0.0,1.0
2018-12-26 00:00:00,6.66,6.8,6.4,6.78,6.78,789162,6.8,6.4,6.66,789162,0.0,1.0
2018-12-27 00:00:00,6.61,6.73,6.395,6.64,6.64,630960,6.73,6.395,6.61,630960,0.0,1.0
2018-12-28 00:00:00,6.7,7.0,6.7,6.9,6.9,768541,7.0,6.7,6.7,768541,0.0,1.0
2018-12-31 00:00:00,6.98,6.98,6.7,6.87,6.87,340050,6.98,6.7,6.98,340050,0.0,1.0
2019-01-02 00:00:00,6.71,7.27,6.7,7.2,7.2,748797,7.27,6.7,6.71,748797,0.0,1.0
2019-01-03 00:00:00,7.21,7.39,7.09,7.31,7.31,687081,7.39,7.09,7.21,687081,0.0,1.0
2019-01-04 00:00:00,7.49,7.63,7.385,7.59,7.59,702060,7.63,7.385,7.49,702060,0.0,1.0
2019-01-07 00:00:00,7.59,8.075,7.53,7.98,7.98,761368,8.075,7.53,7.59,761368,0.0,1.0
2019-01-08 00:00:00,8.09,8.16,7.94,8.02,8.02,498799,8.16,7.94,8.09,498799,0.0,1.0
2019-01-09 00:00:00,8.17,8.28,8.03,8.15,8.15,530445,8.28,8.03,8.17,530445,0.0,1.0
2019-01-10 00:00:00,8.06,8.26,7.99,8.17,8.17,620708,8.26,7.99,8.06,620708,0.0,1.0
2019-01-11 00:00:00,8.04,8.22,8.02,8.17,8.17,667386,8.22,8.02,8.04,667386,0.0,1.0
2019-01-14 00:00:00,8.09,8.16,7.94,7.97,7.97,397542,8.16,7.94,8.09,397542,0.0,1.0
2019-01-15 00:00:00,8.02,8.19,7.98,8.14,8.14,446423,8.19,7.98,8.02,446423,0.0,1.0
2019-01-16 00:00:00,8.12,8.17,8.02,8.16,8.16,333524,8.17,8.02,8.12,333524,0.0,1.0
2019-01-17 00:00:00,8.02,8.245,7.96,8.21,8.21,942219,8.245,7.96,8.02,942219,0.0,1.0
2019-01-18 00:00:00,8.37,8.55,8.26,8.54,8.54,693791,8.55,8.26,8.37,693791,0.0,1.0
2019-01-22 00:00:00,8.47,8.52,8.28,8.35,8.35,511875,8.52,8.28,8.47,511875,0.0,1.0
2019-01-23 00:00:00,8.42,8.42,8.09,8.16,8.16,430152,8.42,8.09,8.42,430152,0.0,1.0
2019-01-24 00:00:00,8.15,8.29,8.02,8.19,8.19,323672,8.29,8.02,8.15,323672,0.0,1.0
2019-01-25 00:00:00,8.29,8.45,8.29,8.38,8.38,428515,8.45,8.29,8.29,428515,0.0,1.0
2019-01-28 00:00:00,8.22,8.335,8.14,8.27,8.27,339120,8.335,8.14,8.22,339120,0.0,1.0
2019-01-29 00:00:00,8.35,8.41,8.26,8.28,8.28,286274,8.41,8.26,8.35,286274,0.0,1.0
2019-01-30 00:00:00,8.37,8.42,8.2237,8.34,8.34,311178,8.42,8.2237,8.37,311178,0.0,1.0
2019-01-31 00:00:00,8.34,8.4,8.22,8.31,8.31,374850,8.4,8.22,8.34,374850,0.0,1.0
2019-02-01 00:00:00,8.33,8.56,8.3,8.51,8.51,352448,8.56,8.3,8.33,352448,0.0,1.0
2019-02-04 00:00:00,8.39,8.59,8.39,8.59,8.59,312587,8.59,8.39,8.39,312587,0.0,1.0
2019-02-05 00:00:00,8.59,8.69,8.53,8.67,8.67,369080,8.69,8.53,8.59,369080,0.0,1.0
2019-02-06 00:00:00,8.62,8.66,8.48,8.5,8.5,234145,8.66,8.48,8.62,234145,0.0,1.0
2019-02-07 00:00:00,8.46,8.52,8.205,8.25,8.25,412023,8.52,8.205,8.46,412023,0.0,1.0
2019-02-08 00:00:00,9.0,9.58,8.9647,9.29,9.29,1402896,9.58,8.9647,9.0,1402896,0.0,1.0
2019-02-11 00:00:00,9.25,9.37,8.87,9.27,9.27,1262472,9.37,8.87,9.25,1262472,0.0,1.0
2019-02-12 00:00:00,9.39,9.41,9.22,9.39,9.39,659859,9.41,9.22,9.39,659859,0.0,1.0
2019-02-13 00:00:00,9.4,9.4,9.09,9.14,9.14,702325,9.4,9.09,9.4,702325,0.0,1.0
2019-02-14 00:00:00,9.1,9.4,9.1,9.36,9.36,573562,9.4,9.1,9.1,573562,0.0,1.0
2019-02-15 00:00:00,9.44,9.45,9.29,9.37,9.37,885082,9.45,9.29,9.44,885082,0.0,1.0
2019-02-19 00:00:00,9.29,9.545,9.27,9.44,9.44,521202,9.545,9.27,9.29,521202,0.0,1.0
2019-02-20 00:00:00,9.36,9.675,9.35,9.65,9.65,845984,9.675,9.35,9.36,845984,0.0,1.0
2019-02-21 00:00:00,9.57,9.59,9.225,9.3,9.3,648275,9.59,9.225,9.57,648275,0.0,1.0
2019-02-22 00:00:00,9.26,9.31,9.12,9.19,9.19,674195,9.31,9.12,9.26,674195,0.0,1.0
2019-02-25 00:00:00,9.22,9.3252,9.1,9.11,9.11,545884,9.3252,9.1,9.22,545884,0.0,1.0
2019-02-26 00:00:00,9.09,9.17,8.99,9.06,9.06,454328,9.17,8.99,9.09,454328,0.0,1.0
2019-02-27 00:00:00,9.06,9.075,8.88,9.02,9.02,355048,9.075,8.88,9.06,355048,0.0,1.0
2019-02-28 00:00:00,9.01,9.01,8.735,8.84,8.84,451928,9.01,8.735,9.01,451928,0.0,1.0
2019-03-01 00:00:00,8.89,8.995,8.8,8.89,8.89,380014,8.995,8.8,8.89,380014,0.0,1.0
2019-03-04 00:00:00,8.9,8.995,8.765,8.78,8.78,509665,8.995,8.765,8.9,509665,0.0,1.0
2019-03-05 00:00:00,8.8,8.81,8.53,8.55,8.55,343916,8.81,8.53,8.8,343916,0.0,1.0
2019-03-06 00:00:00,8.5,8.57,8.3,8.3,8.3,591810,8.57,8.3,8.5,591810,0.0,1.0
2019-03-07 00:00:00,8.34,8.4,8.15,8.16,8.16,389215,8.4,8.15,8.34,389215,0.0,1.0
2019-03-08 00:00:00,8.0,8.13,7.94,8.01,8.01,318083,8.13,7.94,8.0,318083,0.0,1.0
2019-03-11 00:00:00,8.1,8.28,8.05,8.15,8.15,288371,8.28,8.05,8.1,288371,0.0,1.0
2019-03-12 00:00:00,8.19,8.31,8.17,8.27,8.27,267980,8.31,8.17,8.19,267980,0.0,1.0
2019-03-13 00:00:00,8.35,8.67,8.3,8.58,8.58,519929,8.67,8.3,8.35,519929,0.0,1.0
2019-03-14 00:00:00,8.58,8.68,8.43,8.43,8.43,341700,8.68,8.43,8.58,341700,0.0,1.0
2019-03-15 00:00:00,8.43,8.61,8.34,8.35,8.35,1200934,8.61,8.34,8.43,1200934,0.0,1.0
2019-03-18 00:00:00,8.38,8.73,8.38,8.7,8.7,463299,8.73,8.38,8.38,463299,0.0,1.0
2019-03-19 00:00:00,8.77,8.88,8.72,8.83,8.83,625529,8.88,8.72,8.77,625529,0.0,1.0
2019-03-20 00:00:00,8.81,9.23,8.8,9.07,9.07,1265859,9.23,8.8,8.81,1265859,0.0,1.0
2019-03-21 00:00:00,9.07,9.27,9.0,9.01,9.01,542917,9.27,9.0,9.07,542917,0.0,1.0
2019-03-22 00:00:00,8.9,8.9,8.52,8.52,8.52,685504,8.9,8.52,8.9,685504,0.0,1.0
2019-03-25 00:00:00,8.46,8.71,8.37,8.69,8.69,332484,8.71,8.37,8.46,332484,0.0,1.0
2019-03-26 00:00:00,8.83,9.03,8.795,8.97,8.97,490040,9.03,8.795,8.83,490040,0.0,1.0
2019-03-27 00:00:00,8.95,9.1,8.74,8.78,8.78,543219,9.1,8.74,8.95,543219,0.0,1.0
2019-03-28 00:00:00,8.75,9.06,8.58,9.04,9.04,568985,9.06,8.58,8.75,568985,0.0,1.0
2019-03-29 00:00:00,9.2,9.23,9.01,9.16,9.16,601389,9.23,9.01,9.2,601389,0.0,1.0
2019-04-01 00:00:00,9.22,9.31,9.13,9.29,9.29,838698,9.31,9.13,9.22,838698,0.0,1.0
2019-04-02 00:00:00,9.34,9.4,9.29,9.34,9.34,1212672,9.4,9.29,9.34,1212672,0.0,1.0
2019-04-03 00:00:00,9.4,9.48,9.23,9.27,9.27,667631,9.48,9.23,9.4,667631,0.0,1.0
2019-04-04 00:00:00,9.27,9.38,9.13,9.36,9.36,475056,9.38,9.13,9.27,475056,0.0,1.0
2019-04-05 00:00:00,9.43,9.57,9.33,9.52,9.52,600864,9.57,9.33,9.43,600864,0.0,1.0
2019-04-08 00:00:00,9.5,9.5229,9.23,9.25,9.25,439355,9.5229,9.23,9.5,439355,0.0,1.0
2019-04-09 00:00:00,9.19,9.24,9.04,9.07,9.07,347429,9.24,9.04,9.19,347429,0.0,1.0
2019-04-10 00:00:00,9.15,9.28,9.09,9.25,9.25,387411,9.28,9.09,9.15,387411,0.0,1.0
2019-04-11 00:00:00,9.23,9.25,9.06,9.14,9.14,384919,9.25,9.06,9.23,384919,0.0,1.0
2019-04-12 00:00:00,9.32,9.33,9.08,9.09,9.09,364786,9.33,9.08,9.32,364786,0.0,1.0
2019-04-15 00:00:00,9.04,9.09,8.96,9.01,9.01,230316,9.09,8.96,9.04,230316,0.0,1.0
2019-04-16 00:00:00,9.06,9.145,8.85,9.08,9.08,495248,9.145,8.85,9.06,495248,0.0,1.0
2019-04-17 00:00:00,9.13,9.21,8.91,8.91,8.91,452119,9.21,8.91,9.13,452119,0.0,1.0
2019-04-18 00:00:00,8.84,9.04,8.79,8.79,8.79,420304,9.04,8.79,8.84,420304,0.0,1.0
2019-04-22 00:00:00,8.88,8.995,8.79,8.96,8.96,364115,8.995,8.79,8.88,364115,0.0,1.0
2019-04-23 00:00:00,8.95,9.07,8.9,8.9,8.9,346343,9.07,8.9,8.95,346343,0.0,1.0
2019-04-24 00:00:00,8.85,8.87,8.545,8.57,8.57,542524,8.87,8.545,8.85,542524,0.0,1.0
2019-04-25 00:00:00,8.56,8.64,8.48,8.52,8.52,334235,8.64,8.48,8.56,334235,0.0,1.0
2019-04-26 00:00:00,8.33,8.33,7.05,7.06,7.06,1391266,8.33,7.05,8.33,1391266,0.0,1.0
2019-04-29 00:00:00,7.09,7.79,7.065,7.55,7.55,1659397,7.79,7.065,7.09,1659397,0.0,1.0
2019-04-30 00:00:00,7.55,7.64,7.29,7.3,7.3,719089,7.64,7.29,7.55,719089,0.0,1.0
2019-05-01 00:00:00,7.33,7.5,7.24,7.35,7.35,1803278,7.5,7.24,7.33,1803278,0.0,1.0
2019-05-02 00:00:00,7.33,7.44,7.33,7.33,7.33,1067236,7.44,7.33,7.33,1067236,0.0,1.0
2019-05-03 00:00:00,7.43,7.5,7.33,7.44,7.44,832754,7.5,7.33,7.43,832754,0.0,1.0
2019-05-06 00:00:00,7.34,7.705,7.3,7.58,7.58,632591,7.705,7.3,7.34,632591,0.0,1.0
2019-05-07 00:00:00,7.49,7.62,7.35,7.49,7.49,568158,7.62,7.35,7.49,568158,0.0,1.0
2019-05-08 00:00:00,7.49,7.64,7.47,7.55,7.55,557046,7.64,7.47,7.49,557046,0.0,1.0
2019-05-09 00:00:00,7.59,7.705,7.52,7.55,7.55,896661,7.705,7.52,7.59,896661,0.0,1.0
2019-05-10 00:00:00,7.55,7.6,7.47,7.49,7.49,660844,7.6,7.47,7.55,660844,0.0,1.0
2019-05-13 00:00:00,7.38,7.5,7.21,7.27,7.27,496613,7.5,7.21,7.38,496613,0.0,1.0
2019-05-14 00:00:00,7.35,7.5576,7.32,7.52,7.52,393019,7.5576,7.32,7.35,393019,0.0,1.0
2019-05-15 00:00:00,7.39,7.655,7.35,7.62,7.62,420262,7.655,7.35,7.39,420262,0.0,1.0
2019-05-16 00:00:00,7.65,7.825,7.61,7.8,7.8,516689,7.825,7.61,7.65,516689,0.0,1.0
2019-05-17 00:00:00,7.71,7.755,7.61,7.61,7.61,421653,7.755,7.61,7.71,421653,0.0,1.0
2019-05-20 00:00:00,7.56,7.71,7.52,7.6,7.6,356400,7.71,7.52,7.56,356400,0.0,1.0
2019-05-21 00:00:00,7.62,7.69,7.58,7.6,7.6,217166,7.69,7.58,7.62,217166,0.0,1.0
2019-05-22 00:00:00,7.5,7.56,7.4,7.44,7.44,233793,7.56,7.4,7.5,233793,0.0,1.0
2019-05-23 00:00:00,7.3,7.35,7.155,7.34,7.34,498450,7.35,7.155,7.3,498450,0.0,1.0
2019-05-24 00:00:00,7.45,7.48,7.22,7.26,7.26,331657,7.48,7.22,7.45,331657,0.0,1.0
2019-05-28 00:00:00,7.3,7.335,7.22,7.24,7.24,361556,7.335,7.22,7.3,361556,0.0,1.0
2019-05-29 00:00:00,7.09,7.21,7.04,7.11,7.11,302440,7.21,7.04,7.09,302440,0.0,1.0
2019-05-30 00:00:00,7.13,7.2,6.91,7.0,7.0,234592,7.2,6.91,7.13,234592,0.0,1.0
2019-05-31 00:00:00,6.9,6.99,6.79,6.99,6.99,473465,6.99,6.79,6.9,473465,0.0,1.0
2019-06-03 00:00:00,7.0,7.16,6.985,7.05,7.05,755892,7.16,6.985,7.0,755892,0.0,1.0
2019-06-04 00:00:00,7.15,7.17,7.05,7.14,7.14,353228,7.17,7.05,7.15,353228,0.0,1.0
2019-06-05 00:00:00,7.14,7.24,6.92,6.92,6.92,274330,7.24,6.92,7.14,274330,0.0,1.0
2019-06-06 00:00:00,6.92,7.05,6.79,6.97,6.97,309981,7.05,6.79,6.92,309981,0.0,1.0
2019-06-07 00:00:00,7.0,7.14,6.93,7.1,7.1,349326,7.14,6.93,7.0,349326,0.0,1.0
2019-06-10 00:00:00,7.11,7.28,7.11,7.13,7.13,312291,7.28,7.11,7.11,312291,0.0,1.0
2019-06-11 00:00:00,7.21,7.25,6.815,6.9,6.9,688228,7.25,6.815,7.21,688228,0.0,1.0
2019-06-12 00:00:00,6.85,6.85,6.52,6.54,6.54,421709,6.85,6.52,6.85,421709,0.0,1.0
2019-06-13 00:00:00,6.65,6.7,6.52,6.6,6.6,828444,6.7,6.52,6.65,828444,0.0,1.0
2019-06-14 00:00:00,6.6,6.62,6.34,6.37,6.37,442151,6.62,6.34,6.6,442151,0.0,1.0
2019-06-17 00:00:00,6.33,6.575,6.3,6.53,6.53,924471,6.575,6.3,6.33,924471,0.0,1.0
2019-06-18 00:00:00,6.59,6.69,6.52,6.56,6.56,463100,6.69,6.52,6.59,463100,0.0,1.0
2019-06-19 00:00:00,6.51,6.69,6.45,6.64,6.64,659848,6.69,6.45,6.51,659848,0.0,1.0
2019-06-20 00:00:00,6.83,6.895,6.745,6.88,6.88,538855,6.895,6.745,6.83,538855,0.0,1.0
2019-06-21 00:00:00,6.86,7.045,6.85,7.04,7.04,597240,7.045,6.85,6.86,597240,0.0,1.0
2019-06-24 00:00:00,7.02,7.12,6.85,6.87,6.87,419109,7.12,6.85,7.02,419109,0.0,1.0
2019-06-25 00:00:00,6.92,7.07,6.84,6.96,6.96,344542,7.07,6.84,6.92,344542,0.0,1.0
2019-06-26 00:00:00,7.07,7.27,6.98,7.18,7.18,422529,7.27,6.98,7.07,422529,0.0,1.0
2019-06-27 00:00:00,7.17,7.24,7.05,7.24,7.24,423153,7.24,7.05,7.17,423153,0.0,1.0
2019-06-28 00:00:00,7.28,7.42,7.24,7.42,7.42,835065,7.42,7.24,7.28,835065,0.0,1.0
2019-07-01 00:00:00,7.57,7.585,7.29,7.38,7.38,445875,7.585,7.29,7.57,445875,0.0,1.0
2019-07-02 00:00:00,7.34,7.34,7.08,7.12,7.12,356394,7.34,7.08,7.34,356394,0.0,1.0
2019-07-03 00:00:00,7.12,7.12,7.02,7.09,7.09,169533,7.12,7.02,7.12,169533,0.0,1.0
2019-07-05 00:00:00,7.04,7.2,7.02,7.18,7.18,225253,7.2,7.02,7.04,225253,0.0,1.0
2019-07-08 00:00:00,7.17,7.33,7.13,7.22,7.22,311208,7.33,7.13,7.17,311208,0.0,1.0
2019-07-09 00:00:00,7.19,7.19,6.97,6.98,6.98,297642,7.19,6.97,7.19,297642,0.0,1.0
2019-07-10 00:00:00,7.06,7.12,6.92,7.04,7.04,449542,7.12,6.92,7.06,449542,0.0,1.0
2019-07-11 00:00:00,7.02,7.05,6.93,6.99,6.99,233994,7.05,6.93,7.02,233994,0.0,1.0
2019-07-12 00:00:00,7.05,7.07,6.92,6.97,6.97,306643,7.07,6.92,7.05,306643,0.0,1.0
2019-07-15 00:00:00,7.04,7.05,6.78,6.79,6.79,326730,7.05,6.78,7.04,326730,0.0,1.0
2019-07-16 00:00:00,6.77,6.77,6.65,6.68,6.68,284672,6.77,6.65,6.77,284672,0.0,1.0
2019-07-17 00:00:00,6.66,6.66,6.47,6.48,6.48,404163,6.66,6.47,6.66,404163,0.0,1.0
2019-07-18 00:00:00,6.47,6.48,6.29,6.4,6.4,548499,6.48,6.29,6.47,548499,0.0,1.0
2019-07-19 00:00:00,6.4,6.675,6.4,6.65,6.65,472598,6.675,6.4,6.4,472598,0.0,1.0
2019-07-22 00:00:00,6.66,6.875,6.66,6.83,6.83,312543,6.875,6.66,6.66,312543,0.0,1.0
2019-07-23 00:00:00,6.83,7.06,6.83,7.0,7.0,489650,7.06,6.83,6.83,489650,0.0,1.0
2019-07-24 00:00:00,6.97,7.22,6.935,7.2,7.2,489693,7.22,6.935,6.97,489693,0.0,1.0
2019-07-25 00:00:00,7.22,7.22,6.885,6.96,6.96,284493,7.22,6.885,7.22,284493,0.0,1.0
2019-07-26 00:00:00,7.0,7.15,6.9,7.1,7.1,374655,7.15,6.9,7.0,374655,0.0,1.0
2019-07-29 00:00:00,7.09,7.09,6.66,6.69,6.69,378334,7.09,6.66,7.09,378334,0.0,1.0
2019-07-30 00:00:00,6.61,7.196,6.6,7.13,7.13,440696,7.196,6.6,6.61,440696,0.0,1.0
2019-07-31 00:00:00,6.84,7.84,6.83,7.63,7.63,943893,7.84,6.83,6.84,943893,0.0,1.0
2019-08-01 00:00:00,7.49,7.68,7.02,7.09,7.09,705779,7.68,7.02,7.49,705779,0.0,1.0
2019-08-02 00:00:00,7.05,7.17,6.94,7.05,7.05,392558,7.17,6.94,7.05,392558,0.0,1.0
2019-08-05 00:00:00,6.8,7.085,6.79,7.05,7.05,418220,7.085,6.79,6.8,418220,0.0,1.0
2019-08-06 00:00:00,7.08,7.16,6.82,6.9,6.9,419296,7.16,6.82,7.08,419296,0.0,1.0
2019-08-07 00:00:00,6.7,7.085,6.7,7.01,7.01,335894,7.085,6.7,6.7,335894,0.0,1.0
2019-08-08 00:00:00,7.06,7.2,7.0,7.19,7.19,269950,7.2,7.0,7.06,269950,0.0,1.0
2019-08-09 00:00:00,7.29,7.32,7.09,7.24,7.24,529486,7.32,7.09,7.29,529486,0.0,1.0
2019-08-12 00:00:00,7.23,7.275,7.18,7.23,7.23,552286,7.275,7.18,7.23,552286,0.0,1.0
2019-08-13 00:00:00,7.18,7.43,7.15,7.42,7.42,409142,7.43,7.15,7.18,409142,0.0,1.0
2019-08-14 00:00:00,7.16,7.24,6.65,6.7,6.7,351359,7.24,6.65,7.16,351359,0.0,1.0
2019-08-15 00:00:00,6.65,6.69,6.51,6.66,6.66,175664,6.69,6.51,6.65,175664,0.0,1.0
2019-08-16 00:00:00,6.7,6.93,6.61,6.9,6.9,299286,6.93,6.61,6.7,299286,0.0,1.0
2019-08-19 00:00:00,7.05,7.05,6.77,6.79,6.79,753720,7.05,6.77,7.05,753720,0.0,1.0
2019-08-20 00:00:00,6.68,6.82,6.615,6.67,6.67,235134,6.82,6.615,6.68,235134,0.0,1.0
2019-08-21 00:00:00,6.76,6.76,6.59,6.59,6.59,253342,6.76,6.59,6.76,253342,0.0,1.0
2019-08-22 00:00:00,6.65,6.73,6.52,6.52,6.52,279203,6.73,6.52,6.65,279203,0.0,1.0
2019-08-23 00:00:00,6.44,6.56,6.24,6.24,6.24,439711,6.56,6.24,6.44,439711,0.0,1.0
2019-08-26 00:00:00,6.4,6.48,6.21,6.23,6.23,361831,6.48,6.21,6.4,361831,0.0,1.0
2019-08-27 00:00:00,6.28,6.32,6.07,6.15,6.15,591056,6.32,6.07,6.28,591056,0.0,1.0
2019-08-28 00:00:00,6.17,6.415,6.06,6.34,6.34,440427,6.415,6.06,6.17,440427,0.0,1.0
2019-08-29 00:00:00,6.42,6.65,6.37,6.62,6.62,487173,6.65,6.37,6.42,487173,0.0,1.0
2019-08-30 00:00:00,6.63,6.68,6.51,6.61,6.61,351662,6.68,6.51,6.63,351662,0.0,1.0
2019-09-03 00:00:00,6.47,6.525,6.34,6.5,6.5,345077,6.525,6.34,6.47,345077,0.0,1.0
2019-09-04 00:00:00,6.64,6.75,6.48,6.71,6.71,462252,6.75,6.48,6.64,462252,0.0,1.0
2019-09-05 00:00:00,6.81,7.01,6.77,6.9,6.9,539351,7.01,6.77,6.81,539351,0.0,1.0
2019-09-06 00:00:00,6.85,6.96,6.73,6.88,6.88,371699,6.96,6.73,6.85,371699,0.0,1.0
2019-09-09 00:00:00,6.99,7.04,6.835,7.03,7.03,716571,7.04,6.835,6.99,716571,0.0,1.0
2019-09-10 00:00:00,7.1,7.55,7.0341,7.45,7.45,965931,7.55,7.0341,7.1,965931,0.0,1.0
2019-09-11 00:00:00,7.54,7.5994,7.235,7.46,7.46,491083,7.5994,7.235,7.54,491083,0.0,1.0
2019-09-12 00:00:00,7.4,7.51,7.01,7.5,7.5,590682,7.51,7.01,7.4,590682,0.0,1.0
2019-09-13 00:00:00,7.6,7.73,7.42,7.65,7.65,710157,7.73,7.42,7.6,710157,0.0,1.0
2019-09-16 00:00:00,7.95,8.08,7.8,7.91,7.91,814185,8.08,7.8,7.95,814185,0.0,1.0
2019-09-17 00:00:00,7.89,7.97,7.49,7.95,7.95,830614,7.97,7.49,7.89,830614,0.0,1.0
2019-09-18 00:00:00,7.93,8.0,7.69,7.8,7.8,475688,8.0,7.69,7.93,475688,0.0,1.0
2019-09-19 00:00:00,7.89,7.92,7.685,7.73,7.73,398872,7.92,7.685,7.89,398872,0.0,1.0
2019-09-20 00:00:00,7.74,7.87,7.63,7.81,7.81,1097934,7.87,7.63,7.74,1097934,0.0,1.0
2019-09-23 00:00:00,7.72,7.92,7.66,7.9,7.9,500747,7.92,7.66,7.72,500747,0.0,1.0
2019-09-24 00:00:00,7.88,7.97,7.75,7.86,7.86,736685,7.97,7.75,7.88,736685,0.0,1.0
2019-09-25 00:00:00,7.75,7.965,7.71,7.88,7.88,520569,7.965,7.71,7.75,520569,0.0,1.0
2019-09-26 00:00:00,7.77,7.78,7.64,7.7,7.7,549294,7.78,7.64,7.77,549294,0.0,1.0
2019-09-27 00:00:00,7.59,7.74,7.45,7.59,7.59,597516,7.74,7.45,7.59,597516,0.0,1.0
2019-09-30 00:00:00,7.57,7.7,7.48,7.62,7.62,504357,7.7,7.48,7.57,504357,0.0,1.0
2019-10-01 00:00:00,7.69,7.74,7.44,7.44,7.44,414536,7.74,7.44,7.69,414536,0.0,1.0
2019-10-02 00:00:00,7.39,7.42,7.26,7.33,7.33,368153,7.42,7.26,7.39,368153,0.0,1.0
2019-10-03 00:00:00,7.24,7.45,7.1,7.4,7.4,374614,7.45,7.1,7.24,374614,0.0,1.0
2019-10-04 00:00:00,7.43,7.49,7.32,7.43,7.43,291514,7.49,7.32,7.43,291514,0.0,1.0
2019-10-07 00:00:00,7.49,7.63,7.4,7.5,7.5,333933,7.63,7.4,7.49,333933,0.0,1.0
2019-10-08 00:00:00,7.34,7.56,7.27,7.44,7.44,335125,7.56,7.27,7.34,335125,0.0,1.0
2019-10-09 00:00:00,7.56,7.56,7.27,7.29,7.29,306758,7.56,7.27,7.56,306758,0.0,1.0
2019-10-10 00:00:00,7.28,7.37,7.2,7.36,7.36,389055,7.37,7.2,7.28,389055,0.0,1.0
2019-10-11 00:00:00,7.5,7.68,7.44,7.55,7.55,438458,7.68,7.44,7.5,438458,0.0,1.0
2019-10-14 00:00:00,7.39,7.39,6.91,6.93,6.93,601780,7.39,6.91,7.39,601780,0.0,1.0
2019-10-15 00:00:00,6.77,7.07,6.56,6.93,6.93,767420,7.07,6.56,6.77,767420,0.0,1.0
2019-10-16 00:00:00,6.93,6.99,6.85,6.89,6.89,808755,6.99,6.85,6.93,808755,0.0,1.0
2019-10-17 00:00:00,6.96,7.06,6.895,7.03,7.03,326834,7.06,6.895,6.96,326834,0.0,1.0
2019-10-18 00:00:00,7.0,7.09,6.91,6.95,6.95,490666,7.09,6.91,7.0,490666,0.0,1.0
2019-10-21 00:00:00,7.04,7.17,6.97,7.09,7.09,335445,7.17,6.97,7.04,335445,0.0,1.0
2019-10-22 00:00:00,7.09,7.34,7.03,7.3,7.3,335517,7.34,7.03,7.09,335517,0.0,1.0
2019-10-23 00:00:00,7.25,7.5,7.12,7.46,7.46,243690,7.5,7.12,7.25,243690,0.0,1.0
2019-10-24 00:00:00,7.5,7.5,7.38,7.43,7.43,273750,7.5,7.38,7.5,273750,0.0,1.0
2019-10-25 00:00:00,7.42,7.51,7.04,7.25,7.25,759293,7.51,7.04,7.42,759293,0.0,1.0
2019-10-28 00:00:00,7.35,7.46,7.285,7.34,7.34,389351,7.46,7.285,7.35,389351,0.0,1.0
2019-10-29 00:00:00,7.24,7.38,7.16,7.34,7.34,699856,7.38,7.16,7.24,699856,0.0,1.0
2019-10-30 00:00:00,7.33,7.41,6.98,7.04,7.04,466689,7.41,6.98,7.33,466689,0.0,1.0
2019-10-31 00:00:00,5.92,6.26,5.25,6.0,6.0,1602171,6.26,5.25,5.92,1602171,0.0,1.0
2019-11-01 00:00:00,6.03,6.16,5.9801,6.02,6.02,1023962,6.16,5.9801,6.03,1023962,0.0,1.0
2019-11-04 00:00:00,6.1,6.89,6.1,6.85,6.85,1774257,6.89,6.1,6.1,1774257,0.0,1.0
2019-11-05 00:00:00,6.91,6.975,6.58,6.81,6.81,751478,6.975,6.58,6.91,751478,0.0,1.0
2019-11-06 00:00:00,6.73,6.83,6.53,6.56,6.56,454967,6.83,6.53,6.73,454967,0.0,1.0
2019-11-07 00:00:00,6.68,6.74,6.47,6.51,6.51,359623,6.74,6.47,6.68,359623,0.0,1.0
2019-11-08 00:00:00,6.46,6.77,6.38,6.76,6.76,663402,6.77,6.38,6.46,663402,0.0,1.0
2019-11-11 00:00:00,6.72,6.79,6.58,6.76,6.76,359429,6.79,6.58,6.72,359429,0.0,1.0
2019-11-12 00:00:00,6.82,6.85,6.68,6.81,6.81,609029,6.85,6.68,6.82,609029,0.0,1.0
2019-11-13 00:00:00,6.72,6.7465,6.5,6.5,6.5,509467,6.7465,6.5,6.72,509467,0.0,1.0
2019-11-14 00:00:00,6.54,6.54,6.29,6.33,6.33,722955,6.54,6.29,6.54,722955,0.0,1.0
2019-11-15 00:00:00,6.39,6.43,6.17,6.19,6.19,712736,6.43,6.17,6.39,712736,0.0,1.0
2019-11-18 00:00:00,6.15,6.15,5.94,5.98,5.98,553701,6.15,5.94,6.15,553701,0.0,1.0
2019-11-19 00:00:00,5.95,5.95,5.8,5.84,5.84,458088,5.95,5.8,5.95,458088,0.0,1.0
2019-11-20 00:00:00,5.96,5.96,5.65,5.9,5.9,1274482,5.96,5.65,5.96,1274482,0.0,1.0
2019-11-21 00:00:00,5.96,5.96,5.81,5.9,5.9,723766,5.96,5.81,5.96,723766,0.0,1.0
2019-11-22 00:00:00,5.91,6.11,5.91,6.09,6.09,775640,6.11,5.91,5.91,775640,0.0,1.0
2019-11-25 00:00:00,6.07,6.255,6.04,6.19,6.19,537015,6.255,6.04,6.07,537015,0.0,1.0
2019-11-26 00:00:00,6.16,6.21,6.03,6.04,6.04,247525,6.21,6.03,6.16,247525,0.0,1.0
2019-11-27 00:00:00,6.07,6.135,5.98,6.03,6.03,212258,6.135,5.98,6.07,212258,0.0,1.0
2019-11-29 00:00:00,5.93,5.97,5.83,5.86,5.86,147333,5.97,5.83,5.93,147333,0.0,1.0
2019-12-02 00:00:00,5.91,5.94,5.65,5.73,5.73,801762,5.94,5.65,5.91,801762,0.0,1.0
2019-12-03 00:00:00,5.69,5.81,5.58,5.75,5.75,668668,5.81,5.58,5.69,668668,0.0,1.0
2019-12-04 00:00:00,5.73,6.015,5.715,5.78,5.78,630343,6.015,5.715,5.73,630343,0.0,1.0
2019-12-05 00:00:00,5.79,5.86,5.65,5.7,5.7,376730,5.86,5.65,5.79,376730,0.0,1.0
2019-12-06 00:00:00,5.73,5.895,5.73,5.85,5.85,443928,5.895,5.73,5.73,443928,0.0,1.0
2019-12-09 00:00:00,5.79,5.89,5.78,5.8,5.8,438914,5.89,5.78,5.79,438914,0.0,1.0
2019-12-10 00:00:00,5.8,5.85,5.56,5.6,5.6,656089,5.85,5.56,5.8,656089,0.0,1.0
2019-12-11 00:00:00,5.6,5.69,5.55,5.61,5.61,472074,5.69,5.55,5.6,472074,0.0,1.0
2019-12-12 00:00:00,5.62,5.83,5.62,5.8,5.8,400637,5.83,5.62,5.62,400637,0.0,1.0
2019-12-13 00:00:00,5.79,5.95,5.705,5.86,5.86,699118,5.95,5.705,5.79,699118,0.0,1.0
2019-12-16 00:00:00,5.92,6.2,5.89,5.92,5.92,805100,6.2,5.89,5.92,805100,0.0,1.0
2019-12-17 00:00:00,5.92,6.1,5.92,6.06,6.06,370809,6.1,5.92,5.92,370809,0.0,1.0
2019-12-18 00:00:00,6.06,6.24,6.05,6.17,6.17,446651,6.24,6.05,6.06,446651,0.0,1.0
2019-12-19 00:00:00,6.1,6.24,6.1,6.14,6.14,476614,6.24,6.1,6.1,476614,0.0,1.0
2019-12-20 00:00:00,6.16,6.26,6.06,6.07,6.07,2189585,6.26,6.06,6.16,2189585,0.0,1.0
2019-12-23 00:00:00,6.08,6.28,6.0,6.27,6.27,373762,6.28,6.0,6.08,373762,0.0,1.0
2019-12-24 00:00:00,6.25,6.32,6.17,6.29,6.29,160324,6.32,6.17,6.25,160324,0.0,1.0
2019-12-26 00:00:00,6.33,6.39,6.21,6.22,6.22,262309,6.39,6.21,6.33,262309,0.0,1.0
2019-12-27 00:00:00,6.22,6.225,6.07,6.08,6.08,332487,6.225,6.07,6.22,332487,0.0,1.0
2019-12-30 00:00:00,6.08,6.2829,6.075,6.13,6.13,456346,6.2829,6.075,6.08,456346,0.0,1.0
2019-12-31 00:00:00,6.08,6.34,6.04,6.27,6.27,358515,6.34,6.04,6.08,358515,0.0,1.0
2020-01-02 00:00:00,6.27,6.3284,6.0,6.21,6.21,489492,6.3284,6.0,6.27,489492,0.0,1.0
2020-01-03 00:00:00,6.4,6.4,6.13,6.22,6.22,490993,6.4,6.13,6.4,490993,0.0,1.0
2020-01-06 00:00:00,6.15,6.385,6.07,6.35,6.35,558453,6.385,6.07,6.15,558453,0.0,1.0
2020-01-07 00:00:00,6.27,6.4,6.11,6.18,6.18,420135,6.4,6.11,6.27,420135,0.0,1.0
2020-01-08 00:00:00,6.16,6.16,5.91,5.96,5.96,490300,6.16,5.91,6.16,490300,0.0,1.0
2020-01-09 00:00:00,5.99,5.99,5.79,5.82,5.82,733867,5.99,5.79,5.99,733867,0.0,1.0
2020-01-10 00:00:00,5.81,5.83,5.63,5.69,5.69,841825,5.83,5.63,5.81,841825,0.0,1.0
2020-01-13 00:00:00,5.67,5.68,5.48,5.57,5.57,1427756,5.68,5.48,5.67,1427756,0.0,1.0
2020-01-14 00:00:00,5.59,5.6,5.45,5.49,5.49,1289730,5.6,5.45,5.59,1289730,0.0,1.0
2020-01-15 00:00:00,5.47,5.525,5.24,5.3,5.3,938942,5.525,5.24,5.47,938942,0.0,1.0
2020-01-16 00:00:00,5.34,5.57,5.34,5.44,5.44,621875,5.57,5.34,5.34,621875,0.0,1.0
2020-01-17 00:00:00,5.5,5.5,5.2,5.26,5.26,804437,5.5,5.2,5.5,804437,0.0,1.0
2020-01-21 00:00:00,5.26,5.41,5.19,5.28,5.28,752525,5.41,5.19,5.26,752525,0.0,1.0
2020-01-22 00:00:00,5.29,5.29,5.13,5.18,5.18,1098419,5.29,5.13,5.29,1098419,0.0,1.0
2020-01-23 00:00:00,5.1,5.34,4.98,5.23,5.23,738330,5.34,4.98,5.1,738330,0.0,1.0
2020-01-24 00:00:00,5.2,5.21,5.04,5.1,5.1,1737747,5.21,5.04,5.2,1737747,0.0,1.0
2020-01-27 00:00:00,5.01,5.36,4.97,5.23,5.23,637954,5.36,4.97,5.01,637954,0.0,1.0
2020-01-28 00:00:00,5.22,5.34,5.13,5.21,5.21,415303,5.34,5.13,5.22,415303,0.0,1.0
2020-01-29 00:00:00,5.25,5.34,5.13,5.14,5.14,307804,5.34,5.13,5.25,307804,0.0,1.0
2020-01-30 00:00:00,5.03,5.13,4.95,5.0,5.0,2927461,5.13,4.95,5.03,2927461,0.0,1.0
2020-01-31 00:00:00,4.95,5.02,4.89,5.0,5.0,1006543,5.02,4.89,4.95,1006543,0.0,1.0
2020-02-03 00:00:00,5.02,5.19,4.9686,5.17,5.17,737792,5.19,4.9686,5.02,737792,0.0,1.0
2020-02-04 00:00:00,5.23,5.31,5.16,5.21,5.21,568361,5.31,5.16,5.23,568361,0.0,1.0
2020-02-05 00:00:00,5.29,5.435,5.28,5.39,5.39,570863,5.435,5.28,5.29,570863,0.0,1.0
2020-02-06 00:00:00,5.4,5.4,5.13,5.16,5.16,621486,5.4,5.13,5.4,621486,0.0,1.0
2020-02-07 00:00:00,4.8,5.005,4.4201,4.48,4.48,1827326,5.005,4.4201,4.8,1827326,0.0,1.0
2020-02-10 00:00:00,4.44,4.48,4.18,4.3,4.3,932820,4.48,4.18,4.44,932820,0.0,1.0
2020-02-11 00:00:00,4.32,4.33,4.12,4.16,4.16,821465,4.33,4.12,4.32,821465,0.0,1.0
2020-02-12 00:00:00,4.2,4.53,4.17,4.49,4.49,1197774,4.53,4.17,4.2,1197774,0.0,1.0
2020-02-13 00:00:00,4.45,4.61,4.34,4.35,4.35,982334,4.61,4.34,4.45,982334,0.0,1.0
2020-02-14 00:00:00,4.39,4.4,4.18,4.23,4.23,905035,4.4,4.18,4.39,905035,0.0,1.0
2020-02-18 00:00:00,4.2,4.34,4.13,4.28,4.28,783960,4.34,4.13,4.2,783960,0.0,1.0
2020-02-19 00:00:00,4.3,4.4,4.21,4.27,4.27,1037332,4.4,4.21,4.3,1037332,0.0,1.0
2020-02-20 00:00:00,4.27,4.32,4.03,4.04,4.04,566827,4.32,4.03,4.27,566827,0.0,1.0
2020-02-21 00:00:00,4.04,4.05,3.72,3.72,3.72,843346,4.05,3.72,4.04,843346,0.0,1.0
2020-02-24 00:00:00,3.59,3.635,3.46,3.5,3.5,1352776,3.635,3.46,3.59,1352776,0.0,1.0
2020-02-25 00:00:00,3.47,3.6,3.325,3.34,3.34,1829180,3.6,3.325,3.47,1829180,0.0,1.0
2020-02-26 00:00:00,3.36,3.59,3.3,3.52,3.52,1479339,3.59,3.3,3.36,1479339,0.0,1.0
2020-02-27 00:00:00,3.41,3.53,3.17,3.44,3.44,1553980,3.53,3.17,3.41,1553980,0.0,1.0
2020-02-28 00:00:00,3.33,3.61,3.33,3.51,3.51,936449,3.61,3.33,3.33,936449,0.0,1.0
2020-03-02 00:00:00,3.54,3.56,3.25,3.36,3.36,1201522,3.56,3.25,3.54,1201522,0.0,1.0
2020-03-03 00:00:00,3.38,3.53,3.3,3.35,3.35,854101,3.53,3.3,3.38,854101,0.0,1.0
2020-03-04 00:00:00,3.43,3.7,3.35,3.58,3.58,1551487,3.7,3.35,3.43,1551487,0.0,1.0
2020-03-05 00:00:00,3.51,3.9,3.34,3.36,3.36,2152216,3.9,3.34,3.51,2152216,0.0,1.0
2020-03-06 00:00:00,3.24,3.41,2.92,2.96,2.96,924935,3.41,2.92,3.24,924935,0.0,1.0
2020-03-09 00:00:00,2.42,2.5,1.53,1.63,1.63,2233692,2.5,1.53,2.42,2233692,0.0,1.0
2020-03-10 00:00:00,1.9,1.9,1.26,1.32,1.32,3115952,1.9,1.26,1.9,3115952,0.0,1.0
2020-03-11 00:00:00,1.32,1.32,1.11,1.13,1.13,2185884,1.32,1.11,1.32,2185884,0.0,1.0
2020-03-12 00:00:00,1.11,1.45,1.08,1.21,1.21,2740306,1.45,1.08,1.11,2740306,0.0,1.0
2020-03-13 00:00:00,1.2,1.26,1.12,1.25,1.25,1913728,1.26,1.12,1.2,1913728,0.0,1.0
2020-03-16 00:00:00,1.21,1.48,1.18,1.27,1.27,1217780,1.48,1.18,1.21,1217780,0.0,1.0
2020-03-17 00:00:00,1.25,1.38,1.21,1.26,1.26,2263430,1.38,1.21,1.25,2263430,0.0,1.0
2020-03-18 00:00:00,1.23,1.27,1.14,1.21,1.21,1175761,1.27,1.14,1.23,1175761,0.0,1.0
2020-03-19 00:00:00,1.22,1.34,1.15,1.19,1.19,695259,1.34,1.15,1.22,695259,0.0,1.0
2020-03-20 00:00:00,1.19,1.27,1.05,1.22,1.22,1307152,1.27,1.05,1.19,1307152,0.0,1.0
2020-03-23 00:00:00,1.21,1.3,0.96,0.9708,0.9708,744476,1.3,0.96,1.21,744476,0.0,1.0
2020-03-24 00:00:00,1.02,1.07,0.97011,1.07,1.07,1046604,1.07,0.97011,1.02,1046604,0.0,1.0
2020-03-25 00:00:00,1.1,1.1029,0.9436,0.9708,0.9708,1774385,1.1029,0.9436,1.1,1774385,0.0,1.0
2020-03-26 00:00:00,1.01,1.059,0.96,0.9955,0.9955,1283372,1.059,0.96,1.01,1283372,0.0,1.0
2020-03-27 00:00:00,0.9968,0.9968,0.875,0.9,0.9,1290895,0.9968,0.875,0.9968,1290895,0.0,1.0
2020-03-30 00:00:00,0.9365,0.9428,0.8,0.8153,0.8153,1309253,0.9428,0.8,0.9365,1309253,0.0,1.0
2020-03-31 00:00:00,0.8578,0.98,0.856,0.897,0.897,699645,0.98,0.856,0.8578,699645,0.0,1.0
2020-04-01 00:00:00,0.9,0.9349,0.67,0.67,0.67,3723110,0.9349,0.67,0.9,3723110,0.0,1.0
2020-04-02 00:00:00,0.804,0.888,0.7029,0.72,0.72,918826,0.888,0.7029,0.804,918826,0.0,1.0
2020-04-03 00:00:00,0.83,0.83,0.65,0.693,0.693,1763855,0.83,0.65,0.83,1763855,0.0,1.0
2020-04-06 00:00:00,0.7,0.8191,0.7,0.753,0.753,1069082,0.8191,0.7,0.7,1069082,0.0,1.0
2020-04-07 00:00:00,0.7906,0.8415,0.77,0.7837,0.7837,2122892,0.8415,0.77,0.7906,2122892,0.0,1.0
2020-04-08 00:00:00,0.8407,0.9592,0.8229,0.9516,0.9516,944872,0.9592,0.8229,0.8407,944872,0.0,1.0
2020-04-09 00:00:00,1.09,1.27,1.05,1.11,1.11,2083805,1.27,1.05,1.09,2083805,0.0,1.0
2020-04-13 00:00:00,1.3,1.32,1.1,1.11,1.11,1008678,1.32,1.1,1.3,1008678,0.0,1.0
2020-04-14 00:00:00,1.15,1.15,1.0,1.09,1.09,2510222,1.15,1.0,1.15,2510222,0.0,1.0
2020-04-15 00:00:00,1.0,1.07,1.0,1.05,1.05,725392,1.07,1.0,1.0,725392,0.0,1.0
2020-04-16 00:00:00,1.05,1.13,1.02,1.13,1.13,968964,1.13,1.02,1.05,968964,0.0,1.0
2020-04-17 00:00:00,1.12,1.175,1.07,1.16,1.16,625981,1.175,1.07,1.12,625981,0.0,1.0
2020-04-20 00:00:00,1.12,1.25,1.01,1.02,1.02,1101001,1.25,1.01,1.12,1101001,0.0,1.0
2020-04-21 00:00:00,1.01,1.06,0.99,1.0,1.0,931183,1.06,0.99,1.01,931183,0.0,1.0
2020-04-22 00:00:00,1.01,1.13,0.9271,0.9714,0.9714,1212814,1.13,0.9271,1.01,1212814,0.0,1.0
2020-04-23 00:00:00,1.01,1.05,0.95,1.02,1.02,791367,1.05,0.95,1.01,791367,0.0,1.0
2020-04-24 00:00:00,1.01,1.04,0.9505,1.01,1.01,1030163,1.04,0.9505,1.01,1030163,0.0,1.0
2020-04-27 00:00:00,1.0,1.08,0.9875,1.05,1.05,773934,1.08,0.9875,1.0,773934,0.0,1.0
2020-04-28 00:00:00,1.08,1.14,1.04,1.08,1.08,1173977,1.14,1.04,1.08,1173977,0.0,1.0
2020-04-29 00:00:00,1.15,1.56,1.14,1.43,1.43,2979223,1.56,1.14,1.15,2979223,0.0,1.0
2020-04-30 00:00:00,1.58,1.69,1.37,1.53,1.53,2916895,1.69,1.37,1.58,2916895,0.0,1.0
2020-05-01 00:00:00,1.44,1.55,1.17,1.23,1.23,1392492,1.55,1.17,1.44,1392492,0.0,1.0
2020-05-04 00:00:00,1.2,1.3,1.1,1.18,1.18,970868,1.3,1.1,1.2,970868,0.0,1.0
2020-05-05 00:00:00,1.33,1.3901,1.25,1.3,1.3,1436296,1.3901,1.25,1.33,1436296,0.0,1.0
2020-05-06 00:00:00,1.27,1.49,1.17,1.3,1.3,1725748,1.49,1.17,1.27,1725748,0.0,1.0
2020-05-07 00:00:00,1.36,1.49,1.33,1.41,1.41,1701303,1.49,1.33,1.36,1701303,0.0,1.0
2020-05-08 00:00:00,1.45,1.6,1.4,1.6,1.6,1604534,1.6,1.4,1.45,1604534,0.0,1.0
2020-05-11 00:00:00,1.65,1.74,1.5,1.7,1.7,1189534,1.74,1.5,1.65,1189534,0.0,1.0
2020-05-12 00:00:00,1.7,1.78,1.61,1.67,1.67,1144739,1.78,1.61,1.7,1144739,0.0,1.0
2020-05-13 00:00:00,1.76,1.78,1.46,1.6,1.6,1183580,1.78,1.46,1.76,1183580,0.0,1.0
2020-05-14 00:00:00,1.54,1.71,1.42,1.57,1.57,858483,1.71,1.42,1.54,858483,0.0,1.0
2020-05-15 00:00:00,1.55,1.62,1.53,1.58,1.58,606972,1.62,1.53,1.55,606972,0.0,1.0
2020-05-18 00:00:00,1.63,2.12,1.63,2.08,2.08,1310129,2.12,1.63,1.63,1310129,0.0,1.0
2020-05-19 00:00:00,2.11,2.134,1.9,1.95,1.95,1146814,2.134,1.9,2.11,1146814,0.0,1.0
2020-05-20 00:00:00,2.0,2.38,1.9996,2.2,2.2,1271237,2.38,1.9996,2.0,1271237,0.0,1.0
2020-05-21 00:00:00,2.27,2.32,2.02,2.06,2.06,1194374,2.32,2.02,2.27,1194374,0.0,1.0
2020-05-22 00:00:00,2.12,2.132,1.96,2.01,2.01,647004,2.132,1.96,2.12,647004,0.0,1.0
2020-05-26 00:00:00,2.1,2.4,2.08,2.38,2.38,1023189,2.4,2.08,2.1,1023189,0.0,1.0
2020-05-27 00:00:00,2.5,2.52,2.23,2.31,2.31,1279374,2.52,2.23,2.5,1279374,0.0,1.0
2020-05-28 00:00:00,2.34,2.38,2.14,2.15,2.15,1381891,2.38,2.14,2.34,1381891,0.0,1.0
2020-05-29 00:00:00,2.15,2.23,1.94,2.02,2.02,2532558,2.23,1.94,2.15,2532558,0.0,1.0
2020-06-01 00:00:00,2.01,2.2,1.97,2.08,2.08,906539,2.2,1.97,2.01,906539,0.0,1.0
2020-06-02 00:00:00,2.11,2.285,2.11,2.23,2.23,1138368,2.285,2.11,2.11,1138368,0.0,1.0
2020-06-03 00:00:00,2.28,2.4,2.155,2.25,2.25,1143666,2.4,2.155,2.28,1143666,0.0,1.0
2020-06-04 00:00:00,2.25,2.52,2.21,2.48,2.48,1204582,2.52,2.21,2.25,1204582,0.0,1.0
2020-06-05 00:00:00,2.63,2.86,2.61,2.83,2.83,1412522,2.86,2.61,2.63,1412522,0.0,1.0
2020-06-08 00:00:00,3.0,3.33,3.0,3.18,3.18,1887048,3.33,3.0,3.0,1887048,0.0,1.0
2020-06-09 00:00:00,3.03,3.055,2.775,3.02,3.02,999324,3.055,2.775,3.03,999324,0.0,1.0
2020-06-10 00:00:00,2.91,2.92,2.59,2.66,2.66,1066492,2.92,2.59,2.91,1066492,0.0,1.0
2020-06-11 00:00:00,2.39,2.46,2.07,2.08,2.08,1303093,2.46,2.07,2.39,1303093,0.0,1.0
2020-06-12 00:00:00,2.28,2.47,2.185,2.31,2.31,1122886,2.47,2.185,2.28,1122886,0.0,1.0
2020-06-15 00:00:00,2.15,2.36,2.03,2.29,2.29,1320390,2.36,2.03,2.15,1320390,0.0,1.0
2020-06-16 00:00:00,2.55,2.55,2.21,2.23,2.23,1271042,2.55,2.21,2.55,1271042,0.0,1.0
2020-06-17 00:00:00,2.23,2.26,2.08,2.15,2.15,1121024,2.26,2.08,2.23,1121024,0.0,1.0
2020-06-18 00:00:00,2.11,2.29,2.05,2.07,2.07,1311122,2.29,2.05,2.11,1311122,0.0,1.0
2020-06-19 00:00:00,2.12,2.18,2.019,2.11,2.11,2775331,2.18,2.019,2.12,2775331,0.0,1.0
2020-06-22 00:00:00,2.08,2.11,1.81,1.94,1.94,1331596,2.11,1.81,2.08,1331596,0.0,1.0
2020-06-23 00:00:00,1.94,2.13,1.91,2.1,2.1,1073921,2.13,1.91,1.94,1073921,0.0,1.0
2020-06-24 00:00:00,2.03,2.03,1.76,1.81,1.81,1249095,2.03,1.76,2.03,1249095,0.0,1.0
2020-06-25 00:00:00,1.74,1.91,1.7,1.88,1.88,522779,1.91,1.7,1.74,522779,0.0,1.0
2020-06-26 00:00:00,1.8,1.97,1.705,1.91,1.91,2021854,1.97,1.705,1.8,2021854,0.0,1.0
2020-06-29 00:00:00,1.92,2.2,1.87,2.19,2.19,1210400,2.2,1.87,1.92,1210400,0.0,1.0
2020-06-30 00:00:00,2.19,2.27,2.1,2.23,2.23,860600,2.27,2.1,2.19,860600,0.0,1.0
2020-07-01 00:00:00,2.25,2.32,2.02,2.11,2.11,760700,2.32,2.02,2.25,760700,0.0,1.0
2020-07-02 00:00:00,2.15,2.29,2.04,2.07,2.07,606500,2.29,2.04,2.15,606500,0.0,1.0
2020-07-06 00:00:00,2.14,2.14,1.91,2.01,2.01,713200,2.14,1.91,2.14,713200,0.0,1.0
2020-07-07 00:00:00,1.97,2.02,1.88,1.93,1.93,864100,2.02,1.88,1.97,864100,0.0,1.0
2020-07-08 00:00:00,1.94,1.99,1.85,1.9,1.9,940100,1.99,1.85,1.94,940100,0.0,1.0
2020-07-09 00:00:00,1.86,1.89,1.71,1.78,1.78,539400,1.89,1.71,1.86,539400,0.0,1.0
2020-07-10 00:00:00,1.72,1.86,1.71,1.81,1.81,480000,1.86,1.71,1.72,480000,0.0,1.0
2020-07-13 00:00:00,1.83,1.84,1.6,1.67,1.67,919300,1.84,1.6,1.83,919300,0.0,1.0
2020-07-14 00:00:00,1.65,1.85,1.62,1.84,1.84,747900,1.85,1.62,1.65,747900,0.0,1.0
2020-07-15 00:00:00,1.9,2.0,1.87,1.97,1.97,1075100,2.0,1.87,1.9,1075100,0.0,1.0
2020-07-16 00:00:00,1.96,1.97,1.87,1.93,1.93,518000,1.97,1.87,1.96,518000,0.0,1.0
2020-07-17 00:00:00,1.9,1.99,1.85,1.87,1.87,531100,1.99,1.85,1.9,531100,0.0,1.0
2020-07-20 00:00:00,1.87,1.93,1.82,1.86,1.86,343588,1.93,1.82,1.87,343588,0.0,1.0
2020-07-21 00:00:00,1.93,2.15,1.93,2.12,2.12,695982,2.15,1.93,1.93,695982,0.0,1.0
2020-07-22 00:00:00,2.06,2.07,1.94,2.01,2.01,433767,2.07,1.94,2.06,433767,0.0,1.0
2020-07-23 00:00:00,2.01,2.075,1.945,2.06,2.06,498397,2.075,1.945,2.01,498397,0.0,1.0
2020-07-24 00:00:00,2.05,2.12,1.97,2.05,2.05,396341,2.12,1.97,2.05,396341,0.0,1.0
2020-07-27 00:00:00,2.09,2.09,1.925,1.98,1.98,369956,2.09,1.925,2.09,369956,0.0,1.0
2020-07-28 00:00:00,2.01,2.03,1.89,1.89,1.89,910574,2.03,1.89,2.01,910574,0.0,1.0
2020-07-29 00:00:00,1.91,1.99,1.88,1.97,1.97,498215,1.99,1.88,1.91,498215,0.0,1.0
2020-07-30 00:00:00,1.93,1.96,1.85,1.94,1.94,389461,1.96,1.85,1.93,389461,0.0,1.0
2020-07-31 00:00:00,1.91,1.92,1.84,1.89,1.89,454550,1.92,1.84,1.91,454550,0.0,1.0
2020-08-03 00:00:00,1.87,2.02,1.86,1.99,1.99,540223,2.02,1.86,1.87,540223,0.0,1.0
2020-08-04 00:00:00,1.98,1.98,1.855,1.89,1.89,1224736,1.98,1.855,1.98,1224736,0.0,1.0
2020-08-05 00:00:00,1.89,2.01,1.88,1.98,1.98,1039597,2.01,1.88,1.89,1039597,0.0,1.0
2020-08-06 00:00:00,1.98,2.06,1.9616,1.98,1.98,766200,2.06,1.9616,1.98,766200,0.0,1.0
2020-08-07 00:00:00,1.92,2.0,1.92,1.98,1.98,336747,2.0,1.92,1.92,336747,0.0,1.0
2020-08-10 00:00:00,2.02,2.13,2.01,2.08,2.08,880532,2.13,2.01,2.02,880532,0.0,1.0
2020-08-11 00:00:00,2.09,2.22,2.08,2.13,2.13,823562,2.22,2.08,2.09,823562,0.0,1.0
2020-08-12 00:00:00,2.2,2.2,2.09,2.11,2.11,320294,2.2,2.09,2.2,320294,0.0,1.0
2020-08-13 00:00:00,2.08,2.09,2.0,2.07,2.07,366096,2.09,2.0,2.08,366096,0.0,1.0
2020-08-14 00:00:00,2.04,2.12,2.03,2.09,2.09,244169,2.12,2.03,2.04,244169,0.0,1.0
2020-08-17 00:00:00,2.08,2.1,2.025,2.08,2.08,349587,2.1,2.025,2.08,349587,0.0,1.0
2020-08-18 00:00:00,2.06,2.16,2.02,2.08,2.08,415438,2.16,2.02,2.06,415438,0.0,1.0
2020-08-19 00:00:00,2.06,2.12,2.02,2.08,2.08,545225,2.12,2.02,2.06,545225,0.0,1.0
2020-08-20 00:00:00,2.03,2.09,1.95,2.05,2.05,602538,2.09,1.95,2.03,602538,0.0,1.0
2020-08-21 00:00:00,2.0,2.015,1.9,1.97,1.97,882073,2.015,1.9,2.0,882073,0.0,1.0
2020-08-24 00:00:00,1.96,2.19,1.91,2.19,2.19,631875,2.19,1.91,1.96,631875,0.0,1.0
2020-08-25 00:00:00,2.19,2.24,2.01,2.1,2.1,606113,2.24,2.01,2.19,606113,0.0,1.0
2020-08-26 00:00:00,2.08,2.12,2.04,2.07,2.07,735750,2.12,2.04,2.08,735750,0.0,1.0
2020-08-27 00:00:00,2.09,2.095,1.98,2.0,2.0,469475,2.095,1.98,2.09,469475,0.0,1.0
2020-08-28 00:00:00,2.02,2.13,2.02,2.11,2.11,310127,2.13,2.02,2.02,310127,0.0,1.0
2020-08-31 00:00:00,2.12,2.12,1.95,1.95,1.95,604811,2.12,1.95,2.12,604811,0.0,1.0
2020-09-01 00:00:00,1.97,2.01,1.91,1.94,1.94,233655,2.01,1.91,1.97,233655,0.0,1.0
2020-09-02 00:00:00,1.93,1.95,1.88,1.92,1.92,173623,1.95,1.88,1.93,173623,0.0,1.0
2020-09-03 00:00:00,1.87,1.985,1.85,1.88,1.88,595251,1.985,1.85,1.87,595251,0.0,1.0
2020-09-04 00:00:00,1.93,1.93,1.81,1.9,1.9,449865,1.93,1.81,1.93,449865,0.0,1.0
2020-09-08 00:00:00,1.81,1.85,1.69,1.76,1.76,549479,1.85,1.69,1.81,549479,0.0,1.0
2020-09-09 00:00:00,1.74,1.75,1.6,1.6,1.6,316515,1.75,1.6,1.74,316515,0.0,1.0
2020-09-10 00:00:00,1.63,1.6391,1.53,1.54,1.54,337116,1.6391,1.53,1.63,337116,0.0,1.0
2020-09-11 00:00:00,1.55,1.56,1.46,1.47,1.47,275414,1.56,1.46,1.55,275414,0.0,1.0
2020-09-14 00:00:00,1.47,1.515,1.39,1.51,1.51,525433,1.515,1.39,1.47,525433,0.0,1.0
2020-09-15 00:00:00,1.54,1.575,1.48,1.54,1.54,264049,1.575,1.48,1.54,264049,0.0,1.0
2020-09-16 00:00:00,1.53,1.65,1.46,1.54,1.54,890895,1.65,1.46,1.53,890895,0.0,1.0
2020-09-17 00:00:00,1.54,1.6,1.465,1.53,1.53,962964,1.6,1.465,1.54,962964,0.0,1.0
2020-09-18 00:00:00,1.55,1.695,1.52,1.58,1.58,1198358,1.695,1.52,1.55,1198358,0.0,1.0
2020-09-21 00:00:00,1.55,1.55,1.4,1.47,1.47,1040912,1.55,1.4,1.55,1040912,0.0,1.0
2020-09-22 00:00:00,1.5,1.5299,1.44,1.46,1.46,706592,1.5299,1.44,1.5,706592,0.0,1.0
2020-09-23 00:00:00,1.44,1.45,1.3,1.3,1.3,604485,1.45,1.3,1.44,604485,0.0,1.0
2020-09-24 00:00:00,1.29,1.35,1.22,1.22,1.22,1023189,1.35,1.22,1.29,1023189,0.0,1.0
2020-09-25 00:00:00,1.19,1.28,1.17,1.27,1.27,1093016,1.28,1.17,1.19,1093016,0.0,1.0
2020-09-28 00:00:00,1.26,1.365,1.24,1.24,1.24,401123,1.365,1.24,1.26,401123,0.0,1.0
2020-09-29 00:00:00,1.2,1.23,1.16,1.18,1.18,813046,1.23,1.16,1.2,813046,0.0,1.0
2020-09-30 00:00:00,1.19,1.24,1.05,1.05,1.05,917900,1.24,1.05,1.19,917900,0.0,1.0
2020-10-01 00:00:00,1.07,1.0885,0.9385,0.9385,0.9385,2063278,1.0885,0.9385,1.07,2063278,0.0,1.0
2020-10-02 00:00:00,0.8601,0.8601,0.8,0.8,0.8,5293157,0.8601,0.8,0.8601,5293157,0.0,1.0
2020-10-05 00:00:00,0.84,0.9947,0.83,0.8671,0.8671,7305528,0.9947,0.83,0.84,7305528,0.0,1.0
2020-10-06 00:00:00,0.86,0.927,0.78,0.81,0.81,19512339,0.927,0.78,0.86,19512339,0.0,1.0
2020-10-07 00:00:00,0.8201,0.8826,0.8158,0.8611,0.8611,3665379,0.8826,0.8158,0.8201,3665379,0.0,1.0
2020-10-08 00:00:00,0.8702,0.9899,0.866,0.9662,0.9662,3254043,0.9899,0.866,0.8702,3254043,0.0,1.0
2020-10-09 00:00:00,1.0,1.0199,0.8885,0.9063,0.9063,1503564,1.0199,0.8885,1.0,1503564,0.0,1.0
2020-10-12 00:00:00,0.91,0.9101,0.8152,0.84,0.84,1608541,0.9101,0.8152,0.91,1608541,0.0,1.0
2020-10-13 00:00:00,0.85,0.8699,0.8216,0.825,0.825,960010,0.8699,0.8216,0.85,960010,0.0,1.0
2020-10-14 00:00:00,0.823,0.8963,0.823,0.8322,0.8322,1291387,0.8963,0.823,0.823,1291387,0.0,1.0
2020-10-15 00:00:00,0.83,0.88,0.81,0.8194,0.8194,2462952,0.88,0.81,0.83,2462952,0.0,1.0
2020-10-16 00:00:00,0.83,0.8957,0.8106,0.8156,0.8156,1820392,0.8957,0.8106,0.83,1820392,0.0,1.0
2020-10-19 00:00:00,0.8298,0.8595,0.803,0.8103,0.8103,1771685,0.8595,0.803,0.8298,1771685,0.0,1.0
2020-10-20 00:00:00,0.8158,0.91,0.815,0.8407,0.8407,1888540,0.91,0.815,0.8158,1888540,0.0,1.0
2020-10-21 00:00:00,0.8403,0.9438,0.834,0.8668,0.8668,1421811,0.9438,0.834,0.8403,1421811,0.0,1.0
2020-10-22 00:00:00,0.87,0.9372,0.83,0.9103,0.9103,1127568,0.9372,0.83,0.87,1127568,0.0,1.0
2020-10-23 00:00:00,0.91,0.9699,0.88,0.88,0.88,1251449,0.9699,0.88,0.91,1251449,0.0,1.0
2020-10-26 00:00:00,0.8709,0.8799,0.81,0.83,0.83,1135165,0.8799,0.81,0.8709,1135165,0.0,1.0
2020-10-27 00:00:00,0.8212,0.8465,0.8061,0.8234,0.8234,786964,0.8465,0.8061,0.8212,786964,0.0,1.0
2020-10-28 00:00:00,0.81,0.82,0.7407,0.75,0.75,1111988,0.82,0.7407,0.81,1111988,0.0,1.0
2020-10-29 00:00:00,0.73,0.763,0.7,0.7458,0.7458,1013205,0.763,0.7,0.73,1013205,0.0,1.0
2020-10-30 00:00:00,0.75,0.78,0.7102,0.7151,0.7151,1282225,0.78,0.7102,0.75,1282225,0.0,1.0
2020-11-02 00:00:00,0.76,0.8397,0.725,0.8033,0.8033,1118930,0.8397,0.725,0.76,1118930,0.0,1.0
2020-11-03 00:00:00,0.85,0.9099,0.8069,0.81,0.81,1496230,0.9099,0.8069,0.85,1496230,0.0,1.0
2020-11-04 00:00:00,0.821,0.8819,0.7701,0.81,0.81,697787,0.8819,0.7701,0.821,697787,0.0,1.0
2020-11-05 00:00:00,0.8413,0.85,0.8,0.8064,0.8064,925144,0.85,0.8,0.8413,925144,0.0,1.0
2020-11-06 00:00:00,0.7959,0.8595,0.7732,0.826,0.826,601645,0.8595,0.7732,0.7959,601645,0.0,1.0
2020-11-09 00:00:00,0.91,1.0599,0.9098,1.0,1.0,2928748,1.0599,0.9098,0.91,2928748,0.0,1.0
2020-11-10 00:00:00,1.06,1.1,1.015,1.09,1.09,1372288,1.1,1.015,1.06,1372288,0.0,1.0
2020-11-11 00:00:00,1.12,1.12,1.05,1.1,1.1,1070290,1.12,1.05,1.12,1070290,0.0,1.0
2020-11-12 00:00:00,1.1,1.12,1.03,1.04,1.04,851832,1.12,1.03,1.1,851832,0.0,1.0
2020-11-13 00:00:00,1.08,1.21,1.06,1.19,1.19,1053040,1.21,1.06,1.08,1053040,0.0,1.0
2020-11-16 00:00:00,1.26,1.35,1.21,1.33,1.33,3314373,1.35,1.21,1.26,3314373,0.0,1.0
2020-11-17 00:00:00,1.33,1.4,1.21,1.34,1.34,2333946,1.4,1.21,1.33,2333946,0.0,1.0
2020-11-18 00:00:00,1.43,1.67,1.4219,1.61,1.61,2885440,1.67,1.4219,1.43,2885440,0.0,1.0
2020-11-19 00:00:00,1.63,1.7,1.46,1.68,1.68,1784078,1.7,1.46,1.63,1784078,0.0,1.0
2020-11-20 00:00:00,1.68,1.7,1.51,1.6,1.6,1603159,1.7,1.51,1.68,1603159,0.0,1.0
2020-11-23 00:00:00,1.62,1.64,1.55,1.62,1.62,1644549,1.64,1.55,1.62,1644549,0.0,1.0
2020-11-24 00:00:00,1.67,1.81,1.65,1.75,1.75,2779706,1.81,1.65,1.67,2779706,0.0,1.0
2020-11-25 00:00:00,1.71,1.74,1.63,1.71,1.71,1233212,1.74,1.63,1.71,1233212,0.0,1.0
2020-11-27 00:00:00,1.73,1.7399,1.64,1.71,1.71,627918,1.7399,1.64,1.73,627918,0.0,1.0
2020-11-30 00:00:00,1.72,1.73,1.5,1.5,1.5,1631533,1.73,1.5,1.72,1631533,0.0,1.0
2020-12-01 00:00:00,1.55,1.59,1.51,1.53,1.53,804319,1.59,1.51,1.55,804319,0.0,1.0
2020-12-02 00:00:00,1.51,1.68,1.48,1.66,1.66,940720,1.68,1.48,1.51,940720,0.0,1.0
2020-12-03 00:00:00,1.67,1.7,1.6,1.63,1.63,1096257,1.7,1.6,1.67,1096257,0.0,1.0
2020-12-04 00:00:00,1.69,1.79,1.63,1.76,1.76,916230,1.79,1.63,1.69,916230,0.0,1.0
2020-12-07 00:00:00,1.77,1.8,1.65,1.77,1.77,917136,1.8,1.65,1.77,917136,0.0,1.0
2020-12-08 00:00:00,1.74,1.97,1.74,1.96,1.96,971938,1.97,1.74,1.74,971938,0.0,1.0
2020-12-09 00:00:00,2.02,2.09,1.88,1.94,1.94,1223877,2.09,1.88,2.02,1223877,0.0,1.0
2020-12-10 00:00:00,1.93,2.17,1.87,2.13,2.13,1104443,2.17,1.87,1.93,1104443,0.0,1.0
2020-12-11 00:00:00,2.12,2.12,1.95,2.03,2.03,966056,2.12,1.95,2.12,966056,0.0,1.0
2020-12-14 00:00:00,2.08,2.2,1.89,1.95,1.95,1174696,2.2,1.89,2.08,1174696,0.0,1.0
2020-12-15 00:00:00,1.92,2.03,1.9,2.02,2.02,587288,2.03,1.9,1.92,587288,0.0,1.0
2020-12-16 00:00:00,2.03,2.1,1.93,2.01,2.01,544387,2.1,1.93,2.03,544387,0.0,1.0
2020-12-17 00:00:00,2.04,2.08,1.975,2.07,2.07,570788,2.08,1.975,2.04,570788,0.0,1.0
2020-12-18 00:00:00,2.08,2.18,2.02,2.11,2.11,1882417,2.18,2.02,2.08,1882417,0.0,1.0
2020-12-21 00:00:00,1.98,2.0,1.86,1.99,1.99,997622,2.0,1.86,1.98,997622,0.0,1.0
2020-12-22 00:00:00,1.97,2.0,1.92,1.96,1.96,397425,2.0,1.92,1.97,397425,0.0,1.0
2020-12-23 00:00:00,1.93,2.08,1.92,2.06,2.06,723133,2.08,1.92,1.93,723133,0.0,1.0
2020-12-24 00:00:00,2.09,2.09,1.91,1.95,1.95,465809,2.09,1.91,2.09,465809,0.0,1.0
2020-12-28 00:00:00,2.02,2.11,1.91,1.95,1.95,920231,2.11,1.91,2.02,920231,0.0,1.0
2020-12-29 00:00:00,1.94,1.98,1.86,1.89,1.89,667671,1.98,1.86,1.94,667671,0.0,1.0
2020-12-30 00:00:00,1.86,1.94,1.86,1.91,1.91,326094,1.94,1.86,1.86,326094,0.0,1.0
2020-12-31 00:00:00,1.87,1.96,1.82,1.92,1.92,552499,1.96,1.82,1.87,552499,0.0,1.0
2021-01-04 00:00:00,1.95,2.04,1.93,1.97,1.97,770401,2.04,1.93,1.95,770401,0.0,1.0
2021-01-05 00:00:00,2.0,2.23,2.0,2.09,2.09,1021538,2.23,2.0,2.0,1021538,0.0,1.0
2021-01-06 00:00:00,2.08,2.57,2.06,2.39,2.39,2190853,2.57,2.06,2.08,2190853,0.0,1.0
2021-01-07 00:00:00,2.41,2.6,2.41,2.53,2.53,1166296,2.6,2.41,2.41,1166296,0.0,1.0
2021-01-08 00:00:00,2.73,2.7373,2.35,2.53,2.53,1293101,2.7373,2.35,2.73,1293101,0.0,1.0
2021-01-11 00:00:00,2.38,2.57,2.32,2.53,2.53,739863,2.57,2.32,2.38,739863,0.0,1.0
2021-01-12 00:00:00,2.57,2.745,2.5326,2.72,2.72,784586,2.745,2.5326,2.57,784586,0.0,1.0
2021-01-13 00:00:00,2.75,2.75,2.58,2.65,2.65,592063,2.75,2.58,2.75,592063,0.0,1.0
2021-01-14 00:00:00,2.64,2.8695,2.62,2.81,2.81,710213,2.8695,2.62,2.64,710213,0.0,1.0
2021-01-15 00:00:00,2.66,2.85,2.51,2.85,2.85,799505,2.85,2.51,2.66,799505,0.0,1.0
2021-01-19 00:00:00,2.92,2.95,2.8,2.82,2.82,712222,2.95,2.8,2.92,712222,0.0,1.0
2021-01-20 00:00:00,2.82,2.83,2.63,2.72,2.72,771417,2.83,2.63,2.82,771417,0.0,1.0
2021-01-21 00:00:00,2.66,2.7128,2.63,2.65,2.65,964838,2.7128,2.63,2.66,964838,0.0,1.0
2021-01-22 00:00:00,2.52,2.65,2.45,2.65,2.65,631879,2.65,2.45,2.52,631879,0.0,1.0
2021-01-25 00:00:00,2.56,2.609,2.46,2.55,2.55,512964,2.609,2.46,2.56,512964,0.0,1.0
2021-01-26 00:00:00,2.59,2.67,2.521,2.65,2.65,621657,2.67,2.521,2.59,621657,0.0,1.0
2021-01-27 00:00:00,2.57,2.625,2.34,2.36,2.36,777076,2.625,2.34,2.57,777076,0.0,1.0
2021-01-28 00:00:00,2.44,2.55,2.36,2.52,2.52,707912,2.55,2.36,2.44,707912,0.0,1.0
2021-01-29 00:00:00,2.49,2.57,2.29,2.39,2.39,956402,2.57,2.29,2.49,956402,0.0,1.0
2021-02-01 00:00:00,2.43,2.58,2.26,2.57,2.57,1043244,2.58,2.26,2.43,1043244,0.0,1.0
2021-02-02 00:00:00,2.69,2.69,2.5238,2.61,2.61,585991,2.69,2.5238,2.69,585991,0.0,1.0
2021-02-03 00:00:00,2.64,2.71,2.6,2.69,2.69,448607,2.71,2.6,2.64,448607,0.0,1.0
2021-02-04 00:00:00,2.71,2.7589,2.62,2.74,2.74,414273,2.7589,2.62,2.71,414273,0.0,1.0
2021-02-05 00:00:00,2.8,2.865,2.735,2.83,2.83,556150,2.865,2.735,2.8,556150,0.0,1.0
2021-02-08 00:00:00,2.89,3.0903,2.86,3.07,3.07,721881,3.0903,2.86,2.89,721881,0.0,1.0
2021-02-09 00:00:00,3.02,3.04,2.88,2.9,2.9,648296,3.04,2.88,3.02,648296,0.0,1.0
2021-02-10 00:00:00,2.9,3.01,2.82,2.84,2.84,615500,3.01,2.82,2.9,615500,0.0,1.0
2021-02-11 00:00:00,2.85,2.915,2.77,2.9,2.9,868600,2.915,2.77,2.85,868600,0.0,1.0
2021-02-12 00:00:00,2.95,2.975,2.6,2.86,2.86,1437847,2.975,2.6,2.95,1437847,0.0,1.0
2021-02-16 00:00:00,2.97,3.15,2.9301,3.12,3.12,1041650,3.15,2.9301,2.97,1041650,0.0,1.0
2021-02-17 00:00:00,3.11,3.44,3.11,3.4,3.4,2254864,3.44,3.11,3.11,2254864,0.0,1.0
2021-02-18 00:00:00,3.39,3.47,3.295,3.39,3.39,1041237,3.47,3.295,3.39,1041237,0.0,1.0
2021-02-19 00:00:00,3.35,3.57,3.34,3.52,3.52,838994,3.57,3.34,3.35,838994,0.0,1.0
2021-02-22 00:00:00,3.53,3.86,3.52,3.65,3.65,931863,3.86,3.52,3.53,931863,0.0,1.0
2021-02-23 00:00:00,3.7,3.7,3.375,3.61,3.61,844066,3.7,3.375,3.7,844066,0.0,1.0
2021-02-24 00:00:00,3.63,3.75,3.43,3.46,3.46,866655,3.75,3.43,3.63,866655,0.0,1.0
2021-02-25 00:00:00,3.46,3.52,3.31,3.43,3.43,663411,3.52,3.31,3.46,663411,0.0,1.0
2021-02-26 00:00:00,3.35,3.53,3.215,3.46,3.46,701625,3.53,3.215,3.35,701625,0.0,1.0
2021-03-01 00:00:00,3.54,3.94,3.54,3.92,3.92,922658,3.94,3.54,3.54,922658,0.0,1.0
2021-03-02 00:00:00,3.92,3.92,3.67,3.85,3.85,646769,3.92,3.67,3.92,646769,0.0,1.0
2021-03-03 00:00:00,3.89,4.03,3.85,3.94,3.94,1680903,4.03,3.85,3.89,1680903,0.0,1.0
2021-03-04 00:00:00,4.0,4.02,3.5,3.84,3.84,1249291,4.02,3.5,4.0,1249291,0.0,1.0
2021-03-05 00:00:00,3.95,4.03,3.55,3.98,3.98,1112942,4.03,3.55,3.95,1112942,0.0,1.0
2021-03-08 00:00:00,4.03,4.08,3.765,4.0,4.0,1162103,4.08,3.765,4.03,1162103,0.0,1.0
2021-03-09 00:00:00,3.99,3.99,3.67,3.75,3.75,792872,3.99,3.67,3.99,792872,0.0,1.0
2021-03-10 00:00:00,3.75,3.91,3.71,3.73,3.73,880484,3.91,3.71,3.75,880484,0.0,1.0
2021-03-11 00:00:00,3.73,3.73,3.56,3.65,3.65,788739,3.73,3.56,3.73,788739,0.0,1.0
2021-03-12 00:00:00,3.68,3.72,3.58,3.61,3.61,518056,3.72,3.58,3.68,518056,0.0,1.0
2021-03-15 00:00:00,3.59,3.69,3.35,3.56,3.56,1499179,3.69,3.35,3.59,1499179,0.0,1.0
2021-03-16 00:00:00,3.51,3.51,3.3,3.49,3.49,905214,3.51,3.3,3.51,905214,0.0,1.0
2021-03-17 00:00:00,3.45,3.55,3.38,3.48,3.48,982203,3.55,3.38,3.45,982203,0.0,1.0
2021-03-18 00:00:00,3.45,3.4923,3.07,3.16,3.16,1075788,3.4923,3.07,3.45,1075788,0.0,1.0
2021-03-19 00:00:00,3.11,3.49,3.09,3.26,3.26,2744334,3.49,3.09,3.11,2744334,0.0,1.0
2021-03-22 00:00:00,3.27,3.54,3.11,3.49,3.49,1249436,3.54,3.11,3.27,1249436,0.0,1.0
2021-03-23 00:00:00,3.37,3.4,3.08,3.14,3.14,1118831,3.4,3.08,3.37,1118831,0.0,1.0
2021-03-24 00:00:00,3.16,3.385,3.1,3.12,3.12,581769,3.385,3.1,3.16,581769,0.0,1.0
2021-03-25 00:00:00,3.04,3.17,2.96,3.11,3.11,1086558,3.17,2.96,3.04,1086558,0.0,1.0
2021-03-26 00:00:00,3.18,3.3,3.15,3.26,3.26,466220,3.3,3.15,3.18,466220,0.0,1.0
2021-03-29 00:00:00,3.23,3.26,3.05,3.08,3.08,866871,3.26,3.05,3.23,866871,0.0,1.0
2021-03-30 00:00:00,3.07,3.16,3.02,3.12,3.12,455589,3.16,3.02,3.07,455589,0.0,1.0
2021-03-31 00:00:00,3.11,3.18,3.05,3.14,3.14,615540,3.18,3.05,3.11,615540,0.0,1.0
2021-04-01 00:00:00,3.15,3.35,3.15,3.35,3.35,383810,3.35,3.15,3.15,383810,0.0,1.0
2021-04-05 00:00:00,3.36,3.36,3.23,3.33,3.33,481303,3.36,3.23,3.36,481303,0.0,1.0
2021-04-06 00:00:00,3.35,3.51,3.265,3.3,3.3,607593,3.51,3.265,3.35,607593,0.0,1.0
2021-04-07 00:00:00,3.31,3.32,3.16,3.18,3.18,431612,3.32,3.16,3.31,431612,0.0,1.0
2021-04-08 00:00:00,3.15,3.2,3.0362,3.1,3.1,440538,3.2,3.0362,3.15,440538,0.0,1.0
2021-04-09 00:00:00,3.04,3.18,3.01,3.15,3.15,503791,3.18,3.01,3.04,503791,0.0,1.0
2021-04-12 00:00:00,3.16,3.258,3.13,3.24,3.24,316208,3.258,3.13,3.16,316208,0.0,1.0
2021-04-13 00:00:00,3.23,3.29,3.12,3.27,3.27,333658,3.29,3.12,3.23,333658,0.0,1.0
2021-04-14 00:00:00,3.32,3.56,3.315,3.47,3.47,554566,3.56,3.315,3.32,554566,0.0,1.0
2021-04-15 00:00:00,3.46,3.46,3.23,3.24,3.24,301182,3.46,3.23,3.46,301182,0.0,1.0
2021-04-16 00:00:00,3.26,3.26,3.13,3.18,3.18,350311,3.26,3.13,3.26,350311,0.0,1.0
2021-04-19 00:00:00,3.17,3.27,3.16,3.23,3.23,349379,3.27,3.16,3.17,349379,0.0,1.0
2021-04-20 00:00:00,3.21,3.21,2.95,3.01,3.01,526269,3.21,2.95,3.21,526269,0.0,1.0
2021-04-21 00:00:00,2.95,3.08,2.84,3.07,3.07,410960,3.08,2.84,2.95,410960,0.0,1.0
2021-04-22 00:00:00,3.1,3.15,3.015,3.1,3.1,253692,3.15,3.015,3.1,253692,0.0,1.0
2021-04-23 00:00:00,3.1,3.195,2.86,2.9,2.9,938361,3.195,2.86,3.1,938361,0.0,1.0
2021-04-26 00:00:00,2.9,2.96,2.84,2.88,2.88,1100572,2.96,2.84,2.9,1100572,0.0,1.0
2021-04-27 00:00:00,2.88,2.92,2.8,2.85,2.85,419701,2.92,2.8,2.88,419701,0.0,1.0
2021-04-28 00:00:00,2.85,3.03,2.85,2.98,2.98,654619,3.03,2.85,2.85,654619,0.0,1.0
2021-04-29 00:00:00,3.05,3.075,2.95,3.0,3.0,403409,3.075,2.95,3.05,403409,0.0,1.0
2021-04-30 00:00:00,2.96,3.01,2.84,2.84,2.84,561747,3.01,2.84,2.96,561747,0.0,1.0
2021-05-03 00:00:00,2.87,2.99,2.84,2.96,2.96,800481,2.99,2.84,2.87,800481,0.0,1.0
2021-05-04 00:00:00,2.9,3.15,2.83,3.13,3.13,1133017,3.15,2.83,2.9,1133017,0.0,1.0
2021-05-05 00:00:00,3.19,3.265,3.085,3.14,3.14,632995,3.265,3.085,3.19,632995,0.0,1.0
2021-05-06 00:00:00,3.15,3.3992,3.14,3.36,3.36,933133,3.3992,3.14,3.15,933133,0.0,1.0
2021-05-07 00:00:00,3.31,3.43,3.26,3.31,3.31,1513487,3.43,3.26,3.31,1513487,0.0,1.0
2021-05-10 00:00:00,3.32,3.5,3.25,3.32,3.32,1110898,3.5,3.25,3.32,1110898,0.0,1.0
2021-05-11 00:00:00,3.21,3.38,3.14,3.16,3.16,814518,3.38,3.14,3.21,814518,0.0,1.0
2021-05-12 00:00:00,3.19,3.49,3.19,3.49,3.49,1118752,3.49,3.19,3.19,1118752,0.0,1.0
2021-05-13 00:00:00,3.42,3.52,3.1374,3.21,3.21,879385,3.52,3.1374,3.42,879385,0.0,1.0
2021-05-14 00:00:00,3.34,3.41,3.25,3.29,3.29,779167,3.41,3.25,3.34,779167,0.0,1.0
2021-05-17 00:00:00,3.3,3.6,3.29,3.58,3.58,826057,3.6,3.29,3.3,826057,0.0,1.0
2021-05-18 00:00:00,3.66,3.78,3.6,3.63,3.63,1027452,3.78,3.6,3.66,1027452,0.0,1.0
2021-05-19 00:00:00,3.48,3.59,3.28,3.39,3.39,617706,3.59,3.28,3.48,617706,0.0,1.0
2021-05-20 00:00:00,3.38,3.38,3.18,3.28,3.28,562412,3.38,3.18,3.38,562412,0.0,1.0
2021-05-21 00:00:00,3.34,3.4,3.21,3.25,3.25,540145,3.4,3.21,3.34,540145,0.0,1.0
2021-05-24 00:00:00,3.29,3.405,3.16,3.34,3.34,758579,3.405,3.16,3.29,758579,0.0,1.0
2021-05-25 00:00:00,3.33,3.39,3.16,3.17,3.17,506275,3.39,3.16,3.33,506275,0.0,1.0
2021-05-26 00:00:00,3.19,3.3701,3.04,3.37,3.37,646068,3.3701,3.04,3.19,646068,0.0,1.0
2021-05-27 00:00:00,3.42,3.49,3.35,3.37,3.37,269821,3.49,3.35,3.42,269821,0.0,1.0
2021-05-28 00:00:00,3.39,3.41,3.28,3.34,3.34,177402,3.41,3.28,3.39,177402,0.0,1.0
2021-06-01 00:00:00,3.46,3.61,3.46,3.51,3.51,602339,3.61,3.46,3.46,602339,0.0,1.0
2021-06-02 00:00:00,3.53,3.73,3.48,3.71,3.71,759409,3.73,3.48,3.53,759409,0.0,1.0
2021-06-03 00:00:00,3.68,3.91,3.67,3.89,3.89,564189,3.91,3.67,3.68,564189,0.0,1.0
2021-06-04 00:00:00,3.93,4.0,3.81,3.87,3.87,736007,4.0,3.81,3.93,736007,0.0,1.0
2021-06-07 00:00:00,3.87,3.95,3.8,3.82,3.82,522128,3.95,3.8,3.87,522128,0.0,1.0
2021-06-08 00:00:00,3.8,3.9,3.68,3.85,3.85,437388,3.9,3.68,3.8,437388,0.0,1.0
2021-06-09 00:00:00,3.87,3.99,3.73,3.93,3.93,683706,3.99,3.73,3.87,683706,0.0,1.0
2021-06-10 00:00:00,3.97,4.0,3.75,3.76,3.76,329465,4.0,3.75,3.97,329465,0.0,1.0
2021-06-11 00:00:00,3.76,3.825,3.68,3.77,3.77,360322,3.825,3.68,3.76,360322,0.0,1.0
2021-06-14 00:00:00,3.84,3.9,3.6674,3.68,3.68,716522,3.9,3.6674,3.84,716522,0.0,1.0
2021-06-15 00:00:00,3.69,3.9,3.64,3.85,3.85,664352,3.9,3.64,3.69,664352,0.0,1.0
2021-06-16 00:00:00,3.87,3.95,3.77,3.84,3.84,1070611,3.95,3.77,3.87,1070611,0.0,1.0
2021-06-17 00:00:00,3.82,3.86,3.42,3.59,3.59,766053,3.86,3.42,3.82,766053,0.0,1.0
2021-06-18 00:00:00,3.46,3.67,3.45,3.47,3.47,648930,3.67,3.45,3.46,648930,0.0,1.0
2021-06-21 00:00:00,3.47,3.78,3.47,3.71,3.71,774933,3.78,3.47,3.47,774933,0.0,1.0
2021-06-22 00:00:00,3.71,3.78,3.609,3.74,3.74,410662,3.78,3.609,3.71,410662,0.0,1.0
2021-06-23 00:00:00,3.81,3.89,3.76,3.87,3.87,625785,3.89,3.76,3.81,625785,0.0,1.0
2021-06-24 00:00:00,3.825,3.94,3.8,3.92,3.92,387119,3.94,3.8,3.825,387119,0.0,1.0
2021-06-25 00:00:00,3.92,3.92,3.69,3.7,3.7,1430743,3.92,3.69,3.92,1430743,0.0,1.0
2021-06-28 00:00:00,3.68,3.7,3.5,3.55,3.55,665398,3.7,3.5,3.68,665398,0.0,1.0
2021-06-29 00:00:00,3.59,3.66,3.5,3.52,3.52,420698,3.66,3.5,3.59,420698,0.0,1.0
2021-06-30 00:00:00,3.52,3.6241,3.43,3.46,3.46,370113,3.6241,3.43,3.52,370113,0.0,1.0
2021-07-01 00:00:00,3.59,3.67,3.53,3.64,3.64,432248,3.67,3.53,3.59,432248,0.0,1.0
2021-07-02 00:00:00,3.64,3.64,3.48,3.54,3.54,389049,3.64,3.48,3.64,389049,0.0,1.0
2021-07-06 00:00:00,3.52,3.535,3.29,3.34,3.34,500481,3.535,3.29,3.52,500481,0.0,1.0
2021-07-07 00:00:00,3.34,3.3857,3.16,3.23,3.23,363524,3.3857,3.16,3.34,363524,0.0,1.0
2021-07-08 00:00:00,3.1,3.3399,3.06,3.24,3.24,387667,3.3399,3.06,3.1,387667,0.0,1.0
2021-07-09 00:00:00,3.3,3.39,3.27,3.34,3.34,323085,3.39,3.27,3.3,323085,0.0,1.0
2021-07-12 00:00:00,3.28,3.46,3.2,3.43,3.43,311290,3.46,3.2,3.28,311290,0.0,1.0
2021-07-13 00:00:00,3.39,3.45,3.28,3.36,3.36,285688,3.45,3.28,3.39,285688,0.0,1.0
2021-07-14 00:00:00,3.39,3.5,3.095,3.13,3.13,376375,3.5,3.095,3.39,376375,0.0,1.0
2021-07-15 00:00:00,3.08,3.18,2.89,2.93,2.93,784604,3.18,2.89,3.08,784604,0.0,1.0
2021-07-16 00:00:00,3.0,3.12,2.875,2.9,2.9,494807,3.12,2.875,3.0,494807,0.0,1.0
2021-07-19 00:00:00,2.75,2.79,2.6,2.79,2.79,942211,2.79,2.6,2.75,942211,0.0,1.0
2021-07-20 00:00:00,2.76,3.03,2.75,2.93,2.93,664748,3.03,2.75,2.76,664748,0.0,1.0
2021-07-21 00:00:00,3.02,3.16,2.97,3.11,3.11,394987,3.16,2.97,3.02,394987,0.0,1.0
2021-07-22 00:00:00,3.1,3.1,2.95,3.07,3.07,412159,3.1,2.95,3.1,412159,0.0,1.0
2021-07-23 00:00:00,3.1,3.1,2.915,2.99,2.99,226148,3.1,2.915,3.1,226148,0.0,1.0
2021-07-26 00:00:00,3.02,3.18,3.01,3.18,3.18,397473,3.18,3.01,3.02,397473,0.0,1.0
2021-07-27 00:00:00,3.12,3.125,2.985,3.03,3.03,291615,3.125,2.985,3.12,291615,0.0,1.0
2021-07-28 00:00:00,3.06,3.12,2.96,3.09,3.09,195445,3.12,2.96,3.06,195445,0.0,1.0
2021-07-29 00:00:00,3.16,3.31,3.07,3.3,3.3,758285,3.31,3.07,3.16,758285,0.0,1.0
2021-07-30 00:00:00,3.27,3.31,3.125,3.23,3.23,749187,3.31,3.125,3.27,749187,0.0,1.0
2021-08-02 00:00:00,3.22,3.32,3.065,3.28,3.28,1040136,3.32,3.065,3.22,1040136,0.0,1.0
2021-08-03 00:00:00,3.16,3.475,3.16,3.35,3.35,707940,3.475,3.16,3.16,707940,0.0,1.0
2021-08-04 00:00:00,3.2,3.35,2.6,2.61,2.61,1277610,3.35,2.6,3.2,1277610,0.0,1.0
2021-08-05 00:00:00,2.62,2.68,2.48,2.58,2.58,983048,2.68,2.48,2.62,983048,0.0,1.0
2021-08-06 00:00:00,2.61,2.63,2.48,2.52,2.52,725964,2.63,2.48,2.61,725964,0.0,1.0
2021-08-09 00:00:00,2.5,2.515,2.35,2.45,2.45,1353013,2.515,2.35,2.5,1353013,0.0,1.0
2021-08-10 00:00:00,2.48,2.57,2.46,2.49,2.49,629065,2.57,2.46,2.48,629065,0.0,1.0
2021-08-11 00:00:00,2.49,2.52,2.42,2.44,2.44,685142,2.52,2.42,2.49,685142,0.0,1.0
2021-08-12 00:00:00,2.42,2.482,2.32,2.36,2.36,781223,2.482,2.32,2.42,781223,0.0,1.0
2021-08-13 00:00:00,2.35,2.395,2.28,2.32,2.32,884389,2.395,2.28,2.35,884389,0.0,1.0
2021-08-16 00:00:00,2.34,2.34,2.09,2.15,2.15,874851,2.34,2.09,2.34,874851,0.0,1.0
2021-08-17 00:00:00,2.15,2.25,2.09,2.17,2.17,1140324,2.25,2.09,2.15,1140324,0.0,1.0
2021-08-18 00:00:00,2.16,2.26,2.09,2.09,2.09,986471,2.26,2.09,2.16,986471,0.0,1.0
2021-08-19 00:00:00,2.02,2.06,1.92,2.0,2.0,1389315,2.06,1.92,2.02,1389315,0.0,1.0
2021-08-20 00:00:00,1.96,2.14,1.96,2.13,2.13,942040,2.14,1.96,1.96,942040,0.0,1.0
2021-08-23 00:00:00,2.2,2.28,2.125,2.17,2.17,833093,2.28,2.125,2.2,833093,0.0,1.0
2021-08-24 00:00:00,2.22,2.32,2.18,2.29,2.29,834353,2.32,2.18,2.22,834353,0.0,1.0
2021-08-25 00:00:00,2.35,2.35,2.2,2.25,2.25,531898,2.35,2.2,2.35,531898,0.0,1.0
2021-08-26 00:00:00,2.2,2.38,2.16,2.29,2.29,959203,2.38,2.16,2.2,959203,0.0,1.0
2021-08-27 00:00:00,2.39,2.65,2.39,2.5,2.5,1641014,2.65,2.39,2.39,1641014,0.0,1.0
2021-08-30 00:00:00,2.6,2.69,2.4599,2.56,2.56,1075815,2.69,2.4599,2.6,1075815,0.0,1.0
2021-08-31 00:00:00,2.55,2.63,2.485,2.62,2.62,707941,2.63,2.485,2.55,707941,0.0,1.0
2021-09-01 00:00:00,2.61,2.64,2.505,2.61,2.61,455954,2.64,2.505,2.61,455954,0.0,1.0
2021-09-02 00:00:00,2.67,2.82,2.6,2.67,2.67,784400,2.82,2.6,2.67,784400,0.0,1.0
2021-09-03 00:00:00,2.68,2.77,2.6,2.73,2.73,485567,2.77,2.6,2.68,485567,0.0,1.0
2021-09-07 00:00:00,2.7,2.73,2.585,2.64,2.64,448869,2.73,2.585,2.7,448869,0.0,1.0
2021-09-08 00:00:00,2.68,2.6854,2.54,2.62,2.62,481583,2.6854,2.54,2.68,481583,0.0,1.0
2021-09-09 00:00:00,2.55,2.65,2.51,2.53,2.53,789844,2.65,2.51,2.55,789844,0.0,1.0
2021-09-10 00:00:00,2.6,2.66,2.495,2.58,2.58,543557,2.66,2.495,2.6,543557,0.0,1.0
2021-09-13 00:00:00,2.66,2.81,2.64,2.71,2.71,695119,2.81,2.64,2.66,695119,0.0,1.0
2021-09-14 00:00:00,2.77,2.79,2.63,2.65,2.65,699853,2.79,2.63,2.77,699853,0.0,1.0
2021-09-15 00:00:00,2.71,2.87,2.71,2.87,2.87,675950,2.87,2.71,2.71,675950,0.0,1.0
2021-09-16 00:00:00,2.84,2.88,2.75,2.85,2.85,524890,2.88,2.75,2.84,524890,0.0,1.0
2021-09-17 00:00:00,2.84,2.92,2.74,2.84,2.84,1213603,2.92,2.74,2.84,1213603,0.0,1.0
2021-09-20 00:00:00,2.75,2.77,2.6,2.73,2.73,829488,2.77,2.6,2.75,829488,0.0,1.0
2021-09-21 00:00:00,2.77,2.9,2.7,2.85,2.85,586930,2.9,2.7,2.77,586930,0.0,1.0
2021-09-22 00:00:00,2.91,3.05,2.89,2.94,2.94,482446,3.05,2.89,2.91,482446,0.0,1.0
2021-09-23 00:00:00,2.97,3.14,2.95,3.13,3.13,447403,3.14,2.95,2.97,447403,0.0,1.0
2021-09-24 00:00:00,3.11,3.18,3.0,3.1,3.1,464624,3.18,3.0,3.11,464624,0.0,1.0
2021-09-27 00:00:00,3.21,3.39,3.17,3.34,3.34,736475,3.39,3.17,3.21,736475,0.0,1.0
2021-09-28 00:00:00,3.38,3.48,3.31,3.39,3.39,555161,3.48,3.31,3.38,555161,0.0,1.0
2021-09-29 00:00:00,3.32,3.33,3.17,3.28,3.28,359981,3.33,3.17,3.32,359981,0.0,1.0
2021-09-30 00:00:00,3.29,3.37,3.23,3.3,3.3,543687,3.37,3.23,3.29,543687,0.0,1.0
2021-10-01 00:00:00,3.31,3.56,3.31,3.55,3.55,512626,3.56,3.31,3.31,512626,0.0,1.0
2021-10-04 00:00:00,3.58,3.72,3.52,3.52,3.52,672453,3.72,3.52,3.58,672453,0.0,1.0
2021-10-05 00:00:00,3.65,3.65,3.41,3.52,3.52,458270,3.65,3.41,3.65,458270,0.0,1.0
2021-10-06 00:00:00,3.44,3.465,3.265,3.43,3.43,414097,3.465,3.265,3.44,414097,0.0,1.0
2021-10-07 00:00:00,3.44,3.695,3.4,3.69,3.69,597788,3.695,3.4,3.44,597788,0.0,1.0
2021-10-08 00:00:00,3.72,3.83,3.65,3.67,3.67,485490,3.83,3.65,3.72,485490,0.0,1.0
2021-10-11 00:00:00,3.74,3.76,3.56,3.58,3.58,911137,3.76,3.56,3.74,911137,0.0,1.0
2021-10-12 00:00:00,3.56,3.66,3.51,3.58,3.58,322873,3.66,3.51,3.56,322873,0.0,1.0
2021-10-13 00:00:00,3.51,3.63,3.44,3.59,3.59,475572,3.63,3.44,3.51,475572,0.0,1.0
2021-10-14 00:00:00,3.67,3.69,3.52,3.66,3.66,475481,3.69,3.52,3.67,475481,0.0,1.0
2021-10-15 00:00:00,3.77,3.77,3.55,3.55,3.55,340261,3.77,3.55,3.77,340261,0.0,1.0
2021-10-18 00:00:00,3.58,3.68,3.51,3.56,3.56,309911,3.68,3.51,3.58,309911,0.0,1.0
2021-10-19 00:00:00,3.59,3.67,3.42,3.63,3.63,446199,3.67,3.42,3.59,446199,0.0,1.0
2021-10-20 00:00:00,3.52,3.66,3.5,3.63,3.63,550722,3.66,3.5,3.52,550722,0.0,1.0
2021-10-21 00:00:00,3.63,3.685,3.485,3.54,3.54,817442,3.685,3.485,3.63,817442,0.0,1.0
2021-10-22 00:00:00,3.56,3.61,3.47,3.6,3.6,440376,3.61,3.47,3.56,440376,0.0,1.0
2021-10-25 00:00:00,3.64,3.78,3.64,3.69,3.69,466324,3.78,3.64,3.64,466324,0.0,1.0
2021-10-26 00:00:00,3.72,3.73,3.54,3.65,3.65,637194,3.73,3.54,3.72,637194,0.0,1.0
2021-10-27 00:00:00,3.57,3.68,3.47,3.5,3.5,358093,3.68,3.47,3.57,358093,0.0,1.0
2021-10-28 00:00:00,3.45,3.52,3.44,3.5,3.5,290139,3.52,3.44,3.45,290139,0.0,1.0
2021-10-29 00:00:00,3.5,3.535,3.38,3.4,3.4,466332,3.535,3.38,3.5,466332,0.0,1.0
2021-11-01 00:00:00,3.45,3.56,3.4,3.41,3.41,365816,3.56,3.4,3.45,365816,0.0,1.0
2021-11-02 00:00:00,3.42,3.47,3.31,3.44,3.44,437725,3.47,3.31,3.42,437725,0.0,1.0
2021-11-03 00:00:00,3.33,3.57,3.33,3.48,3.48,318246,3.57,3.33,3.33,318246,0.0,1.0
2021-11-04 00:00:00,3.56,3.585,3.375,3.4,3.4,441752,3.585,3.375,3.56,441752,0.0,1.0
2021-11-05 00:00:00,3.49,3.55,3.47,3.5,3.5,434552,3.55,3.47,3.49,434552,0.0,1.0
2021-11-08 00:00:00,3.5,3.59,3.455,3.53,3.53,544854,3.59,3.455,3.5,544854,0.0,1.0
2021-11-09 00:00:00,3.56,3.58,3.43,3.57,3.57,483058,3.58,3.43,3.56,483058,0.0,1.0
2021-11-10 00:00:00,3.54,3.54,3.38,3.38,3.38,1012545,3.54,3.38,3.54,1012545,0.0,1.0
2021-11-11 00:00:00,3.39,3.41,3.34,3.35,3.35,536036,3.41,3.34,3.39,536036,0.0,1.0
2021-11-12 00:00:00,3.35,3.365,3.3,3.31,3.31,433080,3.365,3.3,3.35,433080,0.0,1.0
2021-11-15 00:00:00,3.3,3.34,3.2063,3.26,3.26,688451,3.34,3.2063,3.3,688451,0.0,1.0
2021-11-16 00:00:00,3.25,3.3,3.16,3.23,3.23,390835,3.3,3.16,3.25,390835,0.0,1.0
2021-11-17 00:00:00,3.18,3.24,3.15,3.15,3.15,900998,3.24,3.15,3.18,900998,0.0,1.0
2021-11-18 00:00:00,3.13,3.19,3.01,3.04,3.04,1395116,3.19,3.01,3.13,1395116,0.0,1.0
2021-11-19 00:00:00,2.95,3.005,2.72,2.75,2.75,1962472,3.005,2.72,2.95,1962472,0.0,1.0
2021-11-22 00:00:00,2.73,2.92,2.71,2.72,2.72,1392512,2.92,2.71,2.73,1392512,0.0,1.0
2021-11-23 00:00:00,2.75,3.035,2.72,2.9,2.9,1841368,3.035,2.72,2.75,1841368,0.0,1.0
2021-11-24 00:00:00,2.88,3.04,2.8702,3.0,3.0,734102,3.04,2.8702,2.88,734102,0.0,1.0
2021-11-26 00:00:00,2.8,3.02,2.66,2.99,2.99,851916,3.02,2.66,2.8,851916,0.0,1.0
2021-11-29 00:00:00,3.0,3.07,2.77,2.81,2.81,687861,3.07,2.77,3.0,687861,0.0,1.0
2021-11-30 00:00:00,2.71,2.78,2.61,2.73,2.73,1332572,2.78,2.61,2.71,1332572,0.0,1.0
2021-12-01 00:00:00,2.85,2.86,2.61,2.7,2.7,1404698,2.86,2.61,2.85,1404698,0.0,1.0
2021-12-02 00:00:00,2.68,2.885,2.618,2.87,2.87,1131345,2.885,2.618,2.68,1131345,0.0,1.0
2021-12-03 00:00:00,2.94,3.02,2.835,2.85,2.85,443939,3.02,2.835,2.94,443939,0.0,1.0
2021-12-06 00:00:00,2.92,2.95,2.85,2.86,2.86,271490,2.95,2.85,2.92,271490,0.0,1.0
2021-12-07 00:00:00,2.93,3.31,2.93,3.01,3.01,607407,3.31,2.93,2.93,607407,0.0,1.0
2021-12-08 00:00:00,3.01,3.01,2.86,2.88,2.88,618663,3.01,2.86,3.01,618663,0.0,1.0
2021-12-09 00:00:00,2.88,2.99,2.84,2.85,2.85,303258,2.99,2.84,2.88,303258,0.0,1.0
2021-12-10 00:00:00,2.9,2.93,2.76,2.83,2.83,889639,2.93,2.76,2.9,889639,0.0,1.0
2021-12-13 00:00:00,2.73,2.86,2.73,2.78,2.78,971716,2.86,2.73,2.73,971716,0.0,1.0
2021-12-14 00:00:00,2.73,2.91,2.723,2.8,2.8,1123361,2.91,2.723,2.73,1123361,0.0,1.0
2021-12-15 00:00:00,2.8,2.86,2.67,2.82,2.82,798077,2.86,2.67,2.8,798077,0.0,1.0
2021-12-16 00:00:00,2.86,2.945,2.8,2.82,2.82,450027,2.945,2.8,2.86,450027,0.0,1.0
2021-12-17 00:00:00,2.79,2.87,2.72,2.86,2.86,720085,2.87,2.72,2.79,720085,0.0,1.0
2021-12-20 00:00:00,2.73,2.84,2.64,2.81,2.81,585239,2.84,2.64,2.73,585239,0.0,1.0
2021-12-21 00:00:00,2.85,2.95,2.8325,2.95,2.95,279874,2.95,2.8325,2.85,279874,0.0,1.0
2021-12-22 00:00:00,2.95,3.03,2.8713,3.03,3.03,516993,3.03,2.8713,2.95,516993,0.0,1.0
2021-12-23 00:00:00,3.04,3.07,3.0,3.01,3.01,167765,3.07,3.0,3.04,167765,0.0,1.0
2021-12-27 00:00:00,2.99,3.04,2.91,3.01,3.01,367381,3.04,2.91,2.99,367381,0.0,1.0
2021-12-28 00:00:00,3.01,3.05,2.945,2.98,2.98,222230,3.05,2.945,3.01,222230,0.0,1.0
2021-12-29 00:00:00,2.97,3.01,2.915,2.92,2.92,268922,3.01,2.915,2.97,268922,0.0,1.0
2021-12-30 00:00:00,2.93,2.99,2.895,2.9,2.9,203361,2.99,2.895,2.93,203361,0.0,1.0
2021-12-31 00:00:00,2.87,2.9699,2.87,2.94,2.94,205015,2.9699,2.87,2.87,205015,0.0,1.0
2022-01-03 00:00:00,2.94,3.17,2.92,3.15,3.15,414432,3.17,2.92,2.94,414432,0.0,1.0
2022-01-04 00:00:00,3.2,3.315,3.1675,3.27,3.27,444364,3.315,3.1675,3.2,444364,0.0,1.0
2022-01-05 00:00:00,3.32,3.385,3.2,3.22,3.22,520227,3.385,3.2,3.32,520227,0.0,1.0
2022-01-06 00:00:00,3.3,3.35,3.235,3.3,3.3,263998,3.35,3.235,3.3,263998,0.0,1.0
2022-01-07 00:00:00,3.29,3.36,3.28,3.34,3.34,175242,3.36,3.28,3.29,175242,0.0,1.0
2022-01-10 00:00:00,3.36,3.371,3.195,3.28,3.28,247222,3.371,3.195,3.36,247222,0.0,1.0
2022-01-11 00:00:00,3.29,3.41,3.23,3.39,3.39,347706,3.41,3.23,3.29,347706,0.0,1.0
2022-01-12 00:00:00,3.39,3.43,3.29,3.38,3.38,707538,3.43,3.29,3.39,707538,0.0,1.0
2022-01-13 00:00:00,3.4,3.58,3.38,3.57,3.57,437445,3.58,3.38,3.4,437445,0.0,1.0
2022-01-14 00:00:00,3.51,3.67,3.51,3.64,3.64,743431,3.67,3.51,3.51,743431,0.0,1.0
2022-01-18 00:00:00,3.7,3.74,3.58,3.59,3.59,729782,3.74,3.58,3.7,729782,0.0,1.0
2022-01-19 00:00:00,3.64,3.64,3.53,3.57,3.57,370949,3.64,3.53,3.64,370949,0.0,1.0
2022-01-20 00:00:00,3.52,3.615,3.44,3.46,3.46,413924,3.615,3.44,3.52,413924,0.0,1.0
2022-01-21 00:00:00,3.42,3.545,3.36,3.42,3.42,676857,3.545,3.36,3.42,676857,0.0,1.0
2022-01-24 00:00:00,3.33,3.52,3.2895,3.5,3.5,815807,3.52,3.2895,3.33,815807,0.0,1.0
2022-01-25 00:00:00,3.49,3.79,3.45,3.73,3.73,594149,3.79,3.45,3.49,594149,0.0,1.0
2022-01-26 00:00:00,3.8,3.9144,3.665,3.75,3.75,627692,3.9144,3.665,3.8,627692,0.0,1.0
2022-01-27 00:00:00,3.82,3.82,3.53,3.59,3.59,383788,3.82,3.53,3.82,383788,0.0,1.0
2022-01-28 00:00:00,3.57,3.68,3.48,3.57,3.57,546415,3.68,3.48,3.57,546415,0.0,1.0
2022-01-31 00:00:00,3.53,3.69,3.49,3.55,3.55,470358,3.69,3.49,3.53,470358,0.0,1.0
2022-02-01 00:00:00,3.55,3.81,3.53,3.78,3.78,532144,3.81,3.53,3.55,532144,0.0,1.0
2022-02-02 00:00:00,3.74,3.88,3.68,3.82,3.82,511054,3.88,3.68,3.74,511054,0.0,1.0
2022-02-03 00:00:00,3.82,3.84,3.675,3.69,3.69,453165,3.84,3.675,3.82,453165,0.0,1.0
2022-02-04 00:00:00,3.735,3.735,3.62,3.64,3.64,309621,3.735,3.62,3.735,309621,0.0,1.0
2022-02-07 00:00:00,3.6,3.69,3.58,3.66,3.66,365656,3.69,3.58,3.6,365656,0.0,1.0
2022-02-08 00:00:00,3.63,3.7,3.554,3.57,3.57,347839,3.7,3.554,3.63,347839,0.0,1.0
2022-02-09 00:00:00,3.56,3.71,3.53,3.64,3.64,962838,3.71,3.53,3.56,962838,0.0,1.0
2022-02-10 00:00:00,3.59,3.75,3.58,3.63,3.63,363044,3.75,3.58,3.59,363044,0.0,1.0
2022-02-11 00:00:00,3.64,3.82,3.61,3.78,3.78,408175,3.82,3.61,3.64,408175,0.0,1.0
2022-02-14 00:00:00,3.79,3.79,3.635,3.68,3.68,461193,3.79,3.635,3.79,461193,0.0,1.0
2022-02-15 00:00:00,3.61,3.77,3.6,3.71,3.71,417300,3.77,3.6,3.61,417300,0.0,1.0
2022-02-16 00:00:00,3.75,3.94,3.69,3.71,3.71,595315,3.94,3.69,3.75,595315,0.0,1.0
2022-02-17 00:00:00,3.68,3.73,3.625,3.68,3.68,408359,3.73,3.625,3.68,408359,0.0,1.0
2022-02-18 00:00:00,3.5,3.79,3.45,3.53,3.53,535447,3.79,3.45,3.5,535447,0.0,1.0
2022-02-22 00:00:00,3.6,3.6,3.37,3.49,3.49,822393,3.6,3.37,3.6,822393,0.0,1.0
2022-02-23 00:00:00,3.52,3.62,3.395,3.44,3.44,648609,3.62,3.395,3.52,648609,0.0,1.0
2022-02-24 00:00:00,3.52,3.58,3.3699,3.57,3.57,624040,3.58,3.3699,3.52,624040,0.0,1.0
2022-02-25 00:00:00,3.58,3.71,3.57,3.64,3.64,438160,3.71,3.57,3.58,438160,0.0,1.0
2022-02-28 00:00:00,3.63,3.81,3.63,3.77,3.77,464129,3.81,3.63,3.63,464129,0.0,1.0
2022-03-01 00:00:00,3.83,3.84,3.38,3.48,3.48,1300561,3.84,3.38,3.83,1300561,0.0,1.0
2022-03-02 00:00:00,3.56,3.72,3.56,3.67,3.67,660765,3.72,3.56,3.56,660765,0.0,1.0
2022-03-03 00:00:00,3.65,3.68,3.55,3.64,3.64,514911,3.68,3.55,3.65,514911,0.0,1.0
2022-03-04 00:00:00,3.64,3.82,3.61,3.8,3.8,631678,3.82,3.61,3.64,631678,0.0,1.0
2022-03-07 00:00:00,3.97,4.26,3.91,3.98,3.98,2021348,4.26,3.91,3.97,2021348,0.0,1.0
2022-03-08 00:00:00,4.12,4.49,4.04,4.25,4.25,1913691,4.49,4.04,4.12,1913691,0.0,1.0
2022-03-09 00:00:00,4.1,4.38,3.92,4.31,4.31,1262100,4.38,3.92,4.1,1262100,0.0,1.0
2022-03-10 00:00:00,4.33,4.76,4.285,4.71,4.71,1593975,4.76,4.285,4.33,1593975,0.0,1.0
2022-03-11 00:00:00,4.63,4.8082,4.51,4.7,4.7,818812,4.8082,4.51,4.63,818812,0.0,1.0
2022-03-14 00:00:00,4.62,4.62,4.17,4.31,4.31,843861,4.62,4.17,4.62,843861,0.0,1.0
2022-03-15 00:00:00,4.09,4.2601,4.02,4.14,4.14,569365,4.2601,4.02,4.09,569365,0.0,1.0
2022-03-16 00:00:00,4.15,4.245,3.98,4.05,4.05,812157,4.245,3.98,4.15,812157,0.0,1.0
2022-03-17 00:00:00,4.13,4.24,4.05,4.12,4.12,855667,4.24,4.05,4.13,855667,0.0,1.0
2022-03-18 00:00:00,4.1,4.11,3.865,3.99,3.99,1195974,4.11,3.865,4.1,1195974,0.0,1.0
2022-03-21 00:00:00,4.06,4.1774,3.985,4.0,4.0,719962,4.1774,3.985,4.06,719962,0.0,1.0
2022-03-22 00:00:00,4.02,4.0244,3.825,3.92,3.92,549419,4.0244,3.825,4.02,549419,0.0,1.0
2022-03-23 00:00:00,3.92,4.09,3.92,3.98,3.98,624489,4.09,3.92,3.92,624489,0.0,1.0
2022-03-24 00:00:00,3.98,4.03,3.86,3.86,3.86,462584,4.03,3.86,3.98,462584,0.0,1.0
2022-03-25 00:00:00,3.83,4.04,3.79,3.96,3.96,719152,4.04,3.79,3.83,719152,0.0,1.0
2022-03-28 00:00:00,3.81,3.85,3.57,3.67,3.67,963594,3.85,3.57,3.81,963594,0.0,1.0
2022-03-29 00:00:00,3.57,3.79,3.43,3.76,3.76,646357,3.79,3.43,3.57,646357,0.0,1.0
2022-03-30 00:00:00,3.78,3.89,3.69,3.69,3.69,326270,3.89,3.69,3.78,326270,0.0,1.0
2022-03-31 00:00:00,3.63,3.76,3.62,3.66,3.66,242776,3.76,3.62,3.63,242776,0.0,1.0
2022-04-01 00:00:00,3.73,3.79,3.66,3.74,3.74,281688,3.79,3.66,3.73,281688,0.0,1.0
2022-04-04 00:00:00,3.73,3.84,3.665,3.76,3.76,419237,3.84,3.665,3.73,419237,0.0,1.0
2022-04-05 00:00:00,3.76,3.9,3.59,3.59,3.59,372861,3.9,3.59,3.76,372861,0.0,1.0
2022-04-06 00:00:00,3.63,3.68,3.51,3.54,3.54,667625,3.68,3.51,3.63,667625,0.0,1.0
2022-04-07 00:00:00,3.57,3.61,3.46,3.59,3.59,259339,3.61,3.46,3.57,259339,0.0,1.0
2022-04-08 00:00:00,3.6,3.75,3.55,3.69,3.69,676132,3.75,3.55,3.6,676132,0.0,1.0
2022-04-11 00:00:00,3.69,3.69,3.5,3.55,3.55,387244,3.69,3.5,3.69,387244,0.0,1.0
2022-04-12 00:00:00,3.65,3.79,3.595,3.62,3.62,740153,3.79,3.595,3.65,740153,0.0,1.0
2022-04-13 00:00:00,3.69,3.79,3.655,3.75,3.75,410130,3.79,3.655,3.69,410130,0.0,1.0
2022-04-14 00:00:00,3.74,4.035,3.66,4.01,4.01,859433,4.035,3.66,3.74,859433,0.0,1.0
2022-04-18 00:00:00,4.01,4.27,4.0,4.23,4.23,756193,4.27,4.0,4.01,756193,0.0,1.0
2022-04-19 00:00:00,4.18,4.18,3.9827,4.01,4.01,580824,4.18,3.9827,4.18,580824,0.0,1.0
2022-04-20 00:00:00,4.02,4.07,3.85,3.88,3.88,889368,4.07,3.85,4.02,889368,0.0,1.0
2022-04-21 00:00:00,3.88,3.99,3.67,3.77,3.77,722097,3.99,3.67,3.88,722097,0.0,1.0
2022-04-22 00:00:00,3.7,3.88,3.545,3.59,3.59,882880,3.88,3.545,3.7,882880,0.0,1.0
2022-04-25 00:00:00,3.42,3.535,3.28,3.5,3.5,1322729,3.535,3.28,3.42,1322729,0.0,1.0
2022-04-26 00:00:00,3.49,3.7,3.46,3.47,3.47,954440,3.7,3.46,3.49,954440,0.0,1.0
2022-04-27 00:00:00,3.51,3.59,3.415,3.51,3.51,800064,3.59,3.415,3.51,800064,0.0,1.0
2022-04-28 00:00:00,3.56,3.655,3.35,3.61,3.61,488862,3.655,3.35,3.56,488862,0.0,1.0
2022-04-29 00:00:00,3.65,3.69,3.48,3.49,3.49,457039,3.69,3.48,3.65,457039,0.0,1.0
2022-05-02 00:00:00,3.42,3.54,3.345,3.46,3.46,488885,3.54,3.345,3.42,488885,0.0,1.0
2022-05-03 00:00:00,3.46,3.595,3.42,3.55,3.55,313502,3.595,3.42,3.46,313502,0.0,1.0
2022-05-04 00:00:00,3.6,3.86,3.51,3.84,3.84,461148,3.86,3.51,3.6,461148,0.0,1.0
2022-05-05 00:00:00,3.84,3.87,3.5,3.66,3.66,882766,3.87,3.5,3.84,882766,0.0,1.0
2022-05-06 00:00:00,3.72,3.79,3.58,3.7,3.7,598474,3.79,3.58,3.72,598474,0.0,1.0
2022-05-09 00:00:00,3.59,3.6,3.32,3.39,3.39,858546,3.6,3.32,3.59,858546,0.0,1.0
2022-05-10 00:00:00,3.46,3.59,3.32,3.42,3.42,634523,3.59,3.32,3.46,634523,0.0,1.0
2022-05-11 00:00:00,3.56,3.81,3.54,3.55,3.55,724000,3.81,3.54,3.56,724000,0.0,1.0
2022-05-12 00:00:00,3.52,3.63,3.44,3.61,3.61,478858,3.63,3.44,3.52,478858,0.0,1.0
2022-05-13 00:00:00,3.7,3.805,3.64,3.73,3.73,677184,3.805,3.64,3.7,677184,0.0,1.0
2022-05-16 00:00:00,3.74,4.13,3.73,4.05,4.05,810237,4.13,3.73,3.74,810237,0.0,1.0
2022-05-17 00:00:00,4.15,4.465,4.15,4.33,4.33,1064030,4.465,4.15,4.15,1064030,0.0,1.0
2022-05-18 00:00:00,4.36,4.43,4.08,4.15,4.15,766573,4.43,4.08,4.36,766573,0.0,1.0
2022-05-19 00:00:00,4.06,4.26,4.02,4.11,4.11,500786,4.26,4.02,4.06,500786,0.0,1.0
2022-05-20 00:00:00,4.18,4.24,4.04,4.13,4.13,411728,4.24,4.04,4.18,411728,0.0,1.0
2022-05-23 00:00:00,4.2,4.443,4.1,4.41,4.41,682831,4.443,4.1,4.2,682831,0.0,1.0
2022-05-24 00:00:00,4.36,4.48,4.31,4.44,4.44,731111,4.48,4.31,4.36,731111,0.0,1.0
2022-05-25 00:00:00,4.44,4.535,4.38,4.4,4.4,473100,4.535,4.38,4.44,473100,0.0,1.0
2022-05-26 00:00:00,4.51,4.53,4.3525,4.42,4.42,625969,4.53,4.3525,4.51,625969,0.0,1.0
2022-05-27 00:00:00,4.37,4.535,4.35,4.45,4.45,510240,4.535,4.35,4.37,510240,0.0,1.0
2022-05-31 00:00:00,4.5,4.63,4.26,4.3,4.3,548934,4.63,4.26,4.5,548934,0.0,1.0
2022-06-01 00:00:00,4.36,4.495,4.31,4.48,4.48,533124,4.495,4.31,4.36,533124,0.0,1.0
2022-06-02 00:00:00,4.43,4.46,4.33,4.38,4.38,367693,4.46,4.33,4.43,367693,0.0,1.0
2022-06-03 00:00:00,4.34,4.51,4.31,4.49,4.49,430195,4.51,4.31,4.34,430195,0.0,1.0
2022-06-06 00:00:00,4.55,4.575,4.4401,4.54,4.54,406262,4.575,4.4401,4.55,406262,0.0,1.0
2022-06-07 00:00:00,4.48,4.75,4.44,4.74,4.74,618991,4.75,4.44,4.48,618991,0.0,1.0
2022-06-08 00:00:00,4.8,4.8,4.565,4.59,4.59,504135,4.8,4.565,4.8,504135,0.0,1.0
2022-06-09 00:00:00,4.52,4.52,4.42,4.45,4.45,402636,4.52,4.42,4.52,402636,0.0,1.0
2022-06-10 00:00:00,4.36,4.39,4.18,4.27,4.27,393074,4.39,4.18,4.36,393074,0.0,1.0
2022-06-13 00:00:00,4.09,4.18,3.88,3.89,3.89,715559,4.18,3.88,4.09,715559,0.0,1.0
2022-06-14 00:00:00,3.98,4.03,3.7438,3.77,3.77,748993,4.03,3.7438,3.98,748993,0.0,1.0
2022-06-15 00:00:00,3.84,3.8901,3.71,3.78,3.78,784476,3.8901,3.71,3.84,784476,0.0,1.0
2022-06-16 00:00:00,3.65,3.73,3.57,3.65,3.65,610405,3.73,3.57,3.65,610405,0.0,1.0
2022-06-17 00:00:00,3.65,3.71,3.5,3.52,3.52,1236693,3.71,3.5,3.65,1236693,0.0,1.0
2022-06-21 00:00:00,3.65,3.78,3.56,3.65,3.65,607163,3.78,3.56,3.65,607163,0.0,1.0
2022-06-22 00:00:00,3.44,3.53,3.37,3.41,3.41,518385,3.53,3.37,3.44,518385,0.0,1.0
2022-06-23 00:00:00,3.49,3.49,3.055,3.09,3.09,719983,3.49,3.055,3.49,719983,0.0,1.0
2022-06-24 00:00:00,3.01,3.23,2.96,3.05,3.05,2039554,3.23,2.96,3.01,2039554,0.0,1.0
2022-06-27 00:00:00,3.07,3.3,3.07,3.26,3.26,560780,3.3,3.07,3.07,560780,0.0,1.0
2022-06-28 00:00:00,3.33,3.4002,3.22,3.27,3.27,457280,3.4002,3.22,3.33,457280,0.0,1.0
2022-06-29 00:00:00,3.32,3.39,3.09,3.09,3.09,619707,3.39,3.09,3.32,619707,0.0,1.0
2022-06-30 00:00:00,3.01,3.1409,3.01,3.09,3.09,530809,3.1409,3.01,3.01,530809,0.0,1.0
2022-07-01 00:00:00,3.15,3.2,2.95,3.15,3.15,531134,3.2,2.95,3.15,531134,0.0,1.0
2022-07-05 00:00:00,3.06,3.105,2.8299,2.97,2.97,833232,3.105,2.8299,3.06,833232,0.0,1.0
2022-07-06 00:00:00,2.93,3.09,2.88,3.04,3.04,572535,3.09,2.88,2.93,572535,0.0,1.0
2022-07-07 00:00:00,3.19,3.31,3.15,3.2,3.2,655143,3.31,3.15,3.19,655143,0.0,1.0
2022-07-08 00:00:00,3.24,3.24,3.105,3.16,3.16,283391,3.24,3.105,3.24,283391,0.0,1.0
2022-07-11 00:00:00,3.06,3.15,3.015,3.09,3.09,482155,3.15,3.015,3.06,482155,0.0,1.0
2022-07-12 00:00:00,2.97,3.02,2.895,2.98,2.98,548821,3.02,2.895,2.97,548821,0.0,1.0
2022-07-13 00:00:00,3.0,3.11,2.965,3.1,3.1,408955,3.11,2.965,3.0,408955,0.0,1.0
2022-07-14 00:00:00,2.99,3.05,2.905,2.99,2.99,679841,3.05,2.905,2.99,679841,0.0,1.0
2022-07-15 00:00:00,3.11,3.17,2.985,3.09,3.09,391604,3.17,2.985,3.11,391604,0.0,1.0
2022-07-18 00:00:00,3.2,3.29,3.2,3.23,3.23,281520,3.29,3.2,3.2,281520,0.0,1.0
2022-07-19 00:00:00,3.24,3.41,3.22,3.4,3.4,402553,3.41,3.22,3.24,402553,0.0,1.0
2022-07-20 00:00:00,3.35,3.4,3.22,3.39,3.39,531155,3.4,3.22,3.35,531155,0.0,1.0
2022-07-21 00:00:00,3.26,3.26,3.05,3.2,3.2,400614,3.26,3.05,3.26,400614,0.0,1.0
2022-07-22 00:00:00,3.18,3.31,3.11,3.19,3.19,460710,3.31,3.11,3.18,460710,0.0,1.0
2022-07-25 00:00:00,3.23,3.34,3.19,3.28,3.28,354747,3.34,3.19,3.23,354747,0.0,1.0
2022-07-26 00:00:00,3.35,3.42,3.25,3.28,3.28,282624,3.42,3.25,3.35,282624,0.0,1.0
2022-07-27 00:00:00,3.35,3.44,3.265,3.42,3.42,266441,3.44,3.265,3.35,266441,0.0,1.0
2022-07-28 00:00:00,3.46,3.535,3.31,3.5,3.5,373098,3.535,3.31,3.46,373098,0.0,1.0
2022-07-29 00:00:00,3.53,3.615,3.52,3.52,3.52,549043,3.615,3.52,3.53,549043,0.0,1.0
2022-08-01 00:00:00,3.42,3.45,3.305,3.33,3.33,397908,3.45,3.305,3.42,397908,0.0,1.0
2022-08-02 00:00:00,3.31,3.405,3.28,3.3,3.3,322777,3.405,3.28,3.31,322777,0.0,1.0
2022-08-03 00:00:00,3.25,3.2829,2.75,2.8,2.8,1545375,3.2829,2.75,3.25,1545375,0.0,1.0
2022-08-04 00:00:00,2.7,2.75,2.585,2.65,2.65,868770,2.75,2.585,2.7,868770,0.0,1.0
2022-08-05 00:00:00,2.6,2.71,2.525,2.55,2.55,1114759,2.71,2.525,2.6,1114759,0.0,1.0
2022-08-08 00:00:00,2.54,2.62,2.46,2.5,2.5,1130933,2.62,2.46,2.54,1130933,0.0,1.0
2022-08-09 00:00:00,2.56,2.6,2.47,2.5,2.5,509143,2.6,2.47,2.56,509143,0.0,1.0
2022-08-10 00:00:00,2.6,2.715,2.5,2.64,2.64,757827,2.715,2.5,2.6,757827,0.0,1.0
2022-08-11 00:00:00,2.74,2.82,2.73,2.77,2.77,345536,2.82,2.73,2.74,345536,0.0,1.0
2022-08-12 00:00:00,2.78,2.85,2.7,2.84,2.84,252352,2.85,2.7,2.78,252352,0.0,1.0
2022-08-15 00:00:00,2.69,2.745,2.615,2.72,2.72,265159,2.745,2.615,2.69,265159,0.0,1.0
2022-08-16 00:00:00,2.72,2.795,2.64,2.66,2.66,341199,2.795,2.64,2.72,341199,0.0,1.0
2022-08-17 00:00:00,2.63,2.695,2.62,2.64,2.64,402109,2.695,2.62,2.63,402109,0.0,1.0
2022-08-18 00:00:00,2.81,3.03,2.79,3.01,3.01,877194,3.03,2.79,2.81,877194,0.0,1.0
2022-08-19 00:00:00,2.98,2.98,2.85,2.91,2.91,407057,2.98,2.85,2.98,407057,0.0,1.0
2022-08-22 00:00:00,2.89,2.92,2.81,2.89,2.89,527926,2.92,2.81,2.89,527926,0.0,1.0
2022-08-23 00:00:00,2.93,3.14,2.93,3.11,3.11,395969,3.14,2.93,2.93,395969,0.0,1.0
2022-08-24 00:00:00,3.1,3.13,3.01,3.04,3.04,190728,3.13,3.01,3.1,190728,0.0,1.0
2022-08-25 00:00:00,3.07,3.15,3.06,3.14,3.14,239554,3.15,3.06,3.07,239554,0.0,1.0
2022-08-26 00:00:00,3.12,3.159,2.995,3.04,3.04,606747,3.159,2.995,3.12,606747,0.0,1.0
2022-08-29 00:00:00,3.01,3.18,3.01,3.1,3.1,286954,3.18,3.01,3.01,286954,0.0,1.0
2022-08-30 00:00:00,3.05,3.05,2.86,2.9,2.9,514036,3.05,2.86,3.05,514036,0.0,1.0
2022-08-31 00:00:00,2.8,3.01,2.78,2.88,2.88,408677,3.01,2.78,2.8,408677,0.0,1.0
2022-09-01 00:00:00,2.81,2.855,2.73,2.75,2.75,312377,2.855,2.73,2.81,312377,0.0,1.0
2022-09-02 00:00:00,2.84,2.94,2.8,2.91,2.91,306326,2.94,2.8,2.84,306326,0.0,1.0
2022-09-06 00:00:00,2.93,2.995,2.85,2.88,2.88,454029,2.995,2.85,2.93,454029,0.0,1.0
2022-09-07 00:00:00,2.78,2.875,2.72,2.87,2.87,405259,2.875,2.72,2.78,405259,0.0,1.0
2022-09-08 00:00:00,2.86,2.9,2.815,2.85,2.85,350573,2.9,2.815,2.86,350573,0.0,1.0
2022-09-09 00:00:00,2.95,3.005,2.91,2.99,2.99,454569,3.005,2.91,2.95,454569,0.0,1.0
2022-09-12 00:00:00,3.04,3.05,2.975,3.04,3.04,305793,3.05,2.975,3.04,305793,0.0,1.0
2022-09-13 00:00:00,3.01,3.06,2.83,2.84,2.84,432262,3.06,2.83,3.01,432262,0.0,1.0
2022-09-14 00:00:00,2.87,3.03,2.87,2.96,2.96,501703,3.03,2.87,2.87,501703,0.0,1.0
2022-09-15 00:00:00,2.94,2.965,2.84,2.92,2.92,487267,2.965,2.84,2.94,487267,0.0,1.0
2022-09-16 00:00:00,2.89,2.93,2.82,2.92,2.92,1098869,2.93,2.82,2.89,1098869,0.0,1.0
2022-09-19 00:00:00,2.8,2.95,2.7376,2.92,2.92,432159,2.95,2.7376,2.8,432159,0.0,1.0
2022-09-20 00:00:00,2.87,2.88,2.8,2.82,2.82,595579,2.88,2.8,2.87,595579,0.0,1.0
2022-09-21 00:00:00,2.9,2.92,2.73,2.74,2.74,475446,2.92,2.73,2.9,475446,0.0,1.0
2022-09-22 00:00:00,2.82,2.85,2.69,2.7,2.7,429052,2.85,2.69,2.82,429052,0.0,1.0
2022-09-23 00:00:00,2.6,2.605,2.435,2.51,2.51,1032250,2.605,2.435,2.6,1032250,0.0,1.0
2022-09-26 00:00:00,2.53,2.53,2.385,2.4,2.4,676408,2.53,2.385,2.53,676408,0.0,1.0
2022-09-27 00:00:00,2.46,2.55,2.42,2.46,2.46,581465,2.55,2.42,2.46,581465,0.0,1.0
2022-09-28 00:00:00,2.51,2.615,2.45,2.59,2.59,765123,2.615,2.45,2.51,765123,0.0,1.0
2022-09-29 00:00:00,2.53,2.64,2.48,2.63,2.63,373113,2.64,2.48,2.53,373113,0.0,1.0
2022-09-30 00:00:00,2.59,2.67,2.515,2.52,2.52,497124,2.67,2.515,2.59,497124,0.0,1.0
2022-10-03 00:00:00,2.66,2.76,2.64,2.7,2.7,655986,2.76,2.64,2.66,655986,0.0,1.0
2022-10-04 00:00:00,2.78,2.87,2.73,2.81,2.81,602498,2.87,2.73,2.78,602498,0.0,1.0
2022-10-05 00:00:00,2.82,2.99,2.805,2.97,2.97,227849,2.99,2.805,2.82,227849,0.0,1.0
2022-10-06 00:00:00,2.92,3.05,2.92,3.0,3.0,256030,3.05,2.92,2.92,256030,0.0,1.0
2022-10-07 00:00:00,3.01,3.07,2.93,3.01,3.01,420435,3.07,2.93,3.01,420435,0.0,1.0
2022-10-10 00:00:00,2.99,3.0155,2.81,2.85,2.85,412792,3.0155,2.81,2.99,412792,0.0,1.0
2022-10-11 00:00:00,2.79,2.985,2.78,2.92,2.92,311078,2.985,2.78,2.79,311078,0.0,1.0
2022-10-12 00:00:00,2.96,2.99,2.855,2.98,2.98,457133,2.99,2.855,2.96,457133,0.0,1.0
2022-10-13 00:00:00,2.97,3.14,2.94,3.12,3.12,725226,3.14,2.94,2.97,725226,0.0,1.0
2022-10-14 00:00:00,3.09,3.11,2.965,2.98,2.98,447961,3.11,2.965,3.09,447961,0.0,1.0
2022-10-17 00:00:00,3.0,3.1266,3.0,3.06,3.06,268196,3.1266,3.0,3.0,268196,0.0,1.0
2022-10-18 00:00:00,3.1,3.14,2.985,3.07,3.07,353219,3.14,2.985,3.1,353219,0.0,1.0
2022-10-19 00:00:00,3.1,3.23,3.1,3.21,3.21,581075,3.23,3.1,3.1,581075,0.0,1.0
2022-10-20 00:00:00,3.25,3.29,3.215,3.25,3.25,354300,3.29,3.215,3.25,354300,0.0,1.0
2022-10-21 00:00:00,3.35,3.37,3.26,3.35,3.35,380163,3.37,3.26,3.35,380163,0.0,1.0
2022-10-24 00:00:00,3.35,3.39,3.32,3.35,3.35,223900,3.39,3.32,3.35,223900,0.0,1.0
2022-10-25 00:00:00,3.32,3.41,3.29,3.37,3.37,299915,3.41,3.29,3.32,299915,0.0,1.0
2022-10-26 00:00:00,3.41,3.58,3.41,3.53,3.53,607337,3.58,3.41,3.41,607337,0.0,1.0
2022-10-27 00:00:00,3.63,3.67,3.48,3.51,3.51,458160,3.67,3.48,3.63,458160,0.0,1.0
2022-10-28 00:00:00,3.54,3.57,3.42,3.53,3.53,266582,3.57,3.42,3.54,266582,0.0,1.0
2022-10-31 00:00:00,3.47,3.725,3.47,3.66,3.66,523110,3.725,3.47,3.47,523110,0.0,1.0
2022-11-01 00:00:00,3.72,3.72,3.44,3.47,3.47,638797,3.72,3.44,3.72,638797,0.0,1.0
2022-11-02 00:00:00,3.3,3.54,3.13,3.43,3.43,428077,3.54,3.13,3.3,428077,0.0,1.0
2022-11-03 00:00:00,3.4,3.525,3.4,3.51,3.51,300168,3.525,3.4,3.4,300168,0.0,1.0
2022-11-04 00:00:00,3.65,3.72,3.575,3.7,3.7,413565,3.72,3.575,3.65,413565,0.0,1.0
2022-11-07 00:00:00,3.69,3.91,3.69,3.86,3.86,780016,3.91,3.69,3.69,780016,0.0,1.0
2022-11-08 00:00:00,3.86,3.97,3.8,3.94,3.94,380608,3.97,3.8,3.86,380608,0.0,1.0
2022-11-09 00:00:00,3.89,3.925,3.795,3.9,3.9,573676,3.925,3.795,3.89,573676,0.0,1.0
2022-11-10 00:00:00,3.9,4.035,3.85,3.94,3.94,668397,4.035,3.85,3.9,668397,0.0,1.0
2022-11-11 00:00:00,4.03,4.1101,4.0,4.03,4.03,365992,4.1101,4.0,4.03,365992,0.0,1.0
2022-11-14 00:00:00,4.04,4.04,3.81,3.9,3.9,744770,4.04,3.81,4.04,744770,0.0,1.0
2022-11-15 00:00:00,3.92,4.115,3.865,4.07,4.07,424943,4.115,3.865,3.92,424943,0.0,1.0
2022-11-16 00:00:00,4.06,4.1127,3.96,4.09,4.09,383535,4.1127,3.96,4.06,383535,0.0,1.0
2022-11-17 00:00:00,3.96,4.13,3.935,4.13,4.13,314845,4.13,3.935,3.96,314845,0.0,1.0
2022-11-18 00:00:00,4.13,4.13,3.875,3.91,3.91,937526,4.13,3.875,4.13,937526,0.0,1.0
2022-11-21 00:00:00,3.86,3.97,3.6181,3.92,3.92,725585,3.97,3.6181,3.86,725585,0.0,1.0
2022-11-22 00:00:00,4.06,4.21,4.04,4.13,4.13,551924,4.21,4.04,4.06,551924,0.0,1.0
2022-11-23 00:00:00,3.98,4.07,3.98,4.0,4.0,574501,4.07,3.98,3.98,574501,0.0,1.0
2022-11-25 00:00:00,4.01,4.0875,3.955,4.02,4.02,274451,4.0875,3.955,4.01,274451,0.0,1.0
2022-11-28 00:00:00,3.87,4.025,3.85,3.91,3.91,446368,4.025,3.85,3.87,446368,0.0,1.0
2022-11-29 00:00:00,3.95,4.01,3.855,3.94,3.94,1633631,4.01,3.855,3.95,1633631,0.0,1.0
2022-11-30 00:00:00,3.96,4.04,3.885,4.01,4.01,411154,4.04,3.885,3.96,411154,0.0,1.0
2022-12-01 00:00:00,4.05,4.13,3.965,3.98,3.98,216551,4.13,3.965,4.05,216551,0.0,1.0
2022-12-02 00:00:00,3.96,4.16,3.92,4.09,4.09,576242,4.16,3.92,3.96,576242,0.0,1.0
2022-12-05 00:00:00,4.15,4.24,3.97,3.98,3.98,378205,4.24,3.97,4.15,378205,0.0,1.0
2022-12-06 00:00:00,4.03,4.135,3.93,3.98,3.98,847975,4.135,3.93,4.03,847975,0.0,1.0
2022-12-07 00:00:00,4.0,4.06,3.91,3.94,3.94,469644,4.06,3.91,4.0,469644,0.0,1.0
2022-12-08 00:00:00,4.12,4.14,3.95,3.97,3.97,462146,4.14,3.95,4.12,462146,0.0,1.0
2022-12-09 00:00:00,3.97,4.0,3.81,3.82,3.82,1904863,4.0,3.81,3.97,1904863,0.0,1.0
2022-12-12 00:00:00,3.89,3.96,3.81,3.87,3.87,835172,3.96,3.81,3.89,835172,0.0,1.0
2022-12-13 00:00:00,4.03,4.045,3.91,3.96,3.96,708608,4.045,3.91,4.03,708608,0.0,1.0
2022-12-14 00:00:00,3.98,4.055,3.92,4.01,4.01,625149,4.055,3.92,3.98,625149,0.0,1.0
2022-12-15 00:00:00,3.97,4.0,3.895,3.97,3.97,449982,4.0,3.895,3.97,449982,0.0,1.0
2022-12-16 00:00:00,3.81,3.9007,3.79,3.81,3.81,962256,3.9007,3.79,3.81,962256,0.0,1.0
2022-12-19 00:00:00,3.84,3.87,3.74,3.79,3.79,498224,3.87,3.74,3.84,498224,0.0,1.0
2022-12-20 00:00:00,3.78,3.89,3.74,3.81,3.81,997695,3.89,3.74,3.78,997695,0.0,1.0
2022-12-21 00:00:00,3.91,3.98,3.8,3.84,3.84,1136581,3.98,3.8,3.91,1136581,0.0,1.0
2022-12-22 00:00:00,3.83,3.97,3.745,3.82,3.82,876666,3.97,3.745,3.83,876666,0.0,1.0
2022-12-23 00:00:00,3.86,3.91,3.81,3.91,3.91,1093357,3.91,3.81,3.86,1093357,0.0,1.0
2022-12-27 00:00:00,4.0,4.095,3.865,4.06,4.06,719085,4.095,3.865,4.0,719085,0.0,1.0
2022-12-28 00:00:00,4.04,4.06,3.85,3.86,3.86,397390,4.06,3.85,4.04,397390,0.0,1.0
2022-12-29 00:00:00,3.89,4.15,3.84,4.11,4.11,711536,4.15,3.84,3.89,711536,0.0,1.0
2022-12-30 00:00:00,4.07,4.2,4.04,4.15,4.15,567288,4.2,4.04,4.07,567288,0.0,1.0
2023-01-03 00:00:00,4.14,4.19,4.005,4.07,4.07,629082,4.19,4.005,4.14,629082,0.0,1.0
2023-01-04 00:00:00,4.06,4.3,4.06,4.3,4.3,804931,4.3,4.06,4.06,804931,0.0,1.0
2023-01-05 00:00:00,4.32,4.49,4.29,4.46,4.46,604560,4.49,4.29,4.32,604560,0.0,1.0
2023-01-06 00:00:00,4.5,4.635,4.475,4.57,4.57,439946,4.635,4.475,4.5,439946,0.0,1.0
2023-01-09 00:00:00,4.66,4.7,4.52,4.54,4.54,497213,4.7,4.52,4.66,497213,0.0,1.0
2023-01-10 00:00:00,4.5,4.69,4.4111,4.61,4.61,432834,4.69,4.4111,4.5,432834,0.0,1.0
2023-01-11 00:00:00,4.64,4.71,4.5325,4.58,4.58,275862,4.71,4.5325,4.64,275862,0.0,1.0
2023-01-12 00:00:00,4.6,4.91,4.52,4.89,4.89,1278904,4.91,4.52,4.6,1278904,0.0,1.0
2023-01-13 00:00:00,4.88,4.89,4.75,4.87,4.87,460804,4.89,4.75,4.88,460804,0.0,1.0
2023-01-17 00:00:00,4.83,4.8889,4.75,4.81,4.81,272926,4.8889,4.75,4.83,272926,0.0,1.0
2023-01-18 00:00:00,4.82,4.9,4.485,4.52,4.52,717558,4.9,4.485,4.82,717558,0.0,1.0
2023-01-19 00:00:00,4.49,4.665,4.49,4.66,4.66,335225,4.665,4.49,4.49,335225,0.0,1.0
2023-01-20 00:00:00,4.71,4.79,4.6,4.74,4.74,550830,4.79,4.6,4.71,550830,0.0,1.0
2023-01-23 00:00:00,4.8,4.8,4.675,4.74,4.74,366224,4.8,4.675,4.8,366224,0.0,1.0
2023-01-24 00:00:00,4.76,4.76,4.54,4.58,4.58,284126,4.76,4.54,4.76,284126,0.0,1.0
2023-01-25 00:00:00,4.53,4.645,4.455,4.57,4.57,373875,4.645,4.455,4.53,373875,0.0,1.0
2023-01-26 00:00:00,4.64,4.68,4.245,4.37,4.37,894760,4.68,4.245,4.64,894760,0.0,1.0
2023-01-27 00:00:00,4.33,4.37,4.21,4.24,4.24,1014972,4.37,4.21,4.33,1014972,0.0,1.0
2023-01-30 00:00:00,4.12,4.35,4.08,4.25,4.25,778809,4.35,4.08,4.12,778809,0.0,1.0
2023-01-31 00:00:00,4.25,4.56,4.21,4.54,4.54,711137,4.56,4.21,4.25,711137,0.0,1.0
2023-02-01 00:00:00,4.53,4.6,4.31,4.53,4.53,651429,4.6,4.31,4.53,651429,0.0,1.0
2023-02-02 00:00:00,4.51,4.57,4.265,4.34,4.34,452212,4.57,4.265,4.51,452212,0.0,1.0
2023-02-03 00:00:00,4.33,4.485,4.33,4.35,4.35,549921,4.485,4.33,4.33,549921,0.0,1.0
2023-02-06 00:00:00,4.35,4.4,4.23,4.39,4.39,683971,4.4,4.23,4.35,683971,0.0,1.0
2023-02-07 00:00:00,4.44,4.502,4.36,4.45,4.45,883949,4.502,4.36,4.44,883949,0.0,1.0
2023-02-08 00:00:00,4.43,4.549,4.4201,4.47,4.47,312909,4.549,4.4201,4.43,312909,0.0,1.0
2023-02-09 00:00:00,4.49,4.525,4.34,4.36,4.36,363748,4.525,4.34,4.49,363748,0.0,1.0
2023-02-10 00:00:00,4.41,4.64,4.36,4.63,4.63,757170,4.64,4.36,4.41,757170,0.0,1.0
2023-02-13 00:00:00,4.56,4.725,4.52,4.68,4.68,587117,4.725,4.52,4.56,587117,0.0,1.0
2023-02-14 00:00:00,4.64,4.77,4.53,4.61,4.61,920470,4.77,4.53,4.64,920470,0.0,1.0
2023-02-15 00:00:00,4.53,4.57,4.22,4.41,4.41,903894,4.57,4.22,4.53,903894,0.0,1.0
2023-02-16 00:00:00,4.45,4.45,4.29,4.4,4.4,557163,4.45,4.29,4.45,557163,0.0,1.0
2023-02-17 00:00:00,4.73,4.82,4.22,4.27,4.27,752044,4.82,4.22,4.73,752044,0.0,1.0
2023-02-21 00:00:00,4.29,4.38,4.17,4.17,4.17,499866,4.38,4.17,4.29,499866,0.0,1.0
2023-02-22 00:00:00,4.17,4.24,4.08,4.19,4.19,741837,4.24,4.08,4.17,741837,0.0,1.0
2023-02-23 00:00:00,4.25,4.37,4.18,4.22,4.22,743591,4.37,4.18,4.25,743591,0.0,1.0
2023-02-24 00:00:00,4.13,4.26,4.06,4.24,4.24,450507,4.26,4.06,4.13,450507,0.0,1.0
2023-02-27 00:00:00,4.25,4.425,4.21,4.38,4.38,386771,4.425,4.21,4.25,386771,0.0,1.0
2023-02-28 00:00:00,4.4,4.52,4.34,4.43,4.43,461130,4.52,4.34,4.4,461130,0.0,1.0
2023-03-01 00:00:00,4.42,4.66,4.42,4.61,4.61,2452367,4.66,4.42,4.42,2452367,0.0,1.0
2023-03-02 00:00:00,4.6,4.76,4.57,4.74,4.74,464379,4.76,4.57,4.6,464379,0.0,1.0
2023-03-03 00:00:00,4.66,4.83,4.56,4.81,4.81,382630,4.83,4.56,4.66,382630,0.0,1.0
2023-03-06 00:00:00,4.79,4.82,4.68,4.75,4.75,642860,4.82,4.68,4.79,642860,0.0,1.0
2023-03-07 00:00:00,4.74,4.85,4.71,4.8,4.8,467631,4.85,4.71,4.74,467631,0.0,1.0
2023-03-08 00:00:00,4.79,4.875,4.65,4.77,4.77,492554,4.875,4.65,4.79,492554,0.0,1.0
2023-03-09 00:00:00,4.78,4.86,4.58,4.58,4.58,393257,4.86,4.58,4.78,393257,0.0,1.0
2023-03-10 00:00:00,4.57,4.665,4.515,4.53,4.53,518162,4.665,4.515,4.57,518162,0.0,1.0
2023-03-13 00:00:00,4.32,4.54,4.31,4.4,4.4,808785,4.54,4.31,4.32,808785,0.0,1.0
2023-03-14 00:00:00,4.45,4.56,4.31,4.36,4.36,1795314,4.56,4.31,4.45,1795314,0.0,1.0
2023-03-15 00:00:00,4.17,4.25,3.87,3.99,3.99,986804,4.25,3.87,4.17,986804,0.0,1.0
2023-03-16 00:00:00,3.83,4.07,3.755,4.0,4.0,709607,4.07,3.755,3.83,709607,0.0,1.0
2023-03-17 00:00:00,3.93,3.99,3.7,3.75,3.75,1060911,3.99,3.7,3.93,1060911,0.0,1.0
2023-03-20 00:00:00,3.8,4.04,3.78,3.9,3.9,671787,4.04,3.78,3.8,671787,0.0,1.0
2023-03-21 00:00:00,4.0,4.11,3.9,4.0,4.0,623408,4.11,3.9,4.0,623408,0.0,1.0
2023-03-22 00:00:00,4.0,4.07,3.89,3.91,3.91,542208,4.07,3.89,4.0,542208,0.0,1.0
2023-03-23 00:00:00,3.96,4.04,3.735,3.79,3.79,1714645,4.04,3.735,3.96,1714645,0.0,1.0
2023-03-24 00:00:00,3.74,3.81,3.65,3.76,3.76,659098,3.81,3.65,3.74,659098,0.0,1.0
2023-03-27 00:00:00,3.83,3.935,3.7101,3.88,3.88,597768,3.935,3.7101,3.83,597768,0.0,1.0
2023-03-28 00:00:00,3.85,4.01,3.84,4.01,4.01,632091,4.01,3.84,3.85,632091,0.0,1.0
2023-03-29 00:00:00,4.05,4.08,3.9,3.91,3.91,488698,4.08,3.9,4.05,488698,0.0,1.0
2023-03-30 00:00:00,3.97,4.02,3.81,3.84,3.84,341979,4.02,3.81,3.97,341979,0.0,1.0
2023-03-31 00:00:00,3.84,3.895,3.815,3.85,3.85,591821,3.895,3.815,3.84,591821,0.0,1.0
2023-04-03 00:00:00,4.06,4.25,4.045,4.19,4.19,1811798,4.25,4.045,4.06,1811798,0.0,1.0
2023-04-04 00:00:00,4.22,4.23,4.03,4.13,4.13,638084,4.23,4.03,4.22,638084,0.0,1.0
2023-04-05 00:00:00,4.1,4.14,3.96,4.05,4.05,837089,4.14,3.96,4.1,837089,0.0,1.0
2023-04-06 00:00:00,4.01,4.06,3.9,4.0,4.0,463178,4.06,3.9,4.01,463178,0.0,1.0
2023-04-10 00:00:00,3.99,4.065,3.9401,4.03,4.03,1209378,4.065,3.9401,3.99,1209378,0.0,1.0
2023-04-11 00:00:00,4.05,4.12,3.9904,4.06,4.06,673855,4.12,3.9904,4.05,673855,0.0,1.0
2023-04-12 00:00:00,4.1,4.125,4.03,4.1,4.1,444576,4.125,4.03,4.1,444576,0.0,1.0
2023-04-13 00:00:00,4.1,4.12,3.96,3.97,3.97,455372,4.12,3.96,4.1,455372,0.0,1.0
2023-04-14 00:00:00,3.97,4.01,3.91,3.95,3.95,371635,4.01,3.91,3.97,371635,0.0,1.0
2023-04-17 00:00:00,3.95,4.0,3.93,3.95,3.95,389425,4.0,3.93,3.95,389425,0.0,1.0
2023-04-18 00:00:00,3.93,4.0,3.85,3.94,3.94,766019,4.0,3.85,3.93,766019,0.0,1.0
2023-04-19 00:00:00,3.86,4.04,3.85,4.02,4.02,772595,4.04,3.85,3.86,772595,0.0,1.0
2023-04-20 00:00:00,3.97,3.98,3.899,3.95,3.95,792904,3.98,3.899,3.97,792904,0.0,1.0
2023-04-21 00:00:00,3.97,4.045,3.925,3.97,3.97,835293,4.045,3.925,3.97,835293,0.0,1.0
2023-04-24 00:00:00,3.94,4.155,3.94,4.12,4.12,359109,4.155,3.94,3.94,359109,0.0,1.0
2023-04-25 00:00:00,4.05,4.16,4.03,4.04,4.04,578939,4.16,4.03,4.05,578939,0.0,1.0
2023-04-26 00:00:00,4.0,4.13,4.0,4.03,4.03,482693,4.13,4.0,4.0,482693,0.0,1.0
2023-04-27 00:00:00,4.01,4.07,3.835,3.9,3.9,430473,4.07,3.835,4.01,430473,0.0,1.0
2023-04-28 00:00:00,3.9,4.02,3.87,4.0,4.0,422933,4.02,3.87,3.9,422933,0.0,1.0
2023-05-01 00:00:00,3.95,4.02,3.92,4.0,4.0,330465,4.02,3.92,3.95,330465,0.0,1.0
2023-05-02 00:00:00,3.94,3.94,3.72,3.78,3.78,619479,3.94,3.72,3.94,619479,0.0,1.0
2023-05-03 00:00:00,3.88,4.13,3.73,4.08,4.08,982668,4.13,3.73,3.88,982668,0.0,1.0
2023-05-04 00:00:00,4.07,4.14,3.84,3.87,3.87,452679,4.14,3.84,4.07,452679,0.0,1.0
2023-05-05 00:00:00,4.04,4.08,3.89,3.92,3.92,367853,4.08,3.89,4.04,367853,0.0,1.0
2023-05-08 00:00:00,3.98,4.0,3.86,3.87,3.87,256927,4.0,3.86,3.98,256927,0.0,1.0
2023-05-09 00:00:00,3.84,3.95,3.8,3.91,3.91,213321,3.95,3.8,3.84,213321,0.0,1.0
2023-05-10 00:00:00,3.97,3.97,3.825,3.91,3.91,233621,3.97,3.825,3.97,233621,0.0,1.0
2023-05-11 00:00:00,3.83,3.87,3.77,3.83,3.83,367103,3.87,3.77,3.83,367103,0.0,1.0
2023-05-12 00:00:00,3.82,3.89,3.78,3.81,3.81,304079,3.89,3.78,3.82,304079,0.0,1.0
2023-05-15 00:00:00,3.78,3.895,3.78,3.81,3.81,265642,3.895,3.78,3.78,265642,0.0,1.0
2023-05-16 00:00:00,3.81,3.81,3.73,3.74,3.74,298846,3.81,3.73,3.81,298846,0.0,1.0
2023-05-17 00:00:00,3.7,3.82,3.67,3.81,3.81,414780,3.82,3.67,3.7,414780,0.0,1.0
2023-05-18 00:00:00,3.8,3.89,3.745,3.89,3.89,324497,3.89,3.745,3.8,324497,0.0,1.0
2023-05-19 00:00:00,3.97,4.005,3.86,3.9,3.9,334107,4.005,3.86,3.97,334107,0.0,1.0
2023-05-22 00:00:00,3.88,3.965,3.88,3.91,3.91,385312,3.965,3.88,3.88,385312,0.0,1.0
2023-05-23 00:00:00,3.92,4.085,3.89,4.01,4.01,523301,4.085,3.89,3.92,523301,0.0,1.0
2023-05-24 00:00:00,4.04,4.1,3.995,4.05,4.05,246446,4.1,3.995,4.04,246446,0.0,1.0
2023-05-25 00:00:00,3.94,3.995,3.845,3.89,3.89,286909,3.995,3.845,3.94,286909,0.0,1.0
2023-05-26 00:00:00,3.9,3.91,3.8,3.82,3.82,252310,3.91,3.8,3.9,252310,0.0,1.0
2023-05-30 00:00:00,3.76,3.81,3.61,3.61,3.61,335842,3.81,3.61,3.76,335842,0.0,1.0
2023-05-31 00:00:00,3.55,3.59,3.4,3.46,3.46,494559,3.59,3.4,3.55,494559,0.0,1.0
2023-06-01 00:00:00,3.47,3.69,3.47,3.67,3.67,471359,3.69,3.47,3.47,471359,0.0,1.0
2023-06-02 00:00:00,3.84,4.14,3.7501,4.13,4.13,842572,4.14,3.7501,3.84,842572,0.0,1.0
2023-06-05 00:00:00,4.15,4.2,4.04,4.12,4.12,277200,4.2,4.04,4.15,277200,0.0,1.0
2023-06-06 00:00:00,4.05,4.28,4.05,4.26,4.26,397972,4.28,4.05,4.05,397972,0.0,1.0
2023-06-07 00:00:00,4.29,4.465,4.275,4.4,4.4,476311,4.465,4.275,4.29,476311,0.0,1.0
2023-06-08 00:00:00,4.35,4.435,4.31,4.38,4.38,308507,4.435,4.31,4.35,308507,0.0,1.0
2023-06-09 00:00:00,4.29,4.305,4.21,4.22,4.22,352774,4.305,4.21,4.29,352774,0.0,1.0
2023-06-12 00:00:00,4.1,4.21,4.085,4.11,4.11,431281,4.21,4.085,4.1,431281,0.0,1.0
2023-06-13 00:00:00,4.21,4.32,4.15,4.17,4.17,448114,4.32,4.15,4.21,448114,0.0,1.0
2023-06-14 00:00:00,4.21,4.295,4.15,4.2,4.2,428328,4.295,4.15,4.21,428328,0.0,1.0
2023-06-15 00:00:00,4.21,4.49,4.21,4.49,4.49,888833,4.49,4.21,4.21,888833,0.0,1.0
2023-06-16 00:00:00,4.45,4.55,4.41,4.54,4.54,1998572,4.55,4.41,4.45,1998572,0.0,1.0
2023-06-20 00:00:00,4.54,5.005,4.53,4.63,4.63,1918459,5.005,4.53,4.54,1918459,0.0,1.0
2023-06-21 00:00:00,4.6,4.86,4.57,4.78,4.78,718187,4.86,4.57,4.6,718187,0.0,1.0
2023-06-22 00:00:00,4.72,4.81,4.66,4.81,4.81,517171,4.81,4.66,4.72,517171,0.0,1.0
2023-06-23 00:00:00,4.71,4.87,4.61,4.78,4.78,2364455,4.87,4.61,4.71,2364455,0.0,1.0
2023-06-26 00:00:00,4.8,4.91,4.745,4.83,4.83,531265,4.91,4.745,4.8,531265,0.0,1.0
2023-06-27 00:00:00,4.88,5.06,4.87,5.06,5.06,722029,5.06,4.87,4.88,722029,0.0,1.0
2023-06-28 00:00:00,5.04,5.29,5.0,5.27,5.27,1199408,5.29,5.0,5.04,1199408,0.0,1.0
2023-06-29 00:00:00,5.3,5.45,5.27,5.41,5.41,1018525,5.45,5.27,5.3,1018525,0.0,1.0
2023-06-30 00:00:00,5.45,5.45,5.22,5.23,5.23,947265,5.45,5.22,5.45,947265,0.0,1.0
2023-07-03 00:00:00,5.26,5.3,5.19,5.22,5.22,253140,5.3,5.19,5.26,253140,0.0,1.0
2023-07-05 00:00:00,5.25,5.25,5.11,5.19,5.19,459351,5.25,5.11,5.25,459351,0.0,1.0
2023-07-06 00:00:00,5.14,5.17,5.01,5.09,5.09,429971,5.17,5.01,5.14,429971,0.0,1.0
2023-07-07 00:00:00,5.11,5.325,5.07,5.29,5.29,1754275,5.325,5.07,5.11,1754275,0.0,1.0
2023-07-10 00:00:00,5.29,5.44,5.21,5.29,5.29,555824,5.44,5.21,5.29,555824,0.0,1.0
2023-07-11 00:00:00,5.32,5.41,5.25,5.36,5.36,564514,5.41,5.25,5.32,564514,0.0,1.0
2023-07-12 00:00:00,5.46,5.48,5.33,5.34,5.34,405575,5.48,5.33,5.46,405575,0.0,1.0
2023-07-13 00:00:00,5.32,5.33,5.2,5.27,5.27,350165,5.33,5.2,5.32,350165,0.0,1.0
2023-07-14 00:00:00,5.24,5.28,5.18,5.26,5.26,309932,5.28,5.18,5.24,309932,0.0,1.0
2023-07-17 00:00:00,5.25,5.405,5.2,5.36,5.36,1008620,5.405,5.2,5.25,1008620,0.0,1.0
2023-07-18 00:00:00,5.37,5.47,5.315,5.35,5.35,584543,5.47,5.315,5.37,584543,0.0,1.0
2023-07-19 00:00:00,5.32,5.37,5.26,5.33,5.33,616754,5.37,5.26,5.32,616754,0.0,1.0
2023-07-20 00:00:00,5.36,5.38,5.2715,5.3,5.3,734676,5.38,5.2715,5.36,734676,0.0,1.0
2023-07-21 00:00:00,5.34,5.435,5.305,5.33,5.33,618605,5.435,5.305,5.34,618605,0.0,1.0
2023-07-24 00:00:00,5.36,5.5,5.32,5.48,5.48,677808,5.5,5.32,5.36,677808,0.0,1.0
2023-07-25 00:00:00,5.48,5.59,5.4,5.5,5.5,741220,5.59,5.4,5.48,741220,0.0,1.0
2023-07-26 00:00:00,5.47,5.71,5.47,5.52,5.52,1152506,5.71,5.47,5.47,1152506,0.0,1.0
2023-07-27 00:00:00,5.53,5.55,5.29,5.41,5.41,821013,5.55,5.29,5.53,821013,0.0,1.0
2023-07-28 00:00:00,5.42,5.52,5.41,5.5,5.5,316275,5.52,5.41,5.42,316275,0.0,1.0
2023-07-31 00:00:00,5.55,5.64,5.5,5.52,5.52,811326,5.64,5.5,5.55,811326,0.0,1.0
2023-08-01 00:00:00,5.51,5.57,5.46,5.57,5.57,964063,5.57,5.46,5.51,964063,0.0,1.0
2023-08-02 00:00:00,5.24,5.515,4.99,5.27,5.27,828215,5.515,4.99,5.24,828215,0.0,1.0
2023-08-03 00:00:00,5.28,5.45,5.28,5.35,5.35,519294,5.45,5.28,5.28,519294,0.0,1.0
2023-08-04 00:00:00,5.35,5.42,5.215,5.26,5.26,468921,5.42,5.215,5.35,468921,0.0,1.0
2023-08-07 00:00:00,5.27,5.375,5.135,5.15,5.15,585981,5.375,5.135,5.27,585981,0.0,1.0
2023-08-08 00:00:00,5.08,5.2993,5.06,5.29,5.29,889599,5.2993,5.06,5.08,889599,0.0,1.0
2023-08-09 00:00:00,5.29,5.36,5.27,5.29,5.29,446656,5.36,5.27,5.29,446656,0.0,1.0
2023-08-10 00:00:00,5.3,5.37,5.2,5.21,5.21,520908,5.37,5.2,5.3,520908,0.0,1.0
2023-08-11 00:00:00,5.21,5.25,5.165,5.21,5.21,388972,5.25,5.165,5.21,388972,0.0,1.0
2023-08-14 00:00:00,5.19,5.23,5.1,5.17,5.17,412316,5.23,5.1,5.19,412316,0.0,1.0
2023-08-15 00:00:00,5.1,5.2,5.08,5.18,5.18,249387,5.2,5.08,5.1,249387,0.0,1.0
2023-08-16 00:00:00,5.2,5.3187,5.19,5.23,5.23,380604,5.3187,5.19,5.2,380604,0.0,1.0
2023-08-17 00:00:00,5.27,5.33,5.26,5.3,5.3,464648,5.33,5.26,5.27,464648,0.0,1.0
2023-08-18 00:00:00,5.3,5.67,5.3,5.58,5.58,951753,5.67,5.3,5.3,951753,0.0,1.0
2023-08-21 00:00:00,5.58,5.805,5.42,5.43,5.43,1180279,5.805,5.42,5.58,1180279,0.0,1.0
2023-08-22 00:00:00,5.46,5.56,5.39,5.56,5.56,817663,5.56,5.39,5.46,817663,0.0,1.0
2023-08-23 00:00:00,5.54,6.04,5.48,5.9,5.9,2211842,6.04,5.48,5.54,2211842,0.0,1.0
2023-08-24 00:00:00,5.85,5.98,5.845,5.96,5.96,976864,5.98,5.845,5.85,976864,0.0,1.0
2023-08-25 00:00:00,6.0,6.04,5.875,5.92,5.92,1118824,6.04,5.875,6.0,1118824,0.0,1.0
2023-08-28 00:00:00,5.98,5.98,5.87,5.92,5.92,590376,5.98,5.87,5.98,590376,0.0,1.0
2023-08-29 00:00:00,5.9,5.96,5.8535,5.91,5.91,627627,5.96,5.8535,5.9,627627,0.0,1.0
2023-08-30 00:00:00,5.92,6.01,5.92,5.94,5.94,719749,6.01,5.92,5.92,719749,0.0,1.0
2023-08-31 00:00:00,5.96,6.01,5.905,5.98,5.98,505864,6.01,5.905,5.96,505864,0.0,1.0
2023-09-01 00:00:00,6.02,6.238,6.02,6.13,6.13,677317,6.238,6.02,6.02,677317,0.0,1.0
2023-09-05 00:00:00,6.17,6.2,6.025,6.05,6.05,600849,6.2,6.025,6.17,600849,0.0,1.0
2023-09-06 00:00:00,6.05,6.12,6.05,6.06,6.06,571221,6.12,6.05,6.05,571221,0.0,1.0
2023-09-07 00:00:00,6.11,6.2,5.99,6.06,6.06,1174882,6.2,5.99,6.11,1174882,0.0,1.0
2023-09-08 00:00:00,6.1,6.2,6.07,6.15,6.15,1047618,6.2,6.07,6.1,1047618,0.0,1.0
2023-09-11 00:00:00,6.19,6.25,6.125,6.23,6.23,972609,6.25,6.125,6.19,972609,0.0,1.0
2023-09-12 00:00:00,6.29,6.47,6.27,6.4,6.4,923880,6.47,6.27,6.29,923880,0.0,1.0
2023-09-13 00:00:00,6.39,6.42,6.095,6.1,6.1,621602,6.42,6.095,6.39,621602,0.0,1.0
2023-09-14 00:00:00,6.16,6.265,6.138,6.17,6.17,753211,6.265,6.138,6.16,753211,0.0,1.0
2023-09-15 00:00:00,6.13,6.19,6.01,6.02,6.02,1389121,6.19,6.01,6.13,1389121,0.0,1.0
2023-09-18 00:00:00,6.09,6.25,6.085,6.11,6.11,450273,6.25,6.085,6.09,450273,0.0,1.0
2023-09-19 00:00:00,6.18,6.29,6.04,6.14,6.14,1110101,6.29,6.04,6.18,1110101,0.0,1.0
2023-09-20 00:00:00,6.11,6.25,6.08,6.2,6.2,566526,6.25,6.08,6.11,566526,0.0,1.0
2023-09-21 00:00:00,6.2,6.45,6.15,6.42,6.42,748916,6.45,6.15,6.2,748916,0.0,1.0
2023-09-22 00:00:00,6.45,6.71,6.45,6.57,6.57,1827967,6.71,6.45,6.45,1827967,0.0,1.0
2023-09-25 00:00:00,6.53,6.805,6.465,6.75,6.75,1445774,6.805,6.465,6.53,1445774,0.0,1.0
2023-09-26 00:00:00,6.68,6.8,6.5425,6.6,6.6,1603361,6.8,6.5425,6.68,1603361,0.0,1.0
2023-09-27 00:00:00,6.67,7.11,6.67,7.07,7.07,1777451,7.11,6.67,6.67,1777451,0.0,1.0
2023-09-28 00:00:00,7.04,7.3299,7.03,7.11,7.11,1816809,7.3299,7.03,7.04,1816809,0.0,1.0
2023-09-29 00:00:00,7.09,7.18,6.89,6.91,6.91,1855524,7.18,6.89,7.09,1855524,0.0,1.0
2023-10-02 00:00:00,6.9,6.95,6.67,6.7,6.7,1749654,6.95,6.67,6.9,1749654,0.0,1.0
2023-10-03 00:00:00,6.63,6.84,6.605,6.75,6.75,2500692,6.84,6.605,6.63,2500692,0.0,1.0
2023-10-04 00:00:00,6.61,6.75,6.5,6.61,6.61,1761058,6.75,6.5,6.61,1761058,0.0,1.0
2023-10-05 00:00:00,6.55,6.795,6.49,6.49,6.49,1039881,6.795,6.49,6.55,1039881,0.0,1.0
2023-10-06 00:00:00,6.52,6.705,6.52,6.61,6.61,746765,6.705,6.52,6.52,746765,0.0,1.0
2023-10-09 00:00:00,6.76,6.9399,6.75,6.86,6.86,857988,6.9399,6.75,6.76,857988,0.0,1.0
2023-10-10 00:00:00,6.86,6.98,6.81,6.91,6.91,588403,6.98,6.81,6.86,588403,0.0,1.0
2023-10-11 00:00:00,6.83,7.045,6.83,7.03,7.03,532965,7.045,6.83,6.83,532965,0.0,1.0
2023-10-12 00:00:00,7.06,7.06,6.88,6.89,6.89,582261,7.06,6.88,7.06,582261,0.0,1.0
2023-10-13 00:00:00,7.04,7.11,6.95,7.02,7.02,543785,7.11,6.95,7.04,543785,0.0,1.0
2023-10-16 00:00:00,7.08,7.08,6.9,7.01,7.01,432185,7.08,6.9,7.08,432185,0.0,1.0
2023-10-17 00:00:00,6.95,7.12,6.92,7.01,7.01,848593,7.12,6.92,6.95,848593,0.0,1.0
2023-10-18 00:00:00,7.04,7.0892,6.98,7.02,7.02,623521,7.0892,6.98,7.04,623521,0.0,1.0
2023-10-19 00:00:00,6.96,7.03,6.87,6.95,6.95,751874,7.03,6.87,6.96,751874,0.0,1.0
2023-10-20 00:00:00,6.95,6.9999,6.7,6.76,6.76,635248,6.9999,6.7,6.95,635248,0.0,1.0
2023-10-23 00:00:00,6.74,6.7597,6.64,6.66,6.66,582720,6.7597,6.64,6.74,582720,0.0,1.0
2023-10-24 00:00:00,6.7,6.76,6.58,6.6,6.6,609892,6.76,6.58,6.7,609892,0.0,1.0
2023-10-25 00:00:00,6.68,7.0,6.68,6.97,6.97,1065772,7.0,6.68,6.68,1065772,0.0,1.0
2023-10-26 00:00:00,6.89,7.0175,6.84,6.98,6.98,917221,7.0175,6.84,6.89,917221,0.0,1.0
2023-10-27 00:00:00,6.98,7.025,6.895,7.0,7.0,706668,7.025,6.895,6.98,706668,0.0,1.0
2023-10-30 00:00:00,7.06,7.06,6.86,7.02,7.02,478835,7.06,6.86,7.06,478835,0.0,1.0
2023-10-31 00:00:00,7.02,7.02,6.83,6.92,6.92,433288,7.02,6.83,7.02,433288,0.0,1.0
2023-11-01 00:00:00,7.18,7.475,6.92,7.26,7.26,1956797,7.475,6.92,7.18,1956797,0.0,1.0
2023-11-02 00:00:00,7.25,7.54,7.22,7.36,7.36,1138091,7.54,7.22,7.25,1138091,0.0,1.0
2023-11-03 00:00:00,7.45,7.45,7.145,7.18,7.18,557624,7.45,7.145,7.45,557624,0.0,1.0
2023-11-06 00:00:00,7.22,7.23,6.975,7.06,7.06,650630,7.23,6.975,7.22,650630,0.0,1.0
2023-11-07 00:00:00,6.96,7.035,6.87,6.95,6.95,826815,7.035,6.87,6.96,826815,0.0,1.0
2023-11-08 00:00:00,6.9,6.98,6.81,6.94,6.94,825986,6.98,6.81,6.9,825986,0.0,1.0
2023-11-09 00:00:00,6.99,7.05,6.87,6.92,6.92,453677,7.05,6.87,6.99,453677,0.0,1.0
2023-11-10 00:00:00,6.96,7.02,6.92,6.95,6.95,923223,7.02,6.92,6.96,923223,0.0,1.0
2023-11-13 00:00:00,6.99,7.13,6.95,7.04,7.04,588176,7.13,6.95,6.99,588176,0.0,1.0
2023-11-14 00:00:00,7.11,7.14,6.94,7.14,7.14,1234084,7.14,6.94,7.11,1234084,0.0,1.0
2023-11-15 00:00:00,7.15,7.3,7.03,7.11,7.11,1086612,7.3,7.03,7.15,1086612,0.0,1.0
2023-11-16 00:00:00,7.03,7.075,6.75,6.83,6.83,606644,7.075,6.75,7.03,606644,0.0,1.0
2023-11-17 00:00:00,6.91,7.2,6.89,7.12,7.12,827648,7.2,6.89,6.91,827648,0.0,1.0
2023-11-20 00:00:00,7.17,7.355,7.14,7.19,7.19,609296,7.355,7.14,7.17,609296,0.0,1.0
2023-11-21 00:00:00,7.15,7.19,7.11,7.16,7.16,542254,7.19,7.11,7.15,542254,0.0,1.0
2023-11-22 00:00:00,7.06,7.22,6.97,7.2,7.2,443980,7.22,6.97,7.06,443980,0.0,1.0
2023-11-24 00:00:00,7.2,7.32,7.19,7.21,7.21,338852,7.32,7.19,7.2,338852,0.0,1.0
2023-11-27 00:00:00,7.19,7.24,7.1,7.23,7.23,500241,7.24,7.1,7.19,500241,0.0,1.0
2023-11-28 00:00:00,7.31,7.31,7.01,7.02,7.02,497119,7.31,7.01,7.31,497119,0.0,1.0
2023-11-29 00:00:00,7.08,7.13,6.94,6.96,6.96,513827,7.13,6.94,7.08,513827,0.0,1.0
2023-11-30 00:00:00,7.04,7.16,6.91,6.95,6.95,2520743,7.16,6.91,7.04,2520743,0.0,1.0
2023-12-01 00:00:00,6.93,7.22,6.884,7.2,7.2,1072222,7.22,6.884,6.93,1072222,0.0,1.0
2023-12-04 00:00:00,7.19,7.4,7.1,7.4,7.4,1288873,7.4,7.1,7.19,1288873,0.0,1.0
2023-12-05 00:00:00,7.5,7.625,7.4,7.43,7.43,1621073,7.625,7.4,7.5,1621073,0.0,1.0
2023-12-06 00:00:00,7.37,7.37,6.86,6.89,6.89,1635247,7.37,6.86,7.37,1635247,0.0,1.0
2023-12-07 00:00:00,6.88,6.94,6.79,6.93,6.93,1434495,6.94,6.79,6.88,1434495,0.0,1.0
2023-12-08 00:00:00,6.97,7.09,6.865,6.91,6.91,943457,7.09,6.865,6.97,943457,0.0,1.0
2023-12-11 00:00:00,6.9,6.98,6.8,6.86,6.86,576749,6.98,6.8,6.9,576749,0.0,1.0
2023-12-12 00:00:00,6.76,6.87,6.655,6.66,6.66,781649,6.87,6.655,6.76,781649,0.0,1.0
2023-12-13 00:00:00,6.72,6.78,6.59,6.77,6.77,686886,6.78,6.59,6.72,686886,0.0,1.0
2023-12-14 00:00:00,6.88,6.96,6.74,6.8,6.8,803951,6.96,6.74,6.88,803951,0.0,1.0
2023-12-15 00:00:00,6.79,7.085,6.725,7.04,7.04,2938446,7.085,6.725,6.79,2938446,0.0,1.0
2023-12-18 00:00:00,7.18,7.27,7.02,7.03,7.03,1057850,7.27,7.02,7.18,1057850,0.0,1.0
2023-12-19 00:00:00,7.07,7.2,7.04,7.19,7.19,678026,7.2,7.04,7.07,678026,0.0,1.0
2023-12-20 00:00:00,7.14,7.265,7.095,7.12,7.12,926649,7.265,7.095,7.14,926649,0.0,1.0
2023-12-21 00:00:00,7.19,7.2219,7.08,7.2,7.2,683937,7.2219,7.08,7.19,683937,0.0,1.0
2023-12-22 00:00:00,7.26,7.27,6.955,6.98,6.98,922001,7.27,6.955,7.26,922001,0.0,1.0
2023-12-26 00:00:00,7.07,7.1,7.0,7.06,7.06,498202,7.1,7.0,7.07,498202,0.0,1.0
2023-12-27 00:00:00,7.01,7.13,6.96,6.98,6.98,520261,7.13,6.96,7.01,520261,0.0,1.0
2023-12-28 00:00:00,6.98,6.98,6.68,6.7,6.7,699044,6.98,6.68,6.98,699044,0.0,1.0
2023-12-29 00:00:00,6.71,6.73,6.61,6.64,6.64,1128375,6.73,6.61,6.71,1128375,0.0,1.0
2024-01-02 00:00:00,6.65,6.73,6.49,6.54,6.54,608603,6.73,6.49,6.65,608603,0.0,1.0
2024-01-03 00:00:00,6.61,6.73,6.53,6.58,6.58,879504,6.73,6.53,6.61,879504,0.0,1.0
2024-01-04 00:00:00,6.68,6.71,6.34,6.34,6.34,791183,6.71,6.34,6.68,791183,0.0,1.0
2024-01-05 00:00:00,6.35,6.425,6.33,6.39,6.39,555953,6.425,6.33,6.35,555953,0.0,1.0
2024-01-08 00:00:00,6.34,6.37,6.15,6.35,6.35,808122,6.37,6.15,6.34,808122,0.0,1.0
2024-01-09 00:00:00,6.35,6.38,6.1825,6.26,6.26,987789,6.38,6.1825,6.35,987789,0.0,1.0
2024-01-10 00:00:00,6.27,6.29,6.185,6.28,6.28,1178407,6.29,6.185,6.27,1178407,0.0,1.0
2024-01-11 00:00:00,6.33,6.37,6.18,6.31,6.31,806260,6.37,6.18,6.33,806260,0.0,1.0
2024-01-12 00:00:00,6.41,6.49,6.21,6.3,6.3,1416073,6.49,6.21,6.41,1416073,0.0,1.0
2024-01-16 00:00:00,6.3,6.44,6.04,6.07,6.07,749380,6.44,6.04,6.3,749380,0.0,1.0
2024-01-17 00:00:00,6.0,6.12,5.86,6.07,6.07,1163214,6.12,5.86,6.0,1163214,0.0,1.0
2024-01-18 00:00:00,6.07,6.125,5.995,6.04,6.04,820588,6.125,5.995,6.07,820588,0.0,1.0
2024-01-19 00:00:00,6.06,6.12,5.98,6.09,6.09,713410,6.12,5.98,6.06,713410,0.0,1.0
2024-01-22 00:00:00,6.09,6.345,6.05,6.31,6.31,651001,6.345,6.05,6.09,651001,0.0,1.0
2024-01-23 00:00:00,6.32,6.49,6.31,6.35,6.35,748069,6.49,6.31,6.32,748069,0.0,1.0
2024-01-24 00:00:00,6.43,6.48,6.32,6.46,6.46,665486,6.48,6.32,6.43,665486,0.0,1.0
2024-01-25 00:00:00,6.56,6.61,6.38,6.46,6.46,689962,6.61,6.38,6.56,689962,0.0,1.0
2024-01-26 00:00:00,6.46,6.615,6.445,6.58,6.58,547710,6.615,6.445,6.46,547710,0.0,1.0
2024-01-29 00:00:00,6.54,6.54,6.42,6.53,6.53,537330,6.54,6.42,6.54,537330,0.0,1.0
2024-01-30 00:00:00,6.41,6.62,6.32,6.61,6.61,684700,6.62,6.32,6.41,684700,0.0,1.0
2024-01-31 00:00:00,6.61,6.65,6.405,6.49,6.49,1080266,6.65,6.405,6.61,1080266,0.0,1.0
2024-02-01 00:00:00,6.53,6.64,6.23,6.25,6.25,703796,6.64,6.23,6.53,703796,0.0,1.0
2024-02-02 00:00:00,6.22,6.245,5.98,6.0,6.0,615626,6.245,5.98,6.22,615626,0.0,1.0
2024-02-05 00:00:00,5.93,5.97,5.855,5.95,5.95,659544,5.97,5.855,5.93,659544,0.0,1.0
2024-02-06 00:00:00,6.0,6.04,5.93,6.01,6.01,505419,6.04,5.93,6.0,505419,0.0,1.0
2024-02-07 00:00:00,6.02,6.09,5.94,6.06,6.06,498653,6.09,5.94,6.02,498653,0.0,1.0
2024-02-08 00:00:00,6.04,6.18,6.04,6.17,6.17,573683,6.18,6.04,6.04,573683,0.0,1.0
2024-02-09 00:00:00,6.18,6.21,6.08,6.13,6.13,390378,6.21,6.08,6.18,390378,0.0,1.0
2024-02-12 00:00:00,6.14,6.29,6.14,6.23,6.23,556347,6.29,6.14,6.14,556347,0.0,1.0
2024-02-13 00:00:00,6.17,6.24,6.01,6.08,6.08,658513,6.24,6.01,6.17,658513,0.0,1.0
2024-02-14 00:00:00,6.17,6.19,6.04,6.08,6.08,575033,6.19,6.04,6.17,575033,0.0,1.0
2024-02-15 00:00:00,6.12,6.44,6.115,6.42,6.42,849932,6.44,6.115,6.12,849932,0.0,1.0
2024-02-16 00:00:00,6.42,6.44,6.24,6.38,6.38,551970,6.44,6.24,6.42,551970,0.0,1.0
2024-02-20 00:00:00,6.35,6.42,6.24,6.27,6.27,667097,6.42,6.24,6.35,667097,0.0,1.0
2024-02-21 00:00:00,6.3,6.38,6.18,6.27,6.27,627107,6.38,6.18,6.3,627107,0.0,1.0
2024-02-22 00:00:00,5.82,6.21,5.6101,6.19,6.19,1593768,6.21,5.6101,5.82,1593768,0.0,1.0
2024-02-23 00:00:00,6.1,6.38,6.085,6.24,6.24,697458,6.38,6.085,6.1,697458,0.0,1.0
2024-02-26 00:00:00,6.2,6.41,6.14,6.39,6.39,724768,6.41,6.14,6.2,724768,0.0,1.0
2024-02-27 00:00:00,6.46,6.53,6.41,6.42,6.42,512490,6.53,6.41,6.46,512490,0.0,1.0
2024-02-28 00:00:00,6.4,6.425,6.185,6.2,6.2,990588,6.425,6.185,6.4,990588,0.0,1.0
2024-02-29 00:00:00,6.27,6.55,6.245,6.43,6.43,1009162,6.55,6.245,6.27,1009162,0.0,1.0
2024-03-01 00:00:00,6.47,6.69,6.455,6.67,6.67,721086,6.69,6.455,6.47,721086,0.0,1.0
2024-03-04 00:00:00,6.73,6.81,6.58,6.61,6.61,658070,6.81,6.58,6.73,658070,0.0,1.0
2024-03-05 00:00:00,6.6,6.74,6.58,6.59,6.59,458861,6.74,6.58,6.6,458861,0.0,1.0
2024-03-06 00:00:00,6.68,6.68,6.54,6.57,6.57,400653,6.68,6.54,6.68,400653,0.0,1.0
2024-03-07 00:00:00,6.57,6.69,6.55,6.67,6.67,370936,6.69,6.55,6.57,370936,0.0,1.0
2024-03-08 00:00:00,6.73,6.95,6.705,6.88,6.88,654477,6.95,6.705,6.73,654477,0.0,1.0
2024-03-11 00:00:00,6.82,6.91,6.64,6.86,6.86,528144,6.91,6.64,6.82,528144,0.0,1.0
2024-03-12 00:00:00,6.85,6.97,6.715,6.96,6.96,548324,6.97,6.715,6.85,548324,0.0,1.0
2024-03-13 00:00:00,7.0,7.11,6.9,6.97,6.97,643729,7.11,6.9,7.0,643729,0.0,1.0
2024-03-14 00:00:00,7.0,7.15,6.945,7.09,7.09,666574,7.15,6.945,7.0,666574,0.0,1.0
2024-03-15 00:00:00,7.05,7.205,7.04,7.12,7.12,1163780,7.205,7.04,7.05,1163780,0.0,1.0
2024-03-18 00:00:00,7.13,7.275,7.085,7.11,7.11,612238,7.275,7.085,7.13,612238,0.0,1.0
2024-03-19 00:00:00,7.15,7.54,7.15,7.51,7.51,715589,7.54,7.15,7.15,715589,0.0,1.0
2024-03-20 00:00:00,7.42,7.52,7.375,7.48,7.48,465411,7.52,7.375,7.42,465411,0.0,1.0
2024-03-21 00:00:00,7.5,7.5,7.36,7.48,7.48,888823,7.5,7.36,7.5,888823,0.0,1.0
2024-03-22 00:00:00,7.5,7.54,7.36,7.36,7.36,382972,7.54,7.36,7.5,382972,0.0,1.0
2024-03-25 00:00:00,7.4,7.465,7.34,7.35,7.35,413752,7.465,7.34,7.4,413752,0.0,1.0
2024-03-26 00:00:00,7.37,7.38,7.16,7.16,7.16,439934,7.38,7.16,7.37,439934,0.0,1.0
2024-03-27 00:00:00,7.15,7.24,7.07,7.19,7.19,632596,7.24,7.07,7.15,632596,0.0,1.0
2024-03-28 00:00:00,7.22,7.31,7.12,7.22,7.22,1315825,7.31,7.12,7.22,1315825,0.0,1.0
2024-04-01 00:00:00,7.3,7.557,7.27,7.49,7.49,419438,7.557,7.27,7.3,419438,0.0,1.0
2024-04-02 00:00:00,7.46,7.48,7.27,7.36,7.36,430880,7.48,7.27,7.46,430880,0.0,1.0
2024-04-03 00:00:00,7.35,7.56,7.305,7.54,7.54,547955,7.56,7.305,7.35,547955,0.0,1.0
2024-04-04 00:00:00,7.57,7.675,7.54,7.59,7.59,471369,7.675,7.54,7.57,471369,0.0,1.0
2024-04-05 00:00:00,7.64,7.75,7.54,7.69,7.69,611672,7.75,7.54,7.64,611672,0.0,1.0
2024-04-08 00:00:00,7.74,7.8,7.55,7.55,7.55,333614,7.8,7.55,7.74,333614,0.0,1.0
2024-04-09 00:00:00,7.7,7.75,7.5,7.52,7.52,500407,7.75,7.5,7.7,500407,0.0,1.0
2024-04-10 00:00:00,7.42,7.66,7.37,7.62,7.62,447404,7.66,7.37,7.42,447404,0.0,1.0
2024-04-11 00:00:00,7.62,7.71,7.53,7.66,7.66,525977,7.71,7.53,7.62,525977,0.0,1.0
2024-04-12 00:00:00,7.76,7.84,7.41,7.42,7.42,617362,7.84,7.41,7.76,617362,0.0,1.0
2024-04-15 00:00:00,7.44,7.605,7.4214,7.51,7.51,536405,7.605,7.4214,7.44,536405,0.0,1.0
2024-04-16 00:00:00,7.43,7.5,7.39,7.45,7.45,442224,7.5,7.39,7.43,442224,0.0,1.0
2024-04-17 00:00:00,7.44,7.49,7.24,7.3,7.3,507234,7.49,7.24,7.44,507234,0.0,1.0
2024-04-18 00:00:00,7.32,7.47,7.28,7.28,7.28,630869,7.47,7.28,7.32,630869,0.0,1.0
2024-04-19 00:00:00,7.24,7.4,7.24,7.39,7.39,523090,7.4,7.24,7.24,523090,0.0,1.0
2024-04-22 00:00:00,7.32,7.44,7.22,7.3,7.3,371950,7.44,7.22,7.32,371950,0.0,1.0
2024-04-23 00:00:00,7.28,7.34,7.21,7.33,7.33,306669,7.34,7.21,7.28,306669,0.0,1.0
2024-04-24 00:00:00,7.25,7.315,7.16,7.26,7.26,498846,7.315,7.16,7.25,498846,0.0,1.0
2024-04-25 00:00:00,7.22,7.305,7.125,7.28,7.28,462363,7.305,7.125,7.22,462363,0.0,1.0
2024-04-26 00:00:00,7.25,7.37,7.18,7.27,7.27,355048,7.37,7.18,7.25,355048,0.0,1.0
2024-04-29 00:00:00,7.24,7.34,7.215,7.24,7.24,240099,7.34,7.215,7.24,240099,0.0,1.0
2024-04-30 00:00:00,7.16,7.205,6.94,6.94,6.94,464090,7.205,6.94,7.16,464090,0.0,1.0
2024-05-01 00:00:00,6.97,7.05,6.815,6.93,6.93,487190,7.05,6.815,6.97,487190,0.0,1.0
2024-05-02 00:00:00,6.99,7.14,6.905,7.02,7.02,730374,7.14,6.905,6.99,730374,0.0,1.0
2024-05-03 00:00:00,7.46,7.6629,6.99,7.1,7.1,706644,7.6629,6.99,7.46,706644,0.0,1.0
2024-05-06 00:00:00,7.23,7.54,7.14,7.16,7.16,505051,7.54,7.14,7.23,505051,0.0,1.0
2024-05-07 00:00:00,7.19,7.51,7.19,7.37,7.37,623116,7.51,7.19,7.19,623116,0.0,1.0
2024-05-08 00:00:00,7.35,7.405,7.23,7.35,7.35,1289510,7.405,7.23,7.35,1289510,0.0,1.0
2024-05-09 00:00:00,7.39,7.66,7.375,7.65,7.65,631806,7.66,7.375,7.39,631806,0.0,1.0
2024-05-10 00:00:00,7.69,7.71,7.525,7.57,7.57,565909,7.71,7.525,7.69,565909,0.0,1.0
2024-05-13 00:00:00,7.6,7.61,7.32,7.34,7.34,344122,7.61,7.32,7.6,344122,0.0,1.0
2024-05-14 00:00:00,7.36,7.6,7.33,7.56,7.56,546943,7.6,7.33,7.36,546943,0.0,1.0
2024-05-15 00:00:00,7.56,7.72,7.44,7.68,7.68,390300,7.72,7.44,7.56,390300,0.0,1.0
2024-05-16 00:00:00,7.68,7.79,7.68,7.76,7.76,476536,7.79,7.68,7.68,476536,0.0,1.0
2024-05-17 00:00:00,7.82,7.83,7.59,7.63,7.63,338287,7.83,7.59,7.82,338287,0.0,1.0
2024-05-20 00:00:00,7.62,7.86,7.62,7.84,7.84,458270,7.86,7.62,7.62,458270,0.0,1.0
2024-05-21 00:00:00,7.8,8.02,7.78,7.99,7.99,582709,8.02,7.78,7.8,582709,0.0,1.0
2024-05-22 00:00:00,8.01,8.01,7.75,7.76,7.76,594430,8.01,7.75,8.01,594430,0.0,1.0
2024-05-23 00:00:00,7.8,7.85,7.57,7.64,7.64,637141,7.85,7.57,7.8,637141,0.0,1.0
2024-05-24 00:00:00,7.71,7.77,7.535,7.71,7.71,514198,7.77,7.535,7.71,514198,0.0,1.0
2024-05-28 00:00:00,7.76,7.93,7.76,7.87,7.87,683380,7.93,7.76,7.76,683380,0.0,1.0
2024-05-29 00:00:00,7.85,7.92,7.71,7.91,7.91,684832,7.92,7.71,7.85,684832,0.0,1.0
2024-05-30 00:00:00,7.94,8.06,7.865,8.05,8.05,797765,8.06,7.865,7.94,797765,0.0,1.0
2024-05-31 00:00:00,8.04,8.515,8.03,8.48,8.48,1947417,8.515,8.03,8.04,1947417,0.0,1.0
2024-06-03 00:00:00,8.5,8.56,8.16,8.35,8.35,1648041,8.56,8.16,8.5,1648041,0.0,1.0
2024-06-04 00:00:00,8.42,8.44,8.0501,8.1,8.1,2221249,8.44,8.0501,8.42,2221249,0.0,1.0
2024-06-05 00:00:00,8.17,8.258,8.075,8.19,8.19,816097,8.258,8.075,8.17,816097,0.0,1.0
2024-06-06 00:00:00,8.19,8.26,8.08,8.22,8.22,549533,8.26,8.08,8.19,549533,0.0,1.0
2024-06-07 00:00:00,8.15,8.25,8.06,8.15,8.15,664370,8.25,8.06,8.15,664370,0.0,1.0
2024-06-10 00:00:00,8.21,8.405,8.15,8.38,8.38,520364,8.405,8.15,8.21,520364,0.0,1.0
2024-06-11 00:00:00,8.35,8.47,8.26,8.47,8.47,543458,8.47,8.26,8.35,543458,0.0,1.0
2024-06-12 00:00:00,8.61,8.64,8.495,8.55,8.55,826628,8.64,8.495,8.61,826628,0.0,1.0
2024-06-13 00:00:00,8.61,8.65,8.32,8.36,8.36,898550,8.65,8.32,8.61,898550,0.0,1.0
2024-06-14 00:00:00,8.26,8.26,7.725,7.76,7.76,840851,8.26,7.725,8.26,840851,0.0,1.0
2024-06-17 00:00:00,7.75,7.81,7.57,7.78,7.78,570097,7.81,7.57,7.75,570097,0.0,1.0
2024-06-18 00:00:00,7.78,8.0,7.72,7.88,7.88,669639,8.0,7.72,7.78,669639,0.0,1.0
2024-06-20 00:00:00,7.89,7.9396,7.73,7.77,7.77,375135,7.9396,7.73,7.89,375135,0.0,1.0
2024-06-21 00:00:00,7.79,7.9,7.71,7.9,7.9,803291,7.9,7.71,7.79,803291,0.0,1.0
2024-06-24 00:00:00,7.94,8.15,7.86,8.08,8.08,884761,8.15,7.86,7.94,884761,0.0,1.0
2024-06-25 00:00:00,8.13,8.3,8.05,8.26,8.26,663722,8.3,8.05,8.13,663722,0.0,1.0
2024-06-26 00:00:00,8.23,8.255,8.11,8.15,8.15,636308,8.255,8.11,8.23,636308,0.0,1.0
2024-06-27 00:00:00,8.21,8.29,8.02,8.09,8.09,434145,8.29,8.02,8.21,434145,0.0,1.0
2024-06-28 00:00:00,8.19,8.35,8.07,8.31,8.31,2197631,8.35,8.07,8.19,2197631,0.0,1.0
2024-07-01 00:00:00,8.39,8.4,8.085,8.17,8.17,454170,8.4,8.085,8.39,454170,0.0,1.0
2024-07-02 00:00:00,8.2,8.265,7.95,7.95,7.95,402790,8.265,7.95,8.2,402790,0.0,1.0
2024-07-03 00:00:00,8.0,8.065,7.91,8.01,8.01,262890,8.065,7.91,8.0,262890,0.0,1.0
2024-07-05 00:00:00,8.01,8.01,7.59,7.6,7.6,464405,8.01,7.59,8.01,464405,0.0,1.0
2024-07-08 00:00:00,7.55,7.655,7.45,7.53,7.53,595869,7.655,7.45,7.55,595869,0.0,1.0
2024-07-09 00:00:00,7.47,7.47,7.34,7.36,7.36,441952,7.47,7.34,7.47,441952,0.0,1.0
2024-07-10 00:00:00,7.44,7.465,7.3,7.37,7.37,352428,7.465,7.3,7.44,352428,0.0,1.0
2024-07-11 00:00:00,7.45,7.635,7.41,7.6,7.6,408129,7.635,7.41,7.45,408129,0.0,1.0
2024-07-12 00:00:00,7.71,7.72,7.595,7.63,7.63,582186,7.72,7.595,7.71,582186,0.0,1.0
2024-07-15 00:00:00,7.74,8.04,7.64,7.91,7.91,588831,8.04,7.64,7.74,588831,0.0,1.0
2024-07-16 00:00:00,7.92,8.2,7.83,8.14,8.14,572849,8.2,7.83,7.92,572849,0.0,1.0
2024-07-17 00:00:00,8.03,8.245,7.98,8.07,8.07,533260,8.245,7.98,8.03,533260,0.0,1.0
2024-07-18 00:00:00,8.01,8.24,8.01,8.23,8.23,634139,8.24,8.01,8.01,634139,0.0,1.0
2024-07-19 00:00:00,8.18,8.2,7.89,8.0,8.0,563787,8.2,7.89,8.18,563787,0.0,1.0
2024-07-22 00:00:00,8.03,8.09,7.85,8.04,8.04,375766,8.09,7.85,8.03,375766,0.0,1.0
2024-07-23 00:00:00,8.0,8.145,7.95,8.12,8.12,401007,8.145,7.95,8.0,401007,0.0,1.0
2024-07-24 00:00:00,8.09,8.19,7.98,7.99,7.99,626093,8.19,7.98,8.09,626093,0.0,1.0
2024-07-25 00:00:00,8.03,8.26,7.925,8.2,8.2,647539,8.26,7.925,8.03,647539,0.0,1.0
2024-07-26 00:00:00,8.3,8.38,8.155,8.27,8.27,445346,8.38,8.155,8.3,445346,0.0,1.0
2024-07-29 00:00:00,8.3,8.315,8.09,8.09,8.09,389099,8.315,8.09,8.3,389099,0.0,1.0
2024-07-30 00:00:00,8.1,8.18,8.045,8.06,8.06,469866,8.18,8.045,8.1,469866,0.0,1.0
2024-07-31 00:00:00,8.17,8.33,8.085,8.26,8.26,1392504,8.33,8.085,8.17,1392504,0.0,1.0
2024-08-01 00:00:00,8.22,8.26,7.805,7.89,7.89,804152,8.26,7.805,8.22,804152,0.0,1.0
2024-08-02 00:00:00,7.63,7.64,7.27,7.31,7.31,706293,7.64,7.27,7.63,706293,0.0,1.0
2024-08-05 00:00:00,6.99,7.12,6.78,6.98,6.98,779076,7.12,6.78,6.99,779076,0.0,1.0
2024-08-06 00:00:00,8.22,8.22,7.8,8.01,8.01,1953589,8.22,7.8,8.22,1953589,0.0,1.0
2024-08-07 00:00:00,8.19,8.23,7.75,7.79,7.79,824080,8.23,7.75,8.19,824080,0.0,1.0
2024-08-08 00:00:00,7.89,7.89,7.58,7.6,7.6,542688,7.89,7.58,7.89,542688,0.0,1.0
2024-08-09 00:00:00,7.58,7.685,7.45,7.45,7.45,534393,7.685,7.45,7.58,534393,0.0,1.0
2024-08-12 00:00:00,7.48,7.51,7.365,7.45,7.45,500679,7.51,7.365,7.48,500679,0.0,1.0
2024-08-13 00:00:00,7.46,7.69,7.34,7.65,7.65,595071,7.69,7.34,7.46,595071,0.0,1.0
2024-08-14 00:00:00,7.7,7.735,7.56,7.68,7.68,680427,7.735,7.56,7.7,680427,0.0,1.0
2024-08-15 00:00:00,7.92,7.97,7.81,7.89,7.89,690535,7.97,7.81,7.92,690535,0.0,1.0
2024-08-16 00:00:00,7.84,7.97,7.82,7.96,7.96,431495,7.97,7.82,7.84,431495,0.0,1.0
2024-08-19 00:00:00,7.96,8.01,7.875,7.96,7.96,559913,8.01,7.875,7.96,559913,0.0,1.0
2024-08-20 00:00:00,7.97,7.98,7.755,7.87,7.87,640362,7.98,7.755,7.97,640362,0.0,1.0
2024-08-21 00:00:00,7.92,7.945,7.83,7.84,7.84,442050,7.945,7.83,7.92,442050,0.0,1.0
2024-08-22 00:00:00,7.91,7.945,7.83,7.86,7.86,352339,7.945,7.83,7.91,352339,0.0,1.0
2024-08-23 00:00:00,7.89,8.205,7.89,8.15,8.15,529795,8.205,7.89,7.89,529795,0.0,1.0
2024-08-26 00:00:00,8.35,8.39,8.24,8.27,8.27,623072,8.39,8.24,8.35,623072,0.0,1.0
2024-08-27 00:00:00,8.23,8.34,8.2,8.28,8.28,375495,8.34,8.2,8.23,375495,0.0,1.0
2024-08-28 00:00:00,8.18,8.27,8.09,8.22,8.22,461645,8.27,8.09,8.18,461645,0.0,1.0
2024-08-29 00:00:00,8.31,8.38,8.2,8.34,8.34,306679,8.38,8.2,8.31,306679,0.0,1.0
2024-08-30 00:00:00,8.25,8.28,8.07,8.23,8.23,395070,8.28,8.07,8.25,395070,0.0,1.0
2024-09-03 00:00:00,8.07,8.105,7.835,7.91,7.91,633730,8.105,7.835,8.07,633730,0.0,1.0
2024-09-04 00:00:00,7.95,8.01,7.845,7.85,7.85,403592,8.01,7.845,7.95,403592,0.0,1.0
2024-09-05 00:00:00,7.97,7.97,7.52,7.52,7.52,627985,7.97,7.52,7.97,627985,0.0,1.0
2024-09-06 00:00:00,7.52,7.578,7.2,7.2,7.2,500534,7.578,7.2,7.52,500534,0.0,1.0
2024-09-09 00:00:00,7.22,7.365,7.19,7.2,7.2,847754,7.365,7.19,7.22,847754,0.0,1.0
2024-09-10 00:00:00,7.18,7.195,6.985,7.11,7.11,702145,7.195,6.985,7.18,702145,0.0,1.0
2024-09-11 00:00:00,7.09,7.14,6.905,7.07,7.07,398050,7.14,6.905,7.09,398050,0.0,1.0
2024-09-12 00:00:00,7.13,7.235,7.06,7.07,7.07,442815,7.235,7.06,7.13,442815,0.0,1.0
2024-09-13 00:00:00,7.17,7.235,7.085,7.12,7.12,427501,7.235,7.085,7.17,427501,0.0,1.0
2024-09-16 00:00:00,7.22,7.415,7.16,7.34,7.34,1144932,7.415,7.16,7.22,1144932,0.0,1.0
2024-09-17 00:00:00,7.33,7.48,7.13,7.47,7.47,1124266,7.48,7.13,7.33,1124266,0.0,1.0
2024-09-18 00:00:00,7.47,7.6,7.19,7.23,7.23,1555819,7.6,7.19,7.47,1555819,0.0,1.0
2024-09-19 00:00:00,7.41,7.54,7.29,7.5,7.5,754735,7.54,7.29,7.41,754735,0.0,1.0
2024-09-20 00:00:00,7.46,7.56,7.3697,7.47,7.47,2362737,7.56,7.3697,7.46,2362737,0.0,1.0
2024-09-23 00:00:00,7.5,7.73,7.41,7.44,7.44,393265,7.73,7.41,7.5,393265,0.0,1.0
2024-09-24 00:00:00,7.52,7.55,7.18,7.19,7.19,610405,7.55,7.18,7.52,610405,0.0,1.0
2024-09-25 00:00:00,7.19,7.19,6.86,6.86,6.86,849109,7.19,6.86,7.19,849109,0.0,1.0
2024-09-26 00:00:00,6.7,6.83,6.64,6.81,6.81,1059922,6.83,6.64,6.7,1059922,0.0,1.0
2024-09-27 00:00:00,6.9,7.16,6.88,6.92,6.92,1130727,7.16,6.88,6.9,1130727,0.0,1.0
2024-09-30 00:00:00,6.91,6.99,6.795,6.93,6.93,995088,6.99,6.795,6.91,995088,0.0,1.0
2024-10-01 00:00:00,6.87,7.11,6.84,6.97,6.97,565882,7.11,6.84,6.87,565882,0.0,1.0
2024-10-02 00:00:00,7.03,7.05,6.88,6.95,6.95,494274,7.05,6.88,7.03,494274,0.0,1.0
2024-10-03 00:00:00,6.95,7.11,6.9,7.05,7.05,398949,7.11,6.9,6.95,398949,0.0,1.0
2024-10-04 00:00:00,7.15,7.22,7.055,7.12,7.12,397634,7.22,7.055,7.15,397634,0.0,1.0
2024-10-07 00:00:00,7.12,7.16,7.06,7.13,7.13,492724,7.16,7.06,7.12,492724,0.0,1.0
2024-10-08 00:00:00,7.06,7.08,6.88,6.98,6.98,545113,7.08,6.88,7.06,545113,0.0,1.0
2024-10-09 00:00:00,6.93,7.125,6.93,7.08,7.08,816865,7.125,6.93,6.93,816865,0.0,1.0
2024-10-10 00:00:00,7.05,7.11,6.955,7.05,7.05,364828,7.11,6.955,7.05,364828,0.0,1.0
2024-10-11 00:00:00,7.07,7.255,7.055,7.21,7.21,591663,7.255,7.055,7.07,591663,0.0,1.0
2024-10-14 00:00:00,7.11,7.14,7.025,7.11,7.11,387026,7.14,7.025,7.11,387026,0.0,1.0
2024-10-15 00:00:00,6.92,7.07,6.86,6.98,6.98,548407,7.07,6.86,6.92,548407,0.0,1.0
2024-10-16 00:00:00,7.03,7.13,6.945,7.12,7.12,880086,7.13,6.945,7.03,880086,0.0,1.0
2024-10-17 00:00:00,7.12,7.17,7.02,7.17,7.17,1029576,7.17,7.02,7.12,1029576,0.0,1.0
2024-10-18 00:00:00,7.12,7.15,7.01,7.07,7.07,907746,7.15,7.01,7.12,907746,0.0,1.0
2024-10-21 00:00:00,7.12,7.13,7.035,7.08,7.08,355040,7.13,7.035,7.12,355040,0.0,1.0
2024-10-22 00:00:00,7.04,7.1,6.94,6.99,6.99,664199,7.1,6.94,7.04,664199,0.0,1.0
2024-10-23 00:00:00,6.92,6.96,6.755,6.85,6.85,499537,6.96,6.755,6.92,499537,0.0,1.0
2024-10-24 00:00:00,6.86,6.86,6.7,6.75,6.75,466986,6.86,6.7,6.86,466986,0.0,1.0
2024-10-25 00:00:00,6.82,6.9,6.725,6.78,6.78,325359,6.9,6.725,6.82,325359,0.0,1.0
2024-10-28 00:00:00,6.62,6.895,6.56,6.81,6.81,339851,6.895,6.56,6.62,339851,0.0,1.0
2024-10-29 00:00:00,6.77,6.805,6.6901,6.72,6.72,429956,6.805,6.6901,6.77,429956,0.0,1.0
2024-10-30 00:00:00,6.74,6.855,6.71,6.73,6.73,417188,6.855,6.71,6.74,417188,0.0,1.0
2024-10-31 00:00:00,6.78,6.79,6.6325,6.66,6.66,324997,6.79,6.6325,6.78,324997,0.0,1.0
2024-11-01 00:00:00,6.72,6.74,6.51,6.52,6.52,472762,6.74,6.51,6.72,472762,0.0,1.0
2024-11-04 00:00:00,6.53,6.65,6.49,6.57,6.57,457220,6.65,6.49,6.53,457220,0.0,1.0
2024-11-05 00:00:00,6.57,6.97,6.55,6.92,6.92,663561,6.97,6.55,6.57,663561,0.0,1.0
2024-11-06 00:00:00,7.27,7.68,7.27,7.61,7.61,902899,7.68,7.27,7.27,902899,0.0,1.0
2024-11-07 00:00:00,7.67,7.675,7.46,7.55,7.55,520429,7.675,7.46,7.67,520429,0.0,1.0
2024-11-08 00:00:00,7.09,7.445,6.7,7.28,7.28,1331319,7.445,6.7,7.09,1331319,0.0,1.0
2024-11-11 00:00:00,7.38,7.44,7.24,7.25,7.25,657473,7.44,7.24,7.38,657473,0.0,1.0
2024-11-12 00:00:00,7.27,7.455,7.215,7.43,7.43,728851,7.455,7.215,7.27,728851,0.0,1.0
2024-11-13 00:00:00,7.48,7.49,7.255,7.28,7.28,520830,7.49,7.255,7.48,520830,0.0,1.0
2024-11-14 00:00:00,7.35,7.35,7.035,7.12,7.12,516611,7.35,7.035,7.35,516611,0.0,1.0
2024-11-15 00:00:00,7.19,7.2,6.94,6.99,6.99,536081,7.2,6.94,7.19,536081,0.0,1.0
2024-11-18 00:00:00,7.07,7.27,7.05,7.15,7.15,704178,7.27,7.05,7.07,704178,0.0,1.0
2024-11-19 00:00:00,7.04,7.199,6.98,7.17,7.17,898752,7.199,6.98,7.04,898752,0.0,1.0
2024-11-20 00:00:00,7.17,7.43,7.17,7.4,7.4,868658,7.43,7.17,7.17,868658,0.0,1.0
2024-11-21 00:00:00,7.41,7.955,7.375,7.77,7.77,811591,7.955,7.375,7.41,811591,0.0,1.0
2024-11-22 00:00:00,7.77,7.94,7.711,7.92,7.92,672784,7.94,7.711,7.77,672784,0.0,1.0
2024-11-25 00:00:00,7.96,8.24,7.935,8.06,8.06,816023,8.24,7.935,7.96,816023,0.0,1.0
2024-11-26 00:00:00,8.04,8.25,7.96,8.17,8.17,903306,8.25,7.96,8.04,903306,0.0,1.0
2024-11-27 00:00:00,8.2,8.37,8.17,8.29,8.29,603211,8.37,8.17,8.2,603211,0.0,1.0
2024-11-29 00:00:00,8.33,8.45,8.31,8.36,8.36,424791,8.45,8.31,8.33,424791,0.0,1.0
2024-12-02 00:00:00,8.36,8.49,8.3,8.39,8.39,858036,8.49,8.3,8.36,858036,0.0,1.0
2024-12-03 00:00:00,8.48,8.5,8.221,8.39,8.39,560461,8.5,8.221,8.48,560461,0.0,1.0
2024-12-04 00:00:00,8.45,8.505,7.895,7.98,7.98,1082479,8.505,7.895,8.45,1082479,0.0,1.0
2024-12-05 00:00:00,8.02,8.03,7.665,7.85,7.85,579008,8.03,7.665,8.02,579008,0.0,1.0
2024-12-06 00:00:00,7.85,8.015,7.645,7.71,7.71,765751,8.015,7.645,7.85,765751,0.0,1.0
2024-12-09 00:00:00,7.88,8.025,7.745,7.87,7.87,872557,8.025,7.745,7.88,872557,0.0,1.0
2024-12-10 00:00:00,7.89,8.0599,7.74,7.82,7.82,997921,8.0599,7.74,7.89,997921,0.0,1.0
2024-12-11 00:00:00,7.91,8.22,7.73,8.1,8.1,645378,8.22,7.73,7.91,645378,0.0,1.0
2024-12-12 00:00:00,8.11,8.21,7.87,7.94,7.94,619451,8.21,7.87,8.11,619451,0.0,1.0
2024-12-13 00:00:00,7.94,7.94,7.7,7.74,7.74,435565,7.94,7.7,7.94,435565,0.0,1.0
2024-12-16 00:00:00,7.7,7.87,7.645,7.66,7.66,540693,7.87,7.645,7.7,540693,0.0,1.0
2024-12-17 00:00:00,7.58,7.68,7.531,7.62,7.62,486636,7.68,7.531,7.58,486636,0.0,1.0
2024-12-18 00:00:00,7.65,7.805,7.245,7.25,7.25,1028171,7.805,7.245,7.65,1028171,0.0,1.0
2024-12-19 00:00:00,7.3,7.5,7.22,7.24,7.24,504072,7.5,7.22,7.3,504072,0.0,1.0
2024-12-20 00:00:00,7.04,7.365,7.04,7.33,7.33,1678020,7.365,7.04,7.04,1678020,0.0,1.0
2024-12-23 00:00:00,7.36,7.39,7.21,7.3,7.3,402217,7.39,7.21,7.36,402217,0.0,1.0
2024-12-24 00:00:00,7.3,7.31,7.11,7.31,7.31,288220,7.31,7.11,7.3,288220,0.0,1.0
2024-12-26 00:00:00,7.34,7.45,7.175,7.42,7.42,297270,7.45,7.175,7.34,297270,0.0,1.0
2024-12-27 00:00:00,7.41,7.515,7.22,7.35,7.35,285181,7.515,7.22,7.41,285181,0.0,1.0
2024-12-30 00:00:00,7.38,7.52,7.26,7.45,7.45,334071,7.52,7.26,7.38,334071,0.0,1.0
2024-12-31 00:00:00,7.53,7.79,7.52,7.67,7.67,504338,7.79,7.52,7.53,504338,0.0,1.0
2025-01-02 00:00:00,7.76,7.93,7.55,7.64,7.64,452818,7.93,7.55,7.76,452818,0.0,1.0
2025-01-03 00:00:00,7.68,7.79,7.58,7.74,7.74,317710,7.79,7.58,7.68,317710,0.0,1.0
2025-01-06 00:00:00,7.75,7.915,7.56,7.57,7.57,426197,7.915,7.56,7.75,426197,0.0,1.0
2025-01-07 00:00:00,7.62,7.72,7.45,7.51,7.51,513004,7.72,7.45,7.62,513004,0.0,1.0
2025-01-08 00:00:00,7.46,7.52,7.35,7.35,7.35,352891,7.52,7.35,7.46,352891,0.0,1.0
2025-01-10 00:00:00,7.37,7.51,7.19,7.24,7.24,375315,7.51,7.19,7.37,375315,0.0,1.0
2025-01-13 00:00:00,7.17,7.46,7.16,7.36,7.36,360882,7.46,7.16,7.17,360882,0.0,1.0
2025-01-14 00:00:00,7.37,7.59,7.31,7.44,7.44,382488,7.59,7.31,7.37,382488,0.0,1.0
2025-01-15 00:00:00,7.56,7.58,7.46,7.56,7.56,503866,7.58,7.46,7.56,503866,0.0,1.0
2025-01-16 00:00:00,7.55,7.68,7.445,7.6,7.6,302692,7.68,7.445,7.55,302692,0.0,1.0
2025-01-17 00:00:00,7.72,7.7995,7.61,7.69,7.69,372668,7.7995,7.61,7.72,372668,0.0,1.0
2025-01-21 00:00:00,7.83,7.92,7.7,7.73,7.73,466850,7.92,7.7,7.83,466850,0.0,1.0
2025-01-22 00:00:00,7.68,7.73,7.54,7.54,7.54,251574,7.73,7.54,7.68,251574,0.0,1.0
2025-01-23 00:00:00,7.53,7.625,7.47,7.62,7.62,438467,7.625,7.47,7.53,438467,0.0,1.0
2025-01-24 00:00:00,7.59,7.69,7.51,7.67,7.67,310578,7.69,7.51,7.59,310578,0.0,1.0
2025-01-27 00:00:00,7.66,7.68,7.25,7.25,7.25,571057,7.68,7.25,7.66,571057,0.0,1.0
2025-01-28 00:00:00,7.24,7.28,7.06,7.17,7.17,447685,7.28,7.06,7.24,447685,0.0,1.0
2025-01-29 00:00:00,7.12,7.215,7.035,7.12,7.12,312677,7.215,7.035,7.12,312677,0.0,1.0
2025-01-30 00:00:00,7.15,7.3,7.1,7.21,7.21,289570,7.3,7.1,7.15,289570,0.0,1.0
2025-01-31 00:00:00,7.23,7.23,6.845,6.92,6.92,480791,7.23,6.845,7.23,480791,0.0,1.0
2025-02-03 00:00:00,6.94,6.94,6.735,6.85,6.85,416018,6.94,6.735,6.94,416018,0.0,1.0
2025-02-04 00:00:00,6.77,6.96,6.7401,6.85,6.85,1751692,6.96,6.7401,6.77,1751692,0.0,1.0
2025-02-05 00:00:00,6.88,7.12,6.82,7.01,7.01,1199167,7.12,6.82,6.88,1199167,0.0,1.0
2025-02-06 00:00:00,7.1,7.11,6.74,6.76,6.76,869194,7.11,6.74,7.1,869194,0.0,1.0
2025-02-07 00:00:00,6.82,7.01,6.55,6.55,6.55,674657,7.01,6.55,6.82,674657,0.0,1.0
2025-02-10 00:00:00,6.68,6.79,6.5,6.68,6.68,521800,6.79,6.5,6.68,521800,0.0,1.0
2025-02-11 00:00:00,6.7,6.85,6.64,6.79,6.79,314466,6.85,6.64,6.7,314466,0.0,1.0
2025-02-12 00:00:00,6.72,6.81,6.6438,6.78,6.78,576638,6.81,6.6438,6.72,576638,0.0,1.0
2025-02-13 00:00:00,6.8,6.96,6.73,6.96,6.96,351357,6.96,6.73,6.8,351357,0.0,1.0
2025-02-14 00:00:00,7.0,7.155,6.955,6.97,6.97,349793,7.155,6.955,7.0,349793,0.0,1.0
2025-02-18 00:00:00,6.99,7.115,6.93,7.01,7.01,359569,7.115,6.93,6.99,359569,0.0,1.0
2025-02-19 00:00:00,6.94,6.975,6.85,6.88,6.88,343234,6.975,6.85,6.94,343234,0.0,1.0
2025-02-20 00:00:00,6.85,6.88,6.68,6.71,6.71,477254,6.88,6.68,6.85,477254,0.0,1.0
2025-02-21 00:00:00,6.79,6.79,6.445,6.57,6.57,808730,6.79,6.445,6.79,808730,0.0,1.0
2025-02-24 00:00:00,6.58,6.605,6.49,6.52,6.52,601152,6.605,6.49,6.58,601152,0.0,1.0
2025-02-25 00:00:00,6.54,6.55,6.3,6.35,6.35,693582,6.55,6.3,6.54,693582,0.0,1.0
2025-02-26 00:00:00,6.32,6.495,6.275,6.35,6.35,667504,6.495,6.275,6.32,667504,0.0,1.0
2025-02-27 00:00:00,5.83,6.54,5.73,6.0,6.0,1597191,6.54,5.73,5.83,1597191,0.0,1.0
2025-02-28 00:00:00,6.04,6.17,5.965,6.1,6.1,1030937,6.17,5.965,6.04,1030937,0.0,1.0
2025-03-03 00:00:00,6.12,6.145,5.6,5.72,5.72,880334,6.145,5.6,6.12,880334,0.0,1.0
2025-03-04 00:00:00,5.64,5.66,5.44,5.45,5.45,1251118,5.66,5.44,5.64,1251118,0.0,1.0
2025-03-05 00:00:00,5.38,5.565,5.33,5.53,5.53,2166755,5.565,5.33,5.38,2166755,0.0,1.0
2025-03-06 00:00:00,5.42,5.69,5.345,5.64,5.64,1146355,5.69,5.345,5.42,1146355,0.0,1.0
2025-03-07 00:00:00,5.71,5.93,5.58,5.75,5.75,1487990,5.93,5.58,5.71,1487990,0.0,1.0
2025-03-10 00:00:00,5.65,5.84,5.65,5.78,5.78,1535858,5.84,5.65,5.65,1535858,0.0,1.0
2025-03-11 00:00:00,5.8,6.03,5.766,5.98,5.98,1179775,6.03,5.766,5.8,1179775,0.0,1.0
2025-03-12 00:00:00,6.05,6.235,6.015,6.08,6.08,878640,6.235,6.015,6.05,878640,0.0,1.0
2025-03-13 00:00:00,6.05,6.17,5.94,5.95,5.95,638009,6.17,5.94,6.05,638009,0.0,1.0
2025-03-14 00:00:00,6.0,6.25,5.95,6.14,6.14,1616510,6.25,5.95,6.0,1616510,0.0,1.0
2025-03-17 00:00:00,6.12,6.325,6.12,6.19,6.19,874894,6.325,6.12,6.12,874894,0.0,1.0
2025-03-18 00:00:00,6.19,6.22,5.79,5.81,5.81,578837,6.22,5.79,6.19,578837,0.0,1.0
2025-03-19 00:00:00,5.82,5.95,5.77,5.83,5.83,574418,5.95,5.77,5.82,574418,0.0,1.0
2025-03-20 00:00:00,5.78,5.905,5.77,5.83,5.83,478269,5.905,5.77,5.78,478269,0.0,1.0
2025-03-21 00:00:00,5.75,5.81,5.73,5.8,5.8,1079278,5.81,5.73,5.75,1079278,0.0,1.0
2025-03-24 00:00:00,5.93,6.01,5.84,5.89,5.89,509800,6.01,5.84,5.93,509800,0.0,1.0
2025-03-25 00:00:00,5.9,6.0,5.855,5.88,5.88,446406,6.0,5.855,5.9,446406,0.0,1.0
2025-03-26 00:00:00,5.95,6.23,5.92,6.07,6.07,571706,6.23,5.92,5.95,571706,0.0,1.0
2025-03-27 00:00:00,6.09,6.15,5.955,6.03,6.03,413653,6.15,5.955,6.09,413653,0.0,1.0
2025-03-28 00:00:00,6.0,6.041,5.79,5.87,5.87,332269,6.041,5.79,6.0,332269,0.0,1.0
2025-03-31 00:00:00,5.77,5.925,5.73,5.81,5.81,373887,5.925,5.73,5.77,373887,0.0,1.0
2025-04-01 00:00:00,5.78,6.12,5.78,6.01,6.01,522837,6.12,5.78,5.78,522837,0.0,1.0
2025-04-02 00:00:00,5.89,6.24,5.86,6.2,6.2,578812,6.24,5.86,5.89,578812,0.0,1.0
2025-04-03 00:00:00,5.76,5.92,5.5,5.51,5.51,953043,5.92,5.5,5.76,953043,0.0,1.0
2025-04-04 00:00:00,5.23,5.35,4.8,5.05,5.05,1241558,5.35,4.8,5.23,1241558,0.0,1.0
2025-04-07 00:00:00,4.82,5.33,4.76,5.2,5.2,1119030,5.33,4.76,4.82,1119030,0.0,1.0
2025-04-08 00:00:00,5.42,5.5,4.85,4.95,4.95,1041238,5.5,4.85,5.42,1041238,0.0,1.0
2025-04-09 00:00:00,4.87,5.59,4.86,5.46,5.46,848292,5.59,4.86,4.87,848292,0.0,1.0
2025-04-10 00:00:00,5.2,5.2,4.91,5.14,5.14,804667,5.2,4.91,5.2,804667,0.0,1.0
2025-04-11 00:00:00,5.18,5.35,5.07,5.31,5.31,399324,5.35,5.07,5.18,399324,0.0,1.0
2025-04-14 00:00:00,5.42,5.42,5.065,5.2,5.2,798944,5.42,5.065,5.42,798944,0.0,1.0
2025-04-15 00:00:00,5.18,5.26,5.13,5.25,5.25,844788,5.26,5.13,5.18,844788,0.0,1.0
2025-04-16 00:00:00,5.23,5.46,5.23,5.43,5.43,701380,5.46,5.23,5.23,701380,0.0,1.0
2025-04-17 00:00:00,5.48,5.785,5.48,5.76,5.76,654089,5.785,5.48,5.48,654089,0.0,1.0
2025-04-21 00:00:00,5.69,5.79,5.56,5.57,5.57,827924,5.79,5.56,5.69,827924,0.0,1.0
2025-04-22 00:00:00,5.58,5.8,5.54,5.75,5.75,668944,5.8,5.54,5.58,668944,0.0,1.0
2025-04-23 00:00:00,5.87,5.91,5.7,5.74,5.74,819830,5.91,5.7,5.87,819830,0.0,1.0
2025-04-24 00:00:00,5.77,5.905,5.71,5.84,5.84,908665,5.905,5.71,5.77,908665,0.0,1.0
2025-04-25 00:00:00,5.74,5.81,5.66,5.8,5.8,451469,5.81,5.66,5.74,451469,0.0,1.0
2025-04-28 00:00:00,5.75,5.86,5.645,5.75,5.75,398011,5.86,5.645,5.75,398011,0.0,1.0
2025-04-29 00:00:00,5.72,5.85,5.71,5.79,5.79,528461,5.85,5.71,5.72,528461,0.0,1.0
2025-04-30 00:00:00,5.71,5.81,5.54,5.78,5.78,891576,5.81,5.54,5.71,891576,0.0,1.0
2025-05-01 00:00:00,5.76,6.09,5.74,6.04,6.04,970844,6.09,5.74,5.76,970844,0.0,1.0
2025-05-02 00:00:00,7.72,7.8,7.17,7.59,7.59,2220406,7.8,7.17,7.72,2220406,0.0,1.0
2025-05-05 00:00:00,7.51,7.995,7.395,7.93,7.93,1525652,7.995,7.395,7.51,1525652,0.0,1.0
2025-05-06 00:00:00,7.91,7.96,7.76,7.81,7.81,1250821,7.96,7.76,7.91,1250821,0.0,1.0
2025-05-07 00:00:00,7.88,8.09,7.79,7.92,7.92,982871,8.09,7.79,7.88,982871,0.0,1.0
2025-05-08 00:00:00,8.02,8.15,7.92,8.06,8.06,986099,8.15,7.92,8.02,986099,0.0,1.0
2025-05-09 00:00:00,8.17,8.45,8.13,8.39,8.39,1140243,8.45,8.13,8.17,1140243,0.0,1.0
2025-05-12 00:00:00,8.46,8.66,8.395,8.47,8.47,928895,8.66,8.395,8.46,928895,0.0,1.0
2025-05-13 00:00:00,8.5,8.61,8.445,8.59,8.59,579236,8.61,8.445,8.5,579236,0.0,1.0
2025-05-14 00:00:00,8.51,8.56,8.4,8.45,8.45,1092167,8.56,8.4,8.51,1092167,0.0,1.0
2025-05-15 00:00:00,8.4,8.42,8.22,8.28,8.28,489879,8.42,8.22,8.4,489879,0.0,1.0
2025-05-16 00:00:00,8.29,8.3,8.145,8.18,8.18,575577,8.3,8.145,8.29,575577,0.0,1.0
2025-05-19 00:00:00,8.08,8.09,7.81,8.01,8.01,2011992,8.09,7.81,8.08,2011992,0.0,1.0
2025-05-20 00:00:00,8.03,8.13,7.95,8.03,8.03,579043,8.13,7.95,8.03,579043,0.0,1.0
2025-05-21 00:00:00,7.97,8.06,7.805,7.89,7.89,797688,8.06,7.805,7.97,797688,0.0,1.0
2025-05-22 00:00:00,7.75,7.98,7.63,7.96,7.96,960562,7.98,7.63,7.75,960562,0.0,1.0
2025-05-23 00:00:00,7.78,8.205,7.78,8.14,8.14,718878,8.205,7.78,7.78,718878,0.0,1.0
2025-05-27 00:00:00,8.22,8.265,7.985,8.24,8.24,619056,8.265,7.985,8.22,619056,0.0,1.0
2025-05-28 00:00:00,8.26,8.3,8.09,8.11,8.11,814737,8.3,8.09,8.26,814737,0.0,1.0
2025-05-29 00:00:00,8.11,8.16,8.01,8.07,8.07,590852,8.16,8.01,8.11,590852,0.0,1.0
2025-05-30 00:00:00,8.01,8.125,7.92,8.09,8.09,1579563,8.125,7.92,8.01,1579563,0.0,1.0
2025-06-02 00:00:00,8.18,8.22,8.01,8.06,8.06,576210,8.22,8.01,8.18,576210,0.0,1.0
2025-06-03 00:00:00,8.1,8.39,7.95,8.26,8.26,632830,8.39,7.95,8.1,632830,0.0,1.0
2025-06-04 00:00:00,8.29,8.47,8.16,8.38,8.38,663545,8.47,8.16,8.29,663545,0.0,1.0
2025-06-05 00:00:00,8.43,8.5,8.33,8.36,8.36,606118,8.5,8.33,8.43,606118,0.0,1.0
2025-06-06 00:00:00,8.36,8.5,8.34,8.42,8.42,432120,8.5,8.34,8.36,432120,0.0,1.0
2025-06-09 00:00:00,8.45,8.52,8.2,8.36,8.36,612290,8.52,8.2,8.45,612290,0.0,1.0
2025-06-10 00:00:00,8.45,8.54,8.15,8.24,8.24,2994527,8.54,8.15,8.45,2994527,0.0,1.0
2025-06-11 00:00:00,8.31,8.58,8.23,8.43,8.43,1118233,8.58,8.23,8.31,1118233,0.0,1.0
2025-06-12 00:00:00,8.37,8.63,8.37,8.59,8.59,577210,8.63,8.37,8.37,577210,0.0,1.0
2025-06-13 00:00:00,8.67,8.67,8.35,8.39,8.39,590589,8.67,8.35,8.67,590589,0.0,1.0
2025-06-16 00:00:00,8.42,8.74,8.37,8.74,8.74,721891,8.74,8.37,8.42,721891,0.0,1.0
2025-06-17 00:00:00,8.66,8.88,8.59,8.6,8.6,679008,8.88,8.59,8.66,679008,0.0,1.0
2025-06-18 00:00:00,8.57,8.62,8.51,8.58,8.58,522493,8.62,8.51,8.57,522493,0.0,1.0
2025-06-20 00:00:00,8.66,8.67,8.48,8.55,8.55,1025696,8.67,8.48,8.66,1025696,0.0,1.0
2025-06-23 00:00:00,8.56,8.62,8.405,8.54,8.54,974127,8.62,8.405,8.56,974127,0.0,1.0
2025-06-24 00:00:00,8.5,8.775,8.44,8.63,8.63,739434,8.775,8.44,8.5,739434,0.0,1.0
2025-06-25 00:00:00,8.65,8.83,8.455,8.5,8.5,1976524,8.83,8.455,8.65,1976524,0.0,1.0
2025-06-26 00:00:00,8.53,8.665,8.44,8.65,8.65,1186046,8.665,8.44,8.53,1186046,0.0,1.0
2025-06-27 00:00:00,8.66,8.81,8.585,8.8,8.8,1684291,8.81,8.585,8.66,1684291,0.0,1.0
2025-06-30 00:00:00,8.8,8.81,8.51,8.51,8.51,553205,8.81,8.51,8.8,553205,0.0,1.0
2025-07-01 00:00:00,8.5,8.83,8.44,8.66,8.66,849038,8.83,8.44,8.5,849038,0.0,1.0
2025-07-02 00:00:00,8.61,8.87,8.51,8.74,8.74,722886,8.87,8.51,8.61,722886,0.0,1.0
2025-07-03 00:00:00,8.79,8.85,8.64,8.82,8.82,472215,8.85,8.64,8.79,472215,0.0,1.0
2025-07-07 00:00:00,8.71,8.7983,8.46,8.55,8.55,607457,8.7983,8.46,8.71,607457,0.0,1.0
2025-07-08 00:00:00,8.57,8.74,8.5,8.57,8.57,628746,8.74,8.5,8.57,628746,0.0,1.0
2025-07-09 00:00:00,8.63,8.65,8.5,8.55,8.55,490294,8.65,8.5,8.63,490294,0.0,1.0
2025-07-10 00:00:00,8.54,8.695,8.51,8.62,8.62,583058,8.695,8.51,8.54,583058,0.0,1.0
2025-07-11 00:00:00,8.58,8.5943,8.355,8.54,8.54,802083,8.5943,8.355,8.58,802083,0.0,1.0
2025-07-14 00:00:00,8.52,8.55,8.44,8.54,8.54,928714,8.55,8.44,8.52,928714,0.0,1.0
2025-07-15 00:00:00,8.54,8.6,8.32,8.41,8.41,1045852,8.6,8.32,8.54,1045852,0.0,1.0
2025-07-16 00:00:00,8.43,8.51,8.17,8.42,8.42,1008048,8.51,8.17,8.43,1008048,0.0,1.0
2025-07-17 00:00:00,8.41,8.555,8.405,8.49,8.49,997747,8.555,8.405,8.41,997747,0.0,1.0
2025-07-18 00:00:00,8.55,8.555,8.405,8.43,8.43,689062,8.555,8.405,8.55,689062,0.0,1.0
2025-07-21 00:00:00,8.48,8.51,8.35,8.36,8.36,639241,8.51,8.35,8.48,639241,0.0,1.0
2025-07-22 00:00:00,8.39,8.7,8.365,8.61,8.61,1075590,8.7,8.365,8.39,1075590,0.0,1.0
2025-07-23 00:00:00,8.72,8.965,8.67,8.95,8.95,1231014,8.965,8.67,8.72,1231014,0.0,1.0
2025-07-24 00:00:00,8.9,9.105,8.765,9.04,9.04,981704,9.105,8.765,8.9,981704,0.0,1.0
2025-07-25 00:00:00,9.1,9.125,8.968,9.03,9.03,627752,9.125,8.968,9.1,627752,0.0,1.0
2025-07-28 00:00:00,9.07,9.165,8.98,9.13,9.13,700216,9.165,8.98,9.07,700216,0.0,1.0
2025-07-29 00:00:00,9.18,9.2,9.03,9.05,9.05,705025,9.2,9.03,9.18,705025,0.0,1.0
2025-07-30 00:00:00,9.05,9.16,8.95,8.98,8.98,1100220,9.16,8.95,9.05,1100220,0.0,1.0
2025-07-31 00:00:00,8.83,9.035,8.77,9.02,9.02,1111753,9.035,8.77,8.83,1111753,0.0,1.0
2025-08-01 00:00:00,8.86,8.925,8.675,8.71,8.71,685376,8.925,8.675,8.86,685376,0.0,1.0
2025-08-04 00:00:00,8.73,8.8765,8.63,8.68,8.68,662795,8.8765,8.63,8.73,662795,0.0,1.0
2025-08-05 00:00:00,8.73,9.01,8.69,8.89,8.89,1049284,9.01,8.69,8.73,1049284,0.0,1.0
2025-08-06 00:00:00,9.2,9.4,8.835,9.0,9.0,1233205,9.4,8.835,9.2,1233205,0.0,1.0
2025-08-07 00:00:00,9.21,9.21,8.855,8.99,8.99,881297,9.21,8.855,9.21,881297,0.0,1.0
2025-08-08 00:00:00,9.04,9.295,8.99,9.29,9.29,1574210,9.295,8.99,9.04,1574210,0.0,1.0
2025-08-11 00:00:00,9.26,9.665,9.255,9.49,9.49,1365541,9.665,9.255,9.26,1365541,0.0,1.0
2025-08-12 00:00:00,9.58,9.895,9.45,9.87,9.87,1217812,9.895,9.45,9.58,1217812,0.0,1.0
2025-08-13 00:00:00,9.85,10.155,9.78,10.0,10.0,1382052,10.155,9.78,9.85,1382052,0.0,1.0
2025-08-14 00:00:00,9.9,10.0,9.86,10.0,10.0,1109607,10.0,9.86,9.9,1109607,0.0,1.0
2025-08-15 00:00:00,10.01,10.11,9.78,9.86,9.86,794506,10.11,9.78,10.01,794506,0.0,1.0
2025-08-18 00:00:00,9.81,9.94,9.8,9.92,9.92,582424,9.94,9.8,9.81,582424,0.0,1.0
2025-08-19 00:00:00,9.95,10.035,9.76,9.76,9.76,782385,10.035,9.76,9.95,782385,0.0,1.0
2025-08-20 00:00:00,9.81,9.91,9.65,9.9,9.9,804112,9.91,9.65,9.81,804112,0.0,1.0
2025-08-21 00:00:00,9.88,10.0,9.85,10.0,10.0,457078,10.0,9.85,9.88,457078,0.0,1.0
2025-08-22 00:00:00,10.06,10.43,9.97,10.39,10.39,1075046,10.43,9.97,10.06,1075046,0.0,1.0
2025-08-25 00:00:00,10.34,10.405,10.281,10.32,10.32,680033,10.405,10.281,10.34,680033,0.0,1.0
2025-08-26 00:00:00,10.32,10.39,10.2,10.35,10.35,624171,10.39,10.2,10.32,624171,0.0,1.0
2025-08-27 00:00:00,10.21,10.42,10.21,10.3,10.3,587558,10.42,10.21,10.21,587558,0.0,1.0
2025-08-28 00:00:00,10.36,10.455,10.27,10.44,10.44,485625,10.455,10.27,10.36,485625,0.0,1.0
2025-08-29 00:00:00,10.48,10.51,10.33,10.4,10.4,406302,10.51,10.33,10.48,406302,0.0,1.0
2025-09-02 00:00:00,10.28,10.41,10.11,10.41,10.41,1905824,10.41,10.11,10.28,1905824,0.0,1.0
2025-09-03 00:00:00,10.38,10.54,10.3,10.31,10.31,609990,10.54,10.3,10.38,609990,0.0,1.0
2025-09-04 00:00:00,10.36,10.63,10.31,10.63,10.63,1388123,10.63,10.31,10.36,1388123,0.0,1.0
2025-09-05 00:00:00,10.59,10.71,10.39,10.5,10.5,519371,10.71,10.39,10.59,519371,0.0,1.0
2025-09-08 00:00:00,10.58,10.62,10.43,10.48,10.48,429341,10.62,10.43,10.58,429341,0.0,1.0
2025-09-09 00:00:00,10.53,10.58,10.36,10.43,10.43,471456,10.58,10.36,10.53,471456,0.0,1.0
2025-09-10 00:00:00,10.42,10.68,10.35,10.65,10.65,459116,10.68,10.35,10.42,459116,0.0,1.0
2025-09-11 00:00:00,10.65,10.75,10.59,10.67,10.67,638653,10.75,10.59,10.65,638653,0.0,1.0
2025-09-12 00:00:00,10.67,10.67,10.5,10.53,10.53,609034,10.67,10.5,10.67,609034,0.0,1.0
2025-09-15 00:00:00,10.56,10.78,10.5,10.74,10.74,661900,10.78,10.5,10.56,661900,0.0,1.0
2025-09-16 00:00:00,10.76,10.8982,10.66,10.88,10.88,388629,10.8982,10.66,10.76,388629,0.0,1.0
2025-09-17 00:00:00,10.85,10.99,10.69,10.75,10.75,490202,10.99,10.69,10.85,490202,0.0,1.0
2025-09-18 00:00:00,10.81,11.07,10.76,11.04,11.04,570558,11.07,10.76,10.81,570558,0.0,1.0
2025-09-19 00:00:00,11.06,11.08,10.81,10.92,10.92,1180205,11.08,10.81,11.06,1180205,0.0,1.0
2025-09-22 00:00:00,10.85,11.15,10.76,11.09,11.09,554547,11.15,10.76,10.85,554547,0.0,1.0
2025-09-23 00:00:00,11.15,11.43,11.115,11.21,11.21,465481,11.43,11.115,11.15,465481,0.0,1.0
2025-09-24 00:00:00,11.27,11.32,11.095,11.13,11.13,426581,11.32,11.095,11.27,426581,0.0,1.0
2025-09-25 00:00:00,11.06,11.24,10.9825,11.24,11.24,373064,11.24,10.9825,11.06,373064,0.0,1.0
2025-09-26 00:00:00,11.25,11.45,11.19,11.31,11.31,812864,11.45,11.19,11.25,812864,0.0,1.0
2025-09-29 00:00:00,11.34,11.34,11.15,11.28,11.28,393488,11.34,11.15,11.34,393488,0.0,1.0
2025-09-30 00:00:00,11.22,11.325,11.145,11.31,11.31,386986,11.325,11.145,11.22,386986,0.0,1.0
2025-10-01 00:00:00,11.19,11.72,11.19,11.72,11.72,692626,11.72,11.19,11.19,692626,0.0,1.0
2025-10-02 00:00:00,11.67,11.74,11.2401,11.29,11.29,591387,11.74,11.2401,11.67,591387,0.0,1.0
2025-10-03 00:00:00,11.44,11.54,11.15,11.16,11.16,841361,11.54,11.15,11.44,841361,0.0,1.0
2025-10-06 00:00:00,11.13,11.25,11.0403,11.14,11.14,856934,11.25,11.0403,11.13,856934,0.0,1.0
2025-10-07 00:00:00,11.13,11.21,10.865,11.03,11.03,728850,11.21,10.865,11.13,728850,0.0,1.0
2025-10-08 00:00:00,11.05,11.2,10.93,11.15,11.15,658375,11.2,10.93,11.05,658375,0.0,1.0
2025-10-09 00:00:00,11.16,11.2,10.975,11.06,11.06,675380,11.2,10.975,11.16,675380,0.0,1.0
2025-10-10 00:00:00,11.06,11.15,10.73,10.74,10.74,1331093,11.15,10.73,11.06,1331093,0.0,1.0
2025-10-13 00:00:00,10.9,11.085,10.73,11.06,11.06,763364,11.085,10.73,10.9,763364,0.0,1.0
2025-10-14 00:00:00,10.86,11.26,10.86,11.13,11.13,630452,11.26,10.86,10.86,630452,0.0,1.0
2025-10-15 00:00:00,11.25,11.59,11.25,11.59,11.59,668643,11.59,11.25,11.25,668643,0.0,1.0
2025-10-16 00:00:00,11.66,11.79,11.48,11.51,11.51,725553,11.79,11.48,11.66,725553,0.0,1.0
2025-10-17 00:00:00,11.41,11.715,11.41,11.68,11.68,617118,11.715,11.41,11.41,617118,0.0,1.0
2025-10-20 00:00:00,11.77,12.125,11.71,12.1,12.1,791002,12.125,11.71,11.77,791002,0.0,1.0
2025-10-21 00:00:00,12.03,12.29,12.03,12.26,12.26,677797,12.29,12.03,12.03,677797,0.0,1.0
2025-10-22 00:00:00,12.32,12.39,12.11,12.32,12.32,661054,12.39,12.11,12.32,661054,0.0,1.0
2025-10-23 00:00:00,12.37,12.88,12.365,12.78,12.78,908239,12.88,12.365,12.37,908239,0.0,1.0
2025-10-24 00:00:00,12.91,13.04,12.84,12.95,12.95,619274,13.04,12.84,12.91,619274,0.0,1.0
2025-10-27 00:00:00,13.0,13.08,12.82,12.92,12.92,751461,13.08,12.82,13.0,751461,0.0,1.0
2025-10-28 00:00:00,12.83,13.2455,12.67,13.14,13.14,780804,13.2455,12.67,12.83,780804,0.0,1.0
2025-10-29 00:00:00,13.09,13.74,12.9833,13.66,13.66,1105957,13.74,12.9833,13.09,1105957,0.0,1.0
2025-10-30 00:00:00,13.62,13.9,13.265,13.44,13.44,1499510,13.9,13.265,13.62,1499510,0.0,1.0
2025-10-31 00:00:00,13.1,13.998,12.245,12.3,12.3,2324178,13.998,12.245,13.1,2324178,0.0,1.0
2025-11-03 00:00:00,12.01,12.985,11.95,12.74,12.74,2020405,12.985,11.95,12.01,2020405,0.0,1.0
2025-11-04 00:00:00,12.58,12.605,12.31,12.52,12.52,963955,12.605,12.31,12.58,963955,0.0,1.0
2025-11-05 00:00:00,12.53,13.025,12.53,12.97,12.97,903446,13.025,12.53,12.53,903446,0.0,1.0
2025-11-06 00:00:00,13.07,13.07,12.585,12.7,12.7,751943,13.07,12.585,13.07,751943,0.0,1.0
2025-11-07 00:00:00,12.65,12.65,12.12,12.42,12.42,1314909,12.65,12.12,12.65,1314909,0.0,1.0
2025-11-10 00:00:00,12.64,12.66,12.24,12.47,12.47,700497,12.66,12.24,12.64,700497,0.0,1.0
2025-11-11 00:00:00,12.51,12.87,12.41,12.68,12.68,669023,12.87,12.41,12.51,669023,0.0,1.0
2025-11-12 00:00:00,12.68,12.84,12.626,12.71,12.71,716352,12.84,12.626,12.68,716352,0.0,1.0
2025-11-13 00:00:00,12.64,12.66,11.89,12.02,12.02,797453,12.66,11.89,12.64,797453,0.0,1.0
2025-11-14 00:00:00,11.87,11.99,11.01,11.95,11.95,695690,11.99,11.01,11.87,695690,0.0,1.0
2025-11-17 00:00:00,11.94,12.09,11.59,11.66,11.66,866208,12.09,11.59,11.94,866208,0.0,1.0
2025-11-18 00:00:00,11.51,11.92,11.5,11.83,11.83,844902,11.92,11.5,11.51,844902,0.0,1.0
2025-11-19 00:00:00,11.73,11.8538,11.51,11.55,11.55,722745,11.8538,11.51,11.73,722745,0.0,1.0
2025-11-20 00:00:00,11.76,11.94,11.19,11.21,11.21,715154,11.94,11.19,11.76,715154,0.0,1.0
2025-11-21 00:00:00,11.27,11.67,11.165,11.52,11.52,958344,11.67,11.165,11.27,958344,0.0,1.0
2025-11-24 00:00:00,11.73,12.18,11.56,11.95,11.95,826404,12.18,11.56,11.73,826404,0.0,1.0
2025-11-25 00:00:00,12.11,12.29,11.95,12.19,12.19,682330,12.29,11.95,12.11,682330,0.0,1.0
2025-11-26 00:00:00,12.2,12.24,12.05,12.15,12.15,510969,12.24,12.05,12.2,510969,0.0,1.0
2025-11-28 00:00:00,12.11,12.4,12.08,12.31,12.31,283754,12.4,12.08,12.11,283754,0.0,1.0
2025-12-01 00:00:00,12.22,12.615,12.1601,12.54,12.54,646221,12.615,12.1601,12.22,646221,0.0,1.0
2025-12-02 00:00:00,12.55,12.61,12.31,12.42,12.42,1177809,12.61,12.31,12.55,1177809,0.0,1.0
2025-12-03 00:00:00,12.5,12.689,12.415,12.5,12.5,1252517,12.689,12.415,12.5,1252517,0.0,1.0
2025-12-04 00:00:00,12.54,12.95,12.48,12.94,12.94,822029,12.95,12.48,12.54,822029,0.0,1.0
2025-12-05 00:00:00,12.97,13.09,12.76,12.8,12.8,624979,13.09,12.76,12.97,624979,0.0,1.0
2025-12-08 00:00:00,12.88,13.09,12.62,12.72,12.72,710428,13.09,12.62,12.88,710428,0.0,1.0
2025-12-09 00:00:00,12.65,13.01,12.65,12.94,12.94,512151,13.01,12.65,12.65,512151,0.0,1.0
2025-12-10 00:00:00,12.86,13.225,12.86,12.98,12.98,843616,13.225,12.86,12.86,843616,0.0,1.0
2025-12-11 00:00:00,12.85,13.22,12.85,13.1,13.1,539695,13.22,12.85,12.85,539695,0.0,1.0
2025-12-12 00:00:00,13.15,13.25,12.84,12.91,12.91,540217,13.25,12.84,13.15,540217,0.0,1.0
2025-12-15 00:00:00,12.99,13.075,12.86,12.86,12.86,575816,13.075,12.86,12.99,575816,0.0,1.0
2025-12-16 00:00:00,12.82,12.97,12.38,12.65,12.65,614848,12.97,12.38,12.82,614848,0.0,1.0
2025-12-17 00:00:00,12.66,12.76,12.24,12.34,12.34,572732,12.76,12.24,12.66,572732,0.0,1.0
2025-12-18 00:00:00,12.51,12.705,12.28,12.33,12.33,591238,12.705,12.28,12.51,591238,0.0,1.0
2025-12-19 00:00:00,12.28,12.42,12.21,12.24,12.24,1502551,12.42,12.21,12.28,1502551,0.0,1.0
2025-12-22 00:00:00,12.36,12.57,12.28,12.33,12.33,481284,12.57,12.28,12.36,481284,0.0,1.0
2025-12-23 00:00:00,12.28,12.35,12.205,12.22,12.22,385338,12.35,12.205,12.28,385338,0.0,1.0
2025-12-24 00:00:00,12.18,12.2799,12.04,12.2,12.2,206587,12.2799,12.04,12.18,206587,0.0,1.0
2025-12-26 00:00:00,12.16,12.275,11.96,12.12,12.12,333343,12.275,11.96,12.16,333343,0.0,1.0
2025-12-29 00:00:00,12.12,12.14,11.9104,12.1,12.1,478902,12.14,11.9104,12.12,478902,0.0,1.0
2025-12-30 00:00:00,12.15,12.15,12.01,12.12,12.12,332915,12.15,12.01,12.15,332915,0.0,1.0
2025-12-31 00:00:00,12.15,12.15,11.87,11.92,11.92,376504,12.15,11.87,12.15,376504,0.0,1.0
2026-01-02 00:00:00,12.02,12.12,11.835,12.1,12.1,444412,12.12,11.835,12.02,444412,0.0,1.0
2026-01-05 00:00:00,12.24,12.68,12.14,12.59,12.59,599132,12.68,12.14,12.24,599132,0.0,1.0
2026-01-06 00:00:00,12.55,12.55,12.275,12.45,12.45,499214,12.55,12.275,12.55,499214,0.0,1.0
2026-01-07 00:00:00,12.51,12.555,12.035,12.1,12.1,452948,12.555,12.035,12.51,452948,0.0,1.0
2026-01-08 00:00:00,12.08,12.54,12.08,12.51,12.51,441005,12.54,12.08,12.08,441005,0.0,1.0
2026-01-09 00:00:00,12.55,12.6,12.25,12.42,12.42,422744,12.6,12.25,12.55,422744,0.0,1.0
2026-01-12 00:00:00,12.27,12.9485,12.255,12.91,12.91,565338,12.9485,12.255,12.27,565338,0.0,1.0
2026-01-13 00:00:00,13.01,13.79,13.0,13.66,13.66,1058756,13.79,13.0,13.01,1058756,0.0,1.0
2026-01-14 00:00:00,13.67,13.98,13.43,13.61,13.61,523345,13.98,13.43,13.67,523345,0.0,1.0
2026-01-15 00:00:00,13.61,13.935,13.6099,13.78,13.78,712055,13.935,13.6099,13.61,712055,0.0,1.0
2026-01-16 00:00:00,13.8,13.98,13.575,13.93,13.93,669653,13.98,13.575,13.8,669653,0.0,1.0
2026-01-20 00:00:00,13.72,13.93,13.27,13.42,13.42,731792,13.93,13.27,13.72,731792,0.0,1.0
2026-01-21 00:00:00,13.55,13.98,13.4301,13.97,13.97,611699,13.98,13.4301,13.55,611699,0.0,1.0
2026-01-22 00:00:00,13.99,14.33,13.79,14.18,14.18,1278178,14.33,13.79,13.99,1278178,0.0,1.0
2026-01-23 00:00:00,14.34,14.685,13.61,13.72,13.72,997243,14.685,13.61,14.34,997243,0.0,1.0
2026-01-26 00:00:00,13.82,13.98,13.61,13.65,13.65,731062,13.98,13.61,13.82,731062,0.0,1.0
2026-01-27 00:00:00,13.63,13.97,13.55,13.86,13.86,462971,13.97,13.55,13.63,462971,0.0,1.0
2026-01-28 00:00:00,13.92,13.92,13.45,13.6,13.6,602136,13.92,13.45,13.92,602136,0.0,1.0
2026-01-29 00:00:00,13.85,13.998,13.4,13.83,13.83,574592,13.998,13.4,13.85,574592,0.0,1.0
2026-01-30 00:00:00,13.65,13.9131,13.5201,13.81,13.81,582329,13.9131,13.5201,13.65,582329,0.0,1.0
2026-02-02 00:00:00,13.68,14.2,13.67,14.03,14.03,605359,14.2,13.67,13.68,605359,0.0,1.0
2026-02-03 00:00:00,14.43,14.48,13.95,14.35,14.35,646691,14.48,13.95,14.43,646691,0.0,1.0
2026-02-04 00:00:00,14.45,14.56,13.4623,13.79,13.79,936977,14.56,13.4623,14.45,936977,0.0,1.0
2026-02-05 00:00:00,13.87,13.9,13.48,13.69,13.69,548220,13.9,13.48,13.87,548220,0.0,1.0
2026-02-06 00:00:00,13.84,14.245,13.8001,14.11,14.11,967548,14.245,13.8001,13.84,967548,0.0,1.0
2026-02-09 00:00:00,14.19,14.615,13.811,14.23,14.23,678979,14.615,13.811,14.19,678979,0.0,1.0
2026-02-10 00:00:00,14.22,14.33,14.01,14.23,14.23,576416,14.33,14.01,14.22,576416,0.0,1.0
2026-02-11 00:00:00,14.5,14.688,14.23,14.63,14.63,569735,14.688,14.23,14.5,569735,0.0,1.0
2026-02-12 00:00:00,14.75,15.05,13.89,13.95,13.95,705188,15.05,13.89,14.75,705188,0.0,1.0
2026-02-13 00:00:00,13.88,14.49,13.65,14.44,14.44,871116,14.49,13.65,13.88,871116,0.0,1.0
2026-02-17 00:00:00,14.47,14.74,14.1312,14.52,14.52,696260,14.74,14.1312,14.47,696260,0.0,1.0
2026-02-18 00:00:00,14.6,14.9,14.465,14.58,14.58,517673,14.9,14.465,14.6,517673,0.0,1.0
2026-02-19 00:00:00,14.51,14.73,14.29,14.62,14.62,555818,14.73,14.29,14.51,555818,0.0,1.0
2026-02-20 00:00:00,14.53,14.81,14.377261,14.58,14.58,603496,14.81,14.377261,14.53,603496,0.0,1.0
2026-02-23 00:00:00,14.55,14.55,14.03,14.39,14.39,541633,14.55,14.03,14.55,541633,0.0,1.0
2026-02-24 00:00:00,14.46,14.5773,14.18,14.47,14.47,465435,14.5773,14.18,14.46,465435,0.0,1.0
2026-02-25 00:00:00,14.59,14.59,14.085,14.3,14.3,696055,14.59,14.085,14.59,696055,0.0,1.0
2026-02-26 00:00:00,15.25,15.9599,14.43,14.89,14.89,1882107,15.9599,14.43,15.25,1882107,0.0,1.0
2026-02-27 00:00:00,14.89,14.89,13.405,14.43,14.43,2214298,14.89,13.405,14.89,2214298,0.0,1.0
2026-03-02 00:00:00,14.4,14.52,13.9,14.07,14.07,1115116,14.52,13.9,14.4,1115116,0.0,1.0
2026-03-03 00:00:00,13.6,13.895,13.165,13.69,13.69,1006553,13.895,13.165,13.6,1006553,0.0,1.0
2026-03-04 00:00:00,13.96,14.325,13.69,14.07,14.07,1357780,14.325,13.69,13.96,1357780,0.0,1.0
2026-03-05 00:00:00,13.96,13.96,13.445,13.82,13.82,853436,13.96,13.445,13.96,853436,0.0,1.0
2026-03-06 00:00:00,13.48,13.73,13.1901,13.56,13.56,835598,13.73,13.1901,13.48,835598,0.0,1.0
2026-03-09 00:00:00,13.36,13.91,13.13,13.88,13.88,588914,13.91,13.13,13.36,588914,0.0,1.0
2026-03-10 00:00:00,13.87,14.23,13.775,13.93,13.93,754010,14.23,13.775,13.87,754010,0.0,1.0
2026-03-11 00:00:00,13.79,13.87,13.47,13.64,13.64,430670,13.87,13.47,13.79,430670,0.0,1.0
2026-03-12 00:00:00,13.37,13.51,13.0301,13.18,13.18,919629,13.51,13.0301,13.37,919629,0.0,1.0
2026-03-13 00:00:00,13.26,13.62,13.15,13.36,13.36,598385,13.62,13.15,13.26,598385,0.0,1.0
2026-03-16 00:00:00,13.56,13.73,13.32,13.72,13.72,571933,13.73,13.32,13.56,571933,0.0,1.0
2026-03-17 00:00:00,13.81,13.98,13.71,13.89,13.89,517220,13.98,13.71,13.81,517220,0.0,1.0
2026-03-18 00:00:00,13.79,14.08,13.67,13.88,13.88,645544,14.08,13.67,13.79,645544,0.0,1.0
2026-03-19 00:00:00,13.75,14.15,13.71,14.06,14.06,660721,14.15,13.71,13.75,660721,0.0,1.0
2026-03-20 00:00:00,14.16,14.16,13.34,13.56,13.56,1227878,14.16,13.34,14.16,1227878,0.0,1.0
2026-03-23 00:00:00,13.88,14.295,13.78,14.23,14.23,596875,14.295,13.78,13.88,596875,0.0,1.0
2026-03-24 00:00:00,14.08,14.9,14.08,14.88,14.88,732078,14.9,14.08,14.08,732078,0.0,1.0
2026-03-25 00:00:00,15.0,15.14,14.8,14.93,14.93,820861,15.14,14.8,15.0,820861,0.0,1.0
2026-03-26 00:00:00,14.77,14.91,14.33,14.42,14.42,547518,14.91,14.33,14.77,547518,0.0,1.0
2026-03-27 00:00:00,14.21,14.63,14.21,14.61,14.61,751149,14.63,14.21,14.21,751149,0.0,1.0
2026-03-30 00:00:00,14.75,14.75,14.17,14.23,14.23,716441,14.75,14.17,14.75,716441,0.0,1.0
2026-03-31 00:00:00,14.4,14.73,14.295,14.49,14.49,580283,14.73,14.295,14.4,580283,0.0,1.0
2026-04-01 00:00:00,14.54,14.68,14.335,14.36,14.36,488664,14.68,14.335,14.54,488664,0.0,1.0
2026-04-02 00:00:00,14.16,14.49,14.025,14.42,14.42,644971,14.49,14.025,14.16,644971,0.0,1.0
2026-04-06 00:00:00,14.33,14.4889,14.24,14.41,14.41,728936,14.4889,14.24,14.33,728936,0.0,1.0
2026-04-07 00:00:00,14.33,14.5,14.13,14.33,14.33,650755,14.5,14.13,14.33,650755,0.0,1.0
2026-04-08 00:00:00,14.77,14.93,14.6,14.86,14.86,1323200,14.93,14.6,14.77,1323200,0.0,1.0
2026-04-09 00:00:00,14.77,15.24,14.58,15.03,15.03,837778,15.24,14.58,14.77,837778,0.0,1.0
2026-04-10 00:00:00,15.04,15.2,14.9,15.03,15.03,544853,15.2,14.9,15.04,544853,0.0,1.0
2026-04-13 00:00:00,15.0,15.205,14.83,15.02,15.02,459432,15.205,14.83,15.0,459432,0.0,1.0
2026-04-14 00:00:00,15.01,15.1199,14.77,15.0,15.0,639804,15.1199,14.77,15.01,639804,0.0,1.0
2026-04-15 00:00:00,15.0,15.17,14.875,15.16,15.16,508625,15.17,14.875,15.0,508625,0.0,1.0
2026-04-16 00:00:00,15.08,15.44,14.3001,14.37,14.37,938898,15.44,14.3001,15.08,938898,0.0,1.0
2026-04-17 00:00:00,14.36,14.94,14.36,14.7,14.7,522441,14.94,14.36,14.36,522441,0.0,1.0
2026-04-20 00:00:00,14.63,14.675,14.18,14.32,14.32,686781,14.675,14.18,14.63,686781,0.0,1.0
2026-04-21 00:00:00,14.34,14.805,14.21,14.3,14.3,530095,14.805,14.21,14.34,530095,0.0,1.0
2026-04-22 00:00:00,14.47,14.6643,14.36,14.51,14.51,693247,14.6643,14.36,14.47,693247,0.0,1.0
2026-04-23 00:00:00,14.6,15.0354,14.56,14.71,14.71,508450,15.0354,14.56,14.6,508450,0.0,1.0
2026-04-24 00:00:00,14.67,15.13,14.6006,15.1,15.1,656386,15.13,14.6006,14.67,656386,0.0,1.0
2026-04-27 00:00:00,15.74,16.21,15.6,16.07,16.07,1373330,16.21,15.6,15.74,1373330,0.0,1.0
2026-04-28 00:00:00,16.08,16.19,15.72,15.76,15.76,939406,16.19,15.72,16.08,939406,0.0,1.0
2026-04-29 00:00:00,15.78,15.98,15.5657,15.65,15.65,678812,15.98,15.5657,15.78,678812,0.0,1.0
2026-04-30 00:00:00,15.7,16.49,15.62,16.35,16.35,1267231,16.49,15.62,15.7,1267231,0.0,1.0
2026-05-01 00:00:00,15.9,16.5,14.05,15.57,15.57,1984768,16.5,14.05,15.9,1984768,0.0,1.0
2026-05-04 00:00:00,15.69,16.2,14.63,14.93,14.93,1258102,16.2,14.63,15.69,1258102,0.0,1.0
2026-05-05 00:00:00,15.15,15.8,15.125,15.78,15.78,737653,15.8,15.125,15.15,737653,0.0,1.0
2026-05-06 00:00:00,15.4,15.92,15.3,15.71,15.71,670153,15.92,15.3,15.4,670153,0.0,1.0
2026-05-07 00:00:00,15.75,16.14,15.37,15.43,15.43,1080686,16.14,15.37,15.75,1080686,0.0,1.0
2026-05-08 00:00:00,15.63,15.63,14.82,14.95,14.95,630226,15.63,14.82,15.63,630226,0.0,1.0
2026-05-11 00:00:00,14.99,15.45,14.9054,15.29,15.29,597847,15.45,14.9054,14.99,597847,0.0,1.0
2026-05-12 00:00:00,15.22,15.23,14.73,15.1,15.1,794455,15.23,14.73,15.22,794455,0.0,1.0
2026-05-13 00:00:00,15.14,15.715,15.03,15.6,15.6,661366,15.715,15.03,15.14,661366,0.0,1.0
2026-05-14 00:00:00,15.71,15.8699,15.365,15.71,15.71,659433,15.8699,15.365,15.71,659433,0.0,1.0
2026-05-15 00:00:00,15.4,15.585,15.17,15.29,15.29,551385,15.585,15.17,15.4,551385,0.0,1.0
2026-05-18 00:00:00,15.33,15.380999999999998,14.98,15.11,15.11,578398,15.380999999999998,14.98,15.33,578398,0.0,1.0
2026-05-19 00:00:00,14.92,15.45,14.55,15.29,15.29,931133,15.45,14.55,14.92,931133,0.0,1.0
2026-05-20 00:00:00,15.4,15.595,15.23,15.52,15.52,1024150,15.595,15.23,15.4,1024150,0.0,1.0
2026-05-21 00:00:00,15.33,15.53,15.15,15.27,15.27,793467,15.53,15.15,15.33,793467,0.0,1.0
2026-05-22 00:00:00,15.33,15.52,15.0801,15.52,15.52,753926,15.52,15.0801,15.33,753926,0.0,1.0
2026-05-26 00:00:00,15.67,16.12,15.65,15.95,15.95,772957,16.12,15.65,15.67,772957,0.0,1.0
2026-05-27 00:00:00,15.98,15.98,15.085,15.2,15.2,809486,15.98,15.085,15.98,809486,0.0,1.0
2026-05-28 00:00:00,15.15,15.23,14.87,15.07,15.07,672274,15.23,14.87,15.15,672274,0.0,1.0
2026-05-29 00:00:00,15.05,15.28,14.47,14.52,14.52,932580,15.28,14.47,15.05,932580,0.0,1.0
2026-06-01 00:00:00,14.43,14.55,14.15,14.31,14.31,676887,14.55,14.15,14.43,676887,0.0,1.0
2026-06-02 00:00:00,14.34,14.74,14.3,14.59,14.59,1617656,14.74,14.3,14.34,1617656,0.0,1.0
2026-06-03 00:00:00,14.46,14.6,14.28,14.46,14.46,858008,14.6,14.28,14.46,858008,0.0,1.0
2026-06-04 00:00:00,14.33,14.695,14.28,14.62,14.62,1206808,14.695,14.28,14.33,1206808,0.0,1.0
2026-06-05 00:00:00,14.52,14.62,14.09,14.28,14.28,565978,14.62,14.09,14.52,565978,0.0,1.0
2026-06-08 00:00:00,14.49,15.04,14.36,14.88,14.88,1020230,15.04,14.36,14.49,1020230,0.0,1.0
2026-06-09 00:00:00,15.15,15.52,14.44,14.8,14.8,1268180,15.52,14.44,15.15,1268180,0.0,1.0
2026-06-10 00:00:00,14.81,15.01,14.48,14.6,14.6,661508,15.01,14.48,14.81,661508,0.0,1.0
2026-06-11 00:00:00,14.82,14.99,14.5,14.65,14.65,682225,14.99,14.5,14.82,682225,0.0,1.0
2026-06-12 00:00:00,14.83,15.25,14.72,14.98,14.98,758760,15.25,14.72,14.83,758760,0.0,1.0
2026-06-15 00:00:00,15.18,15.18,14.63,14.77,14.77,1123748,15.18,14.63,15.18,1123748,0.0,1.0
2026-06-16 00:00:00,14.87,15.16,14.77,14.79,14.79,818802,15.16,14.77,14.87,818802,0.0,1.0
2026-06-17 00:00:00,14.89,15.65,14.61,15.11,15.11,1669256,15.65,14.61,14.89,1669256,0.0,1.0
2026-06-18 00:00:00,15.27,15.93,15.08,15.9,15.9,1578733,15.93,15.08,15.27,1578733,0.0,1.0
2026-06-22 00:00:00,15.9,16.19,15.14,15.32,15.32,1286839,16.19,15.14,15.9,1286839,0.0,1.0
2026-06-23 00:00:00,14.97,15.57,14.885,15.43,15.43,1367070,15.57,14.885,14.97,1367070,0.0,1.0
2026-06-24 00:00:00,15.29,15.49,14.38,14.76,14.76,1689067,15.49,14.38,15.29,1689067,0.0,1.0
2026-06-25 00:00:00,15.02,15.55,14.82,15.52,15.52,1377204,15.55,14.82,15.02,1377204,0.0,1.0
2026-06-26 00:00:00,15.46,15.68,15.26,15.61,15.61,4090840,15.68,15.26,15.46,4090840,0.0,1.0
2026-06-29 00:00:00,15.605,16.03,15.29,15.87,15.87,1273470,16.03,15.29,15.605,1273470,0.0,1.0
2026-06-30 00:00:00,15.95,16.18,15.74,15.91,15.91,1019291,16.18,15.74,15.95,1019291,0.0,1.0
2026-07-01 00:00:00,15.84,15.86,14.26,14.3,14.3,1179154,15.86,14.26,15.84,1179154,0.0,1.0
2026-07-02 00:00:00,14.42,14.57,14.025,14.31,14.31,1391793,14.57,14.025,14.42,1391793,0.0,1.0
2026-07-06 00:00:00,14.4,14.62,14.0,14.14,14.14,881166,14.62,14.0,14.4,881166,0.0,1.0
2026-07-07 00:00:00,13.92,14.21,13.43,13.72,13.72,1181904,14.21,13.43,13.92,1181904,0.0,1.0
2026-07-08 00:00:00,13.6,14.28,13.6,14.25,14.25,1219199,14.28,13.6,13.6,1219199,0.0,1.0
2026-07-09 00:00:00,14.56,14.7,14.31,14.43,14.43,916461,14.7,14.31,14.56,916461,0.0,1.0
2026-07-10 00:00:00,14.36,14.5,14.24,14.35,14.35,530874,14.5,14.24,14.36,530874,0.0,1.0
2026-07-13 00:00:00,14.41,14.475,14.2,14.33,14.33,620482,14.475,14.2,14.41,620482,0.0,1.0
2026-07-14 00:00:00,14.51,14.85,14.49,14.51,14.51,839813,14.85,14.49,14.51,839813,0.0,1.0
2026-07-15 00:00:00,14.62,14.715,14.17,14.5,14.5,514387,14.715,14.17,14.62,514387,0.0,1.0
2026-07-16 00:00:00,14.44,14.68,14.15,14.28,14.28,764676,14.68,14.15,14.44,764676,0.0,1.0
2026-07-17 00:00:00,14.04,14.53,14.0,14.34,14.34,578281,14.53,14.0,14.04,578281,0.0,1.0
2026-07-20 00:00:00,14.43,14.505,14.26,14.44,14.44,410127,14.505,14.26,14.43,410127,0.0,1.0
2026-07-21 00:00:00,14.65,14.82,14.5,14.58,14.58,627059,14.82,14.5,14.65,627059,0.0,1.0
2026-07-22 00:00:00,14.51,14.95,14.51,14.82,14.82,764006,14.95,14.51,14.51,764006,0.0,1.0
2026-07-23 00:00:00,14.65,15.01,14.46,14.49,14.49,731292,15.01,14.46,14.65,731292,0.0,1.0
2026-07-24 00:00:00,14.61,14.61,14.18,14.35,14.35,752745,14.61,14.18,14.61,752745,0.0,1.0
2026-07-27 00:00:00,14.4,14.6,13.805,14.14,14.14,545232,14.6,13.805,14.4,545232,0.0,1.0
2026-07-28 00:00:00,14.0,14.15,12.885,12.94,12.94,1336574,14.15,12.885,14.0,1336574,0.0,1.0
2026-07-29 00:00:00,12.9,12.98,11.93,12.05,12.05,1616840,12.98,11.93,12.9,1616840,0.0,1.0
2026-07-30 00:00:00,12.76,12.93,11.8,12.46,12.46,1754385,12.93,11.8,12.76,1754385,0.0,1.0
2026-07-31 00:00:00,12.77,13.04,12.46,12.49,12.49,1097421,13.04,12.46,12.77,1097421,0.0,1.0
2026-08-03 00:00:00,12.4,13.28,12.4,13.21,13.21,1147994,13.28,12.4,12.4,1147994,0.0,1.0
2026-08-04 00:00:00,13.43,13.83,13.23,13.61,13.61,1117036,13.83,13.23,13.43,1117036,0.0,1.0
2026-08-05 00:00:00,13.66,13.925,13.49,13.58,13.58,803993,13.925,13.49,13.66,803993,0.0,1.0
2026-08-06 00:00:00,13.63,13.83,13.49,13.54,13.54,675864,13.83,13.49,13.63,675864,0.0,1.0
2026-08-07 00:00:00,13.56,13.68,13.235,13.48,13.48,531648,13.68,13.235,13.56,531648,0.0,1.0
2026-08-10 00:00:00,13.45,13.71,13.405,13.53,13.53,573776,13.71,13.405,13.45,573776,0.0,1.0
2026-08-11 00:00:00,13.68,14.0167,13.68,13.85,13.85,679612,14.0167,13.68,13.68,679612,0.0,1.0
2026-08-12 00:00:00,13.91,14.28,13.91,14.01,14.01,476204,14.28,13.91,13.91,476204,0.0,1.0
2026-08-13 00:00:00,13.99,14.12,13.83,13.85,13.85,562884,14.12,13.83,13.99,562884,0.0,1.0
2026-08-14 00:00:00,13.85,14.315,13.715,14.22,14.22,726437,14.315,13.715,13.85,726437,0.0,1.0
2026-08-17 00:00:00,14.24,14.415,14.135,14.32,14.32,585348,14.415,14.135,14.24,585348,0.0,1.0
2026-08-18 00:00:00,14.14,14.14,13.8,14.01,14.01,630168,14.14,13.8,14.14,630168,0.0,1.0
2026-08-19 00:00:00,14.13,14.13,13.8,14.05,14.05,771748,14.13,13.8,14.13,771748,0.0,1.0
2026-08-20 00:00:00,13.94,14.2,13.7,13.8,13.8,774174,14.2,13.7,13.94,774174,0.0,1.0
2026-08-21 00:00:00,13.91,13.91,13.63,13.68,13.68,569739,13.91,13.63,13.91,569739,0.0,1.0
2026-08-24 00:00:00,13.61,13.64,13.155,13.16,13.16,932787,13.64,13.155,13.61,932787,0.0,1.0
2026-08-25 00:00:00,13.36,13.36,12.975,13.16,13.16,630303,13.36,12.975,13.36,630303,0.0,1.0
2026-08-26 00:00:00,13.2,13.2,12.96,13.18,13.18,1044753,13.2,12.96,13.2,1044753,0.0,1.0
2026-08-27 00:00:00,13.19,13.83,13.105,13.55,13.55,1585768,13.83,13.105,13.19,1585768,0.0,1.0
2026-08-28 00:00:00,13.57,13.735,13.12,13.16,13.16,767293,13.735,13.12,13.57,767293,0.0,1.0
2026-08-31 00:00:00,13.21,13.33,13.02,13.28,13.28,768729,13.33,13.02,13.21,768729,0.0,1.0
2026-09-01 00:00:00,13.17,13.38,12.98,13.24,13.24,1275812,13.38,12.98,13.17,1275812,0.0,1.0
2026-09-02 00:00:00,13.2,13.5,13.11,13.25,13.25,645783,13.5,13.11,13.2,645783,0.0,1.0
2026-09-03 00:00:00,13.19,13.3575,12.68,13.12,13.12,768259,13.3575,12.68,13.19,768259,0.0,1.0
2026-09-04 00:00:00,13.18,13.54,13.03,13.22,13.22,573057,13.54,13.03,13.18,573057,0.0,1.0
2026-09-08 00:00:00,13.37,13.65,13.29,13.5,13.5,527838,13.65,13.29,13.37,527838,0.0,1.0
2026-09-09 00:00:00,13.39,13.53,13.28,13.5,13.5,650157,13.53,13.28,13.39,650157,0.0,1.0
2026-09-10 00:00:00,13.3,13.4,13.13,13.19,13.19,500799,13.4,13.13,13.3,500799,0.0,1.0
2026-09-11 00:00:00,13.38,13.47,13.19,13.26,13.26,606663,13.47,13.19,13.38,606663,0.0,1.0
2026-09-14 00:00:00,12.91,13.1,12.73,12.97,12.97,830360,13.1,12.73,12.91,830360,0.0,1.0
2026-09-15 00:00:00,12.97,12.98,12.77,12.98,12.98,666156,12.98,12.77,12.97,666156,0.0,1.0
2026-09-16 00:00:00,13.12,13.16,12.64,12.91,12.91,578139,13.16,12.64,13.12,578139,0.0,1.0
2026-09-17 00:00:00,13.0,13.14,12.7,12.75,12.75,860001,13.14,12.7,13.0,860001,0.0,1.0
2026-09-18 00:00:00,12.74,12.84,12.65,12.73,12.73,1231216,12.84,12.65,12.74,1231216,0.0,1.0
2026-09-21 00:00:00,12.8,12.8,12.465,12.48,12.48,652066,12.8,12.465,12.8,652066,0.0,1.0
2026-09-22 00:00:00,12.48,12.48,11.74,11.74,11.74,1118210,12.48,11.74,12.48,1118210,0.0,1.0
2026-09-23 00:00:00,11.71,11.88,11.53,11.71,11.71,1256216,11.88,11.53,11.71,1256216,0.0,1.0
2026-09-24 00:00:00,11.68,11.745,11.45,11.68,11.68,1026497,11.745,11.45,11.68,1026497,0.0,1.0
2026-09-25 00:00:00,11.68,11.8,11.53,11.72,11.72,857470,11.8,11.53,11.68,857470,0.0,1.0
2026-09-28 00:00:00,11.7,11.725,11.48,11.58,11.58,631583,11.725,11.48,11.7,631583,0.0,1.0
2026-09-29 00:00:00,11.63,11.63,11.35,11.4,11.4,593197,11.63,11.35,11.63,593197,0.0,1.0
2026-09-30 00:00:00,11.45,11.5,11.3024,11.42,11.42,865011,11.5,11.3024,11.45,865011,0.0,1.0
2026-10-01 00:00:00,11.34,11.85,11.195,11.83,11.83,1104336,11.85,11.195,11.34,1104336,0.0,1.0
2026-10-02 00:00:00,11.96,12.1,11.735,11.79,11.79,716477,12.1,11.735,11.96,716477,0.0,1.0
