Date,Open,High,Low,Close,Volume,Dividends,Stock Splits
2016-10-03 00:00:00,7.737802387183217,7.743458265388248,7.658614158630371,7.658614158630371,93500,0.0,0.0
2016-10-04 00:00:00,7.641646436337039,7.658615152004437,7.5454894818455465,7.6246771812438965,180800,0.0,0.0
2016-10-05 00:00:00,7.624673998488776,7.624673998488776,7.568111456733012,7.602048873901367,100900,0.0,0.0
2016-10-06 00:00:00,7.579424538717518,7.62467479260519,7.551143534606905,7.556799411773682,143100,0.0,0.0
2016-10-07 00:00:00,7.579424538717518,7.590737371902224,7.52851840766307,7.556799411773682,71200,0.0,0.0
2016-10-10 00:00:00,7.556802406741871,7.5850839614868155,7.551146527333514,7.585083961486816,91100,0.0,0.0
2016-10-11 00:00:00,7.599290451978887,7.599290451978887,7.536768436431885,7.536768436431885,101600,0.065,0.0
2016-10-12 00:00:00,7.5310822095018555,7.5538175303389945,7.417405605316162,7.417405605316162,174000,0.0,0.0
2016-10-13 00:00:00,7.428773605268069,7.428773605268069,7.252574989811947,7.298045635223389,421600,0.0,0.0
2016-10-14 00:00:00,7.292365118768684,7.3094164833511,7.1843724203425685,7.190055847167969,303900,0.0,0.0
2016-10-17 00:00:00,7.195739507481576,7.218474839967573,7.110482146172359,7.116166114807129,296000,0.0,0.0
2016-10-18 00:00:00,7.133214811063748,7.252575397491455,7.121846878045453,7.252575397491455,242300,0.0,0.0
2016-10-19 00:00:00,7.252577815087847,7.3889898044621045,7.246893846683987,7.349203109741211,169600,0.0,0.0
2016-10-20 00:00:00,7.377618655665944,7.428773264923411,7.315096656602831,7.388986587524414,137200,0.0,0.0
2016-10-21 00:00:00,7.371935231789534,7.434457230852646,7.371935231789534,7.388986587524414,119600,0.0,0.0
2016-10-24 00:00:00,7.388986587524414,7.417405875117765,7.388986587524414,7.388986587524414,69800,0.0,0.0
2016-10-25 00:00:00,7.388986318756538,7.423089571038648,7.377618387311565,7.417405605316162,95400,0.0,0.0
2016-10-26 00:00:00,7.3719384413035876,7.417409104428341,7.349203109741212,7.349203109741211,133500,0.0,0.0
2016-10-27 00:00:00,7.30941329813719,7.326465197342029,7.258259226681286,7.269626617431641,186500,0.0,0.0
2016-10-28 00:00:00,7.252576087457497,7.263943479504337,7.173002174917888,7.178686141967773,132700,0.0,0.0
2016-10-31 00:00:00,7.184374183600837,7.207109522641687,7.161638844559986,7.201425552368164,151600,0.0,0.0
2016-11-01 00:00:00,7.167317526012876,7.252575397491455,7.15595013504746,7.252575397491455,126500,0.0,0.0
2016-11-02 00:00:00,7.235523361074834,7.286677974583609,7.235523361074834,7.269626617431641,122100,0.0,0.0
2016-11-03 00:00:00,7.246891293892015,7.286677974597642,7.218472003936767,7.218472003936768,85600,0.0,0.0
2016-11-04 00:00:00,7.218473757490587,7.298047680285271,7.2127897897081805,7.286679744720459,181300,0.0,0.0
2016-11-07 00:00:00,7.2866771600133875,7.326464378324034,7.2809937362999895,7.303729057312012,116700,0.0,0.0
2016-11-08 00:00:00,7.326464242913351,7.349199563505171,7.309412345929887,7.320780277252197,103000,0.0,0.0
2016-11-09 00:00:00,7.27222464675807,7.2779374443670894,7.209385507465951,7.266512393951416,112500,0.065,0.0
2016-11-10 00:00:00,7.237949272748001,7.237949272748001,7.003730008380696,7.0094428062438965,602200,0.0,0.0
2016-11-11 00:00:00,6.969453766003885,7.009442806243896,6.872338381539043,7.0094428062438965,456300,0.0,0.0
2016-11-14 00:00:00,6.866630109532109,6.883767968255306,6.68953708671673,6.718100547790527,807300,0.0,0.0
2016-11-15 00:00:00,6.700957582296454,6.918038975945932,6.609555004928746,6.895188331604004,434400,0.0,0.0
2016-11-16 00:00:00,6.940890780110803,7.060856819152832,6.912327878512284,7.060856819152832,375600,0.0,0.0
2016-11-17 00:00:00,7.0094460569444985,7.032296714192129,6.866629312946144,6.912330627441406,253000,0.0,0.0
2016-11-18 00:00:00,6.912328620122328,6.940891524785305,6.809500419967662,6.855201721191406,255300,0.0,0.0
2016-11-21 00:00:00,6.85520029386603,6.975166320800781,6.849487496201906,6.975166320800781,231200,0.0,0.0
2016-11-22 00:00:00,7.038005594726733,7.038005594726733,6.935177958826165,6.952315807342529,287600,0.0,0.0
2016-11-23 00:00:00,6.94088999957359,6.946602797171833,6.860913012407661,6.906614303588867,239100,0.0,0.0
2016-11-25 00:00:00,6.946602853526356,6.963740701657748,6.88947651148759,6.935177803039551,154200,0.0,0.0
2016-11-28 00:00:00,6.969454560073995,6.969454560073995,6.883764761572421,6.923753261566162,198800,0.0,0.0
2016-11-29 00:00:00,6.895190223561561,6.923753673027021,6.855201721191406,6.855201721191406,280800,0.0,0.0
2016-11-30 00:00:00,6.826636398578223,6.895188331604005,6.79807295695023,6.895188331604004,357100,0.0,0.0
2016-12-01 00:00:00,6.83806520014702,6.855203055240396,6.746662579912229,6.758087635040283,310600,0.0,0.0
2016-12-02 00:00:00,6.780936212902217,6.872338805137752,6.780936212902217,6.8609137535095215,256800,0.0,0.0
2016-12-05 00:00:00,6.832348664968579,6.889475543785621,6.815210819244385,6.815210819244385,253900,0.0,0.0
2016-12-06 00:00:00,6.809499698142153,6.940890789031982,6.809499698142153,6.940890789031982,215900,0.0,0.0
2016-12-07 00:00:00,6.952313809112676,7.140831723016124,6.952313809112676,7.095130443572998,331100,0.0,0.0
2016-12-08 00:00:00,7.017605882681262,7.080775622527663,6.971664154125951,7.063547611236572,288400,0.065,0.0
2016-12-09 00:00:00,7.06354733433756,7.086518197714732,6.971663880828873,7.011862754821777,350900,0.0,0.0
2016-12-12 00:00:00,7.000372627923072,7.000372627923072,6.90274693098109,6.9372029304504395,314400,0.0,0.0
2016-12-13 00:00:00,6.954433082052926,7.000374794006348,6.931462226076215,7.000374794006348,220700,0.0,0.0
2016-12-14 00:00:00,7.011863116637764,7.029091128142472,6.977406545959737,6.994635105133057,211300,0.0,0.0
2016-12-15 00:00:00,6.954436014588811,6.971664574587561,6.897009124265555,6.931465148925781,390100,0.0,0.0
2016-12-16 00:00:00,6.937204483895259,6.988889042341219,6.931461633474962,6.954432487487793,196100,0.0,0.0
2016-12-19 00:00:00,6.971661634786764,7.011860495828906,6.960175932964206,7.000374794006348,159900,0.0,0.0
2016-12-20 00:00:00,6.948696244384168,7.023351174277836,6.93146767809901,6.965924263000488,299000,0.0,0.0
2016-12-21 00:00:00,6.977404936580133,7.0348323585746675,6.977404936580133,7.017604351043701,176400,0.0,0.0
2016-12-22 00:00:00,7.023348375395069,7.040576934814453,6.983149498753743,7.040576934814453,125400,0.0,0.0
2016-12-23 00:00:00,7.04057775197668,7.04057775197668,6.960179441694008,6.977407455444336,191300,0.0,0.0
2016-12-27 00:00:00,6.931465148925781,7.138203487561688,6.919979989928585,6.931465148925781,295100,0.0,0.0
2016-12-28 00:00:00,6.919977188110351,6.931462342457342,6.9084914860949445,6.919977188110352,429700,0.0,0.0
2016-12-29 00:00:00,6.9372073826226,6.977406257025152,6.931464529802638,6.971663951873779,303100,0.0,0.0
2016-12-30 00:00:00,6.960176929049167,7.0348323585746675,6.960176929049167,7.017604351043701,341200,0.0,0.0
2017-01-03 00:00:00,7.023347367024806,7.052061080932618,6.994634200785535,7.052061080932617,220100,0.0,0.0
2017-01-04 00:00:00,7.1094893397918835,7.1094893397918835,7.034833893972352,7.063547611236572,275600,0.0,0.0
2017-01-05 00:00:00,7.046319484710693,7.0980035177387295,7.046319484710693,7.046319484710693,341200,0.0,0.0
2017-01-06 00:00:00,7.057801843578928,7.103743553161621,7.034830988787581,7.103743553161621,294300,0.0,0.0
2017-01-09 00:00:00,7.155430780807361,7.189887349673515,7.149687928051572,7.184144496917725,170900,0.0,0.0
2017-01-10 00:00:00,7.189890272697684,7.258802890777587,7.189890272697684,7.258802890777588,179800,0.0,0.0
2017-01-11 00:00:00,7.284777787755498,7.284777787755498,7.227054046313484,7.255915641784668,102800,0.065,0.0
2017-01-12 00:00:00,7.296321286873885,7.330955414141748,7.284776210784912,7.284776210784912,178900,0.0,0.0
2017-01-13 00:00:00,7.296320618290679,7.307865142822266,7.244368881649847,7.307865142822266,121500,0.0,0.0
2017-01-17 00:00:00,7.325184461814873,7.365591686373894,7.250143652990219,7.255915641784668,171200,0.0,0.0
2017-01-18 00:00:00,7.255913839989143,7.279003440932246,7.2501418526279995,7.267458915710449,92200,0.0,0.0
2017-01-19 00:00:00,7.255912121975655,7.27322973145725,7.221278004011224,7.244367599487305,123400,0.0,0.0
2017-01-20 00:00:00,7.250142290937625,7.26168681685735,7.209735073969732,7.227052688598633,171700,0.0,0.0
2017-01-23 00:00:00,7.232824469383591,7.284776210784912,7.232824469383591,7.284776210784912,152300,0.0,0.0
2017-01-24 00:00:00,7.290548942399619,7.302093468295581,7.250142276014438,7.2616868019104,122100,0.0,0.0
2017-01-25 00:00:00,7.255914263712649,7.267459340108153,7.238597199618934,7.2616868019104,163000,0.0,0.0
2017-01-26 00:00:00,7.267459534296311,7.273232072648306,7.232824854683893,7.238597393035889,164700,0.0,0.0
2017-01-27 00:00:00,7.2559170208434605,7.302096242973748,7.244372490560764,7.296324253082275,142600,0.0,0.0
2017-01-30 00:00:00,7.3020959672373715,7.3020959672373715,7.2674618271973594,7.2732343673706055,148000,0.0,0.0
2017-01-31 00:00:00,7.290548942399619,7.313638544691085,7.255914263712649,7.2616868019104,193200,0.0,0.0
2017-02-01 00:00:00,7.27900635704412,7.2847788972173655,7.261689287024114,7.2732343673706055,126400,0.0,0.0
2017-02-02 00:00:00,7.20973298486508,7.26745724923605,7.20973298486508,7.250140190124512,314600,0.0,0.0
2017-02-03 00:00:00,7.27322973145725,7.2847742539456,7.232822526499575,7.244367599487305,198500,0.0,0.0
2017-02-06 00:00:00,7.2559140710620085,7.30786581246333,7.2559140710620085,7.284776210784912,300100,0.0,0.0
2017-02-07 00:00:00,7.296321008215175,7.35404473495689,7.296321008215175,7.34250020980835,199400,0.0,0.0
2017-02-08 00:00:00,7.371364870520897,7.394454479217529,7.359819790922733,7.394454479217529,248400,0.0,0.0
2017-02-09 00:00:00,7.391546885415917,7.391546885415917,7.34513219173252,7.368339538574219,170400,0.065,0.0
2017-02-10 00:00:00,7.368345063365834,7.379949022140738,7.263912200927734,7.263912200927734,316500,0.0,0.0
2017-02-13 00:00:00,7.269713876200755,7.321930585863304,7.258110470335314,7.298723220825195,277800,0.0,0.0
2017-02-14 00:00:00,7.30452520041153,7.3277325654496375,7.2813178353734225,7.298723220825195,254000,0.0,0.0
2017-02-15 00:00:00,7.281315797840981,7.310325134347732,7.252306461334229,7.2523064613342285,270600,0.0,0.0
2017-02-16 00:00:00,7.263907192778214,7.263907192778214,7.223293918374351,7.240699291229248,192200,0.0,0.0
2017-02-17 00:00:00,7.252305163305504,7.269710540771485,7.229097808915205,7.269710540771484,188000,0.0,0.0
2017-02-21 00:00:00,7.258107140229822,7.269710540771485,7.234899785839524,7.269710540771484,197600,0.0,0.0
2017-02-22 00:00:00,7.26390964830726,7.29872040578466,7.26390964830726,7.287117004394531,156000,0.0,0.0
2017-02-23 00:00:00,7.3103251457214355,7.327730526329737,7.29291921180606,7.3103251457214355,172500,0.0,0.0
2017-02-24 00:00:00,7.310327179997864,7.339335971315077,7.298723220825196,7.298723220825195,105000,0.0,0.0
2017-02-27 00:00:00,7.298718794237658,7.327728121268282,7.28131341934204,7.281313419342041,88200,0.0,0.0
2017-02-28 00:00:00,7.287117787141342,7.316126570386153,7.287117787141342,7.3103251457214355,102400,0.0,0.0
2017-03-01 00:00:00,7.287116471544439,7.298719872086102,7.258107140229822,7.269710540771484,254500,0.0,0.0
2017-03-02 00:00:00,7.275515606395431,7.281317585782883,7.240704283377926,7.263912200927734,198100,0.0,0.0
2017-03-03 00:00:00,7.269710540771485,7.275512517695803,7.240701209456868,7.269710540771484,140300,0.0,0.0
2017-03-06 00:00:00,7.269713627007978,7.287119565170335,7.258110221540282,7.263912200927734,171200,0.0,0.0
2017-03-07 00:00:00,7.258108309514513,7.275513689784509,7.229098973526479,7.234900951385498,79200,0.0,0.0
2017-03-08 00:00:00,7.211693722209021,7.263910417259758,7.194287788320726,7.2523064613342285,295700,0.0,0.0
2017-03-09 00:00:00,7.2377266085678,7.243558915059321,7.1210832597341875,7.150244235992432,275400,0.065,0.0
2017-03-10 00:00:00,7.132747316517869,7.161908292776112,7.126915566225708,7.150244235992432,123700,0.0,0.0
2017-03-13 00:00:00,7.150244235992431,7.161908292776112,7.132747316517869,7.150244235992432,94700,0.0,0.0
2017-03-14 00:00:00,7.138577351888672,7.144409656524659,7.121080994179892,7.144409656524658,76200,0.0,0.0
2017-03-15 00:00:00,7.144405784503085,7.255216731535216,7.126909436276724,7.2435526847839355,130400,0.0,0.0
2017-03-16 00:00:00,7.226058591136596,7.243554944821938,7.1852330242720575,7.220226287841797,68900,0.0,0.0
2017-03-17 00:00:00,7.202732172616059,7.24938950107647,7.202732172616059,7.2318925857543945,55600,0.0,0.0
2017-03-20 00:00:00,7.237727523047299,7.307713541190129,7.237727523047299,7.301881790161133,146600,0.0,0.0
2017-03-21 00:00:00,7.301877728718611,7.331038136242314,7.296045424734222,7.319374084472656,120800,0.0,0.0
2017-03-22 00:00:00,7.319379071016222,7.366036422279793,7.313546763058401,7.3368754386901855,166700,0.0,0.0
2017-03-23 00:00:00,7.360202344717975,7.360202344717975,7.296048641204833,7.296048641204834,119800,0.0,0.0
2017-03-24 00:00:00,7.301881059212029,7.325209729591006,7.2902164459228525,7.290216445922852,122700,0.0,0.0
2017-03-27 00:00:00,7.296045424734222,7.336870440226702,7.290213120749833,7.319374084472656,147300,0.0,0.0
2017-03-28 00:00:00,7.342702744211092,7.342702744211092,7.313541780488268,7.319374084472656,86800,0.0,0.0
2017-03-29 00:00:00,7.325211750907321,7.360204488031984,7.313547134399414,7.313547134399414,207200,0.0,0.0
2017-03-30 00:00:00,7.319374680798671,7.342703342437744,7.307710071879551,7.342703342437744,104800,0.0,0.0
2017-03-31 00:00:00,7.3368754386901855,7.348540054605829,7.313546763058401,7.3368754386901855,83900,0.0,0.0
2017-04-03 00:00:00,7.325210060258254,7.366035096214505,7.325210060258254,7.360202789306641,88800,0.0,0.0
2017-04-04 00:00:00,7.307710071879551,7.348535646897305,7.307710071879551,7.342703342437744,242100,0.0,0.0
2017-04-05 00:00:00,7.336872581842307,7.3893622206251655,7.319376220981115,7.366033554077148,137000,0.0,0.0
2017-04-06 00:00:00,7.389361978840398,7.441851615905761,7.389361978840398,7.441851615905762,137200,0.0,0.0
2017-04-07 00:00:00,7.453514694357332,7.476843357086182,7.441850641092504,7.476843357086182,112500,0.0,0.0
2017-04-10 00:00:00,7.500172621660323,7.5293335914611825,7.476843957059485,7.529333591461182,131100,0.0,0.0
2017-04-11 00:00:00,7.55571132870642,7.55571132870642,7.526402795152456,7.549849510192871,69300,0.065,0.0
2017-04-12 00:00:00,7.549852432812746,7.561575515364179,7.52640570869588,7.543990612030029,108800,0.0,0.0
2017-04-13 00:00:00,7.543989242050981,7.561574142191735,7.514680702473793,7.538127422332764,167900,0.0,0.0
2017-04-17 00:00:00,7.538125969046977,7.538125969046977,7.514679253708331,7.532264709472656,79700,0.0,0.0
2017-04-18 00:00:00,7.526404341910227,7.549851061769197,7.508819441769473,7.538127422332764,95100,0.0,0.0
2017-04-19 00:00:00,7.52640438079834,7.538127461281449,7.520542561049836,7.52640438079834,82100,0.0,0.0
2017-04-20 00:00:00,7.502957881627558,7.526404602297704,7.491234241785527,7.497096061706543,127800,0.0,0.0
2017-04-21 00:00:00,7.526400326748002,7.538123400916548,7.485368728637695,7.485368728637695,94100,0.0,0.0
2017-04-24 00:00:00,7.485371291059251,7.502956187838599,7.456062757084478,7.467785835266113,104000,0.0,0.0
2017-04-25 00:00:00,7.450205143388247,7.456066965294376,7.403311686167423,7.415034770965576,202100,0.0,0.0
2017-04-26 00:00:00,7.420892404511992,7.467785835266113,7.420892404511992,7.467785835266113,103200,0.0,0.0
2017-04-27 00:00:00,7.450200403920034,7.485370753968977,7.450200403920034,7.473647117614746,68800,0.0,0.0
2017-04-28 00:00:00,7.48537276058661,7.532266200546844,7.4795109408381055,7.52640438079834,98300,0.0,0.0
2017-05-01 00:00:00,7.520543887913164,7.555714253595462,7.520543887913164,7.543990612030029,148600,0.0,0.0
2017-05-02 00:00:00,7.538126946910157,7.60846710205078,7.538126946910157,7.608467102050781,124900,0.0,0.0
2017-05-03 00:00:00,7.614328921399298,7.6260525600963325,7.5967440223676075,7.608467102050781,103400,0.0,0.0
2017-05-04 00:00:00,7.596744953309612,7.614329854496242,7.590883133242759,7.602606773376465,70900,0.0,0.0
2017-05-05 00:00:00,7.602603342984472,7.637773129488673,7.596741525562546,7.620188236236572,191700,0.0,0.0
2017-05-08 00:00:00,7.62604883741816,7.655357360839844,7.602602130483531,7.655357360839844,204400,0.0,0.0
2017-05-09 00:00:00,7.59939654847778,7.622960547007555,7.5758325499480055,7.581723690032959,208400,0.065,0.0
2017-05-10 00:00:00,7.575831144198475,7.599395138355783,7.5640494280247905,7.569940567016602,76000,0.0,0.0
2017-05-11 00:00:00,7.564050831588139,7.634742827177462,7.564050831588139,7.581723690032959,113600,0.0,0.0
2017-05-12 00:00:00,7.605286831515215,7.658305962684938,7.605286831515215,7.6406331062316895,50100,0.0,0.0
2017-05-15 00:00:00,7.640629934848255,7.664193920941915,7.640629934848255,7.6583027839660645,130200,0.0,0.0
2017-05-16 00:00:00,7.628854605888485,7.681873763318091,7.628854605888485,7.652418613433838,148600,0.0,0.0
2017-05-17 00:00:00,7.664195991584146,7.717215115071537,7.664195991584146,7.67597770690918,130200,0.0,0.0
2017-05-18 00:00:00,7.670087682637641,7.681869398811326,7.546376572859294,7.569940567016602,163900,0.0,0.0
2017-05-19 00:00:00,7.611181740682035,7.652418613433837,7.599399456004231,7.652418613433838,107600,0.0,0.0
2017-05-22 00:00:00,7.652411523219885,7.681866645812987,7.640629811268485,7.681866645812988,98000,0.0,0.0
2017-05-23 00:00:00,7.687762123266974,7.740781261507651,7.687762123266974,7.7113261222839355,125300,0.0,0.0
2017-05-24 00:00:00,7.705431210064545,7.752559185028077,7.705431210064545,7.752559185028076,132500,0.0,0.0
2017-05-25 00:00:00,7.7289986866910585,7.746671544828095,7.705434688571666,7.717216968536377,113000,0.0,0.0
2017-05-26 00:00:00,7.717215115071537,7.746669684289069,7.622958583421789,7.67597770690918,302400,0.0,0.0
2017-05-30 00:00:00,7.664199128299294,7.687763130403261,7.611179983112838,7.628852844238281,165000,0.0,0.0
2017-05-31 00:00:00,7.611180205528609,7.664199352264403,7.611180205528609,7.664199352264404,249400,0.0,0.0
2017-06-01 00:00:00,7.6641944579948875,7.699540158707284,7.652412183217566,7.687758445739746,133600,0.0,0.0
2017-06-02 00:00:00,7.693651945043164,7.723106517409314,7.6641968108670575,7.69954252243042,179500,0.0,0.0
2017-06-05 00:00:00,7.699543841870429,7.7231078408873906,7.693653263473728,7.7113261222839355,124800,0.0,0.0
2017-06-06 00:00:00,7.728997282715099,7.776125270393063,7.717215566700572,7.758452415466309,97800,0.0,0.0
2017-06-07 00:00:00,7.758458167858439,7.805586190478767,7.758458167858439,7.7879133224487305,107700,0.0,0.0
2017-06-08 00:00:00,7.77310609817505,7.790866273747746,7.76126560473605,7.773106098175049,93300,0.065,0.0
2017-06-09 00:00:00,7.773111908167877,7.790872097015381,7.749431468175796,7.790872097015381,70900,0.0,0.0
2017-06-12 00:00:00,7.79086859748432,7.796788845969617,7.773108416614399,7.784948348999023,85700,0.0,0.0
2017-06-13 00:00:00,7.761269824994547,7.8204711952092,7.761269824994547,7.802711009979248,167300,0.0,0.0
2017-06-14 00:00:00,7.814548807431624,7.83822923612197,7.796788627060352,7.808628559112549,171500,0.0,0.0
2017-06-15 00:00:00,7.784951845870805,7.8204727881520375,7.779032159312453,7.790872097015381,70200,0.0,0.0
2017-06-16 00:00:00,7.814548969268799,7.8323091500078785,7.808628720827117,7.814548969268799,61200,0.0,0.0
2017-06-19 00:00:00,7.820464338509293,7.838224508167772,7.784943434606721,7.796783924102783,92700,0.0,0.0
2017-06-20 00:00:00,7.790866426520591,7.838227272033691,7.790866426520591,7.838227272033691,72500,0.0,0.0
2017-06-21 00:00:00,7.832309311967276,7.83822956053138,7.820469379425048,7.820469379425049,53700,0.0,0.0
2017-06-22 00:00:00,7.820469379425048,7.844149809095482,7.820469379425048,7.820469379425049,85300,0.0,0.0
2017-06-23 00:00:00,7.808629995032387,7.8441509268927865,7.808629995032387,7.826390743255615,47900,0.0,0.0
2017-06-26 00:00:00,7.826388144003036,7.8500685691833505,7.826388144003036,7.85006856918335,46100,0.0,0.0
2017-06-27 00:00:00,7.832307025198101,7.855988012540464,7.832307025198101,7.838227272033691,59500,0.0,0.0
2017-06-28 00:00:00,7.838229398449561,7.861909827630321,7.814548969268799,7.814548969268799,96500,0.0,0.0
2017-06-29 00:00:00,7.7967857744399245,7.8086257021602306,7.74350468823418,7.749424934387207,150200,0.0,0.0
2017-06-30 00:00:00,7.74350749049303,7.779028415679932,7.737587242197555,7.779028415679932,81500,0.0,0.0
2017-07-03 00:00:00,7.76718585145555,7.808626449320442,7.76126560473605,7.773106098175049,98400,0.0,0.0
2017-07-05 00:00:00,7.76718585145555,7.802706767186744,7.749425675882854,7.773106098175049,94100,0.0,0.0
2017-07-06 00:00:00,7.76126560473605,7.784946027028246,7.755345922602353,7.773106098175049,164500,0.0,0.0
2017-07-07 00:00:00,7.767190456390381,7.7908708927219985,7.7553505205176405,7.767190456390381,110900,0.0,0.0
2017-07-10 00:00:00,7.773111453457043,7.8559932708740225,7.773111453457043,7.855993270874023,139700,0.0,0.0
2017-07-11 00:00:00,7.832310551277722,7.927032849533393,7.832310551277722,7.891511917114258,159000,0.0,0.0
2017-07-12 00:00:00,7.930181265501607,7.948028476434827,7.894486843635166,7.924232006072998,144800,0.065,0.0
2017-07-13 00:00:00,7.936128616333009,7.936128616333009,7.900433635698416,7.936128616333008,83500,0.0,0.0
2017-07-14 00:00:00,7.924228765961245,7.977770944220828,7.924228765961245,7.948025226593018,128600,0.0,0.0
2017-07-17 00:00:00,7.953979405418029,7.971826620097413,7.9182849760592635,7.942081451416016,71300,0.0,0.0
2017-07-18 00:00:00,7.9420778743308516,7.989670803608661,7.912332151694104,7.936128616333008,129400,0.0,0.0
2017-07-19 00:00:00,7.959925980885891,7.977773189544679,7.930180254886222,7.977773189544678,59700,0.0,0.0
2017-07-20 00:00:00,7.977773189544679,7.977773189544679,7.942078772227104,7.977773189544678,65300,0.0,0.0
2017-07-21 00:00:00,7.971823930874238,7.989671706885559,7.953976722215451,7.977773189544678,76600,0.0,0.0
2017-07-24 00:00:00,7.977773189544679,7.983722448215119,7.959925980885891,7.977773189544678,68500,0.0,0.0
2017-07-25 00:00:00,7.971821308135985,7.977770564849114,7.936126902561911,7.971821308135986,71800,0.0,0.0
2017-07-26 00:00:00,7.948022139508577,7.977767845582882,7.948022139508577,7.965869903564453,103400,0.0,0.0
2017-07-27 00:00:00,7.948023084237685,7.959921595022567,7.9242266300201445,7.953972339630127,88900,0.0,0.0
2017-07-28 00:00:00,7.936126902561911,7.983719821562242,7.936126902561911,7.971821308135986,59100,0.0,0.0
2017-07-31 00:00:00,7.965876992856453,7.995622158050538,7.959927732876572,7.995622158050537,106700,0.0,0.0
2017-08-01 00:00:00,7.995619391075887,8.055110835581687,7.995619391075887,8.019415855407715,109100,0.0,0.0
2017-08-02 00:00:00,8.031310081481934,8.061055787846742,7.989666432982496,8.031310081481934,138100,0.0,0.0
2017-08-03 00:00:00,8.037267211636417,8.043216472209263,8.007521476124897,8.025368690490723,63300,0.0,0.0
2017-08-04 00:00:00,8.007518768310547,8.03131523520223,7.965875093088233,8.007518768310547,147300,0.0,0.0
2017-08-07 00:00:00,7.989673465423317,8.037266410557041,7.989673465423317,7.995622158050537,185700,0.0,0.0
2017-08-08 00:00:00,7.989667173690936,8.01346362751848,7.977768663101058,7.983717918395996,86500,0.0,0.0
2017-08-09 00:00:00,7.9807307073318405,8.010620627567809,7.93290615081787,7.932906150817871,81400,0.065,0.0
2017-08-10 00:00:00,7.920951444592246,7.938885514646249,7.8731268777057,7.879105091094971,143300,0.0,0.0
2017-08-11 00:00:00,7.783454474831057,7.938884002551243,7.723673492552272,7.920949935913086,208100,0.0,0.0
2017-08-14 00:00:00,7.950840427052479,7.956818639303098,7.9089935114118495,7.920949935913086,79000,0.0,0.0
2017-08-15 00:00:00,7.920947120818103,7.938881181082516,7.873122580037338,7.885078430175781,98800,0.0,0.0
2017-08-16 00:00:00,7.914975567064949,7.9568225030258715,7.891063276564697,7.9508442878723145,108500,0.0,0.0
2017-08-17 00:00:00,7.944866072718757,7.968778363219009,7.926931997372063,7.9508442878723145,105700,0.0,0.0
2017-08-18 00:00:00,7.932910427765759,7.956822718914813,7.914975781818476,7.938888072967529,84300,0.0,0.0
2017-08-21 00:00:00,7.920952712072257,7.968777286611505,7.9149744977263765,7.962799072265625,116000,0.0,0.0
2017-08-22 00:00:00,7.938886784996001,7.980733715303268,7.938886784996001,7.962799072265625,115100,0.0,0.0
2017-08-23 00:00:00,7.968780299270926,7.986714378974788,7.9508462195670635,7.98073673248291,56200,0.0,0.0
2017-08-24 00:00:00,7.9807324282957195,7.992688284945529,7.950841931500485,7.986710071563721,74500,0.0,0.0
2017-08-25 00:00:00,7.968780299270926,7.99269259558078,7.9508462195670635,7.98073673248291,32900,0.0,0.0
2017-08-28 00:00:00,7.950844503599051,7.962800364116582,7.938888072967529,7.938888072967529,92700,0.0,0.0
2017-08-29 00:00:00,7.956817922122444,8.0106201171875,7.956817922122444,8.0106201171875,95200,0.0,0.0
2017-08-30 00:00:00,7.980733715303268,7.998667788227011,7.956821428033643,7.962799072265625,76200,0.0,0.0
2017-08-31 00:00:00,7.96280099467415,7.998669719295095,7.956823348999023,7.956823348999023,135900,0.0,0.0
2017-09-01 00:00:00,7.980731548783968,7.9986656168391725,7.938884629836832,7.9448628425598145,113400,0.0,0.0
2017-09-05 00:00:00,7.956815292455302,8.00463983011658,7.950837082719278,7.992683410644531,131400,0.0,0.0
2017-09-06 00:00:00,7.9747519871441295,8.034532393920962,7.9747519871441295,8.0106201171875,102200,0.0,0.0
2017-09-07 00:00:00,8.010623911038179,8.040514413639633,7.96279933492142,7.974755764007568,175300,0.0,0.0
2017-09-08 00:00:00,7.977754697167119,8.001784056352061,7.953725337982177,7.953725337982178,100100,0.065,0.0
2017-09-11 00:00:00,7.989772724075833,7.989772724075833,7.959735870361327,7.959735870361328,85200,0.0,0.0
2017-09-12 00:00:00,7.965740304027205,7.99577714623466,7.941710944842264,7.953725337982178,101400,0.0,0.0
2017-09-13 00:00:00,7.959732821004691,7.99577714623466,7.947717854959663,7.953725337982178,84700,0.0,0.0
2017-09-14 00:00:00,7.947722036841362,7.97775889485342,7.947722036841362,7.965744495391846,43400,0.0,0.0
2017-09-15 00:00:00,7.971753475840103,7.995782852172851,7.9537310139114,7.995782852172852,105700,0.0,0.0
2017-09-18 00:00:00,7.995782298785618,7.995782298785618,7.971752924115941,7.977759838104248,50700,0.0,0.0
2017-09-19 00:00:00,8.001787672036752,8.01380264351086,7.983765787730963,7.989773273468018,90900,0.0,0.0
2017-09-20 00:00:00,7.995778395923811,8.001785306980052,7.947719097137452,7.947719097137451,96600,0.0,0.0
2017-09-21 00:00:00,7.941717735107041,7.965747114837393,7.917688355376689,7.9297027587890625,111200,0.0,0.0
2017-09-22 00:00:00,7.917688480383406,7.947724775841365,7.905673503875732,7.905673503875732,135500,0.0,0.0
2017-09-25 00:00:00,7.905671370425312,7.95373011767549,7.905671370425312,7.941715717315674,62600,0.0,0.0
2017-09-26 00:00:00,7.935704973628424,7.977756216986857,7.935704973628424,7.971749305725098,99400,0.0,0.0
2017-09-27 00:00:00,7.947719878328518,7.947719878328518,7.911676116827467,7.9176836013793945,168700,0.0,0.0
2017-09-28 00:00:00,7.9056689220881955,7.935705773043693,7.887647040677009,7.911676406860352,140900,0.0,0.0
2017-09-29 00:00:00,7.911680992129569,7.947724775841365,7.905673503875732,7.905673503875732,67400,0.0,0.0
2017-10-02 00:00:00,7.935705773043693,7.941713257815849,7.9056689220881955,7.911676406860352,85500,0.0,0.0
2017-10-03 00:00:00,7.923693257417764,7.947722631042853,7.905671370425312,7.941715717315674,111600,0.0,0.0
2017-10-04 00:00:00,7.917681585657322,7.971747787049718,7.905666619612294,7.953725337982178,213900,0.0,0.0
2017-10-05 00:00:00,7.9597379503283605,7.995782298785618,7.9597379503283605,7.977759838104248,122500,0.0,0.0
2017-10-06 00:00:00,7.9597322575539655,7.983761615037925,7.923687934875489,7.923687934875488,86300,0.0,0.0
2017-10-09 00:00:00,7.941711237669071,7.965740597740024,7.929696271181028,7.935703754425049,144200,0.0,0.0
2017-10-10 00:00:00,7.941713762213178,8.007794380187988,7.935706277059473,8.007794380187988,170900,0.0,0.0
2017-10-11 00:00:00,7.995779982785893,8.019809350495398,7.983765012478482,8.007794380187988,122700,0.0,0.0
2017-10-12 00:00:00,7.998738048686293,8.047032270093057,7.998738048686293,8.028922080993652,98100,0.065,0.0
2017-10-13 00:00:00,8.022888176857634,8.089292612339005,7.99270413319783,8.065145492553711,80000,0.0,0.0
2017-10-16 00:00:00,8.089289405611321,8.089289405611321,8.02892191793513,8.034958839416504,72000,0.0,0.0
2017-10-17 00:00:00,8.034958136394016,8.083252352594453,8.028921215440844,8.04703140258789,126500,0.0,0.0
2017-10-18 00:00:00,8.053075172059476,8.06514844852074,8.02289111733688,8.041001319885254,99500,0.0,0.0
2017-10-19 00:00:00,8.028923362958032,8.077217592075852,8.016849517822266,8.016849517822266,215600,0.0,0.0
2017-10-20 00:00:00,7.992700890616862,8.016848000605847,7.992700890616862,7.998737812042236,71700,0.0,0.0
2017-10-23 00:00:00,7.998737812042236,8.034958764881972,7.998737812042236,7.998737812042236,83800,0.0,0.0
2017-10-24 00:00:00,8.004776248399121,8.034960285525916,7.998739325831238,8.016849517822266,107500,0.0,0.0
2017-10-25 00:00:00,8.00477632739276,8.010813250020217,7.950445175170898,7.950445175170898,141200,0.0,0.0
2017-10-26 00:00:00,7.932330359246902,7.980624560690621,7.902146339416503,7.902146339416504,118700,0.0,0.0
2017-10-27 00:00:00,7.9142237506481194,7.9142237506481194,7.8659295238880125,7.890076637268066,135700,0.0,0.0
2017-10-30 00:00:00,7.8961160124524294,7.920263133333734,7.865931967422607,7.884042739868164,108000,0.0,0.0
2017-10-31 00:00:00,7.8780058157196455,7.902152936600949,7.8780058157196455,7.884042739868164,106600,0.0,0.0
2017-11-01 00:00:00,7.920256454050424,7.926293373107909,7.896109353532769,7.92629337310791,88700,0.0,0.0
2017-11-02 00:00:00,7.932336740584355,7.956483860731881,7.914225968689144,7.93837308883667,140500,0.0,0.0
2017-11-03 00:00:00,7.956482097798356,7.962518444713185,7.926298060373697,7.950445175170898,75400,0.0,0.0
2017-11-06 00:00:00,7.962517094774954,8.040995348489078,7.950443827279529,8.028922080993652,170000,0.0,0.0
2017-11-07 00:00:00,8.016847373534501,8.053068323541062,8.016847373534501,8.04703140258789,70900,0.0,0.0
2017-11-08 00:00:00,8.053068875676445,8.09532617382096,8.04703195430937,8.083252906799316,124800,0.0,0.0
2017-11-09 00:00:00,8.059106826782227,8.089290286049229,8.04703298250536,8.059106826782227,85800,0.0,0.0
2017-11-10 00:00:00,8.074273187912974,8.092471988208791,8.013609748887678,8.019676208496094,136700,0.065,0.0
2017-11-13 00:00:00,8.013611141700995,8.062141669944355,8.013611141700995,8.02574348449707,129000,0.0,0.0
2017-11-14 00:00:00,8.007542505258895,8.062139479330174,8.007542505258895,8.037874221801758,133200,0.0,0.0
2017-11-15 00:00:00,8.019680040999702,8.080342930485594,8.019680040999702,8.0439453125,117400,0.0,0.0
2017-11-16 00:00:00,8.043939930779926,8.086403982862858,8.031807013882334,8.080337524414062,140200,0.0,0.0
2017-11-17 00:00:00,8.134934493394589,8.159199748660454,8.062138727596995,8.080337524414062,156000,0.0,0.0
2017-11-20 00:00:00,8.098542318008098,8.098542318008098,8.037878849992499,8.0439453125,96100,0.0,0.0
2017-11-21 00:00:00,8.056073867804113,8.080339127885201,8.043941527028286,8.068206787109375,124000,0.0,0.0
2017-11-22 00:00:00,8.07427447786316,8.080340359911233,8.037876292927104,8.056075096130371,102500,0.0,0.0
2017-11-24 00:00:00,8.043939490034683,8.086403539790917,8.03180657380188,8.074271202087402,99600,0.0,0.0
2017-11-27 00:00:00,8.080338277844142,8.080338277844142,8.01967542328779,8.037874221801758,143700,0.0,0.0
2017-11-28 00:00:00,8.068210916282005,8.104608535766602,8.019680371282725,8.104608535766602,151300,0.0,0.0
2017-11-29 00:00:00,8.074271166610462,8.074271166610462,8.013607742771569,8.050005912780762,140600,0.0,0.0
2017-11-30 00:00:00,8.043940680816204,8.06820593834462,8.025741303772863,8.037874221801758,100400,0.0,0.0
2017-12-01 00:00:00,8.080337524414062,8.086403982862858,8.03787347233113,8.080337524414062,189000,0.0,0.0
2017-12-04 00:00:00,8.0560722691482,8.110669238128724,8.03787347233113,8.080337524414062,180400,0.0,0.0
2017-12-05 00:00:00,8.08034046110271,8.159202714010501,8.08034046110271,8.153136253356934,76700,0.0,0.0
2017-12-06 00:00:00,8.159204086132183,8.201668739318848,8.1470717413143,8.201668739318848,127200,0.0,0.0
2017-12-07 00:00:00,8.195599859384542,8.22593158027377,8.195599859384542,8.207732200622559,118000,0.0,0.0
2017-12-08 00:00:00,8.192493050830597,8.210780284799132,8.143728256225586,8.143728256225586,92800,0.065,0.0
2017-12-11 00:00:00,8.143728679996855,8.180302568514895,8.143728679996855,8.162015914916992,113000,0.0,0.0
2017-12-12 00:00:00,8.162014676879258,8.168109839605869,8.11934504986009,8.149823188781738,86300,0.0,0.0
2017-12-13 00:00:00,8.137636136460657,8.174209455432152,8.137636136460657,8.168113708496094,75300,0.0,0.0
2017-12-14 00:00:00,8.168113708496094,8.204687608790014,8.155922795946404,8.168113708496094,96800,0.0,0.0
2017-12-15 00:00:00,8.15591571883855,8.174202362456484,8.119341850280762,8.119341850280762,73400,0.0,0.0
2017-12-18 00:00:00,8.113249691053438,8.180301130002855,8.113249691053438,8.12544059753418,220200,0.0,0.0
2017-12-19 00:00:00,8.12543828236318,8.14372492753497,8.070577765525844,8.07667350769043,135000,0.0,0.0
2017-12-20 00:00:00,8.064481758604195,8.07667324253312,8.027908469461318,8.034004211425781,131000,0.0,0.0
2017-12-21 00:00:00,8.009628063064952,8.046201380692393,8.003532316352912,8.01572322845459,173900,0.0,0.0
2017-12-22 00:00:00,8.003528038802715,8.058388567245625,8.003528038802715,8.052292823791504,72400,0.0,0.0
2017-12-26 00:00:00,8.058392292325804,8.082774696091231,8.04620079978191,8.06448745727539,80100,0.0,0.0
2017-12-27 00:00:00,8.07667561259582,8.125440399977421,8.06448412508936,8.101058006286621,155700,0.0,0.0
2017-12-28 00:00:00,8.101055895026805,8.119342540198595,8.070577765525844,8.07667350769043,133400,0.0,0.0
2017-12-29 00:00:00,8.064481758604195,8.088864726462045,8.034004211425781,8.034004211425781,225300,0.0,0.0
2018-01-02 00:00:00,8.04620079978191,8.094965607312766,8.027914142288429,8.06448745727539,242800,0.0,0.0
2018-01-03 00:00:00,8.034008320549225,8.137633661658148,8.034008320549225,8.094964027404785,200000,0.0,0.0
2018-01-04 00:00:00,8.10715599068371,8.137634136551245,8.101060245245746,8.131538391113281,142600,0.0,0.0
2018-01-05 00:00:00,8.155920791542854,8.155920791542854,8.10715599068371,8.131538391113281,166800,0.0,0.0
2018-01-08 00:00:00,8.119344853632741,8.162014479620675,8.107153947152,8.12544059753418,200700,0.0,0.0
2018-01-09 00:00:00,8.125441303315911,8.13763279217775,8.07058076608201,8.082772254943848,139400,0.0,0.0
2018-01-10 00:00:00,8.052294974473668,8.101059772487014,8.052294974473668,8.094964027404785,226600,0.0,0.0
2018-01-11 00:00:00,8.079647623537722,8.122527122497559,8.079647623537722,8.122527122497559,111600,0.065,0.0
2018-01-12 00:00:00,8.104151696294048,8.104151696294048,8.073524227219385,8.091900825500488,154700,0.0,0.0
2018-01-16 00:00:00,8.1347805308971,8.1347805308971,8.042896946484626,8.049022674560547,201600,0.0,0.0
2018-01-17 00:00:00,8.036766731398822,8.073520495152755,8.030641006742957,8.042892456054688,195600,0.0,0.0
2018-01-18 00:00:00,8.024518320786616,8.049020642723523,8.01839259425703,8.030643463134766,123400,0.0,0.0
2018-01-19 00:00:00,8.036768755736137,8.042894481934978,8.000015566905905,8.00614070892334,117300,0.0,0.0
2018-01-22 00:00:00,7.987766663504738,8.030645592217015,7.987766663504738,8.000018119812012,132200,0.0,0.0
2018-01-23 00:00:00,8.000020724974235,8.030648207352908,8.000020724974235,8.018397331237793,69900,0.0,0.0
2018-01-24 00:00:00,8.006143263784057,8.030645592217015,7.981640935351101,8.000018119812012,111900,0.0,0.0
2018-01-25 00:00:00,7.987764957769386,8.01226728097003,7.9510111808776855,7.9510111808776855,255100,0.0,0.0
2018-01-26 00:00:00,7.951008964351314,7.963260414626996,7.914255781886872,7.944883823394775,134300,0.0,0.0
2018-01-29 00:00:00,7.8897545064922925,7.8897545064922925,7.767242908477784,7.767242908477783,445300,0.0,0.0
2018-01-30 00:00:00,7.736612425381473,7.748863289232398,7.693733525631445,7.699858665466309,306500,0.0,0.0
2018-01-31 00:00:00,7.693738664996301,7.761119921639593,7.693738664996301,7.748868465423584,303000,0.0,0.0
2018-02-01 00:00:00,7.773369528808207,7.779495255919446,7.730490607392512,7.74274206161499,218100,0.0,0.0
2018-02-02 00:00:00,7.73049252523294,7.73049252523294,7.638608932495118,7.638608932495117,440000,0.0,0.0
2018-02-05 00:00:00,7.614108003527631,7.626358878862682,7.228195791474787,7.49159574508667,679000,0.0,0.0
2018-02-06 00:00:00,7.448714406717411,7.644733022415799,7.3935840250068505,7.58347749710083,355800,0.0,0.0
2018-02-07 00:00:00,7.644732320597803,7.687611826981476,7.614104852842824,7.6692352294921875,129100,0.0,0.0
2018-02-08 00:00:00,7.687611518972495,7.687611518972495,7.59572736684445,7.607978820800781,116600,0.0,0.0
2018-02-09 00:00:00,7.586426036659254,7.623373176015258,7.543321530122962,7.5494794845581055,193600,0.065,0.0
2018-02-12 00:00:00,7.574109711407021,7.617214212231583,7.549478484185161,7.561793804168701,171600,0.0,0.0
2018-02-13 00:00:00,7.549478047898667,7.617213772030623,7.549478047898667,7.604898452758789,135700,0.0,0.0
2018-02-14 00:00:00,7.604901343656432,7.62953257881807,7.604901343656432,7.611058712005615,119300,0.0,0.0
2018-02-15 00:00:00,7.617214885710676,7.6233728398742935,7.58026833523863,7.592583656311035,145900,0.0,0.0
2018-02-16 00:00:00,7.592587253346439,7.6295344085772605,7.574113969358582,7.617218494415283,200400,0.0,0.0
2018-02-20 00:00:00,7.604899899964685,7.617215221580114,7.5494794845581055,7.5494794845581055,384200,0.0,0.0
2018-02-21 00:00:00,7.561793804168701,7.586425031390562,7.549478484185161,7.561793804168701,87300,0.0,0.0
2018-02-22 00:00:00,7.537164421114759,7.549480331366494,7.512533187866211,7.512533187866211,205900,0.0,0.0
2018-02-23 00:00:00,7.512532345202101,7.55563743899325,7.512532345202101,7.5494794845581055,124200,0.0,0.0
2018-02-26 00:00:00,7.561795817585752,7.611058285146186,7.561795817585752,7.598742961883545,94300,0.0,0.0
2018-02-27 00:00:00,7.598743388052281,7.611058712005615,7.586427476843977,7.611058712005615,188100,0.0,0.0
2018-02-28 00:00:00,7.598742752190029,7.654163173479879,7.580269474178386,7.623373985290527,162500,0.0,0.0
2018-03-01 00:00:00,7.623372952422715,7.635688273676938,7.5925837684048965,7.629530906677246,174400,0.0,0.0
2018-03-02 00:00:00,7.586424592968918,7.635687044565748,7.586424592968918,7.604898452758789,120700,0.0,0.0
2018-03-05 00:00:00,7.623370603256114,7.64184387307227,7.604897333439958,7.635685920715332,139100,0.0,0.0
2018-03-06 00:00:00,7.629531948135295,7.6849517822265625,7.623373993040181,7.6849517822265625,125700,0.0,0.0
2018-03-07 00:00:00,7.684950339485458,7.801949115308078,7.672635018862178,7.740370750427246,318400,0.0,0.0
2018-03-08 00:00:00,7.746527739274504,7.88199977278183,7.746527739274504,7.851210594177246,226800,0.0,0.0
2018-03-09 00:00:00,7.841927586095807,7.841927586095807,7.786223191850984,7.817170143127441,104700,0.065,0.0
2018-03-12 00:00:00,7.804794362657358,7.810983873531842,7.79860544204712,7.798605442047119,59600,0.0,0.0
2018-03-13 00:00:00,7.792415931172636,7.823362895280808,7.792415931172636,7.798605442047119,89800,0.0,0.0
2018-03-14 00:00:00,7.798603697875198,7.835739574288102,7.786224678894821,7.79241418838501,146300,0.0,0.0
2018-03-15 00:00:00,7.786222457885742,7.810979898520357,7.773844032700407,7.786222457885742,105400,0.0,0.0
2018-03-16 00:00:00,7.773847988813431,7.804794362657358,7.755279456189981,7.798605442047119,123300,0.0,0.0
2018-03-19 00:00:00,7.792415273842052,7.792415273842052,7.736710861199148,7.742900371551514,118100,0.0,0.0
2018-03-20 00:00:00,7.736710712320663,7.742900222553923,7.718142771885065,7.730521202087402,91700,0.0,0.0
2018-03-21 00:00:00,7.711951418238625,7.7243298454821065,7.693383482241382,7.705761909484863,130600,0.0,0.0
2018-03-22 00:00:00,7.705761585125364,7.742898045820704,7.687193649909703,7.718140602111816,67400,0.0,0.0
2018-03-23 00:00:00,7.718140943212493,7.718140943212493,7.6129216552335865,7.637679100036621,188600,0.0,0.0
2018-03-26 00:00:00,7.699572794794078,7.699572794794078,7.600543010721728,7.61911153793335,239300,0.0,0.0
2018-03-27 00:00:00,7.619106634552189,7.687189419720296,7.600538119290593,7.674810409545898,130700,0.0,0.0
2018-03-28 00:00:00,7.674812788492034,7.7243276640102625,7.656244857738667,7.693381309509277,134700,0.0,0.0
2018-03-29 00:00:00,7.6933818375582375,7.82335854228074,7.6933818375582375,7.804790019989014,139100,0.0,0.0
2018-04-02 00:00:00,7.798601473335022,7.8171694062449975,7.742897084341153,7.786222457885742,197500,0.0,0.0
2018-04-03 00:00:00,7.773846099814531,7.8047924661386725,7.773846099814531,7.780035018920898,108200,0.0,0.0
2018-04-04 00:00:00,7.792410958954041,7.829546819976625,7.767653521517695,7.810978889465332,76800,0.0,0.0
2018-04-05 00:00:00,7.817168133081758,7.86668300628662,7.798600203195896,7.866683006286621,105500,0.0,0.0
2018-04-06 00:00:00,7.866687805930446,7.928581730331329,7.854308784944586,7.910013198852539,92100,0.0,0.0
2018-04-09 00:00:00,7.872875568545924,7.9285799700867985,7.872875568545924,7.922390460968018,70200,0.0,0.0
2018-04-10 00:00:00,7.910009749676289,7.965714139294226,7.903820832146257,7.959524631500244,164300,0.0,0.0
2018-04-11 00:00:00,7.9875192073373436,7.9875192073373436,7.931531828917088,7.9626359939575195,119600,0.065,0.0
2018-04-12 00:00:00,7.993736940203034,7.993736940203034,7.950190889375842,7.956411838531494,92500,0.0,0.0
2018-04-13 00:00:00,7.968855931100079,7.968855931100079,7.9253098682823,7.937751770019531,136200,0.0,0.0
2018-04-16 00:00:00,7.9253129959106445,7.94397585588156,7.919092042587005,7.9253129959106445,48900,0.0,0.0
2018-04-17 00:00:00,7.94397313931188,7.94397313931188,7.900427074200449,7.912868976593018,133700,0.0,0.0
2018-04-18 00:00:00,7.887986929100445,7.919090503146702,7.875545024871825,7.875545024871826,119300,0.0,0.0
2018-04-19 00:00:00,7.863102212231265,7.912868633116191,7.863102212231265,7.906647682189941,113800,0.0,0.0
2018-04-20 00:00:00,7.894205780337444,7.925309941706156,7.894205780337444,7.906647682189941,122500,0.0,0.0
2018-04-23 00:00:00,7.919088930675411,7.919088930675411,7.863102152551699,7.8817644119262695,113300,0.0,0.0
2018-04-24 00:00:00,7.919089966604213,7.919089966604213,7.83821996764796,7.850661277770996,162100,0.0,0.0
2018-04-25 00:00:00,7.850663375852405,7.863105282563135,7.7573514485729955,7.7822346687316895,298300,0.0,0.0
2018-04-26 00:00:00,7.869325536938862,7.869325536938862,7.807117784009212,7.819559097290039,107700,0.0,0.0
2018-04-27 00:00:00,7.869325536938862,7.869325536938862,7.807117784009212,7.819559097290039,84400,0.0,0.0
2018-04-30 00:00:00,7.82577859448264,7.875545024871825,7.819557642368329,7.875545024871826,70700,0.0,0.0
2018-05-01 00:00:00,7.912870334360789,7.912870334360789,7.8631039027762215,7.89420747756958,87000,0.0,0.0
2018-05-02 00:00:00,7.9128682890984425,7.9128682890984425,7.875543178426218,7.900426387786865,89800,0.0,0.0
2018-05-03 00:00:00,7.894203065881092,8.012398719787598,7.894203065881092,8.012398719787598,116100,0.0,0.0
2018-05-04 00:00:00,7.981300967049109,8.018626096430076,7.962638698990029,7.9750800132751465,143900,0.0,0.0
2018-05-07 00:00:00,7.9750776066378695,8.037285939079284,7.9750776066378695,8.031064987182617,98500,0.0,0.0
2018-05-08 00:00:00,8.01862531026964,8.043508529663086,8.01862531026964,8.043508529663086,99900,0.0,0.0
2018-05-09 00:00:00,8.024843215942383,8.049726427725826,8.024843215942383,8.024843215942383,108900,0.0,0.0
2018-05-10 00:00:00,8.052980407919899,8.05923286494976,8.002961944215256,8.009214401245117,127200,0.065,0.0
2018-05-11 00:00:00,8.021716215345759,8.059230349549106,8.015463760267378,8.040472984313965,67800,0.0,0.0
2018-05-14 00:00:00,8.034220107017969,8.065481185913086,8.021715198446435,8.065481185913086,66400,0.0,0.0
2018-05-15 00:00:00,8.034219842303928,8.065480920169046,8.034219842303928,8.052976608276367,142800,0.0,0.0
2018-05-16 00:00:00,8.059229740367542,8.065481598706421,7.977949619293212,7.977949619293213,162200,0.0,0.0
2018-05-17 00:00:00,7.984207970968319,7.984207970968319,7.959198134073185,7.971703052520752,76000,0.0,0.0
2018-05-18 00:00:00,7.940435487925487,7.990453932237861,7.940435487925487,7.977949619293213,104600,0.0,0.0
2018-05-21 00:00:00,7.996706991299173,8.040472984313965,7.996706991299173,8.040472984313965,102000,0.0,0.0
2018-05-22 00:00:00,8.021721669393656,8.052983369773761,8.015469210064166,8.027974128723145,122200,0.0,0.0
2018-05-23 00:00:00,8.046730041503906,8.06548682119955,8.034225720462569,8.046730041503906,99800,0.0,0.0
2018-05-24 00:00:00,8.046724419322643,8.084238548770387,8.046724419322643,8.065481185913086,85600,0.0,0.0
2018-05-25 00:00:00,8.0654806269413,8.11549906522723,8.0654806269413,8.109247207641602,96800,0.0,0.0
2018-05-29 00:00:00,8.121753552365748,8.190529369427082,8.121753552365748,8.171772003173828,103100,0.0,0.0
2018-05-30 00:00:00,8.178025030032128,8.290566850347664,8.171772574177485,8.253052711486816,179500,0.0,0.0
2018-05-31 00:00:00,8.25305268808267,8.265557599756495,8.203034233921388,8.2092866897583,130000,0.0,0.0
2018-06-01 00:00:00,8.234301472273975,8.309329204134848,8.22179655216346,8.30307674407959,97200,0.0,0.0
2018-06-04 00:00:00,8.284316062927246,8.30307283800172,8.265559287852772,8.284316062927246,105100,0.0,0.0
2018-06-05 00:00:00,8.253052639825846,8.284314322560608,8.246800184025492,8.278061866760254,114200,0.0,0.0
2018-06-06 00:00:00,8.278063668737836,8.30307290111628,8.209288428763898,8.215540885925293,165600,0.0,0.0
2018-06-07 00:00:00,8.209286951589384,8.240548635504013,8.209286951589384,8.22179126739502,66800,0.0,0.0
2018-06-08 00:00:00,8.21864749632128,8.237497437583675,8.21864749632128,8.23121452331543,85200,0.065,0.0
2018-06-11 00:00:00,8.218647584382712,8.24378103941148,8.11811376426763,8.124397277832031,183500,0.0,0.0
2018-06-12 00:00:00,8.124399514193222,8.14953297614035,8.099266052246094,8.099266052246094,89700,0.0,0.0
2018-06-13 00:00:00,8.111832949168424,8.143249928212702,8.086699485778809,8.086699485778809,98900,0.0,0.0
2018-06-14 00:00:00,8.105547383833759,8.12439792603094,8.07413101196289,8.07413101196289,127200,0.0,0.0
2018-06-15 00:00:00,8.06784896584647,8.143249350667679,8.06784896584647,8.105548858642578,170200,0.0,0.0
2018-06-18 00:00:00,8.111834526062012,8.130684477461285,8.10555100918587,8.111834526062012,85100,0.0,0.0
2018-06-19 00:00:00,8.11811737587059,8.162100791931152,8.11811737587059,8.162100791931152,93800,0.0,0.0
2018-06-20 00:00:00,8.16838584367615,8.187235797069684,8.136968855200783,8.1432523727417,65100,0.0,0.0
2018-06-21 00:00:00,8.136966532319649,8.212366923598253,8.136966532319649,8.199800491333008,149600,0.0,0.0
2018-06-22 00:00:00,8.180952013241267,8.19980196464054,8.111834526062012,8.111834526062012,148000,0.0,0.0
2018-06-25 00:00:00,8.1432523727417,8.162102326135233,8.118118901807248,8.1432523727417,66200,0.0,0.0
2018-06-26 00:00:00,8.124397585414885,8.18094801117778,8.124397585414885,8.174664497375488,88100,0.0,0.0
2018-06-27 00:00:00,8.16209746977091,8.199797953355791,8.16209746977091,8.174664497375488,80400,0.0,0.0
2018-06-28 00:00:00,8.174667027573474,8.199800491333008,8.174667027573474,8.199800491333008,66300,0.0,0.0
2018-06-29 00:00:00,8.206083677013375,8.243783571521783,8.206083677013375,8.224933624267578,70900,0.0,0.0
2018-07-02 00:00:00,8.243784438636599,8.306618401731768,8.237500922481265,8.256351470947266,126800,0.0,0.0
2018-07-03 00:00:00,8.243781778148687,8.312898635864258,8.243781778148687,8.312898635864258,73400,0.0,0.0
2018-07-05 00:00:00,8.319187406279868,8.325470924377441,8.30662096931399,8.325470924377441,117700,0.0,0.0
2018-07-06 00:00:00,8.306619551275066,8.344319454966147,8.29405251722526,8.33803653717041,155200,0.0,0.0
2018-07-09 00:00:00,8.344317719018422,8.350601234736104,8.275200843811035,8.275200843811035,151500,0.0,0.0
2018-07-10 00:00:00,8.281484273436,8.331751200196813,8.281484273436,8.306617736816406,79100,0.0,0.0
2018-07-11 00:00:00,8.35688466357722,8.35688466357722,8.237500263098513,8.306617736816406,192000,0.0,0.0
2018-07-12 00:00:00,8.297147886533478,8.297147886533478,8.227688882892002,8.24663257598877,130600,0.065,0.0
2018-07-13 00:00:00,8.246630131450578,8.284516302033559,8.246630131450578,8.27188777923584,78500,0.0,0.0
2018-07-16 00:00:00,8.328717739644743,8.328717739644743,8.284517002829007,8.290831565856934,66600,0.0,0.0
2018-07-17 00:00:00,8.28451862232983,8.328719367786158,8.28451862232983,8.297147750854492,55000,0.0,0.0
2018-07-18 00:00:00,8.30345616794189,8.360286003972346,8.284513089994935,8.34134292602539,91300,0.0,0.0
2018-07-19 00:00:00,8.347658584074845,8.360287103637368,8.303457260131836,8.303457260131836,72400,0.0,0.0
2018-07-20 00:00:00,8.297146668914387,8.347661972045898,8.278202978597635,8.347661972045898,114900,0.0,0.0
2018-07-23 00:00:00,8.347667426534038,8.39186819510806,8.34135285896909,8.366610527038574,73400,0.0,0.0
2018-07-24 00:00:00,8.347658584074845,8.385544744952087,8.29714330144541,8.303457260131836,120400,0.0,0.0
2018-07-25 00:00:00,8.303458315391465,8.353973604440725,8.303458315391465,8.322402000427246,75400,0.0,0.0
2018-07-26 00:00:00,8.379235279694809,8.379235279694809,8.271890095995163,8.297147750854492,137100,0.0,0.0
2018-07-27 00:00:00,8.27188777923584,8.30977394981882,8.27188777923584,8.27188777923584,117800,0.0,0.0
2018-07-30 00:00:00,8.271890231261123,8.27820419343671,8.227688882892002,8.24663257598877,83600,0.0,0.0
2018-07-31 00:00:00,8.2908359580026,8.2908359580026,8.259263728327166,8.278206825256348,90800,0.0,0.0
2018-08-01 00:00:00,8.265578406346766,8.32240830009213,8.259263839888346,8.309779167175293,78300,0.0,0.0
2018-08-02 00:00:00,8.309779167175293,8.35397992800382,8.303464600716874,8.309779167175293,68500,0.0,0.0
2018-08-03 00:00:00,8.309777000527506,8.366606879455345,8.309777000527506,8.328720092773438,74000,0.0,0.0
2018-08-06 00:00:00,8.341346869676793,8.379233645672537,8.341346869676793,8.372919082641602,158900,0.0,0.0
2018-08-07 00:00:00,8.353978275107309,8.398179629380472,8.34134974687932,8.385550498962402,113200,0.0,0.0
2018-08-08 00:00:00,8.372921444267337,8.398179101325262,8.328720092773438,8.328720092773438,128300,0.0,0.0
2018-08-09 00:00:00,8.372919623611653,8.372919623611653,8.316089757041226,8.347661972045898,87300,0.0,0.0
2018-08-10 00:00:00,8.363530195986478,8.363530195986478,8.312765267147329,8.350838661193848,62900,0.065,0.0
2018-08-13 00:00:00,8.3635293548388,8.401602745056152,8.3571835880807,8.401602745056152,76600,0.0,0.0
2018-08-14 00:00:00,8.407949447631836,8.426986144859324,8.395257912703046,8.407949447631836,70400,0.0,0.0
2018-08-15 00:00:00,8.426980395592079,8.433326158727107,8.37621550084242,8.414289474487305,113300,0.0,0.0
2018-08-16 00:00:00,8.426980802875878,8.426980802875878,8.363524983954566,8.388907432556152,114500,0.0,0.0
2018-08-17 00:00:00,8.363524579737646,8.433326158727107,8.363524579737646,8.414289474487305,51000,0.0,0.0
2018-08-20 00:00:00,8.43333191232372,8.439677679788113,8.401603680167442,8.407949447631836,68100,0.0,0.0
2018-08-21 00:00:00,8.41428988115774,8.433326566317602,8.376215905672705,8.388907432556152,68000,0.0,0.0
2018-08-22 00:00:00,8.395253013962297,8.420636069008527,8.357179641723633,8.357179641723633,110400,0.0,0.0
2018-08-23 00:00:00,8.338139703953876,8.382558822631836,8.331793942666996,8.382558822631836,104600,0.0,0.0
2018-08-24 00:00:00,8.388908266112127,8.395253425019021,8.325451835720216,8.33179759979248,85700,0.0,0.0
2018-08-27 00:00:00,8.350838661193848,8.363530195986478,8.33180196417059,8.350838661193848,56000,0.0,0.0
2018-08-28 00:00:00,8.33814012645466,8.36986772416652,8.33814012645466,8.34448528289795,136400,0.0,0.0
2018-08-29 00:00:00,8.363522567723228,8.363522567723228,8.325448603237806,8.34448528289795,100400,0.0,0.0
2018-08-30 00:00:00,8.357184428590163,8.357184428590163,8.312765267147329,8.350838661193848,97400,0.0,0.0
2018-08-31 00:00:00,8.376214402717357,8.376214402717357,8.319103752319899,8.363523483276367,84200,0.0,0.0
2018-09-04 00:00:00,8.382566982939952,8.407949447631836,8.357184518248069,8.407949447631836,163600,0.0,0.0
2018-09-05 00:00:00,8.433329599036721,8.433329599036721,8.395255609859856,8.426983833312988,115000,0.0,0.0
2018-09-06 00:00:00,8.420634847001029,8.446017293198404,8.376215112281685,8.43332576751709,103900,0.0,0.0
2018-09-07 00:00:00,8.420640982560624,8.439677679788113,8.395257912703046,8.407949447631836,73000,0.0,0.0
2018-09-10 00:00:00,8.426980566332086,8.471400304011992,8.414289644970179,8.452363014221191,94200,0.0,0.0
2018-09-11 00:00:00,8.433326158727107,8.45236284296691,8.414289474487305,8.414289474487305,91200,0.0,0.0
2018-09-12 00:00:00,8.458712056766121,8.458712056766121,8.41429290703105,8.426983833312988,62100,0.0,0.0
2018-09-13 00:00:00,8.417419340755481,8.481187913272837,8.417419340755481,8.44930362701416,135800,0.065,0.0
2018-09-14 00:00:00,8.430172054686636,8.43654842448383,8.391910795193043,8.398287773132324,90700,0.0,0.0
2018-09-17 00:00:00,8.37915744745657,8.417418098808076,8.36002651363873,8.398287773132324,114100,0.0,0.0
2018-09-18 00:00:00,8.366399693990292,8.366399693990292,8.309008134871515,8.321762084960938,240600,0.0,0.0
2018-09-19 00:00:00,8.347276655520123,8.379160950403813,8.289885046357947,8.30263900756836,237600,0.0,0.0
2018-09-20 00:00:00,8.315385109916226,8.340892401953258,8.25799355079745,8.321762084960938,150800,0.0,0.0
2018-09-21 00:00:00,8.321763748475226,8.321763748475226,8.25161822524499,8.315386772155762,225900,0.0,0.0
2018-09-24 00:00:00,8.277124505822147,8.296255432430966,8.25799418735519,8.270748138427734,124800,0.0,0.0
2018-09-25 00:00:00,8.270751820212528,8.379158020019531,8.257997863462467,8.379158020019531,152200,0.0,0.0
2018-09-26 00:00:00,8.315388833817522,8.379157396538645,8.315388833817522,8.353650093078613,243700,0.0,0.0
2018-09-27 00:00:00,8.366405526963991,8.411043167114258,8.353652176124873,8.411043167114258,91300,0.0,0.0
2018-09-28 00:00:00,8.385529835329507,8.442921393246092,8.385529835329507,8.436544418334961,125000,0.0,0.0
2018-10-01 00:00:00,8.430168051565628,8.449298368157224,8.411037126832234,8.436544418334961,80200,0.0,0.0
2018-10-02 00:00:00,8.46205319799724,8.474806541003998,8.436545295699998,8.468429565429688,115600,0.0,0.0
2018-10-03 00:00:00,8.455679358301671,8.455679358301671,8.391910795193043,8.398287773132324,129000,0.0,0.0
2018-10-04 00:00:00,8.379156942721377,8.379156942721377,8.257996801741724,8.264373779296875,189900,0.0,0.0
2018-10-05 00:00:00,8.232487291132028,8.25799458636773,8.09219686326472,8.213356971740723,218100,0.0,0.0
2018-10-08 00:00:00,8.213360011685195,8.219736989889851,8.104953814774479,8.149591445922852,188100,0.0,0.0
2018-10-09 00:00:00,8.130456679006544,8.130456679006544,8.066688148071348,8.124079704284668,217200,0.0,0.0
2018-10-10 00:00:00,8.104944988646174,8.104944988646174,8.047553463586748,8.066683769226074,176900,0.0,0.0
2018-10-11 00:00:00,8.101942359266385,8.10835165904212,8.025025260412677,8.057073593139648,253800,0.065,0.0
2018-10-12 00:00:00,8.063486590475238,8.172452675045147,8.057076676963362,8.089125633239746,162100,0.0,0.0
2018-10-15 00:00:00,8.095534400880851,8.133992653942595,8.095534400880851,8.108353614807129,58300,0.0,0.0
2018-10-16 00:00:00,8.133996963500977,8.153226711503075,8.10194860606395,8.133996963500977,93400,0.0,0.0
2018-10-17 00:00:00,8.133987163560425,8.204494932052912,8.101938844735656,8.140397071838379,98000,0.0,0.0
2018-10-18 00:00:00,8.133992346957376,8.166041297487878,8.11476322115223,8.15322208404541,54100,0.0,0.0
2018-10-19 00:00:00,8.15322189257845,8.178860930144177,8.06989486766912,8.082714080810547,124200,0.0,0.0
2018-10-22 00:00:00,8.082714725939725,8.14040271788775,8.06348559905136,8.127583503723145,115300,0.0,0.0
2018-10-23 00:00:00,8.044256472162992,8.133992805163986,8.044256472162992,8.127583503723145,94800,0.0,0.0
2018-10-24 00:00:00,8.127582006399548,8.153221041288264,8.050664901733398,8.050664901733398,137900,0.0,0.0
2018-10-25 00:00:00,8.08271571972787,8.108354762492377,8.044257461222607,8.089125633239746,123000,0.0,0.0
2018-10-26 00:00:00,8.050664714077483,8.127581816950741,8.018615768392925,8.069893836975098,132800,0.0,0.0
2018-10-29 00:00:00,8.044255790853448,8.07630474047495,8.012206841231945,8.0314359664917,119800,0.0,0.0
2018-10-30 00:00:00,8.01220701207791,8.02502683671302,7.9545190237856875,7.986567974090576,173700,0.0,0.0
2018-10-31 00:00:00,7.986567308428041,8.025026167845024,7.948108449011059,8.005796432495117,177600,0.0,0.0
2018-11-01 00:00:00,8.037847058040601,8.063486099243164,7.999388190595276,8.063486099243164,113100,0.0,0.0
2018-11-02 00:00:00,8.050666884283363,8.076305925485926,8.012208016838038,8.063486099243164,140600,0.0,0.0
2018-11-05 00:00:00,8.076309553344386,8.140406879501676,8.057079805342287,8.133996963500977,85800,0.0,0.0
2018-11-06 00:00:00,8.114764406935345,8.114764406935345,8.07630614970528,8.095535278320312,98000,0.0,0.0
2018-11-07 00:00:00,8.121167958287018,8.153216888394285,8.082709119901798,8.140397071838379,78100,0.0,0.0
2018-11-08 00:00:00,8.127586381683223,8.198093612762301,8.101947332992363,8.178864479064941,63700,0.0,0.0
2018-11-09 00:00:00,8.207849914229687,8.207849914229687,8.162752033579675,8.188522338867188,108900,0.065,0.0
2018-11-12 00:00:00,8.182079608942173,8.207849914229687,8.143424458217176,8.188522338867188,97700,0.0,0.0
2018-11-13 00:00:00,8.162753734848765,8.330261061335502,8.162753734848765,8.29804801940918,81500,0.0,0.0
2018-11-14 00:00:00,8.298049264530606,8.343147161346788,8.25939348553619,8.304491996765137,89100,0.0,0.0
2018-11-15 00:00:00,8.323819695271357,8.343147277832031,8.285163915737238,8.343147277832031,130300,0.0,0.0
2018-11-16 00:00:00,8.336701393127441,8.343144123015716,8.298046242622874,8.336701393127441,67400,0.0,0.0
2018-11-19 00:00:00,8.33670442911226,8.33670442911226,8.27872168223978,8.304491996765137,121500,0.0,0.0
2018-11-20 00:00:00,8.259390996247054,8.291604033298286,8.227178573608398,8.227178573608398,97900,0.0,0.0
2018-11-21 00:00:00,8.207858085632324,8.259398747519093,8.188530491028073,8.207858085632324,86500,0.0,0.0
2018-11-23 00:00:00,8.207858085632324,8.29161181480161,8.188530491028073,8.207858085632324,51700,0.0,0.0
2018-11-26 00:00:00,8.22073766048771,8.381802266934196,8.2142949287708,8.375359535217285,141000,0.0,0.0
2018-11-27 00:00:00,8.362474769925164,8.426900863647461,8.336704455318799,8.426900863647461,76000,0.0,0.0
2018-11-28 00:00:00,8.471998340672755,8.471998340672755,8.39468740068574,8.44622802734375,157300,0.0,0.0
2018-11-29 00:00:00,8.478441785845474,8.52998241683927,8.414016304309625,8.433343887329102,185500,0.0,0.0
2018-11-30 00:00:00,8.420458131392678,8.504211807466557,8.394687816786313,8.426900863647461,142600,0.0,0.0
2018-12-03 00:00:00,8.49776463186856,8.49776463186856,8.349585553965584,8.49132251739502,134200,0.0,0.0
2018-12-04 00:00:00,8.491327849631837,8.594409118888997,8.484885116700056,8.568638801574707,176000,0.0,0.0
2018-12-06 00:00:00,8.50421496687374,8.581525939414693,8.48488737734175,8.555755615234375,176500,0.0,0.0
2018-12-07 00:00:00,8.568644225299192,8.69105315642047,8.56220148828933,8.678168296813965,269900,0.0,0.0
2018-12-10 00:00:00,8.678168296813965,8.678168296813965,8.607299418531925,8.678168296813965,133800,0.0,0.0
2018-12-11 00:00:00,8.678163078101024,8.684605196823625,8.613736975572222,8.639507293701172,138100,0.0,0.0
2018-12-12 00:00:00,8.642740958543547,8.688058502532726,8.603896908406226,8.61684513092041,152700,0.065,0.0
2018-12-13 00:00:00,8.616848536970023,8.616848536970023,8.45499939599873,8.467947006225586,208800,0.0,0.0
2018-12-14 00:00:00,8.467944005495575,8.565053208704207,8.454996399856878,8.48736572265625,177400,0.0,0.0
2018-12-17 00:00:00,8.506786594593033,8.56505173605714,8.435572614906096,8.532682418823242,220700,0.0,0.0
2018-12-18 00:00:00,8.526214794082586,8.558584753344615,8.493844834820559,8.513266563415527,113400,0.0,0.0
2018-12-19 00:00:00,8.513260087596723,8.56505173605714,8.500312484184194,8.532682418823242,126400,0.0,0.0
2018-12-20 00:00:00,8.532684690942325,8.558580522068183,8.403204917907715,8.403204917907715,204500,0.0,0.0
2018-12-21 00:00:00,8.3708403729435,8.474423756607147,8.3708403729435,8.44205379486084,168600,0.0,0.0
2018-12-24 00:00:00,8.422625083882542,8.53915598521744,8.163666221949661,8.474416732788086,176900,0.0,0.0
2018-12-26 00:00:00,8.519738812477135,8.590952830735096,8.435577183793944,8.552108764648438,223700,0.0,0.0
2018-12-27 00:00:00,8.668640709646299,8.70748415995917,8.590953191615048,8.662166595458984,380400,0.0,0.0
2018-12-28 00:00:00,8.720428630256821,8.720428630256821,8.571527155145352,8.603897094726562,172700,0.0,0.0
2018-12-31 00:00:00,8.61684513092041,8.726901935264815,8.57800108078309,8.61684513092041,216600,0.0,0.0
2019-01-02 00:00:00,8.623321711907858,8.791644960420316,8.623321711907858,8.74632740020752,174400,0.0,0.0
2019-01-03 00:00:00,8.752797805171767,8.934068586622931,8.739849583508374,8.791641235351562,187700,0.0,0.0
2019-01-04 00:00:00,8.791644431247308,8.83696198873242,8.681586976721682,8.75927448272705,221100,0.0,0.0
2019-01-07 00:00:00,8.824014379767565,8.824014379767565,8.71395692524194,8.75927448272705,194600,0.0,0.0
2019-01-08 00:00:00,8.765749592781438,8.84343710762168,8.739853754501356,8.79811954498291,142800,0.0,0.0
2019-01-09 00:00:00,8.77222368970979,8.901702880859375,8.746327851479872,8.901702880859375,187400,0.0,0.0
2019-01-10 00:00:00,8.875804087850643,8.882278199604244,8.811064205125186,8.856382369995117,236200,0.0,0.0
2019-01-11 00:00:00,8.846623317934522,8.91167164476548,8.820603863131593,8.905166625976562,141400,0.065,0.0
2019-01-14 00:00:00,8.905171915931268,8.905171915931268,8.80759905754709,8.814104080200195,130900,0.0,0.0
2019-01-15 00:00:00,8.82711484978952,8.866144371300429,8.762066474408938,8.781580924987793,139000,0.0,0.0
2019-01-16 00:00:00,8.781579776813183,8.78808479960668,8.71002638714405,8.72303581237793,144800,0.0,0.0
2019-01-17 00:00:00,8.68400229000799,8.749050622229777,8.638467775064672,8.651477813720703,201700,0.0,0.0
2019-01-18 00:00:00,8.657990866055973,8.684010347156491,8.56692237202748,8.618961334228516,222300,0.0,0.0
2019-01-22 00:00:00,8.61245191526427,8.631966981399163,8.56691800165561,8.592937469482422,185800,0.0,0.0
2019-01-23 00:00:00,8.56691800165561,8.61245191526427,8.56691800165561,8.592937469482422,170900,0.0,0.0
2019-01-24 00:00:00,8.612449861195778,8.703518287046332,8.60594484070226,8.67099380493164,127200,0.0,0.0
2019-01-25 00:00:00,8.664489720042553,8.723033670100078,8.605945769985027,8.684004783630371,165300,0.0,0.0
2019-01-28 00:00:00,8.670993425430552,8.710022926330566,8.59944006419221,8.710022926330566,131600,0.0,0.0
2019-01-29 00:00:00,8.697013125332147,8.749052047729492,8.677498684521364,8.749052047729492,110600,0.0,0.0
2019-01-30 00:00:00,8.762066841125488,8.79459134035362,8.73604736581363,8.762066841125488,125800,0.0,0.0
2019-01-31 00:00:00,8.794585819038513,8.827109677494665,8.729536861420536,8.820605278015137,120500,0.0,0.0
2019-02-01 00:00:00,8.853136259558623,8.950709774491628,8.729543885067484,8.775077819824219,322200,0.0,0.0
2019-02-04 00:00:00,8.788082575971242,8.885655411772543,8.788082575971242,8.879150390625,135200,0.0,0.0
2019-02-05 00:00:00,8.885652177454912,8.924681669780735,8.885652177454912,8.918176651000977,174200,0.0,0.0
2019-02-06 00:00:00,8.924688171869603,9.009251616557043,8.918183148350602,8.996241569519043,191200,0.0,0.0
2019-02-07 00:00:00,8.996240457326971,9.113328384780816,8.95721156174443,9.067793846130371,359800,0.0,0.0
2019-02-08 00:00:00,9.071062252839836,9.077597749812591,9.018779523576379,9.038385391235352,158200,0.065,0.0
2019-02-11 00:00:00,9.097203976537887,9.136415713403519,9.057991616412938,9.116809844970703,120100,0.0,0.0
2019-02-12 00:00:00,9.129875812057302,9.13641068243026,8.973027081185721,9.005703926086426,185600,0.0,0.0
2019-02-13 00:00:00,9.018777364630248,9.031847732187636,8.881535077352385,8.920746803283691,218600,0.0,0.0
2019-02-14 00:00:00,8.894605099200172,8.894605099200172,8.809645531972299,8.848857879638672,183500,0.0,0.0
2019-02-15 00:00:00,8.842326027292437,8.89460876354731,8.835791152705111,8.881538391113281,96900,0.0,0.0
2019-02-19 00:00:00,8.901140032561266,9.057988166809082,8.901140032561266,9.057988166809082,185800,0.0,0.0
2019-02-20 00:00:00,9.057987978332068,9.162554022247239,9.044917612379592,9.084129333496094,318500,0.0,0.0
2019-02-21 00:00:00,9.084128602205038,9.097199590364342,9.018775531185566,9.064522743225098,119000,0.0,0.0
2019-02-22 00:00:00,9.07106261087436,9.175628073528468,9.07106261087436,9.116809844970703,138700,0.0,0.0
2019-02-25 00:00:00,9.129877748785226,9.149483610581065,9.103736391971074,9.136412620544434,107500,0.0,0.0
2019-02-26 00:00:00,9.136410019389901,9.26711738950712,9.129875149491186,9.24751091003418,202300,0.0,0.0
2019-02-27 00:00:00,9.267122368588563,9.384758192335465,9.116809061496319,9.358616828918457,230100,0.0,0.0
2019-02-28 00:00:00,9.339008401724985,9.410896975597485,9.24097847160257,9.352079391479492,205700,0.0,0.0
2019-03-01 00:00:00,9.34554213868619,9.384753854055711,9.267118084688168,9.319400787353516,150600,0.0,0.0
2019-03-04 00:00:00,9.306331599342638,9.319402589165607,9.280190242955797,9.299796104431152,174800,0.0,0.0
2019-03-05 00:00:00,9.31286907196045,9.31286907196045,9.299798079361688,9.31286907196045,103900,0.0,0.0
2019-03-06 00:00:00,9.312868187109958,9.34554504224288,9.29979719575312,9.325939178466797,178500,0.0,0.0
2019-03-07 00:00:00,9.312869038145768,9.332474903713491,9.299798045594466,9.306333541870117,174500,0.0,0.0
2019-03-08 00:00:00,9.303050879184548,9.349007881229069,9.289919949390574,9.316181182861328,135200,0.065,0.0
2019-03-11 00:00:00,9.329313372082577,9.329313372082577,9.211137492452226,9.243964195251465,172400,0.0,0.0
2019-03-12 00:00:00,9.257094266998271,9.355573740131716,9.230833032421536,9.270224571228027,211300,0.0,0.0
2019-03-13 00:00:00,9.263657669033163,9.342441360542074,9.263657669033163,9.289918899536133,132200,0.0,0.0
2019-03-14 00:00:00,9.309613227844238,9.31617806442656,9.243959853085125,9.309613227844238,98900,0.0,0.0
2019-03-15 00:00:00,9.316181765222385,9.335878161144583,9.289920530110024,9.322747230529785,143700,0.0,0.0
2019-03-18 00:00:00,9.316180130039102,9.322745594194126,9.27678859734321,9.289918899536133,59700,0.0,0.0
2019-03-19 00:00:00,9.303051460724822,9.322747230529785,9.289920530110024,9.322747230529785,54800,0.0,0.0
2019-03-20 00:00:00,9.335874557495117,9.36870124524377,9.303047869746464,9.335874557495117,96800,0.0,0.0
2019-03-21 00:00:00,9.375265494123333,9.375265494123333,9.32274304746515,9.32930850982666,109000,0.0,0.0
2019-03-22 00:00:00,9.335877577552289,9.355573346126056,9.289919949390574,9.316181182861328,158400,0.0,0.0
2019-03-25 00:00:00,9.36870124524377,9.375266081899907,9.303047869746464,9.335874557495117,128500,0.0,0.0
2019-03-26 00:00:00,9.342436786235906,9.3686986299975,9.28991435094635,9.303045272827148,210900,0.0,0.0
2019-03-27 00:00:00,9.316184710406139,9.349011421203613,9.270227690960134,9.349011421203613,202400,0.0,0.0
2019-03-28 00:00:00,9.349007881229069,9.355573346126056,9.283355110610781,9.316181182861328,165000,0.0,0.0
2019-03-29 00:00:00,9.309613332519593,9.335874557495117,9.27678664477094,9.335874557495117,207000,0.0,0.0
2019-04-01 00:00:00,9.349011421203613,9.355576888586594,9.32275017778912,9.349011421203613,208600,0.0,0.0
2019-04-02 00:00:00,9.34243880843273,9.368700657878774,9.303047286497568,9.32930850982666,141500,0.0,0.0
2019-04-03 00:00:00,9.322746647758315,9.342442416332082,9.276789645713794,9.316181182861328,181500,0.0,0.0
2019-04-04 00:00:00,9.322745594194126,9.322745594194126,9.270223133188185,9.289918899536133,116900,0.0,0.0
2019-04-05 00:00:00,9.296485414287561,9.316181182861328,9.276789645713794,9.316181182861328,109600,0.0,0.0
2019-04-08 00:00:00,9.303051460724822,9.342443000334749,9.303051460724822,9.322747230529785,127900,0.0,0.0
2019-04-09 00:00:00,9.322743631948859,9.375266081899907,9.309613332519593,9.335874557495117,106700,0.0,0.0
2019-04-10 00:00:00,9.36555613293719,9.36555613293719,9.25343322599914,9.260028839111328,179700,0.065,0.0
2019-04-11 00:00:00,9.325980495183915,9.372148513058663,9.286407459154079,9.36555290222168,108900,0.0,0.0
2019-04-12 00:00:00,9.398532866385146,9.424914687867942,9.372151044902353,9.405128479003906,137100,0.0,0.0
2019-04-15 00:00:00,9.39853539249571,9.457894664034468,9.378749178313594,9.424917221069336,106800,0.0,0.0
2019-04-16 00:00:00,9.444696430536462,9.464483259035967,9.372146613014095,9.457887649536133,83900,0.0,0.0
2019-04-17 00:00:00,9.431512217973777,9.464489658779856,9.391939163208008,9.391939163208008,107600,0.0,0.0
2019-04-18 00:00:00,9.391932812521661,9.471078239543862,9.372146613014095,9.457887649536133,139100,0.0,0.0
2019-04-22 00:00:00,9.438108787225806,9.457895002115198,9.391940113827316,9.39853572845459,107500,0.0,0.0
2019-04-23 00:00:00,9.405129392064858,9.517252301499818,9.405129392064858,9.484274864196777,107000,0.0,0.0
2019-04-24 00:00:00,9.484275110967145,9.61618423461914,9.477679497536466,9.61618423461914,171900,0.0,0.0
2019-04-25 00:00:00,9.464486121976739,9.497462921467283,9.444699287491854,9.451294898986816,282000,0.0,0.0
2019-04-26 00:00:00,9.46448547593201,9.517249106305801,9.43150804970037,9.504057884216309,114200,0.0,0.0
2019-04-29 00:00:00,9.490868243201751,9.523845043749393,9.477677019788972,9.517250061035156,46800,0.0,0.0
2019-04-30 00:00:00,9.52384534654998,9.556822777138258,9.471081709205606,9.550227165222168,92600,0.0,0.0
2019-05-01 00:00:00,9.589797021754592,9.675538061201912,9.550223992397383,9.66894245147705,85000,0.0,0.0
2019-05-02 00:00:00,9.675543453100653,9.72830710231927,9.635970401690532,9.701925277709961,100800,0.0,0.0
2019-05-03 00:00:00,9.728305850736584,9.741497075840295,9.635969161987305,9.635969161987305,159500,0.0,0.0
2019-05-06 00:00:00,9.629370051111803,9.70851548083426,9.622774441386941,9.66894245147705,105800,0.0,0.0
2019-05-07 00:00:00,9.715113638902453,9.73490047454834,9.68213683747698,9.73490047454834,119500,0.0,0.0
2019-05-08 00:00:00,9.734899198964493,9.847022070297484,9.695326161850225,9.767876625061035,238400,0.0,0.0
2019-05-09 00:00:00,9.781064669233256,9.807446477437173,9.734896662124381,9.74149227142334,100600,0.0,0.0
2019-05-10 00:00:00,9.784555751854969,9.784555751854969,9.731558255533693,9.73818302154541,121000,0.065,0.0
2019-05-13 00:00:00,9.804428056163529,9.83755124984844,9.724932770383168,9.824301719665527,154300,0.0,0.0
2019-05-14 00:00:00,9.857430051137122,9.857430051137122,9.784559492467386,9.850805282592773,75800,0.0,0.0
2019-05-15 00:00:00,9.883925254191396,9.936922121631632,9.844177287724973,9.917048454284668,101500,0.0,0.0
2019-05-16 00:00:00,9.917048589934375,10.003168658645869,9.857426955305455,9.903799057006836,129000,0.0,0.0
2019-05-17 00:00:00,9.950174915439906,9.950174915439906,9.837556377276776,9.850805282592773,94200,0.0,0.0
2019-05-20 00:00:00,9.85080187711745,9.870675544107362,9.830928210127537,9.857426643371582,52000,0.0,0.0
2019-05-21 00:00:00,9.87067263712513,9.890546930034407,9.837550079154264,9.877297401428223,76900,0.0,0.0
2019-05-22 00:00:00,9.877303724997468,9.92367584126251,9.837556377276776,9.850805282592773,83700,0.0,0.0
2019-05-23 00:00:00,9.857428905949643,9.903801016827401,9.857428905949643,9.883927345275879,57100,0.0,0.0
2019-05-24 00:00:00,9.883922987526466,9.917046180023645,9.837550897093823,9.890547752380371,66800,0.0,0.0
2019-05-28 00:00:00,9.89717690391442,9.963423322499622,9.80443267602234,9.837555885314941,205700,0.0,0.0
2019-05-29 00:00:00,9.877306932257854,9.970051826675833,9.870682161562376,9.950178146362305,211200,0.0,0.0
2019-05-30 00:00:00,9.970046451748054,9.98329535422352,9.870676840205508,9.97667121887207,161800,0.0,0.0
2019-05-31 00:00:00,9.996543065156587,10.02966626296261,9.943546201375927,9.983293533325195,111600,0.0,0.0
2019-06-03 00:00:00,9.963422105876639,10.12241273293974,9.963422105876639,10.1025390625,162900,0.0,0.0
2019-06-04 00:00:00,10.135659263303609,10.168782458733086,10.076037637885028,10.115785598754883,287700,0.0,0.0
2019-06-05 00:00:00,10.115785912869825,10.162158008847594,10.06278841947354,10.069413185119629,102200,0.0,0.0
2019-06-06 00:00:00,10.102536381577647,10.182031674013436,10.06278841947354,10.069413185119629,209800,0.0,0.0
2019-06-07 00:00:00,10.069412872444651,10.201905022390159,10.069412872444651,10.115785598754883,139100,0.0,0.0
2019-06-10 00:00:00,10.18203348918918,10.20190715789795,10.102538182581572,10.20190715789795,62600,0.0,0.0
2019-06-11 00:00:00,10.201901140820734,10.274772269394417,10.175402720913622,10.248273849487305,134500,0.0,0.0
2019-06-12 00:00:00,10.19838464435267,10.25825784583406,10.18507984093358,10.238300323486328,87200,0.065,0.0
2019-06-13 00:00:00,10.251603692370749,10.251603692370749,10.185078415707975,10.191730499267578,88000,0.0,0.0
2019-06-14 00:00:00,10.17843068112042,10.27821896219047,10.171777959865505,10.20504093170166,88300,0.0,0.0
2019-06-17 00:00:00,10.198383764889662,10.218341285516345,10.098595527318102,10.111900329589844,153300,0.0,0.0
2019-06-18 00:00:00,10.14516213457034,10.211688041687012,10.111899181012003,10.211688041687012,120700,0.0,0.0
2019-06-19 00:00:00,10.198384129375649,10.24495189064827,10.131858212324905,10.151816368103027,346900,0.0,0.0
2019-06-20 00:00:00,10.198387470671873,10.198387470671873,10.005463009342701,10.065336227416992,157900,0.0,0.0
2019-06-21 00:00:00,10.138512787187938,10.138512787187938,9.938935633933095,9.978851318359375,186200,0.0,0.0
2019-06-24 00:00:00,9.952241073554616,10.058682052773657,9.938935633933095,9.978851318359375,161100,0.0,0.0
2019-06-25 00:00:00,9.985505345201677,10.018768314171082,9.84580138308086,9.885716438293457,166400,0.0,0.0
2019-06-26 00:00:00,9.865758256233802,9.865758256233802,9.732707023620605,9.732707023620605,249900,0.0,0.0
2019-06-27 00:00:00,9.825843714689228,9.879064210502387,9.752665057117369,9.83914852142334,253200,0.0,0.0
2019-06-28 00:00:00,9.87241115655888,9.965546703867863,9.845800909550837,9.952241897583008,68600,0.0,0.0
2019-07-01 00:00:00,9.978847062095818,10.052025045486836,9.95888954561427,10.04537296295166,170400,0.0,0.0
2019-07-02 00:00:00,10.111898958685433,10.111898958685433,9.985500499268515,10.032068252563477,177300,0.0,0.0
2019-07-03 00:00:00,10.078634465726466,10.1052446970341,10.052024234418832,10.071982383728027,48300,0.0,0.0
2019-07-05 00:00:00,10.052030939533276,10.138514407580578,10.052030939533276,10.131861686706543,150800,0.0,0.0
2019-07-08 00:00:00,10.178428259299361,10.178428259299361,10.065334562628614,10.098597526550293,133800,0.0,0.0
2019-07-09 00:00:00,10.07198327396392,10.131855823869603,10.065330556939506,10.105245590209961,141500,0.0,0.0
2019-07-10 00:00:00,10.125203741283205,10.151813974942847,10.058677839915092,10.105245590209961,172600,0.0,0.0
2019-07-11 00:00:00,10.101909029891448,10.1754015254922,10.028416534290695,10.13531494140625,249400,0.065,0.0
2019-07-12 00:00:00,10.12195166680666,10.19544479481545,10.075183776011777,10.182082176208496,106200,0.0,0.0
2019-07-15 00:00:00,10.155359531530094,10.195446757904849,10.10859163173025,10.168722152709961,50800,0.0,0.0
2019-07-16 00:00:00,10.155356188193517,10.168718804974157,10.121950283406555,10.128631591796875,98000,0.0,0.0
2019-07-17 00:00:00,10.148673701727976,10.148673701727976,10.088543844688985,10.101905822753906,119000,0.0,0.0
2019-07-18 00:00:00,10.081864057452579,10.188762446750832,10.081864057452579,10.16203784942627,114300,0.0,0.0
2019-07-19 00:00:00,10.188762664794922,10.19544397356021,10.095226253574898,10.188762664794922,73600,0.0,0.0
2019-07-22 00:00:00,10.188764097296206,10.288981194206984,10.141996203693143,10.228851318359375,116000,0.0,0.0
2019-07-23 00:00:00,10.228851954517545,10.309025764465332,10.215489334277178,10.309025764465332,96600,0.0,0.0
2019-07-24 00:00:00,10.295664643443475,10.389201087252076,10.255578051214714,10.369157791137695,96400,0.0,0.0
2019-07-25 00:00:00,10.415922686835357,10.442647286326032,10.309024288872651,10.362473487854004,97200,0.0,0.0
2019-07-26 00:00:00,10.4092436368951,10.4092436368951,10.322388510408176,10.395881652832031,78600,0.0,0.0
2019-07-29 00:00:00,10.382519031604113,10.449330863414009,10.349113115699165,10.395881652832031,121100,0.0,0.0
2019-07-30 00:00:00,10.375838551144355,10.50278091430664,10.375838551144355,10.50278091430664,118200,0.0,0.0
2019-07-31 00:00:00,10.502780039129743,10.542866628350724,10.456011502152135,10.522823333740234,82100,0.0,0.0
2019-08-01 00:00:00,10.582953854736553,10.636403065141094,10.489417417946184,10.522823333740234,99300,0.0,0.0
2019-08-02 00:00:00,10.496095330572487,10.810109817914958,10.496095330572487,10.669805526733398,336400,0.0,0.0
2019-08-05 00:00:00,10.770022771856079,10.823471962625595,10.643080465905015,10.709892272949219,260200,0.0,0.0
2019-08-06 00:00:00,10.72325500334619,10.76334285736084,10.589632646285533,10.76334285736084,215000,0.0,0.0
2019-08-07 00:00:00,10.76334420593797,10.76334420593797,10.649763850159669,10.703213691711426,179700,0.0,0.0
2019-08-08 00:00:00,10.689849732663374,10.76334285736084,10.636400534973234,10.76334285736084,175600,0.0,0.0
2019-08-09 00:00:00,10.706328753458562,10.706328753458562,10.625830117988501,10.659371376037598,123900,0.065,0.0
2019-08-12 00:00:00,10.659365985628142,10.753281332723645,10.6459492332948,10.733156204223633,120200,0.0,0.0
2019-08-13 00:00:00,10.753281332723645,10.759989708890316,10.66607372204885,10.733156204223633,143000,0.0,0.0
2019-08-14 00:00:00,10.719744872830429,10.746578391066734,10.659371376037598,10.659371376037598,111300,0.0,0.0
2019-08-15 00:00:00,10.666079115850389,10.699620373899485,10.639246237360368,10.659371376037598,104700,0.0,0.0
2019-08-16 00:00:00,10.659364821204637,10.719738280871619,10.565449484368395,10.572157859802246,128600,0.0,0.0
2019-08-19 00:00:00,10.531908265582441,10.719738299841417,10.391035579951737,10.525199890136719,163300,0.0,0.0
2019-08-20 00:00:00,10.451408121971538,10.66607098627781,10.384325657002927,10.645946502685547,130800,0.0,0.0
2019-08-21 00:00:00,10.659362250365856,10.679486732067868,10.612404273400175,10.666069984436035,109400,0.0,0.0
2019-08-22 00:00:00,10.659363760596278,10.659363760596278,10.53861557378499,10.612405776977539,124600,0.0,0.0
2019-08-23 00:00:00,10.632529394847927,10.666069984436035,10.59898816551408,10.666069984436035,103400,0.0,0.0
2019-08-26 00:00:00,10.619121738429424,10.666079115850389,10.619121738429424,10.659371376037598,53300,0.0,0.0
2019-08-27 00:00:00,10.659371376037598,10.672787495409464,10.625830117988501,10.659371376037598,57600,0.0,0.0
2019-08-28 00:00:00,10.666075010974735,10.692907879138033,10.645950519788771,10.686200141906738,111900,0.0,0.0
2019-08-29 00:00:00,10.726449124278666,10.726449124278666,10.65936727374344,10.686200141906738,110100,0.0,0.0
2019-08-30 00:00:00,10.679489085031044,10.706321946460935,10.652656223601152,10.699613571166992,64900,0.0,0.0
2019-09-03 00:00:00,10.699614420144737,10.713031171797196,10.605699717561246,10.619115829467773,169800,0.0,0.0
2019-09-04 00:00:00,10.632531959215124,10.659364821204637,10.572157859802246,10.572157859802246,133700,0.0,0.0
2019-09-05 00:00:00,10.60569559157787,10.60569559157787,10.417864979991649,10.478239059448242,217900,0.0,0.0
2019-09-06 00:00:00,10.478244495020961,10.511785738756945,10.464828381374176,10.505077362060547,77100,0.0,0.0
2019-09-09 00:00:00,10.48495091695417,10.525199890136719,10.451409679471451,10.525199890136719,89000,0.0,0.0
2019-09-10 00:00:00,10.525195934864024,10.531904307788801,10.46482249777799,10.491655349731445,84300,0.0,0.0
2019-09-11 00:00:00,10.511779828760123,10.511779828760123,10.471530230957113,10.491655349731445,132300,0.0,0.0
2019-09-12 00:00:00,10.51523748388593,10.51523748388593,10.306415057495446,10.319887161254883,309800,0.065,0.0
2019-09-13 00:00:00,10.306416527040524,10.319888632720886,10.077384948730469,10.077384948730469,305300,0.0,0.0
2019-09-16 00:00:00,10.010021020670072,10.124536792980555,10.010021020670072,10.023493766784668,259800,0.0,0.0
2019-09-17 00:00:00,10.050438999682031,10.084120223836424,9.99654929800137,10.030230522155762,157500,0.0,0.0
2019-09-18 00:00:00,10.077380993165079,10.171688265574154,10.036963407156692,10.158215522766113,96500,0.0,0.0
2019-09-19 00:00:00,10.198636387807692,10.259261822688764,10.178427267098058,10.232316970825195,56800,0.0,0.0
2019-09-20 00:00:00,10.245788984538242,10.319887161254883,10.245788984538242,10.319887161254883,40000,0.0,0.0
2019-09-23 00:00:00,10.326620101928711,10.367037684604613,10.28620316166849,10.326620101928711,49800,0.0,0.0
2019-09-24 00:00:00,10.340095403650809,10.38051235391755,10.299677810968225,10.36030387878418,67800,0.0,0.0
2019-09-25 00:00:00,10.360303762642001,10.380512237548828,10.30641406794657,10.380512237548828,67500,0.0,0.0
2019-09-26 00:00:00,10.407458641048814,10.474821090698242,10.387250163120358,10.474821090698242,87600,0.0,0.0
2019-09-27 00:00:00,10.461345528960779,10.575861277102417,10.461345528960779,10.542180061340332,104100,0.0,0.0
2019-09-30 00:00:00,10.575860296007363,10.602805137634277,10.548915454380449,10.602805137634277,82200,0.0,0.0
2019-10-01 00:00:00,10.57586393744662,10.717324565299005,10.542182713212068,10.683643341064453,212400,0.0,0.0
2019-10-02 00:00:00,10.683641099926149,10.79815749526756,10.683641099926149,10.777948379516602,102800,0.0,0.0
2019-10-03 00:00:00,10.757743281721183,10.845314216872454,10.73079842801433,10.831841468811035,73700,0.0,0.0
2019-10-04 00:00:00,10.78468132019043,10.825098254001768,10.77794495041668,10.78468132019043,67000,0.0,0.0
2019-10-07 00:00:00,10.784684751433588,10.838574441937908,10.777948379516602,10.777948379516602,94400,0.0,0.0
2019-10-08 00:00:00,10.804895161131457,10.83183936719455,10.777949670236637,10.811630249023438,57700,0.0,0.0
2019-10-09 00:00:00,10.804895972533776,10.845312927079425,10.72406077861066,10.7981595993042,107800,0.0,0.0
2019-10-10 00:00:00,10.747429473111673,10.80153856809646,10.591865341256943,10.767720222473145,190400,0.065,0.0
2019-10-11 00:00:00,10.713611089533316,10.713611089533316,10.639210600419345,10.673028945922852,90600,0.0,0.0
2019-10-14 00:00:00,10.61891854832376,10.706845977832787,10.558045662892034,10.571573257446289,112700,0.0,0.0
2019-10-15 00:00:00,10.612159729003906,10.63921428577197,10.585105172235842,10.612159729003906,79800,0.0,0.0
2019-10-16 00:00:00,10.605396612975015,10.666269527187128,10.591869012024983,10.5986328125,79000,0.0,0.0
2019-10-17 00:00:00,10.591866529469216,10.605394127248605,10.564811978941801,10.578339576721191,86600,0.0,0.0
2019-10-18 00:00:00,10.57834193212227,10.57834193212227,10.416013947782043,10.443068504333496,235200,0.0,0.0
2019-10-21 00:00:00,10.456594208849681,10.463358008018824,10.321321450623769,10.334848403930664,127800,0.0,0.0
2019-10-22 00:00:00,10.355138606226303,10.443065405150909,10.3416110094494,10.416010856628418,97000,0.0,0.0
2019-10-23 00:00:00,10.429540417464416,10.53099483227151,10.429540417464416,10.497177124023438,80600,0.0,0.0
2019-10-24 00:00:00,10.517466676776666,10.605394127248605,10.497175925138945,10.578339576721191,101600,0.0,0.0
2019-10-25 00:00:00,10.56481318555102,10.57157698521321,10.449831171419548,10.497177124023438,86600,0.0,0.0
2019-10-28 00:00:00,10.47011916378486,10.47011916378486,10.355137825012207,10.355137825012207,178500,0.0,0.0
2019-10-29 00:00:00,10.375429356360343,10.456593001927812,10.334847211060948,10.416010856628418,66000,0.0,0.0
2019-10-30 00:00:00,10.355143897246167,10.544525833669379,10.355143897246167,10.530998229980469,56000,0.0,0.0
2019-10-31 00:00:00,10.598630776050987,10.639212281040614,10.517467121040344,10.537757873535156,67100,0.0,0.0
2019-11-01 00:00:00,10.612155125237337,10.652737265299839,10.497173792627914,10.55128288269043,94100,0.0,0.0
2019-11-04 00:00:00,10.510707676835452,10.65274429321289,10.483653113955542,10.65274429321289,115400,0.0,0.0
2019-11-05 00:00:00,10.585106881276532,10.700088927363353,10.57834372476619,10.666271209716797,106300,0.0,0.0
2019-11-06 00:00:00,10.645977455687973,10.808304786682129,10.645977455687973,10.808304786682129,56400,0.0,0.0
2019-11-07 00:00:00,10.760953749566992,10.760953749566992,10.57157196419355,10.700080871582031,167000,0.0,0.0
2019-11-08 00:00:00,10.628776493880224,10.730650142108878,10.574444140568705,10.62198543548584,156300,0.065,0.0
2019-11-11 00:00:00,10.594815685858073,10.696688652038574,10.594815685858073,10.696688652038574,53800,0.0,0.0
2019-11-12 00:00:00,10.689897702238888,10.689897702238888,10.581233024597168,10.581233024597168,85100,0.0,0.0
2019-11-13 00:00:00,10.567650656797985,10.642357463532216,10.520109372792026,10.54727554321289,75400,0.0,0.0
2019-11-14 00:00:00,10.533693500624265,10.696690534271696,10.526901795632464,10.649149894714355,114000,0.0,0.0
2019-11-15 00:00:00,10.676317462251417,10.676317462251417,10.567652758951999,10.574443817138672,68600,0.0,0.0
2019-11-18 00:00:00,10.601608833435602,10.642358416562347,10.581234365718554,10.635566711425781,76100,0.0,0.0
2019-11-19 00:00:00,10.65593966065767,10.68310582964007,10.594816266216691,10.601607322692871,117200,0.0,0.0
2019-11-20 00:00:00,10.615193729398715,10.662734376623108,10.574444140568705,10.62198543548584,125800,0.0,0.0
2019-11-21 00:00:00,10.601609379055963,10.635567258793813,10.53369426727295,10.53369426727295,106000,0.0,0.0
2019-11-22 00:00:00,10.554065704345703,10.588023574329034,10.526899537897538,10.554065704345703,112500,0.0,0.0
2019-11-25 00:00:00,10.540485972759056,10.581234910290329,10.526902561786843,10.53369426727295,107200,0.0,0.0
2019-11-26 00:00:00,10.588021071831594,10.588021071831594,10.54048045370674,10.5608549118042,73500,0.0,0.0
2019-11-27 00:00:00,10.540482521057129,10.56085698315072,10.526899114533085,10.540482521057129,124200,0.0,0.0
2019-11-29 00:00:00,10.540484094327809,10.581233024597168,10.540484094327809,10.581233024597168,28800,0.0,0.0
2019-12-02 00:00:00,10.56765308217432,10.62198543548584,10.540486905518561,10.62198543548584,146300,0.0,0.0
2019-12-03 00:00:00,10.60160995529387,10.662734012605787,10.588027191276066,10.615193367004395,153900,0.0,0.0
2019-12-04 00:00:00,10.57444056623543,10.703480347502294,10.57444056623543,10.6083984375,99300,0.0,0.0
2019-12-05 00:00:00,10.621983948845301,10.683107351996442,10.621983948845301,10.635566711425781,50300,0.0,0.0
2019-12-06 00:00:00,10.635566347848727,10.676315929582447,10.621983585732572,10.628774642944336,96500,0.0,0.0
2019-12-09 00:00:00,10.628774779738949,10.7102739442553,10.628774779738949,10.649149894714355,223400,0.0,0.0
2019-12-10 00:00:00,10.66272867565694,10.69668654024381,10.628770811070067,10.669520378112793,179100,0.0,0.0
2019-12-11 00:00:00,10.67293148171249,10.700210514462304,10.611554145812988,10.611554145812988,134300,0.065,0.0
2019-12-12 00:00:00,10.611552433110315,10.618371702409558,10.536534617368604,10.604732513427734,141300,0.0,0.0
2019-12-13 00:00:00,10.597915378676237,10.720671363687279,10.584276186110293,10.652473449707031,98700,0.0,0.0
2019-12-16 00:00:00,10.638831578284925,10.761586882002693,10.638831578284925,10.747947692871094,127800,0.0,0.0
2019-12-17 00:00:00,10.747947953482022,10.802506012098004,10.727488193713508,10.761587142944336,54800,0.0,0.0
2019-12-18 00:00:00,10.741129476703215,10.863885450273955,10.72067036456924,10.822966575622559,90500,0.0,0.0
2019-12-19 00:00:00,10.84342275268204,10.870701778271325,10.775225513900459,10.802504539489746,88900,0.0,0.0
2019-12-20 00:00:00,10.82978477881072,10.843423967942318,10.747947692871094,10.747947692871094,100500,0.0,0.0
2019-12-23 00:00:00,10.76158549548607,10.877521514892578,10.754766226990535,10.877521514892578,91900,0.0,0.0
2019-12-24 00:00:00,10.822964734729732,10.863883602421183,10.78204651742162,10.843423843383789,37200,0.0,0.0
2019-12-26 00:00:00,10.836608748024979,10.877526981093569,10.816148981107096,10.863887786865234,49200,0.0,0.0
2019-12-27 00:00:00,10.863886272153529,10.8775254644802,10.822967394406518,10.85024642944336,51700,0.0,0.0
2019-12-30 00:00:00,10.822966708784822,10.843425821170518,10.775228563090378,10.795687675476074,89900,0.0,0.0
2019-12-31 00:00:00,10.795687542649443,10.884344562407929,10.795687542649443,10.822966575622559,117300,0.0,0.0
2020-01-02 00:00:00,10.816146002052282,10.938902618598373,10.816146002052282,10.89116382598877,193900,0.0,0.0
2020-01-03 00:00:00,10.570637348178398,10.768410537064456,10.543358310069408,10.672933578491211,477200,0.0,0.0
2020-01-06 00:00:00,10.672932563747702,10.672932563747702,10.584276186110293,10.652473449707031,112000,0.0,0.0
2020-01-07 00:00:00,10.659294942701573,10.727492216352763,10.632015903164374,10.68657398223877,108400,0.0,0.0
2020-01-08 00:00:00,10.672931148324036,10.761588164587431,10.672931148324036,10.713850021362305,84300,0.0,0.0
2020-01-09 00:00:00,10.700213176815566,10.720672944256167,10.68657398223877,10.68657398223877,67400,0.0,0.0
2020-01-10 00:00:00,10.713271175124987,10.713271175124987,10.644816158291563,10.672198295593262,96400,0.059,0.0
2020-01-13 00:00:00,10.651660424537575,10.685887601934272,10.617432594299316,10.617432594299316,221500,0.0,0.0
2020-01-14 00:00:00,10.610589009041483,10.651662544068763,10.610589009041483,10.631125450134277,78900,0.0,0.0
2020-01-15 00:00:00,10.631123320422033,10.658505454007578,10.624278276656817,10.637969017028809,85100,0.0,0.0
2020-01-16 00:00:00,10.637966888686183,10.651658279160495,10.624276151053303,10.64481258392334,104500,0.0,0.0
2020-01-17 00:00:00,10.6311259757962,10.651663070746155,10.53528881072998,10.53528881072998,222900,0.0,0.0
2020-01-21 00:00:00,10.528441909787105,10.610588321678456,10.473677635192871,10.473677635192871,255400,0.0,0.0
2020-01-22 00:00:00,10.487369067933932,10.52844260300481,10.432604789733887,10.432604789733887,163600,0.0,0.0
2020-01-23 00:00:00,10.453141435912396,10.473677876147278,10.439450040528033,10.446295738220215,81600,0.0,0.0
2020-01-24 00:00:00,10.453137839954207,10.4736742731244,10.439446449279785,10.439446449279785,101600,0.0,0.0
2020-01-27 00:00:00,10.453141435912396,10.466832178455096,10.418913600293152,10.446295738220215,74700,0.0,0.0
2020-01-28 00:00:00,10.480523092873092,10.50790522954355,10.432603864068568,10.501059532165527,156800,0.0,0.0
2020-01-29 00:00:00,10.5079066703051,10.53528881072998,10.494215273671799,10.53528881072998,73900,0.0,0.0
2020-01-30 00:00:00,10.54213048308366,10.54213048308366,10.521594047546387,10.521594047546387,51900,0.0,0.0
2020-01-31 00:00:00,10.535284984113202,10.56266711459237,10.521593592452875,10.555821418762207,62800,0.0,0.0
2020-02-03 00:00:00,10.569510239555177,10.576355934143066,10.480518821278073,10.576355934143066,195600,0.0,0.0
2020-02-04 00:00:00,10.576358063214498,10.583203759180458,10.535285193101727,10.569512367248535,96600,0.0,0.0
2020-02-05 00:00:00,10.576359511042222,10.603741645812988,10.528440938403781,10.603741645812988,56600,0.0,0.0
2020-02-06 00:00:00,10.603743311063322,10.631125450134277,10.59005256794869,10.631125450134277,78400,0.0,0.0
2020-02-07 00:00:00,10.63112287655227,10.651659965515137,10.617432136751892,10.651659965515137,68900,0.0,0.0
2020-02-10 00:00:00,10.637966888686183,10.651658279160495,10.624276151053303,10.64481258392334,80300,0.0,0.0
2020-02-11 00:00:00,10.624276151053303,10.651658279160495,10.624276151053303,10.64481258392334,50900,0.0,0.0
2020-02-12 00:00:00,10.616640847393208,10.671613693237305,10.616640847393208,10.671613693237305,120700,0.059,0.0
2020-02-13 00:00:00,10.657867724154627,10.664739491727875,10.609766006469727,10.609766006469727,70600,0.0,0.0
2020-02-14 00:00:00,10.64412596522403,10.64412596522403,10.609767776952172,10.62351131439209,56000,0.0,0.0
2020-02-18 00:00:00,10.623512646216113,10.650999069213867,10.609769107053229,10.650999069213867,86500,0.0,0.0
2020-02-19 00:00:00,10.657872200012207,10.67848685606141,10.644128659094005,10.657872200012207,83500,0.0,0.0
2020-02-20 00:00:00,10.657871561045205,10.726587295532227,10.657871561045205,10.726587295532227,62100,0.0,0.0
2020-02-21 00:00:00,10.719711047199603,10.719711047199603,10.65786645704869,10.678481101989746,95400,0.0,0.0
2020-02-24 00:00:00,10.685352868746012,10.719711047199603,10.671609335233478,10.678481101989746,76900,0.0,0.0
2020-02-25 00:00:00,10.719716650674568,10.719716650674568,10.678486683912734,10.692230224609375,84500,0.0,0.0
2020-02-26 00:00:00,10.664740562438965,10.705969861362105,10.650997025912659,10.664740562438965,83000,0.0,0.0
2020-02-27 00:00:00,10.650996552439398,10.685354736899937,10.561665534973145,10.561665534973145,114900,0.0,0.0
2020-02-28 00:00:00,10.534176909962538,10.534176909962538,10.149367159598528,10.204339981079102,392100,0.0,0.0
2020-03-02 00:00:00,10.23183058528519,10.396749117317963,10.169985971940902,10.3692626953125,320300,0.0,0.0
2020-03-03 00:00:00,10.437976133574772,10.506692501182666,10.396746837272314,10.479206085205078,104700,0.0,0.0
2020-03-04 00:00:00,10.568538996509833,10.568538996509833,10.458593312879911,10.499822616577148,113300,0.0,0.0
2020-03-05 00:00:00,10.47920893537187,10.534181782278726,10.362391471862793,10.362391471862793,172600,0.0,0.0
2020-03-06 00:00:00,10.307418654591777,10.355519731941568,10.238702268096619,10.341776847839355,168600,0.0,0.0
2020-03-09 00:00:00,9.826404224186176,10.15624124981744,8.726946161426131,10.053167343139648,424900,0.0,0.0
2020-03-10 00:00:00,10.094397001002246,10.094397001002246,9.668357166816897,9.688972473144531,317300,0.0,0.0
2020-03-11 00:00:00,9.61928072901901,9.674485242738834,9.281156948716063,9.315659523010254,537200,0.059,0.0
2020-03-12 00:00:00,8.515202137079712,8.515202137079712,7.659541799118582,8.004566192626953,1255700,0.0,0.0
2020-03-13 00:00:00,8.218477835042277,8.729113586074002,8.218477835042277,8.715312957763672,467400,0.0,0.0
2020-03-16 00:00:00,7.866557440109445,8.418596708802479,7.804453589977147,8.273686408996582,235700,0.0,0.0
2020-03-17 00:00:00,8.128773004855077,8.197778133869734,7.970062129435716,8.052867889404297,950300,0.0,0.0
2020-03-18 00:00:00,7.811349274401459,7.92175693568067,6.603764327517339,6.9694905281066895,966400,0.0,0.0
2020-03-19 00:00:00,6.700372355548274,7.452525482350636,6.293243550539167,7.431824207305908,930400,0.0,0.0
2020-03-20 00:00:00,7.638839655864711,7.949362128120827,7.273113992863025,7.5836358070373535,1055600,0.0,0.0
2020-03-23 00:00:00,7.528431241706582,7.5767344403129115,6.631367796515575,7.148904323577881,619900,0.0,0.0
2020-03-24 00:00:00,7.245510511038888,7.873454650035862,7.245510511038888,7.611236095428467,618500,0.0,0.0
2020-03-25 00:00:00,7.611235260783317,8.494497871470507,7.590533988713304,8.211577415466309,446700,0.0,0.0
2020-03-26 00:00:00,8.225381703431427,8.867127294489919,8.225381703431427,8.577306747436523,453500,0.0,0.0
2020-03-27 00:00:00,8.363386723299577,8.88782367742103,8.308182902663786,8.680809020996094,276400,0.0,0.0
2020-03-30 00:00:00,8.680813774177912,8.984435612004422,8.556604780695992,8.874027252197266,373700,0.0,0.0
2020-03-31 00:00:00,8.811920943636638,8.880925408832747,8.646308779386395,8.729114532470703,321800,0.0,0.0
2020-04-01 00:00:00,8.591103406691767,8.667009160330913,8.073567048962365,8.204676628112793,375700,0.0,0.0
2020-04-02 00:00:00,8.232279036125185,8.232279036125185,7.880354133757705,8.08046817779541,341400,0.0,0.0
2020-04-03 00:00:00,7.970064906178967,8.10807455420869,7.859657187755189,7.997666835784912,277200,0.0,0.0
2020-04-06 00:00:00,8.114971439816047,8.273682296966774,8.032165689378939,8.142573356628418,324000,0.0,0.0
2020-04-07 00:00:00,8.246082592140459,8.432396074163174,8.239181946565887,8.349590301513672,259900,0.0,0.0
2020-04-08 00:00:00,8.459994772664713,8.639407540704486,8.370288388644825,8.598004341125488,492700,0.0,0.0
2020-04-09 00:00:00,8.735979168792076,8.937045323474448,8.72211221822859,8.888511657714844,574600,0.059,0.0
2020-04-13 00:00:00,8.902383095377775,8.971715899503472,8.687449881798374,8.777583122253418,183300,0.0,0.0
2020-04-14 00:00:00,8.791449158792616,8.957848664717387,8.70824940583023,8.895448684692383,360200,0.0,0.0
2020-04-15 00:00:00,8.833044355232227,8.87464454183571,8.72904488054232,8.867711067199707,181300,0.0,0.0
2020-04-16 00:00:00,8.853845694930712,8.999444710071486,8.819178979377508,8.826111793518066,207100,0.0,0.0
2020-04-17 00:00:00,8.846915531600436,8.916248327450385,8.805315325120185,8.881582260131836,120400,0.0,0.0
2020-04-20 00:00:00,8.881582086608287,8.909315336649,8.742915175191888,8.784515380859375,159800,0.0,0.0
2020-04-21 00:00:00,8.673582913171883,8.756782668401694,8.652782478454773,8.735982894897461,110700,0.0,0.0
2020-04-22 00:00:00,8.735983819104586,8.742916636864189,8.625050139182605,8.652783393859863,182400,0.0,0.0
2020-04-23 00:00:00,8.666645788094813,8.666645788094813,8.493312872332917,8.534913063049316,228900,0.0,0.0
2020-04-24 00:00:00,8.576512163954177,8.576512163954177,8.181313347354582,8.340779304504395,290000,0.0,0.0
2020-04-27 00:00:00,8.264509904360992,8.354643060945591,8.07731011886706,8.16744327545166,290100,0.0,0.0
2020-04-28 00:00:00,8.250650537128356,8.333850959011999,8.125851226728738,8.153584480285645,260300,0.0,0.0
2020-04-29 00:00:00,8.285311006410344,8.313044239003363,8.181311549489628,8.278377532958984,149600,0.0,0.0
2020-04-30 00:00:00,8.250647899640693,8.410114552525833,8.215981839685963,8.403181076049805,148200,0.0,0.0
2020-05-01 00:00:00,8.39624461702777,8.46557803473377,8.285311677668151,8.423977851867676,109600,0.0,0.0
2020-05-04 00:00:00,8.389311097941093,8.507177501390776,8.31997768607219,8.382377624511719,179100,0.0,0.0
2020-05-05 00:00:00,8.430913126627855,8.666646003723145,8.41704683685246,8.666646003723145,293700,0.0,0.0
2020-05-06 00:00:00,8.645848114711795,8.7151809010601,8.569581190152073,8.62504768371582,177800,0.0,0.0
2020-05-07 00:00:00,8.722115386489797,8.756782114278417,8.66664888651314,8.70824909210205,260200,0.0,0.0
2020-05-08 00:00:00,8.777206703918214,8.777206703918214,8.651817827928996,8.721478462219238,382300,0.059,0.0
2020-05-11 00:00:00,8.714515598444226,8.756311463535106,8.65182113647461,8.65182113647461,106800,0.0,0.0
2020-05-12 00:00:00,8.700586480396682,8.700586480396682,8.57519817352295,8.57519817352295,144300,0.0,0.0
2020-05-13 00:00:00,8.603060314898814,8.630924450428038,8.40801070186085,8.428909301757812,222800,0.0,0.0
2020-05-14 00:00:00,8.359251743793044,8.442844181510937,8.268693103515249,8.310489654541016,249000,0.0,0.0
2020-05-15 00:00:00,8.359246972440237,8.498567622447588,8.317450445271401,8.39407730102539,160200,0.0,0.0
2020-05-18 00:00:00,8.43587286303406,8.491601121049706,8.43587286303406,8.44980525970459,103900,0.0,0.0
2020-05-19 00:00:00,8.484634729399572,8.51249885559082,8.40104235082583,8.51249885559082,95400,0.0,0.0
2020-05-20 00:00:00,8.540367126464844,8.568231266178698,8.51250298675099,8.540367126464844,118700,0.0,0.0
2020-05-21 00:00:00,8.561261896287556,8.596092224121094,8.540363965320733,8.596092224121094,74200,0.0,0.0
2020-05-22 00:00:00,8.637890323789112,8.672720660645805,8.58216205055177,8.623958587646484,89800,0.0,0.0
2020-05-26 00:00:00,8.67968358555947,8.67968358555947,8.610022938132895,8.616989135742188,169400,0.0,0.0
2020-05-27 00:00:00,8.65878402422463,8.728443994181827,8.644851631633363,8.721478462219238,168700,0.0,0.0
2020-05-28 00:00:00,8.7632787198981,8.860803524099948,8.742380784831052,8.79810905456543,106300,0.0,0.0
2020-05-29 00:00:00,8.825975656001361,8.937432226618547,8.825975656001361,8.874737739562988,156300,0.0,0.0
2020-06-01 00:00:00,8.94439057764626,9.06281324606782,8.9374243820137,8.993152618408203,184500,0.0,0.0
2020-06-02 00:00:00,9.021022252254038,9.195173263549805,9.021022252254038,9.195173263549805,206600,0.0,0.0
2020-06-03 00:00:00,9.17427851311094,9.202142658018124,9.090686078389385,9.139448165893555,196300,0.0,0.0
2020-06-04 00:00:00,9.160339520266849,9.202136039733887,9.13247539539987,9.202136039733887,118500,0.0,0.0
2020-06-05 00:00:00,9.195176455707923,9.292701295049879,9.097652280699586,9.139448165893555,333600,0.0,0.0
2020-06-08 00:00:00,9.139441530992755,9.264830424214136,9.139441530992755,9.223033905029297,129800,0.0,0.0
2020-06-09 00:00:00,9.306628619110668,9.341458949800197,9.271798952754441,9.313594818115234,185300,0.0,0.0
2020-06-10 00:00:00,9.347879285892715,9.396858150332392,9.23592873964984,9.382863998413086,203000,0.059,0.0
2020-06-11 00:00:00,9.179955128322558,9.256920975977746,9.09599220344108,9.228933334350586,183500,0.0,0.0
2020-06-12 00:00:00,9.27091414171758,9.312895933320103,9.172957072830316,9.284908294677734,73300,0.0,0.0
2020-06-15 00:00:00,9.20094735191818,9.326892095590853,9.186953862220177,9.305901527404785,83700,0.0,0.0
2020-06-16 00:00:00,9.333890271697628,9.340887351008517,9.25692373383428,9.270917892456055,100500,0.0,0.0
2020-06-17 00:00:00,9.284909946364799,9.312897589985873,9.200946348223516,9.291906356811523,80700,0.0,0.0
2020-06-18 00:00:00,9.29890190752916,9.29890190752916,9.235929552903151,9.249923706054688,37300,0.0,0.0
2020-06-19 00:00:00,9.277914971766943,9.326893192386741,9.235933163179824,9.270917892456055,126300,0.0,0.0
2020-06-22 00:00:00,9.235933163179824,9.29190846311051,9.235933163179824,9.270917892456055,52100,0.0,0.0
2020-06-23 00:00:00,9.319894820768221,9.347882466852765,9.270916606939801,9.326891899108887,82700,0.0,0.0
2020-06-24 00:00:00,9.326891929205116,9.37587014319158,9.277913715218652,9.33388900756836,135600,0.0,0.0
2020-06-25 00:00:00,9.333883754383688,9.445834276076452,9.333883754383688,9.410849571228027,134200,0.0,0.0
2020-06-26 00:00:00,9.361877047425855,9.4248494207869,9.354879968768373,9.403858184814453,85200,0.0,0.0
2020-06-29 00:00:00,9.382865015569996,9.424846808601089,9.340883889816865,9.396859169006348,72100,0.0,0.0
2020-06-30 00:00:00,9.410849571228027,9.410849571228027,9.375864866379603,9.410849571228027,60200,0.0,0.0
2020-07-01 00:00:00,9.424848361886689,9.445838928222656,9.410854206143995,9.445838928222656,70100,0.0,0.0
2020-07-02 00:00:00,9.44583791186634,9.480822630180704,9.424847347788923,9.431843757629395,73300,0.0,0.0
2020-07-06 00:00:00,9.459830766233313,9.550790087162792,9.459830766233313,9.543793678283691,107500,0.0,0.0
2020-07-07 00:00:00,9.487816782852942,9.648745503306479,9.487816782852942,9.641748428344727,176700,0.0,0.0
2020-07-08 00:00:00,9.627757865230404,9.69073022442639,9.599770224174188,9.655745506286621,77300,0.0,0.0
2020-07-09 00:00:00,9.641753030950431,9.760700692970127,9.606768306719088,9.669740676879883,157100,0.0,0.0
2020-07-10 00:00:00,9.66201292218255,9.67606708082707,9.584717060055189,9.591743469238281,153400,0.059,0.0
2020-07-13 00:00:00,9.619848358815068,9.64795599790776,9.31769140610338,9.38093376159668,204700,0.0,0.0
2020-07-14 00:00:00,9.465255972359557,9.49336360935421,9.331744194030762,9.331744194030762,168100,0.0,0.0
2020-07-15 00:00:00,9.380930377656977,9.430118560791016,9.310660970203719,9.430118560791016,111800,0.0,0.0
2020-07-16 00:00:00,9.430118560791016,9.465253264517646,9.394983857064387,9.430118560791016,87700,0.0,0.0
2020-07-17 00:00:00,9.444172040198426,9.444172040198426,9.380930377656977,9.430118560791016,64900,0.0,0.0
2020-07-20 00:00:00,9.394989560670329,9.458231931744336,9.380936072731183,9.402016639709473,107800,0.0,0.0
2020-07-21 00:00:00,9.423095844305744,9.4512034862594,9.387961124328912,9.409042358398438,99600,0.0,0.0
2020-07-22 00:00:00,9.41606441124487,9.465253264517646,9.409038006610533,9.430118560791016,102100,0.0,0.0
2020-07-23 00:00:00,9.44417667388916,9.451203752109999,9.394988466621419,9.44417667388916,94800,0.0,0.0
2020-07-24 00:00:00,9.430119948026036,9.528496998904785,9.416065796412429,9.507415771484375,103300,0.0,0.0
2020-07-27 00:00:00,9.507417428780848,9.612821573840048,9.493363944856325,9.58471393585205,95800,0.0,0.0
2020-07-28 00:00:00,9.570656255822877,9.626871511088371,9.570656255822877,9.619844436645508,93400,0.0,0.0
2020-07-29 00:00:00,9.591740342744837,9.619847980732834,9.570659781788578,9.58471393585205,106900,0.0,0.0
2020-07-30 00:00:00,9.591736809012762,9.626871511088371,9.556602777075854,9.619844436645508,53800,0.0,0.0
2020-07-31 00:00:00,9.591736972822533,9.676060527299573,9.591736972822533,9.662006378173828,81700,0.0,0.0
2020-08-03 00:00:00,9.662009396549339,9.774439944123321,9.633901759655842,9.732278823852539,147800,0.0,0.0
2020-08-04 00:00:00,9.690116110517264,9.844708433776958,9.690116110517264,9.816600799560547,187700,0.0,0.0
2020-08-05 00:00:00,9.816600416127294,9.943084430091293,9.816600416127294,9.879842758178711,83900,0.0,0.0
2020-08-06 00:00:00,9.907950391297247,9.929030948601442,9.879842758178711,9.879842758178711,59700,0.0,0.0
2020-08-07 00:00:00,9.88686916385422,9.936058024415784,9.844708049245831,9.879842758178711,68200,0.0,0.0
2020-08-10 00:00:00,9.900921347947158,10.034432411193848,9.85875957157843,10.034432411193848,117300,0.0,0.0
2020-08-11 00:00:00,10.090648994631106,10.090648994631106,9.93605735791837,9.943083763122559,124400,0.0,0.0
2020-08-12 00:00:00,9.914154064900469,9.928266389603086,9.765970954326777,9.808308601379395,187600,0.059,0.0
2020-08-13 00:00:00,9.836531809653398,9.900038939528082,9.78713767439292,9.857701301574707,144300,0.0,0.0
2020-08-14 00:00:00,9.808307534628014,9.949434803973782,9.758913394123812,9.935321807861328,235200,0.0,0.0
2020-08-17 00:00:00,9.928267525378915,9.97766234985067,9.907098699430932,9.970605850219727,101800,0.0,0.0
2020-08-18 00:00:00,9.977658793486922,9.977658793486922,9.928263986621094,9.963545799255371,113500,0.0,0.0
2020-08-19 00:00:00,9.991772878347978,10.0623365160712,9.907096916846946,9.949435234069824,95900,0.0,0.0
2020-08-20 00:00:00,9.956493734762951,9.984719062847345,9.885930751024413,9.892987251281738,83400,0.0,0.0
2020-08-21 00:00:00,9.921214942050959,9.935327272981482,9.709524594532606,9.758918762207031,195600,0.0,0.0
2020-08-24 00:00:00,9.70246410369873,9.801253071378332,9.70246410369873,9.70246410369873,93300,0.0,0.0
2020-08-25 00:00:00,9.744802225545568,9.744802225545568,9.554280793122123,9.646013259887695,116500,0.0,0.0
2020-08-26 00:00:00,9.667182480748332,9.667182480748332,9.483717539680434,9.511942863464355,120400,0.0,0.0
2020-08-27 00:00:00,9.526056862723232,9.540169862570433,9.399042555877896,9.413155555725098,119900,0.0,0.0
2020-08-28 00:00:00,9.420213842296109,9.490776836080556,9.420213842296109,9.434326171875,154500,0.0,0.0
2020-08-31 00:00:00,9.441380005674745,9.504887153199645,9.434323506406466,9.490774154663086,263300,0.0,0.0
2020-09-01 00:00:00,9.540165683679964,9.624841626837856,9.497827375628729,9.582503318786621,108700,0.0,0.0
2020-09-02 00:00:00,9.610731210350828,9.702463674939995,9.582505888396065,9.688350677490234,171300,0.0,0.0
2020-09-03 00:00:00,9.709519883653654,9.709519883653654,9.526054959955188,9.554280281066895,135200,0.0,0.0
2020-09-04 00:00:00,9.526056862723232,9.554282189472765,9.363761402149633,9.413155555725098,189700,0.0,0.0
2020-09-08 00:00:00,9.4202120556487,9.434324382551031,9.363761402149633,9.413155555725098,130800,0.0,0.0
2020-09-09 00:00:00,9.46254661585938,9.561335563659668,9.420208976048292,9.561335563659668,129000,0.0,0.0
2020-09-10 00:00:00,9.603150972294403,9.63149973001791,9.52519138163898,9.596063613891602,101600,0.059,0.0
2020-09-11 00:00:00,9.59606433544956,9.631500454240422,9.468494578157555,9.496843338012695,101300,0.0,0.0
2020-09-14 00:00:00,9.518106209763278,9.581891093736534,9.46849536895752,9.46849536895752,94600,0.0,0.0
2020-09-15 00:00:00,9.468494251430627,9.482668968812948,9.425971451059114,9.440145492553711,88100,0.0,0.0
2020-09-16 00:00:00,9.433060457367729,9.496844669065812,9.418885737509592,9.45432186126709,103000,0.0,0.0
2020-09-17 00:00:00,9.411796149073664,9.468493663305795,9.369273351343407,9.397622108459473,71200,0.0,0.0
2020-09-18 00:00:00,9.411796733676793,9.461407568627193,9.340925174428365,9.440145492553711,106100,0.0,0.0
2020-09-21 00:00:00,9.390533628380828,9.418882382110246,9.312574724596825,9.369272232055664,127100,0.0,0.0
2020-09-22 00:00:00,9.35509828689094,9.425970514988945,9.35509828689094,9.390534400939941,56100,0.0,0.0
2020-09-23 00:00:00,9.447235630272646,9.447235630272646,9.291317072640261,9.312579154968262,54400,0.0,0.0
2020-09-24 00:00:00,9.248789692400582,9.362184705266666,9.177917471415483,9.340923309326172,168300,0.0,0.0
2020-09-25 00:00:00,9.30548976805702,9.40471076965332,9.30548976805702,9.40471076965332,59800,0.0,0.0
2020-09-28 00:00:00,9.383449426897371,9.532280603004878,9.383449426897371,9.47558307647705,128100,0.0,0.0
2020-09-29 00:00:00,9.468499560458431,9.567720610105166,9.468499560458431,9.546459197998047,154400,0.0,0.0
2020-09-30 00:00:00,9.518103586244116,9.695283470271669,9.518103586244116,9.567713737487793,248700,0.0,0.0
2020-10-01 00:00:00,9.659849423684364,9.681110825065089,9.603151902743923,9.645674705505371,86200,0.0,0.0
2020-10-02 00:00:00,9.603155999630461,9.744899862452156,9.560632502839928,9.702376365661621,88800,0.0,0.0
2020-10-05 00:00:00,9.674021467000951,9.737806333850813,9.659847427638551,9.688196182250977,72900,0.0,0.0
2020-10-06 00:00:00,9.695286431469208,9.716547834797776,9.638588905334473,9.638588905334473,32300,0.0,0.0
2020-10-07 00:00:00,9.624412536621094,9.744894927983543,9.60315113693587,9.624412536621094,88900,0.0,0.0
2020-10-08 00:00:00,9.645675053679579,9.70945993601192,9.61732629218607,9.652762413024902,99100,0.0,0.0
2020-10-09 00:00:00,9.680524796610017,9.708996900412991,9.637816301491307,9.673406600952148,48700,0.059,0.0
2020-10-12 00:00:00,9.680521356348972,9.737465543718109,9.573750495910645,9.573750495910645,87400,0.0,0.0
2020-10-13 00:00:00,9.602227079358581,9.687643400350842,9.602227079358581,9.6378173828125,35200,0.0,0.0
2020-10-14 00:00:00,9.60934527581508,9.66628948980992,9.57375497236116,9.6378173828125,69400,0.0,0.0
2020-10-15 00:00:00,9.587986997766615,9.616459091794463,9.531042809710918,9.53816032409668,89000,0.0,0.0
2020-10-16 00:00:00,9.552400214931076,9.595108032226562,9.50257420181017,9.595108032226562,65600,0.0,0.0
2020-10-19 00:00:00,9.623578159017287,9.623578159017287,9.488335190981104,9.580869674682617,72900,0.0,0.0
2020-10-20 00:00:00,9.566636331384116,9.573754527509863,9.523928512286723,9.559518814086914,54300,0.0,0.0
2020-10-21 00:00:00,9.58087142692663,9.623579919072249,9.566635036601939,9.609343528747559,41700,0.0,0.0
2020-10-22 00:00:00,9.637815479791382,9.637815479791382,9.46698287153837,9.474101066589355,78200,0.0,0.0
2020-10-23 00:00:00,9.538165310989996,9.559519901797026,9.509693202075914,9.523929595947266,48400,0.0,0.0
2020-10-26 00:00:00,9.474102249215875,9.509691871256477,9.395803451538086,9.395803451538086,68700,0.0,0.0
2020-10-27 00:00:00,9.38867851575035,9.523921426200541,9.38867851575035,9.438505172729492,89800,0.0,0.0
2020-10-28 00:00:00,9.395804566805285,9.431394871898929,9.360214261711644,9.367332458496094,91400,0.0,0.0
2020-10-29 00:00:00,9.395802467960491,9.402920663154871,9.338858264062369,9.388684272766113,74900,0.0,0.0
2020-10-30 00:00:00,9.388683533009438,9.417155632715117,9.324621817792965,9.3744478225708,104900,0.0,0.0
2020-11-02 00:00:00,9.37444525191136,9.410035536490994,9.29614716889874,9.317501068115234,140300,0.0,0.0
2020-11-03 00:00:00,9.324623528628356,9.466984053276345,9.324623528628356,9.395803451538086,90900,0.0,0.0
2020-11-04 00:00:00,9.452744073587674,9.545278549194336,9.452744073587674,9.545278549194336,69500,0.0,0.0
2020-11-05 00:00:00,9.531042499252404,9.780173144173977,9.531042499252404,9.65204906463623,182000,0.0,0.0
2020-11-06 00:00:00,9.68763802639171,9.794408877525182,9.673402320204167,9.751700401306152,141200,0.0,0.0
2020-11-09 00:00:00,9.822877950093952,9.822877950093952,9.73034351241266,9.780169486999512,122700,0.0,0.0
2020-11-10 00:00:00,9.779459472321891,9.829500346834836,9.736566807199521,9.822351455688477,74500,0.059,0.0
2020-11-11 00:00:00,9.822351159178933,9.865243823006491,9.815202268248377,9.836648941040039,57800,0.0,0.0
2020-11-12 00:00:00,9.82235101124716,9.872392565251612,9.815202120424276,9.84379768371582,92900,0.0,0.0
2020-11-13 00:00:00,9.8652459689016,9.886691964602447,9.83665108071517,9.858097076416016,69400,0.0,0.0
2020-11-16 00:00:00,9.90813789291294,9.915286785349902,9.858097009366018,9.893840789794922,101100,0.0,0.0
2020-11-17 00:00:00,9.900990787263131,9.929585678446497,9.879544107558619,9.886693000793457,98400,0.0,0.0
2020-11-18 00:00:00,9.900991667990455,9.958181455444416,9.900991667990455,9.92243766784668,88900,0.0,0.0
2020-11-19 00:00:00,9.936731844911925,9.979624513737507,9.936731844911925,9.958178520202637,63600,0.0,0.0
2020-11-20 00:00:00,9.943881034851074,9.972475921006957,9.936732142873138,9.943881034851074,73300,0.0,0.0
2020-11-23 00:00:00,9.965326900166287,10.043963347395005,9.943880906265663,10.015368461608887,100700,0.0,0.0
2020-11-24 00:00:00,10.015369483221935,10.101154149330716,9.979625701904297,9.979625701904297,114000,0.0,0.0
2020-11-25 00:00:00,10.008217843307182,10.072556495666504,10.008217843307182,10.072556495666504,67800,0.0,0.0
2020-11-27 00:00:00,10.065410626423365,10.144046401936256,10.065410626423365,10.129749298095703,64400,0.0,0.0
2020-11-30 00:00:00,10.151193234361543,10.151193234361543,10.079706366156485,10.136896133422852,128300,0.0,0.0
2020-12-01 00:00:00,10.179790102272827,10.229831669702017,10.05826165270412,10.101154327392578,192500,0.0,0.0
2020-12-02 00:00:00,10.094007867664768,10.201239239354498,10.094007867664768,10.172643661499023,128200,0.0,0.0
2020-12-03 00:00:00,10.20123353471593,10.26557150364397,10.15834087367485,10.236976623535156,140300,0.0,0.0
2020-12-04 00:00:00,10.236977221509642,10.294166985067905,10.229829012381678,10.287018775939941,64800,0.0,0.0
2020-12-07 00:00:00,10.244129132431887,10.429996259669007,10.244129132431887,10.408550262451172,160900,0.0,0.0
2020-12-08 00:00:00,10.415694804267869,10.415694804267869,10.308464174199775,10.401397705078125,103800,0.0,0.0
2020-12-09 00:00:00,10.42999483631874,10.530076597514745,10.4013999500119,10.515779495239258,112900,0.0,0.0
2020-12-10 00:00:00,10.443287224025372,10.479174945417482,10.357157103385122,10.43610954284668,139300,0.059,0.0
2020-12-11 00:00:00,10.40739917755127,10.46481925618455,10.400221496596778,10.40739917755127,74900,0.0,0.0
2020-12-14 00:00:00,10.371509170599596,10.436106915945043,10.19924897267919,10.220781326293945,165200,0.0,0.0
2020-12-15 00:00:00,10.206428527081044,10.292558641864268,10.206428527081044,10.242316246032715,91400,0.0,0.0
2020-12-16 00:00:00,10.285382254212246,10.285382254212246,10.184896765415184,10.199252128601074,47100,0.0,0.0
2020-12-17 00:00:00,10.227961187344729,10.27820358466319,10.149008750915527,10.149008750915527,98000,0.0,0.0
2020-12-18 00:00:00,10.105942756369283,10.235138267029246,10.105942756369283,10.227960586547852,70000,0.0,0.0
2020-12-21 00:00:00,10.220781326293945,10.24949135928068,10.192071293307212,10.220781326293945,79100,0.0,0.0
2020-12-22 00:00:00,10.199249605337638,10.314089744408099,10.18489424570322,10.299735069274902,52300,0.0,0.0
2020-12-23 00:00:00,10.242315026706676,10.31408977156408,10.242315026706676,10.278202056884766,89600,0.0,0.0
2020-12-24 00:00:00,10.321271883777529,10.321271883777529,10.2279640593416,10.271029472351074,47000,0.0,0.0
2020-12-28 00:00:00,10.177718162536621,10.242315917678452,10.156185121155154,10.177718162536621,138300,0.0,0.0
2020-12-29 00:00:00,10.156185747317217,10.192073467330973,10.149008750915527,10.149008750915527,104800,0.0,0.0
2020-12-30 00:00:00,10.177719444670359,10.206429485627766,10.105944000026158,10.170541763305664,153000,0.0,0.0
2020-12-31 00:00:00,10.15618703836978,10.299737936672964,10.15618703836978,10.263850212097168,119100,0.0,0.0
2021-01-04 00:00:00,10.335623055464481,10.335623055464481,10.163362830923706,10.192072868347168,126200,0.0,0.0
2021-01-05 00:00:00,10.14182890670572,10.263846718024638,10.14182890670572,10.220781326293945,50000,0.0,0.0
2021-01-06 00:00:00,10.149009403712952,10.19925180426307,10.134654040983564,10.170541763305664,119200,0.0,0.0
2021-01-07 00:00:00,10.184896441533683,10.227961845220477,10.163364081940971,10.170541763305664,111100,0.0,0.0
2021-01-08 00:00:00,10.184896143939323,10.184896143939323,10.08441134577517,10.1561861038208,148200,0.0,0.0
2021-01-11 00:00:00,10.149006591858349,10.27820139812165,10.113118879479195,10.256669044494629,123700,0.0,0.0
2021-01-12 00:00:00,10.242313136127963,10.328443224759246,10.227957779105534,10.314087867736816,80700,0.0,0.0
2021-01-13 00:00:00,10.234092438434304,10.36382059243846,10.234092438434304,10.306163787841797,144700,0.059,0.0
2021-01-14 00:00:00,10.291751743204998,10.356615835964503,10.255716059747106,10.313373565673828,76200,0.0,0.0
2021-01-15 00:00:00,10.327787015434804,10.363822697457838,10.284544746865935,10.349408149719238,55600,0.0,0.0
2021-01-19 00:00:00,10.31337032672298,10.378233711788413,10.31337032672298,10.334991455078125,76700,0.0,0.0
2021-01-20 00:00:00,10.399856188081507,10.428684590160683,10.356613241301083,10.421477317810059,124500,0.0,0.0
2021-01-21 00:00:00,10.37823304633338,10.45751165742434,10.37823304633338,10.443097114562988,64900,0.0,0.0
2021-01-22 00:00:00,10.47192671271928,10.47192671271928,10.435891038760571,10.457512855529785,56700,0.0,0.0
2021-01-25 00:00:00,10.515168454223273,10.515168454223273,10.407061444732847,10.443097114562988,67400,0.0,0.0
2021-01-26 00:00:00,10.500754954720882,10.515169499014467,10.443098152193148,10.507962226867676,69600,0.0,0.0
2021-01-27 00:00:00,10.457511172030424,10.486339569091797,10.414268232776763,10.486339569091797,50300,0.0,0.0
2021-01-28 00:00:00,10.486341181019688,10.59444751478681,10.450305507322879,10.572826385498047,118600,0.0,0.0
2021-01-29 00:00:00,10.580031297045004,10.580031297045004,10.464717716803067,10.515167236328125,63300,0.0,0.0
2021-02-01 00:00:00,10.616071276511075,10.630485824493455,10.507964915937144,10.558414459228516,67000,0.0,0.0
2021-02-02 00:00:00,10.55120545096332,10.673726331399976,10.52237704893842,10.616068840026855,119900,0.0,0.0
2021-02-03 00:00:00,10.630481344858898,10.70255267975332,10.55841000996448,10.65210247039795,115900,0.0,0.0
2021-02-04 00:00:00,10.702551012174242,10.702551012174242,10.572822904506674,10.666515350341797,135900,0.0,0.0
2021-02-05 00:00:00,10.637690227453342,10.767417687664915,10.637690227453342,10.7385892868042,91800,0.0,0.0
2021-02-08 00:00:00,10.753002240188142,10.882730368532126,10.745794969208323,10.832280158996582,166500,0.0,0.0
2021-02-09 00:00:00,10.796246502612519,11.062910079956055,10.781832645290969,11.062910079956055,117500,0.0,0.0
2021-02-10 00:00:00,11.069419612489696,11.091124163364269,10.837901873251749,10.97536563873291,174600,0.059,0.0
2021-02-11 00:00:00,10.989837646484375,11.033247448230519,10.939193452760032,10.989837646484375,62400,0.0,0.0
2021-02-12 00:00:00,10.960896696997146,10.989836331373018,10.888547956045121,10.924722671508789,108100,0.0,0.0
2021-02-16 00:00:00,10.90301513671875,10.924720375420266,10.830666410972523,10.90301513671875,160300,0.0,0.0
2021-02-17 00:00:00,10.91024920455102,10.92471936234351,10.845134874435017,10.917484283447266,71500,0.0,0.0
2021-02-18 00:00:00,10.852371215820312,10.910250473773338,10.780021798391438,10.852371215820312,120000,0.0,0.0
2021-02-19 00:00:00,10.823434145325718,10.845138699694909,10.758319792242805,10.77278995513916,86100,0.0,0.0
2021-02-22 00:00:00,10.772789087216244,10.787258558971507,10.599150596326092,10.61362075805664,113000,0.0,0.0
2021-02-23 00:00:00,10.591918740671652,10.591918740671652,10.382106175185879,10.447219848632812,177300,0.0,0.0
2021-02-24 00:00:00,10.396574809004534,10.562978245391905,10.367635170933955,10.51956844329834,137100,0.0,0.0
2021-02-25 00:00:00,10.505099865527258,10.577448621888673,10.338696414942639,10.353166580200195,169000,0.0,0.0
2021-02-26 00:00:00,10.389338251767315,10.476157153651268,10.309754430867516,10.345929145812988,106700,0.0,0.0
2021-03-01 00:00:00,10.43274675982696,10.505096180786733,10.324223318362515,10.360397338867188,189500,0.0,0.0
2021-03-02 00:00:00,10.411041640412094,10.562974864142054,10.411041640412094,10.526800155639648,133200,0.0,0.0
2021-03-03 00:00:00,10.548505783081055,10.620855207481847,10.49062651955052,10.548505783081055,139700,0.0,0.0
2021-03-04 00:00:00,10.599148882669283,10.599148882669283,10.447215658939323,10.526800155639648,129400,0.0,0.0
2021-03-05 00:00:00,10.548509548722565,10.548509548722565,10.41104642125932,10.512334823608398,43900,0.0,0.0
2021-03-08 00:00:00,10.657029863297714,10.816198192457318,10.526801857599208,10.61362075805664,73400,0.0,0.0
2021-03-09 00:00:00,10.700441921672711,10.7366166436748,10.635327560064034,10.729381561279297,117900,0.0,0.0
2021-03-10 00:00:00,10.743183496013824,10.808557948780207,10.706864278617894,10.772238731384277,112600,0.059,0.0
2021-03-11 00:00:00,10.75044611202625,10.830347825959365,10.721390880347721,10.728654861450195,75200,0.0,0.0
2021-03-12 00:00:00,10.699596989696094,10.721388929037346,10.619695290305222,10.670541763305664,119700,0.0,0.0
2021-03-15 00:00:00,10.670545293890967,10.80855818445855,10.648754040070838,10.714128494262695,124200,0.0,0.0
2021-03-16 00:00:00,10.71412536186981,10.77223581688857,10.706861381809649,10.757708549499512,61800,0.0,0.0
2021-03-17 00:00:00,10.619698572506536,10.78676669543523,10.619698572506536,10.772238731384277,104300,0.0,0.0
2021-03-18 00:00:00,10.714125053205672,10.728653012907458,10.641486640159236,10.663278579711914,88300,0.0,0.0
2021-03-19 00:00:00,10.656014599861022,10.714125053205672,10.605168126367264,10.663278579711914,38500,0.0,0.0
2021-03-22 00:00:00,10.663280849601193,10.714127333918626,10.663280849601193,10.692336082458496,44600,0.0,0.0
2021-03-23 00:00:00,10.641485006928987,10.71412340882705,10.641485006928987,10.69959545135498,50300,0.0,0.0
2021-03-24 00:00:00,10.6995989370403,10.757710093128724,10.677807686464245,10.728654861450195,76600,0.0,0.0
2021-03-25 00:00:00,10.663275239611469,10.743176914749629,10.641483306884766,10.641483306884766,71700,0.0,0.0
2021-03-26 00:00:00,10.67780574308608,10.714124949256929,10.641486536915234,10.670541763305664,57600,0.0,0.0
2021-03-29 00:00:00,10.670539205728263,10.692331139846297,10.605165481567383,10.605165481567383,113600,0.0,0.0
2021-03-30 00:00:00,10.605168023475626,10.67780574308608,10.605168023475626,10.670541763305664,126900,0.0,0.0
2021-03-31 00:00:00,10.692333743348893,10.830345896045992,10.677805783732756,10.808554649353027,234000,0.0,0.0
2021-04-01 00:00:00,10.859399000737211,10.888454221561167,10.808552537478066,10.866662979125977,62900,0.0,0.0
2021-04-05 00:00:00,10.881191678040446,10.895719636733732,10.764970779418945,10.764970779418945,108900,0.0,0.0
2021-04-06 00:00:00,10.728655068583308,10.8230840538131,10.721391087340592,10.750446319580078,125500,0.0,0.0
2021-04-07 00:00:00,10.728652582501153,10.830345525409005,10.728652582501153,10.779499053955078,60000,0.0,0.0
2021-04-08 00:00:00,10.772235809715589,10.859401492185684,10.772235809715589,10.837610244750977,59200,0.0,0.0
2021-04-09 00:00:00,10.836881632875642,10.844174452471732,10.793126106262207,10.793126106262207,59100,0.059,0.0
2021-04-12 00:00:00,10.815006256103516,10.844176845443362,10.75666507742382,10.815006256103516,63200,0.0,0.0
2021-04-13 00:00:00,10.7712507198346,10.836884024237973,10.7712507198346,10.815006256103516,100800,0.0,0.0
2021-04-14 00:00:00,10.77854284555828,10.87334743478321,10.77854284555828,10.815006256103516,77100,0.0,0.0
2021-04-15 00:00:00,10.81500229932689,10.851465696531628,10.81500229932689,10.829587936401367,51000,0.0,0.0
2021-04-16 00:00:00,10.84417431306602,10.86605207609149,10.81500373053821,10.85146713256836,25400,0.0,0.0
2021-04-19 00:00:00,10.81500570456721,10.880639701105133,10.807712883733734,10.844176292419434,65300,0.0,0.0
2021-04-20 00:00:00,10.86605524539806,10.86605524539806,10.778543472290039,10.778543472290039,48500,0.0,0.0
2021-04-21 00:00:00,10.771247669787302,10.815003193666156,10.669150288267453,10.720198631286621,91200,0.0,0.0
2021-04-22 00:00:00,10.720203719618624,10.778544909469682,10.698325947294938,10.756667137145996,59400,0.0,0.0
2021-04-23 00:00:00,10.727491982954781,10.880637715096169,10.720199163452442,10.85146713256836,83300,0.0,0.0
2021-04-26 00:00:00,10.87334688027166,10.880639701105133,10.81500570456721,10.844176292419434,67600,0.0,0.0
2021-04-27 00:00:00,10.815002985608894,10.844173566127456,10.785832405090332,10.785832405090332,51000,0.0,0.0
2021-04-28 00:00:00,10.756664129992068,10.800420357888706,10.742078488865973,10.771249771118164,94800,0.0,0.0
2021-04-29 00:00:00,10.807708726128581,10.807708726128581,10.742074754839313,10.76395320892334,77900,0.0,0.0
2021-04-30 00:00:00,10.763957349696232,10.89522464729041,10.749371708029283,10.844176292419434,118600,0.0,0.0
2021-05-03 00:00:00,10.880638122558594,10.887930942334037,10.829589775093634,10.880638122558594,77400,0.0,0.0
2021-05-04 00:00:00,10.87334156036377,10.895219316678574,10.86604874309839,10.87334156036377,50000,0.0,0.0
2021-05-05 00:00:00,10.902513490792394,10.902513490792394,10.82958739550674,10.858757972717285,120400,0.0,0.0
2021-05-06 00:00:00,10.83688149356368,10.8952226586193,10.83688149356368,10.85146713256836,84600,0.0,0.0
2021-05-07 00:00:00,10.866051538028618,10.931685519336527,10.844173776086487,10.924392700195312,92600,0.0,0.0
2021-05-10 00:00:00,10.931686470023552,10.938979289798995,10.858760358713836,10.880638122558594,82300,0.0,0.0
2021-05-11 00:00:00,10.90251588640335,10.924393650248108,10.844174719162949,10.880638122558594,57300,0.0,0.0
2021-05-12 00:00:00,10.879904237984634,10.879904237984634,10.696864122080328,10.726150512695312,130900,0.059,0.0
2021-05-13 00:00:00,10.718827535169561,10.78472137866923,10.616324837099231,10.638289451599121,161100,0.0,0.0
2021-05-14 00:00:00,10.667575963308426,10.740792276831554,10.667575963308426,10.682219505310059,52500,0.0,0.0
2021-05-17 00:00:00,10.682219378841406,10.718827535169561,10.638289451599121,10.638289451599121,65100,0.0,0.0
2021-05-18 00:00:00,10.689543607692588,10.689543607692588,10.63097082339641,10.645613670349121,59500,0.0,0.0
2021-05-19 00:00:00,10.630970409381167,10.689543191396272,10.630970409381167,10.652935028076172,24200,0.0,0.0
2021-05-20 00:00:00,10.667577731465345,10.755436903310295,10.667577731465345,10.726150512695312,83800,0.0,0.0
2021-05-21 00:00:00,10.740790903329643,10.77739905540986,10.63828821715352,10.689539909362793,65400,0.0,0.0
2021-05-24 00:00:00,10.718827662071622,10.770078662592303,10.674897734309242,10.682219505310059,65200,0.0,0.0
2021-05-25 00:00:00,10.682221281918357,10.755436909375792,10.667577737481293,10.696864128112793,93300,0.0,0.0
2021-05-26 00:00:00,10.718829149725408,10.777401929376152,10.69686383367442,10.748115539550781,47300,0.0,0.0
2021-05-27 00:00:00,10.748116776335328,10.777403169530682,10.726151457756794,10.755437850952148,72400,0.0,0.0
2021-05-28 00:00:00,10.748115539550781,10.777401929376152,10.69686383367442,10.748115539550781,35200,0.0,0.0
2021-06-01 00:00:00,10.806684909994868,10.865257671167544,10.74811214882219,10.828649520874023,114500,0.0,0.0
2021-06-02 00:00:00,10.835977028014216,10.850619876939286,10.777404235828417,10.799368858337402,111800,0.0,0.0
2021-06-03 00:00:00,10.770076759701347,10.857935901460362,10.770076759701347,10.828649520874023,68300,0.0,0.0
2021-06-04 00:00:00,10.894548008137892,10.894548008137892,10.82865345332825,10.872583389282227,81500,0.0,0.0
2021-06-07 00:00:00,10.887224740044628,10.938475743081012,10.865260124206543,10.865260124206543,41100,0.0,0.0
2021-06-08 00:00:00,10.865261088309731,10.90919032388386,10.630969969934085,10.80668830871582,168900,0.0,0.0
2021-06-09 00:00:00,10.79204720646635,10.843298923889012,10.762760810043158,10.81401252746582,55100,0.0,0.0
2021-06-10 00:00:00,10.857379446503055,10.90148485937605,10.813273332587162,10.864729881286621,119200,0.059,0.0
2021-06-11 00:00:00,10.864730993711081,10.879433266869356,10.80592330316392,10.8353271484375,55900,0.0,0.0
2021-06-14 00:00:00,10.850029945373535,10.872082655132557,10.820626098680503,10.850029945373535,70300,0.0,0.0
2021-06-15 00:00:00,10.842677545287554,10.872081388555092,10.813273702020016,10.827975273132324,60300,0.0,0.0
2021-06-16 00:00:00,10.835331094474272,11.239634640008463,10.805927238492325,10.886788368225098,232000,0.0,0.0
2021-06-17 00:00:00,10.850033372986857,10.908841084950753,10.850033372986857,10.886788368225098,64400,0.0,0.0
2021-06-18 00:00:00,10.87943400809956,10.87943400809956,10.813275176465773,10.842679023742676,124700,0.0,0.0
2021-06-21 00:00:00,10.820623397827148,10.872079941435526,10.813272262728,10.820623397827148,33800,0.0,0.0
2021-06-22 00:00:00,10.850030160822657,10.872082871019579,10.820626313545754,10.842679023742676,78200,0.0,0.0
2021-06-23 00:00:00,10.842682065413193,10.916192054748535,10.842682065413193,10.916192054748535,81400,0.0,0.0
2021-06-24 00:00:00,10.9529447555542,10.960295893627345,10.91619046727469,10.9529447555542,37700,0.0,0.0
2021-06-25 00:00:00,10.938243865966797,10.99705157215131,10.938243865966797,10.938243865966797,102800,0.0,0.0
2021-06-28 00:00:00,10.952941524206416,10.989696502685547,10.9308888175361,10.989696502685547,43500,0.0,0.0
2021-06-29 00:00:00,10.967647653422535,11.026455359255111,10.967647653422535,11.01175308227539,74400,0.0,0.0
2021-06-30 00:00:00,11.011752320854624,11.085262298583984,11.00440188391617,11.085262298583984,71500,0.0,0.0
2021-07-01 00:00:00,11.10731427220487,11.144069258623212,11.063208849337308,11.077910423278809,70300,0.0,0.0
2021-07-02 00:00:00,11.099964462549272,11.13671875,11.070560611962833,11.13671875,73900,0.0,0.0
2021-07-06 00:00:00,11.13671683328691,11.217577934265137,11.077909142235276,11.217577934265137,90200,0.0,0.0
2021-07-07 00:00:00,11.217580413152165,11.254335403442383,11.173474284595278,11.254335403442383,77800,0.0,0.0
2021-07-08 00:00:00,11.217580413152165,11.269036978932592,11.12201771881485,11.254335403442383,39500,0.0,0.0
2021-07-09 00:00:00,11.268352436991536,11.290490456245044,11.16504050755027,11.201937675476074,145600,0.059,0.0
2021-07-12 00:00:00,11.179802324942846,11.216699503998976,11.150284722448973,11.15766429901123,80300,0.0,0.0
2021-07-13 00:00:00,11.142902488296762,11.224075694729581,11.142902488296762,11.201937675476074,82800,0.0,0.0
2021-07-14 00:00:00,11.201940669844276,11.224078695015454,11.172423068364331,11.179801940917969,56000,0.0,0.0
2021-07-15 00:00:00,11.172422814035292,11.209319287228965,10.980558056905682,10.995316505432129,95500,0.0,0.0
2021-07-16 00:00:00,10.995315569073743,11.106007090493646,10.995315569073743,11.069109916687012,62500,0.0,0.0
2021-07-19 00:00:00,11.032210231980477,11.039589805813243,10.973175048828125,10.973175048828125,100100,0.0,0.0
2021-07-20 00:00:00,10.95841853081464,11.106006514633503,10.921521358921169,11.046971321105957,95800,0.0,0.0
2021-07-21 00:00:00,11.054348401183578,11.128142733012549,11.046969531004605,11.10600471496582,58700,0.0,0.0
2021-07-22 00:00:00,11.15028075105928,11.15028075105928,11.054348401183578,11.10600471496582,92800,0.0,0.0
2021-07-23 00:00:00,11.106007238568763,11.142904412867344,11.076489639880911,11.120765686035156,31900,0.0,0.0
2021-07-26 00:00:00,11.135525890575614,11.201940669844276,11.120766737958075,11.179801940917969,30300,0.0,0.0
2021-07-27 00:00:00,11.165042116124773,11.216697736410087,11.165042116124773,11.209318161010742,49700,0.0,0.0
2021-07-28 00:00:00,11.113387107849121,11.157663155173354,11.04697233310769,11.113387107849121,97900,0.0,0.0
2021-07-29 00:00:00,11.142905235290527,11.18718128471265,11.106008058268682,11.142905235290527,34700,0.0,0.0
2021-07-30 00:00:00,11.128144707678123,11.194559477358375,11.128144707678123,11.1724214553833,21600,0.0,0.0
2021-08-02 00:00:00,11.231455382796018,11.268352551095447,11.14290260113036,11.26097297668457,80400,0.0,0.0
2021-08-03 00:00:00,11.201942103143278,11.305253369664298,11.150285766127546,11.216700553894043,79600,0.0,0.0
2021-08-04 00:00:00,11.187180754641204,11.268354680994102,11.091248380431923,11.113387107849121,70000,0.0,0.0
2021-08-05 00:00:00,11.128142733012549,11.157660324993156,11.076487122985213,11.10600471496582,58300,0.0,0.0
2021-08-06 00:00:00,11.128143885787901,11.15028190612793,11.069108695711174,11.15028190612793,35400,0.0,0.0
2021-08-09 00:00:00,11.15028190612793,11.172420630222936,11.120764311089566,11.15028190612793,44400,0.0,0.0
2021-08-10 00:00:00,11.142905422611882,11.201940625337219,11.142905422611882,11.18718147277832,53000,0.0,0.0
2021-08-11 00:00:00,11.18644195548833,11.223482587876848,11.156809025674649,11.171625137329102,68200,0.059,0.0
2021-08-12 00:00:00,11.164215206461481,11.164215206461481,11.067908021068407,11.075316429138184,110600,0.0,0.0
2021-08-13 00:00:00,11.075312872318252,11.171620026782431,11.075312872318252,11.134578704833984,62600,0.0,0.0
2021-08-16 00:00:00,11.119766922545272,11.149399850322348,11.10495010540437,11.127175331115723,35900,0.0,0.0
2021-08-17 00:00:00,11.134582188946734,11.15680741297295,11.045683412355894,11.097540855407715,80400,0.0,0.0
2021-08-18 00:00:00,11.060497886712659,11.186437970179256,11.060497886712659,11.090130805969238,45400,0.0,0.0
2021-08-19 00:00:00,11.112357671425192,11.119766079433932,11.082724745894913,11.097540855407715,60000,0.0,0.0
2021-08-20 00:00:00,11.082721278008831,11.208661348730876,11.082721278008831,11.134578704833984,46700,0.0,0.0
2021-08-23 00:00:00,11.171624369528976,11.171624369528976,11.097541696833918,11.127175331115723,61600,0.0,0.0
2021-08-24 00:00:00,11.112360545617683,11.223483868471918,11.112360545617683,11.208667755126953,62900,0.0,0.0
2021-08-25 00:00:00,11.216073393707351,11.22348109529706,11.156807541961593,11.186440467834473,58500,0.0,0.0
2021-08-26 00:00:00,11.186440467834473,11.19384816942418,11.164215243551302,11.186440467834473,26900,0.0,0.0
2021-08-27 00:00:00,11.164215243551302,11.20125657751857,11.156807541961593,11.186440467834473,41500,0.0,0.0
2021-08-30 00:00:00,11.201258067142781,11.21607488530201,11.149400616595035,11.171625137329102,55000,0.0,0.0
2021-08-31 00:00:00,11.149397585061205,11.17903050681766,11.11976466330475,11.156805992126465,37600,0.0,0.0
2021-09-01 00:00:00,11.216071923946448,11.216071923946448,11.11976475085357,11.193846702575684,77500,0.0,0.0
2021-09-02 00:00:00,11.201257612126744,11.238298949515348,11.18644150107415,11.223482131958008,95400,0.0,0.0
2021-09-03 00:00:00,11.208665705876504,11.216074114446954,11.075317177627293,11.127175331115723,201200,0.0,0.0
2021-09-07 00:00:00,11.10494837736325,11.179031038530304,11.10494837736325,11.141989707946777,73500,0.0,0.0
2021-09-08 00:00:00,11.179030948932812,11.193847057144705,11.104948288359516,11.164214134216309,66500,0.0,0.0
2021-09-09 00:00:00,11.127173334817241,11.164213958014676,11.119764927575913,11.149397850036621,43700,0.0,0.0
2021-09-10 00:00:00,11.148656530679661,11.156094096972796,11.074282995604392,11.11890697479248,89200,0.059,0.0
2021-09-13 00:00:00,11.118907253820225,11.156094376933746,11.118907253820225,11.133782386779785,28800,0.0,0.0
2021-09-14 00:00:00,11.156094271918658,11.156094271918658,11.096595159211255,11.141219139099121,52000,0.0,0.0
2021-09-15 00:00:00,11.126341792687843,11.208152873847501,11.126341792687843,11.200716018676758,40300,0.0,0.0
2021-09-16 00:00:00,11.163529396057129,11.185841381119817,11.148654266491858,11.163529396057129,49800,0.0,0.0
2021-09-17 00:00:00,11.163531943413528,11.163531943413528,11.126344820300005,11.133782386779785,30400,0.0,0.0
2021-09-20 00:00:00,11.126344541085617,11.148656530679661,11.089157418905302,11.11890697479248,52300,0.0,0.0
2021-09-21 00:00:00,11.133778145040228,11.156090126693785,11.104028599740449,11.111465454101562,72600,0.0,0.0
2021-09-22 00:00:00,11.104032830146044,11.156094376933746,11.104032830146044,11.133782386779785,39400,0.0,0.0
2021-09-23 00:00:00,11.118905562280395,11.178404666496167,11.081718444824219,11.081718444824219,76700,0.0,0.0
2021-09-24 00:00:00,11.118905562280395,11.15609267973657,11.081718444824219,11.081718444824219,177900,0.0,0.0
2021-09-27 00:00:00,11.08171872573787,11.111468278599887,11.066844303949507,11.096593856811523,72300,0.0,0.0
2021-09-28 00:00:00,11.051966484767021,11.096591157848879,10.970155411616254,11.029654502868652,208000,0.0,0.0
2021-09-29 00:00:00,11.02965482666938,11.10402904756086,11.022217262723204,11.059404373168945,81600,0.0,0.0
2021-09-30 00:00:00,11.022221896332152,11.178407258434591,10.94041078638723,10.962722778320312,271700,0.0,0.0
2021-10-01 00:00:00,10.98503243376944,11.00734441951618,10.940407752990723,10.940407752990723,66300,0.0,0.0
2021-10-04 00:00:00,10.94040789004422,10.985032571381963,10.858596801757812,10.858596801757812,92200,0.0,0.0
2021-10-05 00:00:00,10.918095306089805,10.95528171100196,10.84372107769508,10.903220176696777,104400,0.0,0.0
2021-10-06 00:00:00,10.866032072652516,10.91809431150027,10.866032072652516,10.888344764709473,36700,0.0,0.0
2021-10-07 00:00:00,10.858595217918673,10.910656747481285,10.858595217918673,10.888344764709473,72000,0.0,0.0
2021-10-08 00:00:00,10.91746548277421,10.91746548277421,10.850257988450407,10.880127906799316,88300,0.059,0.0
2021-10-11 00:00:00,10.872660846175839,10.917465367147162,10.842790928143282,10.850257873535156,51400,0.0,0.0
2021-10-12 00:00:00,10.827860731101502,10.842796053254835,10.79052313787353,10.797990798950195,109200,0.0,0.0
2021-10-13 00:00:00,10.805453352563832,10.887595449114606,10.805453352563832,10.850257873535156,96800,0.0,0.0
2021-10-14 00:00:00,10.857727505648565,10.924935011482805,10.82038992327897,10.835325241088867,130800,0.0,0.0
2021-10-15 00:00:00,10.80545711517334,10.842794703754254,10.783054134731628,10.80545711517334,71600,0.0,0.0
2021-10-18 00:00:00,10.812919911905938,10.88759506039874,10.790517652220096,10.857725143432617,80300,0.0,0.0
2021-10-19 00:00:00,10.842792899993817,10.872662823458462,10.82038992327897,10.835325241088867,60400,0.0,0.0
2021-10-20 00:00:00,10.842796053254835,10.842796053254835,10.760653205722223,10.797990798950195,111600,0.0,0.0
2021-10-21 00:00:00,10.75318513736583,10.775588119747308,10.656108395667406,10.678510665893555,150200,0.0,0.0
2021-10-22 00:00:00,10.708381474497791,10.708381474497791,10.559031807158256,10.566498756408691,197800,0.0,0.0
2021-10-25 00:00:00,10.544095430129408,10.64117288223298,10.48435556916649,10.536627769470215,157900,0.0,0.0
2021-10-26 00:00:00,10.559031181815465,10.573965791587243,10.454486064791624,10.46942138671875,118900,0.0,0.0
2021-10-27 00:00:00,10.476886642876526,10.551561816136907,10.417146789130312,10.447016716003418,153600,0.0,0.0
2021-10-28 00:00:00,10.44701994421146,10.476889880314602,10.349942473837384,10.394747734069824,125400,0.0,0.0
2021-10-29 00:00:00,10.379810229817204,10.439550089476027,10.245395901662501,10.349940299987793,307400,0.0,0.0
2021-11-01 00:00:00,10.35740796048397,10.424615480638973,10.312603421817505,10.349940299987793,142700,0.0,0.0
2021-11-02 00:00:00,10.387276862257206,10.499289622147778,10.364874595141183,10.447016716003418,188400,0.0,0.0
2021-11-03 00:00:00,10.454484375760503,10.559029475893992,10.39474452201429,10.447016716003418,124400,0.0,0.0
2021-11-04 00:00:00,10.506759448065736,10.58143464178331,10.469422563362375,10.573966979980469,110900,0.0,0.0
2021-11-05 00:00:00,10.58143082837261,10.70837818464905,10.58143082837261,10.656105995178223,73700,0.0,0.0
2021-11-08 00:00:00,10.671043037547566,10.745718221402239,10.671043037547566,10.723315238952637,65700,0.0,0.0
2021-11-09 00:00:00,10.745718188727333,10.775588119747308,10.641173074079754,10.678510665893555,88000,0.0,0.0
2021-11-10 00:00:00,10.602776536514696,10.722751259767666,10.160369208190053,10.527791976928711,165600,0.059,0.0
2021-11-11 00:00:00,10.535290905317154,10.587779669605064,10.527792306102944,10.557785987854004,106900,0.0,0.0
2021-11-12 00:00:00,10.58778032609379,10.722752259895302,10.58778032609379,10.61777400970459,66700,0.0,0.0
2021-11-15 00:00:00,10.76024375595929,10.947704443588506,10.625271832032407,10.715252876281738,224800,0.0,0.0
2021-11-16 00:00:00,10.730250559059087,10.745247042891577,10.65526599457922,10.67776107788086,96100,0.0,0.0
2021-11-17 00:00:00,10.677760078009266,10.692757275543215,10.632769915618894,10.662763595581055,59400,0.0,0.0
2021-11-18 00:00:00,10.685257149802672,10.752743098849905,10.685257149802672,10.707752227783203,102000,0.0,0.0
2021-11-19 00:00:00,10.752747046968976,10.790239334106445,10.707756159382832,10.790239334106445,83600,0.0,0.0
2021-11-22 00:00:00,10.78273898105904,10.81273266287274,10.71525301820177,10.72275161743164,103800,0.0,0.0
2021-11-23 00:00:00,10.7152523567384,10.722750955505374,10.632769915618894,10.662763595581055,80900,0.0,0.0
2021-11-24 00:00:00,10.677760408508204,10.737747770289259,10.632770244725295,10.692757606506348,59600,0.0,0.0
2021-11-26 00:00:00,10.677758360447019,10.692755555568606,10.62526960773271,10.685256958007812,20200,0.0,0.0
2021-11-29 00:00:00,10.76024564741765,10.790239334106445,10.700258274040058,10.790239334106445,94800,0.0,0.0
2021-11-30 00:00:00,10.805235050292936,10.81273365020752,10.745247681187955,10.81273365020752,41700,0.0,0.0
2021-12-01 00:00:00,10.857720802640944,10.87271799830311,10.737746097766228,10.805232048034668,119100,0.0,0.0
2021-12-02 00:00:00,10.820231624122034,10.850225306939253,10.797735825679766,10.842726707458496,99400,0.0,0.0
2021-12-03 00:00:00,10.827730906138017,10.83522950658669,10.76024564741765,10.790239334106445,53000,0.0,0.0
2021-12-06 00:00:00,10.84272733476001,10.84272733476001,10.775241365740445,10.81273365020752,94900,0.0,0.0
2021-12-07 00:00:00,10.797734254146272,10.977697039963083,10.797734254146272,10.94770336151123,130100,0.0,0.0
2021-12-08 00:00:00,10.947705015754476,11.15016219712016,10.947705015754476,11.022688865661621,124700,0.0,0.0
2021-12-09 00:00:00,11.022687145303996,11.127665376916573,11.015188546951878,11.120166778564453,77600,0.0,0.0
2021-12-10 00:00:00,11.12694195930422,11.179641091038256,11.044130063667938,11.074243545532227,69100,0.059,0.0
2021-12-13 00:00:00,11.05165928433398,11.17211321910131,11.021545800642146,11.12694263458252,72600,0.0,0.0
2021-12-14 00:00:00,11.126939382752374,11.14199647917892,10.946258533405063,10.968843460083008,93100,0.0,0.0
2021-12-15 00:00:00,10.961316868874858,11.014015276400935,10.833334406629856,10.893561363220215,100900,0.0,0.0
2021-12-16 00:00:00,10.878506071293808,11.059186971064065,10.878506071293808,11.014017105102539,95400,0.0,0.0
2021-12-17 00:00:00,10.93120424331527,11.10435657752956,10.93120424331527,11.036601066589355,109100,0.0,0.0
2021-12-20 00:00:00,10.946258533405063,11.059183884756663,10.946258533405063,10.968843460083008,62800,0.0,0.0
2021-12-21 00:00:00,10.96885030156736,10.976378854476337,10.795697892434811,10.825811386108398,118400,0.0,0.0
2021-12-22 00:00:00,10.863446656944681,11.014014031400773,10.833333182053462,10.968843460083008,82600,0.0,0.0
2021-12-23 00:00:00,10.991430526726333,11.036600385926022,10.953788498751948,10.983901977539062,64600,0.0,0.0
2021-12-27 00:00:00,10.983901977539062,11.036600385926022,10.953788498751948,10.983901977539062,64200,0.0,0.0
2021-12-28 00:00:00,11.021545191312583,11.021545191312583,10.923676195234323,10.9989595413208,187900,0.0,0.0
2021-12-29 00:00:00,10.998956934974226,10.998956934974226,10.908616510300572,10.968843460083008,85500,0.0,0.0
2021-12-30 00:00:00,10.97637200829628,11.029070409865446,10.93120215494039,10.968843460083008,67200,0.0,0.0
2021-12-31 00:00:00,11.006488091318062,11.014016641315322,10.946261127264062,10.9989595413208,47900,0.0,0.0
2022-01-03 00:00:00,11.03660283548281,11.03660283548281,10.87850685727081,10.923677444458008,130700,0.0,0.0
2022-01-04 00:00:00,10.953789710998535,10.961318261018983,10.878505646718141,10.953789710998535,96600,0.0,0.0
2022-01-05 00:00:00,10.953788811209042,10.983902290855145,10.855919822868714,10.878504753112793,86500,0.0,0.0
2022-01-06 00:00:00,10.893564759178988,10.908621144039275,10.780638641897019,10.833337783813477,183800,0.0,0.0
2022-01-07 00:00:00,10.833336811056737,10.870978128808623,10.788166224607512,10.855921745300293,90900,0.0,0.0
2022-01-10 00:00:00,10.810752129579775,10.886036207767754,10.810752129579775,10.833337783813477,134100,0.0,0.0
2022-01-11 00:00:00,10.803222865371891,10.878506215627302,10.765580831263144,10.840864181518555,132800,0.0,0.0
2022-01-12 00:00:00,10.870347189742228,10.961059318280153,10.847669337836724,10.953499794006348,87900,0.059,0.0
2022-01-13 00:00:00,10.923260333650118,10.923260333650118,10.840107745251656,10.870345115661621,128900,0.0,0.0
2022-01-14 00:00:00,10.83254936968895,10.862786743301339,10.734277725219727,10.734277725219727,140600,0.0,0.0
2022-01-18 00:00:00,10.704039486457557,10.726717334604958,10.545293107594171,10.552852630615234,224400,0.0,0.0
2022-01-19 00:00:00,10.552854824990993,10.62088910449613,10.394108413117648,10.454583168029785,238500,0.0,0.0
2022-01-20 00:00:00,10.48481951297871,10.55285378578408,10.38654786569494,10.41678524017334,172000,0.0,0.0
2022-01-21 00:00:00,10.37898509783855,10.492375757378596,10.212679950644855,10.250476837158203,155500,0.0,0.0
2022-01-24 00:00:00,10.235359457309718,10.401665352441775,10.20512208736896,10.356308937072754,186400,0.0,0.0
2022-01-25 00:00:00,10.356309949226793,10.545293710055441,10.356309949226793,10.499938011169434,84600,0.0,0.0
2022-01-26 00:00:00,10.507499269078865,10.567974029002393,10.37899022401237,10.409228324890137,129500,0.0,0.0
2022-01-27 00:00:00,10.40922907978497,10.462144318326557,10.28072002539878,10.295838356018066,141600,0.0,0.0
2022-01-28 00:00:00,10.23535961790716,10.326071729152751,10.205122247491964,10.212681770324707,188300,0.0,0.0
2022-01-31 00:00:00,10.250476837158203,10.295832524241703,10.190001386187458,10.250476837158203,120700,0.0,0.0
2022-02-01 00:00:00,10.2731597546042,10.43190617963246,10.258040704165316,10.409228324890137,92600,0.0,0.0
2022-02-02 00:00:00,10.454577538469733,10.507492740295195,10.40922185716664,10.492374420166016,127100,0.0,0.0
2022-02-03 00:00:00,10.462142547200857,10.477260875260777,10.378989219665527,10.378989219665527,106600,0.0,0.0
2022-02-04 00:00:00,10.371429443359375,10.409226341338112,10.318513497822794,10.371429443359375,149700,0.0,0.0
2022-02-07 00:00:00,10.363870891605607,10.484820399748703,10.348751842629753,10.378989219665527,134300,0.0,0.0
2022-02-08 00:00:00,10.356308425360554,10.507495267594104,10.356308425360554,10.447020530700684,74800,0.0,0.0
2022-02-09 00:00:00,10.507498398348918,10.507498398348918,10.424345790573717,10.454583168029785,50000,0.0,0.0
2022-02-10 00:00:00,10.400681495666504,10.45382415695552,10.36272265874709,10.400681495666504,88300,0.059,0.0
2022-02-11 00:00:00,10.40826836797409,10.423451460987163,10.264025726330805,10.332350730895996,164700,0.0,0.0
2022-02-14 00:00:00,10.264030002920935,10.309580024943177,10.0666446434791,10.09701156616211,165300,0.0,0.0
2022-02-15 00:00:00,10.09701196762551,10.180520827323015,9.960360448116345,10.051461219787598,168200,0.0,0.0
2022-02-16 00:00:00,10.036278067624862,10.188112686286935,9.983135408089707,10.112195014953613,110200,0.0,0.0
2022-02-17 00:00:00,10.134967752457829,10.339944246010855,10.089417018332513,10.226068496704102,90800,0.0,0.0
2022-02-18 00:00:00,10.195705069763116,10.431048558572607,10.195705069763116,10.248847007751465,162100,0.0,0.0
2022-02-22 00:00:00,10.021090208146525,10.112190942656442,9.800929918746489,9.884439468383789,433000,0.0,0.0
2022-02-23 00:00:00,9.854077022037334,9.92240278990122,9.77816006530331,9.808526992797852,153000,0.0,0.0
2022-02-24 00:00:00,9.679464200434094,9.907216444068723,9.679464200434094,9.892032623291016,110300,0.0,0.0
2022-02-25 00:00:00,9.998319443889088,9.998319443889088,9.816117897632536,9.86925983428955,113700,0.0,0.0
2022-02-28 00:00:00,9.762971174205909,9.914806456906186,9.755379989274322,9.861663818359375,147200,0.0,0.0
2022-03-01 00:00:00,9.892034394607899,10.043869009551106,9.892034394607899,9.975543975830078,118400,0.0,0.0
2022-03-02 00:00:00,10.028685995929587,10.06664483099155,9.937585226183614,9.952768325805664,92400,0.0,0.0
2022-03-03 00:00:00,9.990726075395507,10.036276817321777,9.869258395598093,10.036276817321777,122400,0.0,0.0
2022-03-04 00:00:00,9.99072337425204,10.005907192123782,9.81611381275272,9.861663818359375,178500,0.0,0.0
2022-03-07 00:00:00,9.869259051302503,9.892034061776549,9.65669059753418,9.65669059753418,133300,0.0,0.0
2022-03-08 00:00:00,9.641506774548462,9.70224061848227,9.489672164713946,9.65669059753418,178200,0.0,0.0
2022-03-09 00:00:00,9.656686807769733,9.679461809305733,9.557994169108067,9.595952987670898,166000,0.0,0.0
2022-03-10 00:00:00,9.557060498305367,9.579943050849032,9.488414295474584,9.549433708190918,148600,0.059,0.0
2022-03-11 00:00:00,9.541802255620722,9.541802255620722,9.358746275164641,9.366373062133789,191000,0.0,0.0
2022-03-14 00:00:00,9.343489515461608,9.343489515461608,8.88584892170362,8.908731460571289,449400,0.0,0.0
2022-03-15 00:00:00,8.916357695371675,9.114668655577281,8.817202942668498,8.855339050292969,181100,0.0,0.0
2022-03-16 00:00:00,8.885849899472596,8.985005396610886,8.809576943719893,8.901104927062988,286000,0.0,0.0
2022-03-17 00:00:00,8.923988955663269,9.061281328448835,8.923988955663269,8.954498291015625,160700,0.0,0.0
2022-03-18 00:00:00,8.962121662291612,9.03839532910074,8.946866637969947,8.985003471374512,144500,0.0,0.0
2022-03-21 00:00:00,8.954498330090583,9.007890212740142,8.824833472427267,8.870597839355469,224800,0.0,0.0
2022-03-22 00:00:00,8.870597593173457,8.885851896792888,8.771442073747453,8.80195140838623,249000,0.0,0.0
2022-03-23 00:00:00,8.80957732225604,8.832459137225078,8.771440479041122,8.779067993164062,130000,0.0,0.0
2022-03-24 00:00:00,8.771443772102174,8.786698806075249,8.695170057036915,8.725679397583008,163200,0.0,0.0
2022-03-25 00:00:00,8.702790941829297,8.710418453003086,8.504480015707806,8.542616844177246,329700,0.0,0.0
2022-03-28 00:00:00,8.56549865029911,8.657027329585569,8.412952063820848,8.542616844177246,310300,0.0,0.0
2022-03-29 00:00:00,8.542617497852333,8.634145456742946,8.428207731088957,8.565499305725098,327700,0.0,0.0
2022-03-30 00:00:00,8.58838306808453,8.733302175183798,8.580755555237289,8.634146690368652,218100,0.0,0.0
2022-03-31 00:00:00,8.649402248832896,8.81720390480982,8.649402248832896,8.771439552307129,217200,0.0,0.0
2022-04-01 00:00:00,8.763809502155992,8.870592475485646,8.695163356972605,8.740927696228027,253800,0.0,0.0
2022-04-04 00:00:00,8.771442073747453,8.862970077663784,8.748560254618349,8.80195140838623,218200,0.0,0.0
2022-04-05 00:00:00,8.779067993164062,8.832459137225078,8.733303635826204,8.779067993164062,317400,0.0,0.0
2022-04-06 00:00:00,8.733303635826204,8.824831623102137,8.718049334980106,8.779067993164062,212600,0.0,0.0
2022-04-07 00:00:00,8.756183658280902,8.763811170842382,8.580755233764648,8.580755233764648,308300,0.0,0.0
2022-04-08 00:00:00,8.572322466340832,8.602992641858336,8.434306310894735,8.4879789352417,257000,0.059,0.0
2022-04-11 00:00:00,8.472643298222449,8.556986088979565,8.273286813267902,8.303956985473633,413200,0.0,0.0
2022-04-12 00:00:00,8.342299340641363,8.434309906417724,8.234953314951456,8.257956504821777,262000,0.0,0.0
2022-04-13 00:00:00,8.257953466528106,8.31162609400816,8.066264675545387,8.135272026062012,388500,0.0,0.0
2022-04-14 00:00:00,8.158273702533991,8.165940697020613,8.066263187583385,8.127603530883789,192800,0.0,0.0
2022-04-18 00:00:00,8.119934264977053,8.196609313941583,8.104598816443488,8.142936706542969,312500,0.0,0.0
2022-04-19 00:00:00,8.150606517178849,8.23494931199999,8.119936343495286,8.16594123840332,288700,0.0,0.0
2022-04-20 00:00:00,8.165942537722872,8.319294161775764,8.165942537722872,8.311626434326172,356500,0.0,0.0
2022-04-21 00:00:00,8.418970135518805,8.418970135518805,8.234949098195187,8.296289443969727,242400,0.0,0.0
2022-04-22 00:00:00,8.296287721062203,8.311623169938393,8.173607054990477,8.196609497070312,215600,0.0,0.0
2022-04-25 00:00:00,8.204283126359336,8.357634069319936,8.165945207810442,8.257956504821777,297600,0.0,0.0
2022-04-26 00:00:00,8.303958486140353,8.411304473876953,8.280956035637765,8.411304473876953,292700,0.0,0.0
2022-04-27 00:00:00,8.4113048460392,8.434307297559544,8.349964487828457,8.39596939086914,176200,0.0,0.0
2022-04-28 00:00:00,8.395968632904657,8.457308985577766,8.296290377002183,8.357630729675293,199300,0.0,0.0
2022-04-29 00:00:00,8.35763133655425,8.35763133655425,8.288623983212133,8.311626434326172,128000,0.0,0.0
2022-05-02 00:00:00,8.357628835810555,8.365296560965835,8.219613439188121,8.23494815826416,221200,0.0,0.0
2022-05-03 00:00:00,8.242619464378947,8.334630012512207,8.211949281667861,8.334630012512207,239500,0.0,0.0
2022-05-04 00:00:00,8.273288285478666,8.487979529122553,8.22728265336619,8.472644805908203,216100,0.0,0.0
2022-05-05 00:00:00,8.43430462145454,8.43430462145454,8.250283605209999,8.265618324279785,191000,0.0,0.0
2022-05-06 00:00:00,8.250284373095145,8.357629610278229,8.227281195497696,8.273286819458008,118500,0.0,0.0
2022-05-09 00:00:00,8.250284194946289,8.319292263779369,8.242616469246043,8.250284194946289,191600,0.0,0.0
2022-05-10 00:00:00,8.296290387285099,8.403636370213432,8.234950034535961,8.326960563659668,206300,0.0,0.0
2022-05-11 00:00:00,8.326192083519512,8.380157907093682,8.202841209504724,8.225969314575195,173600,0.059,0.0
2022-05-12 00:00:00,8.195131452648427,8.32619193780275,8.187421839350128,8.272225379943848,151800,0.0,0.0
2022-05-13 00:00:00,8.333899063893337,8.580600733978589,8.287642133137867,8.34931755065918,258100,0.0,0.0
2022-05-16 00:00:00,8.341608349903403,8.395574894310364,8.256804830448191,8.372446060180664,175800,0.0,0.0
2022-05-17 00:00:00,8.34931653366473,8.441829648678073,8.210546493530273,8.210546493530273,191900,0.0,0.0
2022-05-18 00:00:00,8.172001611394514,8.241385910647148,7.986974607700381,7.994684219360352,325600,0.0,0.0
2022-05-19 00:00:00,8.04094089720919,8.079487483819538,7.825076189000385,7.871333122253418,433900,0.0,0.0
2022-05-20 00:00:00,7.917589151321591,8.025520757871245,7.917589151321591,8.010102272033691,206100,0.0,0.0
2022-05-23 00:00:00,8.03323309420677,8.125746246310039,8.010104989988248,8.056361198425293,268800,0.0,0.0
2022-05-24 00:00:00,8.079490712398385,8.295355506867146,8.079490712398385,8.264517784118652,171500,0.0,0.0
2022-05-25 00:00:00,8.31077168779103,8.603730339987814,8.31077168779103,8.557474136352539,236200,0.0,0.0
2022-05-26 00:00:00,8.611438747580188,8.858140426398563,8.557472939145917,8.842721939086914,166900,0.0,0.0
2022-05-27 00:00:00,8.86584969118705,9.074004775976999,8.86584969118705,8.904397010803223,234100,0.0,0.0
2022-05-31 00:00:00,8.935235131649394,8.96607284171914,8.773336969975983,8.927525520324707,128900,0.0,0.0
2022-06-01 00:00:00,8.99690839159628,9.043164577980106,8.91210489307338,9.035455703735352,159600,0.0,0.0
2022-06-02 00:00:00,9.03545683675695,9.135679566794664,8.996909519784149,9.112550735473633,149500,0.0,0.0
2022-06-03 00:00:00,9.081717199147327,9.081717199147327,8.973785544337378,9.05087947845459,108200,0.0,0.0
2022-06-06 00:00:00,9.066292346281557,9.097130045341206,8.981488122445969,8.989197731018066,125300,0.0,0.0
2022-06-07 00:00:00,8.94294323497485,9.02774673955945,8.919814404900876,9.004618644714355,140500,0.0,0.0
2022-06-08 00:00:00,9.012325821505618,9.027745038649812,8.973779249102611,8.989197731018066,95800,0.0,0.0
2022-06-09 00:00:00,8.989201514043684,8.989201514043684,8.850431442260742,8.850431442260742,177300,0.0,0.0
2022-06-10 00:00:00,8.717918827375046,8.795411734784789,8.640425919965303,8.655924797058105,150000,0.059,0.0
2022-06-13 00:00:00,8.570680133364295,8.570680133364295,8.291706357407955,8.32270336151123,267000,0.0,0.0
2022-06-14 00:00:00,8.307209403472458,8.345955862828953,8.105728406040464,8.136725425720215,321600,0.0,0.0
2022-06-15 00:00:00,8.175473667130502,8.245217161369128,7.91199857290787,8.113479614257812,560200,0.0,0.0
2022-06-16 00:00:00,7.950739824740701,8.043730843044303,7.865497503692208,7.9042439460754395,321100,0.0,0.0
2022-06-17 00:00:00,7.94299442533177,7.966242006966074,7.819006337912422,7.857752799987793,326700,0.0,0.0
2022-06-21 00:00:00,7.904246285033236,7.9429927388819905,7.826754116362865,7.842252254486084,176600,0.0,0.0
2022-06-22 00:00:00,7.857751789971077,7.997238000874971,7.8422529115222,7.927494525909424,256800,0.0,0.0
2022-06-23 00:00:00,8.004989039314733,8.12897713556696,7.981741456024277,8.04373550415039,200700,0.0,0.0
2022-06-24 00:00:00,8.074729230660912,8.136723253469947,8.051481656864285,8.10572624206543,90000,0.0,0.0
2022-06-27 00:00:00,8.097977375528911,8.152222703582497,8.020485211066372,8.066980361938477,148800,0.0,0.0
2022-06-28 00:00:00,8.05148331645212,8.144474369833176,8.0437338772469,8.090229034423828,112900,0.0,0.0
2022-06-29 00:00:00,8.121224364470146,8.26071128506725,8.082478654550545,8.221964836120605,131000,0.0,0.0
2022-06-30 00:00:00,8.214214216663207,8.338202233076304,8.183217212559933,8.32270336151123,163800,0.0,0.0
2022-07-01 00:00:00,8.407948703390206,8.586181356379692,8.376951688129985,8.53968620300293,201200,0.0,0.0
2022-07-05 00:00:00,8.531938806483483,8.686923919879055,8.493192343377762,8.562935829162598,414700,0.0,0.0
2022-07-06 00:00:00,8.61717872006195,8.725668647372911,8.601680581318766,8.694671630859375,216000,0.0,0.0
2022-07-07 00:00:00,8.748914598577366,8.764413473466478,8.624926555572609,8.741165161132812,208500,0.0,0.0
2022-07-08 00:00:00,8.717017076551663,8.740387631297315,8.561217092811935,8.600167274475098,199000,0.059,0.0
2022-07-11 00:00:00,8.569011188835995,8.685861044245728,8.569011188835995,8.670281410217285,140200,0.0,0.0
2022-07-12 00:00:00,8.709226207544388,8.802706182471548,8.654695664985608,8.72480583190918,145800,0.0,0.0
2022-07-13 00:00:00,8.662486961291691,8.802707313149666,8.639117150286328,8.771547317504883,112100,0.0,0.0
2022-07-14 00:00:00,8.755968499365167,8.763758685384635,8.646908866744718,8.740388870239258,55200,0.0,0.0
2022-07-15 00:00:00,8.802708872568951,8.833868873733797,8.717018312180851,8.740388870239258,64000,0.0,0.0
2022-07-18 00:00:00,8.755965898562236,8.787125890471565,8.592375755310059,8.592375755310059,136700,0.0,0.0
2022-07-19 00:00:00,8.576796891618121,8.639116880964885,8.576796891618121,8.607956886291504,88800,0.0,0.0
2022-07-20 00:00:00,8.61574970952802,8.678069717962215,8.61574970952802,8.646909713745117,107100,0.0,0.0
2022-07-21 00:00:00,8.662486691241703,8.717016496191903,8.592376517498376,8.607956886291504,88900,0.0,0.0
2022-07-22 00:00:00,8.662485437577022,8.81049594803965,8.65469525430788,8.802705764770508,130300,0.0,0.0
2022-07-25 00:00:00,8.818287132853667,8.818287132853667,8.67806752083432,8.755967140197754,75500,0.0,0.0
2022-07-26 00:00:00,8.78712847443878,8.826078661507442,8.740388844286807,8.763758659362793,48400,0.0,0.0
2022-07-27 00:00:00,8.80271125551869,8.880610908062222,8.77155124591863,8.84166145324707,74300,0.0,0.0
2022-07-28 00:00:00,8.857236007389266,9.090936316830371,8.849445823728242,9.036406517028809,137300,0.0,0.0
2022-07-29 00:00:00,9.067570402687048,9.17663004912414,9.020830023561777,9.153260231018066,218200,0.0,0.0
2022-08-01 00:00:00,9.223369691552335,9.293479883183776,9.090939494673627,9.114309310913086,206900,0.0,0.0
2022-08-02 00:00:00,9.129886588809331,9.231156748735591,9.122096405065893,9.176626205444336,190100,0.0,0.0
2022-08-03 00:00:00,9.176624829018397,9.29347533890482,9.16104520678116,9.277894973754883,99300,0.0,0.0
2022-08-04 00:00:00,9.285690553507266,9.449280768102616,9.285690553507266,9.425910949707031,184400,0.0,0.0
2022-08-05 00:00:00,9.363589861194242,9.371379304487643,9.270109112542947,9.355799674987793,142300,0.0,0.0
2022-08-08 00:00:00,9.348010564504243,9.628450613990644,9.238950173802966,9.425910949707031,248300,0.0,0.0
2022-08-09 00:00:00,9.44927929733285,9.44927929733285,9.332428737716327,9.34800910949707,105800,0.0,0.0
2022-08-10 00:00:00,9.386368786922503,9.566424626539174,9.347226148172467,9.394197463989258,97300,0.059,0.0
2022-08-11 00:00:00,9.40202329592662,9.448993850945998,9.347223319625998,9.35505199432373,96500,0.0,0.0
2022-08-12 00:00:00,9.409854888916016,9.417682819457925,9.339398287952632,9.409854888916016,113500,0.0,0.0
2022-08-15 00:00:00,9.409855219836585,9.425511828054749,9.049744271813571,9.206314086914062,320000,0.0,0.0
2022-08-16 00:00:00,9.229800366504989,9.229800366504989,9.096715822691545,9.120201110839844,194200,0.0,0.0
2022-08-17 00:00:00,9.198483453831596,9.198483453831596,9.065398952645216,9.151512145996094,207600,0.0,0.0
2022-08-18 00:00:00,9.159343755476241,9.182829043624542,9.049745246394947,9.120201110839844,118100,0.0,0.0
2022-08-19 00:00:00,9.041915027857952,9.041915027857952,8.908830506715494,8.924487113952637,111600,0.0,0.0
2022-08-22 00:00:00,8.916656624009843,8.916656624009843,8.807057418476516,8.814886093139648,143700,0.0,0.0
2022-08-23 00:00:00,8.807059386964223,8.861858628687447,8.775745427896142,8.783574104309082,142600,0.0,0.0
2022-08-24 00:00:00,8.79923149388233,8.838374132847933,8.767917532026596,8.791402816772461,76200,0.0,0.0
2022-08-25 00:00:00,8.79923149388233,8.830545455738063,8.74443224728073,8.791402816772461,141200,0.0,0.0
2022-08-26 00:00:00,8.760088101956761,8.783574131267661,8.72877414279257,8.744431495666504,75500,0.0,0.0
2022-08-29 00:00:00,8.7444315227463,8.7444315227463,8.658318321424021,8.705288887023926,114100,0.0,0.0
2022-08-30 00:00:00,8.697458399261272,8.697458399261272,8.580031263132783,8.595687866210938,138300,0.0,0.0
2022-08-31 00:00:00,8.61917782101262,8.634834431230123,8.525235919956009,8.572206497192383,127000,0.0,0.0
2022-09-01 00:00:00,8.517405597614953,8.533062204810584,8.33734976207104,8.399977684020996,310500,0.0,0.0
2022-09-02 00:00:00,8.478262865645553,8.540890786900368,8.439120228215366,8.470434188842773,129900,0.0,0.0
2022-09-06 00:00:00,8.470431452628791,8.486088801176539,8.353004324854572,8.368660926818848,97100,0.0,0.0
2022-09-07 00:00:00,8.360834063385301,8.423461972381302,8.337348037574127,8.3921480178833,179800,0.0,0.0
2022-09-08 00:00:00,8.376491582968102,8.454776851062167,8.360834977299477,8.384320259094238,94500,0.0,0.0
2022-09-09 00:00:00,8.438637071436977,8.438637071436977,8.352046100796015,8.415020942687988,172500,0.059,0.0
2022-09-12 00:00:00,8.422895782232752,8.462255259163475,8.336305533560827,8.352048873901367,107700,0.0,0.0
2022-09-13 00:00:00,8.304816081369186,8.312688124983762,8.13163487544552,8.178866386413574,272500,0.0,0.0
2022-09-14 00:00:00,8.131631798114324,8.20247866239545,8.08440105573965,8.100144386291504,180400,0.0,0.0
2022-09-15 00:00:00,8.09227278289047,8.115888906072927,8.02929795584223,8.045042037963867,161300,0.0,0.0
2022-09-16 00:00:00,7.997813783797594,8.06078863636927,7.911223549191402,7.982070446014404,248700,0.0,0.0
2022-09-19 00:00:00,7.974197823630673,8.021428584275453,7.903350931944098,7.9427103996276855,173500,0.0,0.0
2022-09-20 00:00:00,7.903349831116247,7.966324670350695,7.871862411499023,7.871862411499023,195200,0.0,0.0
2022-09-21 00:00:00,7.879736911658304,7.942711770533693,7.871864866618996,7.934839725494385,97700,0.0,0.0
2022-09-22 00:00:00,7.879732638672428,8.147376019116154,7.793141691635265,7.958450794219971,787700,0.0,0.0
2022-09-23 00:00:00,7.926963895240341,8.037170221007274,7.785270905790485,7.8876051902771,359300,0.0,0.0
2022-09-26 00:00:00,7.871864391230352,7.887608480358168,7.6435803539134515,7.659323692321777,332400,0.0,0.0
2022-09-27 00:00:00,7.675065054911329,7.730167845844644,7.619962263978014,7.651449680328369,152100,0.0,0.0
2022-09-28 00:00:00,7.70655485084703,7.793145084867529,7.643579998701311,7.67506742477417,257500,0.0,0.0
2022-09-29 00:00:00,7.635709634964462,7.6829411598281565,7.478272469951512,7.509759902954102,170900,0.0,0.0
2022-09-30 00:00:00,7.541242962883987,7.564858336261764,7.470396092031471,7.501883506774902,178600,0.0,0.0
2022-10-03 00:00:00,7.580601260824768,7.714422940718798,7.549113850892,7.635704040527344,247200,0.0,0.0
2022-10-04 00:00:00,7.690812218730622,7.824633228777514,7.690812218730622,7.785274505615234,299600,0.0,0.0
2022-10-05 00:00:00,7.7695265452744975,7.8246293308270705,7.667192264448898,7.777398586273193,123300,0.0,0.0
2022-10-06 00:00:00,7.714424658100244,7.7852715339006355,7.690809283073192,7.745912075042725,115700,0.0,0.0
2022-10-07 00:00:00,7.714424169982583,7.808886414833081,7.667192672197739,7.769526958465576,259500,0.0,0.0
2022-10-10 00:00:00,7.769526958465576,7.777398999882915,7.690808796449756,7.769526958465576,136700,0.0,0.0
2022-10-11 00:00:00,7.7616559482685945,7.785272075658271,7.682937775794209,7.753784656524658,173600,0.0,0.0
2022-10-12 00:00:00,7.752989916060803,7.816344216795783,7.7371517184984775,7.768828868865967,84900,0.059,0.0
2022-10-13 00:00:00,7.665879637693283,7.697556795070404,7.570848165561921,7.634202480316162,392700,0.0,0.0
2022-10-14 00:00:00,7.650041577749787,7.650041577749787,7.555010094483447,7.578767776489258,121000,0.0,0.0
2022-10-17 00:00:00,7.594606791605863,7.657961114258506,7.523332989810864,7.562929630279541,259400,0.0,0.0
2022-10-18 00:00:00,7.562930752748161,7.586688438458176,7.523334106402663,7.55501127243042,162900,0.0,0.0
2022-10-19 00:00:00,7.523333722919453,7.523333722919453,7.436221709594244,7.444140434265137,95300,0.0,0.0
2022-10-20 00:00:00,7.436221520306917,7.475817408382998,7.317431590349214,7.33327054977417,200000,0.0,0.0
2022-10-21 00:00:00,7.325349887046604,7.5074933595592155,7.277833771688557,7.28575325012207,266300,0.0,0.0
2022-10-24 00:00:00,7.261994785395425,7.333268573109743,7.135286165122393,7.143205642700195,291800,0.0,0.0
2022-10-25 00:00:00,7.166963523119121,7.230317835049478,7.119447411549867,7.182801723480225,356300,0.0,0.0
2022-10-26 00:00:00,7.159043842612849,7.261994785395425,7.143205642700195,7.143205642700195,206100,0.0,0.0
2022-10-27 00:00:00,7.159045219421387,7.166964698522242,7.071933215041266,7.159045219421387,326700,0.0,0.0
2022-10-28 00:00:00,7.182802729528595,7.182802729528595,7.079851769411352,7.095690727233887,207900,0.0,0.0
2022-10-31 00:00:00,7.119447123013219,7.1352860779753735,7.008577459249901,7.016496181488037,357700,0.0,0.0
2022-11-01 00:00:00,7.103609540572804,7.119447741668302,6.929384797064289,6.961061954498291,385700,0.0,0.0
2022-11-02 00:00:00,7.008578068270797,7.071932383138802,6.937304275233541,6.961061954498291,401100,0.0,0.0
2022-11-03 00:00:00,6.945224788553573,6.9531435126600645,6.826434864038769,6.850192546844482,335400,0.0,0.0
2022-11-04 00:00:00,6.850193650584896,6.937306426980459,6.771001110058214,6.7947587966918945,367600,0.0,0.0
2022-11-07 00:00:00,6.850192546844482,6.897708667699027,6.786838222533835,6.850192546844482,243700,0.0,0.0
2022-11-08 00:00:00,6.881870963076965,6.968983741310928,6.85811327594191,6.929387092590332,335100,0.0,0.0
2022-11-09 00:00:00,6.921465531455373,6.95314268986219,6.8422730130598435,6.866030693054199,251600,0.0,0.0
2022-11-10 00:00:00,7.208098483403797,7.263913162190339,7.128362576207621,7.200124740600586,753000,0.059,0.0
2022-11-11 00:00:00,7.247966364760779,7.279860575237763,7.200124668836323,7.208098411560059,350000,0.0,0.0
2022-11-14 00:00:00,7.216072310835872,7.239992779108073,7.040653769197789,7.096468448638916,383300,0.0,0.0
2022-11-15 00:00:00,7.184174742291364,7.255936873989393,7.120386349763698,7.160253524780273,395700,0.0,0.0
2022-11-16 00:00:00,7.247964466478578,7.3356733322143555,7.247964466478578,7.3356733322143555,362500,0.0,0.0
2022-11-17 00:00:00,7.279856339235582,7.4154068449931385,7.263908863067627,7.263908863067627,255900,0.0,0.0
2022-11-18 00:00:00,7.343649856982027,7.407438285412994,7.271887684892676,7.37554407119751,192000,0.0,0.0
2022-11-21 00:00:00,7.415409568340949,7.455277512985032,7.375541623696867,7.447303771972656,412100,0.0,0.0
2022-11-22 00:00:00,7.471224241294274,7.54298638963444,7.455277519673013,7.511092185974121,890500,0.0,0.0
2022-11-23 00:00:00,7.5589325727435055,7.606774255034553,7.542985852258318,7.5828537940979,338600,0.0,0.0
2022-11-25 00:00:00,7.566906457184659,7.6227218809892765,7.542985995792828,7.5988006591796875,121300,0.0,0.0
2022-11-28 00:00:00,7.590828558556933,7.630695745356882,7.542986869812012,7.542986869812012,287700,0.0,0.0
2022-11-29 00:00:00,7.5350126452495685,7.582854330927578,7.463250496941454,7.479197978973389,355300,0.0,0.0
2022-11-30 00:00:00,7.503118385795929,7.614748477935791,7.503118385795929,7.614748477935791,279300,0.0,0.0
2022-12-01 00:00:00,7.670561348591124,7.694481805445007,7.550958303904096,7.5669050216674805,362100,0.0,0.0
2022-12-02 00:00:00,7.550960213203984,7.694483751035575,7.550960213203984,7.630695343017578,355200,0.0,0.0
2022-12-05 00:00:00,7.630697245406484,7.702459412422018,7.598803033446024,7.662591457366943,521700,0.0,0.0
2022-12-06 00:00:00,7.6785388807535435,7.718406835482538,7.5748825026253535,7.606776714324951,598500,0.0,0.0
2022-12-07 00:00:00,7.614749100983484,7.774220131075827,7.614749100983484,7.758272647857666,294500,0.0,0.0
2022-12-08 00:00:00,7.758272159053572,7.774219641266973,7.59880113900858,7.630695343017578,459700,0.0,0.0
2022-12-09 00:00:00,7.581754192830883,7.6459382953945525,7.541638937444875,7.605823040008545,276900,0.059,0.0
2022-12-12 00:00:00,7.613845688754216,7.678029786636259,7.501523900028042,7.517569541931152,369000,0.0,0.0
2022-12-13 00:00:00,7.605823040008545,7.694076754884732,7.557685345653221,7.605823040008545,366000,0.0,0.0
2022-12-14 00:00:00,7.62989326946347,7.702100581971787,7.605823655204086,7.678030967712402,390900,0.0,0.0
2022-12-15 00:00:00,7.6379150047048245,7.6940758969016985,7.6379150047048245,7.645937442779541,505500,0.0,0.0
2022-12-16 00:00:00,7.6218695212242435,7.6218695212242435,7.501524519048332,7.58977746963501,397300,0.0,0.0
2022-12-19 00:00:00,7.57373247143198,7.589778882781722,7.509548356303023,7.533617973327637,317800,0.0,0.0
2022-12-20 00:00:00,7.501524229868918,7.541638718957923,7.4293169252929765,7.445362567901611,478500,0.0,0.0
2022-12-21 00:00:00,7.477455212670797,7.525593674593117,7.4293175158833735,7.461409568786621,564200,0.0,0.0
2022-12-22 00:00:00,7.493503873437478,7.493503873437478,7.37315806503602,7.413273334503174,460500,0.0,0.0
2022-12-23 00:00:00,7.413271865758816,7.437341481751422,7.341064548050942,7.3811798095703125,300100,0.0,0.0
2022-12-27 00:00:00,7.3651315774721,7.3651315774721,7.212693790260336,7.2768778800964355,718400,0.0,0.0
2022-12-28 00:00:00,7.292926287416116,7.3169951364291475,7.204672565810145,7.236765384674072,530200,0.0,0.0
2022-12-29 00:00:00,7.23676682806095,7.36513506858029,7.23676682806095,7.2929277420043945,392000,0.0,0.0
2022-12-30 00:00:00,7.2447891793424155,7.308973298805633,7.2207203258274735,7.252812385559082,739400,0.0,0.0
2023-01-03 00:00:00,7.35710885321688,7.4774538381990645,7.325016806212647,7.469431400299072,247800,0.0,0.0
2023-01-04 00:00:00,7.300949475424728,7.365133582735877,7.1003739487936635,7.260834217071533,1299900,0.0,0.0
2023-01-05 00:00:00,7.252811012373911,7.316995119685059,7.188626905062764,7.260834217071533,344700,0.0,0.0
2023-01-06 00:00:00,7.276881239074024,7.300950857724024,7.188628266095865,7.252812385559082,423900,0.0,0.0
2023-01-09 00:00:00,7.26083568187456,7.341065449631613,7.26083568187456,7.2929277420043945,461700,0.0,0.0
2023-01-10 00:00:00,7.300950088425312,7.341064585011678,7.268858032075233,7.333042144775391,318900,0.0,0.0
2023-01-11 00:00:00,7.357108700227581,7.4132695900334475,7.316993451022788,7.397223949432373,292300,0.0,0.0
2023-01-12 00:00:00,7.445570242627616,7.550324031328452,7.413338366755707,7.518092155456543,176600,0.04,0.0
2023-01-13 00:00:00,7.501977607206743,7.558383205425203,7.421397522492965,7.4616875648498535,192100,0.0,0.0
2023-01-17 00:00:00,7.453631190360977,7.469747518556524,7.381109250418669,7.405282974243164,327100,0.0,0.0
2023-01-18 00:00:00,7.45363152790043,7.5342116355896005,7.445573363437741,7.5342116355896,225500,0.0,0.0
2023-01-19 00:00:00,7.51809280563344,7.687310360712302,7.51809280563344,7.622846603393555,261000,0.0,0.0
2023-01-20 00:00:00,7.622849195732818,7.687312974974075,7.582559141589816,7.671197414398193,198600,0.0,0.0
2023-01-23 00:00:00,7.647020725730201,7.727600810885442,7.6389625635209475,7.655078887939453,288200,0.0,0.0
2023-01-24 00:00:00,7.647023312864604,7.75177715161919,7.63090775146254,7.703429698944092,327100,0.0,0.0
2023-01-25 00:00:00,7.68731385360551,7.743719474771346,7.622850066996282,7.727603912353516,239200,0.0,0.0
2023-01-26 00:00:00,7.73566075168466,7.7517763113398255,7.703428863905508,7.743718147277832,200200,0.0,0.0
2023-01-27 00:00:00,7.6953693179040155,7.735659362509848,7.655079273298183,7.663137435913086,124500,0.0,0.0
2023-01-30 00:00:00,7.655081085353446,7.671197414398193,7.606732866688072,7.671197414398193,146500,0.0,0.0
2023-01-31 00:00:00,7.671197807671057,7.719545260346155,7.638965147929119,7.703429698944092,155900,0.0,0.0
2023-02-01 00:00:00,7.735660474064852,7.800124247309659,7.655080373274446,7.767892360687256,203000,0.0,0.0
2023-02-02 00:00:00,7.816240474002377,7.848472363377834,7.743718530790385,7.751776695251465,317800,0.0,0.0
2023-02-03 00:00:00,7.695373822647656,7.735663890838623,7.638967419792649,7.735663890838623,235700,0.0,0.0
2023-02-06 00:00:00,7.7034274805189185,7.719543037280041,7.655079273298183,7.663137435913086,206400,0.0,0.0
2023-02-07 00:00:00,7.719541908116935,7.8081793785095215,7.679251869404461,7.8081793785095215,207600,0.0,0.0
2023-02-08 00:00:00,7.767893106351825,7.792066831521941,7.711486722996396,7.719544887542725,138200,0.0,0.0
2023-02-09 00:00:00,7.759834801784079,7.7840085265179955,7.566443466975038,7.614790916442871,246400,0.0,0.0
2023-02-10 00:00:00,7.5824205787987236,7.671434844608459,7.558144101166125,7.622881889343262,86900,0.04,0.0
2023-02-13 00:00:00,7.671438666418541,7.7118999971203825,7.5986091972380585,7.630978107452393,169300,0.0,0.0
2023-02-14 00:00:00,7.655252249329023,7.663344667334603,7.533869066187166,7.606698513031006,207400,0.0,0.0
2023-02-15 00:00:00,7.6471586296814555,7.6471586296814555,7.566236777547752,7.574328422546387,108400,0.0,0.0
2023-02-16 00:00:00,7.558145059508687,7.558145059508687,7.420577049255371,7.420577049255371,167800,0.0,0.0
2023-02-17 00:00:00,7.380116442043721,7.485315564202939,7.355839959002512,7.452946662902832,268300,0.0,0.0
2023-02-21 00:00:00,7.428669016569479,7.436760661825784,7.258732118421309,7.404391765594482,489400,0.0,0.0
2023-02-22 00:00:00,7.420577515181192,7.428669933171356,7.347747296740617,7.363932132720947,220500,0.0,0.0
2023-02-23 00:00:00,7.3801164627075195,7.412485364098257,7.355839979598337,7.3801164627075195,190600,0.0,0.0
2023-02-24 00:00:00,7.339654208352681,7.380115522872349,7.266823996564355,7.372023105621338,213800,0.0,0.0
2023-02-27 00:00:00,7.380115286354847,7.428669016569479,7.347746390123547,7.404391765594482,208100,0.0,0.0
2023-02-28 00:00:00,7.404393870762434,7.461040034073991,7.355840898478906,7.396302223205566,134600,0.0,0.0
2023-03-01 00:00:00,7.404392945816701,7.412485364098257,7.363932397879892,7.3801164627075195,99200,0.0,0.0
2023-03-02 00:00:00,7.388207923877941,7.388207923877941,7.299193649518706,7.315377712249756,140200,0.0,0.0
2023-03-03 00:00:00,7.331562519073486,7.396300313224367,7.323470101870781,7.331562519073486,130500,0.0,0.0
2023-03-06 00:00:00,7.347748740458957,7.37202522746395,7.299195766448974,7.299195766448975,132200,0.0,0.0
2023-03-07 00:00:00,7.331562771358932,7.331562771358932,7.291101455688477,7.291101455688477,108300,0.0,0.0
2023-03-08 00:00:00,7.299194375764345,7.355839758562123,7.299194375764345,7.339654922485352,113100,0.0,0.0
2023-03-09 00:00:00,7.339654178362127,7.404391972634917,7.315377698443676,7.323470115661621,115200,0.0,0.0
2023-03-10 00:00:00,7.364111958567216,7.453521423209324,7.299085977272882,7.33972692489624,120900,0.04,0.0
2023-03-13 00:00:00,7.299085084971675,7.372238626718499,7.299085084971675,7.323470115661621,250800,0.0,0.0
2023-03-14 00:00:00,7.372238626718499,7.38849531384513,7.299085084971675,7.323470115661621,106400,0.0,0.0
2023-03-15 00:00:00,7.315342604589645,7.347855207381358,7.250317399006221,7.307214260101318,214400,0.0,0.0
2023-03-16 00:00:00,7.339726928360316,7.453521426727106,7.339726928360316,7.396624565124512,135500,0.0,0.0
2023-03-17 00:00:00,7.437264679013595,7.445393023510387,7.380367817859243,7.4128804206848145,95100,0.0,0.0
2023-03-20 00:00:00,7.437264070927434,7.437264070927434,7.331598701754942,7.3478546142578125,88000,0.0,0.0
2023-03-21 00:00:00,7.38036695967165,7.38036695967165,7.242188219939966,7.26657247543335,113500,0.0,0.0
2023-03-22 00:00:00,7.2747008845152346,7.315341827477971,7.217804029464313,7.2990851402282715,140600,0.0,0.0
2023-03-23 00:00:00,7.315341827477971,7.339726083191007,7.266572540890385,7.2990851402282715,119100,0.0,0.0
2023-03-24 00:00:00,7.274702310878622,7.355984212741176,7.2503180503845215,7.2503180503845215,122800,0.0,0.0
2023-03-27 00:00:00,7.282829939725445,7.331599231078144,7.234060648372745,7.2747015953063965,132400,0.0,0.0
2023-03-28 00:00:00,7.274701657309606,7.331599293566299,7.234060710029567,7.307214260101318,193300,0.0,0.0
2023-03-29 00:00:00,7.331600189208984,7.364112795972501,7.2990868072837785,7.331600189208984,78100,0.0,0.0
2023-03-30 00:00:00,7.3722398312551345,7.502290248870849,7.3722398312551345,7.50229024887085,121400,0.0,0.0
2023-03-31 00:00:00,7.502287380804934,7.632338523864746,7.502287380804934,7.632338523864746,150000,0.0,0.0
2023-04-03 00:00:00,7.6323407176248725,7.664853318944573,7.510417881304826,7.5348029136657715,138500,0.0,0.0
2023-04-04 00:00:00,7.534802069886673,7.591698922034208,7.494161128997803,7.494161128997803,122100,0.0,0.0
2023-04-05 00:00:00,7.551061080605652,7.632342995746925,7.551061080605652,7.6242146492004395,91700,0.0,0.0
2023-04-06 00:00:00,7.624210376397031,7.689235562003548,7.624210376397031,7.67297887802124,212900,0.0,0.0
2023-04-10 00:00:00,7.689238065664604,7.689238065664604,7.534803393354629,7.583571910858154,114900,0.0,0.0
2023-04-11 00:00:00,7.599828425480336,7.681109544505474,7.583571736578354,7.640468597412109,113100,0.0,0.0
2023-04-12 00:00:00,7.673120655426825,7.713935284349431,7.567003710092062,7.591492176055908,167000,0.04,0.0
2023-04-13 00:00:00,7.624142541886588,7.6649571644836225,7.615979461672346,7.63230562210083,106100,0.0,0.0
2023-04-14 00:00:00,7.673119328183245,7.673119328183245,7.518024699273701,7.558839321136475,172300,0.0,0.0
2023-04-17 00:00:00,7.501698984881072,7.534350528616575,7.46904744114557,7.477210521697998,269400,0.0,0.0
2023-04-18 00:00:00,7.485373268915044,7.50986173100761,7.354767099789131,7.3955817222595215,203200,0.0,0.0
2023-04-19 00:00:00,7.387418222535292,7.395581302260619,7.297625902504948,7.330277442932129,255900,0.0,0.0
2023-04-20 00:00:00,7.3547672175319665,7.379255680016569,7.313952594408172,7.3629302978515625,125400,0.0,0.0
2023-04-21 00:00:00,7.403744023974261,7.403744023974261,7.354767099789131,7.3955817222595215,94600,0.0,0.0
2023-04-24 00:00:00,7.395582037937738,7.428233581612939,7.371092796325684,7.371092796325684,93600,0.0,0.0
2023-04-25 00:00:00,7.411906986548722,7.452721608371455,7.4037439064893436,7.4282331466674805,71000,0.0,0.0
2023-04-26 00:00:00,7.460884688430833,7.501698531779405,7.411906986548722,7.4282331466674805,150100,0.0,0.0
2023-04-27 00:00:00,7.460885364375584,7.460885364375584,7.4200707388551095,7.43639612197876,61400,0.0,0.0
2023-04-28 00:00:00,7.460884291561365,7.501698132738911,7.411906592284542,7.469046592712402,87700,0.0,0.0
2023-05-01 00:00:00,7.493536230194187,7.493536230194187,7.4037439064893436,7.4282331466674805,132200,0.0,0.0
2023-05-02 00:00:00,7.444559232658875,7.444559232658875,7.371093062121987,7.3874192237854,186900,0.0,0.0
2023-05-03 00:00:00,7.403744697570801,7.444559323754528,7.387419314181857,7.403744697570801,68400,0.0,0.0
2023-05-04 00:00:00,7.387418143101095,7.444558143615723,7.379255063463542,7.444558143615723,99200,0.0,0.0
2023-05-05 00:00:00,7.469043529756836,7.4935327585896,7.4445550793978725,7.485369682312012,165900,0.0,0.0
2023-05-08 00:00:00,7.501698893227669,7.509861973680363,7.444558887007211,7.460885047912598,89500,0.0,0.0
2023-05-09 00:00:00,7.493536591249175,7.501698893227669,7.436395806554517,7.460885047912598,72500,0.0,0.0
2023-05-10 00:00:00,7.493681882668383,7.493681882668383,7.436289916396552,7.477283954620361,78100,0.04,0.0
2023-05-11 00:00:00,7.4936784967617776,7.510075635504752,7.395293318616253,7.403491497039795,105200,0.0,0.0
2023-05-12 00:00:00,7.411692057272918,7.460885047912598,7.411692057272918,7.460885047912598,100800,0.0,0.0
2023-05-15 00:00:00,7.419892770244775,7.485482918644372,7.419892770244775,7.477283954620361,117400,0.0,0.0
2023-05-16 00:00:00,7.485482918644372,7.50188006479615,7.460886808468584,7.477283954620361,74600,0.0,0.0
2023-05-17 00:00:00,7.4854811522844065,7.493680114373697,7.428089981451499,7.460885047912598,93400,0.0,0.0
2023-05-18 00:00:00,7.469085339862988,7.4772843042703965,7.419893117211104,7.436290264129639,55600,0.0,0.0
2023-05-19 00:00:00,7.4198908542335795,7.4198908542335795,7.329703837050611,7.346101760864258,166300,0.0,0.0
2023-05-22 00:00:00,7.378897676409451,7.3952956021116165,7.296909611690893,7.321506500244141,111800,0.0,0.0
2023-05-23 00:00:00,7.337903988613627,7.337903988613627,7.255916701941353,7.280512809753418,144700,0.0,0.0
2023-05-24 00:00:00,7.280512203858031,7.288711166411779,7.165729073793871,7.182126998901367,228100,0.0,0.0
2023-05-25 00:00:00,7.214924435933942,7.25591848026523,7.165731426357125,7.23952054977417,118800,0.0,0.0
2023-05-26 00:00:00,7.223120433673194,7.296908744879102,7.223120433673194,7.272312641143799,120100,0.0,0.0
2023-05-30 00:00:00,7.272311243063993,7.321504222973437,7.247715144057216,7.2887091636657715,194000,0.0,0.0
2023-05-31 00:00:00,7.30510950088501,7.370699648218729,7.280513391108923,7.30510950088501,176400,0.0,0.0
2023-06-01 00:00:00,7.354299583074327,7.428088665008545,7.3297027011656395,7.428088665008545,133600,0.0,0.0
2023-06-02 00:00:00,7.469084421708989,7.485482348508053,7.3625002432036295,7.395296096801758,133900,0.0,0.0
2023-06-05 00:00:00,7.395291218246037,7.469079494476318,7.395291218246037,7.469079494476318,97000,0.0,0.0
2023-06-06 00:00:00,7.477280876979792,7.551069959031897,7.477280876979792,7.542870998382568,137900,0.0,0.0
2023-06-07 00:00:00,7.54287387536192,7.575668948571902,7.477283728941956,7.485482692718506,114500,0.0,0.0
2023-06-08 00:00:00,7.501878542454278,7.567468677543795,7.47728243726973,7.526475429534912,94000,0.0,0.0
2023-06-09 00:00:00,7.559413135452682,7.559413135452682,7.4935359618149215,7.50177001953125,107100,0.04,0.0
2023-06-12 00:00:00,7.501769440403205,7.559412551874654,7.477065698525609,7.485300540924072,111600,0.0,0.0
2023-06-13 00:00:00,7.493537172686092,7.501771231732951,7.42765998840332,7.42765998840332,124200,0.0,0.0
2023-06-14 00:00:00,7.468833102512455,7.477067947387695,7.419425603897073,7.477067947387695,193200,0.0,0.0
2023-06-15 00:00:00,7.501769239360933,7.501769239360933,7.3782497479653975,7.394718647003174,307200,0.0,0.0
2023-06-16 00:00:00,7.394720455647626,7.419424988223333,7.361781864197983,7.378251552581787,75700,0.0,0.0
2023-06-20 00:00:00,7.361781597137451,7.427659562964874,7.345312694669048,7.361781597137451,181800,0.0,0.0
2023-06-21 00:00:00,7.337078116940242,7.394720455647626,7.337078116940242,7.378251552581787,161600,0.0,0.0
2023-06-22 00:00:00,7.345312961132144,7.394720455647626,7.345312961132144,7.378251552581787,169800,0.0,0.0
2023-06-23 00:00:00,7.378251332402777,7.485301947749044,7.378251332402777,7.444128513336182,172700,0.0,0.0
2023-06-26 00:00:00,7.444129599165492,7.559415075273903,7.427660694188894,7.542945384979248,259700,0.0,0.0
2023-06-27 00:00:00,7.5758839802505005,7.600587730374425,7.518241634855324,7.542945384979248,176100,0.0,0.0
2023-06-28 00:00:00,7.575882172072651,7.575882172072651,7.477066409843801,7.510004997253418,172400,0.0,0.0
2023-06-29 00:00:00,7.5100058290803196,7.5100058290803196,7.402955211812406,7.45236349105835,139100,0.0,0.0
2023-06-30 00:00:00,7.485301947749044,7.526475382161908,7.444128513336182,7.444128513336182,122900,0.0,0.0
2023-07-03 00:00:00,7.49353670557611,7.518240451812744,7.444128427784907,7.518240451812744,83000,0.0,0.0
2023-07-05 00:00:00,7.526476577966195,7.567649233602614,7.452364541311732,7.4688334465026855,279500,0.0,0.0
2023-07-06 00:00:00,7.402953489180949,7.4194231735365,7.3453111645720695,7.394718647003174,173400,0.0,0.0
2023-07-07 00:00:00,7.411190055906389,7.485302082116327,7.361781776660446,7.45236349105835,185300,0.0,0.0
2023-07-10 00:00:00,7.4853018617245874,7.518240451812744,7.468832174021542,7.518240451812744,111600,0.0,0.0
2023-07-11 00:00:00,7.477067483956407,7.510006076097794,7.402955455308794,7.42765998840332,140000,0.0,0.0
2023-07-12 00:00:00,7.48555864762463,7.48555864762463,7.444201813121862,7.469015598297119,97800,0.04,0.0
2023-07-13 00:00:00,7.485559818960691,7.816412969122524,7.4690167670445335,7.692343235015869,442900,0.0,0.0
2023-07-14 00:00:00,7.684071205188606,7.692342730604294,7.510373115539551,7.510373115539551,238000,0.0,0.0
2023-07-17 00:00:00,7.52691534356811,7.543457603775094,7.477286985315171,7.48555850982666,144600,0.0,0.0
2023-07-18 00:00:00,7.485556397451224,7.601354552670603,7.485556397451224,7.5682692527771,138700,0.0,0.0
2023-07-19 00:00:00,7.601357460021972,7.675799610458778,7.535186834926161,7.601357460021973,190800,0.0,0.0
2023-07-20 00:00:00,7.593087643522057,7.593087643522057,7.51037395772216,7.560002326965332,91200,0.0,0.0
2023-07-21 00:00:00,7.626173328806142,7.650987120219397,7.560002692493325,7.617901802062988,127200,0.0,0.0
2023-07-24 00:00:00,7.675799026254616,7.684070550966066,7.617899930906493,7.650985240936279,95100,0.0,0.0
2023-07-25 00:00:00,7.650983939483677,7.667526986092561,7.609627111777346,7.6261701583862305,87200,0.0,0.0
2023-07-26 00:00:00,7.626171593361915,7.675799164894962,7.626171593361915,7.634442329406738,62400,0.0,0.0
2023-07-27 00:00:00,7.650982762934871,7.650982762934871,7.5682691202417045,7.584812164306641,103800,0.0,0.0
2023-07-28 00:00:00,7.584814511824605,7.642713606340273,7.543457677677984,7.551729202270508,129500,0.0,0.0
2023-07-31 00:00:00,7.551730800622108,7.6096299073923355,7.543459274278884,7.560002326965332,94800,0.0,0.0
2023-08-01 00:00:00,7.5599984729345655,7.584812250498189,7.502098606865089,7.535183906555176,108800,0.0,0.0
2023-08-02 00:00:00,7.52691647545942,7.535187212398662,7.469016583988056,7.502101898193359,170600,0.0,0.0
2023-08-03 00:00:00,7.452472435468994,7.460743959131266,7.378030300140382,7.378030300140381,195300,0.0,0.0
2023-08-04 00:00:00,7.402843297404104,7.435928599729313,7.378029517864154,7.386301040649414,159100,0.0,0.0
2023-08-07 00:00:00,7.386301174991277,7.411114954982539,7.353215872064313,7.369758129119873,182000,0.0,0.0
2023-08-08 00:00:00,7.386301040649414,7.394571774618845,7.369757995078895,7.386301040649414,116900,0.0,0.0
2023-08-09 00:00:00,7.386303185572167,7.51037290811659,7.36976013519768,7.460745334625244,307000,0.0,0.0
2023-08-10 00:00:00,7.477360748804877,7.527210169088625,7.369354331798137,7.3859710693359375,119300,0.04,0.0
2023-08-11 00:00:00,7.427512293116203,7.510594406935594,7.385972028536267,7.48567008972168,126500,0.0,0.0
2023-08-14 00:00:00,7.477361638189746,7.485670007946874,7.444128951490981,7.469053268432617,75400,0.0,0.0
2023-08-15 00:00:00,7.427510336910731,7.469051382879638,7.410894393920898,7.410894393920898,107400,0.0,0.0
2023-08-16 00:00:00,7.444128504939026,7.46074445112679,7.344430450823333,7.3776631355285645,131800,0.0,0.0
2023-08-17 00:00:00,7.385972021134948,7.427512285673258,7.294581537559247,7.352739334106445,174800,0.0,0.0
2023-08-18 00:00:00,7.3527378525442595,7.377662164710997,7.286272491879894,7.311196804046631,136700,0.0,0.0
2023-08-21 00:00:00,7.302890341360455,7.311198711693731,7.161651215013989,7.211500644683838,357300,0.0,0.0
2023-08-22 00:00:00,7.244730472564697,7.294579090218295,7.18657269552951,7.244730472564697,215500,0.0,0.0
2023-08-23 00:00:00,7.29457950592041,7.336120551218737,7.277963563198802,7.29457950592041,91900,0.0,0.0
2023-08-24 00:00:00,7.261348280013086,7.261348280013086,7.120109173156542,7.20319128036499,170500,0.0,0.0
2023-08-25 00:00:00,7.203189403493429,7.219805345207832,7.128415684954893,7.17826509475708,109500,0.0,0.0
2023-08-28 00:00:00,7.178264963433329,7.219805213124117,7.111799613132699,7.153339862823486,137400,0.0,0.0
2023-08-29 00:00:00,7.169957160949707,7.253038459200538,7.161648793425763,7.169957160949707,173100,0.0,0.0
2023-08-30 00:00:00,7.1948829111782056,7.244732333969214,7.186574541991422,7.20319128036499,98600,0.0,0.0
2023-08-31 00:00:00,7.219808222687309,7.23642496335386,7.161651215013989,7.211500644683838,123800,0.0,0.0
2023-09-01 00:00:00,7.244729891519714,7.253037465576031,7.136723505493305,7.194880485534668,160100,0.0,0.0
2023-09-05 00:00:00,7.211497218306159,7.228113158748222,7.178264545092605,7.194880485534668,105700,0.0,0.0
2023-09-06 00:00:00,7.219805345207832,7.253038020966127,7.1450324189987855,7.17826509475708,72800,0.0,0.0
2023-09-07 00:00:00,7.203189403493429,7.211497770515375,7.136724051976839,7.17826509475708,151900,0.0,0.0
2023-09-08 00:00:00,7.203306285472022,7.203306285472022,7.078103498651929,7.119837760925293,206800,0.04,0.0
2023-09-11 00:00:00,7.153223757026014,7.161570767219777,6.994634543418034,7.019674777984619,170100,0.0,0.0
2023-09-12 00:00:00,7.036370873368953,7.05306410266454,6.952902338846202,6.961249351501465,123700,0.0,0.0
2023-09-13 00:00:00,6.986288110483809,7.011328347119406,6.911166604562245,6.944553852081299,203100,0.0,0.0
2023-09-14 00:00:00,6.96959595533457,7.002983207982255,6.911167666189951,6.92786169052124,194900,0.0,0.0
2023-09-15 00:00:00,6.927860730387854,6.9612479784083945,6.8610862343467725,6.86943244934082,161700,0.0,0.0
2023-09-18 00:00:00,6.852739223337942,6.877779460349651,6.844392212329111,6.86943244934082,194400,0.0,0.0
2023-09-19 00:00:00,6.861087347345689,6.861087347345689,6.769271803383886,6.81100606918335,262200,0.0,0.0
2023-09-20 00:00:00,6.836046760334966,6.927862310341804,6.827700543437497,6.861087799072266,162200,0.0,0.0
2023-09-21 00:00:00,6.827699843057333,6.85274008321106,6.710844062315134,6.719191074371338,176400,0.0,0.0
2023-09-22 00:00:00,6.76092435528084,6.76092435528084,6.669108828046667,6.710843086242676,247600,0.0,0.0
2023-09-25 00:00:00,6.660763022261745,6.677456647961351,6.527214016664896,6.543907642364502,370900,0.0,0.0
2023-09-26 00:00:00,6.535560285098148,6.535560285098148,6.460438774416474,6.477132797241211,161000,0.0,0.0
2023-09-27 00:00:00,6.51052016698465,6.51052016698465,6.3686241544159135,6.3769707679748535,154200,0.0,0.0
2023-09-28 00:00:00,6.360277198717989,6.4353987114454,6.318543334541865,6.368624210357666,227700,0.0,0.0
2023-09-29 00:00:00,6.418704986572266,6.46043885010079,6.351930486520693,6.418704986572266,237600,0.0,0.0
2023-10-02 00:00:00,6.443745325077656,6.477132973628945,6.335236959813799,6.368624210357666,237700,0.0,0.0
2023-10-03 00:00:00,6.376970314619095,6.410357562496102,6.326889442803585,6.385317325592041,290400,0.0,0.0
2023-10-04 00:00:00,6.4187059185143065,6.443746160665571,6.351931408767638,6.410358905792236,284500,0.0,0.0
2023-10-05 00:00:00,6.427052347891003,6.427052347891003,6.218381811946394,6.251769065856934,557600,0.0,0.0
2023-10-06 00:00:00,6.176647674938189,6.218381541507619,6.068138905444271,6.151607036590576,443600,0.0,0.0
2023-10-09 00:00:00,6.17664611286137,6.260114222898549,6.168299102853981,6.243420600891113,238100,0.0,0.0
2023-10-10 00:00:00,6.27680970529357,6.351931225596017,6.226728824427759,6.251769065856934,353100,0.0,0.0
2023-10-11 00:00:00,6.386033578555507,6.394425004470641,6.285333666563874,6.335683822631836,299100,0.04,0.0
2023-10-12 00:00:00,6.352469028501379,6.377643714134309,6.201419314126142,6.234985828399658,316500,0.0,0.0
2023-10-13 00:00:00,6.302118288696004,6.344076225018359,6.2014183612047775,6.276943206787109,326800,0.0,0.0
2023-10-16 00:00:00,6.285334725863975,6.285334725863975,6.151068687438965,6.151068687438965,262100,0.0,0.0
2023-10-17 00:00:00,6.100718051288152,6.117501303693093,6.00840996298883,6.0671515464782715,304400,0.0,0.0
2023-10-18 00:00:00,6.025194221340044,6.050369304222752,5.932886517773637,5.974844455718994,324400,0.0,0.0
2023-10-19 00:00:00,5.9832364032965675,6.000019658839914,5.874145042192626,5.899320125579834,300800,0.0,0.0
2023-10-20 00:00:00,5.899320089612342,6.000019622258469,5.874145006378624,5.932886600494385,373500,0.0,0.0
2023-10-23 00:00:00,5.924495745737954,6.000020607698902,5.907712487540459,5.916104316711426,223700,0.0,0.0
2023-10-24 00:00:00,5.958060204807632,6.033585040689763,5.932885526276455,6.025193214416504,254500,0.0,0.0
2023-10-25 00:00:00,6.00841203672543,6.016803865896397,5.874145971145468,5.916104316711426,158200,0.0,0.0
2023-10-26 00:00:00,5.932887106942612,5.95806179218094,5.8489704224297645,5.8741455078125,274300,0.0,0.0
2023-10-27 00:00:00,5.874145001614015,5.907711512468831,5.832186662973308,5.865753173828125,193100,0.0,0.0
2023-10-30 00:00:00,5.815403908682389,5.907712021559876,5.8070124803177485,5.8741455078125,287700,0.0,0.0
2023-10-31 00:00:00,5.932886517773637,5.974844455718994,5.899320007359604,5.974844455718994,202700,0.0,0.0
2023-11-01 00:00:00,6.03358596721237,6.125894069671631,6.016802712232901,6.125894069671631,380300,0.0,0.0
2023-11-02 00:00:00,6.20981018855586,6.276943206787109,6.2014183612047775,6.276943206787109,442600,0.0,0.0
2023-11-03 00:00:00,6.427992856815534,6.537084217606322,6.3860349181497975,6.394426345825195,377300,0.0,0.0
2023-11-06 00:00:00,6.461558466661336,6.461558466661336,6.293725935115972,6.369250774383545,198600,0.0,0.0
2023-11-07 00:00:00,6.386035817186114,6.49512679319053,6.377643988184927,6.46995210647583,308300,0.0,0.0
2023-11-08 00:00:00,6.503516643342306,6.52869172254132,6.444775058640811,6.495124816894531,289600,0.0,0.0
2023-11-09 00:00:00,6.528692282436765,6.528692282436765,6.419600930125963,6.45316743850708,360900,0.0,0.0
2023-11-10 00:00:00,6.461604612947932,6.495346642083165,6.444733598380315,6.470040321350098,273000,0.04,0.0
2023-11-13 00:00:00,6.461603678142499,6.495345702396246,6.410990641761878,6.444732666015625,329700,0.0,0.0
2023-11-14 00:00:00,6.554394228339457,6.596571958374583,6.537523216772735,6.579700946807861,521500,0.0,0.0
2023-11-15 00:00:00,6.554394556245095,6.655620630709602,6.554394556245095,6.647185325622559,400700,0.0,0.0
2023-11-16 00:00:00,6.67249191387838,6.773717992450464,6.67249191387838,6.756847381591797,394100,0.0,0.0
2023-11-17 00:00:00,6.799023689888688,6.799023689888688,6.66405521118824,6.731539249420166,464500,0.0,0.0
2023-11-20 00:00:00,6.706232500114197,6.773716538005488,6.6893614906413745,6.748410224914551,300100,0.0,0.0
2023-11-21 00:00:00,6.7315401839971765,6.773717512629544,6.714669172096898,6.723104476928711,339000,0.0,0.0
2023-11-22 00:00:00,6.78215276260987,6.799024175609739,6.723104023820206,6.765282154083252,269900,0.0,0.0
2023-11-24 00:00:00,6.765281636623968,6.773716538005488,6.72310350958702,6.748410224914551,111300,0.0,0.0
2023-11-27 00:00:00,6.782153700116477,6.782153700116477,6.723104953164421,6.756847381591797,182300,0.0,0.0
2023-11-28 00:00:00,6.765282044487161,6.7821526527404785,6.731539621270668,6.7821526527404785,146600,0.0,0.0
2023-11-29 00:00:00,6.815894445918072,6.874942779541016,6.8074587398367346,6.874942779541016,205300,0.0,0.0
2023-11-30 00:00:00,6.858072350626743,6.891814371358465,6.782152602862059,6.8243303298950195,250100,0.0,0.0
2023-12-01 00:00:00,6.858073653504038,6.942428319122188,6.841202237696377,6.900251388549805,254700,0.0,0.0
2023-12-04 00:00:00,6.849636928301087,6.9677344079948735,6.849636928301087,6.933992385864258,478000,0.0,0.0
2023-12-05 00:00:00,6.950862387432542,6.967733799260515,6.9171203682497895,6.942426681518555,354300,0.0,0.0
2023-12-06 00:00:00,6.942426681518555,6.993040112529281,6.9171203682497895,6.942426681518555,346400,0.0,0.0
2023-12-07 00:00:00,6.9171203682497895,6.959298093346528,6.90024976089501,6.942426681518555,272600,0.0,0.0
2023-12-08 00:00:00,6.908519866298036,6.950903587424245,6.891566862888897,6.942426681518555,248700,0.04,0.0
2023-12-11 00:00:00,6.933952505636507,6.9509055137438684,6.900045681019315,6.925475597381592,300300,0.0,0.0
2023-12-12 00:00:00,6.908521843166287,6.925475659828989,6.866138918314478,6.883091926574707,303800,0.0,0.0
2023-12-13 00:00:00,6.874614296028918,6.967858661073021,6.832231375629658,6.950904846191406,411600,0.0,0.0
2023-12-14 00:00:00,7.001766142841581,7.069579791959456,7.001766142841581,7.044149875640869,437700,0.0,0.0
2023-12-15 00:00:00,7.0187186604517935,7.120439127020381,7.0187186604517935,7.061102390289307,413700,0.0,0.0
2023-12-18 00:00:00,7.044149383395746,7.061102390289307,7.010242561206217,7.061102390289307,402300,0.0,0.0
2023-12-19 00:00:00,7.052624595060436,7.1712988619897,7.01871777713812,7.137392044067383,430200,0.0,0.0
2023-12-20 00:00:00,7.103484935349116,7.154344755949387,7.086531122880844,7.111961841583252,411400,0.0,0.0
2023-12-21 00:00:00,7.120438589873705,7.171299223522413,7.069578764627343,7.103485584259033,448100,0.0,0.0
2023-12-22 00:00:00,7.095008545950757,7.120438458103334,7.052624820094908,7.086531639099121,324000,0.0,0.0
2023-12-26 00:00:00,7.11196333294401,7.12043943255329,7.035672777643396,7.069579601287842,397300,0.0,0.0
2023-12-27 00:00:00,7.06957847511354,7.12891520493845,7.06957847511354,7.078055381774902,337900,0.0,0.0
2023-12-28 00:00:00,7.052624903274432,7.078055624129273,7.001765078369432,7.010241985321045,315000,0.0,0.0
2023-12-29 00:00:00,7.010241799190712,7.078055436198407,6.984811079011087,7.035671710968018,675900,0.0,0.0
2024-01-02 00:00:00,7.0187178840149835,7.078055422584325,6.967858060558197,7.052624702453613,219700,0.0,0.0
2024-01-03 00:00:00,7.035672873355894,7.154346353524656,7.035672873355894,7.120439529418945,270500,0.0,0.0
2024-01-04 00:00:00,7.061100605964829,7.120437327701645,7.061100605964829,7.095007419586182,141000,0.0,0.0
2024-01-05 00:00:00,7.095008545950757,7.154345277107546,7.06957863379818,7.086531639099121,204100,0.0,0.0
2024-01-08 00:00:00,7.095010795846155,7.196731285115328,7.08653388630641,7.171301364898682,237500,0.0,0.0
2024-01-09 00:00:00,7.179774981742526,7.188251078992484,7.120437450579514,7.1289143562316895,165600,0.0,0.0
2024-01-10 00:00:00,7.120437327701645,7.145868044219312,7.061100605964829,7.095007419586182,284500,0.0,0.0
2024-01-11 00:00:00,7.060939311981201,7.120560976551213,7.035387286063233,7.060939311981201,208200,0.04,0.0
2024-01-12 00:00:00,7.09500812340264,7.129077758082392,7.069456100463867,7.069456100463867,179300,0.0,0.0
2024-01-16 00:00:00,7.035387358235763,7.06945699723731,6.941695241768308,6.984282493591309,245300,0.0,0.0
2024-01-17 00:00:00,6.975763904741051,6.975763904741051,6.907624636271807,6.933177471160889,149900,0.0,0.0
2024-01-18 00:00:00,6.958730670423831,6.958730670423831,6.8905913904328555,6.916143417358398,204400,0.0,0.0
2024-01-19 00:00:00,6.916142810687053,6.924660423009849,6.813933899666167,6.907625198364258,186400,0.0,0.0
2024-01-22 00:00:00,6.924661879092055,6.984283553320122,6.907626650864383,6.95021390914917,130300,0.0,0.0
2024-01-23 00:00:00,6.899107933044434,6.941694367217909,6.890590321296073,6.899107933044434,208600,0.0,0.0
2024-01-24 00:00:00,6.9672471053955105,6.9672471053955105,6.916142247901501,6.933177471160889,171000,0.0,0.0
2024-01-25 00:00:00,6.950212854589761,6.992800106412762,6.950212854589761,6.984282493591309,159600,0.0,0.0
2024-01-26 00:00:00,6.9502127375955105,6.975764763345482,6.933178324523613,6.96724796295166,167700,0.0,0.0
2024-01-29 00:00:00,7.026869673329157,7.0694569247152765,7.001317647411189,7.060939311981201,158000,0.0,0.0
2024-01-30 00:00:00,7.077974682917182,7.120561122894287,7.06093945709892,7.120561122894287,162500,0.0,0.0
2024-01-31 00:00:00,7.1205623527781965,7.205736872012544,7.1205623527781965,7.180184841156006,214100,0.0,0.0
2024-02-01 00:00:00,7.265356572914151,7.307943820953369,7.239804549004299,7.307943820953369,121200,0.0,0.0
2024-02-02 00:00:00,7.282392618703569,7.316462258522124,7.248322978885015,7.299427032470703,319400,0.0,0.0
2024-02-05 00:00:00,7.2568416382572805,7.273876054480566,7.188701536510927,7.214254379272461,148100,0.0,0.0
2024-02-06 00:00:00,7.197218481178954,7.333497047424316,7.197218481178954,7.333497047424316,138200,0.0,0.0
2024-02-07 00:00:00,7.32498025894165,7.350532287085856,7.2994274185131145,7.32498025894165,124500,0.0,0.0
2024-02-08 00:00:00,7.265357276053026,7.299426915324809,7.265357276053026,7.282392501831055,198000,0.0,0.0
2024-02-09 00:00:00,7.256719080775857,7.316621801182377,7.256719080775857,7.2823920249938965,183100,0.04,0.0
2024-02-12 00:00:00,7.23960700286593,7.28239444132415,7.23960700286593,7.248164653778076,229400,0.0,0.0
2024-02-13 00:00:00,7.154031093468082,7.213933825105333,7.059899395327246,7.171146392822266,187600,0.0,0.0
2024-02-14 00:00:00,7.119802338403417,7.28239444132415,7.119802338403417,7.248164653778076,203600,0.0,0.0
2024-02-15 00:00:00,7.248160797284818,7.367964581901411,7.248160797284818,7.3508501052856445,146200,0.0,0.0
2024-02-16 00:00:00,7.325180063826545,7.3422945453055455,7.308064766245239,7.333736896514893,100500,0.0,0.0
2024-02-20 00:00:00,7.31662238145795,7.359409809112549,7.31662238145795,7.359409809112549,129200,0.0,0.0
2024-02-21 00:00:00,7.325177982310956,7.367964581901411,7.325177982310956,7.3508501052856445,98400,0.0,0.0
2024-02-22 00:00:00,7.350851367338176,7.402195622102742,7.350851367338176,7.376523494720459,104000,0.0,0.0
2024-02-23 00:00:00,7.350849616791199,7.402193859328537,7.350849616791199,7.385079383850098,81600,0.0,0.0
2024-02-26 00:00:00,7.376524165270677,7.376524165270677,7.308064608626582,7.316622257232666,148500,0.0,0.0
2024-02-27 00:00:00,7.299508563203925,7.316623864175108,7.2823940783352095,7.290951728820801,88900,0.0,0.0
2024-02-28 00:00:00,7.2823920249938965,7.333736281225498,7.231046952660056,7.2823920249938965,135200,0.0,0.0
2024-02-29 00:00:00,7.299506960020498,7.3422943869486295,7.2909501275167035,7.316622257232666,92400,0.0,0.0
2024-03-01 00:00:00,7.308064766245239,7.3422945453055455,7.290950284766238,7.333736896514893,94800,0.0,0.0
2024-03-04 00:00:00,7.316622131545902,7.342294260820863,7.2396049276187435,7.273834705352783,304500,0.0,0.0
2024-03-05 00:00:00,7.290949673066576,7.308064153109697,7.273834376921216,7.2823920249938965,117800,0.0,0.0
2024-03-06 00:00:00,7.2823940783352095,7.299508563203925,7.239606642009718,7.290951728820801,197500,0.0,0.0
2024-03-07 00:00:00,7.299508563203925,7.299508563203925,7.265278777364025,7.290951728820801,202800,0.0,0.0
2024-03-08 00:00:00,7.290950298309326,7.325342362311704,7.265157070259478,7.290950298309326,170000,0.04,0.0
2024-03-11 00:00:00,7.3167425789901674,7.3339377868860085,7.256557301475381,7.26515531539917,114100,0.0,0.0
2024-03-12 00:00:00,7.282349253640787,7.282349253640787,7.2049687904338,7.230762004852295,192700,0.0,0.0
2024-03-13 00:00:00,7.282351819690904,7.282351819690904,7.204971329217697,7.222166538238525,154200,0.0,0.0
2024-03-14 00:00:00,7.179178072551399,7.187775267046209,7.144786834716797,7.144786834716797,253500,0.0,0.0
2024-03-15 00:00:00,7.1619795531019745,7.230762004852295,7.144784350140146,7.230762004852295,131500,0.0,0.0
2024-03-18 00:00:00,7.222163993395629,7.25655521927079,7.2049687904338,7.230762004852295,271400,0.0,0.0
2024-03-19 00:00:00,7.2393627320244684,7.256557941436768,7.213569507930114,7.256557941436768,127800,0.0,0.0
2024-03-20 00:00:00,7.239364613390725,7.28235387802124,7.22216857955771,7.28235387802124,192100,0.0,0.0
2024-03-21 00:00:00,7.282352612132122,7.282352612132122,7.256558565866371,7.273754596710205,178700,0.0,0.0
2024-03-22 00:00:00,7.282351343246749,7.290948537218799,7.26515531539917,7.26515531539917,187100,0.0,0.0
2024-03-25 00:00:00,7.239361908599528,7.256557116055997,7.196372660030779,7.213568687438965,205000,0.0,0.0
2024-03-26 00:00:00,7.222163993395629,7.239360016308961,7.213566801890466,7.230762004852295,109500,0.0,0.0
2024-03-27 00:00:00,7.2393620935795395,7.26515531539917,7.21356887175991,7.26515531539917,119900,0.0,0.0
2024-03-28 00:00:00,7.299547984296569,7.351135258015935,7.265156741800959,7.308145999908447,245900,0.0,0.0
2024-04-01 00:00:00,7.30814246805928,7.333935682477775,7.222163993395629,7.230762004852295,153700,0.0,0.0
2024-04-02 00:00:00,7.222166211642653,7.256557448080885,7.2049710033994145,7.2393622398376465,180900,0.0,0.0
2024-04-03 00:00:00,7.2307653395525,7.290949807602159,7.204972113238629,7.273754596710205,203300,0.0,0.0
2024-04-04 00:00:00,7.308145838445993,7.333939064759864,7.256558565866371,7.273754596710205,176800,0.0,0.0
2024-04-05 00:00:00,7.265153230727455,7.290946445145949,7.230762004852295,7.230762004852295,148100,0.0,0.0
2024-04-08 00:00:00,7.23076407965575,7.290948537218799,7.23076407965575,7.26515531539917,213500,0.0,0.0
2024-04-09 00:00:00,7.2909496570273795,7.2995476722717285,7.247961220709365,7.2995476722717285,172500,0.0,0.0
2024-04-10 00:00:00,7.239077901480394,7.2649932237997605,7.213162579161028,7.230439186096191,355800,0.04,0.0
2024-04-11 00:00:00,7.2649932237997605,7.2649932237997605,7.204523863776825,7.230439186096191,202600,0.0,0.0
2024-04-12 00:00:00,7.213162912188417,7.256354843437093,7.213162912188417,7.221800804138184,96700,0.0,0.0
2024-04-15 00:00:00,7.204523739382896,7.213162454617943,7.161330987040894,7.178608417510986,190000,0.0,0.0
2024-04-16 00:00:00,7.178610575086679,7.2563565640694465,7.161333139423746,7.23907995223999,173100,0.0,0.0
2024-04-17 00:00:00,7.256355285644531,7.256355285644531,7.213163351763709,7.256355285644531,99000,0.0,0.0
2024-04-18 00:00:00,7.256354383126717,7.256354383126717,7.16996970227594,7.178608417510986,142700,0.0,0.0
2024-04-19 00:00:00,7.221800201421867,7.230438916483945,7.152692128591664,7.16996955871582,129400,0.0,0.0
2024-04-22 00:00:00,7.204524337289209,7.204524337289209,7.074946069509449,7.083584785461426,373400,0.0,0.0
2024-04-23 00:00:00,7.126777541388012,7.126777541388012,7.057669461438792,7.083584785461426,445300,0.0,0.0
2024-04-24 00:00:00,7.126777432530757,7.126777432530757,7.03175403001033,7.04039192199707,364300,0.0,0.0
2024-04-25 00:00:00,7.040392100406555,7.040392100406555,6.997200167878476,7.014476776123047,176600,0.0,0.0
2024-04-26 00:00:00,7.04039192199707,7.049030637817096,7.023115314190304,7.04039192199707,120700,0.0,0.0
2024-04-29 00:00:00,7.074946354153153,7.100862503051758,7.049031029087878,7.100862503051758,101900,0.0,0.0
2024-04-30 00:00:00,7.118137722224258,7.118137722224258,7.057668367598919,7.074944972991943,141700,0.0,0.0
2024-05-01 00:00:00,7.126777172088623,7.135415887592954,7.092223133904554,7.126777172088623,176400,0.0,0.0
2024-05-02 00:00:00,7.109498977661133,7.135415121391247,7.100861086917594,7.109498977661133,152300,0.0,0.0
2024-05-03 00:00:00,7.152691954165963,7.221800025310895,7.152691954165963,7.195884704589844,200400,0.0,0.0
2024-05-06 00:00:00,7.230438996533926,7.256354318173864,7.221800281376207,7.247716426849365,123300,0.0,0.0
2024-05-07 00:00:00,7.256355249083166,7.316825439111632,7.256355249083166,7.290909290313721,204600,0.0,0.0
2024-05-08 00:00:00,7.290910666683203,7.316826820373535,7.290910666683203,7.316826820373535,107100,0.0,0.0
2024-05-09 00:00:00,7.3168251040123895,7.334101711919762,7.290908956401398,7.2995476722717285,184500,0.0,0.0
2024-05-10 00:00:00,7.316906475936881,7.316906475936881,7.212751326711104,7.22143030166626,180300,0.04,0.0
2024-05-13 00:00:00,7.273508705119305,7.273508705119305,7.178033353153219,7.19539213180542,148200,0.0,0.0
2024-05-14 00:00:00,7.2040733072882865,7.230111894102391,7.160675110763612,7.1693549156188965,152500,0.0,0.0
2024-05-15 00:00:00,7.282188701494065,7.282188701494065,7.221430905220674,7.238790512084961,186000,0.0,0.0
2024-05-16 00:00:00,7.238789622835543,7.256148399815776,7.2214300181037965,7.247469425201416,82200,0.0,0.0
2024-05-17 00:00:00,7.28218882915804,7.299547608575029,7.256149418405112,7.2735090255737305,221700,0.0,0.0
2024-05-20 00:00:00,7.299547671932158,7.316907279251451,7.273509088704855,7.282188892364502,113200,0.0,0.0
2024-05-21 00:00:00,7.28218882915804,7.29086780499072,7.264829221989421,7.2735090255737305,129000,0.0,0.0
2024-05-22 00:00:00,7.273508290154921,7.282188092861623,7.195391721297702,7.22143030166626,203800,0.0,0.0
2024-05-23 00:00:00,7.256148749056382,7.256148749056382,7.212751390641315,7.230110168457031,131400,0.0,0.0
2024-05-24 00:00:00,7.256149706364629,7.264829510293395,7.186712930437822,7.212752342224121,133900,0.0,0.0
2024-05-28 00:00:00,7.2474697740243,7.264828551840017,7.1867119822904115,7.230110168457031,203900,0.0,0.0
2024-05-29 00:00:00,7.230111122329991,7.264829510293395,7.204072538295354,7.212752342224121,304000,0.0,0.0
2024-05-30 00:00:00,7.230111902381826,7.342946882374492,7.221432097516601,7.325587272644043,274500,0.0,0.0
2024-05-31 00:00:00,7.316907777720092,7.438421726226807,7.282189388467931,7.438421726226807,259200,0.0,0.0
2024-06-03 00:00:00,7.490499723980894,7.507858504731127,7.395024360475376,7.438421726226807,154500,0.0,0.0
2024-06-04 00:00:00,7.438420448117051,7.464459856395708,7.334265298257073,7.36030387878418,282300,0.0,0.0
2024-06-05 00:00:00,7.386343672360201,7.447100639343262,7.35162528726251,7.447100639343262,194300,0.0,0.0
2024-06-06 00:00:00,7.447101961546285,7.53389835357666,7.412383570284484,7.53389835357666,320700,0.0,0.0
2024-06-07 00:00:00,7.473137985557069,7.507856364914131,7.421060830397205,7.490497589111328,85000,0.0,0.0
2024-06-10 00:00:00,7.5078582763671875,7.5078582763671875,7.438421499974901,7.5078582763671875,134600,0.0,0.0
2024-06-11 00:00:00,7.507858939316503,7.542577330578305,7.429743179791255,7.53389835357666,183800,0.0,0.0
2024-06-12 00:00:00,7.585973826437193,7.5946536292452755,7.481818675994873,7.481818675994873,185700,0.0,0.0
2024-06-13 00:00:00,7.516699874708718,7.5777400956252325,7.455659653792203,7.4818196296691895,261600,0.04,0.0
2024-06-14 00:00:00,7.490540725644474,7.534141244659209,7.455660476754832,7.473100185394287,120400,0.0,0.0
2024-06-17 00:00:00,7.455660476754832,7.50798043428393,7.446940206629739,7.473100185394287,90100,0.0,0.0
2024-06-18 00:00:00,7.481818885935232,7.516699127507472,7.446938644362992,7.455658912658691,209900,0.0,0.0
2024-06-20 00:00:00,7.438217369486184,7.446937636601808,7.377177162897705,7.412057399749756,105100,0.0,0.0
2024-06-21 00:00:00,7.41205631396442,7.455656811545099,7.385896348060142,7.403336048126221,192700,0.0,0.0
2024-06-24 00:00:00,7.403336048126221,7.446936545706899,7.3771760822219425,7.403336048126221,134100,0.0,0.0
2024-06-25 00:00:00,7.385896348060142,7.41205631396442,7.385896348060142,7.403336048126221,95800,0.0,0.0
2024-06-26 00:00:00,7.394618082454379,7.4818191047404445,7.394618082454379,7.438218593597412,242100,0.0,0.0
2024-06-27 00:00:00,7.438218593597412,7.473098836189722,7.420778888106547,7.438218593597412,174200,0.0,0.0
2024-06-28 00:00:00,7.46437939924958,7.49925964184189,7.438218593597412,7.438218593597412,227800,0.0,0.0
2024-07-01 00:00:00,7.455660037430861,7.481820014653936,7.385899543762207,7.385899543762207,225200,0.0,0.0
2024-07-02 00:00:00,7.446938644362992,7.46437918095439,7.420778671086451,7.455658912658691,196300,0.0,0.0
2024-07-03 00:00:00,7.464380746879925,7.490540725644474,7.446940206629739,7.473100185394287,71600,0.0,0.0
2024-07-05 00:00:00,7.490538597106934,7.542858539768614,7.473098061812711,7.490538597106934,144800,0.0,0.0
2024-07-08 00:00:00,7.499261379241943,7.499261379241943,7.455660857997709,7.499261379241943,111100,0.0,0.0
2024-07-09 00:00:00,7.525421359344174,7.534141629915175,7.4818208380999405,7.499261379241943,120600,0.0,0.0
2024-07-10 00:00:00,7.534141629915175,7.534141629915175,7.473100567528938,7.499261379241943,184500,0.0,0.0
2024-07-11 00:00:00,7.5693461224292315,7.578106304375016,7.499259653883309,7.516780853271484,143400,0.04,0.0
2024-07-12 00:00:00,7.5518248680588735,7.578107087605826,7.508020611816156,7.569346904754639,149400,0.0,0.0
2024-07-15 00:00:00,7.56934651670856,7.586867717009397,7.525542262711488,7.5605854988098145,181400,0.0,0.0
2024-07-16 00:00:00,7.551823536211647,7.613148982838018,7.551823536211647,7.595627784729004,148400,0.0,0.0
2024-07-17 00:00:00,7.604388680082248,7.604388680082248,7.455454738799787,7.4642157554626465,354400,0.0,0.0
2024-07-18 00:00:00,7.45545529737905,7.481737513840214,7.411651046279379,7.420412063598633,171200,0.0,0.0
2024-07-19 00:00:00,7.437934970173722,7.437934970173722,7.315284041535128,7.3590874671936035,393200,0.0,0.0
2024-07-22 00:00:00,7.359084918535802,7.41165018081665,7.350324737736077,7.41165018081665,153900,0.0,0.0
2024-07-23 00:00:00,7.411651232785543,7.499259737189458,7.394129197706112,7.4729766845703125,237300,0.0,0.0
2024-07-24 00:00:00,7.472976490638915,7.481737507951274,7.359085772068054,7.385368824005127,91700,0.0,0.0
2024-07-25 00:00:00,7.420411197112875,7.4291713779126,7.385367967424476,7.41165018081665,123600,0.0,0.0
2024-07-26 00:00:00,7.446694280059797,7.45545529737905,7.411651046279379,7.420412063598633,92100,0.0,0.0
2024-07-29 00:00:00,7.4554554849875005,7.499259737189458,7.446694467447785,7.4729766845703125,104900,0.0,0.0
2024-07-30 00:00:00,7.51678084792602,7.543063064737899,7.4554553968661,7.4817376136779785,99500,0.0,0.0
2024-07-31 00:00:00,7.525541865362182,7.525541865362182,7.429172344557613,7.4817376136779785,182200,0.0,0.0
2024-08-01 00:00:00,7.5167804784679655,7.604388977530318,7.508019461462417,7.578105926513672,152800,0.0,0.0
2024-08-02 00:00:00,7.621911437645707,7.709519951209274,7.58686819931962,7.66571569442749,193500,0.0,0.0
2024-08-05 00:00:00,7.656953784918185,7.656953784918185,7.4817376136779785,7.4817376136779785,210600,0.0,0.0
2024-08-06 00:00:00,7.551824388410198,7.578106606287855,7.516781152741109,7.534303188323975,193200,0.0,0.0
2024-08-07 00:00:00,7.639433380544309,7.718280874681862,7.516781630164039,7.569346904754639,356900,0.0,0.0
2024-08-08 00:00:00,7.578107835622668,7.578107835622668,7.490500149986384,7.543064594268799,257600,0.0,0.0
2024-08-09 00:00:00,7.551824663996816,7.613150119781494,7.490499208212137,7.613150119781494,178700,0.0,0.0
2024-08-12 00:00:00,7.586744854743743,7.595546384444762,7.5427380455987185,7.577943325042725,132000,0.04,0.0
2024-08-13 00:00:00,7.586746692657471,7.62195198063007,7.569144468351308,7.586746692657471,163600,0.0,0.0
2024-08-14 00:00:00,7.621951173845911,7.648354927190453,7.577944358698218,7.613149642944336,74800,0.0,0.0
2024-08-15 00:00:00,7.613150228132448,7.613150228132448,7.5427396542280745,7.569144248962402,157900,0.0,0.0
2024-08-16 00:00:00,7.577944067824175,7.613149350718962,7.569143376620594,7.604348659515381,152000,0.0,0.0
2024-08-19 00:00:00,7.586746692657471,7.6043497563239075,7.569144468351308,7.586746692657471,111300,0.0,0.0
2024-08-20 00:00:00,7.604348880930609,7.621951103210449,7.577944288470584,7.621951103210449,85600,0.0,0.0
2024-08-21 00:00:00,7.630752411846433,7.639553942410167,7.577944067824175,7.604348659515381,102400,0.0,0.0
2024-08-22 00:00:00,7.595547128951646,7.604348659515381,7.569143376620594,7.604348659515381,81700,0.0,0.0
2024-08-23 00:00:00,7.604348740473085,7.674759307012267,7.595547209815647,7.639554023742676,158200,0.0,0.0
2024-08-26 00:00:00,7.674758518868692,7.7187653282765325,7.613148649953685,7.709963798522949,156900,0.0,0.0
2024-08-27 00:00:00,7.718766689300537,7.727567381245841,7.665958340827597,7.718766689300537,90700,0.0,0.0
2024-08-28 00:00:00,7.745168824311044,7.771572573346273,7.683558957415446,7.727565765380859,96100,0.0,0.0
2024-08-29 00:00:00,7.745170125559072,7.797977632501596,7.718766372087811,7.789176940917969,137600,0.0,0.0
2024-08-30 00:00:00,7.789174282917755,7.789174282917755,7.718763738114694,7.76276969909668,120700,0.0,0.0
2024-09-03 00:00:00,7.762772816852097,7.789177411278025,7.692362243770101,7.745170593261719,192800,0.0,0.0
2024-09-04 00:00:00,7.753970998408771,7.815580031066237,7.745169468211956,7.797976970672607,201700,0.0,0.0
2024-09-05 00:00:00,7.815580297810896,7.8243818283081055,7.753971263050722,7.8243818283081055,151000,0.0,0.0
2024-09-06 00:00:00,7.8331825194451685,7.859587110936797,7.806778767313686,7.8243818283081055,122100,0.0,0.0
2024-09-09 00:00:00,7.833182660382427,7.833182660382427,7.79797737712031,7.806778907775879,126200,0.0,0.0
2024-09-10 00:00:00,7.850786358319978,7.894793175806212,7.815581072203036,7.877190113067627,202500,0.0,0.0
2024-09-11 00:00:00,7.877188809364486,8.05321521081619,7.868387279451878,8.044414520263672,297400,0.0,0.0
2024-09-12 00:00:00,8.106025623903452,8.132429381033475,8.044416577479963,8.114827156066895,281700,0.0,0.0
2024-09-13 00:00:00,8.15902334510241,8.15902334510241,7.991069814355928,8.01758861541748,318500,0.04,0.0
2024-09-16 00:00:00,8.079465956810662,8.079465956810662,7.9468702816349515,7.9910688400268555,172800,0.0,0.0
2024-09-17 00:00:00,8.026428882404279,8.114826014213115,7.973391277732999,8.008749961853027,183700,0.0,0.0
2024-09-18 00:00:00,8.026430572258231,8.150186414242176,8.017590688612728,8.123666763305664,224900,0.0,0.0
2024-09-19 00:00:00,8.150184906118644,8.159023945110855,8.097146457077645,8.141345024108887,117100,0.0,0.0
2024-09-20 00:00:00,8.14134381959947,8.176702499389648,8.114825020511194,8.176702499389648,131100,0.0,0.0
2024-09-23 00:00:00,8.176705222160985,8.176705222160985,8.097147955386856,8.123666763305664,127300,0.0,0.0
2024-09-24 00:00:00,8.141346530596673,8.150186414242176,8.079469031113552,8.123666763305664,111400,0.0,0.0
2024-09-25 00:00:00,8.159025454869976,8.16786533851548,8.114827722677864,8.123666763305664,139400,0.0,0.0
2024-09-26 00:00:00,8.167865463239552,8.167865463239552,8.123666887354819,8.150186538696289,189100,0.0,0.0
2024-09-27 00:00:00,8.16786412091415,8.203222807207466,8.132505434620834,8.159024238586426,213100,0.0,0.0
2024-09-30 00:00:00,8.159023335544326,8.300458908081055,8.150184297212489,8.300458908081055,194300,0.0,0.0
2024-10-01 00:00:00,8.362335363625876,8.415373802185059,8.318136805329456,8.415373802185059,223300,0.0,0.0
2024-10-02 00:00:00,8.3888578167112,8.397697700825804,8.309300545715274,8.335820198059082,194300,0.0,0.0
2024-10-03 00:00:00,8.344658157853015,8.362337923791271,8.300460429042651,8.30929946899414,121700,0.0,0.0
2024-10-04 00:00:00,8.282778717874635,8.282778717874635,8.176702676210217,8.25625991821289,168300,0.0,0.0
2024-10-07 00:00:00,8.256260149491396,8.27393906875531,8.159023142978747,8.194382667541504,165700,0.0,0.0
2024-10-08 00:00:00,8.229740712621398,8.247419630518072,8.19438203381065,8.238579750061035,113400,0.0,0.0
2024-10-09 00:00:00,8.256262641967309,8.256262641967309,8.176705373718564,8.203224182128906,153300,0.0,0.0
2024-10-10 00:00:00,8.203224155343795,8.212064039124286,8.13250677113531,8.150186538696289,224400,0.0,0.0
2024-10-11 00:00:00,8.123546600341797,8.194572079614364,8.105790653868905,8.123546600341797,207900,0.04,0.0
2024-10-14 00:00:00,8.123551204281823,8.167942365658043,8.061404086369704,8.088038444519043,144600,0.0,0.0
2024-10-15 00:00:00,8.1324290964408,8.141307497498055,8.06140358136462,8.070281982421875,196000,0.0,0.0
2024-10-16 00:00:00,8.114672385443114,8.167941093444824,8.088037184751412,8.167941093444824,120300,0.0,0.0
2024-10-17 00:00:00,8.185699179142382,8.238967895507812,8.167942375893253,8.238967895507812,160700,0.0,0.0
2024-10-18 00:00:00,8.256721964909957,8.256721964909957,8.194574020806515,8.21233081817627,74800,0.0,0.0
2024-10-21 00:00:00,8.212331938242995,8.212331938242995,8.159062385559082,8.159062385559082,244400,0.0,0.0
2024-10-22 00:00:00,8.176818499091265,8.20345284985246,8.105792999267578,8.105792999267578,108300,0.0,0.0
2024-10-23 00:00:00,8.079158146508131,8.088035698416427,7.97261905670166,7.97261905670166,189600,0.0,0.0
2024-10-24 00:00:00,7.981500634352794,8.025891798338156,7.901596708517348,7.937109470367432,157600,0.0,0.0
2024-10-25 00:00:00,7.945986100641362,8.017011608503678,7.910473346710205,7.910473346710205,124700,0.0,0.0
2024-10-28 00:00:00,8.0081327501307,8.025888700857564,7.91047205771549,7.928228855133057,107800,0.0,0.0
2024-10-29 00:00:00,7.919351402868518,7.9459857554872455,7.839447498321533,7.839447498321533,148900,0.0,0.0
2024-10-30 00:00:00,7.84832623900339,7.910473346710205,7.83944783884789,7.910473346710205,150100,0.0,0.0
2024-10-31 00:00:00,7.910471209922263,7.919349607679517,7.777298630325903,7.812811374664307,177200,0.0,0.0
2024-11-01 00:00:00,7.901594603328831,7.928229802638362,7.812813145702806,7.839447498321533,131600,0.0,0.0
2024-11-04 00:00:00,7.883836863341114,7.937105556503413,7.803932976907053,7.812811374664307,151700,0.0,0.0
2024-11-05 00:00:00,7.866083445543263,7.937108964718613,7.848327489094914,7.919353008270264,171400,0.0,0.0
2024-11-06 00:00:00,7.919352534692932,7.919352534692932,7.83057021768744,7.8749613761901855,331500,0.0,0.0
2024-11-07 00:00:00,7.928231098654835,7.981499812600049,7.892718340461045,7.954865455627441,186100,0.0,0.0
2024-11-08 00:00:00,7.981499665231189,8.07916038347913,7.981499665231189,8.070281982421875,109400,0.0,0.0
2024-11-11 00:00:00,8.123548524708895,8.21233081817627,8.096914175344962,8.21233081817627,171400,0.0,0.0
2024-11-12 00:00:00,8.19449824924133,8.19449824924133,8.042914182180795,8.051830291748047,274400,0.04,0.0
2024-11-13 00:00:00,8.105330442129542,8.105330442129542,7.76649364962258,7.81107759475708,463100,0.0,0.0
2024-11-14 00:00:00,7.846743790366952,7.891327731010389,7.784325933318966,7.828909873962402,261400,0.0,0.0
2024-11-15 00:00:00,7.8199938061095615,7.828909913989484,7.739742882614663,7.793242931365967,180700,0.0,0.0
2024-11-18 00:00:00,7.802160347300244,7.864577357960888,7.695159393152857,7.730826377868652,337400,0.0,0.0
2024-11-19 00:00:00,7.7575750710871025,7.7575750710871025,7.677324156671413,7.721908092498779,276800,0.0,0.0
2024-11-20 00:00:00,7.686243534088135,7.739744444000446,7.650576544269299,7.686243534088135,180800,0.0,0.0
2024-11-21 00:00:00,7.721909441805449,7.721909441805449,7.632742404937744,7.632742404937744,241300,0.0,0.0
2024-11-22 00:00:00,7.677327365480578,7.677327365480578,7.632744261387143,7.6684112548828125,179500,0.0,0.0
2024-11-25 00:00:00,7.739743709564209,7.7664937367979565,7.686242804728681,7.739743709564209,274200,0.0,0.0
2024-11-26 00:00:00,7.686241113910455,7.7575750710871025,7.668408049800217,7.721908092498779,173800,0.0,0.0
2024-11-27 00:00:00,7.775410669043412,7.837827682495117,7.748659791534369,7.837827682495117,191000,0.0,0.0
2024-11-29 00:00:00,7.891329346505611,7.918079376220703,7.8556623567627835,7.918079376220703,89800,0.0,0.0
2024-12-02 00:00:00,7.918078675295437,7.918078675295437,7.819994674777295,7.864577770233154,184800,0.0,0.0
2024-12-03 00:00:00,7.909160108084983,7.909160108084983,7.828909191990992,7.846743106842041,226400,0.0,0.0
2024-12-04 00:00:00,7.846743106842041,7.846743106842041,7.784325255231235,7.846743106842041,167300,0.0,0.0
2024-12-05 00:00:00,7.846744580791075,7.855661539891579,7.79324367655607,7.81107759475708,190400,0.0,0.0
2024-12-06 00:00:00,7.855661539891579,7.855661539891579,7.775410608723085,7.81107759475708,181400,0.0,0.0
2024-12-09 00:00:00,7.811079343985519,7.811079343985519,7.739745355942856,7.784328460693359,233000,0.0,0.0
2024-12-10 00:00:00,7.7932447817034305,7.855662653890317,7.730827759884689,7.7664947509765625,404200,0.0,0.0
2024-12-11 00:00:00,7.828911772795303,7.846745693525312,7.730827759884689,7.7664947509765625,343500,0.0,0.0
2024-12-12 00:00:00,7.7754529888152115,7.793368334250589,7.587337163140927,7.632126808166504,514500,0.04,0.0
2024-12-13 00:00:00,7.614209923516004,7.614209923516004,7.452967557644787,7.506715297698975,282800,0.0,0.0
2024-12-16 00:00:00,7.4708839336557995,7.515673575718925,7.390262748800449,7.417136192321777,590100,0.0,0.0
2024-12-17 00:00:00,7.435052336610816,7.435052336610816,7.300683411401918,7.35443115234375,689000,0.0,0.0
2024-12-18 00:00:00,7.363389196895347,7.417136083146888,7.237978371822828,7.291726112365723,432900,0.0,0.0
2024-12-19 00:00:00,7.255894506429044,7.291726048379427,7.1304836824570295,7.193188667297363,430000,0.0,0.0
2024-12-20 00:00:00,7.211105680883759,7.291726872961979,7.130484488805539,7.184232234954834,712100,0.0,0.0
2024-12-23 00:00:00,7.15735712534698,7.220062964478661,7.112567911481838,7.193188667297363,482200,0.0,0.0
2024-12-24 00:00:00,7.166316034807921,7.193189480736847,7.130484488805539,7.184232234954834,400200,0.0,0.0
2024-12-26 00:00:00,7.139440886653741,7.220062491478942,7.139440886653741,7.211104393005371,845300,0.0,0.0
2024-12-27 00:00:00,7.211104393005371,7.220062491478942,7.175272853402379,7.211104393005371,452500,0.0,0.0
2024-12-30 00:00:00,7.184231422528278,7.255894506429044,7.175273323467845,7.193188667297363,554000,0.0,0.0
2024-12-31 00:00:00,7.184231809874556,7.3185998858602686,7.139441739303158,7.246936798095703,761600,0.0,0.0
2025-01-02 00:00:00,7.327557563781738,7.327557563781738,7.2738098239052205,7.327557563781738,180500,0.0,0.0
2025-01-03 00:00:00,7.327557853197751,7.43505248290515,7.327557853197751,7.381304740905762,156700,0.0,0.0
2025-01-06 00:00:00,7.4171360467536775,7.4171360467536775,7.354431061670766,7.390262603759766,276000,0.0,0.0
2025-01-07 00:00:00,7.36338948847729,7.372346733679675,7.32755794479359,7.345473289489746,192500,0.0,0.0
2025-01-08 00:00:00,7.363389160765854,7.4350522449438525,7.264851779302592,7.390262603759766,840000,0.0,0.0
2025-01-10 00:00:00,7.354431093441926,7.354431093441926,7.237978367576765,7.273809909820557,264800,0.0,0.0
2025-01-13 00:00:00,7.27381072020602,7.282813167326323,7.2017928602848205,7.246804237365723,277300,0.04,0.0
2025-01-14 00:00:00,7.255805011396296,7.282811488009268,7.20179119964994,7.237800121307373,339100,0.0,0.0
2025-01-15 00:00:00,7.318822001694873,7.336826037179714,7.264808178199149,7.28281307220459,176800,0.0,0.0
2025-01-16 00:00:00,7.30081535073291,7.33682427155757,7.273808874744513,7.327822685241699,110400,0.0,0.0
2025-01-17 00:00:00,7.372834298899351,7.408843225128241,7.273809966400032,7.354830265045166,266800,0.0,0.0
2025-01-21 00:00:00,7.399841545960068,7.399841545960068,7.336825281948334,7.390839099884033,177600,0.0,0.0
2025-01-22 00:00:00,7.426848172266919,7.462857098761331,7.3548303192780935,7.417845726013184,231600,0.0,0.0
2025-01-23 00:00:00,7.417845579591627,7.417845579591627,7.354830174100404,7.390839099884033,267400,0.0,0.0
2025-01-24 00:00:00,7.426848172266919,7.489863579002009,7.390839245772506,7.417845726013184,103400,0.0,0.0
2025-01-27 00:00:00,7.444854540560971,7.507869959787549,7.43585209252269,7.498867511749268,125400,0.0,0.0
2025-01-28 00:00:00,7.498866175001986,7.5438775486489735,7.453854801354997,7.480862140655518,225300,0.0,0.0
2025-01-29 00:00:00,7.507868766784668,7.561881729390286,7.471859838874069,7.507868766784668,111900,0.0,0.0
2025-01-30 00:00:00,7.570883511185922,7.570883511185922,7.444852703826085,7.561881065368652,150400,0.0,0.0
2025-01-31 00:00:00,7.480862665917288,7.5618821139459165,7.480862665917288,7.525873184204102,167300,0.0,0.0
2025-02-03 00:00:00,7.552880192934591,7.624898049248103,7.489863924769842,7.5708842277526855,265900,0.0,0.0
2025-02-04 00:00:00,7.579885070608076,7.660905356447985,7.53487370530586,7.642900466918945,187200,0.0,0.0
2025-02-05 00:00:00,7.714919420647077,7.723921866709939,7.642901569185208,7.687912940979004,136600,0.0,0.0
2025-02-06 00:00:00,7.696916246807419,7.732925176560645,7.624898387300966,7.7239227294921875,216400,0.0,0.0
2025-02-07 00:00:00,7.723921628523984,7.732924074309233,7.660906225068208,7.696915149688721,123900,0.0,0.0
2025-02-10 00:00:00,7.7329230308532715,7.75092706147388,7.696914111091688,7.7329230308532715,303800,0.0,0.0
2025-02-11 00:00:00,7.723921628523984,7.759930553144496,7.660906225068208,7.696915149688721,159100,0.0,0.0
2025-02-12 00:00:00,7.588888347630669,7.615894826365589,7.480861574170505,7.516870498657227,251300,0.0,0.0
2025-02-13 00:00:00,7.580187830910065,7.634460768307022,7.5078233392789295,7.598278522491455,203700,0.04,0.0
2025-02-14 00:00:00,7.643508523814587,7.7068281173706055,7.607326268633867,7.7068281173706055,216700,0.0,0.0
2025-02-18 00:00:00,7.715870663498634,7.715870663498634,7.62541548466541,7.661597728729248,214000,0.0,0.0
2025-02-19 00:00:00,7.607323666699942,7.706825481404063,7.534959181089336,7.670642375946045,236800,0.0,0.0
2025-02-20 00:00:00,7.6887362605344025,7.733964293421082,7.679690481426471,7.697782039642334,125500,0.0,0.0
2025-02-21 00:00:00,7.7339653968811035,7.752056095025119,7.715873836083989,7.7339653968811035,146000,0.0,0.0
2025-02-24 00:00:00,7.743010072529014,7.743010072529014,7.679690481426471,7.697782039642334,100200,0.0,0.0
2025-02-25 00:00:00,7.733963940005282,7.779191970825195,7.733963940005282,7.779191970825195,127200,0.0,0.0
2025-02-26 00:00:00,7.79728364944458,7.8153752091165645,7.7430106957347204,7.79728364944458,141500,0.0,0.0
2025-02-27 00:00:00,7.815374222950538,7.815374222950538,7.733963940005282,7.779191970825195,168200,0.0,0.0
2025-02-28 00:00:00,7.797282665561398,7.815374222950538,7.770146192130626,7.779191970825195,247100,0.0,0.0
2025-03-03 00:00:00,7.80632817480667,7.842510425683119,7.733963673053774,7.788236618041992,222500,0.0,0.0
2025-03-04 00:00:00,7.806329914763364,7.806329914763364,7.697783137939974,7.7339653968811035,121800,0.0,0.0
2025-03-05 00:00:00,7.75205528935675,7.779192627732047,7.670644999536875,7.7068281173706055,82100,0.0,0.0
2025-03-06 00:00:00,7.715870395115853,7.724916171480357,7.65255168586975,7.670642375946045,98800,0.0,0.0
2025-03-07 00:00:00,7.688735354125021,7.688735354125021,7.544006356071834,7.607325077056885,130800,0.0,0.0
2025-03-10 00:00:00,7.616371659498328,7.724918419502339,7.507824899494317,7.571143627166748,181100,0.0,0.0
2025-03-11 00:00:00,7.589236328844034,7.634463505338297,7.48068955248223,7.498780250549316,197200,0.0,0.0
2025-03-12 00:00:00,7.544007151092456,7.544007151092456,7.471642644439772,7.507824897766113,111700,0.0,0.0
2025-03-13 00:00:00,7.489645911418092,7.507825080213852,7.416930969896012,7.462378025054932,82800,0.04,0.0
2025-03-14 00:00:00,7.426020307038418,7.453288192493672,7.426020307038418,7.4441986083984375,79300,0.0,0.0
2025-03-17 00:00:00,7.435109729313666,7.462377614175454,7.416930561518854,7.42602014541626,84200,0.0,0.0
2025-03-18 00:00:00,7.4532875657029924,7.462377149033831,7.335125582893228,7.362394332885742,382800,0.0,0.0
2025-03-19 00:00:00,7.3260369156943,7.389662265777588,7.3260369156943,7.389662265777588,142300,0.0,0.0
2025-03-20 00:00:00,7.4260191400201325,7.489644485026986,7.3714825108497495,7.398751258850098,174300,0.0,0.0
2025-03-21 00:00:00,7.4078411388479495,7.453288192493672,7.362394952032677,7.4441986083984375,123600,0.0,0.0
2025-03-24 00:00:00,7.453288440657052,7.462378025054932,7.407841385498132,7.462378025054932,122600,0.0,0.0
2025-03-25 00:00:00,7.426021286016438,7.453289175066438,7.3805742263793945,7.3805742263793945,96600,0.0,0.0
2025-03-26 00:00:00,7.362394332885742,7.398751799378718,7.353304749554904,7.362394332885742,124400,0.0,0.0
2025-03-27 00:00:00,7.344215458203308,7.380572926141725,7.280590106018684,7.307857990264893,105900,0.0,0.0
2025-03-28 00:00:00,7.326037157649306,7.362394625587722,7.289679689710891,7.307857990264893,192400,0.0,0.0
2025-03-31 00:00:00,7.353304749554904,7.362394332885742,7.298768116400252,7.362394332885742,165100,0.0,0.0
2025-04-01 00:00:00,7.407839974686567,7.4260191400201325,7.3714825108497495,7.398751258850098,195200,0.0,0.0
2025-04-02 00:00:00,7.416931700722916,7.416931700722916,7.2805913886423514,7.3805742263793945,201400,0.0,0.0
2025-04-03 00:00:00,7.3533047990399405,7.426019732515236,7.335125632255925,7.389662265777588,472500,0.0,0.0
2025-04-04 00:00:00,7.389662576029309,7.426020044293409,7.271500587463379,7.271500587463379,424700,0.0,0.0
2025-04-07 00:00:00,7.2260544071880295,7.2260544071880295,6.9897308349609375,6.9897308349609375,299400,0.0,0.0
2025-04-08 00:00:00,7.071534427706522,7.162428097283171,6.717048466234787,6.762495517730713,467700,0.0,0.0
2025-04-09 00:00:00,6.671603582902922,6.871569707966695,6.471637024423831,6.835212230682373,369700,0.0,0.0
2025-04-10 00:00:00,6.771584590998413,6.771584590998413,6.626154721329086,6.67160177230835,427900,0.0,0.0
2025-04-11 00:00:00,6.689879966447828,6.689879966447828,6.552792178274172,6.66246223449707,267400,0.04,0.0
2025-04-14 00:00:00,6.708158886461178,6.817828952122372,6.708158886461178,6.772132873535156,355800,0.0,0.0
2025-04-15 00:00:00,6.799550671775693,6.845246315002441,6.753854592758838,6.845246315002441,248200,0.0,0.0
2025-04-16 00:00:00,6.826967864051483,6.845246208215057,6.790411175724334,6.83610725402832,269500,0.0,0.0
2025-04-17 00:00:00,6.863525496735215,6.890942797117066,6.836107760563232,6.872664451599121,222200,0.0,0.0
2025-04-21 00:00:00,6.808689271499921,6.909220378627152,6.717297554016113,6.717297554016113,227200,0.0,0.0
2025-04-22 00:00:00,6.781271934509277,6.799550277899192,6.726436904339535,6.781271934509277,142000,0.0,0.0
2025-04-23 00:00:00,6.91836009623843,6.936638440601684,6.78127229561897,6.808689594268799,294700,0.0,0.0
2025-04-24 00:00:00,6.845246715427138,6.936638878806993,6.845246715427138,6.872664451599121,115000,0.0,0.0
2025-04-25 00:00:00,6.973195405453231,6.973195405453231,6.900082025105064,6.964056015014648,115200,0.0,0.0
2025-04-28 00:00:00,6.964055760648662,6.964055760648662,6.872664038551588,6.945777416229248,135900,0.0,0.0
2025-04-29 00:00:00,6.936638715279147,7.009752095627313,6.918360370192105,6.964056015014648,236200,0.0,0.0
2025-04-30 00:00:00,6.881804074797774,7.018891452919643,6.881804074797774,6.991474151611328,158100,0.0,0.0
2025-05-01 00:00:00,7.046308623991581,7.0828653133261845,7.009751934656977,7.055447578430176,172500,0.0,0.0
2025-05-02 00:00:00,7.1285612851103615,7.1285612851103615,7.018890782974584,7.046308517456055,118400,0.0,0.0
2025-05-05 00:00:00,7.055446880681595,7.082864612866127,6.991472898567803,7.07372522354126,191800,0.0,0.0
2025-05-06 00:00:00,7.018890782974584,7.155978583801726,7.018890782974584,7.046308517456055,225800,0.0,0.0
2025-05-07 00:00:00,7.073726324279813,7.119422406434751,7.04630902361896,7.0828657150268555,150800,0.0,0.0
2025-05-08 00:00:00,7.128561797181793,7.128561797181793,7.055447978575866,7.0828657150268555,82800,0.0,0.0
2025-05-09 00:00:00,7.092004882306159,7.12856157256216,7.0737261013880355,7.101143836975098,110100,0.0,0.0
2025-05-12 00:00:00,7.119516287875166,7.165448826240808,7.055210821772298,7.1011433601379395,140200,0.04,0.0
2025-05-13 00:00:00,7.0735842840154755,7.091957213141028,7.009279251098633,7.009279251098633,182000,0.0,0.0
2025-05-14 00:00:00,7.055211270705447,7.055211270705447,6.963346626173836,6.990906238555908,217200,0.0,0.0
2025-05-15 00:00:00,7.009277994011729,7.0919559412261535,6.97253214235085,7.046023845672607,126400,0.0,0.0
2025-05-16 00:00:00,7.073583408070408,7.110329261771153,6.908227066417054,7.027651309967041,484900,0.0,0.0
2025-05-19 00:00:00,6.926600234557611,7.000091944519208,6.825548914337844,6.981719017028809,250200,0.0,0.0
2025-05-20 00:00:00,6.944973162048011,7.000091944519208,6.935786917325383,6.981719017028809,144100,0.0,0.0
2025-05-21 00:00:00,6.963346791602202,6.963346791602202,6.825549602508545,6.825549602508545,182500,0.0,0.0
2025-05-22 00:00:00,6.843922675853916,6.853109359741211,6.797990570553035,6.853109359741211,240400,0.0,0.0
2025-05-23 00:00:00,6.843922531851353,6.843922531851353,6.807176673165737,6.825549602508545,196600,0.0,0.0
2025-05-27 00:00:00,6.843922758335107,6.899041986232763,6.843922758335107,6.8714823722839355,207700,0.0,0.0
2025-05-28 00:00:00,6.87148174966579,6.889854677951855,6.834735893093661,6.843922138214111,75500,0.0,0.0
2025-05-29 00:00:00,6.889855219199995,6.89904190308729,6.8347364300118185,6.853109359741211,102400,0.0,0.0
2025-05-30 00:00:00,6.871481979090004,6.889854907989502,6.843922366718167,6.889854907989502,126400,0.0,0.0
2025-06-02 00:00:00,6.889854174353583,6.8990408568477175,6.788802857143761,6.83473539352417,231300,0.0,0.0
2025-06-03 00:00:00,6.825549496677346,6.834736180228904,6.761244463997171,6.797990322113037,456000,0.0,0.0
2025-06-04 00:00:00,6.816363251170971,6.84392242573528,6.78880363856148,6.797990322113037,210500,0.0,0.0
2025-06-05 00:00:00,6.825549496677346,6.825549496677346,6.770430709503547,6.797990322113037,239200,0.0,0.0
2025-06-06 00:00:00,6.770430626131881,6.797990238402,6.7153118396368185,6.7796173095703125,261500,0.0,0.0
2025-06-09 00:00:00,6.7796173095703125,6.797990238402,6.742871451906938,6.7796173095703125,151800,0.0,0.0
2025-06-10 00:00:00,6.7796173095703125,6.816363167233687,6.761244380738625,6.7796173095703125,120500,0.0,0.0
2025-06-11 00:00:00,6.816362466581032,6.843921637973174,6.797989539637895,6.83473539352417,236900,0.0,0.0
2025-06-12 00:00:00,6.853208023647981,6.880916164967591,6.816263541613191,6.862443923950195,274400,0.04,0.0
2025-06-13 00:00:00,6.853208163628541,6.853208163628541,6.788555098540602,6.807027339935303,225700,0.0,0.0
2025-06-16 00:00:00,6.807027859050432,6.807027859050432,6.7608474722483765,6.797791957855225,234900,0.0,0.0
2025-06-17 00:00:00,6.807027859050432,6.816264200658649,6.7793197150518,6.797791957855225,166000,0.0,0.0
2025-06-18 00:00:00,6.797791439444439,6.81626368083914,6.788555098540602,6.807027339935303,202700,0.0,0.0
2025-06-20 00:00:00,6.7793192863464355,6.807027428592882,6.723902561440563,6.7793192863464355,283300,0.0,0.0
2025-06-23 00:00:00,6.8162631579873665,6.8532076379428855,6.788554577814256,6.825499057769775,347600,0.0,0.0
2025-06-24 00:00:00,6.816263153558412,6.853207633489927,6.816263153558412,6.83473539352417,218000,0.0,0.0
2025-06-25 00:00:00,6.825499628307348,6.825499628307348,6.779319244709241,6.788555145263672,187500,0.0,0.0
2025-06-26 00:00:00,6.797791439444439,6.81626368083914,6.7793191980497385,6.807027339935303,207600,0.0,0.0
2025-06-27 00:00:00,6.843971817554329,6.843971817554329,6.770082852031346,6.816263675689697,243700,0.0,0.0
2025-06-30 00:00:00,6.825499868939758,6.880916595458984,6.807027626766683,6.880916595458984,268800,0.0,0.0
2025-07-01 00:00:00,6.880916595458984,6.89938883763206,6.807027626766683,6.880916595458984,296100,0.0,0.0
2025-07-02 00:00:00,6.890152936752019,6.908625178925094,6.862444353285909,6.880916595458984,175900,0.0,0.0
2025-07-03 00:00:00,6.890152936752019,6.908625178925094,6.853208452405868,6.880916595458984,132700,0.0,0.0
2025-07-07 00:00:00,6.880916164967591,6.880916164967591,6.825499441915405,6.862443923950195,248100,0.0,0.0
2025-07-08 00:00:00,6.843971677992018,6.87168025970459,6.843971677992018,6.87168025970459,242100,0.0,0.0
2025-07-09 00:00:00,6.862443923950195,6.880916164967591,6.853208023647981,6.862443923950195,185600,0.0,0.0
2025-07-10 00:00:00,6.862443923950195,6.880916164967591,6.843971682932801,6.862443923950195,243400,0.0,0.0
2025-07-11 00:00:00,6.834585597109691,6.853157822531316,6.806727037578863,6.825299263000488,202400,0.04,0.0
2025-07-14 00:00:00,6.825298961991976,6.8531575202941895,6.806726737389422,6.8531575202941895,267200,0.0,0.0
2025-07-15 00:00:00,6.853157236671676,6.853157236671676,6.806726455688477,6.806726455688477,490700,0.0,0.0
2025-07-16 00:00:00,6.834585865664823,6.834585865664823,6.7602969610592485,6.7881550788879395,271300,0.0,0.0
2025-07-17 00:00:00,6.806727094670432,6.806727094670432,6.732438192360832,6.751010417938232,197000,0.0,0.0
2025-07-18 00:00:00,6.788155477058668,6.79744181207747,6.602433204650879,6.602433204650879,467700,0.0,0.0
2025-07-21 00:00:00,6.686007289245621,6.723151739746125,6.648862838745117,6.648862838745117,260400,0.0,0.0
2025-07-22 00:00:00,6.6767216081758045,6.686007499694824,6.648863048025159,6.686007499694824,222200,0.0,0.0
2025-07-23 00:00:00,6.686007128528703,6.7045793533325195,6.658149012721362,6.7045793533325195,261100,0.0,0.0
2025-07-24 00:00:00,6.686007289245621,6.695293623269135,6.648862838745117,6.648862838745117,244000,0.0,0.0
2025-07-25 00:00:00,6.658149347139335,6.704579690082544,6.658149347139335,6.676721572875977,304300,0.0,0.0
2025-07-28 00:00:00,6.676721467845608,6.704579584613944,6.639577016956639,6.658149242401123,213000,0.0,0.0
2025-07-29 00:00:00,6.658149347139335,6.686007464345902,6.639577121402694,6.676721572875977,174200,0.0,0.0
2025-07-30 00:00:00,6.658149172768631,6.713865848519387,6.63957694751838,6.648862838745117,235900,0.0,0.0
2025-07-31 00:00:00,6.658149347139335,6.695293798612618,6.630290787135979,6.676721572875977,207700,0.0,0.0
2025-08-01 00:00:00,6.704580477860999,6.751011269056547,6.704580477860999,6.732439041137695,189800,0.0,0.0
2025-08-04 00:00:00,6.741725376495542,6.7788698323332435,6.732439041137695,6.732439041137695,231500,0.0,0.0
2025-08-05 00:00:00,6.751011269056547,6.7788698323332435,6.704580477860999,6.732439041137695,276400,0.0,0.0
2025-08-06 00:00:00,6.816013699962665,6.825299591722315,6.70457989926923,6.713866233825684,436100,0.0,0.0
2025-08-07 00:00:00,6.74172424573692,6.751010136740445,6.695293462328995,6.7045793533325195,664900,0.0,0.0
2025-08-08 00:00:00,6.6767210258887495,6.7045791408130535,6.6674346923828125,6.6674346923828125,505700,0.0,0.0
2025-08-11 00:00:00,6.676774040986993,6.742140773720629,6.676774040986993,6.7141265869140625,500200,0.04,0.0
2025-08-12 00:00:00,6.714125144378167,6.742139325165862,6.658096337525404,6.695448875427246,867700,0.0,0.0
2025-08-13 00:00:00,6.714125612098174,6.723463524585446,6.676773071594275,6.704787254333496,1010800,0.0,0.0
2025-08-14 00:00:00,6.723464472804246,6.723464472804246,6.6674356541465825,6.686111927032471,519900,0.0,0.0
2025-08-15 00:00:00,6.704787254027003,6.704787254027003,6.658096801037966,6.6767730712890625,519900,0.0,0.0
2025-08-18 00:00:00,6.695449341540158,6.695449341540158,6.658096801037966,6.6767730712890625,581900,0.0,0.0
2025-08-19 00:00:00,6.676774008759471,6.686111922557431,6.639421463012695,6.639421463012695,631500,0.0,0.0
2025-08-20 00:00:00,6.658096790313721,6.667434702785525,6.648758432564511,6.658096790313721,394400,0.0,0.0
2025-08-21 00:00:00,6.648759376810655,6.667435649684043,6.630083103937267,6.639421463012695,351900,0.0,0.0
2025-08-22 00:00:00,6.648758454181892,6.723463535308838,6.639420541679727,6.723463535308838,580800,0.0,0.0
2025-08-25 00:00:00,6.714126119389197,6.7421403042450505,6.714126119389197,6.732802391052246,506100,0.0,0.0
2025-08-26 00:00:00,6.73280189308841,6.742139805590575,6.714125622806673,6.723463535308838,321500,0.0,0.0
2025-08-27 00:00:00,6.73280189308841,6.742139805590575,6.704787265027101,6.723463535308838,404600,0.0,0.0
2025-08-28 00:00:00,6.723463545972821,6.74213981628418,6.714125633455845,6.74213981628418,547700,0.0,0.0
2025-08-29 00:00:00,6.7421403319897895,6.7888312339782715,6.714126147018653,6.7888312339782715,342200,0.0,0.0
2025-09-02 00:00:00,6.770155405804667,6.770155405804667,6.70478822779356,6.7141265869140625,791000,0.0,0.0
2025-09-03 00:00:00,6.723463566997086,6.75147819519043,6.723463566997086,6.75147819519043,521100,0.0,0.0
2025-09-04 00:00:00,6.751478184727817,6.779492812877747,6.751478184727817,6.7608160972595215,586200,0.0,0.0
2025-09-05 00:00:00,6.77949384363386,6.9102277558964005,6.77949384363386,6.9008893966674805,1028900,0.0,0.0
2025-09-08 00:00:00,6.928903113138569,6.9755935672786835,6.928903113138569,6.947579383850098,873900,0.0,0.0
2025-09-09 00:00:00,6.9382410360781615,6.975593577556253,6.919564765339115,6.9662556648254395,712900,0.0,0.0
2025-09-10 00:00:00,6.984931986828714,7.040960799457062,6.984931986828714,7.031622886657715,698100,0.0,0.0
2025-09-11 00:00:00,7.040961761954054,7.068976394736529,7.031623847878217,7.050300121307373,333300,0.0,0.0
2025-09-12 00:00:00,7.050300029858767,7.087851524353027,7.003360437916379,7.087851524353027,374700,0.04,0.0
2025-09-15 00:00:00,7.0878506318717776,7.209892749786377,7.0878506318717776,7.209892749786377,1089600,0.0,0.0
2025-09-16 00:00:00,7.172341117998827,7.341323266248322,7.172341117998827,7.284996032714844,1527200,0.0,0.0
2025-09-17 00:00:00,7.331936166526763,7.378875758007951,7.313160419464111,7.313160419464111,416200,0.0,0.0
2025-09-18 00:00:00,7.313160768468061,7.3507122643854235,7.247445426788105,7.322548866271973,883000,0.0,0.0
2025-09-19 00:00:00,7.322548516819998,7.331936166526763,7.29438467240146,7.313160419464111,234000,0.0,0.0
2025-09-22 00:00:00,7.322548866271973,7.331936516426742,7.303773118313291,7.322548866271973,383000,0.0,0.0
2025-09-23 00:00:00,7.331936516426742,7.3507122643854235,7.275609272550698,7.322548866271973,357600,0.0,0.0
2025-09-24 00:00:00,7.284996032714844,7.294383681145894,7.247444096043465,7.284996032714844,494400,0.0,0.0
2025-09-25 00:00:00,7.303772382506571,7.313160031715597,7.2380570474470005,7.275608539581299,447200,0.0,0.0
2025-09-26 00:00:00,7.275607936634734,7.303771777226004,7.256832192123575,7.284996032714844,397800,0.0,0.0
2025-09-29 00:00:00,7.322547476068886,7.350710868835449,7.303771731674824,7.350710868835449,355500,0.0,0.0
2025-09-30 00:00:00,7.350711171099408,7.435202248171517,7.331935425933281,7.425814151763916,454700,0.0,0.0
2025-10-01 00:00:00,7.453977906160836,7.482141299756108,7.435202161214298,7.46336555480957,351600,0.0,0.0
2025-10-02 00:00:00,7.425814413224846,7.50091739653371,7.425814413224846,7.472754001617432,391100,0.0,0.0
2025-10-03 00:00:00,7.500917092731614,7.500917092731614,7.378874973622204,7.397650718688965,529900,0.0,0.0
2025-10-06 00:00:00,7.397651090570931,7.425814485762317,7.3131600096985805,7.3413238525390625,561100,0.0,0.0
2025-10-07 00:00:00,7.369486964463234,7.397650806221158,7.3600993156433105,7.3600993156433105,415400,0.0,0.0
2025-10-08 00:00:00,7.388262854733233,7.444590091705322,7.36948710907587,7.444590091705322,362600,0.0,0.0
2025-10-09 00:00:00,7.435202442701184,7.47275393401591,7.425814346047959,7.444590091705322,316900,0.0,0.0
2025-10-10 00:00:00,7.491529747444648,7.491529747444648,7.435202509963,7.472754001617432,414800,0.0,0.0
2025-10-13 00:00:00,7.463365710520617,7.510305297690817,7.284996353631651,7.453978061676025,507800,0.0,0.0
2025-10-14 00:00:00,7.463413256714826,7.491719700192334,7.4068008196754676,7.482284069061279,335000,0.04,0.0
2025-10-15 00:00:00,7.491719722747803,7.529461347554338,7.453978097941267,7.491719722747803,286800,0.0,0.0
2025-10-16 00:00:00,7.510589958964588,7.529460769920152,7.378494282275637,7.397365093231201,484300,0.0,0.0
2025-10-17 00:00:00,7.397365565795009,7.425671559078808,7.378494753633926,7.406800746917725,451100,0.0,0.0
2025-10-20 00:00:00,7.425671650028318,7.520025711989381,7.425671650028318,7.501154899597168,258300,0.0,0.0
2025-10-21 00:00:00,7.520026683807373,7.548333131011581,7.501155868976472,7.520026683807373,255600,0.0,0.0
2025-10-22 00:00:00,7.5388965243815935,7.5388965243815935,7.472848905966678,7.501154899597168,250400,0.0,0.0
2025-10-23 00:00:00,7.51059053515107,7.51059053515107,7.48228409158834,7.491719722747803,177800,0.0,0.0
2025-10-24 00:00:00,7.520025711989381,7.557767786689462,7.501154899597168,7.501154899597168,281300,0.0,0.0
2025-10-27 00:00:00,7.520025734550276,7.5294613657325185,7.45397811593721,7.510590553283691,410000,0.0,0.0
2025-10-28 00:00:00,7.51059053515107,7.51059053515107,7.453978097941267,7.491719722747803,344200,0.0,0.0
2025-10-29 00:00:00,7.5011553252155085,7.5011553252155085,7.416236889590077,7.44454288482666,330900,0.0,0.0
2025-10-30 00:00:00,7.4445428897571775,7.463413703232625,7.378495267550952,7.435107707977295,537600,0.0,0.0
2025-10-31 00:00:00,7.453978075499428,7.491719700192334,7.4256716320219205,7.482284069061279,330500,0.0,0.0
2025-11-03 00:00:00,7.50115533018352,7.510590961879085,7.406801262806282,7.435107707977295,492400,0.0,0.0
2025-11-04 00:00:00,7.453978002278258,7.491719626600425,7.378494753633926,7.406800746917725,564200,0.0,0.0
2025-11-05 00:00:00,7.416236359510884,7.425671540610133,7.378494735282587,7.387929916381836,420400,0.0,0.0
2025-11-06 00:00:00,7.397365588385536,7.425671581755777,7.397365588385536,7.416236400604248,447700,0.0,0.0
2025-11-07 00:00:00,7.416236359510884,7.416236359510884,7.378494735282587,7.387929916381836,291900,0.0,0.0
2025-11-10 00:00:00,7.397365624741655,7.453978061676025,7.369059181316641,7.453978061676025,281300,0.0,0.0
2025-11-11 00:00:00,7.444542444368373,7.482284069061279,7.4162364508065215,7.482284069061279,420500,0.0,0.0
2025-11-12 00:00:00,7.463413242873926,7.472848873987482,7.4351072493645685,7.453978061676025,340700,0.0,0.0
2025-11-13 00:00:00,7.44454288482666,7.44454288482666,7.416236889590077,7.44454288482666,313300,0.0,0.0
2025-11-14 00:00:00,7.47299327055173,7.47299327055173,7.435059331286654,7.463509559631348,403500,0.04,0.0
2025-11-17 00:00:00,7.463509297934287,7.463509297934287,7.38764142206433,7.435059070587158,520900,0.0,0.0
2025-11-18 00:00:00,7.425576985173075,7.435060697836546,7.3971267515992825,7.406610012054443,292600,0.0,0.0
2025-11-19 00:00:00,7.416093066833672,7.416093066833672,7.359192152525477,7.3876423835754395,602000,0.0,0.0
2025-11-20 00:00:00,7.387641437839167,7.387641437839167,7.302289851199109,7.340223789215088,688200,0.0,0.0
2025-11-21 00:00:00,7.330741702722461,7.340224962638364,7.311774730682373,7.311774730682373,351000,0.0,0.0
2025-11-24 00:00:00,7.311773958612588,7.340224187564442,7.311773958612588,7.330740928649902,375800,0.0,0.0
2025-11-25 00:00:00,7.3402235203355275,7.368674198909441,7.3402235203355275,7.359190940856934,527400,0.0,0.0
2025-11-26 00:00:00,7.349708557128906,7.359192269101303,7.3307415853923885,7.349708557128906,327800,0.0,0.0
2025-11-28 00:00:00,7.321256637573242,7.340223606108087,7.302289669038397,7.321256637573242,328000,0.0,0.0
2025-12-01 00:00:00,7.292807411799877,7.292807411799877,7.2264227867126465,7.2264227867126465,1185800,0.0,0.0
2025-12-02 00:00:00,7.23590695954219,7.27384090423584,7.226423247264632,7.27384090423584,593900,0.0,0.0
2025-12-03 00:00:00,7.273839552819349,7.32125674877256,7.264355842303782,7.283322811126709,725900,0.0,0.0
2025-12-04 00:00:00,7.283323390932829,7.3022903612656656,7.254873161537696,7.292807102203369,514000,0.0,0.0
2025-12-05 00:00:00,7.27384090423584,7.302291136651931,7.27384090423584,7.27384090423584,422700,0.0,0.0
2025-12-08 00:00:00,7.273840246388284,7.283323505599883,7.254873275756836,7.254873275756836,505300,0.0,0.0
2025-12-09 00:00:00,7.235906305125388,7.273840246388284,7.235906305125388,7.254873275756836,476600,0.0,0.0
2025-12-10 00:00:00,7.273840143164886,7.283323402241908,7.216939232078025,7.245389461517334,489100,0.0,0.0
2025-12-11 00:00:00,7.24538944730015,7.264456243690876,7.226322650909424,7.226322650909424,399000,0.04,0.0
2025-12-12 00:00:00,7.226322401301621,7.226322401301621,7.178655639265428,7.197722434997559,585900,0.0,0.0
2025-12-15 00:00:00,7.207255620425618,7.245389211968484,7.197722449834036,7.216789245605469,837000,0.0,0.0
2025-12-16 00:00:00,7.197722449834036,7.245389211968484,7.197722449834036,7.216789245605469,739400,0.0,0.0
2025-12-17 00:00:00,7.20725534790693,7.245388938007899,7.159588587574844,7.188188552856445,1032900,0.0,0.0
2025-12-18 00:00:00,7.216788988304303,7.216788988304303,7.188188568372714,7.2072553634643555,822500,0.0,0.0
2025-12-19 00:00:00,7.21678923072969,7.21678923072969,7.188188809837359,7.197722434997559,664500,0.0,0.0
2025-12-22 00:00:00,7.197723119535218,7.197723119535218,7.159589524444271,7.169122695922852,765000,0.0,0.0
2025-12-23 00:00:00,7.15005539407053,7.169122190271187,7.102388176274748,7.130988597869873,1012400,0.0,0.0
2025-12-24 00:00:00,7.130988818255026,7.1500556150449475,7.102388395775996,7.121455192565918,914000,0.0,0.0
2025-12-26 00:00:00,7.130988355854024,7.15005515140758,7.130988355854024,7.14052152633667,739400,0.0,0.0
2025-12-29 00:00:00,7.1500556648633635,7.1595892906188965,7.14052203910783,7.1595892906188965,1019900,0.0,0.0
2025-12-30 00:00:00,7.159589104884848,7.283523054373613,7.159589104884848,7.245389461517334,1823100,0.0,0.0
2025-12-31 00:00:00,7.254922562827267,7.273989357877752,7.188188552856445,7.188188552856445,2167000,0.0,0.0
2026-01-02 00:00:00,7.235856533050537,7.264456501356909,7.207256110155866,7.235856533050537,351300,0.0,0.0
2026-01-05 00:00:00,7.245388953647639,7.254922578487586,7.2072553634643555,7.2072553634643555,372900,0.0,0.0
2026-01-06 00:00:00,7.2263229072228805,7.235856533050537,7.197722938916509,7.235856533050537,298800,0.0,0.0
2026-01-07 00:00:00,7.254923590238507,7.2835235595703125,7.226323166318384,7.2835235595703125,439300,0.0,0.0
2026-01-08 00:00:00,7.27399038798915,7.2835235595703125,7.254923590238507,7.2835235595703125,391700,0.0,0.0
2026-01-09 00:00:00,7.2835235595703125,7.2835235595703125,7.26445676181967,7.2835235595703125,372800,0.0,0.0
2026-01-12 00:00:00,7.273990154266357,7.273990154266357,7.254923357128356,7.273990154266357,248600,0.0,0.0
2026-01-13 00:00:00,7.293156911450195,7.3410748815666,7.293156911450195,7.331491470336914,199300,0.04,0.0
2026-01-14 00:00:00,7.341075277608759,7.341075277608759,7.312324585384649,7.321907997131348,291100,0.0,0.0
2026-01-15 00:00:00,7.341075897216797,7.350659766756415,7.321908615121611,7.341075897216797,319100,0.0,0.0
2026-01-16 00:00:00,7.331492201243569,7.350659482597795,7.302741050720215,7.302741050720215,480900,0.0,0.0
2026-01-20 00:00:00,7.293157435085893,7.293157435085893,7.264406285364578,7.273990154266357,366500,0.0,0.0
2026-01-21 00:00:00,7.283573962924379,7.302741244787968,7.264406681060791,7.264406681060791,190400,0.0,0.0
2026-01-22 00:00:00,7.273989305841628,7.283572716641594,7.206903602305993,7.226070880889893,582200,0.0,0.0
2026-01-23 00:00:00,7.245238493413434,7.254822361639098,7.20690393447876,7.20690393447876,355400,0.0,0.0
2026-01-26 00:00:00,7.226071773342203,7.245239054293348,7.2069044923910575,7.216488361358643,402300,0.0,0.0
2026-01-27 00:00:00,7.235655179811797,7.283573150634766,7.2069040317308195,7.283573150634766,378400,0.0,0.0
2026-01-28 00:00:00,7.293157304907238,7.3506591463394715,7.273990024429827,7.321907997131348,306200,0.0,0.0
2026-01-29 00:00:00,7.33149248466123,7.341075897216797,7.293157920470859,7.341075897216797,263600,0.0,0.0
2026-01-30 00:00:00,7.302740668633567,7.3794097900390625,7.302740668633567,7.3794097900390625,303500,0.0,0.0
2026-02-02 00:00:00,7.379410408167611,7.417744972081413,7.36024312621071,7.398577690124512,454300,0.0,0.0
2026-02-03 00:00:00,7.398576629636539,7.494413482668149,7.398576629636539,7.446495056152344,362200,0.0,0.0
2026-02-04 00:00:00,7.446496123508789,7.503997969379491,7.388994277638086,7.398577690124512,503300,0.0,0.0
2026-02-05 00:00:00,7.436911210120955,7.446494620673277,7.388992786407471,7.388992786407471,394800,0.0,0.0
2026-02-06 00:00:00,7.4273285055725875,7.436912374609531,7.379410074355928,7.4177446365356445,571800,0.0,0.0
2026-02-09 00:00:00,7.427327714930041,7.45607886199627,7.427327714930041,7.436911582946777,407200,0.0,0.0
2026-02-10 00:00:00,7.456078736214534,7.503996704537914,7.446494868359475,7.484829425811768,459200,0.0,0.0
2026-02-11 00:00:00,7.494413995419034,7.513581275939941,7.4656628461456656,7.513581275939941,353500,0.0,0.0
2026-02-12 00:00:00,7.542478640891437,7.561744213104248,7.513580512235957,7.561744213104248,302000,0.04,0.0
2026-02-13 00:00:00,7.561744768017685,7.609908931747944,7.523213620764481,7.581010341644287,320300,0.0,0.0
2026-02-17 00:00:00,7.542479194391083,7.581010341644287,7.523213620764481,7.581010341644287,349500,0.0,0.0
2026-02-18 00:00:00,7.581010788766252,7.590643805811454,7.571378231048584,7.571378231048584,247300,0.0,0.0
2026-02-19 00:00:00,7.523213987832046,7.571378153912298,7.523213987832046,7.552112579345703,255900,0.0,0.0
2026-02-20 00:00:00,7.542479991912842,7.561745567576535,7.542479991912842,7.542479991912842,210500,0.0,0.0
2026-02-23 00:00:00,7.571378028656257,7.571378028656257,7.513581305912624,7.523213863372803,548300,0.0,0.0
2026-02-24 00:00:00,7.532846927642822,7.552112502012138,7.523213910794402,7.532846927642822,312900,0.0,0.0
2026-02-25 00:00:00,7.532846927642822,7.532846927642822,7.513581353273506,7.532846927642822,473600,0.0,0.0
2026-02-26 00:00:00,7.552112579345703,7.552112579345703,7.523213987832046,7.552112579345703,392100,0.0,0.0
2026-02-27 00:00:00,7.5521124544083795,7.561745011868558,7.523213863372803,7.523213863372803,344200,0.0,0.0
2026-03-02 00:00:00,7.523214170051424,7.600276470184326,7.5039485950181986,7.600276470184326,500900,0.0,0.0
2026-03-03 00:00:00,7.590643445801064,7.590643445801064,7.484682559967041,7.484682559967041,575800,0.0,0.0
2026-03-04 00:00:00,7.484682714877048,7.523213863372803,7.484682714877048,7.523213863372803,302000,0.0,0.0
2026-03-05 00:00:00,7.513581474442219,7.513581474442219,7.426886158718433,7.4461517333984375,590700,0.0,0.0
2026-03-06 00:00:00,7.446152163525796,7.455784721758458,7.4172535701726945,7.436519145965576,446400,0.0,0.0
2026-03-09 00:00:00,7.417253341253507,7.436518916451793,7.369089632921562,7.378722190856934,446900,0.0,0.0
2026-03-10 00:00:00,7.407620584038429,7.4461517333984375,7.378721992354656,7.4461517333984375,289900,0.0,0.0
2026-03-11 00:00:00,7.455784721758458,7.484683315111559,7.436519145965576,7.436519145965576,957200,0.0,0.0
2026-03-12 00:00:00,7.426836199982633,7.436518927458191,7.368738449969664,7.397787094116211,268300,0.04,0.0
2026-03-13 00:00:00,7.42683566472596,7.42683566472596,7.378420645677849,7.407469749450684,182400,0.0,0.0
2026-03-16 00:00:00,7.407470412985056,7.417153140630117,7.378421306610107,7.378421306610107,222200,0.0,0.0
2026-03-17 00:00:00,7.397787094116211,7.417153010787201,7.3784211774452215,7.397787094116211,124400,0.0,0.0
2026-03-18 00:00:00,7.407470283311643,7.417153010787201,7.388104366640653,7.397787094116211,220700,0.0,0.0
2026-03-19 00:00:00,7.37842055177853,7.37842055177853,7.330005995066394,7.349371910095215,335300,0.0,0.0
2026-03-20 00:00:00,7.349372672162734,7.349372672162734,7.2331767082214355,7.2331767082214355,696400,0.0,0.0
2026-03-23 00:00:00,7.252541906396426,7.281591009932415,7.233175991279046,7.271908283233643,297000,0.0,0.0
2026-03-24 00:00:00,7.242859678358747,7.242859678358747,7.19444465637207,7.19444465637207,340100,0.0,0.0
2026-03-25 00:00:00,7.213810076161666,7.281591009932415,7.213810076161666,7.271908283233643,370200,0.0,0.0
2026-03-26 00:00:00,7.213810462628278,7.262225483875392,7.06856632232666,7.06856632232666,486800,0.0,0.0
2026-03-27 00:00:00,7.068566468978784,7.116981029510498,7.0201514467272,7.116981029510498,328200,0.0,0.0
2026-03-30 00:00:00,7.165396270794125,7.213810832805776,7.0976153299139515,7.155713081359863,419300,0.0,0.0
2026-03-31 00:00:00,7.165396077249213,7.359055243504649,7.14603016062367,7.3300065994262695,927800,0.0,0.0
2026-04-01 00:00:00,7.310640426597892,7.368738174438477,7.2428594899239505,7.368738174438477,389000,0.0,0.0
2026-04-02 00:00:00,7.271908783894728,7.271908783894728,7.126664179654565,7.19444465637207,1625000,0.0,0.0
2026-04-06 00:00:00,7.194445119600976,7.2234942270073415,7.116981448810533,7.126664638519287,599500,0.0,0.0
2026-04-07 00:00:00,7.097614947250949,7.213810443878174,7.087932220058611,7.213810443878174,476400,0.0,0.0
2026-04-08 00:00:00,7.271908906173727,7.349372573279087,7.271908906173727,7.320323467254639,353100,0.0,0.0
2026-04-09 00:00:00,7.359055260774231,7.417153010787201,7.330006616627684,7.397787094116211,338200,0.0,0.0
2026-04-10 00:00:00,7.359054693100698,7.388103796726287,7.339688777923584,7.339688777923584,338300,0.0,0.0
2026-04-13 00:00:00,7.32995494685188,7.378626346588135,7.320220388403053,7.378626346588135,338000,0.04,0.0
2026-04-14 00:00:00,7.359157502534765,7.398094806979186,7.349423408508301,7.349423408508301,380100,0.0,0.0
2026-04-15 00:00:00,7.3299547562860905,7.398094806979186,7.3299547562860905,7.349423408508301,421900,0.0,0.0
2026-04-16 00:00:00,7.378626346588135,7.407829557765323,7.359157693859774,7.378626346588135,385900,0.0,0.0
2026-04-17 00:00:00,7.398094654083252,7.417563305903105,7.388360560257962,7.398094654083252,292700,0.0,0.0
2026-04-20 00:00:00,7.417563305903105,7.446766515717521,7.378626002263399,7.398094654083252,186200,0.0,0.0
2026-04-21 00:00:00,7.3980949396127995,7.427298150554313,7.368892192840576,7.368892192840576,233000,0.0,0.0
2026-04-22 00:00:00,7.368892597998514,7.388361251640188,7.359158039093018,7.359158039093018,321300,0.0,0.0
2026-04-23 00:00:00,7.368892597998514,7.378626692734692,7.339689385451342,7.359158039093018,148400,0.0,0.0
2026-04-24 00:00:00,7.349423336023322,7.3688919880535195,7.339688777923584,7.339688777923584,162400,0.0,0.0
2026-04-27 00:00:00,7.359158039093018,7.378626692734692,7.349423944356838,7.359158039093018,202800,0.0,0.0
2026-04-28 00:00:00,7.310486112214432,7.349423416702264,7.281282901763916,7.281282901763916,554100,0.0,0.0
2026-04-29 00:00:00,7.300751421211225,7.300751421211225,7.252079559402107,7.261814117431641,555900,0.0,0.0
2026-04-30 00:00:00,7.261814783918364,7.320220744948219,7.261814783918364,7.291017532348633,560500,0.0,0.0
2026-05-01 00:00:00,7.300751421211225,7.310485979240759,7.232610907512314,7.261814117431641,491400,0.0,0.0
2026-05-04 00:00:00,7.261814473071409,7.261814473071409,7.164471208855163,7.174205303192139,704900,0.0,0.0
2026-05-05 00:00:00,7.193674064879144,7.329955101013184,7.193674064879144,7.329955101013184,564200,0.0,0.0
2026-05-06 00:00:00,7.349423256618256,7.427297863897668,7.31048595297855,7.398094654083252,649700,0.0,0.0
2026-05-07 00:00:00,7.39809554901281,7.427298762359867,7.38836145401001,7.38836145401001,309500,0.0,0.0
2026-05-08 00:00:00,7.407829951026773,7.44676725855057,7.388361297264875,7.437032699584961,536000,0.0,0.0
2026-05-11 00:00:00,7.4468183517456055,7.485960591531439,7.437032558492994,7.4468183517456055,439700,0.04,0.0
2026-05-12 00:00:00,7.437032808883217,7.437032808883217,7.378319447227703,7.397890567779541,362000,0.0,0.0
2026-05-13 00:00:00,7.368534120257944,7.40767636136162,7.358748326675865,7.397890567779541,245500,0.0,0.0
2026-05-14 00:00:00,7.4174616559949,7.4174616559949,7.368534088134766,7.368534088134766,278900,0.0,0.0
2026-05-15 00:00:00,7.241321086883545,7.31960556350732,7.231535293999429,7.241321086883545,362800,0.0,0.0
2026-05-18 00:00:00,7.231535879720794,7.251107000461909,7.192393638238563,7.202179431915283,511200,0.0,0.0
2026-05-19 00:00:00,7.163036486990613,7.2021787246289,7.1336795754557585,7.153250694274902,417900,0.0,0.0
2026-05-20 00:00:00,7.1238941892915495,7.23153510858319,7.114108396658342,7.221749782562256,333300,0.0,0.0
2026-05-21 00:00:00,7.221749782562256,7.2413209012163975,7.202178663908115,7.221749782562256,235700,0.0,0.0
2026-05-22 00:00:00,7.260892206039489,7.260892206039489,7.2119641748434855,7.241321086883545,398800,0.0,0.0
2026-05-26 00:00:00,7.26089224021044,7.319605597954586,7.231535328032223,7.27067756652832,772800,0.0,0.0
2026-05-27 00:00:00,7.280463359458489,7.290248685776369,7.231535328032223,7.27067756652832,1109500,0.0,0.0
2026-05-28 00:00:00,7.27067732072227,7.319605350494385,7.251106202135879,7.319605350494385,447700,0.0,0.0
2026-05-29 00:00:00,7.300034600413937,7.358747959136963,7.300034600413937,7.358747959136963,528900,0.0,0.0
2026-06-01 00:00:00,7.33917651431667,7.3587476330236905,7.30003427690263,7.348962306976318,647800,0.0,0.0
2026-06-02 00:00:00,7.368533425683339,7.368533425683339,7.33917651431667,7.348962306976318,389000,0.0,0.0
2026-06-03 00:00:00,7.329391447509063,7.358748361783037,7.290249206218647,7.300034999847412,540700,0.0,0.0
2026-06-04 00:00:00,7.31960539560965,7.3587476330236905,7.30003427690263,7.348962306976318,349900,0.0,0.0
2026-06-05 00:00:00,7.260892575374667,7.329391262598606,7.260892575374667,7.280463695526123,449000,0.0,0.0
2026-06-08 00:00:00,7.280463988982308,7.319606230862939,7.241321747101677,7.260892868041992,564800,0.0,0.0
2026-06-09 00:00:00,7.260892361265254,7.368533752230283,7.251106568171934,7.358747959136963,382600,0.0,0.0
2026-06-10 00:00:00,7.33917651431667,7.407675663097378,7.329390721657022,7.348962306976318,424400,0.0,0.0
2026-06-11 00:00:00,7.3489621358507575,7.41782808303833,7.339124411458754,7.41782808303833,512600,0.04,0.0
2026-06-12 00:00:00,7.398151954734158,7.407990147957242,7.3391242027282715,7.3391242027282715,525600,0.0,0.0
2026-06-15 00:00:00,7.348961645216812,7.407989864071517,7.348961645216812,7.368637561798096,412700,0.0,0.0
2026-06-16 00:00:00,7.388314247131348,7.447341999269133,7.388314247131348,7.388314247131348,411100,0.0,0.0
2026-06-17 00:00:00,7.417827978116474,7.427666171480207,7.378476142883301,7.378476142883301,336000,0.0,0.0
2026-06-18 00:00:00,7.417827993901708,7.4571798292186235,7.378476158584793,7.427666187286377,379300,0.0,0.0
2026-06-22 00:00:00,7.388314336247033,7.447342089096795,7.358800225266713,7.378476142883301,617100,0.0,0.0
2026-06-23 00:00:00,7.358800136507018,7.417827888644803,7.34896194326195,7.388314247131348,405000,0.0,0.0
2026-06-24 00:00:00,7.378476247248542,7.437504000933224,7.378476247248542,7.41782808303833,666300,0.0,0.0
2026-06-25 00:00:00,7.417828269769596,7.447342381910348,7.3981523513793945,7.3981523513793945,557000,0.0,0.0
2026-06-26 00:00:00,7.407989900569577,7.467017650604248,7.378475790996812,7.467017650604248,488400,0.0,0.0
2026-06-29 00:00:00,7.476855859099764,7.535883612961105,7.467018134678318,7.516207695007324,487500,0.0,0.0
2026-06-30 00:00:00,7.526046173334181,7.545722092032521,7.4866943359375,7.4866943359375,380900,0.0,0.0
2026-07-01 00:00:00,7.506369970585879,7.535883612961105,7.496531777053544,7.516207695007324,373100,0.0,0.0
2026-07-02 00:00:00,7.545721806493439,7.555559530914885,7.496531777053544,7.516207695007324,454000,0.0,0.0
2026-07-06 00:00:00,7.535883612961105,7.535883612961105,7.486694052632098,7.516207695007324,279100,0.0,0.0
2026-07-07 00:00:00,7.476855560140447,7.526045587613496,7.4473419189453125,7.4473419189453125,409500,0.0,0.0
2026-07-08 00:00:00,7.467018022603292,7.476855746877081,7.417827993901708,7.427666187286377,212200,0.0,0.0
2026-07-09 00:00:00,7.4670180305680125,7.486693948247457,7.447342112888568,7.476855754852295,355800,0.0,0.0
2026-07-10 00:00:00,7.506369483960696,7.52604540063892,7.4571794577097075,7.467017650604248,285000,0.0,0.0
2026-07-13 00:00:00,7.4670178886182565,7.4670178886182565,7.427457567670565,7.437347412109375,307400,0.04,0.0
2026-07-14 00:00:00,7.476907494727816,7.476907494727816,7.437347175041124,7.467017650604248,255300,0.0,0.0
2026-07-15 00:00:00,7.467017887139034,7.486798047608961,7.447237726669106,7.457127571105957,305900,0.0,0.0
2026-07-16 00:00:00,7.4670178886182565,7.4670178886182565,7.427457567670565,7.437347412109375,207000,0.0,0.0
2026-07-17 00:00:00,7.457127571105957,7.467017887139034,7.417567250166102,7.457127571105957,375000,0.0,0.0
2026-07-20 00:00:00,7.476907733057066,7.476907733057066,7.417567251635529,7.437347412109375,205700,0.0,0.0
2026-07-21 00:00:00,7.447237490598377,7.447237490598377,7.328556059944683,7.348336219787598,669500,0.0,0.0
2026-07-22 00:00:00,7.368116625091732,7.368116625091732,7.298886299133301,7.298886299133301,423600,0.0,0.0
2026-07-23 00:00:00,7.298886306763124,7.298886306763124,7.199985504150391,7.199985504150391,447100,0.0,0.0
2026-07-24 00:00:00,7.199985262680045,7.249435426529858,7.190094946952356,7.209875106811523,399200,0.0,0.0
2026-07-27 00:00:00,7.239545581534614,7.249435425664912,7.190094946094491,7.2296552658081055,465900,0.0,0.0
2026-07-28 00:00:00,7.2494354248046875,7.259325740530023,7.229655264950227,7.2494354248046875,391900,0.0,0.0
2026-07-29 00:00:00,7.2494354248046875,7.288995744513608,7.239545580675562,7.2494354248046875,430800,0.0,0.0
2026-07-30 00:00:00,7.249435426529858,7.259325742257547,7.199985262680045,7.209875106811523,305300,0.0,0.0
2026-07-31 00:00:00,7.209875347089676,7.229655507608043,7.190095186571311,7.219765663146973,376400,0.0,0.0
2026-08-03 00:00:00,7.25932598571803,7.25932598571803,7.199985504150391,7.199985504150391,347800,0.0,0.0
2026-08-04 00:00:00,7.239545581534614,7.26921558552172,7.219765421677807,7.2296552658081055,413500,0.0,0.0
2026-08-05 00:00:00,7.229655507608043,7.269215828644774,7.219765663146973,7.219765663146973,377000,0.0,0.0
2026-08-06 00:00:00,7.249435663579665,7.318666461148639,7.239545819124799,7.279106140136719,426500,0.0,0.0
2026-08-07 00:00:00,7.34833646157523,7.34833646157523,7.2791061356452005,7.338446617126465,393200,0.0,0.0
2026-08-10 00:00:00,7.328556304087993,7.328556304087993,7.288995983084253,7.298886299133301,161000,0.0,0.0
2026-08-11 00:00:00,7.328556298107197,7.38789677956438,7.29888629317672,7.378006935119629,515300,0.0,0.0
2026-08-12 00:00:00,7.397787094116211,7.427457570636942,7.378006933634466,7.397787094116211,259100,0.0,0.0
2026-08-13 00:00:00,7.407730114196569,7.427616619536937,7.37790059325186,7.387843608856201,301800,0.04,0.0
2026-08-14 00:00:00,7.407730121407093,7.4176736111528,7.37790060043335,7.37790060043335,386200,0.0,0.0
2026-08-17 00:00:00,7.377900616661523,7.407730137700879,7.3480706214904785,7.3480706214904785,244700,0.0,0.0
2026-08-18 00:00:00,7.348070640501296,7.3779006357495165,7.308297629591462,7.318241119384766,339900,0.0,0.0
2026-08-19 00:00:00,7.358014123026371,7.367957138678163,7.328184127807617,7.328184127807617,229600,0.0,0.0
2026-08-20 00:00:00,7.298354625701904,7.308297641379556,7.258581614727918,7.298354625701904,316800,0.0,0.0
2026-08-21 00:00:00,7.268524665963894,7.308297677132454,7.23869514465332,7.23869514465332,252700,0.0,0.0
2026-08-24 00:00:00,7.258581642924139,7.288411164204658,7.238695137359896,7.248638153076172,208100,0.0,0.0
2026-08-25 00:00:00,7.2585816192586305,7.2983546302574425,7.238695113759224,7.2884111404418945,313700,0.0,0.0
2026-08-26 00:00:00,7.298354637538288,7.32818415875131,7.24863813667433,7.278468132019043,214500,0.0,0.0
2026-08-27 00:00:00,7.25858160752247,7.318241123924227,7.248638117722999,7.308297634124756,395300,0.0,0.0
2026-08-28 00:00:00,7.2884111404418945,7.318241135756849,7.248638129443082,7.2884111404418945,292300,0.0,0.0
2026-08-31 00:00:00,7.348070656940113,7.348070656940113,7.2585816192586305,7.2884111404418945,386200,0.0,0.0
2026-09-01 00:00:00,7.318241188437494,7.318241188437494,7.188978664695006,7.1989216804504395,396400,0.0,0.0
2026-09-02 00:00:00,7.198921699822992,7.2188086796507624,7.169092178344727,7.169092178344727,424900,0.0,0.0
2026-09-03 00:00:00,7.169092178344727,7.179035194126917,7.149205672648652,7.169092178344727,443800,0.0,0.0
2026-09-04 00:00:00,7.1989216804504395,7.1989216804504395,7.169092159052446,7.1989216804504395,248800,0.0,0.0
2026-09-08 00:00:00,7.20886518234696,7.20886518234696,7.169092170995581,7.179035186767578,319800,0.0,0.0
2026-09-09 00:00:00,7.188978770036381,7.188978770036381,7.029886722564697,7.029886722564697,437200,0.0,0.0
2026-09-10 00:00:00,7.029886734850551,7.039829750769058,7.000056738831627,7.010000228881836,709700,0.0,0.0
2026-09-11 00:00:00,7.019999980926514,7.059999942779541,6.980000019073486,7.010000228881836,482100,0.04,0.0
2026-09-14 00:00:00,6.96999979019165,6.989999771118164,6.909999847412109,6.920000076293945,820400,0.0,0.0
2026-09-15 00:00:00,6.989999771118164,6.989999771118164,6.809999942779541,6.809999942779541,646400,0.0,0.0
2026-09-16 00:00:00,6.829999923706055,6.880000114440918,6.800000190734863,6.829999923706055,527900,0.0,0.0
2026-09-17 00:00:00,6.860000133514404,7.0,6.860000133514404,6.929999828338623,613400,0.0,0.0
2026-09-18 00:00:00,6.940000057220459,6.980000019073486,6.849999904632568,6.849999904632568,560300,0.0,0.0
2026-09-21 00:00:00,6.900000095367432,6.920000076293945,6.809999942779541,6.829999923706055,659100,0.0,0.0
2026-09-22 00:00:00,6.880000114440918,6.880000114440918,6.739999771118164,6.78000020980835,1177100,0.0,0.0
2026-09-23 00:00:00,6.789999961853027,6.789999961853027,6.690000057220459,6.699999809265137,825000,0.0,0.0
2026-09-24 00:00:00,6.679999828338623,6.699999809265137,6.519999980926514,6.610000133514404,1022800,0.0,0.0
2026-09-25 00:00:00,6.599999904632568,6.650000095367432,6.559999942779541,6.559999942779541,1035900,0.0,0.0
2026-09-28 00:00:00,6.559999942779541,6.599999904632568,6.460000038146973,6.5,1802200,0.0,0.0
2026-09-29 00:00:00,6.510000228881836,6.550000190734863,6.400000095367432,6.460000038146973,997700,0.0,0.0
