Date,Open,High,Low,Close,Volume,Dividends,Stock Splits
2016-10-03 00:00:00,5.077062683085123,5.093356271260362,4.9858190243878715,4.992336273193359,426200,0.0,0.0
2016-10-04 00:00:00,5.021665159008643,5.034699968663931,4.881540722133524,4.910869121551514,785700,0.0,0.0
2016-10-05 00:00:00,4.920959425639072,4.978140797563485,4.867141739305205,4.880596160888672,1320300,0.47,0.0
2016-10-06 00:00:00,4.8435957195435195,4.873868244917202,4.803232459304836,4.826777935028076,1044500,0.0,0.0
2016-10-07 00:00:00,4.836869640069007,4.894051017071212,4.809960794512527,4.840233325958252,637800,0.0,0.0
2016-10-10 00:00:00,4.843596247622245,4.968050047900254,4.843596247622245,4.937777519226074,827900,0.0,0.0
2016-10-11 00:00:00,4.944505256214475,4.994959584603875,4.944505256214475,4.98486852645874,546400,0.0,0.0
2016-10-12 00:00:00,4.994958110994121,5.055502838109269,4.957958216935165,5.015139579772949,708300,0.0,0.0
2016-10-13 00:00:00,5.01514093363432,5.048777151717509,5.0016865105567945,5.018504619598389,391200,0.0,0.0
2016-10-14 00:00:00,5.045414971789005,5.055505711914506,4.9983243165719236,5.001688003540039,279600,0.0,0.0
2016-10-17 00:00:00,4.998322379775308,5.015140487320203,4.9478683779193435,4.9747772216796875,326100,0.0,0.0
2016-10-18 00:00:00,5.00841537747627,5.042051284820889,4.984869889478307,5.001688003540039,584500,0.0,0.0
2016-10-19 00:00:00,5.031957684274415,5.038684733607804,5.005048845383535,5.015139579772949,495400,0.0,0.0
2016-10-20 00:00:00,5.008414281599818,5.035323129899206,5.005050595367701,5.021868705749512,285000,0.0,0.0
2016-10-21 00:00:00,4.974777358149128,5.045413155152411,4.974777358149128,5.02523136138916,366200,0.0,0.0
2016-10-24 00:00:00,5.042048888181614,5.079048785686016,5.015140046784971,5.07232141494751,350800,0.0,0.0
2016-10-25 00:00:00,5.075685577561025,5.159775795026837,5.065594841283169,5.14295768737793,372400,0.0,0.0
2016-10-26 00:00:00,5.14632168247169,5.173230528016272,5.119412836927109,5.136230945587158,272600,0.0,0.0
2016-10-27 00:00:00,5.153049853354605,5.153049853354605,5.042050761165653,5.045414447784424,341400,0.0,0.0
2016-10-28 00:00:00,5.062231927391497,5.102595199435472,5.021868655347521,5.052141189575195,238600,0.0,0.0
2016-10-31 00:00:00,5.082411575188093,5.129502202693134,5.031957583473066,5.119411468505859,736600,0.0,0.0
2016-11-01 00:00:00,5.129502113303698,5.129502113303698,4.9915942389591335,4.99495792388916,397600,0.0,0.0
2016-11-02 00:00:00,5.011777594167079,5.025232018174797,4.961323584332829,4.968050956726074,217900,0.0,0.0
2016-11-03 00:00:00,4.968050737774365,5.031959168799762,4.964687051725987,4.98486852645874,613300,0.0,0.0
2016-11-04 00:00:00,5.156412711246554,5.364956436411517,5.129503864178737,5.264048099517822,997400,0.0,0.0
2016-11-07 00:00:00,5.297683761233841,5.368319557548109,5.297683761233841,5.338047027587891,547800,0.0,0.0
2016-11-08 00:00:00,5.361593283611178,5.44568384003542,5.327957381820274,5.401956558227539,515900,0.0,0.0
2016-11-09 00:00:00,5.3111379390470965,5.432227732539285,5.277501724909911,5.3985915184021,674400,0.0,0.0
2016-11-10 00:00:00,5.41204690099639,5.4154105869638185,5.301047830301219,5.327956676483154,659500,0.0,0.0
2016-11-11 00:00:00,5.3346848283816195,5.435593182774368,5.314503349970359,5.405320644378662,753000,0.0,0.0
2016-11-14 00:00:00,5.422135583683206,5.496134717878164,5.391863064794992,5.469225883483887,445100,0.0,0.0
2016-11-15 00:00:00,5.475956398016083,5.512955665588379,5.405320266182451,5.512955665588379,393300,0.0,0.0
2016-11-16 00:00:00,5.53313583555239,5.5465899349612355,5.465863413836079,5.486044883728027,417200,0.0,0.0
2016-11-17 00:00:00,5.486047073668031,5.496138133420871,5.344775765695157,5.3548665046691895,756600,0.0,0.0
2016-11-18 00:00:00,5.361593680115844,5.408684331040144,5.348139254248731,5.405320644378662,490300,0.0,0.0
2016-11-21 00:00:00,5.452409990877787,5.496137268030767,5.442319574271343,5.462501049041748,439600,0.0,0.0
2016-11-22 00:00:00,5.482681770417543,5.506227569564605,5.462500298420344,5.502863883972168,476900,0.0,0.0
2016-11-23 00:00:00,5.496136741762847,5.523045586065974,5.452409468796855,5.492773056030273,574700,0.0,0.0
2016-11-25 00:00:00,5.489409989226686,5.516318836563776,5.452410083554113,5.4793195724487305,235700,0.0,0.0
2016-11-28 00:00:00,5.482681081557066,5.533135717546932,5.4793180379446,5.519680976867676,411500,0.0,0.0
2016-11-29 00:00:00,5.526409008855923,5.56340890859634,5.499500165833099,5.539863109588623,422200,0.0,0.0
2016-11-30 00:00:00,5.536499425105651,5.5432267962520365,5.4322277385663655,5.475955009460449,413900,0.0,0.0
2016-12-01 00:00:00,5.445681652299791,5.475954176295145,5.301046402445837,5.385136604309082,511400,0.0,0.0
2016-12-02 00:00:00,5.381773933415965,5.428864250034971,5.358228775106461,5.368319511413574,264900,0.0,0.0
2016-12-05 00:00:00,5.385136892710921,5.486044883728027,5.36159141679874,5.486044883728027,379900,0.0,0.0
2016-12-06 00:00:00,5.469229837779491,5.560047460105978,5.44904835778172,5.546592712402344,431900,0.0,0.0
2016-12-07 00:00:00,5.533136141139006,5.634044137729107,5.5196813994297145,5.60713529586792,432500,0.0,0.0
2016-12-08 00:00:00,5.61050056498376,5.687863426977384,5.5835917155269525,5.684499740600586,589400,0.0,0.0
2016-12-09 00:00:00,5.667681656985576,5.792134838699073,5.667681656985576,5.788771152496338,539200,0.0,0.0
2016-12-12 00:00:00,5.792134303685373,5.8459519948429675,5.70468039516491,5.734952926635742,648300,0.0,0.0
2016-12-13 00:00:00,5.718135533179981,5.755135438987202,5.603772771191779,5.654226779937744,510400,0.0,0.0
2016-12-14 00:00:00,5.671045716655864,5.7013182529165425,5.560046630885904,5.5970458984375,514200,0.0,0.0
2016-12-15 00:00:00,5.580227494724558,5.5869548668338656,5.445683260325996,5.462501049041748,713400,0.0,0.0
2016-12-16 00:00:00,5.489409552321552,5.654226309338066,5.489409552321552,5.590318202972412,1922800,0.0,0.0
2016-12-19 00:00:00,5.607136124992282,5.65759013074794,5.590318336926226,5.640772342681885,473700,0.0,0.0
2016-12-20 00:00:00,5.640773100817365,5.684499740600586,5.613864251360558,5.684499740600586,438300,0.0,0.0
2016-12-21 00:00:00,5.667681524434016,5.711408160931845,5.634045304750864,5.654226779937744,397800,0.0,0.0
2016-12-22 00:00:00,5.664318871247959,5.708045515719722,5.593682732876468,5.650864124298096,523400,0.0,0.0
2016-12-23 00:00:00,5.650863132678246,5.667681563414257,5.576863962112394,5.617227554321289,898500,0.0,0.0
2016-12-27 00:00:00,5.65086223087403,5.657589602094833,5.586954128948688,5.5936808586120605,304300,0.0,0.0
2016-12-28 00:00:00,5.607526709000907,5.642140541598753,5.53829772337214,5.572912216186523,794500,0.47,0.0
2016-12-29 00:00:00,5.576374712730346,5.749446547040123,5.576374712730346,5.74598503112793,520000,0.0,0.0
2016-12-30 00:00:00,5.725215305494203,5.773675196909482,5.652524808154779,5.666370868682861,465800,0.0,0.0
2017-01-03 00:00:00,5.669832365545208,5.756368272993933,5.655986963666033,5.73906135559082,426900,0.0,0.0
2017-01-04 00:00:00,5.7390629997355065,5.787522910520434,5.732139966704297,5.77021598815918,345800,0.0,0.0
2017-01-05 00:00:00,5.770215178040598,5.790983614001639,5.721755274059276,5.756369113922119,246300,0.0,0.0
2017-01-06 00:00:00,5.766754519378824,5.808292057693144,5.735601530697277,5.794445991516113,316500,0.0,0.0
2017-01-09 00:00:00,5.797906565510087,5.856751016762737,5.739062114257438,5.8048295974731445,504400,0.0,0.0
2017-01-10 00:00:00,5.777138243231616,5.880981083849036,5.745985259003055,5.863674163818359,457000,0.0,0.0
2017-01-11 00:00:00,5.891364475975319,5.977900379581714,5.856749982489451,5.919055938720703,511800,0.0,0.0
2017-01-12 00:00:00,5.901748817018463,5.908671848292858,5.787521441857351,5.832520484924316,602000,0.0,0.0
2017-01-13 00:00:00,5.815211555127837,5.870594472017324,5.797904641181039,5.867133617401123,321700,0.0,0.0
2017-01-17 00:00:00,5.83252128066477,5.93636412308174,5.83252128066477,5.912134170532227,634000,0.0,0.0
2017-01-18 00:00:00,5.919054569794785,5.957129909628493,5.89828614259309,5.943284511566162,356000,0.0,0.0
2017-01-19 00:00:00,5.932903134309189,5.950210716394836,5.891366257737137,5.936364650726318,339500,0.0,0.0
2017-01-20 00:00:00,5.905211243052316,5.9363642283732965,5.870596741560482,5.8844428062438965,299400,0.0,0.0
2017-01-23 00:00:00,5.898288302681475,5.960593607104191,5.891365271006739,5.922518253326416,242200,0.0,0.0
2017-01-24 00:00:00,5.919058469745378,5.950211461182209,5.901750885493343,5.90521240234375,447700,0.0,0.0
2017-01-25 00:00:00,5.908673248325195,5.950210785597087,5.87059722751069,5.894827842712402,269400,0.0,0.0
2017-01-26 00:00:00,5.894827146621669,5.964055486944318,5.884442598475766,5.939825534820557,191000,0.0,0.0
2017-01-27 00:00:00,5.9813625457747115,5.9813625457747115,5.91559506701716,5.9259796142578125,397100,0.0,0.0
2017-01-30 00:00:00,5.946748138492189,5.946748138492189,5.863673739959989,5.887903690338135,424000,0.0,0.0
2017-01-31 00:00:00,5.856749072903176,5.901747445294718,5.721753295512104,5.867133617401123,518300,0.0,0.0
2017-02-01 00:00:00,5.8775196696543395,5.981363172288,5.8775196696543395,5.912134170532227,337500,0.0,0.0
2017-02-02 00:00:00,5.93636412308174,5.93636412308174,5.887904217982713,5.912134170532227,360500,0.0,0.0
2017-02-03 00:00:00,5.984824550360278,6.0090545023509385,5.676756225890897,5.756369113922119,1662300,0.0,0.0
2017-02-06 00:00:00,5.71137007848881,5.8429043716193085,5.71137007848881,5.832520484924316,622800,0.0,0.0
2017-02-07 00:00:00,5.822135984826202,5.832520531821292,5.763291538953903,5.780599117279053,301800,0.0,0.0
2017-02-08 00:00:00,5.784059750107018,5.794444296702421,5.72521596671614,5.749445915222168,297600,0.0,0.0
2017-02-09 00:00:00,5.766753736018007,5.84290510899689,5.714832315340738,5.801368236541748,384900,0.0,0.0
2017-02-10 00:00:00,5.815214051062685,5.863674619302973,5.815214051062685,5.842905521392822,235200,0.0,0.0
2017-02-13 00:00:00,5.8636745842690825,5.925980557193812,5.8636745842690825,5.915596008300781,363400,0.0,0.0
2017-02-14 00:00:00,5.919057559963248,5.919057559963248,5.797907129687623,5.842905521392822,343300,0.0,0.0
2017-02-15 00:00:00,5.829060088393289,5.842905493383622,5.7563695664896795,5.839444637298584,324700,0.0,0.0
2017-02-16 00:00:00,5.8775196696543395,5.967517107850169,5.8394443128836855,5.912134170532227,308500,0.0,0.0
2017-02-17 00:00:00,5.929440988108275,5.939825536256688,5.83944421168874,5.863674163818359,352700,0.0,0.0
2017-02-21 00:00:00,5.8429057560683475,5.89828935916979,5.832521866912942,5.894827842712402,275900,0.0,0.0
2017-02-22 00:00:00,5.880980391009759,5.936363320843268,5.867134988659682,5.908671855926514,299900,0.0,0.0
2017-02-23 00:00:00,5.915594690548709,5.929440092438502,5.863673278082973,5.898287773132324,378800,0.0,0.0
2017-02-24 00:00:00,5.894827577693369,5.894827577693369,5.815214023186229,5.839444637298584,428600,0.0,0.0
2017-02-27 00:00:00,5.842904358854179,5.8602119370023535,5.818674409663333,5.822135925292969,421100,0.0,0.0
2017-02-28 00:00:00,5.811751422396827,5.863672830902892,5.763290868936841,5.835981369018555,865200,0.0,0.0
2017-03-01 00:00:00,5.822136299816653,5.891365296429484,5.773676398317655,5.849827766418457,666600,0.0,0.0
2017-03-02 00:00:00,5.849826043237878,5.870594472017324,5.829057614458432,5.867133617401123,364000,0.0,0.0
2017-03-03 00:00:00,5.85328897261207,5.86367351961961,5.759830030194033,5.85675048828125,445100,0.0,0.0
2017-03-06 00:00:00,5.835981312046813,5.835981312046813,5.749445411975971,5.811751365661621,402900,0.0,0.0
2017-03-07 00:00:00,5.780599645819112,5.818675001182592,5.780599645819112,5.8048295974731445,269900,0.0,0.0
2017-03-08 00:00:00,5.8048295207366065,5.8152134083272555,5.680217587915549,5.683679103851318,601700,0.0,0.0
2017-03-09 00:00:00,5.676755008041439,5.735599447487564,5.655986576535905,5.700984954833984,473200,0.0,0.0
2017-03-10 00:00:00,5.745986022706423,5.83944498781381,5.739062989687334,5.759831428527832,666400,0.0,0.0
2017-03-13 00:00:00,5.759830434560052,5.80482948120192,5.742523515215735,5.74598503112793,388300,0.0,0.0
2017-03-14 00:00:00,5.739061300452085,5.773675795142328,5.711369836743205,5.714831352233887,271300,0.0,0.0
2017-03-15 00:00:00,5.7113708493209305,5.8429051602038875,5.7113708493209305,5.825598239898682,493600,0.0,0.0
2017-03-16 00:00:00,5.853291675700134,5.870598601821877,5.808293271653453,5.860214710235596,291900,0.0,0.0
2017-03-17 00:00:00,5.853289449887675,5.943286883974898,5.853289449887675,5.9329023361206055,800900,0.0,0.0
2017-03-20 00:00:00,5.936363501281842,5.9779010300278275,5.894826632752479,5.9259796142578125,337100,0.0,0.0
2017-03-21 00:00:00,5.9329028578526986,5.964055843938471,5.835983043556266,5.870596885681152,433200,0.0,0.0
2017-03-22 00:00:00,5.891364742079138,5.925979237128488,5.839443329613401,5.898287773132324,310100,0.0,0.0
2017-03-23 00:00:00,5.880981083849036,5.925980132275483,5.8429050675215315,5.863674163818359,367000,0.0,0.0
2017-03-24 00:00:00,5.849830158432402,5.912136148817738,5.846368641164672,5.860214710235596,303800,0.0,0.0
2017-03-27 00:00:00,5.849826951748968,5.922517454090945,5.849826951748968,5.919055938720703,336300,0.0,0.0
2017-03-28 00:00:00,5.939824342270909,6.047128677368164,5.93290131156359,6.047128677368164,439500,0.0,0.0
2017-03-29 00:00:00,6.057515096426829,6.133666477103878,6.036746658099769,6.119821071624756,426600,0.0,0.0
2017-03-30 00:00:00,6.119821071624756,6.15097405922372,6.09212960044976,6.119821071624756,486100,0.0,0.0
2017-03-31 00:00:00,6.12674129997783,6.175201187297537,6.12674129997783,6.14404821395874,425500,0.0,0.0
2017-04-03 00:00:00,6.1475113150040706,6.171741264915834,6.095589899447917,6.140588283538818,376800,0.0,0.0
2017-04-04 00:00:00,6.144049223349459,6.199432149446833,6.144049223349459,6.16827917098999,471500,0.0,0.0
2017-04-05 00:00:00,6.1925098797730636,6.216739830391782,6.157896041870117,6.157896041870117,765300,0.0,0.0
2017-04-06 00:00:00,6.168278905240763,6.189047336578369,6.099050580709902,6.189047336578369,443500,0.0,0.0
2017-04-07 00:00:00,6.195970367096414,6.209816428132503,6.1648173899817404,6.189047336578369,473200,0.0,0.0
2017-04-10 00:00:00,6.19597255936145,6.28597000728943,6.164819571224196,6.265201568603516,1120000,0.0,0.0
2017-04-11 00:00:00,6.268753107609137,6.3540421871487505,6.194125417193481,6.346935272216797,735200,0.47,0.0
2017-04-12 00:00:00,6.311398215329756,6.325612723526864,6.265199538600059,6.282968521118164,310900,0.0,0.0
2017-04-13 00:00:00,6.282967749956796,6.311397440678974,6.23321596064731,6.254538059234619,472200,0.0,0.0
2017-04-17 00:00:00,6.222555273559204,6.293629169464111,6.2083400876878,6.293629169464111,471100,0.0,0.0
2017-04-18 00:00:00,6.3149537885071165,6.3149537885071165,6.261648181590346,6.275862693786621,361800,0.0,0.0
2017-04-19 00:00:00,6.304290952229405,6.318506138987777,6.240323967451553,6.261646747589111,325800,0.0,0.0
2017-04-20 00:00:00,6.290075678665385,6.304290185878427,6.2083397203754105,6.247430801391602,342900,0.0,0.0
2017-04-21 00:00:00,6.282969192966667,6.300737499567391,6.240324308180502,6.268754005432129,485800,0.0,0.0
2017-04-24 00:00:00,6.297186374664307,6.346938874328393,6.258095947992633,6.297186374664307,519600,0.0,0.0
2017-04-25 00:00:00,6.297182851604143,6.3575960348260425,6.297182851604143,6.325612545013428,449400,0.0,0.0
2017-04-26 00:00:00,6.322059262422572,6.414455255242822,6.314951669800294,6.378918647766113,491900,0.0,0.0
2017-04-27 00:00:00,6.403795600437435,6.449993604467954,6.386026615950734,6.435779094696045,480600,0.0,0.0
2017-04-28 00:00:00,6.4464387235641025,6.4464387235641025,6.322059242159595,6.354042053222656,577100,0.0,0.0
2017-05-01 00:00:00,6.378919560178329,6.485530753492324,6.364704372900498,6.428671360015869,451200,0.0,0.0
2017-05-02 00:00:00,6.471316704767166,6.471316704767166,6.332721993511362,6.361151695251465,422300,0.0,0.0
2017-05-03 00:00:00,6.34693550254859,6.34693550254859,6.236769844388467,6.282968521118164,492700,0.0,0.0
2017-05-04 00:00:00,6.282968086150199,6.293628797105649,6.194125213162368,6.247430801391602,355000,0.0,0.0
2017-05-05 00:00:00,6.016440567838436,6.236770553577871,5.970241885855441,6.2190022468566895,705200,0.0,0.0
2017-05-08 00:00:00,6.236767900829148,6.304288657721751,6.201231302501934,6.229660987854004,413400,0.0,0.0
2017-05-09 00:00:00,6.236771956192532,6.2616485401412225,6.083962721699069,6.112392425537109,660600,0.0,0.0
2017-05-10 00:00:00,6.083960792635855,6.183464385610233,6.083960792635855,6.176356792449951,454700,0.0,0.0
2017-05-11 00:00:00,6.176357361781421,6.240324350485597,6.1337131545236065,6.2190022468566895,492400,0.0,0.0
2017-05-12 00:00:00,6.222556043764416,6.240324350485597,6.1905725494123285,6.2190022468566895,297000,0.0,0.0
2017-05-15 00:00:00,6.268752818040804,6.364703282272202,6.240323126174167,6.31850528717041,725500,0.0,0.0
2017-05-16 00:00:00,6.343381598126159,6.361149902524599,6.282968414227153,6.329166412353516,324600,0.0,0.0
2017-05-17 00:00:00,6.332720252793101,6.336274049260951,6.265199475538674,6.293629169464111,368900,0.0,0.0
2017-05-18 00:00:00,6.314952373504639,6.339828272637307,6.258092981824992,6.314952373504639,323100,0.0,0.0
2017-05-19 00:00:00,6.304290558867664,6.318505744739067,6.243877374548939,6.293629169464111,385700,0.0,0.0
2017-05-22 00:00:00,6.293629055200813,6.343381527030079,6.29007593661484,6.325612545013428,358600,0.0,0.0
2017-05-23 00:00:00,6.364705418828569,6.371813013635494,6.3007384212013395,6.343383312225342,405400,0.0,0.0
2017-05-24 00:00:00,6.339827730626749,6.3611498312293735,6.300736648007473,6.325612545013428,619900,0.0,0.0
2017-05-25 00:00:00,6.336272897068751,6.343380488712004,6.293628025026484,6.307843208312988,354000,0.0,0.0
2017-05-26 00:00:00,6.314952090335482,6.314952090335482,6.243877515014276,6.300736904144287,221800,0.0,0.0
2017-05-30 00:00:00,6.3042910057062,6.307844802425939,6.229663308043944,6.240324020385742,491300,0.0,0.0
2017-05-31 00:00:00,6.247431607178034,6.268753709656361,6.176357028493721,6.226109504699707,391900,0.0,0.0
2017-06-01 00:00:00,6.272307131607302,6.290076114125406,6.2118939466804965,6.282968521118164,544300,0.0,0.0
2017-06-02 00:00:00,6.297184271021371,6.386027167678194,6.27941596281701,6.311399459838867,493300,0.0,0.0
2017-06-05 00:00:00,6.300738309065673,6.322061093106962,6.233218193054199,6.233218193054199,260900,0.0,0.0
2017-06-06 00:00:00,6.222556114196777,6.265200321937276,6.190572619482672,6.222556114196777,447000,0.0,0.0
2017-06-07 00:00:00,6.236770153045653,6.268753645343727,6.204786660747581,6.236770153045654,208700,0.0,0.0
2017-06-08 00:00:00,6.236772279981314,6.297185488500767,6.208342574667315,6.286524772644043,283900,0.0,0.0
2017-06-09 00:00:00,6.300738881170109,6.325614786992799,6.272309177684522,6.304292678833008,710100,0.0,0.0
2017-06-12 00:00:00,6.311398717825122,6.339828414300205,6.304291124251994,6.3220601081848145,716900,0.0,0.0
2017-06-13 00:00:00,6.332720820727076,6.343382211086769,6.30073732746543,6.3220601081848145,490100,0.0,0.0
2017-06-14 00:00:00,6.350489119836739,6.396687117445318,6.3185056300241245,6.325612545013428,527800,0.0,0.0
2017-06-15 00:00:00,6.343382650525356,6.393134453348955,6.325613665361588,6.386026859283447,613100,0.0,0.0
2017-06-16 00:00:00,6.332720165291559,6.386025755938039,6.325612572454066,6.36470365524292,1021900,0.0,0.0
2017-06-19 00:00:00,6.403795600437435,6.446439807570614,6.364704512384145,6.435779094696045,338000,0.0,0.0
2017-06-20 00:00:00,6.446439932746075,6.460655120611463,6.371812229905183,6.418010234832764,236200,0.0,0.0
2017-06-21 00:00:00,6.432226304746498,6.4855319109165475,6.382473818212569,6.400242805480957,338100,0.0,0.0
2017-06-22 00:00:00,6.410904814793968,6.4535490327068405,6.393135825815585,6.407351016998291,470700,0.0,0.0
2017-06-23 00:00:00,6.42867221361565,6.545944812959488,6.42867221361565,6.513961315155029,670800,0.0,0.0
2017-06-26 00:00:00,6.496193006515898,6.542391015668156,6.4855316146419035,6.513961315155029,351900,0.0,0.0
2017-06-27 00:00:00,6.521067156789505,6.545943053324334,6.435778078176947,6.446438789367676,369100,0.0,0.0
2017-06-28 00:00:00,6.449993638193684,6.538836527639376,6.418010143767839,6.503299236297607,408300,0.0,0.0
2017-06-29 00:00:00,6.489084289835664,6.499745679866082,6.410902796398153,6.45354700088501,338300,0.0,0.0
2017-06-30 00:00:00,6.46776235270434,6.513960355047368,6.4393326563815325,6.499745845794678,365200,0.0,0.0
2017-07-03 00:00:00,6.524622158949008,6.538836669102763,6.478423475859996,6.510406970977783,275100,0.0,0.0
2017-07-05 00:00:00,6.51040523774902,6.560157026768229,6.485529343239416,6.556603908538818,412400,0.0,0.0
2017-07-06 00:00:00,6.538836880719646,6.5423906778274645,6.449993986476668,6.521068572998047,515200,0.0,0.0
2017-07-07 00:00:00,6.521069103095315,6.521069103095315,6.428672404233598,6.485531806945801,535300,0.0,0.0
2017-07-10 00:00:00,6.506851673126221,6.556604141732223,6.467761270856813,6.506851673126221,672500,0.0,0.0
2017-07-11 00:00:00,6.506852021912565,6.53238328042739,6.433904972720536,6.484968185424805,731400,0.47,0.0
2017-07-12 00:00:00,6.5287352550945545,6.598034875855698,6.49590915555899,6.525087833404541,637700,0.0,0.0
2017-07-13 00:00:00,6.517798226537972,6.528739803556268,6.437556284803596,6.463087558746338,403400,0.0,0.0
2017-07-14 00:00:00,6.463084602583675,6.517795245351103,6.452143030569966,6.466732025146484,351400,0.0,0.0
2017-07-17 00:00:00,6.470377827831534,6.506851348653662,6.463082984532199,6.474025249481201,397600,0.0,0.0
2017-07-18 00:00:00,6.448494684857658,6.448494684857658,6.371900213353153,6.412021160125732,413800,0.0,0.0
2017-07-19 00:00:00,6.419315316085284,6.4995565053543265,6.390136638562492,6.474025249481201,364400,0.0,0.0
2017-07-20 00:00:00,6.474025919343615,6.510499443939629,6.441199816774663,6.484968185424805,357300,0.0,0.0
2017-07-21 00:00:00,6.528737804632124,6.532385227746492,6.46673300303751,6.510501384735107,442700,0.0,0.0
2017-07-24 00:00:00,6.5105014291275936,6.514148852266833,6.452144050249434,6.455791473388672,283700,0.0,0.0
2017-07-25 00:00:00,6.455790296130491,6.470379290352211,6.39013808294599,6.4010796546936035,460900,0.0,0.0
2017-07-26 00:00:00,6.422964126636999,6.455790232907778,6.4120218593218405,6.448495388031006,260500,0.0,0.0
2017-07-27 00:00:00,6.452145099639893,6.47402894635973,6.419318981722665,6.452145099639893,300200,0.0,0.0
2017-07-28 00:00:00,6.4594390405828,6.470381311423017,6.408376501344967,6.415671348571777,307500,0.0,0.0
2017-07-31 00:00:00,6.419315814971924,6.455789338628645,6.390137135181467,6.419315814971924,358900,0.0,0.0
2017-08-01 00:00:00,6.441200543154233,6.466731804548239,6.422964126636999,6.448495388031006,324900,0.0,0.0
2017-08-02 00:00:00,6.422964126636999,6.459436959671467,6.401079592006682,6.448495388031006,309100,0.0,0.0
2017-08-03 00:00:00,6.452142810469391,6.463084382109853,6.4302582758390745,6.448495388031006,258300,0.0,0.0
2017-08-04 00:00:00,6.426612042456342,6.4484958830920185,6.244245080584621,6.25153923034668,622100,0.0,0.0
2017-08-07 00:00:00,6.247890416641326,6.324484885325859,6.226006580877715,6.295306205749512,374700,0.0,0.0
2017-08-08 00:00:00,6.3062499890562425,6.39743347163479,6.3062499890562425,6.371901512145996,314800,0.0,0.0
2017-08-09 00:00:00,6.364607076986847,6.415669602326255,6.335428391696509,6.382843494415283,274300,0.0,0.0
2017-08-10 00:00:00,6.360958408714941,6.397431932104023,6.291658783843144,6.295306205749512,432700,0.0,0.0
2017-08-11 00:00:00,6.211419471952062,6.295308114206026,6.174945937505831,6.277070999145508,435100,0.0,0.0
2017-08-14 00:00:00,6.2953072857366665,6.3828433394828945,6.2953072857366665,6.335428237915039,273800,0.0,0.0
2017-08-15 00:00:00,6.331779321823309,6.364605421194363,6.295305800780522,6.346368312835693,265500,0.0,0.0
2017-08-16 00:00:00,6.357310866356302,6.37919470170528,6.320837343658286,6.353663444519043,326300,0.0,0.0
2017-08-17 00:00:00,6.360958633649884,6.382842470187347,6.309895420829643,6.31354284286499,324400,0.0,0.0
2017-08-18 00:00:00,6.280718257665287,6.339075632980951,6.25883441584061,6.328134059906006,244600,0.0,0.0
2017-08-21 00:00:00,6.295306935975553,6.3098959296186825,6.222359880735873,6.258833408355713,516300,0.0,0.0
2017-08-22 00:00:00,6.258834982230091,6.3390762066318125,6.258834982230091,6.324487209320068,329200,0.0,0.0
2017-08-23 00:00:00,6.2989548028846905,6.379196012772016,6.2989548028846905,6.331780910491943,323400,0.0,0.0
2017-08-24 00:00:00,6.3427225111042675,6.364607046724012,6.324486093762543,6.339075088500977,218400,0.0,0.0
2017-08-25 00:00:00,6.350018476371759,6.357313322865057,6.298955942268377,6.324487209320068,203600,0.0,0.0
2017-08-28 00:00:00,6.324485079272438,6.353663759743577,6.295306398801298,6.306248664855957,273200,0.0,0.0
2017-08-29 00:00:00,6.291661524033589,6.320840216318054,6.262482831749125,6.273425102233887,325900,0.0,0.0
2017-08-30 00:00:00,6.27706833284063,6.295305440154587,6.251537078275599,6.288010597229004,301200,0.0,0.0
2017-08-31 00:00:00,6.295306398801298,6.350016337725358,6.295306398801298,6.306248664855957,445200,0.0,0.0
2017-09-01 00:00:00,6.306249553332964,6.339074964772423,6.26612860115459,6.335428237915039,303200,0.0,0.0
2017-09-05 00:00:00,6.335427821975924,6.34636939317916,6.200475979847103,6.207770824432373,525300,0.0,0.0
2017-09-06 00:00:00,6.215065637262026,6.2807171511700055,6.171297265648707,6.182239532470703,868000,0.0,0.0
2017-09-07 00:00:00,6.1712971978014926,6.17859204226929,6.025403786818823,6.032698631286621,810400,0.0,0.0
2017-09-08 00:00:00,6.047289179992538,6.123883675256246,6.0363469104763405,6.05458402633667,579800,0.0,0.0
2017-09-11 00:00:00,6.0874097415286865,6.145767117119662,6.0874097415286865,6.1311774253845215,848200,0.0,0.0
2017-09-12 00:00:00,6.145766735076904,6.160355730230348,6.1165880490952675,6.145766735076904,588200,0.0,0.0
2017-09-13 00:00:00,6.134825396499384,6.149415089538195,6.101999282836914,6.101999282836914,402100,0.0,0.0
2017-09-14 00:00:00,6.101998073698775,6.149413871004404,6.091056501762642,6.138471603393555,794500,0.0,0.0
2017-09-15 00:00:00,6.149413076909282,6.204123016549209,6.131175966579556,6.185885906219482,1863600,0.0,0.0
2017-09-18 00:00:00,6.1749467849731445,6.200478053887048,6.149415516059241,6.1749467849731445,478500,0.0,0.0
2017-09-19 00:00:00,6.171298245563041,6.2223607741576945,6.171298245563041,6.189534664154053,320400,0.0,0.0
2017-09-20 00:00:00,6.185886574782622,6.233302371089928,6.185886574782622,6.196828842163086,351000,0.0,0.0
2017-09-21 00:00:00,6.196829157670101,6.2442449563915465,6.174945317469677,6.2296552658081055,286600,0.0,0.0
2017-09-22 00:00:00,6.229656715969741,6.2807192535488285,6.229656715969741,6.273425102233887,377900,0.0,0.0
2017-09-25 00:00:00,6.2734245569699985,6.313544820577213,6.2734245569699985,6.284366130828857,423400,0.0,0.0
2017-09-26 00:00:00,6.273422939650355,6.339074452902739,6.258833250700053,6.291659355163574,430500,0.0,0.0
2017-09-27 00:00:00,6.298954831214236,6.375548618859155,6.298954831214236,6.339075088500977,686300,0.0,0.0
2017-09-28 00:00:00,6.335427317860162,6.368252724532591,6.2916589495059,6.360958576202393,331400,0.0,0.0
2017-09-29 00:00:00,6.360960963291453,6.401081229024698,6.335429695368059,6.342723846435547,502300,0.0,0.0
2017-10-02 00:00:00,6.364606064946465,6.426610848288351,6.324485118173886,6.412021160125732,410200,0.0,0.0
2017-10-03 00:00:00,6.401079654693604,6.426611612012347,6.382843237997777,6.4010796546936035,400600,0.0,0.0
2017-10-04 00:00:00,6.393785820495801,6.455790614261695,6.393785820495801,6.433906078338623,369600,0.0,0.0
2017-10-05 00:00:00,6.441202092231332,6.488617899658922,6.4302598222846115,6.470380783081055,493400,0.0,0.0
2017-10-06 00:00:00,6.459437022929893,6.470379290352211,6.393785505420096,6.4010796546936035,467900,0.0,0.0
2017-10-09 00:00:00,6.401078705306262,6.455789338628645,6.401078705306262,6.419315814971924,354600,0.0,0.0
2017-10-10 00:00:00,6.364607018099195,6.393785703119562,6.2989548028846905,6.331780910491943,792200,0.0,0.0
2017-10-11 00:00:00,6.339074964772423,6.368253649354499,6.320838547786644,6.335428237915039,607200,0.0,0.0
2017-10-12 00:00:00,6.335426301261263,6.372914174705047,6.3129338632036776,6.357918739318848,467900,0.47,0.0
2017-10-13 00:00:00,6.361668279566923,6.376663716559291,6.3279292613558855,6.354171276092529,359300,0.0,0.0
2017-10-16 00:00:00,6.372913759868076,6.402903913666588,6.331677030261996,6.339174747467041,435900,0.0,0.0
2017-10-17 00:00:00,6.339177507981716,6.361669954369944,6.309187341123418,6.327930927276611,365600,0.0,0.0
2017-10-18 00:00:00,6.320434088649702,6.3654189826134875,6.312936367981738,6.346675395965576,449100,0.0,0.0
2017-10-19 00:00:00,6.339177675297613,6.3541731166335405,6.324182948983684,6.346675395965576,344700,0.0,0.0
2017-10-20 00:00:00,6.372916535075047,6.372916535075047,6.324182782063556,6.327930927276611,393900,0.0,0.0
2017-10-23 00:00:00,6.327932255852922,6.346676560963541,6.226715868344092,6.234212875366211,507100,0.0,0.0
2017-10-24 00:00:00,6.2154674209341465,6.290443188843214,6.181728396877257,6.185477256774902,470800,0.0,0.0
2017-10-25 00:00:00,6.174231585046025,6.204221753615534,6.013034875873678,6.073015213012695,789400,0.0,0.0
2017-10-26 00:00:00,6.106752663460736,6.129245105318159,5.998037883609827,6.00553560256958,759400,0.0,0.0
2017-10-27 00:00:00,6.0242811899838555,6.050522500054942,5.949305762987153,6.043025493621826,567900,0.0,0.0
2017-10-30 00:00:00,6.031775537665681,6.076760411191125,5.990538807749297,6.013031959533691,475000,0.0,0.0
2017-10-31 00:00:00,6.024280514665259,6.050521821794709,5.99429034722846,6.02053165435791,599600,0.0,0.0
2017-11-01 00:00:00,6.035526712853425,6.08800932378422,6.035526712853425,6.0842604637146,421800,0.0,0.0
2017-11-02 00:00:00,6.080511128023611,6.080511128023611,6.016781941868891,6.058018684387207,480800,0.0,0.0
2017-11-03 00:00:00,5.791855747355336,5.8930728167658675,5.690639035455751,5.705634117126465,1457700,0.0,0.0
2017-11-06 00:00:00,5.690639868045941,5.694388370878848,5.600669007347187,5.611915588378906,1167800,0.0,0.0
2017-11-07 00:00:00,5.589420834399144,5.686889024280642,5.5744257557643655,5.619410991668701,761700,0.0,0.0
2017-11-08 00:00:00,5.604417575155768,5.7843589296498275,5.604417575155768,5.765614986419678,936300,0.0,0.0
2017-11-09 00:00:00,5.731874959373528,5.7768602007652765,5.7093821599221934,5.72062873840332,543400,0.0,0.0
2017-11-10 00:00:00,5.694387453245289,5.7281264758815045,5.6606487881200165,5.683141231536865,500300,0.0,0.0
2017-11-13 00:00:00,5.656899642548626,5.788106509213139,5.656899642548626,5.769362926483154,640600,0.0,0.0
2017-11-14 00:00:00,5.7693624181000684,5.810598796987673,5.735623400141623,5.7918548583984375,582500,0.0,0.0
2017-11-15 00:00:00,5.773112269745353,5.803102435496422,5.716880798339844,5.716880798339844,485600,0.0,0.0
2017-11-16 00:00:00,5.713131019415902,5.769362839288778,5.713131019415902,5.72062873840332,504900,0.0,0.0
2017-11-17 00:00:00,5.7056345724173845,5.750619821019202,5.69813685222826,5.743122100830078,603000,0.0,0.0
2017-11-20 00:00:00,5.765613716414337,5.8518353357654105,5.765613716414337,5.848086833953857,510900,0.0,0.0
2017-11-21 00:00:00,5.870580243959897,5.938058292859516,5.851836301764341,5.915565490722656,727500,0.0,0.0
2017-11-22 00:00:00,5.911816630035055,5.994289398680099,5.911816630035055,5.968048095703125,576800,0.0,0.0
2017-11-24 00:00:00,5.990538553630913,6.009282845989443,5.953051041446316,5.960548400878906,333800,0.0,0.0
2017-11-27 00:00:00,5.949305560966204,5.994290815636658,5.911818027496338,5.911818027496338,482100,0.0,0.0
2017-11-28 00:00:00,5.885573373890754,5.893071091286268,5.788105192814129,5.833090782165527,1200700,0.0,0.0
2017-11-29 00:00:00,5.844339966735144,5.94180819727664,5.844339966735144,5.911818027496338,1066400,0.0,0.0
2017-11-30 00:00:00,5.941808069889375,5.96055165746695,5.855586065486262,5.870581150054932,821600,0.0,0.0
2017-12-01 00:00:00,5.8593344794027855,5.9193148131057125,5.806851508657229,5.900570869445801,749300,0.0,0.0
2017-12-04 00:00:00,5.9305592468076895,5.994288421515128,5.915564167906579,5.953052043914795,804000,0.0,0.0
2017-12-05 00:00:00,5.945554417117778,6.020529812776026,5.941805915468031,6.001786231994629,632300,0.0,0.0
2017-12-06 00:00:00,5.9792943340925095,6.024279578255232,5.9792943340925095,5.983043193817139,648600,0.0,0.0
2017-12-07 00:00:00,5.968048230380505,6.054269860685383,5.956802008495292,6.009284973144531,631400,0.0,0.0
2017-12-08 00:00:00,6.016780953615392,6.035525249418562,5.95680099459968,6.001786231994629,589200,0.0,0.0
2017-12-11 00:00:00,5.968048095703125,6.024279561371195,5.968048095703125,5.968048095703125,626700,0.0,0.0
2017-12-12 00:00:00,5.941806421455352,6.039274622866632,5.934308702495599,6.00553560256958,610000,0.0,0.0
2017-12-13 00:00:00,5.994289900687078,6.12174828155403,5.971797455540539,6.076762676239014,736800,0.0,0.0
2017-12-14 00:00:00,6.0730141234927375,6.099255426905524,6.04677210505806,6.058018684387207,642400,0.0,0.0
2017-12-15 00:00:00,6.054269952671919,6.245457515180115,6.05052109281624,6.204220771789551,1812800,0.0,0.0
2017-12-18 00:00:00,6.219217675885857,6.260454428987994,6.08426154938583,6.099256992340088,726700,0.0,0.0
2017-12-19 00:00:00,6.110499142297853,6.117996859213853,5.941804801817713,5.945553302764893,676300,0.0,0.0
2017-12-20 00:00:00,5.9568030036390205,6.110502348443141,5.9568030036390205,6.095507621765137,591100,0.0,0.0
2017-12-21 00:00:00,6.110501555644814,6.237959933470017,6.106753410728122,6.192975044250488,696100,0.0,0.0
2017-12-22 00:00:00,6.192974840716172,6.230462723848341,6.162984677214816,6.1704816818237305,582600,0.0,0.0
2017-12-26 00:00:00,6.1704824552484645,6.264201817314975,6.1704824552484645,6.23046350479126,533700,0.0,0.0
2017-12-27 00:00:00,6.234210011932881,6.249205449133826,6.18547627107341,6.207968711853027,626200,0.0,0.0
2017-12-28 00:00:00,6.207969764288175,6.281277257106227,6.188678667397824,6.273560523986816,486400,0.47,0.0
2017-12-29 00:00:00,6.2735605023615,6.296709965731759,6.200253009796143,6.200253009796143,443100,0.0,0.0
2018-01-02 00:00:00,6.161670549325151,6.192536378340733,6.107654520651176,6.13852071762085,667000,0.0,0.0
2018-01-03 00:00:00,6.157812970867664,6.227261738961287,6.061356001003167,6.0806474685668945,671400,0.0,0.0
2018-01-04 00:00:00,6.092221011335607,6.165528132206571,6.092221011335607,6.119228839874268,652800,0.0,0.0
2018-01-05 00:00:00,6.134659981504989,6.196392351600273,6.126943619220055,6.188676357269287,566100,0.0,0.0
2018-01-08 00:00:00,6.177102164563543,6.200251622755102,6.146235975005462,6.1693854331970215,480600,0.0,0.0
2018-01-09 00:00:00,6.177102672916485,6.184819404918065,6.119228286766729,6.1269450187683105,325000,0.0,0.0
2018-01-10 00:00:00,6.126945709279422,6.1771033690804,6.092221147266893,6.142378807067871,425000,0.0,0.0
2018-01-11 00:00:00,6.150094128497149,6.215685242911791,6.138519399108218,6.204110145568848,504700,0.0,0.0
2018-01-12 00:00:00,6.219544600054843,6.23883569612662,6.14623711034743,6.161670207977295,331900,0.0,0.0
2018-01-16 00:00:00,6.180963019475223,6.211829221463896,6.084506046272083,6.096080780029297,440700,0.0,0.0
2018-01-17 00:00:00,6.099938155385803,6.161670549325151,6.092221422166339,6.13852071762085,324300,0.0,0.0
2018-01-18 00:00:00,6.130805137050929,6.1423798704075105,6.0806474685668945,6.0806474685668945,405100,0.0,0.0
2018-01-19 00:00:00,6.065212634571799,6.142378114817438,6.065212634571799,6.1269450187683105,301600,0.0,0.0
2018-01-22 00:00:00,6.146237450840314,6.18096201441972,6.119229252526281,6.13852071762085,275300,0.0,0.0
2018-01-23 00:00:00,6.123087279925596,6.169386572815192,6.0999378174578345,6.161670207977295,230700,0.0,0.0
2018-01-24 00:00:00,6.169386358177266,6.177103090700762,6.134661797729646,6.146236896514893,235100,0.0,0.0
2018-01-25 00:00:00,6.134661367638245,6.157811195631679,6.092220445596653,6.115370273590088,350400,0.0,0.0
2018-01-26 00:00:00,6.130805485528616,6.130805485528616,6.045923244195955,6.057497978210449,377000,0.0,0.0
2018-01-29 00:00:00,6.06135406536568,6.069070429154537,5.957180394560936,6.007338047027588,597500,0.0,0.0
2018-01-30 00:00:00,6.19253659722201,6.3545843210175805,6.1693871326535605,6.29285192489624,3746400,0.0,0.0
2018-01-31 00:00:00,6.292850174770019,6.370016016414941,6.242692892836423,6.327574729919434,2141000,0.0,0.0
2018-02-01 00:00:00,6.30056619644165,6.370015298917967,6.254266549488132,6.30056619644165,11433500,0.0,0.0
2018-02-02 00:00:00,6.265843306996625,6.281276772043619,6.099937605236087,6.146236896514893,1677800,0.0,0.0
2018-02-05 00:00:00,6.103794819388505,6.157810836251363,6.003479885148928,6.076786994934082,1758200,0.0,0.0
2018-02-06 00:00:00,5.984188787725307,6.215685596393046,5.984188787725307,6.192535400390625,1599500,0.0,0.0
2018-02-07 00:00:00,6.18481969833374,6.246552085458914,6.153953136817101,6.18481969833374,1081100,0.0,0.0
2018-02-08 00:00:00,6.204111349238373,6.246552645155243,6.161670421275585,6.177103519439697,951600,0.0,0.0
2018-02-09 00:00:00,6.25041149730633,6.5397823863314715,6.25041149730633,6.454899787902832,1464100,0.0,0.0
2018-02-12 00:00:00,6.47804963293301,6.481907263642144,6.335293011724956,6.466474533081055,992900,0.0,0.0
2018-02-13 00:00:00,6.458756085195476,6.547496286110773,6.400882073116281,6.524346828460693,693000,0.0,0.0
2018-02-14 00:00:00,6.5050576561641655,6.613088981018535,6.5050576561641655,6.59765625,585400,0.0,0.0
2018-02-15 00:00:00,6.6169463728296725,6.717261685348728,6.574505816850606,6.701828956604004,858400,0.0,0.0
2018-02-16 00:00:00,6.721121523316739,6.809861756778694,6.690255323160049,6.798287391662598,738100,0.0,0.0
2018-02-20 00:00:00,6.798286107760773,6.821435569529295,6.620804938447111,6.655529499053955,830900,0.0,0.0
2018-02-21 00:00:00,6.643954063997544,6.713403181696751,6.562930583953857,6.562930583953857,632800,0.0,0.0
2018-02-22 00:00:00,6.570648851027825,6.643955616027619,6.559073750071316,6.578364849090576,616600,0.0,0.0
2018-02-23 00:00:00,6.620805237275225,6.755845119518147,6.605372507369032,6.724978923797607,1384300,0.0,0.0
2018-02-26 00:00:00,6.740412688106672,6.740412688106672,6.655530820826012,6.717263221740723,630600,0.0,0.0
2018-02-27 00:00:00,6.705687168739359,6.744270097811319,6.589939117431641,6.589939117431641,590600,0.0,0.0
2018-02-28 00:00:00,6.5899401459504965,6.632381448144456,6.424034040183138,6.431750774383545,687200,0.0,0.0
2018-03-01 00:00:00,6.420174521608657,6.481906912323498,6.358442130893816,6.427891254425049,715500,0.0,0.0
2018-03-02 00:00:00,6.39702441667938,6.501198091515124,6.362299858400799,6.497339725494385,500600,0.0,0.0
2018-03-05 00:00:00,6.489623428578615,6.697970792219681,6.489623428578615,6.655529499053955,522100,0.0,0.0
2018-03-06 00:00:00,6.659387647193426,6.724978399979133,6.601513626713825,6.705686569213867,744100,0.0,0.0
2018-03-07 00:00:00,6.667102923013244,6.728835296159928,6.659386192392925,6.682535648345947,513800,0.0,0.0
2018-03-08 00:00:00,6.701829138869886,6.736552963466906,6.667104578364748,6.709545135498047,478600,0.0,0.0
2018-03-09 00:00:00,6.736551778698907,6.736551778698907,6.651669943452493,6.732694149017334,437000,0.0,0.0
2018-03-12 00:00:00,6.751986758477613,6.821435882881545,6.732695662102368,6.8021440505981445,466600,0.0,0.0
2018-03-13 00:00:00,6.8330113806470125,6.8330113806470125,6.767421347719743,6.782854080200195,805000,0.0,0.0
2018-03-14 00:00:00,6.782853971625291,6.852303106446329,6.77513723755445,6.844586372375488,520200,0.0,0.0
2018-03-15 00:00:00,6.86001938934775,6.86001938934775,6.7519873271858195,6.790570259094238,541100,0.0,0.0
2018-03-16 00:00:00,6.802143450326034,6.871592568601255,6.74426943039938,6.840726375579834,1718600,0.0,0.0
2018-03-19 00:00:00,6.844587703496462,6.8484460712822495,6.767422555505932,6.829154968261719,410000,0.0,0.0
2018-03-20 00:00:00,6.825294875283762,6.867735438383143,6.806003041231114,6.836869239807129,462900,0.0,0.0
2018-03-21 00:00:00,6.867734279375013,6.875451011693786,6.806001892641025,6.833009719848633,469100,0.0,0.0
2018-03-22 00:00:00,6.802144449800266,6.879310311646244,6.802144449800266,6.809861183166504,445800,0.0,0.0
2018-03-23 00:00:00,6.836869644551176,6.871594211993421,6.767421245574951,6.767421245574951,474700,0.0,0.0
2018-03-26 00:00:00,6.825294367123277,6.87545166010938,6.790569804322065,6.863877296447754,407100,0.0,0.0
2018-03-27 00:00:00,6.867732926641373,6.9217493063251085,6.829150744463215,6.8754496574401855,454000,0.0,0.0
2018-03-28 00:00:00,6.887026309967041,6.914034137958155,6.8523017494332885,6.887026309967041,450400,0.0,0.0
2018-03-29 00:00:00,6.89860050115249,6.987341451367645,6.890884504710038,6.956475257873535,803800,0.0,0.0
2018-04-02 00:00:00,6.964192417658587,7.025924814958977,6.863877823976623,6.910176753997803,713600,0.0,0.0
2018-04-03 00:00:00,6.9487596251832855,6.995058554797333,6.88316886163987,6.991200923919678,452800,0.0,0.0
2018-04-04 00:00:00,6.952618843392831,7.014351247710176,6.937185374359341,7.002776145935059,422000,0.0,0.0
2018-04-05 00:00:00,7.025923145183724,7.025923145183724,6.975765860263082,7.010490417480469,433100,0.0,0.0
2018-04-06 00:00:00,6.995059212502226,7.033642148080474,6.968051378369938,6.998917579650879,378800,0.0,0.0
2018-04-09 00:00:00,6.995058432870575,7.041358097585817,6.979625701904297,6.979625701904297,321600,0.0,0.0
2018-04-10 00:00:00,7.0220671222984485,7.037499853533725,6.975767456776183,6.991200923919678,440400,0.0,0.0
2018-04-11 00:00:00,6.991200679795782,7.006633410492167,6.952617749192531,6.968050479888916,443500,0.0,0.0
2018-04-12 00:00:00,6.99974205834331,7.011626442451122,6.94428311031652,6.948244571685791,655300,0.47,0.0
2018-04-13 00:00:00,6.7303702386543875,6.916554431320853,6.722447314139644,6.8175201416015625,1178000,0.0,0.0
2018-04-16 00:00:00,6.8610923829009165,6.940320081247142,6.809594907875799,6.924474239349365,502300,0.0,0.0
2018-04-17 00:00:00,6.936359609659855,6.964089081362909,6.912591598996015,6.944282531738281,979300,0.0,0.0
2018-04-18 00:00:00,6.964089058511624,7.043316767893036,6.964089058511624,6.995779991149902,507900,0.0,0.0
2018-04-19 00:00:00,6.99181789094002,7.071045593078529,6.983894969611896,7.015585899353027,353800,0.0,0.0
2018-04-20 00:00:00,6.979933930420255,7.019547024022039,6.9205127788749214,6.924474239349365,379200,0.0,0.0
2018-04-23 00:00:00,6.944283484633787,6.948244946216592,6.861094302537961,6.872978687286377,275500,0.0,0.0
2018-04-24 00:00:00,6.8848611351496505,6.9680503029717675,6.84920949816464,6.9165520668029785,410400,0.0,0.0
2018-04-25 00:00:00,6.8967455178589265,6.944282293124624,6.869016047108691,6.9165520668029785,264100,0.0,0.0
2018-04-26 00:00:00,6.912592382250889,6.975974254917119,6.876939984429694,6.964089870452881,266700,0.0,0.0
2018-04-27 00:00:00,6.964089058511624,7.011625835254758,6.9522046754329825,6.995779991149902,319700,0.0,0.0
2018-04-30 00:00:00,7.011627714634293,7.019549883238726,6.968052387237549,6.968052387237549,414900,0.0,0.0
2018-05-01 00:00:00,6.968049548996922,6.968049548996922,6.849208757048912,6.924474239349365,328100,0.0,0.0
2018-05-02 00:00:00,6.924476076201051,6.972012858933106,6.872978587515226,6.940321922302246,390000,0.0,0.0
2018-05-03 00:00:00,6.936359609659855,6.975973464480546,6.876939205214537,6.944282531738281,330000,0.0,0.0
2018-05-04 00:00:00,6.972013232704104,7.24930875419712,6.972013232704104,7.229502201080322,676500,0.0,0.0
2018-05-07 00:00:00,7.2493065330204,7.2493065330204,7.158195207684994,7.217615604400635,512700,0.0,0.0
2018-05-08 00:00:00,7.170081956998731,7.2413867588326815,7.130468094249693,7.138391017913818,801600,0.0,0.0
2018-05-09 00:00:00,7.150272362398757,7.15423382296462,7.055199575532108,7.142350196838379,470600,0.0,0.0
2018-05-10 00:00:00,7.174039080881351,7.284956922823702,7.1502703242613075,7.277034759521484,611100,0.0,0.0
2018-05-11 00:00:00,7.288918382260376,7.300802760570399,7.265150381211463,7.277034759521484,347900,0.0,0.0
2018-05-14 00:00:00,7.288921043166583,7.31665051377514,7.253268650792323,7.2691144943237305,429400,0.0,0.0
2018-05-15 00:00:00,7.25722914551628,7.348340466977953,7.2413840596657435,7.320611000061035,510900,0.0,0.0
2018-05-16 00:00:00,7.340417655731316,7.364185660200701,7.300803811234846,7.332494735717773,557900,0.0,0.0
2018-05-17 00:00:00,7.332495586748287,7.356263593976257,7.288920277187572,7.328534126281738,355300,0.0,0.0
2018-05-18 00:00:00,7.364186514909355,7.364186514909355,7.284958816721022,7.328534126281738,1218600,0.0,0.0
2018-05-21 00:00:00,7.360224805372882,7.407761573791504,7.308727332193068,7.407761573791504,547000,0.0,0.0
2018-05-22 00:00:00,7.423608743185416,7.439454588962953,7.387956345757472,7.39587926864624,469400,0.0,0.0
2018-05-23 00:00:00,7.3800312490161435,7.4236065564973694,7.3562632429224255,7.403800010681152,410900,0.0,0.0
2018-05-24 00:00:00,7.399840214322802,7.399840214322802,7.332496885605119,7.368149280548096,304000,0.0,0.0
2018-05-25 00:00:00,7.3483426528689,7.391917974169888,7.344381946906565,7.376072883605957,323700,0.0,0.0
2018-05-29 00:00:00,7.368149794107064,7.411724358852264,7.3483424868851435,7.39587926864624,454900,0.0,0.0
2018-05-30 00:00:00,7.399839053422363,7.486988918737708,7.391916132328784,7.483027458190918,514900,0.0,0.0
2018-05-31 00:00:00,7.4869890026739725,7.4869890026739725,7.38795475460799,7.415684223175049,364600,0.0,0.0
2018-06-01 00:00:00,7.4236065564973694,7.431529477052372,7.364186163477428,7.403800010681152,309500,0.0,0.0
2018-06-04 00:00:00,7.419645199217683,7.447374665973837,7.3562633450403885,7.407761573791504,389100,0.0,0.0
2018-06-05 00:00:00,7.40380388612851,7.479069404084152,7.37607440524257,7.459262847900391,339300,0.0,0.0
2018-06-06 00:00:00,7.463221822665617,7.463221822665617,7.399839957317532,7.455298900604248,340400,0.0,0.0
2018-06-07 00:00:00,7.467183551311466,7.483028640430639,7.435492617501658,7.439454078674316,277400,0.0,0.0
2018-06-08 00:00:00,7.439454966199259,7.494913918089797,7.423609119618218,7.463222980499268,435100,0.0,0.0
2018-06-11 00:00:00,7.447375978542879,7.4711447447269865,7.36814902464349,7.455298900604248,572300,0.0,0.0
2018-06-12 00:00:00,7.45133612630633,7.45133612630633,7.360224805372882,7.407761573791504,438400,0.0,0.0
2018-06-13 00:00:00,7.4077631366593435,7.419646764592696,7.328535424436848,7.368149280548096,462300,0.0,0.0
2018-06-14 00:00:00,7.36815030382943,7.423609256744385,7.36815030382943,7.423609256744385,373000,0.0,0.0
2018-06-15 00:00:00,7.395877675790393,7.443414447313459,7.364186746632133,7.415684223175049,1476000,0.0,0.0
2018-06-18 00:00:00,7.407763028757471,7.578101323083198,7.399840106536335,7.558294773101807,604300,0.0,0.0
2018-06-19 00:00:00,7.554331079400321,7.605829303046581,7.554331079400321,7.5899834632873535,514100,0.0,0.0
2018-06-20 00:00:00,7.601868468737972,7.645443020519562,7.554331701119259,7.62167501449585,512300,0.0,0.0
2018-06-21 00:00:00,7.625636429602568,7.625636429602568,7.566216037109532,7.593945503234863,490400,0.0,0.0
2018-06-22 00:00:00,7.625639267604103,7.625639267604103,7.542450838268228,7.566218852996826,596500,0.0,0.0
2018-06-25 00:00:00,7.5662145199880575,7.578098142761078,7.530562140526731,7.546407222747803,283300,0.0,0.0
2018-06-26 00:00:00,7.550370319173054,7.582061246057162,7.502834306632542,7.5543317794799805,329200,0.0,0.0
2018-06-27 00:00:00,7.554333572522204,7.566217956263772,7.467183691798465,7.471145153045654,528700,0.0,0.0
2018-06-28 00:00:00,7.4711437498573865,7.566216535219468,7.4711437498573865,7.550370693206787,460600,0.0,0.0
2018-06-29 00:00:00,7.570177952138825,7.582061578008584,7.510756800504713,7.522641181945801,487000,0.0,0.0
2018-07-02 00:00:00,7.522643393351906,7.617716206114858,7.498875379054056,7.605832576751709,669500,0.0,0.0
2018-07-03 00:00:00,7.609792236064965,7.720710880150175,7.609792236064965,7.673174858093262,369700,0.0,0.0
2018-07-05 00:00:00,7.677134694045691,7.73655584824347,7.64940522505812,7.728632926940918,640800,0.0,0.0
2018-07-06 00:00:00,7.736556059760226,7.79201499925161,7.720710216721898,7.744478225708008,394100,0.0,0.0
2018-07-09 00:00:00,7.768248527046193,7.7722099885894655,7.6969437304103625,7.748441219329834,548600,0.0,0.0
2018-07-10 00:00:00,7.764286172811505,7.764286172811505,7.71674939532927,7.724672317504883,548300,0.0,0.0
2018-07-11 00:00:00,7.7246716774814805,7.764285529505918,7.720710216721898,7.744478225708008,579100,0.0,0.0
2018-07-12 00:00:00,7.728244517889463,7.728244517889463,7.6227116792924114,7.6714186668396,533900,0.47,0.0
2018-07-13 00:00:00,7.67141755752766,7.699830091852243,7.634886935057912,7.659241199493408,319000,0.0,0.0
2018-07-16 00:00:00,7.66735851227906,7.67141755635102,7.60241535549469,7.60647439956665,326000,0.0,0.0
2018-07-17 00:00:00,7.6267699565694285,7.647064403641522,7.541531575662865,7.565885066986084,417000,0.0,0.0
2018-07-18 00:00:00,7.561825945470802,7.59023925493836,7.5252960959509885,7.533413410186768,395700,0.0,0.0
2018-07-19 00:00:00,7.537474287061768,7.610535552232594,7.521238880459201,7.57806396484375,661500,0.0,0.0
2018-07-20 00:00:00,7.590239600667884,7.643005629429754,7.561826289906123,7.622711181640625,732500,0.0,0.0
2018-07-23 00:00:00,7.6267677541831445,7.634885066157822,7.586178097576524,7.590237140655518,432300,0.0,0.0
2018-07-24 00:00:00,7.569944111237209,7.57806219973946,7.533413487160615,7.565885066986084,418800,0.0,0.0
2018-07-25 00:00:00,7.590238791830779,7.630827683083771,7.565884528058813,7.610533237457275,474500,0.0,0.0
2018-07-26 00:00:00,7.622711824540163,7.744480069911987,7.622711824540163,7.736361980438232,457200,0.0,0.0
2018-07-27 00:00:00,7.732300329253322,7.736359372621954,7.663298140353309,7.716064929962158,344000,0.0,0.0
2018-07-30 00:00:00,7.699829613725248,7.821598605790899,7.699829613725248,7.801303386688232,330800,0.0,0.0
2018-07-31 00:00:00,7.817542407562943,7.8581320863595066,7.752599231161932,7.829719543457031,486600,0.0,0.0
2018-08-01 00:00:00,7.813481720594095,7.813481720594095,7.728244109795726,7.756656646728516,286200,0.0,0.0
2018-08-02 00:00:00,7.756655657887196,7.8094216805808125,7.71200694886558,7.797244548797607,219400,0.0,0.0
2018-08-03 00:00:00,7.89871959185534,8.061078278282656,7.87436609856468,8.057019233703613,746000,0.0,0.0
2018-08-06 00:00:00,8.0691953863606,8.089490608735435,8.02048840102814,8.061078071594238,376500,0.0,0.0
2018-08-07 00:00:00,8.061078208577111,8.069195523481412,7.951486328441411,7.971780776977539,339000,0.0,0.0
2018-08-08 00:00:00,7.971778628742188,7.9920738459927465,7.906835481907157,7.927130699157715,331400,0.0,0.0
2018-08-09 00:00:00,7.931189742607827,7.971778628742188,7.910894525357269,7.927130699157715,222000,0.0,0.0
2018-08-10 00:00:00,7.906836844601792,7.983957135078366,7.898718756302467,7.919013977050781,331900,0.0,0.0
2018-08-13 00:00:00,7.935247898101807,7.94742502827755,7.894659012549394,7.935247898101807,239500,0.0,0.0
2018-08-14 00:00:00,7.955546172028353,7.975840622602825,7.943369037173471,7.9596052169799805,223300,0.0,0.0
2018-08-15 00:00:00,7.9717804279123685,8.024547230489508,7.967721383546161,7.988016605377197,346600,0.0,0.0
2018-08-16 00:00:00,7.988016000882133,8.044841069341677,7.988016000882133,8.02454662322998,198000,0.0,0.0
2018-08-17 00:00:00,8.028606208352961,8.061077788830097,8.02048811968779,8.032665252685547,305100,0.0,0.0
2018-08-20 00:00:00,8.024544874213541,8.077310887113255,8.01642678786487,8.036721229553223,261500,0.0,0.0
2018-08-21 00:00:00,8.036724032403486,8.121962420425225,8.036724032403486,8.10572624206543,332400,0.0,0.0
2018-08-22 00:00:00,8.101668357849121,8.146317080549846,8.073255815833644,8.101668357849121,168300,0.0,0.0
2018-08-23 00:00:00,8.089490556503014,8.146315630418497,8.06919533425922,8.077313423156738,211800,0.0,0.0
2018-08-24 00:00:00,8.10572705371606,8.10572705371606,8.03672483714472,8.040783882141113,158700,0.0,0.0
2018-08-27 00:00:00,8.05701820151879,8.073253603571448,8.02454662322998,8.02454662322998,259400,0.0,0.0
2018-08-28 00:00:00,8.040782849219402,8.0691953863606,8.02048840102814,8.061078071594238,221100,0.0,0.0
2018-08-29 00:00:00,8.057018844849809,8.126021050996105,8.057018844849809,8.11384391784668,299600,0.0,0.0
2018-08-30 00:00:00,8.117901757644926,8.195022041113917,8.085430181581684,8.186903953552246,377500,0.0,0.0
2018-08-31 00:00:00,8.186905376832282,8.199082510291761,8.073254453761187,8.109785079956055,307200,0.0,0.0
2018-09-04 00:00:00,8.113844251542641,8.158492967409899,8.065137265308893,8.126021385192871,532500,0.0,0.0
2018-09-05 00:00:00,8.138195050271136,8.190961837768555,8.109782522010988,8.190961837768555,380400,0.0,0.0
2018-09-06 00:00:00,8.190964360989666,8.284320060940697,8.178787227619875,8.23155403137207,378500,0.0,0.0
2018-09-07 00:00:00,8.21937506800174,8.23155219866036,8.16660905018119,8.211256980895996,421100,0.0,0.0
2018-09-10 00:00:00,8.231552535680308,8.259965067530297,8.186903828954076,8.223434448242188,283200,0.0,0.0
2018-09-11 00:00:00,8.219375480140357,8.239669924738934,8.19908103554178,8.203139305114746,337700,0.0,0.0
2018-09-12 00:00:00,8.182845734559644,8.195022867129541,8.09354908493095,8.170668601989746,317000,0.0,0.0
2018-09-13 00:00:00,8.182845245109727,8.215316822503675,8.142255579821423,8.199081420898438,281000,0.0,0.0
2018-09-14 00:00:00,8.186902589450145,8.215315116998456,8.12195944814449,8.19502067565918,299900,0.0,0.0
2018-09-17 00:00:00,8.259965896606445,8.276201298928848,8.154433071868546,8.259965896606445,484700,0.0,0.0
2018-09-18 00:00:00,8.227493697992974,8.268083362016586,8.186904033969363,8.219375610351562,418800,0.0,0.0
2018-09-19 00:00:00,8.22343428448844,8.231552371764902,8.134137646997576,8.158491134643555,420000,0.0,0.0
2018-09-20 00:00:00,8.182844171706034,8.239669231145415,8.126019112266652,8.235610961914062,381000,0.0,0.0
2018-09-21 00:00:00,8.239669642801946,8.243728686419459,8.182844580523566,8.227493286132812,1363800,0.0,0.0
2018-09-24 00:00:00,8.243730527302814,8.268084794446379,8.1341394218911,8.142256736755371,218200,0.0,0.0
2018-09-25 00:00:00,8.215316485834652,8.215316485834652,8.138196202365663,8.186903953552246,296200,0.0,0.0
2018-09-26 00:00:00,8.186903790788966,8.195021878189243,8.117901596253475,8.121960639953613,294600,0.0,0.0
2018-09-27 00:00:00,8.138196376984276,8.178786041480107,8.117901931828088,8.134138107299805,292700,0.0,0.0
2018-09-28 00:00:00,8.138197431023093,8.243730262707219,8.121962027632065,8.215317726135254,442200,0.0,0.0
2018-10-01 00:00:00,8.239669684857953,8.243728728496185,8.126019559721113,8.158491134643555,385100,0.0,0.0
2018-10-02 00:00:00,8.158492631877682,8.199082301525543,8.10978487346354,8.11384391784668,412700,0.0,0.0
2018-10-03 00:00:00,8.117903296092718,8.162552011959976,8.089490758425768,8.126021385192871,547400,0.0,0.0
2018-10-04 00:00:00,8.12602055988554,8.12602055988554,8.032664867266067,8.089489936828613,408700,0.0,0.0
2018-10-05 00:00:00,8.101667175705892,8.121962398601102,8.024547651254869,8.057019233703613,365700,0.0,0.0
2018-10-08 00:00:00,8.061076532818397,8.12601968365375,8.03672227061757,8.121960639953613,263800,0.0,0.0
2018-10-09 00:00:00,8.1138415652172,8.211256279616281,8.109782522010988,8.190961837768555,439400,0.0,0.0
2018-10-10 00:00:00,8.203141462707537,8.276202721172506,8.08137321472168,8.08137321472168,575600,0.0,0.0
2018-10-11 00:00:00,8.069195565529386,8.101667147866548,7.923073832103942,7.931191921234131,594400,0.0,0.0
2018-10-12 00:00:00,7.964461585658348,8.006051622871516,7.768989441999635,7.785624980926514,670300,0.47,0.0
2018-10-15 00:00:00,7.798103656512028,7.935350249136075,7.789785488895025,7.8937602043151855,339900,0.0,0.0
2018-10-16 00:00:00,7.910398089825477,8.031008370852666,7.872967121477384,8.014372825622559,410200,0.0,0.0
2018-10-17 00:00:00,8.02684638155291,8.068436419474406,7.981098053776859,7.9977335929870605,319600,0.0,0.0
2018-10-18 00:00:00,7.993576855336277,8.0518032428167,7.927033092442274,7.939510345458984,255600,0.0,0.0
2018-10-19 00:00:00,7.927030097311357,7.985256462791664,7.9062354767380585,7.914553642272949,317200,0.0,0.0
2018-10-22 00:00:00,7.927031773959395,8.001893693079614,7.927031773959395,7.935349941253662,317400,0.0,0.0
2018-10-23 00:00:00,7.902078178582391,7.943668222385646,7.802262549413043,7.823057174682617,514400,0.0,0.0
2018-10-24 00:00:00,7.8313756570272055,7.99357596179211,7.8313756570272055,7.877124786376953,487900,0.0,0.0
2018-10-25 00:00:00,7.889600402948954,8.001893275773101,7.860487612201372,7.981098651885986,387500,0.0,0.0
2018-10-26 00:00:00,7.935348631382403,7.997733289263517,7.810579315620175,7.918713092803955,479300,0.0,0.0
2018-10-29 00:00:00,7.9311920510236895,8.051803115146797,7.910397422923119,7.956145763397217,351600,0.0,0.0
2018-10-30 00:00:00,7.964462598734127,8.051801767317677,7.9478270576912164,8.018529891967773,368200,0.0,0.0
2018-10-31 00:00:00,8.006052152701288,8.122504105951995,8.006052152701288,8.031005859375,612800,0.0,0.0
2018-11-01 00:00:00,8.03932495817506,8.064278667742137,7.968622120014905,8.001893997192383,272000,0.0,0.0
2018-11-02 00:00:00,8.313817121808386,8.513448360347482,8.193206879331692,8.49681282043457,1084000,0.0,0.0
2018-11-05 00:00:00,8.538404505623157,8.696445734941436,8.500973542025426,8.596630096435547,972300,0.0,0.0
2018-11-06 00:00:00,8.625741145023856,8.638218394784364,8.525925526731848,8.530084609985352,559600,0.0,0.0
2018-11-07 00:00:00,8.559195045124484,8.642375100786225,8.430266672786209,8.638216018676758,618600,0.0,0.0
2018-11-08 00:00:00,8.65485240032977,8.65485240032977,8.563354964764082,8.642375946044922,399700,0.0,0.0
2018-11-09 00:00:00,8.646536557119457,8.663172096861421,8.559197395366079,8.650694847106934,361300,0.0,0.0
2018-11-12 00:00:00,8.663172264787493,8.700603221512495,8.550879394612483,8.584151268005371,288500,0.0,0.0
2018-11-13 00:00:00,8.609106746995675,8.663173249933358,8.559198534598938,8.613265037536621,314700,0.0,0.0
2018-11-14 00:00:00,8.634060015904817,8.663172807790362,8.567516264948114,8.629900932312012,343100,0.0,0.0
2018-11-15 00:00:00,8.588309995765586,8.600787245245352,8.492653462879396,8.56751537322998,313900,0.0,0.0
2018-11-16 00:00:00,8.542563057719526,8.559198599802416,8.46770113518619,8.550880432128906,432200,0.0,0.0
2018-11-19 00:00:00,8.559198466879025,8.592470343792229,8.500972880596947,8.52592658996582,262500,0.0,0.0
2018-11-20 00:00:00,8.505131512561507,8.542562471258478,8.434428678718792,8.446905136108398,268100,0.0,0.0
2018-11-21 00:00:00,8.446904531443336,8.563356482749354,8.388678952422335,8.530084609985352,232800,0.0,0.0
2018-11-23 00:00:00,8.509289055528981,8.646536420873648,8.509289055528981,8.625741004943848,166200,0.0,0.0
2018-11-26 00:00:00,8.667331153612558,8.667331153612558,8.584151075365,8.62158203125,270600,0.0,0.0
2018-11-27 00:00:00,8.629900798053454,8.654854505957982,8.575834298716298,8.604947090148926,403500,0.0,0.0
2018-11-28 00:00:00,8.588310102581806,8.704762052715964,8.55503823015262,8.683966636657715,320900,0.0,0.0
2018-11-29 00:00:00,8.654855418684946,8.729717343557416,8.63406079211555,8.69644546508789,239900,0.0,0.0
2018-11-30 00:00:00,8.679808073789337,8.76714643869575,8.646536202406324,8.754669189453125,443100,0.0,0.0
2018-12-03 00:00:00,8.796261325287823,8.812897661579811,8.717240314429233,8.783784866333008,432800,0.0,0.0
2018-12-04 00:00:00,8.775464880785986,8.808736753215172,8.667331097075127,8.683966636657715,448000,0.0,0.0
2018-12-06 00:00:00,8.650695878422809,8.833691596984863,8.600788459983049,8.833691596984863,485200,0.0,0.0
2018-12-07 00:00:00,8.8503283351916,8.87944112948518,8.804579205150745,8.854487419128418,564300,0.0,0.0
2018-12-10 00:00:00,8.854487213181029,8.85864550375698,8.638219613081555,8.646537780761719,436800,0.0,0.0
2018-12-11 00:00:00,8.704763791396404,8.721399334301758,8.600789070129395,8.600789070129395,404300,0.0,0.0
2018-12-12 00:00:00,8.646537662525107,8.66733228817703,8.542562947737247,8.555039405822754,374600,0.0,0.0
2018-12-13 00:00:00,8.555039052228503,8.584151844243562,8.521767176602136,8.538403511047363,298900,0.0,0.0
2018-12-14 00:00:00,8.546720311280367,8.646536724723065,8.51344843788748,8.584151268005371,287400,0.0,0.0
2018-12-17 00:00:00,8.555038825613902,8.555038825613902,8.085073495682378,8.11418628692627,1003100,0.0,0.0
2018-12-18 00:00:00,8.159934997558594,8.272227073327324,8.114185874634723,8.159934997558594,556500,0.0,0.0
2018-12-19 00:00:00,8.184889605729584,8.189048689477582,8.001893887138232,8.00605297088623,533300,0.0,0.0
2018-12-20 00:00:00,8.00189286263919,8.02684656866819,7.660855971608141,7.731558799743652,784900,0.0,0.0
2018-12-21 00:00:00,7.7357173082761586,7.885440326591317,7.610947200872249,7.656696319580078,2162600,0.0,0.0
2018-12-24 00:00:00,7.652537852979295,7.6816506424056525,7.436270284006328,7.56104040145874,387100,0.0,0.0
2018-12-26 00:00:00,7.590155073283369,7.960304847670174,7.569360445182799,7.956145763397217,569000,0.0,0.0
2018-12-27 00:00:00,7.902079508053443,7.972782356435018,7.752355642477348,7.96446418762207,589100,0.0,0.0
2018-12-28 00:00:00,7.977251069878609,8.113687908371817,7.9687244282163565,8.066787719726562,464400,0.47,0.0
2018-12-31 00:00:00,8.088106376475489,8.10089756012015,7.887716045380144,7.93887996673584,456300,0.0,0.0
2019-01-02 00:00:00,7.887718871797218,8.062527711465677,7.840818661517259,8.032682418823242,320800,0.0,0.0
2019-01-03 00:00:00,8.032683668089886,8.13927448023203,8.01562874779993,8.041211128234863,305700,0.0,0.0
2019-01-04 00:00:00,8.088106960726352,8.22454382312285,8.032680120708243,8.173379898071289,304900,0.0,0.0
2019-01-07 00:00:00,8.18191087713235,8.250128931090051,8.122219470001848,8.16485595703125,554400,0.0,0.0
2019-01-08 00:00:00,8.16911662695409,8.21601682644023,8.117953512262886,8.190434455871582,352000,0.0,0.0
2019-01-09 00:00:00,8.241600481686728,8.267182045544121,8.173382435918178,8.25439167022705,727000,0.0,0.0
2019-01-10 00:00:00,8.25439167022705,8.284236963597884,8.211755188315895,8.25439167022705,331900,0.0,0.0
2019-01-11 00:00:00,8.250125688000749,8.292762158269934,8.22880704625464,8.275707244873047,274000,0.0,0.0
2019-01-14 00:00:00,8.267180941236552,8.322608604284156,8.237335651852371,8.250126838684082,238000,0.0,0.0
2019-01-15 00:00:00,8.27144523308512,8.27144523308512,8.181909358839304,8.207490921020508,214900,0.0,0.0
2019-01-16 00:00:00,8.228806702575344,8.297024726867676,8.228806702575344,8.297024726867676,278700,0.0,0.0
2019-01-17 00:00:00,8.301290057037384,8.305553786031354,8.250126935556079,8.284235954284668,226000,0.0,0.0
2019-01-18 00:00:00,8.305552530094568,8.33966154366531,8.237334502953082,8.275707244873047,210100,0.0,0.0
2019-01-22 00:00:00,8.271444171496903,8.284235357557435,8.211753596327272,8.267180442810059,285000,0.0,0.0
2019-01-23 00:00:00,8.275706844058368,8.34818859603859,8.258652744710488,8.322607040405273,219400,0.0,0.0
2019-01-24 00:00:00,8.32687033495999,8.412142453705172,8.305551695356481,8.40361499786377,297800,0.0,0.0
2019-01-25 00:00:00,8.429199716463435,8.514471858992755,8.420672258243549,8.510208129882812,290700,0.0,0.0
2019-01-28 00:00:00,8.497417151827667,8.518734982639053,8.459044405788681,8.488889694213867,260000,0.0,0.0
2019-01-29 00:00:00,8.484625816345215,8.505944460005182,8.433462698007501,8.484625816345215,292600,0.0,0.0
2019-01-30 00:00:00,8.480360734804108,8.565633669394812,8.433461352679899,8.531524658203125,308500,0.0,0.0
2019-01-31 00:00:00,8.5016814151288,8.629590034484863,8.488890227903926,8.629590034484863,584000,0.0,0.0
2019-02-01 00:00:00,8.633852510441603,8.65943406795527,8.574161938502025,8.621061325073242,271600,0.0,0.0
2019-02-04 00:00:00,8.633854845359865,8.727654457092285,8.599745821709595,8.727654457092285,326300,0.0,0.0
2019-02-05 00:00:00,8.714861065872539,8.736178893318593,8.663697141489823,8.719124794006348,303800,0.0,0.0
2019-02-06 00:00:00,8.706335872796842,8.719127060523308,8.63811783136876,8.702072143554688,259700,0.0,0.0
2019-02-07 00:00:00,8.68927935392506,8.693543082381181,8.599743496015693,8.621061325073242,309100,0.0,0.0
2019-02-08 00:00:00,8.953627004192231,9.094326824586322,8.876881499754862,9.090063095092773,793600,0.0,0.0
2019-02-11 00:00:00,9.090063095092773,9.128435847311458,9.051690342874089,9.090063095092773,441000,0.0,0.0
2019-02-12 00:00:00,8.812925437919464,8.859825639834112,8.731916220036826,8.75323486328125,7943400,0.0,0.0
2019-02-13 00:00:00,8.76602383056977,8.783078742430938,8.731914820070392,8.740442276000977,1176200,0.0,0.0
2019-02-14 00:00:00,8.719125448313207,8.736179548905238,8.505943904962987,8.527261734008789,2045800,0.0,0.0
2019-02-15 00:00:00,8.5443163480967,8.586952004692682,8.505943606581898,8.518733978271484,1029600,0.0,0.0
2019-02-19 00:00:00,8.505943355443621,8.612534120232525,8.476097258195411,8.569897651672363,881300,0.0,0.0
2019-02-20 00:00:00,8.54005611857451,8.548582765453181,8.437729037020254,8.446255683898926,810500,0.0,0.0
2019-02-21 00:00:00,8.433463437336599,8.505945205688477,8.416408520913485,8.505945205688477,804800,0.0,0.0
2019-02-22 00:00:00,8.54005217292731,8.629588022961462,8.514469804440713,8.595479011535645,759200,0.0,0.0
2019-02-25 00:00:00,8.706335118904637,8.719126305523497,8.650908270002498,8.67648983001709,705500,0.0,0.0
2019-02-26 00:00:00,8.702070733061248,8.72338856259348,8.642380159792548,8.685016632080078,499400,0.0,0.0
2019-02-27 00:00:00,8.676491679847086,8.710600704879639,8.621064005904625,8.706336975097656,413900,0.0,0.0
2019-02-28 00:00:00,8.719127570062316,8.770290697511712,8.676491088372321,8.689281463623047,800900,0.0,0.0
2019-03-01 00:00:00,8.719128164443601,8.748973459694172,8.612537359563966,8.706336975097656,819700,0.0,0.0
2019-03-04 00:00:00,8.719127060523308,8.723389976542263,8.655171935114181,8.702072143554688,376900,0.0,0.0
2019-03-05 00:00:00,8.702071487775985,8.719126403459367,8.663698740711517,8.710598945617676,352500,0.0,0.0
2019-03-06 00:00:00,8.697807062534942,8.731916077947899,8.629589031709026,8.65943431854248,404300,0.0,0.0
2019-03-07 00:00:00,8.70206917601349,8.70206917601349,8.646642341213289,8.667960166931152,322000,0.0,0.0
2019-03-08 00:00:00,8.663697940709463,8.72765224217035,8.633852654242586,8.714861869812012,367200,0.0,0.0
2019-03-11 00:00:00,8.748968305775064,8.847031593322754,8.727649669423725,8.847031593322754,467000,0.0,0.0
2019-03-12 00:00:00,8.847033443320683,8.847033443320683,8.75749759159074,8.783079147338867,611800,0.0,0.0
2019-03-13 00:00:00,8.787344921884893,8.902462356171345,8.783081192730108,8.881144523620605,357200,0.0,0.0
2019-03-14 00:00:00,8.851297425574849,8.87261525377309,8.821452140808105,8.821452140808105,279500,0.0,0.0
2019-03-15 00:00:00,8.834242016889,8.851296929069326,8.791606362884128,8.838505744934082,712100,0.0,0.0
2019-03-18 00:00:00,8.795869724362323,8.876878934886594,8.783079352800552,8.851297378540039,447300,0.0,0.0
2019-03-19 00:00:00,8.872615509509597,8.872615509509597,8.753234367001687,8.770288467407227,308700,0.0,0.0
2019-03-20 00:00:00,8.77455009621019,8.847031835341905,8.736177362950878,8.795867919921875,578100,0.0,0.0
2019-03-21 00:00:00,8.808660407450839,8.932306080325818,8.808660407450839,8.86408805847168,588800,0.0,0.0
2019-03-22 00:00:00,8.847036805009845,8.881145830042396,8.697809515533692,8.706336975097656,602300,0.0,0.0
2019-03-25 00:00:00,8.710598945617676,8.77028952406323,8.676489927474053,8.710598945617676,292000,0.0,0.0
2019-03-26 00:00:00,8.74470967233741,8.774554967391479,8.71912810703725,8.73618221282959,360500,0.0,0.0
2019-03-27 00:00:00,8.821454853557825,8.825718583153247,8.736181888095919,8.817191123962402,506900,0.0,0.0
2019-03-28 00:00:00,8.834240862002563,8.872613596168918,8.812923037786973,8.859823226928711,1351700,0.0,0.0
2019-03-29 00:00:00,8.885407558000383,8.885407558000383,8.744707759786936,8.82997989654541,535700,0.0,0.0
2019-04-01 00:00:00,8.842771121666376,8.910989156660625,8.834243663986314,8.889671325683594,382500,0.0,0.0
2019-04-02 00:00:00,8.906726180820193,8.92378109762219,8.838508140058602,8.915253639221191,389400,0.0,0.0
2019-04-03 00:00:00,8.949363856593967,8.97920915176612,8.906727372109474,8.953627586364746,517300,0.0,0.0
2019-04-04 00:00:00,8.974943201350587,9.034634590148926,8.945097913562968,9.034634590148926,425900,0.0,0.0
2019-04-05 00:00:00,9.038897672807161,9.06874295846158,9.009051573929698,9.04742431640625,559600,0.0,0.0
2019-04-08 00:00:00,9.047426613380543,9.102854283573418,9.017581320148954,9.090063095092773,549200,0.0,0.0
2019-04-09 00:00:00,9.081535636105677,9.119908388324362,9.060217801861185,9.090063095092773,645900,0.0,0.0
2019-04-10 00:00:00,9.090060682589918,9.132697152986427,9.08153322586601,9.102851867675781,858900,0.0,0.0
2019-04-11 00:00:00,9.102853119191087,9.111380577087402,9.068744100828972,9.111380577087402,504300,0.0,0.0
2019-04-12 00:00:00,9.150617432144193,9.16805588278343,9.015472765734478,9.120100975036621,679900,0.47,0.0
2019-04-15 00:00:00,9.120098893379515,9.150615343521725,9.072143996578383,9.089582443237305,240800,0.0,0.0
2019-04-16 00:00:00,9.098301666566766,9.111379670050054,9.080863219907844,9.089582443237305,205300,0.0,0.0
2019-04-17 00:00:00,9.098301123813346,9.128817572135116,9.045986618468271,9.063425064086914,438600,0.0,0.0
2019-04-18 00:00:00,9.045987082756008,9.102660370903662,9.045987082756008,9.067784309387207,384700,0.0,0.0
2019-04-22 00:00:00,9.067784530192952,9.085222977131265,9.01547085239985,9.07650375366211,385800,0.0,0.0
2019-04-23 00:00:00,9.08522278506949,9.159334519968759,9.08522278506949,9.111379623413086,548400,0.0,0.0
2019-04-24 00:00:00,9.1113809667574,9.163695482668524,9.1113809667574,9.150616645812988,330600,0.0,0.0
2019-04-25 00:00:00,9.120099434311003,9.150615886263205,9.076504146588876,9.115739822387695,365300,0.0,0.0
2019-04-26 00:00:00,9.111376987408626,9.216005142024025,9.111376987408626,9.1854887008667,292800,0.0,0.0
2019-04-29 00:00:00,9.18984831124784,9.224724362786306,9.176769480104419,9.1854887008667,282800,0.0,0.0
2019-04-30 00:00:00,9.172415295045843,9.194212526357573,9.128820000911306,9.154976844787598,435400,0.0,0.0
2019-05-01 00:00:00,9.172415295045843,9.185493301228451,9.124460388346744,9.154976844787598,776700,0.0,0.0
2019-05-02 00:00:00,9.154975645221448,9.172414093194751,9.080863904356836,9.1026611328125,315700,0.0,0.0
2019-05-03 00:00:00,9.242167194356984,9.460142827888884,9.176773839088572,9.364233016967773,1145100,0.0,0.0
2019-05-06 00:00:00,9.338074314485755,9.551690293033133,9.311917476493047,9.516814231872559,732000,0.0,0.0
2019-05-07 00:00:00,9.024187594466383,9.150612973961987,9.002389541787357,9.072141647338867,9739300,0.0,0.0
2019-05-08 00:00:00,9.080863538717004,9.20293017508224,9.063425922956789,9.107020378112793,1564100,0.0,0.0
2019-05-09 00:00:00,9.063423257777943,9.089580089482087,8.971873099547409,9.072141647338867,1624400,0.0,0.0
2019-05-10 00:00:00,9.067783642291984,9.181131041759487,9.045986417264354,9.16369342803955,936200,0.0,0.0
2019-05-13 00:00:00,9.080861866431222,9.141894757618864,9.028547365762687,9.050345420837402,988200,0.0,0.0
2019-05-14 00:00:00,9.085224757644223,9.141898058278677,9.05470830103251,9.133179664611816,696600,0.0,0.0
2019-05-15 00:00:00,9.107020744805826,9.146256421234796,9.085223516350162,9.1026611328125,588400,0.0,0.0
2019-05-16 00:00:00,9.128818253690817,9.259603279551605,9.128818253690817,9.250884056091309,851800,0.0,0.0
2019-05-17 00:00:00,9.237808060321493,9.250886066843629,9.202931990410635,9.207291603088379,840000,0.0,0.0
2019-05-20 00:00:00,9.207286752772402,9.246521583181352,9.172410701233936,9.1854887008667,540700,0.0,0.0
2019-05-21 00:00:00,9.21600972643947,9.233448176638621,9.168055651413946,9.220369338989258,391600,0.0,0.0
2019-05-22 00:00:00,9.277041726472198,9.294479341881877,9.242165664141927,9.250884056091309,731900,0.0,0.0
2019-05-23 00:00:00,9.202927325424517,9.237803377656618,9.168051273192415,9.216005325317383,482900,0.0,0.0
2019-05-24 00:00:00,9.303197671489377,9.342433341780026,9.290118837555548,9.33807373046875,1008900,0.0,0.0
2019-05-28 00:00:00,9.33807583490548,9.38603073862584,9.294480543478883,9.303199768066406,593800,0.0,0.0
2019-05-29 00:00:00,9.303198593603971,9.338074656040192,9.26396291942436,9.294479370117188,905200,0.0,0.0
2019-05-30 00:00:00,9.298840936533335,9.311919774512763,9.08958451792905,9.120100975036621,785100,0.0,0.0
2019-05-31 00:00:00,9.032908247870752,9.093941979157721,8.915202059947028,9.067784309387207,1025600,0.0,0.0
2019-06-03 00:00:00,9.09394259889349,9.23780646639179,9.067784927340378,9.224727630615234,681000,0.0,0.0
2019-06-04 00:00:00,9.27704007993848,9.28575847034048,9.172411911517578,9.237804412841797,569300,0.0,0.0
2019-06-05 00:00:00,9.242163171818678,9.263960393080472,9.141893792086622,9.181129455566406,526300,0.0,0.0
2019-06-06 00:00:00,9.176772730945483,9.25960369450843,9.141896667052288,9.224727630615234,627400,0.0,0.0
2019-06-07 00:00:00,9.277041198921161,9.38602899144439,9.246523918545527,9.333714485168457,1985100,0.0,0.0
2019-06-10 00:00:00,9.386029226819277,9.46449974093469,9.311917492784536,9.451421737670898,1470400,0.0,0.0
2019-06-11 00:00:00,9.481938602344028,9.481938602344028,9.394748029718103,9.425265312194824,988800,0.0,0.0
2019-06-12 00:00:00,9.44706327493537,9.460142111300566,9.403467985229042,9.416546821594238,808600,0.0,0.0
2019-06-13 00:00:00,9.447062885130538,9.512455401236307,9.407827209164886,9.486298561096191,688900,0.0,0.0
2019-06-14 00:00:00,9.499376107458382,9.556049391987521,9.464499216657874,9.534252166748047,630200,0.0,0.0
2019-06-17 00:00:00,9.54296911855656,9.564767172019042,9.460139009931275,9.473217010498047,680100,0.0,0.0
2019-06-18 00:00:00,9.512455769057851,9.547331834430224,9.451422862533946,9.481939315795898,654000,0.0,0.0
2019-06-19 00:00:00,9.534253245948268,9.586566925048828,9.464500287962624,9.586566925048828,629700,0.0,0.0
2019-06-20 00:00:00,9.586565616932653,9.586565616932653,9.52117311122449,9.525532722473145,659400,0.0,0.0
2019-06-21 00:00:00,9.503733643892913,9.512452865452275,9.37294864654541,9.37294864654541,1134800,0.0,0.0
2019-06-24 00:00:00,9.37295153188791,9.451422887057102,9.37295153188791,9.416546821594238,616900,0.0,0.0
2019-06-25 00:00:00,9.416546354182259,9.447062806008638,9.346794226718838,9.355512619018555,657400,0.0,0.0
2019-06-26 00:00:00,9.38603146667674,9.464501999518152,9.377312241412888,9.40346908569336,628900,0.0,0.0
2019-06-27 00:00:00,9.425264489347263,9.477578163146973,9.416545266543695,9.477578163146973,991700,0.0,0.0
2019-06-28 00:00:00,9.49065739387985,9.651958864930922,9.49065739387985,9.516814231872559,3093400,0.0,0.0
2019-07-01 00:00:00,9.582209993581284,9.582209993581284,9.481941387665206,9.512457847595215,748700,0.0,0.0
2019-07-02 00:00:00,9.521173445653965,9.551689893955604,9.429623269238196,9.477578163146973,740500,0.0,0.0
2019-07-03 00:00:00,9.455780605516328,9.54732994720559,9.455780605516328,9.525532722473145,337600,0.0,0.0
2019-07-05 00:00:00,9.525533279286243,9.660677909851074,9.486297607265668,9.660677909851074,699700,0.0,0.0
2019-07-08 00:00:00,9.678117483452759,9.717353160044643,9.625802970826589,9.691195487976074,823000,0.0,0.0
2019-07-09 00:00:00,9.673756144534853,9.726069816311298,9.621441641247584,9.721710205078125,874100,0.0,0.0
2019-07-10 00:00:00,9.765307695699894,9.861217501511604,9.721712405013754,9.752229690551758,862100,0.0,0.0
2019-07-11 00:00:00,9.76966399151277,9.821978488879678,9.747866769324483,9.800180435180664,902900,0.0,0.0
2019-07-12 00:00:00,9.777921548518885,9.858068585681684,9.755658860092385,9.826900482177734,884800,0.47,0.0
2019-07-15 00:00:00,9.853613005902712,9.871423830865917,9.817992205243185,9.844708442687988,417800,0.0,0.0
2019-07-16 00:00:00,9.831351277633551,9.889234765845064,9.809088593536885,9.840256690979004,515700,0.0,0.0
2019-07-17 00:00:00,9.835803760149677,9.924856193040775,9.82244564043593,9.898139953613281,714800,0.0,0.0
2019-07-18 00:00:00,9.862518418384314,9.898139219043843,9.822444911483984,9.844708442687988,517500,0.0,0.0
2019-07-19 00:00:00,9.840256929134664,9.853614200209156,9.73784722098432,9.74675178527832,705900,0.0,0.0
2019-07-22 00:00:00,9.737847107264626,9.804636009658058,9.715583573622169,9.77791976928711,413200,0.0,0.0
2019-07-23 00:00:00,9.782372466624912,9.817993271151678,9.728941684468246,9.809088706970215,464600,0.0,0.0
2019-07-24 00:00:00,9.795732382974858,9.831353194033172,9.733396175939589,9.817995071411133,642900,0.0,0.0
2019-07-25 00:00:00,9.840255850804583,9.862518533000433,9.755656129779958,9.795729637145996,670100,0.0,0.0
2019-07-26 00:00:00,9.813540240162917,9.866971015930176,9.800182121587667,9.866971015930176,535300,0.0,0.0
2019-07-29 00:00:00,9.862519264221191,9.915950894426368,9.831351167129402,9.862519264221191,736600,0.0,0.0
2019-07-30 00:00:00,9.875875367624266,9.942664254793508,9.849159982609923,9.889232635498047,753000,0.0,0.0
2019-07-31 00:00:00,9.866972195851098,9.911498413826298,9.760109782270796,9.809088706970215,919300,0.0,0.0
2019-08-01 00:00:00,9.80018353548617,9.835804340892407,9.693321119267459,9.70667839050293,713200,0.0,0.0
2019-08-02 00:00:00,9.608721265279708,9.835804215320463,9.390543728793567,9.769015312194824,1206400,0.0,0.0
2019-08-05 00:00:00,9.702224841925863,9.751202910031136,9.555288089809517,9.662151336669922,1110700,0.0,0.0
2019-08-06 00:00:00,9.702225687245098,9.733393783100427,9.6621521784977,9.693320274353027,982500,0.0,0.0
2019-08-07 00:00:00,9.68441441931392,9.849161153227952,9.653246324881588,9.822444915771484,1223900,0.0,0.0
2019-08-08 00:00:00,9.844708836015487,10.058433648511647,9.826898010340685,10.009454727172852,956700,0.0,0.0
2019-08-09 00:00:00,9.604266578800338,9.84470759961154,9.599813872940857,9.786823272705078,10031300,0.0,0.0
2019-08-12 00:00:00,9.746751328428884,9.89368724822998,9.746751328428884,9.89368724822998,1887500,0.0,0.0
2019-08-13 00:00:00,9.85361419316271,9.94266663017488,9.769015312194824,9.769015312194824,1397000,0.0,0.0
2019-08-14 00:00:00,9.711129406132859,9.751202911394403,9.604267008524356,9.65324592590332,1643600,0.0,0.0
2019-08-15 00:00:00,9.666605223862678,9.728942272502508,9.613174438476562,9.613174438476562,999000,0.0,0.0
2019-08-16 00:00:00,9.644344083840924,9.746753813299813,9.617628686866247,9.715585708618164,1396100,0.0,0.0
2019-08-19 00:00:00,9.813543213137578,9.844711316655212,9.613175620142606,9.817995071411133,970100,0.0,0.0
2019-08-20 00:00:00,9.817993043565032,9.880330086992094,9.786824946484977,9.875877380371094,1470800,0.0,0.0
2019-08-21 00:00:00,9.875876425889421,9.902591813766492,9.840255625631036,9.880329132080078,739800,0.0,0.0
2019-08-22 00:00:00,9.907044519957148,9.920402638529119,9.875876425889421,9.880329132080078,604700,0.0,0.0
2019-08-23 00:00:00,9.849163062310003,9.90259384904577,9.831352233886719,9.831352233886719,769900,0.0,0.0
2019-08-26 00:00:00,9.866972916614097,9.920404551940809,9.849162937683214,9.884783744812012,603000,0.0,0.0
2019-08-27 00:00:00,9.907046797943789,9.920404919587272,9.73339546291383,9.755658149719238,865600,0.0,0.0
2019-08-28 00:00:00,9.742299071530985,9.78682529003707,9.71113097335682,9.769015312194824,488200,0.0,0.0
2019-08-29 00:00:00,9.80908605780641,9.822443325104661,9.679960145478374,9.711128234863281,926500,0.0,0.0
2019-08-30 00:00:00,9.720037578312851,9.746752972984261,9.675511354349112,9.68886947631836,792300,0.0,0.0
2019-09-03 00:00:00,9.671055899519253,9.67550860557734,9.595361595065457,9.662151336669922,701800,0.0,0.0
2019-09-04 00:00:00,9.711129294193245,9.724487412215396,9.679961201408394,9.702224731445312,682900,0.0,0.0
2019-09-05 00:00:00,9.751204485085598,9.791277996814378,9.71113097335682,9.769015312194824,754800,0.0,0.0
2019-09-06 00:00:00,9.79127799541783,9.813541529301189,9.764562604024782,9.773468017578125,700800,0.0,0.0
2019-09-09 00:00:00,9.791275024287428,9.844706640126855,9.791275024287428,9.804633140563965,764100,0.0,0.0
2019-09-10 00:00:00,9.817993155044688,9.893687469927283,9.809088590968528,9.849162101745605,1208500,0.0,0.0
2019-09-11 00:00:00,9.8625171429871,9.951569557753315,9.8625171429871,9.94266414642334,762000,0.0,0.0
2019-09-12 00:00:00,9.951570623616249,9.978286011200757,9.889233586896582,9.902591705322266,672400,0.0,0.0
2019-09-13 00:00:00,9.911495523018791,9.933758200879726,9.800180435180664,9.800180435180664,634300,0.0,0.0
2019-09-16 00:00:00,9.773469090717956,9.795731777778805,9.702227473002749,9.737848281860352,671400,0.0,0.0
2019-09-17 00:00:00,9.715583678748375,9.800183408971174,9.688868287355326,9.773468017578125,589200,0.0,0.0
2019-09-18 00:00:00,9.769012346342546,9.83134852376574,9.755654230066122,9.813538551330566,833100,0.0,0.0
2019-09-19 00:00:00,9.826898460506724,9.933760871650126,9.826898460506724,9.862519264221191,611700,0.0,0.0
2019-09-20 00:00:00,9.84470928823513,9.907045482426547,9.813541191139421,9.85806655883789,3779600,0.0,0.0
2019-09-23 00:00:00,9.85806644373898,9.956024289772577,9.85806644373898,9.898139953613281,775100,0.0,0.0
2019-09-24 00:00:00,9.902590752638607,9.951569666220548,9.889232635498047,9.889232635498047,858100,0.0,0.0
2019-09-25 00:00:00,9.884784455901453,10.01390957255718,9.884784455901453,9.960478782653809,756600,0.0,0.0
2019-09-26 00:00:00,9.973833192054634,9.99609672251186,9.951570510864258,9.951570510864258,454600,0.0,0.0
2019-09-27 00:00:00,9.960475076319588,9.98273775561744,9.875875366307545,9.90704345703125,471700,0.0,0.0
2019-09-30 00:00:00,9.90704536675578,9.94711887663008,9.849161879863424,9.898139953613281,924800,0.0,0.0
2019-10-01 00:00:00,9.907043564462061,9.956022478568592,9.83134926505505,9.87142276763916,703800,0.0,0.0
2019-10-02 00:00:00,9.813542130554417,9.893688309643936,9.773468616376142,9.884783744812012,777500,0.0,0.0
2019-10-03 00:00:00,9.875876313963506,9.947117913672876,9.82244468954805,9.92485523223877,1176400,0.0,0.0
2019-10-04 00:00:00,9.924856681156879,10.05398178100586,9.915951267576402,10.05398178100586,1070200,0.0,0.0
2019-10-07 00:00:00,10.053981660356463,10.1252232696114,10.045076246882852,10.107413291931152,788600,0.0,0.0
2019-10-08 00:00:00,10.10741257194337,10.116317135515702,9.96047665716347,10.00054931640625,760100,0.0,0.0
2019-10-09 00:00:00,10.02726470537084,10.05843279840059,9.969380376086868,9.987191200256348,989500,0.0,0.0
2019-10-10 00:00:00,10.009932657412632,10.12817821647464,9.973549475196899,10.096343040466309,757800,0.47,0.0
2019-10-11 00:00:00,10.210041556620101,10.250972748905024,10.160014351062182,10.17365837097168,719100,0.0,0.0
2019-10-14 00:00:00,10.178203150128606,10.200943178038337,10.109984801286156,10.137272834777832,395100,0.0,0.0
2019-10-15 00:00:00,10.178203032801886,10.273709414035084,10.146367861538605,10.205491065979004,556000,0.0,0.0
2019-10-16 00:00:00,10.196395054919964,10.241874242771804,10.196395054919964,10.205491065979004,439700,0.0,0.0
2019-10-17 00:00:00,10.246422131756784,10.273709297180176,10.219134098890043,10.273709297180176,495200,0.0,0.0
2019-10-18 00:00:00,10.23277759552002,10.269160770050803,10.228229590273259,10.23277759552002,436700,0.0,0.0
2019-10-21 00:00:00,10.278257454716503,10.378310974378048,10.278257454716503,10.360119819641113,475700,0.0,0.0
2019-10-22 00:00:00,10.341926214461758,10.410144552309225,10.341926214461758,10.387405395507812,347500,0.0,0.0
2019-10-23 00:00:00,10.387407450975255,10.482912969371764,10.387407450975255,10.473817825317383,621100,0.0,0.0
2019-10-24 00:00:00,10.473819463458149,10.473819463458149,10.287355535807032,10.30099868774414,776400,0.0,0.0
2019-10-25 00:00:00,10.278258323669434,10.346476677726194,10.273710317739859,10.278258323669434,405400,0.0,0.0
2019-10-28 00:00:00,10.296449345818113,10.35102454881866,10.26916217803955,10.26916217803955,543300,0.0,0.0
2019-10-29 00:00:00,10.260065299178724,10.360119684983152,10.260065299178724,10.35102367401123,446800,0.0,0.0
2019-10-30 00:00:00,10.34647566852527,10.364667690469112,10.264613304664683,10.35102367401123,475100,0.0,0.0
2019-10-31 00:00:00,10.346475419200077,10.41014575958252,10.291900222127033,10.41014575958252,709600,0.0,0.0
2019-11-01 00:00:00,10.482913656570666,10.61935123565125,10.382860125866339,10.455626487731934,937300,0.0,0.0
2019-11-04 00:00:00,10.564775171855114,10.569323177532498,10.287353765081864,10.31009292602539,1174200,0.0,0.0
2019-11-05 00:00:00,10.319188213493875,10.369214537548988,10.232777846572025,10.25551700592041,1378500,0.0,0.0
2019-11-06 00:00:00,10.250971155535417,10.287354335528585,10.223683119957965,10.278258323669434,891200,0.0,0.0
2019-11-07 00:00:00,10.32373854014382,10.337381691843182,10.264615324634848,10.282807350158691,625700,0.0,0.0
2019-11-08 00:00:00,10.282806909911825,10.369216425119996,10.282806909911825,10.323738098144531,817800,0.0,0.0
2019-11-11 00:00:00,10.346476104001066,10.369215264944593,10.287353765081864,10.31009292602539,505400,0.0,0.0
2019-11-12 00:00:00,10.34647590160979,10.36466792396346,10.287353563847102,10.296448707580566,672300,0.0,0.0
2019-11-13 00:00:00,10.260064964757358,10.332831315274243,10.255516959419637,10.328283309936523,543900,0.0,0.0
2019-11-14 00:00:00,10.310092676017128,10.378311024636876,10.25551747665531,10.287353515625,629700,0.0,0.0
2019-11-15 00:00:00,10.319188870153711,10.35557204789236,10.273709681119554,10.30554485321045,481800,0.0,0.0
2019-11-18 00:00:00,10.287353698062816,10.36921519739224,10.260065664176294,10.30554485321045,823800,0.0,0.0
2019-11-19 00:00:00,10.314642707124785,10.341929878442535,10.278259522886604,10.30099868774414,601000,0.0,0.0
2019-11-20 00:00:00,10.273711516426388,10.319190713584998,10.21913630634735,10.30099868774414,769700,0.0,0.0
2019-11-21 00:00:00,10.314640497566899,10.35102367401123,10.241874144678231,10.35102367401123,470100,0.0,0.0
2019-11-22 00:00:00,10.355572115355832,10.360120121033214,10.29190090331586,10.31009292602539,375200,0.0,0.0
2019-11-25 00:00:00,10.30099661499851,10.387406985468196,10.296448609453437,10.360119819641113,580400,0.0,0.0
2019-11-26 00:00:00,10.355571314325088,10.401050500137593,10.346475303673923,10.396502494812012,492900,0.0,0.0
2019-11-27 00:00:00,10.410147294705073,10.460174493778965,10.396504144007434,10.455626487731934,303600,0.0,0.0
2019-11-29 00:00:00,10.455622318941716,10.50110149383545,10.432883165216404,10.50110149383545,356200,0.0,0.0
2019-12-02 00:00:00,10.492008510674816,10.49655651621989,10.337379791915742,10.360119819641113,692400,0.0,0.0
2019-12-03 00:00:00,10.35102244886779,10.35557045381545,10.269160094696403,10.332830429077148,607700,0.0,0.0
2019-12-04 00:00:00,10.341925825443981,10.373760990745753,10.323734674175768,10.355569839477539,497900,0.0,0.0
2019-12-05 00:00:00,10.3601205054402,10.387407673073588,10.232778944078701,10.341928482055664,802600,0.0,0.0
2019-12-06 00:00:00,10.373762535496393,10.451076891646327,10.341927365454067,10.401050567626953,689900,0.0,0.0
2019-12-09 00:00:00,10.360118098163708,10.423788430328312,10.360118098163708,10.37830924987793,1100500,0.0,0.0
2019-12-10 00:00:00,10.387405825413124,10.410144983155647,10.319187484742292,10.346474647521973,772100,0.0,0.0
2019-12-11 00:00:00,10.082696146385748,10.196393666815249,10.069052131654642,10.100887298583984,11399400,0.0,0.0
2019-12-12 00:00:00,10.10998572328537,10.19639610233596,10.059959392208457,10.064506530761719,1528800,0.0,0.0
2019-12-13 00:00:00,10.073599525448465,10.14181786007904,10.059956378988263,10.123626708984375,1336000,0.0,0.0
2019-12-16 00:00:00,10.137272834777832,10.191847166874444,10.137272834777832,10.137272834777832,1295100,0.0,0.0
2019-12-17 00:00:00,10.178202917033282,10.291900451647987,10.15091575160989,10.273709297180176,1258500,0.0,0.0
2019-12-18 00:00:00,10.31919129427844,10.31919129427844,10.13272735613441,10.191849708557129,1297200,0.0,0.0
2019-12-19 00:00:00,10.19184666579027,10.300996192060506,10.19184666579027,10.25551700592041,1133400,0.0,0.0
2019-12-20 00:00:00,10.305545357558776,10.328284519467006,10.24642301613132,10.26916217803955,3393600,0.0,0.0
2019-12-23 00:00:00,10.300996847562695,10.341928030949099,10.2691616754718,10.30554485321045,1522000,0.0,0.0
2019-12-24 00:00:00,10.346476633024798,10.437435016336453,10.328284609385094,10.428339004516602,668100,0.0,0.0
2019-12-26 00:00:00,10.428340206204822,10.537489758290375,10.414696186902805,10.528393745422363,969100,0.0,0.0
2019-12-27 00:00:00,10.528390387147056,10.587513584486882,10.514747239640368,10.564773559570312,2894100,0.0,0.0
2019-12-30 00:00:00,10.606550405687566,10.615834250758276,10.304832523739085,10.337325096130371,1755600,0.47,0.0
2019-12-31 00:00:00,10.300191724216637,10.374460722167345,10.286265955092269,10.346610069274902,1124200,0.0,0.0
2020-01-02 00:00:00,10.36053482243943,10.374460591388251,10.221280674376345,10.314116477966309,1112200,0.0,0.0
2020-01-03 00:00:00,10.281625867863836,10.411597080162444,10.281625867863836,10.402313232421875,980800,0.0,0.0
2020-01-06 00:00:00,10.360534687726672,10.42087880036399,10.34660980431519,10.416236877441406,953300,0.0,0.0
2020-01-07 00:00:00,10.439444124900994,10.439444124900994,10.34660833569544,10.388383865356445,1115800,0.0,0.0
2020-01-08 00:00:00,10.388385339905904,10.430161760852888,10.365176610649256,10.416236877441406,1125900,0.0,0.0
2020-01-09 00:00:00,10.448728130451913,10.541563921088144,10.430160441110973,10.509071350097656,941400,0.0,0.0
2020-01-10 00:00:00,10.5137167535782,10.550851259199348,10.48122417182925,10.546209335327148,553100,0.0,0.0
2020-01-13 00:00:00,10.56013096625783,10.58333969116211,10.518354553145246,10.58333969116211,553500,0.0,0.0
2020-01-14 00:00:00,10.569419073723694,10.66689682006836,10.546209454101302,10.66689682006836,744200,0.0,0.0
2020-01-15 00:00:00,10.671539987553883,10.699390648989748,10.620479703790995,10.652973175048828,600900,0.0,0.0
2020-01-16 00:00:00,10.704028867045881,10.731880404194353,10.662252446679432,10.717954635620117,491500,0.0,0.0
2020-01-17 00:00:00,10.713313337025902,10.75508975982666,10.690104606739396,10.75508975982666,679500,0.0,0.0
2020-01-21 00:00:00,10.76901552921235,10.782940413241729,10.68082076048227,10.75508975982666,1264100,0.0,0.0
2020-01-22 00:00:00,10.778295906085516,10.81078936019536,10.74580333733177,10.773653984069824,1066000,0.0,0.0
2020-01-23 00:00:00,10.78758161761827,10.806149308895401,10.736521351962416,10.796865463256836,935200,0.0,0.0
2020-01-24 00:00:00,10.820077004241716,10.838644700344773,10.713315407718582,10.764375686645508,698600,0.0,0.0
2020-01-27 00:00:00,10.676180615570914,10.801509904847949,10.639046109713622,10.778300285339355,719800,0.0,0.0
2020-01-28 00:00:00,10.79222177101562,10.875774597351427,10.782937926899173,10.861848831176758,982400,0.0,0.0
2020-01-29 00:00:00,10.885061264038086,10.898986148467467,10.82471714698965,10.885061264038086,620700,0.0,0.0
2020-01-30 00:00:00,10.908269994991278,10.908269994991278,10.852567801204748,10.885061264038086,518000,0.0,0.0
2020-01-31 00:00:00,10.871133889777804,10.931477112563826,10.769014249156763,10.79222297668457,946800,0.0,0.0
2020-02-03 00:00:00,10.796864790085372,10.889700584614069,10.792222867555509,10.815431594848633,1000600,0.0,0.0
2020-02-04 00:00:00,10.861848195908038,10.889698841272393,10.787579218032391,10.824713706970215,506800,0.0,0.0
2020-02-05 00:00:00,10.852566243580213,10.945402924781181,10.852566243580213,10.936119079589844,475000,0.0,0.0
2020-02-06 00:00:00,10.945404947592818,11.005748181776088,10.912912368774414,10.912912368774414,689000,0.0,0.0
2020-02-07 00:00:00,10.968614130019521,11.042884022970277,10.917554740646162,10.940763473510742,844300,0.0,0.0
2020-02-10 00:00:00,10.959328452042254,10.991821024142611,10.83864112327222,10.894342422485352,826500,0.0,0.0
2020-02-11 00:00:00,10.894343361643383,10.908269130325245,10.750447293355867,10.80614948272705,761900,0.0,0.0
2020-02-12 00:00:00,10.838640281071404,10.959327600463604,10.782938100830341,10.871132850646973,907800,0.0,0.0
2020-02-13 00:00:00,10.866493398191693,10.987180745013061,10.866493398191693,10.875777244567871,625800,0.0,0.0
2020-02-14 00:00:00,10.85720883588831,10.936119754169784,10.852566913006308,10.917552947998047,470200,0.0,0.0
2020-02-18 00:00:00,10.917552034954312,10.95004460705467,10.871133695372578,10.894342422485352,489300,0.0,0.0
2020-02-19 00:00:00,10.912909547179806,10.940760195343728,10.88041697676254,10.889699935913086,430700,0.0,0.0
2020-02-20 00:00:00,10.885060978667616,10.92219547843298,10.85720943982636,10.898985862731934,558700,0.0,0.0
2020-02-21 00:00:00,10.894341898921676,10.908267665733803,10.77365457595167,10.833998680114746,680900,0.0,0.0
2020-02-24 00:00:00,10.70402980384443,10.74580622786708,10.625118879063457,10.662253379821777,834700,0.0,0.0
2020-02-25 00:00:00,10.680822184130633,10.68546410787792,10.267700709542899,10.383746147155762,1459400,0.0,0.0
2020-02-26 00:00:00,10.369817668521657,10.522997570763575,10.318757405988952,10.337325096130371,1503000,0.0,0.0
2020-02-27 00:00:00,10.216640915961593,10.249133498369998,9.808160460482164,9.95669937133789,2475100,0.0,0.0
2020-02-28 00:00:00,9.752458562440372,9.752458562440372,9.292918741427757,9.608562469482422,3551800,0.0,0.0
2020-03-02 00:00:00,9.692111537547364,10.355891375361379,9.664260889104833,10.309473037719727,2403300,0.0,0.0
2020-03-03 00:00:00,10.314115431370604,10.34196696644209,9.873143417013036,10.026323318481445,1855200,0.0,0.0
2020-03-04 00:00:00,10.16557992201789,10.3187598606995,10.119161570978166,10.286267280578613,1179400,0.0,0.0
2020-03-05 00:00:00,10.119161083320403,10.160937508707246,9.914921765158468,10.0031156539917,963900,0.0,0.0
2020-03-06 00:00:00,9.766384915497406,10.054177118563103,9.70604078929054,9.95669937133789,1401300,0.0,0.0
2020-03-09 00:00:00,9.381110431336369,9.645694707351032,9.195437954151156,9.223289489746094,1569700,0.0,0.0
2020-03-10 00:00:00,9.45538202560866,9.525009106534823,8.851945258417057,9.181514739990234,1779000,0.0,0.0
2020-03-11 00:00:00,9.000482047825344,9.097960656201272,8.689480302155118,8.773033142089844,1612500,0.0,0.0
2020-03-12 00:00:00,8.09996923746131,8.183521181383783,6.64243886069771,7.060202121734619,2575300,0.0,0.0
2020-03-13 00:00:00,7.538310852619543,7.6404305099349585,6.498543930053711,6.962725639343262,2422900,0.0,0.0
2020-03-16 00:00:00,6.4196320588641695,6.586737290240487,5.050296306610107,5.050296306610107,3075100,0.0,0.0
2020-03-17 00:00:00,5.105997997722363,5.208118081626679,3.5324223131264962,4.038380146026611,7088300,0.0,0.0
2020-03-18 00:00:00,3.6856032243247974,3.7645139381001815,1.6246361702990382,2.636552333831787,6029200,0.0,0.0
2020-03-19 00:00:00,2.75723855622246,3.806288790795465,2.218788005096795,3.2678382396698,6067600,0.0,0.0
2020-03-20 00:00:00,3.7830808666500917,4.1451429294400635,3.3746011184905265,3.416377544403076,5227000,0.0,0.0
2020-03-23 00:00:00,3.425660777510328,3.425660777510328,2.8082991918626132,2.9289863109588623,3069200,0.0,0.0
2020-03-24 00:00:00,3.0125390746426737,3.058957420910939,2.566924853983407,2.6551191806793213,4542000,0.0,0.0
2020-03-25 00:00:00,2.9197027613349342,4.957460504164035,2.9197027613349342,4.794996738433838,6360800,0.0,0.0
2020-03-26 00:00:00,5.226686474014307,6.837396785496236,5.212760703151619,5.964735507965088,7874400,0.0,0.0
2020-03-27 00:00:00,5.806913489500408,5.918316997324935,5.166342655492091,5.189551830291748,3148900,0.0,0.0
2020-03-30 00:00:00,4.989952877099278,5.2591782062168955,4.456144141736654,4.586114883422852,2524400,0.0,0.0
2020-03-31 00:00:00,4.5536232735893645,5.041013768860801,4.312248545203542,4.929610252380371,3939300,0.0,0.0
2020-04-01 00:00:00,4.576831672853332,4.6603845254433285,4.029097535536101,4.084799289703369,2346500,0.0,0.0
2020-04-02 00:00:00,4.061589278280735,4.289038171621712,3.5509895275646812,3.7134530544281006,2403700,0.0,0.0
2020-04-03 00:00:00,3.6066920311130195,3.6995282885224663,2.785090378352574,3.249272108078003,4503500,0.0,0.0
2020-04-06 00:00:00,3.6531105883472983,4.112650448439208,3.4952889322379077,3.643826961517334,3368000,0.0,0.0
2020-04-07 00:00:00,4.010530452148828,4.465428351576364,3.926977596058787,3.9966046810150146,3451400,0.0,0.0
2020-04-08 00:00:00,4.293680219643003,4.720727368794718,4.210127381819981,4.576830863952637,2804400,0.0,0.0
2020-04-09 00:00:00,4.985311124522256,5.570180146106158,4.59075696311329,4.906400203704834,3667600,0.0,0.0
2020-04-13 00:00:00,4.989952317192091,5.059579381756097,4.409725303565104,4.864623069763184,1782500,0.0,0.0
2020-04-14 00:00:00,4.997772173859728,5.27357687570675,4.73147774440586,4.855114459991455,1493400,0.25,0.0
2020-04-15 00:00:00,4.584064282858651,4.774274230904119,4.36056725378301,4.7172112464904785,1391400,0.0,0.0
2020-04-16 00:00:00,4.731476774393828,4.7647638546865245,4.341546162791398,4.450916767120361,1365500,0.0,0.0
2020-04-17 00:00:00,4.707700283834691,4.9692392892691215,4.474692995909727,4.935952663421631,2325400,0.0,0.0
2020-04-20 00:00:00,4.6839253357110175,4.888400947775562,4.531756900492886,4.726722240447998,1451000,0.0,0.0
2020-04-21 00:00:00,4.531756367195178,5.054834423052415,4.4842041052512585,5.021547794342041,1848600,0.0,0.0
2020-04-22 00:00:00,5.140428687333393,5.183225583353196,4.807560614873427,4.935952663421631,1452100,0.0,0.0
2020-04-23 00:00:00,4.921686909152376,5.140428559636842,4.8456024821826125,4.878889560699463,1022400,0.0,0.0
2020-04-24 00:00:00,4.760009038021963,4.935953369596175,4.5650437098855745,4.8741350173950195,1540300,0.0,0.0
2020-04-27 00:00:00,4.826581772125758,5.059589521435827,4.721966529207086,4.907421112060547,1326700,0.0,0.0
2020-04-28 00:00:00,4.859869638522964,5.164205599497446,4.6649043001495984,5.0595903396606445,1999700,0.0,0.0
2020-04-29 00:00:00,5.183225999707917,5.44476502615108,5.111897380449009,5.302107334136963,1382300,0.0,0.0
2020-04-30 00:00:00,5.2830861781989364,5.3972126004393575,4.840847935941347,4.945463180541992,1868600,0.0,0.0
2020-05-01 00:00:00,4.6506381771288146,4.8265825166274405,4.522246557925536,4.688680171966553,1348300,0.0,0.0
2020-05-04 00:00:00,4.4984697721028795,4.636372103714537,4.32252544925327,4.531756401062012,1607600,0.0,0.0
2020-05-05 00:00:00,4.726720443950063,4.978749134757945,4.698189184969365,4.764762878417969,2253200,0.0,0.0
2020-05-06 00:00:00,4.812315518757834,4.907420478911898,4.603084606418894,4.622105598449707,1367200,0.0,0.0
2020-05-07 00:00:00,4.7124562464377995,4.973995285214609,4.69819061261254,4.836092948913574,1532900,0.0,0.0
2020-05-08 00:00:00,4.950219201577107,5.0453241881907385,4.593575161653726,4.793295860290527,2727600,0.0,0.0
2020-05-11 00:00:00,4.774275711938631,4.779031075489007,4.450918246455892,4.664905071258545,1738500,0.0,0.0
2020-05-12 00:00:00,4.683925181945727,4.683925181945727,4.3367914181682945,4.351057052612305,1880700,0.0,0.0
2020-05-13 00:00:00,4.313014467156367,4.313014467156367,3.8042025246087556,3.951615571975708,2119800,0.0,0.0
2020-05-14 00:00:00,3.946861427677045,4.44616325377713,3.7614063341266077,4.431897163391113,1856900,0.0,0.0
2020-05-15 00:00:00,4.365322322240027,4.427140664570881,4.194132927017276,4.251195907592773,2928500,0.0,0.0
2020-05-18 00:00:00,4.50797975026977,4.569798095389031,4.346301524761252,4.450916767120361,1301300,0.0,0.0
2020-05-19 00:00:00,4.412875577917937,4.588819921215169,4.2749732302797625,4.4271416664123535,805800,0.0,0.0
2020-05-20 00:00:00,4.536512151520398,5.1594506049639195,4.536512151520398,5.145184516906738,2026900,0.0,0.0
2020-05-21 00:00:00,5.116652147187255,5.216512474625721,5.002526188256507,5.121407508850098,1094900,0.0,0.0
2020-05-22 00:00:00,5.092876420643103,5.2117577559022825,4.850358387875264,5.1974921226501465,903200,0.0,0.0
2020-05-26 00:00:00,5.349660117415784,5.649241138410624,5.330639121804825,5.497073173522949,1365900,0.0,0.0
2020-05-27 00:00:00,5.6064417254850465,5.730078378288706,5.349658152313828,5.6492390632629395,1698300,0.0,0.0
2020-05-28 00:00:00,5.558891298754257,5.777632984063881,5.411478690054311,5.611199378967285,2506600,0.0,0.0
2020-05-29 00:00:00,5.454275372625879,5.506582992891298,5.14042874404082,5.235533714294434,3232200,0.0,0.0
2020-06-01 00:00:00,5.207000921079226,5.6016868062402745,5.050077639195734,5.440008163452148,1388800,0.0,0.0
2020-06-02 00:00:00,5.554136102666452,5.6539964419608415,5.501828025157393,5.530359745025635,1071900,0.0,0.0
2020-06-03 00:00:00,5.7063040132966005,6.0724587384946895,5.6777722936917465,6.020150661468506,1402100,0.0,0.0
2020-06-04 00:00:00,6.015394731736702,6.752459021278606,5.906024132812446,6.681130409240723,2779400,0.0,0.0
2020-06-05 00:00:00,7.132880757243585,7.627427591768965,6.77148135670412,6.923649787902832,2656700,0.0,0.0
2020-06-08 00:00:00,7.175676500874167,7.684488402030837,7.023508557387218,7.617915153503418,2769200,0.0,0.0
2020-06-09 00:00:00,7.175677978438798,7.4800139280793925,6.994978281591526,7.342111587524414,3085900,0.0,0.0
2020-06-10 00:00:00,7.346866576091439,8.083930960222778,7.123369534329842,7.556097984313965,2756100,0.0,0.0
2020-06-11 00:00:00,6.8618303578389455,7.460991902857963,6.5717596289485725,7.1471452713012695,2580300,0.0,0.0
2020-06-12 00:00:00,7.651202872305311,7.869944095611572,7.223229789780471,7.869944095611572,2380300,0.0,0.0
2020-06-15 00:00:00,7.570363300428196,8.174280688047912,7.285047920632121,8.036377906799316,2930100,0.0,0.0
2020-06-16 00:00:00,8.507147407127956,8.53092421654809,7.907985414628672,8.160014152526855,2017600,0.0,0.0
2020-06-17 00:00:00,8.198055342353399,8.198055342353399,7.955537351837497,8.02686595916748,944300,0.0,0.0
2020-06-18 00:00:00,7.655957094552713,8.04588767420326,7.579872669758438,7.827145576477051,1302800,0.0,0.0
2020-06-19 00:00:00,7.922250201629108,8.036376147160084,7.5228089387744985,7.936516284942627,2827200,0.0,0.0
2020-06-22 00:00:00,8.007846885443927,8.060154963651712,7.722531496935504,7.922252178192139,2196800,0.0,0.0
2020-06-23 00:00:00,8.083931345035877,8.359736025233866,7.965050001726526,8.326449394226074,1804100,0.0,0.0
2020-06-24 00:00:00,8.136238618216321,8.198056511520488,7.575118588409323,7.998335838317871,1814600,0.0,0.0
2020-06-25 00:00:00,7.82714586479777,8.52141326220697,7.722530627157487,8.502391815185547,1944300,0.0,0.0
2020-06-26 00:00:00,8.369245864276262,8.459595929583433,8.03162241338767,8.312182426452637,1952600,0.0,0.0
2020-06-29 00:00:00,8.369243669648718,8.473858886734606,8.069662286869507,8.302669525146484,1473500,0.0,0.0
2020-06-30 00:00:00,8.1980585280388,8.416800703443263,8.131485256260087,8.33596134185791,2050200,0.0,0.0
2020-07-01 00:00:00,8.32169376268635,8.587987709134373,8.1505043436163,8.316938400268555,1454300,0.0,0.0
2020-07-02 00:00:00,8.535679408642489,8.607008021498961,8.055398751819881,8.083930015563965,706600,0.0,0.0
2020-07-06 00:00:00,8.359733919481533,8.60700726895698,8.288405312861581,8.51190185546875,1209700,0.0,0.0
2020-07-07 00:00:00,8.39777521193779,8.51190115453015,8.193299224671005,8.207565307617188,1167100,0.0,0.0
2020-07-08 00:00:00,8.202812426137655,8.473861735099902,8.112462354152692,8.369246482849121,1012600,0.0,0.0
2020-07-09 00:00:00,8.307427636174108,8.364491077925337,8.102952495131074,8.121973037719727,865500,0.0,0.0
2020-07-10 00:00:00,8.083929506043274,8.421552008880465,7.950782105308805,8.378755569458008,1232800,0.0,0.0
2020-07-13 00:00:00,8.426307691322936,8.540433650445555,8.264629022484435,8.269384384155273,1579100,0.0,0.0
2020-07-14 00:00:00,8.31319003909875,8.639292965639845,8.264517780383668,8.624691009521484,1067700,0.4,0.0
2020-07-15 00:00:00,8.707431704626792,8.89238606243483,8.610088136405754,8.785306930541992,1051300,0.0,0.0
2020-07-16 00:00:00,8.673361304545132,8.955659227163634,8.634423692057956,8.902120590209961,740100,0.0,0.0
2020-07-17 00:00:00,8.892390145239684,9.082210979518074,8.770709932836338,8.950796127319336,734300,0.0,0.0
2020-07-20 00:00:00,8.911856438588854,9.121146504129483,8.87778613551873,9.067606925964355,724700,0.0,0.0
2020-07-21 00:00:00,9.121147994376285,9.18442222042689,8.979999440260665,9.038405418395996,838400,0.0,0.0
2020-07-22 00:00:00,8.9897330891968,9.364508338313883,8.975132058936575,9.237960815429688,583300,0.0,0.0
2020-07-23 00:00:00,9.121146188834835,9.320701609929841,9.116278870229333,9.140615463256836,761800,0.0,0.0
2020-07-24 00:00:00,9.101678599141547,9.184421165619058,8.921591509156547,8.936193466186523,621400,0.0,0.0
2020-07-27 00:00:00,8.926457998610129,9.22335793220481,8.926457998610129,9.199021339416504,2144200,0.0,0.0
2020-07-28 00:00:00,9.228224413117537,9.28176398943194,9.140615463256836,9.140615463256836,1372300,0.0,0.0
2020-07-29 00:00:00,9.237959143137592,9.29636603864428,9.184420494631416,9.242826461791992,1122300,0.0,0.0
2020-07-30 00:00:00,9.101678504188888,9.247694359580642,9.101678504188888,9.174686431884766,636400,0.0,0.0
2020-07-31 00:00:00,9.101678504188888,9.262296316458285,9.009201300656155,9.174686431884766,937300,0.0,0.0
2020-08-03 00:00:00,9.111411809001757,9.34503846693472,9.023802856666288,9.306100845336914,909400,0.0,0.0
2020-08-04 00:00:00,9.306098228979186,9.354769546033179,9.164948810154184,9.291496276855469,1318600,0.0,0.0
2020-08-05 00:00:00,9.369373884401746,9.486186746104444,9.237959066856423,9.481319427490234,1683500,0.0,0.0
2020-08-06 00:00:00,9.447249088814925,9.705211404288649,9.442381770219637,9.70034408569336,1122800,0.0,0.0
2020-08-07 00:00:00,9.603000983976104,9.603000983976104,8.673364347399998,8.70743465423584,2605600,0.0,0.0
2020-08-10 00:00:00,8.712300872713378,9.150349343610877,8.712300872713378,9.00433349609375,2462900,0.0,0.0
2020-08-11 00:00:00,9.233090938734763,9.471583959844589,8.921590001504953,8.98486328125,1415300,0.0,0.0
2020-08-12 00:00:00,9.116279313043117,9.130881269568894,8.790176377403295,8.809645652770996,980200,0.0,0.0
2020-08-13 00:00:00,8.751239894198074,8.91185772350529,8.605224023317428,8.673364639282227,1086100,0.0,0.0
2020-08-14 00:00:00,8.600357295646472,8.872920706607465,8.527349355182354,8.746373176574707,602800,0.0,0.0
2020-08-17 00:00:00,8.692831275143465,8.838847101645039,8.65389365951998,8.697698593139648,734300,0.0,0.0
2020-08-18 00:00:00,8.68309789193225,8.82911373950072,8.61495728684645,8.644160270690918,582300,0.0,0.0
2020-08-19 00:00:00,8.629559930613114,8.707435187679117,8.483544055700934,8.517614364624023,641400,0.0,0.0
2020-08-20 00:00:00,8.483542207160177,8.59548774875664,8.371596665563715,8.47867488861084,702100,0.0,0.0
2020-08-21 00:00:00,8.430002931210197,8.493277146255327,8.308322748188465,8.425135612487793,749200,0.0,0.0
2020-08-24 00:00:00,8.532215010653495,8.687965500821115,8.366729882763863,8.610090255737305,847100,0.0,0.0
2020-08-25 00:00:00,8.64902853647932,8.687966161984418,8.391066187291653,8.483543395996094,887300,0.0,0.0
2020-08-26 00:00:00,8.507877884663637,8.571152097556366,8.430002644446505,8.459205627441406,814100,0.0,0.0
2020-08-27 00:00:00,8.488410778317181,8.66362963021932,8.449473152522682,8.605223655700684,578400,0.0,0.0
2020-08-28 00:00:00,8.687966538931502,8.731771485568592,8.517614071825735,8.551684379577637,950000,0.0,0.0
2020-08-31 00:00:00,8.556550300179772,8.556550300179772,8.337525602800877,8.342392921447754,807800,0.0,0.0
2020-09-01 00:00:00,8.274254181488741,8.551684908450305,8.20124624202722,8.522481918334961,701000,0.0,0.0
2020-09-02 00:00:00,8.464074352877695,8.532215895653591,8.34726147313562,8.488410949707031,528200,0.0,0.0
2020-09-03 00:00:00,8.507878759981343,8.571152979383927,8.20124508612219,8.356995582580566,721600,0.0,0.0
2020-09-04 00:00:00,8.449471674977824,8.51274495769956,8.133102476330949,8.293721199035645,466800,0.0,0.0
2020-09-08 00:00:00,8.24991704467878,8.410534854282533,8.128236857756358,8.230447769165039,552300,0.0,0.0
2020-09-09 00:00:00,8.27425301529378,8.400800525752757,8.24991734835198,8.356995582580566,382700,0.0,0.0
2020-09-10 00:00:00,8.400799776070407,8.464073061480333,8.201244354248047,8.201244354248047,545300,0.0,0.0
2020-09-11 00:00:00,8.230446865231059,8.269384483635944,8.050360728238227,8.191509246826172,604600,0.0,0.0
2020-09-14 00:00:00,8.240180832388196,8.566283708162402,8.22557887854303,8.556549072265625,868500,0.0,0.0
2020-09-15 00:00:00,8.600356107166402,8.668496718403741,8.381331387694663,8.420269012451172,610400,0.0,0.0
2020-09-16 00:00:00,8.464073596277139,8.649028002262101,8.439737929969406,8.51274585723877,933000,0.0,0.0
2020-09-17 00:00:00,8.430001777599417,8.571151216195048,8.33265820151077,8.400798797607422,860700,0.0,0.0
2020-09-18 00:00:00,8.48840972217703,8.576019601400665,8.337525628693607,8.503010749816895,2670700,0.0,0.0
2020-09-21 00:00:00,8.361862463712557,8.405667404590606,8.094165499641576,8.147705078125,926300,0.0,0.0
2020-09-22 00:00:00,8.19150885629724,8.395931575263585,8.162305875972336,8.32292366027832,644500,0.0,0.0
2020-09-23 00:00:00,8.327790347175146,8.347258689800787,7.806999417182632,7.81186580657959,1030600,0.0,0.0
2020-09-24 00:00:00,7.8264688541310425,7.987086648720919,7.6317807589230195,7.7145233154296875,916900,0.0,0.0
2020-09-25 00:00:00,7.704789491882451,7.987087491819322,7.704789491882451,7.98222017288208,1303400,0.0,0.0
2020-09-28 00:00:00,8.0990327518723,8.342393119929485,8.0990327518723,8.206111907958984,1492200,0.0,0.0
2020-09-29 00:00:00,8.196377490031084,8.220713156150353,7.826469609272054,7.86053991317749,566200,0.0,0.0
2020-09-30 00:00:00,7.880008762890155,8.094165212535279,7.797266202871688,7.821601867675781,843200,0.0,0.0
2020-10-01 00:00:00,7.836204883065704,7.938415803077727,7.772931124839368,7.92381477355957,654600,0.0,0.0
2020-10-02 00:00:00,7.787530469495681,8.181773939577027,7.748592854282041,8.157438278198242,842400,0.0,0.0
2020-10-05 00:00:00,8.230446472845783,8.342392004379588,8.196376174409059,8.32292366027832,491400,0.0,0.0
2020-10-06 00:00:00,8.41053569383851,8.541949603289641,8.31805848260929,8.32779312133789,775800,0.0,0.0
2020-10-07 00:00:00,8.342393119929485,8.464073303958076,8.128236664448377,8.206111907958984,968200,0.0,0.0
2020-10-08 00:00:00,8.298586420315901,8.493275416169288,8.235313146505705,8.468938827514648,575600,0.0,0.0
2020-10-09 00:00:00,8.468940066992296,8.55168262383605,8.356994527834885,8.434869766235352,758100,0.0,0.0
2020-10-12 00:00:00,8.459206693820818,8.498144318837916,8.35212845711035,8.381331443786621,680800,0.0,0.0
2020-10-13 00:00:00,8.30832283936444,8.405667358188538,8.264517898728208,8.366729736328125,677200,0.0,0.0
2020-10-14 00:00:00,8.341813150113168,8.456425649048635,8.257099357321142,8.311914443969727,543500,0.4,0.0
2020-10-15 00:00:00,8.222217729585637,8.336830233462736,8.172385916889533,8.29198169708252,366000,0.0,0.0
2020-10-16 00:00:00,8.247134540737125,8.326865074207497,8.122555463381804,8.242152214050293,857700,0.0,0.0
2020-10-19 00:00:00,8.30194964860051,8.331848361071025,8.082690206069898,8.097640037536621,584400,0.0,0.0
2020-10-20 00:00:00,8.19231651717265,8.296962436420188,8.08766964746263,8.11258602142334,548400,0.0,0.0
2020-10-21 00:00:00,8.112590303182357,8.192320841012794,8.007943378240544,8.047808647155762,826600,0.0,0.0
2020-10-22 00:00:00,8.067741325066107,8.252117827507698,8.057774770754959,8.097640037536621,580300,0.0,0.0
2020-10-23 00:00:00,8.1524532980721,8.356762863080855,8.127536917910836,8.212250709533691,480900,0.0,0.0
2020-10-26 00:00:00,8.162420447018269,8.177370277949056,7.913262776180672,7.943161487579346,990700,0.0,0.0
2020-10-27 00:00:00,7.963094728373925,8.092657088279676,7.818583011627197,7.818583011627197,768600,0.0,0.0
2020-10-28 00:00:00,7.698985832833996,7.7438343705868276,7.479726895769643,7.579390048980713,709600,0.0,0.0
2020-10-29 00:00:00,7.574407412277744,7.679053850796084,7.370097812130377,7.649155139923096,694100,0.0,0.0
2020-10-30 00:00:00,7.684037724907943,7.723902992657982,7.385047741551172,7.4597954750061035,729700,0.0,0.0
2020-11-02 00:00:00,7.56444037385718,7.843497191008145,7.549490545086272,7.808615207672119,787900,0.0,0.0
2020-11-03 00:00:00,7.87339698900613,7.94814423778027,7.7388513709349755,7.893329620361328,519600,0.0,0.0
2020-11-04 00:00:00,7.868414139334369,7.943161392164625,7.6043066407384945,7.843498229980469,561000,0.0,0.0
2020-11-05 00:00:00,7.848482338627014,8.107607062997563,7.848482338627014,8.032859802246094,626900,0.0,0.0
2020-11-06 00:00:00,8.20228439645211,8.247132931586378,7.77871590122805,7.868412971496582,734300,0.0,0.0
2020-11-09 00:00:00,8.29696377534641,8.536155301193977,8.09265422821045,8.09265422821045,1416700,0.0,0.0
2020-11-10 00:00:00,8.182352772143577,8.491309261915882,8.072723540527758,8.446460723876953,1140200,0.0,0.0
2020-11-11 00:00:00,8.431512204011007,8.431512204011007,8.05777496261063,8.15245532989502,773100,0.0,0.0
2020-11-12 00:00:00,8.072722192605653,8.122553048361587,7.828546912412187,7.8733954429626465,861000,0.0,0.0
2020-11-13 00:00:00,8.002959086999468,8.27703360772681,7.988010207089356,8.22221851348877,876300,0.0,0.0
2020-11-16 00:00:00,8.421545417318265,8.615889423804077,8.396629982096897,8.53117561340332,1194500,0.0,0.0
2020-11-17 00:00:00,8.461409602914724,8.590971940531315,8.411577788375602,8.446460723876953,1167000,0.0,0.0
2020-11-18 00:00:00,8.521207735052334,8.755416021314453,8.396628677377484,8.406595230102539,1025600,0.0,0.0
2020-11-19 00:00:00,8.381679371306815,8.501275160081917,8.306932122130231,8.456426620483398,697000,0.0,0.0
2020-11-20 00:00:00,8.431510894376375,8.561073231992966,8.346797094798712,8.446460723876953,780300,0.0,0.0
2020-11-23 00:00:00,8.551105234117786,8.740465907277732,8.541138682801442,8.685650825500488,726600,0.0,0.0
2020-11-24 00:00:00,8.800264295195038,8.979658437035278,8.770365588375915,8.83016300201416,1119100,0.0,0.0
2020-11-25 00:00:00,8.805247920411764,8.830163352004783,8.57103963186389,8.665719032287598,825500,0.0,0.0
2020-11-27 00:00:00,8.685652213596322,8.800264720663112,8.645786952422533,8.780332565307617,279600,0.0,0.0
2020-11-30 00:00:00,8.770365926973263,8.780332479785333,8.476359272256715,8.521207809448242,1020300,0.0,0.0
2020-12-01 00:00:00,8.620869967550249,8.755415571030584,8.541139450775841,8.615887641906738,493200,0.0,0.0
2020-12-02 00:00:00,8.620869813698429,8.745448862742988,8.551105850381543,8.690634727478027,695500,0.0,0.0
2020-12-03 00:00:00,8.735483313531136,8.944776155198996,8.70558365724807,8.820197105407715,536400,0.0,0.0
2020-12-04 00:00:00,8.88497821286415,9.10423761698522,8.850096229348635,9.07433795928955,538100,0.0,0.0
2020-12-07 00:00:00,9.049421212095881,9.049421212095881,8.695617201656358,8.775347709655762,827500,0.0,0.0
2020-12-08 00:00:00,8.720537074101616,8.94477983619233,8.68067179978139,8.89494800567627,1073600,0.0,0.0
2020-12-09 00:00:00,8.944776374135673,8.964708528349531,8.685651716116297,8.715550422668457,560800,0.0,0.0
2020-12-10 00:00:00,8.68565145146072,8.720533433119162,8.610904212126528,8.690634727478027,1446700,0.0,0.0
2020-12-11 00:00:00,8.62585360243785,8.725517227782605,8.571039463914728,8.595954895019531,476100,0.0,0.0
2020-12-14 00:00:00,8.715549738967725,8.840128782035524,8.685651034761001,8.740466117858887,846700,0.0,0.0
2020-12-15 00:00:00,8.815213441045973,8.870027574224896,8.725516377073417,8.85507869720459,679300,0.0,0.0
2020-12-16 00:00:00,8.850095211478266,8.934808997613993,8.780331252470956,8.800263404846191,975100,0.0,0.0
2020-12-17 00:00:00,8.805246563892526,8.860061645507812,8.705582951948848,8.860061645507812,866300,0.0,0.0
2020-12-18 00:00:00,8.914875985239185,9.124168814847554,8.735482810191058,8.755414962768555,4325700,0.0,0.0
2020-12-21 00:00:00,8.865046120671474,9.089287852192697,8.815214307956944,9.044439315795898,1361200,0.0,0.0
2020-12-22 00:00:00,9.094271990559953,9.119187424047576,8.845113853832283,8.944777488708496,822300,0.0,0.0
2020-12-23 00:00:00,8.954742537371361,9.1142045333924,8.919860552463346,9.05440616607666,944900,0.0,0.0
2020-12-24 00:00:00,9.114205029897986,9.144103739953216,8.929827591887875,8.974676132202148,378700,0.0,0.0
2020-12-28 00:00:00,9.039457092113917,9.144104006046735,8.999591827392578,8.999591827392578,1358100,0.0,0.0
2020-12-29 00:00:00,9.004572776640535,9.034471479837109,8.850095034585152,8.889960289001465,1028700,0.0,0.0
2020-12-30 00:00:00,8.88996098714212,9.058854844699134,8.82854459522119,8.941140174865723,709700,0.47,0.0
2020-12-31 00:00:00,8.925787041080527,9.06397221817951,8.869488761704359,9.002556800842285,688100,0.0,0.0
2021-01-04 00:00:00,9.03326711040351,9.058857688479206,8.628945738614927,8.731305122375488,1461900,0.0,0.0
2021-01-05 00:00:00,8.731304524795632,8.84901922352583,8.628945148040657,8.700596809387207,797700,0.0,0.0
2021-01-06 00:00:00,8.802957685843209,8.96673347933561,8.787603339135522,8.843901634216309,1255400,0.0,0.0
2021-01-07 00:00:00,8.849017582576815,8.956495054666172,8.808072668050784,8.895078659057617,554600,0.0,0.0
2021-01-08 00:00:00,8.879727007255696,8.951378669153542,8.736422707279328,8.91043472290039,719100,0.0,0.0
2021-01-11 00:00:00,8.828544848989496,8.91043272311757,8.782482797769896,8.889961242675781,568000,0.0,0.0
2021-01-12 00:00:00,8.905316131014862,8.992322134169138,8.838782587981889,8.976968765258789,585600,0.0,0.0
2021-01-13 00:00:00,8.956497248197154,8.97696971047407,8.83878351864708,8.843901634216309,496100,0.0,0.0
2021-01-14 00:00:00,8.900196773373372,8.987202764380205,8.859252835027831,8.895078659057617,509100,0.0,0.0
2021-01-15 00:00:00,8.828547668598494,8.900199337299126,8.813193321228027,8.813193321228027,775700,0.0,0.0
2021-01-19 00:00:00,8.84389879427531,8.87972461557484,8.746656582047711,8.78760051727295,924600,0.0,0.0
2021-01-20 00:00:00,8.787602697654908,8.951378479191947,8.777366467263679,8.925788879394531,533800,0.0,0.0
2021-01-21 00:00:00,8.915551661341212,9.120271365583724,8.879725835121342,9.038383483886719,790600,0.0,0.0
2021-01-22 00:00:00,8.946259062450272,9.202158927917479,8.920669466375758,9.20215892791748,767800,0.0,0.0
2021-01-25 00:00:00,9.125390614563003,9.253340567642226,9.038384607421904,9.212396621704102,543200,0.0,0.0
2021-01-26 00:00:00,9.289166902355989,9.350583312686034,9.069092814929352,9.08956527709961,1113300,0.0,0.0
2021-01-27 00:00:00,8.966731026614267,8.997438735449254,8.721067403573443,8.833662986755371,1142600,0.0,0.0
2021-01-28 00:00:00,8.869489107073198,8.987202808370242,8.787601229981297,8.97184944152832,661200,0.0,0.0
2021-01-29 00:00:00,9.002556588688016,9.017910930750709,8.70059469471807,8.828544616699219,927800,0.0,0.0
2021-02-01 00:00:00,8.874607687692178,8.94114122525738,8.741539636381228,8.905315399169922,713600,0.0,0.0
2021-02-02 00:00:00,8.951378266276823,9.186806678771973,8.910434321866445,9.186806678771973,831000,0.0,0.0
2021-02-03 00:00:00,9.150980666082884,9.340347035500212,9.125391064677089,9.33522891998291,894300,0.0,0.0
2021-02-04 00:00:00,9.340348851224865,9.591130703239331,9.309641128332316,9.580894470214844,963900,0.0,0.0
2021-02-05 00:00:00,9.601362602231196,9.632070311262359,9.202158480104211,9.51435661315918,1549800,0.0,0.0
2021-02-08 00:00:00,9.529712521738853,9.570656465902022,9.39152634412042,9.488768577575684,731800,0.0,0.0
2021-02-09 00:00:00,9.458060402729416,9.47853286401695,9.309638963117521,9.365936279296875,800500,0.0,0.0
2021-02-10 00:00:00,9.411998963015169,9.550185157296161,9.411998963015169,9.47341537475586,520200,0.0,0.0
2021-02-11 00:00:00,9.46317827898267,9.586010115062725,9.324992097324863,9.49388599395752,469500,0.0,0.0
2021-02-12 00:00:00,9.468292141887131,9.66277555095795,9.42734821491537,9.560416221618652,1124500,0.0,0.0
2021-02-16 00:00:00,9.6730146352154,10.215522071952508,9.586008642666764,10.164342880249023,2285200,0.0,0.0
2021-02-17 00:00:00,10.07222053027766,10.154108422704251,9.744668960571289,9.744668960571289,895000,0.0,0.0
2021-02-18 00:00:00,9.667897813544366,9.749785702636128,9.483650551178224,9.50924015045166,777300,0.0,0.0
2021-02-19 00:00:00,9.56042031236401,9.760021919735044,9.56042031236401,9.698606491088867,496600,0.0,0.0
2021-02-22 00:00:00,9.678132702992324,9.862380916014782,9.647424992882081,9.785611152648926,608600,0.0,0.0
2021-02-23 00:00:00,9.775373920457012,9.800963513558727,9.539945563963537,9.708839416503906,488300,0.0,0.0
2021-02-24 00:00:00,9.806082852957546,10.046628377189887,9.806082852957546,9.959622383117676,673100,0.0,0.0
2021-02-25 00:00:00,9.96474132110547,10.102927495377681,9.550183774469438,9.616718292236328,694000,0.0,0.0
2021-02-26 00:00:00,9.724193758073177,9.893087610613549,9.62183343330551,9.708839416503906,621100,0.0,0.0
2021-03-01 00:00:00,9.959624497521535,10.026159023915094,9.831674536497792,9.887972831726074,458100,0.0,0.0
2021-03-02 00:00:00,9.729312830985167,9.775374884053091,9.458058626938564,9.652543067932129,2357400,0.0,0.0
2021-03-03 00:00:00,9.719076979212113,9.831672570978158,9.621834754943848,9.621834754943848,947000,0.0,0.0
2021-03-04 00:00:00,9.621835909950073,9.78561266697029,9.376172238690733,9.55018424987793,1256100,0.0,0.0
2021-03-05 00:00:00,9.591126536425907,9.616717107869437,9.028146655014552,9.55530071258545,1317000,0.0,0.0
2021-03-08 00:00:00,9.652544276660752,9.84190965082594,9.575773527813686,9.657662391662598,1260200,0.0,0.0
2021-03-09 00:00:00,9.729315843026551,9.862383929065148,9.58601152509711,9.749787330627441,542400,0.0,0.0
2021-03-10 00:00:00,9.821436113646014,9.954504147331804,9.790727430055158,9.806081771850586,829900,0.0,0.0
2021-03-11 00:00:00,9.887970521245872,10.041511024305647,9.826555100966367,10.031274795532227,2193400,0.0,0.0
2021-03-12 00:00:00,10.087572894157118,10.169461754599205,10.021039354262363,10.046628952026367,634400,0.0,0.0
2021-03-15 00:00:00,10.031276753255076,10.108046531677246,9.954506974832908,10.108046531677246,515000,0.0,0.0
2021-03-16 00:00:00,10.0824558815,10.164343766784459,10.02103947944636,10.143871307373047,1093600,0.0,0.0
2021-03-17 00:00:00,10.1438701673599,10.184814105400669,10.000566872307456,10.159224510192871,593400,0.0,0.0
2021-03-18 00:00:00,10.143873056726072,10.159227403932551,9.775377509397423,9.836792945861816,671900,0.0,0.0
2021-03-19 00:00:00,9.826556132074854,10.041512077969635,9.698606187522737,9.995450019836426,1948600,0.0,0.0
2021-03-22 00:00:00,9.985213369946836,10.01592108201701,9.841909086651743,10.005684852600098,643800,0.0,0.0
2021-03-23 00:00:00,9.949388485796888,10.031276376529318,9.749785897978512,9.816320419311523,564000,0.0,0.0
2021-03-24 00:00:00,9.928915090478116,10.128517659509177,9.760021209716797,9.760021209716797,744600,0.0,0.0
2021-03-25 00:00:00,9.729314268542451,10.051747711478649,9.58089185868662,9.964741706848145,1126400,0.0,0.0
2021-03-26 00:00:00,10.077339512777753,10.113165346774778,9.954507663567625,10.10292911529541,737000,0.0,0.0
2021-03-29 00:00:00,10.082456402181634,10.12851846205547,9.949388337677295,9.964741706848145,534900,0.0,0.0
2021-03-30 00:00:00,10.005684010404629,10.200168448233638,9.969858186641517,10.159224510192871,681500,0.0,0.0
2021-03-31 00:00:00,10.159224726658454,10.246230718871507,10.031274795532227,10.031274795532227,1084400,0.0,0.0
2021-04-01 00:00:00,10.092692636907476,10.241115061185003,10.03639531750974,10.230878829956055,553700,0.0,0.0
2021-04-05 00:00:00,10.246232528715902,10.384418713024079,10.235996298134404,10.312766075134277,726900,0.0,0.0
2021-04-06 00:00:00,10.333237234159403,10.374181175145184,10.271820834590457,10.287175178527832,812200,0.0,0.0
2021-04-07 00:00:00,10.256468707397289,10.282058307540865,10.189934185134916,10.23599624633789,642800,0.0,0.0
2021-04-08 00:00:00,10.241113154805994,10.445832860372768,10.210405443016116,10.420243263244629,721800,0.0,0.0
2021-04-09 00:00:00,10.420244317625508,10.45095203252257,10.34347356611187,10.384418487548828,634600,0.0,0.0
2021-04-12 00:00:00,10.389535514411888,10.486777749413799,10.3485915695975,10.476541519165039,880900,0.0,0.0
2021-04-13 00:00:00,10.43559713270588,10.537957478500177,10.333237763092185,10.486777305603027,1084400,0.0,0.0
2021-04-14 00:00:00,10.471060717935641,10.52868068207718,10.298201824608753,10.30344009399414,1184300,0.47,0.0
2021-04-15 00:00:00,10.376774360999226,10.434394327882757,10.23010680761973,10.387250900268555,744200,0.0,0.0
2021-04-16 00:00:00,10.455346444278904,10.471061253238442,10.277250271559703,10.31391716003418,835600,0.0,0.0
2021-04-19 00:00:00,10.308681183732963,10.308681183732963,10.125345701476522,10.209156036376953,828900,0.0,0.0
2021-04-20 00:00:00,10.214395758848354,10.214395758848354,9.95248817528814,9.994393348693848,915800,0.0,0.0
2021-04-21 00:00:00,9.973439240132574,10.13058335877962,9.87915236930517,10.104393005371094,621000,0.0,0.0
2021-04-22 00:00:00,10.135820795291862,10.277251089895891,10.093915633827466,10.16201114654541,503000,0.0,0.0
2021-04-23 00:00:00,10.172486439498277,10.434393916314301,10.088676126844968,10.36106014251709,815500,0.0,0.0
2021-04-26 00:00:00,10.397727029415696,10.465822533784857,10.334868795376845,10.36106014251709,466800,0.0,0.0
2021-04-27 00:00:00,10.392491174088367,10.481539776855072,10.37153809150892,10.40820598602295,490300,0.0,0.0
2021-04-28 00:00:00,10.45010918167827,10.518204689025879,10.418679563735271,10.518204689025879,454500,0.0,0.0
2021-04-29 00:00:00,10.607252579192943,10.612490848506493,10.460584035706704,10.523442268371582,465600,0.0,0.0
2021-04-30 00:00:00,10.528682348386535,10.586301322549344,10.439633752937228,10.502490997314453,627500,0.0,0.0
2021-05-03 00:00:00,10.581065249779675,10.60725560472003,10.51296872837795,10.544397354125977,823300,0.0,0.0
2021-05-04 00:00:00,10.502490755831168,10.586301079139012,10.2772511363775,10.460585594177246,739100,0.0,0.0
2021-05-05 00:00:00,10.497253278085028,10.643920841436113,10.361061255617702,10.549633979797363,955900,0.0,0.0
2021-05-06 00:00:00,10.533921169880967,10.533921169880967,10.219631934253234,10.308680534362793,873200,0.0,0.0
2021-05-07 00:00:00,10.313919704178524,10.455349023309752,10.287728349451982,10.382015228271484,546000,0.0,0.0
2021-05-10 00:00:00,10.376774101211616,10.42391752764556,10.135819698636126,10.141057968139648,801200,0.0,0.0
2021-05-11 00:00:00,10.062487224578721,10.151535828296144,9.968201349258491,9.999629974365234,993500,0.0,0.0
2021-05-12 00:00:00,9.983914585739821,9.999629396934727,9.612006379341665,9.727245330810547,1945500,0.0,0.0
2021-05-13 00:00:00,9.779626539997292,10.052010592315186,9.737721378032838,9.847722053527832,1168000,0.0,0.0
2021-05-14 00:00:00,9.968201183326629,10.052011514948147,9.884390851705112,10.015344619750977,759900,0.0,0.0
2021-05-17 00:00:00,9.98915478502053,10.072965129381101,9.884392354118871,10.025821685791016,837000,0.0,0.0
2021-05-18 00:00:00,10.05725021666855,10.093917113437454,9.994391965708994,10.004868507385254,767200,0.0,0.0
2021-05-19 00:00:00,9.90010202701745,9.962960258536862,9.816291717723365,9.92629337310791,1490400,0.0,0.0
2021-05-20 00:00:00,9.93153225894231,10.182964226826538,9.921056717899605,10.16201114654541,690900,0.0,0.0
2021-05-21 00:00:00,10.21962992829286,10.245820276496925,10.072961380695977,10.0834379196167,604700,0.0,0.0
2021-05-24 00:00:00,10.135821508398982,10.198678755468976,10.052011179573705,10.12010669708252,446400,0.0,0.0
2021-05-25 00:00:00,10.135821846569664,10.198679095736821,10.010106349137388,10.015344619750977,698000,0.0,0.0
2021-05-26 00:00:00,10.010104550882744,10.120105216713297,9.978674932847344,10.109628677368164,394500,0.0,0.0
2021-05-27 00:00:00,10.162010047055984,10.214391742993449,10.135819698636126,10.141057968139648,738500,0.0,0.0
2021-05-28 00:00:00,10.177726533183147,10.287727213595497,10.13058309897845,10.266775131225586,568600,0.0,0.0
2021-06-01 00:00:00,10.340112049683603,10.45011376250803,10.2824920572947,10.402970314025879,898000,0.0,0.0
2021-06-02 00:00:00,10.402966421635385,10.481538473340922,10.345346450805664,10.345346450805664,699100,0.0,0.0
2021-06-03 00:00:00,10.31391882915485,10.371537806468853,10.25629885274291,10.272013664245605,476000,0.0,0.0
2021-06-04 00:00:00,10.266772838798914,10.47106034200612,10.256296300404266,10.444869995117188,624500,0.0,0.0
2021-06-07 00:00:00,10.460585282573104,10.722492784882778,10.460585282573104,10.659635543823242,1178800,0.0,0.0
2021-06-08 00:00:00,10.691062457914207,10.869159610985886,10.664872111502707,10.811539649963379,1119800,0.0,0.0
2021-06-09 00:00:00,10.837733673605811,10.926782272146621,10.790590239137268,10.863924026489258,994800,0.0,0.0
2021-06-10 00:00:00,10.932017841110225,10.979160264831389,10.790587572653715,10.811539649963379,636000,0.0,0.0
2021-06-11 00:00:00,10.801064900696742,10.832493518508326,10.643919813443325,10.827255249023438,584500,0.0,0.0
2021-06-14 00:00:00,10.989638953576666,11.057735466128518,10.691064550028354,10.722493171691895,1419400,0.0,0.0
2021-06-15 00:00:00,10.73820891561944,10.764399269432989,10.53915962898179,10.591540336608887,1458800,0.0,0.0
2021-06-16 00:00:00,10.586302363790232,10.895353343153042,10.56535027996966,10.858686447143555,1162400,0.0,0.0
2021-06-17 00:00:00,10.9110689163208,10.958212357077528,10.685828254727117,10.9110689163208,1389300,0.0,0.0
2021-06-18 00:00:00,10.785353924653206,10.92154598236084,10.701543581309753,10.92154598236084,1930600,0.0,0.0
2021-06-21 00:00:00,10.968687819974896,11.057736421631205,10.9005913015388,11.021069526672363,937700,0.0,0.0
2021-06-22 00:00:00,11.005354643415478,11.031544997045035,10.890115688708292,10.963449478149414,1026200,0.0,0.0
2021-06-23 00:00:00,10.947734715980008,11.0105929637121,10.869162655638357,10.890115737915039,801900,0.0,0.0
2021-06-24 00:00:00,10.958211602365473,11.17297570697801,10.905829894121394,11.15726089477539,846900,0.0,0.0
2021-06-25 00:00:00,11.18344896888405,11.277735816254042,11.1258290068029,11.131067276000977,2330400,0.0,0.0
2021-06-28 00:00:00,11.141546752707972,11.141546752707972,10.874400947739044,11.021069526672363,660400,0.0,0.0
2021-06-29 00:00:00,11.026307883116104,11.047260967496007,10.890116831038952,10.9110689163208,532600,0.0,0.0
2021-06-30 00:00:00,10.905829193117501,11.062974307748778,10.874400569830414,11.03154468536377,474800,0.0,0.0
2021-07-01 00:00:00,11.042021488905936,11.083926653985168,10.979163241738116,11.036783218383789,539200,0.0,0.0
2021-07-02 00:00:00,11.036781329198718,11.047257868449723,10.921542394730965,11.000114440917969,405400,0.0,0.0
2021-07-06 00:00:00,11.026307326319733,11.057736951302482,10.858686656137083,10.93725872039795,759100,0.0,0.0
2021-07-07 00:00:00,10.968687484114172,10.968687484114172,10.748685121999632,10.790590286254883,648000,0.0,0.0
2021-07-08 00:00:00,10.685826038563285,10.842971141527622,10.497253313743064,10.680587768554688,934400,0.0,0.0
2021-07-09 00:00:00,10.816779259297771,11.010591243688859,10.759160290233769,11.005352973937988,879500,0.0,0.0
2021-07-12 00:00:00,10.947732906705731,11.0420197631726,10.895351208768828,10.984399795532227,761100,0.0,0.0
2021-07-13 00:00:00,10.911066999294453,10.958210431768286,10.727731539573753,10.743446350097656,1318600,0.0,0.0
2021-07-14 00:00:00,10.786333359912812,10.813137953162368,10.44322863564631,10.453950881958008,1443400,0.47,0.0
2021-07-15 00:00:00,10.432511621383483,10.609425706662288,10.319931046239008,10.518288612365723,843100,0.0,0.0
2021-07-16 00:00:00,10.614782574829032,10.684476167036646,10.46467518705243,10.502202033996582,692500,0.0,0.0
2021-07-19 00:00:00,10.357456007972335,10.464676460168368,10.196626352208298,10.38962173461914,1277300,0.0,0.0
2021-07-20 00:00:00,10.400341431287375,10.625503507602648,10.352092341896263,10.486117362976074,834000,0.0,0.0
2021-07-21 00:00:00,10.555814071398904,10.73808823582857,10.555814071398904,10.652312278747559,727700,0.0,0.0
2021-07-22 00:00:00,10.652309143537476,10.66303036811956,10.36817573025208,10.475396156311035,628000,0.0,0.0
2021-07-23 00:00:00,10.507562768092438,10.571894211171147,10.3842599834167,10.416425704956055,625500,0.0,0.0
2021-07-26 00:00:00,10.475394227523179,10.630862691900205,10.448588614679156,10.555809020996094,501200,0.0,0.0
2021-07-27 00:00:00,10.491477794215319,10.5182834101803,10.336009311737207,10.512922286987305,478600,0.0,0.0
2021-07-28 00:00:00,10.561173181896033,10.641587998503388,10.443230496510697,10.534367561340332,420400,0.0,0.0
2021-07-29 00:00:00,10.63622542355243,10.770250440459563,10.571892965523924,10.679113388061523,671100,0.0,0.0
2021-07-30 00:00:00,10.636226154465986,10.770251180583218,10.518284499593548,10.571893692016602,568700,0.0,0.0
2021-08-02 00:00:00,10.577255443548587,10.732724973886345,10.539728597613228,10.545089721679688,652700,0.0,0.0
2021-08-03 00:00:00,10.52900606873401,10.587977409362793,10.352093069377496,10.587977409362793,672600,0.0,0.0
2021-08-04 00:00:00,10.529004561080514,10.582614770109313,10.400340672929207,10.453950881958008,538500,0.0,0.0
2021-08-05 00:00:00,10.48611909327783,10.60942291014009,10.448592244787987,10.507563591003418,875200,0.0,0.0
2021-08-06 00:00:00,10.384260638920018,10.437869837359724,10.212707727311244,10.319928169250488,1304900,0.0,0.0
2021-08-09 00:00:00,10.234152992523551,10.293124342267426,10.191265017036187,10.201987266540527,781200,0.0,0.0
2021-08-10 00:00:00,10.185902379863917,10.20198575173234,10.06796072041834,10.078681945800781,1061900,0.0,0.0
2021-08-11 00:00:00,10.078681251876892,10.126930341630338,10.025072061066194,10.105486869812012,1098800,0.0,0.0
2021-08-12 00:00:00,10.094765487640048,10.159097953667096,9.987545051771585,10.116209983825684,961300,0.0,0.0
2021-08-13 00:00:00,10.110848753409885,10.228790413600521,10.105487629419876,10.137653350830078,746900,0.0,0.0
2021-08-16 00:00:00,10.100126787286591,10.164458231902243,10.030433196001445,10.094765663146973,711700,0.0,0.0
2021-08-17 00:00:00,10.051877780219282,10.116210247925835,9.99826756088547,10.084043502807617,899000,0.0,0.0
2021-08-18 00:00:00,10.078683586087546,10.143016061501385,9.971464157104492,9.971464157104492,795000,0.0,0.0
2021-08-19 00:00:00,9.998267152263448,10.05187736940625,9.821354151463092,9.858880996704102,1582000,0.0,0.0
2021-08-20 00:00:00,9.821353726685192,10.11084827321765,9.767743511861056,10.062599182128906,1447900,0.0,0.0
2021-08-23 00:00:00,10.110848753409885,10.16981907224028,10.05723853603965,10.137653350830078,739700,0.0,0.0
2021-08-24 00:00:00,10.159097867462435,10.303844125367805,10.159097867462435,10.277039527893066,695200,0.0,0.0
2021-08-25 00:00:00,10.28776244568068,10.400342989439963,10.255595699580958,10.319928169250488,732000,0.0,0.0
2021-08-26 00:00:00,10.319927692924665,10.373537911419858,10.234151752344305,10.244874000549316,506700,0.0,0.0
2021-08-27 00:00:00,10.277039034798364,10.475396523195666,10.255594539823605,10.421786308288574,751300,0.0,0.0
2021-08-30 00:00:00,10.416426033807726,10.427148282169302,10.282400996877682,10.293123245239258,758700,0.0,0.0
2021-08-31 00:00:00,10.31456648071235,10.47539713482407,10.31456648071235,10.4057035446167,627600,0.0,0.0
2021-09-01 00:00:00,10.470034251425554,10.539726807392212,10.38425832599135,10.453950881958008,553800,0.0,0.0
2021-09-02 00:00:00,10.44859079898253,10.496839889658784,10.378898236077822,10.443229675292969,389500,0.0,0.0
2021-09-03 00:00:00,10.432509586734504,10.475398585126097,10.378900383805018,10.470037460327148,403300,0.0,0.0
2021-09-07 00:00:00,10.48611855698476,10.51292417777082,10.34673239648689,10.37353801727295,836100,0.0,0.0
2021-09-08 00:00:00,10.357455253601074,10.378899751490406,10.309206155880018,10.357455253601074,494200,0.0,0.0
2021-09-09 00:00:00,10.491480021895056,10.609422712124623,10.42714857497885,10.539729118347168,980600,0.0,0.0
2021-09-10 00:00:00,10.59870156899365,10.59870156899365,10.427149662616275,10.448593139648438,451600,0.0,0.0
2021-09-13 00:00:00,10.512923527781071,10.646948555835273,10.47003555970492,10.620142936706543,580500,0.0,0.0
2021-09-14 00:00:00,10.66839002690654,10.679112272546226,10.582614106848308,10.630863189697266,548300,0.0,0.0
2021-09-15 00:00:00,10.673753933839022,10.684476182275468,10.582616867189003,10.64158821105957,446600,0.0,0.0
2021-09-16 00:00:00,10.630864594821333,10.6951970546329,10.561172034011081,10.566532135009766,576200,0.0,0.0
2021-09-17 00:00:00,10.582614293610149,10.630863377310607,10.5021994949526,10.598697662353516,1817800,0.0,0.0
2021-09-20 00:00:00,10.46467417005121,10.534366732955917,10.35745374131958,10.443229675292969,1029300,0.0,0.0
2021-09-21 00:00:00,10.480757342758805,10.58797777992186,10.464674992955256,10.534367561340332,485300,0.0,0.0
2021-09-22 00:00:00,10.609421259763844,10.754167506775444,10.555811046319285,10.68447494506836,719700,0.0,0.0
2021-09-23 00:00:00,10.759529284795796,10.78097378048984,10.555811688351563,10.587977409362793,668800,0.0,0.0
2021-09-24 00:00:00,10.593339427993588,10.641588524850441,10.523645833631504,10.529006958007812,582800,0.0,0.0
2021-09-27 00:00:00,10.593340385750945,10.764892291183347,10.550452409392845,10.668394088745117,908600,0.0,0.0
2021-09-28 00:00:00,10.668391874425778,10.695197493167104,10.512923375845284,10.571893692016602,666400,0.0,0.0
2021-09-29 00:00:00,10.57189403759226,10.641587626068064,10.512923719493312,10.587977409362793,465200,0.0,0.0
2021-09-30 00:00:00,10.577252488741737,10.646946059606618,10.534364530720877,10.555809020996094,630500,0.0,0.0
2021-10-01 00:00:00,10.604059705803042,10.716640229190762,10.534366124394683,10.679113388061523,641400,0.0,0.0
2021-10-04 00:00:00,10.705917982431057,10.791693911449244,10.65766889454211,10.679113388061523,611200,0.0,0.0
2021-10-05 00:00:00,10.695196724797364,10.823860617922795,10.641586513696003,10.759528160095215,609700,0.0,0.0
2021-10-06 00:00:00,10.72200131908318,10.759528160095215,10.620142020243566,10.759528160095215,589500,0.0,0.0
2021-10-07 00:00:00,10.802419283717978,10.909639737278116,10.775614681592955,10.856029510498047,804100,0.0,0.0
2021-10-08 00:00:00,10.856026562863745,10.957885863835982,10.829221968016721,10.866748809814453,581200,0.0,0.0
2021-10-11 00:00:00,10.882831295353911,10.957886002428395,10.877471194340513,10.925719261169434,564700,0.0,0.0
2021-10-12 00:00:00,10.984690820550764,11.107993596956623,10.925719482908926,11.032939910888672,1037500,0.0,0.0
2021-10-13 00:00:00,11.02221852861151,11.081189870881436,10.947164836653325,11.043663024902344,1146900,0.0,0.0
2021-10-14 00:00:00,11.054635236096496,11.109497159746446,10.928453544184523,10.983315467834473,1415800,0.47,0.0
2021-10-15 00:00:00,11.06012104965235,11.093037783841833,10.933939363255911,10.94491195678711,659600,0.0,0.0
2021-10-18 00:00:00,10.95588502699284,11.060122587222022,10.917481990699,11.010746955871582,612900,0.0,0.0
2021-10-19 00:00:00,11.06012172749533,11.071094321699007,10.983315660877947,11.065608024597168,565500,0.0,0.0
2021-10-20 00:00:00,11.016230597540513,11.202760482915924,11.005258005129251,11.093036651611328,585900,0.0,0.0
2021-10-21 00:00:00,11.104012668970567,11.21922283201649,11.093040073174892,11.213736534118652,422500,0.0,0.0
2021-10-22 00:00:00,11.230191218482549,11.2466501075405,11.114982134288999,11.153385162353516,446200,0.0,0.0
2021-10-25 00:00:00,11.153386974965581,11.246651935309684,11.136928083232785,11.202762603759766,316900,0.0,0.0
2021-10-26 00:00:00,11.186304192757335,11.213735680157528,11.054636192449161,11.0601224899292,507000,0.0,0.0
2021-10-27 00:00:00,11.054634951466433,11.093037983111365,10.988801481904872,11.027204513549805,471200,0.0,0.0
2021-10-28 00:00:00,11.065608215742845,11.08755235812508,10.939426519433448,11.071094512939453,534100,0.0,0.0
2021-10-29 00:00:00,11.049147797799561,11.120468605098857,10.999772176255142,11.054634094238281,577400,0.0,0.0
2021-11-01 00:00:00,11.104009923487393,11.241164197808736,11.087551033863367,11.164358139038086,601900,0.0,0.0
2021-11-02 00:00:00,11.169845767592467,11.169845767592467,10.972343254168099,11.043663024902344,540400,0.0,0.0
2021-11-03 00:00:00,11.032691955566406,11.175332549627527,10.977830027634553,11.032691955566406,903800,0.0,0.0
2021-11-04 00:00:00,11.027204513549805,11.125955764296277,10.98331518504072,11.027204513549805,643100,0.0,0.0
2021-11-05 00:00:00,10.599282930941344,10.780326544492052,10.451156052653271,10.566366195678711,2348300,0.0,0.0
2021-11-08 00:00:00,10.588310241699219,10.63768586735059,10.462128552325332,10.588310241699219,1349400,0.0,0.0
2021-11-09 00:00:00,10.423723670164927,10.451154103366937,10.253652682223764,10.308514595031738,1880700,0.0,0.0
2021-11-10 00:00:00,10.314000804040825,10.451155075617985,10.314000804040825,10.357890129089355,950500,0.0,0.0
2021-11-11 00:00:00,10.346920203632594,10.440185164772599,10.324975014468258,10.42921257019043,458600,0.0,0.0
2021-11-12 00:00:00,10.456642913726217,10.500532245245576,10.297544479370117,10.297544479370117,549400,0.0,0.0
2021-11-15 00:00:00,10.314000886595174,10.36886280494597,10.226222235795527,10.259140014648438,671000,0.0,0.0
2021-11-16 00:00:00,10.231707865338842,10.292056076231454,10.198791135035597,10.26462459564209,814400,0.0,0.0
2021-11-17 00:00:00,10.23170957033342,10.264626306121855,10.056152250922882,10.105527877807617,1014200,0.0,0.0
2021-11-18 00:00:00,10.116501140466436,10.193307211183582,9.929971214664027,10.045180320739746,1377600,0.0,0.0
2021-11-19 00:00:00,10.017749977271373,10.10552864362872,9.98483323898843,10.023236274719238,986100,0.0,0.0
2021-11-22 00:00:00,10.045178698835416,10.160388832713426,10.023234559204026,10.02872085571289,1070500,0.0,0.0
2021-11-23 00:00:00,10.067125887450716,10.198793890643008,10.045180697049865,10.132959365844727,925200,0.0,0.0
2021-11-24 00:00:00,10.12198487562235,10.270110682165978,10.078095553979058,10.182332038879395,605100,0.0,0.0
2021-11-26 00:00:00,10.028722948060672,10.09455642709411,9.929971683106231,10.08358383178711,595100,0.0,0.0
2021-11-29 00:00:00,10.176847543093288,10.20427902797528,9.946428302105312,9.973859786987305,1016200,0.0,0.0
2021-11-30 00:00:00,9.940941831905688,9.990316405827334,9.502047545277934,9.529479026794434,3899400,0.0,0.0
2021-12-01 00:00:00,9.694064229128722,10.006775809680605,9.633716013090964,9.644688606262207,1748400,0.0,0.0
2021-12-02 00:00:00,9.71052455540713,9.946429065062802,9.688579365818192,9.891568183898926,931400,0.0,0.0
2021-12-03 00:00:00,9.940943235261852,9.962887377168865,9.748927023155662,9.79830265045166,949000,0.0,0.0
2021-12-06 00:00:00,9.853164380329323,10.116501430810906,9.831220236525011,10.001291275024414,945100,0.0,0.0
2021-12-07 00:00:00,10.050666618134432,10.116501140466436,9.9683742500226,10.045180320739746,916400,0.0,0.0
2021-12-08 00:00:00,10.04518079461689,10.18233509674155,10.04518079461689,10.08358383178711,555000,0.0,0.0
2021-12-09 00:00:00,10.012261390686035,10.116498925554792,9.946426882767872,10.012261390686035,643500,0.0,0.0
2021-12-10 00:00:00,10.012263968227398,10.100042637113214,9.908026406523888,9.951915740966797,779600,0.0,0.0
2021-12-13 00:00:00,9.91351049656299,9.957399821232507,9.814759254455566,9.814759254455566,1169100,0.0,0.0
2021-12-14 00:00:00,9.836704126146328,9.946426911117328,9.672118379083818,9.677604675292969,1335400,0.0,0.0
2021-12-15 00:00:00,9.710523039599288,9.798301691444363,9.562396172209194,9.770870208740234,1675900,0.0,0.0
2021-12-16 00:00:00,9.864136701939486,9.864136701939486,9.56239766976747,9.606287002563477,1419500,0.0,0.0
2021-12-17 00:00:00,9.606284416807364,9.705035650618234,9.452671270167796,9.562395095825195,3229900,0.0,0.0
2021-12-20 00:00:00,9.513020489651277,9.518506786157445,9.194822617121938,9.331976890563965,2045700,0.0,0.0
2021-12-21 00:00:00,9.441699910361427,9.69955062038187,9.381352740138759,9.6227445602417,1112400,0.0,0.0
2021-12-22 00:00:00,9.595312324963718,9.710522452547876,9.545936705485365,9.677604675292969,939100,0.0,0.0
2021-12-23 00:00:00,9.721494019722476,9.836704147557407,9.688577288799928,9.781842231750488,682600,0.0,0.0
2021-12-27 00:00:00,9.781843666603216,9.858649732156819,9.699551304023762,9.847678184509277,609400,0.0,0.0
2021-12-28 00:00:00,9.83121986415468,9.940943718233093,9.820247269465995,9.836706161499023,706700,0.0,0.0
2021-12-29 00:00:00,9.831217271087112,9.858647704169593,9.75441122133301,9.765382766723633,775000,0.0,0.0
2021-12-30 00:00:00,9.816099889804333,9.93443352820404,9.771020254968738,9.866814613342285,1484700,0.47,0.0
2021-12-31 00:00:00,9.83300273975313,9.900621637999619,9.759747679405924,9.765382766723633,1024700,0.0,0.0
2022-01-03 00:00:00,9.804829290759434,10.058402897544692,9.793559113839372,9.996417999267578,795200,0.0,0.0
2022-01-04 00:00:00,10.058403071595382,10.154197427507082,9.97951290657306,10.002053260803223,754200,0.0,0.0
2022-01-05 00:00:00,9.973879651280464,10.024594377371777,9.782290924887356,9.793560028076172,891000,0.0,0.0
2022-01-06 00:00:00,9.86117843285274,9.973878044855747,9.804828626851235,9.889352798461914,532900,0.0,0.0
2022-01-07 00:00:00,10.092213135072265,10.210547852330414,10.007688951192621,10.165468215942383,1105000,0.0,0.0
2022-01-10 00:00:00,10.114753178099798,10.283801540635286,10.069673543104782,10.182372093200684,898700,0.0,0.0
2022-01-11 00:00:00,10.18237318343032,10.306342999027553,10.159833900911163,10.27253246307373,608600,0.0,0.0
2022-01-12 00:00:00,10.32324536146032,10.345785714765483,10.244356274458653,10.306341171264648,723200,0.0,0.0
2022-01-13 00:00:00,10.36832411964378,10.407768659820984,10.266894687883479,10.278164863586426,564600,0.0,0.0
2022-01-14 00:00:00,10.249991827248483,10.323245829243257,10.148562382345522,10.317610740661621,628700,0.0,0.0
2022-01-18 00:00:00,10.317609593162834,10.37959448588378,10.171100530684404,10.199275970458984,657100,0.0,0.0
2022-01-19 00:00:00,10.19927550809106,10.221814784105813,10.024592088540176,10.041496276855469,534700,0.0,0.0
2022-01-20 00:00:00,10.058401649300317,10.092211101081533,9.838637525764673,9.84427261352539,825300,0.0,0.0
2022-01-21 00:00:00,9.821736789531103,9.956975718974515,9.680862770346282,9.692132949829102,1175200,0.0,0.0
2022-01-24 00:00:00,9.624510484092912,9.748479202320757,9.337127429544399,9.731575012207031,1565200,0.0,0.0
2022-01-25 00:00:00,9.663955719190474,9.923164425582597,9.55689118341221,9.866814613342285,1058000,0.0,0.0
2022-01-26 00:00:00,9.990782462914499,10.10348207749627,9.771019396741542,9.838638305664062,909700,0.0,0.0
2022-01-27 00:00:00,9.883722324773107,9.968246526654003,9.568163728068576,9.680863380432129,1173300,0.0,0.0
2022-01-28 00:00:00,9.658321427865344,9.782291239985454,9.472367784468542,9.776656150817871,948800,0.0,0.0
2022-01-31 00:00:00,9.742844152265745,10.520467983478621,9.725938889167368,10.041496276855469,947700,0.0,0.0
2022-02-01 00:00:00,10.041496251214946,10.126020416924831,9.793557766987284,9.928797721862793,824600,0.0,0.0
2022-02-02 00:00:00,9.968243767694188,9.979512869984706,9.680860701012737,9.7991943359375,855200,0.0,0.0
2022-02-03 00:00:00,9.782289685675389,9.810464052253312,9.523080999069085,9.528716087341309,1041100,0.0,0.0
2022-02-04 00:00:00,9.34839794173474,9.461097562193569,8.937045616799898,9.196253776550293,1918400,0.0,0.0
2022-02-07 00:00:00,9.19625374384359,9.528716440753163,9.139903933814585,9.168079376220703,1461600,0.0,0.0
2022-02-08 00:00:00,9.151173589362035,9.478001179168423,9.151173589362035,9.410382270812988,1543500,0.0,0.0
2022-02-09 00:00:00,9.359668062194565,9.483636784123782,9.230063177014898,9.252603530883789,1168600,0.0,0.0
2022-02-10 00:00:00,9.179349633193606,9.269508900112582,9.015935290163439,9.027205467224121,1168700,0.0,0.0
2022-02-11 00:00:00,9.049743478548882,9.134267645094331,8.931409860341867,9.044108390808105,1033000,0.0,0.0
2022-02-14 00:00:00,9.015935650088277,9.100459831851198,8.886331833066246,8.9088716506958,1110200,0.0,0.0
2022-02-15 00:00:00,8.948316213506283,9.066650390625,8.937046035975147,9.066650390625,767500,0.0,0.0
2022-02-16 00:00:00,9.094825888912498,9.145540619316229,9.004666607035512,9.072286605834961,595600,0.0,0.0
2022-02-17 00:00:00,9.015934719608621,9.055379262041601,8.886330915962208,8.937045097351074,724500,0.0,0.0
2022-02-18 00:00:00,8.87506046367622,8.9821244486905,8.852520649073659,8.914505004882812,937700,0.0,0.0
2022-02-22 00:00:00,8.85252083890999,8.869425565876531,8.632757238778646,8.706011772155762,1298000,0.0,0.0
2022-02-23 00:00:00,8.784900773066205,8.829980400053502,8.587677001953125,8.587677001953125,1581800,0.0,0.0
2022-02-24 00:00:00,8.418630118836193,8.84125212462377,8.300295935720005,8.807442665100098,1296700,0.0,0.0
2022-02-25 00:00:00,8.829981630865172,8.880696352642895,8.745457452830047,8.824346542358398,919100,0.0,0.0
2022-02-28 00:00:00,8.751091799259978,8.807441608226469,8.6383927187186,8.790536880493164,1078600,0.0,0.0
2022-03-01 00:00:00,8.835614877549746,8.886329588755766,8.632756032725661,8.813075065612793,1154700,0.0,0.0
2022-03-02 00:00:00,8.813077592590743,9.021571047136863,8.813077592590743,8.959586143493652,1362800,0.0,0.0
2022-03-03 00:00:00,9.004663826678168,9.044108365972187,8.846885132110547,8.93140983581543,830100,0.0,0.0
2022-03-04 00:00:00,8.841252093265881,8.90887208685673,8.7736326370667,8.891966819763184,795300,0.0,0.0
2022-03-07 00:00:00,8.875062534045812,8.987761633349006,8.790538343916339,8.92014217376709,1120100,0.0,0.0
2022-03-08 00:00:00,8.914505484002605,9.179349260252279,8.914505484002605,9.100459098815918,968900,0.0,0.0
2022-03-09 00:00:00,9.196253570150597,9.303318099705217,9.12299957084473,9.162444114685059,735600,0.0,0.0
2022-03-10 00:00:00,9.100459217345563,9.16807920305985,8.965220320700196,9.162444114685059,726700,0.0,0.0
2022-03-11 00:00:00,9.168079721904602,9.252603902743491,9.100459732363527,9.179349899291992,740600,0.0,0.0
2022-03-14 00:00:00,9.241332694363294,9.241332694363294,9.055379087350012,9.061014175415039,767200,0.0,0.0
2022-03-15 00:00:00,9.11172689638522,9.18498087561068,9.061012189697239,9.173711776733398,961900,0.0,0.0
2022-03-16 00:00:00,9.28077774620605,9.28077774620605,9.027205218039693,9.162444114685059,878700,0.0,0.0
2022-03-17 00:00:00,9.08919038621386,9.24133457050793,9.083556371788186,9.230064392089844,655000,0.0,0.0
2022-03-18 00:00:00,9.207524216414495,9.354033297280303,9.190618950428078,9.348398208618164,2314700,0.0,0.0
2022-03-21 00:00:00,9.376572721323106,9.432922534027682,9.139904367790514,9.151174545288086,773300,0.0,0.0
2022-03-22 00:00:00,9.201888563039054,9.432921810092067,9.196253474722736,9.387842178344727,815000,0.0,0.0
2022-03-23 00:00:00,9.387841050774256,9.416015414188628,9.292046710469087,9.382205963134766,625100,0.0,0.0
2022-03-24 00:00:00,9.387840785190908,9.506175472706326,9.308951710035988,9.489270210266113,484800,0.0,0.0
2022-03-25 00:00:00,9.48927269601685,9.568161791837063,9.466732340192031,9.56252670288086,637800,0.0,0.0
2022-03-28 00:00:00,9.562525542191455,9.562525542191455,9.455462089368792,9.528716087341309,840400,0.0,0.0
2022-03-29 00:00:00,9.579433304567855,9.703402054528448,9.568163125085036,9.692132949829102,653800,0.0,0.0
2022-03-30 00:00:00,9.714669170316046,9.714669170316046,9.511810302734375,9.511810302734375,659900,0.0,0.0
2022-03-31 00:00:00,9.556892021209764,9.66395656637376,9.494908189616602,9.517447471618652,918100,0.0,0.0
2022-04-01 00:00:00,9.483637144093793,9.573796413425072,9.421652243384813,9.551257133483887,773100,0.0,0.0
2022-04-04 00:00:00,9.511810995378447,9.57943098109076,9.342762643272481,9.534351348876953,2054300,0.0,0.0
2022-04-05 00:00:00,9.545623647567684,9.618877663155391,9.432924004589035,9.455464363098145,1005800,0.0,0.0
2022-04-06 00:00:00,9.4385566205598,9.494906427280968,9.218793556608722,9.235697746276855,1574300,0.0,0.0
2022-04-07 00:00:00,9.246969169226304,9.308954072454526,9.010300808917009,9.015935897827148,1314100,0.0,0.0
2022-04-08 00:00:00,8.999029768009704,9.179348823330326,8.987759591943352,9.117363929748535,1068200,0.0,0.0
2022-04-11 00:00:00,9.151174223346425,9.252603667689678,9.038475676685332,9.055379867553711,1211800,0.0,0.0
2022-04-12 00:00:00,9.077920349728027,9.139904175091283,8.976490903954913,8.987760543823242,1510200,0.0,0.0
2022-04-13 00:00:00,8.958730332146871,9.051626991758013,8.883251657785877,8.999372482299805,1137000,0.47,0.0
2022-04-14 00:00:00,8.999372236452189,9.109686878299868,8.94131154892746,8.9645357131958,751800,0.0,0.0
2022-04-18 00:00:00,8.923893882828153,8.964536033322156,8.778742712540692,8.796160697937012,874200,0.0,0.0
2022-04-19 00:00:00,8.836803640543172,8.883251971991648,8.482634421113811,8.558113098144531,2140900,0.0,0.0
2022-04-20 00:00:00,8.610367606640855,8.836803637659113,8.604561426784745,8.74390697479248,1213200,0.0,0.0
2022-04-21 00:00:00,8.830996152464909,9.01098382544529,8.830996152464909,8.871638298034668,2052200,0.0,0.0
2022-04-22 00:00:00,8.918087940813523,8.947118286386292,8.685846283646942,8.74390697479248,1646500,0.0,0.0
2022-04-25 00:00:00,8.720681067782865,8.848413676865713,8.587141726295568,8.842607498168945,1583700,0.0,0.0
2022-04-26 00:00:00,8.825189751463734,8.865832449718805,8.616172296167326,8.64520263671875,1184500,0.0,0.0
2022-04-27 00:00:00,8.680041101117846,8.813580484612997,8.633592764347668,8.772937774658203,1253200,0.0,0.0
2022-04-28 00:00:00,8.860028306247242,9.144524490850493,8.825191778841134,9.074851989746094,1499100,0.0,0.0
2022-04-29 00:00:00,9.028403027691818,9.121299689369444,8.900669841031192,8.906476020812988,1296900,0.0,0.0
2022-05-02 00:00:00,8.91228128470231,9.028402099865902,8.714875622070343,8.848414421081543,1174200,0.0,0.0
2022-05-03 00:00:00,8.941312087033694,9.272257139909183,8.941312087033694,9.249032974243164,1523600,0.0,0.0
2022-05-04 00:00:00,9.249033354430413,9.388378354154383,9.138718147701415,9.382572174072266,1049900,0.0,0.0
2022-05-05 00:00:00,9.312900693974987,9.370960282870476,9.09227026947571,9.138718605041504,1365100,0.0,0.0
2022-05-06 00:00:00,9.080657880405425,9.318705169641394,9.022597187815716,9.098075866699219,1514100,0.0,0.0
2022-05-09 00:00:00,9.022598641067862,9.074853162073573,8.836805280787903,8.981956481933594,2020900,0.0,0.0
2022-05-10 00:00:00,9.051626913923151,9.20258426134706,8.8658335962985,9.016790390014648,1765800,0.0,0.0
2022-05-11 00:00:00,9.040013137290247,9.132909781536856,8.923892331981985,8.98775863647461,1469100,0.0,0.0
2022-05-12 00:00:00,8.952925793123995,8.952925793123995,8.55811436371941,8.749713897705078,1792300,0.0,0.0
2022-05-13 00:00:00,8.761324978804282,8.935506498893972,8.709070467406598,8.91808795928955,1084300,0.0,0.0
2022-05-16 00:00:00,8.883251400431696,9.022596385811484,8.819384533518479,8.877445220947266,1696100,0.0,0.0
2022-05-17 00:00:00,9.09226920019106,9.243226549880665,8.98195455462267,9.21419620513916,1458400,0.0,0.0
2022-05-18 00:00:00,9.19678035180124,9.19678035180124,8.999374626245178,9.034211158752441,1180700,0.0,0.0
2022-05-19 00:00:00,8.929699987591448,9.069044977008161,8.900669643036023,8.999372482299805,1090500,0.0,0.0
2022-05-20 00:00:00,9.092267815126455,9.092267815126455,8.848413842377589,9.040013313293457,996900,0.0,0.0
2022-05-23 00:00:00,9.086464089103027,9.220003469135563,9.063239921320129,9.138718605041504,1143200,0.0,0.0
2022-05-24 00:00:00,9.1387180580362,9.249033263682835,9.005179239704574,9.225809097290039,638700,0.0,0.0
2022-05-25 00:00:00,9.208387910316413,9.272254764819294,9.150327787877373,9.220000267028809,720500,0.0,0.0
2022-05-26 00:00:00,9.231613916887564,9.399989800656286,9.231613916887564,9.32451057434082,686500,0.0,0.0
2022-05-27 00:00:00,9.353542171015803,9.42321411560529,9.312900018769337,9.388378143310547,622000,0.0,0.0
2022-05-31 00:00:00,9.370958441946271,9.405795517338632,9.324510115505248,9.394183158874512,816600,0.0,0.0
2022-06-01 00:00:00,9.376763636581613,9.481272636953927,9.278060814831687,9.452242851257324,811300,0.0,0.0
2022-06-02 00:00:00,9.475466668359102,9.498691383363441,9.376763844421388,9.446436882019043,767000,0.0,0.0
2022-06-03 00:00:00,9.434824524516873,9.527721169703502,9.353540236832414,9.446436882019043,820700,0.0,0.0
2022-06-06 00:00:00,9.51611111014524,9.638038678530277,9.423214442525987,9.492887496948242,2323600,0.0,0.0
2022-06-07 00:00:00,9.492884989245209,9.609005239386368,9.43482431046696,9.597393989562988,1065900,0.0,0.0
2022-06-08 00:00:00,9.568366153294194,9.568366153294194,9.312900856920352,9.365154266357422,763300,0.0,0.0
2022-06-09 00:00:00,9.405796149270419,9.492886628771611,9.324510741975846,9.376765251159668,872500,0.0,0.0
2022-06-10 00:00:00,9.312900398353321,9.31870547112606,9.074851994000257,9.161942481994629,969700,0.0,0.0
2022-06-13 00:00:00,8.912281517156337,9.022596156012094,8.029762191479339,8.04718017578125,2314600,0.0,0.0
2022-06-14 00:00:00,8.128463928936037,8.18652460705436,7.814937485253954,7.890416145324707,2138700,0.0,0.0
2022-06-15 00:00:00,7.91364090683943,7.948476873389944,7.414321141189665,7.553666114807129,2463400,0.0,0.0
2022-06-16 00:00:00,7.4317403097197445,7.4375464896400665,6.874359772648068,6.926614284515381,2659700,0.0,0.0
2022-06-17 00:00:00,6.8743593940168335,7.216916238539123,6.75823857054515,7.199497699737549,6527900,0.0,0.0
2022-06-21 00:00:00,7.3620674455953745,7.559473123404628,7.327230921514073,7.443351745605469,2156700,0.0,0.0
2022-06-22 00:00:00,7.350454989279074,7.571084828993474,7.350454989279074,7.489799976348877,2178300,0.0,0.0
2022-06-23 00:00:00,7.542054173839144,7.722041856661155,7.483994041808751,7.658174991607666,1453300,0.0,0.0
2022-06-24 00:00:00,7.716233827197883,8.169105184762465,7.698815847135908,8.163299560546875,2847200,0.0,0.0
2022-06-27 00:00:00,8.192331679056515,8.389737355080873,8.105241200202363,8.151689529418945,1073200,0.0,0.0
2022-06-28 00:00:00,8.238781559397006,8.314260247011344,8.134273075837655,8.192333221435547,1035800,0.0,0.0
2022-06-29 00:00:00,8.12846623273572,8.169108386712898,8.0007330368974,8.08201789855957,851500,0.0,0.0
2022-06-30 00:00:00,7.954283597094565,8.151689266758188,7.954283597094565,8.029762268066406,1097900,0.0,0.0
2022-07-01 00:00:00,8.006538772577617,8.36070743943446,8.006538772577617,8.325871467590332,992200,0.0,0.0
2022-07-05 00:00:00,8.23297404637925,8.488439846643812,8.128465033053514,8.465215682983398,1448000,0.0,0.0
2022-07-06 00:00:00,8.511662873288891,8.703262336319774,8.349093749382494,8.412960052490234,1525700,0.0,0.0
2022-07-07 00:00:00,8.453604799062575,8.77874312573356,8.453604799062575,8.697458267211914,1836500,0.0,0.0
2022-07-08 00:00:00,8.6800401488491,8.749712646360745,8.540695153825808,8.685846328735352,1153700,0.0,0.0
2022-07-11 00:00:00,8.69745846716609,8.761325340939893,8.471022980027149,8.517471313476562,1061600,0.0,0.0
2022-07-12 00:00:00,8.511664010304228,8.627784828606302,8.395543192002153,8.465215682983398,1086100,0.0,0.0
2022-07-13 00:00:00,8.285231832394368,8.513210184849333,8.21323800596998,8.483213424682617,1233000,0.47,0.0
2022-07-14 00:00:00,8.37522390283513,8.393222074752924,8.093249872749018,8.171242713928223,959100,0.0,0.0
2022-07-15 00:00:00,8.315229977450148,8.447217918341883,8.039255504031948,8.387223243713379,873300,0.0,0.0
2022-07-18 00:00:00,8.405221857976558,8.4352191948218,8.141245980320372,8.297231674194336,913800,0.0,0.0
2022-07-19 00:00:00,8.35722707027493,8.645200155717472,8.35722707027493,8.579206466674805,1002600,0.0,0.0
2022-07-20 00:00:00,8.56120738173967,8.669196991224531,8.507212290921439,8.633200645446777,840400,0.0,0.0
2022-07-21 00:00:00,8.573204280420962,8.783185020559195,8.501211030926806,8.777185440063477,717300,0.0,0.0
2022-07-22 00:00:00,8.795185949980654,8.86717921863371,8.567206979836818,8.693195343017578,904300,0.0,0.0
2022-07-25 00:00:00,8.669198485218509,8.753190926760652,8.621202967809197,8.71119499206543,543600,0.0,0.0
2022-07-26 00:00:00,8.699193954467773,8.75318904297079,8.621201112424702,8.699193954467773,530600,0.0,0.0
2022-07-27 00:00:00,8.72319198584757,8.97516869211957,8.72319198584757,8.945171356201172,894300,0.0,0.0
2022-07-28 00:00:00,8.999165844586999,9.263141124281534,8.98716668216147,9.239143371582031,900400,0.0,0.0
2022-07-29 00:00:00,9.257142563128102,9.383130913934341,9.197147892400718,9.2151460647583,686100,0.0,0.0
2022-08-01 00:00:00,9.21514563240845,9.371131311259953,9.167150126938997,9.305137634277344,847600,0.0,0.0
2022-08-02 00:00:00,9.233144980005568,9.24514357108197,8.939171774587173,8.945171356201172,1073000,0.0,0.0
2022-08-03 00:00:00,8.90917463856679,9.179149506248784,8.885176885265093,9.083158493041992,977700,0.0,0.0
2022-08-04 00:00:00,9.137154057793618,9.197148734010979,9.023164859562595,9.119155883789062,578700,0.0,0.0
2022-08-05 00:00:00,9.131152893736198,9.317135316261414,9.083157392945722,9.287137985229492,793100,0.0,0.0
2022-08-08 00:00:00,9.287141180467119,9.419129139127087,9.173151969909668,9.173151969909668,907600,0.0,0.0
2022-08-09 00:00:00,9.143153173990926,9.233145183731766,9.017164818075038,9.149152755737305,960300,0.0,0.0
2022-08-10 00:00:00,9.311138708168967,9.413128744527928,9.239144866271888,9.317137718200684,878100,0.0,0.0
2022-08-11 00:00:00,9.311138653765433,9.437126445970076,9.227146220144025,9.269142150878906,1013300,0.0,0.0
2022-08-12 00:00:00,9.275139396107624,9.359131808566707,9.239142484439016,9.287137985229492,844100,0.0,0.0
2022-08-15 00:00:00,9.239144004150589,9.437125620514415,9.17315032274651,9.425127029418945,916300,0.0,0.0
2022-08-16 00:00:00,9.39512917146501,9.437125096193283,9.317136331147104,9.40712833404541,706500,0.0,0.0
2022-08-17 00:00:00,9.317134415925185,9.407126400324819,9.149150179391226,9.341132164001465,873300,0.0,0.0
2022-08-18 00:00:00,9.32913534087106,9.359132674678994,9.245142920639157,9.251142501831055,490200,0.0,0.0
2022-08-19 00:00:00,9.173150543945905,9.20914746240353,9.101157279182265,9.137153625488281,751400,0.0,0.0
2022-08-22 00:00:00,9.041162280368427,9.041162280368427,8.897175756023916,8.909174919128418,734000,0.0,0.0
2022-08-23 00:00:00,8.951172912425546,9.023166191220316,8.933174735764783,8.98716926574707,470700,0.0,0.0
2022-08-24 00:00:00,9.035162941929466,9.053161113779183,8.957170101045264,9.029163360595703,363200,0.0,0.0
2022-08-25 00:00:00,9.029165498273457,9.275142669677734,9.023165915519279,9.275142669677734,623000,0.0,0.0
2022-08-26 00:00:00,9.269141529906817,9.269141529906817,9.083159072981974,9.149152755737305,585800,0.0,0.0
2022-08-29 00:00:00,9.059161779723338,9.179150560006423,9.03516402366672,9.119155883789062,516500,0.0,0.0
2022-08-30 00:00:00,9.167151128202525,9.167151128202525,8.849180726699831,8.873178482055664,576200,0.0,0.0
2022-08-31 00:00:00,8.957170427243256,9.041162280368427,8.879177583518748,8.909174919128418,637900,0.0,0.0
2022-09-01 00:00:00,8.873178087324481,8.897175841612754,8.447217519593963,8.531209945678711,1138800,0.0,0.0
2022-09-02 00:00:00,8.615200470927919,8.71719105396142,8.531208629948452,8.59720230102539,512900,0.0,0.0
2022-09-06 00:00:00,8.54320955070622,8.585206054808786,7.967262807279302,8.045255661010742,3129800,0.0,0.0
2022-09-07 00:00:00,8.063252145270367,8.273232905303303,8.003258051083487,8.249235153198242,1332100,0.0,0.0
2022-09-08 00:00:00,8.225238854678594,8.297232123716611,8.117248665045746,8.273234367370605,820100,0.0,0.0
2022-09-09 00:00:00,8.465215232973305,8.94517086484928,8.417219727000864,8.915173530578613,2041300,0.0,0.0
2022-09-12 00:00:00,8.981167841876921,9.041161938677329,8.88517682927502,8.96316909790039,816300,0.0,0.0
2022-09-13 00:00:00,8.753190578038941,8.885178531732077,8.687196315116536,8.765189170837402,1032100,0.0,0.0
2022-09-14 00:00:00,8.759189254123743,8.891176622007311,8.693194998030343,8.885177612304688,835500,0.0,0.0
2022-09-15 00:00:00,8.849180571410956,9.023164437725514,8.69319487825953,8.72319221496582,783100,0.0,0.0
2022-09-16 00:00:00,8.639199085161295,8.915173530578613,8.573205407487078,8.915173530578613,2427800,0.0,0.0
2022-09-19 00:00:00,8.80118433098937,8.951170429919452,8.80118433098937,8.921173095703125,730200,0.0,0.0
2022-09-20 00:00:00,8.843180656433105,8.891176164494082,8.777186975887158,8.843180656433105,594400,0.0,0.0
2022-09-21 00:00:00,8.933173116148126,9.023164555287885,8.819183349609375,8.819183349609375,664300,0.0,0.0
2022-09-22 00:00:00,8.729192554967463,8.8131844184588,8.495213994916613,8.525211334228516,830600,0.0,0.0
2022-09-23 00:00:00,8.399221263134018,8.41721943420973,8.129246408392163,8.24323558807373,1028600,0.0,0.0
2022-09-26 00:00:00,8.231237407659952,8.36322476498492,7.7632803591935575,7.775279521942139,1499700,0.0,0.0
2022-09-27 00:00:00,7.883270552597199,7.973261994360091,7.559300561238499,7.6792893409729,1161800,0.0,0.0
2022-09-28 00:00:00,7.697288239973936,7.973262745435466,7.667290899176701,7.889270305633545,1029700,0.0,0.0
2022-09-29 00:00:00,7.769279327777583,7.793277079230388,7.139337636952044,7.24732780456543,2152800,0.0,0.0
2022-09-30 00:00:00,7.289324018390381,7.46930744756763,7.061345656537623,7.067344665527344,1609500,0.0,0.0
2022-10-03 00:00:00,7.12134252401826,7.157339452728864,6.641386716736922,6.94735860824585,2152000,0.0,0.0
2022-10-04 00:00:00,7.127339857393763,7.637292276764866,7.127339857393763,7.607295513153076,2268100,0.0,0.0
2022-10-05 00:00:00,7.493306994188944,7.493306994188944,7.067346357742524,7.403315544128418,1483800,0.0,0.0
2022-10-06 00:00:00,7.39731623823337,7.511306022868744,7.10334354674502,7.115342140197754,2002200,0.0,0.0
2022-10-07 00:00:00,7.055347362013611,7.2953249299113585,6.899361656804248,6.983354091644287,1841000,0.0,0.0
2022-10-10 00:00:00,6.989353892029612,7.15733878070411,6.737377131169584,6.74937629699707,1831200,0.0,0.0
2022-10-11 00:00:00,6.719377955259066,7.199333646095778,6.623386931522051,7.139338970184326,2550500,0.0,0.0
2022-10-12 00:00:00,7.1333398077725665,7.13933881751412,6.785372068091136,6.989352703094482,1983800,0.0,0.0
2022-10-13 00:00:00,6.8830745443275765,7.276929009403472,6.739286122377103,7.208160400390625,1955500,0.47,0.0
2022-10-14 00:00:00,7.239418623285588,7.401961845343165,7.0893790011729605,7.114385604858398,1360700,0.0,0.0
2022-10-17 00:00:00,7.183153449166297,7.320690064345159,7.05812043364208,7.151895046234131,1166300,0.0,0.0
2022-10-18 00:00:00,7.2956851282656014,7.4894861975595415,7.226917103065266,7.339446544647217,1070300,0.0,0.0
2022-10-19 00:00:00,7.258173295387502,7.301935298196836,7.1206372757137375,7.170650482177734,825900,0.0,0.0
2022-10-20 00:00:00,7.170652699583083,7.333195372752469,7.126890683241071,7.214414119720459,769800,0.0,0.0
2022-10-21 00:00:00,7.28943306245344,7.52699613571167,7.195658431837757,7.52699613571167,1270200,0.0,0.0
2022-10-24 00:00:00,7.583260864447021,7.645777083747402,7.401962814928202,7.633274078369141,1039800,0.0,0.0
2022-10-25 00:00:00,7.60826691457684,7.995869592207805,7.533247099184185,7.908346176147461,1395400,0.0,0.0
2022-10-26 00:00:00,7.95835860461693,8.11465002038274,7.852080990404261,7.877087593078613,1717000,0.0,0.0
2022-10-27 00:00:00,7.939605408176809,8.15841367300479,7.833327176255168,7.902095794677734,1145500,0.0,0.0
2022-10-28 00:00:00,8.233432024361253,8.746067689374252,8.177167017966276,8.708558082580566,2272300,0.0,0.0
2022-10-31 00:00:00,8.621036852544554,8.814838523988556,8.483500201719925,8.671050071716309,1325700,0.0,0.0
2022-11-01 00:00:00,8.783577972584018,8.90235919012133,8.508504737964257,8.564769744873047,1071300,0.0,0.0
2022-11-02 00:00:00,8.52100797319542,8.833590801575863,8.389723161427456,8.439736366271973,1000500,0.0,0.0
2022-11-03 00:00:00,8.308451554504009,8.489749571116489,8.195921545501632,8.439736366271973,839900,0.0,0.0
2022-11-04 00:00:00,8.558519420336767,8.764824679968411,8.477248392129965,8.658546447753906,810700,0.0,0.0
2022-11-07 00:00:00,8.658546643942458,8.839844703674316,8.596029824915787,8.839844703674316,663300,0.0,0.0
2022-11-08 00:00:00,8.858598041644848,8.889856445973775,8.65854520786687,8.75857162475586,681200,0.0,0.0
2022-11-09 00:00:00,8.683551812089117,8.93986965441827,8.589776599102334,8.75857162475586,662300,0.0,0.0
2022-11-10 00:00:00,9.108665121354589,9.533778037758108,8.958625478931419,9.515023231506348,1921000,0.0,0.0
2022-11-11 00:00:00,9.546277743097695,9.765085316607722,9.42124416257277,9.6463041305542,1212200,0.0,0.0
2022-11-14 00:00:00,9.565037066611985,9.63380509146924,9.446255228162224,9.52752685546875,1008700,0.0,0.0
2022-11-15 00:00:00,9.690068688749925,9.86511492393202,9.502518852952576,9.608797073364258,1190300,0.0,0.0
2022-11-16 00:00:00,9.565035642202124,9.596294047465772,9.358731002148339,9.533777236938477,583500,0.0,0.0
2022-11-17 00:00:00,9.408744658471457,9.458757870784295,9.258705021532945,9.389989852905273,729500,0.0,0.0
2022-11-18 00:00:00,9.615049941292547,9.658811355896058,9.302467045657046,9.402493476867676,1047000,0.0,0.0
2022-11-21 00:00:00,9.43375158731269,9.515023209152105,9.339976363865116,9.502519607543945,516100,0.0,0.0
2022-11-22 00:00:00,9.533776642770757,9.615048252909403,9.490015235851661,9.596293449401855,416200,0.0,0.0
2022-11-23 00:00:00,9.577538025551208,9.627551232248255,9.515021815282127,9.583789825439453,358900,0.0,0.0
2022-11-25 00:00:00,9.577539137030406,9.633804150145286,9.540029525756836,9.540029525756836,256700,0.0,0.0
2022-11-28 00:00:00,9.4837647473831,9.540029761890644,9.33997631072998,9.33997631072998,766600,0.0,0.0
2022-11-29 00:00:00,9.339975403796997,9.471260226165032,9.283710990957392,9.427498817443848,654700,0.0,0.0
2022-11-30 00:00:00,9.31496901910619,9.552532065005321,9.177432989536555,9.546280860900879,1076500,0.0,0.0
2022-12-01 00:00:00,9.558784331393621,9.740082375761276,9.433751300140846,9.540029525756836,879400,0.0,0.0
2022-12-02 00:00:00,9.38373776165756,9.558783999330505,9.283711340130163,9.490015983581543,531000,0.0,0.0
2022-12-05 00:00:00,9.389988380300718,9.427497985550563,9.289961375157468,9.308716773986816,617200,0.0,0.0
2022-12-06 00:00:00,9.308716693919111,9.333723295938725,9.121166880669788,9.20868968963623,604600,0.0,0.0
2022-12-07 00:00:00,9.09616098614552,9.396240233720931,8.983630970202508,9.333724021911621,832300,0.0,0.0
2022-12-08 00:00:00,9.308718193079946,9.465009629924243,9.289962791391378,9.30246639251709,815800,0.0,0.0
2022-12-09 00:00:00,9.314969200178755,9.358731206987498,9.183684372161533,9.196187973022461,478900,0.0,0.0
2022-12-12 00:00:00,9.221195487859857,9.221195487859857,8.946122800043536,9.033645629882812,1114600,0.0,0.0
2022-12-13 00:00:00,9.346229040718523,9.440004272955923,9.052400933635353,9.114917755126953,972700,0.0,0.0
2022-12-14 00:00:00,9.121167756449031,9.127419556605313,8.839843307665571,8.983631134033203,933000,0.0,0.0
2022-12-15 00:00:00,8.896107518376915,8.927365922243792,8.764823295304067,8.877352714538574,667100,0.0,0.0
2022-12-16 00:00:00,8.708557413167606,8.77732541780624,8.352212598792555,8.377219200134277,5733800,0.0,0.0
2022-12-19 00:00:00,8.402228235921525,8.608533502020734,8.333460211358172,8.470996856689453,878500,0.0,0.0
2022-12-20 00:00:00,8.40222801647654,8.452241828549061,8.23968536300795,8.27719497680664,868000,0.0,0.0
2022-12-21 00:00:00,8.383471386219293,8.558517603685583,8.383471386219293,8.452239990234375,689500,0.0,0.0
2022-12-22 00:00:00,8.35221563721893,8.402228858096526,8.170917562486482,8.345964431762695,730800,0.0,0.0
2022-12-23 00:00:00,8.320954419277122,8.370967619706676,8.20842442020844,8.252185821533203,2009200,0.0,0.0
2022-12-27 00:00:00,8.25218755168619,8.25218755168619,8.139658125228973,8.220929145812988,737700,0.0,0.0
2022-12-28 00:00:00,8.22092805447543,8.227179854061037,7.827074219852961,7.852080821990967,1083900,0.0,0.0
2022-12-29 00:00:00,7.955397613357807,8.058714369507943,7.897281784069245,8.019970893859863,792800,0.4,0.0
2022-12-30 00:00:00,7.923112287203279,8.065172531521554,7.910197383638074,8.00059986114502,1065600,0.0,0.0
2023-01-03 00:00:00,8.116831194514253,8.297636155773358,8.10391690631947,8.226605415344238,766000,0.0,0.0
2023-01-04 00:00:00,8.38157885568246,8.594670417604922,8.329920481827436,8.588212966918945,1246700,0.0,0.0
2023-01-05 00:00:00,8.543011367076957,8.794846399688533,8.47843870812636,8.736730575561523,640500,0.0,0.0
2023-01-06 00:00:00,8.743191733236797,8.814221872943515,8.639874942457334,8.678618431091309,620100,0.0,0.0
2023-01-09 00:00:00,8.749647016606326,8.833592042249515,8.710902921764664,8.723817825317383,550700,0.0,0.0
2023-01-10 00:00:00,8.710902342726648,8.911079023772027,8.685073153154644,8.769018173217773,777700,0.0,0.0
2023-01-11 00:00:00,8.820677053113192,8.943366172407638,8.801305313788564,8.904622077941895,739600,0.0,0.0
2023-01-12 00:00:00,9.00148259530885,9.059598436878536,8.891708980564145,8.988568305969238,723400,0.0,0.0
2023-01-13 00:00:00,8.911079133558871,9.317889336192296,8.904621682132198,9.311431884765625,542700,0.0,0.0
2023-01-17 00:00:00,9.363089566534383,9.498692957303055,9.317888641550297,9.395376205444336,721200,0.0,0.0
2023-01-18 00:00:00,9.414747947528774,9.5503513383704,9.343717834541795,9.42766284942627,465600,0.0,0.0
2023-01-19 00:00:00,9.259772814675665,9.408290491518468,9.221028724820437,9.395376205444336,431800,0.0,0.0
2023-01-20 00:00:00,9.466407198730614,9.576181411743164,9.324346343805585,9.576181411743164,667600,0.0,0.0
2023-01-23 00:00:00,9.595552444458008,9.666583174601834,9.543894067526002,9.595552444458008,501100,0.0,0.0
2023-01-24 00:00:00,9.65366848167257,9.65366848167257,9.376004853599696,9.537437438964844,350200,0.0,0.0
2023-01-25 00:00:00,9.485778811093628,9.589096186999504,9.40829124102657,9.518065452575684,397300,0.0,0.0
2023-01-26 00:00:00,9.595553071944419,9.763443115860559,9.550352143127178,9.756985664367676,517400,0.0,0.0
2023-01-27 00:00:00,9.802188043276761,9.847388975941106,9.679498917735653,9.763443946838379,1254800,0.0,0.0
2023-01-30 00:00:00,9.653669480786375,9.724700219820942,9.56972445381057,9.679498672485352,833700,0.0,0.0
2023-01-31 00:00:00,9.68595567296763,9.84738826751709,9.673040769811763,9.84738826751709,1304200,0.0,0.0
2023-02-01 00:00:00,9.808644786933101,10.054022419883031,9.750529566548776,9.94424819946289,850200,0.0,0.0
2023-02-02 00:00:00,10.008822689021581,10.041109336988194,9.931335103391664,9.9959077835083,734500,0.0,0.0
2023-02-03 00:00:00,9.834472346794952,9.834472346794952,9.130626824671571,9.640753746032715,2345400,0.0,0.0
2023-02-06 00:00:00,9.363090128726602,9.492236076304367,9.169370899451726,9.188742637634277,1062900,0.0,0.0
2023-02-07 00:00:00,9.027312033147343,9.279147148132324,8.969196805827659,9.279147148132324,1399200,0.0,0.0
2023-02-08 00:00:00,9.285602694875397,9.369547715972752,9.117712652680689,9.311431884765625,726400,0.0,0.0
2023-02-09 00:00:00,9.608467881873688,9.71178464149333,9.330803628533552,9.376005172729492,954700,0.0,0.0
2023-02-10 00:00:00,9.356634018045554,9.434121597694912,9.285603890654446,9.330804824829102,433900,0.0,0.0
2023-02-13 00:00:00,9.343717829514977,9.434119679483148,9.324345476679156,9.395376205444336,392200,0.0,0.0
2023-02-14 00:00:00,9.330803955719114,9.401834692310665,9.124170429234205,9.182286262512207,453700,0.0,0.0
2023-02-15 00:00:00,9.12416960749506,9.214572075098642,9.059596328375871,9.208114624023438,285500,0.0,0.0
2023-02-16 00:00:00,9.078969743208608,9.259774083740858,9.078969743208608,9.201658248901367,401300,0.0,0.0
2023-02-17 00:00:00,8.982110266291404,9.124171134641013,8.93690933283238,9.098341941833496,715900,0.0,0.0
2023-02-21 00:00:00,8.962737997748999,8.975652285483859,8.672159441824908,8.69153118133545,721300,0.0,0.0
2023-02-22 00:00:00,8.710901388818007,8.865876509279104,8.710901388818007,8.736730575561523,578500,0.0,0.0
2023-02-23 00:00:00,8.756104218190883,8.82713433825178,8.626957649619829,8.672159194946289,533000,0.0,0.0
2023-02-24 00:00:00,8.536556491358796,8.607586617250497,8.4719832017725,8.491354942321777,664700,0.0,0.0
2023-02-27 00:00:00,8.536554451426158,8.607584560344192,8.452609441350454,8.497810363769531,615800,0.0,0.0
2023-02-28 00:00:00,8.471980911167847,8.543011017854843,8.407408254856858,8.413865089416504,575300,0.0,0.0
2023-03-01 00:00:00,8.39449513332426,8.471982706810811,8.33637929925522,8.38803768157959,537300,0.0,0.0
2023-03-02 00:00:00,8.297634635601897,8.400951385498047,8.23951880983121,8.400951385498047,741300,0.0,0.0
2023-03-03 00:00:00,8.459068545023204,8.510726928116338,8.394495258248538,8.478440284729004,633900,0.0,0.0
2023-03-06 00:00:00,8.52364121598137,8.588214502756035,8.388037806407771,8.478440284729004,617700,0.0,0.0
2023-03-07 00:00:00,8.491355892682357,8.549471736651098,8.278264875341376,8.284722328186035,704800,0.0,0.0
2023-03-08 00:00:00,8.36220645904541,8.381578193757084,8.252432269318675,8.36220645904541,690000,0.0,0.0
2023-03-09 00:00:00,8.362207075933402,8.388036262726528,8.058713669251883,8.07162857055664,647600,0.0,0.0
2023-03-10 00:00:00,8.026427067924727,8.08454288796602,7.742305417904265,7.800421237945557,1111500,0.0,0.0
2023-03-13 00:00:00,7.645447505392576,7.890825114308079,7.542130747073722,7.697105884552002,1428800,0.0,0.0
2023-03-14 00:00:00,7.9101978582063905,8.14911804614811,7.845624568139317,7.903740406036377,1041300,0.0,0.0
2023-03-15 00:00:00,7.703564059683339,7.85208175976644,7.567960647695219,7.71647834777832,1013700,0.0,0.0
2023-03-16 00:00:00,7.658361690318924,7.813337441550476,7.5227582928765955,7.742306709289551,854500,0.0,0.0
2023-03-17 00:00:00,7.68419178288672,7.68419178288672,7.329040543097303,7.3354973793029785,2746400,0.0,0.0
2023-03-20 00:00:00,7.367785208967742,7.593791139573482,7.367785208967742,7.451730251312256,987400,0.0,0.0
2023-03-21 00:00:00,7.619620088445325,7.716479417948541,7.535675048828124,7.535675048828125,760300,0.0,0.0
2023-03-22 00:00:00,7.555045440434668,7.567960343827605,7.322582721710205,7.322582721710205,803000,0.0,0.0
2023-03-23 00:00:00,7.387154514586264,7.496928717133285,7.1546918234483226,7.180521011352539,843000,0.0,0.0
2023-03-24 00:00:00,7.109490299645281,7.496928085569596,7.096575398872956,7.471098899841309,688700,0.0,0.0
2023-03-27 00:00:00,7.5227595437768535,7.600247740185753,7.49693035024607,7.5421319007873535,740700,0.0,0.0
2023-03-28 00:00:00,7.53567444845052,7.600247740185753,7.484016061388953,7.5421319007873535,519500,0.0,0.0
2023-03-29 00:00:00,7.690647504467005,7.748763327957306,7.6325316809767045,7.735848426818848,680700,0.0,0.0
2023-03-30 00:00:00,7.806879743722498,7.832708932142585,7.664818899503806,7.755221366882324,679400,0.0,0.0
2023-03-31 00:00:00,7.813337722045792,7.968312863024435,7.774593628892896,7.961855411529541,741200,0.0,0.0
2023-04-03 00:00:00,7.942482456932563,8.019970015559176,7.800421624875584,7.877909183502197,750600,0.0,0.0
2023-04-04 00:00:00,7.910196884413423,7.916654335788486,7.793965222928123,7.864995956420898,561000,0.0,0.0
2023-04-05 00:00:00,7.787509346058791,7.981227984626945,7.787509346058791,7.903740406036377,917800,0.0,0.0
2023-04-06 00:00:00,7.936026202731373,8.084544507682846,7.897282109669455,7.923111915588379,862600,0.0,0.0
2023-04-10 00:00:00,7.923111338058366,7.987684000699453,7.716477216484186,7.9683122634887695,1642600,0.0,0.0
2023-04-11 00:00:00,7.968312523139327,8.10391591966565,7.9166541450165795,8.08454418182373,1123800,0.0,0.0
2023-04-12 00:00:00,8.136203770276376,8.155575511000007,7.968313708494143,8.007057189941406,1031000,0.0,0.0
2023-04-13 00:00:00,7.967021306618224,8.03374703508041,7.893623514384786,7.9803667068481445,1036300,0.4,0.0
2023-04-14 00:00:00,8.04709210860412,8.080454335137023,7.8268974681561385,7.906968593597412,751200,0.0,0.0
2023-04-17 00:00:00,7.913640825277129,8.147180234032676,7.886950661677384,8.053764343261719,867600,0.0,0.0
2023-04-18 00:00:00,8.060437843884143,8.080455309486348,7.8869514450816895,7.920314311981201,565100,0.0,0.0
2023-04-19 00:00:00,7.873605896990348,8.073782442133364,7.866933197005385,8.040419578552246,756200,0.0,0.0
2023-04-20 00:00:00,7.947002421282573,8.007055438889218,7.940329722361036,7.993710041046143,550400,0.0,0.0
2023-04-21 00:00:00,7.967021624112535,8.007057190054047,7.880279064536101,7.973694324493408,586800,0.0,0.0
2023-04-24 00:00:00,7.933657659783092,8.013728137810753,7.766844004806234,7.993710041046143,610900,0.0,0.0
2023-04-25 00:00:00,7.973694487094616,7.973694487094616,7.780190626509422,7.786863327026367,598600,0.0,0.0
2023-04-26 00:00:00,7.800208734866448,7.926987509766705,7.693448063167578,7.726810932159424,971000,0.0,0.0
2023-04-27 00:00:00,7.80020793240954,7.906969229468996,7.746827602051678,7.846916198730469,686100,0.0,0.0
2023-04-28 00:00:00,8.160525324072117,8.420754906836287,8.140507859657555,8.293976783752441,1949900,0.0,0.0
2023-05-01 00:00:00,8.253940258645713,8.374046303852175,8.127162150306171,8.213905334472656,1650500,0.0,0.0
2023-05-02 00:00:00,8.180543581942738,8.240596612683495,7.693447271979497,7.860260963439941,1030200,0.0,0.0
2023-05-03 00:00:00,7.87360684399804,7.953677344417085,7.8135538095978125,7.826898574829102,1152200,0.0,0.0
2023-05-04 00:00:00,7.746827760268442,7.8602611236815285,7.67342996361328,7.786863327026367,1317900,0.0,0.0
2023-05-05 00:00:00,7.820225399526068,7.9870390774558855,7.760172373656345,7.840242862701416,741400,0.0,0.0
2023-05-08 00:00:00,7.860260802218987,7.893623667095521,7.7134652149121905,7.7601728439331055,763600,0.0,0.0
2023-05-09 00:00:00,7.713465050842526,7.726809814703056,7.606703758239746,7.606703758239746,783800,0.0,0.0
2023-05-10 00:00:00,7.720137596130372,7.793536029144357,7.620049633730614,7.720137596130371,850600,0.0,0.0
2023-05-11 00:00:00,7.646740728063165,7.833571910858154,7.646740728063165,7.833571910858154,877500,0.0,0.0
2023-05-12 00:00:00,7.8135546060697605,7.880280348059182,7.780191735075049,7.806881904602051,700500,0.0,0.0
2023-05-15 00:00:00,7.840243981275783,7.866934148098716,7.733483313984053,7.746828079223633,471800,0.0,0.0
2023-05-16 00:00:00,7.700120451795796,7.75350078547928,7.626722652066951,7.653412818908691,422700,0.0,0.0
2023-05-17 00:00:00,7.71346506130012,7.900296210006796,7.680102197088001,7.866933345794678,568400,0.0,0.0
2023-05-18 00:00:00,7.820225877362723,7.973694164990509,7.793535712716859,7.953676700592041,596900,0.0,0.0
2023-05-19 00:00:00,8.000385939465135,8.027076109481564,7.853590322546693,7.893625259399414,1022200,0.0,0.0
2023-05-22 00:00:00,7.92698782042756,7.92698782042756,7.806881741887441,7.833571910858154,677200,0.0,0.0
2023-05-23 00:00:00,7.833571910858154,8.05376596395249,7.82689920952952,7.833571910858154,745900,0.0,0.0
2023-05-24 00:00:00,7.833570959566762,7.833570959566762,7.666757264671334,7.720137596130371,550700,0.0,0.0
2023-05-25 00:00:00,7.653412177752845,7.673429642121268,7.319784802008441,7.406527996063232,1004400,0.0,0.0
2023-05-26 00:00:00,7.379837990292484,7.666757106894256,7.359819889149496,7.633394241333008,628000,0.0,0.0
2023-05-30 00:00:00,7.673429338719299,7.840243019995806,7.6333937752217125,7.8135528564453125,585400,0.0,0.0
2023-05-31 00:00:00,7.800206974569776,7.840242535593804,7.70679172608647,7.766844749450684,601200,0.0,0.0
2023-06-01 00:00:00,7.800207932653075,7.9870397252551575,7.773517767473312,7.973694324493408,677800,0.0,0.0
2023-06-02 00:00:00,8.073780756880023,8.347355035722941,8.027072503078468,8.300646781921387,761400,0.0,0.0
2023-06-05 00:00:00,8.233922789782405,8.260612951323692,8.100471982075973,8.160524368286133,760700,0.0,0.0
2023-06-06 00:00:00,8.16719646774279,8.42742600090994,8.140506308162335,8.334010124206543,608600,0.0,0.0
2023-06-07 00:00:00,8.38071903579172,8.52084254362748,8.37404633628915,8.454116821289062,580100,0.0,0.0
2023-06-08 00:00:00,8.44744523375042,8.594241460412004,8.400737603771443,8.554205894470215,621500,0.0,0.0
2023-06-09 00:00:00,8.560878434221758,8.560878434221758,8.420754910570258,8.467462539672852,484800,0.0,0.0
2023-06-12 00:00:00,8.467462385103453,8.634276070389005,8.440772220911512,8.59424114227295,511300,0.0,0.0
2023-06-13 00:00:00,8.614260025603185,8.741038803660558,8.59424255824711,8.70767593383789,572300,0.0,0.0
2023-06-14 00:00:00,8.721018478145185,8.801088963514093,8.647620692309598,8.761054039001465,758800,0.0,0.0
2023-06-15 00:00:00,8.707674510261484,8.914523123926458,8.694329109976666,8.901178359985352,712200,0.0,0.0
2023-06-16 00:00:00,8.94121184471214,8.961229941907707,8.734363264440129,8.867814064025879,2106500,0.0,0.0
2023-06-20 00:00:00,8.834454065334791,8.85447216901153,8.747710858433695,8.78774642944336,533600,0.0,0.0
2023-06-21 00:00:00,8.774398347112495,8.901177086302448,8.72101802629892,8.887831687927246,525600,0.0,0.0
2023-06-22 00:00:00,8.861142633656534,8.861142633656534,8.714347051266527,8.827779769897461,565200,0.0,0.0
2023-06-23 00:00:00,8.721020236118331,8.727692936996728,8.494153497003063,8.52751636505127,1447500,0.0,0.0
2023-06-26 00:00:00,8.547532886404577,8.734364022029736,8.507497324884497,8.634275436401367,410600,0.0,0.0
2023-06-27 00:00:00,8.64762148166723,8.921195824068866,8.627604017583714,8.901178359985352,439400,0.0,0.0
2023-06-28 00:00:00,8.854470424905708,9.041301568014253,8.814434861782033,9.034628868103027,577100,0.0,0.0
2023-06-29 00:00:00,9.027955687698567,9.061318549135349,8.941212502500393,9.001265525817871,498600,0.0,0.0
2023-06-30 00:00:00,9.061319349064375,9.061319349064375,8.974576156208553,8.994593620300293,460200,0.0,0.0
2023-07-03 00:00:00,9.001265525817871,9.061318549135349,8.941212502500393,9.001265525817871,268300,0.0,0.0
2023-07-05 00:00:00,8.97457535194367,9.034628375180894,8.89450486640859,8.90785026550293,619300,0.0,0.0
2023-07-06 00:00:00,8.834453428615625,8.834453428615625,8.594241928901667,8.747710227966309,685800,0.0,0.0
2023-07-07 00:00:00,8.741035963505318,8.97457470369448,8.727690565374939,8.867814064025879,636200,0.0,0.0
2023-07-10 00:00:00,8.927867442937874,9.14138873088523,8.887831883275927,9.121371269226074,848900,0.0,0.0
2023-07-11 00:00:00,9.168079384543171,9.288185433639507,9.13471652242267,9.248149871826172,744400,0.0,0.0
2023-07-12 00:00:00,9.40161862675675,9.428308788740738,9.28818527923889,9.2948579788208,936600,0.0,0.0
2023-07-13 00:00:00,9.20555079411244,9.439124582452376,9.198681477810382,9.363556861877441,1020300,0.4,0.0
2023-07-14 00:00:00,9.41164390131808,9.41164390131808,9.253638513060297,9.294857025146484,580300,0.0,0.0
2023-07-17 00:00:00,9.301729608858299,9.411646545511108,9.281120347025054,9.404776573181152,625000,0.0,0.0
2023-07-18 00:00:00,9.377294675111276,9.500951521295496,9.377294675111276,9.459733009338379,633900,0.0,0.0
2023-07-19 00:00:00,9.514691970091238,9.700176594115126,9.494082057855774,9.679567337036133,766400,0.0,0.0
2023-07-20 00:00:00,9.672698378192536,9.69330763742755,9.597130657559788,9.65208911895752,483400,0.0,0.0
2023-07-21 00:00:00,9.686439701561186,9.782616695135394,9.590262052830344,9.610871315002441,781100,0.0,0.0
2023-07-24 00:00:00,9.617739151196156,9.762005264670357,9.549040752339303,9.713916778564453,416100,0.0,0.0
2023-07-25 00:00:00,9.713917375355681,9.81009435347629,9.693307461338527,9.734526634216309,472800,0.0,0.0
2023-07-26 00:00:00,9.762005223499203,9.940620535648524,9.755135252611195,9.885662078857422,435700,0.0,0.0
2023-07-27 00:00:00,9.920011577886319,10.023059185656374,9.713917672659301,9.748266220092773,707300,0.0,0.0
2023-07-28 00:00:00,9.768876451247971,9.768876451247971,8.710925039168837,8.882670402526855,2177000,0.0,0.0
2023-07-31 00:00:00,8.889539962347465,8.97197831555249,8.655966812121845,8.779623031616211,1544800,0.0,0.0
2023-08-01 00:00:00,8.738403320545482,8.841450265288328,8.690314178529857,8.745272636413574,694400,0.0,0.0
2023-08-02 00:00:00,8.752142421224432,8.765882362981273,8.62161625031685,8.67657470703125,621400,0.0,0.0
2023-08-03 00:00:00,8.621616711991132,8.655965913066101,8.42239213194414,8.463610649108887,600600,0.0,0.0
2023-08-04 00:00:00,8.477349551822613,8.690313393084867,8.449870325364373,8.655964851379395,652500,0.0,0.0
2023-08-07 00:00:00,8.690316572753895,8.930760383605957,8.676577282075973,8.930760383605957,751600,0.0,0.0
2023-08-08 00:00:00,8.868929463072229,9.075024006990374,8.78649177653627,9.054414749145508,777100,0.0,0.0
2023-08-09 00:00:00,9.033803286098726,9.10250167400281,8.992584777481381,9.04067325592041,537000,0.0,0.0
2023-08-10 00:00:00,9.06128399361,9.136852363706716,8.896408621836871,8.937627792358398,423100,0.0,0.0
2023-08-11 00:00:00,8.930758955308633,8.930758955308633,8.834581315318173,8.855191230773926,307300,0.0,0.0
2023-08-14 00:00:00,8.855189847253866,8.855189847253866,8.738402965210815,8.759012222290039,489700,0.0,0.0
2023-08-15 00:00:00,8.738402531615407,8.759011787672009,8.642224911423867,8.662834167480469,438500,0.0,0.0
2023-08-16 00:00:00,8.635355949401855,8.731533580824411,8.60100740368199,8.635355949401855,437600,0.0,0.0
2023-08-17 00:00:00,8.628486334494019,8.724663307428859,8.61474639255676,8.62161636352539,675900,0.0,0.0
2023-08-18 00:00:00,8.559787527616555,8.710923605948828,8.518568358923586,8.66970443725586,460500,0.0,0.0
2023-08-21 00:00:00,8.669704137884816,8.690313393941418,8.55978723204102,8.662834167480469,389800,0.0,0.0
2023-08-22 00:00:00,8.738403134624074,8.779621649581632,8.64909547867405,8.67657470703125,452200,0.0,0.0
2023-08-23 00:00:00,8.704055126547939,8.862060547435936,8.697185154729356,8.855191230773926,404800,0.0,0.0
2023-08-24 00:00:00,8.793364035130256,8.985718687088553,8.793364035130256,8.868931770324707,421000,0.0,0.0
2023-08-25 00:00:00,8.917018951073205,8.971978070091813,8.820841966892917,8.882670402526855,380300,0.0,0.0
2023-08-28 00:00:00,8.910148870924312,9.123112736351157,8.882669641348057,9.095633506774902,671800,0.0,0.0
2023-08-29 00:00:00,9.081894932242458,9.22616106262782,9.040675757065255,9.205551147460938,530800,0.0,0.0
2023-08-30 00:00:00,9.171201350705333,9.226159806689177,9.102502953147292,9.191810607910156,306800,0.0,0.0
2023-08-31 00:00:00,9.19868212850379,9.267379882479649,9.191812156559228,9.212421417236328,520600,0.0,0.0
2023-09-01 00:00:00,9.294859353295745,9.329208558742216,9.219291625438792,9.246770858764648,377500,0.0,0.0
2023-09-05 00:00:00,9.150592261252056,9.157462232656968,8.937628388952051,8.958237648010254,550500,0.0,0.0
2023-09-06 00:00:00,8.951366892441646,8.999456032906759,8.841449980218204,8.875799179077148,471800,0.0,0.0
2023-09-07 00:00:00,8.882670822320287,8.951368577816197,8.82771235586092,8.841451644897461,399800,0.0,0.0
2023-09-08 00:00:00,8.868930220603723,8.9032794233834,8.827711701393348,8.848320960998535,328700,0.0,0.0
2023-09-11 00:00:00,8.8826724428555,8.903281707748523,8.813974019669802,8.827713966369629,493700,0.0,0.0
2023-09-12 00:00:00,8.786492705764173,8.965108039726715,8.759013474012749,8.765883445739746,527200,0.0,0.0
2023-09-13 00:00:00,8.786493003576062,8.834581496981839,8.731534538210434,8.779623031616211,383200,0.0,0.0
2023-09-14 00:00:00,8.834581195148898,8.951368093849984,8.834581195148898,8.91701889038086,658800,0.0,0.0
2023-09-15 00:00:00,8.855191170595836,8.944498838160793,8.81397199512102,8.882670402526855,2069400,0.0,0.0
2023-09-18 00:00:00,8.868931223828863,9.040676601997994,8.862061251464509,8.965108871459961,735600,0.0,0.0
2023-09-19 00:00:00,8.978846137875383,9.102502991944322,8.97197682221548,9.020065307617188,496700,0.0,0.0
2023-09-20 00:00:00,9.095635631064724,9.095635631064724,8.868931770324707,8.868931770324707,412500,0.0,0.0
2023-09-21 00:00:00,8.793362062197712,8.827711263272635,8.449871361761524,8.456741333007812,598800,0.0,0.0
2023-09-22 00:00:00,8.470481393520357,8.587268294741365,8.42926287259328,8.539179801940918,358200,0.0,0.0
2023-09-25 00:00:00,8.504829821418793,8.56665825232235,8.443001390515237,8.456741333007812,348200,0.0,0.0
2023-09-26 00:00:00,8.456740716275988,8.491089259689428,8.28499537858291,8.298734664916992,573900,0.0,0.0
2023-09-27 00:00:00,8.298734963699765,8.401781907963064,8.236906535079187,8.305604934692383,476700,0.0,0.0
2023-09-28 00:00:00,8.264385833108419,8.443001149473458,8.21629734607033,8.422391891479492,627400,0.0,0.0
2023-09-29 00:00:00,8.518569946289062,8.635356848332217,8.491090713758707,8.518569946289062,557400,0.0,0.0
2023-10-02 00:00:00,8.47735119070472,8.497960450743571,8.250647364807659,8.333085060119629,594100,0.0,0.0
2023-10-03 00:00:00,8.264388921038861,8.271258894655933,7.98272655430634,8.051424980163574,691700,0.0,0.0
2023-10-04 00:00:00,8.106380876355248,8.120120164055754,7.865937117609296,7.989593982696533,647400,0.0,0.0
2023-10-05 00:00:00,7.968985776737865,8.202558939767473,7.907157336023085,8.154470443725586,759800,0.0,0.0
2023-10-06 00:00:00,8.06516018245613,8.250645445118371,8.06516018245613,8.188817024230957,632700,0.0,0.0
2023-10-09 00:00:00,8.140729561808506,8.326214192513744,8.140729561808506,8.305604934692383,594500,0.0,0.0
2023-10-10 00:00:00,8.353694557793482,8.415522994825416,8.298736092688781,8.36743450164795,584600,0.0,0.0
2023-10-11 00:00:00,8.408652131939645,8.497959792061126,8.38804287349823,8.491089820861816,684600,0.0,0.0
2023-10-12 00:00:00,8.434293936349507,8.455592468626746,8.207107786543933,8.306501388549805,907700,0.4,0.0
2023-10-13 00:00:00,8.33489950589605,8.398795778635408,8.107713360216659,8.143211364746094,714200,0.0,0.0
2023-10-16 00:00:00,8.136112946348105,8.370398866297617,8.136112946348105,8.334900856018066,613500,0.0,0.0
2023-10-17 00:00:00,8.157410308472864,8.356198866620874,8.114813243918386,8.306501388549805,637600,0.0,0.0
2023-10-18 00:00:00,8.235505152715293,8.235505152715293,8.022517822080438,8.058015823364258,545200,0.0,0.0
2023-10-19 00:00:00,8.008318256510082,8.072214522655512,7.845028400421143,7.845028400421143,623800,0.0,0.0
2023-10-20 00:00:00,7.866327531390904,7.965721805999851,7.823730468749999,7.82373046875,589400,0.0,0.0
2023-10-23 00:00:00,7.759834600799714,7.8379296710767,7.6604403210278,7.68173885345459,706600,0.0,0.0
2023-10-24 00:00:00,7.646242486203736,7.802432646390234,7.60364473892764,7.610744476318359,620100,0.0,0.0
2023-10-25 00:00:00,7.553946586864598,7.646241125312545,7.4687517845437466,7.490050315856934,607100,0.0,0.0
2023-10-26 00:00:00,7.539748456547607,7.759835576182361,7.539748456547607,7.610744476318359,747500,0.0,0.0
2023-10-27 00:00:00,8.597584161288099,8.746675247417633,8.398796272138105,8.718276977539062,2002500,0.0,0.0
2023-10-30 00:00:00,8.846070265813566,9.059057646140472,8.76797518642326,8.803472518920898,1400500,0.0,0.0
2023-10-31 00:00:00,8.860268033690772,9.094554598770188,8.860268033690772,8.980960845947266,881200,0.0,0.0
2023-11-01 00:00:00,9.044856747508026,9.250744358094162,8.945463148853547,9.23654556274414,1016000,0.0,0.0
2023-11-02 00:00:00,9.371437709626594,9.548927062752357,9.314641170791804,9.520528793334961,916800,0.0,0.0
2023-11-03 00:00:00,9.754814640836472,9.818710916001432,9.68381930615063,9.740615844726562,838000,0.0,0.0
2023-11-06 00:00:00,9.726415973173065,9.754814241297892,9.61992263697199,9.69091796875,801300,0.0,0.0
2023-11-07 00:00:00,9.662518656870407,9.719315186984845,9.54892559664153,9.683817863464355,482600,0.0,0.0
2023-11-08 00:00:00,9.683818663309234,9.712216930712037,9.577324652747645,9.662519454956055,540200,0.0,0.0
2023-11-09 00:00:00,9.690918784821971,9.740616266026532,9.49923062810436,9.527628898620605,449000,0.0,0.0
2023-11-10 00:00:00,9.641221169768187,9.641221169768187,9.534727833556403,9.619922637939453,493400,0.0,0.0
2023-11-13 00:00:00,9.527628067447608,9.627022344117577,9.470831531369946,9.577324867248535,295800,0.0,0.0
2023-11-14 00:00:00,9.840009225954386,9.92520403188975,9.79741216152077,9.896805763244629,682200,0.0,0.0
2023-11-15 00:00:00,9.882607119806572,9.946503394510154,9.832910318178516,9.918105125427246,739000,0.0,0.0
2023-11-16 00:00:00,9.939404099048076,9.9465038359009,9.761914740136504,9.818711280822754,562100,0.0,0.0
2023-11-17 00:00:00,9.896805641191422,9.932303645827076,9.761914036057691,9.847108840942383,448200,0.0,0.0
2023-11-20 00:00:00,9.847108380919499,9.932303181824185,9.790311846983043,9.903904914855957,349500,0.0,0.0
2023-11-21 00:00:00,9.854209314641666,9.903906118609356,9.825811044221819,9.861309051513672,228000,0.0,0.0
2023-11-22 00:00:00,9.918105193126031,9.94650346240278,9.78321290626036,9.81161117553711,339800,0.0,0.0
2023-11-24 00:00:00,9.811610837704423,9.832910046729722,9.73351576914936,9.776113510131836,219600,0.0,0.0
2023-11-27 00:00:00,9.776114438141352,9.776114438141352,9.712218159136269,9.733516693115234,390000,0.0,0.0
2023-11-28 00:00:00,9.73351620009384,9.790312739206351,9.68381939763743,9.74771499633789,406200,0.0,0.0
2023-11-29 00:00:00,9.825810553251856,9.9536031022898,9.825810553251856,9.875507354736328,468300,0.0,0.0
2023-11-30 00:00:00,9.918105245499786,9.982001520976922,9.861308706646366,9.967802047729492,410200,0.0,0.0
2023-12-01 00:00:00,9.960700737220217,10.244684063683403,9.85420741296405,10.223384857177734,683900,0.0,0.0
2023-12-04 00:00:00,10.209186621899189,10.365377426147461,10.209186621899189,10.365377426147461,622300,0.0,0.0
2023-12-05 00:00:00,10.37957656025321,10.422174299920362,10.273083226687483,10.400875091552734,586400,0.0,0.0
2023-12-06 00:00:00,10.436373124147467,10.471871127790887,10.102692973208281,10.109792709350586,758000,0.0,0.0
2023-12-07 00:00:00,10.102693491238497,10.223386303573964,10.02459842087302,10.209187507629395,631000,0.0,0.0
2023-12-08 00:00:00,10.074294858121304,10.244685142773937,10.074294858121304,10.20208740234375,479200,0.0,0.0
2023-12-11 00:00:00,10.173688309759326,10.28018163660054,10.152389779804695,10.25178337097168,640000,0.0,0.0
2023-12-12 00:00:00,10.258884577134669,10.44347366871494,10.216287511119624,10.351179122924805,680800,0.0,0.0
2023-12-13 00:00:00,10.400876023776057,10.68485940051807,10.37957749056756,10.66356086730957,966500,0.0,0.0
2023-12-14 00:00:00,10.841049105187103,11.046936710472185,10.82684963313457,10.975940704345703,1027800,0.0,0.0
2023-12-15 00:00:00,10.983041219954707,10.997240015946986,10.75585439046497,10.77005386352539,3319400,0.0,0.0
2023-12-18 00:00:00,10.833949643120528,10.904944973974185,10.755853898992962,10.784252166748047,563900,0.0,0.0
2023-12-19 00:00:00,10.841050165069575,11.075336060296745,10.82685069162882,11.025638580322266,781800,0.0,0.0
2023-12-20 00:00:00,11.004340150633293,11.160530974608465,10.8907470703125,10.8907470703125,753200,0.0,0.0
2023-12-21 00:00:00,11.004339855530786,11.153430938720703,10.919145047574855,11.153430938720703,653100,0.0,0.0
2023-12-22 00:00:00,11.153430938720703,11.196028681232743,11.068236130764772,11.153430938720703,461800,0.0,0.0
2023-12-26 00:00:00,11.18892943265768,11.259924770516783,11.1179334177304,11.210227966308594,516500,0.0,0.0
2023-12-27 00:00:00,11.203128012898091,11.281223763222508,11.181829479658779,11.224427223205566,543200,0.0,0.0
2023-12-28 00:00:00,11.195291745669758,11.22442715530506,11.100601490694288,11.12973690032959,594000,0.4,0.0
2023-12-29 00:00:00,11.078748540420559,11.100599920896169,10.882084032211486,10.889368057250977,568500,0.0,0.0
2024-01-02 00:00:00,10.809248185992328,11.013196068376237,10.780112774223198,10.925789833068848,590700,0.0,0.0
2024-01-03 00:00:00,10.852949429097341,10.852949429097341,10.692705034238225,10.69998836517334,540200,0.0,0.0
2024-01-04 00:00:00,10.6854210086602,10.80196263933698,10.678136983082172,10.69998836517334,484300,0.0,0.0
2024-01-05 00:00:00,10.627149464772884,10.874800760304655,10.627149464772884,10.801961898803711,421400,0.0,0.0
2024-01-08 00:00:00,10.76554391766986,10.947640401299255,10.750976560193845,10.933073043823242,471900,0.0,0.0
2024-01-09 00:00:00,10.794677815666185,10.918503462766077,10.780110460230064,10.889368057250977,325500,0.0,0.0
2024-01-10 00:00:00,10.86023271014732,10.9549229522414,10.772826493131907,10.801961898803711,501800,0.0,0.0
2024-01-11 00:00:00,10.685419811752407,10.73640659580158,10.481471980912888,10.58344554901123,694600,0.0,0.0
2024-01-12 00:00:00,10.670853458312017,10.823814529414836,10.590731257122139,10.649002075195312,386300,0.0,0.0
2024-01-16 00:00:00,10.510608968342442,10.598015194723807,10.423202741961077,10.53974437713623,479100,0.0,0.0
2024-01-17 00:00:00,10.379498342522048,10.561594804671557,10.343078911163571,10.372214317321777,412800,0.0,0.0
2024-01-18 00:00:00,10.437770752901153,10.51789295844252,10.350364521044305,10.51060962677002,395800,0.0,0.0
2024-01-19 00:00:00,10.496040511488976,10.714556416329394,10.401350262903364,10.69998836517334,429400,0.0,0.0
2024-01-22 00:00:00,10.76554312291575,10.852949345248039,10.67085287506171,10.7728271484375,463000,0.0,0.0
2024-01-23 00:00:00,10.852949921592401,10.88208533058373,10.772827720526985,10.81653118133545,290900,0.0,0.0
2024-01-24 00:00:00,10.925789020107409,10.947640403647595,10.721841152898765,10.7509765625,406100,0.0,0.0
2024-01-25 00:00:00,10.88936819654702,10.933071652700153,10.794677953750957,10.896652221679688,336500,0.0,0.0
2024-01-26 00:00:00,10.947639008322618,11.013193845230882,10.88936819654702,10.896652221679688,361500,0.0,0.0
2024-01-29 00:00:00,10.925788140310559,11.056897820280014,10.88208468210644,11.027762413024902,546900,0.0,0.0
2024-01-30 00:00:00,11.02776103642252,11.042328390910173,10.714554926545604,10.72183895111084,720600,0.0,0.0
2024-01-31 00:00:00,10.76554354882459,10.76554354882459,10.445054054260254,10.445054054260254,795600,0.0,0.0
2024-02-01 00:00:00,10.46690414508564,10.58344576508759,10.299375739993552,10.517890930175781,959900,0.0,0.0
2024-02-02 00:00:00,10.386782186073193,10.517891164170786,9.971601787276033,10.168266296386719,969300,0.0,0.0
2024-02-05 00:00:00,10.051724673792028,10.211969752181158,9.927899026124456,10.168266296386719,1051400,0.0,0.0
2024-02-06 00:00:00,10.131848109682323,10.153699492941087,9.98617106355232,10.01530647277832,1155500,0.0,0.0
2024-02-07 00:00:00,10.073576760078398,10.073576760078398,9.847777524143401,9.86962890625,812600,0.0,0.0
2024-02-08 00:00:00,9.825925447393887,9.957035129319314,9.811358090870458,9.86962890625,640600,0.0,0.0
2024-02-09 00:00:00,9.884197074051013,10.051726202999879,9.833210280069736,10.044442176818848,700500,0.0,0.0
2024-02-12 00:00:00,10.044442088201261,10.182835111205023,10.037158062084494,10.117280960083008,674000,0.0,0.0
2024-02-13 00:00:00,9.840493186839698,9.87691261895897,9.614693263414525,9.65839672088623,811500,0.0,0.0
2024-02-14 00:00:00,9.753087581585717,9.77493896437811,9.62926192135727,9.73123550415039,504200,0.0,0.0
2024-02-15 00:00:00,9.774938819750185,10.11728038676615,9.774938819750185,10.073576927185059,968300,0.0,0.0
2024-02-16 00:00:00,9.906047242161751,10.0808596689352,9.840492408461,9.862343788146973,1466100,0.0,0.0
2024-02-20 00:00:00,9.833208276038475,10.037156105041504,9.716666659465316,10.037156105041504,1095500,0.0,0.0
2024-02-21 00:00:00,10.015304725594742,10.088143583274382,9.986169321451452,10.037156105041504,491300,0.0,0.0
2024-02-22 00:00:00,10.066292817658224,10.175551118379692,10.015306027440625,10.146415710449219,505700,0.0,0.0
2024-02-23 00:00:00,10.124562701735936,10.226536967429166,10.07357591621075,10.160982131958008,377700,0.0,0.0
2024-02-26 00:00:00,10.160983133099581,10.226537975029728,10.01530609250088,10.059009552001953,609900,0.0,0.0
2024-02-27 00:00:00,10.131847724979842,10.131847724979842,9.98617068438114,10.059009552001953,546200,0.0,0.0
2024-02-28 00:00:00,9.98617068438114,10.109996342550767,9.97160263299981,10.059009552001953,340300,0.0,0.0
2024-02-29 00:00:00,10.168265728872328,10.313942748985118,10.080859516804654,10.292091369628906,596400,0.0,0.0
2024-03-01 00:00:00,10.277524367982988,10.40863404677118,10.255672986399254,10.401350021362305,493400,0.0,0.0
2024-03-04 00:00:00,10.394066657017563,10.42320206391605,10.204686164855957,10.204686164855957,333200,0.0,0.0
2024-03-05 00:00:00,10.168266100078974,10.343078530596092,10.168266100078974,10.248388290405273,406700,0.0,0.0
2024-03-06 00:00:00,10.321227510848498,10.40863372915919,10.26295669864137,10.357646942138672,549200,0.0,0.0
2024-03-07 00:00:00,10.4086358010021,10.474190651444555,10.313945538656666,10.379500389099121,428800,0.0,0.0
2024-03-08 00:00:00,10.510608318566764,10.58344648872684,10.372214614369694,10.401350021362305,464800,0.0,0.0
2024-03-11 00:00:00,10.357647258194838,10.4669048607564,10.357647258194838,10.401350021362305,420600,0.0,0.0
2024-03-12 00:00:00,10.430486020795888,10.503324889736035,10.357647846498677,10.45962142944336,395200,0.0,0.0
2024-03-13 00:00:00,10.45962199966607,10.554312256593274,10.452338668089341,10.503325462341309,388100,0.0,0.0
2024-03-14 00:00:00,10.452337104792537,10.496039866288427,10.226537188254207,10.262956619262695,490400,0.0,0.0
2024-03-15 00:00:00,10.197402096735605,10.415917994879944,10.197402096735605,10.306659698486328,1999200,0.0,0.0
2024-03-18 00:00:00,10.306658724318773,10.42320103505183,10.255671940940003,10.292091369628906,470400,0.0,0.0
2024-03-19 00:00:00,10.255672397323943,10.372214018600351,10.24110504198582,10.34307861328125,458600,0.0,0.0
2024-03-20 00:00:00,10.306659131490086,10.612581233134012,10.306659131490086,10.598013877868652,495000,0.0,0.0
2024-03-21 00:00:00,10.619866598241547,10.758260311262477,10.57616383228763,10.736408233642578,637800,0.0,0.0
2024-03-22 00:00:00,10.758259336765848,10.838381530185753,10.55431079864502,10.55431079864502,410600,0.0,0.0
2024-03-25 00:00:00,10.583445905377884,10.692704196560136,10.525175094604492,10.525175094604492,383800,0.0,0.0
2024-03-26 00:00:00,10.619866505840802,10.634434557460647,10.408634619853572,10.445054054260254,578500,0.0,0.0
2024-03-27 00:00:00,10.503324426205515,10.590730648290537,10.481473044344986,10.576163291931152,485600,0.0,0.0
2024-03-28 00:00:00,10.590730879109167,10.736407919092478,10.576163522432294,10.692705154418945,532200,0.0,0.0
2024-04-01 00:00:00,10.707271914952715,10.707271914952715,10.590730289454692,10.63443374633789,560400,0.0,0.0
2024-04-02 00:00:00,10.554309876851692,10.612580684184703,10.38678147942999,10.452336311340332,1013600,0.0,0.0
2024-04-03 00:00:00,10.408635205414104,10.510609488561009,10.394067847617674,10.503325462341309,591700,0.0,0.0
2024-04-04 00:00:00,10.590730494754235,10.656285334028365,10.379498620783652,10.3867826461792,853700,0.0,0.0
2024-04-05 00:00:00,10.394065683565456,10.503323275541579,10.328510850522651,10.488755226135254,594400,0.0,0.0
2024-04-08 00:00:00,10.53245985228734,10.612582049013625,10.474189037460423,10.590730667114258,532900,0.0,0.0
2024-04-09 00:00:00,10.649000447091614,10.692703901286237,10.554310208538965,10.663568496704102,538000,0.0,0.0
2024-04-10 00:00:00,10.474188403019209,10.474188403019209,10.037156623646261,10.168266296386719,1621500,0.0,0.0
2024-04-11 00:00:00,10.250753811737443,10.288247567619115,10.130774365023225,10.265750885009766,1088000,0.4,0.0
2024-04-12 00:00:00,10.213259334356998,10.310742806709221,10.108276968331404,10.160768508911133,600700,0.0,0.0
2024-04-15 00:00:00,10.18326451282386,10.250753125868481,9.980799388823856,10.018292427062988,684000,0.0,0.0
2024-04-16 00:00:00,10.003294578281107,10.040788328743625,9.913310006251349,9.950803756713867,552000,0.0,0.0
2024-04-17 00:00:00,10.055786015996254,10.070783803153745,9.905811720090622,9.920808792114258,485300,0.0,0.0
2024-04-18 00:00:00,9.958301934699325,10.040788328743625,9.943304863594602,9.950803756713867,640900,0.0,0.0
2024-04-19 00:00:00,9.950804342732273,10.17576542848807,9.950804342732273,10.168267250061035,770100,0.0,0.0
2024-04-22 00:00:00,10.175766045686341,10.2882473105205,10.130774111859793,10.243254661560059,416300,0.0,0.0
2024-04-23 00:00:00,10.190763360347631,10.445720023968086,10.160768500811923,10.4307222366333,463300,0.0,0.0
2024-04-24 00:00:00,10.41572544368751,10.41572544368751,10.25075335425113,10.288247108459473,575600,0.0,0.0
2024-04-25 00:00:00,10.243253329917636,10.633187186436347,10.243253329917636,10.603192329406738,1116800,0.0,0.0
2024-04-26 00:00:00,10.603192221531575,10.69317679170491,10.475713901669232,10.573197364807129,730500,0.0,0.0
2024-04-29 00:00:00,10.588194371164795,10.6481840842486,10.505708694458008,10.505708694458008,587100,0.0,0.0
2024-04-30 00:00:00,10.483213504664826,10.550702120253174,10.385730743408203,10.385730743408203,610100,0.0,0.0
2024-05-01 00:00:00,10.498211577805916,10.813157982350805,10.475715610376684,10.7456693649292,1075100,0.0,0.0
2024-05-02 00:00:00,10.828154363685826,10.903141870503532,10.663182992901056,10.873147010803223,586100,0.0,0.0
2024-05-03 00:00:00,10.948135038549445,11.060615588994132,10.910641283356584,11.02312183380127,794500,0.0,0.0
2024-05-06 00:00:00,11.090608704993604,11.195591059987667,11.068112741471229,11.120603561401367,443900,0.0,0.0
2024-05-07 00:00:00,11.12060494647003,11.203090633081503,10.940635785608338,10.970630645751953,489600,0.0,0.0
2024-05-08 00:00:00,10.910641619628125,10.955633555139114,10.873147863279685,10.948135375976562,321800,0.0,0.0
2024-05-09 00:00:00,11.023121137934627,11.060614890760586,10.963131419466633,11.04561710357666,399600,0.0,0.0
2024-05-10 00:00:00,11.053116596442973,11.11310631816347,10.993126874722476,11.098109245300293,305600,0.0,0.0
2024-05-13 00:00:00,11.173095879031566,11.173095879031566,10.955632962141976,11.000625610351562,402800,0.0,0.0
2024-05-14 00:00:00,11.128103502820542,11.135602396412505,11.000625172292592,11.04561710357666,389300,0.0,0.0
2024-05-15 00:00:00,11.195591642539625,11.233084678649902,11.128103033327006,11.233084678649902,494300,0.0,0.0
2024-05-16 00:00:00,11.203089791281322,11.383059653753953,11.128103004123728,11.375560760498047,514000,0.0,0.0
2024-05-17 00:00:00,11.405555448465227,11.413054341609413,11.270578232405132,11.278077125549316,369900,0.0,0.0
2024-05-20 00:00:00,11.263080949923609,11.30057398835799,11.180594549046685,11.210589408874512,319100,0.0,0.0
2024-05-21 00:00:00,11.075612665403636,11.10560752460367,10.258251858285407,10.295744895935059,4680300,0.0,0.0
2024-05-22 00:00:00,10.333239249619593,10.475715375455449,10.31074328269484,10.348237037658691,3114100,0.0,0.0
2024-05-23 00:00:00,10.348237373420142,10.393229308729467,10.048288039110998,10.063285827636719,1673600,0.0,0.0
2024-05-24 00:00:00,10.100779196856829,10.213259745954936,10.09328030288125,10.175765991210938,819300,0.0,0.0
2024-05-28 00:00:00,10.220757376898225,10.310741948083626,10.153268769725726,10.190762519836426,797000,0.0,0.0
2024-05-29 00:00:00,10.093280095680687,10.153269815986025,10.010794409044314,10.115776062011719,611500,0.0,0.0
2024-05-30 00:00:00,10.19826267893301,10.318242122074876,10.168267818147545,10.28074836730957,625800,0.0,0.0
2024-05-31 00:00:00,10.318243782432662,10.483215185732115,10.22076029040989,10.258254051208496,1005600,0.0,0.0
2024-06-03 00:00:00,10.348236988622022,10.423223783060493,10.250753512231507,10.385730743408203,814000,0.0,0.0
2024-06-04 00:00:00,10.393228213353765,10.423223072110034,10.28074767180122,10.303243637084961,487600,0.0,0.0
2024-06-05 00:00:00,10.385730094464988,10.43072202529001,10.258251765237677,10.370732307434082,516700,0.0,0.0
2024-06-06 00:00:00,10.32574001263589,10.430721657616331,10.28074736826297,10.318241119384766,756200,0.0,0.0
2024-06-07 00:00:00,10.25825299545967,10.348237583034976,10.19076437599471,10.22825813293457,708300,0.0,0.0
2024-06-10 00:00:00,10.160767875962238,10.265749520314305,10.145770089549762,10.250752449035645,830200,0.0,0.0
2024-06-11 00:00:00,10.18326478097162,10.220758535331909,10.115776166149873,10.145771026611328,587600,0.0,0.0
2024-06-12 00:00:00,10.393228762082177,10.44572030402741,10.280748214591028,10.288247108459473,577700,0.0,0.0
2024-06-13 00:00:00,10.273248306063017,10.32573984282381,10.190762627058643,10.220757484436035,916300,0.0,0.0
2024-06-14 00:00:00,10.168268022312857,10.37823205202692,10.16076912818245,10.340738296508789,695800,0.0,0.0
2024-06-17 00:00:00,10.273248941511198,10.415725059216975,10.250752975870126,10.400727272033691,488500,0.0,0.0
2024-06-18 00:00:00,10.423224040061825,10.483213763145303,10.348237243774435,10.40822696685791,703600,0.0,0.0
2024-06-20 00:00:00,10.438220397109362,10.438220397109362,10.280747216824503,10.325739860534668,1165500,0.0,0.0
2024-06-21 00:00:00,10.31074488724614,10.3332408576717,10.213261395223368,10.258254051208496,1497600,0.0,0.0
2024-06-24 00:00:00,10.295745646860253,10.363234263766106,10.243254818215213,10.340738296508789,530800,0.0,0.0
2024-06-25 00:00:00,10.340739752858223,10.363235723283784,10.250755156021974,10.258254051208496,411300,0.0,0.0
2024-06-26 00:00:00,10.235755718564425,10.310743228095037,10.213259751758798,10.28074836730957,431200,0.0,0.0
2024-06-27 00:00:00,10.325741323500788,10.333239502569992,10.190764088380334,10.265750885009766,427900,0.0,0.0
2024-06-28 00:00:00,10.36323416002878,10.39322902111625,10.22825764270211,10.31074333190918,1764100,0.0,0.0
2024-07-01 00:00:00,10.340736651124315,10.340736651124315,10.10827597600742,10.198261260986328,744100,0.0,0.0
2024-07-02 00:00:00,10.250752964701935,10.310742683102003,10.138272421485272,10.295744895935059,603900,0.0,0.0
2024-07-03 00:00:00,10.355735981107335,10.355735981107335,10.243254715678896,10.31074333190918,313700,0.0,0.0
2024-07-05 00:00:00,10.318240967394004,10.348235824822844,10.273248323683841,10.325739860534668,561300,0.0,0.0
2024-07-08 00:00:00,10.378231200949534,10.415724953392951,10.333238554990665,10.370732307434082,1101900,0.0,0.0
2024-07-09 00:00:00,10.37823135353559,10.423223285022107,10.295744953920545,10.36323356628418,725600,0.0,0.0
2024-07-10 00:00:00,10.663182983413844,10.775663528406461,10.573198404392976,10.76816463470459,1270200,0.0,0.0
2024-07-11 00:00:00,10.95563301067825,11.02312162572468,10.73067191403533,10.96313190460205,2071100,0.0,0.0
2024-07-12 00:00:00,11.04022818368224,11.163582573516653,11.024809252578018,11.055647850036621,1356000,0.4,0.0
2024-07-15 00:00:00,11.05564672957531,11.202129868845448,10.97084004372147,11.155872344970703,1004400,0.0,0.0
2024-07-16 00:00:00,11.17900110262112,11.364032668549312,11.171291270228258,11.348613739013672,1379000,0.0,0.0
2024-07-17 00:00:00,11.286936752223706,11.549064441018094,11.279226919692963,11.4796781539917,1032800,0.0,0.0
2024-07-18 00:00:00,11.410292323115339,11.54135654882259,11.202131234550821,11.225260734558105,713500,0.0,0.0
2024-07-19 00:00:00,11.225261027813694,11.294647323897715,11.132744495867945,11.17900276184082,510900,0.0,0.0
2024-07-22 00:00:00,11.209841360739338,11.263808724999198,11.140454329405122,11.17900276184082,721000,0.0,0.0
2024-07-23 00:00:00,11.125033750637511,11.202129868845448,11.05564672957531,11.155872344970703,1408500,0.0,0.0
2024-07-24 00:00:00,10.693292579102607,10.724131173102359,10.246132598481163,10.269261360168457,2824000,0.0,0.0
2024-07-25 00:00:00,10.276972052716948,10.647035946940324,10.238423623178035,10.446584701538086,1070000,0.0,0.0
2024-07-26 00:00:00,10.60077824951696,10.647036514479476,10.492842788104541,10.608488082885742,974900,0.0,0.0
2024-07-29 00:00:00,10.639325563721435,10.693292921134665,10.477422756231649,10.515971183776855,654700,0.0,0.0
2024-07-30 00:00:00,10.562228903162564,10.616196996819859,10.500551712054325,10.585357666015625,505500,0.0,0.0
2024-07-31 00:00:00,10.70871337785691,10.754970906130502,10.585358253543633,10.61619758605957,757400,0.0,0.0
2024-08-01 00:00:00,10.677874284367515,10.70871288020016,10.323230064667039,10.46971321105957,895400,0.0,0.0
2024-08-02 00:00:00,10.30010085563882,10.554519462216154,10.269262258940056,10.485133171081543,828100,0.0,0.0
2024-08-05 00:00:00,10.022553020959096,10.323229876277907,9.876069877239742,10.145907402038574,1373300,0.0,0.0
2024-08-06 00:00:00,10.19987586905594,10.330940097016994,10.107360073186408,10.238424301147461,787300,0.0,0.0
2024-08-07 00:00:00,10.408036033292891,10.423455698854866,10.199874959706975,10.276971817016602,819000,0.0,0.0
2024-08-08 00:00:00,10.346358628703927,10.377197223943353,10.207584582501456,10.338648796081543,618700,0.0,0.0
2024-08-09 00:00:00,10.369487762451172,10.369487762451172,10.230714446532026,10.369487762451172,656000,0.0,0.0
2024-08-12 00:00:00,10.392616959246803,10.392616959246803,10.215295206692225,10.246133804321289,575700,0.0,0.0
2024-08-13 00:00:00,10.3155207309157,10.392616856601823,10.2615533694104,10.361778259277344,549300,0.0,0.0
2024-08-14 00:00:00,10.361776397928715,10.423454316748254,10.307809046117896,10.400324821472168,472000,0.0,0.0
2024-08-15 00:00:00,10.53909969329834,10.60077688179057,10.400325651565783,10.53909969329834,538700,0.0,0.0
2024-08-16 00:00:00,10.53139085316357,10.623906644618502,10.53139085316357,10.577649116516113,525400,0.0,0.0
2024-08-19 00:00:00,10.600778287301804,10.670165317367807,10.585358620509277,10.6470365524292,483900,0.0,0.0
2024-08-20 00:00:00,10.593068083704274,10.631616514088236,10.531390889189996,10.554519653320312,570700,0.0,0.0
2024-08-21 00:00:00,10.61619758605957,10.639326350196367,10.554519656277854,10.61619758605957,357100,0.0,0.0
2024-08-22 00:00:00,10.662455407684975,10.662455407684975,10.554519946660083,10.569939613342285,884100,0.0,0.0
2024-08-23 00:00:00,10.623907598994847,10.832068699905774,10.569940232943964,10.808939933776855,663500,0.0,0.0
2024-08-26 00:00:00,10.909164906677223,10.94771334065581,10.808940007683212,10.824358940124512,707000,0.0,0.0
2024-08-27 00:00:00,10.793519020080566,10.82435761644222,10.754970590815967,10.793519020080566,578300,0.0,0.0
2024-08-28 00:00:00,10.747261998682706,10.878326232163612,10.747261998682706,10.808939933776855,464100,0.0,0.0
2024-08-29 00:00:00,10.862905544377226,10.947711496645395,10.793518521953224,10.901453971862793,1664800,0.0,0.0
2024-08-30 00:00:00,10.90916318722059,10.963131280384477,10.808938304023606,10.955421447753906,689500,0.0,0.0
2024-09-03 00:00:00,10.855196172149657,10.993970222882437,10.72413195429095,10.75497055053711,990100,0.0,0.0
2024-09-04 00:00:00,10.75497109719154,10.75497109719154,10.62390687267109,10.68558406829834,680200,0.0,0.0
2024-09-05 00:00:00,10.731841416775461,10.770389844565265,10.654744561195855,10.72413158416748,550100,0.0,0.0
2024-09-06 00:00:00,10.677875814082542,10.708714414333132,10.585359278080546,10.631617546081543,685100,0.0,0.0
2024-09-09 00:00:00,10.631616517067382,10.670164947462146,10.53910072527004,10.61619758605957,568500,0.0,0.0
2024-09-10 00:00:00,10.616196751118208,10.685583038071513,10.585357421027721,10.670164108276367,431100,0.0,0.0
2024-09-11 00:00:00,10.654745026219867,10.677874525053296,10.546810305997758,10.639326095581055,448400,0.0,0.0
2024-09-12 00:00:00,10.685582828363508,10.747260016833854,10.647035137007105,10.731841087341309,314300,0.0,0.0
2024-09-13 00:00:00,10.839778497110146,10.955423062614612,10.778100562224186,10.940003395080566,528800,0.0,0.0
2024-09-16 00:00:00,10.986260373642887,10.986260373642887,10.87832491931705,10.947711944580078,650800,0.0,0.0
2024-09-17 00:00:00,11.071066702669771,11.071066702669771,10.95542214683223,10.978550910949707,1131200,0.0,0.0
2024-09-18 00:00:00,11.01709996678868,11.125035430881677,10.916874336255939,10.986261367797852,653900,0.0,0.0
2024-09-19 00:00:00,11.171292778426851,11.171292778426851,11.017099786002948,11.08648681640625,875900,0.0,0.0
2024-09-20 00:00:00,11.001680704300243,11.078776831835354,10.978551204314552,10.99397087097168,1654700,0.0,0.0
2024-09-23 00:00:00,11.009388763674083,11.017098596275247,10.847485955300195,10.91687297821045,588000,0.0,0.0
2024-09-24 00:00:00,10.94000310168651,11.024809800348937,10.916874336255939,10.986261367797852,383300,0.0,0.0
2024-09-25 00:00:00,11.009388977918858,11.009388977918858,10.839777068893232,10.855195999145508,571500,0.0,0.0
2024-09-26 00:00:00,10.909163069159828,10.940001664098261,10.862905544377226,10.901453971862793,467300,0.0,0.0
2024-09-27 00:00:00,11.001681732194998,11.047939265987903,10.932294696255397,11.009390830993652,560900,0.0,0.0
2024-09-30 00:00:00,11.017099635707195,11.078776831835354,10.986261037643116,10.99397087097168,704100,0.0,0.0
2024-10-01 00:00:00,11.14816419631225,11.14816419631225,10.924584169816194,10.986261367797852,892900,0.0,0.0
2024-10-02 00:00:00,10.909163515517271,10.963131610305254,10.87832491931705,10.947711944580078,649100,0.0,0.0
2024-10-03 00:00:00,10.940002365891875,10.947712198933589,10.84748657514175,10.924583435058594,508300,0.0,0.0
2024-10-04 00:00:00,11.001679497103789,11.032518091783999,10.916872810295642,11.017098426818848,770000,0.0,0.0
2024-10-07 00:00:00,11.024807764446107,11.024807764446107,10.87832389485256,10.932291984558105,719200,0.0,0.0
2024-10-08 00:00:00,10.963132057660811,11.071066781140843,10.878325363212031,11.055647850036621,784400,0.0,0.0
2024-10-09 00:00:00,11.063357758404852,11.148163718179847,11.001680563068463,11.071066856384277,612300,0.0,0.0
2024-10-10 00:00:00,11.047938233771275,11.07106699850679,10.947712606250473,10.99397087097168,1037000,0.0,0.0
2024-10-11 00:00:00,10.986038174967804,11.0812239718944,10.756005643277831,11.041563034057617,1066400,0.4,0.0
2024-10-14 00:00:00,11.081224083904626,11.152613621438553,10.986038286015882,11.128816604614258,632100,0.0,0.0
2024-10-15 00:00:00,11.136749122878427,11.208138661561861,11.089155844932975,11.105020523071289,541100,0.0,0.0
2024-10-16 00:00:00,11.152614555255461,11.27159662346148,11.152614555255461,11.208139419555664,616300,0.0,0.0
2024-10-17 00:00:00,11.216070659042924,11.255730840241869,11.144681122533676,11.176409721374512,419900,0.0,0.0
2024-10-18 00:00:00,11.200206160619667,11.200206160619667,11.112952701528455,11.152613639831543,419500,0.0,0.0
2024-10-21 00:00:00,11.168478287588746,11.168478287588746,10.938445738234542,10.954310417175293,658100,0.0,0.0
2024-10-22 00:00:00,10.922580731618487,10.930512313832068,10.811530259464368,10.84325885772705,653600,0.0,0.0
2024-10-23 00:00:00,10.803598618885424,10.930513020137079,10.54183747718651,10.72427749633789,1134600,0.0,0.0
2024-10-24 00:00:00,10.795666956330045,10.970174647223443,10.779803033414035,10.938446044921875,1043800,0.0,0.0
2024-10-25 00:00:00,10.954309362164611,11.001901881464171,10.779801692970835,10.787734031677246,672200,0.0,0.0
2024-10-28 00:00:00,10.811530259464368,10.89085137688635,10.779801661201684,10.84325885772705,502000,0.0,0.0
2024-10-29 00:00:00,10.803598387876823,10.906716525806239,10.676683989338922,10.882920265197754,606700,0.0,0.0
2024-10-30 00:00:00,10.938445738234542,11.04949622141122,10.930513398764166,10.954310417175293,576000,0.0,0.0
2024-10-31 00:00:00,10.930511696241906,10.954308710946442,10.684615262716987,10.692546844482422,605700,0.0,0.0
2024-11-01 00:00:00,10.756005330698118,10.787733928751587,10.597361583961328,10.621158599853516,670900,0.0,0.0
2024-11-04 00:00:00,10.692549115322878,10.724278475000812,10.637024248825634,10.644956588745117,784000,0.0,0.0
2024-11-05 00:00:00,10.62115986041876,10.6766847244849,10.565634239883083,10.605295181274414,782300,0.0,0.0
2024-11-06 00:00:00,10.851191403325561,10.898783923392378,10.414922601542601,10.660819053649902,1418900,0.0,0.0
2024-11-07 00:00:00,10.68461689936476,10.732209423125136,10.621159696704575,10.652888298034668,1066700,0.0,0.0
2024-11-08 00:00:00,10.676683731318485,10.708412330186183,10.621158872417379,10.660819053649902,1367300,0.0,0.0
2024-11-11 00:00:00,10.668749959166924,10.748071823914229,10.621157445494031,10.700478553771973,885000,0.0,0.0
2024-11-12 00:00:00,10.652887552515718,10.660819134941022,10.446651280068343,10.470447540283203,846800,0.0,0.0
2024-11-13 00:00:00,10.470447881419966,10.565633681850116,10.39905834197998,10.39905834197998,903000,0.0,0.0
2024-11-14 00:00:00,10.399059027298701,10.486313250795357,10.335601822829979,10.35939884185791,784500,0.0,0.0
2024-11-15 00:00:00,10.343534162505955,10.383195104416295,10.303873220595618,10.35939884185791,901000,0.0,0.0
2024-11-18 00:00:00,10.343533480846434,10.454583959583024,10.30387254154983,10.39905834197998,431500,0.0,0.0
2024-11-19 00:00:00,10.351465482739433,10.494243800498062,10.343533143844656,10.470447540283203,432700,0.0,0.0
2024-11-20 00:00:00,10.446650809888022,10.462514730494103,10.367328937449294,10.4307861328125,387300,0.0,0.0
2024-11-21 00:00:00,10.478380008560187,10.59736206757309,10.438719070066059,10.581498146057129,518500,0.0,0.0
2024-11-22 00:00:00,10.629091279684953,10.724277840144758,10.61322735725467,10.652888298034668,508500,0.0,0.0
2024-11-25 00:00:00,10.71634479984488,10.859123118257818,10.71634479984488,10.771869659423828,545000,0.0,0.0
2024-11-26 00:00:00,10.748072633662785,10.756004972029004,10.573564971953108,10.668750762939453,549300,0.0,0.0
2024-11-27 00:00:00,10.676683414123016,10.851191080945615,10.676683414123016,10.75600528717041,437500,0.0,0.0
2024-11-29 00:00:00,10.756005109779393,10.843258563516962,10.756005109779393,10.779801368713379,296100,0.0,0.0
2024-12-02 00:00:00,10.779803094860549,10.835327960087406,10.716345889895697,10.80359935760498,494000,0.0,0.0
2024-12-03 00:00:00,10.803597181417821,10.819461857698162,10.65288653910159,10.684615135192871,379700,0.0,0.0
2024-12-04 00:00:00,10.71634578704834,10.763938312080445,10.652888582692503,10.71634578704834,621900,0.0,0.0
2024-12-05 00:00:00,10.732209423125136,10.75600644147485,10.621159696704575,10.652888298034668,448800,0.0,0.0
2024-12-06 00:00:00,10.708412012048084,10.77980154649685,10.676683414123016,10.75600528717041,399600,0.0,0.0
2024-12-09 00:00:00,10.835326225049156,10.835326225049156,10.763936691777767,10.779801368713379,393700,0.0,0.0
2024-12-10 00:00:00,10.787736107191382,10.803600031186901,10.676685613344349,10.740142822265625,537400,0.0,0.0
2024-12-11 00:00:00,10.779800923466711,10.787733261606881,10.63702186282125,10.684615135192871,416000,0.0,0.0
2024-12-12 00:00:00,10.660819881015046,10.708413161244948,10.644955958584763,10.652888298034668,646300,0.0,0.0
2024-12-13 00:00:00,10.652887778532442,10.763937499537517,10.589430578966832,10.74807357788086,434400,0.0,0.0
2024-12-16 00:00:00,10.771869030245572,10.970172953124129,10.748072771311588,10.779801368713379,971100,0.0,0.0
2024-12-17 00:00:00,10.732209423125136,10.874988507345318,10.637023619134858,10.652888298034668,841500,0.0,0.0
2024-12-18 00:00:00,10.660819184468329,10.756005738708922,10.288008332315489,10.335600852966309,921500,0.0,0.0
2024-12-19 00:00:00,10.430785387348491,10.49424257817656,10.264210072307465,10.27214241027832,1031900,0.0,0.0
2024-12-20 00:00:00,10.184889731392278,10.446650852449324,10.153161133581408,10.295939445495605,3411000,0.0,0.0
2024-12-23 00:00:00,10.2721428917257,10.280075230068338,10.176957101022312,10.232481956481934,908800,0.0,0.0
2024-12-24 00:00:00,10.240416016126893,10.36733042506434,10.21661975356851,10.35939884185791,566300,0.0,0.0
2024-12-26 00:00:00,10.391127610186231,10.40699153332221,10.256280859417389,10.311805725097656,906800,0.0,0.0
2024-12-27 00:00:00,10.213597130281938,10.385460581055165,10.197229591414425,10.270885467529297,1069600,0.4,0.0
2024-12-30 00:00:00,10.22996373507632,10.270883746113483,10.090836165840537,10.180859565734863,927000,0.0,0.0
2024-12-31 00:00:00,10.22178031049114,10.369092048605244,10.213596151599388,10.303620338439941,1025400,0.0,0.0
2025-01-02 00:00:00,10.35272307708572,10.385458930101224,10.205412128758104,10.279067993164062,650600,0.0,0.0
2025-01-03 00:00:00,10.270885064500964,10.434564349175465,10.254516745791317,10.393644332885742,944200,0.0,0.0
2025-01-06 00:00:00,10.377277235955175,10.41001309428217,10.238149642944336,10.238149642944336,889200,0.0,0.0
2025-01-07 00:00:00,10.270886594878192,10.31180661726506,10.172679009440415,10.213598251342773,599200,0.0,0.0
2025-01-08 00:00:00,10.13175743034159,10.189044984590451,10.049917398142314,10.156309127807617,571700,0.0,0.0
2025-01-10 00:00:00,10.02536633970573,10.02536633970573,9.837135346327461,9.91079044342041,922200,0.0,0.0
2025-01-13 00:00:00,9.902606481576488,9.918974019806228,9.632535466668438,9.82076644897461,1064800,0.0,0.0
2025-01-14 00:00:00,9.820766794585557,10.049917801256916,9.79621509613473,10.033550262451172,655500,0.0,0.0
2025-01-15 00:00:00,10.229964803934623,10.287252357081657,10.123573076315578,10.246333122253418,605400,0.0,0.0
2025-01-16 00:00:00,10.270885840360126,10.35272509863729,10.221781661006267,10.287253379821777,848800,0.0,0.0
2025-01-17 00:00:00,10.377277067643211,10.442748783235299,10.352724588932867,10.40182876586914,563100,0.0,0.0
2025-01-21 00:00:00,10.44274850853029,10.47548436546519,10.369092635305666,10.393644332885742,483200,0.0,0.0
2025-01-22 00:00:00,10.3690932831921,10.426380841286544,10.287253245499086,10.311805725097656,477500,0.0,0.0
2025-01-23 00:00:00,10.311803846179567,10.369091393835623,10.238147981773608,10.279067993164062,755800,0.0,0.0
2025-01-24 00:00:00,10.246333159483342,10.410012440844149,10.197228984832911,10.319988250732422,760000,0.0,0.0
2025-01-27 00:00:00,10.311803991306705,10.581874977606633,10.311803991306705,10.55732250213623,690400,0.0,0.0
2025-01-28 00:00:00,10.508219749810806,10.647347330648204,10.45093219787224,10.475483894348145,529400,0.0,0.0
2025-01-29 00:00:00,10.516405070374955,10.5573243088597,10.344541615091916,10.38546085357666,442300,0.0,0.0
2025-01-30 00:00:00,10.475484105107483,10.598243370441203,10.459115786804656,10.549139976501465,641600,0.0,0.0
2025-01-31 00:00:00,10.966521288458807,11.20385642620878,10.827393713175962,11.13020133972168,2025400,0.0,0.0
2025-02-03 00:00:00,10.974706307744874,11.1547539099626,10.892867056180009,10.925602912902832,1132700,0.0,0.0
2025-02-04 00:00:00,10.721003488613897,11.072913749171592,10.721003488613897,11.056546211242676,819800,0.0,0.0
2025-02-05 00:00:00,11.072913717461216,11.162937907507777,11.007442004964286,11.089282035827637,947300,0.0,0.0
2025-02-06 00:00:00,11.113832719622327,11.162936889760287,11.015625159830714,11.154752731323242,988800,0.0,0.0
2025-02-07 00:00:00,11.122018608357326,11.138386147293474,10.982891015220149,11.048362731933594,626900,0.0,0.0
2025-02-10 00:00:00,11.122018507265201,11.146570205688477,11.01562677345178,11.146570205688477,550000,0.0,0.0
2025-02-11 00:00:00,11.08928234463208,11.203857454450104,11.08928234463208,11.171121597290039,613500,0.0,0.0
2025-02-12 00:00:00,11.031994312239156,11.171121904111752,10.999258454179982,11.146570205688477,629700,0.0,0.0
2025-02-13 00:00:00,11.17112143260203,11.244777305247416,11.113833878537568,11.228409767150879,368000,0.0,0.0
2025-02-14 00:00:00,11.252960753498261,11.269329071044922,11.195673203053621,11.269329071044922,439600,0.0,0.0
2025-02-18 00:00:00,11.212041416617392,11.342984842954072,11.212041416617392,11.26114559173584,391600,0.0,0.0
2025-02-19 00:00:00,11.171122042146653,11.33480211494944,11.162938662894057,11.285697937011719,379400,0.0,0.0
2025-02-20 00:00:00,11.252961243901934,11.482112236151222,11.252961243901934,11.457560539245605,563200,0.0,0.0
2025-02-21 00:00:00,11.547583610510374,11.588503624479266,11.449376045275642,11.514847755432129,766300,0.0,0.0
2025-02-24 00:00:00,11.51484772502529,11.662159462730562,11.498480187771564,11.54758358001709,604900,0.0,0.0
2025-02-25 00:00:00,11.613055528447704,11.899494850870575,11.613055528447704,11.891310691833496,1498900,0.0,0.0
2025-02-26 00:00:00,11.842207667036224,12.09591036120444,11.768551794379519,11.801287651062012,1194100,0.0,0.0
2025-02-27 00:00:00,11.76036698810318,11.891310407629428,11.752182829261702,11.776735305786133,623100,0.0,0.0
2025-02-28 00:00:00,11.817655669571929,11.997703278887117,11.817655669571929,11.989519119262695,657400,0.0,0.0
2025-03-03 00:00:00,11.973151239466105,12.030438794236494,11.8422078111427,11.940415382385254,646400,0.0,0.0
2025-03-04 00:00:00,11.834022988870323,11.915863017230391,11.703079567881696,11.752182960510254,805300,0.0,0.0
2025-03-05 00:00:00,11.784919268726236,11.907679315984783,11.744000033457771,11.866759300231934,430900,0.0,0.0
2025-03-06 00:00:00,11.735815728054213,11.874943311590595,11.727631568908691,11.727631568908691,727900,0.0,0.0
2025-03-07 00:00:00,11.752183758523753,12.087727273197107,11.703080362560906,12.079543113708496,693100,0.0,0.0
2025-03-10 00:00:00,12.038622920954221,12.21867052465244,11.93223119060911,11.973151206970215,754900,0.0,0.0
2025-03-11 00:00:00,12.022254273788125,12.046806751224691,11.670344015858783,11.727631568908691,781100,0.0,0.0
2025-03-12 00:00:00,11.735815728054213,11.760367425006406,11.572136447565638,11.727631568908691,835800,0.0,0.0
2025-03-13 00:00:00,11.768551923850065,11.932231209063227,11.662160193340412,11.670344352722168,511100,0.0,0.0
2025-03-14 00:00:00,11.760366898090329,11.89131031661435,11.711263506385992,11.874942779541016,401300,0.0,0.0
2025-03-17 00:00:00,11.784919475887913,11.940415382385254,11.784919475887913,11.940415382385254,533500,0.0,0.0
2025-03-18 00:00:00,11.989518439411428,12.06317431088582,11.907679189261064,11.997702598571777,891800,0.0,0.0
2025-03-19 00:00:00,12.054990734504365,12.071359053616364,11.915863924474447,11.981335639953613,600000,0.0,0.0
2025-03-20 00:00:00,11.997703079791208,12.145014828648563,11.989518920302599,12.079543113708496,583100,0.0,0.0
2025-03-21 00:00:00,12.014071223331317,12.063174618577126,11.940415349978212,11.973151206970215,1754100,0.0,0.0
2025-03-24 00:00:00,12.0140705810691,12.177749857278963,11.940414711653576,12.0549898147583,678400,0.0,0.0
2025-03-25 00:00:00,12.054990835289232,12.104095012551346,11.948599882109423,11.989519119262695,592200,0.0,0.0
2025-03-26 00:00:00,12.00588743851154,12.022254977275963,11.850391527585197,11.989519119262695,613100,0.0,0.0
2025-03-27 00:00:00,11.948599954175274,12.128646784091963,11.94041579450149,12.087727546691895,957600,0.0,0.0
2025-03-28 00:00:00,12.136830491930233,12.136830491930233,11.8422077790022,11.973151206970215,647300,0.0,0.0
2025-03-31 00:00:00,11.891311545222889,12.169566728577884,11.866759846834041,11.989519119262695,786800,0.0,0.0
2025-04-01 00:00:00,11.973150658992484,12.014070673480793,11.907678948004934,11.956782341003418,433100,0.0,0.0
2025-04-02 00:00:00,11.907679252275258,11.97315096493577,11.825839221207428,11.932230949401855,914300,0.0,0.0
2025-04-03 00:00:00,11.735816209681687,11.95678305228845,11.629424477876798,11.80947208404541,1521300,0.0,0.0
2025-04-04 00:00:00,11.506664690658289,11.604872258569824,11.064730244814193,11.18748950958252,1272400,0.0,0.0
2025-04-07 00:00:00,10.860131284915761,11.351169139622106,10.500036077646712,10.663715362548828,1924800,0.0,0.0
2025-04-08 00:00:00,11.048362975521082,11.146570552756469,10.328173295310462,10.38546085357666,1377800,0.0,0.0
2025-04-09 00:00:00,10.238148570649798,11.015625709850042,9.927157558872832,10.974705696105957,2492900,0.0,0.0
2025-04-10 00:00:00,10.884683035579727,10.884683035579727,10.11538922206381,10.32817268371582,1925000,0.0,0.0
2025-04-11 00:00:00,10.328173505893016,10.370432968573287,9.981647362772765,10.302817344665527,1342900,0.4,0.0
2025-04-14 00:00:00,10.454950895731404,10.683151506391038,10.336624563608016,10.6155366897583,998000,0.0,0.0
2025-04-15 00:00:00,10.657794813312933,10.869091306244822,10.581728752924462,10.776121139526367,626700,0.0,0.0
2025-04-16 00:00:00,10.793025126290198,10.877543238907363,10.69160210149817,10.725409507751465,807200,0.0,0.0
2025-04-17 00:00:00,10.742312042767379,11.046578654546234,10.742312042767379,10.978963851928711,720000,0.0,0.0
2025-04-21 00:00:00,10.869091381589978,10.978965655400074,10.776121214227048,10.902898788452148,528900,0.0,0.0
2025-04-22 00:00:00,11.029676877886972,11.16490650177002,10.953610012944722,11.16490650177002,902100,0.0,0.0
2025-04-23 00:00:00,10.742313957306386,11.012773215978832,10.32817301595616,10.387335777282715,3309200,0.0,0.0
2025-04-24 00:00:00,10.361979861774472,10.412690567011456,10.167586675613691,10.201394081115723,2247800,0.0,0.0
2025-04-25 00:00:00,10.201395475721576,10.336625116216592,10.12532860143507,10.311269760131836,1131000,0.0,0.0
2025-04-28 00:00:00,10.361979414842558,10.708505507800089,10.345075309804583,10.657793998718262,1182800,0.0,0.0
2025-04-29 00:00:00,10.767669189952823,10.96206238445706,10.615536261680116,10.852188110351562,1155100,0.0,0.0
2025-04-30 00:00:00,10.767669189952823,10.945158277964447,10.581728854727054,10.852188110351562,1000900,0.0,0.0
2025-05-01 00:00:00,10.894446625668806,10.970512680191822,10.759216203553008,10.826831817626953,894300,0.0,0.0
2025-05-02 00:00:00,10.91980266571045,11.004321584108043,10.86063990645142,10.91980266571045,750300,0.0,0.0
2025-05-05 00:00:00,10.877543100709028,10.936705859392598,10.80992828906148,10.843735694885254,531600,0.0,0.0
2025-05-06 00:00:00,10.80992712124716,10.86063862752044,10.666245460510254,10.666245460510254,557000,0.0,0.0
2025-05-07 00:00:00,10.708507769191229,10.767670537253771,10.640892946824822,10.691603660583496,536100,0.0,0.0
2025-05-08 00:00:00,10.750765666965544,10.894447345050082,10.70850620764089,10.725409507751465,562000,0.0,0.0
2025-05-09 00:00:00,10.750765424330975,10.793024882701873,10.649343207860095,10.767668724060059,486500,0.0,0.0
2025-05-12 00:00:00,10.902897847177135,10.962061408602313,10.793024388884856,10.877542495727539,672000,0.0,0.0
2025-05-13 00:00:00,10.962062124909247,10.987417478015667,10.885995259557841,10.91980266571045,440400,0.0,0.0
2025-05-14 00:00:00,10.902898453568824,10.987417371144327,10.835283641921276,10.843735694885254,505500,0.0,0.0
2025-05-15 00:00:00,10.860640693945156,11.071937199227884,10.860640693945156,11.063485145568848,475800,0.0,0.0
2025-05-16 00:00:00,11.097290992736816,11.173357852900821,11.080386887797221,11.097290992736816,612200,0.0,0.0
2025-05-19 00:00:00,10.987416870837103,11.029676327700589,10.885994657983996,10.953609466552734,431200,0.0,0.0
2025-05-20 00:00:00,10.902900103349866,10.978966979471512,10.894448855139217,10.911352157592773,375800,0.0,0.0
2025-05-21 00:00:00,10.784574117130097,10.826833580545328,10.471855377508943,10.480306625366211,631400,0.0,0.0
2025-05-22 00:00:00,10.454951319730352,10.505662837277601,10.252106861605814,10.404240608215332,891600,0.0,0.0
2025-05-23 00:00:00,10.285913224399625,10.421142849385733,10.26900911826029,10.32817268371582,536900,0.0,0.0
2025-05-27 00:00:00,10.412691218511258,10.522565494775492,10.336624349864312,10.488758087158203,479100,0.0,0.0
2025-05-28 00:00:00,10.45495118783586,10.514113952534425,10.328173604615444,10.378884315490723,710700,0.0,0.0
2025-05-29 00:00:00,10.48875775353167,10.51411310693009,10.395787587049366,10.429594993591309,547200,0.0,0.0
2025-05-30 00:00:00,10.378884315490723,10.429595832398219,10.294366195354517,10.378884315490723,621100,0.0,0.0
2025-06-02 00:00:00,10.302817013329026,10.328173173741064,10.201394789777417,10.243654251098633,858300,0.0,0.0
2025-06-03 00:00:00,10.176038582219505,10.404239170601997,10.16758652945746,10.345075607299805,717400,0.0,0.0
2025-06-04 00:00:00,10.328172428254069,10.446497944174125,10.269008864261917,10.395787239074707,701800,0.0,0.0
2025-06-05 00:00:00,10.395787212206939,10.573276291660427,10.37043185972276,10.446497917175293,770100,0.0,0.0
2025-06-06 00:00:00,10.54792061849056,10.56482472494591,10.404239743780881,10.505661964416504,507600,0.0,0.0
2025-06-09 00:00:00,10.556372413733156,10.674698737932374,10.556372413733156,10.57327651977539,638500,0.0,0.0
2025-06-10 00:00:00,10.632438743785587,10.793024518976834,10.547919829892079,10.75921630859375,457100,0.0,0.0
2025-06-11 00:00:00,10.81838058488409,10.885995398049504,10.784573178301384,10.80147647857666,494800,0.0,0.0
2025-06-12 00:00:00,10.759217480222325,10.902899165868297,10.742314179222193,10.885995864868164,414800,0.0,0.0
2025-06-13 00:00:00,10.708507441358146,10.818381725847903,10.598633156868386,10.632440567016602,574700,0.0,0.0
2025-06-16 00:00:00,10.716959046406947,10.750766455138772,10.48875843294298,10.522565841674805,615500,0.0,0.0
2025-06-17 00:00:00,10.463402660380842,10.488758014409905,10.328173030849616,10.361980438232422,858200,0.0,0.0
2025-06-18 00:00:00,10.34507570120646,10.547920133144126,10.32817240156105,10.446497917175293,618900,0.0,0.0
2025-06-20 00:00:00,10.48875712066564,10.564823982303363,10.454949716163554,10.51411247253418,2586900,0.0,0.0
2025-06-23 00:00:00,10.497209654649618,10.623987225837812,10.353527977419187,10.57327651977539,600500,0.0,0.0
2025-06-24 00:00:00,10.632439730866771,10.759217307444553,10.598632323377217,10.683151245117188,567500,0.0,0.0
2025-06-25 00:00:00,10.607084002889861,10.81838049376005,10.607084002889861,10.700054168701172,614200,0.0,0.0
2025-06-26 00:00:00,10.784573999070563,10.936706937254872,10.700055073165334,10.894448280334473,623900,0.0,0.0
2025-06-27 00:00:00,10.8944474657398,10.919802819202623,10.700054273105742,10.776121139526367,746400,0.0,0.0
2025-06-30 00:00:00,10.835283628154725,10.902898439716367,10.776120869546324,10.869091033935547,690600,0.0,0.0
2025-07-01 00:00:00,10.877543896272353,11.105744506797096,10.852188541558112,10.987418174743652,692600,0.0,0.0
2025-07-02 00:00:00,10.995870039605562,11.240973947055725,10.97051387929431,11.18181037902832,1019000,0.0,0.0
2025-07-03 00:00:00,11.164907078186333,11.30013670905095,11.071936908474953,11.18181037902832,479000,0.0,0.0
2025-07-07 00:00:00,11.156454967833007,11.232521836314332,11.021225337658281,11.029677391052246,893000,0.0,0.0
2025-07-08 00:00:00,11.02967618504261,11.257875959502536,11.012772080103014,11.097290992736816,982000,0.0,0.0
2025-07-09 00:00:00,11.139550424418383,11.215617284414163,11.0634835644226,11.148001670837402,1149700,0.0,0.0
2025-07-10 00:00:00,11.148003017172341,11.198714531971278,11.080388201461883,11.105744361877441,1593300,0.0,0.0
2025-07-11 00:00:00,11.036004465528993,11.088308170647826,10.940115309373523,10.974984169006348,927800,0.4,0.0
2025-07-14 00:00:00,10.905247613397721,11.036005643138703,10.861661326370967,11.001136779785156,965600,0.0,0.0
2025-07-15 00:00:00,11.001136960138178,11.131895823362104,10.913965215994851,10.92268180847168,868300,0.0,0.0
2025-07-16 00:00:00,10.940116737255682,11.123178482055664,10.940116737255682,11.123178482055664,797600,0.0,0.0
2025-07-17 00:00:00,11.027288332897895,11.236502346510541,10.957550605473442,11.009854316711426,900700,0.0,0.0
2025-07-18 00:00:00,11.088310399674883,11.105744417326372,10.852944926334589,10.905248641967773,1062700,0.0,0.0
2025-07-21 00:00:00,10.9924190884895,11.027287950994126,10.879095077514648,10.879095077514648,951100,0.0,0.0
2025-07-22 00:00:00,10.896530729619494,11.114461344211884,10.896530729619494,11.06215763092041,931700,0.0,0.0
2025-07-23 00:00:00,10.72218627036781,11.253936664053217,10.65244854107593,11.236502647399902,1615600,0.0,0.0
2025-07-24 00:00:00,11.210349380292278,11.34110823461185,11.131895065307617,11.131895065307617,766400,0.0,0.0
2025-07-25 00:00:00,10.870378786818504,10.992419393299143,10.713468485527077,10.800641059875488,1287100,0.0,0.0
2025-07-28 00:00:00,10.80064142382741,10.896530593770438,10.635013693252084,10.643731117248535,977400,0.0,0.0
2025-07-29 00:00:00,10.757054620487468,10.791923483465576,10.661164623793216,10.68731689453125,723500,0.0,0.0
2025-07-30 00:00:00,10.687317776801763,10.765772932814038,10.443234884465948,10.486821174621582,963000,0.0,0.0
2025-07-31 00:00:00,10.46066869960804,10.486820138582067,10.260172948575061,10.277606964111328,1336800,0.0,0.0
2025-08-01 00:00:00,10.408365105155703,10.408365105155703,10.199151928376725,10.286324501037598,959500,0.0,0.0
2025-08-04 00:00:00,10.303759240912347,10.573993570081658,10.303759240912347,10.565276145935059,1015000,0.0,0.0
2025-08-05 00:00:00,10.556558392188263,10.608862104095492,10.512972935494753,10.530406951904297,585300,0.0,0.0
2025-08-06 00:00:00,10.547841877599621,10.547841877599621,10.390931572057697,10.434517860412598,711200,0.0,0.0
2025-08-07 00:00:00,10.390931562756927,10.486820731980439,10.382214138825889,10.44323444366455,615100,0.0,0.0
2025-08-08 00:00:00,10.486820741367037,10.521689605783099,10.434517860412598,10.434517860412598,770100,0.0,0.0
2025-08-11 00:00:00,10.469386794106283,10.495538234756552,10.32991133551911,10.347345352172852,559200,0.0,0.0
2025-08-12 00:00:00,10.408365296839055,10.573993021677106,10.390931280789369,10.504255294799805,543600,0.0,0.0
2025-08-13 00:00:00,10.52168917188078,10.696034318110595,10.50425515606136,10.68731689453125,690900,0.0,0.0
2025-08-14 00:00:00,10.573993172389667,10.661164916559125,10.521689460816559,10.617579460144043,583700,0.0,0.0
2025-08-15 00:00:00,10.617579233556897,10.687316959939926,10.556558099467292,10.600144386291504,603500,0.0,0.0
2025-08-18 00:00:00,10.53040820782553,10.55655965122848,10.399650159471397,10.460670471191406,874300,0.0,0.0
2025-08-19 00:00:00,10.486820373084266,10.617579233556897,10.486820373084266,10.600144386291504,507200,0.0,0.0
2025-08-20 00:00:00,10.626295939330072,10.687317074071332,10.556558212202306,10.608861923217773,387700,0.0,0.0
2025-08-21 00:00:00,10.504255887651881,10.56527619427864,10.356063001838903,10.36478042602539,455500,0.0,0.0
2025-08-22 00:00:00,10.417082401946292,10.80064071938031,10.417082401946292,10.77448844909668,848800,0.0,0.0
2025-08-25 00:00:00,10.69603515980998,10.765772891254047,10.635014021291923,10.678600311279297,676200,0.0,0.0
2025-08-26 00:00:00,10.635013400505912,10.774488855252594,10.61757938433222,10.713468551635742,551900,0.0,0.0
2025-08-27 00:00:00,10.678599316609413,10.765771888464377,10.547841290166225,10.573992729187012,676500,0.0,0.0
2025-08-28 00:00:00,10.652448324079684,10.652448324079684,10.504255444518384,10.617579460144043,545000,0.0,0.0
2025-08-29 00:00:00,10.608863127169434,10.76577344668359,10.582711684363534,10.730904579162598,534200,0.0,0.0
2025-09-02 00:00:00,10.63501303068193,10.704750755630199,10.495537580785395,10.573992729187012,650700,0.0,0.0
2025-09-03 00:00:00,10.512972728400726,10.800641059875488,10.512972728400726,10.800641059875488,729400,0.0,0.0
2025-09-04 00:00:00,10.852944407575512,10.974985850659921,10.783206677624227,10.957551002502441,715200,0.0,0.0
2025-09-05 00:00:00,11.044722962062096,11.131895535288846,10.905247509970712,10.983702659606934,516700,0.0,0.0
2025-09-08 00:00:00,10.983702496367787,11.018571358872412,10.774488490000767,10.879095077514648,1038700,0.0,0.0
2025-09-09 00:00:00,10.826792499644299,10.896530226587316,10.800641059875488,10.800641059875488,502700,0.0,0.0
2025-09-10 00:00:00,10.826793342810552,10.861662208997569,10.748338186054928,10.791924476623535,680700,0.0,0.0
2025-09-11 00:00:00,10.80064071938031,10.870378444124812,10.748337010152305,10.77448844909668,677800,0.0,0.0
2025-09-12 00:00:00,10.739620618458021,10.774489484180053,10.652448869822607,10.678600311279297,493700,0.0,0.0
2025-09-15 00:00:00,10.748338042723363,10.748338042723363,10.626296597026581,10.678600311279297,427900,0.0,0.0
2025-09-16 00:00:00,10.635013135723215,10.696034269160094,10.565275410086153,10.591426849365234,579000,0.0,0.0
2025-09-17 00:00:00,10.60014409620415,10.870378402047509,10.60014409620415,10.669881820678711,517000,0.0,0.0
2025-09-18 00:00:00,10.678599754923686,10.68731717873485,10.547841723113399,10.626296043395996,914000,0.0,0.0
2025-09-19 00:00:00,10.65244765734211,10.65244765734211,10.521688802263192,10.54784107208252,2080900,0.0,0.0
2025-09-22 00:00:00,10.565276518117061,10.59142796013877,10.356063319264688,10.408366203308105,936300,0.0,0.0
2025-09-23 00:00:00,10.425799927952697,10.539123939612312,10.41708250443905,10.478103637695312,647100,0.0,0.0
2025-09-24 00:00:00,10.469386544123488,10.556558287989374,10.434517680309275,10.512972831726074,485700,0.0,0.0
2025-09-25 00:00:00,10.565275816062684,10.582710663811525,10.443234375838681,10.530406951904297,692100,0.0,0.0
2025-09-26 00:00:00,10.547841723113399,10.626296043395996,10.539124299302236,10.626296043395996,468600,0.0,0.0
2025-09-29 00:00:00,10.6088618099242,10.62629582585032,10.504255220349659,10.600144386291504,457400,0.0,0.0
2025-09-30 00:00:00,10.600144321416343,10.696034318110595,10.556558034858888,10.68731689453125,765900,0.0,0.0
2025-10-01 00:00:00,10.704752035269816,10.931400084114687,10.669883168627479,10.905248641967773,769900,0.0,0.0
2025-10-02 00:00:00,10.905246449740698,11.009853028639172,10.844225321878861,10.974984169006348,677000,0.0,0.0
2025-10-03 00:00:00,10.948833796584088,11.123178111698316,10.931398949403029,10.983702659606934,1056500,0.0,0.0
2025-10-06 00:00:00,10.983703126517915,11.009854567061915,10.800641380031305,10.844226837158203,810600,0.0,0.0
2025-10-07 00:00:00,10.791923740033221,10.948834042834738,10.791923740033221,10.818075180053711,1381900,0.0,0.0
2025-10-08 00:00:00,10.92268203433146,10.957550898977669,10.826792864389212,10.940116882324219,907400,0.0,0.0
2025-10-09 00:00:00,10.913965778407517,10.957551237055558,10.635014021291923,10.678600311279297,1407300,0.0,0.0
2025-10-10 00:00:00,10.71464683329444,10.786738583037934,10.552439966670857,10.6065092086792,1256200,0.4,0.0
2025-10-13 00:00:00,10.642554438591999,10.741680373631722,10.561451010195228,10.678600311279297,980500,0.0,0.0
2025-10-14 00:00:00,10.62453103088934,10.804760393619162,10.579473475356538,10.795748710632324,1077500,0.0,0.0
2025-10-15 00:00:00,10.80476026043784,10.91289787674281,10.795748577562081,10.858829498291016,756000,0.0,0.0
2025-10-16 00:00:00,10.831795569811637,10.885863949564984,10.471335980716589,10.498370170593262,895600,0.0,0.0
2025-10-17 00:00:00,10.489359213231916,10.561450958251953,10.453313340721898,10.561450958251953,761000,0.0,0.0
2025-10-20 00:00:00,10.58848602306844,10.687611965814765,10.507382588366234,10.660577774047852,568100,0.0,0.0
2025-10-21 00:00:00,10.65156604705029,10.660577730736469,10.525405913049607,10.543428421020508,698600,0.0,0.0
2025-10-22 00:00:00,11.201266789067192,11.426553726196289,11.021036551842743,11.426553726196289,2029500,0.0,0.0
2025-10-23 00:00:00,11.4445757714581,11.471609962187916,11.165220461979994,11.318415641784668,1535600,0.0,0.0
2025-10-24 00:00:00,11.417541224035176,11.48963296999677,11.318415288188337,11.363471984863281,1426000,0.0,0.0
2025-10-27 00:00:00,11.354460716247559,11.417540776641825,11.210276370572796,11.354460716247559,942700,0.0,0.0
2025-10-28 00:00:00,11.300391479194351,11.390506587815906,11.228299736057654,11.354460716247559,833000,0.0,0.0
2025-10-29 00:00:00,11.444575704679576,11.498644945225147,11.075105282389352,11.102139472961426,980000,0.0,0.0
2025-10-30 00:00:00,11.039059280284803,11.111151027240673,10.651565495845945,10.849818229675293,1289300,0.0,0.0
2025-10-31 00:00:00,10.813772356197358,10.903887469592902,10.68761136932388,10.849818229675293,794200,0.0,0.0
2025-11-03 00:00:00,10.831795722637032,10.930921659851,10.705634735763555,10.849818229675293,995800,0.0,0.0
2025-11-04 00:00:00,10.822783679284418,10.994001357756913,10.786737807005926,10.97597885131836,711800,0.0,0.0
2025-11-05 00:00:00,10.95795592948017,11.06609355069724,10.95795592948017,10.984990119934082,747600,0.0,0.0
2025-11-06 00:00:00,10.994001335035797,11.003013017937143,10.8317953398185,10.876852035522461,692300,0.0,0.0
2025-11-07 00:00:00,10.858829427628438,10.984989549462574,10.813771872944228,10.957955360412598,578800,0.0,0.0
2025-11-10 00:00:00,10.948944246195058,11.003013486504303,10.885864182002123,10.984990119934082,586000,0.0,0.0
2025-11-11 00:00:00,11.05708279293896,11.28236972000551,11.039059426260952,11.201266288757324,838900,0.0,0.0
2025-11-12 00:00:00,11.210276957890091,11.282369564205156,11.10213933751961,11.165220260620117,723400,0.0,0.0
2025-11-13 00:00:00,11.138185241058485,11.228300354644642,11.129174417221002,11.183242797851562,692600,0.0,0.0
2025-11-14 00:00:00,11.183242538854918,11.228300094604492,11.066093237666582,11.228300094604492,558300,0.0,0.0
2025-11-17 00:00:00,11.219288359230775,11.219288359230775,11.07510486902594,11.111150741577148,519000,0.0,0.0
2025-11-18 00:00:00,11.111150358792598,11.18324210141142,11.048070298851469,11.138184547424316,754500,0.0,0.0
2025-11-19 00:00:00,11.165220105438749,11.219288485171806,11.093128359527073,11.12917423248291,525200,0.0,0.0
2025-11-20 00:00:00,11.219289475664958,11.282370403457815,11.147197723388672,11.147197723388672,540600,0.0,0.0
2025-11-21 00:00:00,11.174231210770708,11.489633251634983,11.138185336906343,11.41754150390625,915700,0.0,0.0
2025-11-24 00:00:00,11.462599215481287,11.471610039517682,11.33643822555598,11.453587532043457,915500,0.0,0.0
2025-11-25 00:00:00,11.489633329326216,11.624805142381247,11.480621645948833,11.552713394165039,1089100,0.0,0.0
2025-11-26 00:00:00,11.49864543956037,11.759978251395767,11.426553688667948,11.642828941345215,1256600,0.0,0.0
2025-11-28 00:00:00,11.696896052029526,11.696896052029526,11.507655871079965,11.570735931396484,507700,0.0,0.0
2025-12-01 00:00:00,11.516666880446552,11.63381617964203,11.453586819111056,11.624804496765137,765000,0.0,0.0
2025-12-02 00:00:00,11.651839743708388,11.687885616428078,11.543702125549316,11.543702125549316,724500,0.0,0.0
2025-12-03 00:00:00,11.60678249855231,11.642828372236576,11.543702434455197,11.61579418182373,792300,0.0,0.0
2025-12-04 00:00:00,11.62480451458491,11.63381619747562,11.37248340945476,11.408529281616211,876600,0.0,0.0
2025-12-05 00:00:00,11.408529437100707,11.588758800364266,11.372483564447995,11.444575309753418,1254700,0.0,0.0
2025-12-08 00:00:00,11.408529820589802,11.489633251634983,11.318415565629598,11.41754150390625,929900,0.0,0.0
2025-12-09 00:00:00,11.417541999455482,11.480622066605598,11.2733584977401,11.309404373168945,847300,0.0,0.0
2025-12-10 00:00:00,11.300392689461368,11.39951863204033,11.282370181447677,11.309404373168945,724900,0.0,0.0
2025-12-11 00:00:00,11.363471984863281,11.453587097015973,11.336437794978034,11.363471984863281,833900,0.0,0.0
2025-12-12 00:00:00,11.381495268512209,11.453587013950969,11.210276728544105,11.228300094604492,841100,0.0,0.0
2025-12-15 00:00:00,11.318415442240878,11.444575569690103,11.264346202333057,11.399518013000488,1097500,0.0,0.0
2025-12-16 00:00:00,11.435563805670753,11.435563805670753,11.255334439587168,11.2643461227417,1018900,0.0,0.0
2025-12-17 00:00:00,11.300392910889173,11.570737411603565,11.300392910889173,11.480622291564941,1668100,0.0,0.0
2025-12-18 00:00:00,11.805034442860396,11.931194562604897,11.642827592444482,11.886137008666992,1546600,0.0,0.0
2025-12-19 00:00:00,11.841080820912818,11.994275995217428,11.814045771752195,11.877126693725586,4230600,0.0,0.0
2025-12-22 00:00:00,11.868114149520954,12.048343500507336,11.841079961723329,12.012297630310059,1015800,0.0,0.0
2025-12-23 00:00:00,11.976252257990044,11.994275623538618,11.651839412728052,11.687885284423828,1139300,0.0,0.0
2025-12-24 00:00:00,11.768989438746214,11.778000262676636,11.59777089304682,11.75096607208252,667600,0.0,0.0
2025-12-26 00:00:00,11.685889187335901,11.797448884963725,11.620812918702422,11.648702621459961,1092400,0.4,0.0
2025-12-29 00:00:00,11.704482913572704,11.732372616330244,11.61151605558402,11.648702621459961,935800,0.0,0.0
2025-12-30 00:00:00,11.66729640435017,11.750966399626734,11.64870267802308,11.68588924407959,611900,0.0,0.0
2025-12-31 00:00:00,11.685889249344731,11.797448947564522,11.639406706701402,11.667296409606934,662700,0.0,0.0
2026-01-02 00:00:00,11.69518621974338,11.797449055733068,11.518550250925253,11.760262489318848,1279500,0.0,0.0
2026-01-05 00:00:00,11.723076482771818,11.825340210243064,11.462770505440657,11.806746482849121,1565400,0.0,0.0
2026-01-06 00:00:00,11.7788561647324,11.797449004560022,11.499956474536672,11.704483032226562,1224500,0.0,0.0
2026-01-07 00:00:00,11.723076263838639,11.750966854408686,11.565033130332525,11.657999992370605,1396300,0.0,0.0
2026-01-08 00:00:00,11.56503252885041,11.93689907106474,11.56503252885041,11.862525939941406,1594100,0.0,0.0
2026-01-09 00:00:00,11.946196382541778,12.178612647676072,11.927602655764144,12.160018920898438,1383700,0.0,0.0
2026-01-12 00:00:00,12.094942650372095,12.197205487856015,12.001975789679301,12.160018920898438,849800,0.0,0.0
2026-01-13 00:00:00,12.197205659763286,12.336655952767888,12.085645957318228,12.252985954284668,1100300,0.0,0.0
2026-01-14 00:00:00,12.262281597224868,12.336655616760254,12.187908464287162,12.336655616760254,1278000,0.0,0.0
2026-01-15 00:00:00,12.34595093000062,12.55977434065466,12.225094373821838,12.522587776184082,1168000,0.0,0.0
2026-01-16 00:00:00,12.476104861846293,12.838674545288086,12.476104861846293,12.838674545288086,1246200,0.0,0.0
2026-01-20 00:00:00,12.61555401981912,12.689927150385959,12.364544925805447,12.401731491088867,1123100,0.0,0.0
2026-01-21 00:00:00,12.438918958101898,12.48540238972529,12.169316118603478,12.364545822143555,908100,0.0,0.0
2026-01-22 00:00:00,12.308765411376953,12.47610540901185,12.290172570860692,12.308765411376953,1243000,0.0,0.0
2026-01-23 00:00:00,12.35524861822672,12.476105182479976,12.225095190585284,12.466808319091797,1146600,0.0,0.0
2026-01-26 00:00:00,12.46680888018678,12.51329231262207,12.234392604608063,12.51329231262207,1109700,0.0,0.0
2026-01-27 00:00:00,12.457511621092902,12.596961913973898,12.345951918746728,12.578368186950684,901700,0.0,0.0
2026-01-28 00:00:00,12.606258211576831,12.68063134313559,12.494697627641031,12.53188419342041,995200,0.0,0.0
2026-01-29 00:00:00,12.615554760378702,12.615554760378702,12.392435355580602,12.559775352478027,1175400,0.0,0.0
2026-01-30 00:00:00,12.27157924762854,12.531885229607346,10.877081585702621,10.99793815612793,5988000,0.0,0.0
2026-02-02 00:00:00,11.081607423399008,11.323320548232997,10.92356429459199,11.146683692932129,2628500,0.0,0.0
2026-02-03 00:00:00,11.155981232320574,11.360507803160482,11.053718390199485,11.248948097229004,1966300,0.0,0.0
2026-02-04 00:00:00,11.193166313452554,11.583625675621635,11.16527661232551,11.509252548217773,1475400,0.0,0.0
2026-02-05 00:00:00,11.509252819653534,11.537142521438334,11.314023133964671,11.388396263122559,1205400,0.0,0.0
2026-02-06 00:00:00,11.388396714303296,11.472066709570132,11.304726719036461,11.360507011413574,1071200,0.0,0.0
2026-02-09 00:00:00,11.304727052650763,11.341913619800364,11.044421082603563,11.276837348937988,1307400,0.0,0.0
2026-02-10 00:00:00,11.323320388793945,11.369802931178715,11.211760691194703,11.323320388793945,794200,0.0,0.0
2026-02-11 00:00:00,11.369803150696466,11.620813140089282,11.360507173998634,11.490659713745117,976100,0.0,0.0
2026-02-12 00:00:00,11.620812861913302,11.760262261617196,11.527846004378931,11.611515998840332,1012600,0.0,0.0
2026-02-13 00:00:00,11.676593889680973,11.871823593529545,11.4813641858324,11.750967025756836,1090500,0.0,0.0
2026-02-17 00:00:00,11.788153880313603,11.82534044925538,11.54644073889319,11.630110740661621,772200,0.0,0.0
2026-02-18 00:00:00,11.66729623329784,11.713779661836409,11.565032513193458,11.574329376220703,720200,0.0,0.0
2026-02-19 00:00:00,11.574330227500132,11.59292395492217,11.397694249979377,11.481364250183105,728600,0.0,0.0
2026-02-20 00:00:00,11.481364134522982,11.527846679414381,11.369803544310026,11.425583839416504,842500,0.0,0.0
2026-02-23 00:00:00,11.45347331536467,11.565033016756155,11.286134206576293,11.295430183410645,802600,0.0,0.0
2026-02-24 00:00:00,11.341913619800364,11.36980332351314,11.07231078631634,11.276837348937988,970000,0.0,0.0
2026-02-25 00:00:00,11.295429170913874,11.323319758709967,11.109496351928,11.2582426071167,731900,0.0,0.0
2026-02-26 00:00:00,11.323320116084592,11.472066375967863,11.258242962437427,11.44417667388916,722200,0.0,0.0
2026-02-27 00:00:00,11.323320501559714,11.546439898980182,11.31402363835111,11.397693634033203,713200,0.0,0.0
2026-03-02 00:00:00,11.267540534882691,11.416286804132993,11.100200538677253,11.332616806030273,1287700,0.0,0.0
2026-03-03 00:00:00,11.155980229683673,11.332616193217364,11.063013373130582,11.211760520935059,956000,0.0,0.0
2026-03-04 00:00:00,11.230354200007241,11.295430472501721,11.109497632090552,11.155981063842773,985700,0.0,0.0
2026-03-05 00:00:00,11.128090527356806,11.332616193217364,11.044420533778554,11.211760520935059,882500,0.0,0.0
2026-03-06 00:00:00,11.109497977453046,11.193167979888562,10.988641405779271,11.053718566894531,1134600,0.0,0.0
2026-03-09 00:00:00,10.970047556534912,11.10949695671638,10.560994445899986,11.035123825073242,1403000,0.0,0.0
2026-03-10 00:00:00,11.016531997656273,11.23035454912682,10.979345428418016,11.053718566894531,1010800,0.0,0.0
2026-03-11 00:00:00,11.053718566894531,11.100201113494045,10.960751700500014,11.053718566894531,846100,0.0,0.0
2026-03-12 00:00:00,11.007234400177252,11.072310670358096,10.867784109878416,10.914267539978027,1205000,0.0,0.0
2026-03-13 00:00:00,10.988640565747078,11.063013698538102,10.793410870521221,10.821301460266113,980800,0.0,0.0
2026-03-16 00:00:00,10.9514534805375,11.072310037246876,10.821300947617893,10.830596923828125,768900,0.0,0.0
2026-03-17 00:00:00,10.94215813562891,11.06301381271335,10.858488138726077,10.895674705505371,933900,0.0,0.0
2026-03-18 00:00:00,10.821302353825411,11.016532065172186,10.802708625793457,10.802708625793457,1373700,0.0,0.0
2026-03-19 00:00:00,10.746927822868306,10.932860646115653,10.728334097244753,10.812004089355469,953500,0.0,0.0
2026-03-20 00:00:00,10.821300813020333,10.839893651807172,10.384358019059318,10.430841445922852,3104000,0.0,0.0
2026-03-23 00:00:00,10.588885251272716,10.681851224424708,10.51451211811205,10.551698684692383,1329400,0.0,0.0
2026-03-24 00:00:00,10.458731769200705,10.607478034729265,10.412248339573612,10.514512062072754,894500,0.0,0.0
2026-03-25 00:00:00,10.672554922199362,10.765521786836418,10.588885807943287,10.616775512695312,669000,0.0,0.0
2026-03-26 00:00:00,10.551698628454893,10.57958833159208,10.449434905955751,10.514512062072754,738600,0.0,0.0
2026-03-27 00:00:00,10.458732042291029,10.523808313509575,10.365765180609362,10.412248611450195,695800,0.0,0.0
2026-03-30 00:00:00,10.458731824942708,10.588885251272716,10.430842121656879,10.551698684692383,917700,0.0,0.0
2026-03-31 00:00:00,10.663258326097928,10.849191157982412,10.616774896477388,10.83989429473877,980900,0.0,0.0
2026-04-01 00:00:00,10.821301621572106,10.979344752758296,10.774818191235399,10.951454162597656,855200,0.0,0.0
2026-04-02 00:00:00,10.774818466500244,11.146684145498593,10.75622473925147,11.118794441223145,942700,0.0,0.0
2026-04-06 00:00:00,11.11879393351237,11.230353632117792,11.035123937908887,11.1094970703125,1507800,0.0,0.0
2026-04-07 00:00:00,11.109497293783846,11.146683860733674,10.951454162597656,10.951454162597656,1109100,0.0,0.0
2026-04-08 00:00:00,11.155981063842773,11.230354200007241,11.090904791348294,11.155981063842773,2807100,0.0,0.0
2026-04-09 00:00:00,11.088659866995759,11.271387650647627,11.05980844958705,11.155981063842773,1258000,0.4,0.0
2026-04-10 00:00:00,11.242535970617228,11.444497738576583,11.223301996948281,11.434881210327148,1148700,0.0,0.0
2026-04-13 00:00:00,11.396411578630554,11.50220071961339,11.338707827168088,11.492583274841309,1171900,0.0,0.0
2026-04-14 00:00:00,11.473349702074103,11.617607709999625,11.463732256967056,11.607990264892578,1408700,0.0,0.0
2026-04-15 00:00:00,11.57913906351166,11.684928210159493,11.531052754246259,11.665694236755371,848400,0.0,0.0
2026-04-16 00:00:00,11.636842244210063,11.65607621666569,11.386794182096786,11.415645599365234,843100,0.0,0.0
2026-04-17 00:00:00,11.521434862462025,11.665693784667678,11.454114582401404,11.627224922180176,995400,0.0,0.0
2026-04-20 00:00:00,11.540669673633213,11.540669673633213,11.357942807355496,11.521434783935547,1117600,0.0,0.0
2026-04-21 00:00:00,11.502201366346855,11.598373985135115,11.338708464708851,11.406028747558594,1282200,0.0,0.0
2026-04-22 00:00:00,11.473349351072152,11.482965878714957,11.33870787520269,11.415645599365234,677600,0.0,0.0
2026-04-23 00:00:00,11.396411578630554,11.521434691987533,11.377176689086394,11.492583274841309,859800,0.0,0.0
2026-04-24 00:00:00,11.482966090136415,11.72339671186362,11.473349562316555,11.656076431274414,1675200,0.0,0.0
2026-04-27 00:00:00,11.627225282448755,11.771483291954201,11.569521528344543,11.636842727661133,661300,0.0,0.0
2026-04-28 00:00:00,11.704163048425062,11.752249357475556,11.627225320812299,11.742631912231445,758500,0.0,0.0
2026-04-29 00:00:00,11.694545853415548,11.76186613722469,11.454115220188516,11.540670394897461,1041200,0.0,0.0
2026-04-30 00:00:00,11.55990494910093,11.752249266646276,11.54067005876137,11.713780403137207,1365900,0.0,0.0
2026-05-01 00:00:00,11.761865335008988,11.89650681061416,11.665693638579596,11.858037948608398,780900,0.0,0.0
2026-05-04 00:00:00,11.752248683067746,11.790717544666576,11.569520902595796,11.646458625793457,793200,0.0,0.0
2026-05-05 00:00:00,11.656076791468278,11.75224940999908,11.607990482202876,11.665694236755371,623600,0.0,0.0
2026-05-06 00:00:00,11.069425838407419,11.281004121226852,10.492391990134376,10.60779857635498,3161300,0.0,0.0
2026-05-07 00:00:00,10.646267298052738,10.819377633686118,10.578947019604204,10.655884742736816,1485300,0.0,0.0
2026-05-08 00:00:00,10.511626788508941,10.694353652479549,10.44430559258713,10.578947067260742,1240200,0.0,0.0
2026-05-11 00:00:00,10.588564384666249,10.588564384666249,10.348133772392284,10.3673677444458,1033000,0.0,0.0
2026-05-12 00:00:00,10.348133966105182,10.367367938518752,10.059617042541504,10.059617042541504,1202100,0.0,0.0
2026-05-13 00:00:00,9.973061735218604,10.16540604253251,9.905741456951237,10.10770320892334,1051000,0.0,0.0
2026-05-14 00:00:00,10.16540618374118,10.24234390773549,10.021148180544348,10.059617042541504,966800,0.0,0.0
2026-05-15 00:00:00,10.00191362413757,10.126937659085547,9.886507034301758,9.886507034301758,1051200,0.0,0.0
2026-05-18 00:00:00,9.963444927174471,10.098086409482121,9.934593508526426,10.021148681640625,926500,0.0,0.0
2026-05-19 00:00:00,9.953828595386934,10.050000298500528,9.838421084178494,9.896124839782715,689500,0.0,0.0
2026-05-20 00:00:00,9.876890620011961,10.194258975004882,9.876890620011961,10.0980863571167,734800,0.0,0.0
2026-05-21 00:00:00,10.011530953731263,10.184641295072565,9.944210673062996,10.117321014404297,711400,0.0,0.0
2026-05-22 00:00:00,10.08846891189387,10.184641529782052,10.07885146667104,10.0980863571167,607600,0.0,0.0
2026-05-26 00:00:00,9.982679960669211,10.021148825140823,9.790335638311149,9.973062515258789,1257700,0.0,0.0
2026-05-27 00:00:00,10.040382835217924,10.19425921083271,10.011531416052062,10.078851699829102,713600,0.0,0.0
2026-05-28 00:00:00,10.04038269277126,10.15579020213754,10.001913828705856,10.126937866210938,528800,0.0,0.0
2026-05-29 00:00:00,10.14617221132761,10.175023628532971,10.040382152957918,10.059617042541504,783000,0.0,0.0
2026-06-01 00:00:00,9.953828181885019,10.040382435940591,9.905741873740784,9.963444709777832,942600,0.0,0.0
2026-06-02 00:00:00,9.934592920750376,10.107703256736775,9.934592920750376,10.030765533447266,674700,0.0,0.0
2026-06-03 00:00:00,9.963444211851472,9.982679101015913,9.626841906003717,9.636459350585938,966300,0.0,0.0
2026-06-04 00:00:00,9.694162411959795,9.857655305026519,9.694162411959795,9.799951553344727,712600,0.0,0.0
2026-06-05 00:00:00,9.771100764358353,9.896124803399443,9.761483318931328,9.790335655212402,733600,0.0,0.0
2026-06-08 00:00:00,9.819187016793137,9.838420990364419,9.482583766180033,9.501818656921387,943800,0.0,0.0
2026-06-09 00:00:00,9.597989846240843,9.857655354353222,9.597989846240843,9.723013877868652,953200,0.0,0.0
2026-06-10 00:00:00,9.723013658944783,9.761482520335633,9.463349073849049,9.482583045959473,856400,0.0,0.0
2026-06-11 00:00:00,9.511435508728027,9.588373232551973,9.45373175727506,9.511435508728027,1790100,0.0,0.0
2026-06-12 00:00:00,9.597990201876156,9.771100547032017,9.54990481015069,9.73263168334961,1231300,0.0,0.0
2026-06-15 00:00:00,9.771100313433553,9.963444627247199,9.732631450670825,9.751866340637207,1061300,0.0,0.0
2026-06-16 00:00:00,9.83842041540925,9.992296780837355,9.780717580897473,9.799951553344727,1256200,0.0,0.0
2026-06-17 00:00:00,9.713397528122865,9.867272979969794,9.6364598021994,9.674928665161133,1485800,0.0,0.0
2026-06-18 00:00:00,9.655693765565246,9.87689041525442,9.655693765565246,9.85765552520752,4166500,0.0,0.0
2026-06-22 00:00:00,9.8095687778237,9.867272528209426,9.540286749420302,9.559520721435547,1723600,0.0,0.0
2026-06-23 00:00:00,9.62684199815306,9.723013693385845,9.578755691951665,9.665310859680176,1149400,0.0,0.0
2026-06-24 00:00:00,9.703779839775304,10.088468459746867,9.703779839775304,10.059617042541504,1528600,0.0,0.0
2026-06-25 00:00:00,9.982679179876799,10.271196099432661,9.953827763072214,10.10770320892334,1232900,0.0,0.0
2026-06-26 00:00:00,10.05000002022902,10.4539235467642,9.93459342938612,10.357751846313477,4881100,0.0,0.0
2026-06-29 00:00:00,10.357751833706851,10.578947569927342,10.223110352635647,10.540478706359863,1913600,0.0,0.0
2026-06-30 00:00:00,10.52124361558394,10.944402023936004,10.502009642751593,10.84822940826416,2318900,0.0,0.0
2026-07-01 00:00:00,10.742440405459488,10.98287103061808,10.6751201239095,10.800143241882324,1538600,0.0,0.0
2026-07-02 00:00:00,10.886697965286922,10.934784271772077,10.338516455998166,10.396220207214355,2290100,0.0,0.0
2026-07-06 00:00:00,10.463540761698214,10.530861042249265,10.26157900287502,10.48277473449707,2280900,0.0,0.0
2026-07-07 00:00:00,10.511627035996776,10.559712426425904,10.088468629728215,10.194258689880371,2511200,0.0,0.0
2026-07-08 00:00:00,10.146172809987283,10.213493093161933,10.050000190734863,10.050000190734863,1857400,0.0,0.0
2026-07-09 00:00:00,10.029999732971191,10.239999771118164,9.979999542236328,10.109999656677246,1212300,0.4,0.0
2026-07-10 00:00:00,10.199999809265137,10.350000381469727,10.130000114440918,10.279999732971191,1199400,0.0,0.0
2026-07-13 00:00:00,10.220000267028809,10.270000457763672,10.050000190734863,10.180000305175781,1542400,0.0,0.0
2026-07-14 00:00:00,10.15999984741211,10.289999961853027,10.109999656677246,10.119999885559082,1411300,0.0,0.0
2026-07-15 00:00:00,10.170000076293945,10.1899995803833,9.800000190734863,9.829999923706055,1982700,0.0,0.0
2026-07-16 00:00:00,9.869999885559082,10.1899995803833,9.850000381469727,10.09000015258789,1322300,0.0,0.0
2026-07-17 00:00:00,10.079999923706055,10.260000228881836,9.850000381469727,9.899999618530273,1423100,0.0,0.0
2026-07-20 00:00:00,9.90999984741211,9.90999984741211,9.6899995803833,9.739999771118164,1722900,0.0,0.0
2026-07-21 00:00:00,9.720000267028809,9.880000114440918,9.680000305175781,9.800000190734863,1299000,0.0,0.0
2026-07-22 00:00:00,9.890000343322754,9.90999984741211,9.760000228881836,9.850000381469727,1293400,0.0,0.0
2026-07-23 00:00:00,9.819999694824219,9.84000015258789,9.5600004196167,9.579999923706055,1877000,0.0,0.0
2026-07-24 00:00:00,9.619999885559082,9.819999694824219,9.609999656677246,9.739999771118164,1323300,0.0,0.0
2026-07-27 00:00:00,9.789999961853027,9.890000343322754,9.619999885559082,9.619999885559082,1167600,0.0,0.0
2026-07-28 00:00:00,9.670000076293945,9.930000305175781,9.65999984741211,9.789999961853027,1096400,0.0,0.0
2026-07-29 00:00:00,9.800000190734863,9.819999694824219,9.640000343322754,9.6899995803833,1433400,0.0,0.0
2026-07-30 00:00:00,9.569999694824219,9.720000267028809,9.050000190734863,9.3100004196167,3328400,0.0,0.0
2026-07-31 00:00:00,9.289999961853027,9.460000038146973,9.069999694824219,9.430000305175781,1807000,0.0,0.0
2026-08-03 00:00:00,9.369999885559082,9.609999656677246,9.369999885559082,9.4399995803833,1269000,0.0,0.0
2026-08-04 00:00:00,9.460000038146973,9.539999961853027,9.399999618530273,9.529999732971191,900800,0.0,0.0
2026-08-05 00:00:00,9.489999771118164,9.5,9.25,9.449999809265137,1099400,0.0,0.0
2026-08-06 00:00:00,9.449999809265137,9.489999771118164,9.319999694824219,9.34000015258789,1160800,0.0,0.0
2026-08-07 00:00:00,9.479999542236328,9.739999771118164,9.449999809265137,9.649999618530273,1039600,0.0,0.0
2026-08-10 00:00:00,9.539999961853027,9.579999923706055,9.319999694824219,9.380000114440918,1054800,0.0,0.0
2026-08-11 00:00:00,9.420000076293945,9.5600004196167,9.380000114440918,9.449999809265137,1329600,0.0,0.0
2026-08-12 00:00:00,9.510000228881836,9.609999656677246,9.420000076293945,9.479999542236328,948900,0.0,0.0
2026-08-13 00:00:00,9.529999732971191,9.609999656677246,9.470000267028809,9.489999771118164,1226300,0.0,0.0
2026-08-14 00:00:00,9.489999771118164,9.640000343322754,9.449999809265137,9.449999809265137,902000,0.0,0.0
2026-08-17 00:00:00,9.800000190734863,9.8100004196167,9.529999732971191,9.619999885559082,1300400,0.0,0.0
2026-08-18 00:00:00,9.640000343322754,9.670000076293945,9.430000305175781,9.430000305175781,1422200,0.0,0.0
2026-08-19 00:00:00,9.529999732971191,9.65999984741211,9.520000457763672,9.539999961853027,813600,0.0,0.0
2026-08-20 00:00:00,9.489999771118164,9.5,9.329999923706055,9.390000343322754,1068900,0.0,0.0
2026-08-21 00:00:00,9.380000114440918,9.430000305175781,9.229999542236328,9.350000381469727,2686400,0.0,0.0
2026-08-24 00:00:00,9.390000343322754,9.390000343322754,9.260000228881836,9.289999961853027,1519000,0.0,0.0
2026-08-25 00:00:00,9.300000190734863,9.319999694824219,9.1899995803833,9.289999961853027,1143800,0.0,0.0
2026-08-26 00:00:00,9.300000190734863,9.3100004196167,9.220000267028809,9.229999542236328,651600,0.0,0.0
2026-08-27 00:00:00,9.199999809265137,9.350000381469727,9.170000076293945,9.329999923706055,858600,0.0,0.0
2026-08-28 00:00:00,9.369999885559082,9.420000076293945,9.329999923706055,9.34000015258789,665000,0.0,0.0
2026-08-31 00:00:00,9.319999694824219,9.449999809265137,9.279999732971191,9.319999694824219,1040300,0.0,0.0
2026-09-01 00:00:00,9.270000457763672,9.369999885559082,9.229999542236328,9.239999771118164,1370400,0.0,0.0
2026-09-02 00:00:00,9.34000015258789,9.630000114440918,9.3100004196167,9.510000228881836,889100,0.0,0.0
2026-09-03 00:00:00,9.600000381469727,9.649999618530273,9.479999542236328,9.630000114440918,1314500,0.0,0.0
2026-09-04 00:00:00,9.569999694824219,9.720000267028809,9.569999694824219,9.640000343322754,813300,0.0,0.0
2026-09-08 00:00:00,9.65999984741211,9.699999809265137,9.609999656677246,9.609999656677246,878900,0.0,0.0
2026-09-09 00:00:00,9.600000381469727,9.609999656677246,9.420000076293945,9.420000076293945,1724700,0.0,0.0
2026-09-10 00:00:00,9.350000381469727,9.399999618530273,9.170000076293945,9.170000076293945,1434200,0.0,0.0
2026-09-11 00:00:00,9.229999542236328,9.300000190734863,9.149999618530273,9.170000076293945,1129400,0.0,0.0
2026-09-14 00:00:00,9.149999618530273,9.180000305175781,8.989999771118164,9.050000190734863,1695100,0.0,0.0
2026-09-15 00:00:00,9.020000457763672,9.149999618530273,8.970000267028809,8.979999542236328,2681900,0.0,0.0
2026-09-16 00:00:00,9.0600004196167,9.149999618530273,8.84000015258789,8.880000114440918,2400500,0.0,0.0
2026-09-17 00:00:00,9.010000228881836,9.15999984741211,8.9399995803833,8.9399995803833,1960700,0.0,0.0
2026-09-18 00:00:00,8.899999618530273,9.0,8.800000190734863,8.800000190734863,4395100,0.0,0.0
2026-09-21 00:00:00,8.899999618530273,8.960000038146973,8.859999656677246,8.880000114440918,1724800,0.0,0.0
2026-09-22 00:00:00,8.960000038146973,9.109999656677246,8.960000038146973,9.010000228881836,1582300,0.0,0.0
2026-09-23 00:00:00,8.960000038146973,8.970000267028809,8.729999542236328,8.729999542236328,1690600,0.0,0.0
2026-09-24 00:00:00,8.699999809265137,8.779999732971191,8.4399995803833,8.449999809265137,2029800,0.0,0.0
2026-09-25 00:00:00,8.470000267028809,8.489999771118164,8.239999771118164,8.329999923706055,1844800,0.0,0.0
2026-09-28 00:00:00,8.289999961853027,8.329999923706055,7.96999979019165,8.069999694824219,2241100,0.0,0.0
2026-09-29 00:00:00,8.109999656677246,8.220000267028809,7.980000019073486,8.0,1881500,0.0,0.0
