Timestamp,Open,High,Low,Close,AdjClose,Volume,AdjHigh,AdjLow,AdjOpen,AdjVolume,DivCash,SplitFactor
2016-10-05 00:00:00,11.01,11.5,10.8401,11.0,11.0,62679,11.5,10.8401,11.01,62679,0.0,1.0
2016-10-06 00:00:00,11.08,11.53,10.92,11.47,11.47,25993,11.53,10.92,11.08,25993,0.0,1.0
2016-10-07 00:00:00,11.36,12.4647,10.58,11.06,11.06,28431,12.4647,10.58,11.36,28431,0.0,1.0
2016-10-10 00:00:00,11.13,11.27,10.79,10.97,10.97,28260,11.27,10.79,11.13,28260,0.0,1.0
2016-10-11 00:00:00,10.9,11.0999,9.85,10.01,10.01,101386,11.0999,9.85,10.9,101386,0.0,1.0
2016-10-12 00:00:00,10.05,10.28,9.755,9.91,9.91,43757,10.28,9.755,10.05,43757,0.0,1.0
2016-10-13 00:00:00,9.95,10.3725,9.84,10.24,10.24,72808,10.3725,9.84,9.95,72808,0.0,1.0
2016-10-14 00:00:00,11.74,11.74,10.36,10.55,10.55,83324,11.74,10.36,11.74,83324,0.0,1.0
2016-10-17 00:00:00,10.58,10.73,10.37,10.46,10.46,14472,10.73,10.37,10.58,14472,0.0,1.0
2016-10-18 00:00:00,10.5,11.17,10.42,10.49,10.49,28480,11.17,10.42,10.5,28480,0.0,1.0
2016-10-19 00:00:00,10.5,10.6732,10.3006,10.48,10.48,41177,10.6732,10.3006,10.5,41177,0.0,1.0
2016-10-20 00:00:00,10.42,10.7,10.14,10.48,10.48,53985,10.7,10.14,10.42,53985,0.0,1.0
2016-10-21 00:00:00,10.24,10.355,9.99,10.04,10.04,39009,10.355,9.99,10.24,39009,0.0,1.0
2016-10-24 00:00:00,10.1,10.99,9.93,9.97,9.97,25504,10.99,9.93,10.1,25504,0.0,1.0
2016-10-25 00:00:00,9.88,10.5342,9.52,9.87,9.87,77593,10.5342,9.52,9.88,77593,0.0,1.0
2016-10-26 00:00:00,9.68,9.98,9.53,9.59,9.59,29142,9.98,9.53,9.68,29142,0.0,1.0
2016-10-27 00:00:00,9.67,9.67,9.06,9.2,9.2,53363,9.67,9.06,9.67,53363,0.0,1.0
2016-10-28 00:00:00,9.11,10.0225,9.11,9.43,9.43,23698,10.0225,9.11,9.11,23698,0.0,1.0
2016-10-31 00:00:00,9.37,10.089,9.37,9.55,9.55,39176,10.089,9.37,9.37,39176,0.0,1.0
2016-11-01 00:00:00,9.69,9.9689,9.13,9.34,9.34,38934,9.9689,9.13,9.69,38934,0.0,1.0
2016-11-02 00:00:00,8.76,9.2699,8.32,8.45,8.45,174016,9.2699,8.32,8.76,174016,0.0,1.0
2016-11-03 00:00:00,8.39,8.946,8.39,8.45,8.45,36041,8.946,8.39,8.39,36041,0.0,1.0
2016-11-04 00:00:00,8.56,9.4,8.56,9.2,9.2,45817,9.4,8.56,8.56,45817,0.0,1.0
2016-11-07 00:00:00,9.59,10.99,9.508,10.68,10.68,94435,10.99,9.508,9.59,94435,0.0,1.0
2016-11-08 00:00:00,11.09,11.09,10.3101,10.5,10.5,23700,11.09,10.3101,11.09,23700,0.0,1.0
2016-11-09 00:00:00,10.26,11.02,9.07,10.7,10.7,72437,11.02,9.07,10.26,72437,0.0,1.0
2016-11-10 00:00:00,10.86,11.869,10.46,11.75,11.75,89206,11.869,10.46,10.86,89206,0.0,1.0
2016-11-11 00:00:00,11.64,12.45,11.57,12.44,12.44,62779,12.45,11.57,11.64,62779,0.0,1.0
2016-11-14 00:00:00,13.1,14.905,12.82,13.99,13.99,191180,14.905,12.82,13.1,191180,0.0,1.0
2016-11-15 00:00:00,14.26,14.6,12.85,12.93,12.93,88908,14.6,12.85,14.26,88908,0.0,1.0
2016-11-16 00:00:00,12.93,13.4164,11.83,12.06,12.06,78640,13.4164,11.83,12.93,78640,0.0,1.0
2016-11-17 00:00:00,12.47,12.55,11.72,11.8,11.8,35920,12.55,11.72,12.47,35920,0.0,1.0
2016-11-18 00:00:00,11.91,12.515,11.8,12.43,12.43,31009,12.515,11.8,11.91,31009,0.0,1.0
2016-11-21 00:00:00,12.66,13.32,12.26,13.03,13.03,53920,13.32,12.26,12.66,53920,0.0,1.0
2016-11-22 00:00:00,13.29,13.49,13.13,13.35,13.35,41292,13.49,13.13,13.29,41292,0.0,1.0
2016-11-23 00:00:00,13.46,14.15,13.2,14.04,14.04,29081,14.15,13.2,13.46,29081,0.0,1.0
2016-11-25 00:00:00,14.01,14.3,13.68,13.98,13.98,28711,14.3,13.68,14.01,28711,0.0,1.0
2016-11-28 00:00:00,14.17,14.195,13.81,13.97,13.97,41696,14.195,13.81,14.17,41696,0.0,1.0
2016-11-29 00:00:00,14.0,14.0,12.49,12.86,12.86,83711,14.0,12.49,14.0,83711,0.0,1.0
2016-11-30 00:00:00,13.06,13.34,12.875,12.91,12.91,18629,13.34,12.875,13.06,18629,0.0,1.0
2016-12-01 00:00:00,13.25,13.575,12.3,12.49,12.49,46786,13.575,12.3,13.25,46786,0.0,1.0
2016-12-02 00:00:00,12.51,12.89,11.8001,12.2,12.2,52605,12.89,11.8001,12.51,52605,0.0,1.0
2016-12-05 00:00:00,12.25,12.47,11.8476,11.99,11.99,46397,12.47,11.8476,12.25,46397,0.0,1.0
2016-12-06 00:00:00,12.0,12.4,12.0,12.22,12.22,25005,12.4,12.0,12.0,25005,0.0,1.0
2016-12-07 00:00:00,12.31,12.38,11.91,12.01,12.01,48562,12.38,11.91,12.31,48562,0.0,1.0
2016-12-08 00:00:00,12.03,12.22,11.89,12.01,12.01,38677,12.22,11.89,12.03,38677,0.0,1.0
2016-12-09 00:00:00,12.05,12.4299,11.85,11.99,11.99,18093,12.4299,11.85,12.05,18093,0.0,1.0
2016-12-12 00:00:00,12.09,12.5,11.83,11.93,11.93,62266,12.5,11.83,12.09,62266,0.0,1.0
2016-12-13 00:00:00,11.9,12.0599,11.68,11.85,11.85,58776,12.0599,11.68,11.9,58776,0.0,1.0
2016-12-14 00:00:00,11.74,11.98,10.87,10.99,10.99,48704,11.98,10.87,11.74,48704,0.0,1.0
2016-12-15 00:00:00,11.01,11.335,10.8105,10.91,10.91,44949,11.335,10.8105,11.01,44949,0.0,1.0
2016-12-16 00:00:00,11.01,11.05,10.7,10.8,10.8,34908,11.05,10.7,11.01,34908,0.0,1.0
2016-12-19 00:00:00,10.78,10.9899,10.22,10.44,10.44,61401,10.9899,10.22,10.78,61401,0.0,1.0
2016-12-20 00:00:00,10.61,10.985,10.06,10.14,10.14,60427,10.985,10.06,10.61,60427,0.0,1.0
2016-12-21 00:00:00,10.26,10.885,9.9208,10.19,10.19,84783,10.885,9.9208,10.26,84783,0.0,1.0
2016-12-22 00:00:00,10.34,11.0,10.34,10.88,10.88,35991,11.0,10.34,10.34,35991,0.0,1.0
2016-12-23 00:00:00,9.91,10.269,9.04,9.58,9.58,287029,10.269,9.04,9.91,287029,0.0,1.0
2016-12-27 00:00:00,9.55,9.57,9.09,9.14,9.14,80128,9.57,9.09,9.55,80128,0.0,1.0
2016-12-28 00:00:00,9.13,9.27,8.17,8.18,8.18,99502,9.27,8.17,9.13,99502,0.0,1.0
2016-12-29 00:00:00,8.39,8.8521,8.05,8.1,8.1,125263,8.8521,8.05,8.39,125263,0.0,1.0
2016-12-30 00:00:00,8.14,8.2499,7.39,7.5,7.5,166056,8.2499,7.39,8.14,166056,0.0,1.0
2017-01-03 00:00:00,7.7,8.3729,7.7,8.25,8.25,84934,8.3729,7.7,7.7,84934,0.0,1.0
2017-01-04 00:00:00,8.75,8.98,7.86,8.28,8.28,129205,8.98,7.86,8.75,129205,0.0,1.0
2017-01-05 00:00:00,8.3,8.375,6.71,7.32,7.32,257290,8.375,6.71,8.3,257290,0.0,1.0
2017-01-06 00:00:00,7.35,7.619,7.2501,7.43,7.43,90254,7.619,7.2501,7.35,90254,0.0,1.0
2017-01-09 00:00:00,7.5,7.5,7.0,7.08,7.08,71124,7.5,7.0,7.5,71124,0.0,1.0
2017-01-10 00:00:00,7.13,7.28,7.0,7.27,7.27,50199,7.28,7.0,7.13,50199,0.0,1.0
2017-01-11 00:00:00,7.28,7.46,7.11,7.14,7.14,25408,7.46,7.11,7.28,25408,0.0,1.0
2017-01-12 00:00:00,7.16,7.43,6.88,7.33,7.33,56249,7.43,6.88,7.16,56249,0.0,1.0
2017-01-13 00:00:00,7.4,7.525,7.04,7.5,7.5,41939,7.525,7.04,7.4,41939,0.0,1.0
2017-01-17 00:00:00,8.0,8.01,7.51,7.62,7.62,217489,8.01,7.51,8.0,217489,0.0,1.0
2017-01-18 00:00:00,7.5,7.93,7.32,7.79,7.79,113915,7.93,7.32,7.5,113915,0.0,1.0
2017-01-19 00:00:00,7.95,7.98,7.35,7.49,7.49,98818,7.98,7.35,7.95,98818,0.0,1.0
2017-01-20 00:00:00,7.43,7.651,7.24,7.32,7.32,49621,7.651,7.24,7.43,49621,0.0,1.0
2017-01-23 00:00:00,7.32,7.5199,6.83,6.98,6.98,61549,7.5199,6.83,7.32,61549,0.0,1.0
2017-01-24 00:00:00,7.01,7.19,6.92,7.0,7.0,48755,7.19,6.92,7.01,48755,0.0,1.0
2017-01-25 00:00:00,7.1,7.61,7.1,7.37,7.37,118494,7.61,7.1,7.1,118494,0.0,1.0
2017-01-26 00:00:00,7.39,7.54,7.11,7.27,7.27,27831,7.54,7.11,7.39,27831,0.0,1.0
2017-01-27 00:00:00,7.45,7.53,7.3,7.44,7.44,16646,7.53,7.3,7.45,16646,0.0,1.0
2017-01-30 00:00:00,7.43,7.47,6.99,7.09,7.09,32940,7.47,6.99,7.43,32940,0.0,1.0
2017-01-31 00:00:00,7.13,7.47,7.08,7.4,7.4,23793,7.47,7.08,7.13,23793,0.0,1.0
2017-02-01 00:00:00,7.5,7.6,7.34,7.58,7.58,65736,7.6,7.34,7.5,65736,0.0,1.0
2017-02-02 00:00:00,7.51,7.6,7.25,7.45,7.45,39182,7.6,7.25,7.51,39182,0.0,1.0
2017-02-03 00:00:00,7.54,7.65,2.76,2.8,2.8,1572521,7.65,2.76,7.54,1572521,0.0,1.0
2017-02-06 00:00:00,4.22,4.25,3.25,3.7,3.7,1832955,4.25,3.25,4.22,1832955,0.0,1.0
2017-02-07 00:00:00,3.65,3.8,3.32,3.75,3.75,445103,3.8,3.32,3.65,445103,0.0,1.0
2017-02-08 00:00:00,3.7,3.79,3.35,3.41,3.41,166655,3.79,3.35,3.7,166655,0.0,1.0
2017-02-09 00:00:00,3.38,3.45,3.22,3.23,3.23,280219,3.45,3.22,3.38,280219,0.0,1.0
2017-02-10 00:00:00,3.23,3.27,2.87,3.07,3.07,277457,3.27,2.87,3.23,277457,0.0,1.0
2017-02-13 00:00:00,3.07,3.75,3.05,3.63,3.63,303755,3.75,3.05,3.07,303755,0.0,1.0
2017-02-14 00:00:00,3.68,3.82,3.41,3.58,3.58,195951,3.82,3.41,3.68,195951,0.0,1.0
2017-02-15 00:00:00,3.52,3.8,3.51,3.8,3.8,241958,3.8,3.51,3.52,241958,0.0,1.0
2017-02-16 00:00:00,4.25,7.85,4.15,6.24,6.24,4192794,7.85,4.15,4.25,4192794,0.0,1.0
2017-02-17 00:00:00,5.83,6.73,5.4,6.38,6.38,670578,6.73,5.4,5.83,670578,0.0,1.0
2017-02-21 00:00:00,6.35,6.38,5.0,5.1,5.1,349838,6.38,5.0,6.35,349838,0.0,1.0
2017-02-22 00:00:00,5.54,5.54,4.85,4.98,4.98,224214,5.54,4.85,5.54,224214,0.0,1.0
2017-02-23 00:00:00,4.91,5.12,4.56,4.79,4.79,146334,5.12,4.56,4.91,146334,0.0,1.0
2017-02-24 00:00:00,4.72,5.07,4.7,5.05,5.05,73703,5.07,4.7,4.72,73703,0.0,1.0
2017-02-27 00:00:00,5.32,5.47,4.8,5.31,5.31,209590,5.47,4.8,5.32,209590,0.0,1.0
2017-02-28 00:00:00,5.2,5.45,5.0,5.3,5.3,101334,5.45,5.0,5.2,101334,0.0,1.0
2017-03-01 00:00:00,5.5,5.61,5.12,5.38,5.38,172530,5.61,5.12,5.5,172530,0.0,1.0
2017-03-02 00:00:00,5.55,5.75,5.39,5.67,5.67,122349,5.75,5.39,5.55,122349,0.0,1.0
2017-03-03 00:00:00,5.78,6.08,5.73,5.94,5.94,178706,6.08,5.73,5.78,178706,0.0,1.0
2017-03-06 00:00:00,5.9,6.25,5.45,5.5,5.5,207639,6.25,5.45,5.9,207639,0.0,1.0
2017-03-07 00:00:00,5.45,5.87,5.41,5.74,5.74,65609,5.87,5.41,5.45,65609,0.0,1.0
2017-03-08 00:00:00,6.23,6.23,5.5,5.51,5.51,60725,6.23,5.5,6.23,60725,0.0,1.0
2017-03-09 00:00:00,5.46,5.69,5.32,5.38,5.38,67961,5.69,5.32,5.46,67961,0.0,1.0
2017-03-10 00:00:00,5.39,5.97,5.39,5.74,5.74,80035,5.97,5.39,5.39,80035,0.0,1.0
2017-03-13 00:00:00,5.76,5.89,5.42,5.65,5.65,48090,5.89,5.42,5.76,48090,0.0,1.0
2017-03-14 00:00:00,5.59,5.82,5.39,5.75,5.75,51194,5.82,5.39,5.59,51194,0.0,1.0
2017-03-15 00:00:00,5.68,5.84,5.48,5.81,5.81,58829,5.84,5.48,5.68,58829,0.0,1.0
2017-03-16 00:00:00,5.8,6.05,5.62,6.05,6.05,85172,6.05,5.62,5.8,85172,0.0,1.0
2017-03-17 00:00:00,6.03,6.05,5.58,5.58,5.58,139773,6.05,5.58,6.03,139773,0.0,1.0
2017-03-20 00:00:00,5.63,6.11,5.62,5.95,5.95,82215,6.11,5.62,5.63,82215,0.0,1.0
2017-03-21 00:00:00,6.1,6.1,5.72,5.97,5.97,81059,6.1,5.72,6.1,81059,0.0,1.0
2017-03-22 00:00:00,6.1,6.1,5.75,5.79,5.79,42397,6.1,5.75,6.1,42397,0.0,1.0
2017-03-23 00:00:00,5.77,6.5,5.74,6.48,6.48,135776,6.5,5.74,5.77,135776,0.0,1.0
2017-03-24 00:00:00,6.67,6.75,6.31,6.33,6.33,145506,6.75,6.31,6.67,145506,0.0,1.0
2017-03-27 00:00:00,6.35,6.55,6.25,6.4,6.4,75350,6.55,6.25,6.35,75350,0.0,1.0
2017-03-28 00:00:00,10.24,10.78,7.8,8.5,8.5,2229314,10.78,7.8,10.24,2229314,0.0,1.0
2017-03-29 00:00:00,8.25,8.92,7.66,8.59,8.59,317400,8.92,7.66,8.25,317400,0.0,1.0
2017-03-30 00:00:00,8.31,9.39,8.05,9.33,9.33,249998,9.39,8.05,8.31,249998,0.0,1.0
2017-03-31 00:00:00,9.14,11.18,8.8,10.09,10.09,805149,11.18,8.8,9.14,805149,0.0,1.0
2017-04-03 00:00:00,10.15,11.88,10.15,11.01,11.01,476609,11.88,10.15,10.15,476609,0.0,1.0
2017-04-04 00:00:00,10.84,11.2,9.59,10.14,10.14,189076,11.2,9.59,10.84,189076,0.0,1.0
2017-04-05 00:00:00,10.12,10.26,9.68,9.84,9.84,71465,10.26,9.68,10.12,71465,0.0,1.0
2017-04-06 00:00:00,9.75,9.81,9.04,9.35,9.35,108162,9.81,9.04,9.75,108162,0.0,1.0
2017-04-07 00:00:00,9.07,9.5,8.83,9.39,9.39,161993,9.5,8.83,9.07,161993,0.0,1.0
2017-04-10 00:00:00,9.29,9.5,8.94,9.02,9.02,103580,9.5,8.94,9.29,103580,0.0,1.0
2017-04-11 00:00:00,8.96,9.18,8.78,9.05,9.05,47836,9.18,8.78,8.96,47836,0.0,1.0
2017-04-12 00:00:00,8.97,9.15,8.61,9.0,9.0,104365,9.15,8.61,8.97,104365,0.0,1.0
2017-04-13 00:00:00,9.0,9.1,8.87,9.03,9.03,34488,9.1,8.87,9.0,34488,0.0,1.0
2017-04-17 00:00:00,9.01,9.15,8.94,9.14,9.14,50666,9.15,8.94,9.01,50666,0.0,1.0
2017-04-18 00:00:00,9.1,9.1,5.83,6.29,6.29,2139686,9.1,5.83,9.1,2139686,0.0,1.0
2017-04-19 00:00:00,5.68,7.47,5.6,7.25,7.25,1305900,7.47,5.6,5.68,1305900,0.0,1.0
2017-04-20 00:00:00,7.45,7.49,6.99,7.32,7.32,187100,7.49,6.99,7.45,187100,0.0,1.0
2017-04-21 00:00:00,7.25,7.7,7.0,7.0,7.0,128800,7.7,7.0,7.25,128800,0.0,1.0
2017-04-24 00:00:00,7.1,7.3,7.05,7.1,7.1,100700,7.3,7.05,7.1,100700,0.0,1.0
2017-04-25 00:00:00,7.1,7.49,7.06,7.49,7.49,44600,7.49,7.06,7.1,44600,0.0,1.0
2017-04-26 00:00:00,7.47,7.9,7.47,7.73,7.73,52200,7.9,7.47,7.47,52200,0.0,1.0
2017-04-27 00:00:00,7.73,8.15,7.66,8.15,8.15,80300,8.15,7.66,7.73,80300,0.0,1.0
2017-04-28 00:00:00,8.19,8.5,8.02,8.5,8.5,47600,8.5,8.02,8.19,47600,0.0,1.0
2017-05-01 00:00:00,8.6,9.15,8.48,9.05,9.05,30300,9.15,8.48,8.6,30300,0.0,1.0
2017-05-02 00:00:00,9.0,9.04,8.88,9.0,9.0,47400,9.04,8.88,9.0,47400,0.0,1.0
2017-05-03 00:00:00,9.01,9.16,8.68,8.85,8.85,53500,9.16,8.68,9.01,53500,0.0,1.0
2017-05-04 00:00:00,8.75,9.0,8.75,9.0,9.0,33600,9.0,8.75,8.75,33600,0.0,1.0
2017-05-05 00:00:00,8.77,9.05,8.77,9.05,9.05,15700,9.05,8.77,8.77,15700,0.0,1.0
2017-05-08 00:00:00,8.89,9.15,8.75,9.15,9.15,11700,9.15,8.75,8.89,11700,0.0,1.0
2017-05-09 00:00:00,9.1,9.3,9.0,9.22,9.22,53300,9.3,9.0,9.1,53300,0.0,1.0
2017-05-10 00:00:00,9.3,9.45,9.3,9.39,9.39,15100,9.45,9.3,9.3,15100,0.0,1.0
2017-05-11 00:00:00,9.45,10.2,9.45,10.0,10.0,35100,10.2,9.45,9.45,35100,0.0,1.0
2017-05-12 00:00:00,10.0,10.25,9.65,10.0,10.0,10200,10.25,9.65,10.0,10200,0.0,1.0
2017-05-15 00:00:00,10.0,10.2,10.0,10.0,10.0,11412,10.2,10.0,10.0,11412,0.0,1.0
2017-05-16 00:00:00,10.1,10.25,9.45,9.45,9.45,21427,10.25,9.45,10.1,21427,0.0,1.0
2017-05-17 00:00:00,9.5,10.1,9.5,9.96,9.96,13977,10.1,9.5,9.5,13977,0.0,1.0
2017-05-18 00:00:00,9.9,9.9,9.0,9.0,9.0,60477,9.9,9.0,9.9,60477,0.0,1.0
2017-05-19 00:00:00,9.35,9.95,9.06,9.06,9.06,21826,9.95,9.06,9.35,21826,0.0,1.0
2017-05-22 00:00:00,9.4,10.0,9.08,10.0,10.0,21989,10.0,9.08,9.4,21989,0.0,1.0
2017-05-23 00:00:00,9.25,9.98,9.25,9.96,9.96,9419,9.98,9.25,9.25,9419,0.0,1.0
2017-05-24 00:00:00,9.94,10.13,9.49,10.04,10.04,22197,10.13,9.49,9.94,22197,0.0,1.0
2017-05-25 00:00:00,10.05,10.98,9.99,10.77,10.77,21647,10.98,9.99,10.05,21647,0.0,1.0
2017-05-26 00:00:00,10.77,11.5,10.77,11.3,11.3,15432,11.5,10.77,10.77,15432,0.0,1.0
2017-05-30 00:00:00,11.25,11.51,11.0,11.15,11.15,5939,11.51,11.0,11.25,5939,0.0,1.0
2017-05-31 00:00:00,11.35,11.5,11.15,11.45,11.45,12630,11.5,11.15,11.35,12630,0.0,1.0
2017-06-01 00:00:00,11.45,11.45,10.8,10.82,10.82,11425,11.45,10.8,11.45,11425,0.0,1.0
2017-06-02 00:00:00,11.1,11.3,11.0,11.0,11.0,10087,11.3,11.0,11.1,10087,0.0,1.0
2017-06-05 00:00:00,11.1,11.11,11.0,11.11,11.11,2975,11.11,11.0,11.1,2975,0.0,1.0
2017-06-06 00:00:00,11.15,11.24,11.11,11.15,11.15,6842,11.24,11.11,11.15,6842,0.0,1.0
2017-06-07 00:00:00,11.15,11.21,10.8,10.8,10.8,4535,11.21,10.8,11.15,4535,0.0,1.0
2017-06-08 00:00:00,10.91,10.91,9.26,9.31,9.31,11018,10.91,9.26,10.91,11018,0.0,1.0
2017-06-09 00:00:00,9.4,10.4,9.4,10.09,10.09,8306,10.4,9.4,9.4,8306,0.0,1.0
2017-06-12 00:00:00,10.08,10.08,10.0,10.0,10.0,4192,10.08,10.0,10.08,4192,0.0,1.0
2017-06-13 00:00:00,9.9,9.95,9.4,9.61,9.61,27060,9.95,9.4,9.9,27060,0.0,1.0
2017-06-14 00:00:00,9.65,9.66,9.25,9.26,9.26,9870,9.66,9.25,9.65,9870,0.0,1.0
2017-06-15 00:00:00,9.36,9.36,8.85,8.85,8.85,5000,9.36,8.85,9.36,5000,0.0,1.0
2017-06-16 00:00:00,9.25,9.25,8.3,8.8,8.8,15500,9.25,8.3,9.25,15500,0.0,1.0
2017-06-19 00:00:00,8.78,8.9,8.28,8.8,8.8,10400,8.9,8.28,8.78,10400,0.0,1.0
2017-06-20 00:00:00,8.45,9.36,8.45,9.25,9.25,6200,9.36,8.45,8.45,6200,0.0,1.0
2017-06-21 00:00:00,9.1,9.25,9.1,9.25,9.25,1000,9.25,9.1,9.1,1000,0.0,1.0
2017-06-22 00:00:00,9.24,9.24,9.24,9.24,9.24,200,9.24,9.24,9.24,200,0.0,1.0
2017-06-23 00:00:00,9.1,9.3,9.05,9.1,9.1,18200,9.3,9.05,9.1,18200,0.0,1.0
2017-06-26 00:00:00,9.1,9.1,8.7,8.7,8.7,7400,9.1,8.7,9.1,7400,0.0,1.0
2017-06-27 00:00:00,8.6,8.7,8.4,8.65,8.65,17500,8.7,8.4,8.6,17500,0.0,1.0
2017-06-28 00:00:00,8.4,8.5,8.25,8.25,8.25,10314,8.5,8.25,8.4,10314,0.0,1.0
2017-06-29 00:00:00,8.15,8.25,8.15,8.25,8.25,4994,8.25,8.15,8.15,4994,0.0,1.0
2017-06-30 00:00:00,8.19,8.9,8.19,8.9,8.9,6258,8.9,8.19,8.19,6258,0.0,1.0
2017-07-03 00:00:00,8.35,8.63,8.35,8.6,8.6,2354,8.63,8.35,8.35,2354,0.0,1.0
2017-07-05 00:00:00,8.35,8.56,7.82,8.2,8.2,6860,8.56,7.82,8.35,6860,0.0,1.0
2017-07-06 00:00:00,8.2,8.2,8.01,8.01,8.01,1602,8.2,8.01,8.2,1602,0.0,1.0
2017-07-07 00:00:00,8.02,8.3,7.95,8.15,8.15,2562,8.3,7.95,8.02,2562,0.0,1.0
2017-07-10 00:00:00,8.2,8.75,8.01,8.01,8.01,8706,8.75,8.01,8.2,8706,0.0,1.0
2017-07-11 00:00:00,8.01,8.01,7.67,8.0,8.0,22232,8.01,7.67,8.01,22232,0.0,1.0
2017-07-12 00:00:00,7.91,7.91,7.66,7.7,7.7,6861,7.91,7.66,7.91,6861,0.0,1.0
2017-07-13 00:00:00,7.8,7.85,7.65,7.66,7.66,7575,7.85,7.65,7.8,7575,0.0,1.0
2017-07-14 00:00:00,7.66,8.0,7.66,7.92,7.92,4571,8.0,7.66,7.66,4571,0.0,1.0
2017-07-17 00:00:00,8.0,8.8,7.95,8.8,8.8,7125,8.8,7.95,8.0,7125,0.0,1.0
2017-07-18 00:00:00,8.9,9.45,8.8,9.45,9.45,10061,9.45,8.8,8.9,10061,0.0,1.0
2017-07-19 00:00:00,9.45,9.85,9.45,9.85,9.85,7456,9.85,9.45,9.45,7456,0.0,1.0
2017-07-20 00:00:00,9.65,9.75,9.25,9.75,9.75,2915,9.75,9.25,9.65,2915,0.0,1.0
2017-07-21 00:00:00,9.25,9.88,9.04,9.88,9.88,2691,9.88,9.04,9.25,2691,0.0,1.0
2017-07-24 00:00:00,9.88,9.88,9.0,9.75,9.75,11911,9.88,9.0,9.88,11911,0.0,1.0
2017-07-25 00:00:00,9.74,9.88,9.61,9.88,9.88,4203,9.88,9.61,9.74,4203,0.0,1.0
2017-07-26 00:00:00,9.88,9.91,9.05,9.91,9.91,5025,9.91,9.05,9.88,5025,0.0,1.0
2017-07-27 00:00:00,9.95,10.0,9.85,9.88,9.88,7305,10.0,9.85,9.95,7305,0.0,1.0
2017-07-28 00:00:00,9.88,10.09,9.76,10.09,10.09,3303,10.09,9.76,9.88,3303,0.0,1.0
2017-07-31 00:00:00,10.18,10.25,9.75,10.0,10.0,3559,10.25,9.75,10.18,3559,0.0,1.0
2017-08-01 00:00:00,9.75,9.8,9.75,9.8,9.8,483,9.8,9.75,9.75,483,0.0,1.0
2017-08-02 00:00:00,9.9,10.1,9.85,10.1,10.1,15728,10.1,9.85,9.9,15728,0.0,1.0
2017-08-03 00:00:00,10.05,10.05,9.7,9.7,9.7,1612,10.05,9.7,10.05,1612,0.0,1.0
2017-08-04 00:00:00,10.1,10.1,9.15,9.6,9.6,2245,10.1,9.15,10.1,2245,0.0,1.0
2017-08-07 00:00:00,9.65,9.65,9.65,9.65,9.65,1448,9.65,9.65,9.65,1448,0.0,1.0
2017-08-08 00:00:00,9.15,9.2,8.95,9.05,9.05,2850,9.2,8.95,9.15,2850,0.0,1.0
2017-08-09 00:00:00,9.1,9.2,9.05,9.05,9.05,3768,9.2,9.05,9.1,3768,0.0,1.0
2017-08-10 00:00:00,9.05,9.15,9.05,9.1,9.1,2391,9.15,9.05,9.05,2391,0.0,1.0
2017-08-11 00:00:00,9.1,9.15,9.1,9.1,9.1,1100,9.15,9.1,9.1,1100,0.0,1.0
2017-08-14 00:00:00,9.05,9.05,9.0,9.0,9.0,4800,9.05,9.0,9.05,4800,0.0,1.0
2017-08-15 00:00:00,9.0,9.0,8.95,8.95,8.95,7871,9.0,8.95,9.0,7871,0.0,1.0
2017-08-16 00:00:00,8.96,8.98,8.95,8.95,8.95,1393,8.98,8.95,8.96,1393,0.0,1.0
2017-08-17 00:00:00,9.0,9.0,8.8,8.9,8.9,6003,9.0,8.8,9.0,6003,0.0,1.0
2017-08-18 00:00:00,8.88,8.88,8.25,8.75,8.75,6491,8.88,8.25,8.88,6491,0.0,1.0
2017-08-21 00:00:00,8.7,8.7,8.35,8.35,8.35,841,8.7,8.35,8.7,841,0.0,1.0
2017-08-22 00:00:00,8.66,8.66,8.26,8.5,8.5,2435,8.66,8.26,8.66,2435,0.0,1.0
2017-08-23 00:00:00,8.5,8.5,8.5,8.5,8.5,153,8.5,8.5,8.5,153,0.0,1.0
2017-08-24 00:00:00,8.5,8.5,8.3,8.4,8.4,5989,8.5,8.3,8.5,5989,0.0,1.0
2017-08-25 00:00:00,8.4,8.5,8.4,8.42,8.42,2309,8.5,8.4,8.4,2309,0.0,1.0
2017-08-28 00:00:00,8.42,8.5,8.37,8.5,8.5,22489,8.5,8.37,8.42,22489,0.0,1.0
2017-08-29 00:00:00,8.3,8.56,8.3,8.5,8.5,5943,8.56,8.3,8.3,5943,0.0,1.0
2017-08-30 00:00:00,8.45,8.45,8.45,8.45,8.45,1635,8.45,8.45,8.45,1635,0.0,1.0
2017-08-31 00:00:00,8.45,8.5,8.45,8.5,8.5,5696,8.5,8.45,8.45,5696,0.0,1.0
2017-09-01 00:00:00,8.6,8.6,8.5,8.5,8.5,2241,8.6,8.5,8.6,2241,0.0,1.0
2017-09-05 00:00:00,8.55,8.6,8.55,8.6,8.6,6151,8.6,8.55,8.55,6151,0.0,1.0
2017-09-06 00:00:00,8.56,8.56,8.55,8.55,8.55,1380,8.56,8.55,8.56,1380,0.0,1.0
2017-09-07 00:00:00,8.55,8.55,8.21,8.21,8.21,1848,8.55,8.21,8.55,1848,0.0,1.0
2017-09-08 00:00:00,8.23,8.36,8.15,8.36,8.36,1691,8.36,8.15,8.23,1691,0.0,1.0
2017-09-11 00:00:00,8.36,8.36,8.25,8.25,8.25,404,8.36,8.25,8.36,404,0.0,1.0
2017-09-12 00:00:00,8.35,8.95,8.35,8.8,8.8,6526,8.95,8.35,8.35,6526,0.0,1.0
2017-09-13 00:00:00,8.81,10.0,8.81,10.0,10.0,13119,10.0,8.81,8.81,13119,0.0,1.0
2017-09-14 00:00:00,9.88,9.88,9.75,9.75,9.75,844,9.88,9.75,9.88,844,0.0,1.0
2017-09-15 00:00:00,9.0,9.7,9.0,9.5,9.5,3715,9.7,9.0,9.0,3715,0.0,1.0
2017-09-18 00:00:00,9.5,9.5,9.5,9.5,9.5,1707,9.5,9.5,9.5,1707,0.0,1.0
2017-09-19 00:00:00,9.5,9.5,9.5,9.5,9.5,12,9.5,9.5,9.5,12,0.0,1.0
2017-09-20 00:00:00,9.5,9.5,9.5,9.5,9.5,0,9.5,9.5,9.5,0,0.0,1.0
2017-09-21 00:00:00,9.31,9.5,9.3,9.5,9.5,4830,9.5,9.3,9.31,4830,0.0,1.0
2017-09-22 00:00:00,9.7,9.97,9.7,9.96,9.96,5114,9.97,9.7,9.7,5114,0.0,1.0
2017-09-25 00:00:00,9.35,9.35,9.35,9.35,9.35,940,9.35,9.35,9.35,940,0.0,1.0
2017-09-26 00:00:00,9.5,9.5,9.35,9.5,9.5,7115,9.5,9.35,9.5,7115,0.0,1.0
2017-09-27 00:00:00,9.5,9.7,8.01,9.1,9.1,7126,9.7,8.01,9.5,7126,0.0,1.0
2017-09-28 00:00:00,9.1,9.1,8.51,8.85,8.85,4736,9.1,8.51,9.1,4736,0.0,1.0
2017-09-29 00:00:00,8.52,8.85,8.5,8.7,8.7,2310,8.85,8.5,8.52,2310,0.0,1.0
2017-10-02 00:00:00,8.7,8.7,8.7,8.7,8.7,149,8.7,8.7,8.7,149,0.0,1.0
2017-10-03 00:00:00,8.7,8.85,8.55,8.8,8.8,1093,8.85,8.55,8.7,1093,0.0,1.0
2017-10-04 00:00:00,8.85,9.25,8.85,8.95,8.95,7870,9.25,8.85,8.85,7870,0.0,1.0
2017-10-05 00:00:00,9.23,9.23,9.01,9.1,9.1,650,9.23,9.01,9.23,650,0.0,1.0
2017-10-06 00:00:00,9.0,9.3,8.9,9.2,9.2,4750,9.3,8.9,9.0,4750,0.0,1.0
2017-10-09 00:00:00,9.2,9.2,9.0,9.0,9.0,3331,9.2,9.0,9.2,3331,0.0,1.0
2017-10-10 00:00:00,8.8,9.03,8.8,9.03,9.03,7698,9.03,8.8,8.8,7698,0.0,1.0
2017-10-11 00:00:00,9.16,9.25,9.15,9.25,9.25,3103,9.25,9.15,9.16,3103,0.0,1.0
2017-10-12 00:00:00,9.2,9.2,8.85,9.01,9.01,3303,9.2,8.85,9.2,3303,0.0,1.0
2017-10-13 00:00:00,9.09,9.1,8.99,8.99,8.99,9021,9.1,8.99,9.09,9021,0.0,1.0
2017-10-16 00:00:00,8.99,9.3,8.99,9.23,9.23,1973,9.3,8.99,8.99,1973,0.0,1.0
2017-10-17 00:00:00,9.15,9.3,9.05,9.15,9.15,9761,9.3,9.05,9.15,9761,0.0,1.0
2017-10-18 00:00:00,9.3,9.55,9.3,9.55,9.55,5179,9.55,9.3,9.3,5179,0.0,1.0
2017-10-19 00:00:00,9.6,9.75,9.35,9.65,9.65,20243,9.75,9.35,9.6,20243,0.0,1.0
2017-10-20 00:00:00,9.75,10.0,9.75,10.0,10.0,10015,10.0,9.75,9.75,10015,0.0,1.0
2017-10-23 00:00:00,10.0,10.0,9.85,9.9,9.9,5750,10.0,9.85,10.0,5750,0.0,1.0
2017-10-24 00:00:00,9.99,10.0,9.75,9.75,9.75,5200,10.0,9.75,9.99,5200,0.0,1.0
2017-10-25 00:00:00,9.75,9.75,9.5,9.75,9.75,10717,9.75,9.5,9.75,10717,0.0,1.0
2017-10-26 00:00:00,9.75,9.75,9.5,9.75,9.75,4467,9.75,9.5,9.75,4467,0.0,1.0
2017-10-27 00:00:00,9.75,10.0,9.75,10.0,10.0,7650,10.0,9.75,9.75,7650,0.0,1.0
2017-10-30 00:00:00,9.8,9.9,9.8,9.9,9.9,5461,9.9,9.8,9.8,5461,0.0,1.0
2017-10-31 00:00:00,9.6,9.75,9.6,9.75,9.75,1417,9.75,9.6,9.6,1417,0.0,1.0
2017-11-01 00:00:00,9.75,9.97,9.5,9.97,9.97,2502,9.97,9.5,9.75,2502,0.0,1.0
2017-11-02 00:00:00,10.0,10.0,9.8,10.0,10.0,4102,10.0,9.8,10.0,4102,0.0,1.0
2017-11-03 00:00:00,10.0,10.0,9.9,10.0,10.0,11333,10.0,9.9,10.0,11333,0.0,1.0
2017-11-06 00:00:00,10.07,10.07,9.9,10.0,10.0,2231,10.07,9.9,10.07,2231,0.0,1.0
2017-11-07 00:00:00,9.47,10.15,9.47,10.15,10.15,10537,10.15,9.47,9.47,10537,0.0,1.0
2017-11-08 00:00:00,10.0,10.25,9.95,10.25,10.25,5617,10.25,9.95,10.0,5617,0.0,1.0
2017-11-09 00:00:00,10.25,10.25,10.25,10.25,10.25,12802,10.25,10.25,10.25,12802,0.0,1.0
2017-11-10 00:00:00,10.3,10.3,10.25,10.3,10.3,2831,10.3,10.25,10.3,2831,0.0,1.0
2017-11-13 00:00:00,10.2,10.3,10.16,10.3,10.3,5691,10.3,10.16,10.2,5691,0.0,1.0
2017-11-14 00:00:00,10.3,10.3,8.76,10.13,10.13,9081,10.3,8.76,10.3,9081,0.0,1.0
2017-11-15 00:00:00,10.13,10.13,9.76,10.0,10.0,7349,10.13,9.76,10.13,7349,0.0,1.0
2017-11-16 00:00:00,10.0,10.1,9.7,9.9,9.9,6939,10.1,9.7,10.0,6939,0.0,1.0
2017-11-17 00:00:00,10.0,10.0,9.9,9.9,9.9,4025,10.0,9.9,10.0,4025,0.0,1.0
2017-11-20 00:00:00,10.0,10.0,9.1,9.5,9.5,14507,10.0,9.1,10.0,14507,0.0,1.0
2017-11-21 00:00:00,9.74,9.75,9.25,9.49,9.49,10629,9.75,9.25,9.74,10629,0.0,1.0
2017-11-22 00:00:00,9.3,9.75,9.01,9.75,9.75,21694,9.75,9.01,9.3,21694,0.0,1.0
2017-11-24 00:00:00,9.75,9.75,9.75,9.75,9.75,3595,9.75,9.75,9.75,3595,0.0,1.0
2017-11-27 00:00:00,9.76,9.76,9.75,9.75,9.75,1276,9.76,9.75,9.76,1276,0.0,1.0
2017-11-28 00:00:00,8.75,9.0,8.75,8.9,8.9,4412,9.0,8.75,8.75,4412,0.0,1.0
2017-11-29 00:00:00,8.75,8.85,8.3,8.6,8.6,12812,8.85,8.3,8.75,12812,0.0,1.0
2017-11-30 00:00:00,8.85,8.85,8.01,8.5,8.5,13115,8.85,8.01,8.85,13115,0.0,1.0
2017-12-01 00:00:00,8.45,8.45,8.01,8.155,8.155,7475,8.45,8.01,8.45,7475,0.0,1.0
2017-12-04 00:00:00,8.18,8.25,8.17,8.196,8.196,10780,8.25,8.17,8.18,10780,0.0,1.0
2017-12-05 00:00:00,8.17,8.17,6.97,8.0,8.0,9160,8.17,6.97,8.17,9160,0.0,1.0
2017-12-06 00:00:00,7.5,7.6,7.41,7.5,7.5,23072,7.6,7.41,7.5,23072,0.0,1.0
2017-12-07 00:00:00,7.48,7.555,6.6,7.1,7.1,24226,7.555,6.6,7.48,24226,0.0,1.0
2017-12-08 00:00:00,7.41,7.7615,7.25,7.41,7.41,13744,7.7615,7.25,7.41,13744,0.0,1.0
2017-12-11 00:00:00,7.35,7.35,7.15,7.25,7.25,8371,7.35,7.15,7.35,8371,0.0,1.0
2017-12-12 00:00:00,7.275,7.275,7.0,7.05,7.05,7584,7.275,7.0,7.275,7584,0.0,1.0
2017-12-13 00:00:00,7.175,7.3,7.0,7.0,7.0,6800,7.3,7.0,7.175,6800,0.0,1.0
2017-12-14 00:00:00,7.03,7.3,6.9,7.3,7.3,7131,7.3,6.9,7.03,7131,0.0,1.0
2017-12-15 00:00:00,7.1,7.4,7.1,7.3,7.3,5418,7.4,7.1,7.1,5418,0.0,1.0
2017-12-18 00:00:00,7.2,7.2,5.85,6.5,6.5,16362,7.2,5.85,7.2,16362,0.0,1.0
2017-12-19 00:00:00,6.7,7.1,6.5,6.5,6.5,10961,7.1,6.5,6.7,10961,0.0,1.0
2017-12-20 00:00:00,6.5,6.5,6.44,6.44,6.44,3817,6.5,6.44,6.5,3817,0.0,1.0
2017-12-21 00:00:00,6.42,6.45,6.25,6.35,6.35,20354,6.45,6.25,6.42,20354,0.0,1.0
2017-12-22 00:00:00,6.25,6.45,6.15,6.45,6.45,10787,6.45,6.15,6.25,10787,0.0,1.0
2017-12-26 00:00:00,6.25,6.7,6.0,6.7,6.7,2462,6.7,6.0,6.25,2462,0.0,1.0
2017-12-27 00:00:00,6.7,6.86,6.7,6.7,6.7,3345,6.86,6.7,6.7,3345,0.0,1.0
2017-12-28 00:00:00,6.7,7.505,6.7,7.5,7.5,5178,7.505,6.7,6.7,5178,0.0,1.0
2017-12-29 00:00:00,7.51,8.0,7.0,7.5,7.5,3280,8.0,7.0,7.51,3280,0.0,1.0
2018-01-02 00:00:00,7.5,7.625,7.5,7.625,7.625,500,7.625,7.5,7.5,500,0.0,1.0
2018-01-03 00:00:00,7.75,7.8,7.5,7.8,7.8,967,7.8,7.5,7.75,967,0.0,1.0
2018-01-04 00:00:00,7.8,7.8,7.8,7.8,7.8,69,7.8,7.8,7.8,69,0.0,1.0
2018-01-05 00:00:00,7.5,7.8,7.5,7.8,7.8,744,7.8,7.5,7.5,744,0.0,1.0
2018-01-08 00:00:00,7.8,7.8,7.8,7.8,7.8,6,7.8,7.8,7.8,6,0.0,1.0
2018-01-09 00:00:00,7.77,7.77,7.01,7.75,7.75,8285,7.77,7.01,7.77,8285,0.0,1.0
2018-01-10 00:00:00,7.5,7.5,7.5,7.5,7.5,105,7.5,7.5,7.5,105,0.0,1.0
2018-01-11 00:00:00,7.35,8.3,7.06,7.61,7.61,8635,8.3,7.06,7.35,8635,0.0,1.0
2018-01-12 00:00:00,7.61,7.61,7.61,7.61,7.61,0,7.61,7.61,7.61,0,0.0,1.0
2018-01-16 00:00:00,8.0,8.35,8.0,8.35,8.35,1190,8.35,8.0,8.0,1190,0.0,1.0
2018-01-17 00:00:00,8.05,8.05,8.0,8.0,8.0,3240,8.05,8.0,8.05,3240,0.0,1.0
2018-01-18 00:00:00,8.0,8.0,8.0,8.0,8.0,93,8.0,8.0,8.0,93,0.0,1.0
2018-01-19 00:00:00,8.0,8.0,8.0,8.0,8.0,0,8.0,8.0,8.0,0,0.0,1.0
2018-01-22 00:00:00,7.8,7.8,7.25,7.4,7.4,2792,7.8,7.25,7.8,2792,0.0,1.0
2018-01-23 00:00:00,7.6,7.75,7.05,7.15,7.15,4084,7.75,7.05,7.6,4084,0.0,1.0
2018-01-24 00:00:00,7.25,7.25,7.01,7.05,7.05,3057,7.25,7.01,7.25,3057,0.0,1.0
2018-01-25 00:00:00,7.01,7.05,6.9,6.99,6.99,7837,7.05,6.9,7.01,7837,0.0,1.0
2018-01-26 00:00:00,6.965,6.98,6.51,6.98,6.98,8991,6.98,6.51,6.965,8991,0.0,1.0
2018-01-29 00:00:00,6.95,7.0,6.9,7.0,7.0,3030,7.0,6.9,6.95,3030,0.0,1.0
2018-01-30 00:00:00,6.95,6.95,6.95,6.95,6.95,550,6.95,6.95,6.95,550,0.0,1.0
2018-01-31 00:00:00,6.91,7.0,6.9,7.0,7.0,7501,7.0,6.9,6.91,7501,0.0,1.0
2018-02-01 00:00:00,7.0,7.25,7.0,7.25,7.25,7135,7.25,7.0,7.0,7135,0.0,1.0
2018-02-02 00:00:00,7.01,7.1,6.9,6.99,6.99,5389,7.1,6.9,7.01,5389,0.0,1.0
2018-02-05 00:00:00,6.5,7.04,6.5,7.04,7.04,2157,7.04,6.5,6.5,2157,0.0,1.0
2018-02-06 00:00:00,7.0,7.0,6.95,6.95,6.95,5206,7.0,6.95,7.0,5206,0.0,1.0
2018-02-07 00:00:00,6.75,6.95,6.57,6.95,6.95,9600,6.95,6.57,6.75,9600,0.0,1.0
2018-02-08 00:00:00,6.9,6.9,6.9,6.9,6.9,100,6.9,6.9,6.9,100,0.0,1.0
2018-02-09 00:00:00,6.8,6.8,6.55,6.55,6.55,12139,6.8,6.55,6.8,12139,0.0,1.0
2018-02-12 00:00:00,6.75,6.7812,6.75,6.7812,6.7812,2263,6.7812,6.75,6.75,2263,0.0,1.0
2018-02-13 00:00:00,6.75,7.0,6.5,7.0,7.0,4843,7.0,6.5,6.75,4843,0.0,1.0
2018-02-14 00:00:00,6.75,6.75,6.25,6.7,6.7,16113,6.75,6.25,6.75,16113,0.0,1.0
2018-02-15 00:00:00,6.71,6.71,6.55,6.55,6.55,350,6.71,6.55,6.71,350,0.0,1.0
2018-02-16 00:00:00,6.55,6.55,6.415,6.415,6.415,663,6.55,6.415,6.55,663,0.0,1.0
2018-02-20 00:00:00,6.3,6.49,6.25,6.4,6.4,3998,6.49,6.25,6.3,3998,0.0,1.0
2018-02-21 00:00:00,6.5,6.7,6.5,6.7,6.7,4675,6.7,6.5,6.5,4675,0.0,1.0
2018-02-22 00:00:00,6.85,7.0,6.5,6.61,6.61,8335,7.0,6.5,6.85,8335,0.0,1.0
2018-02-23 00:00:00,6.62,6.8,6.62,6.71,6.71,3945,6.8,6.62,6.62,3945,0.0,1.0
2018-02-26 00:00:00,6.61,6.775,6.55,6.6,6.6,31875,6.775,6.55,6.61,31875,0.0,1.0
2018-02-27 00:00:00,6.6,6.61,6.6,6.6,6.6,8245,6.61,6.6,6.6,8245,0.0,1.0
2018-02-28 00:00:00,6.52,6.6,6.4,6.55,6.55,54582,6.6,6.4,6.52,54582,0.0,1.0
2018-03-01 00:00:00,6.57,6.57,6.55,6.55,6.55,2455,6.57,6.55,6.57,2455,0.0,1.0
2018-03-02 00:00:00,6.6,6.65,6.55,6.65,6.65,4265,6.65,6.55,6.6,4265,0.0,1.0
2018-03-05 00:00:00,6.6,6.65,6.55,6.6,6.6,6500,6.65,6.55,6.6,6500,0.0,1.0
2018-03-06 00:00:00,6.6,6.65,6.55,6.6,6.6,8600,6.65,6.55,6.6,8600,0.0,1.0
2018-03-07 00:00:00,6.7,6.96,6.6,6.65,6.65,13527,6.96,6.6,6.7,13527,0.0,1.0
2018-03-08 00:00:00,6.74,6.75,6.5,6.7,6.7,36128,6.75,6.5,6.74,36128,0.0,1.0
2018-03-09 00:00:00,6.75,6.775,6.6,6.7,6.7,9621,6.775,6.6,6.75,9621,0.0,1.0
2018-03-12 00:00:00,6.7,6.85,6.65,6.65,6.65,5532,6.85,6.65,6.7,5532,0.0,1.0
2018-03-13 00:00:00,6.65,6.675,6.65,6.675,6.675,5035,6.675,6.65,6.65,5035,0.0,1.0
2018-03-14 00:00:00,6.65,6.65,6.6,6.6,6.6,1535,6.65,6.6,6.65,1535,0.0,1.0
2018-03-15 00:00:00,6.65,6.65,6.65,6.65,6.65,3000,6.65,6.65,6.65,3000,0.0,1.0
2018-03-16 00:00:00,6.65,6.65,6.65,6.65,6.65,4016,6.65,6.65,6.65,4016,0.0,1.0
2018-03-19 00:00:00,6.7,7.0,6.7,7.0,7.0,33950,7.0,6.7,6.7,33950,0.0,1.0
2018-03-20 00:00:00,7.0,7.555,6.968,7.5,7.5,8998,7.555,6.968,7.0,8998,0.0,1.0
2018-03-21 00:00:00,7.5,7.6,7.5,7.5,7.5,1942,7.6,7.5,7.5,1942,0.0,1.0
2018-03-22 00:00:00,7.505,7.9,7.5,7.9,7.9,2450,7.9,7.5,7.505,2450,0.0,1.0
2018-03-23 00:00:00,7.725,8.0,7.725,7.75,7.75,17084,8.0,7.725,7.725,17084,0.0,1.0
2018-03-26 00:00:00,7.75,7.85,7.6,7.6,7.6,1393,7.85,7.6,7.75,1393,0.0,1.0
2018-03-27 00:00:00,7.6,7.6,7.45,7.45,7.45,300,7.6,7.45,7.6,300,0.0,1.0
2018-03-28 00:00:00,7.4,7.4,7.4,7.4,7.4,5535,7.4,7.4,7.4,5535,0.0,1.0
2018-03-29 00:00:00,7.15,7.41,7.15,7.4001,7.4001,6832,7.41,7.15,7.15,6832,0.0,1.0
2018-04-02 00:00:00,7.0,7.4,7.0,7.4,7.4,4282,7.4,7.0,7.0,4282,0.0,1.0
2018-04-03 00:00:00,7.4,7.4,7.4,7.4,7.4,0,7.4,7.4,7.4,0,0.0,1.0
2018-04-04 00:00:00,7.25,7.4,7.25,7.4,7.4,4100,7.4,7.25,7.25,4100,0.0,1.0
2018-04-05 00:00:00,7.75,8.05,7.75,8.05,8.05,3507,8.05,7.75,7.75,3507,0.0,1.0
2018-04-06 00:00:00,8.02,8.09,7.41,8.09,8.09,2700,8.09,7.41,8.02,2700,0.0,1.0
2018-04-09 00:00:00,8.1,8.1,8.1,8.1,8.1,854,8.1,8.1,8.1,854,0.0,1.0
2018-04-10 00:00:00,8.1,8.1,7.51,7.51,7.51,950,8.1,7.51,8.1,950,0.0,1.0
2018-04-11 00:00:00,8.1,8.1,7.56,8.09,8.09,1388,8.1,7.56,8.1,1388,0.0,1.0
2018-04-12 00:00:00,7.99,8.0,7.99,8.0,8.0,1400,8.0,7.99,7.99,1400,0.0,1.0
2018-04-13 00:00:00,8.0,8.0,8.0,8.0,8.0,0,8.0,8.0,8.0,0,0.0,1.0
2018-04-16 00:00:00,7.64,7.64,7.6,7.6,7.6,761,7.64,7.6,7.64,761,0.0,1.0
2018-04-17 00:00:00,7.6,7.9,7.6,7.9,7.9,1715,7.9,7.6,7.6,1715,0.0,1.0
2018-04-18 00:00:00,8.0,8.0,8.0,8.0,8.0,963,8.0,8.0,8.0,963,0.0,1.0
2018-04-19 00:00:00,7.45,7.5,7.4,7.5,7.5,4883,7.5,7.4,7.45,4883,0.0,1.0
2018-04-20 00:00:00,7.58,7.58,7.55,7.58,7.58,885,7.58,7.55,7.58,885,0.0,1.0
2018-04-23 00:00:00,7.58,7.58,7.58,7.58,7.58,0,7.58,7.58,7.58,0,0.0,1.0
2018-04-24 00:00:00,7.5,7.5,7.5,7.5,7.5,100,7.5,7.5,7.5,100,0.0,1.0
2018-04-25 00:00:00,7.58,7.58,7.5,7.5,7.5,800,7.58,7.5,7.58,800,0.0,1.0
2018-04-26 00:00:00,7.54,7.54,7.54,7.54,7.54,4687,7.54,7.54,7.54,4687,0.0,1.0
2018-04-27 00:00:00,7.5,7.5,7.5,7.5,7.5,3262,7.5,7.5,7.5,3262,0.0,1.0
2018-04-30 00:00:00,7.5,7.5,7.5,7.5,7.5,520,7.5,7.5,7.5,520,0.0,1.0
2018-05-01 00:00:00,7.5,7.5,7.5,7.5,7.5,4866,7.5,7.5,7.5,4866,0.0,1.0
2018-05-02 00:00:00,7.55,8.35,7.55,8.35,8.35,5210,8.35,7.55,7.55,5210,0.0,1.0
2018-05-03 00:00:00,8.125,8.125,8.0,8.04,8.04,3937,8.125,8.0,8.125,3937,0.0,1.0
2018-05-04 00:00:00,8.04,8.04,7.99,7.99,7.99,307,8.04,7.99,8.04,307,0.0,1.0
2018-05-07 00:00:00,7.94,8.095,7.75,7.85,7.85,4139,8.095,7.75,7.94,4139,0.0,1.0
2018-05-08 00:00:00,7.85,7.85,7.85,7.85,7.85,0,7.85,7.85,7.85,0,0.0,1.0
2018-05-09 00:00:00,7.75,7.75,7.75,7.75,7.75,283,7.75,7.75,7.75,283,0.0,1.0
2018-05-10 00:00:00,7.85,8.1,7.85,8.1,8.1,14900,8.1,7.85,7.85,14900,0.0,1.0
2018-05-11 00:00:00,7.85,8.1,7.85,8.1,8.1,391,8.1,7.85,7.85,391,0.0,1.0
2018-05-14 00:00:00,7.975,8.0,7.85,8.0,8.0,1005,8.0,7.85,7.975,1005,0.0,1.0
2018-05-15 00:00:00,8.1,8.4,8.1,8.4,8.4,3360,8.4,8.1,8.1,3360,0.0,1.0
2018-05-16 00:00:00,8.4,8.42,8.0,8.4,8.4,1182,8.42,8.0,8.4,1182,0.0,1.0
2018-05-17 00:00:00,8.12,8.12,8.0,8.0,8.0,200,8.12,8.0,8.12,200,0.0,1.0
2018-05-18 00:00:00,8.2,8.25,8.2,8.2,8.2,9354,8.25,8.2,8.2,9354,0.0,1.0
2018-05-21 00:00:00,8.325,8.4,8.25,8.25,8.25,6847,8.4,8.25,8.325,6847,0.0,1.0
2018-05-22 00:00:00,8.38,8.5,8.38,8.5,8.5,4025,8.5,8.38,8.38,4025,0.0,1.0
2018-05-23 00:00:00,8.5,8.5,8.5,8.5,8.5,1120,8.5,8.5,8.5,1120,0.0,1.0
2018-05-24 00:00:00,8.65,8.84,8.65,8.65,8.65,1680,8.84,8.65,8.65,1680,0.0,1.0
2018-05-25 00:00:00,8.755,9.0,8.65,8.65,8.65,1912,9.0,8.65,8.755,1912,0.0,1.0
2018-05-29 00:00:00,8.65,8.65,8.65,8.65,8.65,6762,8.65,8.65,8.65,6762,0.0,1.0
2018-05-30 00:00:00,8.85,9.3,8.85,9.13,9.13,9905,9.3,8.85,8.85,9905,0.0,1.0
2018-05-31 00:00:00,9.15,9.25,9.15,9.25,9.25,2022,9.25,9.15,9.15,2022,0.0,1.0
2018-06-01 00:00:00,9.25,9.4,9.25,9.4,9.4,500,9.4,9.25,9.25,500,0.0,1.0
2018-06-04 00:00:00,9.45,9.75,9.39,9.45,9.45,3519,9.75,9.39,9.45,3519,0.0,1.0
2018-06-05 00:00:00,9.4,9.405,9.4,9.405,9.405,1065,9.405,9.4,9.4,1065,0.0,1.0
2018-06-06 00:00:00,9.405,9.405,9.405,9.405,9.405,4,9.405,9.405,9.405,4,0.0,1.0
2018-06-07 00:00:00,9.45,9.45,9.15,9.15,9.15,2400,9.45,9.15,9.45,2400,0.0,1.0
2018-06-08 00:00:00,9.15,9.15,9.15,9.15,9.15,264,9.15,9.15,9.15,264,0.0,1.0
2018-06-11 00:00:00,9.3,9.3,9.3,9.3,9.3,1011,9.3,9.3,9.3,1011,0.0,1.0
2018-06-12 00:00:00,9.25,9.45,9.25,9.45,9.45,1251,9.45,9.25,9.25,1251,0.0,1.0
2018-06-13 00:00:00,9.15,9.15,9.0,9.12,9.12,35528,9.15,9.0,9.15,35528,0.0,1.0
2018-06-14 00:00:00,9.17,9.17,9.14,9.14,9.14,1068,9.17,9.14,9.17,1068,0.0,1.0
2018-06-15 00:00:00,9.142,9.15,9.13,9.15,9.15,2779,9.15,9.13,9.142,2779,0.0,1.0
2018-06-18 00:00:00,9.2,9.4,9.2,9.4,9.4,3384,9.4,9.2,9.2,3384,0.0,1.0
2018-06-19 00:00:00,9.45,9.45,9.0,9.25,9.25,2615,9.45,9.0,9.45,2615,0.0,1.0
2018-06-20 00:00:00,9.1,9.44,9.1,9.44,9.44,1321,9.44,9.1,9.1,1321,0.0,1.0
2018-06-21 00:00:00,9.15,9.29,9.15,9.29,9.29,811,9.29,9.15,9.15,811,0.0,1.0
2018-06-22 00:00:00,9.29,9.29,9.29,9.29,9.29,90,9.29,9.29,9.29,90,0.0,1.0
2018-06-25 00:00:00,9.3,9.37,9.3,9.37,9.37,1834,9.37,9.3,9.3,1834,0.0,1.0
2018-06-26 00:00:00,9.4,9.4,9.174,9.3,9.3,3770,9.4,9.174,9.4,3770,0.0,1.0
2018-06-27 00:00:00,9.3,9.3,9.23,9.3,9.3,18708,9.3,9.23,9.3,18708,0.0,1.0
2018-06-28 00:00:00,9.235,9.5,9.0,9.5,9.5,15777,9.5,9.0,9.235,15777,0.0,1.0
2018-06-29 00:00:00,9.6,9.8,9.6,9.6,9.6,758,9.8,9.6,9.6,758,0.0,1.0
2018-07-02 00:00:00,9.6,9.6,9.6,9.6,9.6,75,9.6,9.6,9.6,75,0.0,1.0
2018-07-03 00:00:00,9.6,9.6,9.6,9.6,9.6,0,9.6,9.6,9.6,0,0.0,1.0
2018-07-05 00:00:00,9.5,10.0,9.5,10.0,10.0,15950,10.0,9.5,9.5,15950,0.0,1.0
2018-07-06 00:00:00,10.025,10.3,10.025,10.25,10.25,6513,10.3,10.025,10.025,6513,0.0,1.0
2018-07-09 00:00:00,10.2,10.29,9.85,10.2,10.2,14315,10.29,9.85,10.2,14315,0.0,1.0
2018-07-10 00:00:00,10.25,10.25,10.15,10.15,10.15,1144,10.25,10.15,10.25,1144,0.0,1.0
2018-07-11 00:00:00,10.15,10.15,10.15,10.15,10.15,4,10.15,10.15,10.15,4,0.0,1.0
2018-07-12 00:00:00,10.15,10.2,10.11,10.2,10.2,9643,10.2,10.11,10.15,9643,0.0,1.0
2018-07-13 00:00:00,10.11,10.63,10.11,10.63,10.63,1296,10.63,10.11,10.11,1296,0.0,1.0
2018-07-16 00:00:00,10.3,10.3,10.3,10.3,10.3,3335,10.3,10.3,10.3,3335,0.0,1.0
2018-07-17 00:00:00,10.3,10.3,10.29,10.3,10.3,1864,10.3,10.29,10.3,1864,0.0,1.0
2018-07-18 00:00:00,10.35,10.63,10.35,10.63,10.63,2932,10.63,10.35,10.35,2932,0.0,1.0
2018-07-19 00:00:00,11.07,12.25,10.8,11.5,11.5,22887,12.25,10.8,11.07,22887,0.0,1.0
2018-07-20 00:00:00,11.5,11.75,11.5,11.75,11.75,4363,11.75,11.5,11.5,4363,0.0,1.0
2018-07-23 00:00:00,11.75,12.0,11.75,12.0,12.0,2910,12.0,11.75,11.75,2910,0.0,1.0
2018-07-24 00:00:00,12.0,12.0,12.0,12.0,12.0,2994,12.0,12.0,12.0,2994,0.0,1.0
2018-07-25 00:00:00,12.0,12.25,12.0,12.1,12.1,9600,12.25,12.0,12.0,9600,0.0,1.0
2018-07-26 00:00:00,12.0,12.024,11.95,11.95,11.95,1875,12.024,11.95,12.0,1875,0.0,1.0
2018-07-27 00:00:00,11.85,12.0,11.84,11.95,11.95,2266,12.0,11.84,11.85,2266,0.0,1.0
2018-07-30 00:00:00,12.0,12.25,11.55,11.9,11.9,9448,12.25,11.55,12.0,9448,0.0,1.0
2018-07-31 00:00:00,11.7,11.815,11.66,11.8,11.8,1158,11.815,11.66,11.7,1158,0.0,1.0
2018-08-01 00:00:00,11.66,11.66,11.66,11.66,11.66,213,11.66,11.66,11.66,213,0.0,1.0
2018-08-02 00:00:00,11.8,11.8,11.8,11.8,11.8,1336,11.8,11.8,11.8,1336,0.0,1.0
2018-08-03 00:00:00,11.75,12.05,11.75,12.05,12.05,5094,12.05,11.75,11.75,5094,0.0,1.0
2018-08-06 00:00:00,12.0,12.97,11.56,12.97,12.97,14891,12.97,11.56,12.0,14891,0.0,1.0
2018-08-07 00:00:00,12.97,12.97,12.0,12.8,12.8,13704,12.97,12.0,12.97,13704,0.0,1.0
2018-08-08 00:00:00,12.6,12.8,12.6,12.7,12.7,4644,12.8,12.6,12.6,4644,0.0,1.0
2018-08-09 00:00:00,12.8,12.9,12.75,12.89,12.89,6173,12.9,12.75,12.8,6173,0.0,1.0
2018-08-10 00:00:00,12.9,12.9,12.825,12.825,12.825,1616,12.9,12.825,12.9,1616,0.0,1.0
2018-08-13 00:00:00,12.8,12.8,12.765,12.765,12.765,310,12.8,12.765,12.8,310,0.0,1.0
2018-08-14 00:00:00,12.75,12.75,12.1,12.1,12.1,23570,12.75,12.1,12.75,23570,0.0,1.0
2018-08-15 00:00:00,12.1,12.1,12.1,12.1,12.1,242,12.1,12.1,12.1,242,0.0,1.0
2018-08-16 00:00:00,12.2,12.2,11.9,11.9,11.9,1435,12.2,11.9,12.2,1435,0.0,1.0
2018-08-17 00:00:00,11.9,11.9,11.9,11.9,11.9,7,11.9,11.9,11.9,7,0.0,1.0
2018-08-20 00:00:00,12.0,12.0,11.02,12.0,12.0,24312,12.0,11.02,12.0,24312,0.0,1.0
2018-08-21 00:00:00,11.7,11.7,11.7,11.7,11.7,575,11.7,11.7,11.7,575,0.0,1.0
2018-08-22 00:00:00,11.5,11.5,11.5,11.5,11.5,3300,11.5,11.5,11.5,3300,0.0,1.0
2018-08-23 00:00:00,11.5,11.5,11.5,11.5,11.5,1145,11.5,11.5,11.5,1145,0.0,1.0
2018-08-24 00:00:00,11.5,11.5,11.5,11.5,11.5,1195,11.5,11.5,11.5,1195,0.0,1.0
2018-08-27 00:00:00,11.5,11.9,11.5,11.9,11.9,1726,11.9,11.5,11.5,1726,0.0,1.0
2018-08-28 00:00:00,11.75,11.9,11.75,11.9,11.9,6583,11.9,11.75,11.75,6583,0.0,1.0
2018-08-29 00:00:00,11.95,11.95,11.75,11.75,11.75,2250,11.95,11.75,11.95,2250,0.0,1.0
2018-08-30 00:00:00,11.75,11.9,11.75,11.9,11.9,3435,11.9,11.75,11.75,3435,0.0,1.0
2018-08-31 00:00:00,11.99,11.99,11.75,11.75,11.75,5555,11.99,11.75,11.99,5555,0.0,1.0
2018-09-04 00:00:00,11.87,11.87,11.5,11.5,11.5,1330,11.87,11.5,11.87,1330,0.0,1.0
2018-09-05 00:00:00,11.5,11.5,11.5,11.5,11.5,625,11.5,11.5,11.5,625,0.0,1.0
2018-09-06 00:00:00,11.51,11.99,11.51,11.99,11.99,4294,11.99,11.51,11.51,4294,0.0,1.0
2018-09-07 00:00:00,11.7,11.99,11.7,11.99,11.99,9467,11.99,11.7,11.7,9467,0.0,1.0
2018-09-10 00:00:00,12.0,12.0,12.0,12.0,12.0,1160,12.0,12.0,12.0,1160,0.0,1.0
2018-09-11 00:00:00,11.74,11.85,11.74,11.85,11.85,3876,11.85,11.74,11.74,3876,0.0,1.0
2018-09-12 00:00:00,12.0,12.0,11.87,11.87,11.87,2967,12.0,11.87,12.0,2967,0.0,1.0
2018-09-13 00:00:00,11.75,11.75,11.74,11.74,11.74,5550,11.75,11.74,11.75,5550,0.0,1.0
2018-09-14 00:00:00,11.75,11.875,11.75,11.75,11.75,1892,11.875,11.75,11.75,1892,0.0,1.0
2018-09-17 00:00:00,11.5,11.5,11.5,11.5,11.5,1003,11.5,11.5,11.5,1003,0.0,1.0
2018-09-18 00:00:00,11.51,11.63,11.5,11.5,11.5,2750,11.63,11.5,11.51,2750,0.0,1.0
2018-09-19 00:00:00,11.625,11.64,11.6,11.6,11.6,870,11.64,11.6,11.625,870,0.0,1.0
2018-09-20 00:00:00,11.52,11.55,11.5,11.5,11.5,1110,11.55,11.5,11.52,1110,0.0,1.0
2018-09-21 00:00:00,11.5,11.5,11.5,11.5,11.5,850,11.5,11.5,11.5,850,0.0,1.0
2018-09-24 00:00:00,11.25,11.35,11.25,11.35,11.35,722,11.35,11.25,11.25,722,0.0,1.0
2018-09-25 00:00:00,11.5,11.5,11.25,11.25,11.25,8351,11.5,11.25,11.5,8351,0.0,1.0
2018-09-26 00:00:00,11.35,11.74,11.25,11.5,11.5,6109,11.74,11.25,11.35,6109,0.0,1.0
2018-09-27 00:00:00,11.35,11.35,11.25,11.26,11.26,5336,11.35,11.25,11.35,5336,0.0,1.0
2018-09-28 00:00:00,11.5,11.75,11.5,11.75,11.75,1416,11.75,11.5,11.5,1416,0.0,1.0
2018-10-01 00:00:00,11.75,12.15,11.75,12.0,12.0,15617,12.15,11.75,11.75,15617,0.0,1.0
2018-10-02 00:00:00,12.2,12.2,12.0,12.0,12.0,39814,12.2,12.0,12.2,39814,0.0,1.0
2018-10-03 00:00:00,12.15,12.15,12.0,12.0,12.0,1317,12.15,12.0,12.15,1317,0.0,1.0
2018-10-04 00:00:00,12.0,12.06,12.0,12.0,12.0,4540,12.06,12.0,12.0,4540,0.0,1.0
2018-10-05 00:00:00,12.0,12.03,12.0,12.0,12.0,1100,12.03,12.0,12.0,1100,0.0,1.0
2018-10-08 00:00:00,12.0,12.1,12.0,12.1,12.1,7621,12.1,12.0,12.0,7621,0.0,1.0
2018-10-09 00:00:00,12.1,12.1,12.0,12.0,12.0,2000,12.1,12.0,12.1,2000,0.0,1.0
2018-10-10 00:00:00,12.02,12.02,12.0,12.0,12.0,1200,12.02,12.0,12.02,1200,0.0,1.0
2018-10-11 00:00:00,12.0,12.025,12.0,12.0,12.0,5115,12.025,12.0,12.0,5115,0.0,1.0
2018-10-12 00:00:00,12.12,12.12,12.12,12.12,12.12,312,12.12,12.12,12.12,312,0.0,1.0
2018-10-15 00:00:00,12.0,12.0,12.0,12.0,12.0,7100,12.0,12.0,12.0,7100,0.0,1.0
2018-10-16 00:00:00,12.0,12.0,12.0,12.0,12.0,2827,12.0,12.0,12.0,2827,0.0,1.0
2018-10-17 00:00:00,12.02,12.02,12.02,12.02,12.02,500,12.02,12.02,12.02,500,0.0,1.0
2018-10-18 00:00:00,12.0,12.0,12.0,12.0,12.0,500,12.0,12.0,12.0,500,0.0,1.0
2018-10-19 00:00:00,12.0,12.0,12.0,12.0,12.0,41,12.0,12.0,12.0,41,0.0,1.0
2018-10-22 00:00:00,12.0,12.005,12.0,12.0,12.0,4175,12.005,12.0,12.0,4175,0.0,1.0
2018-10-23 00:00:00,12.0,12.005,12.0,12.001,12.001,10673,12.005,12.0,12.0,10673,0.0,1.0
2018-10-24 00:00:00,12.01,12.01,12.0,12.0,12.0,2054,12.01,12.0,12.01,2054,0.0,1.0
2018-10-25 00:00:00,12.0,12.1,12.0,12.1,12.1,1410,12.1,12.0,12.0,1410,0.0,1.0
2018-10-26 00:00:00,12.0,12.002,12.0,12.0,12.0,3511,12.002,12.0,12.0,3511,0.0,1.0
2018-10-29 00:00:00,12.0,12.05,11.51,12.0,12.0,14572,12.05,11.51,12.0,14572,0.0,1.0
2018-10-30 00:00:00,12.0,12.2,12.0,12.0,12.0,26748,12.2,12.0,12.0,26748,0.0,1.0
2018-10-31 00:00:00,12.0,12.0,12.0,12.0,12.0,2174,12.0,12.0,12.0,2174,0.0,1.0
2018-11-01 00:00:00,12.025,12.025,12.0,12.0,12.0,4373,12.025,12.0,12.025,4373,0.0,1.0
2018-11-02 00:00:00,12.0,12.125,12.0,12.0,12.0,1506,12.125,12.0,12.0,1506,0.0,1.0
2018-11-05 00:00:00,12.125,12.125,12.0,12.0,12.0,3853,12.125,12.0,12.125,3853,0.0,1.0
2018-11-06 00:00:00,12.0,12.0,12.0,12.0,12.0,80,12.0,12.0,12.0,80,0.0,1.0
2018-11-07 00:00:00,12.0,12.0,12.0,12.0,12.0,2972,12.0,12.0,12.0,2972,0.0,1.0
2018-11-08 00:00:00,12.0,12.0,12.0,12.0,12.0,1629,12.0,12.0,12.0,1629,0.0,1.0
2018-11-09 00:00:00,12.0,12.0,12.0,12.0,12.0,10439,12.0,12.0,12.0,10439,0.0,1.0
2018-11-12 00:00:00,12.0,12.075,12.0,12.0,12.0,12832,12.075,12.0,12.0,12832,0.0,1.0
2018-11-13 00:00:00,12.0,12.0,12.0,12.0,12.0,100,12.0,12.0,12.0,100,0.0,1.0
2018-11-14 00:00:00,12.0,12.0,12.0,12.0,12.0,274,12.0,12.0,12.0,274,0.0,1.0
2018-11-15 00:00:00,11.79,11.79,11.79,11.79,11.79,250,11.79,11.79,11.79,250,0.0,1.0
2018-11-16 00:00:00,11.58,11.58,11.0,11.0,11.0,2716,11.58,11.0,11.58,2716,0.0,1.0
2018-11-19 00:00:00,11.0,11.0,9.6,10.1,10.1,10703,11.0,9.6,11.0,10703,0.0,1.0
2018-11-20 00:00:00,9.9,9.9,9.6,9.6,9.6,1067,9.9,9.6,9.9,1067,0.0,1.0
2018-11-21 00:00:00,9.727,9.727,9.0,9.0,9.0,750,9.727,9.0,9.727,750,0.0,1.0
2018-11-23 00:00:00,9.25,9.25,9.05,9.1,9.1,2265,9.25,9.05,9.25,2265,0.0,1.0
2018-11-26 00:00:00,9.1,9.1,9.1,9.1,9.1,13,9.1,9.1,9.1,13,0.0,1.0
2018-11-27 00:00:00,9.5,9.5,9.4,9.4,9.4,2000,9.5,9.4,9.5,2000,0.0,1.0
2018-11-28 00:00:00,9.5,9.5,9.3,9.3,9.3,1592,9.5,9.3,9.5,1592,0.0,1.0
2018-11-29 00:00:00,9.2,9.2,9.19,9.2,9.2,1600,9.2,9.19,9.2,1600,0.0,1.0
2018-11-30 00:00:00,9.2,9.2,9.2,9.2,9.2,548,9.2,9.2,9.2,548,0.0,1.0
2018-12-03 00:00:00,9.2,9.2,8.7,9.0,9.0,5500,9.2,8.7,9.2,5500,0.0,1.0
2018-12-04 00:00:00,9.0,9.0,8.9,9.0,9.0,1499,9.0,8.9,9.0,1499,0.0,1.0
2018-12-06 00:00:00,8.8,9.09,7.01,9.09,9.09,3958,9.09,7.01,8.8,3958,0.0,1.0
2018-12-07 00:00:00,9.0,9.2,9.0,9.2,9.2,1682,9.2,9.0,9.0,1682,0.0,1.0
2018-12-10 00:00:00,9.45,9.575,9.2,9.25,9.25,10180,9.575,9.2,9.45,10180,0.0,1.0
2018-12-11 00:00:00,9.4,10.0,9.4,9.6,9.6,1300,10.0,9.4,9.4,1300,0.0,1.0
2018-12-12 00:00:00,9.625,9.75,9.5,9.5,9.5,2108,9.75,9.5,9.625,2108,0.0,1.0
2018-12-13 00:00:00,9.65,9.65,9.41,9.5,9.5,1014,9.65,9.41,9.65,1014,0.0,1.0
2018-12-14 00:00:00,9.75,9.75,9.75,9.75,9.75,197,9.75,9.75,9.75,197,0.0,1.0
2018-12-17 00:00:00,9.6,9.6,9.5,9.5,9.5,509,9.6,9.5,9.6,509,0.0,1.0
2018-12-18 00:00:00,9.6,9.6,9.55,9.55,9.55,10880,9.6,9.55,9.6,10880,0.0,1.0
2018-12-19 00:00:00,9.55,9.6,9.5,9.5,9.5,9964,9.6,9.5,9.55,9964,0.0,1.0
2018-12-20 00:00:00,9.55,9.55,9.45,9.5,9.5,12268,9.55,9.45,9.55,12268,0.0,1.0
2018-12-21 00:00:00,9.5,9.5,9.01,9.2,9.2,9251,9.5,9.01,9.5,9251,0.0,1.0
2018-12-24 00:00:00,9.2,9.2,9.2,9.2,9.2,1,9.2,9.2,9.2,1,0.0,1.0
2018-12-26 00:00:00,9.25,9.25,9.25,9.25,9.25,16944,9.25,9.25,9.25,16944,0.0,1.0
2018-12-27 00:00:00,9.25,9.25,8.53,8.8,8.8,8425,9.25,8.53,9.25,8425,0.0,1.0
2018-12-28 00:00:00,8.99,9.05,8.8,8.9,8.9,8119,9.05,8.8,8.99,8119,0.0,1.0
2018-12-31 00:00:00,9.2,9.3,9.2,9.25,9.25,1798,9.3,9.2,9.2,1798,0.0,1.0
2019-01-02 00:00:00,9.2,9.2,9.0,9.0,9.0,4123,9.2,9.0,9.2,4123,0.0,1.0
2019-01-03 00:00:00,9.2,9.2,8.8,8.8,8.8,2159,9.2,8.8,9.2,2159,0.0,1.0
2019-01-04 00:00:00,9.0,9.0,8.9,8.9,8.9,6905,9.0,8.9,9.0,6905,0.0,1.0
2019-01-07 00:00:00,8.61,8.62,8.61,8.62,8.62,856,8.62,8.61,8.61,856,0.0,1.0
2019-01-08 00:00:00,8.65,8.65,7.51,8.25,8.25,3762,8.65,7.51,8.65,3762,0.0,1.0
2019-01-09 00:00:00,8.4755,8.4755,8.4755,8.4755,8.4755,101,8.4755,8.4755,8.4755,101,0.0,1.0
2019-01-10 00:00:00,8.0,8.1,8.0,8.1,8.1,700,8.1,8.0,8.0,700,0.0,1.0
2019-01-11 00:00:00,8.1,8.1,8.0,8.1,8.1,9633,8.1,8.0,8.1,9633,0.0,1.0
2019-01-14 00:00:00,8.25,8.25,8.0,8.05,8.05,25772,8.25,8.0,8.25,25772,0.0,1.0
2019-01-15 00:00:00,8.0,8.05,8.0,8.05,8.05,3027,8.05,8.0,8.0,3027,0.0,1.0
2019-01-16 00:00:00,8.05,8.05,8.05,8.05,8.05,100,8.05,8.05,8.05,100,0.0,1.0
2019-01-17 00:00:00,8.05,8.25,8.0,8.25,8.25,4462,8.25,8.0,8.05,4462,0.0,1.0
2019-01-18 00:00:00,8.055,8.055,8.05,8.05,8.05,323,8.055,8.05,8.055,323,0.0,1.0
2019-01-22 00:00:00,8.05,8.1,7.75,7.76,7.76,57130,8.1,7.75,8.05,57130,0.0,1.0
2019-01-23 00:00:00,7.76,7.76,7.76,7.76,7.76,0,7.76,7.76,7.76,0,0.0,1.0
2019-01-24 00:00:00,7.8,7.8,7.8,7.8,7.8,152,7.8,7.8,7.8,152,0.0,1.0
2019-01-25 00:00:00,8.0,8.0,8.0,8.0,8.0,625,8.0,8.0,8.0,625,0.0,1.0
2019-01-28 00:00:00,8.0,8.0,8.0,8.0,8.0,2,8.0,8.0,8.0,2,0.0,1.0
2019-01-29 00:00:00,7.91,7.91,7.82,7.82,7.82,503,7.91,7.82,7.91,503,0.0,1.0
2019-01-30 00:00:00,7.8,7.9,7.8,7.9,7.9,280,7.9,7.8,7.8,280,0.0,1.0
2019-01-31 00:00:00,7.875,7.875,7.8,7.8,7.8,1000,7.875,7.8,7.875,1000,0.0,1.0
2019-02-01 00:00:00,7.95,8.0,7.91,8.0,8.0,1443,8.0,7.91,7.95,1443,0.0,1.0
2019-02-04 00:00:00,8.0,8.0,8.0,8.0,8.0,1497,8.0,8.0,8.0,1497,0.0,1.0
2019-02-05 00:00:00,7.99,8.05,7.99,8.0,8.0,7133,8.05,7.99,7.99,7133,0.0,1.0
2019-02-06 00:00:00,8.0,8.0,7.01,7.45,7.45,7715,8.0,7.01,8.0,7715,0.0,1.0
2019-02-07 00:00:00,7.25,7.45,7.25,7.45,7.45,2398,7.45,7.25,7.25,2398,0.0,1.0
2019-02-08 00:00:00,7.35,7.35,7.35,7.35,7.35,500,7.35,7.35,7.35,500,0.0,1.0
2019-02-11 00:00:00,7.27,7.35,7.27,7.35,7.35,2513,7.35,7.27,7.27,2513,0.0,1.0
2019-02-12 00:00:00,7.35,7.35,7.25,7.35,7.35,12810,7.35,7.25,7.35,12810,0.0,1.0
2019-02-13 00:00:00,7.65,7.65,7.35,7.35,7.35,3385,7.65,7.35,7.65,3385,0.0,1.0
2019-02-14 00:00:00,7.3,7.3,7.0,7.0,7.0,1800,7.3,7.0,7.3,1800,0.0,1.0
2019-02-15 00:00:00,7.2,7.3,7.04,7.04,7.04,2021,7.3,7.04,7.2,2021,0.0,1.0
2019-02-19 00:00:00,7.1,7.1,7.1,7.1,7.1,273,7.1,7.1,7.1,273,0.0,1.0
2019-02-20 00:00:00,7.14,7.145,6.69,6.69,6.69,15558,7.145,6.69,7.14,15558,0.0,1.0
2019-02-21 00:00:00,6.69,7.04,6.69,7.04,7.04,1862,7.04,6.69,6.69,1862,0.0,1.0
2019-02-22 00:00:00,7.05,7.05,7.0,7.0,7.0,3768,7.05,7.0,7.05,3768,0.0,1.0
2019-02-25 00:00:00,7.0,7.3,7.0,7.3,7.3,2469,7.3,7.0,7.0,2469,0.0,1.0
2019-02-26 00:00:00,7.7,7.7,7.7,7.7,7.7,310,7.7,7.7,7.7,310,0.0,1.0
2019-02-27 00:00:00,7.73,7.73,7.73,7.73,7.73,210,7.73,7.73,7.73,210,0.0,1.0
2019-02-28 00:00:00,7.615,8.55,7.615,8.55,8.55,4637,8.55,7.615,7.615,4637,0.0,1.0
2019-03-01 00:00:00,8.6,8.75,8.6,8.75,8.75,222,8.75,8.6,8.6,222,0.0,1.0
2019-03-04 00:00:00,8.75,9.0,8.75,9.0,9.0,2450,9.0,8.75,8.75,2450,0.0,1.0
2019-03-05 00:00:00,9.0,9.0,8.75,8.875,8.875,631,9.0,8.75,9.0,631,0.0,1.0
2019-03-06 00:00:00,8.75,8.75,8.25,8.25,8.25,5000,8.75,8.25,8.75,5000,0.0,1.0
2019-03-07 00:00:00,8.25,8.25,7.81,7.81,7.81,1421,8.25,7.81,8.25,1421,0.0,1.0
2019-03-08 00:00:00,7.78,7.78,7.25,7.25,7.25,1462,7.78,7.25,7.78,1462,0.0,1.0
2019-03-11 00:00:00,7.25,7.25,7.25,7.25,7.25,200,7.25,7.25,7.25,200,0.0,1.0
2019-03-12 00:00:00,7.25,8.0,7.25,7.63,7.63,1780,8.0,7.25,7.25,1780,0.0,1.0
2019-03-13 00:00:00,7.5,7.5,7.5,7.5,7.5,224,7.5,7.5,7.5,224,0.0,1.0
2019-03-14 00:00:00,7.5,7.5,7.5,7.5,7.5,84,7.5,7.5,7.5,84,0.0,1.0
2019-03-18 00:00:00,7.5,7.5,7.26,7.26,7.26,1251,7.5,7.26,7.5,1251,0.0,1.0
2019-03-19 00:00:00,7.5,7.5,7.49,7.5,7.5,1284,7.5,7.49,7.5,1284,0.0,1.0
2019-03-20 00:00:00,7.74,8.0,7.74,7.75,7.75,2740,8.0,7.74,7.74,2740,0.0,1.0
2019-03-21 00:00:00,7.75,8.0,7.75,8.0,8.0,610,8.0,7.75,7.75,610,0.0,1.0
2019-03-22 00:00:00,8.05,8.05,7.0,7.15,7.15,6042,8.05,7.0,8.05,6042,0.0,1.0
2019-03-25 00:00:00,7.15,7.5,7.1,7.241,7.241,3750,7.5,7.1,7.15,3750,0.0,1.0
2019-03-26 00:00:00,7.2,7.2,7.2,7.2,7.2,500,7.2,7.2,7.2,500,0.0,1.0
2019-03-27 00:00:00,7.3,7.3,7.3,7.3,7.3,500,7.3,7.3,7.3,500,0.0,1.0
2019-03-28 00:00:00,7.29,7.49,6.91,7.2,7.2,5104,7.49,6.91,7.29,5104,0.0,1.0
2019-03-29 00:00:00,7.5,7.5,7.49,7.49,7.49,2446,7.5,7.49,7.5,2446,0.0,1.0
2019-04-01 00:00:00,7.15,7.65,7.03,7.175,7.175,2344,7.65,7.03,7.15,2344,0.0,1.0
2019-04-02 00:00:00,7.175,7.175,7.175,7.175,7.175,90,7.175,7.175,7.175,90,0.0,1.0
2019-04-03 00:00:00,7.95,8.04,7.95,8.0,8.0,7820,8.04,7.95,7.95,7820,0.0,1.0
2019-04-04 00:00:00,8.05,8.5,8.05,8.15,8.15,4638,8.5,8.05,8.05,4638,0.0,1.0
2019-04-05 00:00:00,8.01,8.255,8.01,8.01,8.01,675,8.255,8.01,8.01,675,0.0,1.0
2019-04-08 00:00:00,8.01,8.01,8.01,8.01,8.01,0,8.01,8.01,8.01,0,0.0,1.0
2019-04-09 00:00:00,8.5,8.5,8.5,8.5,8.5,127,8.5,8.5,8.5,127,0.0,1.0
2019-04-10 00:00:00,8.54,9.0,8.3,9.0,9.0,3283,9.0,8.3,8.54,3283,0.0,1.0
2019-04-11 00:00:00,9.0,9.0,9.0,9.0,9.0,1260,9.0,9.0,9.0,1260,0.0,1.0
2019-04-12 00:00:00,8.85,8.85,8.85,8.85,8.85,2708,8.85,8.85,8.85,2708,0.0,1.0
2019-04-15 00:00:00,8.8,9.3,8.8,9.3,9.3,4558,9.3,8.8,8.8,4558,0.0,1.0
2019-04-16 00:00:00,9.0,9.0,9.0,9.0,9.0,1414,9.0,9.0,9.0,1414,0.0,1.0
2019-04-17 00:00:00,9.0,9.35,9.0,9.35,9.35,3194,9.35,9.0,9.0,3194,0.0,1.0
2019-04-18 00:00:00,9.35,9.35,9.35,9.35,9.35,0,9.35,9.35,9.35,0,0.0,1.0
2019-04-22 00:00:00,9.2,9.23,9.0,9.0,9.0,900,9.23,9.0,9.2,900,0.0,1.0
2019-04-23 00:00:00,9.25,9.4,9.25,9.4,9.4,1266,9.4,9.25,9.25,1266,0.0,1.0
2019-04-24 00:00:00,9.4,9.4,9.4,9.4,9.4,100,9.4,9.4,9.4,100,0.0,1.0
2019-04-25 00:00:00,9.5,9.575,9.3,9.5,9.5,2248,9.575,9.3,9.5,2248,0.0,1.0
2019-04-26 00:00:00,9.575,9.575,9.5,9.5,9.5,972,9.575,9.5,9.575,972,0.0,1.0
2019-04-29 00:00:00,9.5,9.65,9.5,9.65,9.65,784,9.65,9.5,9.5,784,0.0,1.0
2019-04-30 00:00:00,9.7,9.9,9.5,9.5,9.5,2409,9.9,9.5,9.7,2409,0.0,1.0
2019-05-01 00:00:00,9.99,11.49,9.99,10.0,10.0,4136,11.49,9.99,9.99,4136,0.0,1.0
2019-05-02 00:00:00,10.2,10.25,10.1,10.2,10.2,1767,10.25,10.1,10.2,1767,0.0,1.0
2019-05-03 00:00:00,10.2,10.2,10.2,10.2,10.2,140,10.2,10.2,10.2,140,0.0,1.0
2019-05-06 00:00:00,10.1,10.1,10.1,10.1,10.1,304,10.1,10.1,10.1,304,0.0,1.0
2019-05-07 00:00:00,10.1,10.1,9.99,9.99,9.99,717,10.1,9.99,10.1,717,0.0,1.0
2019-05-08 00:00:00,9.993,9.993,9.99,9.99,9.99,436,9.993,9.99,9.993,436,0.0,1.0
2019-05-09 00:00:00,9.9,9.9,9.5,9.5,9.5,11835,9.9,9.5,9.9,11835,0.0,1.0
2019-05-10 00:00:00,9.5,9.5,9.5,9.5,9.5,26,9.5,9.5,9.5,26,0.0,1.0
2019-05-13 00:00:00,9.36,9.56,9.0,9.35,9.35,18977,9.56,9.0,9.36,18977,0.0,1.0
2019-05-14 00:00:00,9.35,9.35,9.35,9.35,9.35,130,9.35,9.35,9.35,130,0.0,1.0
2019-05-15 00:00:00,9.35,9.35,9.35,9.35,9.35,360,9.35,9.35,9.35,360,0.0,1.0
2019-05-16 00:00:00,8.99,9.9899,8.99,9.3,9.3,4374,9.9899,8.99,8.99,4374,0.0,1.0
2019-05-17 00:00:00,10.0,10.82,10.0,10.02,10.02,11074,10.82,10.0,10.0,11074,0.0,1.0
2019-05-20 00:00:00,9.98,10.0,9.98,10.0,10.0,1221,10.0,9.98,9.98,1221,0.0,1.0
2019-05-21 00:00:00,10.0,10.0,9.75,10.0,10.0,1000,10.0,9.75,10.0,1000,0.0,1.0
2019-05-22 00:00:00,10.0,10.0,10.0,10.0,10.0,114,10.0,10.0,10.0,114,0.0,1.0
2019-05-23 00:00:00,10.0,10.0,10.0,10.0,10.0,23628,10.0,10.0,10.0,23628,0.0,1.0
2019-05-24 00:00:00,10.0,10.0,10.0,10.0,10.0,0,10.0,10.0,10.0,0,0.0,1.0
2019-05-28 00:00:00,9.75,9.75,9.75,9.75,9.75,1200,9.75,9.75,9.75,1200,0.0,1.0
2019-05-29 00:00:00,9.75,9.75,9.75,9.75,9.75,0,9.75,9.75,9.75,0,0.0,1.0
2019-05-30 00:00:00,9.75,9.75,9.7,9.75,9.75,2605,9.75,9.7,9.75,2605,0.0,1.0
2019-05-31 00:00:00,9.75,9.75,9.75,9.75,9.75,2,9.75,9.75,9.75,2,0.0,1.0
2019-06-03 00:00:00,9.75,9.75,9.75,9.75,9.75,700,9.75,9.75,9.75,700,0.0,1.0
2019-06-04 00:00:00,9.95,9.95,9.75,9.75,9.75,800,9.95,9.75,9.95,800,0.0,1.0
2019-06-05 00:00:00,9.95,9.95,9.75,9.75,9.75,800,9.95,9.75,9.95,800,0.0,1.0
2019-06-06 00:00:00,9.75,10.0,9.75,10.0,10.0,5334,10.0,9.75,9.75,5334,0.0,1.0
2019-06-07 00:00:00,10.0,10.0,10.0,10.0,10.0,452,10.0,10.0,10.0,452,0.0,1.0
2019-06-10 00:00:00,9.95,9.95,9.55,9.75,9.75,3016,9.95,9.55,9.95,3016,0.0,1.0
2019-06-11 00:00:00,9.75,9.75,9.75,9.75,9.75,7,9.75,9.75,9.75,7,0.0,1.0
2019-06-12 00:00:00,9.85,9.85,9.6,9.6,9.6,1050,9.85,9.6,9.85,1050,0.0,1.0
2019-06-13 00:00:00,9.6,9.6,9.6,9.6,9.6,0,9.6,9.6,9.6,0,0.0,1.0
2019-06-14 00:00:00,9.6,9.6,9.6,9.6,9.6,11,9.6,9.6,9.6,11,0.0,1.0
2019-06-17 00:00:00,9.75,9.75,9.75,9.75,9.75,420,9.75,9.75,9.75,420,0.0,1.0
2019-06-18 00:00:00,9.75,9.75,9.75,9.75,9.75,150,9.75,9.75,9.75,150,0.0,1.0
2019-06-19 00:00:00,10.0,10.0,10.0,10.0,10.0,600,10.0,10.0,10.0,600,0.0,1.0
2019-06-21 00:00:00,9.75,9.75,9.75,9.75,9.75,201,9.75,9.75,9.75,201,0.0,1.0
2019-06-24 00:00:00,9.75,9.75,9.75,9.75,9.75,216,9.75,9.75,9.75,216,0.0,1.0
2019-06-25 00:00:00,9.75,9.75,9.75,9.75,9.75,87,9.75,9.75,9.75,87,0.0,1.0
2019-06-26 00:00:00,9.75,9.8,9.75,9.8,9.8,1597,9.8,9.75,9.75,1597,0.0,1.0
2019-06-27 00:00:00,9.8,9.8,9.8,9.8,9.8,0,9.8,9.8,9.8,0,0.0,1.0
2019-06-28 00:00:00,9.75,9.75,9.75,9.75,9.75,153,9.75,9.75,9.75,153,0.0,1.0
2019-07-01 00:00:00,9.75,9.75,9.75,9.75,9.75,175,9.75,9.75,9.75,175,0.0,1.0
2019-07-02 00:00:00,9.75,9.75,9.7,9.75,9.75,1200,9.75,9.7,9.75,1200,0.0,1.0
2019-07-03 00:00:00,10.75,10.75,10.75,10.75,10.75,102,10.75,10.75,10.75,102,0.0,1.0
2019-07-05 00:00:00,9.875,9.875,9.75,9.75,9.75,480,9.875,9.75,9.875,480,0.0,1.0
2019-07-08 00:00:00,10.0,10.05,10.0,10.0,10.0,5022,10.05,10.0,10.0,5022,0.0,1.0
2019-07-09 00:00:00,10.0,10.0,10.0,10.0,10.0,185,10.0,10.0,10.0,185,0.0,1.0
2019-07-10 00:00:00,9.75,10.0,9.75,10.0,10.0,1822,10.0,9.75,9.75,1822,0.0,1.0
2019-07-11 00:00:00,10.0,10.0,10.0,10.0,10.0,100,10.0,10.0,10.0,100,0.0,1.0
2019-07-12 00:00:00,9.75,10.2,9.75,10.0,10.0,3285,10.2,9.75,9.75,3285,0.0,1.0
2019-07-15 00:00:00,10.0,10.0,9.75,9.75,9.75,27356,10.0,9.75,10.0,27356,0.0,1.0
2019-07-16 00:00:00,9.75,9.75,9.75,9.75,9.75,0,9.75,9.75,9.75,0,0.0,1.0
2019-07-17 00:00:00,10.0,10.0,10.0,10.0,10.0,350,10.0,10.0,10.0,350,0.0,1.0
2019-07-18 00:00:00,10.0,10.0,10.0,10.0,10.0,290,10.0,10.0,10.0,290,0.0,1.0
2019-07-19 00:00:00,10.0,10.0,10.0,10.0,10.0,1150,10.0,10.0,10.0,1150,0.0,1.0
2019-07-22 00:00:00,10.0,10.0,10.0,10.0,10.0,1510,10.0,10.0,10.0,1510,0.0,1.0
2019-07-23 00:00:00,9.75,9.9,9.75,9.75,9.75,1348,9.9,9.75,9.75,1348,0.0,1.0
2019-07-24 00:00:00,9.75,9.85,9.75,9.85,9.85,9257,9.85,9.75,9.75,9257,0.0,1.0
2019-07-25 00:00:00,9.85,9.85,9.85,9.85,9.85,30,9.85,9.85,9.85,30,0.0,1.0
2019-07-26 00:00:00,9.85,9.85,9.85,9.85,9.85,0,9.85,9.85,9.85,0,0.0,1.0
2019-07-29 00:00:00,9.75,9.75,9.75,9.75,9.75,200,9.75,9.75,9.75,200,0.0,1.0
2019-07-30 00:00:00,9.75,9.75,9.75,9.75,9.75,200,9.75,9.75,9.75,200,0.0,1.0
2019-07-31 00:00:00,9.75,9.75,9.75,9.75,9.75,1,9.75,9.75,9.75,1,0.0,1.0
2019-08-01 00:00:00,9.75,9.75,9.75,9.75,9.75,200,9.75,9.75,9.75,200,0.0,1.0
2019-08-02 00:00:00,9.75,9.75,9.75,9.75,9.75,523,9.75,9.75,9.75,523,0.0,1.0
2019-08-05 00:00:00,10.0,10.25,10.0,10.0,10.0,989,10.25,10.0,10.0,989,0.0,1.0
2019-08-06 00:00:00,10.0,10.0,10.0,10.0,10.0,1033,10.0,10.0,10.0,1033,0.0,1.0
2019-08-07 00:00:00,10.0,10.0,9.75,9.75,9.75,3222,10.0,9.75,10.0,3222,0.0,1.0
2019-08-08 00:00:00,9.75,9.75,9.75,9.75,9.75,1491,9.75,9.75,9.75,1491,0.0,1.0
2019-08-09 00:00:00,9.75,9.75,9.75,9.75,9.75,500,9.75,9.75,9.75,500,0.0,1.0
2019-08-12 00:00:00,9.75,9.95,9.75,9.75,9.75,1736,9.95,9.75,9.75,1736,0.0,1.0
2019-08-13 00:00:00,9.75,9.75,9.75,9.75,9.75,3,9.75,9.75,9.75,3,0.0,1.0
2019-08-14 00:00:00,9.75,9.75,9.75,9.75,9.75,0,9.75,9.75,9.75,0,0.0,1.0
2019-08-15 00:00:00,10.05,10.05,10.0,10.05,10.05,2789,10.05,10.0,10.05,2789,0.0,1.0
2019-08-16 00:00:00,10.39,10.39,10.0,10.0,10.0,2917,10.39,10.0,10.39,2917,0.0,1.0
2019-08-19 00:00:00,10.0,10.0,10.0,10.0,10.0,837,10.0,10.0,10.0,837,0.0,1.0
2019-08-20 00:00:00,10.0,10.0,9.5,9.76,9.76,29391,10.0,9.5,10.0,29391,0.0,1.0
2019-08-21 00:00:00,9.75,9.75,9.75,9.75,9.75,220,9.75,9.75,9.75,220,0.0,1.0
2019-08-22 00:00:00,9.75,9.75,9.75,9.75,9.75,17,9.75,9.75,9.75,17,0.0,1.0
2019-08-23 00:00:00,9.65,9.75,9.65,9.75,9.75,3744,9.75,9.65,9.65,3744,0.0,1.0
2019-08-26 00:00:00,9.75,9.75,9.75,9.75,9.75,0,9.75,9.75,9.75,0,0.0,1.0
2019-08-27 00:00:00,9.75,9.75,9.5,9.5,9.5,11813,9.75,9.5,9.75,11813,0.0,1.0
2019-08-28 00:00:00,9.5,9.5,9.5,9.5,9.5,81,9.5,9.5,9.5,81,0.0,1.0
2019-08-29 00:00:00,9.22,10.0,9.22,10.0,10.0,700,10.0,9.22,9.22,700,0.0,1.0
2019-08-30 00:00:00,9.8,9.8,9.8,9.8,9.8,3348,9.8,9.8,9.8,3348,0.0,1.0
2019-09-03 00:00:00,9.13,9.13,9.1,9.1,9.1,745,9.13,9.1,9.13,745,0.0,1.0
2019-09-04 00:00:00,9.1,9.1,9.1,9.1,9.1,50,9.1,9.1,9.1,50,0.0,1.0
2019-09-05 00:00:00,9.1,9.1,9.1,9.1,9.1,103,9.1,9.1,9.1,103,0.0,1.0
2019-09-06 00:00:00,9.1,9.1,9.1,9.1,9.1,0,9.1,9.1,9.1,0,0.0,1.0
2019-09-09 00:00:00,8.76,8.76,8.0,8.0,8.0,3700,8.76,8.0,8.76,3700,0.0,1.0
2019-09-10 00:00:00,8.0,8.0,8.0,8.0,8.0,193,8.0,8.0,8.0,193,0.0,1.0
2019-09-11 00:00:00,7.5,7.6,6.7,7.5,7.5,2173,7.6,6.7,7.5,2173,0.0,1.0
2019-09-12 00:00:00,7.0,7.51,7.0,7.51,7.51,1140,7.51,7.0,7.0,1140,0.0,1.0
2019-09-13 00:00:00,7.51,7.6,7.51,7.6,7.6,561,7.6,7.51,7.51,561,0.0,1.0
2019-09-16 00:00:00,7.65,7.65,7.55,7.55,7.55,1057,7.65,7.55,7.65,1057,0.0,1.0
2019-09-17 00:00:00,7.55,7.55,7.55,7.55,7.55,252,7.55,7.55,7.55,252,0.0,1.0
2019-09-18 00:00:00,7.55,7.55,7.55,7.55,7.55,0,7.55,7.55,7.55,0,0.0,1.0
2019-09-19 00:00:00,7.595,7.595,7.55,7.55,7.55,200,7.595,7.55,7.595,200,0.0,1.0
2019-09-20 00:00:00,7.55,7.55,7.55,7.55,7.55,7287,7.55,7.55,7.55,7287,0.0,1.0
2019-09-23 00:00:00,7.58,7.58,7.4,7.4,7.4,857,7.58,7.4,7.58,857,0.0,1.0
2019-09-24 00:00:00,7.4,7.45,7.4,7.45,7.45,18078,7.45,7.4,7.4,18078,0.0,1.0
2019-09-25 00:00:00,7.45,7.45,7.45,7.45,7.45,17603,7.45,7.45,7.45,17603,0.0,1.0
2019-09-26 00:00:00,7.45,7.45,7.45,7.45,7.45,0,7.45,7.45,7.45,0,0.0,1.0
2019-09-27 00:00:00,7.45,7.45,7.45,7.45,7.45,401,7.45,7.45,7.45,401,0.0,1.0
2019-09-30 00:00:00,7.4,7.4,7.3,7.3,7.3,11175,7.4,7.3,7.4,11175,0.0,1.0
2019-10-01 00:00:00,7.25,7.49,7.1,7.1,7.1,2823,7.49,7.1,7.25,2823,0.0,1.0
2019-10-02 00:00:00,7.0,7.0,6.85,6.85,6.85,3100,7.0,6.85,7.0,3100,0.0,1.0
2019-10-03 00:00:00,6.85,6.85,6.85,6.85,6.85,260,6.85,6.85,6.85,260,0.0,1.0
2019-10-04 00:00:00,6.85,6.85,6.85,6.85,6.85,0,6.85,6.85,6.85,0,0.0,1.0
2019-10-07 00:00:00,7.0,7.1,6.95,7.0,7.0,25064,7.1,6.95,7.0,25064,0.0,1.0
2019-10-08 00:00:00,7.1,7.1,6.85,7.0,7.0,5300,7.1,6.85,7.1,5300,0.0,1.0
2019-10-09 00:00:00,7.0,7.0,7.0,7.0,7.0,66,7.0,7.0,7.0,66,0.0,1.0
2019-10-10 00:00:00,7.0,7.0,7.0,7.0,7.0,35,7.0,7.0,7.0,35,0.0,1.0
2019-10-11 00:00:00,7.0,7.0,7.0,7.0,7.0,25,7.0,7.0,7.0,25,0.0,1.0
2019-10-14 00:00:00,7.0,7.0,7.0,7.0,7.0,0,7.0,7.0,7.0,0,0.0,1.0
2019-10-15 00:00:00,6.9,6.9,6.79,6.8,6.8,526,6.9,6.79,6.9,526,0.0,1.0
2019-10-16 00:00:00,6.79,6.79,6.79,6.79,6.79,213,6.79,6.79,6.79,213,0.0,1.0
2019-10-17 00:00:00,6.71,6.71,6.605,6.71,6.71,1200,6.71,6.605,6.71,1200,0.0,1.0
2019-10-18 00:00:00,6.75,6.75,6.7,6.7,6.7,4504,6.75,6.7,6.75,4504,0.0,1.0
2019-10-21 00:00:00,6.7,6.7,6.5,6.5,6.5,765,6.7,6.5,6.7,765,0.0,1.0
2019-10-22 00:00:00,6.5,6.5,5.5,5.8,5.8,1385,6.5,5.5,6.5,1385,0.0,1.0
2019-10-23 00:00:00,6.5,6.5,5.5,6.0,6.0,11100,6.5,5.5,6.5,11100,0.0,1.0
2019-10-24 00:00:00,6.0,6.0,6.0,6.0,6.0,5000,6.0,6.0,6.0,5000,0.0,1.0
2019-10-25 00:00:00,6.0,6.0,6.0,6.0,6.0,5034,6.0,6.0,6.0,5034,0.0,1.0
2019-10-28 00:00:00,6.0,6.0,6.0,6.0,6.0,3200,6.0,6.0,6.0,3200,0.0,1.0
2019-10-29 00:00:00,5.6,6.1,5.6,6.0,6.0,28385,6.1,5.6,5.6,28385,0.0,1.0
2019-10-30 00:00:00,6.4,6.4,6.1,6.1,6.1,300,6.4,6.1,6.4,300,0.0,1.0
2019-10-31 00:00:00,6.0,6.05,6.0,6.0,6.0,4575,6.05,6.0,6.0,4575,0.0,1.0
2019-11-01 00:00:00,6.0,6.0,6.0,6.0,6.0,0,6.0,6.0,6.0,0,0.0,1.0
2019-11-04 00:00:00,6.25,6.25,6.19,6.19,6.19,900,6.25,6.19,6.25,900,0.0,1.0
2019-11-05 00:00:00,6.05,6.05,6.05,6.05,6.05,102,6.05,6.05,6.05,102,0.0,1.0
2019-11-06 00:00:00,6.05,6.05,6.05,6.05,6.05,0,6.05,6.05,6.05,0,0.0,1.0
2019-11-07 00:00:00,6.05,6.05,6.05,6.05,6.05,66,6.05,6.05,6.05,66,0.0,1.0
2019-11-08 00:00:00,6.05,6.05,6.0,6.0,6.0,5276,6.05,6.0,6.05,5276,0.0,1.0
2019-11-11 00:00:00,6.0,6.05,5.9,5.9,5.9,6342,6.05,5.9,6.0,6342,0.0,1.0
2019-11-12 00:00:00,6.24,6.35,6.24,6.35,6.35,2500,6.35,6.24,6.24,2500,0.0,1.0
2019-11-13 00:00:00,6.3,6.3,6.3,6.3,6.3,413,6.3,6.3,6.3,413,0.0,1.0
2019-11-14 00:00:00,6.3,6.3,6.3,6.3,6.3,0,6.3,6.3,6.3,0,0.0,1.0
2019-11-15 00:00:00,6.01,6.01,6.0,6.0,6.0,5000,6.01,6.0,6.01,5000,0.0,1.0
2019-11-18 00:00:00,6.0,6.01,5.9,5.9,5.9,5618,6.01,5.9,6.0,5618,0.0,1.0
2019-11-19 00:00:00,5.9,5.95,5.9,5.9,5.9,20188,5.95,5.9,5.9,20188,0.0,1.0
2019-11-20 00:00:00,5.95,5.95,5.52,5.9,5.9,12133,5.95,5.52,5.95,12133,0.0,1.0
2019-11-21 00:00:00,5.9,5.9,5.9,5.9,5.9,68,5.9,5.9,5.9,68,0.0,1.0
2019-11-22 00:00:00,5.7,5.7,5.4,5.4,5.4,7291,5.7,5.4,5.7,7291,0.0,1.0
2019-11-25 00:00:00,5.375,5.5,4.92,5.05,5.05,8273,5.5,4.92,5.375,8273,0.0,1.0
2019-11-26 00:00:00,5.1,5.1,5.0,5.01,5.01,16010,5.1,5.0,5.1,16010,0.0,1.0
2019-11-27 00:00:00,5.02,5.05,4.91,4.91,4.91,7382,5.05,4.91,5.02,7382,0.0,1.0
2019-11-29 00:00:00,4.91,4.91,4.91,4.91,4.91,0,4.91,4.91,4.91,0,0.0,1.0
2019-12-02 00:00:00,5.05,5.05,5.0,5.0,5.0,2120,5.05,5.0,5.05,2120,0.0,1.0
2019-12-03 00:00:00,5.05,5.05,5.0,5.0,5.0,8481,5.05,5.0,5.05,8481,0.0,1.0
2019-12-04 00:00:00,5.025,5.025,4.86,4.99,4.99,7366,5.025,4.86,5.025,7366,0.0,1.0
2019-12-05 00:00:00,4.99,5.0,4.85,4.89,4.89,5236,5.0,4.85,4.99,5236,0.0,1.0
2019-12-06 00:00:00,4.89,4.89,4.89,4.89,4.89,0,4.89,4.89,4.89,0,0.0,1.0
2019-12-09 00:00:00,4.98,4.99,4.82,4.8285,4.8285,1009,4.99,4.82,4.98,1009,0.0,1.0
2019-12-10 00:00:00,4.85,4.85,4.82,4.83,4.83,2100,4.85,4.82,4.85,2100,0.0,1.0
2019-12-11 00:00:00,4.9,4.95,4.9,4.9,4.9,2628,4.95,4.9,4.9,2628,0.0,1.0
2019-12-12 00:00:00,4.83,4.95,4.82,4.82,4.82,2161,4.95,4.82,4.83,2161,0.0,1.0
2019-12-13 00:00:00,4.81,4.85,4.8,4.8,4.8,5527,4.85,4.8,4.81,5527,0.0,1.0
2019-12-16 00:00:00,4.75,4.75,4.25,4.51,4.51,15057,4.75,4.25,4.75,15057,0.0,1.0
2019-12-17 00:00:00,4.35,4.35,4.22,4.22,4.22,494,4.35,4.22,4.35,494,0.0,1.0
2019-12-18 00:00:00,4.21,4.26,4.02,4.0501,4.0501,4040,4.26,4.02,4.21,4040,0.0,1.0
2019-12-19 00:00:00,4.1,4.15,3.5501,4.1,4.1,10449,4.15,3.5501,4.1,10449,0.0,1.0
2019-12-20 00:00:00,4.14,4.89,4.1,4.2,4.2,4564,4.89,4.1,4.14,4564,0.0,1.0
2019-12-23 00:00:00,4.2,4.3,4.11,4.3,4.3,6584,4.3,4.11,4.2,6584,0.0,1.0
2019-12-24 00:00:00,4.3,4.5,4.25,4.25,4.25,21677,4.5,4.25,4.3,21677,0.0,1.0
2019-12-26 00:00:00,4.2,4.29,4.2,4.25,4.25,10365,4.29,4.2,4.2,10365,0.0,1.0
2019-12-27 00:00:00,4.25,4.25,4.25,4.25,4.25,3377,4.25,4.25,4.25,3377,0.0,1.0
2019-12-30 00:00:00,4.265,6.45,4.265,6.45,6.45,67263,6.45,4.265,4.265,67263,0.0,1.0
2019-12-31 00:00:00,6.7,8.0,6.7,7.9,7.9,3009,8.0,6.7,6.7,3009,0.0,1.0
2020-01-02 00:00:00,8.0,9.24,8.0,9.24,9.24,8674,9.24,8.0,8.0,8674,0.0,1.0
2020-01-03 00:00:00,9.05,9.99,9.0,9.0,9.0,12906,9.99,9.0,9.05,12906,0.0,1.0
2020-01-06 00:00:00,9.1,9.25,9.1,9.1,9.1,1656,9.25,9.1,9.1,1656,0.0,1.0
2020-01-07 00:00:00,9.25,10.0,9.25,10.0,10.0,5244,10.0,9.25,9.25,5244,0.0,1.0
2020-01-08 00:00:00,10.0,13.25,10.0,11.8,11.8,9455,13.25,10.0,10.0,9455,0.0,1.0
2020-01-09 00:00:00,11.8,11.8,11.44,11.4401,11.4401,3145,11.8,11.44,11.8,3145,0.0,1.0
2020-01-10 00:00:00,11.44,11.44,10.88,10.88,10.88,1400,11.44,10.88,11.44,1400,0.0,1.0
2020-01-13 00:00:00,10.5,10.7,10.5,10.7,10.7,201,10.7,10.5,10.5,201,0.0,1.0
2020-01-14 00:00:00,10.29,10.29,9.8,9.8,9.8,3520,10.29,9.8,10.29,3520,0.0,1.0
2020-01-15 00:00:00,9.8,9.8,9.5,9.5,9.5,900,9.8,9.5,9.8,900,0.0,1.0
2020-01-16 00:00:00,9.51,10.05,9.35,9.35,9.35,5589,10.05,9.35,9.51,5589,0.0,1.0
2020-01-17 00:00:00,9.5,9.6,9.4,9.6,9.6,10055,9.6,9.4,9.5,10055,0.0,1.0
2020-01-21 00:00:00,9.25,9.25,8.95,8.95,8.95,1188,9.25,8.95,9.25,1188,0.0,1.0
2020-01-22 00:00:00,8.97,10.05,8.97,9.4,9.4,3652,10.05,8.97,8.97,3652,0.0,1.0
2020-01-23 00:00:00,9.41,10.0,9.41,10.0,10.0,2260,10.0,9.41,9.41,2260,0.0,1.0
2020-01-24 00:00:00,9.6,9.6,9.4,9.4,9.4,304,9.6,9.4,9.6,304,0.0,1.0
2020-01-27 00:00:00,9.4,9.4,9.0,9.0,9.0,210,9.4,9.0,9.4,210,0.0,1.0
2020-01-28 00:00:00,9.1,9.25,9.0,9.25,9.25,1863,9.25,9.0,9.1,1863,0.0,1.0
2020-01-29 00:00:00,9.3,9.3,9.25,9.3,9.3,4059,9.3,9.25,9.3,4059,0.0,1.0
2020-01-30 00:00:00,9.25,9.25,9.1,9.1,9.1,1618,9.25,9.1,9.25,1618,0.0,1.0
2020-01-31 00:00:00,9.1,9.1,9.1,9.1,9.1,181,9.1,9.1,9.1,181,0.0,1.0
2020-02-03 00:00:00,9.3,9.75,9.25,9.7,9.7,5366,9.75,9.25,9.3,5366,0.0,1.0
2020-02-04 00:00:00,9.1,9.6,9.1,9.5,9.5,8427,9.6,9.1,9.1,8427,0.0,1.0
2020-02-05 00:00:00,9.5,9.5,9.5,9.5,9.5,477,9.5,9.5,9.5,477,0.0,1.0
2020-02-06 00:00:00,9.5,9.8,9.5,9.75,9.75,1700,9.8,9.5,9.5,1700,0.0,1.0
2020-02-07 00:00:00,9.75,9.75,9.75,9.75,9.75,0,9.75,9.75,9.75,0,0.0,1.0
2020-02-10 00:00:00,9.6,9.75,9.01,9.75,9.75,6088,9.75,9.01,9.6,6088,0.0,1.0
2020-02-11 00:00:00,9.75,9.75,9.75,9.75,9.75,3472,9.75,9.75,9.75,3472,0.0,1.0
2020-02-12 00:00:00,9.8,9.8,9.8,9.8,9.8,1601,9.8,9.8,9.8,1601,0.0,1.0
2020-02-13 00:00:00,9.8,9.8,9.8,9.8,9.8,0,9.8,9.8,9.8,0,0.0,1.0
2020-02-14 00:00:00,9.25,9.25,9.25,9.25,9.25,500,9.25,9.25,9.25,500,0.0,1.0
2020-02-18 00:00:00,9.25,9.25,8.65,8.65,8.65,1581,9.25,8.65,9.25,1581,0.0,1.0
2020-02-19 00:00:00,8.65,8.65,8.65,8.65,8.65,3847,8.65,8.65,8.65,3847,0.0,1.0
2020-02-20 00:00:00,8.65,8.65,8.65,8.65,8.65,200,8.65,8.65,8.65,200,0.0,1.0
2020-02-21 00:00:00,9.0,9.0,9.0,9.0,9.0,261,9.0,9.0,9.0,261,0.0,1.0
2020-02-24 00:00:00,9.0,9.0,9.0,9.0,9.0,0,9.0,9.0,9.0,0,0.0,1.0
2020-02-25 00:00:00,8.6,8.6,8.5,8.5,8.5,600,8.6,8.5,8.6,600,0.0,1.0
2020-02-26 00:00:00,8.5,8.5,8.5,8.5,8.5,20,8.5,8.5,8.5,20,0.0,1.0
2020-02-27 00:00:00,8.75,8.75,8.5,8.51,8.51,4325,8.75,8.5,8.75,4325,0.0,1.0
2020-02-28 00:00:00,8.5,8.5,8.27,8.27,8.27,1148,8.5,8.27,8.5,1148,0.0,1.0
2020-03-02 00:00:00,8.35,8.35,8.0,8.0,8.0,1955,8.35,8.0,8.35,1955,0.0,1.0
2020-03-03 00:00:00,8.225,8.35,8.0,8.35,8.35,3298,8.35,8.0,8.225,3298,0.0,1.0
2020-03-04 00:00:00,8.35,8.35,8.35,8.35,8.35,1222,8.35,8.35,8.35,1222,0.0,1.0
2020-03-05 00:00:00,8.25,8.25,8.0,8.0,8.0,1034,8.25,8.0,8.25,1034,0.0,1.0
2020-03-06 00:00:00,8.0,8.0,7.75,7.75,7.75,551,8.0,7.75,8.0,551,0.0,1.0
2020-03-09 00:00:00,8.0,8.0,7.55,7.55,7.55,3458,8.0,7.55,8.0,3458,0.0,1.0
2020-03-10 00:00:00,7.55,7.55,7.55,7.55,7.55,395,7.55,7.55,7.55,395,0.0,1.0
2020-03-11 00:00:00,7.55,7.55,7.55,7.55,7.55,250,7.55,7.55,7.55,250,0.0,1.0
2020-03-12 00:00:00,7.53,7.53,7.1,7.1,7.1,4634,7.53,7.1,7.53,4634,0.0,1.0
2020-03-13 00:00:00,7.02,7.1,6.5,6.5,6.5,3434,7.1,6.5,7.02,3434,0.0,1.0
2020-03-16 00:00:00,6.25,6.25,6.0,6.0,6.0,424,6.25,6.0,6.25,424,0.0,1.0
2020-03-17 00:00:00,6.1,6.1,5.0,5.1,5.1,15502,6.1,5.0,6.1,15502,0.0,1.0
2020-03-18 00:00:00,5.6,5.98,5.25,5.25,5.25,2273,5.98,5.25,5.6,2273,0.0,1.0
2020-03-19 00:00:00,5.5,5.5,4.1,4.1,4.1,18146,5.5,4.1,5.5,18146,0.0,1.0
2020-03-20 00:00:00,5.0,5.5,5.0,5.3,5.3,11368,5.5,5.0,5.0,11368,0.0,1.0
2020-03-23 00:00:00,5.5,5.5,4.0,4.0,4.0,11328,5.5,4.0,5.5,11328,0.0,1.0
2020-03-24 00:00:00,4.0,5.0,4.0,4.79,4.79,25243,5.0,4.0,4.0,25243,0.0,1.0
2020-03-25 00:00:00,4.5,4.84,4.5,4.8,4.8,2548,4.84,4.5,4.5,2548,0.0,1.0
2020-03-26 00:00:00,4.85,4.85,4.5,4.5,4.5,6311,4.85,4.5,4.85,6311,0.0,1.0
2020-03-27 00:00:00,4.5,4.5,4.5,4.5,4.5,6,4.5,4.5,4.5,6,0.0,1.0
2020-03-30 00:00:00,4.6,4.6,4.6,4.6,4.6,663,4.6,4.6,4.6,663,0.0,1.0
2020-03-31 00:00:00,4.6,4.75,4.6,4.6,4.6,1501,4.75,4.6,4.6,1501,0.0,1.0
2020-04-01 00:00:00,4.6,4.6,4.01,4.11,4.11,7060,4.6,4.01,4.6,7060,0.0,1.0
2020-04-02 00:00:00,4.11,4.11,4.11,4.11,4.11,98,4.11,4.11,4.11,98,0.0,1.0
2020-04-03 00:00:00,4.2501,4.4,4.06,4.4,4.4,1455,4.4,4.06,4.2501,1455,0.0,1.0
2020-04-06 00:00:00,4.49,4.97,4.49,4.97,4.97,3739,4.97,4.49,4.49,3739,0.0,1.0
2020-04-07 00:00:00,4.6,4.6,4.15,4.2,4.2,11400,4.6,4.15,4.6,11400,0.0,1.0
2020-04-08 00:00:00,4.25,4.25,3.7,3.8,3.8,17539,4.25,3.7,4.25,17539,0.0,1.0
2020-04-09 00:00:00,4.0,4.04,4.0,4.0,4.0,3334,4.04,4.0,4.0,3334,0.0,1.0
2020-04-13 00:00:00,4.0,4.0,3.64,3.64,3.64,14337,4.0,3.64,4.0,14337,0.0,1.0
2020-04-14 00:00:00,3.8,3.8,3.65,3.75,3.75,21839,3.8,3.65,3.8,21839,0.0,1.0
2020-04-15 00:00:00,3.75,3.75,3.7,3.75,3.75,17431,3.75,3.7,3.75,17431,0.0,1.0
2020-04-16 00:00:00,3.75,3.75,3.7,3.7,3.7,5465,3.75,3.7,3.75,5465,0.0,1.0
2020-04-17 00:00:00,3.75,3.75,3.7,3.7113,3.7113,10875,3.75,3.7,3.75,10875,0.0,1.0
2020-04-20 00:00:00,3.75,3.95,3.75,3.8,3.8,12257,3.95,3.75,3.75,12257,0.0,1.0
2020-04-21 00:00:00,3.75,3.75,3.7,3.75,3.75,1513,3.75,3.7,3.75,1513,0.0,1.0
2020-04-22 00:00:00,3.75,3.9,3.75,3.8,3.8,5769,3.9,3.75,3.75,5769,0.0,1.0
2020-04-23 00:00:00,3.8,3.85,3.8,3.85,3.85,9685,3.85,3.8,3.8,9685,0.0,1.0
2020-04-24 00:00:00,3.8,3.8,3.8,3.8,3.8,450,3.8,3.8,3.8,450,0.0,1.0
2020-04-27 00:00:00,3.75,3.8,3.7,3.75,3.75,13065,3.8,3.7,3.75,13065,0.0,1.0
2020-04-28 00:00:00,3.75,3.75,3.75,3.75,3.75,7990,3.75,3.75,3.75,7990,0.0,1.0
2020-04-29 00:00:00,3.75,3.9,3.75,3.9,3.9,533,3.9,3.75,3.75,533,0.0,1.0
2020-04-30 00:00:00,3.89,3.89,3.85,3.85,3.85,40198,3.89,3.85,3.89,40198,0.0,1.0
2020-05-01 00:00:00,3.85,3.85,3.85,3.85,3.85,4716,3.85,3.85,3.85,4716,0.0,1.0
2020-05-04 00:00:00,3.81,3.81,3.7999,3.7999,3.7999,2997,3.81,3.7999,3.81,2997,0.0,1.0
2020-05-05 00:00:00,3.85,4.69,3.85,4.6,4.6,259004,4.69,3.85,3.85,259004,0.0,1.0
2020-05-06 00:00:00,4.7,5.7,4.7,5.7,5.7,2240,5.7,4.7,4.7,2240,0.0,1.0
2020-05-07 00:00:00,6.0,7.0,6.0,6.25,6.25,5047,7.0,6.0,6.0,5047,0.0,1.0
2020-05-08 00:00:00,6.25,6.3,5.0,5.0,5.0,8124,6.3,5.0,6.25,8124,0.0,1.0
2020-05-11 00:00:00,5.0,5.0,4.32,4.75,4.75,89374,5.0,4.32,5.0,89374,0.0,1.0
2020-05-12 00:00:00,4.75,5.14,4.75,5.14,5.14,115073,5.14,4.75,4.75,115073,0.0,1.0
2020-05-13 00:00:00,4.995,4.995,4.94,4.94,4.94,1655,4.995,4.94,4.995,1655,0.0,1.0
2020-05-14 00:00:00,5.0,5.0,4.9,4.95,4.95,5301,5.0,4.9,5.0,5301,0.0,1.0
2020-05-15 00:00:00,4.95,5.0,4.95,4.9825,4.9825,2912,5.0,4.95,4.95,2912,0.0,1.0
2020-05-18 00:00:00,5.0,5.0,4.95,4.98,4.98,8157,5.0,4.95,5.0,8157,0.0,1.0
2020-05-19 00:00:00,5.0,5.0,4.95,5.0,5.0,83594,5.0,4.95,5.0,83594,0.0,1.0
2020-05-20 00:00:00,4.95,4.95,4.75,4.75,4.75,5695,4.95,4.75,4.95,5695,0.0,1.0
2020-05-21 00:00:00,4.75,4.8,4.75,4.8,4.8,982,4.8,4.75,4.75,982,0.0,1.0
2020-05-22 00:00:00,4.8,4.8,4.775,4.775,4.775,200,4.8,4.775,4.8,200,0.0,1.0
2020-05-26 00:00:00,4.8,4.83,4.75,4.78,4.78,20969,4.83,4.75,4.8,20969,0.0,1.0
2020-05-27 00:00:00,4.8,4.8,4.8,4.8,4.8,27139,4.8,4.8,4.8,27139,0.0,1.0
2020-05-28 00:00:00,4.8,4.8,4.75,4.8,4.8,10580,4.8,4.75,4.8,10580,0.0,1.0
2020-05-29 00:00:00,4.8,4.8,4.8,4.8,4.8,406,4.8,4.8,4.8,406,0.0,1.0
2020-06-01 00:00:00,4.8,4.8,4.8,4.8,4.8,0,4.8,4.8,4.8,0,0.0,1.0
2020-06-02 00:00:00,4.8,4.8,4.8,4.8,4.8,1500,4.8,4.8,4.8,1500,0.0,1.0
2020-06-03 00:00:00,4.8,4.8,4.74,4.75,4.75,16562,4.8,4.74,4.8,16562,0.0,1.0
2020-06-04 00:00:00,4.74,4.74,4.53,4.53,4.53,4271,4.74,4.53,4.74,4271,0.0,1.0
2020-06-05 00:00:00,4.6,4.6,4.4,4.4001,4.4001,14360,4.6,4.4,4.6,14360,0.0,1.0
2020-06-08 00:00:00,4.5,4.54,4.5,4.54,4.54,893,4.54,4.5,4.5,893,0.0,1.0
2020-06-09 00:00:00,4.54,4.6,4.54,4.545,4.545,2383,4.6,4.54,4.54,2383,0.0,1.0
2020-06-10 00:00:00,4.6,4.6,4.55,4.6,4.6,2885,4.6,4.55,4.6,2885,0.0,1.0
2020-06-11 00:00:00,4.6,4.6,4.575,4.6,4.6,10656,4.6,4.575,4.6,10656,0.0,1.0
2020-06-12 00:00:00,4.55,4.63,3.95,4.63,4.63,2118,4.63,3.95,4.55,2118,0.0,1.0
2020-06-15 00:00:00,4.6,4.6,4.6,4.6,4.6,220,4.6,4.6,4.6,220,0.0,1.0
2020-06-16 00:00:00,4.6,4.65,4.5,4.65,4.65,2700,4.65,4.5,4.6,2700,0.0,1.0
2020-06-17 00:00:00,4.5,4.5,4.5,4.5,4.5,400,4.5,4.5,4.5,400,0.0,1.0
2020-06-18 00:00:00,4.56,4.56,4.5,4.5,4.5,552,4.56,4.5,4.56,552,0.0,1.0
2020-06-19 00:00:00,4.5,4.5,4.26,4.4,4.4,553,4.5,4.26,4.5,553,0.0,1.0
2020-06-22 00:00:00,4.4,4.5,4.4,4.5,4.5,1287,4.5,4.4,4.4,1287,0.0,1.0
2020-06-23 00:00:00,4.45,4.45,4.4,4.4,4.4,234,4.45,4.4,4.45,234,0.0,1.0
2020-06-24 00:00:00,4.41,4.41,4.26,4.3,4.3,1346,4.41,4.26,4.41,1346,0.0,1.0
2020-06-25 00:00:00,4.1,4.4,3.92,4.1,4.1,1425,4.4,3.92,4.1,1425,0.0,1.0
2020-06-26 00:00:00,4.4,4.4,4.275,4.4,4.4,5200,4.4,4.275,4.4,5200,0.0,1.0
2020-06-29 00:00:00,4.38,4.38,4.31,4.31,4.31,650,4.38,4.31,4.38,650,0.0,1.0
2020-06-30 00:00:00,4.25,4.25,4.0,4.0,4.0,3000,4.25,4.0,4.25,3000,0.0,1.0
2020-07-01 00:00:00,4.0,4.1,4.0,4.0,4.0,1100,4.1,4.0,4.0,1100,0.0,1.0
2020-07-02 00:00:00,4.0,4.0,4.0,4.0,4.0,0,4.0,4.0,4.0,0,0.0,1.0
2020-07-06 00:00:00,3.96,3.96,3.9,3.95,3.95,2100,3.96,3.9,3.96,2100,0.0,1.0
2020-07-07 00:00:00,3.98,4.06,3.98,4.06,4.06,7700,4.06,3.98,3.98,7700,0.0,1.0
2020-07-08 00:00:00,4.06,4.25,4.06,4.25,4.25,14100,4.25,4.06,4.06,14100,0.0,1.0
2020-07-09 00:00:00,4.25,4.3,4.05,4.05,4.05,10200,4.3,4.05,4.25,10200,0.0,1.0
2020-07-10 00:00:00,4.22,4.22,4.22,4.22,4.22,1400,4.22,4.22,4.22,1400,0.0,1.0
2020-07-13 00:00:00,4.18,4.2,4.05,4.18,4.18,2400,4.2,4.05,4.18,2400,0.0,1.0
2020-07-14 00:00:00,4.05,4.05,4.0,4.0,4.0,290,4.05,4.0,4.05,290,0.0,1.0
2020-07-15 00:00:00,4.0,4.0,4.0,4.0,4.0,0,4.0,4.0,4.0,0,0.0,1.0
2020-07-16 00:00:00,4.05,4.06,4.05,4.06,4.06,340,4.06,4.05,4.05,340,0.0,1.0
2020-07-17 00:00:00,4.2,4.2,4.0,4.0,4.0,1800,4.2,4.0,4.2,1800,0.0,1.0
2020-07-20 00:00:00,4.0,4.0,4.0,4.0,4.0,0,4.0,4.0,4.0,0,0.0,1.0
2020-07-21 00:00:00,4.01,4.01,4.01,4.01,4.01,350,4.01,4.01,4.01,350,0.0,1.0
2020-07-22 00:00:00,4.1,4.2,4.1,4.15,4.15,8634,4.2,4.1,4.1,8634,0.0,1.0
2020-07-23 00:00:00,4.05,4.1,3.92,3.95,3.95,5786,4.1,3.92,4.05,5786,0.0,1.0
2020-07-24 00:00:00,3.95,4.05,3.95,4.05,4.05,950,4.05,3.95,3.95,950,0.0,1.0
2020-07-27 00:00:00,4.04,4.04,4.04,4.04,4.04,100,4.04,4.04,4.04,100,0.0,1.0
2020-07-28 00:00:00,3.98,4.0,3.975,4.0,4.0,600,4.0,3.975,3.98,600,0.0,1.0
2020-07-29 00:00:00,3.99,4.05,3.95,3.95,3.95,14790,4.05,3.95,3.99,14790,0.0,1.0
2020-07-30 00:00:00,3.95,3.95,3.95,3.95,3.95,25,3.95,3.95,3.95,25,0.0,1.0
2020-07-31 00:00:00,3.95,3.95,3.95,3.95,3.95,10,3.95,3.95,3.95,10,0.0,1.0
2020-08-03 00:00:00,4.025,4.025,4.0,4.0,4.0,272,4.025,4.0,4.025,272,0.0,1.0
2020-08-04 00:00:00,4.015,4.15,4.015,4.07,4.07,2674,4.15,4.015,4.015,2674,0.0,1.0
2020-08-05 00:00:00,3.95,4.05,3.95,4.05,4.05,1825,4.05,3.95,3.95,1825,0.0,1.0
2020-08-06 00:00:00,4.0,4.0,4.0,4.0,4.0,334,4.0,4.0,4.0,334,0.0,1.0
2020-08-07 00:00:00,4.0,4.125,3.95,3.95,3.95,3131,4.125,3.95,4.0,3131,0.0,1.0
2020-08-10 00:00:00,3.95,4.0,3.95,4.0,4.0,889,4.0,3.95,3.95,889,0.0,1.0
2020-08-11 00:00:00,4.0,4.2,4.0,4.15,4.15,9602,4.2,4.0,4.0,9602,0.0,1.0
2020-08-12 00:00:00,4.15,4.15,4.0,4.0,4.0,1268,4.15,4.0,4.15,1268,0.0,1.0
2020-08-13 00:00:00,4.25,4.25,4.0,4.0,4.0,304,4.25,4.0,4.25,304,0.0,1.0
2020-08-14 00:00:00,3.92,3.92,3.825,3.9,3.9,12960,3.92,3.825,3.92,12960,0.0,1.0
2020-08-17 00:00:00,3.75,3.75,3.75,3.75,3.75,4100,3.75,3.75,3.75,4100,0.0,1.0
2020-08-18 00:00:00,3.845,3.89,3.8,3.8,3.8,905,3.89,3.8,3.845,905,0.0,1.0
2020-08-19 00:00:00,3.81,3.85,3.75,3.85,3.85,1419,3.85,3.75,3.81,1419,0.0,1.0
2020-08-20 00:00:00,3.85,3.85,3.85,3.85,3.85,10,3.85,3.85,3.85,10,0.0,1.0
2020-08-21 00:00:00,3.75,3.845,3.0,3.65,3.65,113313,3.845,3.0,3.75,113313,0.0,1.0
2020-08-24 00:00:00,3.85,3.85,3.55,3.62,3.62,441920,3.85,3.55,3.85,441920,0.0,1.0
2020-08-25 00:00:00,3.62,3.62,3.6,3.6,3.6,1350,3.62,3.6,3.62,1350,0.0,1.0
2020-08-26 00:00:00,3.56,3.57,3.56,3.57,3.57,2170,3.57,3.56,3.56,2170,0.0,1.0
2020-08-27 00:00:00,3.58,3.58,3.58,3.58,3.58,200,3.58,3.58,3.58,200,0.0,1.0
2020-08-28 00:00:00,3.6,3.6,3.56,3.59,3.59,810,3.6,3.56,3.6,810,0.0,1.0
2020-08-31 00:00:00,3.58,3.58,3.58,3.58,3.58,397,3.58,3.58,3.58,397,0.0,1.0
2020-09-01 00:00:00,3.58,3.58,3.51,3.51,3.51,2886,3.58,3.51,3.58,2886,0.0,1.0
2020-09-02 00:00:00,3.51,3.55,3.1,3.15,3.15,13985,3.55,3.1,3.51,13985,0.0,1.0
2020-09-03 00:00:00,3.15,3.26,3.15,3.205,3.205,673,3.26,3.15,3.15,673,0.0,1.0
2020-09-04 00:00:00,3.01,3.05,3.0,3.02,3.02,8517,3.05,3.0,3.01,8517,0.0,1.0
2020-09-08 00:00:00,3.02,3.05,3.0,3.0,3.0,1890,3.05,3.0,3.02,1890,0.0,1.0
2020-09-09 00:00:00,3.0,3.0,2.99,2.99,2.99,2852,3.0,2.99,3.0,2852,0.0,1.0
2020-09-10 00:00:00,3.0,3.05,2.95,3.0,3.0,8234,3.05,2.95,3.0,8234,0.0,1.0
2020-09-11 00:00:00,3.0,3.05,3.0,3.0,3.0,6339,3.05,3.0,3.0,6339,0.0,1.0
2020-09-14 00:00:00,3.05,3.05,2.95,2.95,2.95,456,3.05,2.95,3.05,456,0.0,1.0
2020-09-15 00:00:00,2.95,2.95,2.95,2.95,2.95,550,2.95,2.95,2.95,550,0.0,1.0
2020-09-16 00:00:00,2.9,2.95,2.5,2.9499,2.9499,14991,2.95,2.5,2.9,14991,0.0,1.0
2020-09-17 00:00:00,3.0,3.0,2.81,2.86,2.86,4267,3.0,2.81,3.0,4267,0.0,1.0
2020-09-18 00:00:00,2.83,2.85,2.8,2.8,2.8,6500,2.85,2.8,2.83,6500,0.0,1.0
2020-09-21 00:00:00,2.8,2.85,2.8,2.85,2.85,2203,2.85,2.8,2.8,2203,0.0,1.0
2020-09-22 00:00:00,2.8,2.9,2.8,2.9,2.9,106555,2.9,2.8,2.8,106555,0.0,1.0
2020-09-23 00:00:00,2.9,2.9,2.9,2.9,2.9,586,2.9,2.9,2.9,586,0.0,1.0
2020-09-24 00:00:00,2.9,2.9,2.9,2.9,2.9,300,2.9,2.9,2.9,300,0.0,1.0
2020-09-25 00:00:00,2.91,3.09,2.91,3.05,3.05,8037,3.09,2.91,2.91,8037,0.0,1.0
2020-09-28 00:00:00,3.03,3.03,2.76,2.76,2.76,3168,3.03,2.76,3.03,3168,0.0,1.0
2020-09-29 00:00:00,2.97,3.0,2.96,3.0,3.0,687,3.0,2.96,2.97,687,0.0,1.0
2020-09-30 00:00:00,3.0,3.05,3.0,3.05,3.05,459081,3.05,3.0,3.0,459081,0.0,1.0
2020-10-01 00:00:00,3.2,3.24,3.2,3.24,3.24,2320,3.24,3.2,3.2,2320,0.0,1.0
2020-10-02 00:00:00,3.49,3.49,3.37,3.37,3.37,200,3.49,3.37,3.49,200,0.0,1.0
2020-10-05 00:00:00,3.5,3.5,3.5,3.5,3.5,1001,3.5,3.5,3.5,1001,0.0,1.0
2020-10-06 00:00:00,3.45,3.9,3.37,3.8,3.8,4789,3.9,3.37,3.45,4789,0.0,1.0
2020-10-07 00:00:00,3.95,4.49,3.95,4.0,4.0,11795,4.49,3.95,3.95,11795,0.0,1.0
2020-10-08 00:00:00,4.1,4.2,4.1,4.2,4.2,706,4.2,4.1,4.1,706,0.0,1.0
2020-10-09 00:00:00,4.35,4.4,4.3,4.35,4.35,13247,4.4,4.3,4.35,13247,0.0,1.0
2020-10-12 00:00:00,4.35,4.35,4.16,4.2,4.2,4365,4.35,4.16,4.35,4365,0.0,1.0
2020-10-13 00:00:00,4.2,4.2,4.12,4.12,4.12,424,4.2,4.12,4.2,424,0.0,1.0
2020-10-14 00:00:00,4.12,4.12,4.12,4.12,4.12,136,4.12,4.12,4.12,136,0.0,1.0
2020-10-15 00:00:00,4.0,4.0,4.0,4.0,4.0,300,4.0,4.0,4.0,300,0.0,1.0
2020-10-16 00:00:00,3.75,3.97,3.71,3.97,3.97,2825,3.97,3.71,3.75,2825,0.0,1.0
2020-10-19 00:00:00,3.97,3.97,3.97,3.97,3.97,0,3.97,3.97,3.97,0,0.0,1.0
2020-10-20 00:00:00,3.97,3.97,3.97,3.97,3.97,33,3.97,3.97,3.97,33,0.0,1.0
2020-10-21 00:00:00,3.9,3.9,3.9,3.9,3.9,100,3.9,3.9,3.9,100,0.0,1.0
2020-10-22 00:00:00,3.9,3.9,3.9,3.9,3.9,0,3.9,3.9,3.9,0,0.0,1.0
2020-10-23 00:00:00,3.9,3.9,3.9,3.9,3.9,52,3.9,3.9,3.9,52,0.0,1.0
2020-10-26 00:00:00,3.9,3.95,3.9,3.95,3.95,220,3.95,3.9,3.9,220,0.0,1.0
2020-10-27 00:00:00,3.97,3.99,3.97,3.99,3.99,737,3.99,3.97,3.97,737,0.0,1.0
2020-10-28 00:00:00,3.99,3.99,3.9,3.95,3.95,426,3.99,3.9,3.99,426,0.0,1.0
2020-10-29 00:00:00,3.9,3.9,3.76,3.76,3.76,1973,3.9,3.76,3.9,1973,0.0,1.0
2020-10-30 00:00:00,3.8,3.9,3.8,3.89,3.89,2826,3.9,3.8,3.8,2826,0.0,1.0
2020-11-02 00:00:00,3.99,3.99,3.94,3.95,3.95,3881,3.99,3.94,3.99,3881,0.0,1.0
2020-11-03 00:00:00,3.95,4.0,3.95,4.0,4.0,4126,4.0,3.95,3.95,4126,0.0,1.0
2020-11-04 00:00:00,4.0,4.0,4.0,4.0,4.0,4,4.0,4.0,4.0,4,0.0,1.0
2020-11-05 00:00:00,4.0,4.0,4.0,4.0,4.0,5,4.0,4.0,4.0,5,0.0,1.0
2020-11-06 00:00:00,3.95,3.95,3.9,3.9,3.9,1300,3.95,3.9,3.95,1300,0.0,1.0
2020-11-09 00:00:00,3.8,3.8,3.75,3.75,3.75,2270,3.8,3.75,3.8,2270,0.0,1.0
2020-11-10 00:00:00,3.75,3.8,3.6,3.8,3.8,3108,3.8,3.6,3.75,3108,0.0,1.0
2020-11-11 00:00:00,3.7,3.79,3.7,3.79,3.79,658,3.79,3.7,3.7,658,0.0,1.0
2020-11-12 00:00:00,3.6,3.8,3.51,3.65,3.65,2389,3.8,3.51,3.6,2389,0.0,1.0
2020-11-13 00:00:00,3.65,3.66,3.65,3.66,3.66,400,3.66,3.65,3.65,400,0.0,1.0
2020-11-16 00:00:00,3.65,3.68,3.65,3.665,3.665,1059,3.68,3.65,3.65,1059,0.0,1.0
2020-11-17 00:00:00,3.6565,3.66,3.65,3.66,3.66,600,3.66,3.65,3.6565,600,0.0,1.0
2020-11-18 00:00:00,3.55,3.62,2.4,3.3,3.3,101256,3.62,2.4,3.55,101256,0.0,1.0
2020-11-19 00:00:00,3.4,5.3599,3.25,3.25,3.25,45230,5.3599,3.25,3.4,45230,0.0,1.0
2020-11-20 00:00:00,3.21,3.2999,3.21,3.25,3.25,2203,3.2999,3.21,3.21,2203,0.0,1.0
2020-11-23 00:00:00,3.25,3.41,3.11,3.11,3.11,7723,3.41,3.11,3.25,7723,0.0,1.0
2020-11-24 00:00:00,3.25,3.25,2.66,3.0,3.0,3493,3.25,2.66,3.25,3493,0.0,1.0
2020-11-25 00:00:00,3.11,3.2,2.95,3.2,3.2,4816,3.2,2.95,3.11,4816,0.0,1.0
2020-11-27 00:00:00,3.1,3.15,3.08,3.115,3.115,1744,3.15,3.08,3.1,1744,0.0,1.0
2020-11-30 00:00:00,3.115,3.115,3.115,3.115,3.115,27,3.115,3.115,3.115,27,0.0,1.0
2020-12-01 00:00:00,3.1,3.13,2.95,3.12,3.12,8547,3.13,2.95,3.1,8547,0.0,1.0
2020-12-02 00:00:00,3.17,3.4,3.17,3.4,3.4,8196,3.4,3.17,3.17,8196,0.0,1.0
2020-12-03 00:00:00,3.18,3.18,3.15,3.1616,3.1616,2991,3.18,3.15,3.18,2991,0.0,1.0
2020-12-04 00:00:00,3.05,3.36,2.95,3.36,3.36,20520,3.36,2.95,3.05,20520,0.0,1.0
2020-12-07 00:00:00,3.15,3.395,3.1,3.15,3.15,18322,3.395,3.1,3.15,18322,0.0,1.0
2020-12-08 00:00:00,3.05,3.15,2.9002,3.05,3.05,11250,3.15,2.9002,3.05,11250,0.0,1.0
2020-12-09 00:00:00,3.0,3.21,2.9,3.19,3.19,20629,3.21,2.9,3.0,20629,0.0,1.0
2020-12-10 00:00:00,3.1,3.25,3.1,3.25,3.25,3897,3.25,3.1,3.1,3897,0.0,1.0
2020-12-11 00:00:00,3.2,3.25,3.15,3.22,3.22,16659,3.25,3.15,3.2,16659,0.0,1.0
2020-12-14 00:00:00,3.3,3.3,3.2,3.25,3.25,24995,3.3,3.2,3.3,24995,0.0,1.0
2020-12-15 00:00:00,3.25,3.25,3.0,3.1,3.1,14594,3.25,3.0,3.25,14594,0.0,1.0
2020-12-16 00:00:00,3.0,3.07,3.0,3.06,3.06,549,3.07,3.0,3.0,549,0.0,1.0
2020-12-17 00:00:00,3.0,3.355,3.0,3.355,3.355,12636,3.355,3.0,3.0,12636,0.0,1.0
2020-12-18 00:00:00,3.45,3.45,3.4,3.4,3.4,504,3.45,3.4,3.45,504,0.0,1.0
2020-12-21 00:00:00,3.1,3.475,3.05,3.45,3.45,30567,3.475,3.05,3.1,30567,0.0,1.0
2020-12-22 00:00:00,3.45,3.5,3.25,3.3,3.3,35558,3.5,3.25,3.45,35558,0.0,1.0
2020-12-23 00:00:00,3.66,3.67,3.55,3.67,3.67,15751,3.67,3.55,3.66,15751,0.0,1.0
2020-12-24 00:00:00,3.25,3.5,3.25,3.26,3.26,6115,3.5,3.25,3.25,6115,0.0,1.0
2020-12-28 00:00:00,3.5,3.5,3.17,3.18,3.18,8871,3.5,3.17,3.5,8871,0.0,1.0
2020-12-29 00:00:00,3.1,3.2,3.0,3.2,3.2,19884,3.2,3.0,3.1,19884,0.0,1.0
2020-12-30 00:00:00,3.0,3.2,3.0,3.095,3.095,12590,3.2,3.0,3.0,12590,0.0,1.0
2020-12-31 00:00:00,3.035,3.3,2.81,3.3,3.3,20763,3.3,2.81,3.035,20763,0.0,1.0
2021-01-04 00:00:00,3.2315,3.25,3.209,3.25,3.25,1922,3.25,3.209,3.2315,1922,0.0,1.0
2021-01-05 00:00:00,3.2,3.21,3.2,3.21,3.21,5721,3.21,3.2,3.2,5721,0.0,1.0
2021-01-06 00:00:00,3.21,4.0,3.21,3.6,3.6,2415,4.0,3.21,3.21,2415,0.0,1.0
2021-01-07 00:00:00,3.35,5.95,3.35,5.5,5.5,118790,5.95,3.35,3.35,118790,0.0,1.0
2021-01-08 00:00:00,4.51,5.4,3.2501,4.3,4.3,12924,5.4,3.2501,4.51,12924,0.0,1.0
2021-01-11 00:00:00,4.8,5.35,4.31,4.81,4.81,11275,5.35,4.31,4.8,11275,0.0,1.0
2021-01-12 00:00:00,5.45,5.45,3.51,4.6,4.6,29286,5.45,3.51,5.45,29286,0.0,1.0
2021-01-13 00:00:00,4.6,5.25,4.14,5.0,5.0,18712,5.25,4.14,4.6,18712,0.0,1.0
2021-01-14 00:00:00,5.05,5.05,4.5,4.8,4.8,13929,5.05,4.5,5.05,13929,0.0,1.0
2021-01-15 00:00:00,4.7,4.9,4.7,4.9,4.9,1335,4.9,4.7,4.7,1335,0.0,1.0
2021-01-19 00:00:00,4.65,4.85,4.65,4.85,4.85,441,4.85,4.65,4.65,441,0.0,1.0
2021-01-20 00:00:00,4.75,4.95,4.4,4.95,4.95,14178,4.95,4.4,4.75,14178,0.0,1.0
2021-01-21 00:00:00,4.8,4.95,4.8,4.95,4.95,896,4.95,4.8,4.8,896,0.0,1.0
2021-01-22 00:00:00,4.95,5.0,4.85,5.0,5.0,1295,5.0,4.85,4.95,1295,0.0,1.0
2021-01-25 00:00:00,5.0,6.77,4.75,6.0,6.0,15593,6.77,4.75,5.0,15593,0.0,1.0
2021-01-26 00:00:00,6.0,6.0,5.35,5.4,5.4,2364,6.0,5.35,6.0,2364,0.0,1.0
2021-01-27 00:00:00,5.4,5.4,5.01,5.345,5.345,1085,5.4,5.01,5.4,1085,0.0,1.0
2021-01-28 00:00:00,5.5,5.5,4.8,4.8,4.8,1213,5.5,4.8,5.5,1213,0.0,1.0
2021-01-29 00:00:00,5.025,5.025,4.8,4.8,4.8,1694,5.025,4.8,5.025,1694,0.0,1.0
2021-02-01 00:00:00,5.08,5.08,5.08,5.08,5.08,710,5.08,5.08,5.08,710,0.0,1.0
2021-02-02 00:00:00,5.01,5.01,5.01,5.01,5.01,183,5.01,5.01,5.01,183,0.0,1.0
2021-02-03 00:00:00,5.08,5.5,5.08,5.5,5.5,26585,5.5,5.08,5.08,26585,0.0,1.0
2021-02-04 00:00:00,5.45,6.0,5.45,5.55,5.55,24177,6.0,5.45,5.45,24177,0.0,1.0
2021-02-05 00:00:00,6.2,6.2,6.1,6.1,6.1,517,6.2,6.1,6.2,517,0.0,1.0
2021-02-08 00:00:00,6.1,7.25,6.1,6.9,6.9,3492,7.25,6.1,6.1,3492,0.0,1.0
2021-02-09 00:00:00,6.9,8.5,6.9,8.25,8.25,11804,8.5,6.9,6.9,11804,0.0,1.0
2021-02-10 00:00:00,8.25,9.5,8.25,8.25,8.25,11804,9.5,8.25,8.25,11804,0.0,1.0
2021-02-11 00:00:00,8.5,8.5,7.5,8.0,8.0,8354,8.5,7.5,8.5,8354,0.0,1.0
2021-02-12 00:00:00,7.15,8.0,5.65,6.25,6.25,8910,8.0,5.65,7.15,8910,0.0,1.0
2021-02-16 00:00:00,6.7975,7.0,4.76,5.01,5.01,7266,7.0,4.76,6.7975,7266,0.0,1.0
2021-02-17 00:00:00,5.11,6.25,5.11,5.56,5.56,6444,6.25,5.11,5.11,6444,0.0,1.0
2021-02-18 00:00:00,5.5875,5.5875,5.25,5.56,5.56,6444,5.5875,5.25,5.5875,6444,0.0,1.0
2021-02-19 00:00:00,5.55,8.0,5.5,8.0,8.0,8111,8.0,5.5,5.55,8111,0.0,1.0
2021-02-22 00:00:00,8.0,8.0,6.15,6.15,6.15,1327,8.0,6.15,8.0,1327,0.0,1.0
2021-02-23 00:00:00,6.1,6.1,5.662,5.662,5.662,816,6.1,5.662,6.1,816,0.0,1.0
2021-02-24 00:00:00,6.01,6.06,6.0,6.0,6.0,5553,6.06,6.0,6.01,5553,0.0,1.0
2021-02-25 00:00:00,6.0,6.5,5.75,6.0,6.0,5553,6.5,5.75,6.0,5553,0.0,1.0
2021-02-26 00:00:00,7.99,7.99,6.5,6.5,6.5,1021,7.99,6.5,7.99,1021,0.0,1.0
2021-03-01 00:00:00,6.05,8.0,6.0,7.2,7.2,3014,8.0,6.0,6.05,3014,0.0,1.0
2021-03-02 00:00:00,7.5,7.5,7.2205,7.445,7.445,5452,7.5,7.2205,7.5,5452,0.0,1.0
2021-03-03 00:00:00,6.7575,6.7575,6.7575,6.7575,6.7575,164,6.7575,6.7575,6.7575,164,0.0,1.0
2021-03-04 00:00:00,6.8,6.8,5.36,6.25,6.25,1487,6.8,5.36,6.8,1487,0.0,1.0
2021-03-05 00:00:00,6.25,6.7673,6.25,6.5,6.5,645,6.7673,6.25,6.25,645,0.0,1.0
2021-03-08 00:00:00,6.5,6.5,6.5,6.5,6.5,265,6.5,6.5,6.5,265,0.0,1.0
2021-03-09 00:00:00,6.5,6.5,6.5,6.5,6.5,60,6.5,6.5,6.5,60,0.0,1.0
2021-03-10 00:00:00,6.5,6.5,6.5,6.5,6.5,77,6.5,6.5,6.5,77,0.0,1.0
2021-03-11 00:00:00,6.74,6.75,6.74,6.75,6.75,576,6.75,6.74,6.74,576,0.0,1.0
2021-03-12 00:00:00,7.0,7.5,6.82,6.82,6.82,3472,7.5,6.82,7.0,3472,0.0,1.0
2021-03-15 00:00:00,6.644,6.81,6.644,6.81,6.81,550,6.81,6.644,6.644,550,0.0,1.0
2021-03-16 00:00:00,6.81,6.81,6.81,6.81,6.81,165,6.81,6.81,6.81,165,0.0,1.0
2021-03-17 00:00:00,6.5,6.66,6.0,6.66,6.66,503,6.66,6.0,6.5,503,0.0,1.0
2021-03-18 00:00:00,6.66,6.66,6.66,6.66,6.66,509,6.66,6.66,6.66,509,0.0,1.0
2021-03-19 00:00:00,6.82,6.82,6.82,6.82,6.82,333,6.82,6.82,6.82,333,0.0,1.0
2021-03-22 00:00:00,6.01,7.75,6.01,6.01,6.01,10503,7.75,6.01,6.01,10503,0.0,1.0
2021-03-23 00:00:00,7.5,7.6,7.0,7.4,7.4,2645,7.6,7.0,7.5,2645,0.0,1.0
2021-03-24 00:00:00,7.5,7.5,7.0,7.0,7.0,920,7.5,7.0,7.5,920,0.0,1.0
2021-03-25 00:00:00,7.0,7.0,6.5,7.0,7.0,413,7.0,6.5,7.0,413,0.0,1.0
2021-03-26 00:00:00,7.2,7.2,7.0,7.0,7.0,410,7.2,7.0,7.2,410,0.0,1.0
2021-03-29 00:00:00,6.75,6.75,6.75,6.75,6.75,426,6.75,6.75,6.75,426,0.0,1.0
2021-03-30 00:00:00,6.85,7.0,5.5,5.5,5.5,3381,7.0,5.5,6.85,3381,0.0,1.0
2021-03-31 00:00:00,7.0001,7.4,7.0,7.35,7.35,9464,7.4,7.0,7.0001,9464,0.0,1.0
2021-04-01 00:00:00,7.36,7.87,7.36,7.56,7.56,9460,7.87,7.36,7.36,9460,0.0,1.0
2021-04-05 00:00:00,7.25,7.25,7.25,7.25,7.25,208,7.25,7.25,7.25,208,0.0,1.0
2021-04-06 00:00:00,7.3,7.3,7.125,7.25,7.25,2282,7.3,7.125,7.3,2282,0.0,1.0
2021-04-07 00:00:00,7.3,7.3,7.3,7.3,7.3,2110,7.3,7.3,7.3,2110,0.0,1.0
2021-04-08 00:00:00,7.0,7.3,7.0,7.1,7.1,2419,7.3,7.0,7.0,2419,0.0,1.0
2021-04-09 00:00:00,7.0,7.0,6.8,6.8,6.8,3158,7.0,6.8,7.0,3158,0.0,1.0
2021-04-12 00:00:00,6.5,7.0,6.0,6.0,6.0,5612,7.0,6.0,6.5,5612,0.0,1.0
2021-04-13 00:00:00,6.8,7.0,6.01,7.0,7.0,5945,7.0,6.01,6.8,5945,0.0,1.0
2021-04-14 00:00:00,7.1,7.2,7.0,7.0,7.0,2919,7.2,7.0,7.1,2919,0.0,1.0
2021-04-15 00:00:00,6.9,7.2,6.9,7.2,7.2,1383,7.2,6.9,6.9,1383,0.0,1.0
2021-04-16 00:00:00,7.2,7.2,7.0,7.0,7.0,817,7.2,7.0,7.2,817,0.0,1.0
2021-04-19 00:00:00,6.45,7.1,6.0,7.0,7.0,6372,7.1,6.0,6.45,6372,0.0,1.0
2021-04-20 00:00:00,7.0,7.1,7.0,7.0001,7.0001,1686,7.1,7.0,7.0,1686,0.0,1.0
2021-04-21 00:00:00,7.0,7.0,6.95,6.95,6.95,954,7.0,6.95,7.0,954,0.0,1.0
2021-04-22 00:00:00,6.9,6.9,6.5,6.5,6.5,909,6.9,6.5,6.9,909,0.0,1.0
2021-04-23 00:00:00,6.6,7.0,6.6,7.0,7.0,2727,7.0,6.6,6.6,2727,0.0,1.0
2021-04-26 00:00:00,7.0,7.0,6.99,7.0,7.0,1260,7.0,6.99,7.0,1260,0.0,1.0
2021-04-27 00:00:00,7.0,7.0,6.0,6.99,6.99,6210,7.0,6.0,7.0,6210,0.0,1.0
2021-04-28 00:00:00,6.95,6.95,6.7,6.8,6.8,909,6.95,6.7,6.95,909,0.0,1.0
2021-04-29 00:00:00,6.9,7.0,6.85,6.85,6.85,1009,7.0,6.85,6.9,1009,0.0,1.0
2021-04-30 00:00:00,6.95,6.95,6.9,6.9,6.9,802,6.95,6.9,6.95,802,0.0,1.0
2021-05-03 00:00:00,6.9,6.9,6.85,6.9,6.9,400,6.9,6.85,6.9,400,0.0,1.0
2021-05-04 00:00:00,6.875,6.89,6.0,6.15,6.15,5554,6.89,6.0,6.875,5554,0.0,1.0
2021-05-05 00:00:00,6.2,6.2,6.15,6.15,6.15,5224,6.2,6.15,6.2,5224,0.0,1.0
2021-05-06 00:00:00,6.1,6.15,6.01,6.15,6.15,1349,6.15,6.01,6.1,1349,0.0,1.0
2021-05-07 00:00:00,6.15,6.2,6.1,6.1,6.1,300,6.2,6.1,6.15,300,0.0,1.0
2021-05-10 00:00:00,5.5,6.5,5.5,5.6,5.6,10955,6.5,5.5,5.5,10955,0.0,1.0
2021-05-11 00:00:00,5.86,6.2,5.86,6.2,6.2,12200,6.2,5.86,5.86,12200,0.0,1.0
2021-05-12 00:00:00,5.9,6.05,5.9,5.9,5.9,700,6.05,5.9,5.9,700,0.0,1.0
2021-05-13 00:00:00,5.8,5.9,5.05,5.6,5.6,7365,5.9,5.05,5.8,7365,0.0,1.0
2021-05-14 00:00:00,5.7,5.7,5.6,5.6,5.6,215,5.7,5.6,5.7,215,0.0,1.0
2021-05-17 00:00:00,5.39,5.5,4.6,5.5,5.5,16400,5.5,4.6,5.39,16400,0.0,1.0
2021-05-18 00:00:00,4.75,5.6,4.6,5.0,5.0,2479,5.6,4.6,4.75,2479,0.0,1.0
2021-05-19 00:00:00,5.4,5.75,4.35,5.0,5.0,19808,5.75,4.35,5.4,19808,0.0,1.0
2021-05-20 00:00:00,4.75,5.0,4.0,4.0,4.0,8718,5.0,4.0,4.75,8718,0.0,1.0
2021-05-21 00:00:00,4.55,5.5,4.2,4.21,4.21,16320,5.5,4.2,4.55,16320,0.0,1.0
2021-05-24 00:00:00,4.96,5.0,4.4,4.75,4.75,5333,5.0,4.4,4.96,5333,0.0,1.0
2021-05-25 00:00:00,4.8,5.0,4.2,4.75,4.75,6402,5.0,4.2,4.8,6402,0.0,1.0
2021-05-26 00:00:00,4.75,4.75,4.75,4.75,4.75,7,4.75,4.75,4.75,7,0.0,1.0
2021-05-27 00:00:00,5.0,5.0,4.7,4.7,4.7,1300,5.0,4.7,5.0,1300,0.0,1.0
2021-05-28 00:00:00,4.71,4.99,4.71,4.8,4.8,822,4.99,4.71,4.71,822,0.0,1.0
2021-06-01 00:00:00,4.99,4.99,4.8,4.8,4.8,1028,4.99,4.8,4.99,1028,0.0,1.0
2021-06-02 00:00:00,4.8,4.8,4.8,4.8,4.8,410,4.8,4.8,4.8,410,0.0,1.0
2021-06-03 00:00:00,4.35,5.0,4.2,4.8,4.8,2313,5.0,4.2,4.35,2313,0.0,1.0
2021-06-04 00:00:00,4.85,4.85,4.7,4.7,4.7,565,4.85,4.7,4.85,565,0.0,1.0
2021-06-07 00:00:00,4.6,4.9,3.95,4.3,4.3,46686,4.9,3.95,4.6,46686,0.0,1.0
2021-06-08 00:00:00,4.45,4.45,4.2225,4.45,4.45,510,4.45,4.2225,4.45,510,0.0,1.0
2021-06-09 00:00:00,4.05,4.2,3.95,4.2,4.2,17578,4.2,3.95,4.05,17578,0.0,1.0
2021-06-10 00:00:00,4.1,4.1,3.91,4.05,4.05,16089,4.1,3.91,4.1,16089,0.0,1.0
2021-06-11 00:00:00,4.0715,4.3,4.0715,4.15,4.15,16267,4.3,4.0715,4.0715,16267,0.0,1.0
2021-06-14 00:00:00,4.25,4.25,3.95,4.2,4.2,875,4.25,3.95,4.25,875,0.0,1.0
2021-06-15 00:00:00,3.95,4.09,3.94,3.97,3.97,3953,4.09,3.94,3.95,3953,0.0,1.0
2021-06-16 00:00:00,4.09,4.09,4.09,4.09,4.09,2508,4.09,4.09,4.09,2508,0.0,1.0
2021-06-17 00:00:00,4.09,4.09,3.75,3.75,3.75,11348,4.09,3.75,4.09,11348,0.0,1.0
2021-06-18 00:00:00,3.8,3.8,3.8,3.8,3.8,1634,3.8,3.8,3.8,1634,0.0,1.0
2021-06-21 00:00:00,3.8,4.4,3.8,4.3,4.3,19830,4.4,3.8,3.8,19830,0.0,1.0
2021-06-22 00:00:00,4.2,4.5,4.2,4.26,4.26,9887,4.5,4.2,4.2,9887,0.0,1.0
2021-06-23 00:00:00,4.5,4.8,4.5,4.8,4.8,9295,4.8,4.5,4.5,9295,0.0,1.0
2021-06-24 00:00:00,4.9,5.6,4.4,5.0,5.0,19379,5.6,4.4,4.9,19379,0.0,1.0
2021-06-25 00:00:00,5.22,5.6,5.22,5.6,5.6,3660,5.6,5.22,5.22,3660,0.0,1.0
2021-06-28 00:00:00,5.9,6.1,5.8,5.94,5.94,8944,6.1,5.8,5.9,8944,0.0,1.0
2021-06-29 00:00:00,5.71,5.99,5.51,5.99,5.99,5520,5.99,5.51,5.71,5520,0.0,1.0
2021-06-30 00:00:00,5.98,6.1,5.98,6.1,6.1,1767,6.1,5.98,5.98,1767,0.0,1.0
2021-07-01 00:00:00,6.1,6.1,6.1,6.1,6.1,0,6.1,6.1,6.1,0,0.0,1.0
2021-07-02 00:00:00,5.98,6.15,5.5,5.75,5.75,4155,6.15,5.5,5.98,4155,0.0,1.0
2021-07-06 00:00:00,5.75,6.2,5.75,6.2,6.2,2755,6.2,5.75,5.75,2755,0.0,1.0
2021-07-07 00:00:00,6.0,6.2,6.0,6.1,6.1,3382,6.2,6.0,6.0,3382,0.0,1.0
2021-07-08 00:00:00,6.01,6.01,6.01,6.01,6.01,1250,6.01,6.01,6.01,1250,0.0,1.0
2021-07-09 00:00:00,6.1,6.2,6.1,6.1,6.1,8551,6.2,6.1,6.1,8551,0.0,1.0
2021-07-12 00:00:00,6.2,6.2,6.16,6.16,6.16,2150,6.2,6.16,6.2,2150,0.0,1.0
2021-07-13 00:00:00,6.25,6.5,6.25,6.25,6.25,12039,6.5,6.25,6.25,12039,0.0,1.0
2021-07-14 00:00:00,6.5,6.8,6.5,6.7,6.7,1807,6.8,6.5,6.5,1807,0.0,1.0
2021-07-15 00:00:00,6.95,7.1,6.51,7.1,7.1,15163,7.1,6.51,6.95,15163,0.0,1.0
2021-07-16 00:00:00,5.26,6.29,5.26,6.08,6.08,3366,6.29,5.26,5.26,3366,0.0,1.0
2021-07-19 00:00:00,6.19,7.15,5.27,6.4,6.4,7932,7.15,5.27,6.19,7932,0.0,1.0
2021-07-20 00:00:00,6.98,7.6,6.98,7.0,7.0,9921,7.6,6.98,6.98,9921,0.0,1.0
2021-07-21 00:00:00,7.0,7.4,7.0,7.1,7.1,750,7.4,7.0,7.0,750,0.0,1.0
2021-07-22 00:00:00,7.2,7.35,7.2,7.35,7.35,3025,7.35,7.2,7.2,3025,0.0,1.0
2021-07-23 00:00:00,7.0,7.4,7.0,7.4,7.4,2401,7.4,7.0,7.0,2401,0.0,1.0
2021-07-26 00:00:00,7.75,7.75,7.75,7.75,7.75,2200,7.75,7.75,7.75,2200,0.0,1.0
2021-07-27 00:00:00,7.88,8.0,7.4,7.99,7.99,20869,8.0,7.4,7.88,20869,0.0,1.0
2021-07-28 00:00:00,7.3,8.0,7.3,8.0,8.0,8903,8.0,7.3,7.3,8903,0.0,1.0
2021-07-29 00:00:00,7.1,7.8,7.1,7.5,7.5,1043,7.8,7.1,7.1,1043,0.0,1.0
2021-07-30 00:00:00,7.5,7.5,7.5,7.5,7.5,10,7.5,7.5,7.5,10,0.0,1.0
2021-08-02 00:00:00,7.0,7.49,7.0,7.0,7.0,1023,7.49,7.0,7.0,1023,0.0,1.0
2021-08-03 00:00:00,6.8,6.8,4.5,5.0,5.0,10860,6.8,4.5,6.8,10860,0.0,1.0
2021-08-04 00:00:00,5.25,7.0,5.0,5.2,5.2,71702,7.0,5.0,5.25,71702,0.0,1.0
2021-08-05 00:00:00,5.9,5.9,5.01,5.08,5.08,9080,5.9,5.01,5.9,9080,0.0,1.0
2021-08-06 00:00:00,5.5,5.5,5.125,5.125,5.125,500,5.5,5.125,5.5,500,0.0,1.0
2021-08-09 00:00:00,5.15,5.15,5.14,5.14,5.14,2116,5.15,5.14,5.15,2116,0.0,1.0
2021-08-10 00:00:00,5.1,5.1,5.0,5.0275,5.0275,3316,5.1,5.0,5.1,3316,0.0,1.0
2021-08-11 00:00:00,5.12,5.12,5.12,5.12,5.12,100,5.12,5.12,5.12,100,0.0,1.0
2021-08-12 00:00:00,5.39,6.0,5.39,5.7,5.7,2722,6.0,5.39,5.39,2722,0.0,1.0
2021-08-13 00:00:00,5.8,5.8,5.6,5.6,5.6,2250,5.8,5.6,5.8,2250,0.0,1.0
2021-08-16 00:00:00,5.65,5.65,5.1,5.1,5.1,302,5.65,5.1,5.65,302,0.0,1.0
2021-08-17 00:00:00,5.15,5.25,4.9,5.0,5.0,15833,5.25,4.9,5.15,15833,0.0,1.0
2021-08-18 00:00:00,4.95,5.05,4.95,5.05,5.05,363,5.05,4.95,4.95,363,0.0,1.0
2021-08-19 00:00:00,5.0,5.3,4.95,5.3,5.3,1332,5.3,4.95,5.0,1332,0.0,1.0
2021-08-20 00:00:00,5.7,5.7,5.5,5.7,5.7,300,5.7,5.5,5.7,300,0.0,1.0
2021-08-23 00:00:00,5.5,5.5,5.3,5.3,5.3,448,5.5,5.3,5.5,448,0.0,1.0
2021-08-24 00:00:00,4.8,5.45,4.5,5.45,5.45,1210,5.45,4.5,4.8,1210,0.0,1.0
2021-08-25 00:00:00,5.3,5.4,5.0,5.3,5.3,2948,5.4,5.0,5.3,2948,0.0,1.0
2021-08-26 00:00:00,5.0,5.135,5.0,5.135,5.135,4942,5.135,5.0,5.0,4942,0.0,1.0
2021-08-27 00:00:00,5.25,5.25,5.0,5.0,5.0,4455,5.25,5.0,5.25,4455,0.0,1.0
2021-08-30 00:00:00,5.0,5.0,4.9,4.9,4.9,935,5.0,4.9,5.0,935,0.0,1.0
2021-08-31 00:00:00,5.0,5.0,4.91,5.0,5.0,22596,5.0,4.91,5.0,22596,0.0,1.0
2021-09-01 00:00:00,5.0,5.05,5.0,5.05,5.05,11049,5.05,5.0,5.0,11049,0.0,1.0
2021-09-02 00:00:00,4.91,5.05,4.91,5.05,5.05,10931,5.05,4.91,4.91,10931,0.0,1.0
2021-09-03 00:00:00,4.9,4.9,4.9,4.9,4.9,2483,4.9,4.9,4.9,2483,0.0,1.0
2021-09-07 00:00:00,4.95,5.1,4.95,5.1,5.1,5887,5.1,4.95,4.95,5887,0.0,1.0
2021-09-08 00:00:00,5.1,5.1,4.95,4.95,4.95,512,5.1,4.95,5.1,512,0.0,1.0
2021-09-09 00:00:00,4.85,5.1,4.85,4.9,4.9,5174,5.1,4.85,4.85,5174,0.0,1.0
2021-09-10 00:00:00,4.85,4.85,4.85,4.85,4.85,165,4.85,4.85,4.85,165,0.0,1.0
2021-09-13 00:00:00,4.75,4.8,4.5,4.75,4.75,3446,4.8,4.5,4.75,3446,0.0,1.0
2021-09-14 00:00:00,4.6,4.65,4.325,4.325,4.325,3630,4.65,4.325,4.6,3630,0.0,1.0
2021-09-15 00:00:00,4.44,4.44,4.25,4.25,4.25,200,4.44,4.25,4.44,200,0.0,1.0
2021-09-16 00:00:00,4.49,4.67,4.49,4.67,4.67,943,4.67,4.49,4.49,943,0.0,1.0
2021-09-17 00:00:00,4.55,4.55,4.425,4.425,4.425,1863,4.55,4.425,4.55,1863,0.0,1.0
2021-09-20 00:00:00,4.6,4.6,4.35,4.5,4.5,435,4.6,4.35,4.6,435,0.0,1.0
2021-09-21 00:00:00,4.5,4.5,4.5,4.5,4.5,99,4.5,4.5,4.5,99,0.0,1.0
2021-09-22 00:00:00,4.5,4.5,4.5,4.5,4.5,400,4.5,4.5,4.5,400,0.0,1.0
2021-09-23 00:00:00,4.4,4.5,4.4,4.5,4.5,1303,4.5,4.4,4.4,1303,0.0,1.0
2021-09-24 00:00:00,4.5,4.5,4.5,4.5,4.5,1,4.5,4.5,4.5,1,0.0,1.0
2021-09-27 00:00:00,4.45,4.5,4.3,4.5,4.5,801,4.5,4.3,4.45,801,0.0,1.0
2021-09-28 00:00:00,4.2,4.2,4.2,4.2,4.2,1890,4.2,4.2,4.2,1890,0.0,1.0
2021-09-29 00:00:00,4.5,4.5,4.1,4.1,4.1,700,4.5,4.1,4.5,700,0.0,1.0
2021-09-30 00:00:00,4.5,4.5,4.0,4.0,4.0,800,4.5,4.0,4.5,800,0.0,1.0
2021-10-01 00:00:00,3.95,4.9,3.95,4.625,4.625,1100,4.9,3.95,3.95,1100,0.0,1.0
2021-10-04 00:00:00,4.55,4.55,4.55,4.55,4.55,583,4.55,4.55,4.55,583,0.0,1.0
2021-10-05 00:00:00,4.55,4.55,4.55,4.55,4.55,500,4.55,4.55,4.55,500,0.0,1.0
2021-10-06 00:00:00,4.55,4.55,4.55,4.55,4.55,0,4.55,4.55,4.55,0,0.0,1.0
2021-10-07 00:00:00,4.55,4.55,4.55,4.55,4.55,602,4.55,4.55,4.55,602,0.0,1.0
2021-10-08 00:00:00,4.03,4.55,4.03,4.55,4.55,1399,4.55,4.03,4.03,1399,0.0,1.0
2021-10-11 00:00:00,4.55,4.55,4.48,4.48,4.48,2173,4.55,4.48,4.55,2173,0.0,1.0
2021-10-12 00:00:00,4.2,4.4,4.02,4.1,4.1,2210,4.4,4.02,4.2,2210,0.0,1.0
2021-10-13 00:00:00,4.5,4.5,4.25,4.25,4.25,400,4.5,4.25,4.5,400,0.0,1.0
2021-10-14 00:00:00,4.2,4.5,4.15,4.5,4.5,2840,4.5,4.15,4.2,2840,0.0,1.0
2021-10-15 00:00:00,4.225,4.4,4.0,4.0,4.0,2441,4.4,4.0,4.225,2441,0.0,1.0
2021-10-18 00:00:00,4.0,4.0,4.0,4.0,4.0,2010,4.0,4.0,4.0,2010,0.0,1.0
2021-10-19 00:00:00,4.2,4.2,4.2,4.2,4.2,348,4.2,4.2,4.2,348,0.0,1.0
2021-10-20 00:00:00,4.2,4.25,4.2,4.2,4.2,7346,4.25,4.2,4.2,7346,0.0,1.0
2021-10-21 00:00:00,4.25,4.5,4.25,4.5,4.5,9122,4.5,4.25,4.25,9122,0.0,1.0
2021-10-22 00:00:00,4.01,4.49,4.01,4.49,4.49,1110,4.49,4.01,4.01,1110,0.0,1.0
2021-10-25 00:00:00,4.49,4.5,4.15,4.15,4.15,5476,4.5,4.15,4.49,5476,0.0,1.0
2021-10-26 00:00:00,4.45,4.45,4.325,4.325,4.325,630,4.45,4.325,4.45,630,0.0,1.0
2021-10-27 00:00:00,4.4,4.4,4.14,4.27,4.27,440,4.4,4.14,4.4,440,0.0,1.0
2021-10-28 00:00:00,4.4,4.4,4.3,4.3,4.3,1810,4.4,4.3,4.4,1810,0.0,1.0
2021-10-29 00:00:00,4.3,4.3,4.3,4.3,4.3,54,4.3,4.3,4.3,54,0.0,1.0
2021-11-01 00:00:00,4.35,4.35,4.35,4.35,4.35,100,4.35,4.35,4.35,100,0.0,1.0
2021-11-02 00:00:00,4.35,4.35,4.35,4.35,4.35,100,4.35,4.35,4.35,100,0.0,1.0
2021-11-03 00:00:00,4.2,4.35,4.15,4.35,4.35,4571,4.35,4.15,4.2,4571,0.0,1.0
2021-11-04 00:00:00,4.5,4.5,4.5,4.5,4.5,10102,4.5,4.5,4.5,10102,0.0,1.0
2021-11-05 00:00:00,4.5,4.5,4.3175,4.5,4.5,7200,4.5,4.3175,4.5,7200,0.0,1.0
2021-11-08 00:00:00,4.5,4.5,4.5,4.5,4.5,500,4.5,4.5,4.5,500,0.0,1.0
2021-11-09 00:00:00,4.35,4.35,4.0,4.15,4.15,2658,4.35,4.0,4.35,2658,0.0,1.0
2021-11-10 00:00:00,4.15,4.25,4.15,4.25,4.25,821,4.25,4.15,4.15,821,0.0,1.0
2021-11-11 00:00:00,4.5,4.5,4.475,4.475,4.475,2695,4.5,4.475,4.5,2695,0.0,1.0
2021-11-12 00:00:00,4.475,4.475,4.475,4.475,4.475,0,4.475,4.475,4.475,0,0.0,1.0
2021-11-15 00:00:00,4.48,4.48,4.01,4.48,4.48,963,4.48,4.01,4.48,963,0.0,1.0
2021-11-16 00:00:00,4.3,4.48,3.85,4.39,4.39,3057,4.48,3.85,4.3,3057,0.0,1.0
2021-11-17 00:00:00,4.274,4.39,4.0,4.39,4.39,700,4.39,4.0,4.274,700,0.0,1.0
2021-11-18 00:00:00,4.2,4.38,4.01,4.38,4.38,500,4.38,4.01,4.2,500,0.0,1.0
2021-11-19 00:00:00,4.02,4.38,3.85,4.38,4.38,1300,4.38,3.85,4.02,1300,0.0,1.0
2021-11-22 00:00:00,4.1,4.1,3.03,3.75,3.75,8305,4.1,3.03,4.1,8305,0.0,1.0
2021-11-23 00:00:00,3.91,3.91,3.57,3.61,3.61,4236,3.91,3.57,3.91,4236,0.0,1.0
2021-11-24 00:00:00,4.05,4.05,3.99,4.0,4.0,703,4.05,3.99,4.05,703,0.0,1.0
2021-11-26 00:00:00,4.0,4.0,4.0,4.0,4.0,50,4.0,4.0,4.0,50,0.0,1.0
2021-11-29 00:00:00,4.0,4.05,3.65,4.05,4.05,876,4.05,3.65,4.0,876,0.0,1.0
2021-11-30 00:00:00,4.2,4.2,4.2,4.2,4.2,101,4.2,4.2,4.2,101,0.0,1.0
2021-12-01 00:00:00,3.9,4.065,3.05,3.55,3.55,5900,4.065,3.05,3.9,5900,0.0,1.0
2021-12-02 00:00:00,3.775,4.0,3.775,4.0,4.0,286,4.0,3.775,3.775,286,0.0,1.0
2021-12-03 00:00:00,3.6,3.6,2.9,3.01,3.01,16332,3.6,2.9,3.6,16332,0.0,1.0
2021-12-06 00:00:00,3.175,3.85,2.0,3.54,3.54,21859,3.85,2.0,3.175,21859,0.0,1.0
2021-12-07 00:00:00,3.55,3.97,3.35,3.96,3.96,4091,3.97,3.35,3.55,4091,0.0,1.0
2021-12-08 00:00:00,3.97,3.97,3.06,3.49,3.49,3558,3.97,3.06,3.97,3558,0.0,1.0
2021-12-09 00:00:00,3.9,3.99,3.5,3.5,3.5,6745,3.99,3.5,3.9,6745,0.0,1.0
2021-12-10 00:00:00,3.99,3.99,3.7,3.99,3.99,1500,3.99,3.7,3.99,1500,0.0,1.0
2021-12-13 00:00:00,3.99,4.0,2.24,3.5,3.5,8927,4.0,2.24,3.99,8927,0.0,1.0
2021-12-14 00:00:00,3.5,3.85,3.21,3.21,3.21,980,3.85,3.21,3.5,980,0.0,1.0
2021-12-15 00:00:00,3.0,3.4,3.0,3.34,3.34,1111,3.4,3.0,3.0,1111,0.0,1.0
2021-12-16 00:00:00,3.34,3.99,3.34,3.99,3.99,1900,3.99,3.34,3.34,1900,0.0,1.0
2021-12-17 00:00:00,3.99,3.99,3.45,3.8,3.8,1761,3.99,3.45,3.99,1761,0.0,1.0
2021-12-20 00:00:00,3.99,3.99,2.6501,3.25,3.25,10840,3.99,2.6501,3.99,10840,0.0,1.0
2021-12-21 00:00:00,3.2,3.2,3.1,3.2,3.2,9919,3.2,3.1,3.2,9919,0.0,1.0
2021-12-22 00:00:00,3.06,3.2,3.05,3.13,3.13,12295,3.2,3.05,3.06,12295,0.0,1.0
2021-12-23 00:00:00,2.9,2.95,2.81,2.95,2.95,7989,2.95,2.81,2.9,7989,0.0,1.0
2021-12-27 00:00:00,3.0375,3.16,2.6,2.7,2.7,7544,3.16,2.6,3.0375,7544,0.0,1.0
2021-12-28 00:00:00,2.635,2.7,2.38,2.38,2.38,8424,2.7,2.38,2.635,8424,0.0,1.0
2021-12-29 00:00:00,2.68,2.68,2.15,2.25,2.25,12389,2.68,2.15,2.68,12389,0.0,1.0
2021-12-30 00:00:00,2.39,2.39,2.1,2.39,2.39,20613,2.39,2.1,2.39,20613,0.0,1.0
2021-12-31 00:00:00,2.39,3.0,2.39,3.0,3.0,10170,3.0,2.39,2.39,10170,0.0,1.0
2022-01-03 00:00:00,3.0,3.0,3.0,3.0,3.0,78,3.0,3.0,3.0,78,0.0,1.0
2022-01-04 00:00:00,3.1,3.1,3.09,3.09,3.09,2284,3.1,3.09,3.1,2284,0.0,1.0
2022-01-05 00:00:00,3.05,3.05,3.05,3.05,3.05,282,3.05,3.05,3.05,282,0.0,1.0
2022-01-06 00:00:00,3.05,3.05,3.05,3.05,3.05,0,3.05,3.05,3.05,0,0.0,1.0
2022-01-07 00:00:00,2.85,3.04,2.85,3.04,3.04,1000,3.04,2.85,2.85,1000,0.0,1.0
2022-01-10 00:00:00,3.04,3.04,3.0,3.0,3.0,300,3.04,3.0,3.04,300,0.0,1.0
2022-01-11 00:00:00,3.0,3.09,2.5,2.99,2.99,3202,3.09,2.5,3.0,3202,0.0,1.0
2022-01-12 00:00:00,3.0,3.0,3.0,3.0,3.0,100,3.0,3.0,3.0,100,0.0,1.0
2022-01-13 00:00:00,3.0,3.3,3.0,3.045,3.045,1330,3.3,3.0,3.0,1330,0.0,1.0
2022-01-14 00:00:00,3.045,3.045,3.045,3.045,3.045,218,3.045,3.045,3.045,218,0.0,1.0
2022-01-18 00:00:00,3.09,3.09,3.09,3.09,3.09,100,3.09,3.09,3.09,100,0.0,1.0
2022-01-19 00:00:00,3.09,3.09,3.09,3.09,3.09,0,3.09,3.09,3.09,0,0.0,1.0
2022-01-20 00:00:00,3.09,3.09,2.8,2.8,2.8,1100,3.09,2.8,3.09,1100,0.0,1.0
2022-01-21 00:00:00,2.8,3.09,2.8,3.09,3.09,590,3.09,2.8,2.8,590,0.0,1.0
2022-01-24 00:00:00,3.06,3.06,3.06,3.06,3.06,100,3.06,3.06,3.06,100,0.0,1.0
2022-01-25 00:00:00,2.65,2.65,2.65,2.65,2.65,238,2.65,2.65,2.65,238,0.0,1.0
2022-01-26 00:00:00,3.0,3.0,3.0,3.0,3.0,500,3.0,3.0,3.0,500,0.0,1.0
2022-01-27 00:00:00,3.05,3.05,3.0,3.0,3.0,6900,3.05,3.0,3.05,6900,0.0,1.0
2022-01-28 00:00:00,3.0,3.0,3.0,3.0,3.0,12,3.0,3.0,3.0,12,0.0,1.0
2022-01-31 00:00:00,2.99,3.0,2.5,3.0,3.0,2050,3.0,2.5,2.99,2050,0.0,1.0
2022-02-01 00:00:00,3.0,3.08,2.75,3.08,3.08,7655,3.08,2.75,3.0,7655,0.0,1.0
2022-02-02 00:00:00,3.035,3.035,2.99,2.99,2.99,400,3.035,2.99,3.035,400,0.0,1.0
2022-02-03 00:00:00,2.99,2.99,2.99,2.99,2.99,40,2.99,2.99,2.99,40,0.0,1.0
2022-02-04 00:00:00,2.99,2.99,2.99,2.99,2.99,0,2.99,2.99,2.99,0,0.0,1.0
2022-02-07 00:00:00,3.0,3.05,2.75,2.99,2.99,1631,3.05,2.75,3.0,1631,0.0,1.0
2022-02-08 00:00:00,2.75,3.0,2.75,3.0,3.0,300,3.0,2.75,2.75,300,0.0,1.0
2022-02-09 00:00:00,2.99,2.99,2.99,2.99,2.99,100,2.99,2.99,2.99,100,0.0,1.0
2022-02-10 00:00:00,2.99,2.99,2.99,2.99,2.99,103,2.99,2.99,2.99,103,0.0,1.0
2022-02-11 00:00:00,2.99,2.99,2.9899,2.9899,2.9899,1710,2.99,2.9899,2.99,1710,0.0,1.0
2022-02-14 00:00:00,2.87,2.99,2.75,2.99,2.99,850,2.99,2.75,2.87,850,0.0,1.0
2022-02-15 00:00:00,2.99,2.99,2.99,2.99,2.99,0,2.99,2.99,2.99,0,0.0,1.0
2022-02-16 00:00:00,3.0,3.0,2.75,2.99,2.99,2958,3.0,2.75,3.0,2958,0.0,1.0
2022-02-17 00:00:00,2.99,2.99,2.99,2.99,2.99,0,2.99,2.99,2.99,0,0.0,1.0
2022-02-18 00:00:00,2.99,2.99,2.99,2.99,2.99,133,2.99,2.99,2.99,133,0.0,1.0
2022-02-22 00:00:00,2.8,2.8,2.8,2.8,2.8,200,2.8,2.8,2.8,200,0.0,1.0
2022-02-23 00:00:00,2.8,2.89,2.75,2.75,2.75,2045,2.89,2.75,2.8,2045,0.0,1.0
2022-02-24 00:00:00,2.75,2.75,2.75,2.75,2.75,0,2.75,2.75,2.75,0,0.0,1.0
2022-02-25 00:00:00,2.99,2.99,2.99,2.99,2.99,150,2.99,2.99,2.99,150,0.0,1.0
2022-02-28 00:00:00,2.99,2.99,2.99,2.99,2.99,0,2.99,2.99,2.99,0,0.0,1.0
2022-03-01 00:00:00,2.8,2.8,2.8,2.8,2.8,1799,2.8,2.8,2.8,1799,0.0,1.0
2022-03-02 00:00:00,2.8,2.97,2.8,2.97,2.97,3179,2.97,2.8,2.8,3179,0.0,1.0
2022-03-03 00:00:00,2.97,2.97,2.97,2.97,2.97,50,2.97,2.97,2.97,50,0.0,1.0
2022-03-04 00:00:00,2.8,2.8,2.8,2.8,2.8,181,2.8,2.8,2.8,181,0.0,1.0
2022-03-07 00:00:00,2.8,2.8,2.8,2.8,2.8,111,2.8,2.8,2.8,111,0.0,1.0
2022-03-08 00:00:00,2.8,2.8,2.8,2.8,2.8,100,2.8,2.8,2.8,100,0.0,1.0
2022-03-09 00:00:00,2.875,3.0,2.875,3.0,3.0,2927,3.0,2.875,2.875,2927,0.0,1.0
2022-03-10 00:00:00,2.99,3.15,2.95,2.95,2.95,3319,3.15,2.95,2.99,3319,0.0,1.0
2022-03-11 00:00:00,3.0,3.0,3.0,3.0,3.0,700,3.0,3.0,3.0,700,0.0,1.0
2022-03-14 00:00:00,3.0,3.0,3.0,3.0,3.0,101,3.0,3.0,3.0,101,0.0,1.0
2022-03-15 00:00:00,2.91,2.91,2.6,2.89,2.89,8138,2.91,2.6,2.91,8138,0.0,1.0
2022-03-16 00:00:00,2.85,2.85,2.69,2.69,2.69,1186,2.85,2.69,2.85,1186,0.0,1.0
2022-03-17 00:00:00,2.64,2.64,2.64,2.64,2.64,200,2.64,2.64,2.64,200,0.0,1.0
2022-03-18 00:00:00,2.64,2.64,2.64,2.64,2.64,2960,2.64,2.64,2.64,2960,0.0,1.0
2022-03-21 00:00:00,2.64,2.9,2.64,2.64,2.64,2960,2.9,2.64,2.64,2960,0.0,1.0
2022-03-22 00:00:00,2.9,2.9,2.9,2.9,2.9,0,2.9,2.9,2.9,0,0.0,1.0
2022-03-23 00:00:00,2.9,2.9,2.9,2.9,2.9,10,2.9,2.9,2.9,10,0.0,1.0
2022-03-24 00:00:00,2.95,3.0,2.95,3.0,3.0,371,3.0,2.95,2.95,371,0.0,1.0
2022-03-25 00:00:00,3.0,3.0,3.0,3.0,3.0,200,3.0,3.0,3.0,200,0.0,1.0
2022-03-28 00:00:00,2.99,2.99,2.9,2.9,2.9,700,2.99,2.9,2.99,700,0.0,1.0
2022-03-29 00:00:00,2.9,2.96,2.9,2.9,2.9,1400,2.96,2.9,2.9,1400,0.0,1.0
2022-03-30 00:00:00,2.9,2.99,2.9,2.99,2.99,284,2.99,2.9,2.9,284,0.0,1.0
2022-03-31 00:00:00,3.0,3.13,2.99,3.13,3.13,3925,3.13,2.99,3.0,3925,0.0,1.0
2022-04-01 00:00:00,3.13,3.13,2.9,2.9,2.9,9868,3.13,2.9,3.13,9868,0.0,1.0
2022-04-04 00:00:00,2.8,3.0,2.8,2.95,2.95,4408,3.0,2.8,2.8,4408,0.0,1.0
2022-04-05 00:00:00,2.9,3.1,2.7,2.99,2.99,2775,3.1,2.7,2.9,2775,0.0,1.0
2022-04-06 00:00:00,2.75,2.9,2.75,2.9,2.9,1409,2.9,2.75,2.75,1409,0.0,1.0
2022-04-07 00:00:00,2.75,2.75,2.75,2.75,2.75,198,2.75,2.75,2.75,198,0.0,1.0
2022-04-08 00:00:00,2.75,2.75,2.75,2.75,2.75,0,2.75,2.75,2.75,0,0.0,1.0
2022-04-11 00:00:00,2.75,2.75,2.65,2.66,2.66,1521,2.75,2.65,2.75,1521,0.0,1.0
2022-04-12 00:00:00,2.66,2.66,2.66,2.66,2.66,18,2.66,2.66,2.66,18,0.0,1.0
2022-04-13 00:00:00,2.65,2.65,2.2,2.2,2.2,12101,2.65,2.2,2.65,12101,0.0,1.0
2022-04-14 00:00:00,2.74,2.8,2.5,2.8,2.8,4887,2.8,2.5,2.74,4887,0.0,1.0
2022-04-18 00:00:00,2.8,2.8,2.8,2.8,2.8,64,2.8,2.8,2.8,64,0.0,1.0
2022-04-19 00:00:00,2.9,2.9,2.9,2.9,2.9,100,2.9,2.9,2.9,100,0.0,1.0
2022-04-20 00:00:00,2.9,2.9,2.9,2.9,2.9,0,2.9,2.9,2.9,0,0.0,1.0
2022-04-21 00:00:00,2.9,2.9,2.9,2.9,2.9,100,2.9,2.9,2.9,100,0.0,1.0
2022-04-22 00:00:00,2.35,2.35,2.35,2.35,2.35,369,2.35,2.35,2.35,369,0.0,1.0
2022-04-25 00:00:00,2.35,2.35,2.35,2.35,2.35,0,2.35,2.35,2.35,0,0.0,1.0
2022-04-26 00:00:00,2.55,2.8,2.55,2.8,2.8,1100,2.8,2.55,2.55,1100,0.0,1.0
2022-04-27 00:00:00,2.5,2.5,2.5,2.5,2.5,500,2.5,2.5,2.5,500,0.0,1.0
2022-04-28 00:00:00,2.5,2.5,2.5,2.5,2.5,0,2.5,2.5,2.5,0,0.0,1.0
2022-04-29 00:00:00,2.5,2.5,2.5,2.5,2.5,148,2.5,2.5,2.5,148,0.0,1.0
2022-05-02 00:00:00,2.5,2.5,2.5,2.5,2.5,3,2.5,2.5,2.5,3,0.0,1.0
2022-05-03 00:00:00,2.35,2.55,2.25,2.25,2.25,2151,2.55,2.25,2.35,2151,0.0,1.0
2022-05-04 00:00:00,2.75,2.75,2.21,2.6,2.6,1050,2.75,2.21,2.75,1050,0.0,1.0
2022-05-05 00:00:00,2.6,2.6,2.6,2.6,2.6,0,2.6,2.6,2.6,0,0.0,1.0
2022-05-06 00:00:00,2.405,2.405,1.9,2.21,2.21,2205,2.405,1.9,2.405,2205,0.0,1.0
2022-05-09 00:00:00,2.0,2.225,2.0,2.0,2.0,5719,2.225,2.0,2.0,5719,0.0,1.0
2022-05-10 00:00:00,1.93,1.93,1.9,1.9,1.9,2600,1.93,1.9,1.93,2600,0.0,1.0
2022-05-11 00:00:00,1.9,1.9,1.9,1.9,1.9,0,1.9,1.9,1.9,0,0.0,1.0
2022-05-12 00:00:00,1.85,1.85,1.85,1.85,1.85,306,1.85,1.85,1.85,306,0.0,1.0
2022-05-13 00:00:00,1.85,1.85,1.85,1.85,1.85,0,1.85,1.85,1.85,0,0.0,1.0
2022-05-16 00:00:00,1.85,1.85,1.85,1.85,1.85,0,1.85,1.85,1.85,0,0.0,1.0
2022-05-17 00:00:00,1.53,1.67,1.53,1.67,1.67,321,1.67,1.53,1.53,321,0.0,1.0
2022-05-18 00:00:00,1.75,1.75,1.5,1.5,1.5,15187,1.75,1.5,1.75,15187,0.0,1.0
2022-05-19 00:00:00,1.55,1.55,1.55,1.55,1.55,100,1.55,1.55,1.55,100,0.0,1.0
2022-05-20 00:00:00,2.0999,2.3,2.0,2.0,2.0,2385,2.3,2.0,2.0999,2385,0.0,1.0
2022-05-23 00:00:00,2.0,2.0,2.0,2.0,2.0,0,2.0,2.0,2.0,0,0.0,1.0
2022-05-24 00:00:00,2.0,2.0,2.0,2.0,2.0,0,2.0,2.0,2.0,0,0.0,1.0
2022-05-25 00:00:00,2.2625,2.2625,2.2625,2.2625,2.2625,225,2.2625,2.2625,2.2625,225,0.0,1.0
2022-05-26 00:00:00,2.2625,2.2625,2.2625,2.2625,2.2625,0,2.2625,2.2625,2.2625,0,0.0,1.0
2022-05-27 00:00:00,2.2625,2.2625,2.2625,2.2625,2.2625,0,2.2625,2.2625,2.2625,0,0.0,1.0
2022-05-31 00:00:00,2.2,2.2,2.2,2.2,2.2,575,2.2,2.2,2.2,575,0.0,1.0
2022-06-01 00:00:00,2.2,2.2,2.2,2.2,2.2,454,2.2,2.2,2.2,454,0.0,1.0
2022-06-02 00:00:00,2.2,2.2,2.2,2.2,2.2,46,2.2,2.2,2.2,46,0.0,1.0
2022-06-03 00:00:00,2.2,2.2,2.2,2.2,2.2,0,2.2,2.2,2.2,0,0.0,1.0
2022-06-06 00:00:00,2.3,2.3,2.3,2.3,2.3,500,2.3,2.3,2.3,500,0.0,1.0
2022-06-07 00:00:00,2.1,2.1,2.1,2.1,2.1,250,2.1,2.1,2.1,250,0.0,1.0
2022-06-08 00:00:00,2.1,2.1,2.1,2.1,2.1,0,2.1,2.1,2.1,0,0.0,1.0
2022-06-09 00:00:00,2.04,2.04,2.04,2.04,2.04,250,2.04,2.04,2.04,250,0.0,1.0
2022-06-10 00:00:00,2.01,2.01,2.01,2.01,2.01,100,2.01,2.01,2.01,100,0.0,1.0
2022-06-13 00:00:00,2.01,2.01,2.01,2.01,2.01,0,2.01,2.01,2.01,0,0.0,1.0
2022-06-14 00:00:00,2.01,2.01,2.01,2.01,2.01,0,2.01,2.01,2.01,0,0.0,1.0
2022-06-15 00:00:00,1.7675,1.7675,1.75,1.75,1.75,950,1.7675,1.75,1.7675,950,0.0,1.0
2022-06-16 00:00:00,1.75,1.75,1.75,1.75,1.75,0,1.75,1.75,1.75,0,0.0,1.0
2022-06-17 00:00:00,2.0,2.0,2.0,2.0,2.0,297,2.0,2.0,2.0,297,0.0,1.0
2022-06-21 00:00:00,2.0,2.0,2.0,2.0,2.0,0,2.0,2.0,2.0,0,0.0,1.0
2022-06-22 00:00:00,2.0,2.05,2.0,2.05,2.05,205,2.05,2.0,2.0,205,0.0,1.0
2022-06-23 00:00:00,2.05,2.05,2.05,2.05,2.05,0,2.05,2.05,2.05,0,0.0,1.0
2022-06-24 00:00:00,1.71,1.71,1.71,1.71,1.71,100,1.71,1.71,1.71,100,0.0,1.0
2022-06-27 00:00:00,1.71,1.71,1.71,1.71,1.71,0,1.71,1.71,1.71,0,0.0,1.0
2022-06-28 00:00:00,2.25,2.25,2.25,2.25,2.25,1000,2.25,2.25,2.25,1000,0.0,1.0
2022-06-29 00:00:00,1.72,1.72,1.7,1.7,1.7,500,1.72,1.7,1.72,500,0.0,1.0
2022-06-30 00:00:00,1.7,1.7,1.7,1.7,1.7,80,1.7,1.7,1.7,80,0.0,1.0
2022-07-01 00:00:00,2.25,2.25,2.25,2.25,2.25,105,2.25,2.25,2.25,105,0.0,1.0
2022-07-05 00:00:00,2.25,2.25,2.25,2.25,2.25,0,2.25,2.25,2.25,0,0.0,1.0
2022-07-06 00:00:00,2.0,2.0,2.0,2.0,2.0,1000,2.0,2.0,2.0,1000,0.0,1.0
2022-07-07 00:00:00,2.0,2.0,2.0,2.0,2.0,173,2.0,2.0,2.0,173,0.0,1.0
2022-07-08 00:00:00,2.0,2.0,2.0,2.0,2.0,545,2.0,2.0,2.0,545,0.0,1.0
2022-07-11 00:00:00,2.0,2.0,2.0,2.0,2.0,0,2.0,2.0,2.0,0,0.0,1.0
2022-07-12 00:00:00,2.0,2.0,2.0,2.0,2.0,0,2.0,2.0,2.0,0,0.0,1.0
2022-07-13 00:00:00,2.25,2.25,2.0,2.0,2.0,210,2.25,2.0,2.25,210,0.0,1.0
2022-07-14 00:00:00,2.0,2.0,2.0,2.0,2.0,0,2.0,2.0,2.0,0,0.0,1.0
2022-07-15 00:00:00,2.0,2.0,2.0,2.0,2.0,1725,2.0,2.0,2.0,1725,0.0,1.0
2022-07-18 00:00:00,2.0,2.0,2.0,2.0,2.0,200,2.0,2.0,2.0,200,0.0,1.0
2022-07-19 00:00:00,2.0,2.0,2.0,2.0,2.0,100,2.0,2.0,2.0,100,0.0,1.0
2022-07-20 00:00:00,2.05,2.05,2.05,2.05,2.05,343,2.05,2.05,2.05,343,0.0,1.0
2022-07-21 00:00:00,2.05,2.05,2.05,2.05,2.05,0,2.05,2.05,2.05,0,0.0,1.0
2022-07-22 00:00:00,2.05,2.05,2.02,2.03,2.03,1500,2.05,2.02,2.05,1500,0.0,1.0
2022-07-25 00:00:00,2.03,2.03,2.03,2.03,2.03,0,2.03,2.03,2.03,0,0.0,1.0
2022-07-26 00:00:00,2.02,2.02,2.0,2.0,2.0,5496,2.02,2.0,2.02,5496,0.0,1.0
2022-07-27 00:00:00,2.0,2.0,2.0,2.0,2.0,215,2.0,2.0,2.0,215,0.0,1.0
2022-07-28 00:00:00,1.95,1.95,1.95,1.95,1.95,100,1.95,1.95,1.95,100,0.0,1.0
2022-07-29 00:00:00,1.75,1.75,1.6,1.6,1.6,3206,1.75,1.6,1.75,3206,0.0,1.0
2022-08-01 00:00:00,1.55,1.75,1.55,1.75,1.75,967,1.75,1.55,1.55,967,0.0,1.0
2022-08-02 00:00:00,1.65,1.65,1.55,1.6,1.6,525,1.65,1.55,1.65,525,0.0,1.0
2022-08-03 00:00:00,1.6,1.6,1.5,1.55,1.55,5044,1.6,1.5,1.6,5044,0.0,1.0
2022-08-04 00:00:00,1.45,1.45,1.45,1.45,1.45,584,1.45,1.45,1.45,584,0.0,1.0
2022-08-05 00:00:00,1.42,1.46,1.42,1.46,1.46,745,1.46,1.42,1.42,745,0.0,1.0
2022-08-08 00:00:00,1.42,1.42,1.25,1.25,1.25,3319,1.42,1.25,1.42,3319,0.0,1.0
2022-08-09 00:00:00,1.25,1.32,1.25,1.32,1.32,2128,1.32,1.25,1.25,2128,0.0,1.0
2022-08-10 00:00:00,1.6,1.6,1.6,1.6,1.6,9469,1.6,1.6,1.6,9469,0.0,1.0
2022-08-11 00:00:00,1.61,1.61,1.61,1.61,1.61,745,1.61,1.61,1.61,745,0.0,1.0
2022-08-12 00:00:00,1.75,1.75,1.6,1.6,1.6,700,1.75,1.6,1.75,700,0.0,1.0
2022-08-15 00:00:00,1.75,2.0,1.65,1.995,1.995,79099,2.0,1.65,1.75,79099,0.0,1.0
2022-08-16 00:00:00,2.13,2.13,1.88,2.08,2.08,1075,2.13,1.88,2.13,1075,0.0,1.0
2022-08-17 00:00:00,2.08,2.09,2.08,2.09,2.09,1001,2.09,2.08,2.08,1001,0.0,1.0
2022-08-18 00:00:00,2.02,2.02,2.02,2.02,2.02,152,2.02,2.02,2.02,152,0.0,1.0
2022-08-19 00:00:00,1.81,1.85,1.72,1.72,1.72,2454,1.85,1.72,1.81,2454,0.0,1.0
2022-08-22 00:00:00,1.65,1.65,1.65,1.65,1.65,885,1.65,1.65,1.65,885,0.0,1.0
2022-08-23 00:00:00,1.55,1.69,1.55,1.69,1.69,1624,1.69,1.55,1.55,1624,0.0,1.0
2022-08-24 00:00:00,1.685,1.75,1.685,1.75,1.75,719,1.75,1.685,1.685,719,0.0,1.0
2022-08-25 00:00:00,1.75,1.75,1.75,1.75,1.75,122,1.75,1.75,1.75,122,0.0,1.0
2022-08-26 00:00:00,1.8,1.803,1.8,1.803,1.803,222,1.803,1.8,1.8,222,0.0,1.0
2022-08-29 00:00:00,1.803,1.803,1.803,1.803,1.803,222,1.803,1.803,1.803,222,0.0,1.0
2022-08-30 00:00:00,1.95,2.01,1.95,2.005,2.005,527,2.01,1.95,1.95,527,0.0,1.0
2022-08-31 00:00:00,2.005,2.005,2.005,2.005,2.005,0,2.005,2.005,2.005,0,0.0,1.0
2022-09-01 00:00:00,2.0,2.02,2.0,2.0,2.0,4105,2.02,2.0,2.0,4105,0.0,1.0
2022-09-02 00:00:00,2.0,2.0,2.0,2.0,2.0,133,2.0,2.0,2.0,133,0.0,1.0
2022-09-06 00:00:00,2.0,2.0,2.0,2.0,2.0,0,2.0,2.0,2.0,0,0.0,1.0
2022-09-07 00:00:00,2.0,2.0,2.0,2.0,2.0,0,2.0,2.0,2.0,0,0.0,1.0
2022-09-08 00:00:00,2.0,2.0,2.0,2.0,2.0,0,2.0,2.0,2.0,0,0.0,1.0
2022-09-09 00:00:00,1.8,1.8,1.8,1.8,1.8,800,1.8,1.8,1.8,800,0.0,1.0
2022-09-12 00:00:00,2.0,2.0,2.0,2.0,2.0,500,2.0,2.0,2.0,500,0.0,1.0
2022-09-13 00:00:00,2.0,2.0,2.0,2.0,2.0,60,2.0,2.0,2.0,60,0.0,1.0
2022-09-14 00:00:00,1.8,1.8,1.8,1.8,1.8,1361,1.8,1.8,1.8,1361,0.0,1.0
2022-09-15 00:00:00,1.8,1.8,1.8,1.8,1.8,25,1.8,1.8,1.8,25,0.0,1.0
2022-09-16 00:00:00,1.99,1.99,1.99,1.99,1.99,550,1.99,1.99,1.99,550,0.0,1.0
2022-09-19 00:00:00,1.8,1.8,1.8,1.8,1.8,310,1.8,1.8,1.8,310,0.0,1.0
2022-09-20 00:00:00,1.8,1.8,1.8,1.8,1.8,10000,1.8,1.8,1.8,10000,0.0,1.0
2022-09-21 00:00:00,1.8,1.8,1.8,1.8,1.8,30,1.8,1.8,1.8,30,0.0,1.0
2022-09-22 00:00:00,1.96,1.96,1.96,1.96,1.96,110,1.96,1.96,1.96,110,0.0,1.0
2022-09-23 00:00:00,1.75,1.75,1.65,1.7,1.7,6711,1.75,1.65,1.75,6711,0.0,1.0
2022-09-26 00:00:00,1.6,1.7,1.6,1.7,1.7,13723,1.7,1.6,1.6,13723,0.0,1.0
2022-09-27 00:00:00,1.7,1.717,1.7,1.7,1.7,1560,1.717,1.7,1.7,1560,0.0,1.0
2022-09-28 00:00:00,1.7,1.7,1.7,1.7,1.7,1,1.7,1.7,1.7,1,0.0,1.0
2022-09-29 00:00:00,1.7001,1.7001,1.7,1.7,1.7,1159,1.7001,1.7,1.7001,1159,0.0,1.0
2022-09-30 00:00:00,1.7,1.7,1.7,1.7,1.7,25050,1.7,1.7,1.7,25050,0.0,1.0
2022-10-03 00:00:00,1.7,1.7,1.7,1.7,1.7,0,1.7,1.7,1.7,0,0.0,1.0
2022-10-04 00:00:00,1.6,1.69,1.6,1.6,1.6,25821,1.69,1.6,1.6,25821,0.0,1.0
2022-10-05 00:00:00,1.6,1.6,1.4,1.6,1.6,22310,1.6,1.4,1.6,22310,0.0,1.0
2022-10-06 00:00:00,1.54,1.7,1.5,1.7,1.7,13073,1.7,1.5,1.54,13073,0.0,1.0
2022-10-07 00:00:00,1.5,1.5,1.5,1.5,1.5,5691,1.5,1.5,1.5,5691,0.0,1.0
2022-10-10 00:00:00,1.5,1.5,1.5,1.5,1.5,0,1.5,1.5,1.5,0,0.0,1.0
2022-10-11 00:00:00,1.5,1.5,1.5,1.5,1.5,1147,1.5,1.5,1.5,1147,0.0,1.0
2022-10-12 00:00:00,1.65,1.65,1.65,1.65,1.65,135,1.65,1.65,1.65,135,0.0,1.0
2022-10-13 00:00:00,1.65,1.65,1.65,1.65,1.65,4,1.65,1.65,1.65,4,0.0,1.0
2022-10-14 00:00:00,1.65,1.65,1.65,1.65,1.65,425,1.65,1.65,1.65,425,0.0,1.0
2022-10-17 00:00:00,1.65,1.94,1.65,1.94,1.94,750,1.94,1.65,1.65,750,0.0,1.0
2022-10-18 00:00:00,1.79,1.79,1.75,1.75,1.75,851,1.79,1.75,1.79,851,0.0,1.0
2022-10-19 00:00:00,1.75,1.95,1.75,1.95,1.95,900,1.95,1.75,1.75,900,0.0,1.0
2022-10-20 00:00:00,1.95,1.95,1.92,1.95,1.95,655,1.95,1.92,1.95,655,0.0,1.0
2022-10-21 00:00:00,1.8,1.8,1.8,1.8,1.8,117,1.8,1.8,1.8,117,0.0,1.0
2022-10-24 00:00:00,1.818,1.818,1.75,1.7501,1.7501,2411,1.818,1.75,1.818,2411,0.0,1.0
2022-10-25 00:00:00,1.75,1.85,1.75,1.82,1.82,790,1.85,1.75,1.75,790,0.0,1.0
2022-10-26 00:00:00,1.82,1.82,1.82,1.82,1.82,2,1.82,1.82,1.82,2,0.0,1.0
2022-10-27 00:00:00,2.0,2.0,2.0,2.0,2.0,619,2.0,2.0,2.0,619,0.0,1.0
2022-10-28 00:00:00,2.0,2.0,2.0,2.0,2.0,1534,2.0,2.0,2.0,1534,0.0,1.0
2022-10-31 00:00:00,1.75,2.0,1.75,2.0,2.0,1843,2.0,1.75,1.75,1843,0.0,1.0
2022-11-01 00:00:00,2.0,2.0,2.0,2.0,2.0,0,2.0,2.0,2.0,0,0.0,1.0
2022-11-02 00:00:00,2.0,2.0,2.0,2.0,2.0,0,2.0,2.0,2.0,0,0.0,1.0
2022-11-03 00:00:00,2.0,2.0,2.0,2.0,2.0,4,2.0,2.0,2.0,4,0.0,1.0
2022-11-04 00:00:00,2.0,2.0,2.0,2.0,2.0,5,2.0,2.0,2.0,5,0.0,1.0
2022-11-07 00:00:00,2.0,2.0,2.0,2.0,2.0,50,2.0,2.0,2.0,50,0.0,1.0
2022-11-08 00:00:00,1.9375,1.9375,1.9375,1.9375,1.9375,140,1.9375,1.9375,1.9375,140,0.0,1.0
2022-11-09 00:00:00,1.9375,1.9375,1.9375,1.9375,1.9375,1,1.9375,1.9375,1.9375,1,0.0,1.0
2022-11-10 00:00:00,1.9375,1.9375,1.9375,1.9375,1.9375,0,1.9375,1.9375,1.9375,0,0.0,1.0
2022-11-11 00:00:00,1.75,1.75,1.75,1.75,1.75,159,1.75,1.75,1.75,159,0.0,1.0
2022-11-14 00:00:00,1.75,1.75,1.75,1.75,1.75,11,1.75,1.75,1.75,11,0.0,1.0
2022-11-15 00:00:00,1.75,3.06,1.75,2.95,2.95,63728,3.06,1.75,1.75,63728,0.0,1.0
2022-11-16 00:00:00,2.95,3.0,2.65,3.0,3.0,8242,3.0,2.65,2.95,8242,0.0,1.0
2022-11-17 00:00:00,3.1,3.1,2.75,2.75,2.75,6666,3.1,2.75,3.1,6666,0.0,1.0
2022-11-18 00:00:00,2.9375,3.0,2.9375,3.0,3.0,5547,3.0,2.9375,2.9375,5547,0.0,1.0
2022-11-21 00:00:00,3.0,3.05,3.0,3.0,3.0,5619,3.05,3.0,3.0,5619,0.0,1.0
2022-11-22 00:00:00,2.75,3.03,2.75,3.0,3.0,14800,3.03,2.75,2.75,14800,0.0,1.0
2022-11-23 00:00:00,3.0,3.08,3.0,3.05,3.05,6620,3.08,3.0,3.0,6620,0.0,1.0
2022-11-25 00:00:00,2.75,2.75,2.75,2.75,2.75,151,2.75,2.75,2.75,151,0.0,1.0
2022-11-28 00:00:00,2.75,3.025,2.75,2.95,2.95,15336,3.025,2.75,2.75,15336,0.0,1.0
2022-11-29 00:00:00,2.95,3.0,2.95,3.0,3.0,6471,3.0,2.95,2.95,6471,0.0,1.0
2022-11-30 00:00:00,3.0,3.0,3.0,3.0,3.0,214,3.0,3.0,3.0,214,0.0,1.0
2022-12-01 00:00:00,3.0,3.0,3.0,3.0,3.0,3100,3.0,3.0,3.0,3100,0.0,1.0
2022-12-02 00:00:00,3.0,3.08,3.0,3.08,3.08,5980,3.08,3.0,3.0,5980,0.0,1.0
2022-12-05 00:00:00,3.09,3.5,3.0591,3.48,3.48,9361,3.5,3.0591,3.09,9361,0.0,1.0
2022-12-06 00:00:00,3.45,3.45,3.45,3.45,3.45,805,3.45,3.45,3.45,805,0.0,1.0
2022-12-07 00:00:00,3.4,3.4,3.4,3.4,3.4,100,3.4,3.4,3.4,100,0.0,1.0
2022-12-08 00:00:00,3.4,3.4,3.4,3.4,3.4,40,3.4,3.4,3.4,40,0.0,1.0
2022-12-09 00:00:00,3.0,3.4,3.0,3.4,3.4,400,3.4,3.0,3.0,400,0.0,1.0
2022-12-12 00:00:00,3.45,3.45,3.45,3.45,3.45,279,3.45,3.45,3.45,279,0.0,1.0
2022-12-13 00:00:00,3.45,3.45,3.45,3.45,3.45,0,3.45,3.45,3.45,0,0.0,1.0
2022-12-14 00:00:00,3.45,3.45,3.45,3.45,3.45,0,3.45,3.45,3.45,0,0.0,1.0
2022-12-15 00:00:00,2.985,2.985,2.985,2.985,2.985,100,2.985,2.985,2.985,100,0.0,1.0
2022-12-16 00:00:00,3.39,3.39,3.39,3.39,3.39,100,3.39,3.39,3.39,100,0.0,1.0
2022-12-19 00:00:00,3.0,3.0,3.0,3.0,3.0,1009,3.0,3.0,3.0,1009,0.0,1.0
2022-12-20 00:00:00,2.95,2.95,2.95,2.95,2.95,1000,2.95,2.95,2.95,1000,0.0,1.0
2022-12-21 00:00:00,2.92,2.92,2.92,2.92,2.92,1559,2.92,2.92,2.92,1559,0.0,1.0
2022-12-22 00:00:00,2.92,2.92,2.92,2.92,2.92,0,2.92,2.92,2.92,0,0.0,1.0
2022-12-23 00:00:00,2.976,3.01,2.92,2.92,2.92,1750,3.01,2.92,2.976,1750,0.0,1.0
2022-12-27 00:00:00,2.75,2.75,2.1001,2.75,2.75,1360,2.75,2.1001,2.75,1360,0.0,1.0
2022-12-28 00:00:00,2.75,2.75,2.75,2.75,2.75,0,2.75,2.75,2.75,0,0.0,1.0
2022-12-29 00:00:00,2.75,2.75,2.75,2.75,2.75,0,2.75,2.75,2.75,0,0.0,1.0
2022-12-30 00:00:00,2.35,3.0,2.1625,3.0,3.0,3180,3.0,2.1625,2.35,3180,0.0,1.0
2023-01-03 00:00:00,3.0,3.0125,3.0,3.0125,3.0125,678,3.0125,3.0,3.0,678,0.0,1.0
2023-01-04 00:00:00,3.0125,3.0125,3.0125,3.0125,3.0125,0,3.0125,3.0125,3.0125,0,0.0,1.0
2023-01-05 00:00:00,3.0,3.0,3.0,3.0,3.0,5000,3.0,3.0,3.0,5000,0.0,1.0
2023-01-06 00:00:00,2.9375,3.0,2.9375,3.0,3.0,2412,3.0,2.9375,2.9375,2412,0.0,1.0
2023-01-09 00:00:00,3.01,3.01,3.01,3.01,3.01,130,3.01,3.01,3.01,130,0.0,1.0
2023-01-10 00:00:00,3.0075,3.025,3.0,3.0,3.0,8360,3.025,3.0,3.0075,8360,0.0,1.0
2023-01-11 00:00:00,3.0,3.0,3.0,3.0,3.0,500,3.0,3.0,3.0,500,0.0,1.0
2023-01-12 00:00:00,2.75,3.05,2.15,3.05,3.05,1130,3.05,2.15,2.75,1130,0.0,1.0
2023-01-13 00:00:00,3.05,3.05,3.05,3.05,3.05,15,3.05,3.05,3.05,15,0.0,1.0
2023-01-17 00:00:00,3.04,3.04,3.04,3.04,3.04,140,3.04,3.04,3.04,140,0.0,1.0
2023-01-18 00:00:00,3.04,3.04,3.04,3.04,3.04,26,3.04,3.04,3.04,26,0.0,1.0
2023-01-19 00:00:00,3.0,3.0,3.0,3.0,3.0,301,3.0,3.0,3.0,301,0.0,1.0
2023-01-20 00:00:00,3.0,3.0,3.0,3.0,3.0,62,3.0,3.0,3.0,62,0.0,1.0
2023-01-23 00:00:00,2.95,3.05,2.35,3.05,3.05,1216,3.05,2.35,2.95,1216,0.0,1.0
2023-01-24 00:00:00,2.46,3.04,2.46,3.0,3.0,901,3.04,2.46,2.46,901,0.0,1.0
2023-01-25 00:00:00,2.81,3.05,2.51,3.05,3.05,3906,3.05,2.51,2.81,3906,0.0,1.0
2023-01-26 00:00:00,3.0,3.0,2.92,2.92,2.92,560,3.0,2.92,3.0,560,0.0,1.0
2023-01-27 00:00:00,3.04,3.04,3.0,3.0,3.0,6250,3.04,3.0,3.04,6250,0.0,1.0
2023-01-30 00:00:00,2.8,3.0,2.8,2.8,2.8,1842,3.0,2.8,2.8,1842,0.0,1.0
2023-01-31 00:00:00,3.0,3.0,3.0,3.0,3.0,220,3.0,3.0,3.0,220,0.0,1.0
2023-02-01 00:00:00,2.76,2.99,2.75,2.99,2.99,1510,2.99,2.75,2.76,1510,0.0,1.0
2023-02-02 00:00:00,2.75,3.0,2.75,3.0,3.0,600,3.0,2.75,2.75,600,0.0,1.0
2023-02-03 00:00:00,2.75,3.0,2.75,3.0,3.0,767,3.0,2.75,2.75,767,0.0,1.0
2023-02-06 00:00:00,2.76,2.99,2.75,2.99,2.99,659,2.99,2.75,2.76,659,0.0,1.0
2023-02-07 00:00:00,2.75,3.0,2.75,3.0,3.0,1750,3.0,2.75,2.75,1750,0.0,1.0
2023-02-08 00:00:00,2.75,3.04,2.75,3.04,3.04,600,3.04,2.75,2.75,600,0.0,1.0
2023-02-09 00:00:00,2.75,2.99,2.75,2.99,2.99,1156,2.99,2.75,2.75,1156,0.0,1.0
2023-02-10 00:00:00,2.75,2.75,2.75,2.75,2.75,1000,2.75,2.75,2.75,1000,0.0,1.0
2023-02-13 00:00:00,2.75,2.75,2.75,2.75,2.75,159,2.75,2.75,2.75,159,0.0,1.0
2023-02-14 00:00:00,2.9,2.9,2.9,2.9,2.9,2200,2.9,2.9,2.9,2200,0.0,1.0
2023-02-15 00:00:00,2.6,2.9,2.5,2.9,2.9,1055,2.9,2.5,2.6,1055,0.0,1.0
2023-02-16 00:00:00,2.5,2.9,2.5,2.9,2.9,4399,2.9,2.5,2.5,4399,0.0,1.0
2023-02-17 00:00:00,2.56,2.96,2.55,2.96,2.96,859,2.96,2.55,2.56,859,0.0,1.0
2023-02-21 00:00:00,2.6,2.95,2.56,2.9,2.9,770,2.95,2.56,2.6,770,0.0,1.0
2023-02-22 00:00:00,2.69,2.89,2.69,2.89,2.89,1373,2.89,2.69,2.69,1373,0.0,1.0
2023-02-23 00:00:00,2.705,2.705,2.44,2.69,2.69,963,2.705,2.44,2.705,963,0.0,1.0
2023-02-24 00:00:00,2.69,2.69,2.69,2.69,2.69,0,2.69,2.69,2.69,0,0.0,1.0
2023-02-27 00:00:00,2.69,2.69,2.69,2.69,2.69,0,2.69,2.69,2.69,0,0.0,1.0
2023-02-28 00:00:00,2.59,2.88,2.45,2.88,2.88,700,2.88,2.45,2.59,700,0.0,1.0
2023-03-01 00:00:00,2.88,2.88,2.88,2.88,2.88,0,2.88,2.88,2.88,0,0.0,1.0
2023-03-02 00:00:00,2.88,2.88,2.88,2.88,2.88,100,2.88,2.88,2.88,100,0.0,1.0
2023-03-03 00:00:00,2.88,2.88,2.88,2.88,2.88,100,2.88,2.88,2.88,100,0.0,1.0
2023-03-06 00:00:00,2.5,2.89,2.4,2.88,2.88,2791,2.89,2.4,2.5,2791,0.0,1.0
2023-03-07 00:00:00,2.89,2.89,2.89,2.89,2.89,100,2.89,2.89,2.89,100,0.0,1.0
2023-03-08 00:00:00,2.6,2.8,2.6,2.8,2.8,506,2.8,2.6,2.6,506,0.0,1.0
2023-03-09 00:00:00,2.8,2.8,2.8,2.8,2.8,4,2.8,2.8,2.8,4,0.0,1.0
2023-03-10 00:00:00,2.8,2.8,2.51,2.51,2.51,359,2.8,2.51,2.8,359,0.0,1.0
2023-03-13 00:00:00,2.75,2.75,2.7,2.7,2.7,3510,2.75,2.7,2.75,3510,0.0,1.0
2023-03-14 00:00:00,2.7,2.7,2.7,2.7,2.7,35,2.7,2.7,2.7,35,0.0,1.0
2023-03-15 00:00:00,2.55,2.7,2.55,2.7,2.7,950,2.7,2.55,2.55,950,0.0,1.0
2023-03-16 00:00:00,2.55,2.88,2.25,2.25,2.25,4360,2.88,2.25,2.55,4360,0.0,1.0
2023-03-17 00:00:00,2.5,2.5,2.25,2.25,2.25,2960,2.5,2.25,2.5,2960,0.0,1.0
2023-03-20 00:00:00,2.55,2.65,2.45,2.65,2.65,813,2.65,2.45,2.55,813,0.0,1.0
2023-03-21 00:00:00,2.65,2.7125,2.65,2.7,2.7,1900,2.7125,2.65,2.65,1900,0.0,1.0
2023-03-22 00:00:00,2.75,2.99,2.75,2.99,2.99,1204,2.99,2.75,2.75,1204,0.0,1.0
2023-03-23 00:00:00,2.75,2.85,2.75,2.85,2.85,8674,2.85,2.75,2.75,8674,0.0,1.0
2023-03-24 00:00:00,2.6,2.89,2.6,2.89,2.89,2585,2.89,2.6,2.6,2585,0.0,1.0
2023-03-27 00:00:00,2.85,2.85,2.85,2.85,2.85,10000,2.85,2.85,2.85,10000,0.0,1.0
2023-03-28 00:00:00,2.65,2.86,2.65,2.86,2.86,600,2.86,2.65,2.65,600,0.0,1.0
2023-03-29 00:00:00,2.65,2.8,2.65,2.8,2.8,1391,2.8,2.65,2.65,1391,0.0,1.0
2023-03-30 00:00:00,2.7,2.9,2.7,2.7,2.7,2100,2.9,2.7,2.7,2100,0.0,1.0
2023-03-31 00:00:00,2.7,2.75,2.55,2.55,2.55,3275,2.75,2.55,2.7,3275,0.0,1.0
2023-04-03 00:00:00,3.0,3.4,2.9,3.25,3.25,52032,3.4,2.9,3.0,52032,0.0,1.0
2023-04-04 00:00:00,3.25,3.3,3.0,3.0,3.0,55409,3.3,3.0,3.25,55409,0.0,1.0
2023-04-05 00:00:00,3.1,3.1,3.0,3.03,3.03,4493,3.1,3.0,3.1,4493,0.0,1.0
2023-04-06 00:00:00,3.05,3.07,3.0,3.05,3.05,2362,3.07,3.0,3.05,2362,0.0,1.0
2023-04-10 00:00:00,3.05,3.1,3.05,3.1,3.1,7673,3.1,3.05,3.05,7673,0.0,1.0
2023-04-11 00:00:00,3.115,3.115,2.91,2.91,2.91,5465,3.115,2.91,3.115,5465,0.0,1.0
2023-04-12 00:00:00,3.0,3.0401,3.0,3.0,3.0,3470,3.0401,3.0,3.0,3470,0.0,1.0
2023-04-13 00:00:00,3.0,3.03,2.9,2.9,2.9,10952,3.03,2.9,3.0,10952,0.0,1.0
2023-04-14 00:00:00,3.0,3.0,2.9,2.9,2.9,5825,3.0,2.9,3.0,5825,0.0,1.0
2023-04-17 00:00:00,2.9,2.9,2.9,2.9,2.9,38,2.9,2.9,2.9,38,0.0,1.0
2023-04-18 00:00:00,2.929,2.99,2.9,2.99,2.99,9934,2.99,2.9,2.929,9934,0.0,1.0
2023-04-19 00:00:00,2.99,2.99,2.95,2.95,2.95,4868,2.99,2.95,2.99,4868,0.0,1.0
2023-04-20 00:00:00,3.0,3.0,3.0,3.0,3.0,1000,3.0,3.0,3.0,1000,0.0,1.0
2023-04-21 00:00:00,3.0,3.0,2.95,2.95,2.95,5288,3.0,2.95,3.0,5288,0.0,1.0
2023-04-24 00:00:00,2.95,2.95,2.95,2.95,2.95,2,2.95,2.95,2.95,2,0.0,1.0
2023-04-25 00:00:00,3.0,3.2,2.99,2.99,2.99,4168,3.2,2.99,3.0,4168,0.0,1.0
2023-04-26 00:00:00,2.95,2.95,2.95,2.95,2.95,43869,2.95,2.95,2.95,43869,0.0,1.0
2023-04-27 00:00:00,2.95,2.95,2.95,2.95,2.95,6351,2.95,2.95,2.95,6351,0.0,1.0
2023-04-28 00:00:00,2.95,2.95,2.95,2.95,2.95,150,2.95,2.95,2.95,150,0.0,1.0
2023-05-01 00:00:00,2.9,2.9,2.9,2.9,2.9,1251,2.9,2.9,2.9,1251,0.0,1.0
2023-05-02 00:00:00,2.95,2.95,2.925,2.95,2.95,1869,2.95,2.925,2.95,1869,0.0,1.0
2023-05-03 00:00:00,2.95,2.95,2.9,2.9,2.9,400,2.95,2.9,2.95,400,0.0,1.0
2023-05-04 00:00:00,2.925,2.95,2.925,2.95,2.95,200,2.95,2.925,2.925,200,0.0,1.0
2023-05-05 00:00:00,2.95,2.95,2.95,2.95,2.95,160,2.95,2.95,2.95,160,0.0,1.0
2023-05-08 00:00:00,2.95,2.95,2.95,2.95,2.95,182,2.95,2.95,2.95,182,0.0,1.0
2023-05-09 00:00:00,2.9,2.9,2.85,2.9,2.9,4485,2.9,2.85,2.9,4485,0.0,1.0
2023-05-10 00:00:00,2.85,2.85,2.85,2.85,2.85,4846,2.85,2.85,2.85,4846,0.0,1.0
2023-05-11 00:00:00,2.85,2.9,2.85,2.9,2.9,13313,2.9,2.85,2.85,13313,0.0,1.0
2023-05-12 00:00:00,2.95,3.0,2.95,3.0,3.0,1343,3.0,2.95,2.95,1343,0.0,1.0
2023-05-15 00:00:00,2.95,3.0,2.95,3.0,3.0,4238,3.0,2.95,2.95,4238,0.0,1.0
2023-05-16 00:00:00,2.9,2.95,2.9,2.9,2.9,1893,2.95,2.9,2.9,1893,0.0,1.0
2023-05-17 00:00:00,2.9,2.9,2.9,2.9,2.9,113,2.9,2.9,2.9,113,0.0,1.0
2023-05-18 00:00:00,2.95,2.95,2.9,2.9,2.9,320,2.95,2.9,2.95,320,0.0,1.0
2023-05-19 00:00:00,2.9125,2.95,2.9,2.9,2.9,2223,2.95,2.9,2.9125,2223,0.0,1.0
2023-05-22 00:00:00,2.95,3.0,2.925,2.95,2.95,1365,3.0,2.925,2.95,1365,0.0,1.0
2023-05-23 00:00:00,3.0,3.2,2.8,3.2,3.2,5631,3.2,2.8,3.0,5631,0.0,1.0
2023-05-24 00:00:00,2.95,3.0,2.85,2.85,2.85,9662,3.0,2.85,2.95,9662,0.0,1.0
2023-05-25 00:00:00,2.85,2.85,2.85,2.85,2.85,0,2.85,2.85,2.85,0,0.0,1.0
2023-05-26 00:00:00,2.85,2.9,2.825,2.9,2.9,2666,2.9,2.825,2.85,2666,0.0,1.0
2023-05-30 00:00:00,2.9,2.9,2.9,2.9,2.9,83,2.9,2.9,2.9,83,0.0,1.0
2023-05-31 00:00:00,2.85,2.85,2.85,2.85,2.85,1603,2.85,2.85,2.85,1603,0.0,1.0
2023-06-01 00:00:00,2.9,2.9,2.85,2.9,2.9,4074,2.9,2.85,2.9,4074,0.0,1.0
2023-06-02 00:00:00,2.9,2.9,2.9,2.9,2.9,12,2.9,2.9,2.9,12,0.0,1.0
2023-06-05 00:00:00,2.9,2.9,2.9,2.9,2.9,0,2.9,2.9,2.9,0,0.0,1.0
2023-06-06 00:00:00,2.8,2.8,2.4,2.625,2.625,11339,2.8,2.4,2.8,11339,0.0,1.0
2023-06-07 00:00:00,2.5,2.5,2.4,2.425,2.425,3270,2.5,2.4,2.5,3270,0.0,1.0
2023-06-08 00:00:00,2.5,2.54,2.5,2.5,2.5,1403,2.54,2.5,2.5,1403,0.0,1.0
2023-06-09 00:00:00,2.5,2.63,2.3,2.3,2.3,13201,2.63,2.3,2.5,13201,0.0,1.0
2023-06-12 00:00:00,2.35,2.35,2.285,2.3,2.3,6116,2.35,2.285,2.35,6116,0.0,1.0
2023-06-13 00:00:00,2.3,2.3,2.3,2.3,2.3,0,2.3,2.3,2.3,0,0.0,1.0
2023-06-14 00:00:00,2.3,2.3,2.3,2.3,2.3,3,2.3,2.3,2.3,3,0.0,1.0
2023-06-15 00:00:00,2.36,2.36,2.35,2.35,2.35,1533,2.36,2.35,2.36,1533,0.0,1.0
2023-06-16 00:00:00,2.3,2.35,2.3,2.31,2.31,8178,2.35,2.3,2.3,8178,0.0,1.0
2023-06-20 00:00:00,2.4,2.4,2.4,2.4,2.4,160,2.4,2.4,2.4,160,0.0,1.0
2023-06-21 00:00:00,2.4,2.4,2.3,2.3,2.3,320,2.4,2.3,2.4,320,0.0,1.0
2023-06-22 00:00:00,2.3,2.3,2.3,2.3,2.3,16,2.3,2.3,2.3,16,0.0,1.0
2023-06-23 00:00:00,2.5,2.5,2.5,2.5,2.5,148,2.5,2.5,2.5,148,0.0,1.0
2023-06-26 00:00:00,2.5,2.5,2.5,2.5,2.5,45,2.5,2.5,2.5,45,0.0,1.0
2023-06-27 00:00:00,2.44,2.5,2.44,2.5,2.5,920,2.5,2.44,2.44,920,0.0,1.0
2023-06-28 00:00:00,2.5,2.5,2.5,2.5,2.5,282,2.5,2.5,2.5,282,0.0,1.0
2023-06-29 00:00:00,2.5,2.5,2.5,2.5,2.5,17,2.5,2.5,2.5,17,0.0,1.0
2023-06-30 00:00:00,2.7,2.8,2.7,2.8,2.8,8885,2.8,2.7,2.7,8885,0.0,1.0
2023-07-03 00:00:00,2.76,2.76,2.7,2.7,2.7,6983,2.76,2.7,2.76,6983,0.0,1.0
2023-07-05 00:00:00,2.65,2.65,2.65,2.65,2.65,2000,2.65,2.65,2.65,2000,0.0,1.0
2023-07-06 00:00:00,2.65,2.65,2.65,2.65,2.65,50,2.65,2.65,2.65,50,0.0,1.0
2023-07-07 00:00:00,2.75,2.92,2.75,2.92,2.92,3609,2.92,2.75,2.75,3609,0.0,1.0
2023-07-10 00:00:00,2.9,2.93,2.9,2.9,2.9,3530,2.93,2.9,2.9,3530,0.0,1.0
2023-07-11 00:00:00,2.9,2.9,2.9,2.9,2.9,51,2.9,2.9,2.9,51,0.0,1.0
2023-07-12 00:00:00,3.02,3.19,3.02,3.02,3.02,1950,3.19,3.02,3.02,1950,0.0,1.0
2023-07-13 00:00:00,3.01,3.01,3.01,3.01,3.01,125,3.01,3.01,3.01,125,0.0,1.0
2023-07-14 00:00:00,3.0,3.05,3.0,3.05,3.05,2655,3.05,3.0,3.0,2655,0.0,1.0
2023-07-17 00:00:00,3.13,3.13,3.1,3.1,3.1,1141,3.13,3.1,3.13,1141,0.0,1.0
2023-07-18 00:00:00,3.1,3.1,3.1,3.1,3.1,22000,3.1,3.1,3.1,22000,0.0,1.0
2023-07-19 00:00:00,3.1,3.1,3.1,3.1,3.1,726,3.1,3.1,3.1,726,0.0,1.0
2023-07-20 00:00:00,3.15,3.15,3.14,3.15,3.15,16041,3.15,3.14,3.15,16041,0.0,1.0
2023-07-21 00:00:00,3.15,3.15,3.15,3.15,3.15,4789,3.15,3.15,3.15,4789,0.0,1.0
2023-07-24 00:00:00,3.15,3.15,3.15,3.15,3.15,5116,3.15,3.15,3.15,5116,0.0,1.0
2023-07-25 00:00:00,3.15,3.15,2.9,2.9,2.9,2266,3.15,2.9,3.15,2266,0.0,1.0
2023-07-26 00:00:00,2.8,2.8,2.8,2.8,2.8,361,2.8,2.8,2.8,361,0.0,1.0
2023-07-27 00:00:00,2.8,2.8,2.6,2.6,2.6,2900,2.8,2.6,2.8,2900,0.0,1.0
2023-07-28 00:00:00,2.59,2.59,2.4,2.4,2.4,2384,2.59,2.4,2.59,2384,0.0,1.0
2023-07-31 00:00:00,2.4,2.75,2.4,2.6,2.6,24816,2.75,2.4,2.4,24816,0.0,1.0
2023-08-01 00:00:00,2.25,2.6,2.25,2.55,2.55,11452,2.6,2.25,2.25,11452,0.0,1.0
2023-08-02 00:00:00,2.55,2.55,2.55,2.55,2.55,0,2.55,2.55,2.55,0,0.0,1.0
2023-08-03 00:00:00,2.55,2.55,2.5,2.5,2.5,5000,2.55,2.5,2.55,5000,0.0,1.0
2023-08-04 00:00:00,2.5,2.5,2.4,2.4,2.4,4685,2.5,2.4,2.5,4685,0.0,1.0
2023-08-07 00:00:00,2.45,2.45,2.45,2.45,2.45,5000,2.45,2.45,2.45,5000,0.0,1.0
2023-08-08 00:00:00,2.45,2.5,2.41,2.41,2.41,7500,2.5,2.41,2.45,7500,0.0,1.0
2023-08-09 00:00:00,2.6,3.005,2.6,3.0,3.0,9200,3.005,2.6,2.6,9200,0.0,1.0
2023-08-10 00:00:00,3.0,3.0719,2.42,3.0691,3.0691,23158,3.0719,2.42,3.0,23158,0.0,1.0
2023-08-11 00:00:00,3.0,3.0101,3.0,3.0,3.0,23808,3.0101,3.0,3.0,23808,0.0,1.0
2023-08-14 00:00:00,2.8,2.8,2.75,2.75,2.75,7030,2.8,2.75,2.8,7030,0.0,1.0
2023-08-15 00:00:00,3.01,3.01,2.69,2.86,2.86,27251,3.01,2.69,3.01,27251,0.0,1.0
2023-08-16 00:00:00,2.83,3.05,2.77,3.05,3.05,26110,3.05,2.77,2.83,26110,0.0,1.0
2023-08-17 00:00:00,3.0,3.0,3.0,3.0,3.0,9025,3.0,3.0,3.0,9025,0.0,1.0
2023-08-18 00:00:00,3.0,3.05,3.0,3.05,3.05,4100,3.05,3.0,3.0,4100,0.0,1.0
2023-08-21 00:00:00,3.05,3.05,3.0,3.03,3.03,10380,3.05,3.0,3.05,10380,0.0,1.0
2023-08-22 00:00:00,3.0,3.03,3.0,3.03,3.03,2590,3.03,3.0,3.0,2590,0.0,1.0
2023-08-23 00:00:00,3.0,3.03,3.0,3.03,3.03,3140,3.03,3.0,3.0,3140,0.0,1.0
2023-08-24 00:00:00,3.0,3.03,3.0,3.03,3.03,19600,3.03,3.0,3.0,19600,0.0,1.0
2023-08-25 00:00:00,3.0,3.002,2.95,2.95,2.95,25420,3.002,2.95,3.0,25420,0.0,1.0
2023-08-28 00:00:00,3.0,3.01,3.0,3.01,3.01,30100,3.01,3.0,3.0,30100,0.0,1.0
2023-08-29 00:00:00,3.0,3.05,3.0,3.05,3.05,88239,3.05,3.0,3.0,88239,0.0,1.0
2023-08-30 00:00:00,3.0,3.04,3.0,3.04,3.04,40186,3.04,3.0,3.0,40186,0.0,1.0
2023-08-31 00:00:00,3.0,3.05,3.0,3.05,3.05,12612,3.05,3.0,3.0,12612,0.0,1.0
2023-09-01 00:00:00,3.05,3.05,3.0,3.0,3.0,21580,3.05,3.0,3.05,21580,0.0,1.0
2023-09-05 00:00:00,3.15,3.28,3.15,3.28,3.28,4000,3.28,3.15,3.15,4000,0.0,1.0
2023-09-06 00:00:00,3.28,3.55,3.28,3.4,3.4,7488,3.55,3.28,3.28,7488,0.0,1.0
2023-09-07 00:00:00,3.45,3.55,3.45,3.55,3.55,7828,3.55,3.45,3.45,7828,0.0,1.0
2023-09-08 00:00:00,3.55,3.55,3.2,3.3,3.3,68645,3.55,3.2,3.55,68645,0.0,1.0
2023-09-11 00:00:00,3.4,3.4,3.3,3.3,3.3,5446,3.4,3.3,3.4,5446,0.0,1.0
2023-09-12 00:00:00,3.3,3.3,3.14,3.3,3.3,825,3.3,3.14,3.3,825,0.0,1.0
2023-09-13 00:00:00,3.3,3.3,3.3,3.3,3.3,28,3.3,3.3,3.3,28,0.0,1.0
2023-09-14 00:00:00,3.15,3.25,3.15,3.25,3.25,5700,3.25,3.15,3.15,5700,0.0,1.0
2023-09-15 00:00:00,3.25,3.275,3.25,3.25,3.25,5001,3.275,3.25,3.25,5001,0.0,1.0
2023-09-18 00:00:00,3.3,3.3,3.3,3.3,3.3,5565,3.3,3.3,3.3,5565,0.0,1.0
2023-09-19 00:00:00,3.3,3.3,3.27,3.3,3.3,1320,3.3,3.27,3.3,1320,0.0,1.0
2023-09-20 00:00:00,3.1875,3.3,3.15,3.3,3.3,2145,3.3,3.15,3.1875,2145,0.0,1.0
2023-09-21 00:00:00,3.3,3.3,3.25,3.258,3.258,9336,3.3,3.25,3.3,9336,0.0,1.0
2023-09-22 00:00:00,3.27,3.27,3.25,3.25,3.25,3992,3.27,3.25,3.27,3992,0.0,1.0
2023-09-25 00:00:00,3.3,3.3,3.3,3.3,3.3,2278,3.3,3.3,3.3,2278,0.0,1.0
2023-09-26 00:00:00,3.25,3.3,3.25,3.25,3.25,9142,3.3,3.25,3.25,9142,0.0,1.0
2023-09-27 00:00:00,3.25,3.25,3.25,3.25,3.25,1000,3.25,3.25,3.25,1000,0.0,1.0
2023-09-28 00:00:00,3.25,3.275,3.25,3.275,3.275,660,3.275,3.25,3.25,660,0.0,1.0
2023-09-29 00:00:00,3.275,3.275,3.275,3.275,3.275,0,3.275,3.275,3.275,0,0.0,1.0
2023-10-02 00:00:00,3.275,3.275,3.275,3.275,3.275,0,3.275,3.275,3.275,0,0.0,1.0
2023-10-03 00:00:00,3.27,3.27,3.26,3.26,3.26,607,3.27,3.26,3.27,607,0.0,1.0
2023-10-04 00:00:00,3.26,3.26,3.26,3.26,3.26,1,3.26,3.26,3.26,1,0.0,1.0
2023-10-05 00:00:00,3.25,3.3,3.25,3.25,3.25,951,3.3,3.25,3.25,951,0.0,1.0
2023-10-06 00:00:00,3.25,3.25,3.25,3.25,3.25,3753,3.25,3.25,3.25,3753,0.0,1.0
2023-10-09 00:00:00,3.25,3.25,3.25,3.25,3.25,957,3.25,3.25,3.25,957,0.0,1.0
2023-10-10 00:00:00,3.25,3.25,3.25,3.25,3.25,5720,3.25,3.25,3.25,5720,0.0,1.0
2023-10-11 00:00:00,3.25,3.25,3.25,3.25,3.25,2680,3.25,3.25,3.25,2680,0.0,1.0
2023-10-12 00:00:00,3.25,3.25,3.14,3.14,3.14,25649,3.25,3.14,3.25,25649,0.0,1.0
2023-10-13 00:00:00,3.1,3.1,3.1,3.1,3.1,438,3.1,3.1,3.1,438,0.0,1.0
2023-10-16 00:00:00,3.0,3.0,3.0,3.0,3.0,700,3.0,3.0,3.0,700,0.0,1.0
2023-10-17 00:00:00,3.1,3.1,3.0,3.0,3.0,3000,3.1,3.0,3.1,3000,0.0,1.0
2023-10-18 00:00:00,3.07,3.07,3.0,3.0,3.0,516,3.07,3.0,3.07,516,0.0,1.0
2023-10-19 00:00:00,3.0,3.0,2.85,2.85,2.85,6400,3.0,2.85,3.0,6400,0.0,1.0
2023-10-20 00:00:00,2.87,2.9,2.85,2.85,2.85,9913,2.9,2.85,2.87,9913,0.0,1.0
2023-10-23 00:00:00,2.84,2.85,2.84,2.85,2.85,6245,2.85,2.84,2.84,6245,0.0,1.0
2023-10-24 00:00:00,2.85,2.85,2.85,2.85,2.85,0,2.85,2.85,2.85,0,0.0,1.0
2023-10-25 00:00:00,2.871,2.95,2.85,2.85,2.85,9702,2.95,2.85,2.871,9702,0.0,1.0
2023-10-26 00:00:00,2.85,2.95,2.85,2.85,2.85,8093,2.95,2.85,2.85,8093,0.0,1.0
2023-10-27 00:00:00,2.85,2.85,2.85,2.85,2.85,6696,2.85,2.85,2.85,6696,0.0,1.0
2023-10-30 00:00:00,2.85,2.85,2.85,2.85,2.85,0,2.85,2.85,2.85,0,0.0,1.0
2023-10-31 00:00:00,2.885,2.95,2.85,2.95,2.95,8509,2.95,2.85,2.885,8509,0.0,1.0
2023-11-01 00:00:00,2.85,2.85,2.85,2.85,2.85,17301,2.85,2.85,2.85,17301,0.0,1.0
2023-11-02 00:00:00,2.85,2.85,2.85,2.85,2.85,49,2.85,2.85,2.85,49,0.0,1.0
2023-11-03 00:00:00,2.8,2.85,2.65,2.85,2.85,17912,2.85,2.65,2.8,17912,0.0,1.0
2023-11-06 00:00:00,2.85,2.85,2.85,2.85,2.85,2394,2.85,2.85,2.85,2394,0.0,1.0
2023-11-07 00:00:00,2.85,2.85,2.85,2.85,2.85,0,2.85,2.85,2.85,0,0.0,1.0
2023-11-08 00:00:00,2.9,2.9,2.9,2.9,2.9,2892,2.9,2.9,2.9,2892,0.0,1.0
2023-11-09 00:00:00,2.9,2.9,2.9,2.9,2.9,0,2.9,2.9,2.9,0,0.0,1.0
2023-11-10 00:00:00,2.87,2.89,2.8,2.8,2.8,42534,2.89,2.8,2.87,42534,0.0,1.0
2023-11-13 00:00:00,2.6,2.6,2.6,2.6,2.6,1520,2.6,2.6,2.6,1520,0.0,1.0
2023-11-14 00:00:00,2.8,2.89,2.8,2.85,2.85,9093,2.89,2.8,2.8,9093,0.0,1.0
2023-11-15 00:00:00,2.87,2.87,2.75,2.85,2.85,1150,2.87,2.75,2.87,1150,0.0,1.0
2023-11-16 00:00:00,2.85,2.85,2.85,2.85,2.85,131,2.85,2.85,2.85,131,0.0,1.0
2023-11-17 00:00:00,2.81,2.81,2.79,2.79,2.79,351,2.81,2.79,2.81,351,0.0,1.0
2023-11-20 00:00:00,2.76,2.76,2.6,2.6,2.6,5508,2.76,2.6,2.76,5508,0.0,1.0
2023-11-21 00:00:00,2.79,2.79,2.6,2.6,2.6,5000,2.79,2.6,2.79,5000,0.0,1.0
2023-11-22 00:00:00,2.7,2.7,2.65,2.65,2.65,200,2.7,2.65,2.7,200,0.0,1.0
2023-11-24 00:00:00,2.62,2.6564,2.6,2.6564,2.6564,1710,2.6564,2.6,2.62,1710,0.0,1.0
2023-11-27 00:00:00,2.61,2.64,2.55,2.62,2.62,8920,2.64,2.55,2.61,8920,0.0,1.0
2023-11-28 00:00:00,2.63,2.6675,2.6265,2.64,2.64,1357,2.6675,2.6265,2.63,1357,0.0,1.0
2023-11-29 00:00:00,2.63,2.63,2.63,2.63,2.63,500,2.63,2.63,2.63,500,0.0,1.0
2023-11-30 00:00:00,2.63,2.8,2.58,2.8,2.8,4962,2.8,2.58,2.63,4962,0.0,1.0
2023-12-01 00:00:00,2.699,2.75,2.56,2.56,2.56,5650,2.75,2.56,2.699,5650,0.0,1.0
2023-12-04 00:00:00,2.55,2.75,2.4101,2.6,2.6,8380,2.75,2.4101,2.55,8380,0.0,1.0
2023-12-05 00:00:00,2.605,2.65,2.605,2.65,2.65,1000,2.65,2.605,2.605,1000,0.0,1.0
2023-12-06 00:00:00,2.46,2.46,2.35,2.4,2.4,39541,2.46,2.35,2.46,39541,0.0,1.0
2023-12-07 00:00:00,2.26,2.648,2.2,2.5,2.5,6717,2.648,2.2,2.26,6717,0.0,1.0
2023-12-08 00:00:00,2.5,2.5,2.2,2.2,2.2,13419,2.5,2.2,2.5,13419,0.0,1.0
2023-12-11 00:00:00,2.2,2.25,2.02,2.04,2.04,16786,2.25,2.02,2.2,16786,0.0,1.0
2023-12-12 00:00:00,2.04,2.04,2.04,2.04,2.04,140,2.04,2.04,2.04,140,0.0,1.0
2023-12-13 00:00:00,2.25,2.3,2.05,2.3,2.3,2659,2.3,2.05,2.25,2659,0.0,1.0
2023-12-14 00:00:00,2.15,2.3,2.15,2.3,2.3,3690,2.3,2.15,2.15,3690,0.0,1.0
2023-12-15 00:00:00,2.3,2.3,2.3,2.3,2.3,0,2.3,2.3,2.3,0,0.0,1.0
2023-12-18 00:00:00,2.3,2.3,2.25,2.25,2.25,46299,2.3,2.25,2.3,46299,0.0,1.0
2023-12-19 00:00:00,2.25,2.27,2.25,2.27,2.27,3327,2.27,2.25,2.25,3327,0.0,1.0
2023-12-20 00:00:00,2.27,2.27,2.27,2.27,2.27,0,2.27,2.27,2.27,0,0.0,1.0
2023-12-21 00:00:00,2.27,2.27,2.27,2.27,2.27,305,2.27,2.27,2.27,305,0.0,1.0
2023-12-22 00:00:00,2.27,2.27,2.27,2.27,2.27,18,2.27,2.27,2.27,18,0.0,1.0
2023-12-26 00:00:00,2.27,2.27,2.11,2.11,2.11,2500,2.27,2.11,2.27,2500,0.0,1.0
2023-12-27 00:00:00,2.11,2.11,2.06,2.09,2.09,2164,2.11,2.06,2.11,2164,0.0,1.0
2023-12-28 00:00:00,2.1,2.1,2.05,2.1,2.1,535,2.1,2.05,2.1,535,0.0,1.0
2023-12-29 00:00:00,2.1,2.23,1.97,2.05,2.05,10770,2.23,1.97,2.1,10770,0.0,1.0
2024-01-02 00:00:00,2.07,2.07,1.98,1.98,1.98,1900,2.07,1.98,2.07,1900,0.0,1.0
2024-01-03 00:00:00,1.99,1.99,1.98,1.98,1.98,6200,1.99,1.98,1.99,6200,0.0,1.0
2024-01-04 00:00:00,1.965,1.98,1.965,1.98,1.98,240,1.98,1.965,1.965,240,0.0,1.0
2024-01-05 00:00:00,1.99,1.99,1.99,1.99,1.99,155,1.99,1.99,1.99,155,0.0,1.0
2024-01-08 00:00:00,2.0,2.0,1.968,1.98,1.98,655,2.0,1.968,2.0,655,0.0,1.0
2024-01-09 00:00:00,2.0,2.0,2.0,2.0,2.0,241,2.0,2.0,2.0,241,0.0,1.0
2024-01-10 00:00:00,1.98,2.0,1.95,1.95,1.95,6787,2.0,1.95,1.98,6787,0.0,1.0
2024-01-11 00:00:00,2.0,2.0,1.98,1.99,1.99,6324,2.0,1.98,2.0,6324,0.0,1.0
2024-01-12 00:00:00,1.995,2.0,1.99,2.0,2.0,1122,2.0,1.99,1.995,1122,0.0,1.0
2024-01-16 00:00:00,1.99,1.99,1.8,1.85,1.85,5160,1.99,1.8,1.99,5160,0.0,1.0
2024-01-17 00:00:00,1.8,1.9,1.8,1.8,1.8,2259,1.9,1.8,1.8,2259,0.0,1.0
2024-01-18 00:00:00,1.85,1.85,1.7,1.85,1.85,8988,1.85,1.7,1.85,8988,0.0,1.0
2024-01-19 00:00:00,1.74,2.0,1.74,2.0,2.0,893,2.0,1.74,1.74,893,0.0,1.0
2024-01-22 00:00:00,1.8,1.95,1.773,1.8,1.8,3610,1.95,1.773,1.8,3610,0.0,1.0
2024-01-23 00:00:00,1.74,1.82,1.7,1.82,1.82,6063,1.82,1.7,1.74,6063,0.0,1.0
2024-01-24 00:00:00,1.82,2.05,1.8,2.05,2.05,8386,2.05,1.8,1.82,8386,0.0,1.0
2024-01-25 00:00:00,2.05,2.05,1.75,1.837,1.837,3367,2.05,1.75,2.05,3367,0.0,1.0
2024-01-26 00:00:00,2.0,2.04,2.0,2.0,2.0,9596,2.04,2.0,2.0,9596,0.0,1.0
2024-01-29 00:00:00,2.0,2.3,2.0,2.1,2.1,30300,2.3,2.0,2.0,30300,0.0,1.0
2024-01-30 00:00:00,2.1,2.15,2.08,2.15,2.15,11090,2.15,2.08,2.1,11090,0.0,1.0
2024-01-31 00:00:00,2.1,2.1,2.1,2.1,2.1,500,2.1,2.1,2.1,500,0.0,1.0
2024-02-01 00:00:00,2.1,2.1,2.1,2.1,2.1,0,2.1,2.1,2.1,0,0.0,1.0
2024-02-02 00:00:00,2.1,2.1,2.1,2.1,2.1,0,2.1,2.1,2.1,0,0.0,1.0
2024-02-05 00:00:00,2.1,2.125,2.1,2.1,2.1,20200,2.125,2.1,2.1,20200,0.0,1.0
2024-02-06 00:00:00,2.1,2.12,2.08,2.08,2.08,13951,2.12,2.08,2.1,13951,0.0,1.0
2024-02-07 00:00:00,2.06,2.06,2.05,2.05,2.05,3830,2.06,2.05,2.06,3830,0.0,1.0
2024-02-08 00:00:00,2.2,2.3,2.04,2.04,2.04,2600,2.3,2.04,2.2,2600,0.0,1.0
2024-02-09 00:00:00,2.3,2.3,2.0,2.0,2.0,46078,2.3,2.0,2.3,46078,0.0,1.0
2024-02-12 00:00:00,2.07,2.07,1.97,1.97,1.97,2537,2.07,1.97,2.07,2537,0.0,1.0
2024-02-13 00:00:00,2.155,2.155,1.992,2.01,2.01,1400,2.155,1.992,2.155,1400,0.0,1.0
2024-02-14 00:00:00,2.01,2.25,2.01,2.2,2.2,3645,2.25,2.01,2.01,3645,0.0,1.0
2024-02-15 00:00:00,2.22,2.22,2.2,2.2,2.2,867,2.22,2.2,2.22,867,0.0,1.0
2024-02-16 00:00:00,2.2,2.2,2.2,2.2,2.2,102,2.2,2.2,2.2,102,0.0,1.0
2024-02-20 00:00:00,2.0,2.1,2.0,2.0,2.0,1176,2.1,2.0,2.0,1176,0.0,1.0
2024-02-21 00:00:00,2.01,2.01,2.01,2.01,2.01,100,2.01,2.01,2.01,100,0.0,1.0
2024-02-22 00:00:00,2.175,2.2,2.175,2.2,2.2,5798,2.2,2.175,2.175,5798,0.0,1.0
2024-02-23 00:00:00,2.2,2.2,2.16,2.2,2.2,20915,2.2,2.16,2.2,20915,0.0,1.0
2024-02-26 00:00:00,2.2,2.2,2.2,2.2,2.2,50,2.2,2.2,2.2,50,0.0,1.0
2024-02-27 00:00:00,2.155,2.155,2.1,2.1,2.1,1548,2.155,2.1,2.155,1548,0.0,1.0
2024-02-28 00:00:00,2.1,2.1,2.1,2.1,2.1,0,2.1,2.1,2.1,0,0.0,1.0
2024-02-29 00:00:00,2.05,2.05,1.89,2.04,2.04,55898,2.05,1.89,2.05,55898,0.0,1.0
2024-03-01 00:00:00,2.0,2.04,2.0,2.038,2.038,5214,2.04,2.0,2.0,5214,0.0,1.0
2024-03-04 00:00:00,2.1,2.1,2.0775,2.0775,2.0775,1689,2.1,2.0775,2.1,1689,0.0,1.0
2024-03-05 00:00:00,2.1,2.1,2.07,2.1,2.1,8632,2.1,2.07,2.1,8632,0.0,1.0
2024-03-06 00:00:00,2.36,2.36,2.07,2.08,2.08,9415,2.36,2.07,2.36,9415,0.0,1.0
2024-03-07 00:00:00,2.07,2.08,2.07,2.08,2.08,7802,2.08,2.07,2.07,7802,0.0,1.0
2024-03-08 00:00:00,2.087,2.15,2.08,2.08,2.08,1787,2.15,2.08,2.087,1787,0.0,1.0
2024-03-11 00:00:00,2.1,2.13,2.08,2.11,2.11,7795,2.13,2.08,2.1,7795,0.0,1.0
2024-03-12 00:00:00,2.2,2.35,2.0,2.11,2.11,7795,2.35,2.0,2.2,7795,0.0,1.0
2024-03-13 00:00:00,2.0,2.0,2.0,2.0,2.0,11052,2.0,2.0,2.0,11052,0.0,1.0
2024-03-14 00:00:00,2.1,2.12,2.1,2.12,2.12,1123,2.12,2.1,2.1,1123,0.0,1.0
2024-03-15 00:00:00,2.12,2.2,2.12,2.16,2.16,10421,2.2,2.12,2.12,10421,0.0,1.0
2024-03-18 00:00:00,2.15,2.2,2.1,2.2,2.2,16052,2.2,2.1,2.15,16052,0.0,1.0
2024-03-19 00:00:00,2.19,2.19,2.19,2.19,2.19,1000,2.19,2.19,2.19,1000,0.0,1.0
2024-03-20 00:00:00,2.16,2.164,2.0,2.005,2.005,21884,2.164,2.0,2.16,21884,0.0,1.0
2024-03-21 00:00:00,2.0,2.0,2.0,2.0,2.0,430,2.0,2.0,2.0,430,0.0,1.0
2024-03-22 00:00:00,2.085,2.085,2.0,2.0,2.0,1721,2.085,2.0,2.085,1721,0.0,1.0
2024-03-25 00:00:00,2.05,2.15,2.0,2.0,2.0,7201,2.15,2.0,2.05,7201,0.0,1.0
2024-03-26 00:00:00,2.16,2.45,2.08,2.45,2.45,14209,2.45,2.08,2.16,14209,0.0,1.0
2024-03-27 00:00:00,2.45,2.45,2.43,2.43,2.43,206,2.45,2.43,2.45,206,0.0,1.0
2024-03-28 00:00:00,2.45,2.45,2.29,2.29,2.29,300,2.45,2.29,2.45,300,0.0,1.0
2024-04-01 00:00:00,2.35,2.35,2.22,2.22,2.22,3958,2.35,2.22,2.35,3958,0.0,1.0
2024-04-02 00:00:00,2.35,2.45,2.29,2.45,2.45,17136,2.45,2.29,2.35,17136,0.0,1.0
2024-04-03 00:00:00,2.35,2.45,2.35,2.45,2.45,17136,2.45,2.35,2.35,17136,0.0,1.0
2024-04-04 00:00:00,2.4,2.5,2.3,2.423,2.423,418,2.5,2.3,2.4,418,0.0,1.0
2024-04-05 00:00:00,2.32,2.42,2.32,2.42,2.42,737,2.42,2.32,2.32,737,0.0,1.0
2024-04-08 00:00:00,2.37,2.41,2.37,2.41,2.41,607,2.41,2.37,2.37,607,0.0,1.0
2024-04-09 00:00:00,2.4,2.4,2.38,2.38,2.38,3010,2.4,2.38,2.4,3010,0.0,1.0
2024-04-10 00:00:00,2.35,2.37,2.25,2.26,2.26,8002,2.37,2.25,2.35,8002,0.0,1.0
2024-04-11 00:00:00,2.26,2.26,2.26,2.26,2.26,187,2.26,2.26,2.26,187,0.0,1.0
2024-04-12 00:00:00,2.27,2.27,2.21,2.22,2.22,6300,2.27,2.21,2.27,6300,0.0,1.0
2024-04-15 00:00:00,2.2765,2.29,2.11,2.11,2.11,5859,2.29,2.11,2.2765,5859,0.0,1.0
2024-04-16 00:00:00,2.29,2.35,2.21,2.21,2.21,5436,2.35,2.21,2.29,5436,0.0,1.0
2024-04-17 00:00:00,2.21,2.21,2.21,2.21,2.21,0,2.21,2.21,2.21,0,0.0,1.0
2024-04-18 00:00:00,2.21,2.21,2.15,2.15,2.15,40500,2.21,2.15,2.21,40500,0.0,1.0
2024-04-19 00:00:00,2.23,2.23,2.23,2.23,2.23,142,2.23,2.23,2.23,142,0.0,1.0
2024-04-22 00:00:00,2.23,2.23,2.23,2.23,2.23,8,2.23,2.23,2.23,8,0.0,1.0
2024-04-23 00:00:00,2.22,2.22,2.2,2.2,2.2,5231,2.22,2.2,2.22,5231,0.0,1.0
2024-04-24 00:00:00,2.25,2.35,2.25,2.25,2.25,3790,2.35,2.25,2.25,3790,0.0,1.0
2024-04-25 00:00:00,2.2,2.24,2.0,2.1,2.1,21307,2.24,2.0,2.2,21307,0.0,1.0
2024-04-26 00:00:00,2.1,2.15,2.0,2.15,2.15,5653,2.15,2.0,2.1,5653,0.0,1.0
2024-04-29 00:00:00,2.1325,2.15,2.1,2.1,2.1,5410,2.15,2.1,2.1325,5410,0.0,1.0
2024-04-30 00:00:00,2.1,2.15,2.0,2.15,2.15,97589,2.15,2.0,2.1,97589,0.0,1.0
2024-05-01 00:00:00,2.13,2.1764,2.115,2.15,2.15,5073,2.1764,2.115,2.13,5073,0.0,1.0
2024-05-02 00:00:00,2.15,2.15,2.15,2.15,2.15,0,2.15,2.15,2.15,0,0.0,1.0
2024-05-03 00:00:00,2.185,2.22,2.175,2.2,2.2,1794,2.22,2.175,2.185,1794,0.0,1.0
2024-05-06 00:00:00,2.2,2.2,2.13,2.2,2.2,3049,2.2,2.13,2.2,3049,0.0,1.0
2024-05-07 00:00:00,2.15,2.165,2.15,2.16,2.16,1384,2.165,2.15,2.15,1384,0.0,1.0
2024-05-08 00:00:00,2.2,2.74,2.2,2.65,2.65,46310,2.74,2.2,2.2,46310,0.0,1.0
2024-05-09 00:00:00,2.64,2.71,2.51,2.56,2.56,35274,2.71,2.51,2.64,35274,0.0,1.0
2024-05-10 00:00:00,2.55,3.54,2.53,3.54,3.54,117302,3.54,2.53,2.55,117302,0.0,1.0
2024-05-13 00:00:00,3.5,3.51,3.335,3.51,3.51,50059,3.51,3.335,3.5,50059,0.0,1.0
2024-05-14 00:00:00,3.75,4.24,3.4,4.2,4.2,46557,4.24,3.4,3.75,46557,0.0,1.0
2024-05-15 00:00:00,4.38,4.59,3.88,4.49,4.49,63616,4.59,3.88,4.38,63616,0.0,1.0
2024-05-16 00:00:00,4.4,4.5,4.0,4.44,4.44,32250,4.5,4.0,4.4,32250,0.0,1.0
2024-05-17 00:00:00,4.5,4.5,4.22,4.5,4.5,37447,4.5,4.22,4.5,37447,0.0,1.0
2024-05-20 00:00:00,4.5,4.66,4.1965,4.3,4.3,66203,4.66,4.1965,4.5,66203,0.0,1.0
2024-05-21 00:00:00,4.5,4.58,4.3,4.33,4.33,12173,4.58,4.3,4.5,12173,0.0,1.0
2024-05-22 00:00:00,4.38,4.38,3.72,3.86,3.86,42918,4.38,3.72,4.38,42918,0.0,1.0
2024-05-23 00:00:00,3.9,3.9364,3.87,3.925,3.925,11540,3.9364,3.87,3.9,11540,0.0,1.0
2024-05-24 00:00:00,3.91,4.1325,3.91,4.1125,4.1125,7669,4.1325,3.91,3.91,7669,0.0,1.0
2024-05-28 00:00:00,4.15,4.87,4.11,4.45,4.45,60930,4.87,4.11,4.15,60930,0.0,1.0
2024-05-29 00:00:00,4.43,4.43,4.26,4.4,4.4,16318,4.43,4.26,4.43,16318,0.0,1.0
2024-05-30 00:00:00,4.29,4.45,4.27,4.4,4.4,12256,4.45,4.27,4.29,12256,0.0,1.0
2024-05-31 00:00:00,4.4,4.43,4.4,4.4,4.4,6422,4.43,4.4,4.4,6422,0.0,1.0
2024-06-03 00:00:00,4.45,4.52,4.41,4.5,4.5,22451,4.52,4.41,4.45,22451,0.0,1.0
2024-06-04 00:00:00,4.56,4.68,4.44,4.44,4.44,29537,4.68,4.44,4.56,29537,0.0,1.0
2024-06-05 00:00:00,4.46,4.58,4.4,4.4,4.4,18149,4.58,4.4,4.46,18149,0.0,1.0
2024-06-06 00:00:00,4.4,4.49,4.331,4.4732,4.4732,42119,4.49,4.331,4.4,42119,0.0,1.0
2024-06-07 00:00:00,4.565,4.77,4.565,4.711,4.711,31242,4.77,4.565,4.565,31242,0.0,1.0
2024-06-10 00:00:00,4.72,5.44,4.72,4.9,4.9,35011,5.44,4.72,4.72,35011,0.0,1.0
2024-06-11 00:00:00,4.99,5.44,4.99,5.073,5.073,31305,5.44,4.99,4.99,31305,0.0,1.0
2024-06-12 00:00:00,5.1,5.37,5.0,5.25,5.25,18868,5.37,5.0,5.1,18868,0.0,1.0
2024-06-13 00:00:00,5.35,5.55,5.15,5.15,5.15,17397,5.55,5.15,5.35,17397,0.0,1.0
2024-06-14 00:00:00,5.3,5.83,5.3,5.72,5.72,5844,5.83,5.3,5.3,5844,0.0,1.0
2024-06-17 00:00:00,5.7,5.83,5.35,5.8,5.8,16033,5.83,5.35,5.7,16033,0.0,1.0
2024-06-18 00:00:00,5.7,6.98,5.7,6.5,6.5,42942,6.98,5.7,5.7,42942,0.0,1.0
2024-06-20 00:00:00,6.61,7.75,6.29,6.53,6.53,65286,7.75,6.29,6.61,65286,0.0,1.0
2024-06-21 00:00:00,6.53,6.79,6.525,6.64,6.64,9501,6.79,6.525,6.53,9501,0.0,1.0
2024-06-24 00:00:00,6.79,6.9,6.47,6.7,6.7,43661,6.9,6.47,6.79,43661,0.0,1.0
2024-06-25 00:00:00,6.6,6.805,6.2127,6.214,6.214,26769,6.805,6.2127,6.6,26769,0.0,1.0
2024-06-26 00:00:00,6.23,7.06,6.23,6.54,6.54,49207,7.06,6.23,6.23,49207,0.0,1.0
2024-06-27 00:00:00,6.9,6.9,6.55,6.61,6.61,21471,6.9,6.55,6.9,21471,0.0,1.0
2024-06-28 00:00:00,6.6452,6.6452,6.33,6.365,6.365,18516,6.6452,6.33,6.6452,18516,0.0,1.0
2024-07-01 00:00:00,6.4,7.38,6.33,7.02,7.02,143071,7.38,6.33,6.4,143071,0.0,1.0
2024-07-02 00:00:00,7.09,10.68,7.09,9.6192,9.6192,388576,10.68,7.09,7.09,388576,0.0,1.0
2024-07-03 00:00:00,9.0,10.5,8.85,9.95,9.95,162035,10.5,8.85,9.0,162035,0.0,1.0
2024-07-05 00:00:00,10.03,10.65,9.132,10.5,10.5,139907,10.65,9.132,10.03,139907,0.0,1.0
2024-07-08 00:00:00,10.73,12.49,10.66,11.48,11.48,244277,12.49,10.66,10.73,244277,0.0,1.0
2024-07-09 00:00:00,11.93,13.49,11.7636,13.18,13.18,213142,13.49,11.7636,11.93,213142,0.0,1.0
2024-07-10 00:00:00,13.06,13.06,7.34,10.35,10.35,471594,13.06,7.34,13.06,471594,0.0,1.0
2024-07-11 00:00:00,10.1,10.8451,7.94,9.04,9.04,192613,10.8451,7.94,10.1,192613,0.0,1.0
2024-07-12 00:00:00,9.04,11.44,9.04,11.25,11.25,192936,11.44,9.04,9.04,192936,0.0,1.0
2024-07-15 00:00:00,11.45,11.75,10.8,11.6,11.6,164138,11.75,10.8,11.45,164138,0.0,1.0
2024-07-16 00:00:00,11.6,11.65,9.36,11.0,11.0,113054,11.65,9.36,11.6,113054,0.0,1.0
2024-07-17 00:00:00,11.36,11.38,10.3,11.2,11.2,68519,11.38,10.3,11.36,68519,0.0,1.0
2024-07-18 00:00:00,11.25,12.89,11.1,11.34,11.34,149214,12.89,11.1,11.25,149214,0.0,1.0
2024-07-19 00:00:00,11.48,11.48,9.2,10.3,10.3,73940,11.48,9.2,11.48,73940,0.0,1.0
2024-07-22 00:00:00,10.5,11.79,10.35,11.58,11.58,189660,11.79,10.35,10.5,189660,0.0,1.0
2024-07-23 00:00:00,11.58,11.62,11.28,11.6,11.6,112876,11.62,11.28,11.58,112876,0.0,1.0
2024-07-24 00:00:00,11.59,11.64,11.25,11.6,11.6,111569,11.64,11.25,11.59,111569,0.0,1.0
2024-07-25 00:00:00,11.64,11.95,11.3,11.86,11.86,165179,11.95,11.3,11.64,165179,0.0,1.0
2024-07-26 00:00:00,11.66,12.0,11.65,11.95,11.95,154854,12.0,11.65,11.66,154854,0.0,1.0
2024-07-29 00:00:00,11.95,13.7185,11.63,13.4,13.4,232529,13.7185,11.63,11.95,232529,0.0,1.0
2024-07-30 00:00:00,13.59,14.6699,13.5,14.136,14.136,189889,14.6699,13.5,13.59,189889,0.0,1.0
2024-07-31 00:00:00,14.35,14.825,10.51,13.5,13.5,353102,14.825,10.51,14.35,353102,0.0,1.0
2024-08-01 00:00:00,13.33,13.7,10.51,12.1499,12.1499,218416,13.7,10.51,13.33,218416,0.0,1.0
2024-08-02 00:00:00,12.1,12.2499,9.587,10.75,10.75,198140,12.2499,9.587,12.1,198140,0.0,1.0
2024-08-05 00:00:00,9.6,12.48,9.01,11.25,11.25,222974,12.48,9.01,9.6,222974,0.0,1.0
2024-08-06 00:00:00,11.8,13.3299,11.8,13.0,13.0,105978,13.3299,11.8,11.8,105978,0.0,1.0
2024-08-07 00:00:00,13.23,14.87,13.205,13.97,13.97,251545,14.87,13.205,13.23,251545,0.0,1.0
2024-08-08 00:00:00,13.99,14.21,12.255,12.75,12.75,114554,14.21,12.255,13.99,114554,0.0,1.0
2024-08-09 00:00:00,12.5,12.5,10.2,11.2,11.2,165227,12.5,10.2,12.5,165227,0.0,1.0
2024-08-12 00:00:00,11.85,13.17,11.5,12.41,12.41,101263,13.17,11.5,11.85,101263,0.0,1.0
2024-08-13 00:00:00,12.4,12.69,10.76,11.55,11.55,249414,12.69,10.76,12.4,249414,0.0,1.0
2024-08-14 00:00:00,11.7,12.99,11.65,12.54,12.54,222865,12.99,11.65,11.7,222865,0.0,1.0
2024-08-15 00:00:00,12.95,14.79,12.66,14.525,14.525,323835,14.79,12.66,12.95,323835,0.0,1.0
2024-08-16 00:00:00,14.65,17.64,14.26,17.26,17.26,298773,17.64,14.26,14.65,298773,0.0,1.0
2024-08-19 00:00:00,17.26,17.5,15.25,17.21,17.21,327385,17.5,15.25,17.26,327385,0.0,1.0
2024-08-20 00:00:00,17.24,17.55,15.55,17.4,17.4,228550,17.55,15.55,17.24,228550,0.0,1.0
2024-08-21 00:00:00,17.46,17.64,16.7,17.32,17.32,155443,17.64,16.7,17.46,155443,0.0,1.0
2024-08-22 00:00:00,17.4,17.65,16.8,17.14,17.14,126338,17.65,16.8,17.4,126338,0.0,1.0
2024-08-23 00:00:00,17.35,18.31,17.3499,17.96,17.96,224692,18.31,17.3499,17.35,224692,0.0,1.0
2024-08-26 00:00:00,18.2,20.9,17.99,20.75,20.75,351325,20.9,17.99,18.2,351325,0.0,1.0
2024-08-27 00:00:00,20.5,20.5,19.52,19.96,19.96,192697,20.5,19.52,20.5,192697,0.0,1.0
2024-08-28 00:00:00,20.0,20.0,18.45,19.01,19.01,127406,20.0,18.45,20.0,127406,0.0,1.0
2024-08-29 00:00:00,18.99,19.75,18.99,19.31,19.31,149920,19.75,18.99,18.99,149920,0.0,1.0
2024-08-30 00:00:00,19.4,20.0,19.1,19.37,19.37,70803,20.0,19.1,19.4,70803,0.0,1.0
2024-09-03 00:00:00,19.45,20.25,19.29,19.4,19.4,129020,20.25,19.29,19.45,129020,0.0,1.0
2024-09-04 00:00:00,19.35,19.75,19.35,19.56,19.56,76865,19.75,19.35,19.35,76865,0.0,1.0
2024-09-05 00:00:00,19.7,19.8,17.5,19.36,19.36,149400,19.8,17.5,19.7,149400,0.0,1.0
2024-09-06 00:00:00,19.62,19.7,18.4,18.86,18.86,56784,19.7,18.4,19.62,56784,0.0,1.0
2024-09-09 00:00:00,18.65,19.25,16.92,17.27,17.27,169149,19.25,16.92,18.65,169149,0.0,1.0
2024-09-10 00:00:00,17.21,18.9,17.21,18.9,18.9,56527,18.9,17.21,17.21,56527,0.0,1.0
2024-09-11 00:00:00,18.0,18.8,17.19,18.8,18.8,71328,18.8,17.19,18.0,71328,0.0,1.0
2024-09-12 00:00:00,18.31,18.8,17.24,17.49,17.49,94303,18.8,17.24,18.31,94303,0.0,1.0
2024-09-13 00:00:00,17.49,17.785,17.1,17.2,17.2,60730,17.785,17.1,17.49,60730,0.0,1.0
2024-09-16 00:00:00,17.2,17.777,17.01,17.01,17.01,62229,17.777,17.01,17.2,62229,0.0,1.0
2024-09-17 00:00:00,17.28,17.7,17.05,17.35,17.35,67195,17.7,17.05,17.28,67195,0.0,1.0
2024-09-18 00:00:00,17.58,17.58,17.09,17.26,17.26,49180,17.58,17.09,17.58,49180,0.0,1.0
2024-09-19 00:00:00,17.3,17.75,17.18,17.45,17.45,95527,17.75,17.18,17.3,95527,0.0,1.0
2024-09-20 00:00:00,17.6,18.39,17.25,17.86,17.86,85688,18.39,17.25,17.6,85688,0.0,1.0
2024-09-23 00:00:00,17.91,19.65,17.91,19.625,19.625,223458,19.65,17.91,17.91,223458,0.0,1.0
2024-09-24 00:00:00,19.65,20.25,19.52,19.9345,19.9345,204089,20.25,19.52,19.65,204089,0.0,1.0
2024-09-25 00:00:00,20.06,20.25,19.7,19.899,19.899,63268,20.25,19.7,20.06,63268,0.0,1.0
2024-09-26 00:00:00,19.79,19.95,18.86,19.4335,19.4335,82798,19.95,18.86,19.79,82798,0.0,1.0
2024-09-27 00:00:00,19.7,20.25,19.6,19.8,19.8,74093,20.25,19.6,19.7,74093,0.0,1.0
2024-09-30 00:00:00,20.48,20.82,20.105,20.55,20.55,206543,20.82,20.105,20.48,206543,0.0,1.0
2024-10-01 00:00:00,20.55,20.8,20.2,20.75,20.75,124951,20.8,20.2,20.55,124951,0.0,1.0
2024-10-02 00:00:00,20.94,20.94,18.91,20.5,20.5,121176,20.94,18.91,20.94,121176,0.0,1.0
2024-10-03 00:00:00,20.7,20.75,20.0,20.65,20.65,68043,20.75,20.0,20.7,68043,0.0,1.0
2024-10-04 00:00:00,20.75,21.1,20.45,21.05,21.05,100284,21.1,20.45,20.75,100284,0.0,1.0
2024-10-07 00:00:00,21.25,22.65,21.09,22.5,22.5,214580,22.65,21.09,21.25,214580,0.0,1.0
2024-10-08 00:00:00,22.55,23.15,22.45,23.15,23.15,114702,23.15,22.45,22.55,114702,0.0,1.0
2024-10-09 00:00:00,23.2,23.2,21.2501,21.896,21.896,175115,23.2,21.2501,23.2,175115,0.0,1.0
2024-10-10 00:00:00,22.4,22.4,19.25,20.02,20.02,173010,22.4,19.25,22.4,173010,0.0,1.0
2024-10-11 00:00:00,20.27,22.41,19.07,21.91,21.91,196366,22.41,19.07,20.27,196366,0.0,1.0
2024-10-14 00:00:00,22.55,24.25,21.95,23.49,23.49,270698,24.25,21.95,22.55,270698,0.0,1.0
2024-10-15 00:00:00,23.55,25.25,23.0,24.35,24.35,308321,25.25,23.0,23.55,308321,0.0,1.0
2024-10-16 00:00:00,24.9,24.9,23.54,24.5,24.5,161112,24.9,23.54,24.9,161112,0.0,1.0
2024-10-17 00:00:00,24.49,25.29,24.49,24.93,24.93,153699,25.29,24.49,24.49,153699,0.0,1.0
2024-10-18 00:00:00,25.1,25.1,24.04,24.24,24.24,146301,25.1,24.04,25.1,146301,0.0,1.0
2024-10-21 00:00:00,24.73,24.9199,23.89,24.562,24.562,127808,24.9199,23.89,24.73,127808,0.0,1.0
2024-10-22 00:00:00,24.3,24.6,21.1601,23.09,23.09,172536,24.6,21.1601,24.3,172536,0.0,1.0
2024-10-23 00:00:00,22.41,22.41,16.23,18.6,18.6,529074,22.41,16.23,22.41,529074,0.0,1.0
2024-10-24 00:00:00,18.57,21.89,18.51,21.39,21.39,217775,21.89,18.51,18.57,217775,0.0,1.0
2024-10-25 00:00:00,22.06,23.83,22.06,23.585,23.585,188123,23.83,22.06,22.06,188123,0.0,1.0
2024-10-28 00:00:00,23.84,24.0,22.51,22.756,22.756,106144,24.0,22.51,23.84,106144,0.0,1.0
2024-10-29 00:00:00,23.1,23.1,21.4,21.91,21.91,83816,23.1,21.4,23.1,83816,0.0,1.0
2024-10-30 00:00:00,21.8,24.58,21.31,24.18,24.18,83523,24.58,21.31,21.8,83523,0.0,1.0
2024-10-31 00:00:00,23.75,24.29,22.25,22.576,22.576,97871,24.29,22.25,23.75,97871,0.0,1.0
2024-11-01 00:00:00,21.36,22.7,21.01,21.325,21.325,117528,22.7,21.01,21.36,117528,0.0,1.0
2024-11-04 00:00:00,21.5,21.6199,19.3,20.92,20.92,140351,21.6199,19.3,21.5,140351,0.0,1.0
2024-11-05 00:00:00,20.77,23.85,20.77,22.5,22.5,99190,23.85,20.77,20.77,99190,0.0,1.0
2024-11-06 00:00:00,23.9,24.95,23.466,23.9,23.9,159886,24.95,23.466,23.9,159886,0.0,1.0
2024-11-07 00:00:00,23.9,26.098,23.01,26.0,26.0,191122,26.098,23.01,23.9,191122,0.0,1.0
2024-11-08 00:00:00,29.0,29.93,26.37,28.0,28.0,458719,29.93,26.37,29.0,458719,0.0,1.0
2024-11-11 00:00:00,30.35,35.65,29.55,33.35,33.35,623694,35.65,29.55,30.35,623694,0.0,1.0
2024-11-12 00:00:00,33.23,33.4,29.1,31.4,31.4,146707,33.4,29.1,33.23,146707,0.0,1.0
2024-11-13 00:00:00,32.05,32.7,28.0,28.1,28.1,203653,32.7,28.0,32.05,203653,0.0,1.0
2024-11-14 00:00:00,28.5,29.89,28.15,29.4,29.4,141805,29.89,28.15,28.5,141805,0.0,1.0
2024-11-15 00:00:00,30.48,32.25,29.581,29.95,29.95,186272,32.25,29.581,30.48,186272,0.0,1.0
2024-11-18 00:00:00,31.75,33.22,31.01,33.0,33.0,198736,33.22,31.01,31.75,198736,0.0,1.0
2024-11-19 00:00:00,33.0,33.45,30.1,32.73,32.73,139717,33.45,30.1,33.0,139717,0.0,1.0
2024-11-20 00:00:00,33.49,33.5,32.16,33.1,33.1,128551,33.5,32.16,33.49,128551,0.0,1.0
2024-11-21 00:00:00,31.26,32.6,30.55,31.29,31.29,224096,32.6,30.55,31.26,224096,0.0,1.0
2024-11-22 00:00:00,30.77,33.2,30.77,32.75,32.75,158635,33.2,30.77,30.77,158635,0.0,1.0
2024-11-25 00:00:00,33.0,33.255,30.91,31.6,31.6,153451,33.255,30.91,33.0,153451,0.0,1.0
2024-11-26 00:00:00,31.0,32.052,28.1,28.31,28.31,222827,32.052,28.1,31.0,222827,0.0,1.0
2024-11-27 00:00:00,28.48,30.35,27.56,30.15,30.15,92275,30.35,27.56,28.48,92275,0.0,1.0
2024-11-29 00:00:00,31.0,32.16,30.31,30.75,30.75,62884,32.16,30.31,31.0,62884,0.0,1.0
2024-12-02 00:00:00,32.0,32.25,30.75,31.8,31.8,105448,32.25,30.75,32.0,105448,0.0,1.0
2024-12-03 00:00:00,31.5,31.87,29.01,29.85,29.85,145786,31.87,29.01,31.5,145786,0.0,1.0
2024-12-04 00:00:00,29.52,30.3,27.4,28.0,28.0,152624,30.3,27.4,29.52,152624,0.0,1.0
2024-12-05 00:00:00,28.0,30.48,27.61,29.0,29.0,87286,30.48,27.61,28.0,87286,0.0,1.0
2024-12-06 00:00:00,28.9,30.99,27.65,30.9,30.9,86602,30.99,27.65,28.9,86602,0.0,1.0
2024-12-09 00:00:00,30.25,31.0,28.02,29.38,29.38,85542,31.0,28.02,30.25,85542,0.0,1.0
2024-12-10 00:00:00,29.37,29.94,24.58,26.8,26.8,199016,29.94,24.58,29.37,199016,0.0,1.0
2024-12-11 00:00:00,27.26,28.44,26.78,27.0,27.0,94951,28.44,26.78,27.26,94951,0.0,1.0
2024-12-12 00:00:00,27.5,28.87,23.1055,23.4425,23.4425,201813,28.87,23.1055,27.5,201813,0.0,1.0
2024-12-13 00:00:00,23.3,23.45,17.5,21.3,21.3,397857,23.45,17.5,23.3,397857,0.0,1.0
2024-12-16 00:00:00,21.46,21.925,18.0,19.22,19.22,397081,21.925,18.0,21.46,397081,0.0,1.0
2024-12-17 00:00:00,19.55,19.55,17.56,18.4,18.4,259948,19.55,17.56,19.55,259948,0.0,1.0
2024-12-18 00:00:00,18.05,18.3745,17.06,17.3,17.3,227212,18.3745,17.06,18.05,227212,0.0,1.0
2024-12-19 00:00:00,17.15,17.6,15.3501,16.11,16.11,422175,17.6,15.3501,17.15,422175,0.0,1.0
2024-12-20 00:00:00,15.6,23.5,15.3,22.94,22.94,324534,23.5,15.3,15.6,324534,0.0,1.0
2024-12-23 00:00:00,23.89,27.644,22.99,25.89,25.89,182311,27.644,22.99,23.89,182311,0.0,1.0
2024-12-24 00:00:00,27.0,33.11,26.8,32.68,32.68,341299,33.11,26.8,27.0,341299,0.0,1.0
2024-12-26 00:00:00,33.5,35.0,24.2809,29.49,29.49,497337,35.0,24.2809,33.5,497337,0.0,1.0
2024-12-27 00:00:00,30.91,30.96,26.85,27.06,27.06,191701,30.96,26.85,30.91,191701,0.0,1.0
2024-12-30 00:00:00,27.19,31.35,26.6526,30.3,30.3,298781,31.35,26.6526,27.19,298781,0.0,1.0
2024-12-31 00:00:00,30.0,32.4136,29.33,29.75,29.75,286035,32.4136,29.33,30.0,286035,0.0,1.0
2025-01-02 00:00:00,32.05,33.5,29.0001,29.23,29.23,419507,33.5,29.0001,32.05,419507,0.0,1.0
2025-01-03 00:00:00,29.56,30.4899,28.22,28.6,28.6,204955,30.4899,28.22,29.56,204955,0.0,1.0
2025-01-06 00:00:00,30.0,31.4,29.7168,31.34,31.34,276362,31.4,29.7168,30.0,276362,0.0,1.0
2025-01-07 00:00:00,32.13,36.87,29.7529,35.26,35.26,834590,36.87,29.7529,32.13,834590,0.0,1.0
2025-01-08 00:00:00,36.0,36.0,31.75,32.55,32.55,273750,36.0,31.75,36.0,273750,0.0,1.0
2025-01-10 00:00:00,33.75,35.8,32.5,35.8,35.8,288894,35.8,32.5,33.75,288894,0.0,1.0
2025-01-13 00:00:00,35.5,35.9663,34.0,34.67,34.67,186099,35.9663,34.0,35.5,186099,0.0,1.0
2025-01-14 00:00:00,35.79,37.9638,35.0,36.19,36.19,269824,37.9638,35.0,35.79,269824,0.0,1.0
2025-01-15 00:00:00,38.7,38.87,34.1,36.03,36.03,283544,38.87,34.1,38.7,283544,0.0,1.0
2025-01-16 00:00:00,36.0,36.7499,35.2,35.97,35.97,160715,36.7499,35.2,36.0,160715,0.0,1.0
2025-01-17 00:00:00,36.05,36.45,34.5,35.05,35.05,164471,36.45,34.5,36.05,164471,0.0,1.0
2025-01-21 00:00:00,35.05,36.98,35.05,36.08,36.08,289145,36.98,35.05,35.05,289145,0.0,1.0
2025-01-22 00:00:00,37.6,41.9463,37.01,40.21,40.21,549928,41.9463,37.01,37.6,549928,0.0,1.0
2025-01-23 00:00:00,40.56,40.56,38.3071,39.0,39.0,307208,40.56,38.3071,40.56,307208,0.0,1.0
2025-01-24 00:00:00,40.0,45.74,39.2,43.0,43.0,689616,45.74,39.2,40.0,689616,0.0,1.0
2025-01-27 00:00:00,36.0,36.81,31.02,31.91,31.91,814608,36.81,31.02,36.0,814608,0.0,1.0
2025-01-28 00:00:00,34.24,39.4,32.6,38.96,38.96,473326,39.4,32.6,34.24,473326,0.0,1.0
2025-01-29 00:00:00,40.68,43.43,39.45,40.74,40.74,427120,43.43,39.45,40.68,427120,0.0,1.0
2025-01-30 00:00:00,42.13,44.5447,40.09,41.9,41.9,327058,44.5447,40.09,42.13,327058,0.0,1.0
2025-01-31 00:00:00,42.98,44.0,41.1079,42.31,42.31,396085,44.0,41.1079,42.98,396085,0.0,1.0
2025-02-03 00:00:00,38.99,43.78,36.51,42.03,42.03,518628,43.78,36.51,38.99,518628,0.0,1.0
2025-02-04 00:00:00,42.5,44.0,40.1001,41.77,41.77,379777,44.0,40.1001,42.5,379777,0.0,1.0
2025-02-05 00:00:00,41.58,44.01,39.0,43.57,43.57,425316,44.01,39.0,41.58,425316,0.0,1.0
2025-02-06 00:00:00,44.0,44.25,41.11,42.045,42.045,313879,44.25,41.11,44.0,313879,0.0,1.0
2025-02-07 00:00:00,42.93,43.5099,39.3,41.48,41.48,304023,43.5099,39.3,42.93,304023,0.0,1.0
2025-02-10 00:00:00,43.44,43.99,41.9475,43.25,43.25,287394,43.99,41.9475,43.44,287394,0.0,1.0
2025-02-11 00:00:00,43.0,43.49,40.99,41.45,41.45,225816,43.49,40.99,43.0,225816,0.0,1.0
2025-02-12 00:00:00,40.2,41.415,38.5,38.97,38.97,335524,41.415,38.5,40.2,335524,0.0,1.0
2025-02-13 00:00:00,38.33,39.6499,36.51,38.33,38.33,235605,39.6499,36.51,38.33,235605,0.0,1.0
2025-02-14 00:00:00,38.25,39.0,36.75,38.67,38.67,226275,39.0,36.75,38.25,226275,0.0,1.0
2025-02-18 00:00:00,38.92,40.0,37.25,38.18,38.18,212906,40.0,37.25,38.92,212906,0.0,1.0
2025-02-19 00:00:00,37.29,38.43,36.07,37.1,37.1,203592,38.43,36.07,37.29,203592,0.0,1.0
2025-02-20 00:00:00,36.9,37.1425,34.16,35.6,35.6,251059,37.1425,34.16,36.9,251059,0.0,1.0
2025-02-21 00:00:00,35.01,35.57,32.2,32.5,32.5,315859,35.57,32.2,35.01,315859,0.0,1.0
2025-02-24 00:00:00,32.5,33.9899,30.65,32.9,32.9,306252,33.9899,30.65,32.5,306252,0.0,1.0
2025-02-25 00:00:00,32.27,32.85,29.0,30.43,30.43,320209,32.85,29.0,32.27,320209,0.0,1.0
2025-02-26 00:00:00,31.43,34.66,31.25,34.21,34.21,235657,34.66,31.25,31.43,235657,0.0,1.0
2025-02-27 00:00:00,35.3,36.5,32.89,33.24,33.24,160834,36.5,32.89,35.3,160834,0.0,1.0
2025-02-28 00:00:00,33.56,34.39,31.12,33.37,33.37,180240,34.39,31.12,33.56,180240,0.0,1.0
2025-03-03 00:00:00,35.77,36.0,30.9047,31.37,31.37,225646,36.0,30.9047,35.77,225646,0.0,1.0
2025-03-04 00:00:00,29.64,30.459,26.22,28.92,28.92,401032,30.459,26.22,29.64,401032,0.0,1.0
2025-03-05 00:00:00,29.04,31.12,27.5801,31.1,31.1,178765,31.12,27.5801,29.04,178765,0.0,1.0
2025-03-06 00:00:00,29.5,29.5,26.0,26.94,26.94,320313,29.5,26.0,29.5,320313,0.0,1.0
2025-03-07 00:00:00,26.77,27.58,25.1193,27.45,27.45,189780,27.58,25.1193,26.77,189780,0.0,1.0
2025-03-10 00:00:00,26.05,27.43,24.51,27.1,27.1,307573,27.43,24.51,26.05,307573,0.0,1.0
2025-03-11 00:00:00,27.51,29.38,27.05,28.98,28.98,165847,29.38,27.05,27.51,165847,0.0,1.0
2025-03-12 00:00:00,30.14,30.769,28.2,29.39,29.39,180120,30.769,28.2,30.14,180120,0.0,1.0
2025-03-13 00:00:00,29.39,29.765,27.72,28.74,28.74,159757,29.765,27.72,29.39,159757,0.0,1.0
2025-03-14 00:00:00,28.0,30.6734,28.0,30.49,30.49,164134,30.6734,28.0,28.0,164134,0.0,1.0
2025-03-17 00:00:00,30.6,35.44,30.55,33.09,33.09,385164,35.44,30.55,30.6,385164,0.0,1.0
2025-03-18 00:00:00,33.18,33.185,31.5,32.06,32.06,170067,33.185,31.5,33.18,170067,0.0,1.0
2025-03-19 00:00:00,32.26,35.2286,32.25,34.52,34.52,252044,35.2286,32.25,32.26,252044,0.0,1.0
2025-03-20 00:00:00,33.86,34.3339,31.7001,32.0,32.0,300310,34.3339,31.7001,33.86,300310,0.0,1.0
2025-03-21 00:00:00,31.07,31.4,29.11,30.54,30.54,612698,31.4,29.11,31.07,612698,0.0,1.0
2025-03-24 00:00:00,30.95,31.92,29.3,29.83,29.83,334569,31.92,29.3,30.95,334569,0.0,1.0
2025-03-25 00:00:00,33.06,37.31,27.764,31.96,31.96,1318177,37.31,27.764,33.06,1318177,0.0,1.0
2025-03-26 00:00:00,31.95,32.097,29.178,30.07,30.07,321261,32.097,29.178,31.95,321261,0.0,1.0
2025-03-27 00:00:00,30.29,30.5299,28.737,29.25,29.25,201613,30.5299,28.737,30.29,201613,0.0,1.0
2025-03-28 00:00:00,28.89,28.98,25.56,26.19,26.19,360955,28.98,25.56,28.89,360955,0.0,1.0
2025-03-31 00:00:00,25.725,26.04,24.55,25.28,25.28,326653,26.04,24.55,25.725,326653,0.0,1.0
2025-04-01 00:00:00,25.49,26.02,23.71,25.92,25.92,252563,26.02,23.71,25.49,252563,0.0,1.0
2025-04-02 00:00:00,24.67,27.1172,24.55,26.61,26.61,262628,27.1172,24.55,24.67,262628,0.0,1.0
2025-04-03 00:00:00,23.18,25.0,22.0,22.06,22.06,446648,25.0,22.0,23.18,446648,0.0,1.0
2025-04-04 00:00:00,20.04,20.94,18.7527,20.3,20.3,533586,20.94,18.7527,20.04,533586,0.0,1.0
2025-04-07 00:00:00,18.2,21.7649,18.1801,19.99,19.99,467315,21.7649,18.1801,18.2,467315,0.0,1.0
2025-04-08 00:00:00,21.71,21.919,18.3077,18.7,18.7,410483,21.919,18.3077,21.71,410483,0.0,1.0
2025-04-09 00:00:00,18.35,22.76,18.1,22.39,22.39,585044,22.76,18.1,18.35,585044,0.0,1.0
2025-04-10 00:00:00,21.96,21.96,19.81,21.14,21.14,247892,21.96,19.81,21.96,247892,0.0,1.0
2025-04-11 00:00:00,21.71,23.75,21.0417,22.93,22.93,334398,23.75,21.0417,21.71,334398,0.0,1.0
2025-04-14 00:00:00,24.3,25.12,23.05,24.82,24.82,424326,25.12,23.05,24.3,424326,0.0,1.0
2025-04-15 00:00:00,24.75,25.515,23.6906,24.61,24.61,236977,25.515,23.6906,24.75,236977,0.0,1.0
2025-04-16 00:00:00,23.77,25.21,23.61,24.38,24.38,186196,25.21,23.61,23.77,186196,0.0,1.0
2025-04-17 00:00:00,24.5,24.995,23.885,24.51,24.51,112107,24.995,23.885,24.5,112107,0.0,1.0
2025-04-21 00:00:00,24.46,24.46,21.1342,21.47,21.47,306015,24.46,21.1342,24.46,306015,0.0,1.0
2025-04-22 00:00:00,21.61,22.38,20.9007,21.02,21.02,271788,22.38,20.9007,21.61,271788,0.0,1.0
2025-04-23 00:00:00,23.09,26.48,23.09,24.05,24.05,469943,26.48,23.09,23.09,469943,0.0,1.0
2025-04-24 00:00:00,24.0,27.3199,24.0,26.79,26.79,351606,27.3199,24.0,24.0,351606,0.0,1.0
2025-04-25 00:00:00,26.85,27.56,25.82,27.04,27.04,202856,27.56,25.82,26.85,202856,0.0,1.0
2025-04-28 00:00:00,27.64,28.12,25.79,27.25,27.25,212091,28.12,25.79,27.64,212091,0.0,1.0
2025-04-29 00:00:00,26.83,27.38,26.1309,26.405,26.405,129239,27.38,26.1309,26.83,129239,0.0,1.0
2025-04-30 00:00:00,25.05,25.88,24.26,25.22,25.22,241091,25.88,24.26,25.05,241091,0.0,1.0
2025-05-01 00:00:00,25.4,26.6458,25.04,25.72,25.72,170574,26.6458,25.04,25.4,170574,0.0,1.0
2025-05-02 00:00:00,26.34,28.5983,26.125,27.45,27.45,360301,28.5983,26.125,26.34,360301,0.0,1.0
2025-05-05 00:00:00,27.65,28.77,26.81,27.82,27.82,276919,28.77,26.81,27.65,276919,0.0,1.0
2025-05-06 00:00:00,27.94,27.94,25.72,26.38,26.38,231806,27.94,25.72,27.94,231806,0.0,1.0
2025-05-07 00:00:00,26.18,26.75,25.09,25.84,25.84,213423,26.75,25.09,26.18,213423,0.0,1.0
2025-05-08 00:00:00,27.0,28.1986,26.2187,27.75,27.75,327140,28.1986,26.2187,27.0,327140,0.0,1.0
2025-05-09 00:00:00,32.0,32.45,29.0,30.36,30.36,725043,32.45,29.0,32.0,725043,0.0,1.0
2025-05-12 00:00:00,33.425,35.0499,31.0,34.51,34.51,640734,35.0499,31.0,33.425,640734,0.0,1.0
2025-05-13 00:00:00,35.01,36.0,33.68,35.06,35.06,468214,36.0,33.68,35.01,468214,0.0,1.0
2025-05-14 00:00:00,35.44,36.0,33.92,35.35,35.35,365307,36.0,33.92,35.44,365307,0.0,1.0
2025-05-15 00:00:00,34.78,35.33,33.64,34.4,34.4,260723,35.33,33.64,34.78,260723,0.0,1.0
2025-05-16 00:00:00,34.3,38.3754,34.3,37.09,37.09,409476,38.3754,34.3,34.3,409476,0.0,1.0
2025-05-19 00:00:00,36.09,37.6699,35.1,36.96,36.96,233938,37.6699,35.1,36.09,233938,0.0,1.0
2025-05-20 00:00:00,36.99,38.6934,35.43,37.68,37.68,211753,38.6934,35.43,36.99,211753,0.0,1.0
2025-05-21 00:00:00,37.41,38.6599,35.64,36.61,36.61,271653,38.6599,35.64,37.41,271653,0.0,1.0
2025-05-22 00:00:00,36.06,39.58,35.05,37.78,37.78,355169,39.58,35.05,36.06,355169,0.0,1.0
2025-05-23 00:00:00,36.5,39.98,36.24,38.71,38.71,282799,39.98,36.24,36.5,282799,0.0,1.0
2025-05-27 00:00:00,39.98,41.48,38.76,40.98,40.98,346014,41.48,38.76,39.98,346014,0.0,1.0
2025-05-28 00:00:00,41.21,41.8479,40.45,41.765,41.765,243994,41.8479,40.45,41.21,243994,0.0,1.0
2025-05-29 00:00:00,43.25,43.4999,40.7244,41.15,41.15,225847,43.4999,40.7244,43.25,225847,0.0,1.0
2025-05-30 00:00:00,40.98,42.6506,39.26,42.37,42.37,213935,42.6506,39.26,40.98,213935,0.0,1.0
2025-06-02 00:00:00,42.68,42.68,40.0085,42.5,42.5,228588,42.68,40.0085,42.68,228588,0.0,1.0
2025-06-03 00:00:00,42.66,42.9,40.75,41.52,41.52,218101,42.9,40.75,42.66,218101,0.0,1.0
2025-06-04 00:00:00,41.8,43.27,41.4901,42.99,42.99,253830,43.27,41.4901,41.8,253830,0.0,1.0
2025-06-05 00:00:00,43.26,44.0,41.28,42.46,42.46,219801,44.0,41.28,43.26,219801,0.0,1.0
2025-06-06 00:00:00,43.4,47.63,42.12,47.49,47.49,389976,47.63,42.12,43.4,389976,0.0,1.0
2025-06-09 00:00:00,48.275,49.23,45.75,47.9,47.9,451780,49.23,45.75,48.275,451780,0.0,1.0
2025-06-10 00:00:00,49.26,49.94,46.67,49.85,49.85,288259,49.94,46.67,49.26,288259,0.0,1.0
2025-06-11 00:00:00,50.08,51.33,49.01,49.99,49.99,329170,51.33,49.01,50.08,329170,0.0,1.0
2025-06-12 00:00:00,48.54,51.674,48.3,51.52,51.52,228815,51.674,48.3,48.54,228815,0.0,1.0
2025-06-13 00:00:00,50.11,51.0,48.37,49.93,49.93,302099,51.0,48.37,50.11,302099,0.0,1.0
2025-06-16 00:00:00,51.08,54.305,50.93,53.53,53.53,536896,54.305,50.93,51.08,536896,0.0,1.0
2025-06-17 00:00:00,52.88,53.8542,51.11,52.74,52.74,417478,53.8542,51.11,52.88,417478,0.0,1.0
2025-06-18 00:00:00,53.49,59.48,52.51,59.37,59.37,602615,59.48,52.51,53.49,602615,0.0,1.0
2025-06-20 00:00:00,62.34,62.5,57.75,59.66,59.66,683840,62.5,57.75,62.34,683840,0.0,1.0
2025-06-23 00:00:00,58.89,61.0,55.1,60.86,60.86,466634,61.0,55.1,58.89,466634,0.0,1.0
2025-06-24 00:00:00,63.19,65.97,61.8,64.41,64.41,544218,65.97,61.8,63.19,544218,0.0,1.0
2025-06-25 00:00:00,67.0,67.0,61.27,61.98,61.98,418373,67.0,61.27,67.0,418373,0.0,1.0
2025-06-26 00:00:00,62.52,68.22,62.2,68.01,68.01,461054,68.22,62.2,62.52,461054,0.0,1.0
2025-06-27 00:00:00,69.0,69.34,63.33,66.74,66.74,1513958,69.34,63.33,69.0,1513958,0.0,1.0
2025-06-30 00:00:00,66.74,68.6436,64.475,64.68,64.68,472121,68.6436,64.475,66.74,472121,0.0,1.0
2025-07-01 00:00:00,64.72,67.24,62.4343,65.76,65.76,434898,67.24,62.4343,64.72,434898,0.0,1.0
2025-07-02 00:00:00,65.8,73.07,65.1258,70.27,70.27,825521,73.07,65.1258,65.8,825521,0.0,1.0
2025-07-03 00:00:00,72.5,78.25,71.9,78.1,78.1,423109,78.25,71.9,72.5,423109,0.0,1.0
2025-07-07 00:00:00,76.94,77.0,67.51,73.57,73.57,878656,77.0,67.51,76.94,878656,0.0,1.0
2025-07-08 00:00:00,76.4,76.95,61.72,63.74,63.74,1419378,76.95,61.72,76.4,1419378,0.0,1.0
2025-07-09 00:00:00,65.02,71.53,65.02,69.69,69.69,650561,71.53,65.02,65.02,650561,0.0,1.0
2025-07-10 00:00:00,69.89,69.89,64.56,68.39,68.39,449706,69.89,64.56,69.89,449706,0.0,1.0
2025-07-11 00:00:00,66.04,74.52,65.02,72.02,72.02,582030,74.52,65.02,66.04,582030,0.0,1.0
2025-07-14 00:00:00,72.25,76.0,67.94,75.65,75.65,646924,76.0,67.94,72.25,646924,0.0,1.0
2025-07-15 00:00:00,76.97,79.0,73.29,75.24,75.24,449664,79.0,73.29,76.97,449664,0.0,1.0
2025-07-16 00:00:00,75.8,83.68,75.3313,82.285,82.285,677560,83.68,75.3313,75.8,677560,0.0,1.0
2025-07-17 00:00:00,82.94,86.56,82.1031,84.03,84.03,638868,86.56,82.1031,82.94,638868,0.0,1.0
2025-07-18 00:00:00,85.5,91.89,83.75,90.0,90.0,833293,91.89,83.75,85.5,833293,0.0,1.0
2025-07-21 00:00:00,95.6,100.9852,86.01,87.84,87.84,1098323,100.9852,86.01,95.6,1098323,0.0,1.0
2025-07-22 00:00:00,87.1,87.1392,79.72,83.31,83.31,773969,87.1392,79.72,87.1,773969,0.0,1.0
2025-07-23 00:00:00,86.52,97.46,85.99,91.51,91.51,978633,97.46,85.99,86.52,978633,0.0,1.0
2025-07-24 00:00:00,92.15,93.34,88.01,89.52,89.52,493233,93.34,88.01,92.15,493233,0.0,1.0
2025-07-25 00:00:00,89.59,92.19,88.01,90.52,90.52,608354,92.19,88.01,89.59,608354,0.0,1.0
2025-07-28 00:00:00,91.52,91.52,83.3486,89.06,89.06,609350,91.52,83.3486,91.52,609350,0.0,1.0
2025-07-29 00:00:00,89.74,90.1,85.4,88.15,88.15,415924,90.1,85.4,89.74,415924,0.0,1.0
2025-07-30 00:00:00,88.09,90.2499,86.0,88.16,88.16,494962,90.2499,86.0,88.09,494962,0.0,1.0
2025-07-31 00:00:00,89.39,98.13,87.01,93.75,93.75,961427,98.13,87.01,89.39,961427,0.0,1.0
2025-08-01 00:00:00,87.59,91.2347,81.2862,86.99,86.99,768860,91.2347,81.2862,87.59,768860,0.0,1.0
2025-08-04 00:00:00,88.5,91.2,87.0101,89.23,89.23,351448,91.2,87.0101,88.5,351448,0.0,1.0
2025-08-05 00:00:00,89.7,93.3199,87.2831,92.63,92.63,628464,93.3199,87.2831,89.7,628464,0.0,1.0
2025-08-06 00:00:00,91.94,92.8602,86.4,90.98,90.98,418914,92.8602,86.4,91.94,418914,0.0,1.0
2025-08-07 00:00:00,91.5,92.11,84.2,87.79,87.79,565460,92.11,84.2,91.5,565460,0.0,1.0
2025-08-08 00:00:00,110.22,121.78,94.07,99.7,99.7,2177226,121.78,94.07,110.22,2177226,0.0,1.0
2025-08-11 00:00:00,102.84,105.0,95.2,96.32,96.32,1015378,105.0,95.2,102.84,1015378,0.0,1.0
2025-08-12 00:00:00,96.01,97.0,86.9,95.45,95.45,934984,97.0,86.9,96.01,934984,0.0,1.0
2025-08-13 00:00:00,95.555,96.7999,86.09,90.47,90.47,1158106,96.7999,86.09,95.555,1158106,0.0,1.0
2025-08-14 00:00:00,87.94,90.41,81.18,81.21,81.21,1101569,90.41,81.18,87.94,1101569,0.0,1.0
2025-08-15 00:00:00,81.08,86.16,79.1,85.67,85.67,866227,86.16,79.1,81.08,866227,0.0,1.0
2025-08-18 00:00:00,84.0,89.83,79.3535,87.11,87.11,1061924,89.83,79.3535,84.0,1061924,0.0,1.0
2025-08-19 00:00:00,85.36,86.495,79.75,79.94,79.94,824033,86.495,79.75,85.36,824033,0.0,1.0
2025-08-20 00:00:00,78.86,81.0593,75.04,80.73,80.73,696785,81.0593,75.04,78.86,696785,0.0,1.0
2025-08-21 00:00:00,79.49,83.63,78.25,82.4,82.4,484798,83.63,78.25,79.49,484798,0.0,1.0
2025-08-22 00:00:00,82.12,91.77,81.11,91.26,91.26,1027601,91.77,81.11,82.12,1027601,0.0,1.0
2025-08-25 00:00:00,91.48,93.5873,88.32,88.47,88.47,608411,93.5873,88.32,91.48,608411,0.0,1.0
2025-08-26 00:00:00,88.0,89.11,80.1806,82.74,82.74,1165993,89.11,80.1806,88.0,1165993,0.0,1.0
2025-08-27 00:00:00,82.45,82.8099,78.5101,81.46,81.46,702912,82.8099,78.5101,82.45,702912,0.0,1.0
2025-08-28 00:00:00,82.42,85.52,81.15,84.9,84.9,436410,85.52,81.15,82.42,436410,0.0,1.0
2025-08-29 00:00:00,84.44,84.44,80.11,82.89,82.89,460588,84.44,80.11,84.44,460588,0.0,1.0
2025-09-02 00:00:00,80.09,81.71,77.25,81.09,81.09,738536,81.71,77.25,80.09,738536,0.0,1.0
2025-09-03 00:00:00,83.77,88.08,82.68,87.26,87.26,841593,88.08,82.68,83.77,841593,0.0,1.0
2025-09-04 00:00:00,87.4,89.505,82.92,86.92,86.92,680601,89.505,82.92,87.4,680601,0.0,1.0
2025-09-05 00:00:00,88.15,89.0,81.82,86.84,86.84,508483,89.0,81.82,88.15,508483,0.0,1.0
2025-09-08 00:00:00,87.99,90.1,84.146,84.39,84.39,609174,90.1,84.146,87.99,609174,0.0,1.0
2025-09-09 00:00:00,83.4,93.7,83.4,92.81,92.81,838954,93.7,83.4,83.4,838954,0.0,1.0
2025-09-10 00:00:00,94.91,95.82,88.71,89.65,89.65,818630,95.82,88.71,94.91,818630,0.0,1.0
2025-09-11 00:00:00,90.875,94.98,90.0175,94.585,94.585,655515,94.98,90.0175,90.875,655515,0.0,1.0
2025-09-12 00:00:00,94.03,95.07,90.82,94.41,94.41,429570,95.07,90.82,94.03,429570,0.0,1.0
2025-09-15 00:00:00,95.53,97.45,92.6728,95.525,95.525,701369,97.45,92.6728,95.53,701369,0.0,1.0
2025-09-16 00:00:00,96.25,98.52,93.67,98.42,98.42,582697,98.52,93.67,96.25,582697,0.0,1.0
2025-09-17 00:00:00,98.2,102.5,95.55,101.51,101.51,488514,102.5,95.55,98.2,488514,0.0,1.0
2025-09-18 00:00:00,103.15,108.84,101.29,106.2,106.2,713484,108.84,101.29,103.15,713484,0.0,1.0
2025-09-19 00:00:00,106.305,110.8,105.8,109.98,109.98,984052,110.8,105.8,106.305,984052,0.0,1.0
2025-09-22 00:00:00,108.01,115.37,107.435,114.99,114.99,690865,115.37,107.435,108.01,690865,0.0,1.0
2025-09-23 00:00:00,115.49,118.26,112.45,115.78,115.78,586709,118.26,112.45,115.49,586709,0.0,1.0
2025-09-24 00:00:00,118.73,119.7,110.65,110.87,110.87,759204,119.7,110.65,118.73,759204,0.0,1.0
2025-09-25 00:00:00,105.3,112.98,103.0,109.59,109.59,657849,112.98,103.0,105.3,657849,0.0,1.0
2025-09-26 00:00:00,110.78,112.19,100.92,103.715,103.715,522197,112.19,100.92,110.78,522197,0.0,1.0
2025-09-29 00:00:00,106.16,111.05,102.47,103.08,103.08,670835,111.05,102.47,106.16,670835,0.0,1.0
2025-09-30 00:00:00,100.66,103.0,96.17,98.22,98.22,879840,103.0,96.17,100.66,879840,0.0,1.0
2025-10-01 00:00:00,97.97,100.0,90.56,92.2,92.2,887679,100.0,90.56,97.97,887679,0.0,1.0
2025-10-02 00:00:00,93.9,97.46,90.45,96.39,96.39,608902,97.46,90.45,93.9,608902,0.0,1.0
2025-10-03 00:00:00,97.7,98.71,92.06,92.28,92.28,593461,98.71,92.06,97.7,593461,0.0,1.0
2025-10-06 00:00:00,94.21,94.788,84.3594,84.58,84.58,1148470,94.788,84.3594,94.21,1148470,0.0,1.0
2025-10-07 00:00:00,85.07,88.62,82.28,84.36,84.36,944753,88.62,82.28,85.07,944753,0.0,1.0
2025-10-08 00:00:00,84.99,88.95,84.11,87.91,87.91,553725,88.95,84.11,84.99,553725,0.0,1.0
2025-10-09 00:00:00,87.91,94.94,87.65,91.18,91.18,659447,94.94,87.65,87.91,659447,0.0,1.0
2025-10-10 00:00:00,90.71,95.1657,85.5,85.72,85.72,897880,95.1657,85.5,90.71,897880,0.0,1.0
2025-10-13 00:00:00,89.0,97.5,88.89,94.96,94.96,662608,97.5,88.89,89.0,662608,0.0,1.0
2025-10-14 00:00:00,89.64,95.0,87.01,91.91,91.91,489276,95.0,87.01,89.64,489276,0.0,1.0
2025-10-15 00:00:00,94.79,97.89,91.5,93.235,93.235,423828,97.89,91.5,94.79,423828,0.0,1.0
2025-10-16 00:00:00,94.87,95.2662,88.1,88.78,88.78,509474,95.2662,88.1,94.87,509474,0.0,1.0
2025-10-17 00:00:00,87.0,90.05,84.0,87.06,87.06,410464,90.05,84.0,87.0,410464,0.0,1.0
2025-10-20 00:00:00,90.29,90.35,82.805,83.64,83.64,491294,90.35,82.805,90.29,491294,0.0,1.0
2025-10-21 00:00:00,83.06,84.8028,81.08,81.33,81.33,319276,84.8028,81.08,83.06,319276,0.0,1.0
2025-10-22 00:00:00,80.45,80.99,73.6,77.57,77.57,810511,80.99,73.6,80.45,810511,0.0,1.0
2025-10-23 00:00:00,78.7,81.615,77.52,80.52,80.52,351229,81.615,77.52,78.7,351229,0.0,1.0
2025-10-24 00:00:00,83.7,84.5,81.12,83.56,83.56,334635,84.5,81.12,83.7,334635,0.0,1.0
2025-10-27 00:00:00,85.21,85.5,79.8,82.07,82.07,493737,85.5,79.8,85.21,493737,0.0,1.0
2025-10-28 00:00:00,82.07,84.53,81.07,81.22,81.22,317753,84.53,81.07,82.07,317753,0.0,1.0
2025-10-29 00:00:00,82.05,89.2,81.4,88.05,88.05,586012,89.2,81.4,82.05,586012,0.0,1.0
2025-10-30 00:00:00,85.13,87.57,82.05,82.95,82.95,446682,87.57,82.05,85.13,446682,0.0,1.0
2025-10-31 00:00:00,84.88,86.7757,83.8,85.62,85.62,417707,86.7757,83.8,84.88,417707,0.0,1.0
2025-11-03 00:00:00,86.55,89.5,84.85,89.07,89.07,427579,89.5,84.85,86.55,427579,0.0,1.0
2025-11-04 00:00:00,82.79,86.75,81.05,84.07,84.07,527611,86.75,81.05,82.79,527611,0.0,1.0
2025-11-05 00:00:00,85.55,91.03,85.4,88.55,88.55,571225,91.03,85.4,85.55,571225,0.0,1.0
2025-11-06 00:00:00,88.77,88.77,79.21,81.24,81.24,712319,88.77,79.21,88.77,712319,0.0,1.0
2025-11-07 00:00:00,56.87,67.9198,44.1701,65.69,65.69,5381163,67.9198,44.1701,56.87,5381163,0.0,1.0
2025-11-10 00:00:00,68.85,70.5,63.0115,64.95,64.95,1742348,70.5,63.0115,68.85,1742348,0.0,1.0
2025-11-11 00:00:00,64.0,64.0,58.3826,61.94,61.94,1085716,64.0,58.3826,64.0,1085716,0.0,1.0
2025-11-12 00:00:00,63.05,67.83,62.8963,64.63,64.63,743388,67.83,62.8963,63.05,743388,0.0,1.0
2025-11-13 00:00:00,62.6,62.6,57.59,58.255,58.255,898847,62.6,57.59,62.6,898847,0.0,1.0
2025-11-14 00:00:00,55.5,60.88,55.0,58.25,58.25,741063,60.88,55.0,55.5,741063,0.0,1.0
2025-11-17 00:00:00,58.17,59.0,53.405,54.56,54.56,692304,59.0,53.405,58.17,692304,0.0,1.0
2025-11-18 00:00:00,53.03,54.72,51.53,53.05,53.05,969874,54.72,51.53,53.03,969874,0.0,1.0
2025-11-19 00:00:00,53.99,55.3,52.0001,52.24,52.24,544915,55.3,52.0001,53.99,544915,0.0,1.0
2025-11-20 00:00:00,56.97,57.54,51.09,51.46,51.46,748977,57.54,51.09,56.97,748977,0.0,1.0
2025-11-21 00:00:00,50.93,53.66,49.3401,52.15,52.15,738795,53.66,49.3401,50.93,738795,0.0,1.0
2025-11-24 00:00:00,53.28,55.36,52.07,55.02,55.02,443603,55.36,52.07,53.28,443603,0.0,1.0
2025-11-25 00:00:00,54.58,54.985,51.6901,54.3,54.3,400384,54.985,51.6901,54.58,400384,0.0,1.0
2025-11-26 00:00:00,54.83,55.405,52.55,52.61,52.61,368440,55.405,52.55,54.83,368440,0.0,1.0
2025-11-28 00:00:00,53.4,54.48,53.03,54.08,54.08,153155,54.48,53.03,53.4,153155,0.0,1.0
2025-12-01 00:00:00,55.0,56.55,52.63,52.73,52.73,493176,56.55,52.63,55.0,493176,0.0,1.0
2025-12-02 00:00:00,53.71,56.19,53.61,54.48,54.48,372210,56.19,53.61,53.71,372210,0.0,1.0
2025-12-03 00:00:00,54.5,58.98,53.35,58.68,58.68,411356,58.98,53.35,54.5,411356,0.0,1.0
2025-12-04 00:00:00,58.73,62.26,58.0,61.12,61.12,457452,62.26,58.0,58.73,457452,0.0,1.0
2025-12-05 00:00:00,61.0,62.25,58.617007,59.53,59.53,368307,62.25,58.617007,61.0,368307,0.0,1.0
2025-12-08 00:00:00,60.46,60.76,58.02,59.48,59.48,330213,60.76,58.02,60.46,330213,0.0,1.0
2025-12-09 00:00:00,58.8,63.94,58.8,63.66,63.66,515174,63.94,58.8,58.8,515174,0.0,1.0
2025-12-10 00:00:00,63.63,64.87,61.3301,63.44,63.44,524301,64.87,61.3301,63.63,524301,0.0,1.0
2025-12-11 00:00:00,62.9,66.21,60.49,65.76,65.76,345072,66.21,60.49,62.9,345072,0.0,1.0
2025-12-12 00:00:00,66.15,66.45,61.05,62.95,62.95,541043,66.45,61.05,66.15,541043,0.0,1.0
2025-12-15 00:00:00,64.53,66.92,64.53,66.28,66.28,670900,66.92,64.53,64.53,670900,0.0,1.0
2025-12-16 00:00:00,64.91,66.8568,62.1,65.3,65.3,496948,66.8568,62.1,64.91,496948,0.0,1.0
2025-12-17 00:00:00,66.0,67.19,61.8645,62.39,62.39,469539,67.19,61.8645,66.0,469539,0.0,1.0
2025-12-18 00:00:00,65.41,67.67,64.465,65.34,65.34,385813,67.67,64.465,65.41,385813,0.0,1.0
2025-12-19 00:00:00,65.89,69.1,65.43,68.73,68.73,766956,69.1,65.43,65.89,766956,0.0,1.0
2025-12-22 00:00:00,69.83,69.9,66.49,67.03,67.03,451496,69.9,66.49,69.83,451496,0.0,1.0
2025-12-23 00:00:00,66.91,68.0099,65.995,67.04,67.04,251995,68.0099,65.995,66.91,251995,0.0,1.0
2025-12-24 00:00:00,66.0,66.855,64.0,66.53,66.53,176334,66.855,64.0,66.0,176334,0.0,1.0
2025-12-26 00:00:00,66.69,66.77,64.0,65.49,65.49,313968,66.77,64.0,66.69,313968,0.0,1.0
2025-12-29 00:00:00,63.98,65.0,62.1,62.47,62.47,419990,65.0,62.1,63.98,419990,0.0,1.0
2025-12-30 00:00:00,62.3,62.3,58.99,59.19,59.19,418364,62.3,58.99,62.3,418364,0.0,1.0
2025-12-31 00:00:00,58.9,59.72,55.84,57.14,57.14,802534,59.72,55.84,58.9,802534,0.0,1.0
2026-01-02 00:00:00,59.2,61.61,58.2,61.53,61.53,497648,61.61,58.2,59.2,497648,0.0,1.0
2026-01-05 00:00:00,62.3,69.3,62.3,68.52,68.52,529756,69.3,62.3,62.3,529756,0.0,1.0
2026-01-06 00:00:00,68.66,68.82,65.0,67.95,67.95,506496,68.82,65.0,68.66,506496,0.0,1.0
2026-01-07 00:00:00,67.43,67.5,63.66,64.05,64.05,391373,67.5,63.66,67.43,391373,0.0,1.0
2026-01-08 00:00:00,63.94,65.5863,62.0001,63.17,63.17,283210,65.5863,62.0001,63.94,283210,0.0,1.0
2026-01-09 00:00:00,64.54,66.94,63.785,66.78,66.78,275348,66.94,63.785,64.54,275348,0.0,1.0
2026-01-12 00:00:00,66.34,71.2,66.0,71.03,71.03,475801,71.2,66.0,66.34,475801,0.0,1.0
2026-01-13 00:00:00,71.57,74.4899,71.2,72.99,72.99,405838,74.4899,71.2,71.57,405838,0.0,1.0
2026-01-14 00:00:00,72.72,72.82,67.53,71.0,71.0,362949,72.82,67.53,72.72,362949,0.0,1.0
2026-01-15 00:00:00,72.94,76.895,72.135793,75.47,75.47,368472,76.895,72.135793,72.94,368472,0.0,1.0
2026-01-16 00:00:00,76.19,79.0,74.0758,76.0,76.0,525215,79.0,74.0758,76.19,525215,0.0,1.0
2026-01-20 00:00:00,73.35,79.82,72.75,76.895,76.895,411186,79.82,72.75,73.35,411186,0.0,1.0
2026-01-21 00:00:00,78.7,79.665,72.66,77.66,77.66,346394,79.665,72.66,78.7,346394,0.0,1.0
2026-01-22 00:00:00,79.65,80.0,76.1,78.82,78.82,280773,80.0,76.1,79.65,280773,0.0,1.0
2026-01-23 00:00:00,78.62,78.755,75.0101,77.25,77.25,259836,78.755,75.0101,78.62,259836,0.0,1.0
2026-01-26 00:00:00,76.57,78.55,73.5687,76.73,76.73,237732,78.55,73.5687,76.57,237732,0.0,1.0
2026-01-27 00:00:00,76.73,76.73,71.9,74.01,74.01,383389,76.73,71.9,76.73,383389,0.0,1.0
2026-01-28 00:00:00,75.47,76.48,72.31,72.93,72.93,343847,76.48,72.31,75.47,343847,0.0,1.0
2026-01-29 00:00:00,73.22,77.99,70.65,75.72,75.72,437510,77.99,70.65,73.22,437510,0.0,1.0
2026-01-30 00:00:00,73.91,77.3,71.25,71.66,71.66,312404,77.3,71.25,73.91,312404,0.0,1.0
2026-02-02 00:00:00,71.79,76.0,69.0,72.05,72.05,466164,76.0,69.0,71.79,466164,0.0,1.0
2026-02-03 00:00:00,73.99,79.25,72.3,79.12,79.12,537082,79.25,72.3,73.99,537082,0.0,1.0
2026-02-04 00:00:00,79.5,79.5,66.0,70.11,70.11,646810,79.5,66.0,79.5,646810,0.0,1.0
2026-02-05 00:00:00,67.89,69.7799,65.96,67.95,67.95,368125,69.7799,65.96,67.89,368125,0.0,1.0
2026-02-06 00:00:00,70.9,81.405,70.5,80.97,80.97,596030,81.405,70.5,70.9,596030,0.0,1.0
2026-02-09 00:00:00,80.82,87.5,80.3,86.43,86.43,583590,87.5,80.3,80.82,583590,0.0,1.0
2026-02-10 00:00:00,85.96,86.69,83.01,83.52,83.52,320218,86.69,83.01,85.96,320218,0.0,1.0
2026-02-11 00:00:00,85.68,88.0,82.0201,85.86,85.86,461991,88.0,82.0201,85.68,461991,0.0,1.0
2026-02-12 00:00:00,87.0,95.07,87.0,92.72,92.72,839094,95.07,87.0,87.0,839094,0.0,1.0
2026-02-13 00:00:00,94.34,106.5,92.88,98.77,98.77,1015229,106.5,92.88,94.34,1015229,0.0,1.0
2026-02-17 00:00:00,97.55,97.55,89.17,93.83,93.83,657989,97.55,89.17,97.55,657989,0.0,1.0
2026-02-18 00:00:00,93.67,94.445,89.0012,90.44,90.44,369920,94.445,89.0012,93.67,369920,0.0,1.0
2026-02-19 00:00:00,89.11,90.2199,82.24,84.78,84.78,468208,90.2199,82.24,89.11,468208,0.0,1.0
2026-02-20 00:00:00,83.42,89.9499,82.25,88.09,88.09,359425,89.9499,82.25,83.42,359425,0.0,1.0
2026-02-23 00:00:00,87.25,90.2912,85.51,88.44,88.44,271605,90.2912,85.51,87.25,271605,0.0,1.0
2026-02-24 00:00:00,88.51,96.09,86.66,95.55,95.55,541057,96.09,86.66,88.51,541057,0.0,1.0
2026-02-25 00:00:00,96.66,97.04,92.23,95.51,95.51,293174,97.04,92.23,96.66,293174,0.0,1.0
2026-02-26 00:00:00,95.32,95.32,89.32,92.07,92.07,338693,95.32,89.32,95.32,338693,0.0,1.0
2026-02-27 00:00:00,89.51,90.24,81.5401,83.5,83.5,551998,90.24,81.5401,89.51,551998,0.0,1.0
2026-03-02 00:00:00,79.99,85.78,78.2,85.75,85.75,536879,85.78,78.2,79.99,536879,0.0,1.0
2026-03-03 00:00:00,72.26,72.34,59.52,60.91,60.91,1934763,72.34,59.52,72.26,1934763,0.0,1.0
2026-03-04 00:00:00,62.79,64.0,58.04,60.0,60.0,1165523,64.0,58.04,62.79,1165523,0.0,1.0
2026-03-05 00:00:00,58.9,60.5,53.005,53.82,53.82,1261336,60.5,53.005,58.9,1261336,0.0,1.0
2026-03-06 00:00:00,51.42,54.76,51.4,52.15,52.15,641779,54.76,51.4,51.42,641779,0.0,1.0
2026-03-09 00:00:00,50.88,52.93,48.52,52.34,52.34,731866,52.93,48.52,50.88,731866,0.0,1.0
2026-03-10 00:00:00,52.645,54.08,52.06,52.56,52.56,571981,54.08,52.06,52.645,571981,0.0,1.0
2026-03-11 00:00:00,52.75,57.23,52.75,55.5,55.5,769892,57.23,52.75,52.75,769892,0.0,1.0
2026-03-12 00:00:00,56.9,61.34,56.19,60.57,60.57,1035721,61.34,56.19,56.9,1035721,0.0,1.0
2026-03-13 00:00:00,60.8,62.6216,55.03,56.74,56.74,1208297,62.6216,55.03,60.8,1208297,0.0,1.0
2026-03-16 00:00:00,57.66,60.948,57.66,59.26,59.26,853281,60.948,57.66,57.66,853281,0.0,1.0
2026-03-17 00:00:00,59.01,59.981,55.11,55.55,55.55,739182,59.981,55.11,59.01,739182,0.0,1.0
2026-03-18 00:00:00,56.61,57.3044,53.74,53.8,53.8,583060,57.3044,53.74,56.61,583060,0.0,1.0
2026-03-19 00:00:00,51.92,54.79,50.57,54.3,54.3,520700,54.79,50.57,51.92,520700,0.0,1.0
2026-03-20 00:00:00,53.31,55.0,51.96,52.84,52.84,525846,55.0,51.96,53.31,525846,0.0,1.0
2026-03-23 00:00:00,53.3,57.48,52.5201,56.68,56.68,481469,57.48,52.5201,53.3,481469,0.0,1.0
2026-03-24 00:00:00,54.36,59.738,54.36,59.07,59.07,421750,59.738,54.36,54.36,421750,0.0,1.0
2026-03-25 00:00:00,60.94,68.69,60.94,64.94,64.94,1163483,68.69,60.94,60.94,1163483,0.0,1.0
2026-03-26 00:00:00,62.95,63.88,58.65,58.95,58.95,563626,63.88,58.65,62.95,563626,0.0,1.0
2026-03-27 00:00:00,58.11,62.17,57.11,59.64,59.64,559389,62.17,57.11,58.11,559389,0.0,1.0
2026-03-30 00:00:00,59.58,60.52,54.98,56.11,56.11,607405,60.52,54.98,59.58,607405,0.0,1.0
2026-03-31 00:00:00,58.04,61.5,56.165,60.88,60.88,758688,61.5,56.165,58.04,758688,0.0,1.0
2026-04-01 00:00:00,62.5,68.64,62.5,66.18,66.18,705964,68.64,62.5,62.5,705964,0.0,1.0
2026-04-02 00:00:00,62.73,69.37,62.22,67.55,67.55,449463,69.37,62.22,62.73,449463,0.0,1.0
2026-04-06 00:00:00,67.9,68.9999,63.71,64.865,64.865,428443,68.9999,63.71,67.9,428443,0.0,1.0
2026-04-07 00:00:00,63.9,65.37,61.0601,62.49,62.49,484848,65.37,61.0601,63.9,484848,0.0,1.0
2026-04-08 00:00:00,69.23,71.29,66.32,69.22,69.22,821510,71.29,66.32,69.23,821510,0.0,1.0
2026-04-09 00:00:00,68.18,76.71,68.18,75.25,75.25,671415,76.71,68.18,68.18,671415,0.0,1.0
2026-04-10 00:00:00,75.25,79.48,75.04,77.64,77.64,545434,79.48,75.04,75.25,545434,0.0,1.0
2026-04-13 00:00:00,75.18,78.75,72.35,78.1,78.1,564984,78.75,72.35,75.18,564984,0.0,1.0
2026-04-14 00:00:00,80.0,85.9899,80.0,85.4,85.4,887390,85.9899,80.0,80.0,887390,0.0,1.0
2026-04-15 00:00:00,85.53,88.179,80.55,83.13,83.13,723720,88.179,80.55,85.53,723720,0.0,1.0
2026-04-16 00:00:00,82.12,85.825,81.84,82.47,82.47,618328,85.825,81.84,82.12,618328,0.0,1.0
2026-04-17 00:00:00,84.62,85.75,78.79,79.6,79.6,466874,85.75,78.79,84.62,466874,0.0,1.0
2026-04-20 00:00:00,77.9,80.165,75.5,78.59,78.59,361934,80.165,75.5,77.9,361934,0.0,1.0
2026-04-21 00:00:00,78.79,80.8,75.1,75.6,75.6,422289,80.8,75.1,78.79,422289,0.0,1.0
2026-04-22 00:00:00,78.4,84.98,78.4,84.43,84.43,563768,84.98,78.4,78.4,563768,0.0,1.0
2026-04-23 00:00:00,83.0,83.68,76.55,78.23,78.23,341316,83.68,76.55,83.0,341316,0.0,1.0
2026-04-24 00:00:00,80.5,81.0324,75.5,77.04,77.04,299738,81.0324,75.5,80.5,299738,0.0,1.0
2026-04-27 00:00:00,76.74,77.49,72.0,74.27,74.27,346194,77.49,72.0,76.74,346194,0.0,1.0
2026-04-28 00:00:00,72.0,73.5181,66.44,69.15,69.15,773401,73.5181,66.44,72.0,773401,0.0,1.0
2026-04-29 00:00:00,71.19,71.19,66.47,66.96,66.96,441220,71.19,66.47,71.19,441220,0.0,1.0
2026-04-30 00:00:00,67.15,73.64,67.0001,73.27,73.27,447657,73.64,67.0001,67.15,447657,0.0,1.0
2026-05-01 00:00:00,73.31,73.35,69.57,70.5,70.5,365506,73.35,69.57,73.31,365506,0.0,1.0
2026-05-04 00:00:00,71.74,71.78,67.61,67.78,67.78,487818,71.78,67.61,71.74,487818,0.0,1.0
2026-05-05 00:00:00,69.0,71.6,67.0,69.09,69.09,478264,71.6,67.0,69.0,478264,0.0,1.0
2026-05-06 00:00:00,72.0,75.36,70.0,74.49,74.49,554535,75.36,70.0,72.0,554535,0.0,1.0
2026-05-07 00:00:00,74.0,74.49,70.34,71.99,71.99,474029,74.49,70.34,74.0,474029,0.0,1.0
2026-05-08 00:00:00,72.41,76.32,71.4214,75.91,75.91,576111,76.32,71.4214,72.41,576111,0.0,1.0
2026-05-11 00:00:00,76.32,82.48,61.36,62.45,62.45,3796626,82.48,61.36,76.32,3796626,0.0,1.0
2026-05-12 00:00:00,41.1,43.0,36.4,38.0,38.0,5176437,43.0,36.4,41.1,5176437,0.0,1.0
2026-05-13 00:00:00,39.24,45.45,38.7,45.11,45.11,2478868,45.45,38.7,39.24,2478868,0.0,1.0
2026-05-14 00:00:00,45.05,47.98,40.525,41.3,41.3,2135987,47.98,40.525,45.05,2135987,0.0,1.0
2026-05-15 00:00:00,38.88,40.56,38.11,38.75,38.75,1104969,40.56,38.11,38.88,1104969,0.0,1.0
2026-05-18 00:00:00,39.9,40.95,37.89,38.93,38.93,1092057,40.95,37.89,39.9,1092057,0.0,1.0
2026-05-19 00:00:00,38.19,38.3,35.88,36.36,36.36,932532,38.3,35.88,38.19,932532,0.0,1.0
2026-05-20 00:00:00,36.7,37.055,35.7698,36.96,36.96,713959,37.055,35.7698,36.7,713959,0.0,1.0
2026-05-21 00:00:00,37.45,39.68,37.03,39.59,39.59,746470,39.68,37.03,37.45,746470,0.0,1.0
2026-05-22 00:00:00,39.5,39.813,38.365,38.87,38.87,600692,39.813,38.365,39.5,600692,0.0,1.0
2026-05-26 00:00:00,40.08,44.26,40.0,42.99,42.99,975493,44.26,40.0,40.08,975493,0.0,1.0
2026-05-27 00:00:00,42.91,43.78,41.0,42.84,42.84,559826,43.78,41.0,42.91,559826,0.0,1.0
2026-05-28 00:00:00,42.33,42.48,40.6101,41.99,41.99,685185,42.48,40.6101,42.33,685185,0.0,1.0
2026-05-29 00:00:00,41.94,42.88,40.54,41.68,41.68,494576,42.88,40.54,41.94,494576,0.0,1.0
2026-06-01 00:00:00,40.8,41.52,38.67,39.38,39.38,773485,41.52,38.67,40.8,773485,0.0,1.0
2026-06-02 00:00:00,39.49,41.48,39.49,40.59,40.59,508326,41.48,39.49,39.49,508326,0.0,1.0
2026-06-03 00:00:00,40.33,41.2172,39.5,40.42,40.42,392655,41.2172,39.5,40.33,392655,0.0,1.0
2026-06-04 00:00:00,39.54,40.72,39.49,40.18,40.18,427788,40.72,39.49,39.54,427788,0.0,1.0
2026-06-05 00:00:00,38.83,39.57,36.63,37.61,37.61,806600,39.57,36.63,38.83,806600,0.0,1.0
2026-06-08 00:00:00,38.65,40.35,38.0,39.85,39.85,683964,40.35,38.0,38.65,683964,0.0,1.0
2026-06-09 00:00:00,40.355,41.93,36.6,39.14,39.14,470847,41.93,36.6,40.355,470847,0.0,1.0
2026-06-10 00:00:00,38.55,39.77,37.61,38.29,38.29,517160,39.77,37.61,38.55,517160,0.0,1.0
2026-06-11 00:00:00,38.81,41.8,38.7168,40.58,40.58,424764,41.8,38.7168,38.81,424764,0.0,1.0
2026-06-12 00:00:00,40.65,42.35,40.16,40.72,40.72,340617,42.35,40.16,40.65,340617,0.0,1.0
2026-06-15 00:00:00,42.0,43.23,39.1201,39.44,39.44,550486,43.23,39.1201,42.0,550486,0.0,1.0
2026-06-16 00:00:00,39.59,40.157,38.55,39.02,39.02,365493,40.157,38.55,39.59,365493,0.0,1.0
2026-06-17 00:00:00,39.18,40.3,38.88,38.92,38.92,257624,40.3,38.88,39.18,257624,0.0,1.0
2026-06-18 00:00:00,40.0,40.775,39.0,40.31,40.31,432178,40.775,39.0,40.0,432178,0.0,1.0
2026-06-22 00:00:00,39.06,40.08,38.7,39.11,39.11,518536,40.08,38.7,39.06,518536,0.0,1.0
2026-06-23 00:00:00,37.6,39.29,37.31,39.09,39.09,322143,39.29,37.31,37.6,322143,0.0,1.0
2026-06-24 00:00:00,39.09,39.7,37.975,38.44,38.44,355189,39.7,37.975,39.09,355189,0.0,1.0
2026-06-25 00:00:00,39.26,39.78,38.16,38.71,38.71,309007,39.78,38.16,39.26,309007,0.0,1.0
2026-06-26 00:00:00,38.04,38.8,37.51,37.99,37.99,544169,38.8,37.51,38.04,544169,0.0,1.0
2026-06-29 00:00:00,38.0,39.25,36.28,36.46,36.46,466471,39.25,36.28,38.0,466471,0.0,1.0
2026-06-30 00:00:00,36.72,39.4001,36.55,38.89,38.89,296584,39.4001,36.55,36.72,296584,0.0,1.0
2026-07-01 00:00:00,38.08,38.49,36.46,36.72,36.72,328337,38.49,36.46,38.08,328337,0.0,1.0
2026-07-02 00:00:00,37.5,38.03,36.26,37.08,37.08,491364,38.03,36.26,37.5,491364,0.0,1.0
2026-07-06 00:00:00,37.77,38.73,36.2,36.68,36.68,348381,38.73,36.2,37.77,348381,0.0,1.0
2026-07-07 00:00:00,36.0,36.43,33.6,34.73,34.73,440311,36.43,33.6,36.0,440311,0.0,1.0
2026-07-08 00:00:00,33.98,35.31,33.33,34.65,34.65,549568,35.31,33.33,33.98,549568,0.0,1.0
2026-07-09 00:00:00,35.65,35.69,34.63,34.68,34.68,300961,35.69,34.63,35.65,300961,0.0,1.0
2026-07-10 00:00:00,35.14,35.89,34.43,34.52,34.52,292520,35.89,34.43,35.14,292520,0.0,1.0
2026-07-13 00:00:00,33.8,34.155,31.9,32.18,32.18,520842,34.155,31.9,33.8,520842,0.0,1.0
2026-07-14 00:00:00,32.73,33.36,31.8932,32.63,32.63,388969,33.36,31.8932,32.73,388969,0.0,1.0
2026-07-15 00:00:00,32.93,33.75,32.03,33.46,33.46,868144,33.75,32.03,32.93,868144,0.0,1.0
2026-07-16 00:00:00,32.49,33.38,31.2,31.76,31.76,394260,33.38,31.2,32.49,394260,0.0,1.0
2026-07-17 00:00:00,29.92,31.255,29.555,30.25,30.25,457274,31.255,29.555,29.92,457274,0.0,1.0
2026-07-20 00:00:00,30.45,31.5,29.31,29.9,29.9,449007,31.5,29.31,30.45,449007,0.0,1.0
2026-07-21 00:00:00,30.64,31.92,30.3,31.78,31.78,284827,31.92,30.3,30.64,284827,0.0,1.0
2026-07-22 00:00:00,31.7,33.41,31.51,33.2,33.2,342298,33.41,31.51,31.7,342298,0.0,1.0
2026-07-23 00:00:00,32.6,33.24,31.26,31.38,31.38,338544,33.24,31.26,32.6,338544,0.0,1.0
2026-07-24 00:00:00,31.36,31.745,29.85,29.96,29.96,307425,31.745,29.85,31.36,307425,0.0,1.0
2026-07-27 00:00:00,30.63,30.99,29.29,30.06,30.06,321404,30.99,29.29,30.63,321404,0.0,1.0
2026-07-28 00:00:00,29.3,29.3,27.26,27.9,27.9,829436,29.3,27.26,29.3,829436,0.0,1.0
2026-07-29 00:00:00,27.9,28.01,25.281,25.44,25.44,563972,28.01,25.281,27.9,563972,0.0,1.0
2026-07-30 00:00:00,26.35,28.405,25.8914,27.83,27.83,636787,28.405,25.8914,26.35,636787,0.0,1.0
2026-07-31 00:00:00,28.58,29.16,26.745,27.61,27.61,434543,29.16,26.745,28.58,434543,0.0,1.0
2026-08-03 00:00:00,27.61,28.99,27.0,28.78,28.78,594922,28.99,27.0,27.61,594922,0.0,1.0
2026-08-04 00:00:00,30.5,34.98,30.28,34.86,34.86,935846,34.98,30.28,30.5,935846,0.0,1.0
2026-08-05 00:00:00,34.78,34.96,32.9,32.93,32.93,426673,34.96,32.9,34.78,426673,0.0,1.0
2026-08-06 00:00:00,32.44,33.95,32.08,33.02,33.02,411243,33.95,32.08,32.44,411243,0.0,1.0
2026-08-07 00:00:00,40.06,42.03,38.28,40.82,40.82,1290650,42.03,38.28,40.06,1290650,0.0,1.0
2026-08-10 00:00:00,41.23,44.17,39.9302,43.0,43.0,1056752,44.17,39.9302,41.23,1056752,0.0,1.0
2026-08-11 00:00:00,43.68,44.0,41.03,42.15,42.15,592735,44.0,41.03,43.68,592735,0.0,1.0
2026-08-12 00:00:00,43.4,43.5,41.66,42.53,42.53,501918,43.5,41.66,43.4,501918,0.0,1.0
2026-08-13 00:00:00,42.87,43.4,40.5,41.07,41.07,494298,43.4,40.5,42.87,494298,0.0,1.0
2026-08-14 00:00:00,41.1,41.865,40.1,40.54,40.54,413197,41.865,40.1,41.1,413197,0.0,1.0
2026-08-17 00:00:00,41.37,41.37,39.2615,39.5,39.5,331878,41.37,39.2615,41.37,331878,0.0,1.0
2026-08-18 00:00:00,38.85,38.85,37.11,37.23,37.23,292452,38.85,37.11,38.85,292452,0.0,1.0
2026-08-19 00:00:00,37.05,37.39,35.58,37.29,37.29,365331,37.39,35.58,37.05,365331,0.0,1.0
2026-08-20 00:00:00,37.09,37.35,35.33,36.3,36.3,288362,37.35,35.33,37.09,288362,0.0,1.0
2026-08-21 00:00:00,37.06,37.25,35.7,36.43,36.43,300489,37.25,35.7,37.06,300489,0.0,1.0
2026-08-24 00:00:00,36.43,36.43,34.84,34.97,34.97,387651,36.43,34.84,36.43,387651,0.0,1.0
2026-08-25 00:00:00,36.39,36.75,35.29,36.23,36.23,172465,36.75,35.29,36.39,172465,0.0,1.0
2026-08-26 00:00:00,36.4,37.49,36.0,36.64,36.64,217667,37.49,36.0,36.4,217667,0.0,1.0
2026-08-27 00:00:00,36.48,38.47,36.48,37.77,37.77,280871,38.47,36.48,36.48,280871,0.0,1.0
2026-08-28 00:00:00,37.85,38.01,36.0,36.28,36.28,262928,38.01,36.0,37.85,262928,0.0,1.0
2026-08-31 00:00:00,36.43,36.5348,35.84,36.31,36.31,236975,36.5348,35.84,36.43,236975,0.0,1.0
2026-09-01 00:00:00,35.67,35.74,34.67,35.43,35.43,293612,35.74,34.67,35.67,293612,0.0,1.0
2026-09-02 00:00:00,35.43,36.49,35.19,35.69,35.69,281544,36.49,35.19,35.43,281544,0.0,1.0
2026-09-03 00:00:00,36.6,36.8,35.79,36.42,36.42,179057,36.8,35.79,36.6,179057,0.0,1.0
2026-09-04 00:00:00,36.97,40.76,36.23,40.49,40.49,447946,40.76,36.23,36.97,447946,0.0,1.0
2026-09-08 00:00:00,40.7,43.47,40.05,43.15,43.15,516708,43.47,40.05,40.7,516708,0.0,1.0
2026-09-09 00:00:00,42.83,43.92,41.67,42.08,42.08,421320,43.92,41.67,42.83,421320,0.0,1.0
2026-09-10 00:00:00,40.64,41.56,39.63,40.29,40.29,411965,41.56,39.63,40.64,411965,0.0,1.0
2026-09-11 00:00:00,41.1,43.12,40.85,42.11,42.11,320116,43.12,40.85,41.1,320116,0.0,1.0
2026-09-14 00:00:00,39.55,40.5,39.08,39.46,39.46,236423,40.5,39.08,39.55,236423,0.0,1.0
2026-09-15 00:00:00,40.05,40.51,39.0,39.25,39.25,254023,40.51,39.0,40.05,254023,0.0,1.0
2026-09-16 00:00:00,40.13,40.35,39.109,40.09,40.09,294110,40.35,39.109,40.13,294110,0.0,1.0
2026-09-17 00:00:00,43.49,46.9203,43.49,45.55,45.55,1108621,46.9203,43.49,43.49,1108621,0.0,1.0
2026-09-18 00:00:00,44.9,46.39,43.6001,45.87,45.87,710368,46.39,43.6001,44.9,710368,0.0,1.0
2026-09-21 00:00:00,46.66,46.66,44.77,45.91,45.91,462714,46.66,44.77,46.66,462714,0.0,1.0
2026-09-22 00:00:00,46.0,47.56,45.0,46.41,46.41,424160,47.56,45.0,46.0,424160,0.0,1.0
2026-09-23 00:00:00,46.0,47.1,45.26,46.88,46.88,359711,47.1,45.26,46.0,359711,0.0,1.0
2026-09-24 00:00:00,45.22,46.945,44.61,46.54,46.54,386865,46.945,44.61,45.22,386865,0.0,1.0
2026-09-25 00:00:00,47.24,48.32,46.21,46.65,46.65,307050,48.32,46.21,47.24,307050,0.0,1.0
2026-09-28 00:00:00,45.69,46.6,44.97,45.54,45.54,265068,46.6,44.97,45.69,265068,0.0,1.0
2026-09-29 00:00:00,46.29,47.39,45.29,47.1,47.1,253284,47.39,45.29,46.29,253284,0.0,1.0
2026-09-30 00:00:00,47.04,47.46,45.86,45.97,45.97,260041,47.46,45.86,47.04,260041,0.0,1.0
2026-10-01 00:00:00,46.51,46.51,45.01,45.4,45.4,258395,46.51,45.01,46.51,258395,0.0,1.0
2026-10-02 00:00:00,46.85,47.115,44.52,44.85,44.85,623043,47.115,44.52,46.85,623043,0.0,1.0
