Date,Open,High,Low,Close,Volume,Dividends,Stock Splits
2016-10-03 00:00:00,11.185128638787754,11.201308076737858,11.08805406836197,11.115019798278809,4410500,0.0,0.0
2016-10-04 00:00:00,11.115020011538363,11.17434256121877,10.931657159135417,10.964015007019043,3239400,0.0,0.0
2016-10-05 00:00:00,11.001771148074702,11.03412901109668,10.926269124810782,10.947840690612793,2985500,0.0,0.0
2016-10-06 00:00:00,10.942446499650472,11.044913217933324,10.893909199984817,11.001769065856934,1682000,0.0,0.0
2016-10-07 00:00:00,11.001765969210009,11.039516963071433,10.9046913972021,11.012552261352539,3577800,0.0,0.0
2016-10-10 00:00:00,11.039519319092506,11.07727134964829,10.931659460560374,10.942445755004883,2088900,0.0,0.0
2016-10-11 00:00:00,10.931657811822674,10.937050958231522,10.705150805838551,10.742901802062988,3325600,0.0,0.0
2016-10-12 00:00:00,10.732115909210503,10.872334635153736,10.672793353777337,10.818404197692871,2281900,0.0,0.0
2016-10-13 00:00:00,10.753688094880685,10.807618530331666,10.662006663205267,10.742901802062988,3630700,0.0,0.0
2016-10-14 00:00:00,10.807617275948445,10.899297668345504,10.769865255468188,10.850761413574219,2953100,0.0,0.0
2016-10-17 00:00:00,10.850763555479883,10.883121407927204,10.68897223596812,10.699758529663086,2667200,0.0,0.0
2016-10-18 00:00:00,10.786043608468203,10.813008306034464,10.645824918121644,10.667397499084473,2803000,0.0,0.0
2016-10-19 00:00:00,10.667400835321132,10.823797981665848,10.667400835321132,10.786046981811523,2676600,0.0,0.0
2016-10-20 00:00:00,10.769867659578681,10.818404953822116,10.72672351232203,10.780653953552246,1865400,0.0,0.0
2016-10-21 00:00:00,10.748295981957199,10.807619569521194,10.715938129030292,10.786046981811523,2965100,0.0,0.0
2016-10-24 00:00:00,10.850763795273075,10.980196236560289,10.83458435437307,10.969409942626953,3554600,0.0,0.0
2016-10-25 00:00:00,10.969406847232944,11.001764691264473,10.893904868280273,10.980193138122559,6663000,0.0,0.0
2016-10-26 00:00:00,10.780650345063846,10.813008187516148,10.505606112626115,10.67279052734375,6546300,0.0,0.0
2016-10-27 00:00:00,10.7159363823625,10.759080522111867,10.662005950516432,10.732114791870117,3172100,0.0,0.0
2016-10-28 00:00:00,10.75368797667183,10.83458311464032,10.667399692353776,10.748294830322266,3391900,0.0,0.0
2016-10-31 00:00:00,10.786047179081697,10.850763914756739,10.73750988448482,10.823798179626465,4565400,0.0,0.0
2016-11-01 00:00:00,10.861547034970046,10.964014750952051,10.602682200672007,10.64582633972168,4887100,0.0,0.0
2016-11-02 00:00:00,10.672792242613133,11.039516916164041,10.554145086824299,10.732114791870117,6396500,0.0,0.0
2016-11-03 00:00:00,10.737506329939114,10.796829898949618,10.645824918121644,10.667397499084473,4616500,0.0,0.0
2016-11-04 00:00:00,10.667398230716977,10.737507066380092,10.451676520842335,10.586502075195312,5626900,0.0,0.0
2016-11-07 00:00:00,10.753686172627232,10.985586283567367,10.726720445403195,10.980193138122559,4416500,0.0,0.0
2016-11-08 00:00:00,10.980194413562382,11.098840541217918,10.95862182927732,11.012552261352539,4279200,0.0,0.0
2016-11-09 00:00:00,10.79143961052389,10.79143961052389,10.494822715585336,10.715937614440918,10282500,0.0,0.0
2016-11-10 00:00:00,10.791438853976448,10.888513429927619,10.54335926780818,10.753687858581543,7608100,0.0,0.0
2016-11-11 00:00:00,10.710543281823718,11.115019979431715,10.699756989681187,11.012552261352539,5746600,0.0,0.0
2016-11-14 00:00:00,11.03412304016516,11.185128033617088,11.012551486036234,11.09883975982666,4906800,0.0,0.0
2016-11-15 00:00:00,11.136590751030303,11.201307470691804,11.039516185856732,11.09883975982666,3444800,0.0,0.0
2016-11-16 00:00:00,11.093449830582312,11.163559716263125,11.00716153177336,11.082663536071777,2989500,0.0,0.0
2016-11-17 00:00:00,11.061090155658027,11.163557879372384,11.061090155658027,11.125805854797363,3062100,0.0,0.0
2016-11-18 00:00:00,11.12041440966171,11.195916406103345,10.990980946279542,11.04491138458252,3404600,0.0,0.0
2016-11-21 00:00:00,11.093445387906737,11.352310180664064,11.08265909771587,11.352310180664062,4162300,0.0,0.0
2016-11-22 00:00:00,11.390066421573994,11.476354717835813,11.341529126347018,11.470961570739746,3242900,0.0,0.0
2016-11-23 00:00:00,11.4763525850327,11.589605567089919,11.470959438938912,11.578819274902344,2357300,0.0,0.0
2016-11-25 00:00:00,11.594998595239478,11.638142734913476,11.541068163487623,11.584212303161621,1341200,0.0,0.0
2016-11-28 00:00:00,11.568033067331655,11.600390912616348,11.417028074940832,11.433207511901855,2830400,0.0,0.0
2016-11-29 00:00:00,11.454779537232127,11.497923675599507,11.390063843999755,11.411635398864746,2167700,0.0,0.0
2016-11-30 00:00:00,11.406244599060386,11.481747628211044,11.336135745532214,11.34152889251709,3653600,0.0,0.0
2016-12-01 00:00:00,11.357706699085178,11.384672432571374,11.120414416231965,11.18513011932373,3316700,0.0,0.0
2016-12-02 00:00:00,11.168951757312078,11.249847936941597,11.023340896981779,11.039519309997559,3776700,0.0,0.0
2016-12-05 00:00:00,11.120413751961292,11.282204028663825,11.066483316847952,11.266024589538574,4785600,0.0,0.0
2016-12-06 00:00:00,11.276812304170818,11.71904007631279,11.22288186225744,11.665109634399414,7928000,0.0,0.0
2016-12-07 00:00:00,11.659714947580111,12.004868053975208,11.616570809280724,11.934758186340332,6818600,0.0,0.0
2016-12-08 00:00:00,11.913185562646499,11.983294395353745,11.864648282834827,11.940150260925293,4634400,0.0,0.0
2016-12-09 00:00:00,11.913188854602371,11.913188854602371,11.810721121281032,11.870044708251953,3246600,0.0,0.0
2016-12-12 00:00:00,11.837683611716102,11.94015028832046,11.697464917342591,11.746002197265625,2953800,0.0,0.0
2016-12-13 00:00:00,11.724431401787598,11.83229226885642,11.702859845556311,11.751397132873535,4587900,0.0,0.0
2016-12-14 00:00:00,11.762181292360605,11.83229115796421,11.589604744163065,11.616570472717285,3396000,0.0,0.0
2016-12-15 00:00:00,11.660038150947758,11.692639191559577,11.567671644887287,11.59483814239502,2297700,0.16,0.0
2016-12-16 00:00:00,11.64917497997179,11.681774992101332,11.5296398749373,11.545940399169922,5380700,0.0,0.0
2016-12-19 00:00:00,11.62744079527479,11.861076457868547,11.605707799585156,11.746975898742676,3397500,0.0,0.0
2016-12-20 00:00:00,11.817608969372552,11.844775472009264,11.69807490690111,11.79044246673584,2868400,0.0,0.0
2016-12-21 00:00:00,11.74697333077765,11.823040353566148,11.74697333077765,11.768706321716309,1714200,0.0,0.0
2016-12-22 00:00:00,11.795872767724722,11.882807840104356,11.719805745269932,11.844773292541504,4264800,0.0,0.0
2016-12-23 00:00:00,11.828473595553387,11.899107109941921,11.801306062069,11.871940612792969,2241400,0.0,0.0
2016-12-27 00:00:00,11.904541724866533,12.072976302808044,11.866508210783179,11.969742774963379,2796500,0.0,0.0
2016-12-28 00:00:00,12.07297152192161,12.07297152192161,11.785003008562624,11.80673599243164,2619600,0.0,0.0
2016-12-29 00:00:00,11.8447720216481,11.926273578488273,11.801305008289836,11.861072540283203,2010900,0.0,0.0
2016-12-30 00:00:00,11.866504895405749,11.899104893178306,11.736103867980276,11.80130386352539,2549200,0.0,0.0
2017-01-03 00:00:00,11.88824184101926,12.007776933220176,11.81760831626602,11.937142372131348,5085700,0.0,0.0
2017-01-04 00:00:00,11.964310686437072,12.208812321537241,11.94801016289613,12.176212310791016,4106600,0.0,0.0
2017-01-05 00:00:00,12.176211709740157,12.317479797781296,12.056677652014088,12.121877670288086,3856700,0.0,0.0
2017-01-06 00:00:00,12.143610447709651,12.27401150713938,12.051242901071657,12.263144493103027,3296300,0.0,0.0
2017-01-09 00:00:00,12.27944395333714,12.333777982489487,12.219676417636016,12.252276420593262,3242400,0.0,0.0
2017-01-10 00:00:00,12.235976820678678,12.241410327175675,12.062108758116382,12.078408241271973,5102800,0.0,0.0
2017-01-11 00:00:00,12.06211168542665,12.13817872217424,12.018644659237221,12.127311706542969,5508900,0.0,0.0
2017-01-12 00:00:00,12.034943819554405,12.08927785989973,11.942576261868037,12.018644332885742,4451900,0.0,0.0
2017-01-13 00:00:00,12.013207836876397,12.078407840003486,11.969740822679881,12.045807838439941,3919400,0.0,0.0
2017-01-17 00:00:00,12.01864415694071,12.045810658547861,11.920843093017991,11.958876609802246,2401900,0.0,0.0
2017-01-18 00:00:00,12.007775171208598,12.051242188448182,11.844773079308581,11.871940612792969,5704900,0.0,0.0
2017-01-19 00:00:00,11.915406963214503,12.034940994850054,11.111266671116333,11.480735778808594,15154300,0.0,0.0
2017-01-20 00:00:00,11.334039511551156,11.431840590710337,11.209070890216774,11.399239540100098,9698700,0.0,0.0
2017-01-23 00:00:00,11.339468553325306,11.355768035874227,11.18733348607809,11.257966995239258,6576800,0.0,0.0
2017-01-24 00:00:00,11.241666529197165,11.241666529197165,11.035197453400944,11.094964981079102,9922900,0.0,0.0
2017-01-25 00:00:00,11.127566674472524,11.171033691312829,10.88306509337159,10.910231590270996,10725200,0.0,0.0
2017-01-26 00:00:00,10.709197206886216,10.768964750460622,10.459262090730599,10.643997192382812,17041200,0.0,0.0
2017-01-27 00:00:00,10.622263163324648,10.665730185105433,10.562496656085788,10.643997192382812,5023000,0.0,0.0
2017-01-30 00:00:00,10.616827945519423,10.665727425577511,10.540759899832366,10.654861450195312,5965000,0.0,0.0
2017-01-31 00:00:00,10.649431124765131,10.665730610873872,10.57879656384196,10.638564109802246,5454900,0.0,0.0
2017-02-01 00:00:00,10.671165743572463,10.720066282017406,10.524465164573373,10.616832733154297,5718600,0.0,0.0
2017-02-02 00:00:00,10.60053011304378,10.763531184752775,10.573362576868588,10.720064163208008,6009000,0.0,0.0
2017-02-03 00:00:00,10.812431307978652,10.921099375932409,10.785264809157965,10.850464820861816,6532200,0.0,0.0
2017-02-06 00:00:00,10.861332851677831,10.861332851677831,10.752665809887013,10.774398803710938,3651600,0.0,0.0
2017-02-07 00:00:00,10.774394566191331,10.812428067676498,10.720060548497441,10.779828071594238,2370000,0.0,0.0
2017-02-08 00:00:00,10.752665356645014,10.910232923317436,10.752665356645014,10.817865371704102,7612300,0.0,0.0
2017-02-09 00:00:00,10.817865919575699,11.089535080863559,10.817865919575699,11.073234558105469,8871100,0.0,0.0
2017-02-10 00:00:00,10.725496292114256,10.921098382096744,10.486427186172927,10.725496292114258,14984400,0.0,0.0
2017-02-13 00:00:00,10.752664864155907,10.806997862104756,10.546195741142451,10.611396789550781,12411700,0.0,0.0
2017-02-14 00:00:00,10.562499556503864,10.747234708883576,10.551632538990743,10.692900657653809,6146600,0.0,0.0
2017-02-15 00:00:00,10.676597199634514,10.70376473595722,10.616830692395654,10.643997192382812,5105100,0.0,0.0
2017-02-16 00:00:00,10.643997938968852,10.665730933215855,10.578796883556604,10.62226390838623,5949300,0.0,0.0
2017-02-17 00:00:00,10.595095741781561,10.774397320573676,10.589662234989623,10.768963813781738,5810300,0.0,0.0
2017-02-21 00:00:00,10.747232198748565,10.866766254466889,10.714631153823541,10.763531684875488,4782900,0.0,0.0
2017-02-22 00:00:00,10.74723234360288,10.942833434111453,10.730931820920665,10.861332893371582,6089300,0.0,0.0
2017-02-23 00:00:00,10.883067913904286,10.893933893678897,10.796133857693231,10.8233003616333,6015900,0.0,0.0
2017-02-24 00:00:00,10.790694815512616,11.046063345122093,10.758093783901492,10.959129333496094,5241400,0.0,0.0
2017-02-27 00:00:00,10.942832417578455,10.975433459914417,10.872198898521551,10.937398910522461,4912500,0.0,0.0
2017-02-28 00:00:00,10.953696778397465,10.969997295617002,10.643994205573039,10.671160697937012,12166600,0.0,0.0
2017-03-01 00:00:00,10.741798342023316,10.926533445249985,10.736364834712466,10.817865371704102,8837700,0.0,0.0
2017-03-02 00:00:00,10.806996557566539,10.84503006607382,10.69289603204469,10.828730583190918,8966900,0.0,0.0
2017-03-03 00:00:00,10.834163854691404,10.899363857480118,10.790696840720477,10.845029830932617,4242000,0.0,0.0
2017-03-06 00:00:00,10.806995922014032,10.85046293437114,10.714628391213257,10.812429428100586,3421000,0.0,0.0
2017-03-07 00:00:00,10.796129946176244,10.883063970890465,10.77439592183003,10.812429428100586,4738200,0.0,0.0
2017-03-08 00:00:00,10.85046583659807,10.855899344137951,10.698331770823804,10.774398803710938,4579100,0.0,0.0
2017-03-09 00:00:00,10.76353078617867,10.785264814314012,10.665729732240635,10.687463760375977,3091600,0.0,0.0
2017-03-10 00:00:00,10.725497273277323,10.801564299080017,10.665729732240635,10.687463760375977,3621600,0.0,0.0
2017-03-13 00:00:00,10.676597625836758,10.720064649352715,10.611397608730618,10.638564109802246,6240500,0.0,0.0
2017-03-14 00:00:00,10.730928831244158,11.181899469787336,10.730928831244158,11.01346492767334,11973000,0.0,0.0
2017-03-15 00:00:00,11.076494302828605,11.13678233791332,10.999764836619386,11.060052871704102,5422600,0.175,0.0
2017-03-16 00:00:00,11.098413696481456,11.1422592396408,11.060048976887055,11.07649040222168,3986600,0.0,0.0
2017-03-17 00:00:00,11.08745588079532,11.224473381186842,11.054571973402314,11.180627822875977,5068800,0.0,0.0
2017-03-20 00:00:00,11.186104782800147,11.21350785526466,11.043606506192223,11.07649040222168,3526200,0.0,0.0
2017-03-21 00:00:00,11.087457358314122,11.131302922467862,10.99976623000664,11.010727882385254,4349700,0.0,0.0
2017-03-22 00:00:00,11.02168748157176,11.065533037557664,10.933996369599953,11.032648086547852,3076200,0.0,0.0
2017-03-23 00:00:00,11.02168748157176,11.114859418711868,11.010725831235156,11.032648086547852,3674700,0.0,0.0
2017-03-24 00:00:00,11.060050649360042,11.180625649941238,11.016205099570481,11.09841537475586,3417600,0.0,0.0
2017-03-27 00:00:00,10.966879727469216,11.016206106159638,10.901110874095165,10.9778413772583,3593300,0.0,0.0
2017-03-28 00:00:00,10.944956857884023,11.092935999768928,10.933996253024791,11.043609619140625,4049700,0.0,0.0
2017-03-29 00:00:00,10.9559170765997,11.1038961991496,10.933994824385104,11.09841537475586,3240300,0.0,0.0
2017-03-30 00:00:00,11.08197367926038,11.251876111308269,11.08197367926038,11.229952812194824,3927800,0.0,0.0
2017-03-31 00:00:00,11.213510017840314,11.218990842462258,11.103896661482626,11.153223037719727,5600300,0.0,0.0
2017-04-03 00:00:00,11.147744052036902,11.15322487756297,10.77505627914905,10.835344314575195,5805200,0.0,0.0
2017-04-04 00:00:00,10.829863845328745,10.846306322447866,10.742172724747995,10.802459716796875,3722300,0.0,0.0
2017-04-05 00:00:00,10.857265213529391,10.944956320258802,10.775054931640627,10.775054931640625,3579300,0.0,0.0
2017-04-06 00:00:00,10.796979509942513,10.818901766541408,10.72024899844495,10.73669147491455,4535600,0.0,0.0
2017-04-07 00:00:00,10.742174365760052,10.742174365760052,10.555830444719257,10.610637664794922,8901400,0.0,0.0
2017-04-10 00:00:00,10.610634543647778,10.709287301692841,10.583230418990556,10.643518447875977,7146300,0.0,0.0
2017-04-11 00:00:00,10.643517955745702,10.698325157165527,10.5667885009742,10.698325157165527,7094200,0.0,0.0
2017-04-12 00:00:00,10.692844826898508,10.714767081263817,10.616115368579221,10.643518447875977,4760100,0.0,0.0
2017-04-13 00:00:00,10.616114733007901,10.692844186733506,10.588710609991324,10.60515308380127,3462600,0.0,0.0
2017-04-17 00:00:00,10.632557429996266,10.692845462465117,10.62707660473905,10.681883811950684,2534200,0.0,0.0
2017-04-18 00:00:00,10.659961631186912,10.829863033912348,10.621595854116812,10.780536651611328,4696800,0.0,0.0
2017-04-19 00:00:00,10.80245835209948,10.950437491395208,10.80245835209948,10.840824127197266,4227400,0.0,0.0
2017-04-20 00:00:00,10.879188852628516,10.977841612119954,10.862746377593115,10.955918312072754,3356300,0.0,0.0
2017-04-21 00:00:00,10.95043857442996,10.961400225542041,10.786017989191063,10.829863548278809,3808100,0.0,0.0
2017-04-24 00:00:00,10.923035866973013,11.038130071519042,10.923035866973013,11.00524616241455,4244300,0.0,0.0
2017-04-25 00:00:00,11.05457231036948,11.109379521268844,11.027169227600098,11.027169227600098,3283400,0.0,0.0
2017-04-26 00:00:00,10.98880546918604,11.071016823335,10.895633507129904,11.016209602355957,4863800,0.0,0.0
2017-04-27 00:00:00,11.054573056324596,11.071015534312112,10.901113064523122,10.950439453125,3729600,0.0,0.0
2017-04-28 00:00:00,10.94496012205856,10.94496012205856,10.8189042430188,10.884673118591309,3784000,0.0,0.0
2017-05-01 00:00:00,10.912074776034885,11.01620837980248,10.884671691266892,10.944958686828613,3256900,0.0,0.0
2017-05-02 00:00:00,10.944956974576044,11.08745529287036,10.901111418590142,11.032648086547852,4248400,0.0,0.0
2017-05-03 00:00:00,11.021687793361554,11.021687793361554,10.462656154706595,10.555828094482422,10451600,0.0,0.0
2017-05-04 00:00:00,10.594195986633377,10.681887127244119,10.577753505758542,10.632560729980469,3873900,0.0,0.0
2017-05-05 00:00:00,10.638037799031148,10.64899944907548,10.583230594169974,10.627076148986816,2407000,0.0,0.0
2017-05-08 00:00:00,10.621597351192912,10.753135086109095,10.610636744417134,10.720250129699707,3353400,0.0,0.0
2017-05-09 00:00:00,10.698326287722333,10.742171844419534,10.648999905767916,10.681883811950684,4161500,0.0,0.0
2017-05-10 00:00:00,10.64899826874648,10.791496567446908,10.643517444331804,10.764092445373535,3130700,0.0,0.0
2017-05-11 00:00:00,10.714768853918947,10.742172983109917,10.616117124913375,10.66544246673584,4095500,0.0,0.0
2017-05-12 00:00:00,10.63803922486628,10.703808088586904,10.550348103479198,10.566790580749512,2478100,0.0,0.0
2017-05-15 00:00:00,10.555825505267004,10.648997422188893,10.555825505267004,10.638035774230957,2844900,0.0,0.0
2017-05-16 00:00:00,10.627074400684446,10.643516873045929,10.457173034390392,10.495537757873535,4167800,0.0,0.0
2017-05-17 00:00:00,10.495542809057843,10.495542809057843,10.353044449425834,10.358525276184082,3872000,0.0,0.0
2017-05-18 00:00:00,10.314675156984014,10.385924828047418,10.298233729323503,10.331117630004883,3484600,0.0,0.0
2017-05-19 00:00:00,10.342079485495065,10.4571736628616,10.342079485495065,10.418808937072754,2709100,0.0,0.0
2017-05-22 00:00:00,10.413330411126385,10.490059879640343,10.364004025550097,10.47909927368164,2441400,0.0,0.0
2017-05-23 00:00:00,10.484576707091533,10.517461653688429,10.303713682250091,10.314675331115723,4700000,0.0,0.0
2017-05-24 00:00:00,10.314677880813026,10.66544236833616,10.309197055025399,10.561309814453125,4576700,0.0,0.0
2017-05-25 00:00:00,10.566790494189352,10.638039137722473,10.555828842765605,10.583231925964355,2211800,0.0,0.0
2017-05-26 00:00:00,10.561311795136888,10.59967653748463,10.440735695917319,10.45169734954834,2213500,0.0,0.0
2017-05-30 00:00:00,10.424289908721281,10.528422438658467,10.374963533336134,10.511981010437012,3450100,0.0,0.0
2017-05-31 00:00:00,10.51198080335741,10.56678800219017,10.347559206859128,10.42428970336914,7722800,0.0,0.0
2017-06-01 00:00:00,10.462655291421415,10.698325534077245,10.451693641679178,10.65447998046875,5124600,0.0,0.0
2017-06-02 00:00:00,10.63803922486628,10.654481702136591,10.51198336854243,10.566790580749512,3296600,0.0,0.0
2017-06-05 00:00:00,10.57227372416112,10.654484037813582,10.550350416328007,10.632560729980469,2744500,0.0,0.0
2017-06-06 00:00:00,10.588712238398262,10.610635540183045,10.52842420385068,10.533905029296875,2591400,0.0,0.0
2017-06-07 00:00:00,10.53938629770862,10.555828774738277,10.479099305987768,10.484579086303711,2569100,0.0,0.0
2017-06-08 00:00:00,10.484577058302973,10.511981181385035,10.320156501252235,10.380444526672363,3479600,0.0,0.0
2017-06-09 00:00:00,10.369482562384132,10.495538388650445,10.29275311080644,10.418808937072754,3359600,0.0,0.0
2017-06-12 00:00:00,10.36400338960742,10.703807242131182,10.36400338960742,10.555828094482422,5476300,0.0,0.0
2017-06-13 00:00:00,10.572271531688372,10.692846563683135,10.56130988004504,10.65996265411377,5166300,0.0,0.0
2017-06-14 00:00:00,10.69037559341527,10.756741555546329,10.60188834714131,10.63507080078125,3377000,0.175,0.0
2017-06-15 00:00:00,10.546587772300631,10.607423174012476,10.430448610688858,10.502344131469727,4468200,0.0,0.0
2017-06-16 00:00:00,10.458098542930658,10.579768268843068,10.37514186367895,10.552116394042969,7644300,0.0,0.0
2017-06-19 00:00:00,10.60189015374998,10.60189015374998,10.435976802426739,10.563177108764648,3375000,0.0,0.0
2017-06-20 00:00:00,10.524467299981593,10.546588594696203,10.469162480917534,10.480223655700684,3544100,0.0,0.0
2017-06-21 00:00:00,10.502342592580181,10.524464937179888,10.413855323884253,10.41938591003418,2056400,0.0,0.0
2017-06-22 00:00:00,10.397264838345924,10.46916141224564,10.242412626595602,10.386204719543457,4597200,0.0,0.0
2017-06-23 00:00:00,10.413855799362082,10.60189151763916,10.397264040154752,10.60189151763916,4797700,0.0,0.0
2017-06-26 00:00:00,10.60742174850436,10.695909018274559,10.47469084384906,10.51340389251709,2640400,0.0,0.0
2017-06-27 00:00:00,10.60742176164073,10.624012465461025,10.435977808105084,10.441507339477539,2104600,0.0,0.0
2017-06-28 00:00:00,10.441509186778234,10.507875178355203,10.375144250052914,10.491283416748047,3926500,0.0,0.0
2017-06-29 00:00:00,10.496814425167225,10.557649831983015,10.3640834915387,10.430449485778809,4246600,0.0,0.0
2017-06-30 00:00:00,10.435976043963567,10.585297627361586,10.41938428809655,10.535523414611816,4475600,0.0,0.0
2017-07-03 00:00:00,10.574240097844054,10.65166620112416,10.568709511202398,10.59083080291748,1805500,0.0,0.0
2017-07-05 00:00:00,10.607419061813939,10.62954034622779,10.286652526429162,10.336426734924316,5171600,0.0,0.0
2017-07-06 00:00:00,10.286654480730933,10.303245183480493,10.187106044827994,10.214757919311523,3997100,0.0,0.0
2017-07-07 00:00:00,10.264535837955869,10.358553721888272,10.231353365642013,10.314310073852539,3080700,0.0,0.0
2017-07-10 00:00:00,10.30324774994444,10.419387972378017,10.281126455817642,10.341961860656738,2527200,0.0,0.0
2017-07-11 00:00:00,10.336428367509143,10.419385043153243,10.297715322531987,10.391733169555664,3097500,0.0,0.0
2017-07-12 00:00:00,10.452568498980781,10.54658635496805,10.435977795181032,10.51340389251709,3144100,0.0,0.0
2017-07-13 00:00:00,10.535524773640708,10.552116531647977,10.474690437316895,10.474690437316895,1740800,0.0,0.0
2017-07-14 00:00:00,10.496810002153662,10.557645383335407,10.46915813153537,10.518932342529297,1020400,0.0,0.0
2017-07-17 00:00:00,10.524466249348972,10.601892355398375,10.474692022645332,10.507874488830566,1632700,0.0,0.0
2017-07-18 00:00:00,10.502343866174714,10.502343866174714,10.430448347209968,10.48575210571289,1893500,0.0,0.0
2017-07-19 00:00:00,10.4912797862943,10.618481138228475,10.45809732941426,10.607419967651367,2798900,0.0,0.0
2017-07-20 00:00:00,10.612951784424878,10.640603659224977,10.541055222182365,10.552116394042969,1855300,0.0,0.0
2017-07-21 00:00:00,10.557648658752441,10.601892298378658,10.524466192745672,10.557648658752441,1710200,0.0,0.0
2017-07-24 00:00:00,10.552116573261559,10.612951964676705,10.441506962479735,10.596360206604004,1745300,0.0,0.0
2017-07-25 00:00:00,10.646137019209586,10.845233945173316,10.646137019209586,10.773337364196777,3884700,0.0,0.0
2017-07-26 00:00:00,10.767806776825376,10.778867951568179,10.695911250700519,10.773337364196777,2147800,0.0,0.0
2017-07-27 00:00:00,10.8231124541533,10.933722100651284,10.784399394334535,10.89500904083252,3255400,0.0,0.0
2017-07-28 00:00:00,10.872884025786162,10.917127662575517,10.828640388996806,10.867353439331055,1979900,0.0,0.0
2017-07-31 00:00:00,10.883944917280488,10.95584042963494,10.867353158344162,10.92265796661377,4050200,0.0,0.0
2017-08-01 00:00:00,10.933719598068883,10.983493822115143,10.800988685562695,10.91159725189209,2763200,0.0,0.0
2017-08-02 00:00:00,10.90053554769868,10.917127306522879,10.7180304200384,10.778865814208984,3184900,0.0,0.0
2017-08-03 00:00:00,10.751212939501777,10.872882661695176,10.723560010695522,10.828639030456543,4528500,0.0,0.0
2017-08-04 00:00:00,11.099631267038548,11.282136375508115,10.834169482873971,10.906064987182617,8103200,0.0,0.0
2017-08-07 00:00:00,10.895008473058418,10.911599180772283,10.701442129200197,10.718032836914062,4443300,0.0,0.0
2017-08-08 00:00:00,10.690377921188405,10.817578233548018,10.668256632228713,10.673786163330078,2898700,0.0,0.0
2017-08-09 00:00:00,10.62401419974415,10.662728309631348,10.596362318962075,10.662728309631348,2397000,0.0,0.0
2017-08-10 00:00:00,10.612952618904458,10.651665668609107,10.458099365234375,10.458099365234375,3621800,0.0,0.0
2017-08-11 00:00:00,10.430450571747746,10.54658975519518,10.42491998374761,10.452571868896484,3227700,0.0,0.0
2017-08-14 00:00:00,10.53552906712499,10.640608134290463,10.53552906712499,10.58530330657959,2541600,0.0,0.0
2017-08-15 00:00:00,10.585298718746593,10.662725865924426,10.552116258442604,10.629542350769043,3090900,0.0,0.0
2017-08-16 00:00:00,10.646137308833318,10.795460007368378,10.640606721311459,10.718032836914062,3954600,0.0,0.0
2017-08-17 00:00:00,10.706971395645125,10.778866914855058,10.502343901991097,10.507874488830566,3817400,0.0,0.0
2017-08-18 00:00:00,10.480221443044975,10.480221443044975,10.397263704537648,10.441507339477539,3946900,0.0,0.0
2017-08-21 00:00:00,10.424916635657246,10.50234273308919,10.408324876985487,10.441507339477539,2157300,0.0,0.0
2017-08-22 00:00:00,10.458099578032233,10.535525679016969,10.44150781859914,10.524465560913086,1991900,0.0,0.0
2017-08-23 00:00:00,10.502344591152818,10.574241169932172,10.491283416748049,10.491283416748047,3018300,0.0,0.0
2017-08-24 00:00:00,10.54105645821353,10.585300095992489,10.485751647276949,10.49681282043457,2451000,0.0,0.0
2017-08-25 00:00:00,10.507874488830565,10.596361768558907,10.48575214147269,10.507874488830566,1687400,0.0,0.0
2017-08-28 00:00:00,10.552116253174091,10.601890471030922,10.496811449460793,10.52999496459961,2604400,0.0,0.0
2017-08-29 00:00:00,10.491284077052084,10.579771368156187,10.413857961048924,10.546588897705078,3047700,0.0,0.0
2017-08-30 00:00:00,10.518937174838788,10.541058470525506,10.375145060894049,10.469162940979004,4001300,0.0,0.0
2017-08-31 00:00:00,10.53552715451987,10.552118916276644,10.441509280934818,10.463631629943848,4088200,0.0,0.0
2017-09-01 00:00:00,10.502341718797343,10.513402890176918,10.375141412486299,10.391733169555664,3893400,0.0,0.0
2017-09-05 00:00:00,10.353018618180764,10.386202130872197,10.231348902866127,10.330897331237793,4923900,0.0,0.0
2017-09-06 00:00:00,10.364081578832721,10.402794628806697,10.220289496892597,10.236881256103516,5363000,0.0,0.0
2017-09-07 00:00:00,10.253473281860352,10.308777037631407,10.170515538500721,10.253473281860352,3800400,0.0,0.0
2017-09-08 00:00:00,10.25347007238279,10.424913982282103,10.2092253938527,10.336426734924316,3119000,0.0,0.0
2017-09-11 00:00:00,10.39173394551365,10.535524964779672,10.39173394551365,10.447037696838379,2715000,0.0,0.0
2017-09-12 00:00:00,10.44150665096078,10.662725865924426,10.419385362375253,10.629542350769043,3432000,0.0,0.0
2017-09-13 00:00:00,10.64060296885194,10.684846598572374,10.563176880554018,10.568707466125488,3393100,0.0,0.0
2017-09-14 00:00:00,10.554752817521441,10.616150451651835,10.538007717867588,10.571497917175293,2769400,0.175,0.0
2017-09-15 00:00:00,10.521264167278476,10.610569240343722,10.51010076699521,10.554753303527832,5598700,0.0,0.0
2017-09-18 00:00:00,10.593824455764752,10.666385495168887,10.560335318516945,10.66080379486084,2430500,0.0,0.0
2017-09-19 00:00:00,10.677548965949226,10.711039171356708,10.610570684335446,10.632896423339844,2146400,0.0,0.0
2017-09-20 00:00:00,10.632895602124043,10.67196750541511,10.538008823332467,10.577080726623535,2185700,0.0,0.0
2017-09-21 00:00:00,10.560335003669465,10.616150940485355,10.549171603386197,10.554753303527832,2509700,0.0,0.0
2017-09-22 00:00:00,10.554756553113359,10.610572507113796,10.538011447532995,10.599409103393555,2575400,0.0,0.0
2017-09-25 00:00:00,10.571503220601297,10.655226631671447,10.526850663723822,10.621737480163574,2726900,0.0,0.0
2017-09-26 00:00:00,10.649639911492972,10.649639911492972,10.4375406324041,10.45428466796875,3967200,0.0,0.0
2017-09-27 00:00:00,10.49335716227525,10.616152453693326,10.459868021252412,10.604989051818848,3541300,0.0,0.0
2017-09-28 00:00:00,10.588244984042964,10.655224337236692,10.56033754122932,10.638479232788086,3027800,0.0,0.0
2017-09-29 00:00:00,10.621735553372883,10.716622352600098,10.621735553372883,10.716622352600098,2905300,0.0,0.0
2017-10-02 00:00:00,10.733365996635332,10.86174193655457,10.705458553905306,10.828252792358398,4540200,0.0,0.0
2017-10-03 00:00:00,10.828253438082864,10.872905987874104,10.755693443897385,10.817090034484863,3277900,0.0,0.0
2017-10-04 00:00:00,10.817088591295096,10.83941539551231,10.783599449569898,10.833833694458008,3916300,0.0,0.0
2017-10-05 00:00:00,10.844995439334843,11.023605587376515,10.800342902324424,10.967789649963379,3887700,0.0,0.0
2017-10-06 00:00:00,10.967789310772371,10.97895271082985,10.84499510394138,10.89522933959961,2515100,0.0,0.0
2017-10-09 00:00:00,10.917555075114143,10.945463575257838,10.867320839455914,10.89522933959961,1882800,0.0,0.0
2017-10-10 00:00:00,10.934300578207917,10.962208014779778,10.895229741167126,10.939882278442383,2000400,0.0,0.0
2017-10-11 00:00:00,10.939883713919448,11.018025398254393,10.906394572718844,11.018025398254395,3102600,0.0,0.0
2017-10-12 00:00:00,10.990117958020658,11.02918880018813,10.945465414886316,11.018025398254395,2787900,0.0,0.0
2017-10-13 00:00:00,11.045929908752441,11.157560693921004,11.029184811907058,11.045929908752441,1934900,0.0,0.0
2017-10-16 00:00:00,11.062678251942966,11.096167394083686,10.967791462043731,11.029189109802246,2634000,0.0,0.0
2017-10-17 00:00:00,11.034771682532018,11.107331673668329,10.984537433052756,10.99570083618164,3401400,0.0,0.0
2017-10-18 00:00:00,11.018021414010136,11.112908166933535,11.018021414010136,11.045929908752441,3712900,0.0,0.0
2017-10-19 00:00:00,11.012445653012227,11.090588415825323,10.962211399989807,11.085006713867188,2580900,0.0,0.0
2017-10-20 00:00:00,11.163145553243343,11.380826550859421,11.146400451657291,11.336174011230469,4094400,0.0,0.0
2017-10-23 00:00:00,11.352919090461217,11.386408228966857,11.263614011379165,11.27477741241455,2351800,0.0,0.0
2017-10-24 00:00:00,11.28594287226892,11.297106276393814,11.196637768471405,11.218964576721191,2768900,0.0,0.0
2017-10-25 00:00:00,11.213380727665507,11.246869869027305,11.101748836992039,11.179891586303711,2693400,0.0,0.0
2017-10-26 00:00:00,11.218960459253454,11.313847230289047,11.202215359211731,11.30268383026123,2169400,0.0,0.0
2017-10-27 00:00:00,11.352919179601097,11.386408318369684,11.191053057118626,11.308266639709473,2405300,0.0,0.0
2017-10-30 00:00:00,11.230123514661225,11.235704149903457,10.990115744430435,11.00685977935791,3172000,0.0,0.0
2017-10-31 00:00:00,11.006863951054093,11.118495861015205,10.923140550883655,11.085006713867188,2919500,0.0,0.0
2017-11-01 00:00:00,11.146403466418667,11.185475380687214,11.06826176708319,11.151985168457031,3218700,0.0,0.0
2017-11-02 00:00:00,11.124076519184477,11.22454501580221,11.057097166572426,11.207799911499023,4774400,0.0,0.0
2017-11-03 00:00:00,11.218964100061454,11.537113651897995,10.844998594572713,10.884069442749023,7262900,0.0,0.0
2017-11-06 00:00:00,10.833832098193442,11.079421585394352,10.755690424147888,10.844995498657227,5339800,0.0,0.0
2017-11-07 00:00:00,10.895229004942392,10.945463239057629,10.68312866876686,10.694292068481445,4418000,0.0,0.0
2017-11-08 00:00:00,10.716620221627394,11.029188000916372,10.67754831769081,11.023606300354004,4926800,0.0,0.0
2017-11-09 00:00:00,10.956628669954693,11.246870756939098,10.956628669954693,11.207799911499023,5372900,0.0,0.0
2017-11-10 00:00:00,11.24128532409668,11.280356156567667,11.21337789078893,11.24128532409668,5479600,0.0,0.0
2017-11-13 00:00:00,11.207797089006034,11.218960489063512,10.88406593954213,10.89522933959961,3133700,0.0,0.0
2017-11-14 00:00:00,10.872902875741183,11.023605587376515,10.856158839737562,10.967789649963379,2996600,0.0,0.0
2017-11-15 00:00:00,10.911973777270058,10.962208014779778,10.805924666616615,10.939882278442383,3213300,0.0,0.0
2017-11-16 00:00:00,11.018024909743685,11.085004253775807,10.956627266430953,11.034770011901855,2399300,0.0,0.0
2017-11-17 00:00:00,10.984539031982422,11.057099033680702,10.900815625530294,10.984539031982422,2463800,0.0,0.0
2017-11-20 00:00:00,11.012446479266174,11.062680736057628,10.93430477519097,10.984539031982422,2029800,0.0,0.0
2017-11-21 00:00:00,10.990119134617197,11.073842528882395,10.973374029923871,10.99570083618164,2155700,0.0,0.0
2017-11-22 00:00:00,11.006863615463704,11.01802701903961,10.884069369931012,10.91197681427002,1831500,0.0,0.0
2017-11-24 00:00:00,10.928718813154319,10.995698150970176,10.884066276143901,10.967789649963379,1551200,0.0,0.0
2017-11-27 00:00:00,10.978955933677161,11.012445079079834,10.82825318246403,10.872905731201172,2838600,0.0,0.0
2017-11-28 00:00:00,10.895234075225964,10.995702590211181,10.861743860496968,10.990120887756348,2692100,0.0,0.0
2017-11-29 00:00:00,11.006863174709807,11.079424230446836,10.96779232835943,10.99570083618164,3982800,0.0,0.0
2017-11-30 00:00:00,11.023610037884458,11.157567702997781,10.945468332718573,10.990120887756348,4978200,0.0,0.0
2017-12-01 00:00:00,10.973373343132087,11.073841835802577,10.828252305341453,11.001280784606934,5169800,0.0,0.0
2017-12-04 00:00:00,11.073841835802577,11.096167576062324,10.956628239486788,11.001280784606934,6123400,0.0,0.0
2017-12-05 00:00:00,11.012445317251657,11.090588077682243,10.895232773506919,10.91197681427002,4829600,0.0,0.0
2017-12-06 00:00:00,10.91755788661532,10.984537239608361,10.828252792358398,10.828252792358398,4390100,0.0,0.0
2017-12-07 00:00:00,10.822668303826424,10.951045275286578,10.80592426834063,10.89522933959961,3827800,0.0,0.0
2017-12-08 00:00:00,10.928721133727784,10.928721133727784,10.80592689702547,10.822670936584473,3210900,0.0,0.0
2017-12-11 00:00:00,10.872904597296493,10.995699891968211,10.833833754301173,10.900813102722168,4719600,0.0,0.0
2017-12-12 00:00:00,10.878487740923726,10.973374542752236,10.77801923726992,10.884069442749023,3672200,0.0,0.0
2017-12-13 00:00:00,10.878487423130643,10.978955923849465,10.794764027398537,10.811509132385254,3591400,0.0,0.0
2017-12-14 00:00:00,10.638479271054075,10.978955610528862,10.63289756955113,10.800345420837402,6245400,0.0,0.0
2017-12-15 00:00:00,10.887649952670191,11.11858294992265,10.791897167883794,10.972137451171875,18819900,0.175,0.0
2017-12-18 00:00:00,11.050992511468863,11.118582075226223,10.994667158793234,11.017196655273438,5311400,0.0,0.0
2017-12-19 00:00:00,11.03409481048584,11.112949661264743,10.983402099466039,11.03409481048584,4211000,0.0,0.0
2017-12-20 00:00:00,11.056622309762934,11.084785518750389,10.943972696762842,10.96650218963623,3201100,0.0,0.0
2017-12-21 00:00:00,10.989034624793197,11.000299910303104,10.836956493359722,10.848221778869629,4371500,0.0,0.0
2017-12-22 00:00:00,10.887647579864137,10.955238208525177,10.679244126282805,10.746834754943848,3160200,0.0,0.0
2017-12-26 00:00:00,10.729935440848347,10.758098646778313,10.617285840077855,10.639815330505371,2103800,0.0,0.0
2017-12-27 00:00:00,10.662347954810844,10.684877449590205,10.544064615690043,10.58912467956543,2929600,0.0,0.0
2017-12-28 00:00:00,10.639818835664624,10.746836904821384,10.617289337815038,10.741204261779785,2969700,0.0,0.0
2017-12-29 00:00:00,10.746834415522438,10.786261833364213,10.707406997680664,10.707406997680664,2825800,0.0,0.0
2018-01-02 00:00:00,10.73556947111424,10.774996890201265,10.684876768197608,10.746834754943848,6822500,0.0,0.0
2018-01-03 00:00:00,10.786264331795767,10.904547687035727,10.741204261779785,10.741204261779785,6250400,0.0,0.0
2018-01-04 00:00:00,10.79752946958545,10.977769747173953,10.673614547322552,10.955240249633789,9184200,0.0,0.0
2018-01-05 00:00:00,10.9552371293728,11.625505336460249,10.938339205292932,11.602975845336914,16589600,0.0,0.0
2018-01-08 00:00:00,12.160597240951544,12.509812490936943,11.95782640269116,12.10427188873291,23503200,0.0,0.0
2018-01-09 00:00:00,12.109901282927598,12.12116656521278,11.822643030554133,11.85080623626709,6739500,0.0,0.0
2018-01-10 00:00:00,11.721260055519643,11.98035622992169,11.65930313880865,11.957825660705566,6453600,0.0,0.0
2018-01-11 00:00:00,11.99725417699746,12.047946888041636,11.850809760999585,11.929664611816406,4058200,0.0,0.0
2018-01-12 00:00:00,11.95219257370294,11.985988426269698,11.828277670574716,11.895868301391602,3665200,0.0,0.0
2018-01-16 00:00:00,11.895867233580205,11.907131442441381,11.56918154164231,11.614241600036621,8158200,0.0,0.0
2018-01-17 00:00:00,11.52975507588216,11.535387718460468,11.270659963180341,11.40020751953125,8384900,0.0,0.0
2018-01-18 00:00:00,11.383306864085545,11.450897484512197,11.338246808573267,11.372042655944824,6504200,0.0,0.0
2018-01-19 00:00:00,11.422738089844481,11.434002300684373,11.338249525486587,11.40020751953125,4212900,0.0,0.0
2018-01-22 00:00:00,11.400208118290715,11.602978964492793,11.400208118290715,11.57481575012207,4526900,0.0,0.0
2018-01-23 00:00:00,11.55791953641108,11.726894534733685,11.53538896366575,11.676201820373535,4241700,0.0,0.0
2018-01-24 00:00:00,11.715627280367507,11.777585270692605,11.55228495266951,11.557917594909668,4187400,0.0,0.0
2018-01-25 00:00:00,11.597343514166196,11.721258404450063,11.535385531866003,11.715625762939453,3745600,0.0,0.0
2018-01-26 00:00:00,11.771953372565605,11.929664142309104,11.704363810044622,11.9183988571167,3667500,0.0,0.0
2018-01-29 00:00:00,11.912762216118955,11.912762216118955,11.704359881591277,11.732522010803223,3536700,0.0,0.0
2018-01-30 00:00:00,11.63677061918016,11.738156015026394,11.552283147413796,11.602975845336914,3387600,0.0,0.0
2018-01-31 00:00:00,11.631139355710776,11.794482751550621,11.625506713683544,11.70999526977539,4503700,0.0,0.0
2018-02-01 00:00:00,11.664933566490062,11.743789476721254,11.619873506779337,11.653669357299805,6317900,0.0,0.0
2018-02-02 00:00:00,11.586077510616901,11.64240284790366,11.422735214233397,11.422735214233398,6520700,0.0,0.0
2018-02-05 00:00:00,11.349516412842883,11.400209128887168,11.000301118223216,11.00593376159668,5493200,0.0,0.0
2018-02-06 00:00:00,10.859487913646861,11.191806341960817,10.690511840733736,11.158010482788086,7243000,0.0,0.0
2018-02-07 00:00:00,11.112949095745034,11.293189359391407,10.943974117155738,10.977768898010254,4430800,0.0,0.0
2018-02-08 00:00:00,10.966503854282932,10.983401782240405,10.594758033752441,10.594758033752441,7526600,0.0,0.0
2018-02-09 00:00:00,10.690510617991654,10.977768942203237,10.44831235987306,10.904546737670898,7548000,0.0,0.0
2018-02-12 00:00:00,10.96087216625299,11.231233665535633,10.927077381711472,11.135480880737305,7008900,0.0,0.0
2018-02-13 00:00:00,11.034094988177067,11.21996790680401,11.034094988177067,11.124215126037598,7356300,0.0,0.0
2018-02-14 00:00:00,11.546655511025696,11.681835739309914,11.169276970863397,11.434004783630371,13492300,0.0,0.0
2018-02-15 00:00:00,11.518492688629873,11.569185405543504,11.321354464445415,11.377679824829102,7922400,0.0,0.0
2018-02-16 00:00:00,11.349514329140542,11.518490376370805,11.326984834099846,11.41147232055664,7246400,0.0,0.0
2018-02-20 00:00:00,11.400206324381823,11.546651793114934,11.366411546771602,11.405838966369629,3932900,0.0,0.0
2018-02-21 00:00:00,11.417104056241481,11.501591535988958,11.315718650817871,11.315718650817871,3709800,0.0,0.0
2018-02-22 00:00:00,11.377676637313764,11.47906096842078,11.29882072514174,11.315718650817871,4950200,0.0,0.0
2018-02-23 00:00:00,11.405840162109557,11.411472804687866,11.276292605758648,11.40020751953125,3527500,0.0,0.0
2018-02-26 00:00:00,11.439637427431832,11.490330147328033,11.366415206646739,11.434004783630371,2983800,0.0,0.0
2018-02-27 00:00:00,11.43400226785016,11.479062334030502,11.248129360566653,11.259394645690918,5283000,0.0,0.0
2018-02-28 00:00:00,11.321350764953442,11.349512898784262,11.124212605188067,11.163640022277832,5540100,0.0,0.0
2018-03-01 00:00:00,11.174905105609641,11.270657862964505,10.983399590899909,11.073519706726074,5527500,0.0,0.0
2018-03-02 00:00:00,11.011561673379068,11.20306718720449,10.977766898679441,11.191802978515625,3105000,0.0,0.0
2018-03-05 00:00:00,11.118580061818799,11.304452939967875,11.079152644380592,11.208700180053711,7196900,0.0,0.0
2018-03-06 00:00:00,11.242494955812667,11.26502552252967,11.107314778460296,11.208700180053711,2926500,0.0,0.0
2018-03-07 00:00:00,11.135476673125005,11.270656834529207,11.129844032110276,11.242493629455566,2503300,0.0,0.0
2018-03-08 00:00:00,11.248127296849702,11.253759938378403,11.039724931870394,11.073519706726074,4136300,0.0,0.0
2018-03-09 00:00:00,11.163640637956142,11.366411450533864,11.152375354075913,11.36077880859375,4359100,0.0,0.0
2018-03-12 00:00:00,11.383311186513923,11.47343240607544,11.298823684636679,11.338251113891602,5393000,0.0,0.0
2018-03-13 00:00:00,11.39457566002045,11.57481593764603,11.39457566002045,11.473431587219238,6244600,0.0,0.0
2018-03-14 00:00:00,11.541015886894536,11.557913808078586,11.394570459581692,11.439630508422852,5849100,0.0,0.0
2018-03-15 00:00:00,11.462376705860155,11.536291449222233,11.26337689187376,11.382777214050293,5321700,0.19,0.0
2018-03-16 00:00:00,11.411206195888125,11.496491527347045,11.388463946914598,11.394149780273438,19634600,0.0,0.0
2018-03-19 00:00:00,11.371406046178816,11.37709187933732,11.098492561341354,11.166720390319824,4027000,0.0,0.0
2018-03-20 00:00:00,11.166721174663635,11.331607094456375,11.13260725777826,11.229264259338379,4554300,0.0,0.0
2018-03-21 00:00:00,11.246323737555029,11.291809329554296,11.161037303652103,11.18946647644043,2549500,0.0,0.0
2018-03-22 00:00:00,11.075748526837836,11.240634424600279,10.996149036586573,11.001834869384766,4543200,0.0,0.0
2018-03-23 00:00:00,11.013208892546045,11.013208892546045,10.791465703795486,10.802837371826172,3654900,0.0,0.0
2018-03-26 00:00:00,10.899495143051103,10.96772407154255,10.71186694527716,10.922237396240234,3559100,0.0,0.0
2018-03-27 00:00:00,10.927922644186472,10.967723482940016,10.677752450221734,10.740294456481934,5902600,0.0,0.0
2018-03-28 00:00:00,10.774405310226236,11.00183316460446,10.757347814474786,10.927918434143066,5863200,0.0,0.0
2018-03-29 00:00:00,10.973405893574263,11.098492048356148,10.927920314870416,10.933606147766113,3681100,0.0,0.0
2018-04-02 00:00:00,10.910865146690552,10.939293229953856,10.66637972656343,10.763036727905273,3916800,0.0,0.0
2018-04-03 00:00:00,10.518547791328105,10.660690329048757,10.450318896059134,10.62657642364502,7619100,0.0,0.0
2018-04-04 00:00:00,10.478751388711778,10.893807470659842,10.478751388711778,10.854007720947266,5699300,0.0,0.0
2018-04-05 00:00:00,10.92791853228174,10.944976028186375,10.723234003733934,10.848319053649902,4687200,0.0,0.0
2018-04-06 00:00:00,10.81420949652245,10.865380920359465,10.49580928498947,10.603837966918945,4014000,0.0,0.0
2018-04-09 00:00:00,10.655006487987487,10.757349307780022,10.620892576210542,10.637948989868164,3267000,0.0,0.0
2018-04-10 00:00:00,10.763033715199633,10.854004857532498,10.728919807940198,10.825576782226562,3866200,0.0,0.0
2018-04-11 00:00:00,10.763034846833538,10.865377663833806,10.723235103436028,10.757349014282227,3185500,0.0,0.0
2018-04-12 00:00:00,10.819891982069048,10.848320060085914,10.757348909077947,10.808520317077637,2038600,0.0,0.0
2018-04-13 00:00:00,10.876750283578971,10.876750283578971,10.700493779291543,10.734607696533203,2712300,0.0,0.0
2018-04-16 00:00:00,10.763038435985036,10.88812354044102,10.763038435985036,10.882437705993652,4939300,0.0,0.0
2018-04-17 00:00:00,10.933604987345515,11.0643758766822,10.905176910345931,11.035947799682617,4406500,0.0,0.0
2018-04-18 00:00:00,11.064377766052763,11.09280693236858,11.001835769081584,11.01320743560791,3605000,0.0,0.0
2018-04-19 00:00:00,11.018890302805891,11.109862535020135,10.956348316514482,11.035947799682617,3261600,0.0,0.0
2018-04-20 00:00:00,11.035947170754635,11.058690498627481,10.808519314333983,10.848319053649902,2998100,0.0,0.0
2018-04-23 00:00:00,10.865381287113584,10.939294966005294,10.808524027101942,10.882437705993652,2609700,0.0,0.0
2018-04-24 00:00:00,10.956347715805585,10.990461623227032,10.751662102353778,10.814205169677734,3915900,0.0,0.0
2018-04-25 00:00:00,10.808523052432639,10.933608145608948,10.76303746541744,10.88812255859375,3673400,0.0,0.0
2018-04-26 00:00:00,10.950662306447466,11.15534792779877,10.893805068909703,11.132604598999023,4490600,0.0,0.0
2018-04-27 00:00:00,11.166720678088272,11.166720678088272,10.973406683564551,10.996150016784668,3092600,0.0,0.0
2018-04-30 00:00:00,11.035950256218138,11.240635926454127,10.990464672217014,11.229264259338379,5153100,0.0,0.0
2018-05-01 00:00:00,11.200835059280484,11.428262956611396,11.149663646823308,11.320234298706055,7472300,0.0,0.0
2018-05-02 00:00:00,11.445317129081689,11.553345765825133,10.922232525457565,10.944975852966309,7339500,0.0,0.0
2018-05-03 00:00:00,10.876750595744967,11.041636521992036,10.819894426864373,11.030264854431152,5418600,0.0,0.0
2018-05-04 00:00:00,10.962034832005356,11.200834380854344,10.876748426767959,11.149662971496582,4795000,0.0,0.0
2018-05-07 00:00:00,11.17809276042557,11.274749761282225,11.075749926052424,11.246321678161621,6751500,0.0,0.0
2018-05-08 00:00:00,11.20651910053436,11.286119672922677,11.14397711050416,11.212204933166504,3916300,0.0,0.0
2018-05-09 00:00:00,11.234949892276983,11.348663308018313,11.20083597600077,11.325921058654785,3620000,0.0,0.0
2018-05-10 00:00:00,11.325921887531734,11.433950562184544,11.325921887531734,11.405521392822266,2827000,0.0,0.0
2018-05-11 00:00:00,11.388465212630944,11.388465212630944,11.274750701739578,11.303178787231445,3864000,0.0,0.0
2018-05-14 00:00:00,11.320235427340627,11.342978761572121,11.166721174663635,11.229264259338379,5085900,0.0,0.0
2018-05-15 00:00:00,11.155349293888108,11.388463020324707,11.121234296510748,11.388463020324707,3652300,0.0,0.0
2018-05-16 00:00:00,11.388463046959817,11.513548117584135,11.325919969416788,11.382777214050293,4001700,0.0,0.0
2018-05-17 00:00:00,11.382777105609222,11.4566907638054,11.337291527228096,11.433948516845703,3845400,0.0,0.0
2018-05-18 00:00:00,11.399834524545067,11.48512094043121,11.365720608867706,11.422577857971191,3196100,0.0,0.0
2018-05-21 00:00:00,11.485119979278844,11.507862226339917,11.399833570530044,11.451004981994629,3039900,0.0,0.0
2018-05-22 00:00:00,11.456689704319071,11.536290272471074,11.456689704319071,11.485118865966797,4248300,0.0,0.0
2018-05-23 00:00:00,11.411207061517983,11.48512181632807,11.382778977029124,11.43963623046875,3221400,0.0,0.0
2018-05-24 00:00:00,11.416893060567176,11.468064480957352,11.286122134886469,11.405521392822266,4319100,0.0,0.0
2018-05-25 00:00:00,11.382778222001797,11.451006054034222,11.314549305507533,11.371406555175781,3052200,0.0,0.0
2018-05-29 00:00:00,11.291808311108483,11.365721984767502,11.149665713373329,11.200837135314941,4504800,0.0,0.0
2018-05-30 00:00:00,11.274746717140589,11.38277535586288,11.246318641695465,11.342975616455078,3578800,0.0,0.0
2018-05-31 00:00:00,11.34866530391233,11.365722807281271,11.280437459360646,11.308865547180176,5190200,0.0,0.0
2018-06-01 00:00:00,11.371407474049455,11.496492565857706,11.360035806304543,11.405521392822266,3524200,0.0,0.0
2018-06-04 00:00:00,11.433949189990408,11.621577347416395,11.422577523610215,11.576091766357422,3227900,0.0,0.0
2018-06-05 00:00:00,11.621576097305606,11.837632312979522,11.598832766991679,11.723918914794922,9626000,0.0,0.0
2018-06-06 00:00:00,11.763722085132946,11.911550521850586,11.706864827247392,11.911550521850586,3543000,0.0,0.0
2018-06-07 00:00:00,11.905863941994756,11.962721196319546,11.758035514535074,11.814892768859863,3698400,0.0,0.0
2018-06-08 00:00:00,11.797834364135687,11.894491363750452,11.740977114163146,11.831948280334473,4232500,0.0,0.0
2018-06-11 00:00:00,11.837634027503311,11.917233526207628,11.809205944955151,11.877433776855469,6489600,0.0,0.0
2018-06-12 00:00:00,11.888806083416329,12.036634506437698,11.883120249708366,11.996834754943848,4685800,0.0,0.0
2018-06-13 00:00:00,11.996834982192535,12.008206649823867,11.877434640987362,11.922920227050781,3833000,0.0,0.0
2018-06-14 00:00:00,11.986034413674776,12.123738846415058,11.848329980934494,11.8540678024292,4724900,0.19,0.0
2018-06-15 00:00:00,11.842590612765047,11.888492084350284,11.7163618395,11.8712797164917,5742800,0.0,0.0
2018-06-18 00:00:00,11.813902943602615,11.997508835230576,11.813902943602615,11.911443710327148,3977500,0.0,0.0
2018-06-19 00:00:00,11.808166479204633,12.072100799523467,11.790953014495503,12.049149513244629,5695800,0.0,0.0
2018-06-20 00:00:00,12.054889736995868,12.261446977155892,12.049151914282781,12.152430534362793,7243500,0.0,0.0
2018-06-21 00:00:00,12.175378123795225,12.2614443516849,12.0721006202072,12.095050811767578,2932300,0.0,0.0
2018-06-22 00:00:00,12.158161830709393,12.204063293396915,12.106522548388782,12.129472732543945,4130400,0.0,0.0
2018-06-25 00:00:00,12.0491490132133,12.060624655876488,11.84259182278598,11.922920227050781,3934100,0.0,0.0
2018-06-26 00:00:00,11.934393209945862,11.974557953998758,11.825377902077264,11.83111572265625,4446900,0.0,0.0
2018-06-27 00:00:00,11.854063317378076,11.894226958267327,11.647506199230918,11.653244018554688,4178100,0.0,0.0
2018-06-28 00:00:00,11.613085645058625,11.704888607124097,11.544233970698336,11.64751148223877,4466900,0.0,0.0
2018-06-29 00:00:00,11.658989387959089,11.750792367834526,11.61308789802137,11.664727210998535,3382000,0.0,0.0
2018-07-02 00:00:00,11.607344570949609,11.733574429205374,11.54423073619905,11.727836608886719,3034800,0.0,0.0
2018-07-03 00:00:00,11.762263653808361,11.77947711654591,11.527018468282389,11.538494110107422,2162500,0.0,0.0
2018-07-05 00:00:00,11.567184164025887,11.670462769943953,11.46964338003412,11.64751148223877,4133900,0.0,0.0
2018-07-06 00:00:00,11.653246974401599,11.739312097334295,11.595869860987332,11.618821144104004,3277000,0.0,0.0
2018-07-09 00:00:00,11.624561288911217,11.693412963271506,11.572921985952185,11.64751148223877,3815200,0.0,0.0
2018-07-10 00:00:00,11.636033672542885,11.75652461610267,11.624558031905575,11.727836608886719,3292000,0.0,0.0
2018-07-11 00:00:00,11.693412963271506,11.762265732009425,11.647511482238768,11.64751148223877,2454400,0.0,0.0
2018-07-12 00:00:00,11.710622787475586,11.739310793808514,11.58439402748249,11.710622787475586,2319700,0.0,0.0
2018-07-13 00:00:00,11.710624274012648,11.722099915753445,11.618821328841134,11.681936264038086,2668800,0.0,0.0
2018-07-16 00:00:00,11.687675736938651,11.733577216012492,11.572921492065255,11.630298614501953,2412800,0.0,0.0
2018-07-17 00:00:00,11.498331294154392,11.745051045067239,11.498331294154392,11.704887390136719,3899700,0.0,0.0
2018-07-18 00:00:00,11.676199916102837,11.71636357288478,11.469642716221335,11.567183494567871,5118400,0.0,0.0
2018-07-19 00:00:00,11.538494631539312,11.653247771843088,11.527018989195689,11.641773223876953,3821800,0.0,0.0
2018-07-20 00:00:00,11.63603401184082,11.68193548135119,11.59586926843906,11.63603401184082,2744600,0.0,0.0
2018-07-23 00:00:00,11.636033807025845,11.658983994188386,11.590132338323423,11.595869064331055,2247800,0.0,0.0
2018-07-24 00:00:00,11.63603711581518,11.658987309503772,11.527020686255836,11.60161018371582,4437400,0.0,0.0
2018-07-25 00:00:00,11.57866100304131,11.710627637834973,11.561447535485629,11.699151992797852,3464900,0.0,0.0
2018-07-26 00:00:00,11.687675020525077,11.81964162797608,11.653248092546757,11.704887390136719,2441600,0.0,0.0
2018-07-27 00:00:00,11.716361388427622,11.76800067877011,11.549967876351303,11.624558448791504,2390700,0.0,0.0
2018-07-30 00:00:00,11.624559235040289,11.630297055952804,11.42947770152449,11.538494110107422,3714100,0.0,0.0
2018-07-31 00:00:00,11.555707851379438,11.607347151349813,11.458167073032904,11.567183494567871,5598100,0.0,0.0
2018-08-01 00:00:00,11.561444282531737,11.710624342907446,11.469641336820137,11.561444282531738,5025400,0.0,0.0
2018-08-02 00:00:00,11.538494019544896,11.934393810004257,11.509804915207487,11.813902854919434,8278200,0.0,0.0
2018-08-03 00:00:00,11.194234675926651,11.383578425063819,10.96472726702973,11.131119728088379,15753900,0.0,0.0
2018-08-06 00:00:00,11.119639985254606,11.159804724586945,10.872920295619437,10.947509765625,9558500,0.0,0.0
2018-08-07 00:00:00,10.94177506251971,11.102430782480614,10.94177506251971,10.999152183532715,7536200,0.0,0.0
2018-08-08 00:00:00,11.010626951140418,11.05652842542562,10.97046329793805,10.987675666809082,5381600,0.0,0.0
2018-08-09 00:00:00,10.987674712565322,11.016363815487939,10.83849466049985,10.855708122253418,3612300,0.0,0.0
2018-08-10 00:00:00,10.786858395976115,10.855711167930341,10.746694734993516,10.809809684753418,4367200,0.0,0.0
2018-08-13 00:00:00,10.815545336571619,10.815545336571619,10.649151809459726,10.75816822052002,3684200,0.0,0.0
2018-08-14 00:00:00,10.769642814758145,10.849970112788348,10.74095371233496,10.792593002319336,3855900,0.0,0.0
2018-08-15 00:00:00,10.740955865876813,10.91882505343093,10.712267852079092,10.844234466552734,6612500,0.0,0.0
2018-08-16 00:00:00,10.907349430056144,10.981938922692818,10.798333007546315,10.821284294128418,5382400,0.0,0.0
2018-08-17 00:00:00,10.775383229411597,11.016366275896125,10.775383229411597,10.84997272491455,5583200,0.0,0.0
2018-08-20 00:00:00,10.855710445702844,10.958989049574244,10.832759158452482,10.884398460388184,3985200,0.0,0.0
2018-08-21 00:00:00,10.895874286574886,10.947513589375808,10.809809146699225,10.838497161865234,3760600,0.0,0.0
2018-08-22 00:00:00,10.832759158452482,10.970464693199423,10.809808965579734,10.884398460388184,3214500,0.0,0.0
2018-08-23 00:00:00,10.901612108483613,10.936037945558352,10.786857859064312,10.838497161865234,3229200,0.0,0.0
2018-08-24 00:00:00,10.861446194194139,10.861446194194139,10.769643251472012,10.798331260681152,3039500,0.0,0.0
2018-08-27 00:00:00,10.827023151336395,10.861448990124666,10.740956912799192,10.809809684753418,4552500,0.0,0.0
2018-08-28 00:00:00,10.815544284257884,10.884395941318813,10.763904994273508,10.792593002319336,3432100,0.0,0.0
2018-08-29 00:00:00,10.781121131533215,10.895874286574886,10.76390766580703,10.838497161865234,3023700,0.0,0.0
2018-08-30 00:00:00,10.815544801426853,10.89587210329808,10.752429867455223,10.786855697631836,3794100,0.0,0.0
2018-08-31 00:00:00,10.752429540486755,10.901609592552228,10.740953899317708,10.855708122253418,3943200,0.0,0.0
2018-09-04 00:00:00,10.861447951269517,10.895873786765092,10.786857364255264,10.821284294128418,3391100,0.0,0.0
2018-09-05 00:00:00,10.775380885070751,10.80406889378171,10.649151020236804,10.73521614074707,5250700,0.0,0.0
2018-09-06 00:00:00,10.72374151662636,10.913085218135707,10.72374151662636,10.878658294677734,4784400,0.0,0.0
2018-09-07 00:00:00,10.849972805682691,10.890136464666158,10.809809146699225,10.838497161865234,2903100,0.0,0.0
2018-09-10 00:00:00,10.872925872176195,10.999154691686913,10.821286560926854,10.981941223144531,3489900,0.0,0.0
2018-09-11 00:00:00,10.930298985126706,11.022101937348706,10.890135330326771,10.993413925170898,4655000,0.0,0.0
2018-09-12 00:00:00,10.964724695817095,11.096691288189637,10.95324905446886,11.073740005493164,3537200,0.0,0.0
2018-09-13 00:00:00,11.137484937964697,11.20122740335106,10.818774821549775,10.85933780670166,7929900,0.19,0.0
2018-09-14 00:00:00,10.859336243430954,10.888310589553011,10.668109980058553,10.853541374206543,4843400,0.0,0.0
2018-09-17 00:00:00,10.876719981005238,10.998408909208315,10.714466971476263,10.731851577758789,5154300,0.0,0.0
2018-09-18 00:00:00,10.714468175023315,10.876721202778034,10.702878436199764,10.812978744506836,4512200,0.0,0.0
2018-09-19 00:00:00,10.853540771496837,10.917283224167376,10.766619948474066,10.778209686279297,4695600,0.0,0.0
2018-09-20 00:00:00,10.812979688486774,10.870927282405058,10.74923722465082,10.847747802734375,3990700,0.0,0.0
2018-09-21 00:00:00,10.88830932123586,11.050561219586408,10.876719584137062,11.027382850646973,10034900,0.0,0.0
2018-09-24 00:00:00,10.975229682355769,11.02158752356417,10.859334526705705,10.882513999938965,4537100,0.0,0.0
2018-09-25 00:00:00,10.888309211774768,10.963640291643332,10.85933486931905,10.87671947479248,4053700,0.0,0.0
2018-09-26 00:00:00,10.882514526633372,11.230197799894581,10.818772077415005,11.044766426086426,9555100,0.0,0.0
2018-09-27 00:00:00,11.033176838918173,11.102713045446723,10.957844659044488,10.975229263305664,3461500,0.0,0.0
2018-09-28 00:00:00,10.940461002004794,11.091124269538463,10.940461002004794,11.044766426086426,4190800,0.0,0.0
2018-10-01 00:00:00,11.096918793889603,11.16645610953963,10.981024741483742,11.015792846679688,3212100,0.0,0.0
2018-10-02 00:00:00,11.03317856723714,11.07374154494256,10.911488528862632,10.946256637573242,4203700,0.0,0.0
2018-10-03 00:00:00,11.015792504036137,11.114303053408948,10.998407899349841,11.056355476379395,2839200,0.0,0.0
2018-10-04 00:00:00,11.021588653897993,11.044767024250223,10.679699125451297,10.778209686279297,4876500,0.0,0.0
2018-10-05 00:00:00,10.760824791853292,10.81877237407184,10.482677723514108,10.529035568237305,7508500,0.0,0.0
2018-10-08 00:00:00,10.48267972107084,10.505858095220159,10.343606160399691,10.442116737365723,5650200,0.0,0.0
2018-10-09 00:00:00,10.407345535052537,10.54642017448033,10.343604189344516,10.529035568237305,7283600,0.0,0.0
2018-10-10 00:00:00,10.54642210683422,10.54642210683422,10.285658491701797,10.29145336151123,4942600,0.0,0.0
2018-10-11 00:00:00,10.268274928258691,10.447912594874792,10.192943823579226,10.239301681518555,6195200,0.0,0.0
2018-10-12 00:00:00,10.395756798451313,10.459498143519427,10.18135107797259,10.378372192382812,5121200,0.0,0.0
2018-10-15 00:00:00,10.389962380890395,10.552214290208545,10.337809665678638,10.453704833984375,4170900,0.0,0.0
2018-10-16 00:00:00,10.505856271904749,10.697082522797126,10.47108816408565,10.662314414978027,3426400,0.0,0.0
2018-10-17 00:00:00,10.639136310258875,10.760825243290528,10.586983594600097,10.673904418945312,2907200,0.0,0.0
2018-10-18 00:00:00,10.662313461460318,10.714466171154125,10.563802910400698,10.627545356750488,3349800,0.0,0.0
2018-10-19 00:00:00,10.702877829439478,10.731852174855758,10.505856701641825,10.534831047058105,4148000,0.0,0.0
2018-10-22 00:00:00,10.540626699276569,10.598574289156188,10.436321258544922,10.436321258544922,7820200,0.0,0.0
2018-10-23 00:00:00,10.291451296374094,10.45370430270443,10.291451296374094,10.395756721496582,7449600,0.0,0.0
2018-10-24 00:00:00,10.401554736935463,10.48847558241439,10.227711940719093,10.239301681518555,5475900,0.0,0.0
2018-10-25 00:00:00,10.32042677013333,10.442116827558175,10.274068916175871,10.38996410369873,4794800,0.0,0.0
2018-10-26 00:00:00,10.279861453618357,10.332014165644559,10.152377660475512,10.210325241088867,6480400,0.0,0.0
2018-10-29 00:00:00,10.291452231072304,10.378373058149375,10.0770464927078,10.192941665649414,5610300,0.0,0.0
2018-10-30 00:00:00,10.210325686571872,10.355194091796875,10.175556473531953,10.355194091796875,6098500,0.0,0.0
2018-10-31 00:00:00,10.621751612243635,10.621751612243635,10.424730489278822,10.453704833984375,7538700,0.0,0.0
2018-11-01 00:00:00,10.4479109903174,10.529036952937524,10.378373661458474,10.471089363098145,5443500,0.0,0.0
2018-11-02 00:00:00,10.326219479435508,10.66810899530865,10.320424610746008,10.378372192382812,6902700,0.0,0.0
2018-11-05 00:00:00,10.424731768529034,10.81297919316056,10.418936898876817,10.685495376586914,7024700,0.0,0.0
2018-11-06 00:00:00,10.656520756889677,10.801389178729975,10.598574272360233,10.708673477172852,4713800,0.0,0.0
2018-11-07 00:00:00,10.74344234891118,10.830363178170094,10.6854947609858,10.714468002319336,3452100,0.0,0.0
2018-11-08 00:00:00,10.685493491831817,11.004203529679618,10.685493491831817,10.992613792419434,5219200,0.0,0.0
2018-11-09 00:00:00,10.923076705023606,11.009997517000944,10.841949655954414,10.905692100524902,5104100,0.0,0.0
2018-11-12 00:00:00,10.88251650733331,10.957847602181888,10.74344295166476,10.75503158569336,3739300,0.0,0.0
2018-11-13 00:00:00,10.795593359482934,11.085330177673931,10.795593359482934,10.946256637573242,6419700,0.0,0.0
2018-11-14 00:00:00,11.021587447111507,11.10271339234894,10.824566347027933,10.934666633605957,5235500,0.0,0.0
2018-11-15 00:00:00,10.917284709263457,11.00420554411021,10.795594656271296,10.870926856994629,9782100,0.0,0.0
2018-11-16 00:00:00,10.836157442446602,11.03317856723714,10.836157442446602,10.946256637573242,6784300,0.0,0.0
2018-11-19 00:00:00,10.946256803207646,10.98681978152685,10.812978130085046,10.841951370239258,5292900,0.0,0.0
2018-11-20 00:00:00,10.581190696111149,10.841953217707777,10.581190696111149,10.789801597595215,4431900,0.0,0.0
2018-11-21 00:00:00,10.830365118611262,10.847748624422605,10.459501152597335,10.679701805114746,5516800,0.0,0.0
2018-11-23 00:00:00,10.604363992311105,10.714464260391997,10.604363992311105,10.6970796585083,832100,0.0,0.0
2018-11-26 00:00:00,10.795593536963839,10.81877301332415,10.685494340027153,10.73764705657959,4639000,0.0,0.0
2018-11-27 00:00:00,10.679700404015259,10.83036369774584,10.679700404015259,10.807184219360352,3518100,0.0,0.0
2018-11-28 00:00:00,10.870925820002494,11.004204494404444,10.836157710432046,10.923078536987305,6335700,0.0,0.0
2018-11-29 00:00:00,10.911487658598622,10.946255764536243,10.778208998122606,10.824566841125488,4250100,0.0,0.0
2018-11-30 00:00:00,10.812978394893957,10.865131112655366,10.76662054635696,10.853541374206543,6875400,0.0,0.0
2018-12-03 00:00:00,10.957848120653273,10.957848120653273,10.697084500650206,10.847747802734375,8626100,0.0,0.0
2018-12-04 00:00:00,10.84774412710251,10.859333863010805,10.558007360943446,10.639134407043457,5503200,0.0,0.0
2018-12-06 00:00:00,10.517446866528031,10.714468002319336,10.430526037269118,10.714468002319336,6117600,0.0,0.0
2018-12-07 00:00:00,10.691288306521148,10.760824519215062,10.442114482975251,10.51744556427002,5149900,0.0,0.0
2018-12-10 00:00:00,10.52903711556498,10.644932297033813,10.47688439442984,10.604368209838867,6343300,0.0,0.0
2018-12-11 00:00:00,10.72605679230404,10.766619768686773,10.575393519126594,10.644930839538574,7346300,0.0,0.0
2018-12-12 00:00:00,10.778209689895201,10.812977798064326,10.702877499394157,10.743441581726074,6434200,0.0,0.0
2018-12-13 00:00:00,10.80138953426926,10.876721735050529,10.731853308441732,10.836158752441406,5850600,0.0,0.0
2018-12-14 00:00:00,10.748344277235512,10.824448617607011,10.6019888317028,10.64296817779541,4481500,0.19,0.0
2018-12-17 00:00:00,10.631260152234967,10.666385148754145,10.373674239019474,10.43221664428711,3769600,0.0,0.0
2018-12-18 00:00:00,10.49075820009263,10.514174490341507,10.280006004835661,10.332694053649902,4607800,0.0,0.0
2018-12-19 00:00:00,10.361968110702076,10.479051821124743,10.192195223174263,10.239028930664062,4331300,0.0,0.0
2018-12-20 00:00:00,10.133651590079594,10.168777703922277,9.858503731266431,9.969734191894531,6133300,0.0,0.0
2018-12-21 00:00:00,9.969734505336993,10.162923671131377,9.794107280412558,9.852649688720703,8982600,0.0,0.0
2018-12-24 00:00:00,9.75898326760175,9.88192133252082,9.688732147216797,9.688732147216797,2637200,0.0,0.0
2018-12-26 00:00:00,9.735565933483226,9.963881239115745,9.612627867576528,9.958026885986328,4026200,0.0,0.0
2018-12-27 00:00:00,9.852650102957274,10.010714277053713,9.712148987072752,10.004859924316406,3872800,0.0,0.0
2018-12-28 00:00:00,10.034128171337677,10.104379270778393,9.928752080478276,9.975586891174316,2664900,0.0,0.0
2018-12-31 00:00:00,9.975591374122143,10.028278326625577,9.85265217400387,9.987298965454102,2895800,0.0,0.0
2019-01-02 00:00:00,9.864357403965531,10.11023460090687,9.840939996350425,10.03412914276123,4950000,0.0,0.0
2019-01-03 00:00:00,9.952170550199389,10.004858601264017,9.8643575039595,9.876066207885742,4295200,0.0,0.0
2019-01-04 00:00:00,9.963880571758873,10.133652334726316,9.928754455335033,10.004859924316406,4908500,0.0,0.0
2019-01-07 00:00:00,10.016566233930007,10.069254279359708,9.87606515165192,9.975586891174316,6236200,0.0,0.0
2019-01-08 00:00:00,10.034127188779548,10.092669579813688,9.922897874078243,9.993147850036621,6332800,0.0,0.0
2019-01-09 00:00:00,10.04583893264675,10.280007451097015,10.04583893264675,10.139506340026855,5235600,0.0,0.0
2019-01-10 00:00:00,10.092670340360062,10.239025770672598,10.092670340360062,10.192192077636719,4387100,0.0,0.0
2019-01-11 00:00:00,10.1453584949557,10.27415087305446,10.1453584949557,10.25658893585205,3949100,0.0,0.0
2019-01-14 00:00:00,10.198045082069958,10.315129857498896,10.192190731638194,10.244878768920898,5238300,0.0,0.0
2019-01-15 00:00:00,10.239026976542636,10.40879983166925,10.186338926096685,10.361966133117676,3898800,0.0,0.0
2019-01-16 00:00:00,10.379527601978495,10.479049346467434,10.373673250349333,10.391236305236816,4239200,0.0,0.0
2019-01-17 00:00:00,10.391236451229533,10.537591894204596,10.367819044383882,10.496612548828125,4563700,0.0,0.0
2019-01-18 00:00:00,10.578572659236869,10.730782474350065,10.537593308360924,10.689803123474121,3569800,0.0,0.0
2019-01-22 00:00:00,10.678090695445947,10.713215681578104,10.549298335225918,10.590277671813965,3815000,0.0,0.0
2019-01-23 00:00:00,10.61955066526645,10.678093066219878,10.496612628207334,10.578571319580078,3888900,0.0,0.0
2019-01-24 00:00:00,10.6019888317028,10.69565622751546,10.566862720820476,10.64296817779541,5090300,0.0,0.0
2019-01-25 00:00:00,10.689801404581676,10.730780748868247,10.625404654072272,10.67223834991455,5796200,0.0,0.0
2019-01-28 00:00:00,10.596132326055457,10.701508404076183,10.566860572936806,10.63711166381836,5485100,0.0,0.0
2019-01-29 00:00:00,10.61954949576428,10.666383188048671,10.47319406780015,10.61369514465332,6242000,0.0,0.0
2019-01-30 00:00:00,10.666385242051883,10.77761570137296,10.613697188510505,10.719073295593262,5543600,0.0,0.0
2019-01-31 00:00:00,10.689801915006633,10.730781261249918,10.625405161422362,10.683947563171387,7816700,0.0,0.0
2019-02-01 00:00:00,10.701509352169587,10.871281068885747,10.678091947600016,10.81859302520752,7075100,0.0,0.0
2019-02-04 00:00:00,10.81273862993925,10.859572322283961,10.75419735196084,10.777613639831543,5275900,0.0,0.0
2019-02-05 00:00:00,10.777616343175529,10.964951159543466,10.777616343175529,10.836158752441406,6923700,0.0,0.0
2019-02-06 00:00:00,10.824447741913449,10.923969481488562,10.824447741913449,10.88884449005127,5012100,0.0,0.0
2019-02-07 00:00:00,10.859570794497172,10.959092516303805,10.713215386934658,10.724924087524414,6923400,0.0,0.0
2019-02-08 00:00:00,10.33269433974027,10.607843294855918,10.203901948296922,10.54344654083252,14303000,0.0,0.0
2019-02-11 00:00:00,10.566860568093785,10.695654048550404,10.4029432171173,10.455631256103516,9727300,0.0,0.0
2019-02-12 00:00:00,10.502465735195564,10.56686136366899,10.379526596103949,10.531736373901367,6309200,0.0,0.0
2019-02-13 00:00:00,10.561009813440531,10.63125980417898,10.502467410089512,10.508321762084961,4729700,0.0,0.0
2019-02-14 00:00:00,10.496612401354918,10.531737394526484,10.385381953607656,10.391236305236816,5781300,0.0,0.0
2019-02-15 00:00:00,10.443925794452602,10.514175790489528,10.402946443997136,10.42050838470459,12106100,0.0,0.0
2019-02-19 00:00:00,10.39709310376631,10.490760518670214,10.385384397752405,10.443926811218262,6102000,0.0,0.0
2019-02-20 00:00:00,10.461489870239117,10.490760518670214,10.414656162787166,10.443926811218262,4081500,0.0,0.0
2019-02-21 00:00:00,10.443926882190114,10.46148994133032,10.30342575887948,10.320987701416016,5320500,0.0,0.0
2019-02-22 00:00:00,10.350256307872717,10.4731943345239,10.326838902832494,10.438069343566895,4185700,0.0,0.0
2019-02-25 00:00:00,10.473193001106994,10.47904735162169,10.356109340622623,10.367816925048828,5700500,0.0,0.0
2019-02-26 00:00:00,10.38538335174592,10.455634464150052,10.338549649011018,10.379528999328613,5051800,0.0,0.0
2019-02-27 00:00:00,10.356112741104667,10.438071442015598,10.350258388667664,10.42050838470459,3020800,0.0,0.0
2019-02-28 00:00:00,10.4497790664172,10.625405154953919,10.420507307258788,10.461487770080566,10147000,0.0,0.0
2019-03-01 00:00:00,10.520029938064985,10.707365862590335,10.432216886427074,10.660531044006348,11710000,0.0,0.0
2019-03-04 00:00:00,10.683947053025967,10.724926397312538,10.578570958229992,10.67223834991455,5777600,0.0,0.0
2019-03-05 00:00:00,10.660530010952822,10.707364824998304,10.549300677405077,10.578571319580078,5399700,0.0,0.0
2019-03-06 00:00:00,10.601989718323978,10.637114715540294,10.52588425498451,10.619551658630371,4793700,0.0,0.0
2019-03-07 00:00:00,10.584423427679855,10.637111465708937,10.297566952078844,10.367816925048828,5315400,0.0,0.0
2019-03-08 00:00:00,10.280006001919528,10.496612548828125,10.256589711677293,10.496612548828125,5323500,0.0,0.0
2019-03-11 00:00:00,10.525884758593035,10.631260871887207,10.502468464862988,10.631260871887207,4143600,0.0,0.0
2019-03-12 00:00:00,10.654676881422851,10.707364931142903,10.596134479889079,10.64296817779541,4827100,0.0,0.0
2019-03-13 00:00:00,10.672237299755894,10.81273837345729,10.625403608522095,10.771759033203125,5349000,0.0,0.0
2019-03-14 00:00:00,10.795433778996394,10.801352463756446,10.694818395822892,10.765841484069824,6837100,0.2,0.0
2019-03-15 00:00:00,10.78359860136835,10.884214004993103,10.742168928500613,10.860540390014648,14507300,0.0,0.0
2019-03-18 00:00:00,10.878294256009562,10.896050312163732,10.61196018693987,10.759923934936523,7162200,0.0,0.0
2019-03-19 00:00:00,10.771761230972196,10.795434843473032,10.665227152533921,10.694819450378418,6500700,0.0,0.0
2019-03-20 00:00:00,10.677066584017867,10.754007250588275,10.629717092129592,10.65339183807373,4512700,0.0,0.0
2019-03-21 00:00:00,10.611958961586614,10.848700705270145,10.611958961586614,10.842782020568848,4736300,0.0,0.0
2019-03-22 00:00:00,10.813190825195818,10.866457864048904,10.748086415736758,10.801353454589844,4006800,0.0,0.0
2019-03-25 00:00:00,10.75992261755729,10.8131896506243,10.671144605403496,10.771759986877441,3458300,0.0,0.0
2019-03-26 00:00:00,10.83686501236343,10.996666137399163,10.807272713152601,10.990747451782227,4799100,0.0,0.0
2019-03-27 00:00:00,10.978910080548353,11.073606792671633,10.967073838188334,10.990747451782227,4749800,0.0,0.0
2019-03-28 00:00:00,11.038094885198031,11.150547644772487,10.990746533094118,11.026257514953613,5247100,0.0,0.0
2019-03-29 00:00:00,11.049932921867423,11.091362591347766,10.901969171509732,10.931561470031738,6064500,0.0,0.0
2019-04-01 00:00:00,10.978910515234976,11.055852302427647,10.967074272406325,11.044014930725098,4297500,0.0,0.0
2019-04-02 00:00:00,11.044015277499039,11.233408715191045,10.996666918076038,11.203816413879395,6463400,0.0,0.0
2019-04-03 00:00:00,11.23932804472646,11.387291817504122,11.20381705534454,11.286676406860352,6285100,0.0,0.0
2019-04-04 00:00:00,11.280756553328523,11.31034998214659,11.215653267676537,11.25708293914795,2955300,0.0,0.0
2019-04-05 00:00:00,11.310350753195396,11.576684857471234,11.29259469469409,11.476069450378418,9897200,0.0,0.0
2019-04-08 00:00:00,11.405047901773585,11.541174302099357,11.339943480368216,11.529336929321289,8903300,0.0,0.0
2019-04-09 00:00:00,11.464233390183061,11.499744378879386,11.35769929522011,11.4701509475708,8261000,0.0,0.0
2019-04-10 00:00:00,11.470151909996082,11.511582717304432,11.387292553127523,11.464234352111816,4007900,0.0,0.0
2019-04-11 00:00:00,11.393208836466595,11.416883578505706,11.239326399833875,11.345860481262207,6822100,0.0,0.0
2019-04-12 00:00:00,11.36953310293102,11.405045212892803,11.233406734698729,11.310348510742188,5428500,0.0,0.0
2019-04-15 00:00:00,11.339941795752429,11.369534094427484,11.29259344054804,11.345860481262207,2535400,0.0,0.0
2019-04-16 00:00:00,11.351778066498287,11.38728904724121,11.29851103094704,11.387289047241211,5220500,0.0,0.0
2019-04-17 00:00:00,11.399126453141383,11.452393488860984,11.345859417421782,11.422800064086914,3623100,0.0,0.0
2019-04-18 00:00:00,11.440556118951356,11.464230858770614,11.375451713322125,11.422800064086914,4772100,0.0,0.0
2019-04-22 00:00:00,11.405048370361328,11.45831542117716,11.351781319545497,11.405048370361328,3916300,0.0,0.0
2019-04-23 00:00:00,11.422801090838123,11.541172542826905,11.41688353422513,11.487905502319336,5878800,0.0,0.0
2019-04-24 00:00:00,11.511580650111991,11.582602620710103,11.470149850243576,11.505661964416504,4655500,0.0,0.0
2019-04-25 00:00:00,11.470147378501306,11.493822116181503,11.34585839230114,11.351777076721191,2766100,0.0,0.0
2019-04-26 00:00:00,11.375453841408225,11.67138137126782,11.375453841408225,11.653626441955566,6524900,0.0,0.0
2019-04-29 00:00:00,11.653625309328865,11.683217607889146,11.44055714729859,11.487905502319336,5861600,0.0,0.0
2019-04-30 00:00:00,11.476068535939065,11.547091635411048,11.381371822559,11.505661964416504,5766800,0.0,0.0
2019-05-01 00:00:00,11.55301139792008,11.55301139792008,11.422802558230806,11.434639930725098,4512900,0.0,0.0
2019-05-02 00:00:00,11.428721988016116,11.493826412096364,11.363618692809915,11.405048370361328,3502500,0.0,0.0
2019-05-03 00:00:00,11.399126453141383,11.505660524580586,11.310348436566622,11.422800064086914,3430300,0.0,0.0
2019-05-06 00:00:00,11.274835706998646,11.440555490001747,11.262999466613447,11.37545108795166,9078300,0.0,0.0
2019-05-07 00:00:00,11.268917392389755,11.405043743078895,11.251161339697157,11.363614082336426,9386700,0.0,0.0
2019-05-08 00:00:00,10.937477848702816,11.499740433025567,10.931559164471949,11.363614082336426,15060600,0.0,0.0
2019-05-09 00:00:00,11.310347053132224,11.499740433025567,11.310347053132224,11.363614082336426,10749400,0.0,0.0
2019-05-10 00:00:00,11.334025129377938,11.493826279988712,11.316270198559431,11.481988906860352,5449500,0.0,0.0
2019-05-13 00:00:00,11.351778133810498,11.393207799735194,11.257081432018701,11.280755043029785,5059400,0.0,0.0
2019-05-14 00:00:00,11.36953551088046,11.499744350569737,11.351780581012996,11.434639930725098,5010200,0.0,0.0
2019-05-15 00:00:00,11.369534451168025,11.570765249319129,11.369534451168025,11.505661964416504,4063600,0.0,0.0
2019-05-16 00:00:00,11.511580933145346,11.71281173624408,11.511580933145346,11.600358963012695,4938200,0.0,0.0
2019-05-17 00:00:00,11.517499280437201,11.570766327787547,11.410966314610487,11.434639930725098,5425600,0.0,0.0
2019-05-20 00:00:00,11.345858612423653,11.499741023709557,11.334021243353895,11.381369590759277,4571300,0.0,0.0
2019-05-21 00:00:00,11.470149445858869,11.55300991380055,11.44055714729859,11.487905502319336,3536200,0.0,0.0
2019-05-22 00:00:00,11.452393603072126,11.606276026810738,11.416882621862829,11.523415565490723,4417100,0.0,0.0
2019-05-23 00:00:00,11.434637548030608,11.541171620532243,11.410963936848988,11.523415565490723,5372100,0.0,0.0
2019-05-24 00:00:00,11.576684272696472,11.7187293469099,11.399128212148161,11.458313941955566,4546900,0.0,0.0
2019-05-28 00:00:00,11.470148640402751,11.594438769150461,11.399126677295845,11.4464750289917,9117900,0.0,0.0
2019-05-29 00:00:00,11.422801826746781,11.487906242422316,11.268920509670995,11.458313941955566,5834400,0.0,0.0
2019-05-30 00:00:00,11.440557845939683,11.529335875915766,11.405046859724028,11.428720474243164,2891100,0.0,0.0
2019-05-31 00:00:00,11.351781189070481,11.499744966552893,11.339943815942119,11.481988906860352,5098900,0.0,0.0
2019-06-03 00:00:00,11.487906822712622,11.6477079626025,11.434639776082662,11.476069450378418,6346200,0.0,0.0
2019-06-04 00:00:00,11.61219622006762,12.168539137143933,11.535254433767907,12.056087493896484,19064000,0.0,0.0
2019-06-05 00:00:00,11.931797228774714,11.955471971664103,11.588521358995687,11.748322486877441,12555000,0.0,0.0
2019-06-06 00:00:00,11.724644201797664,11.843015622735086,11.647703568399812,11.813422203063965,4182800,0.0,0.0
2019-06-07 00:00:00,11.88444505221592,12.002816470870611,11.84301539434883,11.925874710083008,3400500,0.0,0.0
2019-06-10 00:00:00,12.008736217928663,12.05016587946388,11.795668097034845,11.8489351272583,6341700,0.0,0.0
2019-06-11 00:00:00,11.896287608466622,11.914042538797247,11.724649089443885,11.771997451782227,4171500,0.0,0.0
2019-06-12 00:00:00,11.771992496146854,11.93179357509532,11.736481521560593,11.91995620727539,4381600,0.0,0.0
2019-06-13 00:00:00,11.94984923730267,12.057451865324047,11.908004024226921,11.991694450378418,2709700,0.2,0.0
2019-06-14 00:00:00,11.979739184518898,12.039517407277978,11.890069569987253,12.009628295898438,2756500,0.0,0.0
2019-06-17 00:00:00,11.985716399910949,12.0156066522483,11.872136861618642,11.991694450378418,3881700,0.0,0.0
2019-06-18 00:00:00,11.728665539878218,11.818334004791476,11.477593154003259,11.698775291442871,14846400,0.0,0.0
2019-06-19 00:00:00,11.716711564019523,11.818336146725173,11.627043082854913,11.78246784210205,5673800,0.0,0.0
2019-06-20 00:00:00,11.878115000720246,11.919960214108242,11.752578220359705,11.890069961547852,7140200,0.0,0.0
2019-06-21 00:00:00,11.830291347228172,12.06342960853882,11.80637914596733,12.009628295898438,13443300,0.0,0.0
2019-06-24 00:00:00,12.03951568321804,12.063427881054654,11.890067867328257,11.919958114624023,4866400,0.0,0.0
2019-06-25 00:00:00,11.955825271182594,12.045493732677194,11.913980065164871,11.919958114624023,4251200,0.0,0.0
2019-06-26 00:00:00,11.955826390406036,11.985715500303469,11.716710090637207,11.716710090637207,6497300,0.0,0.0
2019-06-27 00:00:00,11.788446968998905,11.824315276896321,11.716712633597478,11.764535903930664,3138200,0.0,0.0
2019-06-28 00:00:00,11.818335635796014,11.890069961547852,11.782467332723547,11.890069961547852,5450600,0.0,0.0
2019-07-01 00:00:00,11.991692847911807,12.045494154732953,11.842245026785601,11.943869590759277,4883500,0.0,0.0
2019-07-02 00:00:00,11.949849041663567,12.05745166792331,11.902025778903296,12.051473617553711,3749200,0.0,0.0
2019-07-03 00:00:00,12.075385090591025,12.135163310287883,12.015605730697711,12.105274200439453,3773300,0.0,0.0
2019-07-05 00:00:00,12.0694077955554,12.1770104220549,12.045495594023722,12.165054321289062,3144200,0.0,0.0
2019-07-08 00:00:00,12.153098220523223,12.248744746256884,12.111253008039311,12.165054321289062,3977700,0.0,0.0
2019-07-09 00:00:00,12.165053924291668,12.350368919328456,12.093318462234192,12.344390869140625,4781700,0.0,0.0
2019-07-10 00:00:00,12.404170427221977,12.487860850783726,12.224833479533515,12.284611701965332,6151900,0.0,0.0
2019-07-11 00:00:00,12.30852271932347,12.344389877372338,12.159074897224055,12.200920104980469,4329500,0.0,0.0
2019-07-12 00:00:00,12.224830629943094,12.260697783080904,12.188962336609043,12.254719734191895,2950300,0.0,0.0
2019-07-15 00:00:00,12.260702251400058,12.428084260704662,12.260702251400058,12.416128158569336,2860000,0.0,0.0
2019-07-16 00:00:00,12.404172050923698,12.404172050923698,12.242768092758459,12.272658348083496,4715500,0.0,0.0
2019-07-17 00:00:00,12.254722254858454,12.29058941537376,12.18298679363137,12.18896484375,2942100,0.0,0.0
2019-07-18 00:00:00,12.165056543646303,12.290592204031352,12.135166286271243,12.260703086853027,2369700,0.0,0.0
2019-07-19 00:00:00,12.320480205636672,12.326458256017157,12.182987327278582,12.19494342803955,2602000,0.0,0.0
2019-07-22 00:00:00,12.230810590125932,12.272656942789322,12.153098215572685,12.19494342803955,2472700,0.0,0.0
2019-07-23 00:00:00,12.230808836011736,12.36830169465092,12.177008670696322,12.350367546081543,4536200,0.0,0.0
2019-07-24 00:00:00,12.338412317252171,12.505794295115924,12.30852320772485,12.481882095336914,4014500,0.0,0.0
2019-07-25 00:00:00,12.46394962307847,12.51775093470443,12.41014831145251,12.457971572875977,3238800,0.0,0.0
2019-07-26 00:00:00,12.475908998920342,12.619378820857442,12.475908998920342,12.595466613769531,4207500,0.0,0.0
2019-07-29 00:00:00,12.571549953537042,12.679151416968168,12.571549953537042,12.637306213378906,3840400,0.0,0.0
2019-07-30 00:00:00,12.559596678736568,12.559596678736568,12.428082989292003,12.493839263916016,5234200,0.0,0.0
2019-07-31 00:00:00,12.505794218348976,12.667198145277196,12.428081849937112,12.553617477416992,6496400,0.0,0.0
2019-08-01 00:00:00,12.547642501470927,12.703068416567833,12.481885076569274,12.607421875,8911200,0.0,0.0
2019-08-02 00:00:00,12.200921320337674,13.318791642680916,12.194943270034644,13.043807029724121,12614000,0.0,0.0
2019-08-05 00:00:00,12.870448254133755,12.954138678779128,12.493839062836537,12.583507537841797,8008200,0.0,0.0
2019-08-06 00:00:00,12.637310037047925,12.804692042246007,12.46992917204647,12.780779838562012,6397000,0.0,0.0
2019-08-07 00:00:00,12.726980721920219,12.834582226880787,12.619378076762926,12.792737007141113,6319300,0.0,0.0
2019-08-08 00:00:00,12.858495500492591,12.972076206502562,12.780781965781676,12.918274879455566,3760900,0.0,0.0
2019-08-09 00:00:00,12.912291945835078,13.05576171698702,12.86446868878443,12.9063138961792,4451800,0.0,0.0
2019-08-12 00:00:00,12.85251562727505,12.942184112914381,12.721001924350473,12.732956886291504,3695400,0.0,0.0
2019-08-13 00:00:00,12.768822667496817,12.840556985743186,12.697087209054017,12.798711776733398,9426300,0.0,0.0
2019-08-14 00:00:00,12.655244500292588,12.721001921840228,12.392215954298683,12.416128158569336,6910200,0.0,0.0
2019-08-15 00:00:00,12.475905185588603,12.58948471394958,12.475905185588603,12.481882095336914,5305900,0.0,0.0
2019-08-16 00:00:00,12.541664450098347,12.709046467940412,12.541664450098347,12.607421875,6217300,0.0,0.0
2019-08-19 00:00:00,12.697091829662682,12.822628642572676,12.673180761611208,12.786760330200195,3392000,0.0,0.0
2019-08-20 00:00:00,12.792738382262275,12.86447386681039,12.685135725538522,12.786760330200195,3488500,0.0,0.0
2019-08-21 00:00:00,12.870450022561485,13.03185284366944,12.834581715473782,13.013919830322266,4162600,0.0,0.0
2019-08-22 00:00:00,13.061740871383646,13.139453243090088,12.948160198708244,13.091629981994629,4320800,0.0,0.0
2019-08-23 00:00:00,13.031852276260821,13.09163164527418,12.744912673232646,12.780779838562012,3347800,0.0,0.0
2019-08-26 00:00:00,12.870446852015045,12.966093366960369,12.804689445416486,12.948159217834473,4152200,0.0,0.0
2019-08-27 00:00:00,12.984025582844097,13.097606239977972,12.942180377635912,13.073695182800293,5871800,0.0,0.0
2019-08-28 00:00:00,13.049783933479198,13.157386549086787,12.930225218316007,13.133474349975586,3938300,0.0,0.0
2019-08-29 00:00:00,13.229123349301965,13.28292466720495,13.157389018895733,13.223146438598633,3625900,0.0,0.0
2019-08-30 00:00:00,13.294880769004862,13.342704036007891,13.175323171595602,13.223146438598633,3435600,0.0,0.0
2019-09-03 00:00:00,13.157386666752295,13.20520992520597,13.067718199676209,13.115541458129883,5739100,0.0,0.0
2019-09-04 00:00:00,13.187274147265551,13.32476699601326,13.1514069929035,13.312810897827148,4209700,0.0,0.0
2019-09-05 00:00:00,13.426393539283588,13.611709683770922,13.372593365299494,13.510085105895996,5856100,0.0,0.0
2019-09-06 00:00:00,13.504108545144001,13.719313825607387,13.450307225028155,13.659534454345703,3660900,0.0,0.0
2019-09-09 00:00:00,13.683441143792699,13.952447658363793,13.665508136285496,13.928535461425781,7023000,0.0,0.0
2019-09-10 00:00:00,13.880717277526855,13.970386908598947,13.731269412668999,13.880717277526855,6709100,0.0,0.0
2019-09-11 00:00:00,13.916582059253912,14.197543563513785,13.832890500809098,14.19156551361084,7659300,0.0,0.0
2019-09-12 00:00:00,14.239390800192648,14.400794749965293,14.137766217765048,14.203523635864258,7081800,0.0,0.0
2019-09-13 00:00:00,14.263806074363428,14.312035296893699,14.034717554813477,14.08294677734375,5367500,0.2,0.0
2019-09-16 00:00:00,13.908117681113543,13.968404507816416,13.679029119493318,13.721229553222656,8365500,0.0,0.0
2019-09-17 00:00:00,13.781513214111328,13.7935696567819,13.6307967569137,13.781513214111328,5004700,0.0,0.0
2019-09-18 00:00:00,14.167352140131344,14.167352140131344,13.564486091615116,13.751374244689941,5840600,0.0,0.0
2019-09-19 00:00:00,13.733287399806738,13.763430238771887,13.648885380928238,13.691085815429688,4257200,0.0,0.0
2019-09-20 00:00:00,13.721229260207304,13.775487288093657,13.522283541249191,13.570512771606445,8310600,0.0,0.0
2019-09-23 00:00:00,13.474055234504654,13.685058562984718,13.474055234504654,13.50419807434082,8226600,0.0,0.0
2019-09-24 00:00:00,13.636831056604123,13.733289536148341,13.070136626875012,13.208795547485352,15050600,0.0,0.0
2019-09-25 00:00:00,13.323337519733464,13.486111599696114,13.15453464237862,13.468025207519531,8609900,0.0,0.0
2019-09-26 00:00:00,13.49816488849543,13.630796100361115,13.413764044490181,13.528308868408203,4764900,0.0,0.0
2019-09-27 00:00:00,13.75740298269866,13.986492724058424,13.727260140355614,13.896061897277832,9267600,0.0,0.0
2019-09-30 00:00:00,13.88400484876718,14.101035833961241,13.87797605058461,13.968405723571777,6341400,0.0,0.0
2019-10-01 00:00:00,13.99854564666748,14.082947653754491,13.950316421135806,13.99854564666748,4410800,0.0,0.0
2019-10-02 00:00:00,13.853858061555707,13.914144881337263,13.666969955120788,13.727256774902344,6418200,0.0,0.0
2019-10-03 00:00:00,13.697116516096255,13.823718987064696,13.56448639639786,13.805632591247559,6519100,0.0,0.0
2019-10-04 00:00:00,13.865918706688314,14.070893249125067,13.823718268517636,14.052806854248047,5802100,0.0,0.0
2019-10-07 00:00:00,13.968405358975236,14.119121859978476,13.841802900197179,14.05883502960205,3619600,0.0,0.0
2019-10-08 00:00:00,13.974432281627108,14.05280434568595,13.83577339528235,13.962374687194824,5456800,0.0,0.0
2019-10-09 00:00:00,14.046774856249163,14.107061675564163,13.914144773656515,14.095004081726074,4633400,0.0,0.0
2019-10-10 00:00:00,14.088978023760866,14.215579323713673,14.046776440567696,14.203521728515625,5362900,0.0,0.0
2019-10-11 00:00:00,14.29395074427719,14.36629516230787,14.161320652742377,14.306008338928223,4544400,0.0,0.0
2019-10-14 00:00:00,14.299979582967048,14.348208811835171,14.191464680420408,14.324094772338867,4893300,0.0,0.0
2019-10-15 00:00:00,14.34820494932899,14.456720972538864,14.227632484554292,14.450692176818848,4176800,0.0,0.0
2019-10-16 00:00:00,14.42055282367108,14.486868442699144,14.348208407469967,14.444666862487793,3907000,0.0,0.0
2019-10-17 00:00:00,14.474810942389807,14.571269398034284,14.366294892320896,14.432610511779785,3369000,0.0,0.0
2019-10-18 00:00:00,14.402468741604858,14.547156447332444,14.336154261818674,14.486870765686035,3606500,0.0,0.0
2019-10-21 00:00:00,14.553187066129487,14.691847140939855,14.492901376941118,14.679789543151855,4046800,0.0,0.0
2019-10-22 00:00:00,14.685815453813303,14.752129928853726,14.613471031188965,14.613471031188965,4498000,0.0,0.0
2019-10-23 00:00:00,14.60141187655736,14.788301135931729,14.55921144698104,14.782272338867188,4082600,0.0,0.0
2019-10-24 00:00:00,14.800359772516806,14.945048623747166,14.740074092692398,14.932991027832031,3858600,0.0,0.0
2019-10-25 00:00:00,14.920933376280697,15.041507035231197,14.896818184540344,14.963133811950684,4584600,0.0,0.0
2019-10-28 00:00:00,15.035479525385686,15.252510520263748,15.023421928482534,15.083708763122559,7663600,0.0,0.0
2019-10-29 00:00:00,15.101792430569853,15.330882148288524,15.053563197872597,15.089735984802246,6215700,0.0,0.0
2019-10-30 00:00:00,15.1017879896616,15.210304018788555,14.902842319553942,15.192218780517578,6213100,0.0,0.0
2019-10-31 00:00:00,15.168106378861586,15.228393200533231,14.987247063722133,15.107819557189941,8828900,0.0,0.0
2019-11-01 00:00:00,15.216337344888045,16.168865556537217,15.083707241956098,15.96389102935791,14391300,0.0,0.0
2019-11-04 00:00:00,16.018149745947593,16.241210676208777,15.897577233540076,16.042264938354492,13175700,0.0,0.0
2019-11-05 00:00:00,16.030201913000713,16.12063155414832,15.957857510157464,15.981972694396973,8904600,0.0,0.0
2019-11-06 00:00:00,16.1085785876703,16.584843264284398,15.98800608147571,16.560728073120117,7505400,0.0,0.0
2019-11-07 00:00:00,16.59690120731913,16.8802478101776,16.4944139424766,16.795846939086914,7893000,0.0,0.0
2019-11-08 00:00:00,16.73555853977341,16.83804579500129,16.614984892490437,16.8018741607666,5836400,0.0,0.0
2019-11-11 00:00:00,16.74761325704781,16.74761325704781,16.446180340505464,16.494409561157227,8234500,0.0,0.0
2019-11-12 00:00:00,16.15680538591244,16.277379023816806,15.957859688283026,16.066375732421875,10737100,0.0,0.0
2019-11-13 00:00:00,16.024174032659854,16.168861696739416,15.783027925860582,15.915657997131348,7422400,0.0,0.0
2019-11-14 00:00:00,15.885518957142581,16.036235453605272,15.78906049139651,15.96389102935791,5375300,0.0,0.0
2019-11-15 00:00:00,16.060352278037673,16.192983553827546,16.018151835695736,16.156810760498047,7740200,0.0,0.0
2019-11-18 00:00:00,16.09049374418321,16.42206958180583,16.09049374418321,16.325611114501953,7422500,0.0,0.0
2019-11-19 00:00:00,16.349729134522665,16.572788947545504,16.349729134522665,16.488388061523438,5490800,0.0,0.0
2019-11-20 00:00:00,16.39192575686647,16.47632662321619,16.15680725080208,16.259294509887695,6041500,0.0,0.0
2019-11-21 00:00:00,16.21106346259279,16.3195795070972,16.199007018662083,16.29546546936035,5917600,0.0,0.0
2019-11-22 00:00:00,16.331639928619282,16.4280983960187,16.27135309902574,16.277381896972656,5133400,0.0,0.0
2019-11-25 00:00:00,16.379870317722556,16.608958906486716,16.37384151935038,16.506471633911133,6700500,0.0,0.0
2019-11-26 00:00:00,16.470298515726647,16.584843374768845,16.42809808078363,16.500442504882812,29862100,0.0,0.0
2019-11-27 00:00:00,16.542644540556022,16.59690257641172,16.319583598718626,16.446186065673828,5430500,0.0,0.0
2019-11-29 00:00:00,16.373839042590223,16.4341258673171,16.18695092082489,16.205036163330078,3930200,0.0,0.0
2019-12-02 00:00:00,16.16886932176069,16.29547180620642,16.13269767615157,16.223127365112305,4625200,0.0,0.0
2019-12-03 00:00:00,16.06637638660091,16.217092865180422,16.012118362322248,16.126663208007812,7094900,0.0,0.0
2019-12-04 00:00:00,16.168863970674245,16.36780968049712,16.120634742531596,16.132692337036133,5601000,0.0,0.0
2019-12-05 00:00:00,16.12666543015899,16.199009855790965,16.060349802485984,16.180923461914062,5162500,0.0,0.0
2019-12-06 00:00:00,16.253265487824617,16.355752745494716,16.18092221763134,16.19297981262207,4162600,0.0,0.0
2019-12-09 00:00:00,16.15078093516086,16.337669076010098,16.13872333900913,16.23518180847168,4863300,0.0,0.0
2019-12-10 00:00:00,16.199010771977406,16.2653252535254,16.13872393885365,16.162837982177734,4927600,0.0,0.0
2019-12-11 00:00:00,16.174894379138422,16.21106601637966,15.981977447350994,16.03020668029785,4442200,0.0,0.0
2019-12-12 00:00:00,15.981974838291567,16.319579413805574,15.981974838291567,16.30752182006836,7946700,0.0,0.0
2019-12-13 00:00:00,16.247238681424314,16.428098016147253,16.247238681424314,16.416040420532227,4668800,0.0,0.0
2019-12-16 00:00:00,16.494990616298484,16.67111588902367,16.434257723690365,16.476770401000977,8356500,0.2,0.0
2019-12-17 00:00:00,16.428186878754104,16.561799494990826,16.282428608809848,16.312795639038086,6113200,0.0,0.0
2019-12-18 00:00:00,16.31886863708496,16.397820596936928,16.300648419403554,16.31886863708496,5674000,0.0,0.0
2019-12-19 00:00:00,16.282430110955527,16.51321492844628,16.179184515422055,16.501068115234375,5316000,0.0,0.0
2019-12-20 00:00:00,16.65896987915039,16.81080153877315,16.470698945565587,16.65896987915039,14784600,0.0,0.0
2019-12-23 00:00:00,16.622531319624688,16.677189653725154,16.446406030868282,16.482845306396484,3518600,0.0,0.0
2019-12-24 00:00:00,16.47677359935313,16.543579910028377,16.434260913790265,16.44033432006836,1069000,0.0,0.0
2019-12-26 00:00:00,16.44033149341891,16.586089743881015,16.428184682951166,16.573944091796875,2593200,0.0,0.0
2019-12-27 00:00:00,16.6164565783567,16.707555339046618,16.513211007339173,16.622529983520508,3339200,0.0,0.0
2019-12-30 00:00:00,16.592165569090813,16.62253259968922,16.25206293507509,16.264209747314453,4391300,0.0,0.0
2019-12-31 00:00:00,16.22776931059637,16.331014897863398,16.179183220022693,16.264209747314453,3275700,0.0,0.0
2020-01-02 00:00:00,16.343160478625,16.416040188185818,15.863373015160525,15.905885696411133,8124900,0.0,0.0
2020-01-03 00:00:00,15.711541946252655,15.972691449349576,15.650809045706316,15.851226806640625,4993800,0.0,0.0
2020-01-06 00:00:00,15.74190977525205,15.845155371506998,15.553638802687336,15.699397087097168,8018800,0.0,0.0
2020-01-07 00:00:00,15.669026536904124,15.96054419867581,15.614367047720908,15.772272109985352,6180600,0.0,0.0
2020-01-08 00:00:00,15.802639712109034,16.063790356968546,15.741906815428088,15.911958694458008,5965900,0.0,0.0
2020-01-09 00:00:00,15.990914072322907,16.215625490629506,15.98484066551636,16.19133186340332,6917400,0.0,0.0
2020-01-10 00:00:00,16.25205998326731,16.28849925498328,15.930176467689492,15.948396682739258,5206400,0.0,0.0
2020-01-13 00:00:00,15.990912583277984,16.130597451669637,15.84515430864533,16.094158172607422,7247900,0.0,0.0
2020-01-14 00:00:00,16.112379485072065,16.245990956292538,16.10023267176551,16.197404861450195,4511500,0.0,0.0
2020-01-15 00:00:00,16.24598995270452,16.44033432006836,16.19133045458546,16.44033432006836,4883200,0.0,0.0
2020-01-16 00:00:00,16.531432183614022,16.75614356994629,16.416040945860452,16.75614356994629,5072800,0.0,0.0
2020-01-17 00:00:00,16.792587339113844,16.93834564556851,16.73185442182839,16.865467071533203,7463900,0.0,0.0
2020-01-21 00:00:00,16.829023966391556,16.853317592819877,16.56787443259031,16.592166900634766,7662500,0.0,0.0
2020-01-22 00:00:00,16.73792566568436,16.93227004916769,16.60431419163555,16.750072479248047,3686900,0.0,0.0
2020-01-23 00:00:00,16.725777306743407,16.853315353393555,16.54965201369277,16.853315353393555,4243400,0.0,0.0
2020-01-24 00:00:00,16.731851565104662,16.76221859775468,16.37960209505142,16.458555221557617,5294600,0.0,0.0
2020-01-27 00:00:00,16.13666702741948,16.598235366715237,16.124520217820862,16.488916397094727,6255800,0.0,0.0
2020-01-28 00:00:00,16.537510371813667,16.78044088783903,16.519291307101813,16.695415496826172,4486400,0.0,0.0
2020-01-29 00:00:00,16.73792546072476,16.798658369415588,16.652900083587934,16.70755958557129,3700700,0.0,0.0
2020-01-30 00:00:00,16.580014096074315,16.774359562120694,16.440329269739518,16.7622127532959,3631000,0.0,0.0
2020-01-31 00:00:00,16.701483874714278,16.756143369156767,16.276354730913518,16.337087631225586,13437500,0.0,0.0
2020-02-03 00:00:00,16.458557538244264,16.58609561817489,16.379604400624725,16.452484130859375,4394400,0.0,0.0
2020-02-04 00:00:00,16.6285989851487,16.762211555910117,16.59215971966075,16.67718505859375,5245400,0.0,0.0
2020-02-05 00:00:00,16.78043673768735,17.04158741222064,16.725778398685854,16.956562042236328,5801300,0.0,0.0
2020-02-06 00:00:00,17.02336937919752,17.15698084843261,16.907976971267658,16.986928939819336,5730900,0.0,0.0
2020-02-07 00:00:00,16.93833789060031,17.023364399225436,16.731846761399108,16.792579650878906,4134100,0.0,0.0
2020-02-10 00:00:00,16.810803591610046,17.266298626100706,16.75007068866787,17.187345504760742,6758300,0.0,0.0
2020-02-11 00:00:00,17.24200438107382,17.27844481655799,17.029440966001488,17.15090560913086,9613800,0.0,0.0
2020-02-12 00:00:00,15.996983084565732,16.11237546542263,15.577927397104906,15.869443893432617,20446900,0.0,0.0
2020-02-13 00:00:00,15.845152169693618,16.154888895870283,15.717612972616807,15.826931953430176,8992400,0.0,0.0
2020-02-14 00:00:00,15.887665553181618,16.039497220286478,15.857299683114123,15.936251640319824,5829600,0.0,0.0
2020-02-18 00:00:00,16.033419858036,16.06985912480163,15.602218585889734,15.662951469421387,7304500,0.0,0.0
2020-02-19 00:00:00,15.669022753706658,16.08200494631934,15.529337941023936,15.924099922180176,9015000,0.0,0.0
2020-02-20 00:00:00,15.875520181466545,16.100231578848422,15.808715029583118,16.094158172607422,6683200,0.0,0.0
2020-02-21 00:00:00,15.996981421526442,16.04556749919674,15.523266295453439,15.650805473327637,12934500,0.0,0.0
2020-02-24 00:00:00,15.18316889066601,15.36536645400046,15.085996702436455,15.249975204467773,8089700,0.0,0.0
2020-02-25 00:00:00,15.304635106592547,15.33500098181685,14.581915924092108,14.612281799316406,8644600,0.0,0.0
2020-02-26 00:00:00,14.666938466489306,14.873429621577243,14.448301658689585,14.460447311401367,6924300,0.0,0.0
2020-02-27 00:00:00,14.168930023424403,14.284322405776713,13.768094546183328,13.792387008666992,10540500,0.0,0.0
2020-02-28 00:00:00,13.40977344344317,13.76202288189367,13.270088580936743,13.598044395446777,14106800,0.0,0.0
2020-03-02 00:00:00,13.683068851372287,14.272175242224755,13.555529661741884,14.266101837158203,9722800,0.0,0.0
2020-03-03 00:00:00,14.175006656267175,14.618354912592043,13.755950867957331,13.998881340026855,10577600,0.0,0.0
2020-03-04 00:00:00,14.235734637222619,14.60013079840977,14.156781537133947,14.515104293823242,6838800,0.0,0.0
2020-03-05 00:00:00,14.16892925861162,14.326834310574618,13.55552926542658,13.591968536376953,11617400,0.0,0.0
2020-03-06 00:00:00,13.033230835571347,13.743803143237864,13.008938369167456,13.573752403259277,16566400,0.0,0.0
2020-03-09 00:00:00,12.656688640418105,13.081817797793835,12.152607520984244,12.24977970123291,11371700,0.0,0.0
2020-03-10 00:00:00,12.650612959413616,13.30045223236084,12.431975013979576,13.30045223236084,9232600,0.0,0.0
2020-03-11 00:00:00,12.90569281039269,13.324748571877608,12.851033312877972,13.197209358215332,13919600,0.0,0.0
2020-03-12 00:00:00,12.316587382706954,13.142551006906139,12.225487439981434,12.559517860412598,15484500,0.0,0.0
2020-03-13 00:00:00,13.160770036026362,13.59804485632142,12.966425671450779,13.440139770507812,20301600,0.0,0.0
2020-03-16 00:00:00,12.295843001194141,13.025984499057703,11.700684209984153,12.786694526672363,10090600,0.225,0.0
2020-03-17 00:00:00,12.958493912378106,14.22243754297341,12.786695283155646,13.842026710510254,11154500,0.0,0.0
2020-03-18 00:00:00,13.075067978859092,13.970873361105772,12.38174014153605,13.222323417663574,11373700,0.0,0.0
2020-03-19 00:00:00,13.148695754631479,13.338900542486297,12.124042343492839,12.314247131347656,9055400,0.0,0.0
2020-03-20 00:00:00,12.295841217041014,12.400146127073214,11.240508834970322,11.271187782287598,10324700,0.0,0.0
2020-03-23 00:00:00,11.27732196026542,11.719089422093454,10.860098825613134,11.381628036499023,8851100,0.0,0.0
2020-03-24 00:00:00,11.755902268894634,12.271296829349893,11.301864426642535,11.725224494934082,7201900,0.0,0.0
2020-03-25 00:00:00,11.755902764832829,12.160855483662273,11.222101985594977,11.804987907409668,8760200,0.0,0.0
2020-03-26 00:00:00,11.774309449904463,12.823504750545611,11.74363050614528,12.737606048583984,8143600,0.0,0.0
2020-03-27 00:00:00,12.48604361609282,12.645570600719749,11.989056467631743,12.11176872253418,6038400,0.0,0.0
2020-03-30 00:00:00,12.234482627261604,12.234482627261604,11.357084762563968,11.602510452270508,8272800,0.0,0.0
2020-03-31 00:00:00,11.516613256141301,11.743631609885652,11.074845786745328,11.123930931091309,9065900,0.0,0.0
2020-04-01 00:00:00,10.725112098269017,11.252778184776263,10.6698911743191,10.79874038696289,8230600,0.0,0.0
2020-04-02 00:00:00,10.860097736479746,11.510476115267954,10.749655882098688,10.952132225036621,8495200,0.0,0.0
2020-04-03 00:00:00,10.853962615886047,11.031895815342756,10.731249176736387,10.872368812561035,4608300,0.0,0.0
2020-04-06 00:00:00,11.240507893929326,11.872480112371143,11.050303117614636,11.792716026306152,7235100,0.0,0.0
2020-04-07 00:00:00,12.154718725516203,12.449230727779284,11.89702145496227,12.197668075561523,8098900,0.0,0.0
2020-04-08 00:00:00,12.234481833411106,12.547400006338588,12.087226429142042,12.430822372436523,7191900,0.0,0.0
2020-04-09 00:00:00,12.479911017893095,12.774421909279527,12.320383992488216,12.387876510620117,5953000,0.0,0.0
2020-04-13 00:00:00,12.326516292741712,12.473771696747333,12.136311542186357,12.234481811523438,4624800,0.0,0.0
2020-04-14 00:00:00,12.516724129276067,12.62103021244846,12.252891026529296,12.369468688964844,4286200,0.0,0.0
2020-04-15 00:00:00,12.15472367058644,12.15472367058644,11.719093033999547,11.737499237060547,4475600,0.0,0.0
2020-04-16 00:00:00,11.890885477340717,11.9277002084647,11.602510438561511,11.768173217773438,4038100,0.0,0.0
2020-04-17 00:00:00,12.02586860881926,12.259022684834543,12.02586860881926,12.228344917297363,5276900,0.0,0.0
2020-04-20 00:00:00,12.093363612001225,12.197669691767116,11.627055318052486,11.860209465026855,6798600,0.0,0.0
2020-04-21 00:00:00,11.670004713998928,11.700682490978412,11.393900040054879,11.467528343200684,5909600,0.0,0.0
2020-04-22 00:00:00,11.700680728153126,11.72522388226478,11.504340176387892,11.602510452270508,5672400,0.0,0.0
2020-04-23 00:00:00,11.682276725769041,11.811124798195712,11.565699062419517,11.682276725769043,5620500,0.0,0.0
2020-04-24 00:00:00,11.780445133970076,11.780445133970076,11.142337152834099,11.35094928741455,8603400,0.0,0.0
2020-04-27 00:00:00,11.412310499969625,11.774313983747533,11.22210565655017,11.737499237060547,6892000,0.0,0.0
2020-04-28 00:00:00,11.927705250762493,12.001332403571478,11.449124076374117,11.737499237060547,8276600,0.0,0.0
2020-04-29 00:00:00,12.001328924284822,12.381739671121933,11.878616648417674,12.24675464630127,5805400,0.0,0.0
2020-04-30 00:00:00,12.179262698234872,12.20994047310485,11.510476907586888,11.700681686401367,5835800,0.0,0.0
2020-05-01 00:00:00,11.473663027457421,11.66386780102961,11.308000239048388,11.363221168518066,10671800,0.0,0.0
2020-05-04 00:00:00,11.265053820219308,11.602514103476237,11.068713206667468,11.56570053100586,9101300,0.0,0.0
2020-05-05 00:00:00,11.651596814744241,12.050413748716556,11.645461025571482,11.878616333007812,8141700,0.0,0.0
2020-05-06 00:00:00,11.854073365880984,12.13017803165982,11.51661314795764,11.946107864379883,9472600,0.0,0.0
2020-05-07 00:00:00,12.099498558928902,12.301974914930804,11.835666653451705,11.933836936950684,6904800,0.0,0.0
2020-05-08 00:00:00,12.068817951484037,12.338786752882113,12.013597033691662,12.228344917297363,6852600,0.0,0.0
2020-05-11 00:00:00,12.173127393787793,12.240619905526978,11.80498822928282,11.84793758392334,5741700,0.0,0.0
2020-05-12 00:00:00,11.87861619537539,11.921565548804939,11.571833761984761,11.577969551086426,4849000,0.0,0.0
2020-05-13 00:00:00,11.553428259887875,11.620920780620214,11.142339685966204,11.240509986877441,4550400,0.0,0.0
2020-05-14 00:00:00,11.111661129379085,11.283458558828551,10.774199719579228,11.277322769165039,5974800,0.0,0.0
2020-05-15 00:00:00,11.185289632020734,11.71909169517388,11.074847745141989,11.393901824951172,14597800,0.0,0.0
2020-05-18 00:00:00,11.639326972836344,11.976788405990218,11.590241822413526,11.903160095214844,5961700,0.0,0.0
2020-05-19 00:00:00,11.84180050514334,11.84180050514334,11.473662551008658,11.510476112365723,4570800,0.0,0.0
2020-05-20 00:00:00,11.651600502022566,11.811127560152025,11.553430184755591,11.737499237060547,3525400,0.0,0.0
2020-05-21 00:00:00,11.737496878500552,11.798853607033871,11.55956365306441,11.590241432189941,4150100,0.0,0.0
2020-05-22 00:00:00,11.639322891344664,11.755900521575136,11.528882219332619,11.66386604309082,3720000,0.0,0.0
2020-05-26 00:00:00,11.970649576293612,12.27743198110806,11.841800357724903,12.16085433959961,6240300,0.0,0.0
2020-05-27 00:00:00,12.344926023985979,12.553537008612736,12.289705090611141,12.44923210144043,8231800,0.0,0.0
2020-05-28 00:00:00,12.559671726699738,12.700792527889389,12.283568253656432,12.504450798034668,8853600,0.0,0.0
2020-05-29 00:00:00,12.418553189966364,12.498317280746898,12.197669455844451,12.2835693359375,14433100,0.0,0.0
2020-06-01 00:00:00,12.289708802326427,12.811238176827887,12.209944687680498,12.706932067871094,9056300,0.0,0.0
2020-06-02 00:00:00,14.265386004760675,14.498540185828231,14.007688662379511,14.142672538757324,24359200,0.0,0.0
2020-06-03 00:00:00,14.23470743397512,14.332877733220553,13.921789166274447,14.050637245178223,7185700,0.0,0.0
2020-06-04 00:00:00,14.007686090530154,14.486267115735632,13.946329368793739,14.418774604797363,8079000,0.0,0.0
2020-06-05 00:00:00,14.805319602671108,15.228679685059616,14.737828263654173,15.063016891479492,7807100,0.0,0.0
2020-06-08 00:00:00,15.173460626323228,15.283902502338883,14.958712664101924,15.228681564331055,6857800,0.0,0.0
2020-06-09 00:00:00,14.928032095650384,15.038473951027159,14.694877977852098,14.964845657348633,4786300,0.0,0.0
2020-06-10 00:00:00,14.688746380649778,14.81145867808747,14.38196388163201,14.547625541687012,8520000,0.0,0.0
2020-06-11 00:00:00,14.111990610758465,14.191753521025628,13.768394645305914,13.805208206176758,7492200,0.0,0.0
2020-06-12 00:00:00,14.161075082904519,14.167210871141522,13.547510302587543,13.817479133605957,6863000,0.0,0.0
2020-06-15 00:00:00,13.442527598910488,13.826776217995093,13.219414734866211,13.702825546264648,5298000,0.225,0.0
2020-06-16 00:00:00,14.012704009856227,14.049889093195638,13.554084041695202,13.628454208374023,6865300,0.0,0.0
2020-06-17 00:00:00,13.578875396125698,13.659444465847006,13.46112123842905,13.554085731506348,5434100,0.0,0.0
2020-06-18 00:00:00,13.448727172479977,13.572677861377777,13.324775301489526,13.436331748962402,6277400,0.0,0.0
2020-06-19 00:00:00,13.684234467799618,13.727617268522392,13.262799520048095,13.392949104309082,11863800,0.0,0.0
2020-06-22 00:00:00,13.405342087048593,13.61605954113692,13.24420632295051,13.479713439941406,3403500,0.0,0.0
2020-06-23 00:00:00,13.653245741392908,13.684233115391658,13.405342021032723,13.430132865905762,5150600,0.0,0.0
2020-06-24 00:00:00,13.343369599286353,13.386752403284875,12.92813233201188,12.98391056060791,6449200,0.0,0.0
2020-06-25 00:00:00,12.934329787056539,13.12645413612568,12.85995842304344,13.120256423950195,3958100,0.0,0.0
2020-06-26 00:00:00,13.064478571618828,13.15744189273516,12.884749641739619,13.0830717086792,5876200,0.0,0.0
2020-06-29 00:00:00,13.188430494896714,13.299985771322334,13.12645455326508,13.200824737548828,4776300,0.0,0.0
2020-06-30 00:00:00,13.176034132531582,13.461121788820087,13.114058195310221,13.399147033691406,4190700,0.0,0.0
2020-07-01 00:00:00,13.53548915096801,13.795787064720946,13.442525863647461,13.442525863647461,4592700,0.0,0.0
2020-07-02 00:00:00,13.585073085020179,13.634653596268357,13.318577393776476,13.355762481689453,3985600,0.0,0.0
2020-07-06 00:00:00,13.572678239399998,13.622258752758551,13.361960762102981,13.399147033691406,4581300,0.0,0.0
2020-07-07 00:00:00,13.29998575947723,13.399147975255188,12.990107233687814,13.008700370788574,4100100,0.0,0.0
2020-07-08 00:00:00,13.002498698999908,13.101659702489348,12.92193082694939,13.052079200744629,4224400,0.0,0.0
2020-07-09 00:00:00,13.101664047055259,13.101664047055259,12.58726572759253,12.847563743591309,6063200,0.0,0.0
2020-07-10 00:00:00,12.822774371067855,13.268999045024295,12.779391564417026,13.2194185256958,5203600,0.0,0.0
2020-07-13 00:00:00,13.337168554054964,13.628453866748231,13.151240777833605,13.306180000305176,5477500,0.0,0.0
2020-07-14 00:00:00,13.157438772924563,13.374353925490933,13.08926631738669,13.361958503723145,4801100,0.0,0.0
2020-07-15 00:00:00,13.591271663722233,13.789593721366606,13.454924362522197,13.715222358703613,3550000,0.0,0.0
2020-07-16 00:00:00,13.640850437407583,13.764801116571464,13.56647908423521,13.603665351867676,2699500,0.0,0.0
2020-07-17 00:00:00,13.678034713524067,13.696627846240016,13.479712692923894,13.628454208374023,3474900,0.0,0.0
2020-07-20 00:00:00,13.57267665863037,13.622257166214427,13.417737424668625,13.572676658630371,3315800,0.0,0.0
2020-07-21 00:00:00,13.653248019316077,13.777198718083696,13.467320198025533,13.535493850708008,4714900,0.0,0.0
2020-07-22 00:00:00,13.585070947731458,14.291593417386622,13.585070947731458,14.049888610839844,8044700,0.0,0.0
2020-07-23 00:00:00,14.068483063620985,14.34117526713747,14.049889929797907,14.080877304077148,5508400,0.0,0.0
2020-07-24 00:00:00,14.068483606891908,14.198632002401622,13.845370720769422,13.925938606262207,4746700,0.0,0.0
2020-07-27 00:00:00,13.919743827757156,14.167647612169846,13.839175925288027,14.09947395324707,4881000,0.0,0.0
2020-07-28 00:00:00,14.08707726913028,14.130460072899016,13.894952917257555,13.919742584228516,3167100,0.0,0.0
2020-07-29 00:00:00,13.994113294245038,14.973329326660862,13.981717870293432,14.967131614685059,10695900,0.0,0.0
2020-07-30 00:00:00,14.824587845069798,15.122070928547206,14.737822241245395,15.016712188720703,7705100,0.0,0.0
2020-07-31 00:00:00,15.060094169516628,15.140663239040187,14.874167548003633,15.047699928283691,11753800,0.0,0.0
2020-08-03 00:00:00,15.072486145865929,15.159251725116937,14.539494885684343,15.004312515258789,8182400,0.0,0.0
2020-08-04 00:00:00,14.991921424865723,15.103477868523001,14.793599383738384,14.991921424865723,8043300,0.0,0.0
2020-08-05 00:00:00,15.097282679799354,15.574494727721541,13.925941007754117,14.180041313171387,10570200,0.0,0.0
2020-08-06 00:00:00,14.186235949849657,14.434139671026,14.062285271354035,14.105668067932129,4993400,0.0,0.0
2020-08-07 00:00:00,14.018903497141922,14.452732676653575,13.90114933920488,14.421745300292969,5473900,0.0,0.0
2020-08-10 00:00:00,14.458929427151993,14.694436545277542,14.421744341572708,14.489916801452637,4232600,0.0,0.0
2020-08-11 00:00:00,14.539497396749239,14.72542518994536,14.35357078564568,14.396953582763672,3973700,0.0,0.0
2020-08-12 00:00:00,14.4589308854783,14.582882759367765,14.365967571107536,14.483721733093262,3160400,0.0,0.0
2020-08-13 00:00:00,14.465125592652683,14.533299227339972,14.37836000820881,14.527101516723633,2734700,0.0,0.0
2020-08-14 00:00:00,14.483720898931168,14.744018873433545,14.458930052743986,14.651054382324219,3500800,0.0,0.0
2020-08-17 00:00:00,14.688239017201953,14.96712891321922,14.607669958151371,14.849374771118164,5791500,0.0,0.0
2020-08-18 00:00:00,14.861767458670087,14.861767458670087,14.644852346945953,14.73781681060791,4223200,0.0,0.0
2020-08-19 00:00:00,14.73782055952484,14.849375816529868,14.601473275253317,14.688240051269531,2819000,0.0,0.0
2020-08-20 00:00:00,14.59527700108257,14.706833451164556,14.465128597382039,14.483721733093262,3515900,0.0,0.0
2020-08-21 00:00:00,14.52710188451284,14.607669760380148,14.434138587099035,14.558089256286621,9316500,0.0,0.0
2020-08-24 00:00:00,14.682041158931481,14.843178093322292,14.63865836545943,14.8245849609375,2506500,0.0,0.0
2020-08-25 00:00:00,14.86176960497649,14.973326031807781,14.744016649625618,14.812189102172852,2007700,0.0,0.0
2020-08-26 00:00:00,14.86176960497649,14.936140950228161,14.688238436209971,14.812189102172852,2036600,0.0,0.0
2020-08-27 00:00:00,14.880367166105012,14.948540821037255,14.620069153382458,14.781206130981445,2464100,0.0,0.0
2020-08-28 00:00:00,14.830782820639165,14.911350697597271,14.737819521966744,14.849374771118164,3042100,0.0,0.0
2020-08-31 00:00:00,14.880361698823236,14.880361698823236,14.613866071558597,14.620063781738281,4053000,0.0,0.0
2020-09-01 00:00:00,14.613870102039868,14.694437992411546,14.483721698648848,14.626265525817871,2654400,0.0,0.0
2020-09-02 00:00:00,14.657247855695747,14.923743464687131,14.458925871913953,14.855569839477539,3466900,0.0,0.0
2020-09-03 00:00:00,14.830783918128727,14.880364426562513,14.285397143264511,14.396953582763672,3292900,0.0,0.0
2020-09-04 00:00:00,14.465127909697545,14.564288931257849,14.118064334236484,14.273003578186035,2997900,0.0,0.0
2020-09-08 00:00:00,14.124262249302928,14.242015225294109,13.90734706823041,14.01270580291748,3990500,0.0,0.0
2020-09-09 00:00:00,14.211028875859345,14.242016254497887,14.056089618481188,14.062287330627441,3765500,0.0,0.0
2020-09-10 00:00:00,14.130458010269871,14.173841989798573,13.727616228529635,13.75240707397461,3791600,0.0,0.0
2020-09-11 00:00:00,13.81438315945147,13.81438315945147,13.53549205555023,13.709024429321289,3161700,0.0,0.0
2020-09-14 00:00:00,13.832976735073196,14.087077023074116,13.795791644219891,13.987915992736816,3783200,0.0,0.0
2020-09-15 00:00:00,14.172584210490323,14.335343717465372,14.003565778704628,14.041125297546387,3686800,0.225,0.0
2020-09-16 00:00:00,14.084944783150043,14.26648464458407,13.997305508800133,14.016084671020508,3509200,0.0,0.0
2020-09-17 00:00:00,13.840806008664098,14.160064897739973,13.715606022910421,14.153804779052734,3072900,0.0,0.0
2020-09-18 00:00:00,14.141282079293607,14.385420695606944,14.135021961696426,14.178841590881348,4762600,0.0,0.0
2020-09-21 00:00:00,13.99730858178163,14.091207995484943,13.590409132407558,13.728129386901855,3879700,0.0,0.0
2020-09-22 00:00:00,13.809504668923065,13.853324303370048,13.615445776088357,13.796985626220703,2041800,0.0,0.0
2020-09-23 00:00:00,13.771943070233947,13.809502580652262,13.233584913591757,13.390084266662598,4092000,0.0,0.0
2020-09-24 00:00:00,13.34626589285696,13.765684246255168,13.189766525081442,13.477725982666016,3484000,0.0,0.0
2020-09-25 00:00:00,13.377569708528311,13.59040780154865,13.314969707524348,13.502768516540527,2211300,0.0,0.0
2020-09-28 00:00:00,13.671783799580302,13.822023037664167,13.584144542530213,13.7656831741333,3070500,0.0,0.0
2020-09-29 00:00:00,13.771946790754667,13.878366427352141,13.602927157218272,13.634227752685547,2368800,0.0,0.0
2020-09-30 00:00:00,13.646746180225032,13.784466406066654,13.327488478854448,13.415127754211426,4639400,0.0,0.0
2020-10-01 00:00:00,13.446426391601562,13.615446007913897,13.221068097180623,13.446426391601562,4166200,0.0,0.0
2020-10-02 00:00:00,13.271149199723666,13.546587275789038,13.177248607342312,13.396347999572754,2970600,0.0,0.0
2020-10-05 00:00:00,13.321227604477821,13.577886491176326,13.283666893744739,13.446426391601562,3350600,0.0,0.0
2020-10-06 00:00:00,13.51528792830284,13.853326002640623,13.44642781201367,13.602927207946777,4869500,0.0,0.0
2020-10-07 00:00:00,13.703083546803194,13.922182889079131,13.627964522819955,13.784463882446289,3457400,0.0,0.0
2020-10-08 00:00:00,13.859586438518155,14.084945955891024,13.847067393994068,13.97226619720459,2281900,0.0,0.0
2020-10-09 00:00:00,14.084946578793062,14.17884598385254,13.884627529600653,13.915926933288574,3284600,0.0,0.0
2020-10-12 00:00:00,13.953485889959563,14.009824570690272,13.765685909540128,13.94096565246582,2299200,0.0,0.0
2020-10-13 00:00:00,13.884627998597091,13.934707762586793,13.521549411172813,13.552848815917969,3174200,0.0,0.0
2020-10-14 00:00:00,13.5904055616865,13.822025169028755,13.5904055616865,13.684306144714355,3729800,0.0,0.0
2020-10-15 00:00:00,13.477725814583103,13.878363809013475,13.465205578758303,13.872103691101074,2897000,0.0,0.0
2020-10-16 00:00:00,13.890889445717338,13.978528742574929,13.759429306435084,13.81576919555664,2710300,0.0,0.0
2020-10-19 00:00:00,13.83454623710272,13.859585518484389,13.577887334463792,13.584147453308105,2428800,0.0,0.0
2020-10-20 00:00:00,13.67178273033421,13.815761839654812,13.546582778058326,13.559103012084961,2639100,0.0,0.0
2020-10-21 00:00:00,13.57162725525448,13.765686164012592,13.46520762258153,13.59040641784668,2995400,0.0,0.0
2020-10-22 00:00:00,13.609188239963233,13.966006695586676,13.490248356756846,13.915926933288574,2848100,0.0,0.0
2020-10-23 00:00:00,14.00356812428742,14.091207414262866,13.740649060365305,13.753168106079102,3143200,0.0,0.0
2020-10-26 00:00:00,13.602923482358566,13.621703834565379,13.170986127559669,13.390084266662598,4393300,0.0,0.0
2020-10-27 00:00:00,13.327487929500679,13.383826608482494,13.052048683166504,13.052048683166504,4204900,0.0,0.0
2020-10-28 00:00:00,12.832946058091288,13.014485868128336,12.62010685721796,12.682706832885742,5776900,0.0,0.0
2020-10-29 00:00:00,12.726528941795303,13.164727663008271,12.676449190284862,13.08334732055664,10229800,0.0,0.0
2020-10-30 00:00:00,12.914327791144908,12.945628382279228,11.937772033667974,12.169391632080078,8116200,0.0,0.0
2020-11-02 00:00:00,12.35092945724375,12.839207900268407,12.288329473164376,12.72652816772461,6043000,0.0,0.0
2020-11-03 00:00:00,12.851732987992031,12.983191929594549,12.807912146795356,12.895552635192871,4037100,0.0,0.0
2020-11-04 00:00:00,12.845469034480711,12.895548786907723,12.60132919665299,12.657669067382812,5685900,0.0,0.0
2020-11-05 00:00:00,12.820428718916762,13.246107216778475,12.820428718916762,13.07082748413086,4435500,0.0,0.0
2020-11-06 00:00:00,13.095870940915887,13.095870940915887,12.789132234403482,12.889291763305664,4204400,0.0,0.0
2020-11-09 00:00:00,13.402609220952973,13.928447327954977,13.402609220952973,13.42138957977295,5066400,0.0,0.0
2020-11-10 00:00:00,13.540322661045009,13.584143480138232,13.41512390276436,13.559103012084961,4942200,0.0,0.0
2020-11-11 00:00:00,13.627965195063762,13.703084222752492,13.001967725679064,13.164727210998535,6177400,0.0,0.0
2020-11-12 00:00:00,13.108386440372396,13.214806050597783,12.920586496094769,13.058306694030762,3750900,0.0,0.0
2020-11-13 00:00:00,13.139686133338015,13.358785476320799,13.095866503540531,13.296185493469238,3215100,0.0,0.0
2020-11-16 00:00:00,13.365049339237892,13.696827311531818,13.26488981620625,13.640488624572754,4409800,0.0,0.0
2020-11-17 00:00:00,13.56536593148739,13.690565909627601,13.458946308266857,13.665525436401367,2633800,0.0,0.0
2020-11-18 00:00:00,13.64674783288452,13.709347834575787,13.521549023497707,13.527809143066406,3500100,0.0,0.0
2020-11-19 00:00:00,13.509025378622951,13.61544499647012,13.402605760775781,13.477725982666016,3872400,0.0,0.0
2020-11-20 00:00:00,13.421386538748724,13.433905581129741,13.014488408476943,13.08334732055664,3628000,0.0,0.0
2020-11-23 00:00:00,13.170986872562933,13.477725478652694,13.102126771238263,13.358785629272461,3143300,0.0,0.0
2020-11-24 00:00:00,13.490246782554594,14.091205054000588,13.421387863677303,14.041125297546387,5405200,0.0,0.0
2020-11-25 00:00:00,14.059905739572539,14.2977854998763,13.903406337160579,14.135025978088379,4811300,0.0,0.0
2020-11-27 00:00:00,14.1287649159323,14.153805391765248,14.04112563850819,14.097465515136719,1865600,0.0,0.0
2020-11-30 00:00:00,14.047387095002426,14.160066858988401,13.915926972353548,14.122506141662598,7678000,0.0,0.0
2020-12-01 00:00:00,14.222664856898092,14.441764252843251,14.13502557611829,14.14754581451416,4051800,0.0,0.0
2020-12-02 00:00:00,14.084945955891024,14.203885833837335,13.953487033420627,13.97226619720459,4489900,0.0,0.0
2020-12-03 00:00:00,13.984788341555634,14.041128228576788,13.703088906449866,13.728129386901855,3884600,0.0,0.0
2020-12-04 00:00:00,13.715606367051933,13.803245642881151,13.55910697793085,13.584147453308105,7127200,0.0,0.0
2020-12-07 00:00:00,13.559107568124809,13.834546839285856,13.52154804741964,13.602927207946777,4959600,0.0,0.0
2020-12-08 00:00:00,13.527807956055291,13.665526992495208,13.471468078876322,13.646746635437012,3930900,0.0,0.0
2020-12-09 00:00:00,13.734386312327572,13.972264851310614,13.615446445838277,13.947225570678711,5992100,0.0,0.0
2020-12-10 00:00:00,13.815766610184467,13.872106488763027,13.54032733646657,13.703086853027344,3669600,0.0,0.0
2020-12-11 00:00:00,13.584147888848571,13.9409663164458,13.584147888848571,13.853325843811035,4612400,0.0,0.0
2020-12-14 00:00:00,14.00982815031096,14.203888299061154,13.80950907521026,13.81576919555664,4784400,0.0,0.0
2020-12-15 00:00:00,13.853325305935135,14.128764563243909,13.84706638112874,14.07868480682373,3934700,0.0,0.0
2020-12-16 00:00:00,14.191362380981445,14.285261760620093,14.14128263224114,14.191362380981445,4249600,0.0,0.0
2020-12-17 00:00:00,14.20388231439451,14.623300648917253,14.20388231439451,14.448020935058594,5075700,0.0,0.0
2020-12-18 00:00:00,14.489111852028913,14.647151902244868,14.387966316350692,14.394288063049316,15133300,0.225,0.0
2020-12-21 00:00:00,14.229929946040308,14.286824475291152,13.717880388532919,13.939135551452637,5022900,0.0,0.0
2020-12-22 00:00:00,13.970742404527899,13.970742404527899,13.724199075852376,13.78109359741211,3574100,0.0,0.0
2020-12-23 00:00:00,13.819023664446853,13.863274689710861,13.711556372055682,13.736842155456543,2486900,0.0,0.0
2020-12-24 00:00:00,13.768451311904077,13.825345833479098,13.692591547887368,13.819024085998535,814300,0.0,0.0
2020-12-28 00:00:00,13.90752635760882,14.00235015980614,13.71787875321418,13.724199295043945,2446000,0.0,0.0
2020-12-29 00:00:00,13.768449889551984,13.850630186809562,13.585122848804431,13.642017364501953,2400900,0.0,0.0
2020-12-30 00:00:00,13.654661698600757,13.844309292098686,13.623052962517772,13.768450736999512,1555700,0.0,0.0
2020-12-31 00:00:00,13.825343554654589,13.875916320413163,13.679945798067575,13.86959457397461,1874100,0.0,0.0
2021-01-04 00:00:00,13.907530215748547,14.059248582503031,13.679952062741627,13.762133598327637,4101700,0.0,0.0
2021-01-05 00:00:00,13.749483074007282,14.046597906364186,13.749483074007282,13.970739364624023,4131400,0.0,0.0
2021-01-06 00:00:00,14.046600092480311,14.659796296687464,13.94545455058531,14.615545272827148,4707000,0.0,0.0
2021-01-07 00:00:00,14.65347536785207,14.73565567307448,14.394289751554432,14.451184272766113,4131700,0.0,0.0
2021-01-08 00:00:00,14.887374171209247,14.982199178188328,14.564973488180556,14.710370063781738,4359200,0.0,0.0
2021-01-11 00:00:00,14.539686831599107,14.678761662874809,14.248893673727164,14.274179458618164,3810600,0.0,0.0
2021-01-12 00:00:00,14.293145307994513,14.438541893099027,14.103496487390684,14.166712760925293,2992000,0.0,0.0
2021-01-13 00:00:00,14.217287134819099,14.312110952892095,14.078212282028723,14.154070854187012,3295400,0.0,0.0
2021-01-14 00:00:00,14.24889041555039,14.286819687088956,13.667303027043234,13.692588806152344,5800800,0.0,0.0
2021-01-15 00:00:00,13.667308053572237,13.863277435302734,13.63569931087361,13.863277435302734,4124300,0.0,0.0
2021-01-19 00:00:00,14.084529664719561,14.438539038472419,13.958097142647167,14.141424179077148,6118400,0.0,0.0
2021-01-20 00:00:00,14.166711953554222,14.198319485645126,13.762129755190355,13.88223934173584,4509000,0.0,0.0
2021-01-21 00:00:00,13.863277365386168,14.02763920933936,13.80006108605798,13.926493644714355,3799300,0.0,0.0
2021-01-22 00:00:00,13.856953497076958,14.0213153158865,13.73052095776191,13.945455551147461,2620000,0.0,0.0
2021-01-25 00:00:00,13.932810472113,14.38164360588851,13.743161701112932,14.356356620788574,6372500,0.0,0.0
2021-01-26 00:00:00,14.432220458984375,14.558653008802741,14.078211007543167,14.432220458984375,5921000,0.0,0.0
2021-01-27 00:00:00,14.375325362279556,15.064380199399055,14.375325362279556,14.63451099395752,14704300,0.0,0.0
2021-01-28 00:00:00,14.811514886824236,15.064378746295736,14.489113013841827,14.495434761047363,7673200,0.0,0.0
2021-01-29 00:00:00,14.400610792471669,14.628187660402975,14.059243681949745,14.078208923339844,5580700,0.0,0.0
2021-02-01 00:00:00,14.173031544704816,14.381644359714638,14.10981528439126,14.293142318725586,3359000,0.0,0.0
2021-02-02 00:00:00,14.400611498994623,14.539686325428711,14.26785721425069,14.451184272766113,4025200,0.0,0.0
2021-02-03 00:00:00,14.413255280485844,14.438542272864844,14.179356629730899,14.369004249572754,3356900,0.0,0.0
2021-02-04 00:00:00,14.495435968989817,14.697727073424462,14.413254454219434,14.533365249633789,3434600,0.0,0.0
2021-02-05 00:00:00,14.583936747906938,14.666118255476627,14.438540180052856,14.520720481872559,3006200,0.0,0.0
2021-02-08 00:00:00,14.583937208390086,14.817837038377606,14.583937208390086,14.697726249694824,3551700,0.0,0.0
2021-02-09 00:00:00,14.678761266599336,14.836801336589316,14.52704294409896,14.77358627319336,3081800,0.0,0.0
2021-02-10 00:00:00,14.855766771645339,14.956912321290154,14.735655979285848,14.836801528930664,4562300,0.0,0.0
2021-02-11 00:00:00,15.222414592047373,15.589067388143004,14.798867292613656,14.893691062927246,8410300,0.0,0.0
2021-02-12 00:00:00,14.855767034416312,15.178168931768123,14.855767034416312,15.165525436401367,3843700,0.0,0.0
2021-02-16 00:00:00,15.216094592891562,15.336205358806621,15.051732809468266,15.108627319335938,5353900,0.0,0.0
2021-02-17 00:00:00,15.089666366577148,15.197133662068484,14.99484136027594,15.089666366577148,4179000,0.0,0.0
2021-02-18 00:00:00,15.00748365258628,15.1086291925022,14.792549078827468,14.855765342712402,3416000,0.0,0.0
2021-02-19 00:00:00,14.93794394871285,15.28563275779894,14.874728897742477,15.114949226379395,4565100,0.0,0.0
2021-02-22 00:00:00,15.045411063288547,15.184487067742763,14.95690902827208,15.108627319335938,4204500,0.0,0.0
2021-02-23 00:00:00,14.944265086677701,15.013803086814448,14.590255751503799,14.748295783996582,4327100,0.0,0.0
2021-02-24 00:00:00,14.779908078691335,15.09598824569778,14.716693009890164,15.039094924926758,3913300,0.0,0.0
2021-02-25 00:00:00,15.007483975740904,15.070700240987069,14.786227650254313,14.868409156799316,3409100,0.0,0.0
2021-02-26 00:00:00,14.874732040045297,14.956912347117342,14.647153950076458,14.67876148223877,4363000,0.0,0.0
2021-03-01 00:00:00,14.830480764180889,15.083345860800456,14.74830045180463,14.96955680847168,2967100,0.0,0.0
2021-03-02 00:00:00,14.982200304452686,15.11495339500283,14.89369703833578,14.96955680847168,3191400,0.0,0.0
2021-03-03 00:00:00,15.026451456660668,15.310922884042562,14.969556930034258,15.095988273620605,3497100,0.0,0.0
2021-03-04 00:00:00,15.083344861221203,15.146559925436666,14.691404952035,14.836801528930664,5070300,0.0,0.0
2021-03-05 00:00:00,14.994842744502273,15.254028385951816,14.843124408464746,15.228742599487305,3473700,0.0,0.0
2021-03-08 00:00:00,15.336207303407527,16.101120601896035,15.266669292363135,15.873543739318848,7092600,0.0,0.0
2021-03-09 00:00:00,15.728143646704178,16.26548000323391,15.715501360359184,15.791359901428223,7100200,0.0,0.0
2021-03-10 00:00:00,15.79768480900446,15.854579329067201,15.494248172503177,15.551142692565918,6846000,0.0,0.0
2021-03-11 00:00:00,15.595394960430237,15.620680745944762,15.42471138664429,15.43103313446045,7204200,0.0,0.0
2021-03-12 00:00:00,15.468962070623052,15.677574920903416,15.456319781022787,15.614359855651855,4421600,0.0,0.0
2021-03-15 00:00:00,15.658610358134737,15.943081759470324,15.652288610671718,15.911474227905273,5703200,0.0,0.0
2021-03-16 00:00:00,15.825326919555664,15.959332340976665,15.742372109810146,15.825326919555664,3934900,0.235,0.0
2021-03-17 00:00:00,15.889138832965026,16.0486683417641,15.850852091645047,15.869996070861816,3847900,0.0,0.0
2021-03-18 00:00:00,15.857232070204917,16.19543382115953,15.82532544088899,15.952949523925781,5169300,0.0,0.0
2021-03-19 00:00:00,15.940187699912627,15.984855766160909,15.57007930042377,15.601985931396484,14490300,0.0,0.0
2021-03-22 00:00:00,15.461602294987378,15.869998733674702,15.397790237338068,15.80618667602539,5610200,0.0,0.0
2021-03-23 00:00:00,15.812563252254533,16.003998150567693,15.608364485710188,15.710464477539062,6276200,0.0,0.0
2021-03-24 00:00:00,15.716846018743214,15.774276736895265,15.461599058686042,15.46798038482666,3983400,0.0,0.0
2021-03-25 00:00:00,15.47436202085975,15.88275716512982,15.46798069459134,15.761515617370605,5350000,0.0,0.0
2021-03-26 00:00:00,15.79980583557595,16.195438414392214,15.729612448286632,16.189058303833008,4651000,0.0,0.0
2021-03-29 00:00:00,16.07418993539359,16.11885799280402,15.793417723953805,15.81894302368164,5208000,0.0,0.0
2021-03-30 00:00:00,15.748755119943866,15.908284647144084,15.704087047065997,15.85085391998291,3811400,0.0,0.0
2021-03-31 00:00:00,15.876375090565384,15.93380580716069,15.589222724702326,15.735989570617676,3905200,0.0,0.0
2021-04-01 00:00:00,15.793424697988591,16.118865110546256,15.653039138834112,16.04867172241211,4217300,0.0,0.0
2021-04-05 00:00:00,16.157149439353034,16.18905607332203,15.95295185040602,15.991238594055176,3638000,0.0,0.0
2021-04-06 00:00:00,15.93380707680766,16.055049845626854,15.79342154567367,16.029525756835938,4749400,0.0,0.0
2021-04-07 00:00:00,16.08057606985482,16.176293538235722,16.048669435652094,16.125244140625,2840900,0.0,0.0
2021-04-08 00:00:00,16.16352913268445,16.16352913268445,15.921044824593382,15.984855651855469,5318300,0.0,0.0
2021-04-09 00:00:00,15.93380720508996,16.080575280995273,15.93380720508996,16.074193954467773,3565100,0.0,0.0
2021-04-12 00:00:00,16.035906450145667,16.138006460368036,15.978476943996414,16.01676368713379,3414200,0.0,0.0
2021-04-13 00:00:00,16.042289592850587,16.220963109573653,15.997621517948259,16.208200454711914,4914700,0.0,0.0
2021-04-14 00:00:00,16.220960295079987,16.431539195306165,16.201816316109042,16.32305908203125,4014000,0.0,0.0
2021-04-15 00:00:00,16.431540197335057,16.693168506991498,16.39963478088471,16.43792152404785,5046400,0.0,0.0
2021-04-16 00:00:00,16.45706889941799,16.591073136691996,16.431543587300727,16.5208797454834,3074600,0.0,0.0
2021-04-19 00:00:00,16.591072980994856,16.744221200919608,16.51449826247555,16.686790466308594,3905700,0.0,0.0
2021-04-20 00:00:00,16.642121410721423,16.731457562821575,16.476210544597002,16.571928024291992,3332200,0.0,0.0
2021-04-21 00:00:00,16.584686099088994,16.79526498310538,16.508112623326735,16.73145294189453,2782600,0.0,0.0
2021-04-22 00:00:00,16.744221006230962,16.80803306806945,16.552786037829343,16.62297821044922,5019100,0.0,0.0
2021-04-23 00:00:00,16.622971817916362,16.942030787297586,16.55916099773082,16.801645278930664,3176500,0.0,0.0
2021-04-26 00:00:00,16.85907540806412,16.980318153030044,16.763357963980845,16.814407348632812,1882900,0.0,0.0
2021-04-27 00:00:00,16.78888685016856,16.83993624942308,16.686788051659523,16.71869468688965,2736400,0.0,0.0
2021-04-28 00:00:00,16.763359571056682,16.86545835014866,16.68040355234854,16.73145294189453,2393100,0.0,0.0
2021-04-29 00:00:00,16.76336371538982,16.903749267069834,16.699551658402992,16.839937210083008,4032900,0.0,0.0
2021-04-30 00:00:00,16.814411280307336,16.83993537004489,16.40601489048388,16.43792152404785,3822900,0.0,0.0
2021-05-03 00:00:00,16.476204221599062,16.603828290290533,16.31667474429138,16.37410545349121,4943800,0.0,0.0
2021-05-04 00:00:00,16.31667518235043,16.533635374682742,16.093333664700893,16.50172996520996,6897100,0.0,0.0
2021-05-05 00:00:00,16.476211300994827,16.58469144085965,15.869999757020437,15.946573257446289,6512000,0.0,0.0
2021-05-06 00:00:00,15.95295450785012,16.17629611438279,15.831711712798585,16.131628036499023,4614400,0.0,0.0
2021-05-07 00:00:00,16.163531217703763,16.189056525592054,15.940189642135907,16.02314567565918,5035500,0.0,0.0
2021-05-10 00:00:00,16.17629138911087,16.578305189745965,16.04228597749018,16.463443756103516,10073000,0.0,0.0
2021-05-11 00:00:00,16.40601309080204,16.552781154869116,16.163528787883656,16.272008895874023,4968000,0.0,0.0
2021-05-12 00:00:00,16.240106111714564,16.26563020278381,15.672180175781248,15.67218017578125,4642900,0.0,0.0
2021-05-13 00:00:00,15.646654178766264,15.908282470203469,15.608366221155793,15.761515617370605,4893200,0.0,0.0
2021-05-14 00:00:00,15.869993500359783,16.010379007203497,15.780656162265268,15.863612174987793,4290500,0.0,0.0
2021-05-17 00:00:00,15.799803328207043,15.978476823355138,15.767896694905447,15.882758140563965,3241400,0.0,0.0
2021-05-18 00:00:00,15.889136259362392,16.01676033257549,15.825324222755844,15.863612174987793,2678300,0.0,0.0
2021-05-19 00:00:00,15.710462934064902,15.831704456432277,15.423309397693156,15.81894302368164,3687000,0.0,0.0
2021-05-20 00:00:00,15.818945535233475,15.850850947845565,15.563697365882847,15.62112808227539,5503900,0.0,0.0
2021-05-21 00:00:00,15.653036167916989,15.825327116006227,15.487125329252818,15.678560256958008,5850900,0.0,0.0
2021-05-24 00:00:00,15.831707772096063,15.831707772096063,15.621128873692616,15.761515617370605,4533000,0.0,0.0
2021-05-25 00:00:00,15.793421174757102,15.850851894579849,15.49350614010441,15.499887466430664,3589100,0.0,0.0
2021-05-26 00:00:00,15.455220454609009,15.64027529393934,15.42331503540006,15.633893966674805,4590900,0.0,0.0
2021-05-27 00:00:00,15.665799924330239,15.818949349715496,15.653038486476275,15.716849327087402,6486300,0.0,0.0
2021-05-28 00:00:00,15.761516075309265,15.806184143372409,15.576461259489305,15.614748001098633,2545300,0.0,0.0
2021-06-01 00:00:00,15.697705853549662,15.901903455365964,15.665799217569795,15.684943199157715,2972300,0.0,0.0
2021-06-02 00:00:00,15.729607987168128,16.067810955236197,15.672177271512918,15.952949523925781,3684700,0.0,0.0
2021-06-03 00:00:00,15.914664314492866,16.15714863501768,15.85723359332133,16.029525756835938,3672800,0.0,0.0
2021-06-04 00:00:00,16.04866705867122,16.13162307819799,15.799801434317844,15.97209358215332,3302500,0.0,0.0
2021-06-07 00:00:00,16.004002978292547,16.03590839859811,15.646657158992408,15.716849327087402,4490500,0.0,0.0
2021-06-08 00:00:00,15.723230878116413,15.927428492048243,15.627513398725089,15.895523071289062,3327800,0.0,0.0
2021-06-09 00:00:00,15.91466502064331,16.16991200544595,15.863615623682783,16.061431884765625,3411800,0.0,0.0
2021-06-10 00:00:00,16.106101764729253,16.11248309220556,15.767898711167547,15.80618667602539,3636500,0.0,0.0
2021-06-11 00:00:00,15.901902276849913,15.946570346797593,15.825327573287021,15.921046257019043,2269900,0.0,0.0
2021-06-14 00:00:00,15.940190529838972,15.984858604017358,15.589226046625603,15.793423652648926,3617900,0.0,0.0
2021-06-15 00:00:00,15.725777241381838,15.861067238862152,15.719334743522698,15.76443099975586,3818400,0.235,0.0
2021-06-16 00:00:00,15.796641949997085,15.803084447228537,15.45519696941427,15.584044456481934,2757300,0.0,0.0
2021-06-17 00:00:00,15.654911891746998,15.654911891746998,15.036446807161457,15.094428062438965,5735800,0.0,0.0
2021-06-18 00:00:00,14.952693184090702,15.107310659460685,14.888270669597357,14.978463172912598,6024200,0.0,0.0
2021-06-21 00:00:00,15.06865281933344,15.28769276766857,15.029999072209732,15.229711532592773,2779100,0.0,0.0
2021-06-22 00:00:00,15.216834192093224,15.216834192093224,14.926927894351222,14.997794151306152,3919400,0.0,0.0
2021-06-23 00:00:00,15.010674420013002,15.042886906018598,14.830289413504447,14.836731910705566,3124700,0.0,0.0
2021-06-24 00:00:00,14.901158325654903,15.042890843617778,14.810965798791997,14.991352081298828,3085100,0.0,0.0
2021-06-25 00:00:00,14.997791392089301,15.171733909952463,14.965578904499264,15.1524076461792,5185200,0.0,0.0
2021-06-28 00:00:00,15.158850462650076,15.165292960303638,14.682116695313551,14.759424209594727,3454000,0.0,0.0
2021-06-29 00:00:00,14.836734811915886,15.081543609525431,14.79807982115048,14.868946075439453,3557600,0.0,0.0
2021-06-30 00:00:00,14.810963532790959,14.84961729142109,14.695001028119735,14.798078536987305,3227400,0.0,0.0
2021-07-01 00:00:00,14.791637806038768,14.907600324562438,14.765869040134051,14.843177795410156,2661900,0.0,0.0
2021-07-02 00:00:00,14.875387144518934,14.997792145952234,14.856059650993416,14.984907150268555,2310100,0.0,0.0
2021-07-06 00:00:00,15.010676486855195,15.062215242779901,14.701443951306963,14.79163646697998,3680300,0.0,0.0
2021-07-07 00:00:00,14.701443713139621,15.0944274886871,14.656347456033684,14.965579986572266,4400600,0.0,0.0
2021-07-08 00:00:00,14.817402261064471,14.868941002386519,14.694997289631916,14.778748512268066,2756700,0.0,0.0
2021-07-09 00:00:00,14.926926889442,15.030004404192896,14.785195613854745,15.017119407653809,4237400,0.0,0.0
2021-07-12 00:00:00,15.010677256849487,15.081543510673969,14.901157241293893,14.94625473022461,2765200,0.0,0.0
2021-07-13 00:00:00,14.926927258402666,15.22971731187011,14.926927258402666,15.120197296142578,5664600,0.0,0.0
2021-07-14 00:00:00,15.178178883782216,15.249045139261328,15.081543862807672,15.19106388092041,2341500,0.0,0.0
2021-07-15 00:00:00,15.165293884125617,15.229716407024085,15.087985136354252,15.100870132446289,5139000,0.0,0.0
2021-07-16 00:00:00,15.203945340737228,15.25548408851814,15.100867845175403,15.139521598815918,3858400,0.0,0.0
2021-07-19 00:00:00,14.978463183175236,15.08154068097205,14.553268197568203,14.637018203735352,5791600,0.0,0.0
2021-07-20 00:00:00,14.701441306173523,14.933366280496399,14.694998809244481,14.817403793334961,3204700,0.0,0.0
2021-07-21 00:00:00,14.920484696498397,15.030004711760004,14.804522182835411,14.82384967803955,2457500,0.0,0.0
2021-07-22 00:00:00,14.817404419102209,14.868943167930466,14.694999429842333,14.836731910705566,2452300,0.0,0.0
2021-07-23 00:00:00,14.93336820064174,15.004234447192584,14.856059456333474,14.959136962890625,1843000,0.0,0.0
2021-07-26 00:00:00,14.99134898074008,15.13308024060862,14.965578990519928,15.075098991394043,2068100,0.0,0.0
2021-07-27 00:00:00,15.004236784919895,15.107314307536987,14.946255524850157,15.042890548706055,2586900,0.0,0.0
2021-07-28 00:00:00,15.100872209199332,15.133083475078433,14.862504663838495,14.914043426513672,2579000,0.0,0.0
2021-07-29 00:00:00,14.997792145952234,15.107312151701855,14.95269466105936,14.984907150268555,2149900,0.0,0.0
2021-07-30 00:00:00,14.926926129897252,15.05577363117002,14.888272371027758,14.9526948928833,3988300,0.0,0.0
2021-08-02 00:00:00,14.99779346516462,15.126639746992312,14.643463425381375,14.68211841583252,3726800,0.0,0.0
2021-08-03 00:00:00,14.669234608914909,14.778754633181709,14.411540795575682,14.649907112121582,4114100,0.0,0.0
2021-08-04 00:00:00,14.630580022472467,14.649907519803646,14.179616143774519,14.25692367553711,6361900,0.0,0.0
2021-08-05 00:00:00,14.321346475626795,14.682119028882576,14.153845196353965,14.347116470336914,4754800,0.0,0.0
2021-08-06 00:00:00,14.360000638128733,14.772310699424041,14.334230644907322,14.624136924743652,3701000,0.0,0.0
2021-08-09 00:00:00,14.598367826319237,14.675676581941149,14.450194042556637,14.643464088439941,2706700,0.0,0.0
2021-08-10 00:00:00,14.617692276387462,14.669231026468772,14.443748534070268,14.566153526306152,4295900,0.0,0.0
2021-08-11 00:00:00,14.598369073957876,14.688561605907525,14.521061540509919,14.591926574707031,3302300,0.0,0.0
2021-08-12 00:00:00,14.559712989199179,14.624136742669707,14.437307980483265,14.456635475158691,3503500,0.0,0.0
2021-08-13 00:00:00,14.430864573600788,14.5597120724288,14.334229563870185,14.488845825195312,2738300,0.0,0.0
2021-08-16 00:00:00,14.437308836536895,14.527501359475023,14.37288507924639,14.443751335144043,1895800,0.0,0.0
2021-08-17 00:00:00,14.372882941408776,14.437306689116827,14.24403667477346,14.385767936706543,2044200,0.0,0.0
2021-08-18 00:00:00,14.34711649735974,14.37932776202708,14.102306462276434,14.115191459655762,1692900,0.0,0.0
2021-08-19 00:00:00,14.076536660403736,14.1151904209162,13.851054137982722,13.96057415008545,3298400,0.0,0.0
2021-08-20 00:00:00,13.967017036348127,13.999228299539961,13.812400761221655,13.921920776367188,3209800,0.0,0.0
2021-08-23 00:00:00,13.986342914166794,14.121632919131759,13.883265400279628,13.96057415008545,2561300,0.0,0.0
2021-08-24 00:00:00,13.979899833806792,14.134516084608897,13.94768734690173,13.973457336425781,2547000,0.0,0.0
2021-08-25 00:00:00,13.94768981473877,14.15384485228432,13.934804817696936,14.012113571166992,3292200,0.0,0.0
2021-08-26 00:00:00,14.02499539239047,14.044321654796034,13.793070413278317,13.831724166870117,3170900,0.0,0.0
2021-08-27 00:00:00,13.83816715268569,13.979899635495967,13.825282158106445,13.947687149047852,2543200,0.0,0.0
2021-08-30 00:00:00,13.921916046883323,13.960569795338452,13.68999109859154,13.702876091003418,2903400,0.0,0.0
2021-08-31 00:00:00,13.702880690659358,13.947689484757658,13.677110697185368,13.94124698638916,4144500,0.0,0.0
2021-09-01 00:00:00,13.967013737809232,14.024994980886055,13.831723761036432,13.928359985351562,3454900,0.0,0.0
2021-09-02 00:00:00,13.915476514574067,13.999226525528412,13.87038026030782,13.967015266418457,3311200,0.0,0.0
2021-09-03 00:00:00,13.999226997917612,14.121631998471258,13.98634200232653,13.99278450012207,3007500,0.0,0.0
2021-09-07 00:00:00,14.05076725469052,14.05076725469052,13.79951595768895,13.857497215270996,3277100,0.0,0.0
2021-09-08 00:00:00,13.825281669808039,13.896147908710235,13.754416659686514,13.831724166870117,3069200,0.0,0.0
2021-09-09 00:00:00,13.793070547404847,13.889705546714385,13.683550553845857,13.735089302062988,4048500,0.0,0.0
2021-09-10 00:00:00,13.741537041860846,13.799518309323727,13.419419435414243,13.586920738220215,5656900,0.0,0.0
2021-09-13 00:00:00,13.754420673283553,14.070095748756687,13.735093176457474,13.979903221130371,5689400,0.0,0.0
2021-09-14 00:00:00,14.031441309845409,14.089422568757326,13.55470747006596,13.574033737182617,4588700,0.0,0.0
2021-09-15 00:00:00,13.583803464582378,13.916069303876071,13.583803464582378,13.90303897857666,4934400,0.235,0.0
2021-09-16 00:00:00,13.91607400463552,14.026829321812512,13.733653116743817,13.870469093322754,4143000,0.0,0.0
2021-09-17 00:00:00,13.798800720408972,13.89652568803944,13.440474182243412,13.551229476928711,18771800,0.0,0.0
2021-09-20 00:00:00,13.323204994201658,13.55774466847135,13.186389045123986,13.32320499420166,4293200,0.0,0.0
2021-09-21 00:00:00,13.3883523372505,13.414412987896503,12.906241484061395,12.925786972045898,6125000,0.0,0.0
2021-09-22 00:00:00,13.023512226714773,13.108208100625232,12.938817595444561,13.030027389526367,3868800,0.0,0.0
2021-09-23 00:00:00,13.07563205472703,13.310172941224808,13.07563205472703,13.173357009887695,3670100,0.0,0.0
2021-09-24 00:00:00,13.147300795088153,13.316691338408639,13.127755302252531,13.179875373840332,3475900,0.0,0.0
2021-09-27 00:00:00,13.655470006267697,13.655470006267697,13.30365986401147,13.460020065307617,4351100,0.0,0.0
2021-09-28 00:00:00,13.557745581390558,13.77274102215485,13.518655840153542,13.538201332092285,4629500,0.0,0.0
2021-09-29 00:00:00,13.525171004133123,13.655470555803333,13.453505442998202,13.538201332092285,2388900,0.0,0.0
2021-09-30 00:00:00,13.525168339634362,13.603347806706804,13.166841847191622,13.173357009887695,4874100,0.0,0.0
2021-10-01 00:00:00,13.33623455944124,13.473050513451405,13.134269452954305,13.381840705871582,3915300,0.0,0.0
2021-10-04 00:00:00,13.362295828466015,13.466535968386609,13.251540524470325,13.375326156616211,4045400,0.0,0.0
2021-10-05 00:00:00,13.362293857266815,13.47304914492394,13.173357854882186,13.355778694152832,3346900,0.0,0.0
2021-10-06 00:00:00,13.27759718006427,13.446987682909004,13.179872224518522,13.40789794921875,3731200,0.0,0.0
2021-10-07 00:00:00,13.531685228986847,13.70759091630592,13.492594247822353,13.551229476928711,3534700,0.0,0.0
2021-10-08 00:00:00,13.577291690125273,13.675016668977548,13.505626125734693,13.531686782836914,2925800,0.0,0.0
2021-10-11 00:00:00,13.616381778766787,13.701077673858338,13.407901487219211,13.420931816101074,4423300,0.0,0.0
2021-10-12 00:00:00,13.394868195057704,13.427444010055776,13.088662989917516,13.166842460632324,3459700,0.0,0.0
2021-10-13 00:00:00,13.186389513578483,13.264570236206055,13.043059638508435,13.264570236206055,1982900,0.0,0.0
2021-10-14 00:00:00,13.355776606213448,13.69455757933639,13.303656552089926,13.616376876831055,3371300,0.0,0.0
2021-10-15 00:00:00,13.720622727049298,13.942133360434724,13.668502651113942,13.850923538208008,4568400,0.0,0.0
2021-10-18 00:00:00,13.890013345233577,13.903043674934548,13.720622787042846,13.870469093322754,4539400,0.0,0.0
2021-10-19 00:00:00,13.603349695496089,13.675015252463256,13.01699864047857,13.14078426361084,9438100,0.0,0.0
2021-10-20 00:00:00,12.873669157387965,13.368810422207552,12.828064253448341,13.049574851989746,6676300,0.0,0.0
2021-10-21 00:00:00,13.140783189574014,13.212448740683735,12.736851777828724,12.87366771697998,4506500,0.0,0.0
2021-10-22 00:00:00,12.828061496835636,12.925786447511994,12.678215246982376,12.74988079071045,3256300,0.0,0.0
2021-10-25 00:00:00,12.841090578989695,12.893211878166596,12.71079105896794,12.74988079071045,3163600,0.0,0.0
2021-10-26 00:00:00,12.769428995127381,12.821549062754821,12.515342578133227,12.580492973327637,3121100,0.0,0.0
2021-10-27 00:00:00,12.547915810693125,12.573975217815304,12.046259486529381,12.12444019317627,6174500,0.0,0.0
2021-10-28 00:00:00,12.189592081246584,12.372012942801314,11.994142134512591,12.085351943969727,5698600,0.0,0.0
2021-10-29 00:00:00,12.052774517151326,12.143984305041673,11.844294291893297,11.870353698730469,5164300,0.0,0.0
2021-11-01 00:00:00,11.93550669937072,12.319892665044726,11.876871467817706,12.235198020935059,4541600,0.0,0.0
2021-11-02 00:00:00,12.28080100242663,12.293831327985378,11.818234386212962,11.90293025970459,8539300,0.0,0.0
2021-11-03 00:00:00,11.635816150860597,12.078837330208628,11.140674905862234,12.05929183959961,12062100,0.0,0.0
2021-11-04 00:00:00,12.052777114465691,12.20262215333075,11.551120687683957,11.63581657409668,6082600,0.0,0.0
2021-11-05 00:00:00,11.811720834268117,11.97459619804404,11.642331549464718,11.798691749572754,5588600,0.0,0.0
2021-11-08 00:00:00,11.857327537637042,11.974596761253364,11.824751717765452,11.889902114868164,3905800,0.0,0.0
2021-11-09 00:00:00,11.818234910645002,11.915961114031962,11.700964460692887,11.759599685668945,4432200,0.0,0.0
2021-11-10 00:00:00,11.824751600777583,12.104897435699309,11.792177023868735,12.085351943969727,6115500,0.0,0.0
2021-11-11 00:00:00,12.104896773329731,12.104896773329731,11.694451410591379,11.727025985717773,4891800,0.0,0.0
2021-11-12 00:00:00,11.713994267023452,12.065805601268233,11.713994267023452,11.90293025970459,5265100,0.0,0.0
2021-11-15 00:00:00,11.99414181727625,12.05277704827368,11.603240691506857,11.616271018981934,6688500,0.0,0.0
2021-11-16 00:00:00,11.65536101153878,11.66839133929645,11.342640601197408,11.355670928955078,7711300,0.0,0.0
2021-11-17 00:00:00,11.284006045763224,11.303551538572101,11.016890523911178,11.134160995483398,7847100,0.0,0.0
2021-11-18 00:00:00,11.16021999140933,11.264461373173734,10.782349176424974,10.977800369262695,8485800,0.0,0.0
2021-11-19 00:00:00,10.958253226529482,11.029918777372277,10.704168081018178,10.847497940063477,8641800,0.0,0.0
2021-11-22 00:00:00,10.893106628015625,11.173252523154378,10.76280704973204,11.082042694091797,6867100,0.0,0.0
2021-11-23 00:00:00,11.147189052035225,11.303549234715803,10.99082886935465,11.01037311553955,6093800,0.0,0.0
2021-11-24 00:00:00,10.977799945694876,11.10158557211857,10.788863924172373,10.821439743041992,5593400,0.0,0.0
2021-11-26 00:00:00,10.671594343311497,10.75629023673046,10.534779620675447,10.684624671936035,5300400,0.0,0.0
2021-11-29 00:00:00,10.736743352455234,10.80189374449477,10.456597536533488,10.528263092041016,5707900,0.0,0.0
2021-11-30 00:00:00,10.476143691562415,10.521748596091234,10.222057892072797,10.306753158569336,12170700,0.0,0.0
2021-12-01 00:00:00,10.47614472264297,10.756290583910106,10.430539813625634,10.573869705200195,8494700,0.0,0.0
2021-12-02 00:00:00,10.665078926002508,11.342639765132539,10.639018272408098,11.173249244689941,15752400,0.0,0.0
2021-12-03 00:00:00,11.179765838815666,11.31658180241459,10.990831046638746,11.23188591003418,7613800,0.0,0.0
2021-12-06 00:00:00,11.3426391565369,11.883385263203312,11.244914196082062,11.629300117492676,10272600,0.0,0.0
2021-12-07 00:00:00,11.56415036422875,11.687935983672471,11.218854159523785,11.290519714355469,9533900,0.0,0.0
2021-12-08 00:00:00,11.297035237081925,11.694451519039374,11.290520073468151,11.531576156616211,5735200,0.0,0.0
2021-12-09 00:00:00,11.407791416210928,11.798692564810784,11.407791416210928,11.746572494506836,7506900,0.0,0.0
2021-12-10 00:00:00,11.759601867343969,11.922477246352281,11.70748179576693,11.863842010498047,6538900,0.0,0.0
2021-12-13 00:00:00,11.857327537637042,11.981111925227683,11.616271441149141,11.889902114868164,6151400,0.0,0.0
2021-12-14 00:00:00,11.902932366128612,12.117927805334068,11.844297133377992,11.857327461242676,8249300,0.0,0.0
2021-12-15 00:00:00,11.922475879343544,12.039746337606003,11.766115682540393,11.942021369934082,8278100,0.0,0.0
2021-12-16 00:00:00,12.024518981113193,12.222508530578203,11.846330023007193,12.202709197998047,8774100,0.235,0.0
2021-12-17 00:00:00,12.123513099509234,12.169710278518098,11.417352084386504,11.470149040222168,81610000,0.0,0.0
2021-12-20 00:00:00,11.397555219480646,11.727536543087297,11.245764112728512,11.602143287658691,9632200,0.0,0.0
2021-12-21 00:00:00,11.687937505081075,11.892526825511444,11.654939877284598,11.852928161621094,6490800,0.0,0.0
2021-12-22 00:00:00,11.852927947832741,11.92552423821017,11.734135734640757,11.773733139038086,5556500,0.0,0.0
2021-12-23 00:00:00,11.714335900824725,11.813330036963272,11.668138721211985,11.747333526611328,3786700,0.0,0.0
2021-12-27 00:00:00,11.661538027384944,11.7803314849223,11.503147170261352,11.681337356567383,3734900,0.0,0.0
2021-12-28 00:00:00,11.615339922761136,11.866125111795288,11.615339922761136,11.74073314666748,3069100,0.0,0.0
2021-12-29 00:00:00,11.767130408340037,11.872724299415133,11.734132789420997,11.793529510498047,3341100,0.0,0.0
2021-12-30 00:00:00,11.833126696380228,11.998117305624174,11.833126696380228,11.899123191833496,4038000,0.0,0.0
2021-12-31 00:00:00,11.991520751391576,12.044317710180943,11.773733139038086,11.773733139038086,4251100,0.0,0.0
2022-01-03 00:00:00,11.819927711352758,12.248903064166335,11.747331437001142,12.229104995727539,8040900,0.0,0.0
2022-01-04 00:00:00,12.222506508492962,12.473291719124243,12.149910226488199,12.16310977935791,5851700,0.0,0.0
2022-01-05 00:00:00,12.176309585571289,12.440294354564818,12.163110032426944,12.176309585571289,4657500,0.0,0.0
2022-01-06 00:00:00,11.654938308785281,12.156509988219836,11.582342026868321,12.103713035583496,8212100,0.0,0.0
2022-01-07 00:00:00,12.149910174147546,12.54588794708252,12.130110844928273,12.54588794708252,7736900,0.0,0.0
2022-01-10 00:00:00,12.526089684353988,12.664682483131621,12.2885040073875,12.341300964355469,5856100,0.0,0.0
2022-01-11 00:00:00,12.413893681308364,12.519487575576983,12.0773126712852,12.229104995727539,4871300,0.0,0.0
2022-01-12 00:00:00,12.242305273318724,12.262104603746172,11.88592613707566,12.090514183044434,6748100,0.0,0.0
2022-01-13 00:00:00,12.143308408588467,12.314898790711961,12.031114745614586,12.189505577087402,4902000,0.0,0.0
2022-01-14 00:00:00,12.11031292321627,12.176309429312385,11.97831991102404,12.143310546875,3999700,0.0,0.0
2022-01-18 00:00:00,12.1235124788436,12.268703785263895,11.912323407534096,11.958521842956543,4013200,0.0,0.0
2022-01-19 00:00:00,12.004718732490057,12.506290404644336,11.945322004288982,12.387496948242188,16322500,0.0,0.0
2022-01-20 00:00:00,12.387496752986529,12.526088277418761,12.037716165624513,12.050915718078613,6781000,0.0,0.0
2022-01-21 00:00:00,12.07071320398669,12.149907989063824,11.89912282461502,11.971717834472656,4733800,0.0,0.0
2022-01-24 00:00:00,11.87932827156201,11.945324791493137,11.516349300109182,11.786933898925781,6637500,0.0,0.0
2022-01-25 00:00:00,11.615341699294229,12.004719723521966,11.470149125581612,11.94532299041748,6219700,0.0,0.0
2022-01-26 00:00:00,12.037716229468657,12.222506188470305,11.800129319149198,11.912322998046875,4513900,0.0,0.0
2022-01-27 00:00:00,11.958522205727078,12.215907202709682,11.91232376890317,12.011319160461426,4582200,0.0,0.0
2022-01-28 00:00:00,12.044315901172613,12.440293662007981,11.998118726517898,12.433693885803223,6169800,0.0,0.0
2022-01-31 00:00:00,12.275303738058229,12.493091330205997,12.17630960685991,12.479891777038574,7403600,0.0,0.0
2022-02-01 00:00:00,12.512889798406118,12.737277174260882,12.446894548031304,12.7108793258667,4596000,0.0,0.0
2022-02-02 00:00:00,12.67788029622404,12.691079849658816,12.446894405008933,12.493091583251953,5497200,0.0,0.0
2022-02-03 00:00:00,12.473292571469033,12.565688189092086,12.288503853780385,12.30830192565918,3061000,0.0,0.0
2022-02-04 00:00:00,12.268701425457934,12.334697918874486,11.89912282461502,11.971717834472656,5091900,0.0,0.0
2022-02-07 00:00:00,12.037715676492667,12.215905851046749,11.945321330625463,12.08391284942627,4342200,0.0,0.0
2022-02-08 00:00:00,12.057515970095109,12.176309429312385,11.899125110731624,12.143310546875,4135000,0.0,0.0
2022-02-09 00:00:00,12.222506160937998,12.361097685793085,12.143310104750372,12.354497909545898,4547200,0.0,0.0
2022-02-10 00:00:00,12.367699248936761,12.493092498193015,12.143311859227165,12.1961088180542,6208500,0.0,0.0
2022-02-11 00:00:00,12.512890162726853,13.067258841711332,12.427095579474402,12.823073387145996,9819100,0.0,0.0
2022-02-14 00:00:00,12.750475231269778,13.159652532971792,12.737275679232617,13.067256927490234,9000400,0.0,0.0
2022-02-15 00:00:00,13.126653014952634,13.42363662746317,13.080455843846217,13.258646011352539,7764400,0.0,0.0
2022-02-16 00:00:00,13.133252375946494,13.463233597748056,12.961661989556266,13.087055206298828,6666600,0.0,0.0
2022-02-17 00:00:00,13.054060189472512,13.16625387759783,12.941866501347194,13.073858261108398,4099400,0.0,0.0
2022-02-18 00:00:00,13.120056036292867,13.21245165698184,12.81647384214292,13.021061897277832,6557300,0.0,0.0
2022-02-22 00:00:00,13.047461591598076,13.067259665022858,12.80327486286884,12.849472045898438,4140300,0.0,0.0
2022-02-23 00:00:00,12.836271268586778,13.014460188859543,12.776874542236328,12.776874542236328,3789000,0.0,0.0
2022-02-24 00:00:00,12.526088344733823,12.565687002308927,12.017916901527519,12.28850269317627,7065900,0.0,0.0
2022-02-25 00:00:00,12.347899618002828,12.691080471448727,12.29510266045567,12.559088706970215,5247000,0.0,0.0
2022-02-28 00:00:00,12.433695524618397,12.433695524618397,11.918924241805463,11.998120307922363,8365100,0.0,0.0
2022-03-01 00:00:00,11.938724388790938,12.037718534117163,11.41735329327858,11.602143287658691,7776500,0.0,0.0
2022-03-02 00:00:00,11.654937582032574,12.044315555487609,11.628539736749783,11.938721656799316,4473800,0.0,0.0
2022-03-03 00:00:00,11.95192020726487,12.02451521979304,11.800127889189328,11.819927215576172,5051600,0.0,0.0
2022-03-04 00:00:00,11.707734362344462,11.879324759930213,11.562543068438925,11.72093391418457,6611700,0.0,0.0
2022-03-07 00:00:00,11.615340821256048,11.740734054862079,11.377753906798015,11.562543869018555,5609400,0.0,0.0
2022-03-08 00:00:00,11.70773671727587,12.235707568070966,11.635140426331578,11.694537162780762,11843000,0.0,0.0
2022-03-09 00:00:00,11.912321670831641,11.925521221885115,11.694534113563211,11.734132766723633,6878700,0.0,0.0
2022-03-10 00:00:00,11.582340844669123,11.740732945189848,11.38435260718599,11.588940620422363,5351600,0.0,0.0
2022-03-11 00:00:00,11.595543849041594,11.641741034292135,11.344758589633413,11.357956886291504,4088100,0.0,0.0
2022-03-14 00:00:00,11.456951248727083,11.621941900310002,11.338157778182778,11.496548652648926,4733500,0.0,0.0
2022-03-15 00:00:00,11.595541141218659,11.668137420390277,11.463549394008602,11.569143295288086,4784700,0.0,0.0
2022-03-16 00:00:00,11.659448316153856,11.987223812783247,11.599244523315546,11.967155456542969,9806600,0.235,0.0
2022-03-17 00:00:00,11.866815665100912,12.034048131535618,11.786544795706433,11.993912696838379,6498800,0.0,0.0
2022-03-18 00:00:00,11.92701902796115,12.074183133835806,11.739718212944151,12.04073715209961,14571000,0.0,0.0
2022-03-21 00:00:00,12.094252912640592,12.241417035845473,12.007292584356474,12.12769889831543,6331900,0.0,0.0
2022-03-22 00:00:00,12.207970945763549,12.482232108775852,12.174524960374756,12.241416931152344,5748300,0.0,0.0
2022-03-23 00:00:00,12.174523072935546,12.401959310790646,12.154454719283969,12.274862289428711,3763800,0.0,0.0
2022-03-24 00:00:00,12.375203459097703,12.45547561049099,12.174524994438332,12.408649444580078,4648000,0.0,0.0
2022-03-25 00:00:00,12.455477344356744,12.662845290155774,12.40865117192739,12.595952033996582,3697400,0.0,0.0
2022-03-28 00:00:00,12.549125011156532,12.616018255981494,12.415338521506607,12.448785781860352,3191500,0.0,0.0
2022-03-29 00:00:00,12.575882343831038,12.983930014935401,12.575882343831038,12.977240562438965,4056400,0.0,0.0
2022-03-30 00:00:00,12.923724986571363,13.044132568265782,12.729735986194505,12.870210647583008,3145900,0.0,0.0
2022-03-31 00:00:00,12.789938713012694,12.823384693642025,12.435405449282854,12.535744667053223,5781800,0.0,0.0
2022-04-01 00:00:00,12.495611920516282,12.743115292481248,12.468854109556476,12.723048210144043,3941500,0.0,0.0
2022-04-04 00:00:00,12.676222362254885,12.763182689560347,12.542435869296039,12.689599990844727,3950000,0.0,0.0
2022-04-05 00:00:00,12.669533593857873,12.83676608114154,12.589261438573356,12.616019248962402,3734600,0.0,0.0
2022-04-06 00:00:00,12.542435162519144,12.769871422203423,12.475541919809212,12.629395484924316,4187800,0.0,0.0
2022-04-07 00:00:00,12.649465236066087,12.723047938753341,12.355135701199696,12.616019248962402,2857000,0.0,0.0
2022-04-08 00:00:00,12.709667631352731,12.723046535071216,12.522366806941418,12.629395484924316,2582700,0.0,0.0
2022-04-11 00:00:00,12.58926227338127,12.803319667157528,12.562505737100592,12.729738235473633,2501500,0.0,0.0
2022-04-12 00:00:00,12.662844636971174,12.743115519515419,12.455476701868758,12.462164878845215,3478500,0.0,0.0
2022-04-13 00:00:00,12.375203360754305,12.56250419526182,12.294931209998929,12.555814743041992,2621900,0.0,0.0
2022-04-14 00:00:00,12.60264104808329,12.749805185799639,12.60264104808329,12.676223754882812,2221900,0.0,0.0
2022-04-18 00:00:00,12.60933088055828,12.783252835393613,12.60933088055828,12.669534683227539,1874400,0.0,0.0
2022-04-19 00:00:00,12.709667630617941,12.910346082853653,12.702978178759087,12.870210647583008,2304500,0.0,0.0
2022-04-20 00:00:00,12.903659136743379,13.124405965595349,12.903659136743379,12.977240562438965,2848200,0.0,0.0
2022-04-21 00:00:00,13.104334702029707,13.35852746111032,13.084266348990846,13.258188247680664,3388400,0.0,0.0
2022-04-22 00:00:00,13.157852431179707,13.177920789399563,12.723048210144043,12.723048210144043,3236200,0.0,0.0
2022-04-25 00:00:00,12.709668622837395,12.803318404407454,12.381893111459602,12.796628952026367,3563700,0.0,0.0
2022-04-26 00:00:00,12.709666573266972,12.709666573266972,12.52236576444854,12.535744667053223,3518800,0.0,0.0
2022-04-27 00:00:00,12.482231191223523,12.582570415896662,12.254794934827096,12.442095756530762,3894100,0.0,0.0
2022-04-28 00:00:00,12.609326953649523,12.883588068893205,12.468851032541938,12.823384284973145,5041000,0.0,0.0
2022-04-29 00:00:00,11.773166796412626,12.02735960352826,11.17113012618502,11.211265563964844,13216500,0.0,0.0
2022-05-02 00:00:00,11.231334804957552,11.659449577331543,11.1109272062567,11.659449577331543,6183200,0.0,0.0
2022-05-03 00:00:00,11.672826566294926,11.826680127869192,11.472146842783644,11.62600040435791,3910700,0.0,0.0
2022-05-04 00:00:00,11.619314286868017,11.933710917416425,11.518973769396073,11.846749305725098,4581200,0.0,0.0
2022-05-05 00:00:00,11.70627202899697,11.806611248354752,11.50559359028141,11.612622261047363,3973500,0.0,0.0
2022-05-06 00:00:00,11.532350678952499,11.632689903173267,11.27815789253439,11.345049858093262,3430100,0.0,0.0
2022-05-09 00:00:00,11.204574743376181,11.552418564009189,11.177816937535606,11.49890422821045,3727300,0.0,0.0
2022-05-10 00:00:00,11.565798736040852,11.619313077711702,11.090857837314823,11.157751083374023,3771700,0.0,0.0
2022-05-11 00:00:00,11.224645597292454,11.351741375690004,11.02396583644744,11.057413101196289,3352600,0.0,0.0
2022-05-12 00:00:00,11.003896378733545,11.184506465869156,10.94369259106087,11.144371032714844,3944600,0.0,0.0
2022-05-13 00:00:00,11.217953543857542,11.398564903984902,11.171128659946536,11.371807098388672,2737100,0.0,0.0
2022-05-16 00:00:00,11.311602511332069,11.505592760531847,11.238019827031144,11.425320625305176,2312000,0.0,0.0
2022-05-17 00:00:00,11.579176281095265,11.706273320103499,11.532351391956057,11.646069526672363,3248500,0.0,0.0
2022-05-18 00:00:00,11.411944146357879,11.60593443674432,11.244711665355462,11.472147941589355,4019300,0.0,0.0
2022-05-19 00:00:00,11.391876789143316,11.539040909541493,11.2714692015982,11.365118980407715,4221700,0.0,0.0
2022-05-20 00:00:00,11.4520807223252,11.492216160034637,11.231333901099452,11.418633460998535,2870800,0.0,0.0
2022-05-23 00:00:00,11.632690622380437,11.786545469972525,11.50559485925474,11.646069526672363,2994600,0.0,0.0
2022-05-24 00:00:00,11.572485552598332,11.686203674772456,11.351738759658257,11.612622261047363,3308200,0.0,0.0
2022-05-25 00:00:00,11.545730248475511,11.799923049557675,11.492215907411763,11.71965217590332,3714600,0.0,0.0
2022-05-26 00:00:00,11.766478729368858,11.840061437196681,11.7330327399286,11.779857635498047,3089700,0.0,0.0
2022-05-27 00:00:00,11.826682991915254,12.040740394792545,11.719654290476607,12.034050941467285,2803000,0.0,0.0
2022-05-31 00:00:00,12.007290320316232,12.181210944090783,11.860124948977617,12.13438606262207,8246200,0.0,0.0
2022-06-01 00:00:00,12.18790265931478,12.194592111607642,11.86012715225988,11.960466384887695,2817900,0.0,0.0
2022-06-02 00:00:00,12.000604305715383,12.000604305715383,11.726343113534496,11.933711051940918,4424200,0.0,0.0
2022-06-03 00:00:00,11.86681835801559,11.927022161664619,11.773168563842773,11.773168563842773,2207000,0.0,0.0
2022-06-06 00:00:00,11.840060559060822,11.980535235350647,11.786546214395752,11.873506546020508,2951200,0.0,0.0
2022-06-07 00:00:00,11.77985510429271,12.027358435086667,11.699582960648831,12.020668983459473,4400800,0.0,0.0
2022-06-08 00:00:00,11.947087567203404,11.987223001083716,11.78654455579972,11.813301086425781,3083400,0.0,0.0
2022-06-09 00:00:00,11.833369339368115,11.833369339368115,11.672826329347435,11.686203956604004,2754200,0.0,0.0
2022-06-10 00:00:00,11.492217062231251,11.599245755113747,11.405255451837562,11.458769798278809,3197800,0.0,0.0
2022-06-13 00:00:00,11.204574567559012,11.358428121080886,10.903555635988054,10.963759422302246,3519500,0.0,0.0
2022-06-14 00:00:00,10.950383266393551,11.064101402942041,10.836665129845061,11.01058578491211,4135700,0.0,0.0
2022-06-15 00:00:00,11.061484184904712,11.11577362860334,10.817181688260877,10.925761222839355,3599600,0.235,0.0
2022-06-16 00:00:00,10.756105127536953,10.790035539977108,10.38286476606505,10.49822998046875,4020600,0.0,0.0
2022-06-17 00:00:00,10.54573392186666,10.756105990654934,10.491444480988624,10.688243865966797,7128900,0.0,0.0
2022-06-21 00:00:00,10.980048722681527,10.980048722681527,10.749318304219175,10.891827583312988,2839600,0.0,0.0
2022-06-22 00:00:00,10.891827604776836,10.973262403249642,10.803607759596655,10.918972969055176,2343100,0.0,0.0
2022-06-23 00:00:00,10.918974111218184,11.02755299096485,10.756105791598184,10.796822547912598,1879800,0.0,0.0
2022-06-24 00:00:00,10.864682472076565,11.373646353248635,10.803606702786949,11.326143264770508,5150900,0.0,0.0
2022-06-27 00:00:00,11.36685927374432,11.536513889770355,11.298997168461506,11.482224464416504,3478200,0.0,0.0
2022-06-28 00:00:00,11.536517151404118,11.604379275873086,11.244710922241211,11.244710922241211,2464100,0.0,0.0
2022-06-29 00:00:00,11.231138238474944,11.285427679177646,11.108987967665641,11.244710922241211,2364300,0.0,0.0
2022-06-30 00:00:00,11.075054930566415,11.326144372692148,11.027551837441544,11.176847457885742,2983400,0.0,0.0
2022-07-01 00:00:00,11.197207061706077,11.461867905332292,11.115772259010631,11.407578468322754,3317500,0.0,0.0
2022-07-05 00:00:00,11.271856110253072,11.400792720892007,11.142918205251794,11.3804349899292,2593100,0.0,0.0
2022-07-06 00:00:00,11.434723834008663,11.482226929596724,11.265069181558571,11.407578468322754,3314100,0.0,0.0
2022-07-07 00:00:00,11.434724420390623,11.52973061643874,11.33293188257302,11.366862297058105,5230100,0.0,0.0
2022-07-08 00:00:00,11.346502489094757,11.380434195601659,11.176847839647012,11.2311372756958,4095500,0.0,0.0
2022-07-11 00:00:00,11.197206856812237,11.210779539406829,10.925759676731664,10.952903747558594,4939900,0.0,0.0
2022-07-12 00:00:00,10.95968841556793,11.346500749920837,10.95968841556793,11.136129379272461,4416400,0.0,0.0
2022-07-13 00:00:00,11.007192819514103,11.217565509685485,10.905400292145936,11.183633804321289,2306500,0.0,0.0
2022-07-14 00:00:00,10.932545060405163,11.000405878709426,10.837538232108413,10.94611644744873,4364700,0.0,0.0
2022-07-15 00:00:00,11.081840515136719,11.163275308050379,10.986834335372551,11.081840515136719,2865100,0.0,0.0
2022-07-18 00:00:00,11.156488985017274,11.237922483697082,11.047910123869446,11.10219955444336,4251800,0.0,0.0
2022-07-19 00:00:00,11.170059285255185,11.516154856881174,11.170059285255185,11.46865177154541,2813900,0.0,0.0
2022-07-20 00:00:00,11.38722133170425,11.448297113317365,11.25828342670297,11.3804349899292,2509300,0.0,0.0
2022-07-21 00:00:00,11.3600746344399,11.441509431842874,11.265068449438258,11.332930564880371,2787000,0.0,0.0
2022-07-22 00:00:00,11.312572847965907,11.441510752755471,11.292213822674183,11.353289604187012,1751500,0.0,0.0
2022-07-25 00:00:00,11.373648638827593,11.461868493106223,11.258283417471016,11.366862297058105,1676200,0.0,0.0
2022-07-26 00:00:00,11.285426150774539,11.394006311837124,11.190419966002242,11.298998832702637,2472300,0.0,0.0
2022-07-27 00:00:00,11.32614461136233,11.42793714082668,11.251496152386096,11.394006729125977,1854400,0.0,0.0
2022-07-28 00:00:00,11.414365212739963,11.51615774893145,11.353289432152604,11.495800018310547,2432600,0.0,0.0
2022-07-29 00:00:00,11.536516199799582,11.604378318670856,11.40757830338039,11.550088882446289,2779600,0.0,0.0
2022-08-01 00:00:00,11.509369872875515,11.604377349102137,11.39400596310417,11.536515235900879,2319000,0.0,0.0
2022-08-02 00:00:00,11.509371600568134,11.570447382181248,11.346503281053945,11.3804349899292,3143600,0.0,0.0
2022-08-03 00:00:00,11.489014205885079,11.82153719642135,11.455082496016654,11.67902660369873,4133300,0.0,0.0
2022-08-04 00:00:00,11.516157546419707,11.550089254128396,10.627167514248868,11.027552604675293,6865400,0.0,0.0
2022-08-05 00:00:00,10.939334085781171,11.115773809907719,10.85111292935544,11.108988761901855,3712800,0.0,0.0
2022-08-08 00:00:00,11.17684785905592,11.224352248248076,10.946117431857337,10.986835479736328,3315300,0.0,0.0
2022-08-09 00:00:00,11.027552624202462,11.075055720716442,10.88504333466052,11.05469799041748,3891300,0.0,0.0
2022-08-10 00:00:00,11.163274184589019,11.353286524994694,11.06826672002419,11.19720458984375,3235400,0.0,0.0
2022-08-11 00:00:00,11.292212705133073,11.434723279346802,11.210779200749982,11.22435188293457,3539500,0.0,0.0
2022-08-12 00:00:00,11.29899790314753,11.339714651219913,11.251494814669405,11.326143264770508,2377700,0.0,0.0
2022-08-15 00:00:00,11.24470956881754,11.29221266191959,11.122558018348144,11.170061111450195,3982800,0.0,0.0
2022-08-16 00:00:00,11.007192835319634,11.217565525793098,10.952903401021176,11.20399284362793,2776900,0.0,0.0
2022-08-17 00:00:00,11.05469584735031,11.068267233464564,10.864682203768195,10.871468544006348,3605900,0.0,0.0
2022-08-18 00:00:00,10.878255474395752,11.136129945625118,10.837538077938921,11.081840515136719,2802000,0.0,0.0
2022-08-19 00:00:00,10.993622009697829,11.190420733707612,10.966476643979359,11.149703979492188,3336000,0.0,0.0
2022-08-22 00:00:00,11.02755221780033,11.02755221780033,10.8443248856884,10.966476440429688,3257300,0.0,0.0
2022-08-23 00:00:00,10.973261222949146,11.01397797062489,10.749317169189453,10.749317169189453,2978100,0.0,0.0
2022-08-24 00:00:00,10.722173575803222,10.76967666878411,10.579663649679453,10.620380401611328,4125700,0.0,0.0
2022-08-25 00:00:00,10.600022031018165,10.688242523156747,10.5525189380132,10.627166748046875,3256900,0.0,0.0
2022-08-26 00:00:00,10.667884118729821,10.701815176720492,10.321788492150967,10.335360527038574,4031000,0.0,0.0
2022-08-29 00:00:00,10.274286157541297,10.308216570855016,10.15892094016743,10.165706634521484,3155300,0.0,0.0
2022-08-30 00:00:00,10.19963619414995,10.260711964617245,10.104630015361758,10.247139930725098,5875600,0.0,0.0
2022-08-31 00:00:00,10.301430098263248,10.335360509013642,10.016410247128455,10.057126998901367,8258800,0.0,0.0
2022-09-01 00:00:00,10.043554864211927,10.057126898940968,9.84675550678262,9.975692749023438,4028700,0.0,0.0
2022-09-02 00:00:00,10.077486121273356,10.118202873447496,9.846755701682877,9.88068675994873,3283400,0.0,0.0
2022-09-06 00:00:00,9.867114261074875,9.901045319971077,9.622811801948222,9.765321731567383,5061500,0.0,0.0
2022-09-07 00:00:00,9.765321917054038,9.968906979936003,9.751749234365304,9.921403884887695,4506000,0.0,0.0
2022-09-08 00:00:00,9.839968880304742,10.029981891265443,9.738176357656778,9.996050834655762,4062600,0.0,0.0
2022-09-09 00:00:00,10.077487359643678,10.192852583615554,9.996052550926082,10.118204116821289,4042600,0.0,0.0
2022-09-12 00:00:00,10.274285138912479,10.484656528197641,10.260712457187715,10.389650344848633,3945200,0.0,0.0
2022-09-13 00:00:00,10.186064210363497,10.219995266032354,9.982478523531416,10.02998161315918,4684100,0.0,0.0
2022-09-14 00:00:00,10.077486397028466,10.09105843239752,9.670314981058803,9.833183288574219,8067000,0.0,0.0
2022-09-15 00:00:00,9.815937713175078,9.884918566820721,9.581404258050274,9.62279224395752,5626300,0.235,0.0
2022-09-16 00:00:00,9.526221099100043,9.774551020961315,9.422749804936815,9.760754585266113,9779200,0.0,0.0
2022-09-19 00:00:00,9.657282220239804,9.795243263244629,9.62279179502606,9.795243263244629,3407500,0.0,0.0
2022-09-20 00:00:00,9.767653260410626,9.94010476757282,9.664182619253426,9.864226341247559,4447100,0.0,0.0
2022-09-21 00:00:00,9.981491164688752,10.09185999909261,9.77454927125644,9.795243263244629,4926800,0.0,0.0
2022-09-22 00:00:00,9.829734743440312,9.91940959548039,9.781448537668814,9.884919166564941,3763500,0.0,0.0
2022-09-23 00:00:00,9.781447516674687,9.795243292090724,9.526219421901601,9.6710786819458,4516400,0.0,0.0
2022-09-26 00:00:00,9.602098973844047,9.671079832682528,9.298583984375,9.298583984375,4830900,0.0,0.0
2022-09-27 00:00:00,9.38825809078936,9.498627587719911,9.174418629533672,9.277889251708984,4660400,0.0,0.0
2022-09-28 00:00:00,9.326177029237302,9.457239874070117,9.26409438668746,9.408953666687012,3408300,0.0,0.0
2022-09-29 00:00:00,9.29858232309793,9.422747583683844,9.208908143619336,9.353767395019531,3951300,0.0,0.0
2022-09-30 00:00:00,9.415849496703567,9.533116542677615,9.305480667045668,9.312378883361816,4919000,0.0,0.0
2022-10-03 00:00:00,9.395156613053976,9.629690732647646,9.346870408849465,9.546914100646973,4627600,0.0,0.0
2022-10-04 00:00:00,9.705567983703311,9.988388273587898,9.691772208949244,9.967694282531738,5665200,0.0,0.0
2022-10-05 00:00:00,9.809041252991356,9.919410104908799,9.719366396345873,9.857327461242676,3906300,0.0,0.0
2022-10-06 00:00:00,9.850428417982773,9.850428417982773,9.422748823720868,9.546914100646973,5851100,0.0,0.0
2022-10-07 00:00:00,9.491728777154101,9.505524552251204,9.222704255334207,9.291685104370117,5540200,0.0,0.0
2022-10-10 00:00:00,9.346869681624808,9.464136732297787,9.291685264584599,9.326175689697266,3871500,0.0,0.0
2022-10-11 00:00:00,9.346870848702027,9.415851049690284,9.13992893003681,9.298583984375,3804800,0.0,0.0
2022-10-12 00:00:00,9.312378657631136,9.602097157385446,9.243397811841977,9.464136123657227,4685500,0.0,0.0
2022-10-13 00:00:00,9.326176737230204,9.753856346254635,9.284788090876129,9.68487548828125,4825200,0.0,0.0
2022-10-14 00:00:00,9.733159320925227,9.878018561068268,9.643484490565243,9.657280921936035,4717000,0.0,0.0
2022-10-17 00:00:00,9.809040633650548,9.974593901073714,9.719365782667115,9.726263999938965,5551100,0.0,0.0
2022-10-18 00:00:00,9.878018964672343,10.043572858635908,9.774548356563937,9.871121406555176,3927400,0.0,0.0
2022-10-19 00:00:00,9.788344256412273,9.912509514017744,9.70556763729199,9.829732894897461,4942000,0.0,0.0
2022-10-20 00:00:00,9.567608083091223,9.62279250436102,9.043355423177957,9.270991325378418,12832500,0.0,0.0
2022-10-21 00:00:00,9.208909312907533,9.450340990663232,9.001967404938226,9.402054786682129,5822700,0.0,0.0
2022-10-24 00:00:00,9.484829807869247,9.636587268993177,9.37446098445187,9.595198631286621,5307400,0.0,0.0
2022-10-25 00:00:00,9.5538103632909,9.746955798446113,9.526218158268726,9.602096557617188,5410500,0.0,0.0
2022-10-26 00:00:00,9.671078812796484,9.836632067129766,9.588301527779688,9.629690170288086,5719300,0.0,0.0
2022-10-27 00:00:00,9.6917734484088,9.76765186388538,9.560709953308105,9.560709953308105,4432000,0.0,0.0
2022-10-28 00:00:00,9.236499955180152,9.726262102482313,9.236499955180152,9.595198631286621,4682300,0.0,0.0
2022-10-31 00:00:00,9.519321445830634,9.567607647782221,9.312379546559283,9.3192777633667,5273000,0.0,0.0
2022-11-01 00:00:00,9.422748780124003,9.47793320120246,9.353768582701028,9.402054786682129,4986000,0.0,0.0
2022-11-02 00:00:00,9.457238537262722,9.505524737820435,8.877801499169578,8.995068550109863,7225900,0.0,0.0
2022-11-03 00:00:00,8.877800728957451,8.932985141335813,8.463917636119742,8.574286460876465,6826800,0.0,0.0
2022-11-04 00:00:00,8.705349901280968,9.001966632513762,8.698451684775522,8.836413383483887,5974700,0.0,0.0
2022-11-07 00:00:00,8.86400495610495,9.001965987071351,8.677757070912742,8.898494720458984,4498900,0.0,0.0
2022-11-08 00:00:00,8.919189453125,9.091640907931902,8.836412833759697,8.919189453125,4667800,0.0,0.0
2022-11-09 00:00:00,8.836414237196346,8.926088429030287,8.698452525159087,8.746739387512207,6162000,0.0,0.0
2022-11-10 00:00:00,9.10543777618335,9.319277895289211,9.10543777618335,9.277889251708984,6427500,0.0,0.0
2022-11-11 00:00:00,9.457239907692077,9.671080048585074,9.312380627177529,9.553812980651855,7927600,0.0,0.0
2022-11-14 00:00:00,9.505524557758905,9.753855088151965,9.471034133220966,9.491728782653809,8051300,0.0,0.0
2022-11-15 00:00:00,9.629692743902234,9.933207124629954,9.622794525332203,9.705571174621582,4996700,0.0,0.0
2022-11-16 00:00:00,9.657282943314536,9.677976936852156,9.491729679313192,9.546914100646973,4492600,0.0,0.0
2022-11-17 00:00:00,9.408951772919426,9.60899543762207,9.381359565989754,9.60899543762207,3947700,0.0,0.0
2022-11-18 00:00:00,9.726263958819526,9.864225014422242,9.484831618127117,9.581404685974121,3634300,0.0,0.0
2022-11-21 00:00:00,9.546913831227451,9.719365307491387,9.512423404404629,9.62279224395752,3617300,0.0,0.0
2022-11-22 00:00:00,9.712464788229623,9.829731816919114,9.664178596833956,9.740056991577148,3351700,0.0,0.0
2022-11-23 00:00:00,9.684874352318095,9.85732581917408,9.671078577051688,9.781447410583496,3249300,0.0,0.0
2022-11-25 00:00:00,9.81593881284851,10.036677174533645,9.781449040011996,9.857327461242676,2593000,0.0,0.0
2022-11-28 00:00:00,9.781449255078902,9.988390528049049,9.767652819360753,9.836633682250977,3553100,0.0,0.0
2022-11-29 00:00:00,9.836631830349965,10.015981513818932,9.829733613789589,9.981491088867188,4478900,0.0,0.0
2022-11-30 00:00:00,9.947000351350555,10.188432660576101,9.884917719958265,10.112553596496582,7441900,0.0,0.0
2022-12-01 00:00:00,10.112553914263653,10.236719180949882,9.836631830349965,9.981491088867188,5633400,0.0,0.0
2022-12-02 00:00:00,9.878019731716691,10.029777205529975,9.871122173063917,9.960796356201172,3203400,0.0,0.0
2022-12-05 00:00:00,9.8435318837368,9.87802165727428,9.68487616249329,9.760754585266113,3864000,0.0,0.0
2022-12-06 00:00:00,9.712467364648319,9.760753568852829,9.367564402387085,9.546914100646973,5912800,0.0,0.0
2022-12-07 00:00:00,9.491729445699203,9.602098285650326,9.41585037484517,9.498627662658691,5301100,0.0,0.0
2022-12-08 00:00:00,9.51242201372359,9.705567454703996,9.471033376017035,9.595198631286621,4995300,0.0,0.0
2022-12-09 00:00:00,9.533116243085503,9.719364130667683,9.519320468736877,9.643485069274902,5892400,0.0,0.0
2022-12-12 00:00:00,9.636586393486429,9.795241398272202,9.47103251555125,9.740056991577148,5571000,0.0,0.0
2022-12-13 00:00:00,9.947001173903482,10.043574237149695,9.66418085892907,9.75385570526123,5111800,0.0,0.0
2022-12-14 00:00:00,9.69177393677865,9.815938563101527,9.622793077160205,9.733161926269531,5246200,0.0,0.0
2022-12-15 00:00:00,9.629689822955436,9.684874239076088,9.333073092919339,9.491728782653809,6167000,0.0,0.0
2022-12-16 00:00:00,9.446111589864277,9.551380024564006,9.277681826632556,9.319788932800293,10634300,0.235,0.0
2022-12-19 00:00:00,9.291717158706566,9.509272768068595,9.291717158706566,9.467164993286133,6567500,0.0,0.0
2022-12-20 00:00:00,9.396986291318939,9.558397978397961,9.375932069219642,9.481201171875,4491900,0.0,0.0
2022-12-21 00:00:00,9.530326205246823,9.656648858781935,9.530326205246823,9.62857723236084,4702000,0.0,0.0
2022-12-22 00:00:00,9.544362752532024,9.579451785066604,9.36891491273754,9.551380157470703,4575900,0.0,0.0
2022-12-23 00:00:00,9.579451650207586,9.705774307250977,9.509272916846003,9.705774307250977,3904900,0.0,0.0
2022-12-27 00:00:00,9.73384690540025,9.761918535401097,9.663668165038356,9.712793350219727,3929100,0.0,0.0
2022-12-28 00:00:00,9.698758073889074,9.78297297147462,9.558399911246497,9.579453468322754,3704300,0.0,0.0
2022-12-29 00:00:00,9.593488532325415,9.761918308414124,9.593488532325415,9.740864753723145,2763700,0.0,0.0
2022-12-30 00:00:00,9.698757669745437,9.747883526583667,9.558399512951532,9.663668632507324,3757400,0.0,0.0
2023-01-03 00:00:00,9.80402687308725,9.90929532426219,9.691740346692516,9.8882417678833,5847500,0.0,0.0
2023-01-04 00:00:00,9.972456676863795,9.99351023327263,9.832098518670735,9.895259857177734,8344300,0.0,0.0
2023-01-05 00:00:00,9.839115791081777,9.881222900463737,9.65664986567879,9.740864753723145,3558200,0.0,0.0
2023-01-06 00:00:00,9.839116565891063,9.902277234937769,9.719811964446471,9.881223678588867,6651200,0.0,0.0
2023-01-09 00:00:00,9.853150969725114,10.112813700572692,9.853150969725114,10.042634963989258,4973000,0.0,0.0
2023-01-10 00:00:00,10.070707563413206,10.15492245700088,9.902277106957376,10.140886306762695,3584400,0.0,0.0
2023-01-11 00:00:00,10.197028217879458,10.37949413111324,10.182992738781687,10.309314727783203,4956400,0.0,0.0
2023-01-12 00:00:00,10.344405872043883,10.372477503434594,10.112814745750399,10.26720905303955,5507900,0.0,0.0
2023-01-13 00:00:00,10.175975969542753,10.19702952552948,9.96543840183405,10.028599739074707,3760800,0.0,0.0
2023-01-17 00:00:00,10.021581864911242,10.042636090600569,9.860170150309347,9.895259857177734,4348900,0.0,0.0
2023-01-18 00:00:00,9.902277438803107,9.951403297002587,9.733847645983328,9.747883796691895,5543400,0.0,0.0
2023-01-19 00:00:00,9.712793593694336,9.860169822213242,9.698757443701837,9.78297233581543,3470200,0.0,0.0
2023-01-20 00:00:00,9.804026171697643,9.958419799804688,9.733846763081392,9.958419799804688,3438300,0.0,0.0
2023-01-23 00:00:00,9.944384845847322,10.056671370150504,9.916313214771526,10.028599739074707,2780700,0.0,0.0
2023-01-24 00:00:00,9.874205404482606,10.042635859722589,9.67770398752985,9.923331260681152,1784500,0.0,0.0
2023-01-25 00:00:00,9.86017064315315,9.986492657200648,9.818062858950302,9.951403617858887,3228600,0.0,0.0
2023-01-26 00:00:00,10.014562591438128,10.035616143920882,9.881221864059844,10.00754451751709,2285400,0.0,0.0
2023-01-27 00:00:00,9.99351073278121,10.028600441403498,9.888242276194875,9.951403617858887,3038400,0.0,0.0
2023-01-30 00:00:00,9.895260567141651,10.007547101752419,9.874206339941727,9.916314125061035,3454200,0.0,0.0
2023-01-31 00:00:00,9.916312944579216,9.965438130303212,9.740865087815848,9.944384574890137,5070400,0.0,0.0
2023-02-01 00:00:00,9.916312944579216,10.014563985307667,9.804026423335534,9.944384574890137,5081200,0.0,0.0
2023-02-02 00:00:00,10.028600940254561,10.288263726127006,9.993511229886812,10.10579776763916,7104900,0.0,0.0
2023-02-03 00:00:00,9.9514029068305,10.105796542888287,9.832098307607362,10.021581649780273,4518800,0.0,0.0
2023-02-06 00:00:00,9.944385247082968,10.000528511499825,9.705776038671074,9.85315227508545,5639600,0.0,0.0
2023-02-07 00:00:00,9.853150548139451,9.867186696423826,9.642613008836566,9.719810485839844,8413800,0.0,0.0
2023-02-08 00:00:00,10.007546065348068,10.112814513323686,9.663668421395215,9.789990425109863,9966300,0.0,0.0
2023-02-09 00:00:00,9.916314386070889,10.182995247431105,9.902278234234824,10.000529289245605,9062400,0.0,0.0
2023-02-10 00:00:00,9.90929555349387,10.063689865498478,9.73384768462334,9.860170364379883,7462800,0.0,0.0
2023-02-13 00:00:00,9.888242542726893,10.175976956480419,9.853152833158783,10.133869171142578,8198500,0.0,0.0
2023-02-14 00:00:00,10.098779353877791,10.098779353877791,9.811044292981409,9.895259857177734,4914200,0.0,0.0
2023-02-15 00:00:00,9.832097801288056,9.9654378745224,9.684721578618282,9.958419799804688,5624700,0.0,0.0
2023-02-16 00:00:00,9.881223706718183,9.99351023327263,9.839116593900512,9.895259857177734,5141200,0.0,0.0
2023-02-17 00:00:00,9.860168591495077,9.916311845896498,9.698756233130702,9.705774307250977,7700600,0.0,0.0
2023-02-21 00:00:00,9.61454145926427,9.649631160978451,9.361896811626865,9.453129768371582,7535400,0.0,0.0
2023-02-22 00:00:00,9.439093589782715,9.502254918810143,9.347860633329809,9.439093589782715,6445500,0.0,0.0
2023-02-23 00:00:00,9.49523607228953,9.509272219500762,9.221537894473856,9.31277084350586,5815700,0.0,0.0
2023-02-24 00:00:00,9.221539710234696,9.242593265916744,9.074163481899422,9.186450004577637,6598700,0.0,0.0
2023-02-27 00:00:00,9.277683907250912,9.319791022861613,9.165397373248325,9.172414779663086,9742500,0.0,0.0
2023-02-28 00:00:00,9.165395199169284,9.2917171853177,9.081179649363172,9.095215797424316,61247400,0.0,0.0
2023-03-01 00:00:00,9.088198142455411,9.15135947308221,8.989947778618532,9.025036811828613,7051700,0.0,0.0
2023-03-02 00:00:00,8.982929704264352,9.067144588673282,8.919768373637554,9.025036811828613,7364300,0.0,0.0
2023-03-03 00:00:00,9.06714482992699,9.074162904467903,8.975911868736405,9.003983497619629,5506800,0.0,0.0
2023-03-06 00:00:00,9.039072540197077,9.039072540197077,8.681158796142727,8.709230422973633,9525300,0.0,0.0
2023-03-07 00:00:00,8.667122655598178,8.73028330918487,8.414477364130107,8.42149543762207,12082700,0.0,0.0
2023-03-08 00:00:00,8.407461367366897,8.435533668268896,8.239031577637858,8.274121284484863,13308000,0.0,0.0
2023-03-09 00:00:00,8.28113750681363,8.295172984843713,7.95831348075763,7.965331554412842,14537900,0.0,0.0
2023-03-10 00:00:00,7.930241464969133,7.930241464969133,7.712685877331369,7.796900749206543,16162300,0.0,0.0
2023-03-13 00:00:00,7.614437947665233,7.747778036517387,7.326702874061232,7.417935848236084,19041600,0.0,0.0
2023-03-14 00:00:00,7.544257497226597,7.5793472008372245,7.179325650524751,7.256523132324219,13436700,0.0,0.0
2023-03-15 00:00:00,7.1372178044756485,7.677596774858768,7.067038404502608,7.558292865753174,23180900,0.0,0.0
2023-03-16 00:00:00,7.353821625098359,7.784289506105123,7.325123811978563,7.69102144241333,16057800,0.235,0.0
2023-03-17 00:00:00,7.691021596248819,7.741242599160521,7.5618810925217606,7.719719409942627,39088000,0.0,0.0
2023-03-20 00:00:00,7.8632078651568476,8.035394733890769,7.74124199541787,7.934952735900879,10341000,0.0,0.0
2023-03-21 00:00:00,7.970824775690349,8.121488462340581,7.891905962382063,7.956476211547852,13299100,0.0,0.0
2023-03-22 00:00:00,8.028219770888796,8.05691758113235,7.741241668453272,7.755590915679932,7793200,0.0,0.0
2023-03-23 00:00:00,7.7484171871651535,7.920604068517528,7.7197193736064245,7.769940376281738,8821600,0.0,0.0
2023-03-24 00:00:00,7.669497968766367,7.812987726046681,7.604928399042071,7.791463851928711,6438700,0.0,0.0
2023-03-27 00:00:00,7.899081169888947,7.942127549705145,7.777115286726603,7.791463851928711,6454100,0.0,0.0
2023-03-28 00:00:00,7.784287750223484,7.9349514061700575,7.748415320862932,7.891904354095459,4989000,0.0,0.0
2023-03-29 00:00:00,7.963650200993211,7.970824140387761,7.877556086160949,7.9277777671813965,5697200,0.0,0.0
2023-03-30 00:00:00,8.035395001785915,8.064092814198336,7.863208127311388,7.9206037521362305,11574600,0.0,0.0
2023-03-31 00:00:00,8.056918311696112,8.056918311696112,7.942127060313166,7.999522686004639,9055100,0.0,0.0
2023-04-03 00:00:00,8.028220109974407,8.092790356802077,7.891905676612501,7.934952735900879,10090800,0.0,0.0
2023-04-04 00:00:00,8.006698646389378,8.035396464024073,7.705371219120106,7.798639297485352,9059900,0.0,0.0
2023-04-05 00:00:00,7.705371219120106,7.870384183677061,7.61210314075486,7.798639297485352,9525600,0.0,0.0
2023-04-06 00:00:00,7.863208258745178,8.021046571756676,7.863208258745178,7.913429260253906,6704800,0.0,0.0
2023-04-10 00:00:00,7.92060261211273,8.042568468363257,7.8560323724260135,7.9421257972717285,3648900,0.0,0.0
2023-04-11 00:00:00,7.992347401652752,8.143011064803979,7.977998155538486,8.107138633728027,4043700,0.0,0.0
2023-04-12 00:00:00,8.114313978708141,8.207581349909928,7.9708242416381845,7.970824241638184,5079200,0.0,0.0
2023-04-13 00:00:00,7.985172852699611,8.071266277555031,7.9564750444144705,8.028219223022461,4345000,0.0,0.0
2023-04-14 00:00:00,8.07126746152711,8.121488462340581,7.891905962382063,7.956476211547852,4882800,0.0,0.0
2023-04-17 00:00:00,7.920603293715204,8.078441594953217,7.899080106704041,8.042569160461426,5799600,0.0,0.0
2023-04-18 00:00:00,8.035395001785915,8.114314499077437,7.856033503155828,7.9206037521362305,4982800,0.0,0.0
2023-04-19 00:00:00,7.913427399628328,7.913427399628328,7.762763746316743,7.812985420227051,5920600,0.0,0.0
2023-04-20 00:00:00,7.784289931413641,7.86320875075249,7.741242867277077,7.827336311340332,6330000,0.0,0.0
2023-04-21 00:00:00,7.83451091595478,7.848859481156889,7.719719657498425,7.791463851928711,7772500,0.0,0.0
2023-04-24 00:00:00,7.805812358856202,7.856033358601396,7.7555913591110075,7.805812358856201,3226200,0.0,0.0
2023-04-25 00:00:00,7.784289506105123,7.791463446227696,7.676672193748515,7.69102144241333,3641800,0.0,0.0
2023-04-26 00:00:00,7.691020247036902,7.769939049797929,7.590577574623998,7.640798568725586,4127000,0.0,0.0
2023-04-27 00:00:00,7.619275723433376,7.741241586733392,7.619275723433376,7.734066963195801,4783100,0.0,0.0
2023-04-28 00:00:00,7.726893570386286,7.863208006193159,7.676671886280758,7.841684818267822,5278700,0.0,0.0
2023-05-01 00:00:00,7.805813922946511,7.870384183677061,7.655150209311874,7.798639297485352,6018300,0.0,0.0
2023-05-02 00:00:00,7.748417158769558,7.777114972223118,7.439915150986402,7.612102031707764,9952900,0.0,0.0
2023-05-03 00:00:00,7.899079933953244,8.595002000509373,7.84885825307916,8.358244895935059,14371000,0.0,0.0
2023-05-04 00:00:00,8.32237477499012,8.70979562957908,8.2865023342632,8.616527557373047,9350600,0.0,0.0
2023-05-05 00:00:00,8.702619972314105,8.78871340932064,8.566304850563062,8.716968536376953,9035600,0.0,0.0
2023-05-08 00:00:00,8.75284196832284,8.874807855672584,8.688271712171812,8.788714408874512,7298600,0.0,0.0
2023-05-09 00:00:00,8.760016593275154,8.846110040073226,8.745667343370528,8.788714408874512,7557200,0.0,0.0
2023-05-10 00:00:00,8.838935458302135,8.881982524016419,8.559131925893935,8.616527557373047,9918300,0.0,0.0
2023-05-11 00:00:00,8.573478567235863,8.695444427804711,8.516082948639903,8.580653190612793,5028300,0.0,0.0
2023-05-12 00:00:00,8.602177379636782,8.609352003850349,8.437165127983699,8.444339752197266,5252000,0.0,0.0
2023-05-15 00:00:00,8.480211585577665,8.88198165063455,8.44433983258798,8.781538963317871,8254200,0.0,0.0
2023-05-16 00:00:00,8.774364365538833,8.874807053158898,8.602177487512865,8.609352111816406,5073900,0.0,0.0
2023-05-17 00:00:00,8.673923183402877,8.903505709175096,8.623702176942679,8.860459327697754,5834700,0.0,0.0
2023-05-18 00:00:00,8.817412032942736,8.9537264830262,8.76719102778723,8.93220329284668,3892700,0.0,0.0
2023-05-19 00:00:00,8.946551472760556,8.946551472760556,8.709794356463659,8.767189979553223,5483100,0.0,0.0
2023-05-22 00:00:00,8.795888767903755,8.8891568368344,8.738493138440262,8.80306339263916,6107500,0.0,0.0
2023-05-23 00:00:00,8.817412032005118,8.838935222182348,8.681097581936148,8.688271522521973,3925900,0.0,0.0
2023-05-24 00:00:00,8.645224869507807,8.673922683575649,8.458688735961914,8.458688735961914,4869800,0.0,0.0
2023-05-25 00:00:00,8.422816506245596,8.480212135804928,8.272152807599879,8.351072311401367,4022300,0.0,0.0
2023-05-26 00:00:00,8.35824479048144,8.465862090245473,8.214755741672484,8.401291847229004,3707900,0.0,0.0
2023-05-30 00:00:00,8.401293006749972,8.429990820472549,8.2147568754483,8.293676376342773,3654800,0.0,0.0
2023-05-31 00:00:00,8.229106598771232,8.264979039044738,8.092791462573889,8.171710968017578,7231500,0.0,0.0
2023-06-01 00:00:00,8.221931763294489,8.351072271287608,8.143012944081956,8.279327392578125,3970800,0.0,0.0
2023-06-02 00:00:00,8.365420407185322,8.516084097375188,8.322374029536697,8.473037719726562,6104300,0.0,0.0
2023-06-05 00:00:00,8.45868909996084,8.45868909996084,8.27215295838782,8.379770278930664,3956300,0.0,0.0
2023-06-06 00:00:00,8.351073193614232,8.51608547497685,8.336723942603596,8.487387657165527,3374900,0.0,0.0
2023-06-07 00:00:00,8.537608644620533,8.767191870711654,8.50173688560906,8.731319427490234,7420900,0.0,0.0
2023-06-08 00:00:00,8.760017251795576,8.760017251795576,8.451515197753906,8.451515197753906,4693300,0.0,0.0
2023-06-09 00:00:00,8.444340038683158,8.487386417005316,8.372595162533099,8.465863227844238,2659500,0.0,0.0
2023-06-12 00:00:00,8.379770979372802,8.580655703283673,8.35107316167125,8.415642738342285,4460300,0.0,0.0
2023-06-13 00:00:00,8.451513978930288,8.60935229593451,8.415641540855258,8.465863227844238,6073300,0.0,0.0
2023-06-14 00:00:00,8.473037719726562,8.688270976389369,8.415641409178665,8.473037719726562,7470400,0.0,0.0
2023-06-15 00:00:00,8.440097514737571,8.520619275322955,8.322975715450822,8.513298988342285,4999300,0.235,0.0
2023-06-16 00:00:00,8.49865702811265,8.527937473158223,8.381535247930355,8.454736709594727,19769400,0.0,0.0
2023-06-20 00:00:00,8.418136505639112,8.615780045642557,8.403495933149559,8.535258293151855,7388300,0.0,0.0
2023-06-21 00:00:00,8.498655846772145,8.535256572516714,8.410814523845652,8.425455093383789,4925400,0.0,0.0
2023-06-22 00:00:00,8.39617780189116,8.418137966335046,8.264415419025756,8.352256774902344,3872200,0.0,0.0
2023-06-23 00:00:00,8.322973268467797,8.344933424852453,8.242452229656868,8.308333396911621,5301900,0.0,0.0
2023-06-26 00:00:00,8.293694161495155,8.352255053342358,8.220492697635704,8.25709342956543,4449800,0.0,0.0
2023-06-27 00:00:00,8.279055678257492,8.454738383309389,8.24977522741551,8.44009780883789,3670200,0.0,0.0
2023-06-28 00:00:00,8.418137433352772,8.418137433352772,8.286375058829714,8.41081714630127,3540200,0.0,0.0
2023-06-29 00:00:00,8.48401842175078,8.527938746828319,8.440097398572261,8.50597858428955,2644300,0.0,0.0
2023-06-30 00:00:00,8.557219716647326,8.593820455171773,8.505979101573715,8.58650016784668,2920100,0.0,0.0
2023-07-03 00:00:00,8.58649935232282,8.681660984207763,8.564539190534282,8.579179763793945,1956300,0.0,0.0
2023-07-05 00:00:00,8.542579767668613,8.586500095044745,8.491339153029452,8.54990005493164,3777700,0.0,0.0
2023-07-06 00:00:00,8.484016654407602,8.484016654407602,8.257092695108588,8.286373138427734,5282200,0.0,0.0
2023-07-07 00:00:00,8.279054858079261,8.484017993668129,8.257093998547603,8.447417259216309,5608100,0.0,0.0
2023-07-10 00:00:00,8.425456811618476,8.549898885667472,8.388856078409784,8.520618438720703,3754100,0.0,0.0
2023-07-11 00:00:00,8.557219306931485,8.696301967044962,8.54257943108327,8.65238094329834,2709500,0.0,0.0
2023-07-12 00:00:00,8.747542187997967,8.784142923131206,8.68166100437833,8.703621864318848,2610800,0.0,0.0
2023-07-13 00:00:00,8.732902216992402,9.00374653704527,8.725581930425877,8.95982551574707,5220400,0.0,0.0
2023-07-14 00:00:00,8.952504480611843,8.952504480611843,8.732901486785927,8.85002326965332,3239500,0.0,0.0
2023-07-17 00:00:00,8.798781496594037,8.88662282208822,8.798781496594037,8.820741653442383,2129300,0.0,0.0
2023-07-18 00:00:00,8.828063305871327,8.952504679354826,8.806102447520498,8.893943786621094,2393100,0.0,0.0
2023-07-19 00:00:00,8.952503879100195,9.069626352199114,8.90858356252634,9.025705337524414,5416300,0.0,0.0
2023-07-20 00:00:00,9.003745815998506,9.06962699361937,8.945184924357939,8.974465370178223,3843600,0.0,0.0
2023-07-21 00:00:00,9.003746202192957,9.003746202192957,8.879304127593878,8.923224449157715,3273600,0.0,0.0
2023-07-24 00:00:00,8.945184966090306,9.267269871616067,8.93786468007586,9.23798942565918,4839800,0.0,0.0
2023-07-25 00:00:00,9.230669208210132,9.245309780347775,9.09158726340704,9.135507583618164,4475400,0.0,0.0
2023-07-26 00:00:00,9.09890828619529,9.237990242259553,9.011066940559813,9.10622787475586,4892500,0.0,0.0
2023-07-27 00:00:00,9.442951959452127,9.765037543026178,8.937864123616674,9.033025741577148,12234400,0.0,0.0
2023-07-28 00:00:00,9.142828145170673,9.157468717749452,8.762182333434415,8.78414249420166,8510400,0.0,0.0
2023-07-31 00:00:00,8.784141696268676,8.974464933898703,8.784141696268676,8.91590404510498,5658300,0.0,0.0
2023-08-01 00:00:00,8.879304050012355,8.915904783063041,8.747541690270246,8.886624336242676,3258500,0.0,0.0
2023-08-02 00:00:00,8.791462662531265,8.791462662531265,8.637740143021276,8.776822090148926,3771100,0.0,0.0
2023-08-03 00:00:00,8.732902312805248,8.776822636484367,8.608460232212812,8.703621864318848,3651700,0.0,0.0
2023-08-04 00:00:00,8.725582101914062,8.798783572816076,8.688981366463056,8.740221977233887,3113800,0.0,0.0
2023-08-07 00:00:00,8.784142999395288,8.820743734846294,8.681661079752661,8.740221977233887,4180700,0.0,0.0
2023-08-08 00:00:00,8.630420374000854,8.652380535789392,8.564539190534282,8.579179763793945,5141600,0.0,0.0
2023-08-09 00:00:00,8.601139519640482,8.681660574465464,8.579179358888382,8.645060539245605,3847200,0.0,0.0
2023-08-10 00:00:00,8.681659736591133,9.011065606586014,8.66701986353628,8.80610179901123,6222400,0.0,0.0
2023-08-11 00:00:00,8.72558095147187,8.776821555486777,8.674340347456962,8.696300506591797,2717100,0.0,0.0
2023-08-14 00:00:00,8.667021426809708,8.667021426809708,8.454737993468298,8.491338729858398,3743700,0.0,0.0
2023-08-15 00:00:00,8.440097398572261,8.549899607468069,8.425457522913408,8.50597858428955,4514700,0.0,0.0
2023-08-16 00:00:00,8.50597784627367,8.615780045642557,8.469377113150706,8.535258293151855,3388300,0.0,0.0
2023-08-17 00:00:00,8.557218571795117,8.623099752704812,8.491338088986351,8.54257869720459,2741900,0.0,0.0
2023-08-18 00:00:00,8.469377884556808,8.637740993016882,8.462058295746269,8.6157808303833,4910300,0.0,0.0
2023-08-21 00:00:00,8.593820242930578,8.645061554839709,8.49865860435763,8.557219505310059,2089100,0.0,0.0
2023-08-22 00:00:00,8.593820043703504,8.659701230272942,8.564539593906087,8.65238094329834,2258900,0.0,0.0
2023-08-23 00:00:00,8.667021225181317,8.725582122802734,8.645061063098527,8.725582122802734,1934000,0.0,0.0
2023-08-24 00:00:00,8.718261836074817,8.83538363131765,8.667021225181317,8.725582122802734,4216000,0.0,0.0
2023-08-25 00:00:00,8.77682285161111,8.813423587641461,8.688981503998853,8.732902526855469,2002900,0.0,0.0
2023-08-28 00:00:00,8.769502886011152,8.923225424488692,8.769502886011152,8.908585548400879,2189900,0.0,0.0
2023-08-29 00:00:00,8.93786618896915,9.018387254418956,8.901265450818867,8.952506065368652,3620200,0.0,0.0
2023-08-30 00:00:00,8.959824778852376,9.00374579653832,8.930544333095376,8.989105224609375,2328600,0.0,0.0
2023-08-31 00:00:00,9.018386240023597,9.062307260483866,8.967145631237397,9.0403470993042,2637700,0.0,0.0
2023-09-01 00:00:00,9.084268042132353,9.194070251732208,9.084268042132353,9.142828941345215,2415900,0.0,0.0
2023-09-05 00:00:00,9.07694810321528,9.201390193338963,8.98178716192165,9.164790153503418,6697000,0.0,0.0
2023-09-06 00:00:00,9.128188024985356,9.318510576680026,9.113547452800663,9.259949684143066,6677300,0.0,0.0
2023-09-07 00:00:00,9.230669355369095,9.34779184003474,9.194069320643301,9.2672700881958,8927100,0.0,0.0
2023-09-08 00:00:00,9.289230891776596,9.4136729731424,9.274591016492892,9.355112075805664,6357700,0.0,0.0
2023-09-11 00:00:00,9.391713354569111,9.516155443135112,9.362432904206582,9.42099380493164,5808600,0.0,0.0
2023-09-12 00:00:00,9.420992991529353,9.64791698582224,9.413672705045498,9.552755355834961,5497000,0.0,0.0
2023-09-13 00:00:00,9.567395083778068,9.582035656520947,9.274590609929831,9.28191089630127,4879800,0.0,0.0
2023-09-14 00:00:00,9.360224734052952,9.509391517561964,9.337849894347434,9.487016677856445,3262700,0.235,0.0
2023-09-15 00:00:00,9.449721843754553,9.569055233177062,9.397513663702982,9.419888496398926,7110300,0.0,0.0
2023-09-18 00:00:00,9.412432423773735,9.487016167154941,9.345307196987306,9.464640617370605,2628100,0.0,0.0
2023-09-19 00:00:00,9.487015041473176,9.606348447696968,9.46463949434381,9.509389877319336,3303500,0.0,0.0
2023-09-20 00:00:00,9.561599477162384,9.710766968260376,9.531766121199448,9.666016578674316,4542100,0.0,0.0
2023-09-21 00:00:00,9.613807166003832,9.710765738424728,9.591431618402934,9.643640518188477,4091600,0.0,0.0
2023-09-22 00:00:00,9.688389610522075,9.792806692555706,9.673473290964802,9.733139991760254,5224700,0.0,0.0
2023-09-25 00:00:00,9.688389812523019,9.837556567621744,9.658556461503274,9.815181732177734,3907500,0.0,0.0
2023-09-26 00:00:00,9.785349209805704,9.84501591689792,9.673474311828613,9.673474311828613,5244100,0.0,0.0
2023-09-27 00:00:00,9.680933089050566,9.800267226503493,9.628724892922195,9.748058319091797,4531100,0.0,0.0
2023-09-28 00:00:00,9.740598180974219,10.098598373757738,9.740598180974219,10.031473159790039,7658300,0.0,0.0
2023-09-29 00:00:00,10.061307406473075,10.09114075853229,9.815182074163744,9.830099105834961,5286400,0.0,0.0
2023-10-02 00:00:00,9.807722944821142,9.889765191314373,9.651097678486908,9.792806625366211,4716200,0.0,0.0
2023-10-03 00:00:00,9.740600324223312,9.882308587226431,9.591432833125321,9.666016578674316,4150800,0.0,0.0
2023-10-04 00:00:00,9.718223431618483,9.845015354770734,9.651098212151618,9.837556838989258,4729900,0.0,0.0
2023-10-05 00:00:00,9.807725470607965,9.904684061525904,9.748058754855903,9.777892112731934,2708700,0.0,0.0
2023-10-06 00:00:00,9.77789013530387,9.94943244186177,9.76297381502413,9.837556838989258,3520600,0.0,0.0
2023-10-09 00:00:00,9.815181732177734,9.91959881638844,9.748056514562508,9.815181732177734,2978800,0.0,0.0
2023-10-10 00:00:00,9.81518084152264,9.882306053046749,9.710764478070141,9.755514144897461,4068800,0.0,0.0
2023-10-11 00:00:00,9.770432571564612,9.897224497841218,9.73314070302151,9.785348892211914,3503900,0.0,0.0
2023-10-12 00:00:00,9.904682028402398,9.919599059920088,9.725681917889373,9.76297378540039,7105800,0.0,0.0
2023-10-13 00:00:00,9.762973375242476,9.904681612291096,9.740598540189152,9.807723045349121,4647500,0.0,0.0
2023-10-16 00:00:00,9.845016649558401,9.964350072623557,9.837558132796001,9.8524751663208,3160400,0.0,0.0
2023-10-17 00:00:00,9.867391334341024,10.001641788832726,9.859933528978495,9.971808433532715,3423100,0.0,0.0
2023-10-18 00:00:00,9.912141360495777,9.986725101660307,9.845016135704357,9.882308006286621,3442600,0.0,0.0
2023-10-19 00:00:00,9.859932046018788,10.031473635372727,9.845015014970693,9.874848365783691,4031100,0.0,0.0
2023-10-20 00:00:00,9.852473430352543,9.934514966433605,9.807723048946302,9.859931945800781,3287100,0.0,0.0
2023-10-23 00:00:00,9.807724265122093,9.971808068914092,9.777890910912935,9.882308006286621,4366900,0.0,0.0
2023-10-24 00:00:00,9.927057706996353,10.06876595187291,9.85247397098771,9.904682159423828,6152900,0.0,0.0
2023-10-25 00:00:00,9.79280727911169,9.859932499347941,9.501931561849005,9.643640518188477,5835400,0.0,0.0
2023-10-26 00:00:00,9.501931600800486,9.501931600800486,8.480138395183783,8.703888893127441,13530000,0.0,0.0
2023-10-27 00:00:00,8.748638785441452,8.875430713747843,8.34588816355152,8.47268009185791,9109100,0.0,0.0
2023-10-30 00:00:00,8.57709574272667,8.6367624388169,8.14451184043093,8.181803703308105,10310700,0.0,0.0
2023-10-31 00:00:00,8.196720706726472,8.4801378924831,8.18926219127107,8.42047119140625,5179800,0.0,0.0
2023-11-01 00:00:00,8.450305692766522,8.592014660585347,8.40555601650615,8.502513885498047,3825300,0.0,0.0
2023-11-02 00:00:00,8.621847352104163,8.703888893127441,8.495055426978865,8.703888893127441,3760300,0.0,0.0
2023-11-03 00:00:00,8.800847222770313,8.912722113009323,8.756096839904785,8.756096839904785,7287100,0.0,0.0
2023-11-06 00:00:00,8.78593253022381,8.830682925002002,8.711349487304688,8.711349487304688,5234700,0.0,0.0
2023-11-07 00:00:00,8.726264340756265,8.800848082389344,8.696430986359688,8.741181373596191,5137900,0.0,0.0
2023-11-08 00:00:00,8.711347168322463,8.845596894352635,8.711347168322463,8.756096839904785,5288200,0.0,0.0
2023-11-09 00:00:00,8.763557614861265,8.800849491649268,8.711349414128096,8.718807220458984,4451600,0.0,0.0
2023-11-10 00:00:00,8.726262709214968,8.785929406852294,8.674054526603094,8.763554573059082,2375000,0.0,0.0
2023-11-13 00:00:00,8.756096940908362,8.860514027943598,8.733722104859103,8.823222160339355,4062000,0.0,0.0
2023-11-14 00:00:00,8.972388506211084,9.017138887531646,8.882888454853141,8.920180320739746,3152900,0.0,0.0
2023-11-15 00:00:00,8.920180023903756,9.129013470122958,8.897805189629631,9.084263801574707,3321500,0.0,0.0
2023-11-16 00:00:00,9.061889006296344,9.121555710156219,8.890347410520008,8.950014114379883,3570100,0.0,0.0
2023-11-17 00:00:00,8.97238929284173,9.054431547241734,8.935097423685658,8.96493148803711,3353400,0.0,0.0
2023-11-20 00:00:00,8.95747133121341,8.972387649373678,8.845595744237396,8.93509578704834,4211300,0.0,0.0
2023-11-21 00:00:00,8.90526458589463,8.98730684504177,8.867973425864056,8.882889747619629,3954600,0.0,0.0
2023-11-22 00:00:00,8.875432449216536,8.935099166994403,8.823224248981749,8.905265808105469,3013800,0.0,0.0
2023-11-24 00:00:00,8.927638163050448,9.03205452612037,8.853054436900678,8.994763374328613,1424500,0.0,0.0
2023-11-27 00:00:00,8.972387930816428,9.04697165780662,8.92763826364882,9.009679794311523,3339100,0.0,0.0
2023-11-28 00:00:00,9.009680237943233,9.091721772645617,8.964930568572177,9.03951358795166,2730000,0.0,0.0
2023-11-29 00:00:00,9.099180455235388,9.099180455235388,8.711346897996425,8.733721733093262,6570800,0.0,0.0
2023-11-30 00:00:00,8.733722761299768,8.793389469437917,8.621847861361559,8.674056053161621,6746800,0.0,0.0
2023-12-01 00:00:00,8.696430206298828,8.71880504226844,8.614388666888104,8.696430206298828,6200500,0.0,0.0
2023-12-04 00:00:00,8.681514739990234,8.845597834950826,8.65913919053656,8.681514739990234,4961900,0.0,0.0
2023-12-05 00:00:00,8.681513683507111,8.771013736580397,8.599471434727537,8.614388465881348,4588700,0.0,0.0
2023-12-06 00:00:00,8.651681403934733,8.897806758188024,8.64422288743414,8.808306694030762,4672900,0.0,0.0
2023-12-07 00:00:00,8.793388808512605,8.935097051868867,8.74863842513087,8.823222160339355,5716400,0.0,0.0
2023-12-08 00:00:00,8.823224248981749,8.942557684537482,8.785932372549736,8.905265808105469,4161300,0.0,0.0
2023-12-11 00:00:00,8.882888178201737,8.920180042926912,8.845596313476562,8.845596313476562,2938000,0.0,0.0
2023-12-12 00:00:00,8.838137900679083,8.905262399020252,8.748637146991305,8.860512733459473,5296600,0.0,0.0
2023-12-13 00:00:00,8.845596353645611,9.039513482070598,8.830680034457698,8.97238826751709,8702900,0.0,0.0
2023-12-14 00:00:00,9.076806239326936,9.248347838909964,9.002222502205392,9.032055854797363,5224600,0.0,0.0
2023-12-15 00:00:00,8.964930702060308,9.024597402965602,8.905263289871831,8.920180320739746,8479900,0.0,0.0
2023-12-18 00:00:00,8.972389923376463,9.091723344035453,8.912723213046968,9.076807022094727,5950000,0.0,0.0
2023-12-19 00:00:00,9.080607818217342,9.240317035574126,8.981740863685925,9.217501640319824,4787300,0.235,0.0
2023-12-20 00:00:00,9.179475139129256,9.247922047504295,9.065397442029731,9.073002815246582,4161400,0.0,0.0
2023-12-21 00:00:00,9.141450976668406,9.164266374158025,8.996951766894526,9.034977912902832,5123000,0.0,0.0
2023-12-22 00:00:00,9.03497646909714,9.103423375916469,8.99695032916548,9.004555702209473,3639600,0.0,0.0
2023-12-26 00:00:00,8.989346667386695,9.012162790862078,8.9285051220292,8.936110496520996,3517900,0.0,0.0
2023-12-27 00:00:00,8.936110496520996,9.019767440065442,8.875268951163502,8.936110496520996,3637100,0.0,0.0
2023-12-28 00:00:00,8.936108950345595,9.088212787421476,8.936108950345595,9.080607414245605,3733500,0.0,0.0
2023-12-29 00:00:00,9.073002635639538,9.10342340261643,9.004555728619458,9.065397262573242,3375000,0.0,0.0
2024-01-02 00:00:00,8.996951990242124,9.240318170275344,8.989346615793979,9.22510814666748,5132100,0.0,0.0
2024-01-03 00:00:00,9.14145030232496,9.179475720239811,8.97413570740387,8.99695110321045,5275600,0.0,0.0
2024-01-04 00:00:00,8.860058202179912,9.050188212744189,8.837242803992961,8.936110496520996,4777800,0.0,0.0
2024-01-05 00:00:00,8.95132004998919,9.149054683347899,8.928503929561069,9.095818519592285,5832500,0.0,0.0
2024-01-08 00:00:00,9.095819131796938,9.362001419067383,9.065398361133605,9.362001419067383,5118800,0.0,0.0
2024-01-09 00:00:00,9.339185027792436,9.400026567364632,9.164265782844463,9.240317344665527,5459500,0.0,0.0
2024-01-10 00:00:00,9.240315898998874,9.308762801631024,9.194685114102938,9.209895133972168,4246800,0.0,0.0
2024-01-11 00:00:00,9.225108131210071,9.225108131210071,9.03497812205559,9.164266586303711,5577600,0.0,0.0
2024-01-12 00:00:00,9.19468514416465,9.316368204669311,9.187079771561045,9.270736694335938,3484900,0.0,0.0
2024-01-16 00:00:00,9.20229100343254,9.323974070372428,9.126238723950966,9.30115795135498,4915900,0.0,0.0
2024-01-17 00:00:00,9.202292733192293,9.33918584658739,9.103425041397351,9.164266586303711,3788400,0.0,0.0
2024-01-18 00:00:00,9.164265430299979,9.2631331096235,9.050187004024377,9.095818519592285,3992500,0.0,0.0
2024-01-19 00:00:00,9.118633297514002,9.187080203588692,9.080607157996031,9.179474830627441,3041100,0.0,0.0
2024-01-22 00:00:00,9.255527675584954,9.308763838992224,9.217501533741906,9.26313304901123,4024700,0.0,0.0
2024-01-23 00:00:00,9.285947268886476,9.460866483825209,9.278341896422642,9.42284107208252,3392400,0.0,0.0
2024-01-24 00:00:00,9.514105765040712,9.567341935136108,9.377211927322929,9.392422676086426,2670800,0.0,0.0
2024-01-25 00:00:00,9.438052379528816,9.552130806187416,9.400026237309284,9.506499290466309,4116400,0.0,0.0
2024-01-26 00:00:00,9.544526081365847,9.57494685215131,9.483684539794922,9.483684539794922,2552200,0.0,0.0
2024-01-29 00:00:00,9.476078849855604,9.66620884224814,9.407631936548151,9.590156555175781,6436600,0.0,0.0
2024-01-30 00:00:00,9.56734091789673,9.833523190648945,9.552130896038847,9.749865531921387,6843600,0.0,0.0
2024-01-31 00:00:00,9.749864308217001,9.787890446021567,9.559734344482422,9.559734344482422,8111200,0.0,0.0
2024-02-01 00:00:00,9.559737228775576,9.719446475510445,9.552132579150847,9.68142032623291,7110300,0.0,0.0
2024-02-02 00:00:00,9.658603468483232,9.66620884224814,9.544525763163055,9.590156555175781,4733600,0.0,0.0
2024-02-05 00:00:00,9.529314300414105,9.582551187484428,9.400025857267806,9.43044662475586,5820600,0.0,0.0
2024-02-06 00:00:00,9.445658236658742,9.658603628587496,9.407632092492229,9.536920547485352,6289000,0.0,0.0
2024-02-07 00:00:00,9.567340252275491,9.727049459757826,8.844846494727138,9.004555702209473,8465300,0.0,0.0
2024-02-08 00:00:00,9.027371174431797,9.278342684756158,9.012161153500053,9.187080383300781,6466400,0.0,0.0
2024-02-09 00:00:00,9.17947610665191,9.49889456254346,9.118634565080983,9.483684539794922,5228700,0.0,0.0
2024-02-12 00:00:00,9.483684095423257,9.628182568561424,9.4456579524011,9.574946403503418,10308900,0.0,0.0
2024-02-13 00:00:00,9.445658080084332,9.66620884224814,9.438052706319423,9.590156555175781,5167400,0.0,0.0
2024-02-14 00:00:00,9.666209416549234,9.803103251297447,9.666209416549234,9.73465633392334,4128200,0.0,0.0
2024-02-15 00:00:00,9.78789303130106,9.993233794509491,9.711841460892652,9.947602272033691,4034100,0.0,0.0
2024-02-16 00:00:00,9.909574435803666,9.917179809135247,9.719444454244105,9.727049827575684,7811100,0.0,0.0
2024-02-20 00:00:00,9.612971873349263,9.833522617087032,9.460867311912205,9.82591724395752,5366800,0.0,0.0
2024-02-21 00:00:00,9.780287451581792,9.879155143799073,9.742262029819202,9.818313598632812,4071300,0.0,0.0
2024-02-22 00:00:00,9.818312180115186,9.87915371649126,9.67381371254409,9.848732948303223,4099500,0.0,0.0
2024-02-23 00:00:00,9.901970016732898,9.985626949449788,9.833523105742563,9.856338500976562,5371500,0.0,0.0
2024-02-26 00:00:00,9.810707900225811,9.856339420238017,9.696630188127903,9.73465633392334,3059800,0.0,0.0
2024-02-27 00:00:00,9.749864963238991,9.848732638057758,9.689023428779489,9.82591724395752,4137800,0.0,0.0
2024-02-28 00:00:00,9.772681030808158,10.02365254044491,9.757470284629786,9.993231773376465,2953800,0.0,0.0
2024-02-29 00:00:00,10.076890028193485,10.251809280544453,10.076890028193485,10.198573112487793,5238900,0.0,0.0
2024-03-01 00:00:00,10.206178504700375,10.282230795163553,10.107310817213603,10.259414672851562,2992400,0.0,0.0
2024-03-04 00:00:00,10.27462445492003,10.571226764201956,10.267019081531178,10.54841136932373,5162300,0.0,0.0
2024-03-05 00:00:00,10.48756913840579,10.609252203417444,10.38870146676175,10.449542999267578,3181400,0.0,0.0
2024-03-06 00:00:00,10.495175828359072,10.594043512410284,10.426728914378359,10.464755058288574,2676000,0.0,0.0
2024-03-07 00:00:00,10.533202227570023,10.730936875176713,10.449544563882204,10.715726852416992,3895600,0.0,0.0
2024-03-08 00:00:00,10.74614791389001,10.791778708691794,10.616859453137607,10.677700996398926,2935100,0.0,0.0
2024-03-11 00:00:00,10.677701352778397,10.76896367071635,10.563623636678065,10.692912101745605,3283400,0.0,0.0
2024-03-12 00:00:00,10.723332646295104,10.784174190292909,10.472361095982055,10.502781867980957,4716300,0.0,0.0
2024-03-13 00:00:00,10.51799050376852,10.548411271754215,10.244203591897262,10.305045127868652,6271000,0.0,0.0
2024-03-14 00:00:00,10.33987376908639,10.378571050068006,10.169606913710071,10.308916091918945,5671700,0.235,0.0
2024-03-15 00:00:00,10.231521417712539,10.479182814469176,10.200563743117959,10.432745933532715,9714000,0.0,0.0
2024-03-18 00:00:00,10.394049241675154,10.548837612381767,10.355351964476208,10.486922264099121,4860600,0.0,0.0
2024-03-19 00:00:00,10.486921255106258,10.579794268594505,10.347611365829339,10.425005912780762,3601700,0.0,0.0
2024-03-20 00:00:00,10.401787678310052,10.62623099111462,10.347611935315925,10.618492126464844,2964000,0.0,0.0
2024-03-21 00:00:00,10.618493208157346,10.765541984730712,10.618493208157346,10.70362663269043,3482000,0.0,0.0
2024-03-22 00:00:00,10.695885939586578,10.773280490797452,10.587534453598323,10.618492126464844,2500400,0.0,0.0
2024-03-25 00:00:00,10.626230486484294,10.695885431648401,10.579794348434294,10.587533950805664,2428000,0.0,0.0
2024-03-26 00:00:00,10.633971585448242,10.695886936954757,10.56431663048111,10.579795837402344,2319700,0.0,0.0
2024-03-27 00:00:00,10.618490753776966,10.711363760370526,10.572053881435663,10.610751152038574,4635200,0.0,0.0
2024-03-28 00:00:00,10.633969482098092,10.835194703737448,10.618491016327638,10.81971549987793,4031700,0.0,0.0
2024-04-01 00:00:00,10.781019755694906,10.79649822259855,10.626230658123735,10.633970260620117,2649600,0.0,0.0
2024-04-02 00:00:00,10.579794935145765,10.649449884172645,10.533358056431462,10.64171028137207,2864500,0.0,0.0
2024-04-03 00:00:00,10.641710314670066,10.703625661090106,10.533358089390422,10.603013038635254,3304000,0.0,0.0
2024-04-04 00:00:00,10.695886021399623,10.70362562419774,10.38630929036645,10.401787757873535,2961800,0.0,0.0
2024-04-05 00:00:00,10.425007901757082,10.463705182615808,10.347613340039633,10.448225975036621,2362000,0.0,0.0
2024-04-08 00:00:00,10.486922417640116,10.587535044594796,10.386309790685436,10.432745933532715,3427200,0.0,0.0
2024-04-09 00:00:00,10.432745002265648,10.548836825199405,10.355351191732261,10.533357620239258,2861000,0.0,0.0
2024-04-10 00:00:00,10.409526770000483,10.49466091977067,10.316653755960454,10.347611427307129,2842300,0.0,0.0
2024-04-11 00:00:00,10.409526173111747,10.409526173111747,10.246998223338876,10.293435096740723,2846100,0.0,0.0
2024-04-12 00:00:00,10.25473937829832,10.347612401078244,10.161866355518395,10.20830249786377,5082100,0.0,0.0
2024-04-15 00:00:00,10.200563345214299,10.216041812863214,9.890985873255321,9.937422752380371,4037500,0.0,0.0
2024-04-16 00:00:00,9.945163844751491,9.960642314718639,9.805853924600838,9.829071998596191,2923100,0.0,0.0
2024-04-17 00:00:00,9.921944953914117,9.991599913436575,9.852289994391658,9.906466484069824,2662300,0.0,0.0
2024-04-18 00:00:00,9.960642238724997,10.061254876056271,9.875508809332038,10.007079124450684,3195400,0.0,0.0
2024-04-19 00:00:00,9.999338083110194,10.092211103122125,9.960640806916269,10.076732635498047,3630600,0.0,0.0
2024-04-22 00:00:00,10.115427943137547,10.316653164397115,10.068991807824764,10.293435096740723,3867800,0.0,0.0
2024-04-23 00:00:00,10.2779565674049,10.44822413026679,10.2779565674049,10.370829582214355,3468400,0.0,0.0
2024-04-24 00:00:00,10.332134386053546,10.579795790993218,10.29343710700942,10.5178804397583,5731600,0.0,0.0
2024-04-25 00:00:00,10.71910515814947,10.78102050625274,10.04577445587035,10.285696983337402,7680300,0.0,0.0
2024-04-26 00:00:00,10.293435625816805,10.56431506396858,10.285696023503842,10.425005912780762,3831400,0.0,0.0
2024-04-29 00:00:00,10.409528159849577,10.525619996466677,10.3630920156741,10.455965042114258,3834300,0.0,0.0
2024-04-30 00:00:00,10.394048893164566,10.463703842169316,10.293436271056498,10.401787757873535,4105200,0.0,0.0
2024-05-01 00:00:00,10.43274709615013,10.45596590825044,10.107691845727725,10.13090991973877,3392100,0.0,0.0
2024-05-02 00:00:00,10.231522091876636,10.254740164830134,10.053514897661863,10.061254501342773,3376200,0.0,0.0
2024-05-03 00:00:00,10.146386194509182,10.386308701012751,10.138647330239342,10.347611427307129,4053600,0.0,0.0
2024-05-06 00:00:00,10.448224836702087,10.525619389987398,10.246999588631612,10.301176071166992,3006400,0.0,0.0
2024-05-07 00:00:00,10.37857043775511,10.44822539179468,10.339873159056548,10.394049644470215,2578800,0.0,0.0
2024-05-08 00:00:00,10.394048303371695,10.401787167641537,10.293435686972723,10.347611427307129,2041500,0.0,0.0
2024-05-09 00:00:00,10.370830402457107,10.425006885614348,10.239260103215365,10.285696983337402,1962400,0.0,0.0
2024-05-10 00:00:00,10.332132368227418,10.363090037798962,10.262477427169179,10.293435096740723,2393300,0.0,0.0
2024-05-13 00:00:00,10.3243933583194,10.440484441347158,10.301175289331669,10.347611427307129,1500800,0.0,0.0
2024-05-14 00:00:00,10.370830739553384,10.409528017898046,10.18508468920603,10.270218849182129,2473900,0.0,0.0
2024-05-15 00:00:00,10.262479245895356,10.3089153894376,10.123169339090246,10.270218849182129,2689300,0.0,0.0
2024-05-16 00:00:00,10.239260172123744,10.277957449471007,10.16960595860568,10.20830249786377,2426800,0.0,0.0
2024-05-17 00:00:00,10.200562927245443,10.231520599363932,10.115428775352754,10.169605255126953,1751300,0.0,0.0
2024-05-20 00:00:00,10.16960520139274,10.192823270836646,10.045773775483958,10.10768985748291,2290500,0.0,0.0
2024-05-21 00:00:00,10.084470692975449,10.12316796607155,9.991597680398263,10.022555351257324,1951100,0.0,0.0
2024-05-22 00:00:00,10.022557594299741,10.061254876056271,9.937424164906782,10.007079124450684,1950800,0.0,0.0
2024-05-23 00:00:00,10.01481660071556,10.01481660071556,9.85228863036126,9.898725509643555,2563000,0.0,0.0
2024-05-24 00:00:00,9.921943963549598,10.01481698761295,9.906465495250298,9.945162773132324,2085900,0.0,0.0
2024-05-28 00:00:00,9.952901709134226,9.983859384042528,9.805852937842085,9.867768287658691,2684800,0.0,0.0
2024-05-29 00:00:00,9.782635435523648,9.890986934964072,9.774895831823837,9.821331977844238,3479300,0.0,0.0
2024-05-30 00:00:00,9.867768204214055,9.906465482044498,9.81359245810495,9.844550132751465,2236800,0.0,0.0
2024-05-31 00:00:00,9.836811524547366,9.9142060880366,9.728459283280289,9.906466484069824,4892000,0.0,0.0
2024-06-03 00:00:00,9.983858978002257,9.983858978002257,9.829070609755934,9.960640907287598,3965800,0.0,0.0
2024-06-04 00:00:00,9.914204285966157,10.092210716310824,9.883246613815384,10.030295372009277,3874200,0.0,0.0
2024-06-05 00:00:00,10.061254419199486,10.115430168345084,9.952902182819061,10.038036346435547,3016800,0.0,0.0
2024-06-06 00:00:00,9.991598547116006,10.061253497113363,9.929683200027055,9.999338150024414,3102900,0.0,0.0
2024-06-07 00:00:00,9.945162321834221,10.014816533154033,9.914204648551255,9.976119995117188,1726400,0.0,0.0
2024-06-10 00:00:00,9.898726798879881,9.937424080306972,9.83681144383224,9.883248329162598,2436900,0.0,0.0
2024-06-11 00:00:00,9.85228802016233,9.867767224994115,9.743936538696289,9.743936538696289,2987500,0.0,0.0
2024-06-12 00:00:00,9.860026718431218,9.890984387166911,9.736196043488446,9.805850982666016,3679500,0.0,0.0
2024-06-13 00:00:00,9.798113224796728,9.798113224796728,9.627845645664456,9.643324851989746,2687900,0.0,0.0
2024-06-14 00:00:00,9.592050835259167,9.592050835259167,9.394845840283354,9.513169288635254,4173000,0.235,0.0
2024-06-17 00:00:00,9.497392333207042,9.631491787223172,9.363292879190912,9.615715026855469,3767500,0.0,0.0
2024-06-18 00:00:00,9.623604314467304,9.78925655256117,9.552610390673161,9.75770378112793,4103100,0.0,0.0
2024-06-20 00:00:00,9.71826213024477,9.741927271813799,9.592051050986118,9.623603820800781,3904600,0.0,0.0
2024-06-21 00:00:00,9.64726767656666,9.757702740949243,9.599938900600788,9.734038352966309,11118600,0.0,0.0
2024-06-24 00:00:00,9.76559034162953,9.954906934938032,9.718260817163767,9.781366348266602,2909500,0.0,0.0
2024-06-25 00:00:00,9.765590110515124,9.844471646388206,9.631490672025908,9.670931816101074,2821300,0.0,0.0
2024-06-26 00:00:00,9.623603690872056,9.63938045170507,9.50528099373389,9.536833763122559,3317600,0.0,0.0
2024-06-27 00:00:00,9.536833301745597,9.544721681780477,9.363292702364863,9.465839385986328,3810000,0.0,0.0
2024-06-28 00:00:00,9.497392616580617,9.63938045501709,9.497392616580617,9.63938045501709,6193100,0.0,0.0
2024-07-01 00:00:00,9.678821229055968,9.781367161415009,9.576274544419594,9.592050552368164,2993700,0.0,0.0
2024-07-02 00:00:00,9.560498606229826,9.718262460667138,9.52105745455115,9.71037483215332,2915200,0.0,0.0
2024-07-03 00:00:00,9.741926268380425,9.773479034945105,9.655155596119585,9.663043975830078,1370300,0.0,0.0
2024-07-05 00:00:00,9.631492157438721,9.647268166135484,9.497392698268072,9.560498237609863,4639100,0.0,0.0
2024-07-08 00:00:00,9.58416250364692,9.710374332986179,9.568386495152863,9.678821563720703,2962200,0.0,0.0
2024-07-09 00:00:00,9.663044847247635,9.74981477505613,9.60782768884926,9.741927146911621,4183500,0.0,0.0
2024-07-10 00:00:00,9.734038313672688,9.844472625332148,9.726149933617776,9.773479461669922,3748600,0.0,0.0
2024-07-11 00:00:00,9.844474123202305,9.947020822687008,9.797145340226251,9.868139266967773,3310800,0.0,0.0
2024-07-12 00:00:00,9.915467050179483,9.994349350222556,9.805032732852021,9.90757942199707,3862800,0.0,0.0
2024-07-15 00:00:00,9.962795277565336,9.962795277565336,9.79714307096345,9.820807456970215,4234400,0.0,0.0
2024-07-16 00:00:00,9.876026200519497,10.01012490081273,9.82080829210511,9.939131736755371,3815000,0.0,0.0
2024-07-17 00:00:00,10.018013996723287,10.207330618958045,9.947020075315907,10.183666229248047,4723800,0.0,0.0
2024-07-18 00:00:00,10.128448345462992,10.207329889619167,9.907578968637434,9.939131736755371,2806700,0.0,0.0
2024-07-19 00:00:00,9.907579505296129,9.92335551407096,9.773480045461868,9.828697204589844,2608600,0.0,0.0
2024-07-22 00:00:00,9.844471946540923,9.97068376188504,9.749813649240792,9.94701862335205,2913300,0.0,0.0
2024-07-23 00:00:00,9.91546750679922,9.939132649268371,9.836585955400919,9.87602710723877,2465900,0.0,0.0
2024-07-24 00:00:00,9.844472625332148,9.915466541271703,9.757702701560097,9.773479461669922,3593800,0.0,0.0
2024-07-25 00:00:00,9.812919180774212,10.00223652765175,9.781366415007502,9.94701862335205,3637000,0.0,0.0
2024-07-26 00:00:00,10.03379170713107,10.152114419150433,10.018014944313844,10.081120491027832,3076900,0.0,0.0
2024-07-29 00:00:00,10.081119453349112,10.215218914382456,10.033790674324036,10.160001754760742,3304200,0.0,0.0
2024-07-30 00:00:00,10.183665649221004,10.349317872310776,10.112671731857196,10.230995178222656,6360200,0.0,0.0
2024-07-31 00:00:00,9.505281364459588,9.678821979004386,9.347517511363131,9.379070281982422,15136900,0.0,0.0
2024-08-01 00:00:00,9.394844854033526,9.489503151411617,9.173975493484647,9.205528259277344,6290000,0.0,0.0
2024-08-02 00:00:00,9.173975807673097,9.173975807673097,8.992546833943589,9.08720588684082,5749400,0.0,0.0
2024-08-05 00:00:00,8.882112017047614,9.095092993168528,8.811118107581557,8.953105926513672,5910800,0.0,0.0
2024-08-06 00:00:00,8.968883513693468,9.126647366825795,8.905777972440537,9.071430206298828,4950000,0.0,0.0
2024-08-07 00:00:00,9.055654314692063,9.181866161598654,9.031989922518466,9.04776668548584,3625600,0.0,0.0
2024-08-08 00:00:00,9.071430740469022,9.221306221700786,9.031989586794104,9.166089057922363,4174500,0.0,0.0
2024-08-09 00:00:00,9.166087526266049,9.213417053222656,9.11087037171443,9.213417053222656,2612400,0.0,0.0
2024-08-12 00:00:00,9.276524144664526,9.276524144664526,9.031989593519889,9.063542366027832,4338500,0.0,0.0
2024-08-13 00:00:00,9.11875941157811,9.20552933962187,9.039877111700243,9.189752578735352,5445600,0.0,0.0
2024-08-14 00:00:00,9.229194434489546,9.268635587444795,9.095094965808151,9.118760108947754,2461200,0.0,0.0
2024-08-15 00:00:00,9.221305677291994,9.29229959926001,9.189752906670364,9.27652359008789,4939500,0.0,0.0
2024-08-16 00:00:00,9.268635293666575,9.347517597076825,9.252858532073567,9.300188064575195,3722700,0.0,0.0
2024-08-19 00:00:00,9.323852327202763,9.379070239745905,9.268635166937008,9.315964698791504,6138900,0.0,0.0
2024-08-20 00:00:00,9.28441301957407,9.300189030528237,9.18975394473916,9.19764232635498,2952700,0.0,0.0
2024-08-21 00:00:00,9.300187692534548,9.323852081700004,9.189752622633476,9.25285816192627,3510400,0.0,0.0
2024-08-22 00:00:00,9.276522587646594,9.308075354858564,9.213417053222656,9.213417053222656,3342700,0.0,0.0
2024-08-23 00:00:00,9.252859890788343,9.363294981323797,9.205531103614225,9.308077812194824,2192100,0.0,0.0
2024-08-26 00:00:00,9.33963024316174,9.513170878378437,9.33963024316174,9.426400184631348,2567000,0.0,0.0
2024-08-27 00:00:00,9.410622767359657,9.505281076348377,9.363293236726612,9.457951545715332,2565300,0.0,0.0
2024-08-28 00:00:00,9.426397429369493,9.568385248706457,9.386956284856195,9.552608489990234,2922800,0.0,0.0
2024-08-29 00:00:00,9.607826393219755,9.623602399658717,9.473726953240902,9.552608489990234,2553500,0.0,0.0
2024-08-30 00:00:00,9.568386661694463,9.623603820800781,9.5368338918798,9.623603820800781,3461500,0.0,0.0
2024-09-03 00:00:00,9.592050012969803,9.686708312170222,9.536832859838881,9.59993839263916,3389200,0.0,0.0
2024-09-04 00:00:00,9.615715525194778,9.71037458775208,9.592051135694142,9.647268295288086,3593600,0.0,0.0
2024-09-05 00:00:00,9.694597738990451,9.702486119511862,9.46583996981111,9.52105712890625,2718200,0.0,0.0
2024-09-06 00:00:00,9.521056224798722,9.631491284779598,9.50528021753134,9.584161758422852,2636600,0.0,0.0
2024-09-09 00:00:00,9.560498111060872,9.623603649567356,9.481616564066442,9.576274871826172,2528200,0.0,0.0
2024-09-10 00:00:00,9.623604283376908,9.647268673806035,9.30018818916168,9.386958122253418,4080500,0.0,0.0
2024-09-11 00:00:00,9.323852997048219,9.363294151047603,9.126647979328737,9.2923002243042,4217300,0.0,0.0
2024-09-12 00:00:00,9.347516059875488,9.40273321181575,9.205528237997932,9.347516059875488,3068600,0.0,0.0
2024-09-13 00:00:00,9.4027343844416,9.410622764924627,9.3159644559604,9.3554048538208,3702300,0.0,0.0
2024-09-16 00:00:00,9.383571478274007,9.520381760271594,9.383571478274007,9.464048385620117,3043500,0.235,0.0
2024-09-17 00:00:00,9.512333797195883,9.568667938628206,9.464048267379216,9.552572250366211,2434900,0.0,0.0
2024-09-18 00:00:00,9.576715469360352,9.689382990082539,9.528429937254195,9.576715469360352,3635200,0.0,0.0
2024-09-19 00:00:00,9.625000824202175,9.657191431608151,9.311141826380446,9.391618728637695,7372700,0.0,0.0
2024-09-20 00:00:00,9.407714768264494,9.520382291336928,9.303095857357242,9.447953224182129,7437100,0.0,0.0
2024-09-23 00:00:00,9.480144009642844,9.681335525443746,9.407714941156962,9.641097068786621,4448800,0.0,0.0
2024-09-24 00:00:00,9.63304946454476,9.745716216040517,9.600858854476732,9.65719223022461,2919500,0.0,0.0
2024-09-25 00:00:00,9.649144535004279,9.65719237951687,9.528429937254195,9.576715469360352,3271400,0.0,0.0
2024-09-26 00:00:00,9.600858173856082,9.834240272175615,9.600858173856082,9.810096740722656,3662600,0.0,0.0
2024-09-27 00:00:00,9.858384499215886,9.979099104457285,9.769860506537842,9.785955429077148,2756400,0.0,0.0
2024-09-30 00:00:00,9.785954501171798,9.794002345420724,9.560620234594527,9.600858688354492,4312500,0.0,0.0
2024-10-01 00:00:00,9.59281082338616,9.600858667617704,9.367476557295586,9.464048385620117,4784500,0.0,0.0
2024-10-02 00:00:00,9.455999972614084,9.600858090130059,9.455999972614084,9.52842903137207,2866900,0.0,0.0
2024-10-03 00:00:00,9.456001117954486,9.520382340763058,9.32723867233734,9.399667739868164,4561700,0.0,0.0
2024-10-04 00:00:00,9.464050000909042,9.520383385175291,9.351382464891744,9.496240615844727,2200900,0.0,0.0
2024-10-07 00:00:00,9.496239068865465,9.504286913159557,9.335286020407,9.423810005187988,3870800,0.0,0.0
2024-10-08 00:00:00,9.447951954987248,9.447951954987248,9.335285214534665,9.343332290649414,4016200,0.0,0.0
2024-10-09 00:00:00,9.34333395914834,9.407715184470959,9.246762121164414,9.327239036560059,4560800,0.0,0.0
2024-10-10 00:00:00,9.31919082761509,9.407714817105699,9.262857449528768,9.399667739868164,3735900,0.0,0.0
2024-10-11 00:00:00,9.41576267406603,9.576715731296659,9.41576267406603,9.536478042602539,3443100,0.0,0.0
2024-10-14 00:00:00,9.54452395138239,9.608905166392907,9.496238423866812,9.52842903137207,7500400,0.0,0.0
2024-10-15 00:00:00,9.528430350523621,9.600859419308959,9.456001281738281,9.456001281738281,3749000,0.0,0.0
2024-10-16 00:00:00,9.455999972614084,9.54452395138239,9.423809365108823,9.52842903137207,8511500,0.0,0.0
2024-10-17 00:00:00,9.544524546096673,9.60890576511875,9.504286859821377,9.600858688354492,3763900,0.0,0.0
2024-10-18 00:00:00,9.633049297865531,9.673287751625498,9.568668078843453,9.600858688354492,3337900,0.0,0.0
2024-10-21 00:00:00,9.544525480152709,9.576716092814019,9.327239036560059,9.327239036560059,4056700,0.0,0.0
2024-10-22 00:00:00,9.319191403676763,9.359429862290622,9.278952945062903,9.335287094116211,3467100,0.0,0.0
2024-10-23 00:00:00,9.295047760009766,9.375523902172743,9.254809305185933,9.295047760009766,6059600,0.0,0.0
2024-10-24 00:00:00,9.190427150261733,9.206522070064416,8.836329704787364,8.98118782043457,10829900,0.0,0.0
2024-10-25 00:00:00,9.013378642011567,9.101903389229046,8.981188034155565,8.989235877990723,5281200,0.0,0.0
2024-10-28 00:00:00,9.013379522853883,9.117999200481119,9.013379522853883,9.029475212097168,3288800,0.0,0.0
2024-10-29 00:00:00,8.989237024301552,8.989237024301552,8.651235214969098,8.723664283752441,7567700,0.0,0.0
2024-10-30 00:00:00,8.731712419037208,8.812188567873944,8.667331192973919,8.691473960876465,4233900,0.0,0.0
2024-10-31 00:00:00,8.699520181297736,8.804139078498567,8.651233887025757,8.659281730651855,3105600,0.0,0.0
2024-11-01 00:00:00,8.667331057899222,8.707568747948134,8.60294906535453,8.643187522888184,3358700,0.0,0.0
2024-11-04 00:00:00,8.651234198146895,8.844377847211536,8.651234198146895,8.763901710510254,4058200,0.0,0.0
2024-11-05 00:00:00,8.731710777019053,8.85242536131588,8.675376639193871,8.844377517700195,2702200,0.0,0.0
2024-11-06 00:00:00,8.860474576457708,8.92485580037963,8.619044603008136,8.723664283752441,6709800,0.0,0.0
2024-11-07 00:00:00,8.747805779347795,8.80413915022017,8.594900586629368,8.619043350219727,5222500,0.0,0.0
2024-11-08 00:00:00,8.635138055654318,8.66732942962144,8.554661923190306,8.610995292663574,5298900,0.0,0.0
2024-11-11 00:00:00,8.659282160820158,8.763901830702805,8.546614646911621,8.546614646911621,5055700,0.0,0.0
2024-11-12 00:00:00,8.578805999162563,8.586853843886063,8.458091398248943,8.538567543029785,3817400,0.0,0.0
2024-11-13 00:00:00,8.562710334963404,8.58685309955643,8.474185585647893,8.546614646911621,3577600,0.0,0.0
2024-11-14 00:00:00,8.562711367644418,8.675378127656156,8.49833014264207,8.506377220153809,5286000,0.0,0.0
2024-11-15 00:00:00,8.546615534224792,8.788045507674363,8.530520611986676,8.723664283752441,7426300,0.0,0.0
2024-11-18 00:00:00,8.715616677430123,8.900713276885135,8.715616677430123,8.73975944519043,4442800,0.0,0.0
2024-11-19 00:00:00,8.723663690628898,8.731711534943145,8.602948328369209,8.65123462677002,5174900,0.0,0.0
2024-11-20 00:00:00,8.63513943874628,8.683425739946392,8.578806060250084,8.627092361450195,3665600,0.0,0.0
2024-11-21 00:00:00,8.651235451746143,8.78804574819579,8.610996993822466,8.73975944519043,2979000,0.0,0.0
2024-11-22 00:00:00,8.771947872794646,8.93290166439309,8.771947872794646,8.900711059570312,4300400,0.0,0.0
2024-11-25 00:00:00,8.932903029986454,9.029474859217943,8.900712420242625,8.973140716552734,4564200,0.0,0.0
2024-11-26 00:00:00,8.916806648756591,8.96509294336402,8.836329746905745,8.932902336120605,3313900,0.0,0.0
2024-11-27 00:00:00,8.948998792224083,9.013380017762874,8.868522644042969,8.868522644042969,3498800,0.0,0.0
2024-11-29 00:00:00,8.8604736328125,8.93290269388211,8.8604736328125,8.8604736328125,1359800,0.0,0.0
2024-12-02 00:00:00,8.8443792687919,8.957046799264608,8.771950196879786,8.924856185913086,3473600,0.0,0.0
2024-12-03 00:00:00,8.908759063566416,8.940949671743855,8.723663258417295,8.763901710510254,2891000,0.0,0.0
2024-12-04 00:00:00,8.731712282959172,8.74780720548179,8.619044755361887,8.643187522888184,3987800,0.0,0.0
2024-12-05 00:00:00,8.723663258417295,8.812187239034095,8.675376962408816,8.763901710510254,4072600,0.0,0.0
2024-12-06 00:00:00,8.804140722744846,8.83633133577649,8.683426115747364,8.691473960876465,4021500,0.0,0.0
2024-12-09 00:00:00,8.699521155190197,8.860474208307448,8.683425466136123,8.796092987060547,5781000,0.0,0.0
2024-12-10 00:00:00,8.796092700362289,8.87656884055554,8.643186729271168,8.828283309936523,4253900,0.0,0.0
2024-12-11 00:00:00,8.828284420548629,8.844379343618177,8.699521966053169,8.747807502746582,7284000,0.0,0.0
2024-12-12 00:00:00,8.723664234141923,8.852426681253508,8.69952146717968,8.771949768066406,2436800,0.0,0.0
2024-12-13 00:00:00,8.691472337671637,8.739757864459003,8.570756985734,8.659281730651855,3365700,0.0,0.0
2024-12-16 00:00:00,8.91680800162384,9.198476433352202,8.771949863308143,9.005331993103027,9957600,0.0,0.0
2024-12-17 00:00:00,8.98923637803473,9.10995097233857,8.948997924105226,8.965093612670898,8051500,0.0,0.0
2024-12-18 00:00:00,8.948997959035106,9.093856086752862,8.635138938141523,8.65123462677002,6411700,0.0,0.0
2024-12-19 00:00:00,8.683424349120402,8.771948325076195,8.610995292663574,8.610995292663574,6134500,0.0,0.0
2024-12-20 00:00:00,8.602947662836408,8.747805779347795,8.530519372065333,8.619043350219727,12762300,0.0,0.0
2024-12-23 00:00:00,8.639613925094869,8.697211100157316,8.549103966467783,8.656070709228516,5229300,0.235,0.0
2024-12-24 00:00:00,8.614931495673547,8.72189826279628,8.582018704612924,8.70544147491455,2243500,0.0,0.0
2024-12-26 00:00:00,8.697211579774148,8.894689076754725,8.688983971956262,8.795949935913086,3115300,0.0,0.0
2024-12-27 00:00:00,8.77949419482189,8.886460946640005,8.730124622943249,8.78772258758545,3734400,0.0,0.0
2024-12-30 00:00:00,8.730125964321145,8.754811146404688,8.6478443781512,8.697213172912598,3907600,0.0,0.0
2024-12-31 00:00:00,8.713669685151066,8.779495265884556,8.672528501016929,8.721898078918457,3880600,0.0,0.0
2025-01-02 00:00:00,8.72189621119043,8.763036601811843,8.53264711858079,8.59024429321289,4617500,0.0,0.0
2025-01-03 00:00:00,8.614931706988747,8.705441688449866,8.582018915120809,8.631387710571289,3999600,0.0,0.0
2025-01-06 00:00:00,8.647844080327475,8.721898054622066,8.565561712288416,8.598474502563477,5137700,0.0,0.0
2025-01-07 00:00:00,8.598474855695843,8.688985621196577,8.540877666524722,8.582018852233887,3945200,0.0,0.0
2025-01-08 00:00:00,8.565559901899512,8.606701077223576,8.442137160629969,8.59024429321289,3734700,0.0,0.0
2025-01-10 00:00:00,8.516192551585402,8.540876947050373,8.400997398244225,8.450366973876953,4816500,0.0,0.0
2025-01-13 00:00:00,8.392768891159827,8.549105224626624,8.384540497882044,8.516192436218262,3324500,0.0,0.0
2025-01-14 00:00:00,8.557332279123811,8.631386244423403,8.499735099314226,8.606701850891113,3399000,0.0,0.0
2025-01-15 00:00:00,8.70543949222414,8.738352275788776,8.606701141530232,8.656070709228516,2438400,0.0,0.0
2025-01-16 00:00:00,8.631387083883187,8.688985053997278,8.582018292017162,8.672528266906738,3205700,0.0,0.0
2025-01-17 00:00:00,8.680757227114174,8.688985621196577,8.516193268980363,8.582018852233887,4555400,0.0,0.0
2025-01-21 00:00:00,8.582017216421379,8.639614394613941,8.557332038879395,8.557332038879395,4298900,0.0,0.0
2025-01-22 00:00:00,8.524419289580543,8.53264768212934,8.384539755061807,8.442137718200684,4583700,0.0,0.0
2025-01-23 00:00:00,8.450366973876953,8.491507371417645,8.409225791633478,8.450366973876953,5511800,0.0,0.0
2025-01-24 00:00:00,8.450366110749481,8.507963289185653,8.417452540554292,8.442137718200684,4757800,0.0,0.0
2025-01-27 00:00:00,8.516191994698982,8.582017568102998,8.417452849890225,8.540876388549805,4877800,0.0,0.0
2025-01-28 00:00:00,8.499735503181725,8.565561078864036,8.417453141227455,8.45859432220459,6616100,0.0,0.0
2025-01-29 00:00:00,8.450367897277586,8.507965087890625,8.368085523799357,8.507965087890625,5517300,0.0,0.0
2025-01-30 00:00:00,8.524419253526116,8.672527179967219,8.507963253200828,8.557332038879395,7297500,0.0,0.0
2025-01-31 00:00:00,8.565561502694942,8.656072262263736,8.491507530212402,8.491507530212402,4976000,0.0,0.0
2025-02-03 00:00:00,8.392769004854973,8.499735764806898,8.261117849438078,8.450366973876953,7175500,0.0,0.0
2025-02-04 00:00:00,8.417452849890225,8.59024517625145,8.36808406218858,8.540876388549805,9279900,0.0,0.0
2025-02-05 00:00:00,8.664299453331456,9.08393808736331,8.656071844887844,9.059253692626953,15292000,0.0,0.0
2025-02-06 00:00:00,9.149762908836134,9.355468012320857,9.100394123433311,9.223816871643066,11766700,0.0,0.0
2025-02-07 00:00:00,9.232046446226933,9.264959235610695,8.71366942490561,8.730125427246094,8270900,0.0,0.0
2025-02-10 00:00:00,8.76303845393878,8.812408031702779,8.540877315757823,8.598474502563477,9135600,0.0,0.0
2025-02-11 00:00:00,8.557332075073028,8.58201725271942,8.417452540554292,8.442137718200684,5874900,0.0,0.0
2025-02-12 00:00:00,8.400996720722546,8.47505068584796,8.376312327248316,8.425681114196777,4472600,0.0,0.0
2025-02-13 00:00:00,8.46682354999598,8.565561923253027,8.433910758910296,8.524420738220215,5608000,0.0,0.0
2025-02-14 00:00:00,8.573789392766944,8.664299362318001,8.549104998289884,8.647843360900879,4494300,0.0,0.0
2025-02-18 00:00:00,8.664299421074672,8.993428083379383,8.656071812661692,8.935830116271973,7830800,0.0,0.0
2025-02-19 00:00:00,8.820635773384817,8.935830138480418,8.812407380248628,8.878232955932617,3467900,0.0,0.0
2025-02-20 00:00:00,8.902917019155955,8.960514984261968,8.779494265519569,8.837091445922852,3526200,0.0,0.0
2025-02-21 00:00:00,8.845319950580704,8.853548343514554,8.688984408351274,8.771265983581543,6060200,0.0,0.0
2025-02-24 00:00:00,8.664299576758017,8.82886351851594,8.565561211703264,8.754810333251953,5459600,0.0,0.0
2025-02-25 00:00:00,8.828863683579216,9.026341202083508,8.81240768144715,8.976971626281738,5889600,0.0,0.0
2025-02-26 00:00:00,8.976970985218879,9.00165537900561,8.82063544496594,8.837091445922852,5092600,0.0,0.0
2025-02-27 00:00:00,8.812406781170544,8.894689137533256,8.730124424807832,8.861776351928711,4850400,0.0,0.0
2025-02-28 00:00:00,8.886460817038158,8.968742389365582,8.80417846000802,8.911145210266113,5297700,0.0,0.0
2025-03-03 00:00:00,8.935829805772507,9.026340557495072,8.82063544496594,8.837091445922852,4146200,0.0,0.0
2025-03-04 00:00:00,8.820635909955122,8.82886351851594,8.697212365109602,8.754810333251953,4551700,0.0,0.0
2025-03-05 00:00:00,8.795949935913086,8.861776291375078,8.721896757335907,8.795949935913086,3713200,0.0,0.0
2025-03-06 00:00:00,8.804178393648732,9.108621856841232,8.73835282240185,9.100394248962402,6972900,0.0,0.0
2025-03-07 00:00:00,9.067482549225945,9.585858788698209,9.059254155659007,9.561174392700195,7921600,0.0,0.0
2025-03-10 00:00:00,9.528261694463628,9.832705197033208,9.511805691874823,9.552946090698242,8021800,0.0,0.0
2025-03-11 00:00:00,9.544717183772452,9.55294479159658,9.001655047542156,9.034567832946777,6454000,0.0,0.0
2025-03-12 00:00:00,8.94405867009787,8.976971458449455,8.71366915163678,8.754810333251953,7850200,0.0,0.0
2025-03-13 00:00:00,8.721897843475562,8.911146186799984,8.647843870973727,8.672528266906738,8123800,0.0,0.0
2025-03-14 00:00:00,8.705440229355291,8.845319767524927,8.705440229355291,8.78772258758545,5954400,0.0,0.0
2025-03-17 00:00:00,8.82558145924115,8.977021629944584,8.800341698243088,8.96019458770752,6405600,0.235,0.0
2025-03-18 00:00:00,8.951783097859167,9.12004953154197,8.926542531038512,9.052742958068848,4983600,0.0,0.0
2025-03-19 00:00:00,9.094809250515837,9.170528539604192,9.002262115478516,9.002262115478516,5839800,0.0,0.0
2025-03-20 00:00:00,8.96019622920661,9.06115689640982,8.92654294092477,9.035916328430176,6150700,0.0,0.0
2025-03-21 00:00:00,9.002261750575235,9.06115559840018,8.892888378737553,8.9517822265625,7613300,0.0,0.0
2025-03-24 00:00:00,8.97702366294646,9.0022634296605,8.800343691232737,8.825583457946777,5546300,0.0,0.0
2025-03-25 00:00:00,8.859236778378545,8.934956881140726,8.73303714201339,8.791930198669434,5839300,0.0,0.0
2025-03-26 00:00:00,8.800342482301778,8.934955622761386,8.791928960433651,8.901302337646484,5033600,0.0,0.0
2025-03-27 00:00:00,8.92654207508003,8.977022403785211,8.884476070576252,8.934955596923828,3937800,0.0,0.0
2025-03-28 00:00:00,8.943369617068832,8.968609381648914,8.766689660292961,8.817169189453125,3660000,0.0,0.0
2025-03-31 00:00:00,8.749862153450621,8.95178266649764,8.749862153450621,8.901302337646484,5130500,0.0,0.0
2025-04-01 00:00:00,8.901303112306126,8.934956400349796,8.808756770775455,8.876063346862793,3840300,0.0,0.0
2025-04-02 00:00:00,8.842410001935948,8.94336986541748,8.775103426281591,8.94336986541748,6042000,0.0,0.0
2025-04-03 00:00:00,8.749862204633592,8.901302389715315,8.657315870615657,8.833995819091797,7708800,0.0,0.0
2025-04-04 00:00:00,8.623663031940557,8.842409798975131,8.34602321314962,8.522703170776367,11710700,0.0,0.0
2025-04-07 00:00:00,8.32078263250789,8.657315470054614,8.093622365395671,8.152515411376953,15145900,0.0,0.0
2025-04-08 00:00:00,8.295543500643726,8.295543500643726,7.571997373776118,7.647717475891113,13128700,0.0,0.0
2025-04-09 00:00:00,7.571996398375832,8.446982616760513,7.571996398375832,8.404915809631348,12829400,0.0,0.0
2025-04-10 00:00:00,8.329196474228782,8.329196474228782,7.757090573294949,7.984250068664551,7111100,0.0,0.0
2025-04-11 00:00:00,7.99266284013034,8.211409594636574,7.883289462877222,8.177756309509277,5570800,0.0,0.0
2025-04-14 00:00:00,8.3207826861322,8.379675732493027,8.186168747888399,8.287129402160645,7544700,0.0,0.0
2025-04-15 00:00:00,8.30395585036095,8.37967594177747,8.228235758944427,8.278716087341309,4526000,0.0,0.0
2025-04-16 00:00:00,8.295541625088587,8.388088752241739,8.118861694218745,8.202995300292969,5094100,0.0,0.0
2025-04-17 00:00:00,8.177755108206357,8.371261268673079,8.177755108206357,8.253475189208984,4725500,0.0,0.0
2025-04-21 00:00:00,8.202996280670181,8.228236044565953,8.05155609258029,8.169342994689941,7800000,0.0,0.0
2025-04-22 00:00:00,8.228236591746098,8.472223131917417,8.228236591746098,8.413330078125,8767500,0.0,0.0
2025-04-23 00:00:00,8.497463820731731,8.63207697551947,8.404916675046893,8.505876541137695,12614000,0.0,0.0
2025-04-24 00:00:00,8.219823361449814,8.623662795011366,8.085209414571665,8.564769744873047,10445200,0.0,0.0
2025-04-25 00:00:00,8.556356249683338,8.707796438924413,8.505875919150434,8.531116485595703,7455600,0.0,0.0
2025-04-28 00:00:00,8.564770160294426,8.72462307657656,8.489050062239537,8.547943115234375,6686200,0.0,0.0
2025-04-29 00:00:00,8.531117109428665,8.598423686822535,8.497463820731731,8.505876541137695,10957600,0.0,0.0
2025-04-30 00:00:00,8.446981703165704,8.47222146377032,8.194581690046988,8.337608337402344,9770300,0.0,0.0
2025-05-01 00:00:00,8.312369899991863,8.354436709267587,8.102036655970887,8.127276420593262,7825900,0.0,0.0
2025-05-02 00:00:00,8.245062879763871,8.261889121148718,8.135689502510754,8.177756309509277,5921800,0.0,0.0
2025-05-05 00:00:00,8.152515743895599,8.287129686762395,8.14410302438198,8.177756309509277,5885700,0.0,0.0
2025-05-06 00:00:00,8.152516185215637,8.194582994491363,8.017903037419437,8.127276420593262,8537400,0.0,0.0
2025-05-07 00:00:00,8.177755865108905,8.194582105579368,8.0179021676729,8.026315689086914,5764200,0.0,0.0
2025-05-08 00:00:00,8.110449509451843,8.303955692861562,8.034729419471489,8.219822883605957,5290000,0.0,0.0
2025-05-09 00:00:00,8.253476375652715,8.34602270887204,8.177756283765266,8.211409568786621,5313500,0.0,0.0
2025-05-12 00:00:00,8.396502287733993,8.590009279585109,8.278716190601461,8.404915809631348,9678100,0.0,0.0
2025-05-13 00:00:00,8.38808975474031,8.404915996551615,8.026316328684517,8.169342994689941,8132200,0.0,0.0
2025-05-14 00:00:00,8.169343438666537,8.20299672647572,8.110450385589884,8.118863105773926,4601600,0.0,0.0
2025-05-15 00:00:00,8.127276338596733,8.245063242908875,8.110450096470794,8.228236198425293,4200700,0.0,0.0
2025-05-16 00:00:00,8.253476657251802,8.396502521704234,8.253476657251802,8.362849235534668,6338900,0.0,0.0
2025-05-19 00:00:00,8.287129997151268,8.396502576143256,8.219823424375752,8.29554271697998,6468600,0.0,0.0
2025-05-20 00:00:00,8.329196543398975,8.438569931839924,8.278717011723268,8.312370300292969,5037900,0.0,0.0
2025-05-21 00:00:00,8.261889568389462,8.329196142287563,8.127276420593262,8.127276420593262,5926500,0.0,0.0
2025-05-22 00:00:00,8.169343048539394,8.169343048539394,8.07679671207311,8.102036476135254,5534000,0.0,0.0
2025-05-23 00:00:00,8.034730187943442,8.068383475335928,7.841223183668395,7.908529758453369,6225900,0.0,0.0
2025-05-27 00:00:00,8.001076725682854,8.03473001233983,7.933770152368904,7.967423439025879,7958700,0.0,0.0
2025-05-28 00:00:00,7.95900990949372,7.9842496738739595,7.790743476362724,7.883289813995361,6993800,0.0,0.0
2025-05-29 00:00:00,7.900115653770356,7.933768935264645,7.7655017254356755,7.841221809387207,5256800,0.0,0.0
2025-05-30 00:00:00,7.81598398050077,7.858050793354418,7.7655036446048475,7.807570457458496,7352200,0.0,0.0
2025-06-02 00:00:00,7.773917167647121,7.824397503543043,7.639304008401621,7.807570457458496,7133100,0.0,0.0
2025-06-03 00:00:00,7.790742510977502,7.959008923257866,7.715022424861952,7.916942119598389,5711100,0.0,0.0
2025-06-04 00:00:00,7.942182983312691,8.001076837554084,7.824396879545212,7.832810401916504,5393300,0.0,0.0
2025-06-05 00:00:00,7.824396133422852,7.9001162228286255,7.773915806366476,7.824396133422852,4255000,0.0,0.0
2025-06-06 00:00:00,7.900116124993767,7.984248932569056,7.891702603528968,7.959009170532227,3693600,0.0,0.0
2025-06-09 00:00:00,7.984250429557645,7.984250429557645,7.7655036446048475,7.807570457458496,7437600,0.0,0.0
2025-06-10 00:00:00,7.841223747269871,7.916943849934895,7.790744213731668,7.807570457458496,6386700,0.0,0.0
2025-06-11 00:00:00,7.87487685727929,7.883290380129463,7.6981968892141595,7.782330513000488,8948700,0.0,0.0
2025-06-12 00:00:00,7.75709083698487,7.75709083698487,7.622477679248008,7.681370735168457,8888600,0.0,0.0
2025-06-13 00:00:00,7.647716256335773,7.647716256335773,7.2522895652135455,7.260703086853027,13979000,0.0,0.0
2025-06-16 00:00:00,7.3861128211925635,7.524494194686505,7.368815561914844,7.481249809265137,10112500,0.235,0.0
2025-06-17 00:00:00,7.386111589208368,7.481248561412342,7.273676535793903,7.2909746170043945,12360900,0.0,0.0
2025-06-18 00:00:00,7.282325755724203,7.403409852725574,7.265027674087752,7.299623012542725,9970500,0.0,0.0
2025-06-20 00:00:00,7.3342180252075195,7.438004860780098,7.256379135754926,7.3342180252075195,13010800,0.0,0.0
2025-06-23 00:00:00,7.308271884918213,7.334218181956944,7.230432168984109,7.308271884918213,5678900,0.0,0.0
2025-06-24 00:00:00,7.368814144330417,7.463951114100903,7.342867023178377,7.403409481048584,7366900,0.0,0.0
2025-06-25 00:00:00,7.3861114155589656,7.394760455960871,7.265027324385973,7.360165119171143,7782100,0.0,0.0
2025-06-26 00:00:00,7.377462390597965,7.412057727460101,7.282325420431566,7.316920757293701,7822300,0.0,0.0
2025-06-27 00:00:00,7.342867398206712,7.394760818343302,7.195837003440628,7.239081382751465,12598400,0.0,0.0
2025-06-30 00:00:00,7.256378971893462,7.412057572101053,7.17853925938073,7.282325267791748,9736400,0.0,0.0
2025-07-01 00:00:00,7.25637923848576,7.533141937749802,7.169890482556795,7.498546600341797,11189200,0.0,0.0
2025-07-02 00:00:00,7.5158444942517875,7.576386958465412,7.403410256750718,7.550439834594727,5953200,0.0,0.0
2025-07-03 00:00:00,7.55908825091232,7.567737291487461,7.41205786040656,7.4553022384643555,4714300,0.0,0.0
2025-07-07 00:00:00,7.412057542934318,7.515843550936934,7.325569615341073,7.368813991546631,5958600,0.0,0.0
2025-07-08 00:00:00,7.394760422455634,7.636927778886482,7.386111382092918,7.507195472717285,9941900,0.0,0.0
2025-07-09 00:00:00,7.524494194686505,7.550440496012108,7.394761863240446,7.481249809265137,5238500,0.0,0.0
2025-07-10 00:00:00,7.463951436387007,7.559088410265414,7.4207070574175775,7.429356098175049,5344700,0.0,0.0
2025-07-11 00:00:00,7.360165468565661,7.394760806997665,7.213135074025163,7.2217841148376465,11185800,0.0,0.0
2025-07-14 00:00:00,7.2304321788533,7.265027516558132,7.135295206369488,7.187188625335693,6325000,0.0,0.0
2025-07-15 00:00:00,7.204486265876552,7.213135306968351,7.005563269672934,7.022860527038574,7707800,0.0,0.0
2025-07-16 00:00:00,7.022860527038574,7.066104907679608,6.970967930123698,7.022860527038574,8614100,0.0,0.0
2025-07-17 00:00:00,6.988265176967205,7.057455855961497,6.945020796391283,7.005563259124756,7427700,0.0,0.0
2025-07-18 00:00:00,7.040158778095242,7.066105077175058,6.910425633060217,6.936372756958008,9796900,0.0,0.0
2025-07-21 00:00:00,6.979616135888429,7.048806814882722,6.953669837470058,7.005563259124756,6169400,0.0,0.0
2025-07-22 00:00:00,7.048805941567956,7.463950788917122,7.0401577263786095,7.438004493713379,17133700,0.0,0.0
2025-07-23 00:00:00,7.515844151938829,7.64557729092957,7.463951556196883,7.628279209136963,16980600,0.0,0.0
2025-07-24 00:00:00,7.585035830261088,7.6369284272069216,7.507196110024381,7.559088706970215,7112900,0.0,0.0
2025-07-25 00:00:00,7.567736650171138,7.576385690013329,7.351515603023392,7.420706272125244,12486800,0.0,0.0
2025-07-28 00:00:00,7.420707109544096,7.438005191180547,7.273676714905978,7.299623012542725,12712700,0.0,0.0
2025-07-29 00:00:00,7.057455545161461,7.429356046991296,6.919074193266988,6.996913909912109,21724500,0.0,0.0
2025-07-30 00:00:00,7.057455855961497,7.143944617113341,6.9623188785488335,7.005563259124756,12451300,0.0,0.0
2025-07-31 00:00:00,6.9882651957353685,7.247730655069782,6.93637259875926,6.9623188972473145,10695000,0.0,0.0
2025-08-01 00:00:00,6.962318611625617,7.005562990543623,6.8325858872805565,6.849883556365967,9654500,0.0,0.0
2025-08-04 00:00:00,6.867181369348246,6.979616014554921,6.823936989524084,6.94502067565918,8263000,0.0,0.0
2025-08-05 00:00:00,6.9536697165876005,7.0747538151316665,6.884479038796116,6.94502067565918,8802100,0.0,0.0
2025-08-06 00:00:00,6.979616154633365,7.083402173403539,6.919074516555253,6.9623188972473145,8727900,0.0,0.0
2025-08-07 00:00:00,7.07475348879143,7.07475348879143,6.875829680703305,6.919074058532715,7495400,0.0,0.0
2025-08-08 00:00:00,6.936372291415043,7.005562967529384,6.893127500230139,6.953669548034668,6014900,0.0,0.0
2025-08-11 00:00:00,7.014210824827002,7.247729963387621,7.005562609368291,7.1352949142456055,11529500,0.0,0.0
2025-08-12 00:00:00,7.195837020874023,7.247730441136335,7.109349086860747,7.195837020874023,8306400,0.0,0.0
2025-08-13 00:00:00,7.1698900532373955,7.377462065256409,7.1698900532373955,7.351515769958496,9857900,0.0,0.0
2025-08-14 00:00:00,7.2650275448913275,7.2996228827310805,7.126646193532318,7.16124153137207,6495400,0.0,0.0
2025-08-15 00:00:00,7.178539440433443,7.247730114452541,7.135295062967034,7.230432033538818,8905400,0.0,0.0
2025-08-18 00:00:00,7.230432002729417,7.34286705373583,7.195836665867282,7.316920757293701,11065200,0.0,0.0
2025-08-19 00:00:00,7.34286689982704,7.429355652578494,7.221783635756457,7.282325267791748,13362000,0.0,0.0
2025-08-20 00:00:00,7.282325284776123,7.334217876693722,7.1698902358641545,7.178539276123047,9979200,0.0,0.0
2025-08-21 00:00:00,7.178539093275985,7.377462065256409,7.1698900532373955,7.351515769958496,9550100,0.0,0.0
2025-08-22 00:00:00,7.377462341730202,7.585035186345959,7.377462341730202,7.507195472717285,8075900,0.0,0.0
2025-08-25 00:00:00,7.4898977864540415,7.498546827272267,7.2477304172692305,7.299623012542725,7596800,0.0,0.0
2025-08-26 00:00:00,7.351515603023392,7.481247901384905,7.325569308314656,7.420706272125244,14100600,0.0,0.0
2025-08-27 00:00:00,7.4293559461772665,7.489897580605088,7.368814311749445,7.394760608673096,6995000,0.0,0.0
2025-08-28 00:00:00,7.403409496362775,7.438004833152503,7.282325405189782,7.360165119171143,5369600,0.0,0.0
2025-08-29 00:00:00,7.403409628674258,7.5244928971933245,7.368814291266253,7.498546600341797,10572200,0.0,0.0
2025-09-02 00:00:00,7.446654419557205,7.636929219336474,7.420708118393045,7.5677385330200195,9358700,0.0,0.0
2025-09-03 00:00:00,7.5244933568866506,7.61963115918434,7.489898017365115,7.5417914390563965,6015100,0.0,0.0
2025-09-04 00:00:00,7.559088696408186,7.567737737493059,7.4380054204917885,7.5417914390563965,6841900,0.0,0.0
2025-09-05 00:00:00,7.610982566004789,7.740714890640789,7.58503626604119,7.645577907562256,8168500,0.0,0.0
2025-09-08 00:00:00,7.619631169830963,7.619631169830963,7.463951729357548,7.559088706970215,7740000,0.0,0.0
2025-09-09 00:00:00,7.550438870433747,7.5936832465447806,7.463950943029552,7.472599983215332,8472900,0.0,0.0
2025-09-10 00:00:00,7.489897613825152,7.489897613825152,7.290974628498363,7.308271884918213,8249900,0.0,0.0
2025-09-11 00:00:00,7.360164978055162,7.403409354417673,7.2650271850940635,7.342866897583008,7145700,0.0,0.0
2025-09-12 00:00:00,7.299622860776474,7.34286723915058,7.247730266581877,7.2650275230407715,7946300,0.0,0.0
2025-09-15 00:00:00,7.325569801260209,7.351516097714899,7.221783790623558,7.256379127502441,10622200,0.0,0.0
2025-09-16 00:00:00,7.269726114465996,7.323114080236152,7.118458797139861,7.296420097351074,11503700,0.235,0.0
2025-09-17 00:00:00,7.3231139779062255,7.59005634878612,7.305318272426981,7.420993328094482,8775700,0.0,0.0
2025-09-18 00:00:00,7.44768741467721,7.44768741467721,7.251929560151667,7.296420097351074,11065100,0.0,0.0
2025-09-19 00:00:00,7.305318701156711,7.340910962790418,7.225235900334256,7.243032455444336,16295200,0.0,0.0
2025-09-22 00:00:00,7.225235958443256,7.269726497989819,7.171847989856548,7.21633768081665,8041100,0.0,0.0
2025-09-23 00:00:00,7.23413421662857,7.296420462674492,7.189643677201572,7.225235939025879,8260700,0.0,0.0
2025-09-24 00:00:00,7.234134509722502,7.314217314218394,7.216337953796084,7.260828495025635,6039000,0.0,0.0
2025-09-25 00:00:00,7.243032148651867,7.243032148651867,6.984987626297617,7.011682033538818,11468200,0.0,0.0
2025-09-26 00:00:00,7.020580019292343,7.145152932091411,6.9849877584926094,7.073968410491943,8543500,0.0,0.0
2025-09-29 00:00:00,7.118459224700928,7.154051486880974,7.038376422649208,7.118459224700928,6245800,0.0,0.0
2025-09-30 00:00:00,7.109560966491699,7.145153228769279,7.02058031079775,7.109560966491699,6971900,0.0,0.0
2025-10-01 00:00:00,7.118459334406138,7.225236122591853,7.09176492521309,7.189643859863281,7922100,0.0,0.0
2025-10-02 00:00:00,7.278625087453641,7.296420794882809,7.136256033674307,7.171848297119141,8684200,0.0,0.0
2025-10-03 00:00:00,7.171848022660217,7.2519299759065685,7.082866943160095,7.127357482910156,59323100,0.0,0.0
2025-10-06 00:00:00,7.118459353855491,7.251930127305688,7.118459353855491,7.180745601654053,10187600,0.0,0.0
2025-10-07 00:00:00,7.207440504834638,7.340911279574117,7.189643948956579,7.269726753234863,11292200,0.0,0.0
2025-10-08 00:00:00,7.2964206281626955,7.32311461298975,7.180745562463489,7.19854211807251,8087600,0.0,0.0
2025-10-09 00:00:00,7.251930127305688,7.314217223690732,7.162949894534385,7.180745601654053,7381000,0.0,0.0
2025-10-10 00:00:00,7.243032378954109,7.2786246402119446,7.002783979023893,7.0561723709106445,11284200,0.0,0.0
2025-10-13 00:00:00,7.118459115433133,7.269726439523003,7.073968576244385,7.243032455444336,7292600,0.0,0.0
2025-10-14 00:00:00,7.180744687482949,7.420993067411379,7.171847259349075,7.3676042556762695,6618600,0.0,0.0
2025-10-15 00:00:00,7.385401840751077,7.394300118714285,7.251930217062426,7.260828495025635,7350200,0.0,0.0
2025-10-16 00:00:00,7.260828385320424,7.2786249409779495,7.136255890063664,7.189643859863281,9251300,0.0,0.0
2025-10-17 00:00:00,7.189643410919141,7.385401267995782,7.180745133646014,7.376502990722656,8875500,0.0,0.0
2025-10-20 00:00:00,7.403197395929893,7.412095673710211,7.207440376281738,7.207440376281738,6616600,0.0,0.0
2025-10-21 00:00:00,7.180745380348545,7.29642044311405,7.180745380348545,7.234134197235107,8081800,0.0,0.0
2025-10-22 00:00:00,7.225235919656271,7.29642044311405,7.198541935506217,7.234134197235107,8025800,0.0,0.0
2025-10-23 00:00:00,7.225235900334256,7.323114407680338,7.154051377066841,7.243032455444336,15209000,0.0,0.0
2025-10-24 00:00:00,7.812508746549805,8.20402447836731,7.670139698102155,7.98157262802124,28734100,0.0,0.0
2025-10-27 00:00:00,7.990469800149238,8.034960338505003,7.812508495312612,7.928183555603027,11180800,0.0,0.0
2025-10-28 00:00:00,8.008266618001473,8.56884538309195,7.963776078184171,8.4442720413208,27847200,0.0,0.0
2025-10-29 00:00:00,8.470966196504465,8.7023154575859,8.381985123990253,8.488761901855469,17299900,0.0,0.0
2025-10-30 00:00:00,8.470966742618401,8.5777435273674,8.28410715716104,8.381985664367676,13604900,0.0,0.0
2025-10-31 00:00:00,8.24851480351072,8.36418901592451,8.115043187624401,8.301902770996094,11989600,0.0,0.0
2025-11-03 00:00:00,8.301903382129334,8.301903382129334,7.972674729779006,8.097248077392578,10734900,0.0,0.0
2025-11-04 00:00:00,8.034960746765137,8.195126353549409,7.963776221213568,8.034960746765137,7599400,0.0,0.0
2025-11-05 00:00:00,8.03496052358918,8.186227848331345,7.883693198847018,7.89259147644043,8506600,0.0,0.0
2025-11-06 00:00:00,8.195126660418097,8.657826093829202,8.168432674483315,8.257412910461426,17003300,0.0,0.0
2025-11-07 00:00:00,8.221820576419644,8.355292202131295,8.034960979292538,8.097248077392578,8653100,0.0,0.0
2025-11-10 00:00:00,8.141737288977179,8.159533844120343,7.856999195378204,7.901489734649658,9141700,0.0,0.0
2025-11-11 00:00:00,7.928183555603027,8.052756893281884,7.901489572024143,7.928183555603027,7427000,0.0,0.0
2025-11-12 00:00:00,7.990469800149238,8.177329382374305,7.892591294635703,7.928183555603027,8357800,0.0,0.0
2025-11-13 00:00:00,7.928183374610834,8.150635212724882,7.919285097425532,7.963775634765625,8785100,0.0,0.0
2025-11-14 00:00:00,7.892592138889545,7.9904706548729365,7.848101595774719,7.85699987411499,5930100,0.0,0.0
2025-11-17 00:00:00,7.856999052696742,7.954877558447323,7.821406791643218,7.919285297393799,6550800,0.0,0.0
2025-11-18 00:00:00,7.9014908357860465,7.9014908357860465,7.759121769146283,7.768019199371338,8509200,0.0,0.0
2025-11-19 00:00:00,7.7591206631980265,7.7947129247848155,7.429892031373617,7.518872261047363,9108500,0.0,0.0
2025-11-20 00:00:00,7.616751955578594,7.687936481917848,7.269726753234863,7.269726753234863,10085900,0.0,0.0
2025-11-21 00:00:00,7.296420108433948,7.527770223353142,7.243032142582699,7.492177963256836,7740800,0.0,0.0
2025-11-24 00:00:00,7.47438157108077,7.492178125808248,7.314216821465647,7.465484142303467,11463200,0.0,0.0
2025-11-25 00:00:00,7.52776980346294,7.759119905477695,7.492177545351929,7.670138835906982,7693600,0.0,0.0
2025-11-26 00:00:00,7.670139113719165,7.830304705313091,7.661240836722524,7.714629650115967,7119100,0.0,0.0
2025-11-28 00:00:00,7.759121542265422,7.848101782020158,7.705732719543342,7.821407794952393,3471200,0.0,0.0
2025-12-01 00:00:00,7.759119868205515,7.865896642025628,7.6879353523254395,7.6879353523254395,6842000,0.0,0.0
2025-12-02 00:00:00,7.696834811336236,7.830306450270344,7.634548555652273,7.750223636627197,6888500,0.0,0.0
2025-12-03 00:00:00,7.776916591576311,8.097247803583024,7.750222606771245,8.052757263183594,7703000,0.0,0.0
2025-12-04 00:00:00,8.034960299717035,8.04385857706252,7.883692979189521,7.945980072021484,6925200,0.0,0.0
2025-12-05 00:00:00,7.937082687415071,8.097248303303015,7.928184409068734,8.043859481811523,6147000,0.0,0.0
2025-12-08 00:00:00,8.043859481811523,8.14173799786164,7.954878395521215,8.043859481811523,5157900,0.0,0.0
2025-12-09 00:00:00,8.043858622123672,8.159533682503682,7.972674100133886,8.123941421508789,7855700,0.0,0.0
2025-12-10 00:00:00,8.141737085800031,8.45317000434194,8.123941379687416,8.417577743530273,14098300,0.0,0.0
2025-12-11 00:00:00,8.417578455299811,8.595539774406111,8.40868017719787,8.55104923248291,6915400,0.0,0.0
2025-12-12 00:00:00,8.675620819108017,8.809091569198221,8.559945773022884,8.729009628295898,15319200,0.0,0.0
2025-12-15 00:00:00,8.755705534544946,8.78239952071746,8.497661405313242,8.53325366973877,11577400,0.0,0.0
2025-12-16 00:00:00,8.559947510584852,8.648928594431254,8.515456968661649,8.55104923248291,7837900,0.0,0.0
2025-12-17 00:00:00,8.559947326500252,8.702316378723598,8.533253341354998,8.586641311645508,9268500,0.0,0.0
2025-12-18 00:00:00,8.613336330609995,8.640030316329312,8.497661261044273,8.55104923248291,7607500,0.0,0.0
2025-12-19 00:00:00,8.551048105748409,8.631130900940708,8.470966159142504,8.506558418273926,15318000,0.0,0.0
2025-12-22 00:00:00,8.483752817063916,8.538486217899555,8.419896022793374,8.501996994018555,7103500,0.235,0.0
2025-12-23 00:00:00,8.465507873695604,8.51111962159775,8.419896125793457,8.419896125793457,4426300,0.0,0.0
2025-12-24 00:00:00,8.410774390471792,8.529364585876465,8.40165186698565,8.529364585876465,2515500,0.0,0.0
2025-12-26 00:00:00,8.529364138637265,8.602342582756311,8.492874916577742,8.57497501373291,4193500,0.0,0.0
2025-12-29 00:00:00,8.565853788289097,8.593220488706915,8.456386116646096,8.501996994018555,4615000,0.0,0.0
2025-12-30 00:00:00,8.511119906012809,8.565854179318778,8.474630680466081,8.483753204345703,4198700,0.0,0.0
2025-12-31 00:00:00,8.447264301686637,8.547609458282782,8.438141777458316,8.492876052856445,4959000,0.0,0.0
2026-01-02 00:00:00,8.5293646687473,8.565853893074673,8.392529425040863,8.419896125793457,6372400,0.0,0.0
2026-01-05 00:00:00,8.4107749042135,8.702688713826745,8.346918105881771,8.602343559265137,8146800,0.0,0.0
2026-01-06 00:00:00,8.611465428478777,8.848645839700955,8.574976201365503,8.839523315429688,7809900,0.0,0.0
2026-01-07 00:00:00,8.84864507208839,8.857767595568285,8.602343027933237,8.75742244720459,6953800,0.0,0.0
2026-01-08 00:00:00,8.757422283812094,8.97635762341447,8.748299760502402,8.866889953613281,8574100,0.0,0.0
2026-01-09 00:00:00,8.894257591085497,8.93074681819877,8.76654486120314,8.839523315429688,6616700,0.0,0.0
2026-01-12 00:00:00,8.876011878093113,8.903379448858205,8.638832354597767,8.675321578979492,7499000,0.0,0.0
2026-01-13 00:00:00,8.666200091863718,8.67532261654313,8.383407916604767,8.39253044128418,7819500,0.0,0.0
2026-01-14 00:00:00,8.401651426443097,8.59322005974851,8.346917158367974,8.57497501373291,7111300,0.0,0.0
2026-01-15 00:00:00,8.565853905834317,8.684444102567856,8.410774484719052,8.675321578979492,9422100,0.0,0.0
2026-01-16 00:00:00,8.629710171317292,8.675321921086056,8.429018994317792,8.45638656616211,6877400,0.0,0.0
2026-01-20 00:00:00,8.374286394239462,8.474631557383292,8.310429590446251,8.337797164916992,6102700,0.0,0.0
2026-01-21 00:00:00,8.365163066624582,8.565854243624083,8.365163066624582,8.45638656616211,5858000,0.0,0.0
2026-01-22 00:00:00,8.474631133426849,8.666199795279262,8.474631133426849,8.584098815917969,8583100,0.0,0.0
2026-01-23 00:00:00,8.584098384307616,8.75742285868262,8.547609158645262,8.657076835632324,7955600,0.0,0.0
2026-01-26 00:00:00,8.657076207222417,8.693565430236049,8.547608538181521,8.66619873046875,6409800,0.0,0.0
2026-01-27 00:00:00,8.593221079704756,8.62058778200472,8.492875924623709,8.547609329223633,5632100,0.0,0.0
2026-01-28 00:00:00,8.593220182527475,8.666198627689228,8.483752514784847,8.520241737365723,6371200,0.0,0.0
2026-01-29 00:00:00,8.62058778200472,8.74830050935751,8.51112010283309,8.547609329223633,8273200,0.0,0.0
2026-01-30 00:00:00,8.50199757874251,8.602343603795337,8.392529899570881,8.547609329223633,10987500,0.0,0.0
2026-02-02 00:00:00,8.55673170239005,8.7118111293075,8.511119952713429,8.684444427490234,6869500,0.0,0.0
2026-02-03 00:00:00,8.620586758800233,8.684443549883156,8.44726317151042,8.57497501373291,9315800,0.0,0.0
2026-02-04 00:00:00,8.611464616351917,9.021969470127253,8.593220439501744,9.012846946716309,11362800,0.0,0.0
2026-02-05 00:00:00,8.985480960397872,9.167927093254463,8.866890756548141,9.14968204498291,14385600,0.0,0.0
2026-02-06 00:00:00,9.131437845031591,9.395984954539326,9.122315320917446,9.377739906311035,11638500,0.0,0.0
2026-02-09 00:00:00,9.341251080769437,9.441597110388502,9.040214731855885,9.104070663452148,10943800,0.0,0.0
2026-02-10 00:00:00,9.12231585713298,9.250028592322701,9.067581579202574,9.222661018371582,6963500,0.0,0.0
2026-02-11 00:00:00,9.231782867834509,9.295638795773206,9.012847512068895,9.031091690063477,7105500,0.0,0.0
2026-02-12 00:00:00,9.104069366483648,9.21353790501349,8.92162325222007,8.948990821838379,8928400,0.0,0.0
2026-02-13 00:00:00,8.912501866475942,8.98548031437167,8.693565652817037,8.75742244720459,8657300,0.0,0.0
2026-02-17 00:00:00,8.793911486303228,8.848644886088659,8.52024187746096,8.611464500427246,8992700,0.0,0.0
2026-02-18 00:00:00,8.684444496592985,8.86689062677944,8.647954400583922,8.803033828735352,8661700,0.0,0.0
2026-02-19 00:00:00,8.757422263122372,8.903379155845794,8.538486054065535,8.611464500427246,18048100,0.0,0.0
2026-02-20 00:00:00,8.483753268034661,8.711811146906712,8.073249260059322,8.45638656616211,20278000,0.0,0.0
2026-02-23 00:00:00,8.43814156213095,8.474630788141294,8.173594456063013,8.401652336120605,12520300,0.0,0.0
2026-02-24 00:00:00,8.474630554448595,8.930746301986133,8.465508030704624,8.53848648071289,11990300,0.0,0.0
2026-02-25 00:00:00,8.6114648159154,8.921623659301451,8.556731414124766,8.848645210266113,10576200,0.0,0.0
2026-02-26 00:00:00,8.848645753541001,8.90338002866386,8.593221166235175,8.69356632232666,11058400,0.0,0.0
2026-02-27 00:00:00,8.59322137640487,8.7847900390625,8.5476096243489,8.7847900390625,10241600,0.0,0.0
2026-03-02 00:00:00,8.611464421993034,8.876011505137638,8.53848597629602,8.720932960510254,7562800,0.0,0.0
2026-03-03 00:00:00,8.620588125487684,8.848646017008372,8.574976373189182,8.730055809020996,5053200,0.0,0.0
2026-03-04 00:00:00,8.784789452869806,8.885134604719648,8.739177703857422,8.739177703857422,6062300,0.0,0.0
2026-03-05 00:00:00,8.784789284853128,8.866890257510816,8.638832386782454,8.848645210266113,7360600,0.0,0.0
2026-03-06 00:00:00,8.748300318474508,8.903379744743514,8.684444391177303,8.88513469696045,5128700,0.0,0.0
2026-03-09 00:00:00,8.757422905165706,8.90337980858984,8.666199405539738,8.857768058776855,8155100,0.0,0.0
2026-03-10 00:00:00,8.876012802124023,8.912502900276255,8.611465680323096,8.876012802124023,10174900,0.0,0.0
2026-03-11 00:00:00,8.912501214578723,9.01284635560276,8.821277726395666,8.96723461151123,8686700,0.0,0.0
2026-03-12 00:00:00,8.96723630756096,9.058459812997896,8.848646098481671,8.876012802124023,9067300,0.0,0.0
2026-03-13 00:00:00,9.031091887330879,9.067581114088854,8.69356632232666,8.69356632232666,7482700,0.0,0.0
2026-03-16 00:00:00,8.748300334774092,8.766544512619387,8.556731682553792,8.657076835632324,6984200,0.0,0.0
2026-03-17 00:00:00,8.717877353073533,8.802063009480245,8.633691696666821,8.652400016784668,6466000,0.235,0.0
2026-03-18 00:00:00,8.605630722248707,8.680462223932985,8.409197807312012,8.409197807312012,9081400,0.0,0.0
2026-03-19 00:00:00,8.325011517355101,8.596275913527926,8.306304089375146,8.586922645568848,7008300,0.0,0.0
2026-03-20 00:00:00,8.577568506480626,8.614984254593642,8.399843033897449,8.437259674072266,22783500,0.0,0.0
2026-03-23 00:00:00,8.549507265271783,8.783355923481016,8.474675766009776,8.59627628326416,9259400,0.0,0.0
2026-03-24 00:00:00,8.512091667863796,8.643046347883274,8.484029186092322,8.577569007873535,6579400,0.0,0.0
2026-03-25 00:00:00,8.643046316197099,8.736586137635388,8.437260136331822,8.512091636657715,5461000,0.0,0.0
2026-03-26 00:00:00,8.465322034979126,8.568215128668045,8.353074780392518,8.390490531921387,8349400,0.0,0.0
2026-03-27 00:00:00,8.362427551003812,8.362427551003812,8.109871466246435,8.165994644165039,7794800,0.0,0.0
2026-03-30 00:00:00,8.203411718035339,8.306304811018835,8.119226054657078,8.175349235534668,5270100,0.0,0.0
2026-03-31 00:00:00,8.259534463445151,8.315658533425584,8.109871466246435,8.165994644165039,6612900,0.0,0.0
2026-04-01 00:00:00,8.212764305507793,8.222118465565364,7.885376732048999,7.913438320159912,10237800,0.0,0.0
2026-04-02 00:00:00,7.866668797718235,8.156641529290718,7.857314637201932,8.147287368774414,7109400,0.0,0.0
2026-04-06 00:00:00,8.13793323969443,8.27824297179545,8.119225810651404,8.212764739990234,4672700,0.0,0.0
2026-04-07 00:00:00,8.222119238550837,8.399843836044099,8.222119238550837,8.240827560424805,6987200,0.0,0.0
2026-04-08 00:00:00,8.390490160988838,8.502737410613143,8.287596179786844,8.296950340270996,5407100,0.0,0.0
2026-04-09 00:00:00,8.268888450937084,8.446613033380043,8.231472702419524,8.418551445007324,5710500,0.0,0.0
2026-04-10 00:00:00,8.446613777933997,8.474676260842184,8.278243340794328,8.306304931640625,7979200,0.0,0.0
2026-04-13 00:00:00,8.268888904182129,8.502737568250348,8.259534743524554,8.493383407592773,5750700,0.0,0.0
2026-04-14 00:00:00,8.530798668084921,8.643045913341878,8.474675491487346,8.568214416503906,8122200,0.0,0.0
2026-04-15 00:00:00,8.568214416503906,8.745939890540443,8.558860256383708,8.568214416503906,7401000,0.0,0.0
2026-04-16 00:00:00,8.568214545146356,8.745940021851247,8.48402888692423,8.699170112609863,5812100,0.0,0.0
2026-04-17 00:00:00,8.717877366569798,8.904956999790691,8.717877366569798,8.86754035949707,5798500,0.0,0.0
2026-04-20 00:00:00,8.82077116281205,8.933018405211325,8.82077116281205,8.904956817626953,8350900,0.0,0.0
2026-04-21 00:00:00,8.923664093017578,9.017203906117969,8.86754002674499,8.923664093017578,7462900,0.0,0.0
2026-04-22 00:00:00,8.979788404213698,8.979788404213698,8.699169849320434,8.886248588562012,6593800,0.0,0.0
2026-04-23 00:00:00,8.858187551005729,8.933019051351264,8.67110880014189,8.727231979370117,11476700,0.0,0.0
2026-04-24 00:00:00,7.8198991208617885,8.48402937231255,7.436387448852254,8.32501220703125,49736800,0.0,0.0
2026-04-27 00:00:00,8.296950173747076,8.858187302666135,8.296950173747076,8.764647483825684,10861000,0.0,0.0
2026-04-28 00:00:00,8.81141760376134,8.979788924872018,8.35307444302877,8.362427711486816,12580300,0.0,0.0
2026-04-29 00:00:00,8.371781627264909,8.577568692377302,8.362427467018476,8.399843215942383,7972000,0.0,0.0
2026-04-30 00:00:00,8.390489800486549,8.59627596992513,8.325011571972633,8.502737045288086,7604700,0.0,0.0
2026-05-01 00:00:00,8.577568763096714,8.69917017111743,8.530798853540773,8.614984512329102,5362100,0.0,0.0
2026-05-04 00:00:00,8.680461569592216,8.858187041741674,8.530798577505388,8.586922645568848,8450000,0.0,0.0
2026-05-05 00:00:00,8.60563041102634,8.689816070392046,8.502737322947048,8.53079891204834,5906600,0.0,0.0
2026-05-06 00:00:00,8.57756913213257,8.58692329285857,8.353074627079737,8.409197807312012,7464700,0.0,0.0
2026-05-07 00:00:00,8.46532154083252,8.568214628515257,8.418551631136063,8.46532154083252,5351000,0.0,0.0
2026-05-08 00:00:00,8.51209129677121,8.558860313561025,8.362427410033634,8.484028816223145,5216500,0.0,0.0
2026-05-11 00:00:00,8.48402946471262,8.558860967770359,8.37178221012601,8.390490531921387,7847500,0.0,0.0
2026-05-12 00:00:00,8.39984324058041,8.418551561128147,8.240826976233755,8.2501802444458,8359900,0.0,0.0
2026-05-13 00:00:00,8.16599449146044,8.203411132122255,7.8479610743913275,7.894730091094971,11476700,0.0,0.0
2026-05-14 00:00:00,7.969562363480512,8.044393859583089,7.773129463195801,7.773129463195801,7870900,0.0,0.0
2026-05-15 00:00:00,7.857314027739762,7.941499681732837,7.7357135187072945,7.8011908531188965,6894000,0.0,0.0
2026-05-18 00:00:00,7.82925266376537,7.997623976554454,7.688943831149001,7.913438320159912,7160700,0.0,0.0
2026-05-19 00:00:00,7.876022393068487,8.044393702032608,7.782482578741357,7.791836738586426,4395600,0.0,0.0
2026-05-20 00:00:00,7.8386065754491145,8.035039470124946,7.698296855216793,8.02568531036377,8769200,0.0,0.0
2026-05-21 00:00:00,7.988269571637081,8.05374690590944,7.847960743321518,7.9508538246154785,6474100,0.0,0.0
2026-05-22 00:00:00,7.9134383768770675,8.044393942436251,7.82925271987915,7.82925271987915,6442100,0.0,0.0
2026-05-26 00:00:00,7.829252494922912,7.829252494922912,7.64217375811495,7.717005252838135,8603900,0.0,0.0
2026-05-27 00:00:00,7.754421009306443,7.866668251523042,7.557988112411949,7.642173767089844,8988500,0.0,0.0
2026-05-28 00:00:00,7.604758354125748,7.660881531671335,7.529926856023748,7.586050033569336,6844400,0.0,0.0
2026-05-29 00:00:00,7.59540410246861,7.651528171400803,7.557988353867752,7.604758262634277,8576400,0.0,0.0
2026-06-01 00:00:00,7.6047581101305335,7.735713673638295,7.557988202301919,7.623465538024902,5390300,0.0,0.0
2026-06-02 00:00:00,7.567342506015079,7.5860499342647785,7.417679065739325,7.455094814300537,9151900,0.0,0.0
2026-06-03 00:00:00,7.455094779747912,7.464448939860314,7.305431786196717,7.389617443084717,9713700,0.0,0.0
2026-06-04 00:00:00,7.483157010786416,7.50186533150306,7.193184730142152,7.211892604827881,11677900,0.0,0.0
2026-06-05 00:00:00,7.221246280299111,7.2680161897772315,6.903212412352992,6.99675178527832,10991700,0.0,0.0
2026-06-08 00:00:00,6.987397402158693,6.987397402158693,6.781610788285018,6.884504318237305,12400900,0.0,0.0
2026-06-09 00:00:00,6.893858067202747,7.052875219927601,6.828380730926091,6.949981689453125,8955300,0.0,0.0
2026-06-10 00:00:00,6.931273826041624,6.949981700153887,6.828380741439626,6.875150203704834,9789800,0.0,0.0
2026-06-11 00:00:00,6.875150402747092,6.9032124377433615,6.772256869135326,6.847088813781738,7202900,0.0,0.0
2026-06-12 00:00:00,6.884504600147378,7.108999097202278,6.8751504397546315,7.062229633331299,8127200,0.0,0.0
2026-06-15 00:00:00,7.099645240907418,7.249308235952021,6.9967517087988,7.006105422973633,10068600,0.0,0.0
2026-06-16 00:00:00,7.039904897204503,7.088189751725414,6.962649498353844,7.010934352874756,8674000,0.235,0.0
2026-06-17 00:00:00,6.9819632693711515,7.126817370822701,6.904707871391257,6.9240217208862305,6805500,0.0,0.0
2026-06-18 00:00:00,6.904708196090675,7.020591298510012,6.856423339843359,6.875737190246582,14290000,0.0,0.0
2026-06-22 00:00:00,6.875737016496282,6.972306266072086,6.808138772032472,6.846766471862793,9726800,0.0,0.0
2026-06-23 00:00:00,6.8177955802108245,6.856423280683978,6.672941473197241,6.788825035095215,9869900,0.0,0.0
2026-06-24 00:00:00,6.808138721196994,7.0399049184483555,6.808138721196994,6.991620063781738,7549400,0.0,0.0
2026-06-25 00:00:00,7.0012771977791735,7.078532596629832,6.952992343258262,7.010934352874756,5907500,0.0,0.0
2026-06-26 00:00:00,6.972306147431194,7.310299205912968,6.972306147431194,7.281328201293945,8107900,0.0,0.0
2026-06-29 00:00:00,7.281328278976653,7.426182382660183,7.262014429184082,7.368240833282471,7784300,0.0,0.0
2026-06-30 00:00:00,7.387554781293853,7.445496331441908,7.271671680997743,7.4358391761779785,7445900,0.0,0.0
2026-07-01 00:00:00,7.4648101452013345,7.657948644755914,7.445496295245876,7.580693244934082,7204000,0.0,0.0
2026-07-02 00:00:00,7.609664438595944,7.74486185211146,7.600007283139757,7.735204696655273,6208100,0.0,0.0
2026-07-06 00:00:00,7.72554735139367,7.735204506612595,7.532408851800231,7.706233501434326,6047500,0.0,0.0
2026-07-07 00:00:00,7.7738320140981205,7.860744567002991,7.657948456732129,7.677262306213379,9840200,0.0,0.0
2026-07-08 00:00:00,7.59035039857243,7.59035039857243,7.3875547438430464,7.455152988433838,6108400,0.0,0.0
2026-07-09 00:00:00,7.387554575465516,7.59035022557277,7.348926876443038,7.551722526550293,6355400,0.0,0.0
2026-07-10 00:00:00,7.551722489389952,7.64829173647095,7.522751485026406,7.571036338806152,3650200,0.0,0.0
2026-07-13 00:00:00,7.619320907049593,7.696576306488202,7.5903503624993665,7.600007057189941,4470600,0.0,0.0
2026-07-14 00:00:00,7.551722888841588,7.638634985572493,7.493781337528145,7.609664440155029,4503800,0.0,0.0
2026-07-15 00:00:00,7.600006985699868,7.812459792636091,7.542065436665943,7.764174938201904,7800800,0.0,0.0
2026-07-16 00:00:00,7.7931458779495015,8.13113895518356,7.7931458779495015,8.05388355255127,7771400,0.0,0.0
2026-07-17 00:00:00,7.957313334301422,8.642955679912163,7.8897150915230485,8.575357437133789,23224400,0.0,0.0
2026-07-20 00:00:00,8.343591159884452,8.440159945601238,8.16976605625447,8.36290454864502,10580700,0.0,0.0
2026-07-21 00:00:00,8.401532371512694,8.517415468662739,8.015255381012544,8.179423332214355,9723900,0.0,0.0
2026-07-22 00:00:00,8.266335885316137,8.343591283416167,8.102167934114325,8.179423332214355,7109600,0.0,0.0
2026-07-23 00:00:00,8.160109325387054,8.17942363610815,7.918685967115501,8.02491283416748,6909900,0.0,0.0
2026-07-24 00:00:00,8.034568991992957,8.034568991992957,7.73520454632543,7.938000202178955,7372800,0.0,0.0
2026-07-27 00:00:00,7.947656283282207,8.06354030235632,7.851087495329777,7.889715194702148,6611900,0.0,0.0
2026-07-28 00:00:00,7.966970671513702,8.102168081120276,7.909028661408883,7.976627826690674,8112000,0.0,0.0
2026-07-29 00:00:00,7.938000201284075,8.082853846467257,7.764175090298646,7.812459945678711,7122300,0.0,0.0
2026-07-30 00:00:00,7.880057963532169,7.880057963532169,7.319955867562469,7.426182270050049,21414900,0.0,0.0
2026-07-31 00:00:00,6.846766647924018,6.962649750394859,6.054897860082904,6.141810417175293,55657200,0.0,0.0
2026-08-03 00:00:00,6.18043800476913,6.4411752107909,6.161124154711166,6.325292110443115,20254800,0.0,0.0
2026-08-04 00:00:00,6.383233670012199,7.107503738969637,6.354262664643358,7.059218883514404,33744300,0.0,0.0
2026-08-05 00:00:00,7.0205910474918385,7.155787995480491,6.952992343258262,7.010934352874756,11307200,0.0,0.0
2026-08-06 00:00:00,6.96264967047283,6.981963520662939,6.8177955638077545,6.914364814758301,8536200,0.0,0.0
2026-08-07 00:00:00,6.962649339403312,6.962649339403312,6.7888246959575795,6.837109088897705,7276500,0.0,0.0
2026-08-10 00:00:00,6.769511184858638,6.798481729974247,6.653627622960665,6.788825035095215,8076500,0.0,0.0
2026-08-11 00:00:00,6.750196836486074,6.885394247866396,6.750196836486074,6.808138847351074,6144100,0.0,0.0
2026-08-12 00:00:00,6.759854050427868,6.92402200818625,6.682598649242397,6.895051002502441,8675000,0.0,0.0
2026-08-13 00:00:00,6.866080512094618,7.26201467656932,6.866080512094618,7.233043670654297,13393400,0.0,0.0
2026-08-14 00:00:00,7.2040727242324065,7.2523575779103595,7.049561929228545,7.19441556930542,7938500,0.0,0.0
2026-08-17 00:00:00,7.146131438421541,7.155788133224509,6.827452681788977,6.93367862701416,8694300,0.0,0.0
2026-08-18 00:00:00,6.981963194686326,7.155787838281717,6.952992190514515,6.962649345397949,7615900,0.0,0.0
2026-08-19 00:00:00,6.962649594498955,7.088189849604071,6.933678589290656,6.9529924392700195,7568400,0.0,0.0
2026-08-20 00:00:00,6.924021970117472,7.078532771638902,6.914364814783128,7.039905071258545,6342600,0.0,0.0
2026-08-21 00:00:00,7.059218671900938,7.146131224923585,7.001277123378672,7.049561977386475,7132600,0.0,0.0
2026-08-24 00:00:00,7.068875789642334,7.233043279351044,7.049561940236692,7.068875789642334,9630200,0.0,0.0
2026-08-25 00:00:00,7.039904748397907,7.1751016935288225,6.981963200484658,7.088189601898193,5365600,0.0,0.0
2026-08-26 00:00:00,7.06887590201275,7.088189751725414,6.981963348066509,7.010934352874756,4134100,0.0,0.0
2026-08-27 00:00:00,7.001277043974703,7.030248048146513,6.9240216468211955,6.962649345397949,6376300,0.0,0.0
2026-08-28 00:00:00,6.972306214010791,7.049562073573079,6.952992364239845,6.991620063781738,6769200,0.0,0.0
2026-08-31 00:00:00,6.991620215518738,6.991620215518738,6.827452719142064,6.914364814758301,12438700,0.0,0.0
2026-09-01 00:00:00,6.856422975395064,7.0012770759588765,6.74053987913541,6.817795276641846,10775600,0.0,0.0
2026-09-02 00:00:00,6.837109172326337,7.107503525908741,6.817795322818915,7.049561977386475,7942200,0.0,0.0
2026-09-03 00:00:00,7.1364743995431255,7.165445405381591,6.943335895548413,7.001277446746826,5810600,0.0,0.0
2026-09-04 00:00:00,6.952992477098603,6.991620177267489,6.895050926845274,6.93367862701416,6150000,0.0,0.0
2026-09-08 00:00:00,6.962649491908775,6.962649491908775,6.759853839874268,6.759853839874268,6615400,0.0,0.0
2026-09-09 00:00:00,6.769511108410573,6.798481653199017,6.595685997765875,6.7019124031066895,8373500,0.0,0.0
2026-09-10 00:00:00,6.682598400234168,6.759853798540934,6.643970701080786,6.653627395629883,5280400,0.0,0.0
2026-09-11 00:00:00,6.663284476338934,6.740539873784035,6.634313472057775,6.692255020141602,4627400,0.0,0.0
2026-09-14 00:00:00,6.788825035095215,6.866080436041523,6.77916787973767,6.788825035095215,5172100,0.0,0.0
2026-09-15 00:00:00,6.788824879748273,6.788824879748273,6.614999771118164,6.614999771118164,10754400,0.0,0.0
2026-09-16 00:00:00,6.650000095367432,6.650000095367432,6.489999771118164,6.539999961853027,9632100,0.235,0.0
2026-09-17 00:00:00,6.619999885559082,6.619999885559082,6.460000038146973,6.53000020980835,8324100,0.0,0.0
2026-09-18 00:00:00,6.5,6.5,6.170000076293945,6.179999828338623,26702200,0.0,0.0
2026-09-21 00:00:00,6.230000019073486,6.369999885559082,6.139999866485596,6.199999809265137,11690100,0.0,0.0
2026-09-22 00:00:00,6.289999961853027,6.360000133514404,6.199999809265137,6.21999979019165,8310900,0.0,0.0
2026-09-23 00:00:00,6.190000057220459,6.239999771118164,6.090000152587891,6.090000152587891,8122400,0.0,0.0
2026-09-24 00:00:00,6.110000133514404,6.130000114440918,5.940000057220459,6.03000020980835,13016100,0.0,0.0
2026-09-25 00:00:00,6.03000020980835,6.28000020980835,6.03000020980835,6.179999828338623,8239400,0.0,0.0
2026-09-28 00:00:00,6.139999866485596,6.159999847412109,6.0,6.119999885559082,8210500,0.0,0.0
2026-09-29 00:00:00,6.059999942779541,6.099999904632568,5.929999828338623,5.96999979019165,7869100,0.0,0.0
